time,t9,rho,R15_14,Y_h1,X_h1,Y_he4,X_he4,Y_c12,X_c12,Y_c13,X_c13,Y_n13,X_n13,Y_n14,X_n14,Y_n15,X_n15,Y_o14,X_o14,Y_o15,X_o15,Y_o16,X_o16,Y_o17,X_o17,Y_o18,X_o18,Y_f17,X_f17,Y_f18,X_f18,Y_ne20,X_ne20
0.00000000e+00,2.00000000e-01,1.50000000e+04,3.67647059e-03,7.12941125e-01,7.12941125e-01,6.91377283e-02,2.76550913e-01,1.89972106e-04,2.27966527e-03,2.13235956e-06,2.77206743e-05,0.00000000e+00,0.00000000e+00,5.71014320e-05,7.99420047e-04,2.09931735e-07,3.14897603e-06,0.00000000e+00,0.00000000e+00,0.00000000e+00,0.00000000e+00,3.62073936e-04,5.79318297e-03,1.37916336e-07,2.34457772e-06,7.25875455e-07,1.30657582e-05,0.00000000e+00,0.00000000e+00,0.00000000e+00,0.00000000e+00,7.17611355e-05,1.43522271e-03
1.00000000e-09,1.99999999e-01,1.49999997e+04,3.68357509e-03,7.12941124e-01,7.12941124e-01,6.91377292e-02,2.76550917e-01,1.89972303e-04,2.27966764e-03,2.13235888e-06,2.77206655e-05,1.96074477e-11,2.54896820e-10,5.71014280e-05,7.99419992e-04,2.10332658e-07,3.15498987e-06,2.36770744e-19,3.31479042e-18,4.73939530e-12,7.10909296e-11,3.62073935e-04,5.79318296e-03,1.37916229e-07,2.34457589e-06,7.25253819e-07,1.30545687e-05,4.70726976e-13,8.00235859e-12,2.15128374e-16,3.87231074e-15,7.17611355e-05,1.43522271e-03
1.06553795e-09,1.99999999e-01,1.49999997e+04,3.68404013e-03,7.12941124e-01,7.12941124e-01,6.91377292e-02,2.76550917e-01,1.89972316e-04,2.27966779e-03,2.13235884e-06,2.77206649e-05,2.08924803e-11,2.71602243e-10,5.71014277e-05,7.99419988e-04,2.10358901e-07,3.15538352e-06,2.68822671e-19,3.76351739e-18,5.05000553e-12,7.57500829e-11,3.62073935e-04,5.79318296e-03,1.37916222e-07,2.34457577e-06,7.25213097e-07,1.30538357e-05,5.01577456e-13,8.52681675e-12,2.29227432e-16,4.12609377e-15,7.17611355e-05,1.43522271e-03
1.13537112e-09,1.99999998e-01,1.49999997e+04,3.68453556e-03,7.12941124e-01,7.12941124e-01,6.91377293e-02,2.76550917e-01,1.89972330e-04,2.27966796e-03,2.13235879e-06,2.77206643e-05,2.22617313e-11,2.89402507e-10,5.71014275e-05,7.99419985e-04,2.10386859e-07,3.15580289e-06,3.05213504e-19,4.27298905e-18,5.38097251e-12,8.07145876e-11,3.62073935e-04,5.79318296e-03,1.37916214e-07,2.34457564e-06,7.25169709e-07,1.30530548e-05,5.34449813e-13,9.08564682e-12,2.44250510e-16,4.39650918e-15,7.17611355e-05,1.43522271e-03
1.20978102e-09,1.99999998e-01,1.49999996e+04,3.68506338e-03,7.12941123e-01,7.12941123e-01,6.91377294e-02,2.76550917e-01,1.89972345e-04,2.27966814e-03,2.13235874e-06,2.77206636e-05,2.37207204e-11,3.08369365e-10,5.71014272e-05,7.99419981e-04,2.10416645e-07,3.15624967e-06,3.46530605e-19,4.85142848e-18,5.73363038e-12,8.60044557e-11,3.62073935e-04,5.79318296e-03,1.37916206e-07,2.34457550e-06,7.25123480e-07,1.30522226e-05,5.69476557e-13,9.68110146e-12,2.60258168e-16,4.68464703e-15,7.17611355e-05,1.43522271e-03
1.28906759e-09,1.99999998e-01,1.49999996e+04,3.68562569e-03,7.12941123e-01,7.12941123e-01,6.91377294e-02,2.76550918e-01,1.89972360e-04,2.27966832e-03,2.13235869e-06,2.77206629e-05,2.52753288e-11,3.28579274e-10,5.71014269e-05,7.99419976e-04,2.10448376e-07,3.15672565e-06,3.93440851e-19,5.50817192e-18,6.10940072e-12,9.16410108e-11,3.62073935e-04,5.79318296e-03,1.37916198e-07,2.34457536e-06,7.25074224e-07,1.30513360e-05,6.06798881e-13,1.03155810e-11,2.77314933e-16,4.99166879e-15,7.17611355e-05,1.43522271e-03
1.37355044e-09,1.99999998e-01,1.49999996e+04,3.68622474e-03,7.12941123e-01,7.12941123e-01,6.91377295e-02,2.76550918e-01,1.89972377e-04,2.27966853e-03,2.13235863e-06,2.77206622e-05,2.69318231e-11,3.50113700e-10,5.71014265e-05,7.99419971e-04,2.10482181e-07,3.15723272e-06,4.46701391e-19,6.25381948e-18,6.50979828e-12,9.76469741e-11,3.62073935e-04,5.79318296e-03,1.37916189e-07,2.34457520e-06,7.25021744e-07,1.30503914e-05,6.46567234e-13,1.09916430e-11,2.95489559e-16,5.31881207e-15,7.17611355e-05,1.43522271e-03
1.46357012e-09,1.99999998e-01,1.49999996e+04,3.68686292e-03,7.12941123e-01,7.12941123e-01,6.91377296e-02,2.76550918e-01,1.89972395e-04,2.27966874e-03,2.13235857e-06,2.77206614e-05,2.86968808e-11,3.73059450e-10,5.71014262e-05,7.99419966e-04,2.10518194e-07,3.15777291e-06,5.07171873e-19,7.10040622e-18,6.93643706e-12,1.04046556e-10,3.62073935e-04,5.79318296e-03,1.37916179e-07,2.34457504e-06,7.24965828e-07,1.30493849e-05,6.88941923e-13,1.17120127e-11,3.14855310e-16,5.66739559e-15,7.17611355e-05,1.43522271e-03
1.55948950e-09,1.99999998e-01,1.49999995e+04,3.68754277e-03,7.12941123e-01,7.12941123e-01,6.91377297e-02,2.76550919e-01,1.89972414e-04,2.27966897e-03,2.13235850e-06,2.77206605e-05,3.05776169e-11,3.97509020e-10,5.71014258e-05,7.99419961e-04,2.10556559e-07,3.15834839e-06,5.75828314e-19,8.06159639e-18,7.39103686e-12,1.10865553e-10,3.62073935e-04,5.79318296e-03,1.37916168e-07,2.34457486e-06,7.24906253e-07,1.30483126e-05,7.34093762e-13,1.24795940e-11,3.35490249e-16,6.03882448e-15,7.17611355e-05,1.43522271e-03
1.66169525e-09,1.99999998e-01,1.49999995e+04,3.68826702e-03,7.12941123e-01,7.12941123e-01,6.91377297e-02,2.76550919e-01,1.89972434e-04,2.27966921e-03,2.13235843e-06,2.77206596e-05,3.25816128e-11,4.23560967e-10,5.71014254e-05,7.99419956e-04,2.10597429e-07,3.15896143e-06,6.53778857e-19,9.15290400e-18,7.87543020e-12,1.18131453e-10,3.62073935e-04,5.79318296e-03,1.37916157e-07,2.34457468e-06,7.24842779e-07,1.30471700e-05,7.82204759e-13,1.32974809e-11,3.57477555e-16,6.43459599e-15,7.17611355e-05,1.43522271e-03
1.77059935e-09,1.99999998e-01,1.49999995e+04,3.68903854e-03,7.12941123e-01,7.12941123e-01,6.91377298e-02,2.76550919e-01,1.89972456e-04,2.27966947e-03,2.13235836e-06,2.77206586e-05,3.47169468e-11,4.51320308e-10,5.71014250e-05,7.99419949e-04,2.10640966e-07,3.15961449e-06,7.42281657e-19,1.03919432e-17,8.39156967e-12,1.25873545e-10,3.62073935e-04,5.79318296e-03,1.37916146e-07,2.34457448e-06,7.24775150e-07,1.30459527e-05,8.33468852e-13,1.41689705e-11,3.80905859e-16,6.85630545e-15,7.17611355e-05,1.43522271e-03
1.88664080e-09,1.99999997e-01,1.49999994e+04,3.68986041e-03,7.12941123e-01,7.12941123e-01,6.91377299e-02,2.76550920e-01,1.89972479e-04,2.27966974e-03,2.13235828e-06,2.77206576e-05,3.69922263e-11,4.80898942e-10,5.71014245e-05,7.99419943e-04,2.10687344e-07,3.16031016e-06,8.42765185e-19,1.17987126e-17,8.94153586e-12,1.34123038e-10,3.62073935e-04,5.79318296e-03,1.37916133e-07,2.34457427e-06,7.24703097e-07,1.30446557e-05,8.88092689e-13,1.50975757e-11,4.05869599e-16,7.30565279e-15,7.17611355e-05,1.43522271e-03
2.01028738e-09,1.99999997e-01,1.49999994e+04,3.69073590e-03,7.12941123e-01,7.12941123e-01,6.91377300e-02,2.76550920e-01,1.89972503e-04,2.27967004e-03,2.13235819e-06,2.77206565e-05,3.94166233e-11,5.12416103e-10,5.71014240e-05,7.99419936e-04,2.10736748e-07,3.16105122e-06,9.56851287e-19,1.33959180e-17,9.52754569e-12,1.42913185e-10,3.62073935e-04,5.79318296e-03,1.37916120e-07,2.34457404e-06,7.24626329e-07,1.30432739e-05,9.46296459e-13,1.60870398e-11,4.32469406e-16,7.78444931e-15,7.17611355e-05,1.43522271e-03
2.14203749e-09,1.99999997e-01,1.49999994e+04,3.69166849e-03,7.12941123e-01,7.12941123e-01,6.91377301e-02,2.76550921e-01,1.89972529e-04,2.27967035e-03,2.13235810e-06,2.77206554e-05,4.19999107e-11,5.45998839e-10,5.71014235e-05,7.99419929e-04,2.10789374e-07,3.16184061e-06,1.08638136e-18,1.52093390e-17,1.01519614e-11,1.52279421e-10,3.62073935e-04,5.79318296e-03,1.37916106e-07,2.34457380e-06,7.24544539e-07,1.30418017e-05,1.00831478e-12,1.71413513e-11,4.60812503e-16,8.29462505e-15,7.17611355e-05,1.43522271e-03
2.28242224e-09,1.99999997e-01,1.49999993e+04,3.69266189e-03,7.12941123e-01,7.12941123e-01,6.91377303e-02,2.76550921e-01,1.89972557e-04,2.27967069e-03,2.13235801e-06,2.77206541e-05,4.47525017e-11,5.81782522e-10,5.71014229e-05,7.99419921e-04,2.10845431e-07,3.16268146e-06,1.23344607e-18,1.72682450e-17,1.08173000e-11,1.62259500e-10,3.62073935e-04,5.79318296e-03,1.37916091e-07,2.34457354e-06,7.24457399e-07,1.30402332e-05,1.07439766e-12,1.82647603e-11,4.91013139e-16,8.83823650e-15,7.17611355e-05,1.43522271e-03
2.43200751e-09,1.99999997e-01,1.49999993e+04,3.69372003e-03,7.12941122e-01,7.12941122e-01,6.91377304e-02,2.76550922e-01,1.89972587e-04,2.27967104e-03,2.13235791e-06,2.77206528e-05,4.76854923e-11,6.19911400e-10,5.71014224e-05,7.99419913e-04,2.10905141e-07,3.16357712e-06,1.40041911e-18,1.96058675e-17,1.15262435e-11,1.72893653e-10,3.62073935e-04,5.79318295e-03,1.37916074e-07,2.34457327e-06,7.24364559e-07,1.30385621e-05,1.14481148e-12,1.94617951e-11,5.23193053e-16,9.41747496e-15,7.17611355e-05,1.43522271e-03
2.59139630e-09,1.99999997e-01,1.49999992e+04,3.69484711e-03,7.12941122e-01,7.12941122e-01,6.91377305e-02,2.76550922e-01,1.89972618e-04,2.27967142e-03,2.13235780e-06,2.77206514e-05,5.08107056e-11,6.60539172e-10,5.71014217e-05,7.99419904e-04,2.10968742e-07,3.16453112e-06,1.58999548e-18,2.22599367e-17,1.22816497e-11,1.84224746e-10,3.62073935e-04,5.79318295e-03,1.37916057e-07,2.34457297e-06,7.24265648e-07,1.30367817e-05,1.21984007e-12,2.07372811e-11,5.57481962e-16,1.00346753e-14,7.17611355e-05,1.43522271e-03
2.76123110e-09,1.99999996e-01,1.49999992e+04,3.69604760e-03,7.12941122e-01,7.12941122e-01,6.91377307e-02,2.76550923e-01,1.89972652e-04,2.27967183e-03,2.13235768e-06,2.77206499e-05,5.41407394e-11,7.03829613e-10,5.71014211e-05,7.99419895e-04,2.11036484e-07,3.16554726e-06,1.80523504e-18,2.52732905e-17,1.30865637e-11,1.96298455e-10,3.62073935e-04,5.79318295e-03,1.37916039e-07,2.34457266e-06,7.24160269e-07,1.30348849e-05,1.29978588e-12,2.20963599e-11,5.94018084e-16,1.06923255e-14,7.17611355e-05,1.43522271e-03
2.94219653e-09,1.99999996e-01,1.49999991e+04,3.69732625e-03,7.12941122e-01,7.12941122e-01,6.91377308e-02,2.76550923e-01,1.89972688e-04,2.27967226e-03,2.13235756e-06,2.77206483e-05,5.76890175e-11,7.49957227e-10,5.71014203e-05,7.99419885e-04,2.11108636e-07,3.16662954e-06,2.04961183e-18,2.86945656e-17,1.39442300e-11,2.09163450e-10,3.62073934e-04,5.79318295e-03,1.37916020e-07,2.34457233e-06,7.24048001e-07,1.30328640e-05,1.38497117e-12,2.35445099e-11,6.32948694e-16,1.13930765e-14,7.17611355e-05,1.43522271e-03
3.13502206e-09,1.99999996e-01,1.49999991e+04,3.69868810e-03,7.12941122e-01,7.12941122e-01,6.91377310e-02,2.76550924e-01,1.89972726e-04,2.27967272e-03,2.13235743e-06,2.77206466e-05,6.14698430e-11,7.99107960e-10,5.71014196e-05,7.99419874e-04,2.11185483e-07,3.16778225e-06,2.32707021e-18,3.25789829e-17,1.48581060e-11,2.22871590e-10,3.62073934e-04,5.79318295e-03,1.37915999e-07,2.34457198e-06,7.23928395e-07,1.30307111e-05,1.47573933e-12,2.50875686e-11,6.74430721e-16,1.21397530e-14,7.17611355e-05,1.43522271e-03
3.34048498e-09,1.99999996e-01,1.49999990e+04,3.70013853e-03,7.12941122e-01,7.12941122e-01,6.91377311e-02,2.76550925e-01,1.89972767e-04,2.27967321e-03,2.13235729e-06,2.77206447e-05,6.54984570e-11,8.51479940e-10,5.71014188e-05,7.99419863e-04,2.11267328e-07,3.16900992e-06,2.64208846e-18,3.69892384e-17,1.58318755e-11,2.37478133e-10,3.62073934e-04,5.79318295e-03,1.37915977e-07,2.34457160e-06,7.23800971e-07,1.30284175e-05,1.57245625e-12,2.67317562e-11,7.18631376e-16,1.29353648e-14,7.17611355e-05,1.43522271e-03
3.55941352e-09,1.99999995e-01,1.49999989e+04,3.70168326e-03,7.12941121e-01,7.12941121e-01,6.91377313e-02,2.76550925e-01,1.89972811e-04,2.27967373e-03,2.13235714e-06,2.77206428e-05,6.97910988e-11,9.07284285e-10,5.71014179e-05,7.99419851e-04,2.11354493e-07,3.17031740e-06,2.99975112e-18,4.19965156e-17,1.68694639e-11,2.53041958e-10,3.62073934e-04,5.79318295e-03,1.37915953e-07,2.34457120e-06,7.23665221e-07,1.30259740e-05,1.67551179e-12,2.84837005e-11,7.65728832e-16,1.37831190e-14,7.17611355e-05,1.43522271e-03
3.79269019e-09,1.99999995e-01,1.49999989e+04,3.70332835e-03,7.12941121e-01,7.12941121e-01,6.91377315e-02,2.76550926e-01,1.89972857e-04,2.27967429e-03,2.13235698e-06,2.77206407e-05,7.43650726e-11,9.66745944e-10,5.71014170e-05,7.99419838e-04,2.11447321e-07,3.17170982e-06,3.40583101e-18,4.76816341e-17,1.79750536e-11,2.69625804e-10,3.62073934e-04,5.79318295e-03,1.37915928e-07,2.34457077e-06,7.23520602e-07,1.30233708e-05,1.78532138e-12,3.03504635e-11,8.15912935e-16,1.46864328e-14,7.17611355e-05,1.43522271e-03
4.04125533e-09,1.99999995e-01,1.49999988e+04,3.70508028e-03,7.12941121e-01,7.12941121e-01,6.91377317e-02,2.76550927e-01,1.89972907e-04,2.27967488e-03,2.13235681e-06,2.77206385e-05,7.92388164e-11,1.03010461e-09,5.71014160e-05,7.99419824e-04,2.11546177e-07,3.17319266e-06,3.86688243e-18,5.41363540e-17,1.91531014e-11,2.87296520e-10,3.62073934e-04,5.79318294e-03,1.37915901e-07,2.34457032e-06,7.23366536e-07,1.30205977e-05,1.90232767e-12,3.23395704e-11,8.69385974e-16,1.56489475e-14,7.17611355e-05,1.43522271e-03
4.30611093e-09,1.99999994e-01,1.49999987e+04,3.70694591e-03,7.12941121e-01,7.12941121e-01,6.91377319e-02,2.76550928e-01,1.89972959e-04,2.27967551e-03,2.13235663e-06,2.77206362e-05,8.44319766e-11,1.09761570e-09,5.71014149e-05,7.99419809e-04,2.11651448e-07,3.17477172e-06,4.39034696e-18,6.14648574e-17,2.04083559e-11,3.06125338e-10,3.62073934e-04,5.79318294e-03,1.37915873e-07,2.34456983e-06,7.23202410e-07,1.30176434e-05,2.02700231e-12,3.44590392e-11,9.26363497e-16,1.66745429e-14,7.17611355e-05,1.43522271e-03
4.58832461e-09,1.99999994e-01,1.49999986e+04,3.70893253e-03,7.12941121e-01,7.12941121e-01,6.91377322e-02,2.76550929e-01,1.89973015e-04,2.27967619e-03,2.13235644e-06,2.77206337e-05,8.99654874e-11,1.16955134e-09,5.71014138e-05,7.99419794e-04,2.11763546e-07,3.17645318e-06,4.98467353e-18,6.97854294e-17,2.17458772e-11,3.26188157e-10,3.62073934e-04,5.79318294e-03,1.37915842e-07,2.34456932e-06,7.23027568e-07,1.30144962e-05,2.15984786e-12,3.67174136e-11,9.87075176e-16,1.77673532e-14,7.17611355e-05,1.43522271e-03
4.88903400e-09,1.99999993e-01,1.49999985e+04,3.71104792e-03,7.12941120e-01,7.12941120e-01,6.91377324e-02,2.76550930e-01,1.89973075e-04,2.27967691e-03,2.13235623e-06,2.77206310e-05,9.58616547e-11,1.24620151e-09,5.71014126e-05,7.99419777e-04,2.11882908e-07,3.17824361e-06,5.65945484e-18,7.92323677e-17,2.31710568e-11,3.47565851e-10,3.62073934e-04,5.79318294e-03,1.37915810e-07,2.34456877e-06,7.22841314e-07,1.30111437e-05,2.30139983e-12,3.91237971e-11,1.05176574e-15,1.89317832e-14,7.17611355e-05,1.43522271e-03
5.20945127e-09,1.99999993e-01,1.49999984e+04,3.71330031e-03,7.12941120e-01,7.12941120e-01,6.91377327e-02,2.76550931e-01,1.89973139e-04,2.27967767e-03,2.13235601e-06,2.77206282e-05,1.02144247e-10,1.32787521e-09,5.71014114e-05,7.99419759e-04,2.12009999e-07,3.18014998e-06,6.42558214e-18,8.99581500e-17,2.46896396e-11,3.70344594e-10,3.62073933e-04,5.79318294e-03,1.37915775e-07,2.34456818e-06,7.22642906e-07,1.30075723e-05,2.45222883e-12,4.16878901e-11,1.12069594e-15,2.01725269e-14,7.17611355e-05,1.43522271e-03
5.55086803e-09,1.99999993e-01,1.49999983e+04,3.71569846e-03,7.12941120e-01,7.12941120e-01,6.91377330e-02,2.76550932e-01,1.89973207e-04,2.27967849e-03,2.13235578e-06,2.77206252e-05,1.08838589e-10,1.41490165e-09,5.71014100e-05,7.99419740e-04,2.12145314e-07,3.18217971e-06,7.29542108e-18,1.02135895e-16,2.63077472e-11,3.94616208e-10,3.62073933e-04,5.79318293e-03,1.37915739e-07,2.34456756e-06,7.22431555e-07,1.30037680e-05,2.61294284e-12,4.44200284e-11,1.19414363e-15,2.14945854e-14,7.17611355e-05,1.43522271e-03
5.91466054e-09,1.99999992e-01,1.49999982e+04,3.71825168e-03,7.12941119e-01,7.12941119e-01,6.91377333e-02,2.76550933e-01,1.89973280e-04,2.27967936e-03,2.13235553e-06,2.77206219e-05,1.15971667e-10,1.50763167e-09,5.71014086e-05,7.99419720e-04,2.12289377e-07,3.18434065e-06,8.28301122e-18,1.15962157e-16,2.80319021e-11,4.20478532e-10,3.62073933e-04,5.79318293e-03,1.37915699e-07,2.34456689e-06,7.22206420e-07,1.29997156e-05,2.78418972e-12,4.73312253e-11,1.27240488e-15,2.29032879e-14,7.17611355e-05,1.43522271e-03
6.30229527e-09,1.99999992e-01,1.49999981e+04,3.72096984e-03,7.12941119e-01,7.12941119e-01,6.91377336e-02,2.76550934e-01,1.89973358e-04,2.27968029e-03,2.13235527e-06,2.77206185e-05,1.23572235e-10,1.60643906e-09,5.71014071e-05,7.99419699e-04,2.12442745e-07,3.18664117e-06,9.40429273e-18,1.31660098e-16,2.98690545e-11,4.48035818e-10,3.62073933e-04,5.79318293e-03,1.37915658e-07,2.34456618e-06,7.21966608e-07,1.29953989e-05,2.96665977e-12,5.04332160e-11,1.35579515e-15,2.44043128e-14,7.17611355e-05,1.43522271e-03
6.71533479e-09,1.99999991e-01,1.49999980e+04,3.72386344e-03,7.12941119e-01,7.12941119e-01,6.91377340e-02,2.76550936e-01,1.89973440e-04,2.27968128e-03,2.13235499e-06,2.77206148e-05,1.31670932e-10,1.71172212e-09,5.71014054e-05,7.99419676e-04,2.12606009e-07,3.18909014e-06,1.06773636e-17,1.49483090e-16,3.18266100e-11,4.77399149e-10,3.62073933e-04,5.79318293e-03,1.37915613e-07,2.34456542e-06,7.21711166e-07,1.29908010e-05,3.16108851e-12,5.37385047e-11,1.44465058e-15,2.60037104e-14,7.17611355e-05,1.43522271e-03
7.15544407e-09,1.99999990e-01,1.49999979e+04,3.72694360e-03,7.12941118e-01,7.12941118e-01,6.91377343e-02,2.76550937e-01,1.89973528e-04,2.27968234e-03,2.13235469e-06,2.77206109e-05,1.40300404e-10,1.82390526e-09,5.71014037e-05,7.99419652e-04,2.12779799e-07,3.19169698e-06,1.21227717e-17,1.69718804e-16,3.39124594e-11,5.08686891e-10,3.62073933e-04,5.79318292e-03,1.37915566e-07,2.34456462e-06,7.21439083e-07,1.29859035e-05,3.36825972e-12,5.72604152e-11,1.53932932e-15,2.77079277e-14,7.17611355e-05,1.43522271e-03
7.62439721e-09,1.99999990e-01,1.49999977e+04,3.73022214e-03,7.12941118e-01,7.12941118e-01,6.91377347e-02,2.76550939e-01,1.89973622e-04,2.27968347e-03,2.13235437e-06,2.77206068e-05,1.49495439e-10,1.94344070e-09,5.71014018e-05,7.99419626e-04,2.12964779e-07,3.19447168e-06,1.37638466e-17,1.92693853e-16,3.61350110e-11,5.42025165e-10,3.62073932e-04,5.79318292e-03,1.37915515e-07,2.34456376e-06,7.21149281e-07,1.29806871e-05,3.58900849e-12,6.10131443e-11,1.64021302e-15,2.95238343e-14,7.17611355e-05,1.43522271e-03
8.12408458e-09,1.99999989e-01,1.49999976e+04,3.73371160e-03,7.12941118e-01,7.12941118e-01,6.91377351e-02,2.76550941e-01,1.89973723e-04,2.27968467e-03,2.13235403e-06,2.77206024e-05,1.59293101e-10,2.07081032e-09,5.71013999e-05,7.99419598e-04,2.13161656e-07,3.19742484e-06,1.56270761e-17,2.18779065e-16,3.85032238e-11,5.77548358e-10,3.62073932e-04,5.79318292e-03,1.37915461e-07,2.34456284e-06,7.20840614e-07,1.29751311e-05,3.82422467e-12,6.50118194e-11,1.74770832e-15,3.14587497e-14,7.17611355e-05,1.43522271e-03
8.65652043e-09,1.99999988e-01,1.49999974e+04,3.73742525e-03,7.12941117e-01,7.12941117e-01,6.91377356e-02,2.76550942e-01,1.89973829e-04,2.27968595e-03,2.13235367e-06,2.77205976e-05,1.69732888e-10,2.20652754e-09,5.71013978e-05,7.99419569e-04,2.13371179e-07,3.20056769e-06,1.77425334e-17,2.48395468e-16,4.10266443e-11,6.15399664e-10,3.62073932e-04,5.79318291e-03,1.37915404e-07,2.34456187e-06,7.20511863e-07,1.29692135e-05,4.07485643e-12,6.92725594e-11,1.86224852e-15,3.35204734e-14,7.17611355e-05,1.43522271e-03
9.22385104e-09,1.99999988e-01,1.49999972e+04,3.74137720e-03,7.12941117e-01,7.12941117e-01,6.91377361e-02,2.76550944e-01,1.89973943e-04,2.27968732e-03,2.13235328e-06,2.77205926e-05,1.80856882e-10,2.35113947e-09,5.71013955e-05,7.99419537e-04,2.13594144e-07,3.20391216e-06,2.01443632e-17,2.82021084e-16,4.37154443e-11,6.55731664e-10,3.62073932e-04,5.79318291e-03,1.37915343e-07,2.34456083e-06,7.20161731e-07,1.29629112e-05,4.34191407e-12,7.38125392e-11,1.98429532e-15,3.57173157e-14,7.17611355e-05,1.43522271e-03
9.82836333e-09,1.99999987e-01,1.49999971e+04,3.74558237e-03,7.12941116e-01,7.12941116e-01,6.91377366e-02,2.76550946e-01,1.89974065e-04,2.27968878e-03,2.13235287e-06,2.77205873e-05,1.92709927e-10,2.50522906e-09,5.71013931e-05,7.99419504e-04,2.13831391e-07,3.20747086e-06,2.28713319e-17,3.20198647e-16,4.65804624e-11,6.98706936e-10,3.62073931e-04,5.79318290e-03,1.37915278e-07,2.34455972e-06,7.19788840e-07,1.29561991e-05,4.62647411e-12,7.86500599e-11,2.11434065e-15,3.80581317e-14,7.17611355e-05,1.43522271e-03
1.04724941e-08,1.99999986e-01,1.49999969e+04,3.75005658e-03,7.12941115e-01,7.12941115e-01,6.91377371e-02,2.76550948e-01,1.89974195e-04,2.27969034e-03,2.13235243e-06,2.77205816e-05,2.05339804e-10,2.66941746e-09,5.71013906e-05,7.99419468e-04,2.14083812e-07,3.21125719e-06,2.59674543e-17,3.63544360e-16,4.96332476e-11,7.44498713e-10,3.62073931e-04,5.79318290e-03,1.37915208e-07,2.34455854e-06,7.19391723e-07,1.29490510e-05,4.92968361e-12,8.38046215e-11,2.25290872e-15,4.05523569e-14,7.17611355e-05,1.43522271e-03
1.11588399e-08,1.99999985e-01,1.49999967e+04,3.75481659e-03,7.12941115e-01,7.12941115e-01,6.91377377e-02,2.76550951e-01,1.89974333e-04,2.27969200e-03,2.13235196e-06,2.77205755e-05,2.18797426e-10,2.84436654e-09,5.71013879e-05,7.99419430e-04,2.14352353e-07,3.21528529e-06,2.94827031e-17,4.12757843e-16,5.28861057e-11,7.93291585e-10,3.62073931e-04,5.79318289e-03,1.37915135e-07,2.34455729e-06,7.18968820e-07,1.29414388e-05,5.25276483e-12,8.92970021e-11,2.40055804e-15,4.32100448e-14,7.17611355e-05,1.43522271e-03
1.18901674e-08,1.99999984e-01,1.49999964e+04,3.75988013e-03,7.12941114e-01,7.12941114e-01,6.91377383e-02,2.76550953e-01,1.89974481e-04,2.27969377e-03,2.13235146e-06,2.77205690e-05,2.33137043e-10,3.03078156e-09,5.71013850e-05,7.99419390e-04,2.14638011e-07,3.21957016e-06,3.34738163e-17,4.68633428e-16,5.63521490e-11,8.45282234e-10,3.62073931e-04,5.79318289e-03,1.37915056e-07,2.34455595e-06,7.18518475e-07,1.29333325e-05,5.59702011e-12,9.51493419e-11,2.55788378e-15,4.60419080e-14,7.17611355e-05,1.43522271e-03
1.26694246e-08,1.99999983e-01,1.49999962e+04,3.76526596e-03,7.12941114e-01,7.12941114e-01,6.91377389e-02,2.76550956e-01,1.89974639e-04,2.27969567e-03,2.13235093e-06,2.77205621e-05,2.48416460e-10,3.22941397e-09,5.71013819e-05,7.99419347e-04,2.14941844e-07,3.22412767e-06,3.80052123e-17,5.32072972e-16,6.00453491e-11,9.00680237e-10,3.62073930e-04,5.79318288e-03,1.37914972e-07,2.34455452e-06,7.18038926e-07,1.29247007e-05,5.96383715e-12,1.01385232e-10,2.72552005e-15,4.90593610e-14,7.17611355e-05,1.43522271e-03
1.34997528e-08,1.99999982e-01,1.49999960e+04,3.77099393e-03,7.12941113e-01,7.12941113e-01,6.91377396e-02,2.76550958e-01,1.89974807e-04,2.27969769e-03,2.13235036e-06,2.77205547e-05,2.64697271e-10,3.44106452e-09,5.71013786e-05,7.99419301e-04,2.15264971e-07,3.22897457e-06,4.31500301e-17,6.04100422e-16,6.39805935e-11,9.59708903e-10,3.62073930e-04,5.79318288e-03,1.37914882e-07,2.34455300e-06,7.17528300e-07,1.29155094e-05,6.35469460e-12,1.08029808e-10,2.90414258e-15,5.22745664e-14,7.17611355e-05,1.43522271e-03
1.43844989e-08,1.99999981e-01,1.49999957e+04,3.77708499e-03,7.12941112e-01,7.12941112e-01,6.91377404e-02,2.76550961e-01,1.89974987e-04,2.27969984e-03,2.13234976e-06,2.77205469e-05,2.82045107e-10,3.66658640e-09,5.71013751e-05,7.99419252e-04,2.15608573e-07,3.23412860e-06,4.89913098e-17,6.85878337e-16,6.81737451e-11,1.02260618e-09,3.62073930e-04,5.79318287e-03,1.37914787e-07,2.34455138e-06,7.16984608e-07,1.29057229e-05,6.77116802e-12,1.15109856e-10,3.09447132e-15,5.57004837e-14,7.17611355e-05,1.43522271e-03
1.53272295e-08,1.99999980e-01,1.49999954e+04,3.78356131e-03,7.12941111e-01,7.12941111e-01,6.91377411e-02,2.76550965e-01,1.89975179e-04,2.27970214e-03,2.13234912e-06,2.77205386e-05,3.00529902e-10,3.90688873e-09,5.71013714e-05,7.99419200e-04,2.15973898e-07,3.23960847e-06,5.56233324e-17,7.78726654e-16,7.26417066e-11,1.08962560e-09,3.62073929e-04,5.79318287e-03,1.37914686e-07,2.34454965e-06,7.16405738e-07,1.28953033e-05,7.21493622e-12,1.22653916e-10,3.29727343e-15,5.93509218e-14,7.17611355e-05,1.43522271e-03
1.63317447e-08,1.99999978e-01,1.49999951e+04,3.79044626e-03,7.12941110e-01,7.12941110e-01,6.91377420e-02,2.76550968e-01,1.89975383e-04,2.27970460e-03,2.13234844e-06,2.77205297e-05,3.20226171e-10,4.16294022e-09,5.71013674e-05,7.99419144e-04,2.16362262e-07,3.24543393e-06,6.31531424e-17,8.84143994e-16,7.74024882e-11,1.16103732e-09,3.62073929e-04,5.79318286e-03,1.37914577e-07,2.34454781e-06,7.15789443e-07,1.28842100e-05,7.68778805e-12,1.30692397e-10,3.51336635e-15,6.32405943e-14,7.17611355e-05,1.43522271e-03
1.74020937e-08,1.99999977e-01,1.49999948e+04,3.79776452e-03,7.12941110e-01,7.12941110e-01,6.91377429e-02,2.76550971e-01,1.89975602e-04,2.27970722e-03,2.13234771e-06,2.77205202e-05,3.41213314e-10,4.43577309e-09,5.71013632e-05,7.99419085e-04,2.16775056e-07,3.25162584e-06,7.17022749e-17,1.00383185e-15,8.24752808e-11,1.23712921e-09,3.62073928e-04,5.79318285e-03,1.37914462e-07,2.34454586e-06,7.15133342e-07,1.28724002e-05,8.19162957e-12,1.39257703e-10,3.74362106e-15,6.73851791e-14,7.17611355e-05,1.43522271e-03
1.85425913e-08,1.99999975e-01,1.49999944e+04,3.80554209e-03,7.12941109e-01,7.12941109e-01,6.91377438e-02,2.76550975e-01,1.89975835e-04,2.27971002e-03,2.13234693e-06,2.77205101e-05,3.63575936e-10,4.72648717e-09,5.71013587e-05,7.99419022e-04,2.17213743e-07,3.25820615e-06,8.14087173e-17,1.13972204e-15,8.78805327e-11,1.31820799e-09,3.62073928e-04,5.79318284e-03,1.37914339e-07,2.34454377e-06,7.14434903e-07,1.28598282e-05,8.72849178e-12,1.48384360e-10,3.98896564e-15,7.18013816e-14,7.17611355e-05,1.43522271e-03
1.97578347e-08,1.99999974e-01,1.49999941e+04,3.81380636e-03,7.12941107e-01,7.12941107e-01,6.91377448e-02,2.76550979e-01,1.89976084e-04,2.27971301e-03,2.13234610e-06,2.77204993e-05,3.87404186e-10,5.03625442e-09,5.71013539e-05,7.99418955e-04,2.17679867e-07,3.26519800e-06,9.24291371e-17,1.29400792e-15,9.36400326e-11,1.40460049e-09,3.62073927e-04,5.79318284e-03,1.37914208e-07,2.34454154e-06,7.13691440e-07,1.28464459e-05,9.30053879e-12,1.58109159e-10,4.25038897e-15,7.65070015e-14,7.17611355e-05,1.43522271e-03
2.10527227e-08,1.99999972e-01,1.49999937e+04,3.82258617e-03,7.12941106e-01,7.12941106e-01,6.91377459e-02,2.76550984e-01,1.89976351e-04,2.27971621e-03,2.13234522e-06,2.77204878e-05,4.12794122e-10,5.36632358e-09,5.71013488e-05,7.99418883e-04,2.18175049e-07,3.27262573e-06,1.04941410e-16,1.46917974e-15,9.97769969e-11,1.49665495e-09,3.62073927e-04,5.79318283e-03,1.37914069e-07,2.34453917e-06,7.12900104e-07,1.28322019e-05,9.91007653e-12,1.68471301e-10,4.52894473e-15,8.15210051e-14,7.17611355e-05,1.43522271e-03
2.24324750e-08,1.99999970e-01,1.49999933e+04,3.83191182e-03,7.12941105e-01,7.12941105e-01,6.91377471e-02,2.76550988e-01,1.89976635e-04,2.27971962e-03,2.13234428e-06,2.77204756e-05,4.39848098e-10,5.71802527e-09,5.71013433e-05,7.99418807e-04,2.18700996e-07,3.28051494e-06,1.19147491e-16,1.66806487e-15,1.06316164e-10,1.59474246e-09,3.62073926e-04,5.79318282e-03,1.37913920e-07,2.34453664e-06,7.12057870e-07,1.28170417e-05,1.05595620e-11,1.79512555e-10,4.82575564e-15,8.68636016e-14,7.17611355e-05,1.43522271e-03
2.39026535e-08,1.99999968e-01,1.49999928e+04,3.84181515e-03,7.12941104e-01,7.12941104e-01,6.91377483e-02,2.76550993e-01,1.89976939e-04,2.27972327e-03,2.13234328e-06,2.77204626e-05,4.68675176e-10,6.09277729e-09,5.71013375e-05,7.99418725e-04,2.19259500e-07,3.28889250e-06,1.35276674e-16,1.89387344e-15,1.13283892e-10,1.69925839e-09,3.62073925e-04,5.79318281e-03,1.37913762e-07,2.34453395e-06,7.11161534e-07,1.28009076e-05,1.12516134e-11,1.91277428e-10,5.14201801e-15,9.25563243e-14,7.17611355e-05,1.43522271e-03
2.54691844e-08,1.99999966e-01,1.49999924e+04,3.85232959e-03,7.12941103e-01,7.12941103e-01,6.91377496e-02,2.76550998e-01,1.89977264e-04,2.27972716e-03,2.13234221e-06,2.77204487e-05,4.99391569e-10,6.49209039e-09,5.71013313e-05,7.99418639e-04,2.19852440e-07,3.29778660e-06,1.53589295e-16,2.15025013e-15,1.20708270e-10,1.81062404e-09,3.62073925e-04,5.79318280e-03,1.37913593e-07,2.34453108e-06,7.10207695e-07,1.27837385e-05,1.19890204e-11,2.03813346e-10,5.47900652e-15,9.86221174e-14,7.17611355e-05,1.43522271e-03
2.71383825e-08,1.99999964e-01,1.49999919e+04,3.86349014e-03,7.12941101e-01,7.12941101e-01,6.91377510e-02,2.76551004e-01,1.89977611e-04,2.27973133e-03,2.13234107e-06,2.77204339e-05,5.32121104e-10,6.91757435e-09,5.71013247e-05,7.99418546e-04,2.20481786e-07,3.30722679e-06,1.74380929e-16,2.44133301e-15,1.28619223e-10,1.92928835e-09,3.62073924e-04,5.79318279e-03,1.37913413e-07,2.34452803e-06,7.09192752e-07,1.27654695e-05,1.27747553e-11,2.17170841e-10,5.83807937e-15,1.05085429e-13,7.17611355e-05,1.43522271e-03
2.89169765e-08,1.99999961e-01,1.49999913e+04,3.87533345e-03,7.12941100e-01,7.12941100e-01,6.91377525e-02,2.76551010e-01,1.89977982e-04,2.27973578e-03,2.13233986e-06,2.77204182e-05,5.66995725e-10,7.37094442e-09,5.71013177e-05,7.99418448e-04,2.21149598e-07,3.31724397e-06,1.97987167e-16,2.77182034e-15,1.37048642e-10,2.05572962e-09,3.62073923e-04,5.79318277e-03,1.37913222e-07,2.34452477e-06,7.08112887e-07,1.27460320e-05,1.36119857e-11,2.31403756e-10,6.22068376e-15,1.11972308e-13,7.17611355e-05,1.43522271e-03
3.08121359e-08,1.99999959e-01,1.49999908e+04,3.88789784e-03,7.12941098e-01,7.12941098e-01,6.91377540e-02,2.76551016e-01,1.89978378e-04,2.27974054e-03,2.13233857e-06,2.77204014e-05,6.04156026e-10,7.85402834e-09,5.71013102e-05,7.99418343e-04,2.21858030e-07,3.32787045e-06,2.24789028e-16,3.14704640e-15,1.46030504e-10,2.19045756e-09,3.62073923e-04,5.79318276e-03,1.37913018e-07,2.34452130e-06,7.06964060e-07,1.27253531e-05,1.45040862e-11,2.46569465e-10,6.62836172e-15,1.19310511e-13,7.17611355e-05,1.43522271e-03
3.28315001e-08,1.99999956e-01,1.49999902e+04,3.90122328e-03,7.12941096e-01,7.12941096e-01,6.91377557e-02,2.76551023e-01,1.89978803e-04,2.27974563e-03,2.13233719e-06,2.77203835e-05,6.43751815e-10,8.36877359e-09,5.71013023e-05,7.99418232e-04,2.22609329e-07,3.33913993e-06,2.55219113e-16,3.57306758e-15,1.55601016e-10,2.33401524e-09,3.62073922e-04,5.79318275e-03,1.37912800e-07,2.34451760e-06,7.05741992e-07,1.27033559e-05,1.54546530e-11,2.62729101e-10,7.06275632e-15,1.27129614e-13,7.17611355e-05,1.43522271e-03
3.49832094e-08,1.99999953e-01,1.49999895e+04,3.91535142e-03,7.12941094e-01,7.12941094e-01,6.91377575e-02,2.76551030e-01,1.89979256e-04,2.27975108e-03,2.13233573e-06,2.77203644e-05,6.85942720e-10,8.91725536e-09,5.71012938e-05,7.99418113e-04,2.23405833e-07,3.35108749e-06,2.89768581e-16,4.05676014e-15,1.65798756e-10,2.48698134e-09,3.62073921e-04,5.79318273e-03,1.37912568e-07,2.34451366e-06,7.04442157e-07,1.26799588e-05,1.64675179e-11,2.79947804e-10,7.52561826e-15,1.35461129e-13,7.17611355e-05,1.43522271e-03
3.72759372e-08,1.99999950e-01,1.49999888e+04,3.93032556e-03,7.12941092e-01,7.12941092e-01,6.91377594e-02,2.76551038e-01,1.89979742e-04,2.27975690e-03,2.13233416e-06,2.77203441e-05,7.30898831e-10,9.50168481e-09,5.71012847e-05,7.99417986e-04,2.24249974e-07,3.36374961e-06,3.28995087e-16,4.60593122e-15,1.76664830e-10,2.64997246e-09,3.62073920e-04,5.79318272e-03,1.37912321e-07,2.34450947e-06,7.03059768e-07,1.26550758e-05,1.75467636e-11,2.98294982e-10,8.01881297e-15,1.44338633e-13,7.17611355e-05,1.43522271e-03
3.97189257e-08,1.99999947e-01,1.49999881e+04,3.94619066e-03,7.12941090e-01,7.12941090e-01,6.91377614e-02,2.76551046e-01,1.89980261e-04,2.27976313e-03,2.13233250e-06,2.77203225e-05,7.78801390e-10,1.01244181e-08,5.71012751e-05,7.99417851e-04,2.25144275e-07,3.37716413e-06,3.73531773e-16,5.22944482e-15,1.88243040e-10,2.82364561e-09,3.62073919e-04,5.79318270e-03,1.37912058e-07,2.34450499e-06,7.01589766e-07,1.26286158e-05,1.86967407e-11,3.17844593e-10,8.54432810e-15,1.53797906e-13,7.17611355e-05,1.43522271e-03
4.23220227e-08,1.99999944e-01,1.49999873e+04,3.96299325e-03,7.12941088e-01,7.12941088e-01,6.91377636e-02,2.76551054e-01,1.89980817e-04,2.27976980e-03,2.13233072e-06,2.77202994e-05,8.29843516e-10,1.07879657e-08,5.71012648e-05,7.99417707e-04,2.26091347e-07,3.39137020e-06,4.24097494e-16,5.93736491e-15,2.00580057e-10,3.00870085e-09,3.62073918e-04,5.79318268e-03,1.37911778e-07,2.34450023e-06,7.00026805e-07,1.26004825e-05,1.99220847e-11,3.38675440e-10,9.10428150e-15,1.63877067e-13,7.17611355e-05,1.43522271e-03
4.50957214e-08,1.99999940e-01,1.49999865e+04,3.98078138e-03,7.12941086e-01,7.12941086e-01,6.91377659e-02,2.76551064e-01,1.89981412e-04,2.27977694e-03,2.13232883e-06,2.77202748e-05,8.84230989e-10,1.14950029e-08,5.71012538e-05,7.99417553e-04,2.27093883e-07,3.40640824e-06,4.81508418e-16,6.74111786e-15,2.13725610e-10,3.20588415e-09,3.62073916e-04,5.79318266e-03,1.37911479e-07,2.34449515e-06,6.98365243e-07,1.25705744e-05,2.12277350e-11,3.60871495e-10,9.70092982e-15,1.74616737e-13,7.17611355e-05,1.43522271e-03
4.80512025e-08,1.99999936e-01,1.49999856e+04,3.99960454e-03,7.12941083e-01,7.12941083e-01,6.91377684e-02,2.76551073e-01,1.89982049e-04,2.27978459e-03,2.13232682e-06,2.77202487e-05,9.42183077e-10,1.22483800e-08,5.71012421e-05,7.99417390e-04,2.28154655e-07,3.42231982e-06,5.46691204e-16,7.65367685e-15,2.27732688e-10,3.41599033e-09,3.62073915e-04,5.79318264e-03,1.37911161e-07,2.34448974e-06,6.96599125e-07,1.25387843e-05,2.26189545e-11,3.84522227e-10,1.03366775e-14,1.86060195e-13,7.17611355e-05,1.43522271e-03
5.12003798e-08,1.99999932e-01,1.49999846e+04,4.01951354e-03,7.12941080e-01,7.12941080e-01,6.91377710e-02,2.76551084e-01,1.89982732e-04,2.27979278e-03,2.13232467e-06,2.77202208e-05,1.00393342e-09,1.30511345e-08,5.71012297e-05,7.99417216e-04,2.29276508e-07,3.43914762e-06,6.20697952e-16,8.68977133e-15,2.42657754e-10,3.63986631e-09,3.62073914e-04,5.79318262e-03,1.37910822e-07,2.34448397e-06,6.94722175e-07,1.25049992e-05,2.41013514e-11,4.09722974e-10,1.10140865e-14,1.98253557e-13,7.17611355e-05,1.43522271e-03
5.45559478e-08,1.99999927e-01,1.49999836e+04,4.04056034e-03,7.12941078e-01,7.12941078e-01,6.91377737e-02,2.76551095e-01,1.89983463e-04,2.27980156e-03,2.13232239e-06,2.77201910e-05,1.06973098e-09,1.39065028e-08,5.71012164e-05,7.99417030e-04,2.30462350e-07,3.45693524e-06,7.04723194e-16,9.86612472e-15,2.58560969e-10,3.87841453e-09,3.62073912e-04,5.79318260e-03,1.37910460e-07,2.34447783e-06,6.92727779e-07,1.24691000e-05,2.56809011e-11,4.36575319e-10,1.17358867e-14,2.11245961e-13,7.17611355e-05,1.43522271e-03
5.81314328e-08,1.99999922e-01,1.49999826e+04,4.06279787e-03,7.12941075e-01,7.12941075e-01,6.91377767e-02,2.76551107e-01,1.89984247e-04,2.27981096e-03,2.13231995e-06,2.77201594e-05,1.13984104e-09,1.48179335e-08,5.71012023e-05,7.99416832e-04,2.31715137e-07,3.47572705e-06,8.00123170e-16,1.12017244e-14,2.75506437e-10,4.13259655e-09,3.62073911e-04,5.79318258e-03,1.37910075e-07,2.34447128e-06,6.90608975e-07,1.24309616e-05,2.73639708e-11,4.65187504e-10,1.25049868e-14,2.25089762e-13,7.17611355e-05,1.43522271e-03
6.19412478e-08,1.99999917e-01,1.49999814e+04,4.08627981e-03,7.12941071e-01,7.12941071e-01,6.91377799e-02,2.76551119e-01,1.89985087e-04,2.27982105e-03,2.13231736e-06,2.77201256e-05,1.21454625e-09,1.57891013e-08,5.71011873e-05,7.99416622e-04,2.33037866e-07,3.49556800e-06,9.08437722e-16,1.27181281e-14,2.93562464e-10,4.40343696e-09,3.62073909e-04,5.79318255e-03,1.37909665e-07,2.34446430e-06,6.88358441e-07,1.23904519e-05,2.91573449e-11,4.95674864e-10,1.33244858e-14,2.39840745e-13,7.17611355e-05,1.43522271e-03
6.60007502e-08,1.99999912e-01,1.49999802e+04,4.11106030e-03,7.12941068e-01,7.12941068e-01,6.91377832e-02,2.76551133e-01,1.89985988e-04,2.27983186e-03,2.13231459e-06,2.77200897e-05,1.29414783e-09,1.68239218e-08,5.71011712e-05,7.99416397e-04,2.34433556e-07,3.51650335e-06,1.03141515e-15,1.44398120e-14,3.12801833e-10,4.69202750e-09,3.62073908e-04,5.79318252e-03,1.37909228e-07,2.34445687e-06,6.85968482e-07,1.23474327e-05,3.10682525e-11,5.28160293e-10,1.41976861e-14,2.55558350e-13,7.17611355e-05,1.43522271e-03
7.03263041e-08,1.99999906e-01,1.49999789e+04,4.13719360e-03,7.12941064e-01,7.12941064e-01,6.91377868e-02,2.76551147e-01,1.89986955e-04,2.27984346e-03,2.13231164e-06,2.77200513e-05,1.37896671e-09,1.79265673e-08,5.71011541e-05,7.99416158e-04,2.35905227e-07,3.53857841e-06,1.17104042e-15,1.63945659e-14,3.33302096e-10,4.99953144e-09,3.62073906e-04,5.79318249e-03,1.37908762e-07,2.34444895e-06,6.83431022e-07,1.23017584e-05,3.31043964e-11,5.62774738e-10,1.51281062e-14,2.72305911e-13,7.17611355e-05,1.43522271e-03
7.49353460e-08,1.99999900e-01,1.49999775e+04,4.16473368e-03,7.12941060e-01,7.12941060e-01,6.91377906e-02,2.76551162e-01,1.89987992e-04,2.27985590e-03,2.13230850e-06,2.77200105e-05,1.46934489e-09,1.91014835e-08,5.71011359e-05,7.99415903e-04,2.37455878e-07,3.56183817e-06,1.32956723e-15,1.86139413e-14,3.55145886e-10,5.32718829e-09,3.62073904e-04,5.79318246e-03,1.37908265e-07,2.34444051e-06,6.80737590e-07,1.22532766e-05,3.52739841e-11,5.99657730e-10,1.61194949e-14,2.90150909e-13,7.17611355e-05,1.43522271e-03
7.98464550e-08,1.99999894e-01,1.49999760e+04,4.19373378e-03,7.12941056e-01,7.12941056e-01,6.91377947e-02,2.76551179e-01,1.89989105e-04,2.27986926e-03,2.13230515e-06,2.77199670e-05,1.56564676e-09,2.03534079e-08,5.71011165e-05,7.99415631e-04,2.39088460e-07,3.58632690e-06,1.50955438e-15,2.11337614e-14,3.78421254e-10,5.67631881e-09,3.62073902e-04,5.79318243e-03,1.37907736e-07,2.34443152e-06,6.77879318e-07,1.22018277e-05,3.75857614e-11,6.38957943e-10,1.71758469e-14,3.09165245e-13,7.17611355e-05,1.43522271e-03
8.50794280e-08,1.99999887e-01,1.49999745e+04,4.22424586e-03,7.12941051e-01,7.12941051e-01,6.91377990e-02,2.76551196e-01,1.89990300e-04,2.27988360e-03,2.13230159e-06,2.77199207e-05,1.66826064e-09,2.16873883e-08,5.71010959e-05,7.99415342e-04,2.40805846e-07,3.61208769e-06,1.71390706e-15,2.39946988e-14,4.03222020e-10,6.04833029e-09,3.62073900e-04,5.79318239e-03,1.37907173e-07,2.34442194e-06,6.74846927e-07,1.21472447e-05,4.00490467e-11,6.80833794e-10,1.83014184e-14,3.29425531e-13,7.17611355e-05,1.43522271e-03
9.06553593e-08,1.99999879e-01,1.49999728e+04,4.25631995e-03,7.12941047e-01,7.12941047e-01,6.91378036e-02,2.76551214e-01,1.89991583e-04,2.27989900e-03,2.13229779e-06,2.77198713e-05,1.77760028e-09,2.31088036e-08,5.71010738e-05,7.99415034e-04,2.42610792e-07,3.63916188e-06,1.94592375e-15,2.72429325e-14,4.29648151e-10,6.44472226e-09,3.62073897e-04,5.79318236e-03,1.37906572e-07,2.34441173e-06,6.71630727e-07,1.20893531e-05,4.26737696e-11,7.25454083e-10,1.95007441e-14,3.51013394e-13,7.17611355e-05,1.43522271e-03
9.65967258e-08,1.99999871e-01,1.49999710e+04,4.29000344e-03,7.12941042e-01,7.12941042e-01,6.91378084e-02,2.76551234e-01,1.89992962e-04,2.27991554e-03,2.13229374e-06,2.77198186e-05,1.89410656e-09,2.46233853e-08,5.71010504e-05,7.99414705e-04,2.44505896e-07,3.66758845e-06,2.20934948e-15,3.09308928e-14,4.57806168e-10,6.86709251e-09,3.62073895e-04,5.79318232e-03,1.37905932e-07,2.34440085e-06,6.68220611e-07,1.20279710e-05,4.54705102e-11,7.72998673e-10,2.07786561e-14,3.74015810e-13,7.17611355e-05,1.43522271e-03
1.02927477e-07,1.99999863e-01,1.49999691e+04,4.32534022e-03,7.12941036e-01,7.12941036e-01,6.91378136e-02,2.76551255e-01,1.89994444e-04,2.27993333e-03,2.13228943e-06,2.77197626e-05,2.01824929e-09,2.62372407e-08,5.71010253e-05,7.99414355e-04,2.46493552e-07,3.69740328e-06,2.50843630e-15,3.51181082e-14,4.87809570e-10,7.31714355e-09,3.62073892e-04,5.79318227e-03,1.37905251e-07,2.34438926e-06,6.64606056e-07,1.19629090e-05,4.84505419e-11,8.23659212e-10,2.21403027e-14,3.98525448e-13,7.17611355e-05,1.43522271e-03
1.09673133e-07,1.99999854e-01,1.49999671e+04,4.36236976e-03,7.12941031e-01,7.12941031e-01,6.91378192e-02,2.76551277e-01,1.89996037e-04,2.27995245e-03,2.13228483e-06,2.77197028e-05,2.15052906e-09,2.79568777e-08,5.71009987e-05,7.99413982e-04,2.48575891e-07,3.72863836e-06,2.84801186e-15,3.98721660e-14,5.19779297e-10,7.79668946e-09,3.62073889e-04,5.79318223e-03,1.37904524e-07,2.34437691e-06,6.60776125e-07,1.18939703e-05,5.16258772e-11,8.77639912e-10,2.35911693e-14,4.24641047e-13,7.17611355e-05,1.43522271e-03
1.16860886e-07,1.99999844e-01,1.49999649e+04,4.40112601e-03,7.12941024e-01,7.12941024e-01,6.91378251e-02,2.76551300e-01,1.89997751e-04,2.27997301e-03,2.13227993e-06,2.77196391e-05,2.29147931e-09,2.97892310e-08,5.71009703e-05,7.99413584e-04,2.50754721e-07,3.76132082e-06,3.23355739e-15,4.52698035e-14,5.53844212e-10,8.30766319e-09,3.62073886e-04,5.79318218e-03,1.37903750e-07,2.34436375e-06,6.56719475e-07,1.18209506e-05,5.50093155e-11,9.35158363e-10,2.51371006e-14,4.52467811e-13,7.17611355e-05,1.43522271e-03
1.24519708e-07,1.99999834e-01,1.49999626e+04,4.44163619e-03,7.12941018e-01,7.12941018e-01,6.91378313e-02,2.76551325e-01,1.89999594e-04,2.27999513e-03,2.13227471e-06,2.77195713e-05,2.44166844e-09,3.17416897e-08,5.71009401e-05,7.99413161e-04,2.53031460e-07,3.79547190e-06,3.67129618e-15,5.13981465e-14,5.90141624e-10,8.85212436e-09,3.62073883e-04,5.79318213e-03,1.37902925e-07,2.34434973e-06,6.52424366e-07,1.17436386e-05,5.86144953e-11,9.96446419e-10,2.67843239e-14,4.82117831e-13,7.17611355e-05,1.43522271e-03
1.32680475e-07,1.99999823e-01,1.49999602e+04,4.48391941e-03,7.12941011e-01,7.12941011e-01,6.91378380e-02,2.76551352e-01,1.90001578e-04,2.28001894e-03,2.13226915e-06,2.77194990e-05,2.60170215e-09,3.38221280e-08,5.71009078e-05,7.99412709e-04,2.55407051e-07,3.83110577e-06,4.16829402e-15,5.83561163e-14,6.28817839e-10,9.43226759e-09,3.62073880e-04,5.79318208e-03,1.37902046e-07,2.34433478e-06,6.47878675e-07,1.16618162e-05,6.24559487e-11,1.06175113e-09,2.85394744e-14,5.13710539e-13,7.17611355e-05,1.43522271e-03
1.41376081e-07,1.99999811e-01,1.49999576e+04,4.52798517e-03,7.12941004e-01,7.12941004e-01,6.91378451e-02,2.76551380e-01,1.90003714e-04,2.28004457e-03,2.13226323e-06,2.77194220e-05,2.77222586e-09,3.60389361e-08,5.71008735e-05,7.99412228e-04,2.57881880e-07,3.86822820e-06,4.73257330e-15,6.62560262e-14,6.70028752e-10,1.00504313e-08,3.62073876e-04,5.79318202e-03,1.37901110e-07,2.34431886e-06,6.43069919e-07,1.15752585e-05,6.65491604e-11,1.13133573e-09,3.04096214e-14,5.47373186e-13,7.17611355e-05,1.43522271e-03
1.50641580e-07,1.99999799e-01,1.49999548e+04,4.57383162e-03,7.12940996e-01,7.12940996e-01,6.91378526e-02,2.76551411e-01,1.90006014e-04,2.28007217e-03,2.13225691e-06,2.77193399e-05,2.95392730e-09,3.84010549e-08,5.71008369e-05,7.99411716e-04,2.60455673e-07,3.90683509e-06,5.37324248e-15,7.52253947e-14,7.13940474e-10,1.07091071e-08,3.62073872e-04,5.79318196e-03,1.37900112e-07,2.34430190e-06,6.37985281e-07,1.14837351e-05,7.09106296e-11,1.20548070e-09,3.24022973e-14,5.83241352e-13,7.17611355e-05,1.43522271e-03
1.60514320e-07,1.99999786e-01,1.49999518e+04,4.62144367e-03,7.12940988e-01,7.12940988e-01,6.91378606e-02,2.76551443e-01,1.90008492e-04,2.28010190e-03,2.13225019e-06,2.77192524e-05,3.14753933e-09,4.09180113e-08,5.71007979e-05,7.99411170e-04,2.63127391e-07,3.94691086e-06,6.10064317e-15,8.54090044e-14,7.60730000e-10,1.14109500e-08,3.62073868e-04,5.79318189e-03,1.37899048e-07,2.34428382e-06,6.32611645e-07,1.13870096e-05,7.55579370e-11,1.28448493e-09,3.45255274e-14,6.21459493e-13,7.17611355e-05,1.43522271e-03
1.71034100e-07,1.99999772e-01,1.49999487e+04,4.67079092e-03,7.12940979e-01,7.12940979e-01,6.91378692e-02,2.76551477e-01,1.90011161e-04,2.28013393e-03,2.13224302e-06,2.77191593e-05,3.35384289e-09,4.35999575e-08,5.71007563e-05,7.99410588e-04,2.65895108e-07,3.98842662e-06,6.92651707e-15,9.69712389e-14,8.10585925e-10,1.21587889e-08,3.62073864e-04,5.79318182e-03,1.37897916e-07,2.34426456e-06,6.26935633e-07,1.12848414e-05,8.05098153e-11,1.36866686e-09,3.67878622e-14,6.62181519e-13,7.17611355e-05,1.43522271e-03
1.82243324e-07,1.99999757e-01,1.49999453e+04,4.72182545e-03,7.12940969e-01,7.12940969e-01,6.91378782e-02,2.76551513e-01,1.90014038e-04,2.28016845e-03,2.13223538e-06,2.77190600e-05,3.57367013e-09,4.64577117e-08,5.71007120e-05,7.99409968e-04,2.68755886e-07,4.03133829e-06,7.86419553e-15,1.10098737e-13,8.63709203e-10,1.29556380e-08,3.62073859e-04,5.79318175e-03,1.37896708e-07,2.34424404e-06,6.20943664e-07,1.11769859e-05,8.57862251e-11,1.45836583e-09,3.91984119e-14,7.05571415e-13,7.17611355e-05,1.43522271e-03
1.94187178e-07,1.99999741e-01,1.49999417e+04,4.77447919e-03,7.12940960e-01,7.12940960e-01,6.91378878e-02,2.76551551e-01,1.90017139e-04,2.28020567e-03,2.13222724e-06,2.77189542e-05,3.80790783e-09,4.95028018e-08,5.71006648e-05,7.99409308e-04,2.71705622e-07,4.07558434e-06,8.92881481e-15,1.25003407e-13,9.20313954e-10,1.38047093e-08,3.62073854e-04,5.79318167e-03,1.37895422e-07,2.34422218e-06,6.14622006e-07,1.10631961e-05,9.14084347e-11,1.55394339e-09,4.17668831e-14,7.51803896e-13,7.17611355e-05,1.43522271e-03
2.06913808e-07,1.99999724e-01,1.49999379e+04,4.82866138e-03,7.12940949e-01,7.12940949e-01,6.91378981e-02,2.76551592e-01,1.90020483e-04,2.28024580e-03,2.13221857e-06,2.77188414e-05,4.05750091e-09,5.27475119e-08,5.71006146e-05,7.99408604e-04,2.74738904e-07,4.12108356e-06,1.01375604e-14,1.41925846e-13,9.80628332e-10,1.47094250e-08,3.62073849e-04,5.79318158e-03,1.37894052e-07,2.34419888e-06,6.07956854e-07,1.09432234e-05,9.73991064e-11,1.65578481e-09,4.45036173e-14,8.01065111e-13,7.17611355e-05,1.43522271e-03
2.20474515e-07,1.99999706e-01,1.49999339e+04,4.88425562e-03,7.12940938e-01,7.12940938e-01,6.91379089e-02,2.76551636e-01,1.90024089e-04,2.28028907e-03,2.13220933e-06,2.77187213e-05,4.32345634e-09,5.62049324e-08,5.71005610e-05,7.99407854e-04,2.77848841e-07,4.16773261e-06,1.15099447e-14,1.61139225e-13,1.04489544e-09,1.56734316e-08,3.62073843e-04,5.79318149e-03,1.37892591e-07,2.34417405e-06,6.00934408e-07,1.08168193e-05,1.03782388e-10,1.76430059e-09,4.74196326e-14,8.53553387e-13,7.17611355e-05,1.43522271e-03
2.34923963e-07,1.99999687e-01,1.49999295e+04,4.94111677e-03,7.12940926e-01,7.12940926e-01,6.91379205e-02,2.76551682e-01,1.90027979e-04,2.28033574e-03,2.13219949e-06,2.77185933e-05,4.60684715e-09,5.98890129e-08,5.71005039e-05,7.99407055e-04,2.81026883e-07,4.21540325e-06,1.30681215e-14,1.82953701e-13,1.11337431e-09,1.67006147e-08,3.62073837e-04,5.79318140e-03,1.37891035e-07,2.34414760e-06,5.93540974e-07,1.06837375e-05,1.10584009e-10,1.87992815e-09,5.05266683e-14,9.09480029e-13,7.17611355e-05,1.43522271e-03
2.50320398e-07,1.99999666e-01,1.49999249e+04,4.99906777e-03,7.12940913e-01,7.12940913e-01,6.91379327e-02,2.76551731e-01,1.90032174e-04,2.28038609e-03,2.13218900e-06,2.77184569e-05,4.90881679e-09,6.38146183e-08,5.71004431e-05,7.99406203e-04,2.84262644e-07,4.26393966e-06,1.48372446e-14,2.07721424e-13,1.18634096e-09,1.77951143e-08,3.62073831e-04,5.79318130e-03,1.37889377e-07,2.34411941e-06,5.85763070e-07,1.05437353e-05,1.17831385e-10,2.00313355e-09,5.38372311e-14,9.69070160e-13,7.17611355e-05,1.43522271e-03
2.66725884e-07,1.99999644e-01,1.49999200e+04,5.05789616e-03,7.12940900e-01,7.12940900e-01,6.91379457e-02,2.76551783e-01,1.90036699e-04,2.28044039e-03,2.13217782e-06,2.77183116e-05,5.23058379e-09,6.79975893e-08,5.71003783e-05,7.99405296e-04,2.87543695e-07,4.31315542e-06,1.68458730e-14,2.35842222e-13,1.26408946e-09,1.89613419e-08,3.62073824e-04,5.79318119e-03,1.37887610e-07,2.34408938e-06,5.77587558e-07,1.03965760e-05,1.25553730e-10,2.13441341e-09,5.73646463e-14,1.03256363e-12,7.17611355e-05,1.43522271e-03
2.84206552e-07,1.99999621e-01,1.49999147e+04,5.11735065e-03,7.12940885e-01,7.12940885e-01,6.91379594e-02,2.76551838e-01,1.90041581e-04,2.28049897e-03,2.13216591e-06,2.77181568e-05,5.57344666e-09,7.24548066e-08,5.71003092e-05,7.99404329e-04,2.90855372e-07,4.36283058e-06,1.91264328e-14,2.67770059e-13,1.34693320e-09,2.02039979e-08,3.62073817e-04,5.79318108e-03,1.37885728e-07,2.34405738e-06,5.69001779e-07,1.02420320e-05,1.33782171e-10,2.27429690e-09,6.11231101e-14,1.10021598e-12,7.17611355e-05,1.43522271e-03
3.02832867e-07,1.99999596e-01,1.49999092e+04,5.17713740e-03,7.12940870e-01,7.12940870e-01,6.91379740e-02,2.76551896e-01,1.90046847e-04,2.28056216e-03,2.13215322e-06,2.77179918e-05,5.93878917e-09,7.72042592e-08,5.71002357e-05,7.99403299e-04,2.94180560e-07,4.41270840e-06,2.17157404e-14,3.04020366e-13,1.43520606e-09,2.15280908e-08,3.62073810e-04,5.79318096e-03,1.37883722e-07,2.34402328e-06,5.59993718e-07,1.00798869e-05,1.42549873e-10,2.42334785e-09,6.51277475e-14,1.17229945e-12,7.17611355e-05,1.43522271e-03
3.22679912e-07,1.99999570e-01,1.49999032e+04,5.23691651e-03,7.12940854e-01,7.12940854e-01,6.91379895e-02,2.76551958e-01,1.90052525e-04,2.28063030e-03,2.13213969e-06,2.77178160e-05,6.32808596e-09,8.22651175e-08,5.71001572e-05,7.99402201e-04,2.97499492e-07,4.46249239e-06,2.46555973e-14,3.45178362e-13,1.52926381e-09,2.29389572e-08,3.62073802e-04,5.79318083e-03,1.37881585e-07,2.34398695e-06,5.50552180e-07,9.90993924e-06,1.51892179e-10,2.58216704e-09,6.93946719e-14,1.24910409e-12,7.17611355e-05,1.43522271e-03
3.43827692e-07,1.99999542e-01,1.49998969e+04,5.29629844e-03,7.12940837e-01,7.12940837e-01,6.91380059e-02,2.76552023e-01,1.90058649e-04,2.28070378e-03,2.13212528e-06,2.77176287e-05,6.74290852e-09,8.76578108e-08,5.71000737e-05,7.99401032e-04,3.00789546e-07,4.51184319e-06,2.79934647e-14,3.91908506e-13,1.62948556e-09,2.44422834e-08,3.62073793e-04,5.79318069e-03,1.37879308e-07,2.34394823e-06,5.40666988e-07,9.73200578e-06,1.61846744e-10,2.75139465e-09,7.39410504e-14,1.33093891e-12,7.17611355e-05,1.43522271e-03
3.66361454e-07,1.99999512e-01,1.49998901e+04,5.35484064e-03,7.12940819e-01,7.12940819e-01,6.91380232e-02,2.76552093e-01,1.90065249e-04,2.28078299e-03,2.13210993e-06,2.77174291e-05,7.18493155e-09,9.34041102e-08,5.70999847e-05,7.99399786e-04,3.04025043e-07,4.56037565e-06,3.17832308e-14,4.44965231e-13,1.73627522e-09,2.60441283e-08,3.62073784e-04,5.79318055e-03,1.37876881e-07,2.34390698e-06,5.30329197e-07,9.54592554e-06,1.72453692e-10,2.93171276e-09,7.87851718e-14,1.41813309e-12,7.17611355e-05,1.43522271e-03
3.90372033e-07,1.99999480e-01,1.49998829e+04,5.41204439e-03,7.12940800e-01,7.12940800e-01,6.91380415e-02,2.76552166e-01,1.90072361e-04,2.28086834e-03,2.13209357e-06,2.77172164e-05,7.65593980e-09,9.95272174e-08,5.70998898e-05,7.99398458e-04,3.07177076e-07,4.60765613e-06,3.60860803e-14,5.05205125e-13,1.85006318e-09,2.77509477e-08,3.62073774e-04,5.79318039e-03,1.37874296e-07,2.34386303e-06,5.19531333e-07,9.35156399e-06,1.83755777e-10,3.12384820e-09,8.39465202e-14,1.51103736e-12,7.17611355e-05,1.43522271e-03
4.15956216e-07,1.99999445e-01,1.49998752e+04,5.46735211e-03,7.12940780e-01,7.12940780e-01,6.91380609e-02,2.76552243e-01,1.90080022e-04,2.28096026e-03,2.13207614e-06,2.77169898e-05,8.15783525e-09,1.06051858e-07,5.70997888e-05,7.99397043e-04,3.10213343e-07,4.65320015e-06,4.09714833e-14,5.73600766e-13,1.97130803e-09,2.95696205e-08,3.62073764e-04,5.79318023e-03,1.37871541e-07,2.34381620e-06,5.08267647e-07,9.14881764e-06,1.95798553e-10,3.32857540e-09,8.94458526e-14,1.61002535e-12,7.17611355e-05,1.43522271e-03
4.43217134e-07,1.99999409e-01,1.49998670e+04,5.52014519e-03,7.12940759e-01,7.12940759e-01,6.91380813e-02,2.76552325e-01,1.90088267e-04,2.28105921e-03,2.13205757e-06,2.77167484e-05,8.69264491e-09,1.13004384e-07,5.70996811e-05,7.99395535e-04,3.13098032e-07,4.69647048e-06,4.65183168e-14,6.51256435e-13,2.10049842e-09,3.15074763e-08,3.62073753e-04,5.79318005e-03,1.37868606e-07,2.34376630e-06,4.96534387e-07,8.93761896e-06,2.08630561e-10,3.54671953e-09,9.53052819e-14,1.71549507e-12,7.17611355e-05,1.43522271e-03
4.72264677e-07,1.99999370e-01,1.49998583e+04,5.56974256e-03,7.12940737e-01,7.12940737e-01,6.91381029e-02,2.76552412e-01,1.90097137e-04,2.28116565e-03,2.13203778e-06,2.77164911e-05,9.26252899e-09,1.20412877e-07,5.70995663e-05,7.99393929e-04,3.15791730e-07,4.73687596e-06,5.28161395e-14,7.39425952e-13,2.23815499e-09,3.35723248e-08,3.62073742e-04,5.79317987e-03,1.37865479e-07,2.34371314e-06,4.84330094e-07,8.71794169e-06,2.22303521e-10,3.77915987e-09,1.01548365e-13,1.82787057e-12,7.17611355e-05,1.43522271e-03
5.03215936e-07,1.99999329e-01,1.49998490e+04,5.61540025e-03,7.12940713e-01,7.12940713e-01,6.91381257e-02,2.76552503e-01,1.90106671e-04,2.28128005e-03,2.13201669e-06,2.77162170e-05,9.86978973e-09,1.28307267e-07,5.70994441e-05,7.99392217e-04,3.18251400e-07,4.77377101e-06,5.99666379e-14,8.39532930e-13,2.38483250e-09,3.57724876e-08,3.62073729e-04,5.79317967e-03,1.37862146e-07,2.34365649e-06,4.71655905e-07,8.48980630e-06,2.36872545e-10,4.02683326e-09,1.08200197e-13,1.94760355e-12,7.17611355e-05,1.43522271e-03
5.36195677e-07,1.99999285e-01,1.49998391e+04,5.65631208e-03,7.12940688e-01,7.12940688e-01,6.91381496e-02,2.76552598e-01,1.90116908e-04,2.28140290e-03,2.13199422e-06,2.77159249e-05,1.05168807e-08,1.36719450e-07,5.70993138e-05,7.99390393e-04,3.20430417e-07,4.80645625e-06,6.80852696e-14,9.53193774e-13,2.54112207e-09,3.81168311e-08,3.62073716e-04,5.79317946e-03,1.37858596e-07,2.34359612e-06,4.58515876e-07,8.25328576e-06,2.52396353e-10,4.29073799e-09,1.15287511e-13,2.07517520e-12,7.17611355e-05,1.43522271e-03
5.71336843e-07,1.99999238e-01,1.49998286e+04,5.69161188e-03,7.12940662e-01,7.12940662e-01,6.91381748e-02,2.76552699e-01,1.90127890e-04,2.28153468e-03,2.13197028e-06,2.77156136e-05,1.12064170e-08,1.45683421e-07,5.70991750e-05,7.99388450e-04,3.22278689e-07,4.83418034e-06,7.73031283e-14,1.08224380e-12,2.70765353e-09,4.06148029e-08,3.62073702e-04,5.79317924e-03,1.37854812e-07,2.34353181e-06,4.44917306e-07,8.00851150e-06,2.68937514e-10,4.57193773e-09,1.22838784e-13,2.21109812e-12,7.17611355e-05,1.43522271e-03
6.08781089e-07,1.99999188e-01,1.49998174e+04,5.72037733e-03,7.12940635e-01,7.12940635e-01,6.91382013e-02,2.76552805e-01,1.90139656e-04,2.28167587e-03,2.13194477e-06,2.77152820e-05,1.19411854e-08,1.55235410e-07,5.70990271e-05,7.99386379e-04,3.23742883e-07,4.85614324e-06,8.77690622e-14,1.22876687e-12,2.88509797e-09,4.32764695e-08,3.62073687e-04,5.79317900e-03,1.37850781e-07,2.34346328e-06,4.30871074e-07,7.75567934e-06,2.86562697e-10,4.87156586e-09,1.30884353e-13,2.35591835e-12,7.17611355e-05,1.43522271e-03
6.48679353e-07,1.99999135e-01,1.49998054e+04,5.74163584e-03,7.12940606e-01,7.12940606e-01,6.91382291e-02,2.76552916e-01,1.90152243e-04,2.28182692e-03,2.13191759e-06,2.77149286e-05,1.27241562e-08,1.65414030e-07,5.70988695e-05,7.99384173e-04,3.24766745e-07,4.87150118e-06,9.96520791e-14,1.39512911e-12,3.07417045e-09,4.61125567e-08,3.62073672e-04,5.79317875e-03,1.37846486e-07,2.34339026e-06,4.16391971e-07,7.49505548e-06,3.05342941e-10,5.19083000e-09,1.39456531e-13,2.51021755e-12,7.17611355e-05,1.43522271e-03
6.91192469e-07,1.99999078e-01,1.49997926e+04,5.75437271e-03,7.12940575e-01,7.12940575e-01,6.91382582e-02,2.76553033e-01,1.90165690e-04,2.28198828e-03,2.13188863e-06,2.77145521e-05,1.35584951e-08,1.76260436e-07,5.70987015e-05,7.99381822e-04,3.25291578e-07,4.87937367e-06,1.13144077e-13,1.58401708e-12,3.27563288e-09,4.91344931e-08,3.62073655e-04,5.79317848e-03,1.37841909e-07,2.34331246e-06,4.01499017e-07,7.22698231e-06,3.25353938e-10,5.53101695e-09,1.48589738e-13,2.67461528e-12,7.17611355e-05,1.43522271e-03
7.36491807e-07,1.99999018e-01,1.49997791e+04,5.75754191e-03,7.12940544e-01,7.12940544e-01,6.91382886e-02,2.76553154e-01,1.90180030e-04,2.28216036e-03,2.13185777e-06,2.77141509e-05,1.44475760e-08,1.87818488e-07,5.70985226e-05,7.99379316e-04,3.25256841e-07,4.87885261e-06,1.28462946e-13,1.79848124e-12,3.49029706e-09,5.23544559e-08,3.62073637e-04,5.79317819e-03,1.37837033e-07,2.34322957e-06,3.86215772e-07,6.95188390e-06,3.46676340e-10,5.89349778e-09,1.58320639e-13,2.84977149e-12,7.17611355e-05,1.43522271e-03
7.84759970e-07,1.99998954e-01,1.49997646e+04,5.75007964e-03,7.12940511e-01,7.12940511e-01,6.91383204e-02,2.76553281e-01,1.90195292e-04,2.28234350e-03,2.13182488e-06,2.77137235e-05,1.53949949e-08,2.00134934e-07,5.70983319e-05,7.99376647e-04,3.24600929e-07,4.86901393e-06,1.45856089e-13,2.04198525e-12,3.71902799e-09,5.57854198e-08,3.62073618e-04,5.79317789e-03,1.37831838e-07,2.34314124e-06,3.70570610e-07,6.67027098e-06,3.69396083e-10,6.27973341e-09,1.68688286e-13,3.03638915e-12,7.17611355e-05,1.43522271e-03
8.36191530e-07,1.99998885e-01,1.49997491e+04,5.73092101e-03,7.12940476e-01,7.12940476e-01,6.91383535e-02,2.76553414e-01,1.90211501e-04,2.28253801e-03,2.13178985e-06,2.77132680e-05,1.64045844e-08,2.13259597e-07,5.70981288e-05,7.99373803e-04,3.23262119e-07,4.84893179e-06,1.65604422e-13,2.31846191e-12,3.96274731e-09,5.94412097e-08,3.62073598e-04,5.79317756e-03,1.37826302e-07,2.34304713e-06,3.54596957e-07,6.38274523e-06,3.93604735e-10,6.69128050e-09,1.79734277e-13,3.23521698e-12,7.17611355e-05,1.43522271e-03
8.90993810e-07,1.99998812e-01,1.49997327e+04,5.69901997e-03,7.12940440e-01,7.12940440e-01,6.91383879e-02,2.76553552e-01,1.90228676e-04,2.28274411e-03,2.13175252e-06,2.77127827e-05,1.74804292e-08,2.27245579e-07,5.70979123e-05,7.99370772e-04,3.21179706e-07,4.81769560e-06,1.88026912e-13,2.63237677e-12,4.22243704e-09,6.33365556e-08,3.62073576e-04,5.79317722e-03,1.37820403e-07,2.34294686e-06,3.38333481e-07,6.09000265e-06,4.19399863e-10,7.12979767e-09,1.91502914e-13,3.44705246e-12,7.17611355e-05,1.43522271e-03
9.49387718e-07,1.99998734e-01,1.49997152e+04,5.65337249e-03,7.12940403e-01,7.12940403e-01,6.91384236e-02,2.76553695e-01,1.90246826e-04,2.28296191e-03,2.13171274e-06,2.77122656e-05,1.86268828e-08,2.42149476e-07,5.70976817e-05,7.99367543e-04,3.18295320e-07,4.77442981e-06,2.13485736e-13,2.98880030e-12,4.49914352e-09,6.74871528e-08,3.62073553e-04,5.79317685e-03,1.37814119e-07,2.34284002e-06,3.21824208e-07,5.79283575e-06,4.46885427e-10,7.59705226e-09,2.04041386e-13,3.67274495e-12,7.17611355e-05,1.43522271e-03
1.01160864e-06,1.99998651e-01,1.49996965e+04,5.59304304e-03,7.12940364e-01,7.12940364e-01,6.91384606e-02,2.76553842e-01,1.90265952e-04,2.28319142e-03,2.13167035e-06,2.77117146e-05,1.98485852e-08,2.58031608e-07,5.70974359e-05,7.99364102e-04,3.14554436e-07,4.71831654e-06,2.42392132e-13,3.39348985e-12,4.79398161e-09,7.19097241e-08,3.62073529e-04,5.79317646e-03,1.37807422e-07,2.34272618e-06,3.05118570e-07,5.49213426e-06,4.76172197e-10,8.09492735e-09,2.17399948e-13,3.91319906e-12,7.17611355e-05,1.43522271e-03
1.07790740e-06,1.99998563e-01,1.49996766e+04,5.51719412e-03,7.12940324e-01,7.12940324e-01,6.91384988e-02,2.76553995e-01,1.90286044e-04,2.28343253e-03,2.13162520e-06,2.77111275e-05,2.11504816e-08,2.74956261e-07,5.70971740e-05,7.99360436e-04,3.09908055e-07,4.64862082e-06,2.75213052e-13,3.85298273e-12,5.10813919e-09,7.66220878e-08,3.62073503e-04,5.79317604e-03,1.37800288e-07,2.34260489e-06,2.88271341e-07,5.18888413e-06,5.07378202e-10,8.62542943e-09,2.31632123e-13,4.16937822e-12,7.17611355e-05,1.43522271e-03
1.14855124e-06,1.99998469e-01,1.49996554e+04,5.42511849e-03,7.12940283e-01,7.12940283e-01,6.91385380e-02,2.76554152e-01,1.90307079e-04,2.28368495e-03,2.13157708e-06,2.77105020e-05,2.25378424e-08,2.92991952e-07,5.70968950e-05,7.99356530e-04,3.04314541e-07,4.56471811e-06,3.12478707e-13,4.37470190e-12,5.44288194e-09,8.16432291e-08,3.62073475e-04,5.79317559e-03,1.37792686e-07,2.34247566e-06,2.71342473e-07,4.88416452e-06,5.40629203e-10,9.19069644e-09,2.46794913e-13,4.44230843e-12,7.17611355e-05,1.43522271e-03
1.22382494e-06,1.99998368e-01,1.49996329e+04,5.31627355e-03,7.12940241e-01,7.12940241e-01,6.91385783e-02,2.76554313e-01,1.90329019e-04,2.28394823e-03,2.13152581e-06,2.77098355e-05,2.40162846e-08,3.12211699e-07,5.70965976e-05,7.99352367e-04,2.97741575e-07,4.46612363e-06,3.54791140e-13,4.96707597e-12,5.79955841e-09,8.69933761e-08,3.62073445e-04,5.79317512e-03,1.37784586e-07,2.34233797e-06,2.54396802e-07,4.57914243e-06,5.76059200e-10,9.79300639e-09,2.62949019e-13,4.73308234e-12,7.17611355e-05,1.43522271e-03
1.30403192e-06,1.99998261e-01,1.49996088e+04,5.19031690e-03,7.12940198e-01,7.12940198e-01,6.91386195e-02,2.76554478e-01,1.90351810e-04,2.28422172e-03,2.13147118e-06,2.77091253e-05,2.55917941e-08,3.32693324e-07,5.70962808e-05,7.99347932e-04,2.90168188e-07,4.35252282e-06,4.02833962e-13,5.63967547e-12,6.17960547e-09,9.26940821e-08,3.62073413e-04,5.79317461e-03,1.37775957e-07,2.34219126e-06,2.37503604e-07,4.27506487e-06,6.13810972e-10,1.04347865e-08,2.80159082e-13,5.04286348e-12,7.17611355e-05,1.43522271e-03
1.38949549e-06,1.99998147e-01,1.49995832e+04,5.04714215e-03,7.12940153e-01,7.12940153e-01,6.91386614e-02,2.76554646e-01,1.90375380e-04,2.28450456e-03,2.13141297e-06,2.77083686e-05,2.72707504e-08,3.54519756e-07,5.70959433e-05,7.99343206e-04,2.81586790e-07,4.22380185e-06,4.57383400e-13,6.40336761e-12,6.58455408e-09,9.87683112e-08,3.62073379e-04,5.79317407e-03,1.37766762e-07,2.34203495e-06,2.20736010e-07,3.97324819e-06,6.54036652e-10,1.11186231e-08,2.98493936e-13,5.37289086e-12,7.17611355e-05,1.43522271e-03
1.48056018e-06,1.99998026e-01,1.49995558e+04,4.88691330e-03,7.12940109e-01,7.12940109e-01,6.91387040e-02,2.76554816e-01,1.90399640e-04,2.28479568e-03,2.13135095e-06,2.77075624e-05,2.90599517e-08,3.77779372e-07,5.70955836e-05,7.99338170e-04,2.72005134e-07,4.08007701e-06,5.19320849e-13,7.27049189e-12,7.01603541e-09,1.05240531e-07,3.62073343e-04,5.79317349e-03,1.37756965e-07,2.34186841e-06,2.04170250e-07,3.67506450e-06,6.96898340e-10,1.18472718e-08,3.18026877e-13,5.72448378e-12,7.17611355e-05,1.43522271e-03
1.57759306e-06,1.99997897e-01,1.49995267e+04,4.71009656e-03,7.12940063e-01,7.12940063e-01,6.91387469e-02,2.76554988e-01,1.90424478e-04,2.28509374e-03,2.13128487e-06,2.77067033e-05,3.09666421e-08,4.02566348e-07,5.70952003e-05,7.99332805e-04,2.61448122e-07,3.92172183e-06,5.89647121e-13,8.25505969e-12,7.47578747e-09,1.12136812e-07,3.62073304e-04,5.79317287e-03,1.37746528e-07,2.34169097e-06,1.87884730e-07,3.38192513e-06,7.42568753e-10,1.26236688e-08,3.38835943e-13,6.09904698e-12,7.17611355e-05,1.43522271e-03
1.68098528e-06,1.99997759e-01,1.49994957e+04,4.51748716e-03,7.12940017e-01,7.12940017e-01,6.91387901e-02,2.76555160e-01,1.90449765e-04,2.28539719e-03,2.13121446e-06,2.77057880e-05,3.29985410e-08,4.28981034e-07,5.70947920e-05,7.99327088e-04,2.49959331e-07,3.74938996e-06,6.69498620e-13,9.37298068e-12,7.96566200e-09,1.19484930e-07,3.62073263e-04,5.79317220e-03,1.37735407e-07,2.34150192e-06,1.71958947e-07,3.09526105e-06,7.91231922e-10,1.34509427e-08,3.61004228e-13,6.49807611e-12,7.17611355e-05,1.43522271e-03
1.79115361e-06,1.99997612e-01,1.49994627e+04,4.31022928e-03,7.12939971e-01,7.12939971e-01,6.91388333e-02,2.76555333e-01,1.90475351e-04,2.28570421e-03,2.13113944e-06,2.77048127e-05,3.51638735e-08,4.57130355e-07,5.70943568e-05,7.99320996e-04,2.37602140e-07,3.56403210e-06,7.60165717e-13,1.06423200e-11,8.48763201e-09,1.27314480e-07,3.62073218e-04,5.79317149e-03,1.37723558e-07,2.34130049e-06,1.56472252e-07,2.81650053e-06,8.43083935e-10,1.43324269e-08,3.84620194e-13,6.92316349e-12,7.17611355e-05,1.43522271e-03
1.90854214e-06,1.99997455e-01,1.49994274e+04,4.08982702e-03,7.12939925e-01,7.12939925e-01,6.91388762e-02,2.76555505e-01,1.90501065e-04,2.28601278e-03,2.13105950e-06,2.77037735e-05,3.74714029e-08,4.87128238e-07,5.70938932e-05,7.99314505e-04,2.24460351e-07,3.36690527e-06,8.63113601e-13,1.20835904e-11,9.04379962e-09,1.35656994e-07,3.62073171e-04,5.79317073e-03,1.37710934e-07,2.34108588e-06,1.41502458e-07,2.54704424e-06,8.98333723e-10,1.52716733e-08,4.09778019e-13,7.37600434e-12,7.17611355e-05,1.43522271e-03
2.03362408e-06,1.99997289e-01,1.49993899e+04,3.85814430e-03,7.12939879e-01,7.12939879e-01,6.91389186e-02,2.76555675e-01,1.90526719e-04,2.28632063e-03,2.13097433e-06,2.77026663e-05,3.99304660e-08,5.19096058e-07,5.70933992e-05,7.99307589e-04,2.10638172e-07,3.15957257e-06,9.80005958e-13,1.37200834e-11,9.63640456e-09,1.44546068e-07,3.62073119e-04,5.79316991e-03,1.37697484e-07,2.34085724e-06,1.27124350e-07,2.28823830e-06,9.57203900e-10,1.62724663e-08,4.36577958e-13,7.85840324e-12,7.17611355e-05,1.43522271e-03
2.16690364e-06,1.99997111e-01,1.49993499e+04,3.61739124e-03,7.12939834e-01,7.12939834e-01,6.91389603e-02,2.76555841e-01,1.90552111e-04,2.28662533e-03,2.13088359e-06,2.77014866e-05,4.25510097e-08,5.53163126e-07,5.70928728e-05,7.99300219e-04,1.96259429e-07,2.94389143e-06,1.11273185e-12,1.55782460e-11,1.02678331e-08,1.54017497e-07,3.62073065e-04,5.79316904e-03,1.37683155e-07,2.34061363e-06,1.13408108e-07,2.04134594e-06,1.01993166e-09,1.73388383e-08,4.65126730e-13,8.37228113e-12,7.17611355e-05,1.43522271e-03
2.30891806e-06,1.99996921e-01,1.49993073e+04,3.37009601e-03,7.12939790e-01,7.12939790e-01,6.91390010e-02,2.76556004e-01,1.90577023e-04,2.28692427e-03,2.13078690e-06,2.77002297e-05,4.53436302e-08,5.89467192e-07,5.70923120e-05,7.99292367e-04,1.81465949e-07,2.72198924e-06,1.26343625e-12,1.76881076e-11,1.09406278e-08,1.64109417e-07,3.62073006e-04,5.79316810e-03,1.37667888e-07,2.34035409e-06,1.00417700e-07,1.80751860e-06,1.08676975e-09,1.84750857e-08,4.95537925e-13,8.91968264e-12,7.17611355e-05,1.43522271e-03
2.46023982e-06,1.99996720e-01,1.49992619e+04,3.11906082e-03,7.12939747e-01,7.12939747e-01,6.91390403e-02,2.76556161e-01,1.90601232e-04,2.28721478e-03,2.13068388e-06,2.76988904e-05,4.83196149e-08,6.28154994e-07,5.70917143e-05,7.99284001e-04,1.66415037e-07,2.49622555e-06,1.43455466e-12,2.00837653e-11,1.16574974e-08,1.74862461e-07,3.62072943e-04,5.79316709e-03,1.37651622e-07,2.34007758e-06,8.82092966e-08,1.58776734e-06,1.15798743e-09,1.96857863e-08,5.27932440e-13,9.50278393e-12,7.17611355e-05,1.43522271e-03
2.62147890e-06,1.99996505e-01,1.49992136e+04,2.86730165e-03,7.12939705e-01,7.12939705e-01,6.91390781e-02,2.76556312e-01,1.90624509e-04,2.28749411e-03,2.13057411e-06,2.76974635e-05,5.14909871e-08,6.69382832e-07,5.70910776e-05,7.99275086e-04,1.51276018e-07,2.26914027e-06,1.62885247e-12,2.28039345e-11,1.24213279e-08,1.86319919e-07,3.62072876e-04,5.79316601e-03,1.37634293e-07,2.33978298e-06,7.68297724e-08,1.38293590e-06,1.23387163e-09,2.09758177e-08,5.62438941e-13,1.01239009e-11,7.17611355e-05,1.43522271e-03
2.79328525e-06,1.99996276e-01,1.49991620e+04,2.61797277e-03,7.12939664e-01,7.12939664e-01,6.91391141e-02,2.76556456e-01,1.90646629e-04,2.28775955e-03,2.13045716e-06,2.76959431e-05,5.48705529e-08,7.13317188e-07,5.70903991e-05,7.99265587e-04,1.36225921e-07,2.04338881e-06,1.84946957e-12,2.58925739e-11,1.32351944e-08,1.98527915e-07,3.62072803e-04,5.79316486e-03,1.37615831e-07,2.33946912e-06,6.63153636e-08,1.19367654e-06,1.31472806e-09,2.23503770e-08,5.99194343e-13,1.07854982e-11,7.17611355e-05,1.43522271e-03
2.97635144e-06,1.99996032e-01,1.49991071e+04,2.37427785e-03,7.12939626e-01,7.12939626e-01,6.91391480e-02,2.76556592e-01,1.90667375e-04,2.28800850e-03,2.13033255e-06,2.76943232e-05,5.84719521e-08,7.60135377e-07,5.70896761e-05,7.99255466e-04,1.21444386e-07,1.82166579e-06,2.09997107e-12,2.93995950e-11,1.41023726e-08,2.11535589e-07,3.62072726e-04,5.79316361e-03,1.37596161e-07,2.33913474e-06,5.66905505e-08,1.02042991e-06,1.40088244e-09,2.38150015e-08,6.38344337e-13,1.14901981e-11,7.17611355e-05,1.43522271e-03
3.17141542e-06,1.99995771e-01,1.49990486e+04,2.13937061e-03,7.12939589e-01,7.12939589e-01,6.91391798e-02,2.76556719e-01,1.90686543e-04,2.28823851e-03,2.13019979e-06,2.76925973e-05,6.23097115e-08,8.10026250e-07,5.70889058e-05,7.99244682e-04,1.07107979e-07,1.60661969e-06,2.38440482e-12,3.33816675e-11,1.50263530e-08,2.25395295e-07,3.62072643e-04,5.79316228e-03,1.37575206e-07,2.33877851e-06,4.79672407e-08,8.63410333e-07,1.49268182e-09,2.53755910e-08,6.80043932e-13,1.22407908e-11,7.17611355e-05,1.43522271e-03
3.37926348e-06,1.99995494e-01,1.49989863e+04,1.91624980e-03,7.12939554e-01,7.12939554e-01,6.91392091e-02,2.76556836e-01,1.90703951e-04,2.28844742e-03,2.13005834e-06,2.76907584e-05,6.63993028e-08,8.63190937e-07,5.70880851e-05,7.99233191e-04,9.33841830e-08,1.40076274e-06,2.70736671e-12,3.79031339e-11,1.60108539e-08,2.40162809e-07,3.62072554e-04,5.79316086e-03,1.37552882e-07,2.33839899e-06,4.01443102e-08,7.22597583e-07,1.59049599e-09,2.70384318e-08,7.24458035e-13,1.30402446e-11,7.17611355e-05,1.43522271e-03
3.60073348e-06,1.99995199e-01,1.49989198e+04,1.70765361e-03,7.12939522e-01,7.12939522e-01,6.91392359e-02,2.76556943e-01,1.90719446e-04,2.28863335e-03,2.12990762e-06,2.76887991e-05,7.07572035e-08,9.19843646e-07,5.70872105e-05,7.99220947e-04,8.04253494e-08,1.20638024e-06,3.07407477e-12,4.30370468e-11,1.70598372e-08,2.55897558e-07,3.62072458e-04,5.79315933e-03,1.37529099e-07,2.33799468e-06,3.32075614e-08,5.97736105e-07,1.69471892e-09,2.88102216e-08,7.71762066e-13,1.38917172e-11,7.17611355e-05,1.43522271e-03
3.83671818e-06,1.99994884e-01,1.49988490e+04,1.51596020e-03,7.12939492e-01,7.12939492e-01,6.91392601e-02,2.76557040e-01,1.90732903e-04,2.28879484e-03,2.12974705e-06,2.76867117e-05,7.54009623e-08,9.80212510e-07,5.70862787e-05,7.99207902e-04,6.83630087e-08,1.02544513e-06,3.49045338e-12,4.88663473e-11,1.81775233e-08,2.72662850e-07,3.62072356e-04,5.79315769e-03,1.37503762e-07,2.33756395e-06,2.71301261e-08,4.88342270e-07,1.80577039e-09,3.06980966e-08,8.22142608e-13,1.47985669e-11,7.17611355e-05,1.43522271e-03
4.08816882e-06,1.99994549e-01,1.49987736e+04,1.34310085e-03,7.12939464e-01,7.12939464e-01,6.91392816e-02,2.76557126e-01,1.90744238e-04,2.28893086e-03,2.12957597e-06,2.76844876e-05,8.03492690e-08,1.04454050e-06,5.70852858e-05,7.99194002e-04,5.73028925e-08,8.59543387e-07,3.96322870e-12,5.54852018e-11,1.93684088e-08,2.90526133e-07,3.62072246e-04,5.79315594e-03,1.37476770e-07,2.33710509e-06,2.18733287e-08,3.93719916e-07,1.92409766e-09,3.27096603e-08,8.75798092e-13,1.57643657e-11,7.17611355e-05,1.43522271e-03
4.35609903e-06,1.99994192e-01,1.49986932e+04,1.19049242e-03,7.12939438e-01,7.12939438e-01,6.91393006e-02,2.76557202e-01,1.90753404e-04,2.28904085e-03,2.12939369e-06,2.76821180e-05,8.56220289e-08,1.11308638e-06,5.70842279e-05,7.99179191e-04,4.73210617e-08,7.09815925e-07,4.50003713e-12,6.30005199e-11,2.06372842e-08,3.09559263e-07,3.62072129e-04,5.79315406e-03,1.37448016e-07,2.33661627e-06,1.73879918e-08,3.12983853e-07,2.05017727e-09,3.48530136e-08,9.32939524e-13,1.67929114e-11,7.17611355e-05,1.43522271e-03
4.64158883e-06,1.99993811e-01,1.49986076e+04,1.05899480e-03,7.12939415e-01,7.12939415e-01,6.91393170e-02,2.76557268e-01,1.90760393e-04,2.28912471e-03,2.12919949e-06,2.76795934e-05,9.12404428e-08,1.18612576e-06,5.70831007e-05,7.99163410e-04,3.84614593e-08,5.76921890e-07,5.10954835e-12,7.15336769e-11,2.19892528e-08,3.29838791e-07,3.62072003e-04,5.79315205e-03,1.37417385e-07,2.33609554e-06,1.36161409e-08,2.45090536e-07,2.18451693e-09,3.71367878e-08,9.93791249e-13,1.78882425e-11,7.17611355e-05,1.43522271e-03
4.94578905e-06,1.99993406e-01,1.49985163e+04,9.48897570e-04,7.12939393e-01,7.12939393e-01,6.91393310e-02,2.76557324e-01,1.90765235e-04,2.28918282e-03,2.12899259e-06,2.76769036e-05,9.72270914e-08,1.26395219e-06,5.70818997e-05,7.99146596e-04,3.07351301e-08,4.61026952e-07,5.80160498e-12,8.12224697e-11,2.34297513e-08,3.51446270e-07,3.62071869e-04,5.79314990e-03,1.37384754e-07,2.33554082e-06,1.04930323e-08,1.88874581e-07,2.32765759e-09,3.95701791e-08,1.05859176e-12,1.90546517e-11,7.17611355e-05,1.43522271e-03
5.26992593e-06,1.99992974e-01,1.49984191e+04,8.59937943e-04,7.12939373e-01,7.12939373e-01,6.91393427e-02,2.76557371e-01,1.90767997e-04,2.28921596e-03,2.12877215e-06,2.76740379e-05,1.03606027e-07,1.34687835e-06,5.70806200e-05,7.99128680e-04,2.41212248e-08,3.61818373e-07,6.58738112e-12,9.22233357e-11,2.49645718e-08,3.74468577e-07,3.62071725e-04,5.79314761e-03,1.37349994e-07,2.33494990e-06,7.94940546e-09,1.43089298e-07,2.48017561e-09,4.21629853e-08,1.12759456e-12,2.02967022e-11,7.17611355e-05,1.43522271e-03
5.61530608e-06,1.99992513e-01,1.49983155e+04,7.91349443e-04,7.12939354e-01,7.12939354e-01,6.91393524e-02,2.76557409e-01,1.90768773e-04,2.28922528e-03,2.12853729e-06,2.76709848e-05,1.10402868e-07,1.43523728e-06,5.70792565e-05,7.99109591e-04,1.85697595e-08,2.78546393e-07,7.47956231e-12,1.04713872e-10,2.65998843e-08,3.98998264e-07,3.62071572e-04,5.79314515e-03,1.37312967e-07,2.33432044e-06,5.91383821e-09,1.06449088e-07,2.64268503e-09,4.49256455e-08,1.20106905e-12,2.16192429e-11,7.17611355e-05,1.43522271e-03
5.98332173e-06,1.99992022e-01,1.49982051e+04,7.41938093e-04,7.12939337e-01,7.12939337e-01,6.91393602e-02,2.76557441e-01,1.90767682e-04,2.28921219e-03,2.12828708e-06,2.76677321e-05,1.17644905e-07,1.52938376e-06,5.70778037e-05,7.99089252e-04,1.40059415e-08,2.10089122e-07,8.49254978e-12,1.18895697e-10,2.83422617e-08,4.25133925e-07,3.62071408e-04,5.79314253e-03,1.37273525e-07,2.33364993e-06,4.31507238e-09,7.76713028e-08,2.81584010e-09,4.78692816e-08,1.27930147e-12,2.30274264e-11,7.17611355e-05,1.43522271e-03
6.37545637e-06,1.99991500e-01,1.49980875e+04,7.10180142e-04,7.12939321e-01,7.12939321e-01,6.91393664e-02,2.76557466e-01,1.90764858e-04,2.28917830e-03,2.12802051e-06,2.76642667e-05,1.25361208e-07,1.62969571e-06,5.70762558e-05,7.99067581e-04,1.03357243e-08,1.55035864e-07,9.64269229e-12,1.34997692e-10,3.01987060e-08,4.52980590e-07,3.62071234e-04,5.79313974e-03,1.37231512e-07,2.33293571e-06,3.08417805e-09,5.55152048e-08,3.00033784e-09,5.10057433e-08,1.36259591e-12,2.45267264e-11,7.17611355e-05,1.43522271e-03
6.79329072e-06,1.99990942e-01,1.49979622e+04,6.94333325e-04,7.12939306e-01,7.12939306e-01,6.91393712e-02,2.76557485e-01,1.90760441e-04,2.28912529e-03,2.12773652e-06,2.76605747e-05,1.33582746e-07,1.73657569e-06,5.70746065e-05,7.99044490e-04,7.45213288e-09,1.11781993e-07,1.09485493e-11,1.53279690e-10,3.21766760e-08,4.82650140e-07,3.62071047e-04,5.79313675e-03,1.37186761e-07,2.33217494e-06,2.15643466e-09,3.88158240e-08,3.19692088e-09,5.43476550e-08,1.45127535e-12,2.61229564e-11,7.17611355e-05,1.43522271e-03
7.23850907e-06,1.99990349e-01,1.49978286e+04,6.92552354e-04,7.12939291e-01,7.12939291e-01,6.91393748e-02,2.76557499e-01,1.90754569e-04,2.28905483e-03,2.12743396e-06,2.76566415e-05,1.42342505e-07,1.85045257e-06,5.70728491e-05,7.99019888e-04,5.24182762e-09,7.86274142e-08,1.24311895e-11,1.74036652e-10,3.42841170e-08,5.14261755e-07,3.62070848e-04,5.79313357e-03,1.37139095e-07,2.33136462e-06,1.47283144e-09,2.65109660e-08,3.40638042e-09,5.79084671e-08,1.54568278e-12,2.78222900e-11,7.17611355e-05,1.43522271e-03
7.71290612e-06,1.99989716e-01,1.49976863e+04,7.02999125e-04,7.12939276e-01,7.12939276e-01,6.91393776e-02,2.76557510e-01,1.90747373e-04,2.28896848e-03,2.12711163e-06,2.76524512e-05,1.51675629e-07,1.97178317e-06,5.70709768e-05,7.98993675e-04,3.59136410e-09,5.38704615e-08,1.41145300e-11,1.97603420e-10,3.65294925e-08,5.47942388e-07,3.62070636e-04,5.79313017e-03,1.37088326e-07,2.33050154e-06,9.81122240e-10,1.76602003e-08,3.62955938e-09,6.17025094e-08,1.64618229e-12,2.96312813e-11,7.17611355e-05,1.43522271e-03
8.21839418e-06,1.99989042e-01,1.49975347e+04,7.23939092e-04,7.12939261e-01,7.12939261e-01,6.91393795e-02,2.76557518e-01,1.90738968e-04,2.28886762e-03,2.12676825e-06,2.76479872e-05,1.61619550e-07,2.10105415e-06,5.70689818e-05,7.98965745e-04,2.39266068e-09,3.58899102e-08,1.60257211e-11,2.24360096e-10,3.89218178e-08,5.83827267e-07,3.62070409e-04,5.79312655e-03,1.37034251e-07,2.32958227e-06,6.36409088e-10,1.14553636e-08,3.86735581e-09,6.57450487e-08,1.75316037e-12,3.15568866e-11,7.17611355e-05,1.43522271e-03
8.75701089e-06,1.99988324e-01,1.49973731e+04,7.53817238e-04,7.12939246e-01,7.12939246e-01,6.91393810e-02,2.76557524e-01,1.90729451e-04,2.28875341e-03,2.12640243e-06,2.76432316e-05,1.72214145e-07,2.23878389e-06,5.70668562e-05,7.98935987e-04,1.54729809e-09,2.32094713e-08,1.81955827e-11,2.54738158e-10,4.14706955e-08,6.22060433e-07,3.62070168e-04,5.79312269e-03,1.36976659e-07,2.32860320e-06,4.01269556e-10,7.22285202e-09,4.12072645e-09,7.00523497e-08,1.86702708e-12,3.36064874e-11,7.17611355e-05,1.43522271e-03
9.33092744e-06,1.99987559e-01,1.49972010e+04,7.91309788e-04,7.12939231e-01,7.12939231e-01,6.91393820e-02,2.76557528e-01,1.90718893e-04,2.28862672e-03,2.12601272e-06,2.76381654e-05,1.83501891e-07,2.38552458e-06,5.70645915e-05,7.98904281e-04,9.69432169e-10,1.45414825e-08,2.06591000e-11,2.89227400e-10,4.41863540e-08,6.62795309e-07,3.62069911e-04,5.79311858e-03,1.36915322e-07,2.32756047e-06,2.45480257e-10,4.41864463e-09,4.39069060e-09,7.46417402e-08,1.98821744e-12,3.57879139e-11,7.17611355e-05,1.43522271e-03
9.94245730e-06,1.99986744e-01,1.49970176e+04,8.35350900e-04,7.12939215e-01,7.12939215e-01,6.91393826e-02,2.76557531e-01,1.90707346e-04,2.28848815e-03,2.12559757e-06,2.76327684e-05,1.95528029e-07,2.54186438e-06,5.70621785e-05,7.98870499e-04,5.87274386e-10,8.80911579e-09,2.34559860e-11,3.28383804e-10,4.70796874e-08,7.06195311e-07,3.62069637e-04,5.79311419e-03,1.36849998e-07,2.32644996e-06,1.45418170e-10,2.61752705e-09,4.67833415e-09,7.95316806e-08,2.11719278e-12,3.81094700e-11,7.17611355e-05,1.43522271e-03
1.05940656e-05,1.99985875e-01,1.49968221e+04,8.85136380e-04,7.12939198e-01,7.12939198e-01,6.91393831e-02,2.76557533e-01,1.90694836e-04,2.28833803e-03,2.12515532e-06,2.76270191e-05,2.08340750e-07,2.70842975e-06,5.70596076e-05,7.98834506e-04,3.43258843e-10,5.14888264e-09,2.66313195e-11,3.72838473e-10,5.01622992e-08,7.52434488e-07,3.62069345e-04,5.79310952e-03,1.36780430e-07,2.32526731e-06,8.32391459e-11,1.49830463e-09,4.98481395e-09,8.47418371e-08,2.25444215e-12,4.05799586e-11,7.17611355e-05,1.43522271e-03
1.12883789e-05,1.99984949e-01,1.49966139e+04,9.40108778e-04,7.12939180e-01,7.12939180e-01,6.91393835e-02,2.76557534e-01,1.90681368e-04,2.28817642e-03,2.12468420e-06,2.76208946e-05,2.21991377e-07,2.88588790e-06,5.70568684e-05,7.98796157e-04,1.93143560e-10,2.89715340e-09,3.02362694e-11,4.23307771e-10,5.34465477e-08,8.01698215e-07,3.62069033e-04,5.79310453e-03,1.36706347e-07,2.32400789e-06,4.59376402e-11,8.26877524e-10,5.31136240e-09,9.02931608e-08,2.40048384e-12,4.32087092e-11,7.17611355e-05,1.43522271e-03
1.20281961e-05,1.99983963e-01,1.49963920e+04,9.99929559e-04,7.12939161e-01,7.12939161e-01,6.91393838e-02,2.76557535e-01,1.90666931e-04,2.28800318e-03,2.12418236e-06,2.76143706e-05,2.36534572e-07,3.07494943e-06,5.70539499e-05,7.98755299e-04,1.04370501e-10,1.56555751e-09,3.43289166e-11,4.80604832e-10,5.69455948e-08,8.54183921e-07,3.62068702e-04,5.79309923e-03,1.36627456e-07,2.32266676e-06,2.43839168e-11,4.38910503e-10,5.65929242e-09,9.62079712e-08,2.55586692e-12,4.60056046e-11,7.17611355e-05,1.43522271e-03
1.28164995e-05,1.99982912e-01,1.49961555e+04,1.06444433e-03,7.12939141e-01,7.12939141e-01,6.91393840e-02,2.76557536e-01,1.90651495e-04,2.28781794e-03,2.12364778e-06,2.76074211e-05,2.52028545e-07,3.27637109e-06,5.70508405e-05,7.98711766e-04,5.40271766e-11,8.10407648e-10,3.89751864e-11,5.45652610e-10,6.06734578e-08,9.10101868e-07,3.62068348e-04,5.79309357e-03,1.36543451e-07,2.32123867e-06,1.24172584e-11,2.23510651e-10,6.03000264e-09,1.02510045e-07,2.72117281e-12,4.89811106e-11,7.17611355e-05,1.43522271e-03
1.36564666e-05,1.99981792e-01,1.49959036e+04,1.13364656e-03,7.12939120e-01,7.12939120e-01,6.91393842e-02,2.76557537e-01,1.90635017e-04,2.28762020e-03,2.12307834e-06,2.76000185e-05,2.68535289e-07,3.49095876e-06,5.70475275e-05,7.98665386e-04,2.67186528e-11,4.00779792e-10,4.42499066e-11,6.19498692e-10,6.46450649e-08,9.69675973e-07,3.62067971e-04,5.79308754e-03,1.36454003e-07,2.31971805e-06,6.05002148e-12,1.08900387e-10,6.42498299e-09,1.09224711e-07,2.89701693e-12,5.21463048e-11,7.17611355e-05,1.43522271e-03
1.45514834e-05,1.99980599e-01,1.49956352e+04,1.20764397e-03,7.12939097e-01,7.12939097e-01,6.91393844e-02,2.76557538e-01,1.90617442e-04,2.28740931e-03,2.12247180e-06,2.75921334e-05,2.86120814e-07,3.71957058e-06,5.70439979e-05,7.98615971e-04,1.25876500e-11,1.88814750e-10,5.02380076e-11,7.03332107e-10,6.88763129e-08,1.03314469e-06,3.62067569e-04,5.79308111e-03,1.36358763e-07,2.31809898e-06,2.81217002e-12,5.06190603e-11,6.84582063e-09,1.16378951e-07,3.08405040e-12,5.55129072e-11,7.17611356e-05,1.43522271e-03
1.55051578e-05,1.99979328e-01,1.49953492e+04,1.28663015e-03,7.12939072e-01,7.12939072e-01,6.91393846e-02,2.76557538e-01,1.90598710e-04,2.28718451e-03,2.12182573e-06,2.75837345e-05,3.04855409e-07,3.96312031e-06,5.70402373e-05,7.98563323e-04,5.63234692e-12,8.44852038e-11,5.70358850e-11,7.98502390e-10,7.33841304e-08,1.10076196e-06,3.62067141e-04,5.79307426e-03,1.36257363e-07,2.31637517e-06,1.24320350e-12,2.23776631e-11,7.29420630e-09,1.24001507e-07,3.28296176e-12,5.90933117e-11,7.17611356e-05,1.43522271e-03
1.65213341e-05,1.99977973e-01,1.49950444e+04,1.37086269e-03,7.12939047e-01,7.12939047e-01,6.91393848e-02,2.76557539e-01,1.90578747e-04,2.28694497e-03,2.12113759e-06,2.75747887e-05,3.24813915e-07,4.22258090e-06,5.70362308e-05,7.98507232e-04,2.38596641e-12,3.57894961e-11,6.47529439e-11,9.06541215e-10,7.81865435e-08,1.17279815e-06,3.62066685e-04,5.79306696e-03,1.36149409e-07,2.31453995e-06,5.20995652e-13,9.37792173e-12,7.77194100e-09,1.32122997e-07,3.49447873e-12,6.29006172e-11,7.17611356e-05,1.43522271e-03
1.76041084e-05,1.99976529e-01,1.49947197e+04,1.46064749e-03,7.12939019e-01,7.12939019e-01,6.91393850e-02,2.76557540e-01,1.90557478e-04,2.28668974e-03,2.12040465e-06,2.75652604e-05,3.46076016e-07,4.49898821e-06,5.70319623e-05,7.98447472e-04,9.53741813e-13,1.43061272e-11,7.35133525e-11,1.02918694e-09,8.33027462e-08,1.24954119e-06,3.62066199e-04,5.79305918e-03,1.36034483e-07,2.31258621e-06,2.06252603e-13,3.71254686e-12,8.28094316e-09,1.40776034e-07,3.71937000e-12,6.69486601e-11,7.17611356e-05,1.43522271e-03
1.87578456e-05,1.99974991e-01,1.49943737e+04,1.55632873e-03,7.12938990e-01,7.12938990e-01,6.91393852e-02,2.76557541e-01,1.90534818e-04,2.28641782e-03,2.11962401e-06,2.75551121e-05,3.68726546e-07,4.79344510e-06,5.70274146e-05,7.98383804e-04,3.58563192e-13,5.37844787e-12,8.34580298e-11,1.16841242e-09,8.87531750e-08,1.33129763e-06,3.62065681e-04,5.79305089e-03,1.35912143e-07,2.31050643e-06,7.68460349e-14,1.38322863e-12,8.82325626e-09,1.49995356e-07,3.95844704e-12,7.12520468e-11,7.17611356e-05,1.43522271e-03
1.99871964e-05,1.99973352e-01,1.49940050e+04,1.65828301e-03,7.12938959e-01,7.12938959e-01,6.91393854e-02,2.76557542e-01,1.90510678e-04,2.28612814e-03,2.11879260e-06,2.75443038e-05,3.92855818e-07,5.10712564e-06,5.70225695e-05,7.98315974e-04,1.26450646e-13,1.89675970e-12,9.47469011e-11,1.32645662e-09,9.45595888e-08,1.41839383e-06,3.62065129e-04,5.79304206e-03,1.35781919e-07,2.30829262e-06,2.68397176e-14,4.83114916e-13,9.40105694e-09,1.59817968e-07,4.21256590e-12,7.58261862e-11,7.17611356e-05,1.43522271e-03
2.12971163e-05,1.99971606e-01,1.49936122e+04,1.76691660e-03,7.12938925e-01,7.12938925e-01,6.91393857e-02,2.76557543e-01,1.90484961e-04,2.28581954e-03,2.11790713e-06,2.75327927e-05,4.18559973e-07,5.44127965e-06,5.70174078e-05,7.98243709e-04,4.18413970e-14,6.27620955e-13,1.07561456e-10,1.50586039e-09,1.00745152e-07,1.51117729e-06,3.62064540e-04,5.79303264e-03,1.35643311e-07,2.30593630e-06,8.75052985e-15,1.57509537e-13,1.00166636e-08,1.70283282e-07,4.48262902e-12,8.06873223e-11,7.17611356e-05,1.43522271e-03
2.26928856e-05,1.99969745e-01,1.49931937e+04,1.88266474e-03,7.12938890e-01,7.12938890e-01,6.91393859e-02,2.76557544e-01,1.90457565e-04,2.28549078e-03,2.11696414e-06,2.75205338e-05,4.45941346e-07,5.79723750e-06,5.70119086e-05,7.98166721e-04,1.31455293e-14,1.97182940e-13,1.22107651e-10,1.70950711e-09,1.07334527e-07,1.61001790e-06,3.62063913e-04,5.79302260e-03,1.35495792e-07,2.30342846e-06,2.65116413e-15,4.77209544e-14,1.06725456e-08,1.81433276e-07,4.76958700e-12,8.58525659e-11,7.17611356e-05,1.43522271e-03
2.41801308e-05,1.99967762e-01,1.49927477e+04,2.00599217e-03,7.12938852e-01,7.12938852e-01,6.91393862e-02,2.76557545e-01,1.90428381e-04,2.28514058e-03,2.11595990e-06,2.75074787e-05,4.75108865e-07,6.17641524e-06,5.70060501e-05,7.98084702e-04,4.14428710e-15,6.21643065e-14,1.38619197e-10,1.94066875e-09,1.14353964e-07,1.71530946e-06,3.62063244e-04,5.79301190e-03,1.35338799e-07,2.30075958e-06,7.42853964e-16,1.33713714e-14,1.13713331e-08,1.93312662e-07,5.07444034e-12,9.13399261e-11,7.17611356e-05,1.43522271e-03
2.57648471e-05,1.99965650e-01,1.49922725e+04,2.13739440e-03,7.12938812e-01,7.12938812e-01,6.91393865e-02,2.76557546e-01,1.90397293e-04,2.28476752e-03,2.11489049e-06,2.74935764e-05,5.06178457e-07,6.58031994e-06,5.69998088e-05,7.97997324e-04,1.56169252e-15,2.34253878e-14,1.57361292e-10,2.20305808e-09,1.21831407e-07,1.82747110e-06,3.62062531e-04,5.79300050e-03,1.35171738e-07,2.29791954e-06,1.91521919e-16,3.44739455e-15,1.21158271e-08,2.05969060e-07,5.39824112e-12,9.71683401e-11,7.17611356e-05,1.43522271e-03
2.74534223e-05,1.99963399e-01,1.49917662e+04,2.27739947e-03,7.12938769e-01,7.12938769e-01,6.91393868e-02,2.76557547e-01,1.90364177e-04,2.28437012e-03,2.11375172e-06,2.74787724e-05,5.39273499e-07,7.01055549e-06,5.69931598e-05,7.97904237e-04,9.06614704e-16,1.35992206e-14,1.78634852e-10,2.50088793e-09,1.29796598e-07,1.94694897e-06,3.62061772e-04,5.79298835e-03,1.34993978e-07,2.29489763e-06,4.51880452e-17,8.13384813e-16,1.29090109e-08,2.19453185e-07,5.74209453e-12,1.03357702e-10,7.17611356e-05,1.43522271e-03
2.92526634e-05,1.99961000e-01,1.49912268e+04,2.42656994e-03,7.12938723e-01,7.12938723e-01,6.91393872e-02,2.76557549e-01,1.90328901e-04,2.28394681e-03,2.11253915e-06,2.74630089e-05,5.74525280e-07,7.46882864e-06,5.69860766e-05,7.97805072e-04,7.83437724e-16,1.17515659e-14,2.02781309e-10,2.83893833e-09,1.38281192e-07,2.07421788e-06,3.62060962e-04,5.79297540e-03,1.34804852e-07,2.29168249e-06,9.70108929e-18,1.74619607e-16,1.37540617e-08,2.33819048e-07,6.10716040e-12,1.09928887e-10,7.17611356e-05,1.43522271e-03
3.11698230e-05,1.99958445e-01,1.49906520e+04,2.58550508e-03,7.12938675e-01,7.12938675e-01,6.91393875e-02,2.76557550e-01,1.90291325e-04,2.28349590e-03,2.11124803e-06,2.74462244e-05,6.12073495e-07,7.95695544e-06,5.69785308e-05,7.97699431e-04,7.95827991e-16,1.19374199e-14,2.30188045e-10,3.22263263e-09,1.47318875e-07,2.20978313e-06,3.62060100e-04,5.79296159e-03,1.34603653e-07,2.28826211e-06,1.88377889e-18,3.39080201e-17,1.46543629e-08,2.49124169e-07,6.49465441e-12,1.16903779e-10,7.17611356e-05,1.43522271e-03
3.32126293e-05,1.99955721e-01,1.49900395e+04,2.75484325e-03,7.12938623e-01,7.12938623e-01,6.91393879e-02,2.76557552e-01,1.90251301e-04,2.28301561e-03,2.10987337e-06,2.74283538e-05,6.52066775e-07,8.47686807e-06,5.69704925e-05,7.97586894e-04,8.41559625e-16,1.26233944e-14,2.61294559e-10,3.65812383e-09,1.56945495e-07,2.35418243e-06,3.62059180e-04,5.79294688e-03,1.34389633e-07,2.28462376e-06,3.29188374e-19,5.92539073e-18,1.56135176e-08,2.65429800e-07,6.90584925e-12,1.24305286e-10,7.17611356e-05,1.43522271e-03
3.53893170e-05,1.99952820e-01,1.49893870e+04,2.93526442e-03,7.12938568e-01,7.12938568e-01,6.91393883e-02,2.76557553e-01,1.90208669e-04,2.28250403e-03,2.10840981e-06,2.74093275e-05,6.94663238e-07,9.03062209e-06,5.69619295e-05,7.97467013e-04,8.96924305e-16,1.34538646e-14,2.96599456e-10,4.15239239e-09,1.67199195e-07,2.50798792e-06,3.62058200e-04,5.79293119e-03,1.34161999e-07,2.28075398e-06,5.19600021e-20,9.35280037e-19,1.66353627e-08,2.82801166e-07,7.34207546e-12,1.32157358e-10,7.17611356e-05,1.43522271e-03
3.77086603e-05,1.99949728e-01,1.49886917e+04,3.12749290e-03,7.12938509e-01,7.12938509e-01,6.91393887e-02,2.76557555e-01,1.90163261e-04,2.28195913e-03,2.10685170e-06,2.73890721e-05,7.40031079e-07,9.62040403e-06,5.69528079e-05,7.97339310e-04,9.57128956e-16,1.43569343e-14,3.36668362e-10,4.71335707e-09,1.78120554e-07,2.67180831e-06,3.62057155e-04,5.79291447e-03,1.33919914e-07,2.27663854e-06,7.97224138e-21,1.43500345e-19,1.77239837e-08,3.01307722e-07,7.80472198e-12,1.40484996e-10,7.17611356e-05,1.43522271e-03
4.01800086e-05,1.99946434e-01,1.49879508e+04,3.33230016e-03,7.12938446e-01,7.12938446e-01,6.91393892e-02,2.76557557e-01,1.90114898e-04,2.28137877e-03,2.10519302e-06,2.73675093e-05,7.88349192e-07,1.02485395e-05,5.69430913e-05,7.97203278e-04,1.02147581e-15,1.53221372e-14,3.82142901e-10,5.35000061e-09,1.89752744e-07,2.84629117e-06,3.62056041e-04,5.79289665e-03,1.33662494e-07,2.27226241e-06,1.84819536e-21,3.32675165e-20,1.88837306e-08,3.21023421e-07,8.29523638e-12,1.49314255e-10,7.17611356e-05,1.43522271e-03
4.28133240e-05,1.99942924e-01,1.49871615e+04,3.55050792e-03,7.12938380e-01,7.12938380e-01,6.91393897e-02,2.76557559e-01,1.90063387e-04,2.28076065e-03,2.10342739e-06,2.73445561e-05,8.39807829e-07,1.09175018e-05,5.69327412e-05,7.97058376e-04,1.09006788e-15,1.63510183e-14,4.33750859e-10,6.07251202e-09,2.02141687e-07,3.03212531e-06,3.62054854e-04,5.79287766e-03,1.33388805e-07,2.26760968e-06,1.15100317e-21,2.07180570e-20,2.01192353e-08,3.42027000e-07,8.81512464e-12,1.58672244e-10,7.17611356e-05,1.43522271e-03
4.56192215e-05,1.99939184e-01,1.49863205e+04,3.78299138e-03,7.12938309e-01,7.12938309e-01,6.91393902e-02,2.76557561e-01,1.90008527e-04,2.28010233e-03,2.10154804e-06,2.73201246e-05,8.94609290e-07,1.16299208e-05,5.69217164e-05,7.96904029e-04,1.16315876e-15,1.74473814e-14,4.92317708e-10,6.89244791e-09,2.15336224e-07,3.23004336e-06,3.62053588e-04,5.79285741e-03,1.33097858e-07,2.26266359e-06,1.13775604e-21,2.04796088e-20,2.14354290e-08,3.64402293e-07,9.36595046e-12,1.68587108e-10,7.17611357e-05,1.43522271e-03
4.86090118e-05,1.99935198e-01,1.49854244e+04,4.03068269e-03,7.12938233e-01,7.12938233e-01,6.91393907e-02,2.76557563e-01,1.89950101e-04,2.27940122e-03,2.09954778e-06,2.72941212e-05,9.52968664e-07,1.23885926e-05,5.69099732e-05,7.96739625e-04,1.24104012e-15,1.86156018e-14,5.58779651e-10,7.82291511e-09,2.29388295e-07,3.44082443e-06,3.62052239e-04,5.79283582e-03,1.32788614e-07,2.25740644e-06,1.20260873e-21,2.16469571e-20,2.28375616e-08,3.88238547e-07,9.94933394e-12,1.79088011e-10,7.17611357e-05,1.43522271e-03
5.17947468e-05,1.99930952e-01,1.49844696e+04,4.29457461e-03,7.12938153e-01,7.12938153e-01,6.91393913e-02,2.76557565e-01,1.89887880e-04,2.27865456e-03,2.09741899e-06,2.72664468e-05,1.01511460e-06,1.31964898e-05,5.68974652e-05,7.96564513e-04,1.32402558e-15,1.98603838e-14,6.34198400e-10,8.87877759e-09,2.44353132e-07,3.66529697e-06,3.62050801e-04,5.79281281e-03,1.32459975e-07,2.25181958e-06,1.27874559e-21,2.30174206e-20,2.43312219e-08,4.13630772e-07,1.05669497e-11,1.90205094e-10,7.17611357e-05,1.43522271e-03
5.51892683e-05,1.99926428e-01,1.49834524e+04,4.57572440e-03,7.12938067e-01,7.12938067e-01,6.91393919e-02,2.76557568e-01,1.89821619e-04,2.27785943e-03,2.09515358e-06,2.72369965e-05,1.08129012e-06,1.40567716e-05,5.68841428e-05,7.96377999e-04,1.41244961e-15,2.11867442e-14,7.19777912e-10,1.00768908e-08,2.60289452e-07,3.90434178e-06,3.62049268e-04,5.79278828e-03,1.32110785e-07,2.24588335e-06,1.36003133e-21,2.44805640e-20,2.59223590e-08,4.40680103e-07,1.12205240e-11,2.01969431e-10,7.17611357e-05,1.43522271e-03
5.88062599e-05,1.99921607e-01,1.49823685e+04,4.87525801e-03,7.12937976e-01,7.12937976e-01,6.91393926e-02,2.76557570e-01,1.89751058e-04,2.27701270e-03,2.09274299e-06,2.72056589e-05,1.15175349e-06,1.49727954e-05,5.68699534e-05,7.96179348e-04,1.50666864e-15,2.26000295e-14,8.16883338e-10,1.14363667e-08,2.77259677e-07,4.15889515e-06,3.62047633e-04,5.79276213e-03,1.31739828e-07,2.23957708e-06,1.44599086e-21,2.60278355e-20,2.76173055e-08,4.69494193e-07,1.19118312e-11,2.14412962e-10,7.17611357e-05,1.43522271e-03
6.26603016e-05,1.99916470e-01,1.49812137e+04,5.19437446e-03,7.12937878e-01,7.12937878e-01,6.91393933e-02,2.76557573e-01,1.89675923e-04,2.27611107e-03,2.09017815e-06,2.71723159e-05,1.22677912e-06,1.59481286e-05,5.68548411e-05,7.95967775e-04,1.60706244e-15,2.41059366e-14,9.27062463e-10,1.29788745e-08,2.95330148e-07,4.42995223e-06,3.62045891e-04,5.79273426e-03,1.31345824e-07,2.23287901e-06,1.53700761e-21,2.76661369e-20,2.94228011e-08,5.00187619e-07,1.26426893e-11,2.27568408e-10,7.17611357e-05,1.43522271e-03
6.67669294e-05,1.99910997e-01,1.49799833e+04,5.53435056e-03,7.12937775e-01,7.12937775e-01,6.91393940e-02,2.76557576e-01,1.89595918e-04,2.27515102e-03,2.08744944e-06,2.71368427e-05,1.30665852e-06,1.69865608e-05,5.68387462e-05,7.95742447e-04,1.71403571e-15,2.57105356e-14,1.05206999e-09,1.47289798e-08,3.14571368e-07,4.71857052e-06,3.62044034e-04,5.79270454e-03,1.30927428e-07,2.22576628e-06,1.63324488e-21,2.93984079e-20,3.13460190e-08,5.32882324e-07,1.34149538e-11,2.41469168e-10,7.17611357e-05,1.43522271e-03
7.11426971e-05,1.99905166e-01,1.49786724e+04,5.89654586e-03,7.12937665e-01,7.12937665e-01,6.91393948e-02,2.76557579e-01,1.89510734e-04,2.27412880e-03,2.08454669e-06,2.70991070e-05,1.39170131e-06,1.80921170e-05,5.68216055e-05,7.95502476e-04,1.82801964e-15,2.74202946e-14,1.19389499e-09,1.67145298e-08,3.35058241e-07,5.02587361e-06,3.62042054e-04,5.79267286e-03,1.30483230e-07,2.21821491e-06,1.73487732e-21,3.12277918e-20,3.33945926e-08,5.67708074e-07,1.42305106e-11,2.56149191e-10,7.17611357e-05,1.43522271e-03
7.58052437e-05,1.99898952e-01,1.49772757e+04,6.28240798e-03,7.12937547e-01,7.12937547e-01,6.91393956e-02,2.76557582e-01,1.89420038e-04,2.27304045e-03,2.08145913e-06,2.70589687e-05,1.48223624e-06,1.92690711e-05,5.68033515e-05,7.95246922e-04,1.94947372e-15,2.92421058e-14,1.35479199e-09,1.89670878e-08,3.56870338e-07,5.35305507e-06,3.62039943e-04,5.79263908e-03,1.30011749e-07,2.21019974e-06,1.84226250e-21,3.31607251e-20,3.55766445e-08,6.04802956e-07,1.50912678e-11,2.71642820e-10,7.17611357e-05,1.43522271e-03
8.07733640e-05,1.99892331e-01,1.49757876e+04,6.69347818e-03,7.12937422e-01,7.12937422e-01,6.91393965e-02,2.76557586e-01,1.89323479e-04,2.27188175e-03,2.07817537e-06,2.70162798e-05,1.57861234e-06,2.05219605e-05,5.67839129e-05,7.94974780e-04,2.07888754e-15,3.11833131e-14,1.53731610e-09,2.15224255e-08,3.80092170e-07,5.70138254e-06,3.62037692e-04,5.79260308e-03,1.29511438e-07,2.20169444e-06,1.95559070e-21,3.52006326e-20,3.79008172e-08,6.44313893e-07,1.59991447e-11,2.87984604e-10,7.17611357e-05,1.43522271e-03
8.60670847e-05,1.99885277e-01,1.49742021e+04,7.13139738e-03,7.12937289e-01,7.12937289e-01,6.91393974e-02,2.76557590e-01,1.89220684e-04,2.27064821e-03,2.07468337e-06,2.69708838e-05,1.68120007e-06,2.18556010e-05,5.67632134e-05,7.94684987e-04,2.21678278e-15,3.32517417e-14,1.74436277e-09,2.44210787e-08,4.04813469e-07,6.07220203e-06,3.62035293e-04,5.79256469e-03,1.28980674e-07,2.19267146e-06,2.07510712e-21,3.73519282e-20,4.03763054e-08,6.86397193e-07,1.69560603e-11,3.05209086e-10,7.17611358e-05,1.43522272e-03
9.17077451e-05,1.99877760e-01,1.49725129e+04,7.59791249e-03,7.12937148e-01,7.12937148e-01,6.91393984e-02,2.76557594e-01,1.89111257e-04,2.26933509e-03,2.07097040e-06,2.69226152e-05,1.79039250e-06,2.32751025e-05,5.67411722e-05,7.94376411e-04,2.36371534e-15,3.54557300e-14,1.97921264e-09,2.77089770e-08,4.31129496e-07,6.46694245e-06,3.62032735e-04,5.79252376e-03,1.28417767e-07,2.18310204e-06,2.20110187e-21,3.96198337e-20,4.30128904e-08,7.31219136e-07,1.79639188e-11,3.23350539e-10,7.17611358e-05,1.43522272e-03
9.77180827e-05,1.99869752e-01,1.49707132e+04,8.09488308e-03,7.12936997e-01,7.12936997e-01,6.91393995e-02,2.76557598e-01,1.88994777e-04,2.26793732e-03,2.06702303e-06,2.68712994e-05,1.90660659e-06,2.47858857e-05,5.67177035e-05,7.94047849e-04,2.52027754e-15,3.78041632e-14,2.24558240e-09,3.14381535e-08,4.59141353e-07,6.88712030e-06,3.62030008e-04,5.79248013e-03,1.27820951e-07,2.17295617e-06,2.33380525e-21,4.20084945e-20,4.58209760e-08,7.78956591e-07,1.90245931e-11,3.42442675e-10,7.17611358e-05,1.43522272e-03
1.04122326e-04,1.99861218e-01,1.49687958e+04,8.62428857e-03,7.12936836e-01,7.12936836e-01,6.91394006e-02,2.76557602e-01,1.88870797e-04,2.26644956e-03,2.06282708e-06,2.68167521e-05,2.03028453e-06,2.63936989e-05,5.66927159e-05,7.93698023e-04,2.68710058e-15,4.03065087e-14,2.54768200e-09,3.56675480e-08,4.88956311e-07,7.33434467e-06,3.62027101e-04,5.79243362e-03,1.27188389e-07,2.16220261e-06,2.47345685e-21,4.45222233e-20,4.88116272e-08,8.29797663e-07,2.01399055e-11,3.62518299e-10,7.17611358e-05,1.43522272e-03
1.10946289e-04,1.99852126e-01,1.49667530e+04,9.18823575e-03,7.12936665e-01,7.12936665e-01,6.91394017e-02,2.76557607e-01,1.88738844e-04,2.26486612e-03,2.05836760e-06,2.67587789e-05,2.16189509e-06,2.81046362e-05,5.66661126e-05,7.93325577e-04,2.86485701e-15,4.29728552e-14,2.89027952e-09,4.04639133e-08,5.20688155e-07,7.81032233e-06,3.62024002e-04,5.79238403e-03,1.26518171e-07,2.15080890e-06,2.62031721e-21,4.71657097e-20,5.19966110e-08,8.83942387e-07,2.13116064e-11,3.83608915e-10,7.17611358e-05,1.43522272e-03
1.18217482e-04,1.99842439e-01,1.49645766e+04,9.78896682e-03,7.12936484e-01,7.12936484e-01,6.91394030e-02,2.76557612e-01,1.88598415e-04,2.26318098e-03,2.05362883e-06,2.66971748e-05,2.30193504e-06,2.99251556e-05,5.66377906e-05,7.92929069e-04,3.05426352e-15,4.58139528e-14,3.27877419e-09,4.59028386e-08,5.54457546e-07,8.31686319e-06,3.62020698e-04,5.79233117e-03,1.25808317e-07,2.13874138e-06,2.77461818e-21,4.99431272e-20,5.53884384e-08,9.41603454e-07,2.25413490e-11,4.05744282e-10,7.17611358e-05,1.43522272e-03
1.25965213e-04,1.99832117e-01,1.49622580e+04,1.04288678e-02,7.12936290e-01,7.12936290e-01,6.91394043e-02,2.76557617e-01,1.88448979e-04,2.26138775e-03,2.04859417e-06,2.66317242e-05,2.45093067e-06,3.18620987e-05,5.66076407e-05,7.92506970e-04,3.25608377e-15,4.88412566e-14,3.71927890e-09,5.20699046e-08,5.90392389e-07,8.85588583e-06,3.62017176e-04,5.79227481e-03,1.25056777e-07,2.12596520e-06,2.93656221e-21,5.28581197e-20,5.90004106e-08,1.00300698e-06,2.38306614e-11,4.28951906e-10,7.17611358e-05,1.43522272e-03
1.34220715e-04,1.99821119e-01,1.49597878e+04,1.11104778e-02,7.12936084e-01,7.12936084e-01,6.91394057e-02,2.76557623e-01,1.88289971e-04,2.25947965e-03,2.04324616e-06,2.65622001e-05,2.60943928e-06,3.39227107e-05,5.65755469e-05,7.92057656e-04,3.47113157e-15,5.20669735e-14,4.21871326e-09,5.90619856e-08,6.28628224e-07,9.42942336e-06,3.62013421e-04,5.79221473e-03,1.24261434e-07,2.11244437e-06,3.10635810e-21,5.59144457e-20,6.28466658e-08,1.06839332e-06,2.51809150e-11,4.53256470e-10,7.17611359e-05,1.43522272e-03
1.43017266e-04,1.99809401e-01,1.49571561e+04,1.18364979e-02,7.12935865e-01,7.12935865e-01,6.91394072e-02,2.76557629e-01,1.88120793e-04,2.25744952e-03,2.03756644e-06,2.64883637e-05,2.77805079e-06,3.61146603e-05,5.65413861e-05,7.91579405e-04,3.70027407e-15,5.55041110e-14,4.78490849e-09,6.69887189e-08,6.69308629e-07,1.00396294e-05,3.62009418e-04,5.79215069e-03,1.23420108e-07,2.09814184e-06,3.28419793e-21,5.91155628e-20,6.69422302e-08,1.13801791e-06,2.65932889e-11,4.78679200e-10,7.17611359e-05,1.43522272e-03
1.52390324e-04,1.99796916e-01,1.49543525e+04,1.26098019e-02,7.12935632e-01,7.12935632e-01,6.91394087e-02,2.76557635e-01,1.87940813e-04,2.25528975e-03,2.03153573e-06,2.64099645e-05,2.95738934e-06,3.84460614e-05,5.65050279e-05,7.91070390e-04,3.94443536e-15,5.91665304e-14,5.42672570e-09,7.59741599e-08,7.12585634e-07,1.06887845e-05,3.62005151e-04,5.79208242e-03,1.22530561e-07,2.08301954e-06,3.47023073e-21,6.24641531e-20,7.13030706e-08,1.21215220e-06,2.80687308e-11,5.05237155e-10,7.17611359e-05,1.43522272e-03
1.62377674e-04,1.99783614e-01,1.49513657e+04,1.34334466e-02,7.12935384e-01,7.12935384e-01,6.91394103e-02,2.76557641e-01,1.87749360e-04,2.25299232e-03,2.02513382e-06,2.63267396e-05,3.14811498e-06,4.09254947e-05,5.64663338e-05,7.90528673e-04,4.20460018e-15,6.30690028e-14,6.15418902e-09,8.61586463e-08,7.58620148e-07,1.13793022e-05,3.62000603e-04,5.79200964e-03,1.21590501e-07,2.06703852e-06,3.66458570e-21,6.59625426e-20,7.59461503e-08,1.29108456e-06,2.96079135e-11,5.32942443e-10,7.17611359e-05,1.43522272e-03
1.73019574e-04,1.99769440e-01,1.49481838e+04,1.43106830e-02,7.12935120e-01,7.12935120e-01,6.91394121e-02,2.76557648e-01,1.87545725e-04,2.25054870e-03,2.01833949e-06,2.62384133e-05,3.35092537e-06,4.35620298e-05,5.64251572e-05,7.89952200e-04,4.48181793e-15,6.72272689e-14,6.97863556e-09,9.77008978e-08,8.07582404e-07,1.21137361e-05,3.61995754e-04,5.79193207e-03,1.20597590e-07,2.05015904e-06,3.86735945e-21,6.96124701e-20,8.08894878e-08,1.37512129e-06,3.12111869e-11,5.61801365e-10,7.17611359e-05,1.43522272e-03
1.84358922e-04,1.99754339e-01,1.49447942e+04,1.52449683e-02,7.12934840e-01,7.12934840e-01,6.91394139e-02,2.76557656e-01,1.87329159e-04,2.24794990e-03,2.01113056e-06,2.61446973e-05,3.56655749e-06,4.63652474e-05,5.63813426e-05,7.89338796e-04,4.77720690e-15,7.16581035e-14,7.91288412e-09,1.10780378e-07,8.59652406e-07,1.28947861e-05,3.61990587e-04,5.79184939e-03,1.19549453e-07,2.03234070e-06,4.07859881e-21,7.34147786e-20,8.61522182e-08,1.46458771e-06,3.28785261e-11,5.91813469e-10,7.17611359e-05,1.43522272e-03
1.96441428e-04,1.99738250e-01,1.49411832e+04,1.62399780e-02,7.12934541e-01,7.12934541e-01,6.91394158e-02,2.76557663e-01,1.87098868e-04,2.24518642e-03,2.00348384e-06,2.60452900e-05,3.79578945e-06,4.93452629e-05,5.63347253e-05,7.88686155e-04,5.09195887e-15,7.63793831e-14,8.97142490e-09,1.25599949e-07,9.15020392e-07,1.37253059e-05,3.61985080e-04,5.79176127e-03,1.18443686e-07,2.01354266e-06,4.29830709e-21,7.73695276e-20,9.17546579e-08,1.55982918e-06,3.46094744e-11,6.22970539e-10,7.17611360e-05,1.43522272e-03
2.09315797e-04,1.99721107e-01,1.49373365e+04,1.72996196e-02,7.12934224e-01,7.12934224e-01,6.91394179e-02,2.76557671e-01,1.86854016e-04,2.24224819e-03,1.99537513e-06,2.59398767e-05,4.03944219e-06,5.25127484e-05,5.62851312e-05,7.87991836e-04,5.42734395e-15,8.14101592e-14,1.01706326e-08,1.42388857e-07,9.73887302e-07,1.46083095e-05,3.61979210e-04,5.79166737e-03,1.17277871e-07,1.99372381e-06,4.52643099e-21,8.14757577e-20,9.77183724e-08,1.66121233e-06,3.64030826e-11,6.55255488e-10,7.17611360e-05,1.43522272e-03
2.23033925e-04,1.99702842e-01,1.49332388e+04,1.84280459e-02,7.12933887e-01,7.12933887e-01,6.91394200e-02,2.76557680e-01,1.86593719e-04,2.23912462e-03,1.98677918e-06,2.58281294e-05,4.29838128e-06,5.58789567e-05,5.62323756e-05,7.87253258e-04,5.78471574e-15,8.67707360e-14,1.15290060e-08,1.61406085e-07,1.03646525e-06,1.55469788e-05,3.61972956e-04,5.79156729e-03,1.16049588e-07,1.97284300e-06,4.76285156e-21,8.57313281e-20,1.04066247e-07,1.76912621e-06,3.82578440e-11,6.88641192e-10,7.17611360e-05,1.43522272e-03
2.37651111e-04,1.99683383e-01,1.49288738e+04,1.96296697e-02,7.12933528e-01,7.12933528e-01,6.91394223e-02,2.76557689e-01,1.86317043e-04,2.23580451e-03,1.97766975e-06,2.57097068e-05,4.57351869e-06,5.94557430e-05,5.61762635e-05,7.86467689e-04,6.16551688e-15,9.24827532e-14,1.30674364e-08,1.82944109e-07,1.10297800e-06,1.65446700e-05,3.61966292e-04,5.79146066e-03,1.14756430e-07,1.95085931e-06,5.00737959e-21,9.01328326e-20,1.10822562e-07,1.88398356e-06,4.01716248e-11,7.23089246e-10,7.17611360e-05,1.43522272e-03
2.53226278e-04,1.99662650e-01,1.49242242e+04,2.09091790e-02,7.12933147e-01,7.12933147e-01,6.91394247e-02,2.76557699e-01,1.86023005e-04,2.23227606e-03,1.96801957e-06,2.55842544e-05,4.86581449e-06,6.32555883e-05,5.61165887e-05,7.85632242e-04,6.57128499e-15,9.85692749e-14,1.48095085e-08,2.07333119e-07,1.17366145e-06,1.76049217e-05,3.61959191e-04,5.79134706e-03,1.13396024e-07,1.92773240e-06,5.25974357e-21,9.46753843e-20,1.18013068e-07,2.00622216e-06,4.21415922e-11,7.58548660e-10,7.17611360e-05,1.43522272e-03
2.69822209e-04,1.99640560e-01,1.49192714e+04,2.22715528e-02,7.12932742e-01,7.12932742e-01,6.91394272e-02,2.76557709e-01,1.85710569e-04,2.22852682e-03,1.95780037e-06,2.54514048e-05,5.17627852e-06,6.72916208e-05,5.60531332e-05,7.84743865e-04,7.00365894e-15,1.05054884e-13,1.67818384e-08,2.34945737e-07,1.24876407e-06,1.87314610e-05,3.61951627e-04,5.79122603e-03,1.11966048e-07,1.90342282e-06,5.51958186e-21,9.93524736e-20,1.25665069e-07,2.13630617e-06,4.41641391e-11,7.94954505e-10,7.17611360e-05,1.43522272e-03
2.87505804e-04,1.99617026e-01,1.49139958e+04,2.37220778e-02,7.12932311e-01,7.12932311e-01,6.91394298e-02,2.76557719e-01,1.85378643e-04,2.22454371e-03,1.94698293e-06,2.53107781e-05,5.50597205e-06,7.15776366e-05,5.59856671e-05,7.83799339e-04,7.46438561e-15,1.11965784e-13,1.90144505e-08,2.66202307e-07,1.32854740e-06,1.99282110e-05,3.61943569e-04,5.79109711e-03,1.10464259e-07,1.87789241e-06,5.78643253e-21,1.04155786e-19,1.33807502e-07,2.27472753e-06,4.62348073e-11,8.32226532e-10,7.17611360e-05,1.43522272e-03
3.06348345e-04,1.99591952e-01,1.49083765e+04,2.52663655e-02,7.12931854e-01,7.12931854e-01,6.91394326e-02,2.76557730e-01,1.85026079e-04,2.22031294e-03,1.93553708e-06,2.51619820e-05,5.85600921e-06,7.61281197e-05,5.59139475e-05,7.82795265e-04,7.95532713e-15,1.19329907e-13,2.15411999e-08,3.01576799e-07,1.41328649e-06,2.11992974e-05,3.61934987e-04,5.79095980e-03,1.08888516e-07,1.85110477e-06,6.05972347e-21,1.09075022e-19,1.42471030e-07,2.42200751e-06,4.83482097e-11,8.70267774e-10,7.17611361e-05,1.43522272e-03
3.26425788e-04,1.99565239e-01,1.49023912e+04,2.69103706e-02,7.12931368e-01,7.12931368e-01,6.91394355e-02,2.76557742e-01,1.84651670e-04,2.21582004e-03,1.92343178e-06,2.50046132e-05,6.22755847e-06,8.09582601e-05,5.58377185e-05,7.81728059e-04,8.47846859e-15,1.27177029e-13,2.44002435e-08,3.41603409e-07,1.50327031e-06,2.25490546e-05,3.61925848e-04,5.79081357e-03,1.07236807e-07,1.82302572e-06,6.33876254e-21,1.14097726e-19,1.51688127e-07,2.57869817e-06,5.04979537e-11,9.08963166e-10,7.17611361e-05,1.43522272e-03
3.47819065e-04,1.99536779e-01,1.48960164e+04,2.86604089e-02,7.12930852e-01,7.12930852e-01,6.91394386e-02,2.76557754e-01,1.84254151e-04,2.21104981e-03,1.91063519e-06,2.48382575e-05,6.62184382e-06,8.60839697e-05,5.57567106e-05,7.80593949e-04,9.03592628e-15,1.35538894e-13,2.76345660e-08,3.86883924e-07,1.59880214e-06,2.39820320e-05,3.61916117e-04,5.79065788e-03,1.05507286e-07,1.79362386e-06,6.62272760e-21,1.19209097e-19,1.61493174e-07,2.74538395e-06,5.26765671e-11,9.48178208e-10,7.17611361e-05,1.43522272e-03
3.70614414e-04,1.99506457e-01,1.48892267e+04,3.05231772e-02,7.12930305e-01,7.12930305e-01,6.91394418e-02,2.76557767e-01,1.83832191e-04,2.20598629e-03,1.89711472e-06,2.46624914e-05,7.04014584e-06,9.15218960e-05,5.56706401e-05,7.79388961e-04,9.62995657e-15,1.44449349e-13,3.12925653e-08,4.38095914e-07,1.70019995e-06,2.55029993e-05,3.61905758e-04,5.79049213e-03,1.03698305e-07,1.76287118e-06,6.91065710e-21,1.24391828e-19,1.71922551e-07,2.92268336e-06,5.48754289e-11,9.87757719e-10,7.17611361e-05,1.43522272e-03
3.94903723e-04,1.99474154e-01,1.48819955e+04,3.25057727e-02,7.12929723e-01,7.12929723e-01,6.91394452e-02,2.76557781e-01,1.83384398e-04,2.20061277e-03,1.88283718e-06,2.44768833e-05,7.48380253e-06,9.72894329e-05,5.55792085e-05,7.78108919e-04,1.02629654e-14,1.53944481e-13,3.54287044e-08,4.96001862e-07,1.80779674e-06,2.71169511e-05,3.61894731e-04,5.79031570e-03,1.01808450e-07,1.73074366e-06,7.20144115e-21,1.29625941e-19,1.83014739e-07,3.11125056e-06,5.70847064e-11,1.02752472e-09,7.17611361e-05,1.43522272e-03
4.20784904e-04,1.99439740e-01,1.48742942e+04,3.46157128e-02,7.12929106e-01,7.12929106e-01,6.91394488e-02,2.76557795e-01,1.82909315e-04,2.19491178e-03,1.86776885e-06,2.42809950e-05,7.95420980e-06,1.03404727e-04,5.54821025e-05,7.76749435e-04,1.09375184e-14,1.64062776e-13,4.01042352e-08,5.61459293e-07,1.92194075e-06,2.88291113e-05,3.61882996e-04,5.79012794e-03,9.98365876e-08,1.69722199e-06,7.49381360e-21,1.34888645e-19,1.94810419e-07,3.31177711e-06,5.92933041e-11,1.06727947e-09,7.17611361e-05,1.43522272e-03
4.48362284e-04,1.99403076e-01,1.48660926e+04,3.68609565e-02,7.12928452e-01,7.12928452e-01,6.91394525e-02,2.76557810e-01,1.82405419e-04,2.18886503e-03,1.85187566e-06,2.40743836e-05,8.45282174e-06,1.09886683e-04,5.53789932e-05,7.75305905e-04,1.16563518e-14,1.74845277e-13,4.53880011e-08,6.35432015e-07,2.04299569e-06,3.06449354e-05,3.61870510e-04,5.78992816e-03,9.77819010e-08,1.66229232e-06,7.78634550e-21,1.40154219e-19,2.07352573e-07,3.52499374e-06,6.14888246e-11,1.10679884e-09,7.17611361e-05,1.43522272e-03
4.77747029e-04,1.99364017e-01,1.48573584e+04,3.92499240e-02,7.12927757e-01,7.12927757e-01,6.91394564e-02,2.76557826e-01,1.81871122e-04,2.18245346e-03,1.83512337e-06,2.38566038e-05,8.98115041e-06,1.16754955e-04,5.52695362e-05,7.73773507e-04,1.24223843e-14,1.86335765e-13,5.13573263e-08,7.19002568e-07,2.17134085e-06,3.25701128e-05,3.61857227e-04,5.78971563e-03,9.56439415e-08,1.62594701e-06,8.07744020e-21,1.45393924e-19,2.20686590e-07,3.75167204e-06,6.36575473e-11,1.14583585e-09,7.17611361e-05,1.43522272e-03
5.09057590e-04,1.99322407e-01,1.48480575e+04,4.17915182e-02,7.12927021e-01,7.12927021e-01,6.91394605e-02,2.76557842e-01,1.81304765e-04,2.17565718e-03,1.81747772e-06,2.36272104e-05,9.54076522e-06,1.24029948e-04,5.51533707e-05,7.72147190e-04,1.32387296e-14,1.98580944e-13,5.80989978e-08,8.13385969e-07,2.30737113e-06,3.46105669e-05,3.61843099e-04,5.78948958e-03,9.34226745e-08,1.58818547e-06,8.36533075e-21,1.50575954e-19,2.34860368e-07,3.99262626e-06,6.57844280e-11,1.18411970e-09,7.17611361e-05,1.43522272e-03
5.42420181e-04,1.99278079e-01,1.48381534e+04,4.44951446e-02,7.12926241e-01,7.12926241e-01,6.91394647e-02,2.76557859e-01,1.80704627e-04,2.16845553e-03,1.79890470e-06,2.33857611e-05,1.01332918e-05,1.31732793e-04,5.50301201e-05,7.70421681e-04,1.41087099e-14,2.11630648e-13,6.57103491e-08,9.19944887e-07,2.45149693e-06,3.67724539e-05,3.61828075e-04,5.78924921e-03,9.11185295e-08,1.54901500e-06,8.64808001e-21,1.55665440e-19,2.49924419e-07,4.24871512e-06,6.78531243e-11,1.22135624e-09,7.17611361e-05,1.43522272e-03
5.77969288e-04,1.99230857e-01,1.48276075e+04,4.73707314e-02,7.12925414e-01,7.12925414e-01,6.91394692e-02,2.76557877e-01,1.80068919e-04,2.16082702e-03,1.77937077e-06,2.31318200e-05,1.07604102e-05,1.39885333e-04,5.48993911e-05,7.68591475e-04,1.50358706e-14,2.25538059e-13,7.43004522e-08,1.04020633e-06,2.60414396e-06,3.90621594e-05,3.61812104e-04,5.78899366e-03,8.87324507e-08,1.50845166e-06,8.92358398e-21,1.60624512e-19,2.65931973e-07,4.52084353e-06,6.98460510e-11,1.25722892e-09,7.17611361e-05,1.43522272e-03
6.15848211e-04,1.99180552e-01,1.48163787e+04,5.04287483e-02,7.12924537e-01,7.12924537e-01,6.91394739e-02,2.76557896e-01,1.79395785e-04,2.15274942e-03,1.75884319e-06,2.28649615e-05,1.14238526e-05,1.48510084e-04,5.47607744e-05,7.66650842e-04,1.60239963e-14,2.40359945e-13,8.39914265e-08,1.17587997e-06,2.76575288e-06,4.14862932e-05,3.61795128e-04,5.78872205e-03,8.62659485e-08,1.46652112e-06,9.18957909e-21,1.65412424e-19,2.82939078e-07,4.80996433e-06,7.17444691e-11,1.29140044e-09,7.17611362e-05,1.43522272e-03
6.56209641e-04,1.99126965e-01,1.48044233e+04,5.36802245e-02,7.12923610e-01,7.12923610e-01,6.91394788e-02,2.76557915e-01,1.78683310e-04,2.14419972e-03,1.73729032e-06,2.25847741e-05,1.21254001e-05,1.57630201e-04,5.46138445e-05,7.64593823e-04,1.70771278e-14,2.56156917e-13,9.49198720e-08,1.32887821e-06,2.93677874e-06,4.40516810e-05,3.61777090e-04,5.78843343e-03,8.37211493e-08,1.42325954e-06,9.44365373e-21,1.69985767e-19,3.01004705e-07,5.11707999e-06,7.35286152e-11,1.32351507e-09,7.17611362e-05,1.43522272e-03
6.99216276e-04,1.99069881e-01,1.47916950e+04,5.71367642e-02,7.12922628e-01,7.12922628e-01,6.91394838e-02,2.76557935e-01,1.77929513e-04,2.13515415e-03,1.71468196e-06,2.22908655e-05,1.28668783e-05,1.67269418e-04,5.44581600e-05,7.62414240e-04,1.81995805e-14,2.72993707e-13,1.07238433e-07,1.50133807e-06,3.11769028e-06,4.67653543e-05,3.61757926e-04,5.78812682e-03,8.11008443e-08,1.37871435e-06,9.68326493e-21,1.74298769e-19,3.20190835e-07,5.44324420e-06,7.51778734e-11,1.35320172e-09,7.17611362e-05,1.43522272e-03
7.45041477e-04,1.99009074e-01,1.47781446e+04,6.08105601e-02,7.12921588e-01,7.12921588e-01,6.91394891e-02,2.76557957e-01,1.77132359e-04,2.12558831e-03,1.69098980e-06,2.19828674e-05,1.36501532e-05,1.77451991e-04,5.42932643e-05,7.60105701e-04,1.93959648e-14,2.90939472e-13,1.21117502e-07,1.69564503e-06,3.30896902e-06,4.96345353e-05,3.61737573e-04,5.78780117e-03,7.84085349e-08,1.33294509e-06,9.90576037e-21,1.78303687e-19,3.40562554e-07,5.78956342e-06,7.66709934e-11,1.38007788e-09,7.17611362e-05,1.43522272e-03
7.93869969e-04,1.98944303e-01,1.47637197e+04,6.47144041e-02,7.12920489e-01,7.12920489e-01,6.91394947e-02,2.76557979e-01,1.76289759e-04,2.11547711e-03,1.66618781e-06,2.16604415e-05,1.44771239e-05,1.88202611e-04,5.41186862e-05,7.57661606e-04,2.06712079e-14,3.10068119e-13,1.36747065e-07,1.91445891e-06,3.51110801e-06,5.26666202e-05,3.61715963e-04,5.78745541e-03,7.56484737e-08,1.28602405e-06,1.01084064e-20,1.81951314e-19,3.62188133e-07,6.15719827e-06,7.79863593e-11,1.40375447e-09,7.17611362e-05,1.43522272e-03
8.45898580e-04,1.98875309e-01,1.47483650e+04,6.88616926e-02,7.12919328e-01,7.12919328e-01,6.91395004e-02,2.76558002e-01,1.75399575e-04,2.10479490e-03,1.64025273e-06,2.13232855e-05,1.53497165e-05,1.99546315e-04,5.39339406e-05,7.55075168e-04,2.20305779e-14,3.30458669e-13,1.54338695e-07,2.16074173e-06,3.72461044e-06,5.58691566e-05,3.61693025e-04,5.78708839e-03,7.28256987e-08,1.23803688e-06,1.02884220e-20,1.85191596e-19,3.85139102e-07,6.54736474e-06,7.91023080e-11,1.42384154e-09,7.17611362e-05,1.43522272e-03
9.01337039e-04,1.98801821e-01,1.47320215e+04,7.32664284e-02,7.12918100e-01,7.12918100e-01,6.91395063e-02,2.76558025e-01,1.74459628e-04,2.09351553e-03,1.61316460e-06,2.09711398e-05,1.62698747e-05,2.11508371e-04,5.37385302e-05,7.52339422e-04,2.34797097e-14,3.52195645e-13,1.74127699e-07,2.43778778e-06,3.94998786e-06,5.92498179e-05,3.61668683e-04,5.78669892e-03,6.99460602e-08,1.18908302e-06,1.04430199e-20,1.87974357e-19,4.09490310e-07,6.96133527e-06,7.99974994e-11,1.43995499e-09,7.17611362e-05,1.43522272e-03
9.60408821e-04,1.98723546e-01,1.47146269e+04,7.79432146e-02,7.12916804e-01,7.12916804e-01,6.91395125e-02,2.76558050e-01,1.73467704e-04,2.08161245e-03,1.58490727e-06,2.06037945e-05,1.72395502e-05,2.24114152e-04,5.35319466e-05,7.49447252e-04,2.50246338e-14,3.75369507e-13,1.96375413e-07,2.74925578e-06,4.18775810e-06,6.28163716e-05,3.61642860e-04,5.78628576e-03,6.70162376e-08,1.13927604e-06,1.05694527e-20,1.90250148e-19,4.35319972e-07,7.40043953e-06,8.06513349e-11,1.45172403e-09,7.17611362e-05,1.43522272e-03
1.02335205e-03,1.98640174e-01,1.46961148e+04,8.29072420e-02,7.12915435e-01,7.12915435e-01,6.91395189e-02,2.76558076e-01,1.72421567e-04,2.06905881e-03,1.55546899e-06,2.02210969e-05,1.82606911e-05,2.37388985e-04,5.33136724e-05,7.46391414e-04,2.66718081e-14,4.00077121e-13,2.21371647e-07,3.09920306e-06,4.43844283e-06,6.65766424e-05,3.61615475e-04,5.78584761e-03,6.40437437e-08,1.08874364e-06,1.06650665e-20,1.91971197e-19,4.62709700e-07,7.86606490e-06,8.10444199e-11,1.45879956e-09,7.17611362e-05,1.43522272e-03
1.09042044e-03,1.98551378e-01,1.46764151e+04,8.81742666e-02,7.12913992e-01,7.12913992e-01,6.91395256e-02,2.76558102e-01,1.71318964e-04,2.05582757e-03,1.52484304e-06,1.98229595e-05,1.93352288e-05,2.51357974e-04,5.30831834e-05,7.43164568e-04,2.84281523e-14,4.26422285e-13,2.49437271e-07,3.49212179e-06,4.70256469e-06,7.05384704e-05,3.61586444e-04,5.78538310e-03,6.10369159e-08,1.03762757e-06,1.07273589e-20,1.93092461e-19,4.91744512e-07,8.35965671e-06,8.11590637e-11,1.46086315e-09,7.17611362e-05,1.43522272e-03
1.16188436e-03,1.98456805e-01,1.46554534e+04,9.37605751e-02,7.12912470e-01,7.12912470e-01,6.91395324e-02,2.76558130e-01,1.70157641e-04,2.04189169e-03,1.49302832e-06,1.94093682e-05,2.04650628e-05,2.66045816e-04,5.28399512e-05,7.39759317e-04,3.03010869e-14,4.54516304e-13,2.80926931e-07,3.93297703e-06,4.98064406e-06,7.47096608e-05,3.61555677e-04,5.78489083e-03,5.80048908e-08,9.86083144e-07,1.07540419e-20,1.93572755e-19,5.22512819e-07,8.88271792e-06,8.09798061e-11,1.45763651e-09,7.17611362e-05,1.43522272e-03
1.23803188e-03,1.98356084e-01,1.46331509e+04,9.96829372e-02,7.12910867e-01,7.12910867e-01,6.91395395e-02,2.76558158e-01,1.68935355e-04,2.02722425e-03,1.46003003e-06,1.89803904e-05,2.16520441e-05,2.81476574e-04,5.25834464e-05,7.36168250e-04,3.22985757e-14,4.84478635e-13,3.16231881e-07,4.42724634e-06,5.27319528e-06,7.90979292e-05,3.61523084e-04,5.78436934e-03,5.49575617e-08,9.34278550e-07,1.07431080e-20,1.93375944e-19,5.55106380e-07,9.43680845e-06,8.04939574e-11,1.44889123e-09,7.17611362e-05,1.43522272e-03
1.31916996e-03,1.98248818e-01,1.46094240e+04,1.05958542e-01,7.12909179e-01,7.12909179e-01,6.91395468e-02,2.76558187e-01,1.67649891e-04,2.01179869e-03,1.42586029e-06,1.85361838e-05,2.28979566e-05,2.97673436e-04,5.23131422e-05,7.32383990e-04,3.44291735e-14,5.16437603e-13,3.55782909e-07,4.98096073e-06,5.58072249e-06,8.37108373e-05,3.61488569e-04,5.78381710e-03,5.19055162e-08,8.82393776e-07,1.06928976e-20,1.92472157e-19,5.89620230e-07,1.00235439e-05,7.96921357e-11,1.43445844e-09,7.17611362e-05,1.43522272e-03
1.40562565e-03,1.98134586e-01,1.45841845e+04,1.12604915e-01,7.12907404e-01,7.12907404e-01,6.91395544e-02,2.76558218e-01,1.66299082e-04,1.99558898e-03,1.39053880e-06,1.80770044e-05,2.42044957e-05,3.14658444e-04,5.20285184e-05,7.28399258e-04,3.67020801e-14,5.50531201e-13,4.00053313e-07,5.60074639e-06,5.90371484e-06,8.85557226e-05,3.61452035e-04,5.78323255e-03,4.88599537e-08,8.30619213e-07,1.06021662e-20,1.90838991e-19,6.26152567e-07,1.06445936e-05,7.85687812e-11,1.41423806e-09,7.17611362e-05,1.43522272e-03
1.49774748e-03,1.98012940e-01,1.45573388e+04,1.19639812e-01,7.12905537e-01,7.12905537e-01,6.91395621e-02,2.76558249e-01,1.64880823e-04,1.97856988e-03,1.35409346e-06,1.76032150e-05,2.55732460e-05,3.32452198e-04,5.17290666e-05,7.24206933e-04,3.91271992e-14,5.86907989e-13,4.49561910e-07,6.29386674e-06,6.24264127e-06,9.36396190e-05,3.61413380e-04,5.78261408e-03,4.58325818e-08,7.79153890e-07,1.04701482e-20,1.88462667e-19,6.64804596e-07,1.13016781e-05,7.71226259e-11,1.38820727e-09,7.17611362e-05,1.43522272e-03
1.59590678e-03,1.97883404e-01,1.45287881e+04,1.27081087e-01,7.12903577e-01,7.12903577e-01,6.91395701e-02,2.76558280e-01,1.63393099e-04,1.96071719e-03,1.31656099e-06,1.71152929e-05,2.70056560e-05,3.51073529e-04,5.14142952e-05,7.19800132e-04,4.17152072e-14,6.25728109e-13,5.04876004e-07,7.06826406e-06,6.59794464e-06,9.89691696e-05,3.61372501e-04,5.78196001e-03,4.28354909e-08,7.28203345e-07,1.02966151e-20,1.85339071e-19,7.05680324e-07,1.19965655e-05,7.53570948e-11,1.35642771e-09,7.17611362e-05,1.43522272e-03
1.70049924e-03,1.97745471e-01,1.44984278e+04,1.34946530e-01,7.12901520e-01,7.12901520e-01,6.91395783e-02,2.76558313e-01,1.61834006e-04,1.94200807e-03,1.27798742e-06,1.66138364e-05,2.85030114e-05,3.70539148e-04,5.10837352e-05,7.15172293e-04,4.44776289e-14,6.67164433e-13,5.66614272e-07,7.93259980e-06,6.97003541e-06,1.04550531e-04,3.61329290e-04,5.78126865e-03,3.98810091e-08,6.77977155e-07,1.00819250e-20,1.81474650e-19,7.48886302e-07,1.27310671e-05,7.32806132e-11,1.31905104e-09,7.17611362e-05,1.43522272e-03
1.81194647e-03,1.97598605e-01,1.44661476e+04,1.43253675e-01,7.12899363e-01,7.12899363e-01,6.91395867e-02,2.76558347e-01,1.60201776e-04,1.92242132e-03,1.23842861e-06,1.60995720e-05,3.00664053e-05,3.90863270e-04,5.07369475e-05,7.10317265e-04,4.74269244e-14,7.11403866e-13,6.35449468e-07,8.89629256e-06,7.35928461e-06,1.10389269e-04,3.61283640e-04,5.78053825e-03,3.69815373e-08,6.28686134e-07,9.82706070e-21,1.76887093e-19,7.94531301e-07,1.35070321e-05,7.09067964e-11,1.27632233e-09,7.17611362e-05,1.43522272e-03
1.93069773e-03,1.97442233e-01,1.44318309e+04,1.52019558e-01,7.12897104e-01,7.12897104e-01,6.91395954e-02,2.76558381e-01,1.58494812e-04,1.90193775e-03,1.19795064e-06,1.55733583e-05,3.16967083e-05,4.12057208e-04,5.03735294e-05,7.05229412e-04,5.05765886e-14,7.58648829e-13,7.12110884e-07,9.96955238e-06,7.76601644e-06,1.16490247e-04,3.61235440e-04,5.77976704e-03,3.41493678e-08,5.80539252e-07,9.53365241e-21,1.71605743e-19,8.42725919e-07,1.43263406e-05,6.82544977e-11,1.22858096e-09,7.17611362e-05,1.43522272e-03
2.05723170e-03,1.97275748e-01,1.43953547e+04,1.61260445e-01,7.12894740e-01,7.12894740e-01,6.91396042e-02,2.76558417e-01,1.56711710e-04,1.88054052e-03,1.15663005e-06,1.50361906e-05,3.33945348e-05,4.34128952e-04,4.99931233e-05,6.99903726e-04,5.39412644e-14,8.09118966e-13,7.97386430e-07,1.11634100e-05,8.19050014e-06,1.22857502e-04,3.61184577e-04,5.77895324e-03,3.13964899e-08,5.33740329e-07,9.20398399e-21,1.65671712e-19,8.93582110e-07,1.51908959e-05,6.53476983e-11,1.17625857e-09,7.17611362e-05,1.43522272e-03
2.19205845e-03,1.97098508e-01,1.43565895e+04,1.70991498e-01,7.12892269e-01,7.12892269e-01,6.91396132e-02,2.76558453e-01,1.54851297e-04,1.85821557e-03,1.11455400e-06,1.44892020e-05,3.51602097e-05,4.57082726e-04,4.95954245e-05,6.94335943e-04,5.75368725e-14,8.63053087e-13,8.92124237e-07,1.24897393e-05,8.63294155e-06,1.29494123e-04,3.61130939e-04,5.77809503e-03,2.87343876e-08,4.88484589e-07,8.84097915e-21,1.59137625e-19,9.47212626e-07,1.61026146e-05,6.22152228e-11,1.11987401e-09,7.17611362e-05,1.43522272e-03
2.33572147e-03,1.96909826e-01,1.43153984e+04,1.81226402e-01,7.12889689e-01,7.12889689e-01,6.91396224e-02,2.76558490e-01,1.52912665e-04,1.83495198e-03,1.07182027e-06,1.39336635e-05,3.69937328e-05,4.80918526e-04,4.91801911e-05,6.88522676e-04,6.13807619e-14,9.20711428e-13,9.97233622e-07,1.39612707e-05,9.09347412e-06,1.36402112e-04,3.61074414e-04,5.77719062e-03,2.61738324e-08,4.44955151e-07,8.44816677e-21,1.52067002e-19,1.00373036e-06,1.70634162e-05,5.88902762e-11,1.06002497e-09,7.17611362e-05,1.43522272e-03
2.48879987e-03,1.96708978e-01,1.42716379e+04,1.91976925e-01,7.12886999e-01,7.12886999e-01,6.91396319e-02,2.76558527e-01,1.50895203e-04,1.81074243e-03,1.02853705e-06,1.33709816e-05,3.88947432e-05,5.05631661e-04,4.87472534e-05,6.82461548e-04,6.54918832e-14,9.82378247e-13,1.11368527e-06,1.55915937e-05,9.57214960e-06,1.43582244e-04,3.61014887e-04,5.77623819e-03,2.37246813e-08,4.03319581e-07,8.02962454e-21,1.44533242e-19,1.06324760e-06,1.80752092e-05,5.54098037e-11,9.97376466e-10,7.17611362e-05,1.43522272e-03
2.65191071e-03,1.96495192e-01,1.42251566e+04,2.03252419e-01,7.12884197e-01,7.12884197e-01,6.91396415e-02,2.76558566e-01,1.48798637e-04,1.78558365e-03,9.84822545e-07,1.28026931e-05,4.08624830e-05,5.31212279e-04,4.82965239e-05,6.76151334e-04,6.98909897e-14,1.04836485e-12,1.24251042e-06,1.73951459e-05,1.00689285e-05,1.51033928e-04,3.60952249e-04,5.77523599e-03,2.13956830e-08,3.63726611e-07,7.58990138e-21,1.36618225e-19,1.12587513e-06,1.91398772e-05,5.18136867e-11,9.32646360e-10,7.17611362e-05,1.43522272e-03
2.82571150e-03,1.96267650e-01,1.41757955e+04,2.15059272e-01,7.12881283e-01,7.12881283e-01,6.91396513e-02,2.76558605e-01,1.46623069e-04,1.75947683e-03,9.40804397e-07,1.22304572e-05,4.28957621e-05,5.57644907e-04,4.78280079e-05,6.69592110e-04,7.46008720e-14,1.11901308e-12,1.38479896e-06,1.93871854e-05,1.05836703e-05,1.58755055e-04,3.60886392e-04,5.77418226e-03,1.91943027e-08,3.26303146e-07,7.13392016e-21,1.28410563e-19,1.19172126e-06,2.02592614e-05,4.81437963e-11,8.66588333e-10,7.17611362e-05,1.43522272e-03
3.01090284e-03,1.96025486e-01,1.41233880e+04,2.27400280e-01,7.12878255e-01,7.12878255e-01,6.91396613e-02,2.76558645e-01,1.44369010e-04,1.73242812e-03,8.96618821e-07,1.16560447e-05,4.49929237e-05,5.84908008e-04,4.73418145e-05,6.62785402e-04,7.96466311e-14,1.19469947e-12,1.54169602e-06,2.15837443e-05,1.11161239e-05,1.66741858e-04,3.60817209e-04,5.77307535e-03,1.71265704e-08,2.91151697e-07,6.66686369e-21,1.20003546e-19,1.26089068e-06,2.14351415e-05,4.44429390e-11,7.99972902e-10,7.17611362e-05,1.43522272e-03
3.20823125e-03,1.95767779e-01,1.40677589e+04,2.40273981e-01,7.12875116e-01,7.12875116e-01,6.91396715e-02,2.76558686e-01,1.42037419e-04,1.70444903e-03,8.52409551e-07,1.10813242e-05,4.71518125e-05,6.12973562e-04,4.68381668e-05,6.55734336e-04,8.50559983e-14,1.27583997e-12,1.71439713e-06,2.40015598e-05,1.16659177e-05,1.74988766e-04,3.60744603e-04,5.77191364e-03,1.51969610e-08,2.58348337e-07,6.19404783e-21,1.11492861e-19,1.33348319e-06,2.26692142e-05,4.07537348e-11,7.33567226e-10,7.17611362e-05,1.43522272e-03
3.41849215e-03,1.95493556e-01,1.40087251e+04,2.53673930e-01,7.12871864e-01,7.12871864e-01,6.91396819e-02,2.76558728e-01,1.39629741e-04,1.67555689e-03,8.08326523e-07,1.05082448e-05,4.93697449e-05,6.41806684e-04,4.63174131e-05,6.48443783e-04,9.08597114e-14,1.36289567e-12,1.90414139e-06,2.66579794e-05,1.22325511e-05,1.83488267e-04,3.60668478e-04,5.77069564e-03,1.34083116e-08,2.27941298e-07,5.72078690e-21,1.02974164e-19,1.40959228e-06,2.39630688e-05,3.71174777e-11,6.68114599e-10,7.17611362e-05,1.43522272e-03
3.64253312e-03,1.95201784e-01,1.39460950e+04,2.67587934e-01,7.12868502e-01,7.12868502e-01,6.91396925e-02,2.76558770e-01,1.37147938e-04,1.64577526e-03,7.64524337e-07,9.93881638e-06,5.16434845e-05,6.71365299e-04,4.57800364e-05,6.40920509e-04,9.70919565e-14,1.45637935e-12,2.11220272e-06,2.95708380e-05,1.28153852e-05,1.92230778e-04,3.60588749e-04,5.76941998e-03,1.17617812e-08,1.99950281e-07,5.25225707e-21,9.45406273e-20,1.48930357e-06,2.53181608e-05,3.35730318e-11,6.04314573e-10,7.17611362e-05,1.43522272e-03
3.88125727e-03,1.94891368e-01,1.38796683e+04,2.81997275e-01,7.12865032e-01,7.12865032e-01,6.91397032e-02,2.76558813e-01,1.34594523e-04,1.61513427e-03,7.21160492e-07,9.37508639e-06,5.39692220e-05,7.01599887e-04,4.52266643e-05,6.33173300e-04,1.03790890e-13,1.55686335e-12,2.33987872e-06,3.27583020e-05,1.34136354e-05,2.01204531e-04,3.60505340e-04,5.76808544e-03,1.02568549e-08,1.74366533e-07,4.79336409e-21,8.62805537e-20,1.57269305e-06,2.67357818e-05,3.01558162e-11,5.42804691e-10,7.17611362e-05,1.43522272e-03
4.13562692e-03,1.94561152e-01,1.38092363e+04,2.96875931e-01,7.12861456e-01,7.12861456e-01,6.91397142e-02,2.76558857e-01,1.31972582e-04,1.58367099e-03,6.78393434e-07,8.81911465e-06,5.63425616e-05,7.32453300e-04,4.46580777e-05,6.25213087e-04,1.10999257e-13,1.66498885e-12,2.58847712e-06,3.62386796e-05,1.40263648e-05,2.10395473e-04,3.60418186e-04,5.76669098e-03,8.89139498e-09,1.51153715e-07,4.34862162e-21,7.82751891e-20,1.65982516e-06,2.82170276e-05,2.68969295e-11,4.84144731e-10,7.17611362e-05,1.43522272e-03
4.40666743e-03,1.94209910e-01,1.37345815e+04,3.12189827e-01,7.12857779e-01,7.12857779e-01,6.91397253e-02,2.76558901e-01,1.29285803e-04,1.55142964e-03,6.36380446e-07,8.27294580e-06,5.87585149e-05,7.63860694e-04,4.40752177e-05,6.17053048e-04,1.18765122e-13,1.78147682e-12,2.85929950e-06,4.00301930e-05,1.46524787e-05,2.19787181e-04,3.60327237e-04,5.76523579e-03,7.66173726e-09,1.30249533e-07,3.92204602e-21,7.05968284e-20,1.75075077e-06,2.97627631e-05,2.38224584e-11,4.28804251e-10,7.17611362e-05,1.43522272e-03
4.69547138e-03,1.93836346e-01,1.36554782e+04,3.27896168e-01,7.12854003e-01,7.12854003e-01,6.91397366e-02,2.76558947e-01,1.26538487e-04,1.51846185e-03,5.95275417e-07,7.73858043e-06,6.12115043e-05,7.95749555e-04,4.34791920e-05,6.08708688e-04,1.27142743e-13,1.90714115e-12,3.15362223e-06,4.41507113e-05,1.52907209e-05,2.29360814e-04,3.60232456e-04,5.76371930e-03,6.56282869e-09,1.11568088e-07,3.51707280e-21,6.33073103e-20,1.84550495e-06,3.13735841e-05,2.09530020e-11,3.77154036e-10,7.17611362e-05,1.43522272e-03
5.00320295e-03,1.93439090e-01,1.35716919e+04,3.43942878e-01,7.12850136e-01,7.12850136e-01,6.91397481e-02,2.76558993e-01,1.23735559e-04,1.48482671e-03,5.55226554e-07,7.21794521e-06,6.36953749e-05,8.28039874e-04,4.28712779e-05,6.00197891e-04,1.36193612e-13,2.04290418e-12,3.47267452e-06,4.86174433e-05,1.59396722e-05,2.39095083e-04,3.60133828e-04,5.76214124e-03,5.58840188e-09,9.50028320e-08,3.13649827e-21,5.64569689e-20,1.94410454e-06,3.30497771e-05,1.83034319e-11,3.29461774e-10,7.17611362e-05,1.43522272e-03
5.33110262e-03,1.93016694e-01,1.34829800e+04,3.60268216e-01,7.12846182e-01,7.12846182e-01,6.91397598e-02,2.76559039e-01,1.20882570e-04,1.45059084e-03,5.16374093e-07,6.71286320e-06,6.62034189e-05,8.60644446e-04,4.22529249e-05,5.91540948e-04,1.45987697e-13,2.18981545e-12,3.81761351e-06,5.34465892e-05,1.65977505e-05,2.48966258e-04,3.60031355e-04,5.76050168e-03,4.73117828e-09,8.04300308e-08,2.78244907e-21,5.00840833e-20,2.04654570e-06,3.47912769e-05,1.58828932e-11,2.85892077e-10,7.17611362e-05,1.43522272e-03
5.68049216e-03,1.92567630e-01,1.33890922e+04,3.76800611e-01,7.12842150e-01,7.12842150e-01,6.91397717e-02,2.76559087e-01,1.17985688e-04,1.41582825e-03,4.78848071e-07,6.22502493e-06,6.87284108e-05,8.93469340e-04,4.16257531e-05,5.82760544e-04,1.56604934e-13,2.34907401e-12,4.18949661e-06,5.86529526e-05,1.72632139e-05,2.58948209e-04,3.59925065e-04,5.75880103e-03,3.98309138e-09,6.77125534e-08,2.45637989e-21,4.42148381e-20,2.15280125e-06,3.65976212e-05,1.36950343e-11,2.46510617e-10,7.17611362e-05,1.43522272e-03
6.05277998e-03,1.92090286e-01,1.32897705e+04,3.93458780e-01,7.12838045e-01,7.12838045e-01,6.91397837e-02,2.76559135e-01,1.15051680e-04,1.38062016e-03,4.42766247e-07,5.75596121e-06,7.12626549e-05,9.26414514e-04,4.09915500e-05,5.73881701e-04,1.68137030e-13,2.52205545e-12,4.58925115e-06,6.42495161e-05,1.79341663e-05,2.69012494e-04,3.59815010e-04,5.75704016e-03,3.33552021e-09,5.67038436e-08,2.15909853e-21,3.88637735e-20,2.26281793e-06,3.84679049e-05,1.17384414e-11,2.11291945e-10,7.17611362e-05,1.43522272e-03
6.44946677e-03,1.91582959e-01,1.31847501e+04,4.10152180e-01,7.12833878e-01,7.12833878e-01,6.91397958e-02,2.76559183e-01,1.12087886e-04,1.34505464e-03,4.08232213e-07,5.30701877e-06,7.37980470e-05,9.59374611e-04,4.03522635e-05,5.64931689e-04,1.80689627e-13,2.71034441e-12,5.01764173e-06,7.02469842e-05,1.86085654e-05,2.79128480e-04,3.59701272e-04,5.75522036e-03,2.77952299e-09,4.72518908e-08,1.89081558e-21,3.40346804e-20,2.37651368e-06,4.04007325e-05,1.00072409e-11,1.80130336e-10,7.17611362e-05,1.43522272e-03
6.87215161e-03,1.91043858e-01,1.30737600e+04,4.26781845e-01,7.12829658e-01,7.12829658e-01,6.91398082e-02,2.76559233e-01,1.09102179e-04,1.30922615e-03,3.75333793e-07,4.87933931e-06,7.63261470e-05,9.92239910e-04,3.97099919e-05,5.55939886e-04,1.94384936e-13,2.91577404e-12,5.47523571e-06,7.66532999e-05,1.92842346e-05,2.89263519e-04,3.59583966e-04,5.75334346e-03,2.30606124e-09,3.92030410e-08,1.65121507e-21,2.97218713e-20,2.49377477e-06,4.23941711e-05,8.49182328e-12,1.52852819e-10,7.17611362e-05,1.43522272e-03
7.32253834e-03,1.90471094e-01,1.29565239e+04,4.43241641e-01,7.12825396e-01,7.12825396e-01,6.91398206e-02,2.76559282e-01,1.06102914e-04,1.27323496e-03,3.44141770e-07,4.47384300e-06,7.88382654e-05,1.02489745e-03,3.90669703e-05,5.46937584e-04,2.09364936e-13,3.14047404e-12,5.96236741e-06,8.34731438e-05,1.99588774e-05,2.99383160e-04,3.59463239e-04,5.75141182e-03,1.90620584e-09,3.24054992e-08,1.43954122e-21,2.59117419e-20,2.61445314e-06,4.44457033e-05,7.17964086e-12,1.29233535e-10,7.17611362e-05,1.43522272e-03
7.80244249e-03,1.89862682e-01,1.28327610e+04,4.59419947e-01,7.12821102e-01,7.12821102e-01,6.91398332e-02,2.76559333e-01,1.03098865e-04,1.23718638e-03,3.14708995e-07,4.09121694e-06,8.13255606e-05,1.05723229e-03,3.84255543e-05,5.37957760e-04,2.25795285e-13,3.38692927e-12,6.47910193e-06,9.07074271e-05,2.06300946e-05,3.09451418e-04,3.59339275e-04,5.74942840e-03,1.57131797e-09,2.67124054e-08,1.25469637e-21,2.25845347e-20,2.73836372e-06,4.65521832e-05,6.05602856e-12,1.09008514e-10,7.17611362e-05,1.43522272e-03
8.31379858e-03,1.89216534e-01,1.27021876e+04,4.75201757e-01,7.12816788e-01,7.12816788e-01,6.91398458e-02,2.76559383e-01,1.00099160e-04,1.20118992e-03,2.87069925e-07,3.73190903e-06,8.37791466e-05,1.08912891e-03,3.77881990e-05,5.29034786e-04,2.43870114e-13,3.65805171e-12,7.02519929e-06,9.83527900e-05,2.12954054e-05,3.19431081e-04,3.59212299e-04,5.74739678e-03,1.29319981e-09,2.19843967e-08,1.09534532e-21,1.97162158e-20,2.86528202e-06,4.87097944e-05,5.10500313e-12,9.18900563e-11,7.17611362e-05,1.43522272e-03
8.85866790e-03,1.88530459e-01,1.25645184e+04,4.90471166e-01,7.12812468e-01,7.12812468e-01,6.91398586e-02,2.76559434e-01,9.71131912e-05,1.16535829e-03,2.61240587e-07,3.39612763e-06,8.61902085e-05,1.12047271e-03,3.71574358e-05,5.20204102e-04,2.63817940e-13,3.95726910e-12,7.60008022e-06,1.06401123e-04,2.19522708e-05,3.29284062e-04,3.59082577e-04,5.74532123e-03,1.06421217e-09,1.80916069e-08,9.60021640e-22,1.72803895e-20,2.99494199e-06,5.09140139e-05,4.31000233e-12,7.75800420e-11,7.17611362e-05,1.43522272e-03
9.43924684e-03,1.87802157e-01,1.24194683e+04,5.05114150e-01,7.12808155e-01,7.12808155e-01,6.91398713e-02,2.76559485e-01,9.41505305e-05,1.12980637e-03,2.37218991e-07,3.08384688e-06,8.85501243e-05,1.15115162e-03,3.65358454e-05,5.11501836e-04,2.85908988e-13,4.28863481e-12,8.20279473e-06,1.14839126e-04,2.25981199e-05,3.38971799e-04,3.58950418e-04,5.74320669e-03,8.77358202e-10,1.49150894e-08,8.47232890e-22,1.52501920e-20,3.12703422e-06,5.31595818e-05,3.65453539e-12,6.57816371e-11,7.17611362e-05,1.43522272e-03
1.00578757e-02,1.87029220e-01,1.22667541e+04,5.19021561e-01,7.12803861e-01,7.12803861e-01,6.91398841e-02,2.76559536e-01,9.12208296e-05,1.09464995e-03,2.14985964e-07,2.79481753e-06,9.08505895e-05,1.18105766e-03,3.59260282e-05,5.02964394e-04,3.10464300e-13,4.65696450e-12,8.83199486e-06,1.23647928e-04,2.32303787e-05,3.48455680e-04,3.58816176e-04,5.74105881e-03,7.26334615e-10,1.23476885e-08,7.55563005e-22,1.36001341e-20,3.26120473e-06,5.54404803e-05,3.12272643e-12,5.62090757e-11,7.17611362e-05,1.43522272e-03
1.07170483e-02,1.86209126e-01,1.21060973e+04,5.32092182e-01,7.12799602e-01,7.12799602e-01,6.91398969e-02,2.76559588e-01,8.83337181e-05,1.06000462e-03,1.94506370e-07,2.52858281e-06,9.30837413e-05,1.21008864e-03,3.53305719e-05,4.94628007e-04,3.37867150e-13,5.06800725e-12,9.48591297e-06,1.32802782e-04,2.38465009e-05,3.57697513e-04,3.58680250e-04,5.73888400e-03,6.05553053e-10,1.02944019e-08,6.83771634e-22,1.23078894e-20,3.39705428e-06,5.77499228e-05,2.69974261e-12,4.85953669e-11,7.17611362e-05,1.43522272e-03
1.14194217e-02,1.85339242e-01,1.19372262e+04,5.44235707e-01,7.12795392e-01,7.12795392e-01,6.91399096e-02,2.76559638e-01,8.54986980e-05,1.02598438e-03,1.75730662e-07,2.28449860e-06,9.52422791e-05,1.23814963e-03,3.47520179e-05,4.86528250e-04,3.68577403e-13,5.52866105e-12,1.01623472e-05,1.42272861e-04,2.44440009e-05,3.66660013e-04,3.58543084e-04,5.73668935e-03,5.10135960e-10,8.67231132e-09,6.30892358e-22,1.13560624e-20,3.53413859e-06,6.00803561e-05,2.37210840e-12,4.26979511e-11,7.17611362e-05,1.43522272e-03
1.21678272e-02,1.84416819e-01,1.17598791e+04,5.55375492e-01,7.12791246e-01,7.12791246e-01,6.91399223e-02,2.76559689e-01,8.27250362e-05,9.92700435e-04,1.58596707e-07,2.06175719e-06,9.73195768e-05,1.26515450e-03,3.41928245e-05,4.78699543e-04,4.03149708e-13,6.04724562e-12,1.08586556e-05,1.52021178e-04,2.50204875e-05,3.75307312e-04,3.58405167e-04,5.73448267e-03,4.35891776e-10,7.41016019e-09,5.96333725e-22,1.07340070e-20,3.67196929e-06,6.24234779e-05,2.12791461e-12,3.83024629e-11,7.17611362e-05,1.43522272e-03
1.29652816e-02,1.83438994e-01,1.15738075e+04,5.65450909e-01,7.12787177e-01,7.12787177e-01,6.91399348e-02,2.76559739e-01,8.00216602e-05,9.60259923e-04,1.43031805e-07,1.85941347e-06,9.93097843e-05,1.29102720e-03,3.36553309e-05,4.71174632e-04,4.42256686e-13,6.63385028e-12,1.15717600e-05,1.62004640e-04,2.55736992e-05,3.83605488e-04,3.58267029e-04,5.73227246e-03,3.79274705e-10,6.44766999e-09,5.79989653e-22,1.04398137e-20,3.81001603e-06,6.47702725e-05,1.95693640e-12,3.52248553e-11,7.17611362e-05,1.43522272e-03
1.38149996e-02,1.82402789e-01,1.13787799e+04,5.74419196e-01,7.12783200e-01,7.12783200e-01,6.91399472e-02,2.76559789e-01,7.73970560e-05,9.28764672e-04,1.28954817e-07,1.67641262e-06,1.01207913e-04,1.31570288e-03,3.31417193e-05,4.63984070e-04,4.86718682e-13,7.30078023e-12,1.22981613e-05,1.72174258e-04,2.61015392e-05,3.91523088e-04,3.58129238e-04,5.73006781e-03,3.37334224e-10,5.73468180e-09,5.82368734e-22,1.04826372e-20,3.94770972e-06,6.71110653e-05,1.85067790e-12,3.33122023e-11,7.17611362e-05,1.43522272e-03
1.47204064e-02,1.81305114e-01,1.11745858e+04,5.82256673e-01,7.12779330e-01,7.12779330e-01,6.91399594e-02,2.76559838e-01,7.48591730e-05,8.98310076e-04,1.16278331e-07,1.51161831e-06,1.03009906e-04,1.33912878e-03,3.26539779e-05,4.57155691e-04,5.37542211e-13,8.06313316e-12,1.30339672e-05,1.82475541e-04,2.66021104e-05,3.99031656e-04,3.57992399e-04,5.72787839e-03,3.07658851e-10,5.23020047e-09,6.04755732e-22,1.08856032e-20,4.08444705e-06,6.94355999e-05,1.80236149e-12,3.24425069e-11,7.17611362e-05,1.43522272e-03
1.56851516e-02,1.80142767e-01,1.09610400e+04,5.88959301e-01,7.12775579e-01,7.12775579e-01,6.91399714e-02,2.76559885e-01,7.24153373e-05,8.68984047e-04,1.04910785e-07,1.36384020e-06,1.04712680e-04,1.36126485e-03,3.21938646e-05,4.50714105e-04,5.95969980e-13,8.93954969e-12,1.37749326e-05,1.92849056e-04,2.70737501e-05,4.06106251e-04,3.57857143e-04,5.72571430e-03,2.88318408e-10,4.90141293e-09,6.49424238e-22,1.16896363e-20,4.21959641e-06,7.17331389e-05,1.80688055e-12,3.25238499e-11,7.17611362e-05,1.43522272e-03
1.67131243e-02,1.78912442e-01,1.07379878e+04,5.94542528e-01,7.12771961e-01,7.12771961e-01,6.91399831e-02,2.76559932e-01,7.00721736e-05,8.40866083e-04,9.47584740e-08,1.23186016e-06,1.06314154e-04,1.38208401e-03,3.17628722e-05,4.44680211e-04,6.63546486e-13,9.95319730e-12,1.45165132e-05,2.03231185e-04,2.75150622e-05,4.12725932e-04,3.57724123e-04,5.72358597e-03,2.77807848e-10,4.72273342e-09,7.19926653e-22,1.29586797e-20,4.35250520e-06,7.39925884e-05,1.86073158e-12,3.34931685e-11,7.17611362e-05,1.43522272e-03
1.78084683e-02,1.77610730e-01,1.05053099e+04,5.99040488e-01,7.12768488e-01,7.12768488e-01,6.91399945e-02,2.76559978e-01,6.78355397e-05,8.14026476e-04,8.57273962e-08,1.11445615e-06,1.07813245e-04,1.40157218e-03,3.13621962e-05,4.39070747e-04,7.42204707e-13,1.11330706e-11,1.52539331e-05,2.13555063e-04,2.79249481e-05,4.18874221e-04,3.57594004e-04,5.72150406e-03,2.74995128e-10,4.67491718e-09,8.21499168e-22,1.47869850e-20,4.48250869e-06,7.62026477e-05,1.96193976e-12,3.53149157e-11,7.17611362e-05,1.43522272e-03
1.89755988e-02,1.76234126e-01,1.02629285e+04,6.02504588e-01,7.12765170e-01,7.12765170e-01,6.91400056e-02,2.76560023e-01,6.57104718e-05,7.88525662e-04,7.77248804e-08,1.01042345e-06,1.09209842e-04,1.41972795e-03,3.09927057e-05,4.33897880e-04,8.34381593e-13,1.25157239e-11,1.59822639e-05,2.23751694e-04,2.83026338e-05,4.24539508e-04,3.57467452e-04,5.71947922e-03,2.79074693e-10,4.74426979e-09,9.61636206e-22,1.73094517e-20,4.60894023e-06,7.83519839e-05,2.10998863e-12,3.79797953e-11,7.17611362e-05,1.43522272e-03
2.02192206e-02,1.74779043e-01,1.00108128e+04,6.05001606e-01,7.12762019e-01,7.12762019e-01,6.91400164e-02,2.76560066e-01,6.37011426e-05,7.64413711e-04,7.06609754e-08,9.18592680e-07,1.10504763e-04,1.43656191e-03,3.06549193e-05,4.29168870e-04,9.43173283e-13,1.41475992e-11,1.66965159e-05,2.33751222e-04,2.86476933e-05,4.29715400e-04,3.57345124e-04,5.71752198e-03,2.89527486e-10,4.92196726e-09,1.15091464e-21,2.07164636e-20,4.73114279e-06,8.04294274e-05,2.30576185e-12,4.15037134e-11,7.17611362e-05,1.43522272e-03
2.15443469e-02,1.73241814e-01,9.74898584e+03,6.06611387e-01,7.12759042e-01,7.12759042e-01,6.91400268e-02,2.76560107e-01,6.18108308e-05,7.41729969e-04,6.44495811e-08,8.37844554e-07,1.11699676e-04,1.45209579e-03,3.03489858e-05,4.24885801e-04,1.07254553e-12,1.60881829e-11,1.73917385e-05,2.43484340e-04,2.89600659e-05,4.34400989e-04,3.57227656e-04,5.71564249e-03,3.06087717e-10,5.20349118e-09,1.40418803e-21,2.52753845e-20,4.84848165e-06,8.24241881e-05,2.55150159e-12,4.59270286e-11,7.17611362e-05,1.43522272e-03
2.29563192e-02,1.71618714e-01,9.47753078e+03,6.07424271e-01,7.12756246e-01,7.12756246e-01,6.91400368e-02,2.76560147e-01,6.00419023e-05,7.20502827e-04,5.90093216e-08,7.67121180e-07,1.12797019e-04,1.46636124e-03,3.00746730e-05,4.21045422e-04,1.22762167e-12,1.84143251e-11,1.80631279e-05,2.52883791e-04,2.92400674e-05,4.38601011e-04,3.57115646e-04,5.71385033e-03,3.28716139e-10,5.58817437e-09,1.74233344e-21,3.13620019e-20,4.96035793e-06,8.43260849e-05,2.85078538e-12,5.13141368e-11,7.17611362e-05,1.43522272e-03
2.44608294e-02,1.69905971e-01,9.19659782e+03,6.07538360e-01,7.12753637e-01,7.12753637e-01,6.91400464e-02,2.76560185e-01,5.83958013e-05,7.00749615e-04,5.42641668e-08,7.05434168e-07,1.13799891e-04,1.47939858e-03,2.98313636e-05,4.17639091e-04,1.41508056e-12,2.12262084e-11,1.87061382e-05,2.61885935e-04,2.94883929e-05,4.42325893e-04,3.57009644e-04,5.71215430e-03,3.57579071e-10,6.07884421e-09,2.19483207e-21,3.95069773e-20,5.06622262e-06,8.61257846e-05,3.20852054e-12,5.77533697e-11,7.17611362e-05,1.43522272e-03
2.60639420e-02,1.68099784e-01,8.90641106e+03,6.07056714e-01,7.12751219e-01,7.12751219e-01,6.91400555e-02,2.76560222e-01,5.68730506e-05,6.82476607e-04,5.01438209e-08,6.51869671e-07,1.14711944e-04,1.49125527e-03,2.96180624e-05,4.14652873e-04,1.64371207e-12,2.46556810e-11,1.93165937e-05,2.70432311e-04,2.97061098e-05,4.45591647e-04,3.56910134e-04,5.71056214e-03,3.93032044e-10,6.68154475e-09,2.80362251e-21,5.04652051e-20,5.16559061e-06,8.78150404e-05,3.63095234e-12,6.53571422e-11,7.17611362e-05,1.43522272e-03
2.77721193e-02,1.66196347e-01,8.60727533e+03,6.06084567e-01,7.12748994e-01,7.12748994e-01,6.91400642e-02,2.76560257e-01,5.54732590e-05,6.65679108e-04,4.65839044e-08,6.05590758e-07,1.15537265e-04,1.50198444e-03,2.94334131e-05,4.12067783e-04,1.92520085e-12,2.88780127e-11,1.98907966e-05,2.78471153e-04,2.98946403e-05,4.48419605e-04,3.56817524e-04,5.70908039e-03,4.35606637e-10,7.40531283e-09,3.62892127e-21,6.53205828e-20,5.25805426e-06,8.93869224e-05,4.12568000e-12,7.42622399e-11,7.17611362e-05,1.43522272e-03
2.95922471e-02,1.64191876e-01,8.29958289e+03,6.04726627e-01,7.12746962e-01,7.12746962e-01,6.91400724e-02,2.76560290e-01,5.41951358e-05,6.50341629e-04,4.35259546e-08,5.65837409e-07,1.16280261e-04,1.51164340e-03,2.92757288e-05,4.09860203e-04,2.27524466e-12,3.41286700e-11,2.04256277e-05,2.85958788e-04,3.00557314e-05,4.50835971e-04,3.56732133e-04,5.70771412e-03,4.85998685e-10,8.26197765e-09,4.75812594e-21,8.56462669e-20,5.34329578e-06,9.08360283e-05,4.70167149e-12,8.46300867e-11,7.17611362e-05,1.43522272e-03
3.15316623e-02,1.62082633e-01,7.98381969e+03,6.03084493e-01,7.12745122e-01,7.12745122e-01,6.91400802e-02,2.76560321e-01,5.30365111e-05,6.36438133e-04,4.09172813e-08,5.31924657e-07,1.16945557e-04,1.52029224e-03,2.91430343e-05,4.08002480e-04,2.71516878e-12,4.07275317e-11,2.09186326e-05,2.92860857e-04,3.01914123e-05,4.52871185e-04,3.56654176e-04,5.70646681e-03,5.45055810e-10,9.26594877e-09,6.31961828e-21,1.13753129e-19,5.42109784e-06,9.21586632e-05,5.36926606e-12,9.66467891e-11,7.17611362e-05,1.43522272e-03
3.35981829e-02,1.59864964e-01,7.66057115e+03,6.01254276e-01,7.12743469e-01,7.12743469e-01,6.91400875e-02,2.76560350e-01,5.19943600e-05,6.23932320e-04,3.87106825e-08,5.03238872e-07,1.17537893e-04,1.52799261e-03,2.90331202e-05,4.06463682e-04,3.27428539e-12,4.91142809e-11,2.13680919e-05,2.99153287e-04,3.03039410e-05,4.54559115e-04,3.56583762e-04,5.70534020e-03,6.13762093e-10,1.04339556e-08,8.50447699e-21,1.53080586e-19,5.49135173e-06,9.33529794e-05,6.14015128e-12,1.10522723e-10,7.17611362e-05,1.43522272e-03
3.58001389e-02,1.57535334e-01,7.33052710e+03,5.99324401e-01,7.12741999e-01,7.12741999e-01,6.91400944e-02,2.76560378e-01,5.10648352e-05,6.12778023e-04,3.68640994e-08,4.79233292e-07,1.18062053e-04,1.53480669e-03,2.89436088e-05,4.05210524e-04,3.99338644e-12,5.99007967e-11,2.17730685e-05,3.04822958e-04,3.03957383e-05,4.55936074e-04,3.56520887e-04,5.70433419e-03,6.93217845e-10,1.17847034e-08,1.16011691e-20,2.08821044e-19,5.55406237e-06,9.44190603e-05,7.02730018e-12,1.26491403e-10,7.17611362e-05,1.43522272e-03
3.81464066e-02,1.55090371e-01,6.99448561e+03,5.97373717e-01,7.12740703e-01,7.12740703e-01,6.91401009e-02,2.76560403e-01,5.02433064e-05,6.02919676e-04,3.53401861e-08,4.59422419e-07,1.18522798e-04,1.54079637e-03,2.88720281e-05,4.04208393e-04,4.92998429e-12,7.39497644e-11,2.21334296e-05,3.09868014e-04,3.04693149e-05,4.57039723e-04,3.56465429e-04,5.70344686e-03,7.84612634e-10,1.33384148e-08,1.60519083e-20,2.88934350e-19,5.60934960e-06,9.53589431e-05,8.04485394e-12,1.44807371e-10,7.17611362e-05,1.43522272e-03
4.06464440e-02,1.52526915e-01,6.65335555e+03,5.95469911e-01,7.12739574e-01,7.12739574e-01,6.91401069e-02,2.76560428e-01,4.95244077e-05,5.94292893e-04,3.41058501e-08,4.43376052e-07,1.18924826e-04,1.54602274e-03,2.88158893e-05,4.03422450e-04,6.16628573e-12,9.24942859e-11,2.24498408e-05,3.14297771e-04,3.05271936e-05,4.57907903e-04,3.56417156e-04,5.70267449e-03,8.89190681e-10,1.51162416e-08,2.25458638e-20,4.05825549e-19,5.65744546e-06,9.61765728e-05,9.20793741e-12,1.65742873e-10,7.17611362e-05,1.43522272e-03
4.33103286e-02,1.49842065e-01,6.30815745e+03,5.93668363e-01,7.12738601e-01,7.12738601e-01,6.91401125e-02,2.76560450e-01,4.89020972e-05,5.86825166e-04,3.31317640e-08,4.30712932e-07,1.19272749e-04,1.55054574e-03,2.87727652e-05,4.02818712e-04,7.82150154e-12,1.17322523e-10,2.27237301e-05,3.18132221e-04,3.05718322e-05,4.58577484e-04,3.56375730e-04,5.70201167e-03,1.00820903e-09,1.71395536e-08,3.21762730e-20,5.79172914e-19,5.69868726e-06,9.68776834e-05,1.05323999e-11,1.89583198e-10,7.17611362e-05,1.43522272e-03
4.61487988e-02,1.47033244e-01,5.96002232e+03,5.92011450e-01,7.12737773e-01,7.12737773e-01,6.91401178e-02,2.76560471e-01,4.83697348e-05,5.80436817e-04,3.23919045e-08,4.21094759e-07,1.19571082e-04,1.55442406e-03,2.87403625e-05,4.02365074e-04,1.00711317e-11,1.51066976e-10,2.29572212e-05,3.21401097e-04,3.06055514e-05,4.59083271e-04,3.56340718e-04,5.70145149e-03,1.14289082e-09,1.94291440e-08,4.67106966e-20,8.40792539e-19,5.73350602e-06,9.74696023e-05,1.20344815e-11,2.16620667e-10,7.17611362e-05,1.43522272e-03
4.91732965e-02,1.44098255e-01,5.61018823e+03,5.90528415e-01,7.12737077e-01,7.12737077e-01,6.91401228e-02,2.76560491e-01,4.79201708e-05,5.75042049e-04,3.18630913e-08,4.14220187e-07,1.19824244e-04,1.55771517e-03,2.87165828e-05,4.02032160e-04,1.31776350e-11,1.97664524e-10,2.31530418e-05,3.24142585e-04,3.06304740e-05,4.59457110e-04,3.56311611e-04,5.70098578e-03,1.29437766e-09,2.20044202e-08,6.90659634e-20,1.24318734e-18,5.76241155e-06,9.79609963e-05,1.37304143e-11,2.47147457e-10,7.17611362e-05,1.43522272e-03
5.23960135e-02,1.41035356e-01,5.25999423e+03,5.89235823e-01,7.12736501e-01,7.12736501e-01,6.91401274e-02,2.76560510e-01,4.75458618e-05,5.70550342e-04,3.15245916e-08,4.09819690e-07,1.20036563e-04,1.56047532e-03,2.86995695e-05,4.01793973e-04,1.75399125e-11,2.63098688e-10,2.33144046e-05,3.26401665e-04,3.06484793e-05,4.59727190e-04,3.56287837e-04,5.70060539e-03,1.46368769e-09,2.48826907e-08,1.04161750e-19,1.87491151e-18,5.78597365e-06,9.83615520e-05,1.56359853e-11,2.81447735e-10,7.17611362e-05,1.43522272e-03
5.58299409e-02,1.37843331e-01,4.91087132e+03,5.88138606e-01,7.12736032e-01,7.12736032e-01,6.91401319e-02,2.76560527e-01,4.72389992e-05,5.66867991e-04,3.13577642e-08,4.07650934e-07,1.20212281e-04,1.56275966e-03,2.86877344e-05,4.01628282e-04,2.37742465e-11,3.56613698e-10,2.34448742e-05,3.28228239e-04,3.06611760e-05,4.59917640e-04,3.56268786e-04,5.70030058e-03,1.65168615e-09,2.80786646e-08,1.60490547e-19,2.88882985e-18,5.80480144e-06,9.86816245e-05,1.77660962e-11,3.19789731e-10,7.17611362e-05,1.43522272e-03
5.94889208e-02,1.34521570e-01,4.56433023e+03,5.87231650e-01,7.12735655e-01,7.12735655e-01,6.91401361e-02,2.76560544e-01,4.69916598e-05,5.63899918e-04,3.13457868e-08,4.07495229e-07,1.20355548e-04,1.56462213e-03,2.86797666e-05,4.01516733e-04,3.28481972e-11,4.92722958e-10,2.35482205e-05,3.29675087e-04,3.06698942e-05,4.60048413e-04,3.56253831e-04,5.70006129e-03,1.85907567e-09,3.16042864e-08,2.53072454e-19,4.55530417e-18,5.81952113e-06,9.89318592e-05,2.01343733e-11,3.62418719e-10,7.17611362e-05,1.43522272e-03
6.33877027e-02,1.31070151e-01,4.22194595e+03,5.86501809e-01,7.12735359e-01,7.12735359e-01,6.91401401e-02,2.76560560e-01,4.67959660e-05,5.61551592e-04,3.14734500e-08,4.09154850e-07,1.20470408e-04,1.56611531e-03,2.86746219e-05,4.01444707e-04,4.63037517e-11,6.94556276e-10,2.36282730e-05,3.30795822e-04,3.06756962e-05,4.60135442e-04,3.56242348e-04,5.69987757e-03,2.08641041e-09,3.54689770e-08,4.09137577e-19,7.36447639e-18,5.83075423e-06,9.91228219e-05,2.27528808e-11,4.09551855e-10,7.17611362e-05,1.43522272e-03
6.75420029e-02,1.27489926e-01,3.88533863e+03,5.85930181e-01,7.12735130e-01,7.12735130e-01,6.91401440e-02,2.76560576e-01,4.66442539e-05,5.59731047e-04,3.17270368e-08,4.12451479e-07,1.20560771e-04,1.56729003e-03,2.86714981e-05,4.01400973e-04,6.66293830e-11,9.99440745e-10,2.36887803e-05,3.31642924e-04,3.06794008e-05,4.60191011e-04,3.56233741e-04,5.69973986e-03,2.33413513e-09,3.96802971e-08,6.79249523e-19,1.22264914e-17,5.83909711e-06,9.92646509e-05,2.56319932e-11,4.61375878e-10,7.17611362e-05,1.43522272e-03
7.19685673e-02,1.23782614e-01,3.55615127e+03,5.85494449e-01,7.12734958e-01,7.12734958e-01,6.91401478e-02,2.76560591e-01,4.65292375e-05,5.58350850e-04,3.20942726e-08,4.17225544e-07,1.20630372e-04,1.56819484e-03,2.86698003e-05,4.01377204e-04,9.78732364e-11,1.46809855e-09,2.37332869e-05,3.32266016e-04,3.06816188e-05,4.60224281e-04,3.56227454e-04,5.69963927e-03,2.60264448e-09,4.42449562e-08,1.15928268e-18,2.08670882e-17,5.84510343e-06,9.93667582e-05,2.87804645e-11,5.18048360e-10,7.17611362e-05,1.43522272e-03
7.66852397e-02,1.19950893e-01,3.23602397e+03,5.85171084e-01,7.12734830e-01,7.12734830e-01,6.91401516e-02,2.76560606e-01,4.64441573e-05,5.57329888e-04,3.25643340e-08,4.23336341e-07,1.20682721e-04,1.56887537e-03,2.86691013e-05,4.01367418e-04,1.46622188e-10,2.19933282e-09,2.37650318e-05,3.32710445e-04,3.06827918e-05,4.60241878e-04,3.56222989e-04,5.69956783e-03,2.89235389e-09,4.91700162e-08,2.03353621e-18,3.66036519e-17,5.84927042e-06,9.94375971e-05,3.22057078e-11,5.79702741e-10,7.17611362e-05,1.43522272e-03
8.17110332e-02,1.15998487e-01,2.92656546e+03,5.84937221e-01,7.12734738e-01,7.12734738e-01,6.91401554e-02,2.76560622e-01,4.63829046e-05,5.56594855e-04,3.31278975e-08,4.30662668e-07,1.20721052e-04,1.56937367e-03,2.86691031e-05,4.01367443e-04,2.23464786e-10,3.35197180e-09,2.37868764e-05,3.33016270e-04,3.06832314e-05,4.60248471e-04,3.56219913e-04,5.69951860e-03,3.20377036e-09,5.44640962e-08,3.65618494e-18,6.58113290e-17,5.85202980e-06,9.94845065e-05,3.59142677e-11,6.46456818e-10,7.17611362e-05,1.43522272e-03
8.70662068e-02,1.11930259e-01,2.62932212e+03,5.84772099e-01,7.12734674e-01,7.12734674e-01,6.91401592e-02,2.76560637e-01,4.63401100e-05,5.56081320e-04,3.37772047e-08,4.39103661e-07,1.20748272e-04,1.56972753e-03,2.86696024e-05,4.01374433e-04,3.44910138e-10,5.17365207e-09,2.38012626e-05,3.33217676e-04,3.06831529e-05,4.60247294e-04,3.56217862e-04,5.69948579e-03,3.53755204e-09,6.01383847e-08,6.69138024e-18,1.20444844e-16,5.85374342e-06,9.95136381e-05,3.99124304e-11,7.18423747e-10,7.17611362e-05,1.43522272e-03
9.27723476e-02,1.07752297e-01,2.34574547e+03,5.84657988e-01,7.12734631e-01,7.12734631e-01,6.91401630e-02,2.76560652e-01,4.63111921e-05,5.55734305e-04,3.45061173e-08,4.48579525e-07,1.20766923e-04,1.56997000e-03,2.86704625e-05,4.01386475e-04,5.35290329e-10,8.02935494e-09,2.38102006e-05,3.33342808e-04,3.06827036e-05,4.60240554e-04,3.56216542e-04,5.69946467e-03,3.89454843e-09,6.62073233e-08,1.23098361e-17,2.21577050e-16,5.85470362e-06,9.95299615e-05,4.42068960e-11,7.95724128e-10,7.17611362e-05,1.43522272e-03
9.88524571e-02,1.03471994e-01,2.07715893e+03,5.84580604e-01,7.12734602e-01,7.12734602e-01,6.91401668e-02,2.76560667e-01,4.62923634e-05,5.55508361e-04,3.53101419e-08,4.59031845e-07,1.20779163e-04,1.57012912e-03,2.86715929e-05,4.01402301e-04,8.27380440e-10,1.24107066e-08,2.38152847e-05,3.33413986e-04,3.06819833e-05,4.60229749e-04,3.56215726e-04,5.69945161e-03,4.27581840e-09,7.26889128e-08,2.23548670e-17,4.02387606e-16,5.85513752e-06,9.95373378e-05,4.88054233e-11,8.78497619e-10,7.17611362e-05,1.43522272e-03
1.05331045e-01,9.90981133e-02,1.82472504e+03,5.84529057e-01,7.12734584e-01,7.12734584e-01,6.91401706e-02,2.76560682e-01,4.62805985e-05,5.55367182e-04,3.61864099e-08,4.70423328e-07,1.20786757e-04,1.57022783e-03,2.86729343e-05,4.01421081e-04,1.25982336e-09,1.88973504e-08,2.38177306e-05,3.33448228e-04,3.06810591e-05,4.60215886e-04,3.56215241e-04,5.69944386e-03,4.68262862e-09,7.96046865e-08,3.92622799e-17,7.06721039e-16,5.85521433e-06,9.95386436e-05,5.37173667e-11,9.66912601e-10,7.17611362e-05,1.43522272e-03
1.12234225e-01,9.46408497e-02,1.58941448e+03,5.84495424e-01,7.12734573e-01,7.12734573e-01,6.91401744e-02,2.76560698e-01,4.62735724e-05,5.55282869e-04,3.71336053e-08,4.82736869e-07,1.20791099e-04,1.57028429e-03,2.86744490e-05,4.01442287e-04,1.87019306e-09,2.80528959e-08,2.38184263e-05,3.33457968e-04,3.06799752e-05,4.60199628e-04,3.56214967e-04,5.69943947e-03,5.11643911e-09,8.69794649e-08,6.55450235e-17,1.17981042e-15,5.85505454e-06,9.95359272e-05,5.89540513e-11,1.06117292e-09,7.17611362e-05,1.43522272e-03
1.19589826e-01,9.01118663e-02,1.37197824e+03,5.84474093e-01,7.12734567e-01,7.12734567e-01,6.91401783e-02,2.76560713e-01,4.62695765e-05,5.55234918e-04,3.81518466e-08,4.95974005e-07,1.20793246e-04,1.57031220e-03,2.86761145e-05,4.01465602e-04,2.68544858e-09,4.02817287e-08,2.38179919e-05,3.33451887e-04,3.06787598e-05,4.60181396e-04,3.56214819e-04,5.69943710e-03,5.57888400e-09,9.48410281e-08,1.03043207e-16,1.85477773e-15,5.85473976e-06,9.95305759e-05,6.45289641e-11,1.16152135e-09,7.17611362e-05,1.43522272e-03
1.27427499e-01,8.55243140e-02,1.17292453e+03,5.84461098e-01,7.12734563e-01,7.12734563e-01,6.91401821e-02,2.76560728e-01,4.62674184e-05,5.55209021e-04,3.92425321e-08,5.10152917e-07,1.20793963e-04,1.57032152e-03,2.86779187e-05,4.01490862e-04,3.71472051e-09,5.57208076e-08,2.38168392e-05,3.33435749e-04,3.06774291e-05,4.60161437e-04,3.56214743e-04,5.69943589e-03,6.07175447e-09,1.03219826e-07,1.52542824e-16,2.74577082e-15,5.85432221e-06,9.95234776e-05,7.04577775e-11,1.26823999e-09,7.17611362e-05,1.43522272e-03
1.35778836e-01,8.08928249e-02,9.92501741e+02,5.84453591e-01,7.12734562e-01,7.12734562e-01,6.91401859e-02,2.76560744e-01,4.62663143e-05,5.55195772e-04,4.04081685e-08,5.25306190e-07,1.20793779e-04,1.57031913e-03,2.86798574e-05,4.01518004e-04,4.94903562e-09,7.42355343e-08,2.38152268e-05,3.33413175e-04,3.06759914e-05,4.60139872e-04,3.56214707e-04,5.69943531e-03,6.59698795e-09,1.12148795e-07,2.14107817e-16,3.85394071e-15,5.85383316e-06,9.95151637e-05,7.67582427e-11,1.38164837e-09,7.17611362e-05,1.43522272e-03
1.44677502e-01,7.62334761e-02,8.30688965e+02,5.84449528e-01,7.12734561e-01,7.12734561e-01,6.91401898e-02,2.76560759e-01,4.62657803e-05,5.55189363e-04,4.16521988e-08,5.41478585e-07,1.20793039e-04,1.57030950e-03,2.86819315e-05,4.01547041e-04,6.36802836e-09,9.55204254e-08,2.38133065e-05,3.33386290e-04,3.06744490e-05,4.60116736e-04,3.56214691e-04,5.69943505e-03,7.15666464e-09,1.21663299e-07,2.87781130e-16,5.18006035e-15,5.85328975e-06,9.95059258e-05,8.34500097e-11,1.50210018e-09,7.17611362e-05,1.43522272e-03
1.54159369e-01,7.15637197e-02,6.87195000e+02,5.84447488e-01,7.12734561e-01,7.12734561e-01,6.91401939e-02,2.76560775e-01,4.62655367e-05,5.55186441e-04,4.29788475e-08,5.58725017e-07,1.20791955e-04,1.57029542e-03,2.86841454e-05,4.01578036e-04,7.94921199e-09,1.19238180e-07,2.38111603e-05,3.33356244e-04,3.06728004e-05,4.60092006e-04,3.56214684e-04,5.69943494e-03,7.75301000e-09,1.31801170e-07,3.74095492e-16,6.73371886e-15,5.85270022e-06,9.94959037e-05,9.05544215e-11,1.62997959e-09,7.17611362e-05,1.43522272e-03
1.64262658e-01,6.69022753e-02,5.61466613e+02,5.84446544e-01,7.12734562e-01,7.12734562e-01,6.91401980e-02,2.76560792e-01,4.62654324e-05,5.55185189e-04,4.43929927e-08,5.77108905e-07,1.20790651e-04,1.57027846e-03,2.86865061e-05,4.01611086e-04,9.67499265e-09,1.45124890e-07,2.38088274e-05,3.33323584e-04,3.06710413e-05,4.60065619e-04,3.56214681e-04,5.69943490e-03,8.38840121e-09,1.42602821e-07,4.74202644e-16,8.53564759e-15,5.85206745e-06,9.94851467e-05,9.80943251e-11,1.76569785e-09,7.17611362e-05,1.43522272e-03
1.75028096e-01,6.22689801e-02,4.52706292e+02,5.84446145e-01,7.12734562e-01,7.12734562e-01,6.91402023e-02,2.76560809e-01,4.62653906e-05,5.55184688e-04,4.59000725e-08,5.96700943e-07,1.20789190e-04,1.57025947e-03,2.86890221e-05,4.01646309e-04,1.15354950e-08,1.73032425e-07,2.38063220e-05,3.33288508e-04,3.06691660e-05,4.60037489e-04,3.56214680e-04,5.69943488e-03,9.06537561e-09,1.54111385e-07,5.89778147e-16,1.06160066e-14,5.85139141e-06,9.94736540e-05,1.06093920e-10,1.90969057e-09,7.17611362e-05,1.43522272e-03
1.86499079e-01,5.76845961e-02,3.59899166e+02,5.84445991e-01,7.12734563e-01,7.12734563e-01,6.91402067e-02,2.76560827e-01,4.62653751e-05,5.55184501e-04,4.75060245e-08,6.17578318e-07,1.20787602e-04,1.57023882e-03,2.86917029e-05,4.01683841e-04,1.35280899e-08,2.02921349e-07,2.38036448e-05,3.33251028e-04,3.06671674e-05,4.60007512e-04,3.56214680e-04,5.69943488e-03,9.78664006e-09,1.66372881e-07,7.22900583e-16,1.30122105e-14,5.85067045e-06,9.94613976e-05,1.14578653e-10,2.06241576e-09,7.17611362e-05,1.43522272e-03
1.98721847e-01,5.31705704e-02,2.81848178e+02,5.84445938e-01,7.12734563e-01,7.12734563e-01,6.91402114e-02,2.76560845e-01,4.62653698e-05,5.55184438e-04,4.92172539e-08,6.39824301e-07,1.20785897e-04,1.57021666e-03,2.86945592e-05,4.01723829e-04,1.56554850e-08,2.34832275e-07,2.38007897e-05,3.33211056e-04,3.06650379e-05,4.59975569e-04,3.56214680e-04,5.69943488e-03,1.05550809e-08,1.79436375e-07,8.75990965e-16,1.57678374e-14,5.84990209e-06,9.94483356e-05,1.23575149e-10,2.22435268e-09,7.17611362e-05,1.43522272e-03
2.11745669e-01,4.87487508e-02,2.17215967e+02,5.84445921e-01,7.12734564e-01,7.12734564e-01,6.91402162e-02,2.76560865e-01,4.62653681e-05,5.55184418e-04,5.10406261e-08,6.63528139e-07,1.20784075e-04,1.57019298e-03,2.86976023e-05,4.01766433e-04,1.79237833e-08,2.68856749e-07,2.37977469e-05,3.33168456e-04,3.06627689e-05,4.59941534e-04,3.56214680e-04,5.69943488e-03,1.13737742e-08,1.93354162e-07,1.05180994e-15,1.89325789e-14,5.84908342e-06,9.94344181e-05,1.33111169e-10,2.39600104e-09,7.17611362e-05,1.43522272e-03
2.25623046e-01,4.44410559e-02,1.64571406e+02,5.84445917e-01,7.12734564e-01,7.12734564e-01,6.91402212e-02,2.76560885e-01,4.62653677e-05,5.55184412e-04,5.29834745e-08,6.88785168e-07,1.20782133e-04,1.57016773e-03,2.87008445e-05,4.01811823e-04,2.03411034e-08,3.05116550e-07,2.37945048e-05,3.33123067e-04,3.06603514e-05,4.59905271e-04,3.56214680e-04,5.69943488e-03,1.22459975e-08,2.08181958e-07,1.25348684e-15,2.25627631e-14,5.84821120e-06,9.94195904e-05,1.43215585e-10,2.57788053e-09,7.17611362e-05,1.43522272e-03
2.40409918e-01,4.02691061e-02,1.22438286e+02,5.84445916e-01,7.12734565e-01,7.12734565e-01,6.91402263e-02,2.76560905e-01,4.62653676e-05,5.55184411e-04,5.50536207e-08,7.15697070e-07,1.20780063e-04,1.57014082e-03,2.87042987e-05,4.01860182e-04,2.29167996e-08,3.43751993e-07,2.37910506e-05,3.33074709e-04,3.06577757e-05,4.59866635e-04,3.56214680e-04,5.69943488e-03,1.31752416e-08,2.23979107e-07,1.48456307e-15,2.67221353e-14,5.84728196e-06,9.94037933e-05,1.53918355e-10,2.77053038e-09,7.17611362e-05,1.43522272e-03
2.56165892e-01,3.62538200e-02,8.93434245e+01,5.84445915e-01,7.12734565e-01,7.12734565e-01,6.91402317e-02,2.76560927e-01,4.62653675e-05,5.55184410e-04,5.72594016e-08,7.44372221e-07,1.20777857e-04,1.57011215e-03,2.87079787e-05,4.01911701e-04,2.56611038e-08,3.84916557e-07,2.37873706e-05,3.33023189e-04,3.06550314e-05,4.59825471e-04,3.56214680e-04,5.69943488e-03,1.41652239e-08,2.40808806e-07,1.74904333e-15,3.14827799e-14,5.84629198e-06,9.93869636e-05,1.65250488e-10,2.97450879e-09,7.17611362e-05,1.43522272e-03
2.72954479e-01,3.24149857e-02,6.38614501e+01,5.84445915e-01,7.12734566e-01,7.12734566e-01,6.91402372e-02,2.76560949e-01,4.62653675e-05,5.55184410e-04,5.96097007e-08,7.74926109e-07,1.20775507e-04,1.57008159e-03,2.87118992e-05,4.01966589e-04,2.85850024e-08,4.28775036e-07,2.37834501e-05,3.32968301e-04,3.06521075e-05,4.59781612e-04,3.56214680e-04,5.69943488e-03,1.52199032e-08,2.58738355e-07,2.05145333e-15,3.69261599e-14,5.84523730e-06,9.93690341e-05,1.77244009e-10,3.19039216e-09,7.17611362e-05,1.43522272e-03
2.90843356e-01,2.87708194e-02,4.46537528e+01,5.84445915e-01,7.12734567e-01,7.12734567e-01,6.91402429e-02,2.76560972e-01,4.62653675e-05,5.55184410e-04,6.21139832e-08,8.07481781e-07,1.20773003e-04,1.57004904e-03,2.87160760e-05,4.02025064e-04,3.17002221e-08,4.75503331e-07,2.37792733e-05,3.32909826e-04,3.06489923e-05,4.59734884e-04,3.56214680e-04,5.69943488e-03,1.63434947e-08,2.77839409e-07,2.39690441e-15,4.31442794e-14,5.84411371e-06,9.93499330e-05,1.89931900e-10,3.41877420e-09,7.17611362e-05,1.43522272e-03
3.09904634e-01,2.53375244e-02,3.04995766e+01,5.84445915e-01,7.12734567e-01,7.12734567e-01,6.91402489e-02,2.76560995e-01,4.62653675e-05,5.55184410e-04,6.47823341e-08,8.42170343e-07,1.20770335e-04,1.57001435e-03,2.87205257e-05,4.02087360e-04,3.50192586e-08,5.25288879e-07,2.37748236e-05,3.32847530e-04,3.06456732e-05,4.59685098e-04,3.56214680e-04,5.69943488e-03,1.75404863e-08,2.98188267e-07,2.79116562e-15,5.02409812e-14,5.84291671e-06,9.93295841e-05,2.03348031e-10,3.66026455e-09,7.17611362e-05,1.43522272e-03
3.30215148e-01,2.21288689e-02,2.03179049e+01,5.84445915e-01,7.12734567e-01,7.12734567e-01,6.91402549e-02,2.76561020e-01,4.62653675e-05,5.55184410e-04,6.76254984e-08,8.79131479e-07,1.20767491e-04,1.56997739e-03,2.87252661e-05,4.02153726e-04,3.85554225e-08,5.78331338e-07,2.37700832e-05,3.32781164e-04,3.06421371e-05,4.59632056e-04,3.56214680e-04,5.69943488e-03,1.88156565e-08,3.19866161e-07,3.24074403e-15,5.83333926e-14,5.84164154e-06,9.93079063e-05,2.17527070e-10,3.91548726e-09,7.17611362e-05,1.43522272e-03
3.51856773e-01,1.91558001e-02,1.31795980e+01,5.84445915e-01,7.12734568e-01,7.12734568e-01,6.91402612e-02,2.76561045e-01,4.62653675e-05,5.55184410e-04,7.06549242e-08,9.18514015e-07,1.20764462e-04,1.56993801e-03,2.87303162e-05,4.02224427e-04,4.23228904e-08,6.34843355e-07,2.37650331e-05,3.32710464e-04,3.06383696e-05,4.59575544e-04,3.56214680e-04,5.69943488e-03,2.01740926e-08,3.42959574e-07,3.75297411e-15,6.75535340e-14,5.84028311e-06,9.92848128e-05,2.32504377e-10,4.18507879e-09,7.17611362e-05,1.43522272e-03
3.74916744e-01,1.64261143e-02,8.31009128e+00,5.84445915e-01,7.12734568e-01,7.12734568e-01,6.91402677e-02,2.76561071e-01,4.62653675e-05,5.55184410e-04,7.38828087e-08,9.60476514e-07,1.20761234e-04,1.56989604e-03,2.87356961e-05,4.02299745e-04,4.63367606e-08,6.95051408e-07,2.37596533e-05,3.32635146e-04,3.06343557e-05,4.59515336e-04,3.56214680e-04,5.69943488e-03,2.16212101e-08,3.67560572e-07,4.33611706e-15,7.80501070e-14,5.83883599e-06,9.92602118e-05,2.48315867e-10,4.46968560e-09,7.17611362e-05,1.43522272e-03
3.99488019e-01,1.39442035e-02,5.08372923e+00,5.84445915e-01,7.12734569e-01,7.12734569e-01,6.91402743e-02,2.76561097e-01,4.62653675e-05,5.55184410e-04,7.73221473e-08,1.00518791e-06,1.20757795e-04,1.56985133e-03,2.87414271e-05,4.02379980e-04,5.06131129e-08,7.59196694e-07,2.37539222e-05,3.32554910e-04,3.06300794e-05,4.59451190e-04,3.56214680e-04,5.69943488e-03,2.31627741e-08,3.93767160e-07,4.99947096e-15,8.99904772e-14,5.83729443e-06,9.92340053e-05,2.64997852e-10,4.76996134e-09,7.17611362e-05,1.43522272e-03
4.25669645e-01,1.17108965e-02,3.01142254e+00,5.84445915e-01,7.12734569e-01,7.12734569e-01,6.91402812e-02,2.76561125e-01,4.62653675e-05,5.55184410e-04,8.09867852e-08,1.05282821e-06,1.20754130e-04,1.56980369e-03,2.87475323e-05,4.02465453e-04,5.51690717e-08,8.27536076e-07,2.37478170e-05,3.32469438e-04,3.06255234e-05,4.59382851e-04,3.56214680e-04,5.69943488e-03,2.48049213e-08,4.21683661e-07,5.75349279e-15,1.03562870e-13,5.83565228e-06,9.92060888e-05,2.82586857e-10,5.08656343e-09,7.17611362e-05,1.43522272e-03
4.53567162e-01,1.00000000e-02,1.72368122e+00,5.84445915e-01,7.12734570e-01,7.12734570e-01,6.91402882e-02,2.76561153e-01,4.62653675e-05,5.55184410e-04,8.48914736e-08,1.10358916e-06,1.20750225e-04,1.56975293e-03,2.87540359e-05,4.02556503e-04,6.00228730e-08,9.00343095e-07,2.37413134e-05,3.32378388e-04,3.06206696e-05,4.59310044e-04,3.56214680e-04,5.69943488e-03,2.65541830e-08,4.51421110e-07,6.60993335e-15,1.18978800e-13,5.83390302e-06,9.91763513e-05,3.01119397e-10,5.42014914e-09,7.17611362e-05,1.43522272e-03
4.83293024e-01,1.00000000e-02,9.51177111e-01,5.84445915e-01,7.12734570e-01,7.12734570e-01,6.91402954e-02,2.76561182e-01,4.62653675e-05,5.55184410e-04,8.90519283e-08,1.15767507e-06,1.20746065e-04,1.56969884e-03,2.87609637e-05,4.02653492e-04,6.51939360e-08,9.77909039e-07,2.37343856e-05,3.32281398e-04,3.06154985e-05,4.59232478e-04,3.56214680e-04,5.69943488e-03,2.84175107e-08,4.83097681e-07,7.58198602e-15,1.36475748e-13,5.83203969e-06,9.91446747e-05,3.20631725e-10,5.77137106e-09,7.17611362e-05,1.43522272e-03
5.14967058e-01,1.00000000e-02,5.04828918e-01,5.84445915e-01,7.12734570e-01,7.12734570e-01,6.91403028e-02,2.76561211e-01,4.62653675e-05,5.55184410e-04,9.34848930e-08,1.21530361e-06,1.20741632e-04,1.56964122e-03,2.87683434e-05,4.02756807e-04,7.07029388e-08,1.06054408e-06,2.37270059e-05,3.32178083e-04,3.06099895e-05,4.59149843e-04,3.56214680e-04,5.69943488e-03,3.04023021e-08,5.16839136e-07,8.68445064e-15,1.56320112e-13,5.83005490e-06,9.91109333e-05,3.41159544e-10,6.14087180e-09,7.17611362e-05,1.43522272e-03
5.48716944e-01,1.00000000e-02,2.57037473e-01,5.84445915e-01,7.12734570e-01,7.12734570e-01,6.91403103e-02,2.76561241e-01,4.62653675e-05,5.55184410e-04,9.82082060e-08,1.27670668e-06,1.20736909e-04,1.56957981e-03,2.87762042e-05,4.02866858e-04,7.65718995e-08,1.14857849e-06,2.37191452e-05,3.32068032e-04,3.06041206e-05,4.59061809e-04,3.56214680e-04,5.69943488e-03,3.25164294e-08,5.52779300e-07,9.93391355e-15,1.78810444e-13,5.82794077e-06,9.90749931e-05,3.62737672e-10,6.52927809e-09,7.17611362e-05,1.43522272e-03
5.84678728e-01,1.00000000e-02,1.25209233e-01,5.84445915e-01,7.12734571e-01,7.12734571e-01,6.91403180e-02,2.76561272e-01,4.62653675e-05,5.55184410e-04,1.03240872e-07,1.34213133e-06,1.20731876e-04,1.56951439e-03,2.87845773e-05,4.02984082e-04,8.28242615e-08,1.24236392e-06,2.37107721e-05,3.31950809e-04,3.05978682e-05,4.58968023e-04,3.56214680e-04,5.69943488e-03,3.47682686e-08,5.91060567e-07,1.13489448e-14,2.04281006e-13,5.82568893e-06,9.90367118e-05,3.85399667e-10,6.93719401e-09,7.17611362e-05,1.43522272e-03
6.22997373e-01,1.00000000e-02,5.81841682e-02,5.84445915e-01,7.12734571e-01,7.12734571e-01,6.91403259e-02,2.76561304e-01,4.62653675e-05,5.55184410e-04,1.08603138e-07,1.41184079e-06,1.20726514e-04,1.56944468e-03,2.87934958e-05,4.03108942e-04,8.94849849e-08,1.34227477e-06,2.37018535e-05,3.31825949e-04,3.05912075e-05,4.58868112e-04,3.56214680e-04,5.69943488e-03,3.71667313e-08,6.31834433e-07,1.29503136e-14,2.33105644e-13,5.82329047e-06,9.89959380e-05,4.09177414e-10,7.36519345e-09,7.17611362e-05,1.43522272e-03
6.63827344e-01,1.00000000e-02,2.57134416e-02,5.84445915e-01,7.12734571e-01,7.12734571e-01,6.91403340e-02,2.76561336e-01,4.62653675e-05,5.55184410e-04,1.14316573e-07,1.48611545e-06,1.20720800e-04,1.56937040e-03,2.88029952e-05,4.03241933e-04,9.65806428e-08,1.44870964e-06,2.36923541e-05,3.31692957e-04,3.05841118e-05,4.58761678e-04,3.56214680e-04,5.69943488e-03,3.97212977e-08,6.75262061e-07,1.47612235e-14,2.65702024e-13,5.82073590e-06,9.89525104e-05,4.34100645e-10,7.81381162e-09,7.17611362e-05,1.43522272e-03
7.07333228e-01,1.00000000e-02,1.07714186e-02,5.84445915e-01,7.12734571e-01,7.12734571e-01,6.91403422e-02,2.76561369e-01,4.62653675e-05,5.55184410e-04,1.20404158e-07,1.56525405e-06,1.20714713e-04,1.56929127e-03,2.88131130e-05,4.03383583e-04,1.04139524e-07,1.56209287e-06,2.36822363e-05,3.31551308e-04,3.05765530e-05,4.58648294e-04,3.56214680e-04,5.69943488e-03,4.24420519e-08,7.21514883e-07,1.68075677e-14,3.02536219e-13,5.81801515e-06,9.89062575e-05,4.60196432e-10,8.28353577e-09,7.17611362e-05,1.43522272e-03
7.53690398e-01,1.00000000e-02,4.26206079e-03,5.84445915e-01,7.12734571e-01,7.12734571e-01,6.91403505e-02,2.76561402e-01,4.62653675e-05,5.55184410e-04,1.26890373e-07,1.64957484e-06,1.20708226e-04,1.56920694e-03,2.88238892e-05,4.03534448e-04,1.12191744e-07,1.68287616e-06,2.36714601e-05,3.31400442e-04,3.05685007e-05,4.58527511e-04,3.56214680e-04,5.69943488e-03,4.53397193e-08,7.70775228e-07,1.91182050e-14,3.44127691e-13,5.81511748e-06,9.88569972e-05,4.87488607e-10,8.77479493e-09,7.17611362e-05,1.43522272e-03
8.03085722e-01,1.00000000e-02,1.58700139e-03,5.84445915e-01,7.12734571e-01,7.12734571e-01,6.91403589e-02,2.76561436e-01,4.62653675e-05,5.55184410e-04,1.33801297e-07,1.73941686e-06,1.20701316e-04,1.56911710e-03,2.88353661e-05,4.03695126e-04,1.20769356e-07,1.81154034e-06,2.36599832e-05,3.31239764e-04,3.05599231e-05,4.58398847e-04,3.56214680e-04,5.69943488e-03,4.84257057e-08,8.23236997e-07,2.17252585e-14,3.91054654e-13,5.81203150e-06,9.88045354e-05,5.15997147e-10,9.28794865e-09,7.17611362e-05,1.43522272e-03
8.55718314e-01,1.00000000e-02,5.53880937e-04,5.84445915e-01,7.12734571e-01,7.12734571e-01,6.91403675e-02,2.76561470e-01,4.62653675e-05,5.55184410e-04,1.41164714e-07,1.83514128e-06,1.20693952e-04,1.56902138e-03,2.88475892e-05,4.03866249e-04,1.29906478e-07,1.94859717e-06,2.36477601e-05,3.31068642e-04,3.05507860e-05,4.58261790e-04,3.56214680e-04,5.69943488e-03,5.17121392e-08,8.79106366e-07,2.46644358e-14,4.43959844e-13,5.80874506e-06,9.87486660e-05,5.45737497e-10,9.82327494e-09,7.17611362e-05,1.43522272e-03
9.11800339e-01,1.00000000e-02,1.80423931e-04,5.84445915e-01,7.12734571e-01,7.12734571e-01,6.91403762e-02,2.76561505e-01,4.62653675e-05,5.55184410e-04,1.49010220e-07,1.93713286e-06,1.20686107e-04,1.56891939e-03,2.88606063e-05,4.04048489e-04,1.39639422e-07,2.09459134e-06,2.36347430e-05,3.30886402e-04,3.05410531e-05,4.58115796e-04,3.56214680e-04,5.69943488e-03,5.52119138e-08,9.38602535e-07,2.79753717e-14,5.03556690e-13,5.80524529e-06,9.86891699e-05,5.76719847e-10,1.03809572e-08,7.17611362e-05,1.43522272e-03
9.71557865e-01,1.00000000e-02,5.46068179e-05,5.84445915e-01,7.12734571e-01,7.12734571e-01,6.91403849e-02,2.76561540e-01,4.62653675e-05,5.55184410e-04,1.57369343e-07,2.04580146e-06,1.20677748e-04,1.56881072e-03,2.88744687e-05,4.04242562e-04,1.50006832e-07,2.25010247e-06,2.36208806e-05,3.30692328e-04,3.05306856e-05,4.57960285e-04,3.56214680e-04,5.69943488e-03,5.89387361e-08,1.00195851e-06,3.17019935e-14,5.70635883e-13,5.80151846e-06,9.86258139e-05,6.08948364e-10,1.09610705e-08,7.17611362e-05,1.43522272e-03
1.03523178e+00,1.00000000e-02,1.52820742e-05,5.84445915e-01,7.12734572e-01,7.12734572e-01,6.91403937e-02,2.76561575e-01,4.62653675e-05,5.55184410e-04,1.66275668e-07,2.16158369e-06,1.20668841e-04,1.56869494e-03,2.88892307e-05,4.04449230e-04,1.61049827e-07,2.41574740e-06,2.36061186e-05,3.30485661e-04,3.05196427e-05,4.57794640e-04,3.56214680e-04,5.69943488e-03,6.29071738e-08,1.06942195e-06,3.58929074e-14,6.46072333e-13,5.79755003e-06,9.85583505e-05,6.42420380e-10,1.15635668e-08,7.17611362e-05,1.43522272e-03
1.10307874e+00,1.00000000e-02,3.93433212e-06,5.84445915e-01,7.12734572e-01,7.12734572e-01,6.91404024e-02,2.76561610e-01,4.62653675e-05,5.55184410e-04,1.75764973e-07,2.28494465e-06,1.20659352e-04,1.56857157e-03,2.89049500e-05,4.04669300e-04,1.72812162e-07,2.59218243e-06,2.35903993e-05,3.30265591e-04,3.05078803e-05,4.57618205e-04,3.56214680e-04,5.69943488e-03,6.71327076e-08,1.14125603e-06,4.06018057e-14,7.30832502e-13,5.79332449e-06,9.84865164e-05,6.77125546e-10,1.21882598e-08,7.17611362e-05,1.43522272e-03
1.17537227e+00,1.00000000e-02,9.26696410e-07,5.84445915e-01,7.12734572e-01,7.12734572e-01,6.91404112e-02,2.76561645e-01,4.62653675e-05,5.55184410e-04,1.85875366e-07,2.41637976e-06,1.20649241e-04,1.56844014e-03,2.89216879e-05,4.04903631e-04,1.85340388e-07,2.78010581e-06,2.35736614e-05,3.30031259e-04,3.04953521e-05,4.57430281e-04,3.56214680e-04,5.69943488e-03,7.16317851e-08,1.21774035e-06,4.58878926e-14,8.25982067e-13,5.78882542e-06,9.84100321e-05,7.13044966e-10,1.28348094e-08,7.17611362e-05,1.43522272e-03
1.25240375e+00,1.00000000e-02,1.98541119e-07,5.84445915e-01,7.12734572e-01,7.12734572e-01,6.91404200e-02,2.76561680e-01,4.62653675e-05,5.55184410e-04,1.96647441e-07,2.55641674e-06,1.20638469e-04,1.56830010e-03,2.89395098e-05,4.05153137e-04,1.98684026e-07,2.98026039e-06,2.35558395e-05,3.29781753e-04,3.04820085e-05,4.57230127e-04,3.56214680e-04,5.69943488e-03,7.64218781e-08,1.29917193e-06,5.18163270e-14,9.32693886e-13,5.78403532e-06,9.83286005e-05,7.50150312e-10,1.35027056e-08,7.17611362e-05,1.43522272e-03
1.33448373e+00,1.00000000e-02,3.84514620e-08,5.84445915e-01,7.12734572e-01,7.12734572e-01,6.91404286e-02,2.76561714e-01,4.62653675e-05,5.55184410e-04,2.08124438e-07,2.70561769e-06,1.20626992e-04,1.56815090e-03,2.89584849e-05,4.05418788e-04,2.12895754e-07,3.19343631e-06,2.35368645e-05,3.29516103e-04,3.04677967e-05,4.57016951e-04,3.56214680e-04,5.69943488e-03,8.15215422e-08,1.38586622e-06,5.84586778e-14,1.05225620e-12,5.77893566e-06,9.82419062e-05,7.88402948e-10,1.41912531e-08,7.17611362e-05,1.43522272e-03
1.42194306e+00,1.00000000e-02,6.68729960e-09,5.84445915e-01,7.12734572e-01,7.12734572e-01,6.91404371e-02,2.76561749e-01,4.62653675e-05,5.55184410e-04,2.20352412e-07,2.86458135e-06,1.20614764e-04,1.56799194e-03,2.89786867e-05,4.05701613e-04,2.28031598e-07,3.42047397e-06,2.35166626e-05,3.29233277e-04,3.04526609e-05,4.56789913e-04,3.56214680e-04,5.69943488e-03,8.69504799e-08,1.47815816e-06,6.58933897e-14,1.18608101e-12,5.77350672e-06,9.81496143e-05,8.27753074e-10,1.48995553e-08,7.17611362e-05,1.43522272e-03
1.51513429e+00,1.00000000e-02,1.03705552e-09,5.84445915e-01,7.12734572e-01,7.12734572e-01,6.91404455e-02,2.76561782e-01,4.62653675e-05,5.55184410e-04,2.33380418e-07,3.03394543e-06,1.20601736e-04,1.56782257e-03,2.90001934e-05,4.06002707e-04,2.44151140e-07,3.66226710e-06,2.34951559e-05,3.28932183e-04,3.04365413e-05,4.56548120e-04,3.56214680e-04,5.69943488e-03,9.27296068e-08,1.57640332e-06,7.42062536e-14,1.33571256e-12,5.76772759e-06,9.80513691e-05,8.68138913e-10,1.56265004e-08,7.17611362e-05,1.43522272e-03
1.61443309e+00,1.00000000e-02,1.42332350e-10,5.84445915e-01,7.12734572e-01,7.12734572e-01,6.91404537e-02,2.76561815e-01,4.62653675e-05,5.55184410e-04,2.47260704e-07,3.21438915e-06,1.20587856e-04,1.56764213e-03,2.90230880e-05,4.06323232e-04,2.61317734e-07,3.91976601e-06,2.34722613e-05,3.28611659e-04,3.04193747e-05,4.56290621e-04,3.56214680e-04,5.69943488e-03,9.88811201e-08,1.68097904e-06,8.34908759e-14,1.50283577e-12,5.76157608e-06,9.79467934e-05,9.09485978e-10,1.63707476e-08,7.17611362e-05,1.43522272e-03
1.72023972e+00,1.00000000e-02,1.71505818e-11,5.84445915e-01,7.12734572e-01,7.12734572e-01,6.91404617e-02,2.76561847e-01,4.62653675e-05,5.55184410e-04,2.62048918e-07,3.40663593e-06,1.20573068e-04,1.56744988e-03,2.90474585e-05,4.06664418e-04,2.79598737e-07,4.19398105e-06,2.34478909e-05,3.28270472e-04,3.04010937e-05,4.56016406e-04,3.56214680e-04,5.69943488e-03,1.05428571e-07,1.79228571e-06,9.38491414e-14,1.68928455e-12,5.75502863e-06,9.78354867e-05,9.51706426e-10,1.71307157e-08,7.17611362e-05,1.43522272e-03
1.83298071e+00,1.00000000e-02,1.79896658e-12,5.84445915e-01,7.12734572e-01,7.12734572e-01,6.91404694e-02,2.76561877e-01,4.62653675e-05,5.55184410e-04,2.77804325e-07,3.61145623e-06,1.20557313e-04,1.56724506e-03,2.90733983e-05,4.07027576e-04,2.99065749e-07,4.48598623e-06,2.34219510e-05,3.27907314e-04,3.03816267e-05,4.55724401e-04,3.56214680e-04,5.69943488e-03,1.12396941e-07,1.91074800e-06,1.05391661e-13,1.89704989e-12,5.74806026e-06,9.77170244e-05,9.94698560e-10,1.79045741e-08,7.17611362e-05,1.43522272e-03
1.95311051e+00,1.00000000e-02,1.62775455e-13,5.84445915e-01,7.12734572e-01,7.12734572e-01,6.91404767e-02,2.76561907e-01,4.62653675e-05,5.55184410e-04,2.94590044e-07,3.82967057e-06,1.20540527e-04,1.56702685e-03,2.91010066e-05,4.07414093e-04,3.19794872e-07,4.79692308e-06,2.33943427e-05,3.27520798e-04,3.03608976e-05,4.55413464e-04,3.56214680e-04,5.69943488e-03,1.19812719e-07,2.03681622e-06,1.18238195e-13,2.12828751e-12,5.74064448e-06,9.75909562e-05,1.03834650e-09,1.86902369e-08,7.17611362e-05,1.43522272e-03
2.08111337e+00,1.00000000e-02,1.25825945e-14,5.84445915e-01,7.12734572e-01,7.12734572e-01,6.91404838e-02,2.76561935e-01,4.62653675e-05,5.55184410e-04,3.12473293e-07,4.06215281e-06,1.20522644e-04,1.56679437e-03,2.91303885e-05,4.07825439e-04,3.41866975e-07,5.12800463e-06,2.33649608e-05,3.27109451e-04,3.03388255e-05,4.55082383e-04,3.56214680e-04,5.69943488e-03,1.27703983e-07,2.17096772e-06,1.32518053e-13,2.38532495e-12,5.73275322e-06,9.74568047e-05,1.08252004e-09,1.94853607e-08,7.17611362e-05,1.43522272e-03
2.21750528e+00,1.00000000e-02,8.22403910e-16,5.84445915e-01,7.12734572e-01,7.12734572e-01,6.91404904e-02,2.76561962e-01,4.62653675e-05,5.55184410e-04,3.31525653e-07,4.30983349e-06,1.20503591e-04,1.56654669e-03,2.91616554e-05,4.08263176e-04,3.65367981e-07,5.48051972e-06,2.33336939e-05,3.26671714e-04,3.03153245e-05,4.54729867e-04,3.56214680e-04,5.69943488e-03,1.36100488e-07,2.31370830e-06,1.48370438e-13,2.67066789e-12,5.72435671e-06,9.73140641e-05,1.12707483e-09,2.02873469e-08,7.17611362e-05,1.43522272e-03
2.36283603e+00,1.00000000e-02,4.49529608e-17,5.84445915e-01,7.12734572e-01,7.12734572e-01,6.91404966e-02,2.76561987e-01,4.62653675e-05,5.55184410e-04,3.51823352e-07,4.57370357e-06,1.20483294e-04,1.56628282e-03,2.91949255e-05,4.08728956e-04,3.90389162e-07,5.85583743e-06,2.33004239e-05,3.26205934e-04,3.02903033e-05,4.54354550e-04,3.56214680e-04,5.69943488e-03,1.45033750e-07,2.46557375e-06,1.65944762e-13,2.98700571e-12,5.71542345e-06,9.71621987e-05,1.17185275e-09,2.10933495e-08,7.17611362e-05,1.43522272e-03
2.51769146e+00,1.00000000e-02,2.03095883e-18,5.84445915e-01,7.12734572e-01,7.12734572e-01,6.91405024e-02,2.76562010e-01,4.62653675e-05,5.55184410e-04,3.73447558e-07,4.85481825e-06,1.20461669e-04,1.56600170e-03,2.92303237e-05,4.09224532e-04,4.17027454e-07,6.25541181e-06,2.32650256e-05,3.25710358e-04,3.02636650e-05,4.53954975e-04,3.56214680e-04,5.69943488e-03,1.54537138e-07,2.62713135e-06,1.85400881e-13,3.33721586e-12,5.70592006e-06,9.70006411e-05,1.21668270e-09,2.19002887e-08,7.17611362e-05,1.43522272e-03
2.68269580e+00,1.00000000e-02,7.49016955e-20,5.84445915e-01,7.12734572e-01,7.12734572e-01,6.91405078e-02,2.76562031e-01,4.62653675e-05,5.55184410e-04,3.96484699e-07,5.15430108e-06,1.20438632e-04,1.56570222e-03,2.92679828e-05,4.09751759e-04,4.45385786e-07,6.68078679e-06,2.32273665e-05,3.25183131e-04,3.02353067e-05,4.53529600e-04,3.56214680e-04,5.69943488e-03,1.64645971e-07,2.79898150e-06,2.06909283e-13,3.72436710e-12,5.69581123e-06,9.68287909e-05,1.26138175e-09,2.27048716e-08,7.17611362e-05,1.43522272e-03
2.85851418e+00,1.00000000e-02,2.22511553e-21,5.84445915e-01,7.12734572e-01,7.12734572e-01,6.91405127e-02,2.76562051e-01,4.62653675e-05,5.55184410e-04,4.21026799e-07,5.47334838e-06,1.20414090e-04,1.56538317e-03,2.93080428e-05,4.10312600e-04,4.75573423e-07,7.13360135e-06,2.31873065e-05,3.24622291e-04,3.02051191e-05,4.53076786e-04,3.56214680e-04,5.69943488e-03,1.75397608e-07,2.98175933e-06,2.30651193e-13,4.15172148e-12,5.68505959e-06,9.66460131e-05,1.30575665e-09,2.35036198e-08,7.17611362e-05,1.43522272e-03
3.04585534e+00,1.00000000e-02,5.24962059e-23,5.84445915e-01,7.12734572e-01,7.12734572e-01,6.91405171e-02,2.76562069e-01,4.62653675e-05,5.55184410e-04,4.47171834e-07,5.81323385e-06,1.20387945e-04,1.56504329e-03,2.93506523e-05,4.10909133e-04,5.07706329e-07,7.61559494e-06,2.31446970e-05,3.24025758e-04,3.01729861e-05,4.52594792e-04,3.56214680e-04,5.69943488e-03,1.86831552e-07,3.17613638e-06,2.56818604e-13,4.62273487e-12,5.67362565e-06,9.64516360e-05,1.34960583e-09,2.42929049e-08,7.17611362e-05,1.43522272e-03
3.24547446e+00,1.00000000e-02,9.68853916e-25,5.84445915e-01,7.12734572e-01,7.12734572e-01,6.91405211e-02,2.76562084e-01,4.62653675e-05,5.55184410e-04,4.75024115e-07,6.17531349e-06,1.20360093e-04,1.56468121e-03,2.93959682e-05,4.11543555e-04,5.41907543e-07,8.12861315e-06,2.30993811e-05,3.23391336e-04,3.01387849e-05,4.52081774e-04,3.56214680e-04,5.69943488e-03,1.98989548e-07,3.38282232e-06,2.85614231e-13,5.14105616e-12,5.66146765e-06,9.62449501e-05,1.39272179e-09,2.50689922e-08,7.17611362e-05,1.43522272e-03
3.45817620e+00,1.00000000e-02,1.37643092e-26,5.84445915e-01,7.12734572e-01,7.12734572e-01,6.91405246e-02,2.76562098e-01,4.62653675e-05,5.55184410e-04,5.04694686e-07,6.56103091e-06,1.20330422e-04,1.56429549e-03,2.94441563e-05,4.12218188e-04,5.78307574e-07,8.67461361e-06,2.30511930e-05,3.22716702e-04,3.01023849e-05,4.51535774e-04,3.56214680e-04,5.69943488e-03,2.11915685e-07,3.60256665e-06,3.17251395e-13,5.71052512e-12,5.64854152e-06,9.60252058e-05,1.43489397e-09,2.58280915e-08,7.17611362e-05,1.43522272e-03
3.68481798e+00,1.00000000e-02,1.47968381e-28,5.84445915e-01,7.12734572e-01,7.12734572e-01,6.91405277e-02,2.76562111e-01,4.62653675e-05,5.55184410e-04,5.36301756e-07,6.97192283e-06,1.20298815e-04,1.56388460e-03,2.94953920e-05,4.12935488e-04,6.17044812e-07,9.25567217e-06,2.29999573e-05,3.21999403e-04,3.00636477e-05,4.50954715e-04,3.56214680e-04,5.69943488e-03,2.25656500e-07,3.83616049e-06,3.51953833e-13,6.33516900e-12,5.63480070e-06,9.57916119e-05,1.47591202e-09,2.65664163e-08,7.17611362e-05,1.43522272e-03
3.92631340e+00,1.00000000e-02,1.18186091e-30,5.84445915e-01,7.12734572e-01,7.12734572e-01,6.91405303e-02,2.76562121e-01,4.62653675e-05,5.55184410e-04,5.69971153e-07,7.40962499e-06,1.20265146e-04,1.56344689e-03,2.95498602e-05,4.13698043e-04,6.58265953e-07,9.87398930e-06,2.29454891e-05,3.21236847e-04,3.00224265e-05,4.50336398e-04,3.56214680e-04,5.69943488e-03,2.40261076e-07,4.08443830e-06,3.89955461e-13,7.01919831e-12,5.62019612e-06,9.55433341e-05,1.51556942e-09,2.72802495e-08,7.17611362e-05,1.43522272e-03
4.18363594e+00,1.00000000e-02,1.00000000e-30,5.84445915e-01,7.12734572e-01,7.12734572e-01,6.91405326e-02,2.76562130e-01,4.62653675e-05,5.55184410e-04,6.05836803e-07,7.87587844e-06,1.20229280e-04,1.56298064e-03,2.96077562e-05,4.14508587e-04,7.02126449e-07,1.05318967e-05,2.28875931e-05,3.20426303e-04,2.99785660e-05,4.49678490e-04,3.56214680e-04,5.69943488e-03,2.55781154e-07,4.34827962e-06,4.31500102e-13,7.76700184e-12,5.60467605e-06,9.52794928e-05,1.55366745e-09,2.79660142e-08,7.17611362e-05,1.43522272e-03
4.45782286e+00,1.00000000e-02,1.00000000e-30,5.84445915e-01,7.12734572e-01,7.12734572e-01,6.91405345e-02,2.76562138e-01,4.62653675e-05,5.55184410e-04,6.44041244e-07,8.37253617e-06,1.20191076e-04,1.56248398e-03,2.96692859e-05,4.15370003e-04,7.48790960e-07,1.12318644e-05,2.28260634e-05,3.19564888e-04,2.99319015e-05,4.48978523e-04,3.56214680e-04,5.69943488e-03,2.72271225e-07,4.62861082e-06,4.76841207e-13,8.58314173e-12,5.58818598e-06,9.49991616e-05,1.59001935e-09,2.86203483e-08,7.17611362e-05,1.43522272e-03
4.74997943e+00,1.00000000e-02,1.00000000e-30,5.84445915e-01,7.12734572e-01,7.12734572e-01,6.91405361e-02,2.76562144e-01,4.62653675e-05,5.55184410e-04,6.84736167e-07,8.90157016e-06,1.20150381e-04,1.56195495e-03,2.97346661e-05,4.16285325e-04,7.98433835e-07,1.19765075e-05,2.27606832e-05,3.18649565e-04,2.98822586e-05,4.48233880e-04,3.56214680e-04,5.69943488e-03,2.89788634e-07,4.92640677e-06,5.26241605e-13,9.47234889e-12,5.57066857e-06,9.47013656e-05,1.62445455e-09,2.92401820e-08,7.17611362e-05,1.43522272e-03
5.06128335e+00,1.00000000e-02,1.00000000e-30,5.84445915e-01,7.12734572e-01,7.12734572e-01,6.91405373e-02,2.76562149e-01,4.62653675e-05,5.55184410e-04,7.28082988e-07,9.46507884e-06,1.20107034e-04,1.56139144e-03,2.98041251e-05,4.17257751e-04,8.51239601e-07,1.27685940e-05,2.26912243e-05,3.17677140e-04,2.98294529e-05,4.47441793e-04,3.56214680e-04,5.69943488e-03,3.08393674e-07,5.24269245e-06,5.79973315e-13,1.04395197e-11,5.55206353e-06,9.43850800e-05,1.65682291e-09,2.98228124e-08,7.17611362e-05,1.43522272e-03
5.39298949e+00,1.00000000e-02,1.00000000e-30,5.84445915e-01,7.12734572e-01,7.12734572e-01,6.91405383e-02,2.76562153e-01,4.62653675e-05,5.55184410e-04,7.74253462e-07,1.00652950e-05,1.20060863e-04,1.56079122e-03,2.98779030e-05,4.18290642e-04,9.07403465e-07,1.36110520e-05,2.26174463e-05,3.16644248e-04,2.97732890e-05,4.46599335e-04,3.56214680e-04,5.69943488e-03,3.28149675e-07,5.57854447e-06,6.38317479e-13,1.14897146e-11,5.53230753e-06,9.40492279e-05,1.68699867e-09,3.03659761e-08,7.17611362e-05,1.43522272e-03
5.74643497e+00,1.00000000e-02,1.00000000e-30,5.84445915e-01,7.12734572e-01,7.12734572e-01,6.91405391e-02,2.76562157e-01,4.62653675e-05,5.55184410e-04,8.23430324e-07,1.07045942e-05,1.20011687e-04,1.56015193e-03,2.99562522e-05,4.19387531e-04,9.67131828e-07,1.45069774e-05,2.25390971e-05,3.15547359e-04,2.97135606e-05,4.45703410e-04,3.56214680e-04,5.69943488e-03,3.49123090e-07,5.93509254e-06,7.01564447e-13,1.26281600e-11,5.51133411e-06,9.36926799e-05,1.71488405e-09,3.08679130e-08,7.17611362e-05,1.43522272e-03
6.12304454e+00,1.00000000e-02,1.00000000e-30,5.84445915e-01,7.12734572e-01,7.12734572e-01,6.91405398e-02,2.76562159e-01,4.62653675e-05,5.55184410e-04,8.75807970e-07,1.13855036e-05,1.19959309e-04,1.55947102e-03,3.00394377e-05,4.20552128e-04,1.03064281e-06,1.54596422e-05,2.24559116e-05,3.14382763e-04,2.96500497e-05,4.44750745e-04,3.56214680e-04,5.69943488e-03,3.71383568e-07,6.31352066e-06,7.70014087e-13,1.38602536e-11,5.48907363e-06,9.33142518e-05,1.74041226e-09,3.13274206e-08,7.17611362e-05,1.43522272e-03
6.52433633e+00,1.00000000e-02,1.00000000e-30,5.84445915e-01,7.12734572e-01,7.12734572e-01,6.91405402e-02,2.76562161e-01,4.62653675e-05,5.55184410e-04,9.31593183e-07,1.21107114e-05,1.19903524e-04,1.55874581e-03,3.01277371e-05,4.21788319e-04,1.09816680e-06,1.64725020e-05,2.23676122e-05,3.13146571e-04,2.95825257e-05,4.43737885e-04,3.56214680e-04,5.69943488e-03,3.95004019e-07,6.71506832e-06,8.43976353e-13,1.51915744e-11,5.46545318e-06,9.29127041e-05,1.76354966e-09,3.17438938e-08,7.17611362e-05,1.43522272e-03
6.95192796e+00,1.00000000e-02,1.00000000e-30,5.84445915e-01,7.12734572e-01,7.12734572e-01,6.91405405e-02,2.76562162e-01,4.62653675e-05,5.55184410e-04,9.91005898e-07,1.28830767e-05,1.19844111e-04,1.55797344e-03,3.02214414e-05,4.23100180e-04,1.16994695e-06,1.75492042e-05,2.22739079e-05,3.11834711e-04,2.95107455e-05,4.42661183e-04,3.56214680e-04,5.69943488e-03,4.20060662e-07,7.14103125e-06,9.23772176e-13,1.66278992e-11,5.44039654e-06,9.24867412e-05,1.78429708e-09,3.21173474e-08,7.17611362e-05,1.43522272e-03
7.40754307e+00,1.00000000e-02,1.00000000e-30,5.84445915e-01,7.12734572e-01,7.12734572e-01,6.91405408e-02,2.76562163e-01,4.62653675e-05,5.55184410e-04,1.05428000e-06,1.37056401e-05,1.19780837e-04,1.55715088e-03,3.03208550e-05,4.24491970e-04,1.24623977e-06,1.86935965e-05,2.21744943e-05,3.10442921e-04,2.94344527e-05,4.41516791e-04,3.56214680e-04,5.69943488e-03,4.46633065e-07,7.59276211e-06,1.00973470e-12,1.81752245e-11,5.41382414e-06,9.20350103e-05,1.80268996e-09,3.24484193e-08,7.17611362e-05,1.43522272e-03
7.89301826e+00,1.00000000e-02,1.00000000e-30,5.84445915e-01,7.12734572e-01,7.12734572e-01,6.91405410e-02,2.76562164e-01,4.62653675e-05,5.55184410e-04,1.12166420e-06,1.45816346e-05,1.19713453e-04,1.55627488e-03,3.04262957e-05,4.25968139e-04,1.32731563e-06,1.99097344e-05,2.20690536e-05,3.08966751e-04,2.93533769e-05,4.40300653e-04,3.56214680e-04,5.69943488e-03,4.74804161e-07,8.07167073e-06,1.10221089e-12,1.98397960e-11,5.38565304e-06,9.15561017e-05,1.81879737e-09,3.27383527e-08,7.17611362e-05,1.43522272e-03
8.41031051e+00,1.00000000e-02,1.00000000e-30,5.84445915e-01,7.12734572e-01,7.12734572e-01,6.91405411e-02,2.76562164e-01,4.62653675e-05,5.55184410e-04,1.19342291e-06,1.55144978e-05,1.19641694e-04,1.55534202e-03,3.05380951e-05,4.27533331e-04,1.41345929e-06,2.12018894e-05,2.19572543e-05,3.07401560e-04,2.92672332e-05,4.39008498e-04,3.56214680e-04,5.69943488e-03,5.04660235e-07,8.57922400e-06,1.20156359e-12,2.16281446e-11,5.35579697e-06,9.10485484e-05,1.83271977e-09,3.29889558e-08,7.17611362e-05,1.43522272e-03
8.96150502e+00,1.00000000e-02,1.00000000e-30,5.84445915e-01,7.12734572e-01,7.12734572e-01,6.91405411e-02,2.76562165e-01,4.62653675e-05,5.55184410e-04,1.26983720e-06,1.65078836e-05,1.19565280e-04,1.55434864e-03,3.06565983e-05,4.29192377e-04,1.50497045e-06,2.25745567e-05,2.18387510e-05,3.05742514e-04,2.91757220e-05,4.37635830e-04,3.56214680e-04,5.69943488e-03,5.36290900e-07,9.11694530e-06,1.30817389e-12,2.35471301e-11,5.32416630e-06,9.05108271e-05,1.84458559e-09,3.32025406e-08,7.17611362e-05,1.43522272e-03
9.54882369e+00,1.00000000e-02,1.00000000e-30,5.84445915e-01,7.12734572e-01,7.12734572e-01,6.91405412e-02,2.76562165e-01,4.62653675e-05,5.55184410e-04,1.35120582e-06,1.75656756e-05,1.19483911e-04,1.55329084e-03,3.07821644e-05,4.30950301e-04,1.60216421e-06,2.40324631e-05,2.17131849e-05,3.03984589e-04,2.90785283e-05,4.36177924e-04,3.56214680e-04,5.69943488e-03,5.69789028e-07,9.68641347e-06,1.42244395e-12,2.56039910e-11,5.29066817e-06,8.99413589e-05,1.85454682e-09,3.33818428e-08,7.17611362e-05,1.43522272e-03
1.01746340e+01,1.00000000e-02,1.00000000e-30,5.84445915e-01,7.12734572e-01,7.12734572e-01,6.91405412e-02,2.76562165e-01,4.62653675e-05,5.55184410e-04,1.43784623e-06,1.86920011e-05,1.19397271e-04,1.55216452e-03,3.09151654e-05,4.32812315e-04,1.70537156e-06,2.55805735e-05,2.15801840e-05,3.02122575e-04,2.89753209e-05,4.34629814e-04,3.56214680e-04,5.69943488e-03,6.05250654e-07,1.02892611e-05,1.54480005e-12,2.78064009e-11,5.25520655e-06,8.93385113e-05,1.86277363e-09,3.35299254e-08,7.17611362e-05,1.43522272e-03
1.08414587e+01,1.00000000e-02,1.00000000e-30,5.84445915e-01,7.12734572e-01,7.12734572e-01,6.91405412e-02,2.76562165e-01,4.62653675e-05,5.55184410e-04,1.53009575e-06,1.98912448e-05,1.19305021e-04,1.55096527e-03,3.10559866e-05,4.34783812e-04,1.81493984e-06,2.72240976e-05,2.14393628e-05,3.00151079e-04,2.88657526e-05,4.32986290e-04,3.56214680e-04,5.69943488e-03,6.42774836e-07,1.09271722e-05,1.67569604e-12,3.01625288e-11,5.21768236e-06,8.87006002e-05,1.86944845e-09,3.36500721e-08,7.17611362e-05,1.43522272e-03
1.15519857e+01,1.00000000e-02,1.00000000e-30,5.84445915e-01,7.12734572e-01,7.12734572e-01,6.91405413e-02,2.76562165e-01,4.62653675e-05,5.55184410e-04,1.62831268e-06,2.11680648e-05,1.19206804e-04,1.54968845e-03,3.12050258e-05,4.36870361e-04,1.93123309e-06,2.89684964e-05,2.12903235e-05,2.98064529e-04,2.87494594e-05,4.31241891e-04,3.56214680e-04,5.69943488e-03,6.82463470e-07,1.16018790e-05,1.81561686e-12,3.26811034e-11,5.17799373e-06,8.80258934e-05,1.87475971e-09,3.37456748e-08,7.17611362e-05,1.43522272e-03
1.23090791e+01,1.00000000e-02,1.00000000e-30,5.84445915e-01,7.12734572e-01,7.12734572e-01,6.91405413e-02,2.76562165e-01,4.62653675e-05,5.55184410e-04,1.73287757e-06,2.25274084e-05,1.19102239e-04,1.54832911e-03,3.13626928e-05,4.39077699e-04,2.05463243e-06,3.08194864e-05,2.11326565e-05,2.95857192e-04,2.86260601e-05,4.29390901e-04,3.56214680e-04,5.69943488e-03,7.24421050e-07,1.23151579e-05,1.96508222e-12,3.53714799e-11,5.13603615e-06,8.73126146e-05,1.87889571e-09,3.38201227e-08,7.17611362e-05,1.43522272e-03
1.31157910e+01,1.00000000e-02,1.00000000e-30,5.84445915e-01,7.12734572e-01,7.12734572e-01,6.91405413e-02,2.76562165e-01,4.62653675e-05,5.55184410e-04,1.84419449e-06,2.39745283e-05,1.18990922e-04,1.54688199e-03,3.15294082e-05,4.41411715e-04,2.18553629e-06,3.27830443e-05,2.09659411e-05,2.93523175e-04,2.84951562e-05,4.27427343e-04,3.56214680e-04,5.69943488e-03,7.68754373e-07,1.30688243e-05,2.12465035e-12,3.82437063e-11,5.09170283e-06,8.65589481e-05,1.88203880e-09,3.38766984e-08,7.17611362e-05,1.43522272e-03
1.39753730e+01,1.00000000e-02,1.00000000e-30,5.84445915e-01,7.12734572e-01,7.12734572e-01,6.91405413e-02,2.76562165e-01,4.62653675e-05,5.55184410e-04,1.96269240e-06,2.55150012e-05,1.18872424e-04,1.54534152e-03,3.17056028e-05,4.43878439e-04,2.32436065e-06,3.48654097e-05,2.07897465e-05,2.91056451e-04,2.83563318e-05,4.25344977e-04,3.56214680e-04,5.69943488e-03,8.15572171e-07,1.38647269e-05,2.29492166e-12,4.13085898e-11,5.04488503e-06,8.57630455e-05,1.88436040e-09,3.39184873e-08,7.17611362e-05,1.43522272e-03
1.48912903e+01,1.00000000e-02,1.00000000e-30,5.84445915e-01,7.12734572e-01,7.12734572e-01,6.91405413e-02,2.76562165e-01,4.62653675e-05,5.55184410e-04,2.08882657e-06,2.71547454e-05,1.18746290e-04,1.54370177e-03,3.18917156e-05,4.46484019e-04,2.47153907e-06,3.70730861e-05,2.06036337e-05,2.88450872e-04,2.82091534e-05,4.23137301e-04,3.56214680e-04,5.69943488e-03,8.64984678e-07,1.47047395e-05,2.47654229e-12,4.45777613e-11,4.99547252e-06,8.49230329e-05,1.88601694e-09,3.39483049e-08,7.17611362e-05,1.43522272e-03
1.58672350e+01,1.00000000e-02,1.00000000e-30,5.84445915e-01,7.12734572e-01,7.12734572e-01,6.91405413e-02,2.76562165e-01,4.62653675e-05,5.55184410e-04,2.22308003e-06,2.89000404e-05,1.18612037e-04,1.54195648e-03,3.20881928e-05,4.49234699e-04,2.62752273e-06,3.94128409e-05,2.04071565e-05,2.85700191e-04,2.80531697e-05,4.20797546e-04,3.56214680e-04,5.69943488e-03,9.17103101e-07,1.55907527e-05,2.67020761e-12,4.80637369e-11,4.94335410e-06,8.40370197e-05,1.88714698e-09,3.39686457e-08,7.17611362e-05,1.43522272e-03
1.69071410e+01,1.00000000e-02,1.00000000e-30,5.84445915e-01,7.12734572e-01,7.12734572e-01,6.91405413e-02,2.76562165e-01,4.62653675e-05,5.55184410e-04,2.36596516e-06,3.07575471e-05,1.18469152e-04,1.54009897e-03,3.22954853e-05,4.52136794e-04,2.79278019e-06,4.18917028e-05,2.01998640e-05,2.82798096e-04,2.78879123e-05,4.18318684e-04,3.56214680e-04,5.69943488e-03,9.72039014e-07,1.65246632e-05,2.87666544e-12,5.17799779e-11,4.88841819e-06,8.31031092e-05,1.88786966e-09,3.39816538e-08,7.17611362e-05,1.43522272e-03
1.80152004e+01,1.00000000e-02,1.00000000e-30,5.84445915e-01,7.12734572e-01,7.12734572e-01,6.91405413e-02,2.76562165e-01,4.62653675e-05,5.55184410e-04,2.51802527e-06,3.27343286e-05,1.18317092e-04,1.53812219e-03,3.25140467e-05,4.55196653e-04,2.96779711e-06,4.45169567e-05,1.99813027e-05,2.79738237e-04,2.77128954e-05,4.15693430e-04,3.56214680e-04,5.69943488e-03,1.02990364e-06,1.75083619e-05,3.09671931e-12,5.57409476e-11,4.83055356e-06,8.21194105e-05,1.88828421e-09,3.39891158e-08,7.17611362e-05,1.43522272e-03
1.91958797e+01,1.00000000e-02,1.00000000e-30,5.84445915e-01,7.12734572e-01,7.12734572e-01,6.91405413e-02,2.76562165e-01,4.62653675e-05,5.55184410e-04,2.67983632e-06,3.48378722e-05,1.18155281e-04,1.53601865e-03,3.27443303e-05,4.58420624e-04,3.15307576e-06,4.72961365e-05,1.97510190e-05,2.76514266e-04,2.75276167e-05,4.12914251e-04,3.56214680e-04,5.69943488e-03,1.09080704e-06,1.85437197e-05,3.33123150e-12,5.99621671e-11,4.76965016e-06,8.10840528e-05,1.88847073e-09,3.39924731e-08,7.17611362e-05,1.43522272e-03
2.04539383e+01,1.00000000e-02,1.00000000e-30,5.84445915e-01,7.12734572e-01,7.12734572e-01,6.91405413e-02,2.76562165e-01,4.62653675e-05,5.55184410e-04,2.85200862e-06,3.70761121e-05,1.17983108e-04,1.53378041e-03,3.29867864e-05,4.61815010e-04,3.34913425e-06,5.02370138e-05,1.95085629e-05,2.73119881e-04,2.73315582e-05,4.09973373e-04,3.56214680e-04,5.69943488e-03,1.15485715e-06,1.96325716e-05,3.58112615e-12,6.44602707e-11,4.70560005e-06,7.99952008e-05,1.88849165e-09,3.39928496e-08,7.17611362e-05,1.43522272e-03
2.17944475e+01,1.00000000e-02,1.00000000e-30,5.84445915e-01,7.12734572e-01,7.12734572e-01,6.91405413e-02,2.76562165e-01,4.62653675e-05,5.55184410e-04,3.03518866e-06,3.94574526e-05,1.17799928e-04,1.53139907e-03,3.32418582e-05,4.65386015e-04,3.55650561e-06,5.33475841e-05,1.92534911e-05,2.69548876e-04,2.71241869e-05,4.06862803e-04,3.56214680e-04,5.69943488e-03,1.22215874e-06,2.07766987e-05,3.84739241e-12,6.92530634e-11,4.63829846e-06,7.88510738e-05,1.88839392e-09,3.39910905e-08,7.17611362e-05,1.43522272e-03
2.32228110e+01,1.00000000e-02,1.00000000e-30,5.84445915e-01,7.12734572e-01,7.12734572e-01,6.91405413e-02,2.76562165e-01,4.62653675e-05,5.55184410e-04,3.23006098e-06,4.19907927e-05,1.17605056e-04,1.52886573e-03,3.35099779e-05,4.69139690e-04,3.77573651e-06,5.66360477e-05,1.89853715e-05,2.65795200e-04,2.69049560e-05,4.03574340e-04,3.56214680e-04,5.69943488e-03,1.29281221e-06,2.19778075e-05,4.13108775e-12,7.43595794e-11,4.56764500e-06,7.76499649e-05,1.88821149e-09,3.39878067e-08,7.17611362e-05,1.43522272e-03
2.47447864e+01,1.00000000e-02,1.00000000e-30,5.84445915e-01,7.12734572e-01,7.12734572e-01,6.91405413e-02,2.76562165e-01,4.62653675e-05,5.55184410e-04,3.43735009e-06,4.46855511e-05,1.17397767e-04,1.52617097e-03,3.37915619e-05,4.73081867e-04,4.00738577e-06,6.01107866e-05,1.87037874e-05,2.61853023e-04,2.66733067e-05,4.00099601e-04,3.56214680e-04,5.69943488e-03,1.36691219e-06,2.32375073e-05,4.43334149e-12,7.98001467e-11,4.49354501e-06,7.63902651e-05,1.88796784e-09,3.39834212e-08,7.17611362e-05,1.43522272e-03
2.63665090e+01,1.00000000e-02,1.00000000e-30,5.84445915e-01,7.12734572e-01,7.12734572e-01,6.91405413e-02,2.76562165e-01,4.62653675e-05,5.55184410e-04,3.65782245e-06,4.75516918e-05,1.17177294e-04,1.52330483e-03,3.40870061e-05,4.77218085e-04,4.25202243e-06,6.37803365e-05,1.84083432e-05,2.57716805e-04,2.64286700e-05,3.96430051e-04,3.56214680e-04,5.69943488e-03,1.44454615e-06,2.45572845e-05,4.75535864e-12,8.55964555e-11,4.41591105e-06,7.50704879e-05,1.88767842e-09,3.39782116e-08,7.17611362e-05,1.43522272e-03
2.80945159e+01,1.00000000e-02,1.00000000e-30,5.84445915e-01,7.12734572e-01,7.12734572e-01,6.91405413e-02,2.76562165e-01,4.62653675e-05,5.55184410e-04,3.89228850e-06,5.05997504e-05,1.16942828e-04,1.52025677e-03,3.43966792e-05,4.81553508e-04,4.51022347e-06,6.76533521e-05,1.80986701e-05,2.53381382e-04,2.61704690e-05,3.92557035e-04,3.56214680e-04,5.69943488e-03,1.52579263e-06,2.59384748e-05,5.09842409e-12,9.17716336e-11,4.33466457e-06,7.36892977e-05,1.88735273e-09,3.39723492e-08,7.17611362e-05,1.43522272e-03
2.99357729e+01,1.00000000e-02,1.00000000e-30,5.84445915e-01,7.12734572e-01,7.12734572e-01,6.91405413e-02,2.76562165e-01,4.62653675e-05,5.55184410e-04,4.14160471e-06,5.38408612e-05,1.16693512e-04,1.51701566e-03,3.47209170e-05,4.86092837e-04,4.78257112e-06,7.17385668e-05,1.77744324e-05,2.48842053e-04,2.58981214e-05,3.88471820e-04,3.56214680e-04,5.69943488e-03,1.61071953e-06,2.73822320e-05,5.46390719e-12,9.83503294e-11,4.24973767e-06,7.22455404e-05,1.88699610e-09,3.39659298e-08,7.17611362e-05,1.43522272e-03
3.18977022e+01,1.00000000e-02,1.00000000e-30,5.84445915e-01,7.12734572e-01,7.12734572e-01,6.91405413e-02,2.76562165e-01,4.62653675e-05,5.55184410e-04,4.40667569e-06,5.72867840e-05,1.16428441e-04,1.51356974e-03,3.50600149e-05,4.90840208e-04,5.06964964e-06,7.60447446e-05,1.74353344e-05,2.44094682e-04,2.56110428e-05,3.84165643e-04,3.56214680e-04,5.69943488e-03,1.69938207e-06,2.88894951e-05,5.85326671e-12,1.05358801e-10,4.16107514e-06,7.07382773e-05,1.88661104e-09,3.39589987e-08,7.17611362e-05,1.43522272e-03
3.39882122e+01,1.00000000e-02,1.00000000e-30,5.84445915e-01,7.12734572e-01,7.12734572e-01,6.91405413e-02,2.76562165e-01,4.62653675e-05,5.55184410e-04,4.68845633e-06,6.09499322e-05,1.16146661e-04,1.50990659e-03,3.54142205e-05,4.95799087e-04,5.37204163e-06,8.05806245e-05,1.70811289e-05,2.39135804e-04,2.53086508e-05,3.79629763e-04,3.56214680e-04,5.69943488e-03,1.79182071e-06,3.04609520e-05,6.26805632e-12,1.12825014e-10,4.06863649e-06,6.91668204e-05,1.88619823e-09,3.39515682e-08,7.17611362e-05,1.43522272e-03
3.62157300e+01,1.00000000e-02,1.00000000e-30,5.84445915e-01,7.12734572e-01,7.12734572e-01,6.91405413e-02,2.76562165e-01,4.62653675e-05,5.55184410e-04,4.98795385e-06,6.48434000e-05,1.15847163e-04,1.50601312e-03,3.57837248e-05,5.00972147e-04,5.69032376e-06,8.53548565e-05,1.67116245e-05,2.33962743e-04,2.49903687e-05,3.74855531e-04,3.56214680e-04,5.69943488e-03,1.88805887e-06,3.20970008e-05,6.70993034e-12,1.20778746e-10,3.97239833e-06,6.75307716e-05,1.88575722e-09,3.39436300e-08,7.17611362e-05,1.43522272e-03
3.85892347e+01,1.00000000e-02,1.00000000e-30,5.84445915e-01,7.12734572e-01,7.12734572e-01,6.91405413e-02,2.76562165e-01,4.62653675e-05,5.55184410e-04,5.30623001e-06,6.89809901e-05,1.15528887e-04,1.50187553e-03,3.61686537e-05,5.06361152e-04,6.02506185e-06,9.03759278e-05,1.63266956e-05,2.28573739e-04,2.46556306e-05,3.69834459e-04,3.56214680e-04,5.69943488e-03,1.98810053e-06,3.37977090e-05,7.18065010e-12,1.29251702e-10,3.87235667e-06,6.58300634e-05,1.88528686e-09,3.39351635e-08,7.17611362e-05,1.43522272e-03
4.11182940e+01,1.00000000e-02,1.00000000e-30,5.84445915e-01,7.12734572e-01,7.12734572e-01,6.91405413e-02,2.76562165e-01,4.62653675e-05,5.55184410e-04,5.64440312e-06,7.33772406e-05,1.15190714e-04,1.49747928e-03,3.65690580e-05,5.11966812e-04,6.37680532e-06,9.56520798e-05,1.59262913e-05,2.22968078e-04,2.43038872e-05,3.64558307e-04,3.56214680e-04,5.69943488e-03,2.09192769e-06,3.55627707e-05,7.68209064e-12,1.38277631e-10,3.76852951e-06,6.40650017e-05,1.88478556e-09,3.39261401e-08,7.17611362e-05,1.43522272e-03
4.38131027e+01,1.00000000e-02,1.00000000e-30,5.84445915e-01,7.12734572e-01,7.12734572e-01,6.91405413e-02,2.76562165e-01,4.62653675e-05,5.55184410e-04,6.00365015e-06,7.80474520e-05,1.14831467e-04,1.49280907e-03,3.69849037e-05,5.17788651e-04,6.74608091e-06,1.01191214e-04,1.55104457e-05,2.17146239e-04,2.39346116e-05,3.59019174e-04,3.56214680e-04,5.69943488e-03,2.19949776e-06,3.73914620e-05,8.21624781e-12,1.47892461e-10,3.66095944e-06,6.22363104e-05,1.88425145e-09,3.39165261e-08,7.17611362e-05,1.43522272e-03
4.66845237e+01,1.00000000e-02,1.00000000e-30,5.84445915e-01,7.12734572e-01,7.12734572e-01,6.91405413e-02,2.76562165e-01,4.62653675e-05,5.55184410e-04,6.38520864e-06,8.30077123e-05,1.14449908e-04,1.48784881e-03,3.74160611e-05,5.23824856e-04,7.13338568e-06,1.07000785e-04,1.50792882e-05,2.11110035e-04,2.35473068e-05,3.53209602e-04,3.56214680e-04,5.69943488e-03,2.31074092e-06,3.92825957e-05,8.78524598e-12,1.58134428e-10,3.54971628e-06,6.03451767e-05,1.88368247e-09,3.39062845e-08,7.17611362e-05,1.43522272e-03
4.97441317e+01,1.00000000e-02,1.00000000e-30,5.84445915e-01,7.12734572e-01,7.12734572e-01,6.91405413e-02,2.76562165e-01,4.62653675e-05,5.55184410e-04,6.79037860e-06,8.82749218e-05,1.14044738e-04,1.48258160e-03,3.78622946e-05,5.30072124e-04,7.53917920e-06,1.13087688e-04,1.46330548e-05,2.04862767e-04,2.31415133e-05,3.47122699e-04,3.56214680e-04,5.69943488e-03,2.42555738e-06,4.12344755e-05,9.39134604e-12,1.69044229e-10,3.43489982e-06,5.83932969e-05,1.88307638e-09,3.38953748e-08,7.17611362e-05,1.43522272e-03
5.30042602e+01,1.00000000e-02,1.00000000e-30,5.84445915e-01,7.12734572e-01,7.12734572e-01,6.91405413e-02,2.76562165e-01,4.62653675e-05,5.55184410e-04,7.22052424e-06,9.38668152e-05,1.13614593e-04,1.47698970e-03,3.83232510e-05,5.36525515e-04,7.96387493e-06,1.19458124e-04,1.41720983e-05,1.98409376e-04,2.27168175e-05,3.40752263e-04,3.56214680e-04,5.69943488e-03,2.54381476e-06,4.32448509e-05,1.00369540e-11,1.80665173e-10,3.31664244e-06,5.63829216e-05,1.88243077e-09,3.38837538e-08,7.17611362e-05,1.43522272e-03
5.64780507e+01,1.00000000e-02,1.00000000e-30,5.84445915e-01,7.12734572e-01,7.12734572e-01,6.91405413e-02,2.76562165e-01,4.62653675e-05,5.55184410e-04,7.67707553e-06,9.98019818e-05,1.13158041e-04,1.47105454e-03,3.87984495e-05,5.43178292e-04,8.40783079e-06,1.26117462e-04,1.36968999e-05,1.91756598e-04,2.22728617e-05,3.34092925e-04,3.56214680e-04,5.69943488e-03,2.66534550e-06,4.53108734e-05,1.07246303e-11,1.93043345e-10,3.19511170e-06,5.43168990e-05,1.88174309e-09,3.38713757e-08,7.17611362e-05,1.43522272e-03
6.01795064e+01,1.00000000e-02,1.00000000e-30,5.84445915e-01,7.12734572e-01,7.12734572e-01,6.91405413e-02,2.76562165e-01,4.62653675e-05,5.55184410e-04,8.16152951e-06,1.06099884e-04,1.12673587e-04,1.46475664e-03,3.92872701e-05,5.50021781e-04,8.87133888e-06,1.33070083e-04,1.32080792e-05,1.84913109e-04,2.18093536e-05,3.27140304e-04,3.56214680e-04,5.69943488e-03,2.78994451e-06,4.74290566e-05,1.14570990e-11,2.06227782e-10,3.07051269e-06,5.21987158e-05,1.88101062e-09,3.38581912e-08,7.17611362e-05,1.43522272e-03
6.41235480e+01,1.00000000e-02,1.00000000e-30,5.84445915e-01,7.12734572e-01,7.12734572e-01,6.91405413e-02,2.76562165e-01,4.62653675e-05,5.55184410e-04,8.67545143e-06,1.12780869e-04,1.12159665e-04,1.45807565e-03,3.97889444e-05,5.57045222e-04,9.35461441e-06,1.40319216e-04,1.27064049e-05,1.77889669e-04,2.13260781e-05,3.19891171e-04,3.56214680e-04,5.69943488e-03,2.91736702e-06,4.95952393e-05,1.22372584e-11,2.20270652e-10,2.94309018e-06,5.00325331e-05,1.88023047e-09,3.38441484e-08,7.17611362e-05,1.43522272e-03
6.83260739e+01,1.00000000e-02,1.00000000e-30,5.84445915e-01,7.12734572e-01,7.12734572e-01,6.91405413e-02,2.76562165e-01,4.62653675e-05,5.55184410e-04,9.22047545e-06,1.19866181e-04,1.11614641e-04,1.45099034e-03,4.03025461e-05,5.64235645e-04,9.85778386e-06,1.47866758e-04,1.21928032e-05,1.70699245e-04,2.08229086e-05,3.12343629e-04,3.56214680e-04,5.69943488e-03,3.04732680e-06,5.18045556e-05,1.30681918e-11,2.35227453e-10,2.81313040e-06,4.78232168e-05,1.87939953e-09,3.38291916e-08,7.17611362e-05,1.43522272e-03
7.28040247e+01,1.00000000e-02,1.00000000e-30,5.84445915e-01,7.12734572e-01,7.12734572e-01,6.91405413e-02,2.76562165e-01,4.62653675e-05,5.55184410e-04,9.79830501e-06,1.27377965e-04,1.11036812e-04,1.44347855e-03,4.08269830e-05,5.71577761e-04,1.03808724e-05,1.55713086e-04,1.16683664e-05,1.63357129e-04,2.02998201e-05,3.04497301e-04,3.56214680e-04,5.69943488e-03,3.17949485e-06,5.40514124e-05,1.39531788e-11,2.51157219e-10,2.68096235e-06,4.55763600e-05,1.87851455e-09,3.38132618e-08,7.17611362e-05,1.43522272e-03
7.75754513e+01,1.00000000e-02,1.00000000e-30,5.84445915e-01,7.12734572e-01,7.12734572e-01,6.91405413e-02,2.76562165e-01,4.62653675e-05,5.55184410e-04,1.04107128e-05,1.35339266e-04,1.10424404e-04,1.43551725e-03,4.13609909e-05,5.79053872e-04,1.09237906e-05,1.63856859e-04,1.11343584e-05,1.55881018e-04,1.97569019e-05,2.96353528e-04,3.56214680e-04,5.69943488e-03,3.31349864e-06,5.63294769e-05,1.48957074e-11,2.68122734e-10,2.54695856e-06,4.32982955e-05,1.87757202e-09,3.37962963e-08,7.17611362e-05,1.43522272e-03
8.26595874e+01,1.00000000e-02,1.00000000e-30,5.84445915e-01,7.12734572e-01,7.12734572e-01,6.91405413e-02,2.76562165e-01,4.62653675e-05,5.55184410e-04,1.10595400e-05,1.43774020e-04,1.09775577e-04,1.42708250e-03,4.19031296e-05,5.86643814e-04,1.14863210e-05,1.72294815e-04,1.05922197e-05,1.48291076e-04,1.91943715e-05,2.87915572e-04,3.56214680e-04,5.69943488e-03,3.44892209e-06,5.86316755e-05,1.58994871e-11,2.86190767e-10,2.41153511e-06,4.09960970e-05,1.87656824e-09,3.37782283e-08,7.17611362e-05,1.43522272e-03
8.80769273e+01,1.00000000e-02,1.00000000e-30,5.84445915e-01,7.12734572e-01,7.12734572e-01,6.91405413e-02,2.76562165e-01,4.62653675e-05,5.55184410e-04,1.17466953e-05,1.52707038e-04,1.09088422e-04,1.41814948e-03,4.24517815e-05,5.94324941e-04,1.20681039e-05,1.81021558e-04,1.00435678e-05,1.40609949e-04,1.86125886e-05,2.79188829e-04,3.56214680e-04,5.69943488e-03,3.58530635e-06,6.09502080e-05,1.69684618e-11,3.05432313e-10,2.27515085e-06,3.86775644e-05,1.87549926e-09,3.37589867e-08,7.17611362e-05,1.43522272e-03
9.38493086e+01,1.00000000e-02,1.00000000e-30,5.84445915e-01,7.12734572e-01,7.12734572e-01,6.91405413e-02,2.76562165e-01,4.62653675e-05,5.55184410e-04,1.24741525e-05,1.62163982e-04,1.08360964e-04,1.40869254e-03,4.30051531e-05,6.02072143e-04,1.26686232e-05,1.90029349e-04,9.49019625e-06,1.32862747e-04,1.80120692e-05,2.70181039e-04,3.56214680e-04,5.69943488e-03,3.72215156e-06,6.32765765e-05,1.81068249e-11,3.25922848e-10,2.13830564e-06,3.63511959e-05,1.87436090e-09,3.37384962e-08,7.17611362e-05,1.43522272e-03
1.00000000e+02,1.00000000e-02,1.00000000e-30,5.84445915e-01,7.12734572e-01,7.12734572e-01,6.91405413e-02,2.76562165e-01,4.62653675e-05,5.55184410e-04,1.32439482e-05,1.72171326e-04,1.07591169e-04,1.39868519e-03,4.35612804e-05,6.09857926e-04,1.32871930e-05,1.99307895e-04,8.93406890e-06,1.25076965e-04,1.73934995e-05,2.60902492e-04,3.56214680e-04,5.69943488e-03,3.85891962e-06,6.56016336e-05,1.93190336e-11,3.47742604e-10,2.00153758e-06,3.40261389e-05,1.87314869e-09,3.37166764e-08,7.17611362e-05,1.43522272e-03
