time,t9,rho,R15_14,Y_h1,X_h1,Y_he4,X_he4,Y_c12,X_c12,Y_c13,X_c13,Y_n13,X_n13,Y_n14,X_n14,Y_n15,X_n15,Y_o14,X_o14,Y_o15,X_o15,Y_o16,X_o16,Y_o17,X_o17,Y_o18,X_o18,Y_f17,X_f17,Y_f18,X_f18,Y_ne20,X_ne20
0.00000000e+00,4.48100000e-01,4.06600000e+03,3.67647059e-03,7.12941125e-01,7.12941125e-01,6.91377283e-02,2.76550913e-01,1.89972106e-04,2.27966527e-03,2.13235956e-06,2.77206743e-05,0.00000000e+00,0.00000000e+00,5.71014320e-05,7.99420047e-04,2.09931735e-07,3.14897603e-06,0.00000000e+00,0.00000000e+00,0.00000000e+00,0.00000000e+00,3.62073936e-04,5.79318297e-03,1.37916336e-07,2.34457772e-06,7.25875455e-07,1.30657582e-05,0.00000000e+00,0.00000000e+00,0.00000000e+00,0.00000000e+00,7.17611355e-05,1.43522271e-03
1.00000000e-09,4.48099999e-01,4.06599998e+03,2.90527940e-03,7.12941059e-01,7.12941059e-01,6.91377866e-02,2.76551146e-01,1.90018716e-04,2.28022459e-03,2.13226001e-06,2.77193801e-05,5.23477653e-09,6.80520949e-08,5.71000861e-05,7.99401206e-04,1.64411731e-07,2.46617597e-06,2.25318787e-14,3.15446301e-13,1.47997321e-09,2.21995982e-08,3.62073887e-04,5.79318219e-03,1.37881636e-07,2.34398781e-06,7.19517411e-07,1.29513134e-05,5.37799430e-11,9.14259032e-10,1.07629380e-13,1.93732884e-12,7.17611355e-05,1.43522271e-03
1.07790740e-09,4.48099999e-01,4.06599998e+03,2.85398779e-03,7.12941055e-01,7.12941055e-01,6.91377906e-02,2.76551162e-01,1.90021843e-04,2.28026212e-03,2.13225225e-06,2.77192793e-05,5.64265357e-09,7.33544964e-08,5.70999813e-05,7.99399738e-04,1.61367377e-07,2.42051065e-06,2.61795972e-14,3.66514360e-13,1.59527261e-09,2.39290892e-08,3.62073883e-04,5.79318213e-03,1.37878933e-07,2.34394186e-06,7.19024417e-07,1.29424395e-05,5.79697980e-11,9.85486565e-10,1.16008899e-13,2.08816019e-12,7.17611355e-05,1.43522271e-03
1.16188436e-09,4.48099999e-01,4.06599998e+03,2.79997466e-03,7.12941050e-01,7.12941050e-01,6.91377949e-02,2.76551179e-01,1.90025140e-04,2.28030168e-03,2.13224389e-06,2.77191706e-05,6.08231438e-09,7.90700869e-08,5.70998683e-05,7.99398156e-04,1.58158630e-07,2.37237945e-06,3.04178623e-14,4.25850073e-13,1.71955445e-09,2.57933167e-08,3.62073879e-04,5.79318206e-03,1.37876019e-07,2.34389233e-06,7.18493394e-07,1.29328811e-05,6.24860735e-11,1.06226325e-09,1.25040338e-13,2.25072608e-12,7.17611355e-05,1.43522271e-03
1.25240375e-09,4.48099999e-01,4.06599997e+03,2.74320002e-03,7.12941045e-01,7.12941045e-01,6.91377994e-02,2.76551198e-01,1.90028612e-04,2.28034334e-03,2.13223488e-06,2.77190535e-05,6.55623610e-09,8.52310693e-08,5.70997464e-05,7.99396450e-04,1.54782507e-07,2.32173761e-06,3.53422834e-14,4.94791967e-13,1.85351849e-09,2.78027773e-08,3.62073874e-04,5.79318199e-03,1.37872879e-07,2.34383894e-06,7.17921439e-07,1.29225859e-05,6.73542002e-11,1.14502140e-09,1.34774339e-13,2.42593810e-12,7.17611355e-05,1.43522271e-03
1.34997528e-09,4.48099999e-01,4.06599997e+03,2.68364100e-03,7.12941039e-01,7.12941039e-01,6.91378042e-02,2.76551217e-01,1.90032259e-04,2.28038711e-03,2.13222517e-06,2.77189272e-05,7.06708898e-09,9.18721567e-08,5.70996151e-05,7.99394612e-04,1.51236950e-07,2.26855424e-06,4.10639490e-14,5.74895287e-13,1.99791899e-09,2.99687849e-08,3.62073870e-04,5.79318191e-03,1.37869494e-07,2.34378140e-06,7.17305434e-07,1.29114978e-05,7.26015899e-11,1.23422703e-09,1.45265466e-13,2.61477838e-12,7.17611355e-05,1.43522271e-03
1.45514834e-09,4.48099999e-01,4.06599997e+03,2.62129484e-03,7.12941034e-01,7.12941034e-01,6.91378092e-02,2.76551237e-01,1.90036085e-04,2.28043302e-03,2.13221470e-06,2.77187911e-05,7.61775143e-09,9.90307686e-08,5.70994736e-05,7.99392630e-04,1.47520986e-07,2.21281480e-06,4.77119341e-14,6.67967077e-13,2.15356900e-09,3.23035350e-08,3.62073864e-04,5.79318183e-03,1.37865845e-07,2.34371937e-06,7.16642030e-07,1.28995565e-05,7.82577900e-11,1.33038243e-09,1.56572507e-13,2.81830512e-12,7.17611355e-05,1.43522271e-03
1.56851516e-09,4.48099999e-01,4.06599997e+03,2.55618211e-03,7.12941028e-01,7.12941028e-01,6.91378145e-02,2.76551258e-01,1.90040088e-04,2.28048106e-03,2.13220341e-06,2.77186444e-05,8.21132622e-09,1.06747241e-07,5.70993210e-05,7.99390494e-04,1.43634918e-07,2.15452378e-06,5.54362115e-14,7.76106961e-13,2.32134486e-09,3.48201728e-08,3.62073859e-04,5.79318174e-03,1.37861912e-07,2.34365251e-06,7.15927629e-07,1.28866973e-05,8.43546497e-11,1.43402904e-09,1.68758797e-13,3.03765835e-12,7.17611355e-05,1.43522271e-03
1.69071410e-09,4.48099999e-01,4.06599997e+03,2.48835013e-03,7.12941021e-01,7.12941021e-01,6.91378201e-02,2.76551280e-01,1.90044268e-04,2.28053122e-03,2.13219125e-06,2.77184862e-05,8.85115801e-09,1.15065054e-07,5.70991565e-05,7.99388192e-04,1.39580503e-07,2.09370754e-06,6.44110359e-14,9.01754502e-13,2.50219119e-09,3.75328679e-08,3.62073853e-04,5.79318164e-03,1.37857673e-07,2.34358044e-06,7.15158368e-07,1.28728506e-05,9.09264996e-11,1.54575049e-09,1.81892570e-13,3.27406626e-12,7.17611355e-05,1.43522271e-03
1.82243324e-09,4.48099999e-01,4.06599996e+03,2.41787640e-03,7.12941014e-01,7.12941014e-01,6.91378260e-02,2.76551304e-01,1.90048622e-04,2.28058346e-03,2.13217814e-06,2.77183158e-05,9.54085215e-09,1.24031078e-07,5.70989793e-05,7.99385710e-04,1.35361149e-07,2.03041723e-06,7.48388754e-14,1.04774426e-12,2.69712621e-09,4.04568932e-08,3.62073846e-04,5.79318154e-03,1.37853104e-07,2.34350277e-06,7.14330102e-07,1.28579418e-05,9.80103451e-11,1.66617587e-09,1.96047331e-13,3.52885196e-12,7.17611355e-05,1.43522271e-03
1.96441428e-09,4.48099999e-01,4.06599996e+03,2.34487220e-03,7.12941007e-01,7.12941007e-01,6.91378321e-02,2.76551329e-01,1.90053145e-04,2.28063774e-03,2.13216400e-06,2.77181320e-05,1.02842951e-08,1.33695836e-07,5.70987882e-05,7.99383035e-04,1.30982114e-07,1.96473171e-06,8.69549799e-14,1.21736972e-12,2.90724744e-09,4.36087115e-08,3.62073839e-04,5.79318143e-03,1.37848179e-07,2.34341904e-06,7.13438382e-07,1.28418909e-05,1.05646074e-10,1.79598326e-09,2.11302261e-13,3.80344070e-12,7.17611355e-05,1.43522271e-03
2.11745669e-09,4.48099998e-01,4.06599996e+03,2.26948604e-03,7.12941000e-01,7.12941000e-01,6.91378386e-02,2.76551354e-01,1.90057830e-04,2.28069396e-03,2.13214877e-06,2.77179340e-05,1.10856761e-08,1.44113789e-07,5.70985822e-05,7.99380151e-04,1.26450698e-07,1.89676047e-06,1.01032688e-13,1.41445764e-12,3.13373787e-09,4.70060680e-08,3.62073832e-04,5.79318130e-03,1.37842870e-07,2.34332879e-06,7.12478437e-07,1.28246119e-05,1.13876683e-10,1.93590361e-09,2.27742653e-13,4.09936776e-12,7.17611355e-05,1.43522271e-03
2.28242224e-09,4.48099998e-01,4.06599995e+03,2.19190701e-03,7.12940992e-01,7.12940992e-01,6.91378453e-02,2.76551381e-01,1.90062668e-04,2.28075202e-03,2.13213235e-06,2.77177205e-05,1.19495110e-08,1.55343643e-07,5.70983602e-05,7.99377043e-04,1.21776424e-07,1.82664635e-06,1.17389597e-13,1.64345436e-12,3.37787267e-09,5.06680900e-08,3.62073823e-04,5.79318117e-03,1.37837148e-07,2.34323152e-06,7.11445152e-07,1.28060127e-05,1.22748517e-10,2.08672478e-09,2.45460377e-13,4.41828679e-12,7.17611355e-05,1.43522271e-03
2.46023982e-09,4.48099998e-01,4.06599995e+03,2.11236780e-03,7.12940984e-01,7.12940984e-01,6.91378523e-02,2.76551409e-01,1.90067649e-04,2.28081179e-03,2.13211464e-06,2.77174904e-05,1.28806678e-08,1.67448682e-07,5.70981209e-05,7.99373693e-04,1.16971206e-07,1.75456809e-06,1.36394724e-13,1.90952613e-12,3.64102631e-09,5.46153947e-08,3.62073814e-04,5.79318103e-03,1.37830981e-07,2.34312667e-06,7.10333045e-07,1.27859948e-05,1.32311531e-10,2.24929603e-09,2.64554380e-13,4.76197885e-12,7.17611355e-05,1.43522271e-03
2.65191071e-09,4.48099998e-01,4.06599995e+03,2.03114726e-03,7.12940975e-01,7.12940975e-01,6.91378596e-02,2.76551439e-01,1.90072758e-04,2.28087310e-03,2.13209556e-06,2.77172423e-05,1.38843936e-08,1.80497117e-07,5.70978630e-05,7.99370082e-04,1.12049488e-07,1.68074232e-06,1.58476836e-13,2.21867571e-12,3.92468034e-09,5.88702051e-08,3.62073805e-04,5.79318088e-03,1.37824333e-07,2.34301367e-06,7.09136242e-07,1.27644524e-05,1.42619575e-10,2.42453278e-09,2.85131229e-13,5.13236212e-12,7.17611355e-05,1.43522271e-03
2.85851418e-09,4.48099998e-01,4.06599994e+03,1.94857234e-03,7.12940966e-01,7.12940966e-01,6.91378672e-02,2.76551469e-01,1.90077979e-04,2.28093575e-03,2.13207500e-06,2.77169750e-05,1.49663447e-08,1.94562481e-07,5.70975849e-05,7.99366189e-04,1.07028344e-07,1.60542515e-06,1.84134124e-13,2.57787774e-12,4.23043167e-09,6.34564751e-08,3.62073794e-04,5.79318071e-03,1.37817168e-07,2.34289186e-06,7.07848458e-07,1.27412723e-05,1.53730692e-10,2.61342176e-09,3.07305685e-13,5.53150233e-12,7.17611355e-05,1.43522271e-03
3.08121359e-09,4.48099998e-01,4.06599994e+03,1.86501919e-03,7.12940957e-01,7.12940957e-01,6.91378751e-02,2.76551500e-01,1.90083292e-04,2.28099950e-03,2.13205283e-06,2.77166868e-05,1.61326179e-08,2.09724032e-07,5.70972852e-05,7.99361993e-04,1.01927531e-07,1.52891297e-06,2.13945441e-13,2.99523618e-12,4.56000163e-09,6.84000245e-08,3.62073783e-04,5.79318053e-03,1.37809445e-07,2.34276057e-06,7.06462966e-07,1.27163334e-05,1.65707445e-10,2.81702657e-09,3.31201327e-13,5.96162389e-12,7.17611355e-05,1.43522271e-03
3.32126293e-09,4.48099998e-01,4.06599993e+03,1.78091311e-03,7.12940947e-01,7.12940947e-01,6.91378832e-02,2.76551533e-01,1.90088676e-04,2.28106411e-03,2.13202894e-06,2.77163762e-05,1.73897852e-08,2.26067208e-07,5.70969622e-05,7.99357470e-04,9.67694836e-08,1.45154225e-06,2.48583365e-13,3.48016711e-12,4.91524560e-09,7.37286840e-08,3.62073771e-04,5.79318034e-03,1.37801121e-07,2.34261906e-06,7.04972569e-07,1.26895062e-05,1.78617276e-10,3.03649369e-09,3.56951220e-13,6.42512196e-12,7.17611355e-05,1.43522271e-03
3.58001389e-09,4.48099997e-01,4.06599993e+03,1.69672734e-03,7.12940937e-01,7.12940937e-01,6.91378916e-02,2.76551567e-01,1.90094106e-04,2.28112928e-03,2.13200318e-06,2.77160413e-05,1.87449309e-08,2.43684101e-07,5.70966139e-05,7.99352595e-04,9.15792232e-08,1.37368835e-06,2.88829372e-13,4.04361121e-12,5.29816344e-09,7.94724516e-08,3.62073758e-04,5.79318013e-03,1.37792149e-07,2.34246653e-06,7.03369581e-07,1.26606525e-05,1.92532877e-10,3.27305892e-09,3.84698628e-13,6.92457531e-12,7.17611355e-05,1.43522271e-03
3.85892347e-09,4.48099997e-01,4.06599992e+03,1.61298019e-03,7.12940926e-01,7.12940926e-01,6.91379003e-02,2.76551601e-01,1.90099556e-04,2.28119467e-03,2.13197542e-06,2.77156804e-05,2.02056908e-08,2.62673980e-07,5.70962386e-05,7.99347340e-04,8.63841917e-08,1.29576288e-06,3.35591470e-13,4.69828058e-12,5.71091081e-09,8.56636621e-08,3.62073744e-04,5.79317990e-03,1.37782479e-07,2.34230213e-06,7.01645790e-07,1.26296242e-05,2.07532606e-10,3.52805430e-09,4.14597785e-13,7.46276013e-12,7.17611355e-05,1.43522271e-03
4.15956216e-09,4.48099997e-01,4.06599992e+03,1.53023052e-03,7.12940915e-01,7.12940915e-01,6.91379091e-02,2.76551637e-01,1.90104996e-04,2.28125996e-03,2.13194549e-06,2.77152914e-05,2.17802959e-08,2.83143847e-07,5.70958340e-05,7.99341676e-04,8.12139774e-08,1.21820966e-06,3.89924685e-13,5.45894560e-12,6.15581121e-09,9.23371681e-08,3.62073729e-04,5.79317966e-03,1.37772055e-07,2.34212494e-06,6.99792434e-07,1.25962638e-05,2.23700923e-10,3.80291570e-09,4.46814714e-13,8.04266486e-12,7.17611355e-05,1.43522271e-03
4.48362284e-09,4.48099997e-01,4.06599991e+03,1.44907133e-03,7.12940904e-01,7.12940904e-01,6.91379182e-02,2.76551673e-01,1.90110396e-04,2.28132475e-03,2.13191324e-06,2.77148721e-05,2.34776182e-08,3.05209037e-07,5.70953979e-05,7.99335571e-04,7.60999356e-08,1.14149903e-06,4.53054864e-13,6.34276810e-12,6.63536911e-09,9.95305367e-08,3.62073712e-04,5.79317940e-03,1.37760821e-07,2.34193396e-06,6.97800170e-07,1.25604031e-05,2.41128871e-10,4.09919081e-09,4.81528116e-13,8.66750609e-12,7.17611355e-05,1.43522271e-03
4.83293024e-09,4.48099996e-01,4.06599990e+03,1.37012131e-03,7.12940892e-01,7.12940892e-01,6.91379275e-02,2.76551710e-01,1.90115722e-04,2.28138867e-03,2.13187847e-06,2.77144201e-05,2.53072208e-08,3.28993870e-07,5.70949278e-05,7.99328990e-04,7.10746938e-08,1.06612041e-06,5.26406332e-13,7.36968865e-12,7.15228403e-09,1.07284260e-07,3.62073695e-04,5.79317911e-03,1.37748713e-07,2.34172812e-06,6.95659045e-07,1.25218628e-05,2.59914583e-10,4.41854791e-09,5.18930310e-13,9.34074558e-12,7.17611355e-05,1.43522271e-03
5.20945127e-09,4.48099996e-01,4.06599989e+03,1.29401444e-03,7.12940880e-01,7.12940880e-01,6.91379370e-02,2.76551748e-01,1.90120943e-04,2.28145132e-03,2.13184099e-06,2.77139329e-05,2.72794114e-08,3.54632348e-07,5.70944211e-05,7.99321896e-04,6.61715407e-08,9.92573110e-07,6.11634026e-13,8.56287636e-12,7.70946568e-09,1.15641985e-07,3.62073676e-04,5.79317881e-03,1.37735662e-07,2.34150626e-06,6.93358468e-07,1.24804524e-05,2.80163840e-10,4.76278527e-09,5.59228247e-13,1.00661084e-11,7.17611355e-05,1.43522271e-03
5.61530608e-09,4.48099996e-01,4.06599989e+03,1.22138765e-03,7.12940867e-01,7.12940867e-01,6.91379467e-02,2.76551787e-01,1.90126025e-04,2.28151229e-03,2.13180060e-06,2.77134077e-05,2.94053007e-08,3.82268910e-07,5.70938750e-05,7.99314249e-04,6.14237040e-08,9.21355560e-07,7.10660831e-13,9.94925163e-12,8.31005036e-09,1.24650755e-07,3.62073655e-04,5.79317848e-03,1.37721596e-07,2.34126714e-06,6.90887178e-07,1.24359692e-05,3.01990661e-10,5.13384124e-09,6.02644594e-13,1.08476027e-11,7.17611355e-05,1.43522271e-03
6.05277998e-09,4.48099995e-01,4.06599988e+03,1.15286667e-03,7.12940855e-01,7.12940855e-01,6.91379566e-02,2.76551826e-01,1.90130935e-04,2.28157122e-03,2.13175705e-06,2.77128417e-05,3.16968644e-08,4.12059238e-07,5.70932862e-05,7.99306007e-04,5.68635288e-08,8.52952933e-07,8.25720963e-13,1.15600935e-11,8.95741861e-09,1.34361279e-07,3.62073633e-04,5.79317812e-03,1.37706436e-07,2.34100942e-06,6.88233220e-07,1.23881980e-05,3.25517951e-10,5.53380517e-09,6.49418895e-13,1.16895401e-11,7.17611355e-05,1.43522271e-03
6.52433633e-09,4.48099995e-01,4.06599987e+03,1.08905076e-03,7.12940841e-01,7.12940841e-01,6.91379666e-02,2.76551866e-01,1.90135642e-04,2.28162771e-03,2.13171012e-06,2.77122316e-05,3.41670106e-08,4.44171138e-07,5.70926517e-05,7.99297123e-04,5.25215824e-08,7.87823736e-07,9.59410368e-13,1.34317451e-11,9.65521417e-09,1.44828213e-07,3.62073609e-04,5.79317774e-03,1.37690097e-07,2.34073165e-06,6.85383915e-07,1.23369105e-05,3.50878188e-10,5.96492920e-09,6.99808806e-13,1.25965585e-11,7.17611355e-05,1.43522271e-03
7.03263041e-09,4.48099995e-01,4.06599986e+03,1.03049653e-03,7.12940828e-01,7.12940828e-01,6.91379768e-02,2.76551907e-01,1.90140119e-04,2.28168143e-03,2.13165953e-06,2.77115739e-05,3.68296526e-08,4.78785483e-07,5.70919677e-05,7.99287547e-04,4.84257110e-08,7.26385665e-07,1.11474529e-12,1.56064340e-11,1.04073645e-08,1.56110467e-07,3.62073583e-04,5.79317733e-03,1.37672487e-07,2.34043227e-06,6.82325838e-07,1.22818651e-05,3.78214173e-10,6.42964093e-09,7.54091418e-13,1.35736455e-11,7.17611355e-05,1.43522271e-03
7.58052437e-09,4.48099994e-01,4.06599985e+03,9.77701752e-04,7.12940813e-01,7.12940813e-01,6.91379872e-02,2.76551949e-01,1.90144341e-04,2.28173209e-03,2.13160500e-06,2.77108651e-05,3.96997865e-08,5.16097225e-07,5.70912304e-05,7.99277225e-04,4.46000944e-08,6.69001416e-07,1.29523029e-12,1.81332241e-11,1.12181028e-08,1.68271542e-07,3.62073555e-04,5.79317688e-03,1.37653507e-07,2.34010962e-06,6.79044792e-07,1.22228063e-05,4.07679829e-10,6.93055709e-09,8.12564674e-13,1.46261641e-11,7.17611355e-05,1.43522271e-03
8.17110332e-09,4.48099994e-01,4.06599983e+03,9.31090020e-04,7.12940799e-01,7.12940799e-01,6.91379978e-02,2.76551991e-01,1.90148285e-04,2.28177942e-03,2.13154623e-06,2.77101010e-05,4.27935763e-08,5.56316492e-07,5.70904356e-05,7.99266099e-04,4.10643444e-08,6.15965165e-07,1.50493736e-12,2.10691230e-11,1.20919919e-08,1.81379879e-07,3.62073525e-04,5.79317640e-03,1.37633052e-07,2.33976188e-06,6.75525796e-07,1.21594643e-05,4.39441074e-10,7.47049825e-09,8.75548869e-13,1.57598796e-11,7.17611355e-05,1.43522271e-03
8.80769273e-09,4.48099993e-01,4.06599982e+03,8.90997189e-04,7.12940784e-01,7.12940784e-01,6.91380085e-02,2.76552034e-01,1.90151937e-04,2.28182325e-03,2.13148288e-06,2.77092774e-05,4.61284441e-08,5.99669773e-07,5.70895790e-05,7.99254106e-04,3.78327061e-08,5.67490592e-07,1.74859768e-12,2.44803675e-11,1.30339498e-08,1.95509247e-07,3.62073493e-04,5.79317589e-03,1.37611006e-07,2.33938711e-06,6.71753063e-07,1.20915551e-05,4.73676750e-10,8.05250475e-09,9.43388257e-13,1.69809886e-11,7.17611355e-05,1.43522271e-03
9.49387718e-09,4.48099993e-01,4.06599981e+03,8.57660681e-04,7.12940768e-01,7.12940768e-01,6.91380195e-02,2.76552078e-01,1.90155286e-04,2.28186343e-03,2.13141459e-06,2.77083897e-05,4.97231683e-08,6.46401188e-07,5.70886556e-05,7.99241179e-04,3.49134195e-08,5.23701293e-07,2.03170843e-12,2.84439180e-11,1.40492774e-08,2.10739162e-07,3.62073458e-04,5.79317533e-03,1.37587247e-07,2.33898320e-06,6.67710001e-07,1.20187800e-05,5.10579633e-10,8.67985376e-09,1.01645276e-12,1.82961496e-11,7.17611355e-05,1.43522271e-03
1.02335205e-08,4.48099992e-01,4.06599979e+03,8.31212623e-04,7.12940752e-01,7.12940752e-01,6.91380308e-02,2.76552123e-01,1.90158327e-04,2.28189993e-03,2.13134099e-06,2.77074329e-05,5.35979894e-08,6.96773862e-07,5.70876603e-05,7.99227245e-04,3.23082977e-08,4.84624465e-07,2.36065672e-12,3.30491941e-11,1.51436882e-08,2.27155323e-07,3.62073421e-04,5.79317473e-03,1.37561642e-07,2.33854791e-06,6.63379201e-07,1.19408256e-05,5.50357518e-10,9.35607780e-09,1.09513977e-12,1.97125158e-11,7.17611355e-05,1.43522271e-03
1.10307874e-08,4.48099992e-01,4.06599978e+03,8.11677752e-04,7.12940735e-01,7.12940735e-01,6.91380423e-02,2.76552169e-01,1.90161061e-04,2.28193274e-03,2.13126166e-06,2.77064015e-05,5.77747232e-08,7.51071402e-07,5.70865875e-05,7.99212225e-04,3.00125749e-08,4.50188624e-07,2.74286371e-12,3.84000919e-11,1.63233403e-08,2.44850105e-07,3.62073381e-04,5.79317409e-03,1.37534047e-07,2.33807879e-06,6.58742452e-07,1.18573641e-05,5.93234387e-10,1.00849846e-08,1.17987609e-12,2.12377697e-11,7.17611355e-05,1.43522271e-03
1.18901674e-08,4.48099991e-01,4.06599976e+03,7.98976631e-04,7.12940717e-01,7.12940717e-01,6.91380542e-02,2.76552217e-01,1.90163495e-04,2.28196195e-03,2.13117614e-06,2.77052899e-05,6.22768844e-08,8.09599497e-07,5.70854311e-05,7.99196036e-04,2.80150567e-08,4.20225850e-07,3.18695191e-12,4.46173268e-11,1.75948713e-08,2.63923070e-07,3.62073337e-04,5.79317340e-03,1.37504308e-07,2.33757324e-06,6.53780754e-07,1.17680536e-05,6.39451673e-10,1.08706784e-08,1.27111999e-12,2.28801599e-11,7.17611355e-05,1.43522271e-03
1.28164995e-08,4.48099990e-01,4.06599974e+03,7.92934548e-04,7.12940698e-01,7.12940698e-01,6.91380666e-02,2.76552266e-01,1.90165641e-04,2.28198769e-03,2.13108398e-06,2.77040917e-05,6.71298181e-08,8.72687635e-07,5.70841847e-05,7.99178586e-04,2.62985900e-08,3.94478850e-07,3.70293976e-12,5.18411566e-11,1.89654351e-08,2.84481527e-07,3.62073291e-04,5.79317266e-03,1.37472260e-07,2.33702842e-06,6.48474348e-07,1.16725383e-05,6.89269617e-10,1.17175835e-08,1.36936333e-12,2.46485399e-11,7.17611355e-05,1.43522271e-03
1.38149996e-08,4.48099990e-01,4.06599972e+03,7.93295874e-04,7.12940678e-01,7.12940678e-01,6.91380793e-02,2.76552317e-01,1.90167513e-04,2.28201015e-03,2.13098463e-06,2.77028002e-05,7.23608428e-08,9.40690956e-07,5.70828412e-05,7.99159776e-04,2.48408432e-08,3.72612648e-07,4.30246748e-12,6.02345448e-11,2.04427425e-08,3.06641138e-07,3.62073241e-04,5.79317186e-03,1.37437723e-07,2.33644129e-06,6.42802757e-07,1.15704496e-05,7.42968737e-10,1.26304685e-08,1.47513387e-12,2.65524096e-11,7.17611355e-05,1.43522271e-03
1.48912903e-08,4.48099989e-01,4.06599970e+03,7.99743255e-04,7.12940658e-01,7.12940658e-01,6.91380927e-02,2.76552371e-01,1.90169130e-04,2.28202956e-03,2.13087755e-06,2.77014081e-05,7.79994041e-08,1.01399225e-06,5.70813930e-05,7.99139502e-04,2.36153588e-08,3.54230382e-07,4.99905968e-12,6.99868356e-11,2.20351043e-08,3.30526564e-07,3.62073187e-04,5.79317100e-03,1.37400505e-07,2.33580859e-06,6.36744846e-07,1.14614072e-05,8.00851403e-10,1.36144739e-08,1.58899767e-12,2.86019581e-11,7.17611355e-05,1.43522271e-03
1.60514320e-08,4.48099988e-01,4.06599967e+03,8.11920458e-04,7.12940636e-01,7.12940636e-01,6.91381066e-02,2.76552426e-01,1.90170510e-04,2.28204612e-03,2.13076213e-06,2.76999077e-05,8.40772400e-08,1.09300412e-06,5.70798320e-05,7.99117648e-04,2.25928105e-08,3.38892158e-07,5.80843033e-12,8.13180246e-11,2.37514775e-08,3.56272163e-07,3.62073130e-04,5.79317008e-03,1.37360399e-07,2.33512679e-06,6.30278900e-07,1.13450202e-05,8.63243542e-10,1.46751402e-08,1.71156167e-12,3.08081100e-11,7.17611355e-05,1.43522271e-03
1.73019574e-08,4.48099987e-01,4.06599965e+03,8.29457356e-04,7.12940612e-01,7.12940612e-01,6.91381212e-02,2.76552485e-01,1.90171674e-04,2.28206008e-03,2.13063773e-06,2.76982905e-05,9.06285597e-08,1.17817128e-06,5.70781494e-05,7.99094092e-04,2.17423800e-08,3.26135700e-07,6.74883714e-12,9.44837200e-11,2.56015165e-08,3.84022748e-07,3.62073068e-04,5.79316909e-03,1.37317182e-07,2.33439209e-06,6.23382721e-07,1.12208890e-05,9.30496473e-10,1.58184400e-08,1.84347627e-12,3.31825729e-11,7.17611355e-05,1.43522271e-03
1.86499079e-08,4.48099986e-01,4.06599962e+03,8.51995151e-04,7.12940588e-01,7.12940588e-01,6.91381366e-02,2.76552547e-01,1.90172636e-04,2.28207163e-03,2.13050365e-06,2.76965474e-05,9.76902357e-08,1.26997306e-06,5.70763358e-05,7.99068701e-04,2.10331418e-08,3.15497127e-07,7.84149337e-12,1.09780907e-10,2.75956262e-08,4.13934393e-07,3.62073002e-04,5.79316803e-03,1.37270613e-07,2.33360042e-06,6.16033757e-07,1.10886076e-05,1.00298888e-09,1.70508110e-08,1.98543821e-12,3.57378877e-11,7.17611355e-05,1.43522271e-03
2.01028738e-08,4.48099985e-01,4.06599959e+03,8.79209990e-04,7.12940561e-01,7.12940561e-01,6.91381529e-02,2.76552612e-01,1.90173410e-04,2.28208092e-03,2.13035912e-06,2.76946686e-05,1.05302011e-07,1.36892614e-06,5.70743809e-05,7.99041333e-04,2.04353530e-08,3.06530295e-07,9.11104615e-12,1.27554646e-10,2.97450209e-08,4.46175314e-07,3.62072931e-04,5.79316689e-03,1.37220433e-07,2.33274737e-06,6.08209247e-07,1.09477664e-05,1.08112897e-09,1.83791925e-08,2.13819341e-12,3.84874814e-11,7.17611355e-05,1.43522271e-03
2.16690364e-08,4.48099984e-01,4.06599956e+03,9.10833179e-04,7.12940534e-01,7.12940534e-01,6.91381700e-02,2.76552680e-01,1.90174003e-04,2.28208803e-03,2.13020335e-06,2.76926436e-05,1.13506722e-07,1.47558739e-06,5.70722738e-05,7.99011834e-04,1.99215431e-08,2.98823147e-07,1.05861323e-11,1.48205852e-10,3.20617871e-08,4.80926807e-07,3.62072854e-04,5.79316567e-03,1.37166365e-07,2.33182821e-06,5.99886412e-07,1.07979554e-05,1.16535672e-09,1.98110642e-08,2.30254007e-12,4.14457213e-11,7.17611355e-05,1.43522271e-03
2.33572147e-08,4.48099983e-01,4.06599953e+03,9.46666682e-04,7.12940504e-01,7.12940504e-01,6.91381882e-02,2.76552753e-01,1.90174415e-04,2.28209298e-03,2.13003546e-06,2.76904610e-05,1.22350540e-07,1.59055702e-06,5.70700026e-05,7.98980037e-04,1.94673308e-08,2.92009962e-07,1.23000242e-11,1.72200338e-10,3.45589508e-08,5.18384263e-07,3.62072773e-04,5.79316436e-03,1.37108108e-07,2.33083784e-06,5.91042667e-07,1.06387680e-05,1.25614640e-09,2.13544888e-08,2.47933176e-12,4.46279717e-11,7.17611355e-05,1.43522271e-03
2.51769146e-08,4.48099981e-01,4.06599949e+03,9.86593146e-04,7.12940472e-01,7.12940472e-01,6.91382073e-02,2.76552829e-01,1.90174641e-04,2.28209569e-03,2.12985450e-06,2.76881085e-05,1.31883228e-07,1.71448196e-06,5.70675546e-05,7.98945764e-04,1.90519213e-08,2.85778820e-07,1.42913798e-11,2.00079317e-10,3.72505510e-08,5.58758265e-07,3.62072685e-04,5.79316296e-03,1.37045341e-07,2.32977079e-06,5.81655884e-07,1.04698059e-05,1.35400923e-09,2.30181569e-08,2.66948069e-12,4.80506525e-11,7.17611355e-05,1.43522271e-03
2.71383825e-08,4.48099980e-01,4.06599945e+03,1.03058035e-03,7.12940438e-01,7.12940438e-01,6.91382276e-02,2.76552910e-01,1.90174663e-04,2.28209596e-03,2.12965946e-06,2.76855730e-05,1.42158421e-07,1.84805947e-06,5.70649158e-05,7.98908822e-04,1.86582803e-08,2.79874204e-07,1.66051146e-11,2.32471604e-10,4.01517175e-08,6.02275763e-07,3.62072591e-04,5.79316146e-03,1.36977715e-07,2.32862116e-06,5.71704684e-07,1.02906843e-05,1.45949626e-09,2.48114365e-08,2.87396104e-12,5.17312988e-11,7.17611355e-05,1.43522271e-03
2.92526634e-08,4.48099978e-01,4.06599941e+03,1.07868070e-03,7.12940402e-01,7.12940402e-01,6.91382491e-02,2.76552996e-01,1.90174459e-04,2.28209350e-03,2.12944925e-06,2.76828403e-05,1.53233927e-07,1.99204106e-06,5.70620716e-05,7.98869003e-04,1.82730195e-08,2.74095293e-07,1.92934142e-11,2.70107799e-10,4.32787564e-08,6.49181347e-07,3.62072491e-04,5.79315985e-03,1.36904858e-07,2.32738259e-06,5.61168789e-07,1.01010382e-05,1.57320147e-09,2.67444249e-08,3.09381236e-12,5.56886225e-11,7.17611355e-05,1.43522271e-03
3.15316623e-08,4.48099976e-01,4.06599936e+03,1.13102687e-03,7.12940364e-01,7.12940364e-01,6.91382717e-02,2.76553087e-01,1.90173994e-04,2.28208792e-03,2.12922268e-06,2.76798949e-05,1.65172050e-07,2.14723665e-06,5.70590059e-05,7.98826083e-04,1.78860537e-08,2.68290805e-07,2.24169110e-11,3.13836754e-10,4.66492405e-08,6.99738607e-07,3.62072383e-04,5.79315813e-03,1.36826369e-07,2.32604827e-06,5.50029411e-07,9.90052940e-06,1.69576509e-09,2.88280065e-08,3.33014301e-12,5.99425742e-11,7.17611355e-05,1.43522271e-03
3.39882122e-08,4.48099975e-01,4.06599931e+03,1.18782502e-03,7.12940323e-01,7.12940323e-01,6.91382956e-02,2.76553183e-01,1.90173225e-04,2.28207870e-03,2.12897849e-06,2.76767204e-05,1.78039936e-07,2.31451916e-06,5.70557015e-05,7.98779822e-04,1.74901131e-08,2.62351697e-07,2.60460509e-11,3.64644713e-10,5.02821077e-08,7.54231615e-07,3.62072268e-04,5.79315628e-03,1.36741815e-07,2.32461086e-06,5.38269697e-07,9.68885455e-06,1.82787726e-09,3.10739135e-08,3.58413362e-12,6.45144052e-11,7.17611355e-05,1.43522271e-03
3.66361454e-08,4.48099973e-01,4.06599926e+03,1.24934711e-03,7.12940280e-01,7.12940280e-01,6.91383208e-02,2.76553283e-01,1.90172099e-04,2.28206519e-03,2.12871530e-06,2.76732990e-05,1.91909949e-07,2.49482934e-06,5.70521398e-05,7.98729958e-04,1.70801971e-08,2.56202957e-07,3.02626817e-11,4.23677544e-10,5.41977668e-08,8.12966502e-07,3.62072144e-04,5.79315431e-03,1.36650732e-07,2.32306245e-06,5.25875228e-07,9.46575411e-06,1.97028188e-09,3.34947920e-08,3.85704055e-12,6.94267299e-11,7.17611355e-05,1.43522271e-03
3.94903723e-08,4.48099971e-01,4.06599920e+03,1.31592354e-03,7.12940233e-01,7.12940233e-01,6.91383474e-02,2.76553389e-01,1.90170553e-04,2.28204664e-03,2.12843165e-06,2.76696115e-05,2.06860079e-07,2.68918103e-06,5.70483008e-05,7.98676212e-04,1.66530367e-08,2.49795551e-07,3.51618978e-11,4.92266570e-10,5.84182114e-08,8.76273171e-07,3.62072012e-04,5.79315220e-03,1.36552622e-07,2.32139457e-06,5.12834567e-07,9.23102220e-06,2.12378078e-09,3.61042733e-08,4.15019925e-12,7.47035865e-11,7.17611355e-05,1.43522271e-03
4.25669645e-08,4.48099968e-01,4.06599913e+03,1.38793717e-03,7.12940184e-01,7.12940184e-01,6.91383752e-02,2.76553501e-01,1.90168513e-04,2.28202215e-03,2.12812594e-06,2.76656373e-05,2.22974370e-07,2.89866681e-06,5.70441630e-05,7.98618281e-04,1.62066288e-08,2.43099432e-07,4.08541839e-11,5.71958575e-10,6.29671423e-08,9.44507134e-07,3.62071871e-04,5.79314994e-03,1.36446946e-07,2.31959809e-06,4.99139863e-07,8.98451754e-06,2.28923829e-09,3.89170509e-08,4.46502751e-12,8.03704951e-11,7.17611355e-05,1.43522271e-03
4.58832461e-08,4.48099966e-01,4.06599907e+03,1.46581922e-03,7.12940132e-01,7.12940132e-01,6.91384044e-02,2.76553618e-01,1.90165891e-04,2.28199070e-03,2.12779647e-06,2.76613541e-05,2.40343390e-07,3.12446408e-06,5.70397029e-05,7.98555841e-04,1.57398630e-08,2.36097945e-07,4.74679047e-11,6.64550666e-10,6.78700995e-08,1.01805149e-06,3.62071720e-04,5.79314752e-03,1.36333129e-07,2.31766320e-06,4.84787505e-07,8.72617509e-06,2.46758605e-09,4.19489628e-08,4.80302856e-12,8.64545141e-11,7.17611355e-05,1.43522271e-03
4.94578905e-08,4.48099963e-01,4.06599899e+03,1.55004707e-03,7.12940077e-01,7.12940077e-01,6.91384349e-02,2.76553740e-01,1.90162591e-04,2.28195109e-03,2.12744138e-06,2.76567379e-05,2.59064737e-07,3.36784158e-06,5.70348957e-05,7.98488540e-04,1.52522536e-08,2.28783804e-07,5.51521977e-11,7.72130768e-10,7.31546046e-08,1.09731907e-06,3.62071558e-04,5.79314493e-03,1.36210552e-07,2.31557938e-06,4.69778817e-07,8.45601870e-06,2.65982828e-09,4.52170808e-08,5.16579389e-12,9.29842900e-11,7.17611356e-05,1.43522271e-03
5.33110262e-08,4.48099960e-01,4.06599892e+03,1.64114401e-03,7.12940019e-01,7.12940019e-01,6.91384668e-02,2.76553867e-01,1.90158499e-04,2.28190199e-03,2.12705869e-06,2.76517630e-05,2.79243575e-07,3.63016647e-06,5.70297142e-05,7.98415999e-04,1.47437656e-08,2.21156483e-07,6.40803338e-11,8.97124673e-10,7.88503138e-08,1.18275471e-06,3.62071385e-04,5.79314216e-03,1.36078548e-07,2.31333532e-06,4.54120790e-07,8.17417423e-06,2.86704745e-09,4.87398067e-08,5.55500568e-12,9.99901023e-11,7.17611356e-05,1.43522271e-03
5.74643497e-08,4.48099957e-01,4.06599883e+03,1.73968050e-03,7.12939957e-01,7.12939957e-01,6.91384999e-02,2.76554000e-01,1.90153489e-04,2.28184187e-03,2.12664627e-06,2.76464015e-05,3.00993220e-07,3.91291186e-06,5.70241295e-05,7.98337813e-04,1.42147134e-08,2.13220701e-07,7.44536205e-11,1.04235069e-09,8.49891821e-08,1.27483773e-06,3.62071200e-04,5.79313920e-03,1.35936403e-07,2.31091886e-06,4.37826845e-07,7.88088320e-06,3.09041036e-09,5.25369761e-08,5.97243888e-12,1.07503900e-10,7.17611356e-05,1.43522271e-03
6.19412478e-08,4.48099954e-01,4.06599874e+03,1.84627650e-03,7.12939892e-01,7.12939892e-01,6.91385343e-02,2.76554137e-01,1.90147416e-04,2.28176900e-03,2.12620180e-06,2.76406235e-05,3.24435766e-07,4.21766496e-06,5.70181101e-05,7.98253541e-04,1.36657150e-08,2.04985724e-07,8.65059367e-11,1.21108311e-09,9.16056415e-08,1.37408462e-06,3.62071002e-04,5.79313603e-03,1.35783351e-07,2.30831697e-06,4.20917592e-07,7.57651666e-06,3.33117469e-09,5.66299697e-08,6.41996258e-12,1.15559326e-10,7.17611356e-05,1.43522271e-03
6.67669294e-08,4.48099950e-01,4.06599864e+03,1.96160479e-03,7.12939823e-01,7.12939823e-01,6.91385700e-02,2.76554280e-01,1.90140121e-04,2.28168145e-03,2.12572282e-06,2.76343966e-05,3.49702756e-07,4.54613583e-06,5.70116221e-05,7.98162710e-04,1.30976774e-08,1.96465161e-07,1.00509000e-10,1.40712600e-09,9.87367909e-08,1.48105186e-06,3.62070790e-04,5.79313263e-03,1.35618568e-07,2.30551565e-06,4.03421594e-07,7.26158869e-06,3.59069611e-09,6.10418338e-08,6.89954076e-12,1.24191734e-10,7.17611356e-05,1.43522271e-03
7.19685673e-08,4.48099946e-01,4.06599854e+03,2.08639477e-03,7.12939750e-01,7.12939750e-01,6.91386067e-02,2.76554427e-01,1.90131421e-04,2.28157706e-03,2.12520663e-06,2.76276862e-05,3.76935906e-07,4.90016677e-06,5.70046294e-05,7.98064811e-04,1.25118023e-08,1.87677034e-07,1.16778485e-10,1.63489879e-09,1.06422602e-07,1.59633903e-06,3.62070562e-04,5.79312900e-03,1.35441170e-07,2.30249990e-06,3.85376081e-07,6.93676946e-06,3.87043589e-09,6.57974102e-08,7.41323210e-12,1.33438178e-10,7.17611356e-05,1.43522271e-03
7.75754513e-08,4.48099942e-01,4.06599842e+03,2.22143679e-03,7.12939674e-01,7.12939674e-01,6.91386445e-02,2.76554578e-01,1.90121118e-04,2.28145341e-03,2.12465038e-06,2.76204549e-05,4.06287881e-07,5.28174245e-06,5.69970924e-05,7.97959294e-04,1.19095987e-08,1.78643981e-07,1.35681129e-10,1.89953581e-09,1.14706141e-07,1.72059211e-06,3.62070318e-04,5.79312510e-03,1.35250213e-07,2.29925361e-06,3.66827608e-07,6.60289694e-06,4.17196917e-09,7.09234758e-08,7.96318870e-12,1.43337397e-10,7.17611356e-05,1.43522271e-03
8.36191530e-08,4.48099938e-01,4.06599830e+03,2.36758675e-03,7.12939594e-01,7.12939594e-01,6.91386832e-02,2.76554733e-01,1.90108987e-04,2.28130784e-03,2.12405095e-06,2.76126623e-05,4.37923132e-07,5.69300071e-06,5.69889691e-05,7.97845567e-04,1.12928981e-08,1.69393471e-07,1.57642988e-10,2.20700183e-09,1.23633803e-07,1.85450705e-06,3.62070057e-04,5.79312091e-03,1.35044679e-07,2.29575955e-06,3.47832601e-07,6.26098682e-06,4.49699375e-09,7.64488938e-08,8.55165351e-12,1.53929763e-10,7.17611356e-05,1.43522271e-03
9.01337039e-08,4.48099933e-01,4.06599817e+03,2.52577110e-03,7.12939509e-01,7.12939509e-01,6.91387227e-02,2.76554891e-01,1.90094782e-04,2.28113738e-03,2.12340501e-06,2.76042651e-05,4.72018790e-07,6.13624427e-06,5.69802138e-05,7.97722993e-04,1.06638660e-08,1.59957990e-07,1.83159020e-10,2.56422628e-09,1.33255574e-07,1.99883361e-06,3.62069776e-04,5.79311642e-03,1.34823483e-07,2.29199921e-06,3.28457773e-07,5.91223991e-06,4.84733975e-09,8.24047757e-08,9.18095621e-12,1.65257212e-10,7.17611356e-05,1.43522271e-03
9.71557865e-08,4.48099927e-01,4.06599802e+03,2.69699205e-03,7.12939421e-01,7.12939421e-01,6.91387628e-02,2.76555051e-01,1.90078233e-04,2.28093880e-03,2.12270896e-06,2.75952165e-05,5.08765628e-07,6.61395317e-06,5.69707774e-05,7.97590883e-04,1.00250092e-08,1.50375139e-07,2.12804222e-10,2.97925910e-09,1.43625299e-07,2.15437948e-06,3.62069474e-04,5.79311159e-03,1.34585460e-07,2.28795282e-06,3.08780336e-07,5.55804605e-06,5.22497980e-09,8.88246567e-08,9.85350721e-12,1.77363130e-10,7.17611356e-05,1.43522271e-03
1.04724941e-07,4.48099922e-01,4.06599787e+03,2.88233311e-03,7.12939328e-01,7.12939328e-01,6.91388034e-02,2.76555214e-01,1.90059044e-04,2.28070853e-03,2.12195895e-06,2.75854663e-05,5.48369095e-07,7.12879823e-06,5.69606070e-05,7.97448498e-04,9.37917511e-09,1.40687627e-07,2.47246555e-10,3.46145177e-09,1.54800981e-07,2.32201471e-06,3.62069150e-04,5.79310640e-03,1.34329364e-07,2.28359919e-06,2.88887989e-07,5.19998380e-06,5.63204026e-09,9.57446844e-08,1.05717895e-11,1.90292211e-10,7.17611357e-05,1.43522271e-03
1.12883789e-07,4.48099916e-01,4.06599771e+03,3.08296485e-03,7.12939231e-01,7.12939231e-01,6.91388443e-02,2.76555377e-01,1.90036891e-04,2.28044270e-03,2.12115080e-06,2.75749604e-05,5.91050418e-07,7.68365544e-06,5.69496457e-05,7.97295040e-04,8.72954125e-09,1.30943119e-07,2.87261965e-10,4.02166750e-09,1.66845100e-07,2.50267650e-06,3.62068800e-04,5.79310080e-03,1.34053862e-07,2.27891565e-06,2.68878606e-07,4.83981491e-06,6.07081309e-09,1.03203823e-07,1.13383481e-11,2.04090265e-10,7.17611357e-05,1.43522271e-03
1.21678272e-07,4.48099909e-01,4.06599753e+03,3.30015107e-03,7.12939130e-01,7.12939130e-01,6.91388852e-02,2.76555541e-01,1.90011426e-04,2.28013712e-03,2.12028003e-06,2.75636404e-05,6.37047796e-07,8.28162134e-06,5.69378320e-05,7.97129648e-04,8.07959481e-09,1.21193922e-07,3.33751808e-10,4.67252532e-09,1.79824954e-07,2.69737431e-06,3.62068423e-04,5.79309476e-03,1.33757529e-07,2.27387799e-06,2.48859597e-07,4.47947274e-06,6.54376883e-09,1.11244070e-07,1.21557761e-11,2.18803970e-10,7.17611357e-05,1.43522271e-03
1.31157910e-07,4.48099902e-01,4.06599733e+03,3.53525512e-03,7.12939024e-01,7.12939024e-01,6.91389259e-02,2.76555704e-01,1.89982272e-04,2.27978726e-03,2.11934183e-06,2.75514438e-05,6.86617663e-07,8.92602962e-06,5.69250999e-05,7.96951398e-04,7.43309904e-09,1.11496486e-07,3.87763104e-10,5.42868346e-09,1.93813023e-07,2.90719534e-06,3.62068015e-04,5.79308824e-03,1.33438843e-07,2.26846033e-06,2.28946872e-07,4.12104370e-06,7.05357045e-09,1.19910698e-07,1.30266982e-11,2.34480568e-10,7.17611357e-05,1.43522271e-03
1.41376081e-07,4.48099894e-01,4.06599713e+03,3.78974668e-03,7.12938914e-01,7.12938914e-01,6.91389662e-02,2.76555865e-01,1.89949025e-04,2.27938830e-03,2.11833100e-06,2.75383030e-05,7.40036061e-07,9.62046879e-06,5.69113780e-05,7.96759292e-04,6.79404609e-09,1.01910691e-07,4.50512032e-10,6.30716845e-09,2.08887367e-07,3.13331051e-06,3.62067574e-04,5.79308118e-03,1.33096179e-07,2.26263505e-06,2.09263395e-07,3.76674111e-06,7.60308838e-09,1.29252503e-07,1.39537495e-11,2.51167491e-10,7.17611357e-05,1.43522271e-03
1.52390324e-07,4.48099886e-01,4.06599690e+03,4.06520882e-03,7.12938798e-01,7.12938798e-01,6.91390058e-02,2.76556023e-01,1.89911254e-04,2.27893505e-03,2.11724195e-06,2.75241454e-05,7.97600092e-07,1.03688012e-05,5.68965897e-05,7.96552255e-04,6.16659539e-09,9.24989308e-08,5.23411220e-10,7.32775707e-09,2.25132051e-07,3.37698076e-06,3.62067096e-04,5.79307353e-03,1.32727805e-07,2.25637269e-06,1.89937279e-07,3.41887102e-06,8.19541666e-09,1.39322083e-07,1.49395504e-11,2.68911907e-10,7.17611358e-05,1.43522272e-03
1.64262658e-07,4.48099877e-01,4.06599666e+03,4.36334551e-03,7.12938678e-01,7.12938678e-01,6.91390445e-02,2.76556178e-01,1.89868505e-04,2.27842206e-03,2.11606869e-06,2.75088930e-05,8.59629486e-07,1.11751833e-05,5.68806521e-05,7.96329130e-04,5.55499734e-09,8.33249601e-08,6.08101418e-10,8.51341985e-09,2.42637594e-07,3.63956391e-06,3.62066577e-04,5.79306523e-03,1.32331874e-07,2.24964186e-06,1.71099442e-07,3.07978996e-06,8.83389033e-09,1.50176136e-07,1.59866765e-11,2.87760176e-10,7.17611358e-05,1.43522272e-03
1.77059935e-07,4.48099868e-01,4.06599640e+03,4.68598956e-03,7.12938553e-01,7.12938553e-01,6.91390819e-02,2.76556328e-01,1.89820296e-04,2.27784355e-03,2.11480476e-06,2.74924619e-05,9.26468269e-07,1.20440875e-05,5.68634764e-05,7.96088670e-04,4.96350276e-09,7.44525414e-08,7.06488269e-10,9.89083576e-09,2.61501465e-07,3.92252197e-06,3.62066012e-04,5.79305620e-03,1.31906420e-07,2.24240914e-06,1.52880813e-07,2.75185463e-06,9.52210425e-09,1.61875772e-07,1.70976228e-11,3.07757210e-10,7.17611358e-05,1.43522272e-03
1.90854214e-07,4.48099857e-01,4.06599612e+03,5.03511118e-03,7.12938422e-01,7.12938422e-01,6.91391178e-02,2.76556471e-01,1.89766123e-04,2.27719348e-03,2.11344320e-06,2.74747616e-05,9.98486559e-07,1.29803253e-05,5.68449666e-05,7.95829533e-04,4.39626001e-09,6.59439002e-08,8.20784982e-10,1.14909897e-08,2.81828599e-07,4.22742899e-06,3.62065398e-04,5.79304637e-03,1.31449351e-07,2.23463898e-06,1.35409166e-07,2.43736498e-06,1.02639333e-08,1.74486866e-07,1.82747621e-11,3.28945717e-10,7.17611358e-05,1.43522272e-03
2.05723170e-07,4.48099846e-01,4.06599582e+03,5.41282715e-03,7.12938286e-01,7.12938286e-01,6.91391521e-02,2.76556608e-01,1.89705463e-04,2.27646555e-03,2.11197654e-06,2.74556951e-05,1.07608248e-06,1.39890722e-05,5.68250194e-05,7.95550272e-04,3.85720210e-09,5.78580315e-08,9.53561858e-10,1.33498660e-08,3.03731967e-07,4.55597951e-06,3.62064729e-04,5.79303566e-03,1.30958448e-07,2.22629361e-06,1.18805640e-07,2.13850153e-06,1.10635541e-08,1.88080420e-07,1.95202959e-11,3.51365327e-10,7.17611359e-05,1.43522272e-03
2.21750528e-07,4.48099834e-01,4.06599549e+03,5.82141090e-03,7.12938144e-01,7.12938144e-01,6.91391844e-02,2.76556737e-01,1.89637768e-04,2.27565322e-03,2.11039677e-06,2.74351580e-05,1.15968419e-06,1.50758945e-05,5.68035236e-05,7.95249331e-04,3.34992779e-09,5.02489169e-08,1.10780377e-09,1.55092527e-08,3.27333173e-07,4.90999759e-06,3.62063998e-04,5.79302397e-03,1.30431352e-07,2.21733299e-06,1.03181083e-07,1.85725950e-06,1.19254688e-08,2.02732970e-07,2.08361990e-11,3.75051582e-10,7.17611359e-05,1.43522272e-03
2.39026535e-07,4.48099821e-01,4.06599514e+03,6.26330345e-03,7.12937995e-01,7.12937995e-01,6.91392145e-02,2.76556858e-01,1.89562477e-04,2.27474972e-03,2.10869524e-06,2.74130381e-05,1.24975210e-06,1.62467773e-05,5.67803595e-05,7.94925032e-04,2.87758204e-09,4.31637306e-08,1.28697682e-09,1.80176755e-08,3.52763100e-07,5.29144650e-06,3.62063200e-04,5.79301120e-03,1.29865568e-07,2.20771466e-06,8.86323612e-08,1.59538250e-06,1.28545301e-08,2.18527011e-07,2.22241547e-11,4.00034785e-10,7.17611359e-05,1.43522272e-03
2.57648471e-07,4.48099808e-01,4.06599476e+03,6.74112566e-03,7.12937840e-01,7.12937840e-01,6.91392424e-02,2.76556970e-01,1.89479007e-04,2.27374809e-03,2.10686269e-06,2.73892149e-05,1.34678120e-06,1.75081555e-05,5.67553980e-05,7.94575572e-04,2.44274156e-09,3.66411234e-08,1.49510578e-09,2.09314809e-08,3.80162607e-07,5.70243910e-06,3.62062328e-04,5.79299725e-03,1.29258454e-07,2.19739371e-06,7.52388403e-08,1.35429913e-06,1.38559687e-08,2.35551467e-07,2.36854827e-11,4.26338688e-10,7.17611360e-05,1.43522272e-03
2.77721193e-07,4.48099793e-01,4.06599435e+03,7.25769177e-03,7.12937677e-01,7.12937677e-01,6.91392678e-02,2.76557071e-01,1.89386763e-04,2.27264116e-03,2.10488915e-06,2.73635589e-05,1.45130351e-06,1.88669456e-05,5.67285004e-05,7.94199005e-04,2.04731298e-09,3.07096947e-08,1.73686374e-09,2.43160924e-08,4.09683263e-07,6.14524894e-06,3.62061375e-04,5.79298200e-03,1.28607219e-07,2.18632273e-06,6.30592460e-08,1.13506643e-06,1.49354227e-08,2.53902186e-07,2.52210569e-11,4.53979025e-10,7.17611360e-05,1.43522272e-03
2.99357729e-07,4.48099776e-01,4.06599391e+03,7.81602468e-03,7.12937506e-01,7.12937506e-01,6.91392908e-02,2.76557163e-01,1.89285131e-04,2.27142157e-03,2.10276393e-06,2.73359311e-05,1.56389079e-06,2.03305803e-05,5.66995172e-05,7.93793241e-04,1.69245069e-09,2.53867604e-08,2.01767633e-09,2.82474686e-08,4.41488145e-07,6.62232218e-06,3.62060332e-04,5.79296532e-03,1.27908923e-07,2.17445169e-06,5.21291349e-08,9.38324428e-07,1.60989694e-08,2.73682480e-07,2.68312148e-11,4.82961867e-10,7.17611360e-05,1.43522272e-03
3.22679912e-07,4.48099759e-01,4.06599344e+03,8.41937302e-03,7.12937326e-01,7.12937326e-01,6.91393112e-02,2.76557245e-01,1.89173479e-04,2.27008174e-03,2.10047555e-06,2.73061821e-05,1.68515738e-06,2.19070459e-05,5.66682876e-05,7.93356026e-04,1.37850198e-09,2.06775297e-08,2.34384237e-09,3.28137932e-08,4.75752683e-07,7.13629025e-06,3.62059193e-04,5.79294709e-03,1.27160471e-07,2.16172800e-06,4.24592033e-08,7.64265659e-07,1.73531595e-08,2.95003712e-07,2.85156565e-11,5.13281817e-10,7.17611360e-05,1.43522272e-03
3.47819065e-07,4.48099740e-01,4.06599293e+03,9.07123042e-03,7.12937136e-01,7.12937136e-01,6.91393292e-02,2.76557317e-01,1.89051154e-04,2.26861385e-03,2.09801167e-06,2.72741517e-05,1.81576314e-06,2.36049209e-05,5.66346384e-05,7.92884938e-04,1.10498554e-09,1.65747831e-08,2.72267394e-09,3.81174351e-08,5.12665567e-07,7.68998351e-06,3.62057948e-04,5.79292718e-03,1.26358613e-07,2.14809642e-06,3.40346266e-08,6.12623278e-07,1.87050539e-08,3.17985916e-07,3.02733346e-11,5.44920023e-10,7.17611361e-05,1.43522272e-03
3.74916744e-07,4.48099720e-01,4.06599238e+03,9.77535702e-03,7.12936935e-01,7.12936935e-01,6.91393448e-02,2.76557379e-01,1.88917481e-04,2.26700978e-03,2.09535908e-06,2.72396680e-05,1.95641674e-06,2.54334176e-05,5.65983835e-05,7.92377369e-04,8.70608282e-10,1.30591242e-08,3.16265866e-09,4.42772213e-08,5.52429713e-07,8.28644570e-06,3.62056590e-04,5.79290543e-03,1.25499947e-07,2.13349909e-06,2.68155760e-08,4.82680368e-07,2.01622631e-08,3.42758474e-07,3.21023355e-11,5.77842040e-10,7.17611361e-05,1.43522272e-03
4.04125533e-07,4.48099698e-01,4.06599178e+03,1.05358036e-02,7.12936722e-01,7.12936722e-01,6.91393581e-02,2.76557433e-01,1.88771755e-04,2.26526106e-03,2.09250359e-06,2.72025467e-05,2.10787901e-06,2.74024271e-05,5.65593222e-05,7.91830511e-04,6.73322332e-10,1.00998350e-08,3.67364795e-09,5.14310713e-08,5.95263296e-07,8.92894944e-06,3.62055107e-04,5.79288172e-03,1.24580918e-07,2.11787561e-06,2.07389749e-08,3.73301549e-07,2.17329909e-08,3.69460846e-07,3.39997519e-11,6.11995534e-10,7.17611361e-05,1.43522272e-03
4.35609903e-07,4.48099675e-01,4.06599114e+03,1.13569385e-02,7.12936496e-01,7.12936496e-01,6.91393694e-02,2.76557478e-01,1.88613232e-04,2.26335878e-03,2.08943000e-06,2.71625900e-05,2.27096656e-06,2.95225653e-05,5.65172391e-05,7.91241347e-04,5.10421412e-10,7.65632118e-09,4.26707509e-09,5.97390512e-08,6.41400851e-07,9.62101276e-06,3.62053492e-04,5.79285588e-03,1.23597828e-07,2.10116307e-06,1.57214671e-08,2.82986408e-07,2.34260796e-08,3.98243353e-07,3.59615486e-11,6.47307875e-10,7.17611361e-05,1.43522272e-03
4.69547138e-07,4.48099649e-01,4.06599045e+03,1.22434770e-02,7.12936255e-01,7.12936255e-01,6.91393788e-02,2.76557515e-01,1.88441125e-04,2.26129350e-03,2.08612201e-06,2.71195862e-05,2.44655562e-06,3.18052230e-05,5.64719022e-05,7.90606630e-04,3.78671879e-10,5.68007818e-09,4.95620799e-09,6.93869118e-08,6.91094443e-07,1.03664166e-05,3.62051735e-04,5.79282776e-03,1.22546834e-07,2.08329617e-06,1.16634529e-08,2.09942153e-07,2.52510603e-08,4.29268025e-07,3.79824240e-11,6.83683631e-10,7.17611361e-05,1.43522272e-03
5.06128335e-07,4.48099622e-01,4.06598971e+03,1.32005137e-02,7.12935998e-01,7.12935998e-01,6.91393865e-02,2.76557546e-01,1.88254593e-04,2.25905512e-03,2.08256218e-06,2.70733083e-05,2.63558600e-06,3.42626180e-05,5.64230620e-05,7.89922868e-04,2.74470343e-10,4.11705514e-09,5.75644206e-09,8.05901889e-08,7.44614918e-07,1.11692238e-05,3.62049825e-04,5.79279720e-03,1.21423967e-07,2.06420744e-06,8.45394432e-09,1.52170998e-07,2.72182062e-08,4.62709505e-07,4.00556685e-11,7.21002034e-10,7.17611361e-05,1.43522272e-03
5.45559478e-07,4.48099593e-01,4.06598891e+03,1.42335581e-02,7.12935723e-01,7.12935723e-01,6.91393928e-02,2.76557571e-01,1.88052732e-04,2.25663278e-03,2.07873181e-06,2.70235135e-05,2.83906542e-06,3.69078504e-05,5.63704504e-05,7.89186305e-04,1.94016659e-10,2.91024988e-09,6.68563944e-09,9.35989522e-08,8.02253222e-07,1.20337983e-05,3.62047752e-04,5.79276403e-03,1.20225142e-07,2.04382742e-06,5.97589292e-09,1.07566072e-07,2.93385907e-08,4.98756043e-07,4.21730253e-11,7.59114455e-10,7.17611361e-05,1.43522272e-03
5.88062599e-07,4.48099561e-01,4.06598804e+03,1.53485726e-02,7.12935428e-01,7.12935428e-01,6.91393979e-02,2.76557592e-01,1.87834561e-04,2.25401473e-03,2.07461092e-06,2.69699420e-05,3.05807388e-06,3.97549605e-05,5.63137791e-05,7.88392907e-04,1.33489030e-10,2.00233544e-09,7.76452183e-09,1.08703306e-07,8.64321813e-07,1.29648272e-05,3.62045504e-04,5.79272807e-03,1.18946173e-07,2.02208494e-06,4.11158350e-09,7.40085030e-08,3.16241496e-08,5.37610543e-07,4.43245557e-11,7.97842002e-10,7.17611362e-05,1.43522272e-03
6.33877027e-07,4.48099527e-01,4.06598711e+03,1.65520138e-02,7.12935112e-01,7.12935112e-01,6.91394021e-02,2.76557608e-01,1.87599016e-04,2.25118819e-03,2.07017815e-06,2.69123159e-05,3.29376839e-06,4.28189890e-05,5.62527383e-05,7.87538336e-04,8.92073732e-11,1.33811060e-09,9.01712528e-09,1.26239754e-07,9.31156147e-07,1.39673422e-05,3.62043070e-04,5.79268912e-03,1.17582797e-07,1.99890756e-06,2.74766586e-09,4.94579855e-08,3.40877478e-08,5.79491712e-07,4.64985169e-11,8.36973305e-10,7.17611362e-05,1.43522272e-03
6.83260739e-07,4.48099490e-01,4.06598611e+03,1.78508764e-02,7.12934773e-01,7.12934773e-01,6.91394056e-02,2.76557622e-01,1.87344938e-04,2.24813925e-03,2.06541064e-06,2.68503383e-05,3.54738777e-06,4.61160410e-05,5.61869952e-05,7.86617932e-04,5.77722165e-11,8.66583247e-10,1.04713267e-08,1.46598574e-07,1.00311626e-06,1.50467439e-05,3.62040437e-04,5.79264700e-03,1.16130703e-07,1.97422194e-06,1.77943283e-09,3.20297910e-08,3.67432522e-08,6.24635287e-07,4.86812571e-11,8.76262628e-10,7.17611362e-05,1.43522272e-03
7.36491807e-07,4.48099450e-01,4.06598503e+03,1.92527406e-02,7.12934409e-01,7.12934409e-01,6.91394085e-02,2.76557634e-01,1.87071063e-04,2.24485276e-03,2.06028400e-06,2.67836921e-05,3.82025778e-06,4.96633512e-05,5.61161921e-05,7.85626690e-04,3.61691416e-11,5.42537123e-10,1.21594530e-08,1.70232342e-07,1.08058842e-06,1.62088263e-05,3.62037592e-04,5.79260147e-03,1.14585558e-07,1.94795448e-06,1.11403736e-09,2.00526725e-08,3.96056094e-08,6.73295359e-07,5.08571361e-11,9.15428450e-10,7.17611362e-05,1.43522272e-03
7.93869969e-07,4.48099407e-01,4.06598386e+03,2.07658225e-02,7.12934017e-01,7.12934017e-01,6.91394112e-02,2.76557645e-01,1.86776019e-04,2.24131223e-03,2.05477223e-06,2.67120390e-05,4.11379633e-06,5.34793522e-05,5.60399452e-05,7.84559233e-04,2.18330037e-11,3.27495056e-10,1.41189856e-08,1.97665798e-07,1.16398691e-06,1.74598037e-05,3.62034518e-04,5.79255229e-03,1.12943053e-07,1.92003190e-06,6.72470478e-10,1.21044686e-08,4.26909297e-08,7.25745805e-07,5.30084806e-11,9.54152652e-10,7.17611362e-05,1.43522272e-03
8.55718314e-07,4.48099361e-01,4.06598260e+03,2.23990289e-02,7.12933596e-01,7.12933596e-01,6.91394135e-02,2.76557654e-01,1.86458312e-04,2.23749975e-03,2.04884757e-06,2.66350184e-05,4.42951888e-06,5.75837454e-05,5.59578424e-05,7.83409793e-04,1.26710131e-11,1.90065196e-10,1.63933751e-08,2.29507251e-07,1.25375585e-06,1.88063378e-05,3.62031201e-04,5.79249922e-03,1.11198945e-07,1.89038207e-06,3.90272206e-10,7.02489971e-09,4.60165779e-08,7.82281825e-07,5.51155839e-11,9.92080510e-10,7.17611362e-05,1.43522272e-03
9.22385104e-07,4.48099311e-01,4.06598125e+03,2.41620156e-02,7.12933143e-01,7.12933143e-01,6.91394158e-02,2.76557663e-01,1.86116325e-04,2.23339590e-03,2.04248048e-06,2.65522462e-05,4.76904403e-06,6.19975724e-05,5.58694414e-05,7.82172179e-04,7.04860227e-12,1.05729034e-10,1.90329832e-08,2.66461764e-07,1.35037114e-06,2.02555671e-05,3.62027622e-04,5.79244195e-03,1.09349113e-07,1.85893492e-06,2.17096298e-10,3.90773337e-09,4.96012705e-08,8.43221599e-07,5.71567592e-11,1.02882167e-09,7.17611362e-05,1.43522272e-03
9.94245730e-07,4.48099257e-01,4.06597979e+03,2.60652512e-02,7.12932655e-01,7.12932655e-01,6.91394181e-02,2.76557672e-01,1.85748311e-04,2.22897974e-03,2.03563952e-06,2.64633137e-05,5.13409917e-06,6.67432892e-05,5.57742679e-05,7.80839750e-04,3.74591925e-12,5.61887888e-11,2.20961705e-08,3.09346387e-07,1.45434250e-06,2.18151374e-05,3.62023762e-04,5.79238019e-03,1.07389616e-07,1.82562347e-06,1.15370140e-10,2.07666253e-09,5.34651812e-08,9.08908080e-07,5.91084601e-11,1.06395228e-09,7.17611362e-05,1.43522272e-03
1.07170483e-06,4.48099200e-01,4.06597821e+03,2.81200856e-02,7.12932130e-01,7.12932130e-01,6.91394203e-02,2.76557681e-01,1.85352388e-04,2.22422866e-03,2.02829127e-06,2.63677865e-05,5.52652625e-06,7.18448412e-05,5.56718134e-05,7.79405387e-04,1.89514089e-12,2.84271134e-11,2.56505531e-08,3.59107743e-07,1.56621556e-06,2.34932334e-05,3.62019600e-04,5.79231359e-03,1.05316770e-07,1.79038509e-06,5.83639559e-11,1.05055121e-09,5.76300540e-08,9.79710917e-07,6.09454757e-11,1.09701856e-09,7.17611362e-05,1.43522272e-03
1.15519857e-06,4.48099137e-01,4.06597651e+03,3.03388261e-02,7.12931566e-01,7.12931566e-01,6.91394227e-02,2.76557691e-01,1.84926534e-04,2.21911841e-03,2.02040026e-06,2.62652033e-05,5.94828750e-06,7.73277375e-05,5.55615329e-05,7.77861461e-04,9.09307565e-13,1.36396135e-11,2.97744528e-08,4.16842339e-07,1.68657410e-06,2.52986115e-05,3.62015112e-04,5.79224179e-03,1.03127224e-07,1.75316281e-06,2.79988359e-11,5.03979047e-10,6.21193255e-08,1.05602853e-06,6.26412133e-11,1.12754184e-09,7.17611362e-05,1.43522272e-03
1.24519708e-06,4.48099070e-01,4.06597469e+03,3.27348192e-02,7.12930958e-01,7.12930958e-01,6.91394251e-02,2.76557700e-01,1.84468582e-04,2.21362298e-03,2.01192888e-06,2.61550754e-05,6.40147126e-06,8.32191264e-05,5.54428430e-05,7.76199802e-04,4.12132034e-13,6.18198051e-12,3.45585703e-08,4.83819984e-07,1.81604230e-06,2.72406344e-05,3.62010275e-04,5.79216439e-03,1.00818054e-07,1.71390691e-06,1.26847830e-11,2.28326094e-10,6.69582566e-08,1.13829036e-06,6.41680741e-11,1.15502533e-09,7.17611362e-05,1.43522272e-03
1.34220715e-06,4.48098998e-01,4.06597271e+03,3.53225407e-02,7.12930305e-01,7.12930305e-01,6.91394277e-02,2.76557711e-01,1.83976214e-04,2.20771456e-03,2.00283732e-06,2.60368852e-05,6.88829757e-06,8.95478684e-05,5.53151188e-05,7.74411663e-04,1.75739289e-13,2.63608933e-12,4.01079145e-08,5.61510803e-07,1.95528707e-06,2.93293061e-05,3.62005060e-04,5.79208096e-03,9.83868602e-08,1.67257662e-06,5.40303596e-12,9.72546473e-11,7.21740740e-08,1.22695926e-06,6.54979299e-11,1.17896274e-09,7.17611362e-05,1.43522272e-03
1.44677502e-06,4.48098920e-01,4.06597059e+03,3.81176949e-02,7.12929602e-01,7.12929602e-01,6.91394303e-02,2.76557721e-01,1.83446954e-04,2.20136345e-03,1.99308349e-06,2.59100854e-05,7.41112363e-06,9.63446071e-05,5.51776921e-05,7.72487689e-04,7.02555885e-14,1.05383383e-12,4.65440254e-08,6.51616356e-07,2.10502051e-06,3.15753077e-05,3.61999439e-04,5.79199102e-03,9.58318821e-08,1.62914200e-06,2.15336456e-12,3.87605621e-11,7.77961236e-08,1.32253410e-06,6.66027004e-11,1.19884861e-09,7.17611362e-05,1.43522272e-03
1.55948950e-06,4.48098835e-01,4.06596830e+03,4.11373221e-02,7.12928846e-01,7.12928846e-01,6.91394332e-02,2.76557733e-01,1.82878167e-04,2.19453800e-03,1.98262300e-06,2.57740990e-05,7.97244899e-06,1.03641837e-04,5.50298487e-05,7.70417882e-04,2.63029607e-14,3.94544410e-13,5.40075342e-08,7.56105479e-07,2.26600231e-06,3.39900346e-05,3.61993380e-04,5.79189408e-03,9.31521155e-08,1.58358596e-06,7.98863843e-13,1.43795492e-11,8.38560346e-08,1.42555259e-06,6.74550294e-11,1.21419053e-09,7.17611362e-05,1.43522272e-03
1.68098528e-06,4.48098745e-01,4.06596583e+03,4.43999168e-02,7.12928033e-01,7.12928033e-01,6.91394361e-02,2.76557744e-01,1.82267042e-04,2.18720450e-03,1.97140907e-06,2.56283179e-05,8.57492029e-06,1.11473964e-04,5.48708258e-05,7.68191561e-04,9.29801321e-15,1.39470198e-13,6.26611085e-08,8.77255520e-07,2.43904224e-06,3.65856336e-05,3.61986850e-04,5.79178959e-03,9.03474435e-08,1.53590654e-06,2.74333597e-13,4.93800474e-12,9.03878974e-08,1.53659426e-06,6.80290482e-11,1.22452287e-09,7.17611362e-05,1.43522272e-03
1.81194647e-06,4.48098647e-01,4.06596316e+03,4.79255567e-02,7.12927160e-01,7.12927160e-01,6.91394392e-02,2.76557757e-01,1.81610595e-04,2.17932714e-03,1.95939256e-06,2.54721033e-05,9.22133541e-06,1.19877360e-04,5.46998091e-05,7.65797328e-04,3.23172257e-15,4.84758385e-14,7.26928394e-08,1.01769975e-06,2.62500265e-06,3.93750397e-05,3.61979810e-04,5.79167696e-03,8.74187729e-08,1.48611914e-06,8.66809042e-14,1.56025627e-12,9.74284545e-08,1.65628373e-06,6.83012111e-11,1.22942180e-09,7.17611362e-05,1.43522272e-03
1.95311051e-06,4.48098541e-01,4.06596029e+03,5.17360423e-02,7.12926220e-01,7.12926220e-01,6.91394424e-02,2.76557769e-01,1.80905656e-04,2.17086787e-03,1.94652195e-06,2.53047854e-05,9.91464688e-06,1.28890409e-04,5.45159309e-05,7.63223033e-04,1.25793781e-15,1.88690671e-14,8.43201319e-08,1.18048185e-06,2.82480090e-06,4.23720135e-05,3.61972223e-04,5.79155556e-03,8.43681770e-08,1.43425901e-06,2.50375416e-14,4.50675749e-13,1.05017307e-07,1.78529422e-06,6.82511762e-11,1.22852117e-09,7.17611362e-05,1.43522272e-03
2.10527227e-06,4.48098428e-01,4.06595720e+03,5.58550497e-02,7.12925211e-01,7.12925211e-01,6.91394457e-02,2.76557783e-01,1.80148863e-04,2.16178636e-03,1.93274335e-06,2.51256635e-05,1.06579644e-05,1.38553537e-04,5.43182669e-05,7.60455736e-04,6.87205244e-16,1.03080787e-14,9.77941707e-08,1.36911839e-06,3.03941179e-06,4.55911769e-05,3.61964044e-04,5.79142471e-03,8.11990408e-08,1.38038369e-06,6.56536064e-15,1.18176492e-13,1.13197136e-07,1.92435132e-06,6.78626988e-11,1.22152858e-09,7.17611362e-05,1.43522272e-03
2.26928856e-06,4.48098305e-01,4.06595387e+03,6.03082954e-02,7.12924127e-01,7.12924127e-01,6.91394492e-02,2.76557797e-01,1.79336660e-04,2.15203992e-03,1.91800057e-06,2.49340074e-05,1.14545560e-05,1.48909228e-04,5.41058338e-05,7.57481673e-04,5.54856836e-16,8.32285255e-15,1.13405040e-07,1.58767056e-06,3.26986987e-06,4.90480481e-05,3.61955229e-04,5.79128367e-03,7.79162059e-08,1.32457550e-06,1.55132576e-15,2.79238636e-14,1.22013943e-07,2.07423703e-06,6.71244958e-11,1.20824092e-09,7.17611362e-05,1.43522272e-03
2.44608294e-06,4.48098173e-01,4.06595027e+03,6.51237145e-02,7.12922962e-01,7.12922962e-01,6.91394528e-02,2.76557811e-01,1.78465285e-04,2.14158342e-03,1.90223521e-06,2.47290578e-05,1.23078480e-05,1.60002025e-04,5.38775871e-05,7.54286220e-04,5.47023001e-16,8.20534502e-15,1.31487587e-07,1.84082621e-06,3.51727156e-06,5.27590734e-05,3.61945727e-04,5.79113164e-03,7.45261105e-08,1.26694388e-06,3.27837469e-16,5.90107445e-15,1.31517305e-07,2.23579419e-06,6.60310338e-11,1.18855861e-09,7.17611362e-05,1.43522272e-03
2.63665090e-06,4.48098031e-01,4.06594640e+03,7.03316523e-02,7.12921712e-01,7.12921712e-01,6.91394564e-02,2.76557826e-01,1.77530769e-04,2.13036922e-03,1.88538681e-06,2.45100285e-05,1.32214229e-05,1.71878497e-04,5.36324190e-05,7.50853866e-04,5.71710701e-16,8.57566052e-15,1.52428129e-07,2.13399381e-06,3.78277717e-06,5.67416575e-05,3.61935486e-04,5.79096777e-03,7.10369191e-08,1.20762763e-06,6.16293120e-17,1.10932762e-15,1.41760657e-07,2.40993116e-06,6.45831888e-11,1.16249740e-09,7.17611362e-05,1.43522272e-03
2.84206552e-06,4.48097877e-01,4.06594222e+03,7.59650698e-02,7.12920369e-01,7.12920369e-01,6.91394603e-02,2.76557841e-01,1.76528931e-04,2.11834718e-03,1.86739298e-06,2.42761088e-05,1.41990149e-05,1.84587194e-04,5.33691559e-05,7.47168182e-04,6.04801080e-16,9.07201621e-15,1.76672119e-07,2.47340967e-06,4.06761256e-06,6.10141884e-05,3.61924447e-04,5.79079115e-03,6.74586352e-08,1.14679680e-06,1.04240447e-17,1.87632804e-16,1.52801583e-07,2.59762692e-06,6.27887257e-11,1.13019706e-09,7.17611362e-05,1.43522272e-03
3.06348345e-06,4.48097712e-01,4.06593772e+03,8.20597613e-02,7.12918929e-01,7.12918929e-01,6.91394642e-02,2.76557857e-01,1.75455381e-04,2.10546457e-03,1.84818970e-06,2.40264662e-05,1.52445038e-05,1.98178549e-04,5.30865570e-05,7.43211798e-04,6.40661004e-16,9.60991506e-15,2.04732886e-07,2.86626041e-06,4.37307052e-06,6.55960578e-05,3.61912548e-04,5.79060077e-03,6.38031899e-08,1.08465423e-06,1.78767754e-18,3.21781957e-17,1.64702149e-07,2.79993653e-06,6.06625492e-11,1.09192589e-09,7.17611362e-05,1.43522272e-03
3.30215148e-06,4.48097534e-01,4.06593287e+03,8.86545842e-02,7.12917383e-01,7.12917383e-01,6.91394681e-02,2.76557873e-01,1.74305510e-04,2.09166612e-03,1.82771158e-06,2.37602506e-05,1.63619045e-05,2.12704758e-04,5.27833132e-05,7.38966384e-04,6.78095391e-16,1.01714309e-14,2.37201591e-07,3.32082227e-06,4.70051169e-06,7.05076753e-05,3.61899723e-04,5.79039558e-03,6.00844987e-08,1.02143648e-06,5.10457592e-19,9.18823666e-18,1.77529240e-07,3.01799708e-06,5.82266886e-11,1.04808039e-09,7.17611362e-05,1.43522272e-03
3.55941352e-06,4.48097342e-01,4.06592764e+03,9.57916985e-02,7.12915725e-01,7.12915725e-01,6.91394722e-02,2.76557889e-01,1.73074502e-04,2.07689402e-03,1.80589226e-06,2.34765994e-05,1.75553539e-05,2.28219601e-04,5.24580460e-05,7.34412644e-04,7.16829897e-16,1.07524484e-14,2.74758550e-07,3.84661971e-06,5.05136491e-06,7.57704737e-05,3.61885900e-04,5.79017440e-03,5.63184757e-08,9.57414087e-07,3.31999146e-19,5.97598463e-18,1.91354939e-07,3.25303397e-06,5.55099886e-11,9.99179795e-10,7.17611362e-05,1.43522272e-03
3.83671818e-06,4.48097135e-01,4.06592200e+03,1.03516812e-01,7.12913949e-01,7.12913949e-01,6.91394763e-02,2.76557905e-01,1.71757333e-04,2.06108799e-03,1.78266487e-06,2.31746433e-05,1.88290932e-05,2.44778211e-04,5.21093076e-05,7.29530306e-04,7.56741163e-16,1.13511175e-14,3.18186089e-07,4.45460524e-06,5.42712701e-06,8.14069051e-05,3.61871001e-04,5.78993601e-03,5.25229970e-08,8.92890950e-07,2.92979091e-19,5.27362364e-18,2.06256931e-07,3.50636783e-06,5.25475036e-11,9.45855065e-10,7.17611362e-05,1.43522272e-03
4.13562692e-06,4.48096911e-01,4.06591592e+03,1.11879427e-01,7.12912045e-01,7.12912045e-01,6.91394804e-02,2.76557922e-01,1.70348782e-04,2.04418538e-03,1.75796256e-06,2.28535133e-05,2.01874449e-05,2.62436784e-04,5.17355813e-05,7.24298139e-04,7.97709889e-16,1.19656483e-14,3.68383090e-07,5.15736326e-06,5.82936167e-06,8.74404250e-05,3.61854941e-04,5.78967906e-03,4.87178038e-08,8.28202664e-07,2.68316614e-19,4.82969906e-18,2.22318931e-07,3.77942183e-06,4.93796080e-11,8.88832943e-10,7.17611362e-05,1.43522272e-03
4.45782286e-06,4.48096671e-01,4.06590937e+03,1.20933079e-01,7.12910005e-01,7.12910005e-01,6.91394846e-02,2.76557938e-01,1.68843440e-04,2.02612129e-03,1.73171920e-06,2.25123497e-05,2.16347854e-05,2.81252211e-04,5.13352833e-05,7.18693966e-04,8.39595599e-16,1.25939340e-14,4.26381446e-07,5.96934024e-06,6.25969748e-06,9.38954622e-05,3.61837632e-04,5.78940211e-03,4.49243346e-08,7.63713689e-07,2.44569104e-19,4.40224388e-18,2.39631157e-07,4.07372968e-06,4.60508626e-11,8.28915527e-10,7.17611362e-05,1.43522272e-03
4.80512025e-06,4.48096411e-01,4.06590231e+03,1.30735561e-01,7.12907822e-01,7.12907822e-01,6.91394887e-02,2.76557955e-01,1.67235730e-04,2.00682876e-03,1.70387015e-06,2.21503119e-05,2.31755095e-05,3.01281623e-04,5.09067648e-05,7.12694708e-04,8.82231871e-16,1.32334781e-14,4.93364598e-07,6.90710438e-06,6.71982476e-06,1.00797371e-04,3.61818976e-04,5.78910361e-03,4.11654810e-08,6.99813177e-07,2.20849293e-19,3.97528728e-18,2.58290830e-07,4.39094411e-06,4.26086962e-11,7.66956531e-10,7.17611362e-05,1.43522272e-03
5.17947468e-06,4.48096132e-01,4.06589470e+03,1.41349113e-01,7.12905486e-01,7.12905486e-01,6.91394928e-02,2.76557971e-01,1.65519924e-04,1.98623909e-03,1.67435311e-06,2.17665905e-05,2.48139886e-05,3.22581852e-04,5.04483166e-05,7.06276432e-04,9.25424708e-16,1.38813706e-14,5.70688382e-07,7.98963735e-06,7.21149112e-06,1.08172367e-04,3.61798867e-04,5.78878187e-03,3.74652587e-08,6.36909398e-07,1.97430025e-19,3.55374046e-18,2.78402715e-07,4.73284615e-06,3.91019746e-11,7.03835542e-10,7.17611362e-05,1.43522272e-03
5.58299409e-06,4.48095830e-01,4.06588650e+03,1.52840562e-01,7.12902987e-01,7.12902987e-01,6.91394969e-02,2.76557987e-01,1.63690172e-04,1.96428206e-03,1.64310923e-06,2.13604200e-05,2.65545206e-05,3.45208768e-04,4.99581736e-05,6.99414431e-04,9.68951658e-16,1.45342749e-14,6.59904386e-07,9.23866141e-06,7.73649551e-06,1.16047433e-04,3.61777194e-04,5.78843510e-03,3.38483932e-08,5.75422685e-07,1.74649378e-19,3.14368881e-18,3.00079705e-07,5.10135498e-06,3.55795450e-11,6.40431810e-10,7.17611362e-05,1.43522272e-03
6.01795064e-06,4.48095506e-01,4.06587766e+03,1.65281380e-01,7.12900317e-01,7.12900317e-01,6.91395009e-02,2.76558003e-01,1.61740536e-04,1.94088644e-03,1.61008424e-06,2.09310951e-05,2.84012699e-05,3.69216508e-04,4.94345228e-05,6.92083319e-04,1.01256147e-15,1.51884221e-14,7.62786047e-07,1.06790047e-05,8.29668045e-06,1.24450207e-04,3.61753834e-04,5.78806134e-03,3.03398213e-08,5.15776963e-07,1.52815749e-19,2.75068349e-18,3.23443450e-07,5.49853865e-06,3.20888320e-11,5.77598976e-10,7.17611362e-05,1.43522272e-03
6.48679353e-06,4.48095155e-01,4.06586813e+03,1.78747627e-01,7.12897464e-01,7.12897464e-01,6.91395047e-02,2.76558019e-01,1.59665032e-04,1.91598039e-03,1.57522979e-06,2.04779873e-05,3.03581972e-05,3.94656563e-04,4.88755114e-05,6.84257159e-04,1.05597441e-15,1.58396162e-14,8.81357687e-07,1.23390076e-05,8.89392230e-06,1.33408834e-04,3.61728656e-04,5.78765850e-03,2.69641143e-08,4.58389943e-07,1.32194365e-19,2.37949857e-18,3.48625032e-07,5.92662554e-06,2.86745598e-11,5.16142076e-10,7.17611362e-05,1.43522272e-03
6.99216276e-06,4.48094778e-01,4.06585785e+03,1.93319742e-01,7.12894420e-01,7.12894420e-01,6.91395085e-02,2.76558034e-01,1.57457676e-04,1.88949212e-03,1.53850495e-06,2.00005643e-05,3.24289780e-05,4.21576714e-04,4.82792587e-05,6.75909622e-04,1.09888331e-15,1.64832496e-14,1.01792669e-06,1.42509737e-05,9.53011915e-06,1.42951787e-04,3.61701520e-04,5.78722432e-03,2.37448373e-08,4.03662234e-07,1.13000780e-19,2.03401404e-18,3.75765690e-07,6.38801673e-06,2.53776519e-11,4.56797734e-10,7.17611362e-05,1.43522272e-03
7.53690398e-06,4.48094371e-01,4.06584678e+03,2.09082092e-01,7.12891172e-01,7.12891172e-01,6.91395121e-02,2.76558049e-01,1.55112547e-04,1.86135056e-03,1.49987783e-06,1.94984118e-05,3.46169083e-05,4.50019808e-04,4.76438694e-05,6.67014172e-04,1.14095552e-15,1.71143328e-14,1.17511899e-06,1.64516659e-05,1.02071762e-05,1.53107643e-04,3.61672272e-04,5.78675636e-03,2.07038646e-08,3.51965697e-07,9.53973021e-20,1.71715144e-18,4.05017607e-07,6.88529931e-06,2.22343398e-11,4.00218116e-10,7.17611362e-05,1.43522272e-03
8.12408458e-06,4.48093933e-01,4.06583484e+03,2.26122241e-01,7.12887711e-01,7.12887711e-01,6.91395156e-02,2.76558062e-01,1.52623852e-04,1.83148622e-03,1.45932742e-06,1.89712565e-05,3.69247963e-05,4.80022352e-04,4.69674503e-05,6.57544304e-04,1.18183589e-15,1.77275383e-14,1.35591801e-06,1.89828521e-05,1.09269883e-05,1.63904825e-04,3.61640750e-04,5.78625200e-03,1.78606769e-08,3.03631508e-07,7.94918963e-20,1.43085413e-18,4.36544749e-07,7.42126073e-06,1.92754895e-11,3.46958810e-10,7.17611362e-05,1.43522272e-03
8.75701089e-06,4.48093460e-01,4.06582197e+03,2.44529804e-01,7.12884025e-01,7.12884025e-01,6.91395189e-02,2.76558076e-01,1.49986010e-04,1.79983212e-03,1.41684547e-06,1.84189911e-05,3.93548400e-05,5.11612920e-04,4.62481296e-05,6.47473814e-04,1.22115081e-15,1.83172621e-14,1.56370708e-06,2.18918992e-05,1.16914190e-05,1.75371286e-04,3.61606776e-04,5.78570841e-03,1.52316771e-08,2.58938511e-07,6.53392664e-20,1.17610680e-18,4.70523775e-07,7.99890418e-06,1.65261308e-11,2.97470354e-10,7.17611362e-05,1.43522272e-03
9.43924684e-06,4.48092951e-01,4.06580810e+03,2.64394788e-01,7.12880103e-01,7.12880103e-01,6.91395221e-02,2.76558088e-01,1.47193742e-04,1.76632491e-03,1.37243860e-06,1.78417018e-05,4.19084886e-05,5.44810352e-04,4.54840798e-05,6.36777117e-04,1.25851349e-15,1.88777023e-14,1.80231545e-06,2.52324162e-05,1.25022765e-05,1.87534147e-04,3.61570160e-04,5.78512256e-03,1.28295610e-08,2.18102538e-07,5.29438864e-20,9.52989955e-19,5.07145010e-07,8.62146518e-06,1.40051755e-11,2.52093160e-10,7.17611362e-05,1.43522272e-03
1.01746340e-05,4.48092401e-01,4.06579315e+03,2.85805260e-01,7.12875935e-01,7.12875935e-01,6.91395250e-02,2.76558100e-01,1.44242179e-04,1.73090614e-03,1.32613044e-06,1.72396957e-05,4.45862881e-05,5.79621745e-04,4.46735444e-05,6.25429622e-04,1.29353047e-15,1.94029570e-14,2.07606757e-06,2.90649460e-05,1.33612850e-05,2.00419275e-04,3.61530697e-04,5.78449115e-03,1.06627889e-08,1.81267411e-07,4.22646349e-20,7.60763429e-19,5.46613495e-07,9.29242942e-06,1.17252980e-11,2.11055364e-10,7.17611362e-05,1.43522272e-03
1.09673133e-05,4.48091809e-01,4.06577704e+03,3.08844166e-01,7.12871508e-01,7.12871508e-01,6.91395278e-02,2.76558111e-01,1.41126975e-04,1.69352370e-03,1.27796387e-06,1.66135304e-05,4.73877098e-05,6.16040228e-04,4.38148682e-05,6.13408155e-04,1.32580942e-15,1.98871413e-14,2.38983568e-06,3.34576996e-05,1.42700532e-05,2.14050799e-04,3.61488166e-04,5.78381065e-03,8.73519962e-09,1.48498394e-07,3.32207337e-20,5.97973207e-19,5.89150115e-07,1.00155519e-05,9.69296672e-12,1.74473401e-10,7.17611362e-05,1.43522272e-03
1.18217482e-05,4.48091171e-01,4.06575967e+03,3.33585109e-01,7.12866813e-01,7.12866813e-01,6.91395304e-02,2.76558122e-01,1.37844447e-04,1.65413336e-03,1.22800329e-06,1.59640428e-05,5.03109628e-05,6.54042516e-04,4.29065317e-05,6.00691444e-04,1.35496812e-15,2.03245219e-14,2.74909502e-06,3.84873303e-05,1.52300372e-05,2.28450558e-04,3.61442329e-04,5.78307726e-03,7.04580772e-09,1.19778731e-07,2.56986868e-20,4.62576363e-19,6.34992812e-07,1.07948778e-05,7.90862430e-12,1.42355237e-10,7.17611362e-05,1.43522272e-03
1.27427499e-05,4.48090483e-01,4.06574095e+03,3.60086847e-01,7.12861840e-01,7.12861840e-01,6.91395328e-02,2.76558131e-01,1.34391716e-04,1.61270059e-03,1.17633678e-06,1.52923781e-05,5.33527896e-05,6.93586264e-04,4.19471904e-05,5.87260665e-04,1.38064460e-15,2.07096690e-14,3.15998114e-06,4.42397359e-05,1.62424992e-05,2.43637488e-04,3.61392929e-04,5.78228687e-03,5.58881507e-09,9.50098563e-08,1.95599336e-20,3.52078804e-19,6.84397895e-07,1.16347642e-05,6.36701972e-12,1.14606355e-10,7.17611362e-05,1.43522272e-03
1.37355044e-05,4.48089742e-01,4.06572077e+03,3.88386312e-01,7.12856577e-01,7.12856577e-01,6.91395351e-02,2.76558140e-01,1.30766870e-04,1.56920244e-03,1.12307821e-06,1.46000168e-05,5.65082477e-05,7.34607220e-04,4.09357180e-05,5.73100052e-04,1.40250820e-15,2.10376229e-14,3.62934841e-06,5.08108778e-05,1.73084618e-05,2.59626927e-04,3.61339691e-04,5.78143506e-03,4.35385504e-09,7.40155357e-08,1.46489072e-20,2.63680330e-19,7.37641435e-07,1.25399044e-05,5.05770733e-12,9.10387320e-11,7.17611362e-05,1.43522272e-03
1.48056018e-05,4.48088943e-01,4.06569901e+03,4.18489934e-01,7.12851015e-01,7.12851015e-01,6.91395373e-02,2.76558149e-01,1.26969137e-04,1.52362964e-03,1.06836913e-06,1.38887987e-05,5.97704779e-05,7.77016213e-04,3.98712551e-05,5.58197571e-04,1.42027131e-15,2.13040696e-14,4.16482848e-06,5.83075988e-05,1.84286577e-05,2.76429865e-04,3.61282317e-04,5.78051707e-03,3.32647167e-09,5.65500184e-08,1.08011454e-20,1.94420616e-19,7.95020778e-07,1.35153532e-05,3.96571708e-12,7.13829074e-11,7.17611362e-05,1.43522272e-03
1.59590678e-05,4.48088081e-01,4.06567557e+03,4.50363160e-01,7.12845148e-01,7.12845148e-01,6.91395393e-02,2.76558157e-01,1.22999066e-04,1.47598880e-03,1.01238029e-06,1.31609437e-05,6.31304631e-05,8.20696021e-04,3.87532611e-05,5.42545655e-04,1.43370152e-15,2.15055227e-14,4.77488702e-06,6.68484182e-05,1.96034743e-05,2.94052115e-04,3.61220487e-04,5.77952779e-03,2.48881407e-09,4.23098391e-08,7.85105674e-21,1.41319021e-19,8.56856162e-07,1.45665547e-05,3.07239138e-12,5.53030449e-11,7.17611362e-05,1.43522272e-03
1.72023972e-05,4.48087153e-01,4.06565029e+03,4.83918183e-01,7.12838966e-01,7.12838966e-01,6.91395413e-02,2.76558165e-01,1.18858728e-04,1.42630474e-03,9.55312753e-07,1.24190658e-05,6.65767817e-05,8.65498162e-04,3.75815722e-05,5.26142011e-04,1.44263357e-15,2.16395035e-14,5.46887670e-06,7.65642738e-05,2.08328950e-05,3.12493425e-04,3.61153855e-04,5.77846168e-03,1.82050612e-09,3.09486041e-08,5.63892256e-21,1.01500606e-19,9.23492457e-07,1.56993718e-05,2.35636208e-12,4.24145174e-11,7.17611362e-05,1.43522272e-03
1.85425913e-05,4.48086152e-01,4.06562305e+03,5.19000141e-01,7.12832464e-01,7.12832464e-01,6.91395432e-02,2.76558173e-01,1.14551907e-04,1.37462288e-03,8.97398456e-07,1.16661799e-05,7.00953611e-05,9.11239695e-04,3.63564618e-05,5.08990466e-04,1.44698080e-15,2.17047120e-14,6.25708395e-06,8.75991754e-05,2.21164363e-05,3.31746544e-04,3.61082050e-04,5.77731280e-03,1.29963279e-09,2.20937574e-08,4.01674146e-21,7.23013462e-20,9.95301038e-07,1.69201177e-05,1.79462097e-12,3.23031775e-11,7.17611362e-05,1.43522272e-03
1.99871964e-05,4.48085073e-01,4.06559368e+03,5.55372392e-01,7.12825637e-01,7.12825637e-01,6.91395451e-02,2.76558180e-01,1.10084307e-04,1.32101169e-03,8.38899992e-07,1.09056999e-05,7.36692400e-05,9.57700121e-04,3.50787054e-05,4.91101876e-04,1.44674534e-15,2.17011802e-14,7.15076612e-06,1.00110726e-04,2.34530826e-05,3.51796239e-04,3.61004672e-04,5.77607475e-03,9.03768804e-10,1.53640697e-08,2.85260496e-21,5.13468893e-20,1.07268179e-06,1.82355903e-05,1.36361814e-12,2.45451265e-11,7.17611362e-05,1.43522272e-03
2.15443469e-05,4.48083910e-01,4.06556203e+03,5.92701982e-01,7.12818482e-01,7.12818482e-01,6.91395470e-02,2.76558188e-01,1.05463748e-04,1.26556497e-03,7.80109556e-07,1.01414242e-05,7.72783464e-05,1.00461850e-03,3.37496467e-05,4.72495053e-04,1.44202648e-15,2.16303972e-14,8.16217551e-06,1.14270457e-04,2.48412201e-05,3.72618301e-04,3.60921289e-04,5.77474062e-03,6.10969222e-10,1.03864768e-08,2.03342358e-21,3.66016244e-20,1.15606524e-06,1.96531091e-05,1.04031093e-12,1.87255967e-11,7.17611362e-05,1.43522272e-03
2.32228110e-05,4.48082657e-01,4.06552791e+03,6.30546993e-01,7.12810998e-01,7.12810998e-01,6.91395489e-02,2.76558196e-01,1.00700350e-04,1.20840420e-03,7.21346865e-07,9.37750925e-06,8.08993044e-05,1.05169096e-03,3.23712653e-05,4.53197714e-04,1.43302646e-15,2.14953970e-14,9.30456567e-06,1.30263919e-04,2.62785699e-05,3.94178548e-04,3.60831438e-04,5.77330301e-03,4.00643482e-10,6.81093920e-09,1.46598970e-21,2.63878146e-20,1.24591491e-06,2.11805535e-05,8.03086218e-13,1.44555519e-11,7.17611362e-05,1.43522272e-03
2.50320398e-05,4.48081306e-01,4.06549113e+03,6.68348146e-01,7.12803187e-01,7.12803187e-01,6.91395509e-02,2.76558204e-01,9.58067067e-05,1.14968048e-03,6.62955933e-07,8.61842712e-06,8.45052829e-05,1.09856868e-03,3.09462431e-05,4.33247404e-04,1.42005314e-15,2.13007971e-14,1.05921751e-05,1.48290451e-04,2.77621248e-05,4.16431872e-04,3.60734619e-04,5.77175390e-03,2.54247751e-10,4.32221177e-09,1.07653381e-21,1.93776086e-20,1.34272977e-06,2.28264060e-05,6.32489823e-13,1.13848168e-11,7.17611362e-05,1.43522272e-03
2.69822209e-05,4.48079849e-01,4.06545149e+03,7.05427589e-01,7.12795052e-01,7.12795052e-01,6.91395530e-02,2.76558212e-01,9.07980196e-05,1.08957624e-03,6.05300583e-07,7.86890758e-06,8.80659004e-05,1.14485671e-03,2.94780270e-05,4.12692378e-04,1.40351869e-15,2.10527803e-14,1.20401823e-05,1.68562552e-04,2.92880902e-05,4.39321354e-04,3.60630294e-04,5.77008470e-03,1.55751631e-10,2.64777773e-09,8.09071131e-22,1.45632804e-20,1.44704687e-06,2.45997967e-05,5.11717924e-13,9.21092263e-12,7.17611362e-05,1.43522272e-03
2.90843356e-05,4.48078279e-01,4.06540876e+03,7.40998080e-01,7.12786599e-01,7.12786599e-01,6.91395552e-02,2.76558221e-01,8.56922022e-05,1.02830643e-03,5.48758659e-07,7.13386257e-06,9.15472039e-05,1.19011365e-03,2.79708848e-05,3.91592387e-04,1.38393399e-15,2.07590099e-14,1.36646263e-05,1.91304768e-04,3.08518338e-05,4.62777506e-04,3.60517884e-04,5.76828614e-03,9.18630231e-11,1.56167139e-09,6.22927690e-22,1.12126984e-20,1.55944423e-06,2.65105519e-05,4.26854090e-13,7.68337363e-12,7.17611362e-05,1.43522272e-03
3.13502206e-05,4.48076587e-01,4.06536270e+03,7.74185499e-01,7.12777838e-01,7.12777838e-01,6.91395575e-02,2.76558230e-01,8.05099277e-05,9.66119132e-04,4.93714897e-07,6.41829366e-06,9.49117410e-05,1.23385263e-03,2.64299516e-05,3.70019323e-04,1.36189822e-15,2.04284733e-14,1.54822855e-05,2.16751997e-04,3.24478462e-05,4.86717693e-04,3.60396766e-04,5.76634825e-03,5.20237210e-11,8.84403257e-10,4.89859470e-22,8.81747046e-21,1.68054387e-06,2.85692457e-05,3.66865164e-13,6.60357295e-12,7.17611362e-05,1.43522272e-03
3.37926348e-05,4.48074763e-01,4.06531305e+03,8.04066460e-01,7.12768781e-01,7.12768781e-01,6.91395600e-02,2.76558240e-01,7.52746144e-05,9.03295373e-04,4.40552556e-07,5.72718323e-06,9.81187441e-05,1.27554367e-03,2.48612610e-05,3.48057654e-04,1.33808344e-15,2.00712516e-14,1.75105087e-05,2.45147122e-04,3.40697189e-05,5.11045783e-04,3.60266268e-04,5.76426030e-03,2.82137972e-11,4.79634553e-10,3.91141198e-22,7.04054156e-21,1.81101506e-06,3.07872560e-05,3.23396036e-13,5.82112865e-12,7.17611362e-05,1.43522272e-03
3.64253312e-05,4.48072797e-01,4.06525954e+03,8.29720718e-01,7.12759443e-01,7.12759443e-01,6.91395626e-02,2.76558251e-01,7.00123328e-05,8.40147993e-04,3.89643945e-07,5.06537129e-06,1.01124447e-04,1.31461782e-03,2.32717575e-05,3.25804606e-04,1.31321447e-15,1.96982171e-14,1.97669901e-05,2.76737861e-04,3.57101406e-05,5.35652109e-04,3.60125670e-04,5.76201072e-03,1.46203495e-11,2.48545941e-10,3.14915550e-22,5.66847989e-21,1.95157784e-06,3.31768233e-05,2.90421686e-13,5.22759035e-12,7.17611362e-05,1.43522272e-03
3.92631340e-05,4.48070678e-01,4.06520186e+03,8.50295109e-01,7.12749843e-01,7.12749843e-01,6.91395654e-02,2.76558262e-01,6.47516225e-05,7.77019470e-04,3.41340116e-07,4.43742151e-06,1.03882557e-04,1.35047324e-03,2.16692853e-05,3.03369995e-04,1.28804429e-15,1.93206643e-14,2.22694836e-05,3.11772770e-04,3.73609203e-05,5.60413805e-04,3.59974194e-04,5.75958710e-03,7.23329330e-12,1.22965986e-10,2.53983146e-22,4.57169663e-21,2.10300673e-06,3.57511145e-05,2.63822290e-13,4.74880122e-12,7.17611362e-05,1.43522272e-03
4.23220227e-05,4.48068394e-01,4.06513968e+03,8.65072535e-01,7.12740003e-01,7.12740003e-01,6.91395685e-02,2.76558274e-01,5.95232063e-05,7.14278475e-04,2.95960091e-07,3.84748118e-06,1.06344888e-04,1.38248354e-03,2.00625471e-05,2.80875659e-04,1.26332591e-15,1.89498887e-14,2.50354505e-05,3.50496307e-04,3.90130391e-05,5.85195586e-04,3.59811004e-04,5.75697606e-03,3.42724063e-12,5.82630907e-11,2.04103745e-22,3.67386741e-21,2.26613473e-06,3.85242904e-05,2.40943393e-13,4.33698107e-12,7.17611362e-05,1.43522272e-03
4.56192215e-05,4.48065931e-01,4.06507267e+03,8.73536890e-01,7.12729947e-01,7.12729947e-01,6.91395717e-02,2.76558287e-01,5.43595929e-05,6.52315115e-04,2.53780101e-07,3.29914131e-06,1.08462185e-04,1.41000840e-03,1.84610293e-05,2.58454410e-04,1.23978204e-15,1.85967307e-14,2.80816366e-05,3.93142912e-04,4.06567356e-05,6.09851035e-04,3.59635201e-04,5.75416322e-03,1.57625449e-12,2.67963263e-11,1.62789789e-22,2.93021621e-21,2.44185756e-06,4.15115786e-05,2.20190236e-13,3.96342425e-12,7.17611363e-05,1.43522273e-03
4.91732965e-05,4.48063277e-01,4.06500043e+03,8.75423828e-01,7.12719704e-01,7.12719704e-01,6.91395751e-02,2.76558300e-01,4.92945619e-05,5.91534742e-04,2.15023417e-07,2.79530442e-06,1.10185130e-04,1.43240669e-03,1.68748897e-05,2.36248455e-04,1.21807386e-15,1.82711080e-14,3.14235788e-05,4.39930104e-04,4.22816302e-05,6.34224453e-04,3.59445818e-04,5.75113309e-03,7.31210853e-13,1.24305845e-11,1.28516079e-22,2.31328943e-21,2.63113825e-06,4.47293503e-05,2.00687448e-13,3.61237407e-12,7.17611363e-05,1.43522273e-03
5.30042602e-05,4.48060416e-01,4.06492257e+03,8.70748607e-01,7.12709304e-01,7.12709304e-01,6.91395788e-02,2.76558315e-01,4.43625300e-05,5.32350360e-04,1.79851409e-07,2.33806832e-06,1.11465542e-04,1.44905204e-03,1.53148024e-05,2.14407234e-04,1.19877114e-15,1.79815671e-14,3.50750429e-05,4.91050600e-04,4.38768876e-05,6.58153314e-04,3.59241815e-04,5.74786905e-03,3.71955429e-13,6.32324230e-12,1.00244829e-22,1.80440693e-21,2.83501192e-06,4.81952027e-05,1.82016847e-13,3.27630324e-12,7.17611363e-05,1.43522273e-03
5.71336843e-05,4.48057333e-01,4.06483864e+03,8.59805891e-01,7.12698781e-01,7.12698781e-01,6.91395827e-02,2.76558331e-01,3.95978057e-05,4.75173668e-04,1.48356515e-07,1.92863470e-06,1.12257740e-04,1.45935062e-03,1.37917617e-05,1.93084664e-04,1.18232558e-15,1.77348837e-14,3.90473988e-05,5.46663584e-04,4.54314215e-05,6.81471323e-04,3.59022074e-04,5.74435318e-03,2.32022911e-13,3.94438948e-12,7.71669611e-23,1.38900530e-21,3.05459100e-06,5.19280470e-05,1.64030995e-13,2.95255791e-12,7.17611363e-05,1.43522273e-03
6.15848211e-05,4.48054009e-01,4.06474817e+03,8.43141508e-01,7.12688169e-01,7.12688169e-01,6.91395869e-02,2.76558348e-01,3.50337444e-05,4.20404933e-04,1.20557762e-07,1.56725090e-06,1.12520069e-04,1.46276090e-03,1.23168430e-05,1.72435802e-04,1.16904969e-15,1.75357454e-14,4.33489466e-05,6.06885253e-04,4.69341378e-05,7.04012067e-04,3.58785392e-04,5.74056627e-03,1.84427421e-13,3.13526616e-12,5.85777316e-23,1.05439917e-21,3.29107067e-06,5.59482013e-05,1.46730445e-13,2.64114802e-12,7.17611363e-05,1.43522273e-03
6.63827344e-05,4.48050426e-01,4.06465066e+03,8.21501262e-01,7.12677505e-01,7.12677505e-01,6.91395914e-02,2.76558366e-01,3.07018289e-05,3.68421947e-04,9.63993851e-08,1.25319201e-06,1.12216525e-04,1.45881482e-03,1.09009261e-05,1.52612966e-04,1.15910307e-15,1.73865460e-14,4.79842084e-05,6.71778918e-04,4.83742123e-05,7.25613185e-04,3.58530476e-04,5.73648762e-03,1.73179623e-13,2.94405359e-12,4.38275698e-23,7.88896257e-22,3.54573469e-06,6.02774898e-05,1.30188589e-13,2.34339459e-12,7.17611363e-05,1.43522273e-03
7.15544407e-05,4.48046564e-01,4.06454556e+03,7.95765572e-01,7.12666827e-01,7.12666827e-01,6.91395962e-02,2.76558385e-01,2.66307064e-05,3.19568476e-04,7.57529522e-08,9.84788378e-07,1.11318431e-04,1.44713960e-03,9.55438842e-06,1.33761438e-04,1.15248774e-15,1.72873161e-14,5.29532119e-05,7.41344967e-04,4.97413963e-05,7.46120945e-04,3.58255939e-04,5.73209503e-03,1.75589646e-13,2.98502398e-12,3.23101515e-23,5.81582727e-22,3.81996165e-06,6.49393480e-05,1.14508494e-13,2.06115290e-12,7.17611363e-05,1.43522273e-03
7.71290612e-05,4.48042401e-01,4.06443227e+03,7.66880066e-01,7.12656171e-01,7.12656171e-01,6.91396013e-02,2.76558405e-01,2.28452256e-05,2.74142708e-04,5.84231101e-08,7.59500432e-07,1.09806101e-04,1.42747932e-03,8.28677733e-06,1.16014883e-04,1.14905357e-15,1.72358035e-14,5.82507948e-05,8.15511128e-04,5.10263377e-05,7.65395066e-04,3.57960289e-04,5.72736462e-03,1.83283259e-13,3.11581540e-12,2.34658421e-23,4.22385158e-22,4.11523141e-06,6.99589340e-05,9.97991912e-14,1.79638544e-12,7.17611363e-05,1.43522273e-03
8.31379858e-05,4.48037914e-01,4.06431016e+03,7.35791255e-01,7.12645577e-01,7.12645577e-01,6.91396068e-02,2.76558427e-01,1.93655254e-05,2.32386305e-04,4.41568354e-08,5.74038860e-07,1.07670389e-04,1.39971506e-03,7.10647831e-06,9.94906964e-05,1.14851368e-15,1.72277051e-14,6.38659664e-05,8.94123529e-04,5.22209041e-05,7.83313562e-04,3.57641923e-04,5.72227077e-03,1.93492968e-13,3.28938045e-12,1.67891876e-23,3.02205377e-22,4.43313214e-06,7.53632463e-05,8.61626934e-14,1.55092848e-12,7.17611363e-05,1.43522273e-03
8.96150502e-05,4.48033077e-01,4.06417853e+03,7.03393796e-01,7.12635079e-01,7.12635079e-01,6.91396126e-02,2.76558450e-01,1.62062308e-05,1.94474769e-04,3.26557048e-08,4.24524163e-07,1.04914029e-04,1.36388237e-03,6.02039575e-06,8.42855405e-05,1.15046921e-15,1.72570381e-14,6.97813670e-05,9.76939138e-04,5.33184896e-05,7.99777345e-04,3.57299122e-04,5.71678595e-03,2.05436657e-13,3.49242318e-12,1.18352452e-23,2.13034414e-22,4.77536756e-06,8.11812485e-05,7.36865429e-14,1.32635777e-12,7.17611363e-05,1.43522273e-03
9.65967258e-05,4.48027864e-01,4.06403666e+03,6.70492617e-01,7.12624715e-01,7.12624715e-01,6.91396188e-02,2.76558475e-01,1.33758182e-05,1.60509818e-04,2.35904102e-08,3.06675332e-07,1.01552671e-04,1.32018473e-03,5.03366767e-06,7.04713474e-05,1.15444145e-15,1.73166217e-14,7.59728703e-05,1.06362018e-03,5.43142856e-05,8.14714285e-04,3.56930038e-04,5.71088061e-03,2.18960631e-13,3.72233074e-12,8.22276764e-24,1.48009817e-22,5.14376471e-06,8.74440001e-05,6.24391478e-14,1.12390466e-12,7.17611364e-05,1.43522273e-03
1.04122326e-04,4.48022245e-01,4.06388374e+03,6.37780211e-01,7.12614517e-01,7.12614517e-01,6.91396254e-02,2.76558501e-01,1.08762073e-05,1.30514488e-04,1.66164671e-08,2.16014072e-07,9.76155035e-05,1.26900155e-03,4.14943613e-06,5.80921058e-05,1.15990860e-15,1.73986290e-14,8.24093715e-05,1.15373120e-03,5.52054946e-05,8.28082419e-04,3.56532692e-04,5.70452308e-03,2.34084926e-13,3.97944374e-12,5.63385713e-24,1.01409428e-22,5.54028203e-06,9.41847944e-05,5.24667490e-14,9.44401482e-13,7.17611364e-05,1.43522273e-03
1.12234225e-04,4.48016188e-01,4.06371892e+03,6.05827300e-01,7.12604516e-01,7.12604516e-01,6.91396324e-02,2.76558529e-01,8.70262897e-06,1.04431548e-04,1.13899094e-08,1.48068823e-07,9.31453622e-05,1.21088971e-03,3.36869466e-06,4.71617252e-05,1.16634382e-15,1.74951573e-14,8.90528041e-05,1.24673926e-03,5.59914670e-05,8.39872005e-04,3.56104959e-04,5.69767935e-03,2.50869027e-13,4.26477346e-12,3.81048946e-24,6.85888103e-23,5.96701786e-06,1.01439304e-04,4.37916605e-14,7.88249888e-13,7.17611364e-05,1.43522273e-03
1.20978102e-04,4.48009659e-01,4.06354126e+03,5.75083921e-01,7.12594743e-01,7.12594743e-01,6.91396398e-02,2.76558559e-01,6.84380369e-06,8.21256442e-05,7.58172750e-09,9.85624575e-08,8.81982767e-05,1.14657760e-03,2.69023078e-06,3.76632309e-05,1.17325099e-15,1.75987649e-14,9.58584200e-05,1.34201788e-03,5.66737445e-05,8.50106167e-04,3.55644561e-04,5.69031298e-03,2.69378603e-13,4.57943625e-12,2.54868163e-24,4.58762693e-23,6.42621940e-06,1.09245730e-04,3.64117713e-14,6.55411884e-13,7.17611364e-05,1.43522273e-03
1.30403192e-04,4.48002621e-01,4.06334977e+03,5.45887714e-01,7.12585224e-01,7.12585224e-01,6.91396477e-02,2.76558591e-01,5.28244619e-06,6.33893543e-05,4.88993674e-09,6.35691776e-08,8.28423965e-05,1.07695115e-03,2.11067657e-06,2.95494720e-05,1.18019481e-15,1.77029222e-14,1.02775357e-04,1.43885500e-03,5.72559970e-05,8.58839955e-04,3.55149059e-04,5.68238494e-03,2.89680487e-13,4.92456827e-12,1.69121769e-24,3.04419185e-23,6.92029193e-06,1.17644963e-04,3.03013918e-14,5.45425052e-13,7.17611364e-05,1.43522273e-03
1.40562565e-04,4.47995035e-01,4.06314337e+03,5.18476454e-01,7.12575986e-01,7.12575986e-01,6.91396560e-02,2.76558624e-01,3.99608228e-06,4.79529874e-05,3.04843373e-09,3.96296385e-08,7.71563094e-05,1.00303202e-03,1.62467213e-06,2.27454098e-05,1.18682258e-15,1.78023388e-14,1.09747504e-04,1.53646505e-03,5.77438508e-05,8.66157761e-04,3.54615838e-04,5.67385341e-03,3.11844688e-13,5.30135970e-12,1.11981938e-24,2.01567488e-23,7.45180847e-06,1.26680744e-04,2.54134845e-14,4.57442721e-13,7.17611365e-05,1.43522273e-03
1.51513429e-04,4.47986859e-01,4.06292090e+03,4.93002487e-01,7.12567050e-01,7.12567050e-01,6.91396648e-02,2.76558659e-01,2.95813800e-06,3.54976560e-05,1.83218880e-09,2.38184544e-08,7.12267971e-05,9.25948362e-04,1.22513737e-06,1.71519232e-05,1.19287619e-15,1.78931428e-14,1.16714655e-04,1.63400517e-03,5.81446109e-05,8.72169164e-04,3.54042101e-04,5.66467362e-03,3.35947858e-13,5.71111359e-12,7.47505732e-25,1.34551032e-23,8.02351982e-06,1.36399837e-04,2.16832279e-14,3.90298102e-13,7.17611365e-05,1.43522273e-03
1.63317447e-04,4.47978046e-01,4.06268111e+03,4.69547365e-01,7.12558440e-01,7.12558440e-01,6.91396742e-02,2.76558697e-01,2.13923162e-06,2.56707794e-05,1.05876636e-09,1.37639627e-08,6.51461248e-05,8.46899622e-04,9.03637095e-07,1.26509193e-05,1.19819394e-15,1.79729091e-14,1.23613930e-04,1.73059502e-03,5.84668954e-05,8.77003430e-04,3.53424856e-04,5.65479770e-03,3.62076732e-13,6.15530444e-12,5.11670446e-25,9.21006803e-24,8.63836480e-06,1.46852202e-04,1.90327394e-14,3.42589309e-13,7.17611365e-05,1.43522273e-03
1.76041084e-04,4.47968546e-01,4.06242266e+03,4.48135597e-01,7.12550175e-01,7.12550175e-01,6.91396840e-02,2.76558736e-01,1.50857585e-06,1.81029102e-05,5.86588609e-10,7.62565191e-09,5.90090032e-05,7.67117041e-04,6.50814367e-07,9.11140114e-06,1.20270342e-15,1.80405514e-14,1.30381407e-04,1.82533970e-03,5.87202027e-05,8.80803040e-04,3.52760903e-04,5.64417446e-03,3.90331054e-13,6.63562792e-12,3.68172286e-25,6.62710115e-24,9.29948081e-06,1.58091174e-04,1.73766709e-14,3.12780076e-13,7.17611366e-05,1.43522273e-03
1.89755988e-04,4.47958306e-01,4.06214409e+03,4.28746930e-01,7.12542274e-01,7.12542274e-01,6.91396944e-02,2.76558777e-01,1.03538223e-06,1.24245868e-05,3.10690564e-10,4.03897733e-09,5.29093935e-05,6.87822116e-04,4.56859086e-07,6.39602720e-06,1.20640735e-15,1.80961103e-14,1.36953917e-04,1.91735483e-03,5.89144482e-05,8.83716723e-04,3.52046825e-04,5.63274920e-03,4.20825752e-13,7.15403779e-12,2.86528642e-25,5.15751555e-24,1.00102146e-05,1.70173648e-04,1.66282940e-14,2.99309292e-13,7.17611366e-05,1.43522273e-03
2.04539383e-04,4.47947269e-01,4.06184384e+03,4.11326914e-01,7.12534755e-01,7.12534755e-01,6.91397052e-02,2.76558821e-01,6.90156967e-07,8.28188361e-06,1.56900577e-10,2.03970750e-09,4.69373437e-05,6.10185469e-04,3.11974109e-07,4.36763752e-06,1.20936522e-15,1.81404782e-14,1.43270907e-04,2.00579270e-03,5.90595034e-05,8.85892550e-04,3.51278971e-04,5.62046354e-03,4.53692278e-13,7.71276872e-12,2.46154054e-25,4.43077297e-24,1.07741330e-05,1.83160262e-04,1.67056404e-14,3.00701527e-13,7.17611367e-05,1.43522273e-03
2.20474515e-04,4.47935373e-01,4.06152022e+03,3.95795745e-01,7.12527634e-01,7.12527634e-01,6.91397166e-02,2.76558866e-01,4.45788067e-07,5.34945681e-06,7.53989435e-11,9.80186265e-10,4.11760420e-05,5.35288547e-04,2.06800974e-07,2.89521363e-06,1.21167359e-15,1.81751039e-14,1.49276304e-04,2.08986825e-03,5.91647767e-05,8.87471650e-04,3.50453451e-04,5.60725521e-03,4.89079176e-13,8.31434599e-12,2.33503357e-25,4.20306042e-24,1.15950342e-05,1.97115581e-04,1.75372606e-14,3.15670690e-13,7.17611367e-05,1.43522273e-03
2.37651111e-04,4.47922549e-01,4.06117142e+03,3.82055496e-01,7.12520924e-01,7.12520924e-01,6.91397285e-02,2.76558914e-01,2.78347663e-07,3.34017195e-06,3.44745963e-11,4.48169752e-10,3.56992522e-05,4.64090279e-04,1.32771914e-07,1.85880679e-06,1.21344766e-15,1.82017149e-14,1.54920273e-04,2.16888382e-03,5.92388679e-05,8.88583018e-04,3.49566114e-04,5.59305783e-03,5.27152058e-13,8.96158499e-12,2.39952476e-25,4.31914457e-24,1.24769579e-05,2.12108284e-04,1.90672217e-14,3.43209991e-13,7.17611368e-05,1.43522274e-03
2.56165892e-04,4.47908728e-01,4.06079548e+03,3.69995938e-01,7.12514635e-01,7.12514635e-01,6.91397409e-02,2.76558964e-01,1.67567910e-07,2.01081492e-06,1.50642811e-11,1.95835655e-10,3.05692598e-05,3.97400377e-04,8.23639691e-08,1.15309557e-06,1.21480583e-15,1.82220874e-14,1.60160799e-04,2.24225118e-03,5.92893192e-05,8.89339788e-04,3.48612546e-04,5.57780073e-03,5.68093204e-13,9.65758447e-12,2.60258957e-25,4.68466123e-24,1.34241964e-05,2.28211339e-04,2.12590752e-14,3.82663353e-13,7.17611368e-05,1.43522274e-03
2.76123110e-04,4.47893830e-01,4.06039029e+03,3.59499127e-01,7.12508771e-01,7.12508771e-01,6.91397538e-02,2.76559015e-01,9.69883312e-08,1.16385997e-06,6.38492309e-12,8.30040002e-11,2.58354098e-05,3.35860327e-04,4.92432649e-08,6.89405709e-07,1.21585846e-15,1.82378770e-14,1.64964997e-04,2.30950996e-03,5.93224755e-05,8.89837133e-04,3.47588046e-04,5.56140874e-03,6.12101033e-13,1.04057176e-11,2.91468597e-25,5.24643474e-24,1.44413045e-05,2.45502177e-04,2.40986715e-14,4.33776087e-13,7.17611369e-05,1.43522274e-03
2.97635144e-04,4.47877771e-01,4.05995358e+03,3.50442966e-01,7.12503333e-01,7.12503333e-01,6.91397672e-02,2.76559069e-01,5.38104919e-08,6.45725903e-07,2.72065685e-12,3.53685390e-11,2.15332705e-05,2.79932516e-04,2.83010359e-08,3.96214502e-07,1.21670097e-15,1.82505146e-14,1.69310100e-04,2.37034140e-03,5.93434516e-05,8.90151775e-04,3.46487623e-04,5.54380198e-03,6.59389630e-13,1.12096237e-11,3.32160329e-25,5.97888593e-24,1.55331091e-05,2.64062855e-04,2.75958637e-14,4.96725547e-13,7.17611370e-05,1.43522274e-03
3.20823125e-04,4.47860463e-01,4.05948289e+03,3.42703899e-01,7.12498314e-01,7.12498314e-01,6.91397809e-02,2.76559124e-01,2.85258952e-08,3.42310743e-07,1.24464098e-12,1.61803327e-11,1.76844116e-05,2.29897351e-04,1.55954414e-08,2.18336180e-07,1.21741076e-15,1.82611614e-14,1.73184046e-04,2.42457664e-03,5.93561925e-05,8.90342887e-04,3.45305980e-04,5.52489567e-03,7.10188463e-13,1.20732039e-11,3.81942980e-25,6.87497365e-24,1.67047178e-05,2.83980202e-04,3.17852900e-14,5.72135220e-13,7.17611371e-05,1.43522274e-03
3.45817620e-04,4.47841806e-01,4.05897560e+03,3.36158915e-01,7.12493700e-01,7.12493700e-01,6.91397951e-02,2.76559180e-01,1.44000931e-08,1.72801117e-07,6.58642103e-13,8.56234733e-12,1.42967552e-05,1.85857817e-04,8.22251465e-09,1.15115205e-07,1.21804723e-15,1.82707084e-14,1.76585647e-04,2.47219906e-03,5.93636037e-05,8.90454055e-04,3.44037499e-04,5.50459999e-03,7.64742299e-13,1.30006191e-11,4.41134545e-25,7.94042182e-24,1.79615263e-05,3.05345946e-04,3.67265392e-14,6.61077706e-13,7.17611372e-05,1.43522274e-03
3.72759372e-04,4.47821697e-01,4.05842886e+03,3.30687003e-01,7.12489469e-01,7.12489469e-01,6.91398095e-02,2.76559238e-01,6.89817979e-09,8.27781574e-08,4.11702023e-13,5.35212630e-12,1.13654370e-05,1.47750681e-04,4.14431776e-09,5.80204487e-08,1.21865377e-15,1.82798066e-14,1.79524302e-04,2.51334023e-03,5.93677239e-05,8.90515859e-04,3.42676240e-04,5.48281984e-03,8.23311330e-13,1.39962926e-11,5.10569141e-25,9.19024454e-24,1.93092246e-05,3.28256818e-04,4.25040636e-14,7.65073145e-13,7.17611373e-05,1.43522275e-03
4.01800086e-04,4.47800023e-01,4.05783960e+03,3.26170216e-01,7.12485590e-01,7.12485590e-01,6.91398243e-02,2.76559297e-01,3.12544879e-09,3.75053855e-08,2.88705099e-13,3.75316628e-12,8.87410701e-06,1.15363391e-04,2.00212509e-09,2.80297513e-08,1.21926080e-15,1.82889119e-14,1.82019255e-04,2.54826957e-03,5.93699127e-05,8.90548690e-04,3.41215922e-04,5.45945475e-03,8.86171435e-13,1.50649144e-11,5.91490066e-25,1.06468212e-23,2.07538012e-05,3.52814621e-04,4.92272028e-14,8.86089651e-13,7.17611374e-05,1.43522275e-03
4.33103286e-04,4.47776661e-01,4.05720454e+03,3.22494487e-01,7.12482026e-01,7.12482026e-01,6.91398392e-02,2.76559357e-01,1.33623717e-09,1.60348461e-08,2.12510444e-13,2.76263577e-12,6.79659344e-06,8.83557148e-05,9.37923665e-10,1.31309313e-08,1.21988897e-15,1.82983346e-14,1.84098421e-04,2.57737789e-03,5.93710283e-05,8.90565425e-04,3.39649921e-04,5.43439873e-03,9.53614505e-13,1.62114466e-11,6.85499406e-25,1.23389893e-23,2.23015448e-05,3.79126262e-04,5.70306350e-14,1.02655143e-12,7.17611375e-05,1.43522275e-03
4.66845237e-04,4.47751480e-01,4.05652010e+03,3.19550343e-01,7.12478734e-01,7.12478734e-01,6.91398541e-02,2.76559416e-01,5.39619588e-10,6.47543505e-09,1.57453185e-13,2.04689140e-12,5.09885182e-06,6.62850737e-05,4.40261488e-10,6.16366083e-09,1.22055227e-15,1.83082840e-14,1.85796834e-04,2.60115568e-03,5.93715828e-05,8.90573742e-04,3.37971263e-04,5.40754021e-03,1.02594878e-12,1.74411293e-11,7.94544674e-25,1.43018041e-23,2.39590432e-05,4.07303735e-04,6.60754893e-14,1.18935881e-12,7.17611377e-05,1.43522275e-03
5.03215936e-04,4.47724339e-01,4.05578248e+03,3.17233623e-01,7.12475664e-01,7.12475664e-01,6.91398691e-02,2.76559476e-01,2.08239627e-10,2.49887552e-09,1.15170278e-13,1.49721361e-12,3.74110990e-06,4.86344288e-05,2.22430825e-10,3.11403155e-09,1.22126036e-15,1.83189054e-14,1.87154792e-04,2.62016709e-03,5.93718634e-05,8.90577951e-04,3.36172620e-04,5.37876192e-03,1.10349916e-12,1.87594857e-11,9.20930544e-25,1.65767498e-23,2.57331792e-05,4.37464047e-04,7.65512653e-14,1.37792277e-12,7.17611379e-05,1.43522276e-03
5.42420181e-04,4.47695086e-01,4.05498754e+03,3.15446280e-01,7.12472765e-01,7.12472765e-01,6.91398838e-02,2.76559535e-01,8.01237709e-11,9.61485251e-10,8.24903598e-14,1.07237468e-12,2.68010705e-06,3.48413917e-05,1.33904654e-10,1.87466516e-09,1.22202045e-15,1.83303067e-14,1.88215816e-04,2.63502142e-03,5.93720212e-05,8.90580318e-04,3.34246311e-04,5.34794098e-03,1.18660737e-12,2.01723253e-11,1.06734879e-24,1.92122783e-23,2.76311220e-05,4.69729074e-04,8.86786269e-14,1.59621528e-12,7.17611381e-05,1.43522276e-03
5.84678728e-04,4.47663555e-01,4.05413084e+03,3.14097279e-01,7.12469982e-01,7.12469982e-01,6.91398983e-02,2.76559593e-01,3.43654447e-11,4.12385337e-10,5.76320323e-14,7.49216419e-13,1.87131062e-06,2.43270380e-05,1.00998169e-10,1.41397437e-09,1.22283849e-15,1.83425774e-14,1.89024556e-04,2.64634379e-03,5.93721305e-05,8.90581958e-04,3.32184305e-04,5.31494888e-03,1.27563207e-12,2.16857453e-11,1.23692274e-24,2.22646093e-23,2.96603138e-05,5.04225334e-04,1.02713086e-13,1.84883555e-12,7.17611383e-05,1.43522277e-03
6.30229527e-04,4.47629571e-01,4.05320760e+03,3.13103545e-01,7.12467263e-01,7.12467263e-01,6.91399124e-02,2.76559649e-01,1.93866994e-11,2.32640392e-10,3.91769139e-14,5.09299880e-13,1.27098202e-06,1.65227663e-05,9.02469199e-11,1.26345688e-09,1.22371999e-15,1.83557998e-14,1.89624801e-04,2.65474722e-03,5.93722256e-05,8.90583385e-04,3.29978229e-04,5.27965166e-03,1.37094880e-12,2.33061295e-11,1.43326427e-24,2.57987569e-23,3.18284509e-05,5.41083666e-04,1.18949571e-13,2.14109227e-12,7.17611385e-05,1.43522277e-03
6.79329072e-04,4.47592942e-01,4.05221267e+03,3.12390852e-01,7.12464556e-01,7.12464556e-01,6.91399258e-02,2.76559703e-01,1.49621882e-11,1.79546258e-10,2.58544749e-14,3.36108174e-13,8.37966698e-07,1.08935671e-05,8.76282309e-11,1.22679523e-09,1.22467040e-15,1.83700561e-14,1.90057723e-04,2.66080813e-03,5.93723215e-05,8.90584822e-04,3.27619379e-04,5.24191006e-03,1.47294965e-12,2.50401440e-11,1.66054276e-24,2.98897697e-23,3.41434584e-05,5.80438794e-04,1.37727871e-13,2.47910168e-12,7.17611388e-05,1.43522278e-03
7.32253834e-04,4.47553462e-01,4.05114050e+03,3.11894533e-01,7.12461815e-01,7.12461815e-01,6.91399384e-02,2.76559754e-01,1.38458747e-11,1.66150496e-10,1.65270892e-14,2.14852160e-13,5.35100222e-07,6.95630289e-06,8.77557146e-11,1.22858000e-09,1.22569544e-15,1.83854316e-14,1.90360493e-04,2.66504690e-03,5.93724244e-05,8.90586366e-04,3.25098744e-04,5.20157990e-03,1.58204285e-12,2.68947285e-11,1.92356582e-24,3.46241848e-23,3.66134569e-05,6.22428767e-04,1.59438985e-13,2.86990172e-12,7.17611391e-05,1.43522278e-03
7.89301826e-04,4.47510911e-01,4.04998512e+03,3.11559864e-01,7.12458996e-01,7.12458996e-01,6.91399500e-02,2.76559800e-01,1.36828331e-11,1.64193997e-10,1.02086649e-14,1.32712644e-13,3.30157938e-07,4.29205320e-06,8.87490479e-11,1.24248667e-09,1.22680117e-15,1.84020176e-14,1.90565335e-04,2.66791469e-03,5.93725375e-05,8.90588062e-04,3.22407027e-04,5.15851243e-03,1.69865202e-12,2.88770843e-11,2.22787263e-24,4.01017073e-23,3.92467204e-05,6.67194247e-04,1.84532397e-13,3.32158315e-12,7.17611395e-05,1.43522279e-03
8.50794280e-04,4.47465049e-01,4.04874009e+03,3.11342033e-01,7.12456062e-01,7.12456062e-01,6.91399604e-02,2.76559842e-01,1.37860491e-11,1.65432590e-10,6.07770028e-15,7.90101036e-14,1.96323106e-07,2.55220038e-06,9.00204563e-11,1.26028639e-09,1.22799413e-15,1.84199119e-14,1.90699065e-04,2.66978691e-03,5.93726627e-05,8.90589940e-04,3.19534683e-04,5.11255493e-03,1.82321506e-12,3.09946560e-11,2.57984068e-24,4.64371322e-23,4.20516251e-05,7.14877627e-04,2.13524374e-13,3.84343874e-12,7.17611399e-05,1.43522280e-03
9.17077451e-04,4.47415619e-01,4.04739850e+03,3.11205659e-01,7.12452980e-01,7.12452980e-01,6.91399694e-02,2.76559877e-01,1.39803145e-11,1.67763774e-10,3.47791811e-15,4.52129354e-14,1.12200893e-07,1.45861161e-06,9.14114065e-11,1.27975969e-09,1.22928136e-15,1.84392204e-14,1.90783078e-04,2.67096309e-03,5.93728018e-05,8.90592027e-04,3.16471958e-04,5.06355133e-03,1.95618285e-12,3.32551085e-11,2.98680762e-24,5.37625371e-23,4.50365859e-05,7.65621961e-04,2.47007350e-13,4.44613229e-12,7.17611404e-05,1.43522281e-03
9.88524571e-04,4.47362345e-01,4.04595288e+03,3.11123900e-01,7.12449722e-01,7.12449722e-01,6.91399767e-02,2.76559907e-01,1.42314107e-11,1.70776929e-10,1.90743825e-15,2.47966973e-14,6.14527614e-08,7.98885898e-07,9.28901350e-11,1.30046189e-09,1.23067047e-15,1.84600571e-14,1.90833709e-04,2.67167193e-03,5.93729567e-05,8.90594351e-04,3.13208949e-04,5.01134318e-03,2.09801741e-12,3.56662960e-11,3.45720968e-24,6.22297743e-23,4.82099810e-05,8.19569676e-04,2.85660523e-13,5.14188941e-12,7.17611409e-05,1.43522282e-03
1.06553795e-03,4.47304927e-01,4.04439522e+03,3.11077254e-01,7.12446264e-01,7.12446264e-01,6.91399820e-02,2.76559928e-01,1.45405938e-11,1.74487125e-10,9.99583341e-16,1.29945834e-14,3.21591883e-08,4.18069447e-07,9.44571961e-11,1.32240075e-09,1.23216970e-15,1.84825456e-14,1.90862879e-04,2.67208030e-03,5.93731296e-05,8.90596944e-04,3.09735662e-04,4.95577059e-03,2.24918967e-12,3.82362244e-11,4.00073869e-24,7.20132964e-23,5.15800620e-05,8.76861054e-04,3.30261780e-13,5.94471204e-12,7.17611415e-05,1.43522283e-03
1.14855124e-03,4.47243044e-01,4.04271687e+03,3.11052198e-01,7.12442584e-01,7.12442584e-01,6.91399852e-02,2.76559941e-01,1.49183035e-11,1.79019642e-10,4.99003772e-16,6.48704903e-15,1.60324266e-08,2.08421546e-07,9.61195121e-11,1.34567317e-09,1.23378798e-15,1.85068197e-14,1.90878873e-04,2.67230423e-03,5.93733230e-05,8.90599845e-04,3.06042097e-04,4.89667355e-03,2.41017678e-12,4.09730052e-11,4.62851988e-24,8.33133578e-23,5.51548494e-05,9.37632439e-04,3.81701075e-13,6.87061935e-12,7.17611422e-05,1.43522284e-03
1.23803188e-03,4.47176350e-01,4.04090855e+03,3.11039812e-01,7.12438666e-01,7.12438666e-01,6.91399860e-02,2.76559944e-01,1.53786655e-11,1.84543986e-10,2.36654091e-16,3.07650319e-15,7.59486920e-09,9.87332996e-08,9.78843091e-11,1.37038033e-09,1.23553495e-15,1.85330242e-14,1.90887170e-04,2.67242038e-03,5.93735399e-05,8.90603099e-04,3.02118335e-04,4.83389336e-03,2.58145875e-12,4.38847988e-11,5.35331276e-24,9.63596297e-23,5.89420098e-05,1.00201417e-03,4.40995394e-13,7.93791710e-12,7.17611430e-05,1.43522286e-03
1.33448373e-03,4.47104471e-01,4.03896026e+03,3.11034522e-01,7.12434491e-01,7.12434491e-01,6.91399841e-02,2.76559936e-01,1.59387734e-11,1.91265281e-10,1.06459152e-16,1.38396898e-15,3.41534903e-09,4.43995374e-08,9.97580711e-11,1.39661300e-09,1.23742109e-15,1.85613164e-14,1.90891199e-04,2.67247678e-03,5.93737838e-05,8.90606757e-04,2.97954651e-04,4.76727441e-03,2.76351462e-12,4.69797486e-11,6.18973775e-24,1.11415280e-22,6.29487163e-05,1.07012818e-03,5.09305454e-13,9.16749817e-12,7.17611439e-05,1.43522288e-03
1.43844989e-03,4.47027004e-01,4.03686123e+03,3.11033040e-01,7.12430047e-01,7.12430047e-01,6.91399793e-02,2.76559917e-01,1.66189533e-11,1.99427440e-10,4.55336086e-17,5.91936911e-16,1.46352849e-09,1.90258704e-08,1.01746546e-10,1.42445164e-09,1.23945776e-15,1.85918664e-14,1.90892990e-04,2.67250186e-03,5.93740587e-05,8.90610880e-04,2.93541635e-04,4.69666616e-03,2.95681786e-12,5.02659036e-11,7.15453102e-24,1.28781558e-22,6.71814880e-05,1.14208530e-03,5.87954249e-13,1.05831765e-11,7.17611449e-05,1.43522290e-03
1.55051578e-03,4.46943518e-01,4.03459989e+03,3.11033550e-01,7.12425318e-01,7.12425318e-01,6.91399713e-02,2.76559885e-01,1.74432361e-11,2.09318833e-10,1.87802082e-17,2.44142706e-16,6.08500662e-10,7.91050860e-09,1.03854885e-10,1.45396839e-09,1.24165728e-15,1.86248592e-14,1.90893674e-04,2.67251144e-03,5.93743694e-05,8.90615541e-04,2.88870339e-04,4.62192542e-03,3.16183104e-12,5.37511277e-11,8.26683072e-24,1.48802953e-22,7.16460101e-05,1.21798217e-03,6.78447600e-13,1.22120568e-11,7.17611460e-05,1.43522292e-03
1.67131243e-03,4.46853545e-01,4.03216379e+03,3.11035118e-01,7.12420291e-01,7.12420291e-01,6.91399598e-02,2.76559839e-01,1.84399008e-11,2.21278810e-10,7.82922481e-18,1.01779923e-16,2.59616775e-10,3.37501807e-09,1.06087741e-10,1.48522837e-09,1.24403305e-15,1.86604957e-14,1.90893842e-04,2.67251379e-03,5.93747216e-05,8.90620824e-04,2.83932432e-04,4.54291891e-03,3.37899986e-12,5.74429976e-11,9.54849753e-24,1.71872956e-22,7.63469317e-05,1.29789784e-03,7.82496813e-13,1.40849426e-11,7.17611473e-05,1.43522295e-03
1.80152004e-03,4.46756583e-01,4.02953955e+03,3.11037311e-01,7.12414955e-01,7.12414955e-01,6.91399448e-02,2.76559779e-01,1.96420657e-11,2.35704789e-10,3.70193663e-18,4.81251762e-17,1.28843576e-10,1.67496648e-09,1.08449300e-10,1.51829020e-09,1.24659960e-15,1.86989941e-14,1.90893781e-04,2.67251294e-03,5.93751220e-05,8.90626831e-04,2.78720389e-04,4.45952623e-03,3.60874624e-12,6.13486860e-11,1.10244727e-23,1.98440509e-22,8.12876425e-05,1.38188992e-03,9.02043556e-13,1.62367840e-11,7.17611488e-05,1.43522298e-03
1.94187178e-03,4.46652090e-01,4.02671278e+03,3.11039956e-01,7.12409296e-01,7.12409296e-01,6.91399260e-02,2.76559704e-01,2.10883177e-11,2.53059812e-10,2.31904971e-18,3.01476462e-17,8.56462762e-11,1.11340159e-09,1.10943263e-10,1.55320568e-09,1.24937278e-15,1.87405916e-14,1.90893623e-04,2.67251072e-03,5.93755785e-05,8.90633678e-04,2.73227686e-04,4.37164298e-03,3.85146069e-12,6.54748317e-11,1.27231774e-23,2.29017192e-22,8.64700274e-05,1.46999047e-03,1.03928704e-12,1.87071668e-11,7.17611504e-05,1.43522301e-03
2.09315797e-03,4.46539483e-01,4.02366800e+03,3.11043013e-01,7.12403304e-01,7.12403304e-01,6.91399032e-02,2.76559613e-01,2.28233685e-11,2.73880422e-10,1.96715024e-18,2.55729531e-17,7.53499495e-11,9.79549343e-10,1.13572780e-10,1.59001891e-09,1.25236978e-15,1.87855467e-14,1.90893422e-04,2.67250791e-03,5.93761004e-05,8.90641506e-04,2.67449021e-04,4.27918433e-03,4.10749385e-12,6.98273954e-11,1.46769554e-23,2.64185197e-22,9.18942010e-05,1.56220142e-03,1.19671360e-12,2.15408447e-11,7.17611523e-05,1.43522305e-03
2.25623046e-03,4.46418136e-01,4.02038859e+03,3.11046503e-01,7.12396969e-01,7.12396969e-01,6.91398763e-02,2.76559505e-01,2.48987224e-11,2.98784668e-10,1.98574356e-18,2.58146663e-17,7.69489397e-11,1.00033622e-09,1.16340366e-10,1.62876512e-09,1.25560937e-15,1.88341405e-14,1.90893201e-04,2.67250481e-03,5.93766988e-05,8.90650481e-04,2.61380551e-04,4.18208882e-03,4.37714720e-12,7.44115024e-11,1.69225653e-23,3.04606175e-22,9.75582228e-05,1.65848979e-03,1.37712856e-12,2.47883141e-11,7.17611544e-05,1.43522309e-03
2.43200751e-03,4.46287372e-01,4.01685669e+03,3.11050481e-01,7.12390281e-01,7.12390281e-01,6.91398452e-02,2.76559381e-01,2.73733328e-11,3.28479994e-10,2.14434038e-18,2.78764250e-17,8.31481555e-11,1.08092602e-09,1.19247791e-10,1.66946908e-09,1.25911198e-15,1.88866796e-14,1.90892968e-04,2.67250155e-03,5.93773866e-05,8.90660800e-04,2.55020151e-04,4.08032241e-03,4.66066312e-12,7.92312730e-11,1.95017228e-23,3.51031011e-22,1.03457796e-04,1.75878254e-03,1.58369061e-12,2.85064310e-11,7.17611568e-05,1.43522314e-03
2.62147890e-03,4.46146463e-01,4.01305309e+03,3.11055020e-01,7.12383233e-01,7.12383233e-01,6.91398098e-02,2.76559239e-01,3.03142212e-11,3.63770654e-10,2.37303482e-18,3.08494527e-17,9.17566164e-11,1.19283601e-09,1.22295964e-10,1.71214350e-09,1.26289990e-15,1.89434985e-14,1.90892729e-04,2.67249820e-03,5.93781796e-05,8.90672694e-04,2.48367675e-04,3.97388280e-03,4.95821422e-12,8.42896418e-11,2.24616994e-23,4.04310589e-22,1.09585955e-04,1.86296124e-03,1.81994833e-12,3.27590700e-11,7.17611595e-05,1.43522319e-03
2.82571150e-03,4.45994626e-01,4.00895720e+03,3.11060211e-01,7.12375818e-01,7.12375818e-01,6.91397700e-02,2.76559080e-01,3.37970209e-11,4.05564251e-10,2.65679172e-18,3.45382924e-17,1.02320878e-10,1.33017141e-09,1.25484805e-10,1.75678726e-09,1.26699749e-15,1.90049623e-14,1.90892486e-04,2.67249481e-03,5.93790961e-05,8.90686442e-04,2.41425239e-04,3.86280383e-03,5.26989231e-12,8.95881694e-11,2.58559792e-23,4.65407626e-22,1.15932746e-04,1.97085668e-03,2.08987891e-12,3.76178203e-11,7.17611625e-05,1.43522325e-03
3.04585534e-03,4.45831018e-01,4.00454689e+03,3.11066162e-01,7.12368032e-01,7.12368032e-01,6.91397260e-02,2.76558904e-01,3.79064042e-11,4.54876850e-10,2.99803195e-18,3.89744153e-17,1.14936698e-10,1.49417708e-09,1.28813118e-10,1.80338366e-09,1.27143134e-15,1.90714701e-14,1.90892245e-04,2.67249143e-03,5.93801580e-05,8.90702370e-04,2.34197502e-04,3.74716003e-03,5.59569702e-12,9.51268493e-11,2.97449783e-23,5.35409609e-22,1.22484907e-04,2.08224341e-03,2.39792866e-12,4.31627159e-11,7.17611660e-05,1.43522332e-03
3.28315001e-03,4.45654730e-01,3.99979842e+03,3.11072999e-01,7.12359873e-01,7.12359873e-01,6.91396778e-02,2.76558711e-01,4.27363484e-11,5.12836181e-10,3.40479033e-18,4.42622743e-17,1.29873060e-10,1.68834978e-09,1.32278473e-10,1.85189862e-09,1.27623057e-15,1.91434586e-14,1.90892010e-04,2.67248814e-03,5.93813912e-05,8.90720868e-04,2.26691947e-04,3.62707115e-03,5.93552415e-12,1.00903911e-10,3.41968371e-23,6.15543067e-22,1.29225553e-04,2.19683440e-03,2.74905571e-12,4.94830028e-11,7.17611698e-05,1.43522340e-03
3.53893170e-03,4.45464787e-01,3.99468631e+03,3.11080872e-01,7.12351340e-01,7.12351340e-01,6.91396254e-02,2.76558502e-01,4.83901686e-11,5.80682023e-10,3.88741023e-18,5.05363330e-17,1.47465960e-10,1.91705747e-09,1.35877083e-10,1.90227916e-09,1.28142707e-15,1.92214060e-14,1.90891789e-04,2.67248505e-03,5.93828265e-05,8.90742398e-04,2.18919147e-04,3.50270635e-03,6.28915500e-12,1.06915635e-10,3.92882708e-23,7.07188874e-22,1.36133897e-04,2.31427625e-03,3.14877277e-12,5.66779098e-11,7.17611741e-05,1.43522348e-03
3.81464066e-03,4.45260136e-01,3.98918325e+03,3.11089957e-01,7.12342436e-01,7.12342436e-01,6.91395690e-02,2.76558276e-01,5.49802686e-11,6.59763223e-10,4.45776566e-18,5.79509535e-17,1.68091331e-10,2.18518731e-09,1.39603704e-10,1.95445186e-09,1.28705580e-15,1.93058370e-14,1.90891592e-04,2.67248228e-03,5.93845005e-05,8.90767507e-04,2.10893020e-04,3.37428833e-03,6.65624568e-12,1.13156177e-10,4.51055116e-23,8.11899209e-22,1.43184983e-04,2.43414472e-03,3.60319198e-12,6.48574557e-11,7.17611789e-05,1.43522358e-03
4.11182940e-03,4.45039647e-01,3.98325995e+03,3.11100461e-01,7.12333167e-01,7.12333167e-01,6.91395090e-02,2.76558036e-01,6.26275405e-11,7.51530486e-10,5.12913278e-18,6.66787261e-17,1.92157704e-10,2.49805015e-09,1.43451552e-10,2.00832173e-09,1.29315517e-15,1.93973276e-14,1.90891429e-04,2.67248001e-03,5.93864563e-05,8.90796845e-04,2.02631046e-04,3.24209674e-03,7.03631800e-12,1.19617406e-10,5.17453249e-23,9.31415848e-22,1.50349481e-04,2.55594118e-03,4.11906928e-12,7.41432470e-11,7.17611842e-05,1.43522368e-03
4.43217134e-03,4.44802102e-01,3.97688504e+03,3.11112628e-01,7.12323540e-01,7.12323540e-01,6.91394454e-02,2.76557782e-01,7.14603434e-11,8.57524121e-10,5.91619608e-18,7.69105491e-17,2.20102323e-10,2.86133021e-09,1.47412245e-10,2.06377142e-09,1.29976741e-15,1.94965111e-14,1.90891317e-04,2.67247844e-03,5.93887452e-05,8.90831178e-04,1.94154439e-04,3.10647103e-03,7.42875213e-12,1.26288786e-10,5.93161176e-23,1.06769012e-21,1.57593537e-04,2.67909012e-03,4.70384865e-12,8.46692756e-11,7.17611902e-05,1.43522380e-03
4.77747029e-03,4.44546193e-01,3.97002489e+03,3.11126745e-01,7.12313566e-01,7.12313566e-01,6.91393786e-02,2.76557514e-01,8.16129954e-11,9.79355945e-10,6.83506150e-18,8.88557996e-17,2.52386674e-10,3.28102676e-09,1.51475775e-10,2.12066085e-09,1.30693900e-15,1.96040849e-14,1.90891273e-04,2.67247783e-03,5.93914277e-05,8.90871416e-04,1.85488267e-04,2.96781227e-03,7.83278163e-12,1.33157288e-10,6.79391460e-23,1.22290463e-21,1.64878712e-04,2.80293810e-03,5.36570546e-12,9.65826982e-11,7.17611968e-05,1.43522394e-03
5.14967058e-03,4.44270512e-01,3.96264354e+03,3.11143149e-01,7.12303262e-01,7.12303262e-01,6.91393090e-02,2.76557236e-01,9.32237288e-11,1.11868475e-09,7.90324699e-18,1.02742211e-16,2.89490429e-10,3.76337557e-09,1.55630533e-10,2.17882746e-09,1.31472122e-15,1.97208183e-14,1.90891322e-04,2.67247851e-03,5.93945754e-05,8.90918630e-04,1.76661492e-04,2.82658387e-03,8.24749158e-12,1.40207357e-10,7.77498404e-23,1.39949713e-21,1.72162016e-04,2.92675427e-03,6.11358861e-12,1.10044595e-10,7.17612042e-05,1.43522408e-03
5.55086803e-03,4.43973544e-01,3.95470249e+03,3.11162235e-01,7.12292645e-01,7.12292645e-01,6.91392370e-02,2.76556948e-01,1.06432039e-10,1.27718447e-09,9.13964114e-18,1.18815335e-16,3.31903486e-10,4.31474532e-09,1.59863373e-10,2.23808723e-09,1.32317071e-15,1.98475607e-14,1.90891490e-04,2.67248086e-03,5.93982723e-05,8.90974085e-04,1.67706924e-04,2.68331078e-03,8.67182094e-12,1.47420956e-10,8.88992496e-23,1.60018649e-21,1.79396068e-04,3.04973315e-03,6.95726002e-12,1.25230680e-10,7.17612123e-05,1.43522425e-03
5.98332173e-03,4.43653663e-01,3.94616060e+03,3.11184467e-01,7.12281735e-01,7.12281735e-01,6.91391631e-02,2.76556652e-01,1.21375449e-10,1.45650538e-09,1.05644286e-17,1.37337571e-16,3.80116060e-10,4.94150878e-09,1.64159741e-10,2.29823638e-09,1.33235015e-15,1.99852522e-14,1.90891812e-04,2.67248536e-03,5.94026178e-05,8.91039267e-04,1.58661078e-04,2.53857725e-03,9.10456909e-12,1.54777674e-10,1.01555656e-22,1.82800181e-21,1.86529380e-04,3.17099946e-03,7.90733314e-12,1.42331997e-10,7.17612213e-05,1.43522443e-03
6.44946677e-03,4.43309118e-01,3.93697390e+03,3.11210390e-01,7.12270559e-01,7.12270559e-01,6.91390877e-02,2.76556351e-01,1.38185630e-10,1.65822756e-09,1.21989780e-17,1.58586713e-16,4.34606714e-10,5.64988729e-09,1.68503863e-10,2.35905409e-09,1.34232899e-15,2.01349348e-14,1.90892328e-04,2.67249259e-03,5.94077282e-05,8.91115924e-04,1.49563907e-04,2.39302252e-03,9.54440852e-12,1.62254945e-10,1.15906361e-22,2.08631451e-21,1.93506812e-04,3.28961580e-03,8.97530817e-12,1.61555547e-10,7.17612311e-05,1.43522462e-03
6.95192796e-03,4.42938031e-01,3.92709543e+03,3.11240640e-01,7.12259142e-01,7.12259142e-01,6.91390113e-02,2.76556045e-01,1.56983944e-10,1.88380733e-09,1.40656926e-17,1.82854004e-16,4.95828384e-10,6.44576900e-09,1.72879010e-10,2.42030614e-09,1.35318438e-15,2.02977657e-14,1.90893086e-04,2.67250320e-03,5.94137400e-05,8.91206100e-04,1.40458412e-04,2.24733460e-03,9.98990354e-12,1.69828360e-10,1.32159713e-22,2.37887483e-21,2.00270176e-04,3.40459298e-03,1.01736061e-11,1.83124910e-10,7.17612419e-05,1.43522484e-03
7.49353460e-03,4.42538381e-01,3.91647511e+03,3.11275960e-01,7.12247517e-01,7.12247517e-01,6.91389346e-02,2.76555739e-01,1.77876439e-10,2.13451726e-09,1.61878258e-17,2.10441735e-16,5.64192600e-10,7.33450380e-09,1.77267837e-10,2.48174971e-09,1.36500215e-15,2.04750323e-14,1.90894142e-04,2.67251798e-03,5.94208124e-05,8.91312186e-04,1.31390119e-04,2.10224191e-03,1.04395361e-11,1.77472113e-10,1.50547413e-22,2.70985343e-21,2.06759027e-04,3.51490346e-03,1.15156022e-11,2.07280839e-10,7.17612536e-05,1.43522507e-03
8.07733640e-03,4.42107999e-01,3.90505955e+03,3.11317218e-01,7.12235716e-01,7.12235716e-01,6.91388582e-02,2.76555433e-01,2.00948401e-10,2.41138081e-09,1.85892631e-17,2.41660421e-16,6.40052107e-10,8.32067739e-09,1.81652797e-10,2.54313916e-09,1.37787801e-15,2.06681701e-14,1.90895561e-04,2.67253785e-03,5.94291313e-05,8.91436970e-04,1.22406422e-04,1.95850275e-03,1.08917392e-11,1.85159567e-10,1.71327198e-22,3.08388956e-21,2.12911620e-04,3.61949755e-03,1.30156599e-11,2.34281879e-10,7.17612664e-05,1.43522533e-03
8.70662068e-03,4.41644556e-01,3.89279190e+03,3.11365421e-01,7.12223774e-01,7.12223774e-01,6.91387827e-02,2.76555131e-01,2.26258589e-10,2.71510306e-09,2.12942786e-17,2.76825622e-16,7.23682301e-10,9.40786991e-09,1.86016643e-10,2.60423300e-09,1.39191887e-15,2.08787831e-14,1.90897417e-04,2.67256384e-03,5.94389125e-05,8.91583688e-04,1.13555796e-04,1.81689274e-03,1.13449386e-11,1.92863956e-10,1.94785986e-22,3.50614775e-21,2.18666036e-04,3.71732261e-03,1.46891697e-11,2.64405055e-10,7.17612802e-05,1.43522560e-03
9.38493086e-03,4.41145552e-01,3.87961166e+03,3.11421743e-01,7.12211727e-01,7.12211727e-01,6.91387088e-02,2.76554835e-01,2.53833305e-10,3.04599966e-09,2.43272702e-17,3.16254512e-16,8.15261916e-10,1.05984049e-08,1.90342990e-10,2.66480186e-09,1.40724450e-15,2.11086675e-14,1.90899795e-04,2.67259712e-03,5.94504060e-05,8.91756090e-04,1.04886894e-04,1.67819031e-03,1.17976021e-11,2.00559236e-10,2.21243627e-22,3.98238528e-21,2.23961454e-04,3.80734471e-03,1.65525949e-11,2.97946708e-10,7.17612951e-05,1.43522590e-03
1.01160864e-02,4.40608302e-01,3.86545455e+03,3.11487540e-01,7.12199613e-01,7.12199613e-01,6.91386372e-02,2.76554549e-01,2.83660496e-10,3.40392596e-09,2.77124843e-17,3.60262295e-16,9.14853543e-10,1.18930961e-08,1.94616964e-10,2.72463750e-09,1.42398931e-15,2.13598396e-14,1.90902788e-04,2.67263903e-03,5.94639003e-05,8.91958505e-04,9.64475451e-05,1.54316072e-03,1.22482978e-11,2.08221063e-10,2.51057423e-22,4.51903362e-21,2.28739548e-04,3.88857232e-03,1.86235310e-11,3.35223558e-10,7.17613111e-05,1.43522622e-03
1.09042044e-02,4.40029930e-01,3.85025236e+03,3.11564380e-01,7.12187468e-01,7.12187468e-01,6.91385687e-02,2.76554275e-01,3.15684100e-10,3.78820920e-09,3.14737399e-17,4.09158618e-16,1.02238462e-09,1.32910001e-08,1.98825897e-10,2.78356256e-09,1.44230454e-15,2.16345680e-14,1.90906501e-04,2.67269101e-03,5.94797276e-05,8.92195914e-04,8.82836886e-05,1.41253902e-03,1.26957594e-11,2.15827909e-10,2.84627658e-22,5.12329784e-21,2.32945965e-04,3.96008140e-03,2.09207861e-11,3.76574149e-10,7.17613282e-05,1.43522656e-03
1.17537227e-02,4.39407349e-01,3.83393274e+03,3.11654072e-01,7.12175330e-01,7.12175330e-01,6.91385040e-02,2.76554016e-01,3.49798872e-10,4.19758646e-09,3.56341628e-17,4.63244117e-16,1.13762961e-09,1.47891850e-08,2.02960078e-10,2.84144109e-09,1.46236081e-15,2.19354122e-14,1.90911047e-04,2.67275465e-03,5.94982684e-05,8.92474025e-04,8.04382814e-05,1.28701250e-03,1.31389586e-11,2.23362296e-10,3.22404389e-22,5.80327900e-21,2.36531827e-04,4.02104106e-03,2.34644895e-11,4.22360812e-10,7.17613463e-05,1.43522693e-03
1.26694246e-02,4.38737250e-01,3.81641917e+03,3.11758692e-01,7.12163235e-01,7.12163235e-01,6.91384440e-02,2.76553776e-01,3.85845949e-10,4.63015139e-09,4.02159433e-17,5.22807263e-16,1.26019408e-09,1.63825231e-08,2.07013532e-10,2.89818945e-09,1.48435114e-15,2.22652671e-14,1.90916546e-04,2.67283164e-03,5.95199571e-05,8.92799356e-04,7.29502198e-05,1.16720352e-03,1.35771842e-11,2.30812131e-10,3.64895895e-22,6.56812612e-21,2.39455211e-04,4.07073859e-03,2.62762425e-11,4.72972364e-10,7.17613655e-05,1.43522731e-03
1.36564666e-02,4.38016090e-01,3.79763074e+03,3.11880616e-01,7.12151215e-01,7.12151215e-01,6.91383894e-02,2.76553558e-01,4.23609407e-10,5.08331288e-09,4.52401296e-17,5.88121684e-16,1.38950151e-09,1.80635196e-08,2.10984824e-10,2.95378754e-09,1.50849443e-15,2.26274165e-14,1.90923126e-04,2.67292376e-03,5.95452878e-05,8.93179318e-04,6.58533306e-05,1.05365329e-03,1.40101254e-11,2.38172132e-10,4.12679208e-22,7.42822575e-21,2.41682532e-04,4.10860305e-03,2.93793217e-11,5.28827791e-10,7.17613857e-05,1.43522771e-03
1.47204064e-02,4.37240073e-01,3.77748213e+03,3.12022558e-01,7.12139303e-01,7.12139303e-01,6.91383412e-02,2.76553365e-01,4.62814078e-10,5.55376894e-09,5.07264736e-17,6.59444156e-16,1.52478363e-09,1.98221872e-08,2.14877854e-10,3.00828995e-09,1.53503974e-15,2.30255961e-14,1.90930917e-04,2.67303284e-03,5.95748203e-05,8.93622304e-04,5.91754832e-05,9.46807731e-04,1.44379593e-11,2.45445309e-10,4.66413317e-22,8.39543970e-21,2.43189755e-04,4.13422583e-03,3.27989552e-11,5.90381194e-10,7.17614067e-05,1.43522813e-03
1.58672350e-02,4.36405139e-01,3.75588349e+03,3.12187603e-01,7.12127527e-01,7.12127527e-01,6.91383002e-02,2.76553201e-01,5.03124908e-10,6.03749890e-09,5.66933442e-17,7.37013475e-16,1.66507512e-09,2.16459766e-08,2.18702639e-10,3.06183694e-09,1.56427127e-15,2.34640690e-14,1.90940052e-04,2.67316072e-03,5.96091854e-05,8.94137781e-04,5.29378749e-05,8.47005998e-04,1.48614413e-11,2.52644502e-10,5.26855776e-22,9.48340397e-21,2.43963375e-04,4.14737737e-03,3.65626869e-11,6.58128364e-10,7.17614287e-05,1.43522857e-03
1.71034100e-02,4.35506943e-01,3.73274044e+03,3.12379246e-01,7.12115911e-01,7.12115911e-01,6.91382673e-02,2.76553069e-01,5.44148098e-10,6.52977717e-09,6.31577290e-17,8.21050476e-16,1.80921344e-09,2.35197747e-08,2.22476076e-10,3.11466506e-09,1.59651437e-15,2.39477156e-14,1.90950657e-04,2.67330920e-03,5.96490918e-05,8.94736377e-04,4.71545342e-05,7.54472548e-04,1.52819970e-11,2.59793949e-10,5.94883649e-22,1.07079057e-20,2.44001105e-04,4.14801878e-03,4.07008554e-11,7.32615397e-10,7.17614513e-05,1.43522903e-03
1.84358922e-02,4.34540841e-01,3.70795404e+03,3.12601430e-01,7.12104479e-01,7.12104479e-01,6.91382435e-02,2.76552974e-01,5.85434296e-10,7.02521155e-09,7.01353473e-17,9.11759515e-16,1.95584470e-09,2.54259811e-08,2.26222664e-10,3.16711729e-09,1.63214280e-15,2.44821420e-14,1.90962853e-04,2.67347994e-03,5.96953317e-05,8.95429975e-04,4.18320727e-05,6.69313163e-04,1.57018168e-11,2.66930886e-10,6.71519965e-22,1.20873594e-20,2.43312218e-04,4.13630770e-03,4.52472128e-11,8.14449831e-10,7.17614745e-05,1.43522949e-03
1.98721847e-02,4.33501872e-01,3.68142090e+03,3.12858588e-01,7.12093249e-01,7.12093249e-01,6.91382298e-02,2.76552919e-01,6.26484042e-10,7.51780850e-09,7.76409048e-17,1.00933176e-15,2.10343627e-09,2.73446715e-08,2.29975179e-10,3.21965251e-09,1.67158743e-15,2.50738114e-14,1.90976746e-04,2.67367444e-03,5.97487869e-05,8.96231803e-04,3.69697511e-05,5.91516017e-04,1.61239509e-11,2.74107165e-10,7.57967288e-22,1.36434112e-20,2.41917470e-04,4.11259698e-03,5.02397191e-11,9.04314943e-10,7.17614982e-05,1.43522996e-03
2.14203749e-02,4.32384741e-01,3.65303322e+03,3.13155677e-01,7.12082235e-01,7.12082235e-01,6.91382273e-02,2.76552909e-01,6.66755692e-10,8.00106830e-09,8.56885283e-17,1.11395087e-15,2.25029693e-09,2.92538600e-08,2.33775376e-10,3.27285526e-09,1.71534685e-15,2.57302028e-14,1.90992422e-04,2.67389390e-03,5.98104344e-05,8.97156516e-04,3.25597509e-05,5.20956014e-04,1.65524140e-11,2.81391038e-10,8.55650269e-22,1.54017048e-20,2.39848719e-04,4.07742823e-03,5.57215433e-11,1.00298778e-09,7.17615223e-05,1.43523045e-03
2.30891806e-02,4.31183802e-01,3.62267902e+03,3.13498226e-01,7.12071452e-01,7.12071452e-01,6.91382370e-02,2.76552948e-01,7.05675851e-10,8.46811022e-09,9.42924214e-17,1.22580148e-15,2.39460489e-09,3.11298635e-08,2.37674639e-10,3.32744494e-09,1.76400036e-15,2.64600054e-14,1.91009941e-04,2.67413918e-03,5.98813523e-05,8.98220284e-04,2.85877984e-05,4.57404774e-04,1.69922935e-11,2.88868990e-10,9.66269986e-22,1.73928597e-20,2.37148075e-04,4.03151728e-03,6.17423319e-11,1.11136197e-09,7.17615464e-05,1.43523093e-03
2.48879987e-02,4.29893036e-01,3.59024240e+03,3.13892365e-01,7.12060908e-01,7.12060908e-01,6.91382601e-02,2.76553040e-01,7.42652367e-10,8.91182841e-09,1.03467797e-16,1.34508136e-15,2.53444412e-09,3.29477736e-08,2.41734725e-10,3.38428615e-09,1.81822380e-15,2.72733570e-14,1.91029332e-04,2.67441064e-03,5.99627245e-05,8.99440868e-04,2.50339757e-05,4.00543611e-04,1.74498755e-11,2.96647884e-10,1.09187343e-21,1.96537217e-20,2.33866753e-04,3.97573480e-03,6.83597939e-11,1.23047629e-09,7.17615706e-05,1.43523141e-03
2.68269580e-02,4.28506036e-01,3.55560391e+03,3.14344863e-01,7.12050614e-01,7.12050614e-01,6.91382979e-02,2.76553192e-01,7.77089741e-10,9.32507690e-09,1.13232154e-16,1.47201801e-15,2.66784880e-09,3.46820344e-08,2.46028593e-10,3.44440030e-09,1.87880918e-15,2.81821377e-14,1.91050581e-04,2.67470814e-03,6.00558461e-05,9.00837691e-04,2.18737336e-05,3.49979737e-04,1.79327934e-11,3.04857489e-10,1.23494288e-21,2.22289718e-20,2.30063632e-04,3.91108175e-03,7.56416837e-11,1.36155031e-09,7.17615945e-05,1.43523189e-03
2.89169765e-02,4.27015990e-01,3.51864099e+03,3.14863162e-01,7.12040578e-01,7.12040578e-01,6.91383517e-02,2.76553407e-01,8.08406636e-10,9.70087963e-09,1.23606974e-16,1.60689067e-15,2.79285521e-09,3.63071178e-08,2.50641435e-10,3.50898008e-09,1.94668902e-15,2.92003354e-14,1.91073632e-04,2.67503085e-03,6.01621270e-05,9.02431904e-04,1.90790254e-05,3.05264406e-04,1.84502120e-11,3.13653603e-10,1.39851149e-21,2.51732069e-20,2.25803608e-04,3.83866134e-03,8.36682800e-11,1.50602904e-09,7.17616180e-05,1.43523236e-03
3.11698230e-02,4.25415661e-01,3.47922859e+03,3.15455403e-01,7.12030805e-01,7.12030805e-01,6.91384229e-02,2.76553692e-01,8.36054978e-10,1.00326597e-08,1.34619926e-16,1.75005904e-15,2.90756008e-09,3.77982811e-08,2.55672001e-10,3.57940801e-09,2.02296673e-15,3.03445009e-14,1.91098377e-04,2.67537728e-03,6.02830963e-05,9.04246444e-04,1.66194940e-05,2.65911905e-04,1.90130617e-11,3.23222049e-10,1.58631381e-21,2.85536486e-20,2.21155821e-04,3.75964896e-03,9.25354885e-11,1.66563879e-09,7.17616410e-05,1.43523282e-03
3.35981829e-02,4.23697370e-01,3.43723992e+03,3.16130450e-01,7.12021304e-01,7.12021304e-01,6.91385130e-02,2.76554052e-01,8.59539951e-10,1.03144794e-08,1.46307693e-16,1.90200001e-15,3.01018329e-09,3.91323828e-08,2.61234352e-10,3.65728092e-09,2.10895473e-15,3.16343209e-14,1.91124654e-04,2.67574516e-03,6.04204055e-05,9.06306083e-04,1.44636400e-05,2.31418240e-04,1.96343458e-11,3.33783878e-10,1.80298312e-21,3.24536961e-20,2.16191855e-04,3.67526153e-03,1.02358742e-10,1.84245735e-09,7.17616632e-05,1.43523326e-03
3.62157300e-02,4.21852983e-01,3.39254733e+03,3.16897906e-01,7.12012084e-01,7.12012084e-01,6.91386238e-02,2.76554495e-01,8.78439973e-10,1.05412797e-08,1.58719555e-16,2.06335422e-15,3.09913270e-09,4.02887251e-08,2.67460207e-10,3.74444290e-09,2.20622281e-15,3.30933422e-14,1.91152245e-04,2.67613143e-03,6.05758310e-05,9.08637466e-04,1.25799044e-05,2.01278471e-04,2.03295444e-11,3.45602255e-10,2.05431241e-21,3.69776234e-20,2.10983988e-04,3.58672780e-03,1.13277925e-10,2.03900266e-09,7.17616846e-05,1.43523369e-03
3.90372033e-02,4.19873895e-01,3.34502343e+03,3.17768126e-01,7.12003151e-01,7.12003151e-01,6.91387569e-02,2.76555027e-01,8.92425618e-10,1.07091074e-08,1.71921890e-16,2.23498457e-15,3.17306792e-09,4.12498830e-08,2.74502092e-10,3.84302929e-09,2.31665956e-15,3.47498933e-14,1.91180878e-04,2.67653229e-03,6.07512766e-05,9.11269149e-04,1.09376122e-05,1.75001795e-04,2.11171534e-11,3.58991609e-10,2.34760255e-21,4.22568459e-20,2.05603580e-04,3.49526086e-03,1.25463641e-10,2.25834553e-09,7.17617049e-05,1.43523410e-03
4.20784904e-02,4.17751018e-01,3.29454234e+03,3.18752220e-01,7.11994517e-01,7.11994517e-01,6.91389142e-02,2.76555657e-01,9.01276339e-10,1.08153161e-08,1.86003815e-16,2.41804959e-15,3.23095972e-09,4.20024764e-08,2.82537543e-10,3.95552560e-09,2.44255122e-15,3.66382683e-14,1.91210228e-04,2.67694320e-03,6.09487748e-05,9.14231621e-04,9.50773552e-06,1.52123768e-04,2.20194019e-11,3.74329832e-10,2.69213112e-21,4.84583602e-20,2.00119639e-04,3.40203386e-03,1.39125233e-10,2.50425420e-09,7.17617240e-05,1.43523448e-03
4.53567162e-02,4.15474772e-01,3.24098124e+03,3.19862051e-01,7.11986192e-01,7.11986192e-01,6.91390979e-02,2.76556392e-01,9.04893919e-10,1.08587270e-08,2.01084279e-16,2.61409563e-15,3.27214156e-09,4.25378403e-08,2.91774704e-10,4.08484586e-09,2.58668367e-15,3.88002551e-14,1.91239926e-04,2.67735896e-03,6.11704881e-05,9.17557322e-04,8.26345728e-06,1.32215317e-04,2.30632116e-11,3.92074597e-10,3.09979028e-21,5.57962251e-20,1.94597618e-04,3.30815950e-03,1.54521165e-10,2.78138098e-09,7.17617419e-05,1.43523484e-03
4.88903400e-02,4.13035077e-01,3.18422208e+03,3.21110227e-01,7.11978185e-01,7.11978185e-01,6.91393101e-02,2.76557240e-01,9.03311687e-10,1.08397402e-08,2.17321018e-16,2.82517323e-15,3.29635014e-09,4.28525518e-08,3.02459766e-10,4.23443672e-09,2.75247516e-15,4.12871273e-14,1.91269563e-04,2.67777389e-03,6.14187100e-05,9.21280651e-04,7.18053050e-06,1.14888488e-04,2.42814812e-11,4.12785181e-10,3.58596393e-21,6.45473508e-20,1.89098455e-04,3.21467374e-03,1.71972542e-10,3.09550576e-09,7.17617584e-05,1.43523517e-03
5.26992593e-02,4.10421353e-01,3.12415366e+03,3.22510088e-01,7.11970510e-01,7.11970510e-01,6.91395531e-02,2.76558212e-01,8.96698889e-10,1.07603867e-08,2.34922018e-16,3.05398624e-15,3.30375258e-09,4.29487836e-08,3.14886812e-10,4.40841537e-09,2.94415077e-15,4.41622615e-14,1.91298708e-04,2.67818191e-03,6.16958648e-05,9.25437972e-04,6.23744772e-06,9.97991635e-05,2.57148101e-11,4.37151771e-10,4.17074771e-21,7.50734587e-20,1.83677853e-04,3.12252351e-03,1.91880924e-10,3.45385663e-09,7.17617735e-05,1.43523547e-03
5.68049216e-02,4.07622521e-01,3.06067386e+03,3.24075686e-01,7.11963175e-01,7.11963175e-01,6.91398295e-02,2.76559318e-01,8.85360048e-10,1.06243206e-08,2.54160441e-16,3.30408573e-15,3.29495937e-09,4.28344718e-08,3.29410903e-10,4.61175264e-09,3.16697364e-15,4.75046046e-14,1.91326915e-04,2.67857681e-03,6.20045079e-05,9.30067618e-04,5.41544583e-06,8.66471332e-05,2.74138193e-11,4.66034928e-10,4.88066642e-21,8.78519955e-20,1.78385785e-04,3.03255835e-03,2.14752006e-10,3.86553610e-09,7.17617872e-05,1.43523574e-03
6.12304454e-02,4.04627010e-01,2.99369224e+03,3.25821763e-01,7.11956191e-01,7.11956191e-01,6.91401418e-02,2.76560567e-01,8.69729770e-10,1.04367572e-08,2.75394486e-16,3.58012832e-15,3.27102390e-09,4.25233108e-08,3.46465503e-10,4.85051705e-09,3.42755424e-15,5.14133136e-14,1.91353739e-04,2.67895235e-03,6.23473255e-05,9.35209883e-04,4.69838022e-06,7.51740835e-05,2.94422938e-11,5.00518995e-10,5.75112263e-21,1.03520207e-19,1.73266197e-04,2.94552535e-03,2.41227439e-10,4.34209391e-09,7.17617994e-05,1.43523599e-03
6.60007502e-02,4.01422774e-01,2.92313294e+03,3.27763730e-01,7.11949566e-01,7.11949566e-01,6.91404929e-02,2.76561971e-01,8.50364176e-10,1.02043701e-08,2.99094556e-16,3.88822923e-15,3.23343206e-09,4.20346168e-08,3.66585831e-10,5.13220163e-09,3.73426822e-15,5.60140233e-14,1.91378755e-04,2.67930257e-03,6.27271347e-05,9.40907020e-04,4.07250557e-06,6.51600891e-05,3.18814587e-11,5.41984797e-10,6.82993522e-21,1.22938834e-19,1.68356878e-04,2.86206693e-03,2.72128046e-10,4.89830483e-09,7.17618101e-05,1.43523620e-03
7.11426971e-02,3.97997315e-01,2.84893782e+03,3.29917646e-01,7.11943306e-01,7.11943306e-01,6.91408856e-02,2.76563542e-01,8.27930962e-10,9.93517155e-09,3.25881476e-16,4.23645919e-15,3.18408807e-09,4.13931450e-08,3.90440387e-10,5.46616542e-09,4.09782684e-15,6.14674026e-14,1.91401566e-04,2.67962192e-03,6.31468829e-05,9.47203244e-04,3.52619936e-06,5.64191897e-05,3.48358373e-11,5.92209234e-10,8.18252681e-21,1.47285483e-19,1.63689464e-04,2.78272089e-03,3.08513163e-10,5.55323693e-09,7.17618195e-05,1.43523639e-03
7.66852397e-02,3.94337716e-01,2.77106997e+03,3.32300202e-01,7.11937415e-01,7.11937415e-01,6.91413230e-02,2.76565292e-01,8.03200936e-10,9.63841123e-09,3.56581957e-16,4.63556545e-15,3.12530615e-09,4.06289799e-08,4.18873929e-10,5.86423501e-09,4.53206427e-15,6.79809640e-14,1.91421820e-04,2.67990548e-03,6.36096486e-05,9.54144728e-04,3.04966037e-06,4.87945660e-05,3.84413329e-11,6.53502659e-10,9.89964553e-21,1.78193620e-19,1.59289539e-04,2.70792217e-03,3.51763109e-10,6.33173595e-09,7.17618276e-05,1.43523655e-03
8.26595874e-02,3.90430682e-01,2.68951742e+03,3.34928703e-01,7.11931892e-01,7.11931892e-01,6.91418082e-02,2.76567233e-01,7.77044775e-10,9.32453731e-09,3.92311547e-16,5.10005011e-15,3.05982068e-09,3.97776688e-08,4.52966648e-10,6.34153307e-09,5.05503698e-15,7.58255546e-14,1.91439219e-04,2.68014907e-03,6.41186412e-05,9.61779618e-04,2.63460792e-06,4.21537267e-05,4.28764567e-11,7.28899764e-10,1.21090477e-20,2.17962858e-19,1.55176820e-04,2.63800594e-03,4.03695193e-10,7.26651348e-09,7.17618344e-05,1.43523669e-03
8.90993810e-02,3.86262602e-01,2.60429710e+03,3.37821070e-01,7.11926735e-01,7.11926735e-01,6.91423446e-02,2.76569378e-01,7.50439699e-10,9.00527639e-09,4.34602362e-16,5.64983071e-15,2.99083150e-09,3.88808094e-08,4.94116639e-10,6.91763294e-09,5.69057822e-15,8.53586733e-14,1.91453530e-04,2.68034941e-03,6.46772030e-05,9.70158046e-04,2.27400061e-06,3.63840098e-05,4.83780389e-11,8.22426662e-10,1.49934825e-20,2.69882685e-19,1.51365386e-04,2.57321157e-03,4.66729049e-10,8.40112288e-09,7.17618401e-05,1.43523680e-03
9.60408821e-02,3.81819615e-01,2.51545903e+03,3.40995836e-01,7.11921937e-01,7.11921937e-01,6.91429355e-02,2.76571742e-01,7.24491835e-10,8.69390203e-09,4.85605256e-16,6.31286833e-15,2.92210422e-09,3.79873549e-08,5.44156290e-10,7.61818806e-09,6.47052490e-15,9.70578735e-14,1.91464582e-04,2.68050415e-03,6.52888107e-05,9.79332160e-04,1.96178686e-06,3.13885897e-05,5.52633606e-11,9.39477131e-10,1.88188986e-20,3.38740175e-19,1.47863966e-04,2.51368742e-03,5.44125505e-10,9.79425909e-09,7.17618448e-05,1.43523690e-03
1.03523178e-01,3.77087702e-01,2.42309059e+03,3.44472166e-01,7.11917487e-01,7.11917487e-01,6.91435844e-02,2.76574338e-01,7.00481737e-10,8.40578085e-09,5.48418058e-16,7.12943476e-15,2.85815009e-09,3.71559511e-08,6.05518799e-10,8.47726319e-09,7.43795278e-15,1.11569292e-13,1.91472276e-04,2.68061186e-03,6.59570782e-05,9.89356173e-04,1.69269286e-06,2.70830858e-05,6.39615262e-11,1.08734594e-09,2.39795693e-20,4.31632247e-19,1.44676243e-04,2.45949613e-03,6.40336787e-10,1.15260622e-08,7.17618485e-05,1.43523697e-03
1.11588399e-01,3.72052791e-01,2.32732076e+03,3.48269878e-01,7.11913372e-01,7.11913372e-01,6.91442950e-02,2.76577180e-01,6.79942778e-10,8.15931334e-09,6.27630941e-16,8.15920223e-15,2.80451342e-09,3.64586744e-08,6.81479899e-10,9.54071858e-09,8.65194723e-15,1.29779208e-13,1.91476576e-04,2.68067207e-03,6.66857611e-05,1.00028642e-03,1.46205001e-06,2.33928002e-05,7.50581782e-11,1.27598903e-09,3.10718442e-20,5.59293195e-19,1.41801207e-04,2.41062051e-03,7.61527918e-10,1.37075025e-08,7.17618514e-05,1.43523703e-03
1.20281961e-01,3.66700884e-01,2.22832439e+03,3.52409478e-01,7.11909572e-01,7.11909572e-01,6.91450709e-02,2.76580284e-01,6.64786792e-10,7.97744150e-09,7.30252457e-16,9.49328195e-15,2.76820276e-09,3.59866359e-08,7.76514237e-10,1.08711993e-08,1.01947509e-14,1.52921263e-13,1.91477506e-04,2.68068508e-03,6.74787614e-05,1.01218142e-03,1.26565996e-06,2.02505594e-05,8.93595279e-11,1.51911197e-09,4.10174823e-20,7.38314682e-19,1.39233523e-04,2.36696989e-03,9.16365890e-10,1.64945860e-08,7.17618537e-05,1.43523707e-03
1.29652816e-01,3.61018208e-01,2.12632606e+03,3.56912204e-01,7.11906067e-01,7.11906067e-01,6.91459162e-02,2.76583665e-01,6.57498221e-10,7.88997866e-09,8.67312811e-16,1.12750665e-14,2.75830718e-09,3.58579934e-08,8.96829496e-10,1.25556129e-08,1.21826556e-14,1.82739835e-13,1.91475137e-04,2.68065192e-03,6.83401333e-05,1.02510200e-03,1.09969438e-06,1.75951101e-05,1.07984400e-10,1.83573479e-09,5.52750509e-20,9.94950917e-19,1.36963943e-04,2.32838704e-03,1.11723524e-09,2.01102343e-08,7.17618554e-05,1.43523711e-03
1.39753730e-01,3.54991391e-01,2.02160361e+03,3.61800081e-01,7.11902832e-01,7.11902832e-01,6.91468347e-02,2.76587339e-01,6.61430935e-10,7.93717121e-09,1.05669021e-15,1.37369728e-14,2.78685037e-09,3.62290549e-08,1.05118091e-09,1.47165327e-08,1.47829038e-14,2.21743557e-13,1.91469581e-04,2.68057414e-03,6.92740903e-05,1.03911135e-03,9.60624779e-07,1.53699965e-05,1.32496995e-10,2.25244891e-09,7.62120355e-20,1.37181664e-18,1.34979742e-04,2.29465562e-03,1.38214569e-09,2.48786224e-08,7.17618566e-05,1.43523713e-03
1.50641580e-01,3.48607665e-01,1.91449105e+03,3.67095974e-01,7.11899840e-01,7.11899840e-01,6.91478308e-02,2.76591323e-01,6.81262676e-10,8.17515212e-09,1.32817560e-15,1.72662828e-14,2.86994451e-09,3.73092786e-08,1.25213632e-09,1.75299084e-08,1.82404261e-14,2.73606391e-13,1.91460972e-04,2.68045361e-03,7.02850116e-05,1.05427517e-03,8.45177928e-07,1.35228468e-05,1.65099108e-10,2.80668484e-09,1.07778892e-19,1.94002006e-18,1.33265188e-04,2.26550820e-03,1.73778609e-09,3.12801496e-08,7.17618575e-05,1.43523715e-03
1.62377674e-01,3.41855101e-01,1.80538045e+03,3.72823644e-01,7.11897062e-01,7.11897062e-01,6.91489086e-02,2.76595635e-01,7.23696641e-10,8.68435969e-09,1.73268300e-15,2.25248790e-14,3.02931125e-09,3.93810462e-08,1.51807883e-09,2.12531036e-08,2.29210283e-14,3.43815425e-13,1.91449450e-04,2.68029230e-03,7.13774475e-05,1.07066171e-03,7.50312052e-07,1.20049928e-05,2.08909992e-10,3.55146986e-09,1.56768459e-19,2.82183227e-18,1.31802045e-04,2.24063476e-03,2.22451818e-09,4.00413273e-08,7.17618581e-05,1.43523716e-03
1.75028096e-01,3.34722867e-01,1.69472288e+03,3.79007779e-01,7.11894465e-01,7.11894465e-01,6.91500729e-02,2.76600291e-01,7.98554629e-10,9.58265555e-09,2.35921565e-15,3.06698035e-14,3.29422594e-09,4.28249373e-08,1.87644032e-09,2.62701645e-08,2.93827111e-14,4.40740666e-13,1.91435146e-04,2.68009205e-03,7.25561209e-05,1.08834181e-03,6.73208669e-07,1.07713387e-05,2.68377937e-10,4.56242493e-09,2.35249203e-19,4.23448565e-18,1.30570087e-04,2.21969148e-03,2.90472860e-09,5.22851148e-08,7.17618585e-05,1.43523717e-03
1.88664080e-01,3.27201532e-01,1.58302775e+03,3.85673990e-01,7.11892018e-01,7.11892018e-01,6.91513281e-02,2.76605313e-01,9.20490824e-10,1.10458899e-08,3.36644949e-15,4.37638434e-14,3.70388600e-09,4.81505181e-08,2.36902703e-09,3.31663785e-08,3.84962861e-14,5.77444292e-13,1.91418167e-04,2.67985434e-03,7.38259219e-05,1.10738883e-03,6.11274795e-07,9.78039671e-06,3.49896242e-10,5.94823612e-09,3.65439815e-19,6.57791667e-18,1.29547642e-04,2.20230991e-03,3.87713590e-09,6.97884462e-08,7.17618588e-05,1.43523718e-03
2.03362408e-01,3.19283389e-01,1.47086060e+03,3.92848718e-01,7.11889687e-01,7.11889687e-01,6.91526794e-02,2.76610718e-01,1.11167747e-09,1.33401296e-08,5.04196750e-15,6.55455775e-14,4.31005641e-09,5.60307334e-08,3.06096150e-09,4.28534610e-08,5.16546433e-14,7.74819649e-13,1.91398575e-04,2.67958004e-03,7.51918871e-05,1.12787831e-03,5.62150138e-07,8.99440221e-06,4.62750584e-10,7.86675994e-09,5.89865135e-19,1.06175724e-17,1.28712117e-04,2.18810598e-03,5.30192573e-09,9.54346631e-08,7.17618589e-05,1.43523718e-03
2.19205845e-01,3.10962817e-01,1.35883877e+03,4.00558993e-01,7.11887440e-01,7.11887440e-01,6.91541318e-02,2.76616527e-01,1.40597207e-09,1.68716649e-08,7.91371855e-15,1.02878341e-13,5.17952595e-09,6.73338373e-08,4.05595993e-09,5.67834391e-08,7.11459082e-14,1.06718862e-12,1.91376374e-04,2.67926923e-03,7.66591522e-05,1.14988728e-03,5.23714049e-07,8.37942479e-06,6.20630468e-10,1.05507180e-08,9.93431898e-19,1.78817742e-17,1.28040537e-04,2.17668913e-03,7.44609436e-09,1.34029699e-07,7.17618590e-05,1.43523718e-03
2.36283603e-01,3.02236680e-01,1.24762495e+03,4.08831876e-01,7.11885245e-01,7.11885245e-01,6.91556903e-02,2.76622761e-01,1.85523555e-09,2.22628266e-08,1.29592116e-14,1.68469751e-13,6.39532515e-09,8.31392270e-08,5.52277503e-09,7.73188504e-08,1.00838708e-13,1.51258062e-12,1.91351501e-04,2.67892101e-03,7.82328508e-05,1.17349276e-03,4.94088126e-07,7.90541001e-06,8.44140782e-10,1.43503933e-08,1.75366191e-18,3.15659144e-17,1.27510058e-04,2.16767098e-03,1.07675170e-08,1.93815305e-07,7.17618591e-05,1.43523718e-03
2.54691844e-01,2.93104739e-01,1.13791825e+03,4.17693334e-01,7.11883070e-01,7.11883070e-01,6.91573602e-02,2.76629441e-01,2.53852691e-09,3.04623230e-08,2.19940930e-14,2.85923209e-13,8.05478491e-09,1.04712204e-07,7.74117765e-09,1.08376487e-07,1.47480901e-13,2.21221352e-12,1.91323813e-04,2.67853338e-03,7.99179146e-05,1.19876872e-03,4.71631875e-07,7.54611000e-06,1.16513315e-09,1.98072636e-08,3.26076410e-18,5.86937539e-17,1.27098457e-04,2.16067376e-03,1.60751771e-08,2.89353188e-07,7.17618591e-05,1.43523718e-03
2.74534223e-01,2.83570107e-01,1.03044279e+03,4.27166002e-01,7.11880888e-01,7.11880888e-01,6.91591461e-02,2.76636585e-01,3.57462311e-09,4.28954773e-08,3.83788673e-14,4.98925274e-13,1.02615641e-08,1.33400333e-07,1.11810302e-08,1.56534423e-07,2.23245452e-13,3.34868177e-12,1.91293088e-04,2.67810323e-03,8.17186795e-05,1.22578019e-03,4.54931095e-07,7.27889752e-06,1.63438549e-09,2.77845533e-08,6.42012079e-18,1.15562174e-16,1.26784606e-04,2.15533830e-03,2.48428008e-08,4.47170414e-07,7.17618591e-05,1.43523718e-03
2.95922471e-01,2.73639707e-01,9.25933705e+02,4.37264801e-01,7.11878673e-01,7.11878673e-01,6.91610518e-02,2.76644207e-01,5.13735043e-09,6.16482052e-08,6.82590419e-14,8.87367545e-13,1.31084458e-08,1.70409795e-07,1.66328923e-08,2.32860492e-07,3.50904147e-13,5.26356221e-12,1.91259027e-04,2.67762638e-03,8.36381131e-05,1.25457170e-03,4.42780515e-07,7.08448824e-06,2.33545235e-09,3.97026900e-08,1.34576409e-17,2.42237536e-16,1.26548899e-04,2.15133128e-03,3.98372731e-08,7.17070916e-07,7.17618591e-05,1.43523718e-03
3.18977022e-01,2.63324748e-01,8.25120871e+02,4.47988489e-01,7.11876405e-01,7.11876405e-01,6.91630785e-02,2.76652314e-01,7.47126144e-09,8.96551373e-08,1.22620947e-13,1.59407231e-12,1.66492817e-08,2.16440662e-07,2.54037904e-08,3.55653066e-07,5.74751842e-13,8.62127763e-12,1.91221275e-04,2.67709784e-03,8.56763099e-05,1.28514465e-03,4.34163607e-07,6.94661772e-06,3.40982461e-09,5.79670184e-08,3.01892614e-17,5.43406706e-16,1.26373632e-04,2.14835174e-03,6.63977407e-08,1.19515933e-06,7.17618591e-05,1.43523718e-03
3.43827692e-01,2.52641192e-01,7.28710500e+02,4.59303716e-01,7.11874074e-01,7.11874074e-01,6.91652227e-02,2.76660891e-01,1.09023991e-08,1.30828789e-07,2.20407410e-13,2.86529633e-12,2.08632156e-08,2.71221802e-07,3.95509380e-08,5.53713133e-07,9.84623205e-13,1.47693481e-11,1.91179445e-04,2.67651223e-03,8.78275942e-05,1.31741391e-03,4.28232540e-07,6.85172064e-06,5.10239655e-09,8.67407413e-08,7.27828970e-17,1.31009215e-15,1.26243300e-04,2.14613611e-03,1.15038855e-07,2.07069939e-06,7.17618592e-05,1.43523718e-03
3.70614414e-01,2.41610212e-01,6.37365277e+02,4.71116295e-01,7.11871681e-01,7.11871681e-01,6.91674704e-02,2.76669882e-01,1.58363449e-08,1.90036139e-07,3.92589935e-13,5.10366915e-12,2.56219223e-08,3.33084990e-07,6.20079462e-08,8.68111247e-07,1.77096672e-12,2.65645008e-11,1.91133161e-04,2.67586425e-03,9.00751579e-05,1.35112737e-03,4.24290195e-07,6.78864312e-06,7.84137192e-09,1.33303323e-07,1.88941549e-16,3.40094789e-15,1.26144797e-04,2.14446155e-03,2.06584242e-07,3.71851636e-06,7.17618592e-05,1.43523718e-03
3.99488019e-01,2.30258607e-01,5.51683712e+02,4.83224077e-01,7.11869254e-01,7.11869254e-01,6.91697882e-02,2.76679153e-01,2.27353978e-08,2.72824774e-07,6.86171528e-13,8.92022986e-12,3.06773869e-08,3.98806030e-07,9.62750237e-08,1.34785033e-06,3.35675028e-12,5.03512542e-11,1.91082090e-04,2.67514927e-03,9.23819859e-05,1.38572979e-03,4.21774630e-07,6.74839407e-06,1.23687027e-08,2.10267947e-07,5.26835401e-16,9.48303721e-15,1.26067468e-04,2.14314696e-03,3.81386500e-07,6.86495699e-06,7.17618592e-05,1.43523718e-03
4.30611093e-01,2.18619170e-01,4.72179652e+02,4.95254708e-01,7.11866854e-01,7.11866854e-01,6.91721093e-02,2.76688437e-01,3.20705317e-08,3.84846380e-07,1.16561256e-12,1.51529633e-11,3.56871423e-08,4.63932850e-07,1.45327703e-07,2.03458784e-06,6.72772768e-12,1.00915915e-10,1.91025963e-04,2.67436349e-03,9.46784754e-05,1.42017713e-03,4.20244948e-07,6.72391916e-06,1.99193427e-08,3.38628826e-07,1.56384226e-15,2.81491607e-14,1.26003029e-04,2.14205150e-03,7.12576276e-07,1.28263730e-05,7.17618592e-05,1.43523718e-03
4.64158883e-01,2.06730969e-01,3.99263092e+02,5.06624523e-01,7.11864586e-01,7.11864586e-01,6.91743237e-02,2.76697295e-01,4.42525321e-08,5.31030386e-07,1.90810734e-12,2.48053954e-11,4.02808830e-08,5.23651479e-07,2.09958768e-07,2.93942275e-06,1.42978036e-11,2.14467054e-10,1.90964567e-04,2.67350394e-03,9.68536888e-05,1.45280533e-03,4.19366955e-07,6.70987128e-06,3.23761332e-08,5.50394265e-07,4.86668028e-15,8.76002450e-14,1.25945338e-04,2.14107074e-03,1.31625412e-06,2.36925742e-05,7.17618592e-05,1.43523718e-03
5.00320295e-01,1.94639526e-01,3.33223527e+02,5.16603390e-01,7.11862589e-01,7.11862589e-01,6.91762882e-02,2.76705153e-01,5.95589090e-08,7.14706909e-07,2.99058810e-12,3.88776452e-11,4.41500907e-08,5.73951179e-07,2.87754648e-07,4.02856508e-06,3.22861429e-11,4.84292144e-10,1.90897714e-04,2.67256800e-03,9.87670290e-05,1.48150543e-03,4.18897359e-07,6.70235774e-06,5.21919269e-08,8.87262758e-07,1.56123815e-14,2.81022868e-13,1.25890060e-04,2.14013102e-03,2.34083924e-06,4.21351063e-05,7.17618592e-05,1.43523718e-03
5.39298949e-01,1.82396856e-01,2.74217133e+02,5.24543799e-01,7.11860986e-01,7.11860986e-01,6.91778717e-02,2.76711487e-01,7.80821473e-08,9.36985768e-07,4.47149507e-12,5.81294359e-11,4.71241973e-08,6.12614564e-07,3.74022391e-07,5.23631348e-06,7.75765055e-11,1.16364758e-09,1.90825201e-04,2.67155281e-03,1.00292289e-04,1.50438434e-03,4.18666856e-07,6.69866969e-06,8.18185335e-08,1.39091507e-06,5.11135084e-14,9.20043151e-13,1.25834281e-04,2.13918278e-03,3.92256091e-06,7.06060965e-05,7.17618592e-05,1.43523718e-03
5.81314328e-01,1.70061342e-01,2.22258997e+02,5.30161845e-01,7.11859834e-01,7.11859834e-01,6.91790129e-02,2.76716052e-01,9.97156948e-08,1.19658834e-06,6.37615664e-12,8.28900363e-11,4.91985782e-08,6.39581517e-07,4.64361564e-07,6.50106190e-06,1.98492588e-10,2.97738882e-09,1.90746773e-04,2.67045483e-03,1.01372650e-04,1.52058974e-03,4.18564554e-07,6.69703286e-06,1.22724081e-07,2.08630938e-06,1.71265887e-13,3.08278597e-12,1.25776115e-04,2.13819395e-03,6.12875489e-06,1.10317588e-04,7.17618592e-05,1.43523718e-03
6.26603016e-01,1.57697409e-01,1.77221420e+02,5.33642447e-01,7.11859095e-01,7.11859095e-01,6.91797435e-02,2.76718974e-01,1.24149265e-07,1.48979118e-06,8.69471273e-12,1.13031266e-10,5.05044278e-08,6.56557562e-07,5.56830343e-07,7.79562480e-06,5.40125553e-10,8.10188329e-09,1.90662106e-04,2.66926948e-03,1.02042001e-04,1.53063002e-03,4.18524694e-07,6.69639511e-06,1.74713390e-07,2.97012763e-06,5.96139750e-13,1.07305155e-11,1.25714358e-04,2.13714408e-03,8.93492062e-06,1.60828571e-04,7.17618592e-05,1.43523718e-03
6.75420029e-01,1.45374966e-01,1.38838981e+02,5.35495957e-01,7.11858667e-01,7.11858667e-01,6.91801609e-02,2.76720643e-01,1.50750859e-07,1.80901031e-06,1.13938633e-11,1.48120223e-10,5.12417903e-08,6.66143274e-07,6.52099156e-07,9.12938819e-06,1.54867831e-09,2.32301746e-08,1.90570801e-04,2.66799122e-03,1.02397541e-04,1.53596312e-03,4.18513023e-07,6.69620836e-06,2.36265206e-07,4.01650850e-06,2.19415866e-12,3.94948558e-11,1.25648217e-04,2.13601969e-03,1.22514988e-05,2.20526979e-04,7.17618592e-05,1.43523718e-03
7.28040247e-01,1.33168602e-01,1.06720552e+02,5.36312540e-01,7.11858437e-01,7.11858437e-01,6.91803783e-02,2.76721513e-01,1.78083465e-07,2.13700158e-06,1.44349148e-11,1.87653892e-10,5.16116481e-08,6.70951426e-07,7.52079967e-07,1.05291195e-05,4.52704423e-09,6.79056635e-08,1.90472394e-04,2.66661352e-03,1.02551557e-04,1.53827335e-03,4.18513358e-07,6.69621373e-06,3.05613389e-07,5.19542760e-06,8.51000608e-12,1.53180109e-10,1.25577116e-04,2.13481097e-03,1.59722272e-05,2.87500089e-04,7.17618592e-05,1.43523718e-03
7.84759970e-01,1.21156505e-01,8.03679241e+01,5.36582262e-01,7.11858321e-01,7.11858321e-01,6.91804857e-02,2.76721943e-01,2.03057685e-07,2.43669222e-06,1.77884914e-11,2.31250389e-10,5.17734052e-08,6.73054267e-07,8.58604848e-07,1.20204679e-05,1.25137413e-08,1.87706119e-07,1.90366362e-04,2.66512907e-03,1.02595412e-04,1.53893118e-03,4.18517967e-07,6.69628748e-06,3.81612791e-07,6.48741744e-06,3.23403174e-11,5.82125713e-10,1.25500575e-04,2.13350978e-03,2.00104416e-05,3.60187949e-04,7.17618592e-05,1.43523718e-03
8.45898580e-01,1.09419099e-01,5.92000328e+01,5.36629761e-01,7.11858267e-01,7.11858267e-01,6.91805379e-02,2.76722152e-01,2.21445955e-07,2.65735146e-06,2.14410765e-11,2.78733995e-10,5.18327582e-08,6.73825856e-07,9.72964872e-07,1.36215082e-05,2.97633423e-08,4.46450134e-07,1.90252130e-04,2.66352982e-03,1.02587314e-04,1.53880970e-03,4.18522681e-07,6.69636290e-06,4.63906882e-07,7.88641700e-06,1.03319155e-10,1.85974479e-09,1.25418140e-04,2.13210838e-03,2.43114309e-05,4.37605756e-04,7.17618592e-05,1.43523718e-03
9.11800339e-01,9.80374148e-02,4.25812195e+01,5.36621487e-01,7.11858245e-01,7.11858245e-01,6.91805630e-02,2.76722252e-01,2.31431464e-07,2.77717756e-06,2.53944355e-11,3.30127661e-10,5.18491653e-08,6.74039149e-07,1.09605388e-06,1.53447543e-05,5.81973175e-08,8.72959762e-07,1.90129073e-04,2.66180702e-03,1.02557315e-04,1.53835972e-03,4.18525624e-07,6.69640998e-06,5.52663418e-07,9.39527811e-06,2.49790220e-10,4.49622395e-09,1.25329348e-04,2.13059891e-03,2.88473598e-05,5.19252476e-04,7.17618592e-05,1.43523718e-03
9.82836333e-01,8.70912018e-02,2.98514474e+01,5.36612529e-01,7.11858238e-01,7.11858238e-01,6.91805760e-02,2.76722304e-01,2.35311874e-07,2.82374249e-06,2.96616294e-11,3.85601182e-10,5.18504332e-08,6.74055631e-07,1.22861875e-06,1.72006625e-05,9.57049111e-08,1.43557367e-06,1.89996518e-04,2.65995125e-03,1.02518099e-04,1.53777149e-03,4.18526877e-07,6.69643004e-06,6.48291247e-07,1.10209512e-05,4.71975742e-10,8.49556336e-09,1.25233710e-04,2.12897306e-03,3.36063036e-05,6.04913464e-04,7.17618592e-05,1.43523718e-03
1.05940656e+00,7.66568391e-02,2.03561323e+01,5.36609227e-01,7.11858236e-01,7.11858236e-01,6.91805846e-02,2.76722338e-01,2.36410932e-07,2.83693118e-06,3.42628535e-11,4.45417096e-10,5.18470961e-08,6.74012249e-07,1.37140085e-06,1.91996119e-05,1.39195706e-07,2.08793558e-06,1.89853739e-04,2.65795234e-03,1.02473979e-04,1.53710968e-03,4.18527261e-07,6.69643617e-06,7.51295167e-07,1.27720178e-05,7.60943482e-10,1.36969827e-08,1.25130702e-04,2.12722194e-03,3.85830307e-05,6.94494553e-04,7.17618592e-05,1.43523718e-03
1.14194217e+00,6.68051033e-02,1.34732219e+01,5.36608449e-01,7.11858236e-01,7.11858236e-01,6.91805920e-02,2.76722368e-01,2.36644542e-07,2.83973450e-06,3.92226247e-11,5.09894121e-10,5.18423769e-08,6.73950900e-07,1.52518412e-06,2.13525777e-05,1.87003888e-07,2.80505833e-06,1.89699956e-04,2.65579939e-03,1.02426022e-04,1.53639033e-03,4.18527347e-07,6.69643756e-06,8.62231574e-07,1.46579368e-05,1.11838638e-09,2.01309549e-08,1.25019765e-04,2.12533601e-03,4.37736297e-05,7.87925335e-04,7.17618592e-05,1.43523718e-03
1.23090791e+00,5.75988863e-02,8.63544655e+00,5.36608322e-01,7.11858236e-01,7.11858236e-01,6.91805990e-02,2.76722396e-01,2.36682365e-07,2.84018838e-06,4.45683874e-11,5.79389036e-10,5.18370686e-08,6.73881891e-07,1.69080800e-06,2.36713121e-05,2.38725603e-07,3.58088404e-06,1.89534333e-04,2.65348066e-03,1.02374276e-04,1.53561414e-03,4.18527362e-07,6.69643779e-06,9.81701387e-07,1.66889236e-05,1.55341160e-09,2.79614088e-08,1.24900295e-04,2.12330502e-03,4.91730379e-05,8.85114681e-04,7.17618592e-05,1.43523718e-03
1.32680475e+00,4.90909732e-02,5.34622789e+00,5.36608308e-01,7.11858236e-01,7.11858236e-01,6.91806060e-02,2.76722424e-01,2.36686992e-07,2.84024390e-06,5.03300291e-11,6.54290378e-10,5.18313116e-08,6.73807050e-07,1.86917311e-06,2.61684235e-05,2.94483719e-07,4.41725579e-06,1.89355968e-04,2.65098355e-03,1.02318515e-04,1.53477773e-03,4.18527364e-07,6.69643782e-06,1.11035110e-06,1.88759688e-05,2.07783525e-09,3.74010345e-08,1.24771645e-04,2.12111797e-03,5.47740360e-05,9.85932648e-04,7.17618592e-05,1.43523718e-03
1.43017266e+00,4.13220115e-02,3.18850355e+00,5.36608307e-01,7.11858236e-01,7.11858236e-01,6.91806128e-02,2.76722451e-01,2.36687407e-07,2.84024888e-06,5.65398312e-11,7.35017806e-10,5.18251022e-08,6.73726329e-07,2.06124617e-06,2.88574464e-05,3.54556369e-07,5.31834553e-06,1.89163894e-04,2.64829452e-03,1.02258443e-04,1.53387664e-03,4.18527364e-07,6.69643783e-06,1.24887522e-06,2.12308787e-05,2.70507782e-09,4.86914007e-08,1.24633121e-04,2.11876306e-03,6.05667996e-05,1.09020239e-03,7.17618592e-05,1.43523718e-03
1.54159369e+00,3.43188100e-02,1.82658213e+00,5.36608307e-01,7.11858236e-01,7.11858236e-01,6.91806195e-02,2.76722478e-01,2.36687433e-07,2.84024919e-06,6.32325901e-11,8.22023672e-10,5.18184095e-08,6.73639323e-07,2.26806497e-06,3.17529095e-05,4.19270046e-07,6.28905069e-06,1.88957076e-04,2.64539906e-03,1.02193729e-04,1.53290593e-03,4.18527364e-07,6.69643783e-06,1.39801916e-06,2.37663257e-05,3.45015159e-09,6.21027287e-08,1.24483977e-04,2.11622762e-03,6.65386214e-05,1.19769519e-03,7.17618592e-05,1.43523718e-03
1.66169525e+00,2.80931097e-02,1.00194062e+00,5.36608307e-01,7.11858236e-01,7.11858236e-01,6.91806260e-02,2.76722504e-01,2.36687434e-07,2.84024920e-06,7.04457966e-11,9.15795355e-10,5.18111963e-08,6.73545552e-07,2.49074325e-06,3.48704055e-05,4.88979562e-07,7.33469343e-06,1.88734397e-04,2.64228156e-03,1.02124019e-04,1.53186029e-03,4.18527364e-07,6.69643783e-06,1.55858265e-06,2.64959050e-05,4.32977350e-09,7.79359230e-08,1.24323414e-04,2.11349804e-03,7.26736931e-05,1.30812648e-03,7.17618592e-05,1.43523718e-03
1.79115361e+00,2.26409544e-02,5.24477346e-01,5.36608307e-01,7.11858236e-01,7.11858236e-01,6.91806322e-02,2.76722529e-01,2.36687434e-07,2.84024921e-06,7.82198407e-11,1.01685793e-09,5.18034222e-08,6.73444489e-07,2.73047595e-06,3.82266633e-05,5.64066715e-07,8.46100072e-06,1.88494665e-04,2.63892531e-03,1.02048932e-04,1.53073398e-03,4.18527364e-07,6.69643783e-06,1.73142330e-06,2.94341961e-05,5.36248108e-09,9.65246594e-08,1.24150573e-04,2.11055974e-03,7.89529272e-05,1.42115269e-03,7.17618592e-05,1.43523718e-03
1.93069773e+00,1.79427633e-02,2.61042082e-01,5.36608307e-01,7.11858236e-01,7.11858236e-01,6.91806381e-02,2.76722553e-01,2.36687434e-07,2.84024921e-06,8.65982341e-11,1.12577704e-09,5.17950438e-08,6.73335570e-07,2.98854459e-06,4.18396242e-05,6.44941886e-07,9.67412829e-06,1.88236596e-04,2.63531234e-03,1.01968057e-04,1.52952086e-03,4.18527364e-07,6.69643783e-06,1.91746043e-06,3.25968272e-05,6.56874142e-09,1.18237345e-07,1.23964536e-04,2.10739711e-03,8.53538310e-05,1.53636896e-03,7.17618592e-05,1.43523718e-03
2.08111337e+00,1.39641613e-02,1.23051556e-01,5.36608307e-01,7.11858236e-01,7.11858236e-01,6.91806438e-02,2.76722575e-01,2.36687434e-07,2.84024921e-06,9.56278487e-11,1.24316203e-09,5.17860142e-08,6.73218185e-07,3.26632301e-06,4.57285222e-05,7.32046054e-07,1.09806908e-05,1.87958818e-04,2.63142345e-03,1.01880953e-04,1.52821429e-03,4.18527364e-07,6.69643783e-06,2.11767904e-06,3.60005436e-05,7.97105009e-09,1.43478902e-07,1.23764317e-04,2.10399340e-03,9.18504434e-05,1.65330798e-03,7.17618592e-05,1.43523718e-03
2.24324750e+00,1.06575716e-02,5.47037771e-02,5.36608307e-01,7.11858236e-01,7.11858236e-01,6.91806490e-02,2.76722596e-01,2.36687434e-07,2.84024921e-06,1.05359174e-10,1.36966927e-09,5.17762829e-08,6.73091678e-07,3.56528339e-06,4.99139674e-05,8.25852955e-07,1.23877943e-05,1.87659857e-04,2.62723800e-03,1.01787146e-04,1.52680719e-03,4.18527364e-07,6.69643783e-06,2.33313402e-06,3.96632784e-05,9.59401598e-09,1.72692288e-07,1.23548863e-04,2.10033066e-03,9.84133533e-05,1.77144036e-03,7.17618592e-05,1.43523718e-03
2.41801308e+00,1.00000000e-02,2.28306710e-02,5.36608307e-01,7.11858236e-01,7.11858236e-01,6.91806539e-02,2.76722616e-01,2.36687434e-07,2.84024921e-06,1.15846594e-10,1.50600573e-09,5.17657955e-08,6.72955341e-07,3.88700249e-06,5.44180348e-05,9.26871381e-07,1.39030707e-05,1.87338138e-04,2.62273393e-03,1.01686128e-04,1.52529191e-03,4.18527364e-07,6.69643783e-06,2.56495452e-06,4.36042269e-05,1.14644283e-08,2.06359709e-07,1.23317042e-04,2.09638971e-03,1.05009815e-04,1.89017667e-03,7.17618592e-05,1.43523718e-03
2.60639420e+00,1.00000000e-02,8.90131734e-03,5.36608307e-01,7.11858236e-01,7.11858236e-01,6.91806584e-02,2.76722634e-01,2.36687434e-07,2.84024921e-06,1.27148683e-10,1.65293288e-09,5.17544934e-08,6.72808414e-07,4.23316824e-06,5.92643553e-05,1.03564762e-06,1.55347143e-05,1.86991972e-04,2.61788761e-03,1.01577351e-04,1.52366027e-03,4.18527364e-07,6.69643783e-06,2.81434845e-06,4.78439236e-05,1.36113021e-08,2.45003438e-07,1.23067648e-04,2.09215002e-03,1.11603979e-04,2.00887162e-03,7.17618592e-05,1.43523718e-03
2.80945159e+00,1.00000000e-02,3.22493340e-03,5.36608307e-01,7.11858236e-01,7.11858236e-01,6.91806624e-02,2.76722650e-01,2.36687434e-07,2.84024921e-06,1.39328525e-10,1.81127082e-09,5.17423135e-08,6.72650076e-07,4.60558655e-06,6.44782117e-05,1.15276802e-06,1.72915203e-05,1.86619554e-04,2.61267376e-03,1.01460231e-04,1.52190346e-03,4.18527364e-07,6.69643783e-06,3.08260720e-06,5.24043224e-05,1.60658998e-08,2.89186197e-07,1.22799389e-04,2.08758962e-03,1.18157247e-04,2.12683044e-03,7.17618592e-05,1.43523718e-03
3.02832867e+00,1.00000000e-02,1.07953128e-03,5.36608307e-01,7.11858236e-01,7.11858236e-01,6.91806660e-02,2.76722664e-01,2.36687434e-07,2.84024921e-06,1.52454056e-10,1.98190273e-09,5.17291880e-08,6.72479444e-07,5.00618841e-06,7.00866377e-05,1.27886174e-06,1.91829261e-05,1.86218952e-04,2.60706533e-03,1.01334137e-04,1.52001206e-03,4.18527364e-07,6.69643783e-06,3.37111048e-06,5.73088781e-05,1.88617250e-08,3.39511050e-07,1.22510886e-04,2.08268506e-03,1.24628774e-04,2.24331793e-03,7.17618592e-05,1.43523718e-03
3.26425788e+00,1.00000000e-02,3.31834435e-04,5.36608307e-01,7.11858236e-01,7.11858236e-01,6.91806692e-02,2.76722677e-01,2.36687434e-07,2.84024921e-06,1.66598435e-10,2.16577965e-09,5.17150436e-08,6.72295567e-07,5.43703712e-06,7.61185197e-05,1.41460360e-06,2.12190541e-05,1.85788103e-04,2.60103345e-03,1.01198395e-04,1.51797593e-03,4.18527364e-07,6.69643783e-06,3.68133127e-06,6.25826316e-05,2.20344883e-08,3.96620790e-07,1.22200665e-04,2.07741131e-03,1.30976115e-04,2.35757007e-03,7.17618592e-05,1.43523718e-03
3.51856773e+00,1.00000000e-02,9.30453421e-05,5.36608307e-01,7.11858236e-01,7.11858236e-01,6.91806719e-02,2.76722688e-01,2.36687434e-07,2.84024921e-06,1.81840434e-10,2.36392564e-09,5.16998016e-08,6.72097421e-07,5.90033584e-06,8.26047018e-05,1.56071714e-06,2.34107571e-05,1.85324805e-04,2.59454727e-03,1.01052282e-04,1.51578423e-03,4.18527364e-07,6.69643783e-06,4.01484089e-06,6.82522952e-05,2.56220464e-08,4.61196834e-07,1.21867156e-04,2.07174165e-03,1.37156019e-04,2.46880833e-03,7.17618592e-05,1.43523718e-03
3.79269019e+00,1.00000000e-02,2.36289959e-05,5.36608307e-01,7.11858236e-01,7.11858236e-01,6.91806743e-02,2.76722697e-01,2.36687434e-07,2.84024921e-06,1.98264867e-10,2.57744327e-09,5.16833772e-08,6.71883904e-07,6.39843521e-06,8.95780929e-05,1.71797775e-06,2.57696662e-05,1.84826705e-04,2.58757388e-03,1.00895021e-04,1.51342532e-03,4.18527364e-07,6.69643783e-06,4.37331412e-06,7.43463400e-05,2.96643142e-08,5.33957656e-07,1.21508682e-04,2.06564760e-03,1.43125366e-04,2.57625659e-03,7.17618592e-05,1.43523718e-03
4.08816882e+00,1.00000000e-02,5.39289006e-06,5.36608307e-01,7.11858236e-01,7.11858236e-01,6.91806762e-02,2.76722705e-01,2.36687434e-07,2.84024921e-06,2.15963041e-10,2.80751954e-09,5.16656790e-08,6.71653827e-07,6.93384105e-06,9.70737746e-05,1.88721606e-06,2.83082408e-05,1.84291300e-04,2.58007819e-03,1.00725783e-04,1.51088674e-03,4.18527364e-07,6.69643783e-06,4.75853427e-06,8.08950826e-05,3.42031596e-08,6.15656873e-07,1.21123462e-04,2.05909886e-03,1.48842233e-04,2.67916020e-03,7.17618592e-05,1.43523718e-03
4.40666743e+00,1.00000000e-02,1.09701011e-06,5.36608307e-01,7.11858236e-01,7.11858236e-01,6.91806778e-02,2.76722711e-01,2.36687434e-07,2.84024921e-06,2.35033247e-10,3.05543221e-09,5.16466088e-08,6.71405915e-07,7.50922218e-06,1.05129110e-04,2.06932139e-06,3.10398208e-05,1.83715918e-04,2.57202286e-03,1.00543678e-04,1.50815516e-03,4.18527364e-07,6.69643783e-06,5.17239834e-06,8.79307718e-05,3.92822842e-08,7.07081115e-07,1.20709598e-04,2.05206317e-03,1.54267047e-04,2.77680685e-03,7.17618592e-05,1.43523718e-03
4.74997943e+00,1.00000000e-02,1.97114279e-07,5.36608307e-01,7.11858236e-01,7.11858236e-01,6.91806791e-02,2.76722716e-01,2.36687434e-07,2.84024921e-06,2.55581281e-10,3.32255665e-09,5.16260608e-08,6.71138790e-07,8.12741812e-06,1.13783854e-04,2.26524538e-06,3.39786807e-05,1.83097722e-04,2.56336811e-03,1.00347754e-04,1.50521630e-03,4.18527364e-07,6.69643783e-06,5.61692196e-06,9.54876733e-05,4.49471057e-08,8.09047902e-07,1.20265075e-04,2.04450627e-03,1.59363796e-04,2.86854833e-03,7.17618592e-05,1.43523718e-03
5.12003798e+00,1.00000000e-02,3.09846186e-08,5.36608307e-01,7.11858236e-01,7.11858236e-01,6.91806801e-02,2.76722720e-01,2.36687434e-07,2.84024921e-06,2.77721003e-10,3.61037304e-09,5.16039211e-08,6.70850974e-07,8.79144670e-06,1.23080254e-04,2.47600576e-06,3.71400864e-05,1.82433694e-04,2.55407171e-03,1.00136993e-04,1.50205490e-03,4.18527364e-07,6.69643783e-06,6.09424417e-06,1.03602151e-04,5.12446540e-08,9.22403771e-07,1.19787752e-04,2.03639179e-03,1.64101244e-04,2.95382239e-03,7.17618592e-05,1.43523718e-03
5.51892683e+00,1.00000000e-02,4.21667397e-09,5.36608307e-01,7.11858236e-01,7.11858236e-01,6.91806808e-02,2.76722723e-01,2.36687434e-07,2.84024921e-06,3.01574940e-10,3.92047422e-09,5.15800671e-08,6.70540873e-07,9.50451135e-06,1.33063159e-04,2.70269023e-06,4.05403534e-05,1.81720629e-04,2.54408881e-03,9.99103087e-05,1.49865463e-03,4.18527364e-07,6.69643783e-06,6.60663194e-06,1.12312743e-04,5.82234992e-08,1.04802299e-06,1.19275365e-04,2.02768120e-03,1.68454076e-04,3.03217336e-03,7.17618592e-05,1.43523718e-03
5.94889208e+00,1.00000000e-02,4.91261081e-10,5.36608307e-01,7.11858236e-01,7.11858236e-01,6.91806814e-02,2.76722726e-01,2.36687434e-07,2.84024921e-06,3.27274928e-10,4.25457406e-09,5.15543671e-08,6.70206773e-07,1.02700081e-05,1.43780113e-04,2.94646045e-06,4.41969067e-05,1.80955133e-04,2.53337186e-03,9.96665385e-05,1.49499808e-03,4.18527364e-07,6.69643783e-06,7.15648428e-06,1.21660233e-04,6.59337314e-08,1.18680716e-06,1.18725512e-04,2.01833371e-03,1.72403909e-04,3.10327037e-03,7.17618592e-05,1.43523718e-03
6.41235480e+00,1.00000000e-02,4.84078569e-11,5.36608307e-01,7.11858236e-01,7.11858236e-01,6.91806818e-02,2.76722727e-01,2.36687434e-07,2.84024921e-06,3.54962794e-10,4.61451632e-09,5.15266793e-08,6.69846831e-07,1.10915318e-05,1.55281445e-04,3.20855613e-06,4.81283420e-05,1.80133609e-04,2.52187052e-03,9.94044428e-05,1.49106664e-03,4.18527364e-07,6.69643783e-06,7.74633583e-06,1.31687709e-04,7.44270121e-08,1.33968622e-06,1.18135661e-04,2.00830623e-03,1.75940094e-04,3.16692169e-03,7.17618592e-05,1.43523718e-03
6.91192469e+00,1.00000000e-02,3.98211333e-12,5.36608307e-01,7.11858236e-01,7.11858236e-01,6.91806821e-02,2.76722728e-01,2.36687434e-07,2.84024921e-06,3.84791097e-10,5.00228426e-09,5.14968510e-08,6.69459063e-07,1.19728819e-05,1.67620347e-04,3.49029918e-06,5.23544877e-05,1.79252259e-04,2.50953162e-03,9.91226998e-05,1.48684050e-03,4.18527364e-07,6.69643783e-06,8.37885976e-06,1.42440616e-04,8.37567179e-08,1.50762092e-06,1.17503137e-04,1.99755333e-03,1.79060226e-04,3.22308407e-03,7.17618592e-05,1.43523718e-03
7.45041477e+00,1.00000000e-02,2.69648031e-13,5.36608307e-01,7.11858236e-01,7.11858236e-01,6.91806823e-02,2.76722729e-01,2.36687434e-07,2.84024921e-06,4.16923909e-10,5.42001081e-09,5.14647182e-08,6.69041336e-07,1.29180671e-05,1.80852939e-04,3.79309788e-06,5.68964682e-05,1.78307074e-04,2.49629903e-03,9.88199011e-05,1.48229852e-03,4.18527364e-07,6.69643783e-06,9.05686979e-06,1.53966786e-04,9.39781935e-08,1.69160748e-06,1.16825127e-04,1.98602715e-03,1.81770311e-04,3.27186560e-03,7.17618592e-05,1.43523718e-03
8.03085722e+00,1.00000000e-02,1.48041165e-14,5.36608307e-01,7.11858236e-01,7.11858236e-01,6.91806824e-02,2.76722730e-01,2.36687434e-07,2.84024921e-06,4.51537650e-10,5.86998946e-09,5.14301044e-08,6.68591357e-07,1.39313085e-05,1.95038320e-04,4.11845103e-06,6.17767655e-05,1.77293832e-04,2.48211365e-03,9.84945479e-05,1.47741822e-03,4.18527364e-07,6.69643783e-06,9.78332120e-06,1.66316460e-04,1.05149127e-07,1.89268428e-06,1.16098675e-04,1.97367748e-03,1.84084539e-04,3.31352171e-03,7.17618592e-05,1.43523718e-03
8.65652043e+00,1.00000000e-02,6.48294139e-16,5.36608307e-01,7.11858236e-01,7.11858236e-01,6.91806825e-02,2.76722730e-01,2.36687434e-07,2.84024921e-06,4.88821988e-10,6.35468584e-09,5.13928201e-08,6.68106661e-07,1.50170418e-05,2.10238585e-04,4.46795208e-06,6.70192812e-05,1.76208099e-04,2.46691338e-03,9.81450469e-05,1.47217570e-03,4.18527364e-07,6.69643783e-06,1.05613105e-05,1.79542278e-04,1.17330051e-07,2.11194092e-06,1.15320686e-04,1.96045166e-03,1.86024647e-04,3.34844364e-03,7.17618592e-05,1.43523718e-03
9.33092744e+00,1.00000000e-02,2.22492765e-17,5.36608307e-01,7.11858236e-01,7.11858236e-01,6.91806825e-02,2.76722730e-01,2.36687434e-07,2.84024921e-06,5.28980781e-10,6.87675016e-09,5.13526613e-08,6.67584597e-07,1.61799168e-05,2.26518835e-04,4.84329311e-06,7.26493967e-05,1.75045224e-04,2.45063313e-03,9.77697058e-05,1.46654559e-03,4.18527364e-07,6.69643783e-06,1.13940735e-05,1.93699249e-04,1.30584978e-07,2.35052960e-06,1.14487923e-04,1.94629469e-03,1.87618884e-04,3.37713991e-03,7.17618592e-05,1.43523718e-03
1.00578757e+01,1.00000000e-02,5.87175214e-19,5.36608307e-01,7.11858236e-01,7.11858236e-01,6.91806826e-02,2.76722730e-01,2.36687434e-07,2.84024921e-06,5.72233100e-10,7.43903030e-09,5.13094090e-08,6.67022317e-07,1.74247953e-05,2.43947135e-04,5.24626860e-06,7.86940290e-05,1.73800345e-04,2.43320483e-03,9.73667303e-05,1.46050096e-03,4.18527364e-07,6.69643783e-06,1.22849815e-05,2.08844685e-04,1.44982138e-07,2.60967848e-06,1.13597015e-04,1.93114926e-03,1.88900642e-04,3.40021156e-03,7.17618592e-05,1.43523718e-03
1.08414587e+01,1.00000000e-02,1.16745178e-20,5.36608307e-01,7.11858236e-01,7.11858236e-01,6.91806826e-02,2.76722730e-01,2.36687434e-07,2.84024921e-06,6.18814298e-10,8.04458587e-09,5.12628278e-08,6.66416761e-07,1.87567462e-05,2.62594447e-04,5.67877899e-06,8.51816849e-05,1.72468394e-04,2.41455752e-03,9.69342200e-05,1.45401330e-03,4.18527364e-07,6.69643783e-06,1.32375354e-05,2.25038102e-04,1.60594824e-07,2.89070684e-06,1.12644461e-04,1.91495584e-03,1.89906822e-04,3.41832279e-03,7.17618592e-05,1.43523718e-03
1.16860886e+01,1.00000000e-02,1.71060015e-22,5.36608307e-01,7.11858236e-01,7.11858236e-01,6.91806826e-02,2.76722730e-01,2.36687434e-07,2.84024921e-06,6.68977158e-10,8.69670306e-09,5.12126649e-08,6.65764644e-07,2.01810368e-05,2.82534515e-04,6.14283380e-06,9.21425069e-05,1.71044104e-04,2.39461745e-03,9.64701652e-05,1.44705248e-03,4.18527364e-07,6.69643783e-06,1.42553572e-05,2.42341072e-04,1.77502298e-07,3.19504137e-06,1.11626639e-04,1.89765287e-03,1.90676062e-04,3.43216912e-03,7.17618592e-05,1.43523718e-03
1.25965213e+01,1.00000000e-02,1.80371883e-24,5.36608307e-01,7.11858236e-01,7.11858236e-01,6.91806826e-02,2.76722730e-01,2.36687434e-07,2.84024921e-06,7.22993106e-10,9.39891038e-09,5.11586490e-08,6.65062437e-07,2.17031205e-05,3.03843686e-04,6.64055428e-06,9.96083142e-05,1.69522020e-04,2.37330828e-03,9.59724447e-05,1.43958667e-03,4.18527364e-07,6.69643783e-06,1.53421777e-05,2.60817022e-04,1.95790734e-07,3.52423322e-06,1.10539819e-04,1.87917692e-03,1.91246975e-04,3.44244555e-03,7.17618592e-05,1.43523718e-03
1.35778836e+01,1.00000000e-02,1.33403686e-26,5.36608307e-01,7.11858236e-01,7.11858236e-01,6.91806826e-02,2.76722730e-01,2.36687434e-07,2.84024921e-06,7.81153494e-10,1.01549954e-08,5.11004886e-08,6.64306351e-07,2.33286206e-05,3.26600689e-04,7.17417547e-06,1.07612632e-04,1.67896520e-04,2.35055128e-03,9.54388235e-05,1.43158235e-03,4.18527364e-07,6.69643783e-06,1.65018225e-05,2.80530983e-04,2.15554166e-07,3.87997498e-06,1.09380174e-04,1.85946296e-03,1.91656507e-04,3.44981713e-03,7.17618592e-05,1.43523718e-03
1.46357012e+01,1.00000000e-02,6.73203039e-29,5.36608307e-01,7.11858236e-01,7.11858236e-01,6.91806826e-02,2.76722730e-01,2.36687434e-07,2.84024921e-06,8.43770961e-10,1.09690225e-08,5.10378711e-08,6.63492324e-07,2.50633084e-05,3.50886318e-04,7.74604744e-06,1.16190712e-04,1.66161832e-04,2.32626565e-03,9.48669515e-05,1.42300427e-03,4.18527364e-07,6.69643783e-06,1.77381918e-05,3.01549260e-04,2.36895404e-07,4.26411727e-06,1.08143805e-04,1.83844468e-03,1.91938579e-04,3.45489442e-03,7.17618592e-05,1.43523718e-03
1.57759306e+01,1.00000000e-02,1.00000000e-30,5.36608307e-01,7.11858236e-01,7.11858236e-01,6.91806826e-02,2.76722730e-01,2.36687434e-07,2.84024921e-06,9.11180865e-10,1.18453512e-08,5.09704612e-08,6.62615996e-07,2.69130752e-05,3.76783052e-04,8.35863556e-06,1.25379533e-04,1.64312065e-04,2.30036892e-03,9.42543634e-05,1.41381545e-03,4.18527364e-07,6.69643783e-06,1.90552372e-05,3.23939032e-04,2.59926911e-07,4.67868440e-06,1.06826759e-04,1.81605491e-03,1.92123073e-04,3.45821531e-03,7.17618592e-05,1.43523718e-03
1.70049924e+01,1.00000000e-02,1.00000000e-30,5.36608307e-01,7.11858236e-01,7.11858236e-01,6.91806826e-02,2.76722730e-01,2.36687434e-07,2.84024921e-06,9.83742794e-10,1.27886563e-08,5.08978993e-08,6.61672691e-07,2.88838980e-05,4.04374572e-04,9.01451960e-06,1.35217794e-04,1.62341243e-04,2.27277740e-03,9.35984793e-05,1.40397719e-03,4.18527364e-07,6.69643783e-06,2.04569330e-05,3.47767860e-04,2.84771614e-07,5.12588906e-06,1.05425064e-04,1.79222608e-03,1.92235242e-04,3.46023436e-03,7.17618592e-05,1.43523718e-03
1.83298071e+01,1.00000000e-02,1.00000000e-30,5.36608307e-01,7.11858236e-01,7.11858236e-01,6.91806826e-02,2.76722730e-01,2.36687434e-07,2.84024921e-06,1.06184215e-09,1.38039480e-08,5.08197999e-08,6.60657399e-07,3.09817978e-05,4.33745169e-04,9.71639150e-06,1.45745872e-04,1.60243343e-04,2.24340680e-03,9.28966074e-05,1.39344911e-03,4.18527364e-07,6.69643783e-06,2.19472412e-05,3.73103100e-04,3.11563665e-07,5.60814597e-06,1.03934755e-04,1.76689084e-03,1.92295532e-04,3.46131957e-03,7.17618592e-05,1.43523718e-03
1.97578347e+01,1.00000000e-02,1.00000000e-30,5.36608307e-01,7.11858236e-01,7.11858236e-01,6.91806826e-02,2.76722730e-01,2.36687434e-07,2.84024921e-06,1.14589183e-09,1.48965938e-08,5.07357502e-08,6.59564753e-07,3.32127886e-05,4.64979040e-04,1.04670514e-05,1.57005771e-04,1.58012352e-04,2.21217293e-03,9.21459476e-05,1.38218921e-03,4.18527364e-07,6.69643783e-06,2.35300710e-05,4.00011207e-04,3.40449158e-07,6.12808484e-06,1.02351926e-04,1.73998273e-03,1.92319769e-04,3.46175584e-03,7.17618592e-05,1.43523718e-03
2.12971163e+01,1.00000000e-02,1.00000000e-30,5.36608307e-01,7.11858236e-01,7.11858236e-01,6.91806826e-02,2.76722730e-01,2.36687434e-07,2.84024921e-06,1.23633393e-09,1.60723411e-08,5.06453081e-08,6.58389006e-07,3.55828176e-05,4.98159446e-04,1.12694016e-05,1.69041024e-04,1.55642323e-04,2.17899252e-03,9.13435974e-05,1.37015396e-03,4.18527364e-07,6.69643783e-06,2.52092305e-05,4.28556919e-04,3.71586838e-07,6.68856309e-06,1.00672766e-04,1.71143702e-03,1.92319637e-04,3.46175346e-03,7.17618592e-05,1.43523718e-03
2.29563192e+01,1.00000000e-02,1.00000000e-30,5.36608307e-01,7.11858236e-01,7.11858236e-01,6.91806826e-02,2.76722730e-01,2.36687434e-07,2.84024921e-06,1.33364160e-09,1.73373408e-08,5.05480005e-08,6.57124006e-07,3.80976947e-05,5.33367726e-04,1.21264386e-05,1.81896579e-04,1.53127446e-04,2.14378424e-03,9.04865604e-05,1.35729841e-03,4.18527364e-07,6.69643783e-06,2.69883715e-05,4.58802315e-04,4.05148826e-07,7.29267887e-06,9.88936250e-05,1.68119163e-03,1.92303331e-04,3.46145995e-03,7.17618592e-05,1.43523718e-03
2.47447864e+01,1.00000000e-02,1.00000000e-30,5.36608307e-01,7.11858236e-01,7.11858236e-01,6.91806826e-02,2.76722730e-01,2.36687434e-07,2.84024921e-06,1.43832088e-09,1.86981715e-08,5.04433212e-08,6.55763175e-07,4.07630111e-05,5.70682155e-04,1.30412420e-05,1.95618630e-04,1.50462130e-04,2.10646981e-03,8.95717569e-05,1.34357635e-03,4.18527364e-07,6.69643783e-06,2.88709253e-05,4.90805730e-04,4.41321383e-07,7.94378490e-06,9.70110713e-05,1.64918821e-03,1.92276282e-04,3.46097307e-03,7.17618592e-05,1.43523718e-03
2.66725884e+01,1.00000000e-02,1.00000000e-30,5.36608307e-01,7.11858236e-01,7.11858236e-01,6.91806826e-02,2.76722730e-01,2.36687434e-07,2.84024921e-06,1.55091270e-09,2.01618651e-08,5.03307294e-08,6.54299482e-07,4.35840445e-05,6.10176623e-04,1.40169607e-05,2.10254411e-04,1.47641096e-04,2.06697535e-03,8.85960382e-05,1.32894057e-03,4.18527364e-07,6.69643783e-06,3.08600306e-05,5.24620521e-04,4.80305766e-07,8.64550378e-06,9.50219659e-05,1.61537342e-03,1.92241862e-04,3.46035351e-03,7.17618592e-05,1.43523718e-03
2.87505804e+01,1.00000000e-02,1.00000000e-30,5.36608307e-01,7.11858236e-01,7.11858236e-01,6.91806826e-02,2.76722730e-01,2.36687434e-07,2.84024921e-06,1.67199483e-09,2.17359328e-08,5.02096472e-08,6.52725414e-07,4.65656528e-05,6.51919139e-04,1.50567956e-05,2.25851934e-04,1.44659488e-04,2.02523283e-03,8.75562034e-05,1.31334305e-03,4.18527364e-07,6.69643783e-06,3.29584521e-05,5.60293687e-04,5.22319170e-07,9.40174506e-06,9.29235444e-05,1.57970025e-03,1.92202000e-04,3.45963600e-03,7.17618592e-05,1.43523718e-03
3.09904634e+01,1.00000000e-02,1.00000000e-30,5.36608307e-01,7.11858236e-01,7.11858236e-01,6.91806826e-02,2.76722730e-01,2.36687434e-07,2.84024921e-06,1.80218396e-09,2.34283915e-08,5.00794581e-08,6.51032955e-07,4.97121531e-05,6.95970144e-04,1.61639778e-05,2.42459667e-04,1.41512987e-04,1.98118182e-03,8.64490211e-05,1.29673532e-03,4.18527364e-07,6.69643783e-06,3.51684895e-05,5.97864322e-04,5.67595794e-07,1.02167243e-05,9.07135070e-05,1.54212962e-03,1.92157675e-04,3.45883815e-03,7.17618592e-05,1.43523718e-03
3.34048498e+01,1.00000000e-02,1.00000000e-30,5.36608307e-01,7.11858236e-01,7.11858236e-01,6.91806826e-02,2.76722730e-01,2.36687434e-07,2.84024921e-06,1.94213777e-09,2.52477910e-08,4.99395043e-08,6.49213556e-07,5.30271872e-05,7.42380621e-04,1.73417435e-05,2.60126153e-04,1.38197953e-04,1.93477135e-03,8.52712554e-05,1.27906883e-03,4.18527364e-07,6.69643783e-06,3.74918775e-05,6.37361918e-04,6.16388018e-07,1.10949843e-05,8.83901190e-05,1.50263202e-03,1.92109275e-04,3.45796696e-03,7.17618592e-05,1.43523718e-03
3.60073348e+01,1.00000000e-02,1.00000000e-30,5.36608307e-01,7.11858236e-01,7.11858236e-01,6.91806826e-02,2.76722730e-01,2.36687434e-07,2.84024921e-06,2.09255703e-09,2.72032414e-08,4.97890850e-08,6.47258105e-07,5.65135726e-05,7.91190017e-04,1.85933028e-05,2.78899542e-04,1.34711568e-04,1.88596195e-03,8.40196961e-05,1.26029544e-03,4.18527364e-07,6.69643783e-06,3.99296771e-05,6.78804510e-04,6.68967711e-07,1.20414188e-05,8.59523195e-05,1.46118943e-03,1.92056846e-04,3.45702323e-03,7.17618592e-05,1.43523718e-03
3.88125727e+01,1.00000000e-02,1.00000000e-30,5.36608307e-01,7.11858236e-01,7.11858236e-01,6.91806826e-02,2.76722730e-01,2.36687434e-07,2.84024921e-06,2.25418772e-09,2.93044404e-08,4.96274543e-08,6.45156906e-07,6.01731403e-05,8.42423964e-04,1.99218037e-05,2.98827055e-04,1.31052000e-04,1.83472800e-03,8.26911953e-05,1.24036793e-03,4.18527364e-07,6.69643783e-06,4.24821579e-05,7.22196684e-04,7.25627663e-07,1.30612979e-05,8.33998387e-05,1.41779726e-03,1.92000239e-04,3.45600431e-03,7.17618592e-05,1.43523718e-03
4.18363594e+01,1.00000000e-02,1.00000000e-30,5.36608307e-01,7.11858236e-01,7.11858236e-01,6.91806826e-02,2.76722730e-01,2.36687434e-07,2.84024921e-06,2.42782308e-09,3.15617000e-08,4.94538190e-08,6.42899647e-07,6.40065592e-05,8.96091829e-04,2.13302897e-05,3.19954346e-04,1.27218581e-04,1.78106014e-03,8.12827092e-05,1.21924064e-03,4.18527364e-07,6.69643783e-06,4.51486740e-05,7.67527457e-04,7.86683136e-07,1.41602964e-05,8.07333226e-05,1.37246648e-03,1.91939201e-04,3.45490562e-03,7.17618592e-05,1.43523718e-03
4.50957214e+01,1.00000000e-02,1.00000000e-30,5.36608307e-01,7.11858236e-01,7.11858236e-01,6.91806826e-02,2.76722730e-01,2.36687434e-07,2.84024921e-06,2.61430562e-09,3.39859731e-08,4.92673364e-08,6.40475374e-07,6.80131500e-05,9.52184099e-04,2.28216520e-05,3.42324779e-04,1.23211991e-04,1.72496787e-03,7.97913470e-05,1.19687020e-03,4.18527364e-07,6.69643783e-06,4.79275338e-05,8.14768075e-04,8.52473542e-07,1.53445238e-05,7.79544627e-05,1.32522587e-03,1.91873416e-04,3.45372148e-03,7.17618592e-05,1.43523718e-03
4.86090118e+01,1.00000000e-02,1.00000000e-30,5.36608307e-01,7.11858236e-01,7.11858236e-01,6.91806826e-02,2.76722730e-01,2.36687434e-07,2.84024921e-06,2.81452911e-09,3.65888784e-08,4.90671130e-08,6.37872468e-07,7.21906888e-05,1.01066964e-03,2.43985730e-05,3.65978595e-04,1.19034452e-04,1.66648233e-03,7.82144260e-05,1.17321639e-03,4.18527364e-07,6.69643783e-06,5.08158670e-05,8.63869739e-04,9.23364254e-07,1.66205566e-05,7.50661295e-05,1.27612420e-03,1.91802526e-04,3.45244548e-03,7.17618592e-05,1.43523718e-03
5.23960135e+01,1.00000000e-02,1.00000000e-30,5.36608307e-01,7.11858236e-01,7.11858236e-01,6.91806826e-02,2.76722730e-01,2.36687434e-07,2.84024921e-06,3.02944031e-09,3.93827241e-08,4.88522018e-08,6.35078623e-07,7.65352068e-05,1.07149290e-03,2.60634645e-05,3.90951968e-04,1.14689934e-04,1.60565907e-03,7.65495344e-05,1.14824302e-03,4.18527364e-07,6.69643783e-06,5.38094909e-05,9.14761346e-04,9.99748546e-07,1.79954738e-05,7.20725056e-05,1.22523260e-03,1.91726143e-04,3.45107057e-03,7.17618592e-05,1.43523718e-03
5.64780507e+01,1.00000000e-02,1.00000000e-30,5.36608307e-01,7.11858236e-01,7.11858236e-01,6.91806826e-02,2.76722730e-01,2.36687434e-07,2.84024921e-06,3.26004065e-09,4.23805284e-08,4.86216014e-08,6.32080818e-07,8.10407871e-05,1.13457102e-03,2.78183971e-05,4.17275957e-04,1.10184354e-04,1.54258095e-03,7.47946018e-05,1.12191903e-03,4.18527364e-07,6.69643783e-06,5.69027811e-05,9.67347278e-04,1.08204967e-06,1.94768941e-05,6.89792155e-05,1.17264666e-03,1.91643841e-04,3.44958915e-03,7.17618592e-05,1.43523718e-03
6.08781089e+01,1.00000000e-02,1.00000000e-30,5.36608307e-01,7.11858236e-01,7.11858236e-01,6.91806826e-02,2.76722730e-01,2.36687434e-07,2.84024921e-06,3.50738758e-09,4.55960386e-08,4.83742545e-08,6.28865308e-07,8.56993666e-05,1.19979113e-03,2.96650226e-05,4.44975339e-04,1.05525774e-04,1.47736084e-03,7.29479763e-05,1.09421964e-03,4.18527364e-07,6.69643783e-06,6.00885499e-05,1.02150535e-03,1.17072310e-06,2.10730158e-05,6.57934467e-05,1.11848859e-03,1.91555168e-04,3.44799302e-03,7.17618592e-05,1.43523718e-03
6.56209641e+01,1.00000000e-02,1.00000000e-30,5.36608307e-01,7.11858236e-01,7.11858236e-01,6.91806826e-02,2.76722730e-01,2.36687434e-07,2.84024921e-06,3.77259569e-09,4.90437440e-08,4.81090464e-08,6.25417603e-07,9.05005492e-05,1.26700769e-03,3.16044887e-05,4.74067330e-04,1.00724591e-04,1.41014428e-03,7.10085103e-05,1.06512765e-03,4.18527364e-07,6.69643783e-06,6.33579397e-05,1.07708498e-03,1.26625890e-06,2.27926602e-05,6.25240568e-05,1.06290897e-03,1.91459632e-04,3.44627338e-03,7.17618592e-05,1.43523718e-03
7.07333228e+01,1.00000000e-02,1.00000000e-30,5.36608307e-01,7.11858236e-01,7.11858236e-01,6.91806826e-02,2.76722730e-01,2.36687434e-07,2.84024921e-06,4.05683740e-09,5.27388862e-08,4.78248047e-08,6.21722461e-07,9.54314383e-05,1.33604014e-03,3.36373467e-05,5.04560201e-04,9.57937023e-05,1.34111183e-03,6.89756522e-05,1.03463478e-03,4.18527364e-07,6.69643783e-06,6.67003366e-05,1.13390572e-03,1.36918429e-06,2.46453171e-05,5.91816599e-05,1.00608822e-03,1.91356707e-04,3.44442072e-03,7.17618592e-05,1.43523718e-03
7.62439721e+01,1.00000000e-02,1.00000000e-30,5.36608307e-01,7.11858236e-01,7.11858236e-01,6.91806826e-02,2.76722730e-01,2.36687434e-07,2.84024921e-06,4.36134320e-09,5.66974616e-08,4.75202989e-08,6.17763885e-07,1.00476499e-04,1.40667098e-03,3.57634532e-05,5.36451797e-04,9.07486418e-05,1.27048099e-03,6.68495458e-05,1.00274319e-03,4.18527364e-07,6.69643783e-06,7.01033126e-05,1.19175631e-03,1.48006636e-06,2.66411944e-05,5.57786840e-05,9.48237627e-04,1.91245825e-04,3.44242485e-03,7.17618592e-05,1.43523718e-03
8.21839418e+01,1.00000000e-02,1.00000000e-30,5.36608307e-01,7.11858236e-01,7.11858236e-01,6.91806826e-02,2.76722730e-01,2.36687434e-07,2.84024921e-06,4.68740134e-09,6.09362174e-08,4.71942407e-08,6.13525130e-07,1.05617460e-04,1.47864443e-03,3.79818657e-05,5.69727985e-04,8.56076810e-05,1.19850753e-03,6.46311333e-05,9.69466999e-04,4.18527364e-07,6.69643783e-06,7.35526039e-05,1.25039427e-03,1.59951501e-06,2.87912701e-05,5.23293926e-05,8.89599675e-04,1.91126376e-04,3.44027477e-03,7.17618592e-05,1.43523718e-03
8.85866790e+01,1.00000000e-02,1.00000000e-30,5.36608307e-01,7.11858236e-01,7.11858236e-01,6.91806826e-02,2.76722730e-01,2.36687434e-07,2.84024921e-06,5.03635680e-09,6.54726383e-08,4.68452853e-08,6.08988709e-07,1.10833269e-04,1.55166577e-03,4.02907356e-05,6.04361034e-04,8.03918716e-05,1.12548620e-03,6.23222633e-05,9.34833950e-04,4.18527364e-07,6.69643783e-06,7.70321357e-05,1.30954631e-03,1.72818604e-06,3.11073487e-05,4.88498609e-05,8.30447635e-04,1.90997705e-04,3.43795869e-03,7.17618592e-05,1.43523718e-03
9.54882369e+01,1.00000000e-02,1.00000000e-30,5.36608307e-01,7.11858236e-01,7.11858236e-01,6.91806826e-02,2.76722730e-01,2.36687434e-07,2.84024921e-06,5.40960948e-09,7.03249233e-08,4.64720326e-08,6.04136424e-07,1.16100116e-04,1.62540162e-03,4.26871992e-05,6.40307989e-04,7.51250247e-05,1.05175035e-03,5.99257997e-05,8.98886996e-04,4.18527364e-07,6.69643783e-06,8.05240995e-05,1.36890969e-03,1.86678449e-06,3.36021209e-05,4.53578970e-05,7.71084250e-04,1.90859107e-04,3.43546392e-03,7.17618592e-05,1.43523718e-03
1.02927477e+02,1.00000000e-02,1.00000000e-30,5.36608307e-01,7.11858236e-01,7.11858236e-01,6.91806826e-02,2.76722730e-01,2.36687434e-07,2.84024921e-06,5.80861145e-09,7.55119488e-08,4.60730306e-08,5.98949398e-07,1.21391530e-04,1.69948142e-03,4.51672699e-05,6.77509049e-04,6.98336103e-05,9.77670545e-04,5.74457290e-05,8.61685935e-04,4.18527364e-07,6.69643783e-06,8.40090945e-05,1.42815461e-03,2.01606816e-06,3.62892269e-05,4.18729020e-05,7.11839334e-04,1.90709823e-04,3.43277681e-03,7.17618592e-05,1.43523718e-03
1.10946289e+02,1.00000000e-02,1.00000000e-30,5.36608307e-01,7.11858236e-01,7.11858236e-01,6.91806826e-02,2.76722730e-01,2.36687434e-07,2.84024921e-06,6.23486296e-09,8.10532185e-08,4.56467791e-08,5.93408128e-07,1.26678577e-04,1.77350007e-03,4.77257358e-05,7.15886036e-04,6.45465639e-05,9.03651895e-04,5.48872632e-05,8.23308948e-04,4.18527364e-07,6.69643783e-06,8.74663386e-05,1.48692776e-03,2.17685137e-06,3.91833246e-05,3.84156579e-05,6.53066184e-04,1.90549040e-04,3.42988272e-03,7.17618592e-05,1.43523718e-03
1.19589826e+02,1.00000000e-02,1.00000000e-30,5.36608307e-01,7.11858236e-01,7.11858236e-01,6.91806826e-02,2.76722730e-01,2.36687434e-07,2.84024921e-06,6.68990735e-09,8.69687955e-08,4.51917347e-08,5.87492551e-07,1.31930150e-04,1.84702210e-03,5.03560657e-05,7.55340986e-04,5.92949903e-05,8.30129864e-04,5.22569332e-05,7.83853998e-04,4.18527364e-07,6.69643783e-06,9.08739543e-05,1.54485722e-03,2.35000897e-06,4.23001615e-05,3.50080422e-05,5.95136718e-04,1.90375882e-04,3.42676588e-03,7.17618592e-05,1.43523718e-03
1.28906759e+02,1.00000000e-02,1.00000000e-30,5.36608307e-01,7.11858236e-01,7.11858236e-01,6.91806826e-02,2.76722730e-01,2.36687434e-07,2.84024921e-06,7.17532425e-09,9.32792152e-08,4.47063178e-08,5.81182132e-07,1.37113390e-04,1.91958745e-03,5.30503307e-05,7.95754961e-04,5.41117511e-05,7.57564515e-04,4.95626682e-05,7.43440023e-04,4.18527364e-07,6.69643783e-06,9.42093355e-05,1.60155870e-03,2.53648063e-06,4.56566513e-05,3.16726610e-05,5.38435237e-04,1.90189411e-04,3.42340939e-03,7.17618592e-05,1.43523718e-03
1.38949549e+02,1.00000000e-02,1.00000000e-30,5.36608307e-01,7.11858236e-01,7.11858236e-01,6.91806826e-02,2.76722730e-01,2.36687434e-07,2.84024921e-06,7.69272121e-09,1.00005376e-07,4.41889209e-08,5.74455971e-07,1.42194203e-04,1.99071885e-03,5.57991438e-05,8.36987158e-04,4.90309371e-05,6.86433120e-04,4.68138551e-05,7.02207827e-04,4.18527364e-07,6.69643783e-06,9.74495904e-05,1.65664304e-03,2.73727526e-06,4.92709546e-05,2.84324061e-05,4.83350904e-04,1.89988616e-04,3.41979509e-03,7.17618592e-05,1.43523718e-03
1.49774748e+02,1.00000000e-02,1.00000000e-30,5.36608307e-01,7.11858236e-01,7.11858236e-01,6.91806826e-02,2.76722730e-01,2.36687434e-07,2.84024921e-06,8.24372336e-09,1.07168404e-07,4.36379187e-08,5.67292943e-07,1.47137923e-04,2.05993092e-03,5.85916275e-05,8.78874413e-04,4.40872180e-05,6.17221052e-04,4.40213714e-05,6.60320571e-04,4.18527364e-07,6.69643783e-06,1.00572059e-04,1.70972500e-03,2.95347587e-06,5.31625657e-05,2.53099379e-05,4.30268945e-04,1.89772415e-04,3.41590347e-03,7.17618592e-05,1.43523718e-03
1.61443309e+02,1.00000000e-02,1.00000000e-30,5.36608307e-01,7.11858236e-01,7.11858236e-01,6.91806826e-02,2.76722730e-01,2.36687434e-07,2.84024921e-06,8.82996082e-09,1.14789491e-07,4.30516813e-08,5.59671856e-07,1.51910059e-04,2.12674082e-03,6.14154141e-05,9.21231211e-04,3.93150819e-05,5.50411147e-04,4.11975849e-05,6.17963773e-04,4.18527364e-07,6.69643783e-06,1.03554889e-04,1.76043311e-03,3.18624460e-06,5.73524028e-05,2.23271077e-05,3.79560831e-04,1.89539647e-04,3.41171364e-03,7.17618592e-05,1.43523718e-03
1.74020937e+02,1.00000000e-02,1.00000000e-30,5.36608307e-01,7.11858236e-01,7.11858236e-01,6.91806826e-02,2.76722730e-01,2.36687434e-07,2.84024921e-06,9.45305376e-09,1.22889699e-07,4.24285883e-08,5.51571648e-07,1.56477165e-04,2.19068031e-03,6.42566862e-05,9.63850293e-04,3.47479756e-05,4.86471658e-04,3.83563128e-05,5.75344692e-04,4.18527364e-07,6.69643783e-06,1.06377663e-04,1.80842026e-03,3.43682801e-06,6.18629041e-05,1.95043339e-05,3.31573677e-04,1.89289063e-04,3.40720314e-03,7.17618592e-05,1.43523718e-03
1.87578456e+02,1.00000000e-02,1.00000000e-30,5.36608307e-01,7.11858236e-01,7.11858236e-01,6.91806826e-02,2.76722730e-01,2.36687434e-07,2.84024921e-06,1.01145947e-08,1.31489731e-07,4.17670474e-08,5.42971616e-07,1.60807769e-04,2.25130877e-03,6.71002659e-05,1.00650399e-03,3.04173715e-05,4.25843202e-04,3.55127331e-05,5.32690996e-04,4.18527364e-07,6.69643783e-06,1.09022038e-04,1.85337464e-03,3.70656272e-06,6.67181290e-05,1.68599590e-05,2.86619303e-04,1.89019328e-04,3.40234791e-03,7.17618592e-05,1.43523718e-03
2.02192206e+02,1.00000000e-02,1.00000000e-30,5.36608307e-01,7.11858236e-01,7.11858236e-01,6.91806826e-02,2.76722730e-01,2.36687434e-07,2.84024921e-06,1.08161280e-08,1.40609663e-07,4.10655141e-08,5.33851683e-07,1.64873346e-04,2.30822684e-03,6.99297573e-05,1.04894636e-03,2.63517948e-05,3.68925127e-04,3.26832416e-05,4.90248625e-04,4.18527364e-07,6.69643783e-06,1.11472383e-04,1.89503051e-03,3.99688133e-06,7.19438639e-05,1.44096138e-05,2.44963435e-04,1.88729010e-04,3.39712218e-03,7.17618592e-05,1.43523718e-03
2.17944475e+02,1.00000000e-02,1.00000000e-30,5.36608307e-01,7.11858236e-01,7.11858236e-01,6.91806826e-02,2.76722730e-01,2.36687434e-07,2.84024921e-06,1.15591257e-08,1.50268634e-07,4.03225164e-08,5.24192713e-07,1.68649286e-04,2.36109001e-03,7.27277490e-05,1.09091624e-03,2.25758542e-05,3.16061959e-04,2.98852499e-05,4.48278749e-04,4.18527364e-07,6.69643783e-06,1.13716368e-04,1.93317825e-03,4.30931855e-06,7.75677340e-05,1.21656288e-05,2.06815690e-04,1.88416573e-04,3.39149831e-03,7.17618592e-05,1.43523718e-03
2.34923963e+02,1.00000000e-02,1.00000000e-30,5.36608307e-01,7.11858236e-01,7.11858236e-01,6.91806826e-02,2.76722730e-01,2.36687434e-07,2.84024921e-06,1.23449607e-08,1.60484489e-07,3.95366814e-08,5.13976858e-07,1.72115811e-04,2.40962135e-03,7.54760800e-05,1.13214120e-03,1.91093298e-05,2.67530617e-04,2.71369189e-05,4.07053784e-04,4.18527364e-07,6.69643783e-06,1.15745469e-04,1.96767297e-03,4.64551773e-06,8.36193191e-05,1.01365275e-05,1.72320967e-04,1.88080373e-04,3.38544672e-03,7.17618592e-05,1.43523718e-03
2.53226278e+02,1.00000000e-02,1.00000000e-30,5.36608307e-01,7.11858236e-01,7.11858236e-01,6.91806826e-02,2.76722730e-01,2.36687434e-07,2.84024921e-06,1.31748757e-08,1.71273384e-07,3.87067664e-08,5.03187963e-07,1.75258766e-04,2.45362272e-03,7.81561700e-05,1.17234255e-03,1.59663748e-05,2.23529248e-04,2.44568289e-05,3.66852434e-04,4.18527364e-07,6.69643783e-06,1.17555352e-04,1.99844098e-03,5.00723752e-06,9.01302754e-05,8.32664488e-06,1.41552963e-04,1.87718654e-04,3.37893577e-03,7.17618592e-05,1.43523718e-03
2.72954479e+02,1.00000000e-02,1.00000000e-30,5.36608307e-01,7.11858236e-01,7.11858236e-01,6.91806826e-02,2.76722730e-01,2.36687434e-07,2.84024921e-06,1.40499484e-08,1.82649329e-07,3.78316937e-08,4.91812017e-07,1.78070246e-04,2.49298345e-03,8.07494115e-05,1.21124117e-03,1.31548942e-05,1.84168518e-04,2.18635875e-05,3.27953812e-04,4.18527364e-07,6.69643783e-06,1.19146089e-04,2.02548352e-03,5.39635893e-06,9.71344607e-05,6.73590720e-06,1.14510422e-04,1.87329532e-04,3.37193158e-03,7.17618592e-05,1.43523718e-03
2.94219653e+02,1.00000000e-02,1.00000000e-30,5.36608307e-01,7.11858236e-01,7.11858236e-01,6.91806826e-02,2.76722730e-01,2.36687434e-07,2.84024921e-06,1.49710535e-08,1.94623696e-07,3.69105886e-08,4.79837651e-07,1.80548985e-04,2.52768579e-03,8.32376170e-05,1.24856426e-03,1.06761559e-05,1.49466182e-04,1.93753819e-05,2.90630729e-04,4.18527364e-07,6.69643783e-06,1.20522193e-04,2.04887727e-03,5.81489250e-06,1.04668065e-04,5.35980398e-06,9.11166676e-05,1.86910999e-04,3.36439798e-03,7.17618592e-05,1.43523718e-03
3.17141542e+02,1.00000000e-02,1.00000000e-30,5.36608307e-01,7.11858236e-01,7.11858236e-01,6.91806826e-02,2.76722730e-01,2.36687434e-07,2.84024921e-06,1.59388201e-08,2.07204661e-07,3.59428220e-08,4.67256686e-07,1.82700454e-04,2.55780636e-03,8.56035115e-05,1.28405267e-03,8.52468621e-06,1.19345607e-04,1.70094875e-05,2.55142312e-04,4.18527364e-07,6.69643783e-06,1.21692425e-04,2.06877122e-03,6.26498579e-06,1.12769744e-04,4.18957174e-06,7.12227196e-05,1.86460905e-04,3.35629630e-03,7.17618592e-05,1.43523718e-03
3.41849215e+02,1.00000000e-02,1.00000000e-30,5.36608307e-01,7.11858236e-01,7.11858236e-01,6.91806826e-02,2.76722730e-01,2.36687434e-07,2.84024921e-06,1.69535859e-08,2.20396617e-07,3.49280561e-08,4.54064730e-07,1.84536660e-04,2.58351323e-03,8.78312502e-05,1.31746875e-03,6.68848104e-06,9.36387345e-05,1.47817487e-05,2.21726231e-04,4.18527364e-07,6.69643783e-06,1.22669402e-04,2.08537984e-03,6.74893096e-06,1.21480757e-04,3.21259425e-06,5.46141023e-05,1.85976960e-04,3.34758528e-03,7.17618592e-05,1.43523718e-03
3.68481798e+02,1.00000000e-02,1.00000000e-30,5.36608307e-01,7.11858236e-01,7.11858236e-01,6.91806826e-02,2.76722730e-01,2.36687434e-07,2.84024921e-06,1.80153486e-08,2.34199532e-07,3.38662934e-08,4.40261815e-07,1.86075594e-04,2.60505832e-03,8.99069435e-05,1.34860415e-03,5.14954649e-06,7.20936508e-05,1.27060555e-05,1.90590832e-04,4.18527364e-07,6.69643783e-06,1.23468991e-04,2.09897285e-03,7.26917249e-06,1.30845105e-04,2.41300560e-06,4.10210952e-05,1.85456719e-04,3.33822094e-03,7.17618592e-05,1.43523718e-03
3.97189257e+02,1.00000000e-02,1.00000000e-30,5.36608307e-01,7.11858236e-01,7.11858236e-01,6.91806826e-02,2.76722730e-01,2.36687434e-07,2.84024921e-06,1.91237134e-08,2.48608274e-07,3.27579287e-08,4.25853073e-07,1.87340388e-04,2.62276543e-03,9.18191587e-05,1.37728738e-03,3.88475305e-06,5.43865427e-05,1.07938403e-05,1.61907604e-04,4.18527364e-07,6.69643783e-06,1.24109534e-04,2.10986208e-03,7.82831502e-06,1.40909670e-04,1.77246260e-06,3.01318643e-05,1.84897576e-04,3.32815637e-03,7.17618592e-05,1.43523718e-03
4.28133240e+02,1.00000000e-02,1.00000000e-30,5.36608307e-01,7.11858236e-01,7.11858236e-01,6.91806826e-02,2.76722730e-01,2.36687434e-07,2.84024921e-06,2.02778395e-08,2.63611913e-07,3.16038026e-08,4.10849434e-07,1.88358181e-04,2.63701454e-03,9.35593703e-05,1.40339055e-03,2.86695945e-06,4.01374323e-05,9.05362863e-06,1.35804429e-04,4.18527364e-07,6.69643783e-06,1.24610961e-04,2.11838634e-03,8.42913115e-06,1.51724361e-04,1.27103556e-06,2.16076046e-05,1.84296760e-04,3.31734168e-03,7.17618592e-05,1.43523718e-03
4.61487988e+02,1.00000000e-02,1.00000000e-30,5.36608307e-01,7.11858236e-01,7.11858236e-01,6.91806826e-02,2.76722730e-01,2.36687434e-07,2.84024921e-06,2.14763851e-08,2.79193007e-07,3.04052569e-08,3.95268340e-07,1.89158807e-04,2.64822330e-03,9.51223253e-05,1.42683488e-03,2.06633359e-06,2.89286703e-05,7.49067366e-06,1.12360105e-04,4.18527364e-07,6.69643783e-06,1.24993845e-04,2.12489537e-03,9.07456907e-06,1.63342243e-04,8.88151357e-07,1.50985731e-05,1.83651322e-04,3.30572380e-03,7.17618592e-05,1.43523718e-03
4.97441317e+02,1.00000000e-02,1.00000000e-30,5.36608307e-01,7.11858236e-01,7.11858236e-01,6.91806826e-02,2.76722730e-01,2.36687434e-07,2.84024921e-06,2.27174535e-08,2.95326895e-07,2.91641886e-08,3.79134451e-07,1.89773366e-04,2.65682712e-03,9.65062909e-05,1.44759436e-03,1.45177477e-06,2.03248468e-05,6.10670806e-06,9.16006210e-05,4.18527364e-07,6.69643783e-06,1.25278481e-04,2.12973418e-03,9.76776017e-06,1.75819683e-04,6.03515412e-07,1.02597620e-05,1.82958131e-04,3.29324636e-03,7.17618592e-05,1.43523718e-03
5.36195677e+02,1.00000000e-02,1.00000000e-30,5.36608307e-01,7.11858236e-01,7.11858236e-01,6.91806826e-02,2.76722730e-01,2.36687434e-07,2.84024921e-06,2.39985400e-08,3.11981020e-07,2.78831021e-08,3.62480327e-07,1.90232814e-04,2.66325939e-03,9.77131580e-05,1.46569737e-03,9.92326883e-07,1.38925764e-05,4.89984098e-06,7.34976146e-05,4.18527364e-07,6.69643783e-06,1.25484057e-04,2.13322897e-03,1.05120261e-05,1.89216470e-04,3.97939448e-07,6.76497061e-06,1.82213865e-04,3.27984957e-03,7.17618592e-05,1.43523718e-03
5.77969288e+02,1.00000000e-02,1.00000000e-30,5.36608307e-01,7.11858236e-01,7.11858236e-01,6.91806826e-02,2.76722730e-01,2.36687434e-07,2.84024921e-06,2.53164843e-08,3.29114296e-07,2.65651578e-08,3.45347051e-07,1.90566670e-04,2.66793338e-03,9.87483780e-05,1.48122567e-03,6.58470760e-07,9.21859064e-06,3.86462093e-06,5.79693140e-05,4.18527364e-07,6.69643783e-06,1.25627984e-04,2.13567574e-03,1.13108856e-05,2.03595941e-04,2.54012094e-07,4.31820560e-06,1.81415006e-04,3.26547010e-03,7.17618592e-05,1.43523718e-03
6.22997373e+02,1.00000000e-02,1.00000000e-30,5.36608307e-01,7.11858236e-01,7.11858236e-01,6.91806826e-02,2.76722730e-01,2.36687434e-07,2.84024921e-06,2.66674289e-08,3.46676576e-07,2.52142131e-08,3.27784771e-07,1.90801945e-04,2.67122723e-03,9.96207240e-05,1.49431086e-03,4.23195920e-07,5.92474288e-06,2.99227498e-06,4.48841247e-05,4.18527364e-07,6.69643783e-06,1.25725429e-04,2.13733229e-03,1.21680604e-05,2.19025087e-04,1.56567901e-07,2.66165432e-06,1.80557831e-04,3.25004095e-03,7.17618592e-05,1.43523718e-03
6.71533479e+02,1.00000000e-02,1.00000000e-30,5.36608307e-01,7.11858236e-01,7.11858236e-01,6.91806826e-02,2.76722730e-01,2.36687434e-07,2.84024921e-06,2.80467871e-08,3.64608232e-07,2.38348550e-08,3.09853115e-07,1.90962363e-04,2.67347308e-03,1.00341878e-04,1.50512818e-03,2.62777801e-07,3.67888922e-06,2.27112049e-06,3.40668073e-05,4.18527364e-07,6.69643783e-06,1.25789062e-04,2.13841405e-03,1.30874803e-05,2.35574645e-04,9.29348868e-08,1.57989308e-06,1.79638411e-04,3.23349140e-03,7.17618592e-05,1.43523718e-03
7.23850907e+02,1.00000000e-02,1.00000000e-30,5.36608307e-01,7.11858236e-01,7.11858236e-01,6.91806826e-02,2.76722730e-01,2.36687434e-07,2.84024921e-06,2.94492233e-08,3.82839902e-07,2.24324188e-08,2.91621444e-07,1.91067919e-04,2.67495086e-03,1.00925869e-04,1.51388803e-03,1.57221776e-07,2.20110487e-06,1.68713002e-06,2.53069504e-05,4.18527364e-07,6.69643783e-06,1.25829029e-04,2.13909350e-03,1.40732873e-05,2.53319172e-04,5.29671846e-08,9.00442138e-07,1.78652604e-04,3.21574687e-03,7.17618592e-05,1.43523718e-03
7.80244249e+02,1.00000000e-02,1.00000000e-30,5.36608307e-01,7.11858236e-01,7.11858236e-01,6.91806826e-02,2.76722730e-01,2.36687434e-07,2.84024921e-06,3.08686501e-08,4.01292452e-07,2.10129919e-08,2.73168895e-07,1.91134764e-04,2.67588669e-03,1.01388383e-04,1.52082575e-03,9.03769024e-08,1.26527663e-06,1.22461546e-06,1.83692319e-05,4.18527364e-07,6.69643783e-06,1.25853102e-04,2.13950274e-03,1.51298385e-05,2.72337092e-04,2.88943021e-08,4.91203136e-07,1.77596053e-04,3.19672895e-03,7.17618592e-05,1.43523718e-03
8.41031051e+02,1.00000000e-02,1.00000000e-30,5.36608307e-01,7.11858236e-01,7.11858236e-01,6.91806826e-02,2.76722730e-01,2.36687434e-07,2.84024921e-06,3.22982449e-08,4.19877184e-07,1.95833971e-08,2.54584163e-07,1.91175382e-04,2.67645535e-03,1.01746017e-04,1.52619025e-03,4.97586914e-08,6.96621680e-07,8.66982233e-07,1.30047335e-05,4.18527364e-07,6.69643783e-06,1.25866961e-04,2.13973834e-03,1.62617062e-05,2.92710712e-04,1.50353209e-08,2.55600455e-07,1.76464185e-04,3.17635533e-03,7.17618592e-05,1.43523718e-03
9.06553593e+02,1.00000000e-02,1.00000000e-30,5.36608307e-01,7.11858236e-01,7.11858236e-01,6.91806826e-02,2.76722730e-01,2.36687434e-07,2.84024921e-06,3.37304893e-08,4.38496361e-07,1.81511528e-08,2.35964986e-07,1.91198990e-04,2.67678586e-03,1.02015502e-04,1.53023254e-03,2.61509678e-08,3.66113550e-07,5.97496497e-07,8.96244745e-06,4.18527364e-07,6.69643783e-06,1.25874561e-04,2.13986754e-03,1.74736776e-05,3.14526197e-04,7.43551293e-09,1.26403720e-07,1.75252214e-04,3.15453984e-03,7.17618592e-05,1.43523718e-03
9.77180827e+02,1.00000000e-02,1.00000000e-30,5.36608307e-01,7.11858236e-01,7.11858236e-01,6.91806826e-02,2.76722730e-01,2.36687434e-07,2.84024921e-06,3.51572357e-08,4.57044064e-07,1.67244063e-08,2.17417283e-07,1.91212069e-04,2.67696896e-03,1.02212994e-04,1.53319492e-03,1.30719609e-08,1.83007453e-07,4.00004491e-07,6.00006736e-06,4.18527364e-07,6.69643783e-06,1.25878516e-04,2.13993477e-03,1.87707503e-05,3.37873505e-04,3.48084729e-09,5.91744039e-08,1.73955141e-04,3.13119254e-03,7.17618592e-05,1.43523718e-03
1.05331045e+03,1.00000000e-02,1.00000000e-30,5.36608307e-01,7.11858236e-01,7.11858236e-01,6.91806826e-02,2.76722730e-01,2.36687434e-07,2.84024921e-06,3.65698040e-08,4.75407452e-07,1.53118381e-08,1.99053895e-07,1.91218950e-04,2.67706530e-03,1.02353451e-04,1.53530177e-03,6.19059254e-09,8.66682956e-08,2.59547841e-07,3.89321762e-06,4.18527364e-07,6.69643783e-06,1.25880461e-04,2.13996783e-03,2.01581257e-05,3.62846263e-04,1.53595618e-09,2.61112550e-08,1.72567765e-04,3.10621978e-03,7.17618592e-05,1.43523718e-03
1.13537112e+03,1.00000000e-02,1.00000000e-30,5.36608307e-01,7.11858236e-01,7.11858236e-01,6.91806826e-02,2.76722730e-01,2.36687434e-07,2.84024921e-06,3.79591086e-08,4.93468412e-07,1.39225335e-08,1.80992935e-07,1.91222375e-04,2.67711325e-03,1.02450169e-04,1.53675253e-03,2.76588531e-09,3.87223943e-08,1.62830310e-07,2.44245465e-06,4.18527364e-07,6.69643783e-06,1.25881361e-04,2.13998313e-03,2.16411989e-05,3.89541580e-04,6.35903959e-10,1.08103673e-08,1.71084692e-04,3.07952446e-03,7.17618592e-05,1.43523718e-03
1.22382494e+03,1.00000000e-02,1.00000000e-30,5.36608307e-01,7.11858236e-01,7.11858236e-01,6.91806826e-02,2.76722730e-01,2.36687434e-07,2.84024921e-06,3.93158193e-08,5.11105650e-07,1.25658228e-08,1.63355696e-07,1.91223980e-04,2.67713572e-03,1.02514489e-04,1.53771734e-03,1.16058374e-09,1.62481724e-08,9.85095249e-08,1.47764287e-06,4.18527364e-07,6.69643783e-06,1.25881751e-04,2.13998976e-03,2.32255437e-05,4.18059787e-04,2.45791413e-10,4.17845402e-09,1.69500347e-04,3.05100625e-03,7.17618592e-05,1.43523718e-03
1.31916996e+03,1.00000000e-02,1.00000000e-30,5.36608307e-01,7.11858236e-01,7.11858236e-01,6.91806826e-02,2.76722730e-01,2.36687434e-07,2.84024921e-06,4.06305525e-08,5.28197182e-07,1.12510896e-08,1.46264165e-07,1.91224685e-04,2.67714560e-03,1.02555691e-04,1.53833536e-03,4.55129983e-10,6.37181976e-09,5.73082786e-08,8.59624179e-07,4.18527364e-07,6.69643783e-06,1.25881908e-04,2.13999244e-03,2.49168937e-05,4.48504086e-04,8.82225909e-11,1.49978405e-09,1.67808997e-04,3.02056195e-03,7.17618592e-05,1.43523718e-03
1.42194306e+03,1.00000000e-02,1.00000000e-30,5.36608307e-01,7.11858236e-01,7.11858236e-01,6.91806826e-02,2.76722730e-01,2.36687434e-07,2.84024921e-06,4.18940921e-08,5.44623198e-07,9.98754994e-09,1.29838149e-07,1.91224975e-04,2.67714965e-03,1.02581037e-04,1.53871556e-03,1.65928839e-10,2.32300374e-09,3.19615580e-08,4.79423370e-07,4.18527364e-07,6.69643783e-06,1.25881967e-04,2.13999344e-03,2.67211166e-05,4.80980100e-04,2.92364855e-11,4.97020254e-10,1.66004775e-04,2.98808594e-03,7.17618592e-05,1.43523718e-03
1.53272295e+03,1.00000000e-02,1.00000000e-30,5.36608307e-01,7.11858236e-01,7.11858236e-01,6.91806826e-02,2.76722730e-01,2.36687434e-07,2.84024921e-06,4.30976334e-08,5.60269234e-07,8.78400869e-09,1.14192113e-07,1.91225085e-04,2.67715119e-03,1.02595966e-04,1.53893949e-03,5.59201283e-11,7.82881796e-10,1.70326419e-08,2.55489629e-07,4.18527364e-07,6.69643783e-06,1.25881988e-04,2.13999379e-03,2.86441839e-05,5.15595310e-04,8.89000072e-12,1.51130012e-10,1.64081707e-04,2.95347073e-03,7.17618592e-05,1.43523718e-03
1.65213341e+03,1.00000000e-02,1.00000000e-30,5.36608307e-01,7.11858236e-01,7.11858236e-01,6.91806826e-02,2.76722730e-01,2.36687434e-07,2.84024921e-06,4.42330421e-08,5.75029547e-07,7.64860002e-09,9.94318002e-08,1.91225123e-04,2.67715173e-03,1.02604356e-04,1.53906535e-03,1.73146860e-11,2.42405604e-10,8.64252081e-09,1.29637812e-07,4.18527364e-07,6.69643783e-06,1.25881994e-04,2.13999390e-03,3.06921312e-05,5.52458362e-04,2.46376056e-12,4.18839295e-11,1.62033760e-04,2.91660768e-03,7.17618592e-05,1.43523718e-03
1.78084683e+03,1.00000000e-02,1.00000000e-30,5.36608307e-01,7.11858236e-01,7.11858236e-01,6.91806826e-02,2.76722730e-01,2.36687434e-07,2.84024921e-06,4.52931191e-08,5.88810548e-07,6.58852300e-09,8.56507990e-08,1.91225136e-04,2.67715190e-03,1.02608839e-04,1.53913259e-03,4.89321344e-12,6.85049881e-11,4.15952828e-09,6.23929243e-08,4.18527364e-07,6.69643783e-06,1.25881996e-04,2.13999393e-03,3.28710125e-05,5.91678225e-04,6.17841410e-13,1.05033040e-11,1.59854879e-04,2.87738782e-03,7.17618592e-05,1.43523718e-03
1.91958797e+03,1.00000000e-02,1.00000000e-30,5.36608307e-01,7.11858236e-01,7.11858236e-01,6.91806826e-02,2.76722730e-01,2.36687434e-07,2.84024921e-06,4.62718565e-08,6.01534135e-07,5.60978555e-09,7.29272122e-08,1.91225139e-04,2.67715195e-03,1.02611108e-04,1.53916662e-03,1.25318905e-12,1.75446467e-11,1.89105700e-09,2.83658550e-08,4.18527364e-07,6.69643783e-06,1.25881996e-04,2.13999394e-03,3.51868437e-05,6.33363187e-04,1.39108926e-13,2.36485175e-12,1.57539047e-04,2.83570285e-03,7.17618592e-05,1.43523718e-03
2.06913808e+03,1.00000000e-02,1.00000000e-30,5.36608307e-01,7.11858236e-01,7.11858236e-01,6.91806826e-02,2.76722730e-01,2.36687434e-07,2.84024921e-06,4.71646705e-08,6.13140716e-07,4.71697158e-09,6.13206305e-08,1.91225140e-04,2.67715196e-03,1.02612190e-04,1.53918286e-03,2.88636186e-13,4.04090661e-12,8.08526737e-10,1.21279010e-08,4.18527364e-07,6.69643783e-06,1.25881997e-04,2.13999394e-03,3.76455374e-05,6.77619673e-04,2.78860021e-14,4.74062036e-13,1.55080354e-04,2.79144637e-03,7.17618592e-05,1.43523718e-03
2.23033925e+03,1.00000000e-02,1.00000000e-30,5.36608307e-01,7.11858236e-01,7.11858236e-01,6.91806826e-02,2.76722730e-01,2.36687434e-07,2.84024921e-06,4.79685942e-08,6.23591725e-07,3.91304783e-09,5.08696218e-08,1.91225141e-04,2.67715197e-03,1.02612675e-04,1.53919013e-03,5.92933635e-14,8.30107089e-13,3.23545623e-10,4.85318435e-09,4.18527364e-07,6.69643783e-06,1.25881997e-04,2.13999394e-03,4.02528258e-05,7.24550864e-04,4.93219898e-15,8.38473827e-14,1.52473065e-04,2.74451518e-03,7.17618592e-05,1.43523718e-03
2.40409918e+03,1.00000000e-02,1.00000000e-30,5.36608307e-01,7.11858236e-01,7.11858236e-01,6.91806826e-02,2.76722730e-01,2.36687434e-07,2.84024921e-06,4.86824154e-08,6.32871400e-07,3.19922670e-09,4.15899470e-08,1.91225141e-04,2.67715197e-03,1.02612878e-04,1.53919318e-03,1.07674308e-14,1.50744031e-13,1.20555852e-10,1.80833778e-09,4.18527364e-07,6.69643783e-06,1.25881997e-04,2.13999394e-03,4.30141720e-05,7.74255097e-04,7.62222119e-16,1.29577760e-14,1.49711719e-04,2.69481094e-03,7.17618592e-05,1.43523718e-03
2.59139630e+03,1.00000000e-02,1.00000000e-30,5.36608307e-01,7.11858236e-01,7.11858236e-01,6.91806826e-02,2.76722730e-01,2.36687434e-07,2.84024921e-06,4.93067425e-08,6.40987652e-07,2.57489962e-09,3.34736950e-08,1.91225141e-04,2.67715197e-03,1.02612957e-04,1.53919436e-03,1.71197328e-15,2.39676259e-14,4.15947467e-11,6.23921200e-10,4.18527364e-07,6.69643783e-06,1.25881997e-04,2.13999394e-03,4.59346691e-05,8.26824044e-04,1.01845727e-16,1.73137737e-15,1.46791222e-04,2.64224200e-03,7.17618592e-05,1.43523718e-03
2.79328525e+03,1.00000000e-02,1.00000000e-30,5.36608307e-01,7.11858236e-01,7.11858236e-01,6.91806826e-02,2.76722730e-01,2.36687434e-07,2.84024921e-06,4.98439896e-08,6.47971865e-07,2.03765246e-09,2.64894820e-08,1.91225141e-04,2.67715197e-03,1.02612986e-04,1.53919479e-03,2.35865174e-16,3.30211244e-15,1.32094210e-11,1.98141315e-10,4.18527364e-07,6.69643783e-06,1.25881997e-04,2.13999394e-03,4.90189249e-05,8.82340647e-04,1.16332794e-17,1.97765750e-16,1.43706966e-04,2.58672539e-03,7.17618592e-05,1.43523718e-03
3.01090284e+03,1.00000000e-02,1.00000000e-30,5.36608307e-01,7.11858236e-01,7.11858236e-01,6.91806826e-02,2.76722730e-01,2.36687434e-07,2.84024921e-06,5.02982729e-08,6.53877548e-07,1.58336915e-09,2.05837990e-08,1.91225141e-04,2.67715197e-03,1.02612995e-04,1.53919493e-03,2.78461599e-17,3.89846239e-16,3.83635792e-12,5.75453688e-11,4.18527364e-07,6.69643783e-06,1.25881997e-04,2.13999394e-03,5.22709332e-05,9.40876797e-04,1.12215771e-18,1.90766811e-17,1.40454958e-04,2.52818924e-03,7.17618592e-05,1.43523718e-03
3.24547446e+03,1.00000000e-02,1.00000000e-30,5.36608307e-01,7.11858236e-01,7.11858236e-01,6.91806826e-02,2.76722730e-01,2.36687434e-07,2.84024921e-06,5.06752189e-08,6.58777846e-07,1.20642312e-09,1.56835006e-08,1.91225141e-04,2.67715197e-03,1.02612998e-04,1.53919497e-03,2.78340610e-18,3.89676853e-17,1.01186122e-12,1.51779183e-11,4.18527364e-07,6.69643783e-06,1.25881997e-04,2.13999394e-03,5.56939313e-05,1.00249076e-03,9.02150422e-20,1.53365572e-18,1.37031960e-04,2.46657528e-03,7.17618592e-05,1.43523718e-03
3.49832094e+03,1.00000000e-02,1.00000000e-30,5.36608307e-01,7.11858236e-01,7.11858236e-01,6.91806826e-02,2.76722730e-01,2.36687434e-07,2.84024921e-06,5.09816936e-08,6.62762017e-07,8.99948426e-10,1.16993295e-08,1.91225141e-04,2.67715197e-03,1.02612999e-04,1.53919498e-03,2.32523497e-19,3.25532896e-18,2.40563787e-13,3.60845681e-12,4.18527364e-07,6.69643783e-06,1.25881997e-04,2.13999394e-03,5.92902428e-05,1.06722437e-03,5.95956434e-21,1.01312594e-19,1.33435648e-04,2.40184167e-03,7.17618592e-05,1.43523718e-03
3.77086603e+03,1.00000000e-02,1.00000000e-30,5.36608307e-01,7.11858236e-01,7.11858236e-01,6.91806826e-02,2.76722730e-01,2.36687434e-07,2.84024921e-06,5.12254675e-08,6.65931078e-07,6.56174546e-10,8.53026910e-09,1.91225141e-04,2.67715197e-03,1.02612999e-04,1.53919498e-03,1.60089956e-20,2.24125939e-19,5.11368367e-14,7.67052551e-13,4.18527364e-07,6.69643783e-06,1.25881997e-04,2.13999394e-03,6.30611071e-05,1.13509993e-03,3.18576516e-22,5.41580077e-21,1.29664784e-04,2.33396611e-03,7.17618592e-05,1.43523718e-03
4.06464440e+03,1.00000000e-02,1.00000000e-30,5.36608307e-01,7.11858236e-01,7.11858236e-01,6.91806826e-02,2.76722730e-01,2.36687434e-07,2.84024921e-06,5.14148404e-08,6.68392926e-07,4.66801644e-10,6.06842137e-09,1.91225141e-04,2.67715197e-03,1.02612999e-04,1.53919498e-03,8.94799264e-22,1.25271897e-20,9.63484981e-15,1.44522747e-13,4.18527364e-07,6.69643783e-06,1.25881997e-04,2.13999394e-03,6.70064974e-05,1.20611695e-03,1.35555173e-23,2.30443795e-22,1.25719394e-04,2.26294909e-03,7.17618592e-05,1.43523718e-03
4.38131027e+03,1.00000000e-02,1.00000000e-30,5.36608307e-01,7.11858236e-01,7.11858236e-01,6.91806826e-02,2.76722730e-01,2.36687434e-07,2.84024921e-06,5.15582541e-08,6.70257303e-07,3.23387987e-10,4.20404383e-09,1.91225141e-04,2.67715197e-03,1.02612999e-04,1.53919498e-03,3.99481953e-23,5.59274734e-22,1.59397610e-15,2.39096415e-14,4.18527364e-07,6.69643783e-06,1.25881997e-04,2.13999394e-03,7.11249276e-05,1.28024870e-03,4.51023869e-25,7.66740577e-24,1.21600964e-04,2.18881734e-03,7.17618592e-05,1.43523718e-03
4.72264677e+03,1.00000000e-02,1.00000000e-30,5.36608307e-01,7.11858236e-01,7.11858236e-01,6.91806826e-02,2.76722730e-01,2.36687434e-07,2.84024921e-06,5.16639231e-08,6.71631000e-07,2.17718978e-10,2.83034672e-09,1.91225141e-04,2.67715197e-03,1.02612999e-04,1.53919498e-03,1.39983708e-24,1.95977192e-23,2.29215978e-16,3.43823968e-15,4.18527364e-07,6.69643783e-06,1.25881997e-04,2.13999394e-03,7.54132525e-05,1.35743854e-03,1.15118346e-26,1.95701189e-25,1.17312639e-04,2.11162750e-03,7.17618592e-05,1.43523718e-03
5.09057590e+03,1.00000000e-02,1.00000000e-30,5.36608307e-01,7.11858236e-01,7.11858236e-01,6.91806826e-02,2.76722730e-01,2.36687434e-07,2.84024921e-06,5.17395133e-08,6.72613673e-07,1.42128787e-10,1.84767424e-09,1.91225141e-04,2.67715197e-03,1.02612999e-04,1.53919498e-03,3.77803823e-26,5.28925352e-25,2.83394323e-17,4.25091485e-16,4.18527364e-07,6.69643783e-06,1.25881997e-04,2.13999394e-03,7.98664639e-05,1.43759635e-03,2.20787006e-28,3.75337911e-27,1.12859427e-04,2.03146969e-03,7.17618592e-05,1.43523718e-03
5.48716944e+03,1.00000000e-02,1.00000000e-30,5.36608307e-01,7.11858236e-01,7.11858236e-01,6.91806826e-02,2.76722730e-01,2.36687434e-07,2.84024921e-06,5.17918913e-08,6.73294587e-07,8.97507844e-11,1.16676020e-09,1.91225141e-04,2.67715197e-03,1.02612999e-04,1.53919498e-03,7.69548074e-28,1.07736730e-26,2.97720743e-18,4.46581114e-17,4.18527364e-07,6.69643783e-06,1.25881997e-04,2.13999394e-03,8.44774892e-05,1.52059481e-03,3.11190215e-30,5.29023366e-29,1.08248402e-04,1.94847123e-03,7.17618592e-05,1.43523718e-03
5.91466054e+03,1.00000000e-02,1.00000000e-30,5.36608307e-01,7.11858236e-01,7.11858236e-01,6.91806826e-02,2.76722730e-01,2.36687434e-07,2.84024921e-06,5.18269605e-08,6.73750487e-07,5.46815393e-11,7.10860011e-10,1.91225141e-04,2.67715197e-03,1.02612999e-04,1.53919498e-03,1.15738468e-29,1.62033855e-28,2.62416453e-19,3.93624680e-18,4.18527364e-07,6.69643783e-06,1.25881997e-04,2.13999394e-03,8.92369967e-05,1.60626594e-03,3.14699481e-32,5.34989118e-31,1.03488894e-04,1.86280010e-03,7.17618592e-05,1.43523718e-03
6.37545637e+03,1.00000000e-02,1.00000000e-30,5.36608307e-01,7.11858236e-01,7.11858236e-01,6.91806826e-02,2.76722730e-01,2.36687434e-07,2.84024921e-06,5.18495884e-08,6.74044649e-07,3.20536622e-11,4.16697609e-10,1.91225141e-04,2.67715197e-03,1.02612999e-04,1.53919498e-03,1.25458157e-31,1.75641420e-30,1.91417514e-20,2.87126271e-19,4.18527364e-07,6.69643783e-06,1.25881997e-04,2.13999394e-03,9.41332171e-05,1.69439791e-03,2.22320479e-34,3.77944815e-33,9.85926740e-05,1.77466813e-03,7.17618592e-05,1.43523718e-03
6.87215161e+03,1.00000000e-02,1.00000000e-30,5.36608307e-01,7.11858236e-01,7.11858236e-01,6.91806826e-02,2.76722730e-01,2.36687434e-07,2.84024921e-06,5.18636184e-08,6.74227039e-07,1.80236513e-11,2.34307467e-10,1.91225141e-04,2.67715197e-03,1.02612999e-04,1.53919498e-03,9.53768402e-34,1.33527576e-32,1.13847783e-21,1.70771674e-20,4.18527364e-07,6.69643783e-06,1.25881997e-04,2.13999394e-03,9.91517902e-05,1.78473222e-03,1.06391980e-36,1.80866367e-35,9.35741009e-05,1.68433382e-03,7.17618592e-05,1.43523718e-03
7.40754307e+03,1.00000000e-02,1.00000000e-30,5.36608307e-01,7.11858236e-01,7.11858236e-01,6.91806826e-02,2.76722730e-01,2.36687434e-07,2.84024921e-06,5.18719520e-08,6.74335376e-07,9.69007072e-12,1.25970919e-10,1.91225141e-04,2.67715197e-03,1.02612999e-04,1.53919498e-03,4.96115154e-36,6.94561216e-35,5.43335878e-23,8.15003817e-22,4.18527364e-07,6.69643783e-06,1.25881997e-04,2.13999394e-03,1.04275646e-04,1.87696163e-03,3.36393689e-39,5.71869271e-38,8.84502449e-05,1.59210441e-03,7.17618592e-05,1.43523718e-03
7.98464550e+03,1.00000000e-02,1.00000000e-30,5.36608307e-01,7.11858236e-01,7.11858236e-01,6.91806826e-02,2.76722730e-01,2.36687434e-07,2.84024921e-06,5.18766783e-08,6.74396818e-07,4.96379490e-12,6.45293336e-11,1.91225141e-04,2.67715197e-03,1.02612999e-04,1.53919498e-03,1.71311247e-38,2.39835746e-37,2.04585715e-24,3.06878572e-23,4.18527364e-07,6.69643783e-06,1.25881997e-04,2.13999394e-03,1.09484934e-04,1.97072882e-03,6.79211306e-42,1.15465922e-40,8.32409569e-05,1.49833722e-03,7.17618592e-05,1.43523718e-03
8.60670847e+03,1.00000000e-02,1.00000000e-30,5.36608307e-01,7.11858236e-01,7.11858236e-01,6.91806826e-02,2.76722730e-01,2.36687434e-07,2.84024921e-06,5.18792284e-08,6.74429970e-07,2.41362133e-12,3.13770773e-11,1.91225141e-04,2.67715197e-03,1.02612999e-04,1.53919498e-03,3.80728989e-41,5.33020585e-40,5.96882812e-26,8.95324218e-25,4.18527364e-07,6.69643783e-06,1.25881997e-04,2.13999394e-03,1.14757011e-04,2.06562620e-03,8.46468955e-45,1.43899722e-43,7.79688802e-05,1.40343984e-03,7.17618592e-05,1.43523718e-03
9.27723476e+03,1.00000000e-02,1.00000000e-30,5.36608307e-01,7.11858236e-01,7.11858236e-01,6.91806826e-02,2.76722730e-01,2.36687434e-07,2.84024921e-06,5.18805326e-08,6.74446923e-07,1.10950284e-12,1.44235369e-11,1.91225141e-04,2.67715197e-03,1.02612999e-04,1.53919498e-03,5.24886968e-44,7.34841756e-43,1.32216335e-27,1.98324503e-26,4.18527364e-07,6.69643783e-06,1.25881997e-04,2.13999394e-03,1.20066504e-04,2.16119707e-03,6.24988680e-48,1.06248076e-46,7.26593873e-05,1.30786897e-03,7.17618592e-05,1.43523718e-03
1.00000000e+04,1.00000000e-02,1.00000000e-30,5.36608307e-01,7.11858236e-01,7.11858236e-01,6.91806826e-02,2.76722730e-01,2.36687434e-07,2.84024921e-06,5.18811620e-08,6.74455106e-07,4.80054708e-13,6.24071121e-12,1.91225141e-04,2.67715197e-03,1.02612999e-04,1.53919498e-03,4.31841849e-47,6.04578588e-46,2.17612832e-29,3.26419248e-28,4.18527364e-07,6.69643783e-06,1.25881997e-04,2.13999394e-03,1.25385460e-04,2.25693827e-03,2.61876056e-51,4.45189295e-50,6.73404316e-05,1.21212777e-03,7.17618592e-05,1.43523718e-03
