time,t9,rho,R15_14,Y_h1,X_h1,Y_he4,X_he4,Y_c12,X_c12,Y_c13,X_c13,Y_n13,X_n13,Y_n14,X_n14,Y_n15,X_n15,Y_o14,X_o14,Y_o15,X_o15,Y_o16,X_o16,Y_o17,X_o17,Y_o18,X_o18,Y_f17,X_f17,Y_f18,X_f18,Y_ne20,X_ne20
0.00000000e+00,4.48100000e-01,1.50000000e+04,3.67647059e-03,7.12941125e-01,7.12941125e-01,6.91377283e-02,2.76550913e-01,1.89972106e-04,2.27966527e-03,2.13235956e-06,2.77206743e-05,0.00000000e+00,0.00000000e+00,5.71014320e-05,7.99420047e-04,2.09931735e-07,3.14897603e-06,0.00000000e+00,0.00000000e+00,0.00000000e+00,0.00000000e+00,3.62073936e-04,5.79318297e-03,1.37916336e-07,2.34457772e-06,7.25875455e-07,1.30657582e-05,0.00000000e+00,0.00000000e+00,0.00000000e+00,0.00000000e+00,7.17611355e-05,1.43522271e-03
1.00000000e-09,4.48099999e-01,1.49999999e+04,1.66312842e-03,7.12940932e-01,7.12940932e-01,6.91378951e-02,2.76551580e-01,1.90096287e-04,2.28115544e-03,2.13199232e-06,2.77159001e-05,1.93164077e-08,2.51113301e-07,5.70964671e-05,7.99350539e-04,8.94991180e-08,1.34248677e-06,3.06706059e-13,4.29388483e-12,5.45963959e-09,8.18945938e-08,3.62073753e-04,5.79318004e-03,1.37788366e-07,2.34240221e-06,7.02694693e-07,1.26485045e-05,1.98401103e-10,3.37281875e-09,3.96397072e-13,7.13514730e-12,7.17611355e-05,1.43522271e-03
1.07790740e-09,4.48099999e-01,1.49999999e+04,1.57971131e-03,7.12940922e-01,7.12940922e-01,6.91379038e-02,2.76551615e-01,1.90101736e-04,2.28122083e-03,2.13196371e-06,2.77155282e-05,2.08217061e-08,2.70682180e-07,5.70960803e-05,7.99345124e-04,8.43103583e-08,1.26465538e-06,3.56362519e-13,4.98907526e-12,5.88496598e-09,8.82744898e-08,3.62073738e-04,5.79317981e-03,1.37778401e-07,2.34223281e-06,7.00920133e-07,1.26165624e-05,2.13858010e-10,3.63558617e-09,4.27203193e-13,7.68965747e-12,7.17611355e-05,1.43522271e-03
1.16188436e-09,4.48099999e-01,1.49999999e+04,1.49752533e-03,7.12940911e-01,7.12940911e-01,6.91379128e-02,2.76551651e-01,1.90107164e-04,2.28128597e-03,2.13193287e-06,2.77151273e-05,2.24443206e-08,2.91776168e-07,5.70956634e-05,7.99339288e-04,7.91587773e-08,1.18738166e-06,4.14058724e-13,5.79682214e-12,6.34342523e-09,9.51513785e-08,3.62073722e-04,5.79317956e-03,1.37767660e-07,2.34205022e-06,6.99012340e-07,1.25822221e-05,2.30519123e-10,3.91882509e-09,4.60397030e-13,8.28714654e-12,7.17611355e-05,1.43522271e-03
1.25240375e-09,4.48099999e-01,1.49999999e+04,1.41717487e-03,7.12940899e-01,7.12940899e-01,6.91379219e-02,2.76551688e-01,1.90112538e-04,2.28135046e-03,2.13189963e-06,2.77146952e-05,2.41933937e-08,3.14514118e-07,5.70952140e-05,7.99332996e-04,7.40763052e-08,1.11114458e-06,4.81096400e-13,6.73534959e-12,6.83759810e-09,1.02563972e-07,3.62073705e-04,5.79317929e-03,1.37756084e-07,2.34185343e-06,6.96961731e-07,1.25453112e-05,2.48478259e-10,4.22413041e-09,4.96162617e-13,8.93092710e-12,7.17611355e-05,1.43522271e-03
1.34997528e-09,4.48099999e-01,1.49999999e+04,1.33928614e-03,7.12940887e-01,7.12940887e-01,6.91379313e-02,2.76551725e-01,1.90117826e-04,2.28141392e-03,2.13186381e-06,2.77142295e-05,2.60787797e-08,3.39024136e-07,5.70947296e-05,7.99326214e-04,6.90959144e-08,1.03643872e-06,5.58988030e-13,7.82583242e-12,7.37026634e-09,1.10553995e-07,3.62073687e-04,5.79317900e-03,1.37743607e-07,2.34164132e-06,6.94758101e-07,1.25056458e-05,2.67836543e-10,4.55322124e-09,5.34698003e-13,9.62456405e-12,7.17611355e-05,1.43522271e-03
1.45514834e-09,4.48099999e-01,1.49999999e+04,1.26449586e-03,7.12940875e-01,7.12940875e-01,6.91379409e-02,2.76551764e-01,1.90122995e-04,2.28147594e-03,2.13182519e-06,2.77137274e-05,2.81111005e-08,3.65444307e-07,5.70942075e-05,7.99318904e-04,6.42509614e-08,9.63764420e-07,6.49490988e-13,9.09287383e-12,7.94442833e-09,1.19166425e-07,3.62073668e-04,5.79317868e-03,1.37730159e-07,2.34141271e-06,6.92390594e-07,1.24630307e-05,2.88702979e-10,4.90795065e-09,5.76216295e-13,1.03718933e-11,7.17611355e-05,1.43522271e-03
1.56851516e-09,4.48099999e-01,1.49999999e+04,1.19343824e-03,7.12940862e-01,7.12940862e-01,6.91379506e-02,2.76551803e-01,1.90128012e-04,2.28153614e-03,2.13178356e-06,2.77131863e-05,3.03018053e-08,3.93923469e-07,5.70936446e-05,7.99311025e-04,5.95744238e-08,8.93616357e-07,7.54647177e-13,1.05650605e-11,8.56331590e-09,1.28449739e-07,3.62073646e-04,5.79317834e-03,1.37715665e-07,2.34116631e-06,6.89847675e-07,1.24172581e-05,3.11195063e-10,5.29031607e-09,6.20946772e-13,1.11770419e-11,7.17611355e-05,1.43522271e-03
1.69071410e-09,4.48099999e-01,1.49999999e+04,1.12673034e-03,7.12940849e-01,7.12940849e-01,6.91379606e-02,2.76551842e-01,1.90132845e-04,2.28159414e-03,2.13173869e-06,2.77126030e-05,3.26632344e-08,4.24622048e-07,5.70930380e-05,7.99302532e-04,5.50980466e-08,8.26470698e-07,8.76829101e-13,1.22756074e-11,9.23041258e-09,1.38456189e-07,3.62073623e-04,5.79317797e-03,1.37700044e-07,2.34090074e-06,6.87117101e-07,1.23681078e-05,3.35439444e-10,5.70247055e-09,6.69136071e-13,1.20444493e-11,7.17611355e-05,1.43522271e-03
1.82243324e-09,4.48099999e-01,1.49999999e+04,1.06495630e-03,7.12940836e-01,7.12940836e-01,6.91379707e-02,2.76551883e-01,1.90137463e-04,2.28164956e-03,2.13169033e-06,2.77119743e-05,3.52086894e-08,4.57712962e-07,5.70923841e-05,7.99293377e-04,5.08514223e-08,7.62771335e-07,1.01879338e-12,1.42631073e-11,9.94947309e-09,1.49242096e-07,3.62073599e-04,5.79317758e-03,1.37683207e-07,2.34061452e-06,6.84185899e-07,1.23153462e-05,3.61572640e-10,6.14673487e-09,7.21049464e-13,1.29788903e-11,7.17611355e-05,1.43522271e-03
1.96441428e-09,4.48099999e-01,1.49999999e+04,1.00865110e-03,7.12940822e-01,7.12940822e-01,6.91379809e-02,2.76551924e-01,1.90141841e-04,2.28170209e-03,2.13163820e-06,2.77112966e-05,3.79525070e-08,4.93382591e-07,5.70916792e-05,7.99283509e-04,4.68610419e-08,7.02915629e-07,1.18374295e-12,1.65724012e-11,1.07245445e-08,1.60868168e-07,3.62073572e-04,5.79317715e-03,1.37665061e-07,2.34030604e-06,6.81040336e-07,1.22587261e-05,3.89741801e-10,6.62561062e-09,7.76972212e-13,1.39854998e-11,7.17611355e-05,1.43522271e-03
2.11745669e-09,4.48099998e-01,1.49999998e+04,9.58284596e-04,7.12940808e-01,7.12940808e-01,6.91379914e-02,2.76551966e-01,1.90145953e-04,2.28175144e-03,2.13158201e-06,2.77105661e-05,4.09101405e-08,5.31831827e-07,5.70909194e-05,7.99272872e-04,4.31493610e-08,6.47240414e-07,1.37539928e-12,1.92555899e-11,1.15599891e-08,1.73399836e-07,3.62073543e-04,5.79317670e-03,1.37645504e-07,2.33997357e-06,6.77665905e-07,1.21979863e-05,4.20105546e-10,7.14179428e-09,8.37211016e-13,1.50697983e-11,7.17611355e-05,1.43522271e-03
2.28242224e-09,4.48099998e-01,1.49999998e+04,9.14246744e-04,7.12940793e-01,7.12940793e-01,6.91380020e-02,2.76552008e-01,1.90149783e-04,2.28179739e-03,2.13152145e-06,2.77097788e-05,4.40982459e-08,5.73277197e-07,5.70901005e-05,7.99261407e-04,3.97339315e-08,5.96008972e-07,1.59808637e-12,2.23732092e-11,1.24605085e-08,1.86907627e-07,3.62073513e-04,5.79317620e-03,1.37624427e-07,2.33961525e-06,6.74047302e-07,1.21328514e-05,4.52834846e-10,7.69819239e-09,9.02095564e-13,1.62377201e-11,7.17611355e-05,1.43522271e-03
2.46023982e-09,4.48099998e-01,1.49999998e+04,8.76835108e-04,7.12940777e-01,7.12940777e-01,6.91380129e-02,2.76552052e-01,1.90153314e-04,2.28183977e-03,2.13145616e-06,2.77089301e-05,4.75347760e-08,6.17952088e-07,5.70892178e-05,7.99249049e-04,3.66266615e-08,5.49399922e-07,1.85682825e-12,2.59955955e-11,1.34311706e-08,2.01467559e-07,3.62073479e-04,5.79317567e-03,1.37601711e-07,2.33922908e-06,6.70168420e-07,1.20630316e-05,4.88113997e-10,8.29793796e-09,9.71980168e-13,1.74956430e-11,7.17611355e-05,1.43522271e-03
2.65191071e-09,4.48099998e-01,1.49999998e+04,8.46245542e-04,7.12940761e-01,7.12940761e-01,6.91380240e-02,2.76552096e-01,1.90156540e-04,2.28187848e-03,2.13138580e-06,2.77080154e-05,5.12390812e-08,6.66108056e-07,5.70882663e-05,7.99235728e-04,3.38332550e-08,5.07498825e-07,2.15746231e-12,3.02044723e-11,1.44774376e-08,2.17161565e-07,3.62073444e-04,5.79317510e-03,1.37577229e-07,2.33881290e-06,6.66012339e-07,1.19882221e-05,5.26141650e-10,8.94440805e-09,1.04724552e-12,1.88504194e-11,7.17611355e-05,1.43522271e-03
2.85851418e-09,4.48099998e-01,1.49999998e+04,8.22567160e-04,7.12940745e-01,7.12940745e-01,6.91380354e-02,2.76552141e-01,1.90159458e-04,2.28191350e-03,2.13130995e-06,2.77070294e-05,5.52320184e-08,7.18016239e-07,5.70872406e-05,7.99221369e-04,3.13528943e-08,4.70293415e-07,2.50677097e-12,3.50947936e-11,1.56051972e-08,2.34077958e-07,3.62073405e-04,5.79317448e-03,1.37550845e-07,2.33836437e-06,6.61561327e-07,1.19081039e-05,5.67131932e-10,9.64124284e-09,1.12830056e-12,2.03094100e-11,7.17611355e-05,1.43522271e-03
3.08121359e-09,4.48099998e-01,1.49999998e+04,8.05782307e-04,7.12940727e-01,7.12940727e-01,6.91380470e-02,2.76552188e-01,1.90162071e-04,2.28194485e-03,2.13122820e-06,2.77059666e-05,5.95360679e-08,7.73968883e-07,5.70861351e-05,7.99205892e-04,2.91782052e-08,4.37673077e-07,2.91263466e-12,4.07768853e-11,1.68207948e-08,2.52311923e-07,3.62073364e-04,5.79317382e-03,1.37522412e-07,2.33788100e-06,6.56796857e-07,1.18223434e-05,6.11315653e-10,1.03923661e-08,1.21558441e-12,2.18805194e-11,7.17611355e-05,1.43522271e-03
3.32126293e-09,4.48099998e-01,1.49999998e+04,7.95772030e-04,7.12940709e-01,7.12940709e-01,6.91380591e-02,2.76552236e-01,1.90164388e-04,2.28197265e-03,2.13114009e-06,2.77048211e-05,6.41754606e-08,8.34280988e-07,5.70849435e-05,7.99189209e-04,2.72955338e-08,4.09433007e-07,3.38420956e-12,4.73789339e-11,1.81310703e-08,2.71966054e-07,3.62073319e-04,5.79317311e-03,1.37491769e-07,2.33736008e-06,6.51699618e-07,1.17305931e-05,6.58941604e-10,1.12020073e-08,1.30956853e-12,2.35722335e-11,7.17611355e-05,1.43522271e-03
3.58001389e-09,4.48099997e-01,1.49999997e+04,7.92327227e-04,7.12940690e-01,7.12940690e-01,6.91380716e-02,2.76552286e-01,1.90166422e-04,2.28199706e-03,2.13104511e-06,2.77035864e-05,6.91763137e-08,8.99292078e-07,5.70836591e-05,7.99171227e-04,2.56855452e-08,3.85283178e-07,3.93213410e-12,5.50498774e-11,1.95433953e-08,2.93150929e-07,3.62073271e-04,5.79317234e-03,1.37458747e-07,2.33679870e-06,6.46249560e-07,1.16324921e-05,7.10277961e-10,1.20747253e-08,1.41075886e-12,2.53936594e-11,7.17611355e-05,1.43522271e-03
3.85892347e-09,4.48099997e-01,1.49999997e+04,7.95165020e-04,7.12940670e-01,7.12940670e-01,6.91380846e-02,2.76552338e-01,1.90168189e-04,2.28201827e-03,2.13094274e-06,2.77022556e-05,7.45667779e-08,9.69368112e-07,5.70822746e-05,7.99151844e-04,2.43241164e-08,3.64861746e-07,4.56876891e-12,6.39627648e-11,2.10657153e-08,3.15985729e-07,3.62073220e-04,5.79317152e-03,1.37423161e-07,2.33619374e-06,6.40425933e-07,1.15276668e-05,7.65613788e-10,1.30154344e-08,1.51969820e-12,2.73545675e-11,7.17611355e-05,1.43522271e-03
4.15956216e-09,4.48099997e-01,1.49999997e+04,8.03949602e-04,7.12940649e-01,7.12940649e-01,6.91380982e-02,2.76552393e-01,1.90169709e-04,2.28203651e-03,2.13083240e-06,2.77008211e-05,8.03771955e-08,1.04490354e-06,5.70807823e-05,7.99130952e-04,2.31834824e-08,3.47752236e-07,5.30847557e-12,7.43186580e-11,2.27065940e-08,3.40598910e-07,3.62073165e-04,5.79317064e-03,1.37384814e-07,2.33554183e-06,6.34207360e-07,1.14157325e-05,8.25260673e-10,1.40294314e-08,1.63696865e-12,2.94654357e-11,7.17611355e-05,1.43522271e-03
4.48362284e-09,4.48099997e-01,1.49999997e+04,8.18316116e-04,7.12940626e-01,7.12940626e-01,6.91381124e-02,2.76552450e-01,1.90171001e-04,2.28205201e-03,2.13071346e-06,2.76992750e-05,8.66402716e-08,1.12632353e-06,5.70791737e-05,7.99108432e-04,2.22335514e-08,3.33503271e-07,6.16794054e-12,8.63511676e-11,2.44752614e-08,3.67128921e-07,3.62073106e-04,5.79316969e-03,1.37343490e-07,2.33483933e-06,6.27571920e-07,1.12962946e-05,8.89554477e-10,1.51224261e-08,1.76319422e-12,3.17374959e-11,7.17611355e-05,1.43522271e-03
4.83293024e-09,4.48099996e-01,1.49999996e+04,8.37895997e-04,7.12940603e-01,7.12940603e-01,6.91381273e-02,2.76552509e-01,1.90172082e-04,2.28206498e-03,2.13058527e-06,2.76976086e-05,9.33912572e-08,1.21408634e-06,5.70774399e-05,7.99084158e-04,2.14432991e-08,3.21649486e-07,7.16655143e-12,1.00331720e-10,2.63816653e-08,3.95724980e-07,3.62073042e-04,5.79316867e-03,1.37298961e-07,2.33408234e-06,6.20497257e-07,1.11689506e-05,9.58857228e-10,1.63005729e-08,1.89904352e-12,3.41827833e-11,7.17611355e-05,1.43522271e-03
5.20945127e-09,4.48099996e-01,1.49999996e+04,8.62341750e-04,7.12940577e-01,7.12940577e-01,6.91381430e-02,2.76552572e-01,1.90172968e-04,2.28207561e-03,2.13044710e-06,2.76958124e-05,1.00668148e-07,1.30868592e-06,5.70755710e-05,7.99057994e-04,2.07821274e-08,3.11731912e-07,8.32683425e-12,1.16575679e-10,2.84365275e-08,4.26547913e-07,3.62072974e-04,5.79316758e-03,1.37250979e-07,2.33326665e-06,6.12960714e-07,1.10332929e-05,1.03355916e-09,1.75705056e-08,2.04523260e-12,3.68141869e-11,7.17611355e-05,1.43522271e-03
5.61530608e-09,4.48099996e-01,1.49999996e+04,8.91349408e-04,7.12940550e-01,7.12940550e-01,6.91381596e-02,2.76552638e-01,1.90173669e-04,2.28208402e-03,2.13029818e-06,2.76938764e-05,1.08511897e-07,1.41065466e-06,5.70735566e-05,7.99029792e-04,2.02210861e-08,3.03316291e-07,9.67496141e-12,1.35449460e-10,3.06514035e-08,4.59771052e-07,3.62072901e-04,5.79316641e-03,1.37199278e-07,2.33238773e-06,6.04939501e-07,1.08889110e-05,1.11408089e-09,1.89393752e-08,2.20252796e-12,3.96455033e-11,7.17611355e-05,1.43522271e-03
6.05277998e-09,4.48099995e-01,1.49999995e+04,9.24676998e-04,7.12940522e-01,7.12940522e-01,6.91381772e-02,2.76552709e-01,1.90174190e-04,2.28209028e-03,2.13013767e-06,2.76917897e-05,1.16966646e-07,1.52056640e-06,5.70713853e-05,7.98999394e-04,1.97338604e-08,2.96007905e-07,1.12413419e-11,1.57378787e-10,3.30387472e-08,4.95581208e-07,3.62072822e-04,5.79316516e-03,1.37143571e-07,2.33144070e-06,5.96410886e-07,1.07353959e-05,1.20087585e-09,2.04148894e-08,2.37174955e-12,4.26914920e-11,7.17611355e-05,1.43522271e-03
6.52433633e-09,4.48099995e-01,1.49999995e+04,9.62157879e-04,7.12940491e-01,7.12940491e-01,6.91381957e-02,2.76552783e-01,1.90174529e-04,2.28209434e-03,2.12996466e-06,2.76895406e-05,1.26079971e-07,1.63903962e-06,5.70690449e-05,7.98966628e-04,1.92974626e-08,2.89461938e-07,1.30613070e-11,1.82858298e-10,3.56119812e-08,5.34179718e-07,3.62072738e-04,5.79316381e-03,1.37083549e-07,2.33042033e-06,5.87352435e-07,1.05723438e-05,1.29443274e-09,2.20053565e-08,2.55377403e-12,4.59679326e-11,7.17611355e-05,1.43522271e-03
7.03263041e-09,4.48099995e-01,1.49999995e+04,1.00370854e-03,7.12940459e-01,7.12940459e-01,6.91382153e-02,2.76552861e-01,1.90174675e-04,2.28209610e-03,2.12977820e-06,2.76871166e-05,1.35903150e-07,1.76674095e-06,5.70665222e-05,7.98931311e-04,1.88925996e-08,2.83388994e-07,1.51759070e-11,2.12462698e-10,3.83855712e-08,5.75783568e-07,3.62072648e-04,5.79316237e-03,1.37018880e-07,2.32932096e-06,5.77742282e-07,1.03993611e-05,1.39527837e-09,2.37197322e-08,2.74953801e-12,4.94916841e-11,7.17611355e-05,1.43522271e-03
7.58052437e-09,4.48099994e-01,1.49999994e+04,1.04933093e-03,7.12940424e-01,7.12940424e-01,6.91382361e-02,2.76552944e-01,1.90174610e-04,2.28209532e-03,2.12957722e-06,2.76845039e-05,1.46491452e-07,1.90438888e-06,5.70638031e-05,7.98893243e-04,1.85037246e-08,2.77555870e-07,1.76328368e-11,2.46859715e-10,4.13751073e-08,6.20626609e-07,3.62072552e-04,5.79316083e-03,1.36949207e-07,2.32813652e-06,5.67559443e-07,1.02160700e-05,1.50398058e-09,2.55676698e-08,2.96004141e-12,5.32807453e-11,7.17611355e-05,1.43522271e-03
8.17110332e-09,4.48099994e-01,1.49999994e+04,1.09911027e-03,7.12940387e-01,7.12940387e-01,6.91382580e-02,2.76553032e-01,1.90174306e-04,2.28209167e-03,2.12936061e-06,2.76816879e-05,1.57904443e-07,2.05275776e-06,5.70608722e-05,7.98852211e-04,1.81188219e-08,2.71782329e-07,2.04875112e-11,2.86825156e-10,4.45973911e-08,6.68960867e-07,3.62072448e-04,5.79315917e-03,1.36874146e-07,2.32686048e-06,5.56784188e-07,1.00221154e-05,1.62115145e-09,2.75595746e-08,3.18635090e-12,5.73543163e-11,7.17611355e-05,1.43522271e-03
8.80769273e-09,4.48099993e-01,1.49999993e+04,1.15320955e-03,7.12940348e-01,7.12940348e-01,6.91382812e-02,2.76553125e-01,1.90173725e-04,2.28208470e-03,2.12912714e-06,2.76786529e-05,1.70206322e-07,2.21268218e-06,5.70577132e-05,7.98807984e-04,1.77289973e-08,2.65934959e-07,2.38043143e-11,3.33260400e-10,4.80705297e-08,7.21057946e-07,3.62072338e-04,5.79315740e-03,1.36793283e-07,2.32548581e-06,5.45398445e-07,9.81717201e-06,1.74745074e-09,2.97066626e-08,3.42960337e-12,6.17328607e-11,7.17611355e-05,1.43522271e-03
9.49387718e-09,4.48099993e-01,1.49999993e+04,1.21186218e-03,7.12940306e-01,7.12940306e-01,6.91383056e-02,2.76553222e-01,1.90172820e-04,2.28207384e-03,2.12887552e-06,2.76753818e-05,1.83466276e-07,2.38506159e-06,5.70543081e-05,7.98760313e-04,1.73279554e-08,2.59919330e-07,2.76580512e-11,3.87212717e-10,5.18140366e-08,7.77210549e-07,3.62072219e-04,5.79315551e-03,1.36706174e-07,2.32400496e-06,5.33386274e-07,9.60095294e-06,1.88358962e-09,3.20210236e-08,3.69100934e-12,6.64381682e-11,7.17611355e-05,1.43522271e-03
1.02335205e-08,4.48099992e-01,1.49999992e+04,1.27536434e-03,7.12940261e-01,7.12940261e-01,6.91383313e-02,2.76553325e-01,1.90171535e-04,2.28205842e-03,2.12860433e-06,2.76718563e-05,1.97758873e-07,2.57086534e-06,5.70506379e-05,7.98708931e-04,1.69114496e-08,2.53671745e-07,3.21356340e-11,4.49898876e-10,5.58489406e-08,8.37734108e-07,3.62072093e-04,5.79315348e-03,1.36612341e-07,2.32240979e-06,5.20734380e-07,9.37321884e-06,2.03033466e-09,3.45156892e-08,3.97185642e-12,7.14934156e-11,7.17611355e-05,1.43522271e-03
1.10307874e-08,4.48099992e-01,1.49999992e+04,1.34406805e-03,7.12940214e-01,7.12940214e-01,6.91383583e-02,2.76553433e-01,1.90169800e-04,2.28203760e-03,2.12831205e-06,2.76680566e-05,2.13164469e-07,2.77113810e-06,5.70466820e-05,7.98653548e-04,1.64767695e-08,2.47151543e-07,3.73380409e-11,5.22732573e-10,6.01979033e-08,9.02968549e-07,3.62071957e-04,5.79315131e-03,1.36511269e-07,2.32069157e-06,5.07432686e-07,9.13378834e-06,2.18851214e-09,3.72047063e-08,4.27351264e-12,7.69232276e-11,7.17611355e-05,1.43522271e-03
1.18901674e-08,4.48099991e-01,1.49999991e+04,1.41837590e-03,7.12940164e-01,7.12940164e-01,6.91383867e-02,2.76553547e-01,1.90167538e-04,2.28201046e-03,2.12799704e-06,2.76639615e-05,2.29769663e-07,2.98700561e-06,5.70424181e-05,7.98593853e-04,1.60223072e-08,2.40334608e-07,4.33825925e-11,6.07356295e-10,6.48853452e-08,9.73280179e-07,3.62071812e-04,5.79314899e-03,1.36402407e-07,2.31884091e-06,4.93474956e-07,8.88254921e-06,2.35901271e-09,4.01032161e-08,4.59742963e-12,8.27537334e-11,7.17611355e-05,1.43522271e-03
1.28164995e-08,4.48099990e-01,1.49999990e+04,1.49873773e-03,7.12940111e-01,7.12940111e-01,6.91384164e-02,2.76553666e-01,1.90164658e-04,2.28197590e-03,2.12765754e-06,2.76595480e-05,2.47667773e-07,3.21968105e-06,5.70378222e-05,7.98529511e-04,1.55472297e-08,2.33208446e-07,5.04055952e-11,7.05678333e-10,6.99375820e-08,1.04906373e-06,3.62071657e-04,5.79314651e-03,1.36285161e-07,2.31684773e-06,4.78859469e-07,8.61947044e-06,2.54279644e-09,4.32275395e-08,4.94514563e-12,8.90126213e-11,7.17611355e-05,1.43522271e-03
1.38149996e-08,4.48099990e-01,1.49999990e+04,1.58564924e-03,7.12940054e-01,7.12940054e-01,6.91384475e-02,2.76553790e-01,1.90161055e-04,2.28193266e-03,2.12729165e-06,2.76547915e-05,2.66959358e-07,3.47047166e-06,5.70328685e-05,7.98460160e-04,1.50512473e-08,2.25768710e-07,5.85654133e-11,8.19915786e-10,7.53829703e-08,1.13074455e-06,3.62071490e-04,5.79314385e-03,1.36158893e-07,2.31470118e-06,4.63589727e-07,8.34461508e-06,2.74089815e-09,4.65952685e-08,5.31828815e-12,9.57291866e-11,7.17611356e-05,1.43522271e-03
1.48912903e-08,4.48099989e-01,1.49999989e+04,1.67965239e-03,7.12939995e-01,7.12939995e-01,6.91384799e-02,2.76553920e-01,1.90156612e-04,2.28187934e-03,2.12689733e-06,2.76496653e-05,2.87752774e-07,3.74078607e-06,5.70275293e-05,7.98385410e-04,1.45344739e-08,2.18017109e-07,6.80460365e-11,9.52644511e-10,8.12520660e-08,1.21878099e-06,3.62071313e-04,5.79314100e-03,1.36022919e-07,2.31238963e-06,4.47675202e-07,8.05815364e-06,2.95443330e-09,5.02253661e-08,5.71857629e-12,1.02934373e-10,7.17611356e-05,1.43522271e-03
1.60514320e-08,4.48099988e-01,1.49999988e+04,1.78133708e-03,7.12939931e-01,7.12939931e-01,6.91385136e-02,2.76554054e-01,1.90151195e-04,2.28181434e-03,2.12647237e-06,2.76441408e-05,3.10164772e-07,4.03214204e-06,5.70217745e-05,7.98304843e-04,1.39973485e-08,2.09960227e-07,7.90612254e-11,1.10685716e-09,8.75777934e-08,1.31366690e-06,3.62071122e-04,5.79313796e-03,1.35876504e-07,2.30990058e-06,4.31132100e-07,7.76037781e-06,3.18460425e-09,5.41382723e-08,6.14782254e-12,1.10660806e-10,7.17611356e-05,1.43522271e-03
1.73019574e-08,4.48099987e-01,1.49999987e+04,1.89134400e-03,7.12939865e-01,7.12939865e-01,6.91385485e-02,2.76554194e-01,1.90144653e-04,2.28173584e-03,2.12601440e-06,2.76381872e-05,3.34321144e-07,4.34617487e-06,5.70155718e-05,7.98218005e-04,1.34406051e-08,2.01609077e-07,9.18593257e-11,1.28603056e-09,9.43956283e-08,1.41593442e-06,3.62070919e-04,5.79313470e-03,1.35718859e-07,2.30722061e-06,4.13984126e-07,7.45171427e-06,3.43270703e-09,5.83560195e-08,6.60793395e-12,1.18942811e-10,7.17611356e-05,1.43522271e-03
1.86499079e-08,4.48099986e-01,1.49999986e+04,2.01036811e-03,7.12939794e-01,7.12939794e-01,6.91385845e-02,2.76554338e-01,1.90136818e-04,2.28164182e-03,2.12552086e-06,2.76317711e-05,3.60357414e-07,4.68464639e-06,5.70088863e-05,7.98124408e-04,1.28652675e-08,1.92979012e-07,1.06728861e-10,1.49420405e-09,1.01743794e-07,1.52615691e-06,3.62070701e-04,5.79313121e-03,1.35549137e-07,2.30433533e-06,3.96263227e-07,7.13273808e-06,3.70013863e-09,6.29023567e-08,7.10091248e-12,1.27816425e-10,7.17611356e-05,1.43522271e-03
2.01028738e-08,4.48099985e-01,1.49999985e+04,2.13916265e-03,7.12939720e-01,7.12939720e-01,6.91386217e-02,2.76554487e-01,1.90127502e-04,2.28153003e-03,2.12498899e-06,2.76248569e-05,3.88419586e-07,5.04945461e-06,5.70016806e-05,7.98023529e-04,1.22726585e-08,1.84089878e-07,1.24005029e-10,1.73607041e-09,1.09663473e-07,1.64495209e-06,3.62070467e-04,5.79312747e-03,1.35366430e-07,2.30122931e-06,3.78010291e-07,6.80418523e-06,3.98840486e-09,6.78028827e-08,7.62885442e-12,1.37319380e-10,7.17611356e-05,1.43522271e-03
2.16690364e-08,4.48099984e-01,1.49999984e+04,2.27854363e-03,7.12939642e-01,7.12939642e-01,6.91386599e-02,2.76554640e-01,1.90116495e-04,2.28139794e-03,2.12441584e-06,2.76174060e-05,4.18664937e-07,5.44264418e-06,5.69939143e-05,7.97914800e-04,1.16644146e-08,1.74966218e-07,1.44077248e-10,2.01708147e-09,1.18199034e-07,1.77298551e-06,3.62070216e-04,5.79312346e-03,1.35169764e-07,2.29788600e-06,3.59275764e-07,6.46696376e-06,4.29912887e-09,7.30851908e-08,8.19394864e-12,1.47491075e-10,7.17611356e-05,1.43522271e-03
2.33572147e-08,4.48099983e-01,1.49999982e+04,2.42939460e-03,7.12939561e-01,7.12939561e-01,6.91386989e-02,2.76554796e-01,1.90103565e-04,2.28124278e-03,2.12379821e-06,2.76093768e-05,4.51262884e-07,5.86641749e-06,5.69855436e-05,7.97797611e-04,1.10424995e-08,1.65637493e-07,1.67397917e-10,2.34357084e-09,1.27398279e-07,1.91097419e-06,3.62069947e-04,5.79311915e-03,1.34958097e-07,2.29428765e-06,3.40120151e-07,6.12216272e-06,4.63406023e-09,7.87790240e-08,8.79847340e-12,1.58372521e-10,7.17611356e-05,1.43522271e-03
2.51769146e-08,4.48099981e-01,1.49999981e+04,2.59267167e-03,7.12939475e-01,7.12939475e-01,6.91387387e-02,2.76554955e-01,1.90088456e-04,2.28106148e-03,2.12313267e-06,2.76007247e-05,4.86395898e-07,6.32314667e-06,5.69765218e-05,7.97671306e-04,1.04092152e-08,1.56138228e-07,1.94492598e-10,2.72289637e-09,1.37312703e-07,2.05969054e-06,3.62069658e-04,5.79311453e-03,1.34730311e-07,2.29041528e-06,3.20614351e-07,5.77105832e-06,4.99508483e-09,8.49164420e-08,9.44479154e-12,1.70006248e-10,7.17611356e-05,1.43522271e-03
2.71383825e-08,4.48099980e-01,1.49999980e+04,2.76940890e-03,7.12939384e-01,7.12939384e-01,6.91387790e-02,2.76555116e-01,1.90070888e-04,2.28085065e-03,2.12241550e-06,2.75914015e-05,5.24260498e-07,6.81538647e-06,5.69667983e-05,7.97535176e-04,9.76720517e-09,1.46508078e-07,2.25971833e-10,3.16360566e-09,1.47997779e-07,2.21996668e-06,3.62069347e-04,5.79310956e-03,1.34485209e-07,2.28624855e-06,3.00839791e-07,5.41511624e-06,5.38423544e-09,9.15320025e-08,1.01353437e-11,1.82436186e-10,7.17611357e-05,1.43522271e-03
2.92526634e-08,4.48099978e-01,1.49999978e+04,2.96072396e-03,7.12939290e-01,7.12939290e-01,6.91388198e-02,2.76555279e-01,1.90050553e-04,2.28060663e-03,2.12164274e-06,2.75813556e-05,5.65068312e-07,7.34588805e-06,5.69563184e-05,7.97388458e-04,9.11945072e-09,1.36791761e-07,2.62544873e-10,3.67562823e-09,1.59513263e-07,2.39269895e-06,3.62069013e-04,5.79310421e-03,1.34221511e-07,2.28176568e-06,2.80888297e-07,5.05598934e-06,5.80370324e-09,9.86629551e-08,1.08726390e-11,1.95707502e-10,7.17611357e-05,1.43522271e-03
3.15316623e-08,4.48099976e-01,1.49999976e+04,3.16782397e-03,7.12939191e-01,7.12939191e-01,6.91388607e-02,2.76555443e-01,1.90027118e-04,2.28032542e-03,2.12081008e-06,2.75705311e-05,6.09047213e-07,7.91761376e-06,5.69450236e-05,7.97230331e-04,8.46925655e-09,1.27038848e-07,3.05035618e-10,4.27049865e-09,1.71923520e-07,2.57885281e-06,3.62068652e-04,5.79309844e-03,1.33937848e-07,2.27694342e-06,2.60861657e-07,4.69550983e-06,6.25585006e-09,1.06349451e-07,1.16592436e-11,2.09866385e-10,7.17611357e-05,1.43522271e-03
3.39882122e-08,4.48099975e-01,1.49999975e+04,3.39201179e-03,7.12939088e-01,7.12939088e-01,6.91389015e-02,2.76555606e-01,1.90000223e-04,2.28000268e-03,2.11991293e-06,2.75588680e-05,6.56442541e-07,8.53375303e-06,5.69328506e-05,7.97059908e-04,7.82022507e-09,1.17303376e-07,3.54401122e-10,4.96161570e-09,1.85297877e-07,2.77946816e-06,3.62068263e-04,5.79309221e-03,1.33632757e-07,2.27175687e-06,2.40870829e-07,4.33567493e-06,6.74322175e-09,1.14634770e-07,1.24977656e-11,2.24959782e-10,7.17611357e-05,1.43522271e-03
3.66361454e-08,4.48099973e-01,1.49999973e+04,3.63469251e-03,7.12938981e-01,7.12938981e-01,6.91389421e-02,2.76555769e-01,1.89969481e-04,2.27963377e-03,2.11894630e-06,2.75463019e-05,7.07518412e-07,9.19773935e-06,5.69197312e-05,7.96876237e-04,7.17621760e-09,1.07643264e-07,4.11753089e-10,5.76454324e-09,1.99711000e-07,2.99566500e-06,3.62067843e-04,5.79308548e-03,1.33304675e-07,2.26617948e-06,2.21034746e-07,3.97862544e-06,7.26856246e-09,1.23565562e-07,1.33908366e-11,2.41035058e-10,7.17611357e-05,1.43522271e-03
3.94903723e-08,4.48099971e-01,1.49999970e+04,3.89738033e-03,7.12938868e-01,7.12938868e-01,6.91389822e-02,2.76555929e-01,1.89934476e-04,2.27921372e-03,2.11790486e-06,2.75327632e-05,7.62559115e-07,9.91326850e-06,5.69055920e-05,7.96678289e-04,6.54130145e-09,9.81195218e-08,4.78382820e-10,6.69735947e-09,2.15243298e-07,3.22864947e-06,3.62067387e-04,5.79307819e-03,1.32951936e-07,2.26018291e-06,2.01478686e-07,3.62661635e-06,7.83483013e-09,1.33192112e-07,1.43410890e-11,2.58139602e-10,7.17611358e-05,1.43522272e-03
4.25669645e-08,4.48099968e-01,1.49999968e+04,4.18170578e-03,7.12938751e-01,7.12938751e-01,6.91390214e-02,2.76556086e-01,1.89894769e-04,2.27873723e-03,2.11678285e-06,2.75181771e-05,8.21870618e-07,1.06843180e-05,5.68903540e-05,7.96464956e-04,5.91968248e-09,8.87952371e-08,5.55790178e-10,7.78106249e-09,2.31981364e-07,3.47972046e-06,3.62066893e-04,5.79307029e-03,1.32572761e-07,2.25373694e-06,1.82332192e-07,3.28197945e-06,8.44521312e-09,1.43568623e-07,1.53511293e-11,2.76320328e-10,7.17611358e-05,1.43522272e-03
4.58832461e-08,4.48099966e-01,1.49999966e+04,4.48942341e-03,7.12938629e-01,7.12938629e-01,6.91390596e-02,2.76556238e-01,1.89849894e-04,2.27819872e-03,2.11557410e-06,2.75024634e-05,8.85782169e-07,1.15151682e-05,5.68739320e-05,7.96235048e-04,5.31562284e-09,7.97343426e-08,6.45717214e-10,9.04004100e-09,2.50018438e-07,3.75027657e-06,3.62066356e-04,5.79306170e-03,1.32165256e-07,2.24680936e-06,1.63726543e-07,2.94707778e-06,9.10314815e-09,1.54753519e-07,1.64235056e-11,2.95623100e-10,7.17611358e-05,1.43522272e-03
4.94578905e-08,4.48099963e-01,1.49999963e+04,4.82241998e-03,7.12938501e-01,7.12938501e-01,6.91390965e-02,2.76556386e-01,1.89799360e-04,2.27759232e-03,2.11427196e-06,2.74855354e-05,9.54648019e-07,1.24104242e-05,5.68562343e-05,7.95987280e-04,4.73334536e-09,7.10001803e-08,7.50187192e-10,1.05026207e-08,2.69454913e-07,4.04182369e-06,3.62065773e-04,5.79305237e-03,1.31727407e-07,2.23936592e-06,1.45791807e-07,2.62425253e-06,9.81233966e-09,1.66809774e-07,1.75606693e-11,3.16092047e-10,7.17611358e-05,1.43522272e-03
5.33110262e-08,4.48099960e-01,1.49999960e+04,5.18272323e-03,7.12938369e-01,7.12938369e-01,6.91391318e-02,2.76556527e-01,1.89742655e-04,2.27691185e-03,2.11286926e-06,2.74673004e-05,1.02884926e-06,1.33750403e-05,5.68371620e-05,7.95720268e-04,4.17692619e-09,6.26538929e-08,8.71549889e-10,1.22016984e-08,2.90398871e-07,4.35598306e-06,3.62065137e-04,5.79304220e-03,1.31257070e-07,2.23137019e-06,1.28653534e-07,2.31576361e-06,1.05767807e-08,1.79805271e-07,1.87649309e-11,3.37768756e-10,7.17611359e-05,1.43522272e-03
5.74643497e-08,4.48099957e-01,1.49999957e+04,5.57251139e-03,7.12938230e-01,7.12938230e-01,6.91391652e-02,2.76556661e-01,1.89679245e-04,2.27615094e-03,2.11135833e-06,2.74476583e-05,1.10879578e-06,1.44143452e-05,5.68166088e-05,7.95432524e-04,3.65017902e-09,5.47526853e-08,1.01253416e-09,1.41754782e-08,3.12966663e-07,4.69449995e-06,3.62064444e-04,5.79303110e-03,1.30751971e-07,2.22278351e-06,1.12429189e-07,2.02372540e-06,1.14007752e-08,1.93813178e-07,2.00384085e-11,3.60691353e-10,7.17611359e-05,1.43522272e-03
6.19412478e-08,4.48099954e-01,1.49999954e+04,5.99412359e-03,7.12938085e-01,7.12938085e-01,6.91391967e-02,2.76556787e-01,1.89608579e-04,2.27530294e-03,2.10973089e-06,2.74265016e-05,1.19492839e-06,1.55340691e-05,5.67944602e-05,7.95122443e-04,3.15653523e-09,4.73480284e-08,1.17630893e-09,1.64683250e-08,3.37283529e-07,5.05925294e-06,3.62063687e-04,5.79301899e-03,1.30209698e-07,2.21356487e-06,9.72244607e-08,1.75004029e-06,1.22889625e-08,2.08912363e-07,2.13829684e-11,3.84893431e-10,7.17611359e-05,1.43522272e-03
6.67669294e-08,4.48099950e-01,1.49999950e+04,6.45007131e-03,7.12937934e-01,7.12937934e-01,6.91392260e-02,2.76556904e-01,1.89530085e-04,2.27436102e-03,2.10797807e-06,2.74037149e-05,1.28772106e-06,1.67403737e-05,5.67705927e-05,7.94788298e-04,2.69892555e-09,4.04838832e-08,1.36655399e-09,1.91317559e-08,3.63484260e-07,5.45226390e-06,3.62062860e-04,5.79300577e-03,1.29627697e-07,2.20367085e-06,8.31296202e-08,1.49633316e-06,1.32463434e-08,2.25187838e-07,2.28001576e-11,4.10402838e-10,7.17611359e-05,1.43522272e-03
7.19685673e-08,4.48099946e-01,1.49999946e+04,6.94305111e-03,7.12937776e-01,7.12937776e-01,6.91392529e-02,2.76557011e-01,1.89443176e-04,2.27331811e-03,2.10609032e-06,2.73791742e-05,1.38768327e-06,1.80398825e-05,5.67448735e-05,7.94428230e-04,2.27966981e-09,3.41950471e-08,1.58754208e-09,2.22255892e-08,3.91713910e-07,5.87570864e-06,3.62061957e-04,5.79299131e-03,1.29003266e-07,2.19305553e-06,7.02161201e-08,1.26389016e-06,1.42783080e-08,2.42731236e-07,2.42911279e-11,4.37240303e-10,7.17611360e-05,1.43522272e-03
7.75754513e-08,4.48099942e-01,1.49999942e+04,7.47595883e-03,7.12937609e-01,7.12937609e-01,6.91392773e-02,2.76557109e-01,1.89347249e-04,2.27216699e-03,2.10405740e-06,2.73527462e-05,1.49536266e-06,1.94397146e-05,5.67171598e-05,7.94040237e-04,1.90038208e-09,2.85057312e-08,1.84423417e-09,2.58192784e-08,4.22128557e-07,6.33192836e-06,3.62060969e-04,5.79297550e-03,1.28333556e-07,2.18167046e-06,5.85336754e-08,1.05360616e-06,1.53906663e-08,2.61641328e-07,2.58565500e-11,4.65417901e-10,7.17611360e-05,1.43522272e-03
8.36191530e-08,4.48099938e-01,1.49999937e+04,8.05190560e-03,7.12937435e-01,7.12937435e-01,6.91392993e-02,2.76557197e-01,1.89241683e-04,2.27090020e-03,2.10186830e-06,2.73242879e-05,1.61134767e-06,2.09475197e-05,5.66872975e-05,7.93622164e-04,1.56189859e-09,2.34284788e-08,2.14238990e-09,2.99934586e-08,4.54896119e-07,6.82344179e-06,3.62059889e-04,5.79295822e-03,1.27615564e-07,2.16946459e-06,4.81080424e-08,8.65944764e-07,1.65896810e-08,2.82024578e-07,2.74965190e-11,4.94937342e-10,7.17611360e-05,1.43522272e-03
9.01337039e-08,4.48099933e-01,1.49999932e+04,8.67423567e-03,7.12937251e-01,7.12937251e-01,6.91393187e-02,2.76557275e-01,1.89125839e-04,2.26951006e-03,2.09951120e-06,2.72936456e-05,1.73627049e-06,2.25715164e-05,5.66551209e-05,7.93171693e-04,1.26423552e-09,1.89635328e-08,2.48869571e-09,3.48417399e-08,4.90197223e-07,7.35295835e-06,3.62058708e-04,5.79293933e-03,1.26846134e-07,2.15638427e-06,3.89397199e-08,7.00914958e-07,1.78821025e-08,3.03995742e-07,2.92104495e-11,5.25788092e-10,7.17611360e-05,1.43522272e-03
9.71557865e-08,4.48099927e-01,1.49999927e+04,9.34654667e-03,7.12937057e-01,7.12937057e-01,6.91393357e-02,2.76557343e-01,1.88999055e-04,2.26798865e-03,2.09697343e-06,2.72606546e-05,1.87081014e-06,2.43205318e-05,5.66204520e-05,7.92686327e-04,1.00658243e-09,1.50987365e-08,2.89091342e-09,4.04727879e-08,5.28226134e-07,7.92339201e-06,3.62057419e-04,5.79291870e-03,1.26021953e-07,2.14237321e-06,3.10037453e-08,5.58067415e-07,1.92752068e-08,3.27678516e-07,3.09969625e-11,5.57945326e-10,7.17611361e-05,1.43522272e-03
1.04724941e-07,4.48099922e-01,1.49999921e+04,1.00727121e-02,7.12936851e-01,7.12936851e-01,6.91393504e-02,2.76557402e-01,1.88860644e-04,2.26632772e-03,2.09424138e-06,2.72251379e-05,2.01569575e-06,2.62040448e-05,5.65830987e-05,7.92163381e-04,7.87335038e-10,1.18100256e-08,3.35805245e-09,4.70127343e-08,5.69191751e-07,8.53787627e-06,3.62056012e-04,5.79289619e-03,1.25139560e-07,2.12737252e-06,2.42507049e-08,4.36512688e-07,2.07768369e-08,3.53206227e-07,3.28537623e-11,5.91367722e-10,7.17611361e-05,1.43522272e-03
1.12883789e-07,4.48099916e-01,1.49999915e+04,1.08569064e-02,7.12936633e-01,7.12936633e-01,6.91393629e-02,2.76557452e-01,1.88709886e-04,2.26451864e-03,2.09130047e-06,2.71869062e-05,2.17171006e-06,2.82322307e-05,5.65428547e-05,7.91599965e-04,6.04168309e-10,9.06252464e-09,3.90056945e-09,5.46079723e-08,6.13318663e-07,9.19977995e-06,3.62054477e-04,5.79287164e-03,1.24195340e-07,2.11132078e-06,1.86089854e-08,3.34961737e-07,2.23954464e-08,3.80722589e-07,3.47775067e-11,6.25995121e-10,7.17611361e-05,1.43522272e-03
1.21678272e-07,4.48099909e-01,1.49999909e+04,1.17036333e-02,7.12936401e-01,7.12936401e-01,6.91393733e-02,2.76557493e-01,1.88546023e-04,2.26255228e-03,2.08813507e-06,2.71457560e-05,2.33969307e-06,3.04160099e-05,5.64994980e-05,7.90992971e-04,4.54147455e-10,6.81221183e-09,4.53059972e-09,6.34283961e-08,6.60848281e-07,9.91272421e-06,3.62052807e-04,5.79284491e-03,1.23185536e-07,2.09415411e-06,1.39881923e-08,2.51787461e-07,2.41401475e-08,4.10382507e-07,3.67636706e-11,6.61746071e-10,7.17611361e-05,1.43522272e-03
1.31157910e-07,4.48099902e-01,1.49999902e+04,1.26177557e-02,7.12936154e-01,7.12936154e-01,6.91393820e-02,2.76557528e-01,1.88368247e-04,2.26041896e-03,2.08472844e-06,2.71014697e-05,2.52054599e-06,3.27670978e-05,5.64527898e-05,7.90339057e-04,3.33870787e-10,5.00806181e-09,5.26222533e-09,7.36711546e-08,7.12040035e-07,1.06806005e-05,3.62050989e-04,5.79281583e-03,1.22106254e-07,2.07580632e-06,1.02835501e-08,1.85103901e-07,2.60207618e-08,4.42352950e-07,3.88064060e-11,6.98515307e-10,7.17611361e-05,1.43522272e-03
1.41376081e-07,4.48099894e-01,1.49999894e+04,1.36045301e-02,7.12935890e-01,7.12935890e-01,6.91393891e-02,2.76557557e-01,1.88175692e-04,2.25810830e-03,2.08106262e-06,2.70538141e-05,2.71523531e-06,3.52980591e-05,5.64024733e-05,7.89634626e-04,2.39634963e-10,3.59452444e-09,6.11178569e-09,8.55649997e-08,7.67172657e-07,1.15075899e-05,3.62049015e-04,5.79278425e-03,1.20953477e-07,2.05620910e-06,7.38099203e-09,1.32857857e-07,2.80478760e-08,4.76813893e-07,4.08984004e-11,7.36171208e-10,7.17611361e-05,1.43522272e-03
1.52390324e-07,4.48099886e-01,1.49999886e+04,1.46696426e-02,7.12935607e-01,7.12935607e-01,6.91393949e-02,2.76557580e-01,1.87967424e-04,2.25560909e-03,2.07711843e-06,2.70025396e-05,2.92479716e-06,3.80223631e-05,5.63482725e-05,7.88875815e-04,1.67610490e-10,2.51415735e-09,7.09823742e-09,9.93753238e-08,8.26545536e-07,1.23981830e-05,3.62046874e-04,5.79274998e-03,1.19723075e-07,2.03529227e-06,5.16256597e-09,9.29261874e-08,3.02329013e-08,5.13959322e-07,4.30307396e-11,7.74553313e-10,7.17611362e-05,1.43522272e-03
1.64262658e-07,4.48099877e-01,1.49999877e+04,1.58192484e-02,7.12935304e-01,7.12935304e-01,6.91393997e-02,2.76557599e-01,1.87742431e-04,2.25290917e-03,2.07287534e-06,2.69473794e-05,3.15034183e-06,4.09544437e-05,5.62898906e-05,7.88058469e-04,1.14013775e-10,1.71020662e-09,8.24357083e-09,1.15409992e-07,8.90480157e-07,1.33572024e-05,3.62044553e-04,5.79271285e-03,1.18410830e-07,2.01298410e-06,3.51173331e-09,6.32111997e-08,3.25881373e-08,5.53998335e-07,4.51927767e-11,8.13469981e-10,7.17611362e-05,1.43522272e-03
1.77059935e-07,4.48099868e-01,1.49999867e+04,1.70600141e-02,7.12934979e-01,7.12934979e-01,6.91394036e-02,2.76557614e-01,1.87499611e-04,2.24999534e-03,2.06831138e-06,2.68880480e-05,3.39305849e-06,4.41097604e-05,5.62270089e-05,7.87178124e-04,7.52621047e-11,1.12893157e-09,9.57329233e-09,1.34026093e-07,9.59321626e-07,1.43898244e-05,3.62042041e-04,5.79267266e-03,1.17012455e-07,1.98921173e-06,2.31814291e-09,4.17265723e-08,3.51268417e-08,5.97156308e-07,4.73720162e-11,8.52696291e-10,7.17611362e-05,1.43522272e-03
1.90854214e-07,4.48099857e-01,1.49999857e+04,1.83991631e-02,7.12934630e-01,7.12934630e-01,6.91394068e-02,2.76557627e-01,1.87237766e-04,2.24685319e-03,2.06340312e-06,2.68242405e-05,3.65422020e-06,4.75048626e-05,5.61592847e-05,7.86229985e-04,4.80997405e-11,7.21496107e-10,1.11169825e-08,1.55637755e-07,1.03344028e-06,1.55016042e-05,3.62039325e-04,5.79262919e-03,1.15523626e-07,1.96390163e-06,1.48151470e-09,2.66672646e-08,3.78633042e-08,6.43676172e-07,4.95540179e-11,8.91972323e-10,7.17611362e-05,1.43522272e-03
2.05723170e-07,4.48099846e-01,1.49999846e+04,1.98445240e-02,7.12934255e-01,7.12934255e-01,6.91394096e-02,2.76557639e-01,1.86955588e-04,2.24346706e-03,2.05812551e-06,2.67556317e-05,3.93518900e-06,5.11574569e-05,5.60863501e-05,7.85208901e-04,2.96866965e-11,4.45300448e-10,1.29089418e-08,1.80725185e-07,1.11323340e-06,1.66985011e-05,3.62036390e-04,5.79258223e-03,1.13940015e-07,1.93698025e-06,9.14374280e-10,1.64587370e-08,4.08129277e-08,6.93819770e-07,5.17223311e-11,9.31001960e-10,7.17611362e-05,1.43522272e-03
2.21750528e-07,4.48099834e-01,1.49999834e+04,2.14045828e-02,7.12933852e-01,7.12933852e-01,6.91394121e-02,2.76557649e-01,1.86651657e-04,2.23981988e-03,2.05245187e-06,2.66818743e-05,4.23742123e-06,5.50864760e-05,5.60078102e-05,7.84109342e-04,1.76463202e-11,2.64694803e-10,1.49889375e-08,2.09845125e-07,1.19912699e-06,1.79869049e-05,3.62033221e-04,5.79253153e-03,1.12257333e-07,1.90837465e-06,5.43518357e-10,9.78333042e-09,4.39923139e-08,7.47869336e-07,5.38584655e-11,9.69452379e-10,7.17611362e-05,1.43522272e-03
2.39026535e-07,4.48099821e-01,1.49999821e+04,2.30885390e-02,7.12933418e-01,7.12933418e-01,6.91394145e-02,2.76557658e-01,1.86324431e-04,2.23589317e-03,2.04635372e-06,2.66025984e-05,4.56247304e-06,5.93121495e-05,5.59232409e-05,7.82925373e-04,1.00727619e-11,1.51091428e-10,1.74030673e-08,2.43642942e-07,1.29157767e-06,1.93736650e-05,3.62029801e-04,5.79247681e-03,1.10471378e-07,1.87801342e-06,3.10244848e-10,5.58440726e-09,4.74193574e-08,8.06129076e-07,5.59419117e-11,1.00695441e-09,7.17611362e-05,1.43522272e-03
2.57648471e-07,4.48099808e-01,1.49999807e+04,2.49063662e-02,7.12932952e-01,7.12932952e-01,6.91394167e-02,2.76557667e-01,1.85972241e-04,2.23166689e-03,2.03980078e-06,2.65174102e-05,4.91200595e-06,6.38560774e-05,5.58321876e-05,7.81650626e-04,5.50397238e-12,8.25595857e-11,2.02047566e-08,2.82866593e-07,1.39107463e-06,2.08661195e-05,3.62026112e-04,5.79241778e-03,1.08578092e-07,1.84582757e-06,1.69521177e-10,3.05138118e-09,5.11133461e-08,8.68926883e-07,5.79502198e-11,1.04310396e-09,7.17611362e-05,1.43522272e-03
2.77721193e-07,4.48099793e-01,1.49999792e+04,2.68688774e-02,7.12932449e-01,7.12932449e-01,6.91394190e-02,2.76557676e-01,1.85593286e-04,2.22711943e-03,2.03276083e-06,2.64258907e-05,5.28779260e-06,6.87413037e-05,5.57341623e-05,7.80278272e-04,2.86922446e-12,4.30383669e-11,2.34559121e-08,3.28382769e-07,1.49814174e-06,2.24721261e-05,3.62022133e-04,5.79235413e-03,1.06573630e-07,1.81175172e-06,8.83678754e-11,1.59062176e-09,5.50950692e-08,9.36616176e-07,5.98591485e-11,1.07746467e-09,7.17611362e-05,1.43522272e-03
2.99357729e-07,4.48099776e-01,1.49999775e+04,2.89877968e-02,7.12931909e-01,7.12931909e-01,6.91394213e-02,2.76557685e-01,1.85185630e-04,2.22222755e-03,2.02519962e-06,2.63275951e-05,5.69172247e-06,7.39923920e-05,5.56286423e-05,7.78800992e-04,1.42178272e-12,2.13267408e-11,2.72282517e-08,3.81195524e-07,1.61333964e-06,2.42000947e-05,3.62017843e-04,5.79228550e-03,1.04454430e-07,1.77572530e-06,4.37847487e-11,7.88125477e-10,5.93869346e-08,1.00957789e-06,6.16428943e-11,1.10957210e-09,7.17611362e-05,1.43522272e-03
3.22679912e-07,4.48099759e-01,1.49999758e+04,3.12758377e-02,7.12931328e-01,7.12931328e-01,6.91394236e-02,2.76557695e-01,1.84747191e-04,2.21696630e-03,2.01708085e-06,2.62220511e-05,6.12580770e-06,7.96355001e-05,5.55150674e-05,7.77210944e-04,6.67111494e-13,1.00066724e-11,3.16048416e-08,4.42467783e-07,1.73726804e-06,2.60590205e-05,3.62013219e-04,5.79221150e-03,1.02217298e-07,1.73769407e-06,2.05396065e-11,3.69712917e-10,6.40130945e-08,1.08822261e-06,6.32744102e-11,1.13893938e-09,7.17611362e-05,1.43522272e-03
3.47819065e-07,4.48099740e-01,1.49999739e+04,3.37467878e-02,7.12930702e-01,7.12930702e-01,6.91394261e-02,2.76557705e-01,1.84275745e-04,2.21130894e-03,2.00836603e-06,2.61087584e-05,6.59218880e-06,8.56984544e-05,5.53928378e-05,7.75499730e-04,2.95188632e-13,4.42782948e-12,3.66818670e-08,5.13546138e-07,1.87056794e-06,2.80585192e-05,3.62008234e-04,5.79213174e-03,9.98595086e-08,1.69761165e-06,9.08345824e-12,1.63502248e-10,6.89995808e-08,1.17299287e-06,6.47258218e-11,1.16506479e-09,7.17611362e-05,1.43522272e-03
3.74916744e-07,4.48099720e-01,1.49999719e+04,3.64156031e-02,7.12930029e-01,7.12930029e-01,6.91394287e-02,2.76557715e-01,1.83768910e-04,2.20522692e-03,1.99901443e-06,2.59871876e-05,7.09314021e-06,9.22108228e-05,5.52613117e-05,7.73658364e-04,1.22688249e-13,1.84032374e-12,4.25706748e-08,5.95989448e-07,2.01392411e-06,3.02088617e-05,3.62002860e-04,5.79204576e-03,9.73789034e-08,1.65544136e-06,3.76968477e-12,6.78543259e-11,7.43744519e-08,1.26436568e-06,6.59689440e-11,1.18744099e-09,7.17611362e-05,1.43522272e-03
4.04125533e-07,4.48099698e-01,1.49999697e+04,3.92985099e-02,7.12929306e-01,7.12929306e-01,6.91394315e-02,2.76557726e-01,1.83224147e-04,2.19868976e-03,1.98898305e-06,2.58567797e-05,7.63107570e-06,9.92039841e-05,5.51198027e-05,7.71677238e-04,4.77485399e-14,7.16228098e-13,4.94001263e-08,6.91601768e-07,2.16806742e-06,3.25210112e-05,3.61997068e-04,5.79195308e-03,9.47740088e-08,1.61115815e-06,1.46084116e-12,2.62951409e-11,8.01679497e-08,1.36285515e-06,6.69758989e-11,1.20556618e-09,7.17611362e-05,1.43522272e-03
4.35609903e-07,4.48099675e-01,1.49999673e+04,4.24131166e-02,7.12928528e-01,7.12928528e-01,6.91394343e-02,2.76557737e-01,1.82638751e-04,2.19166501e-03,1.97822654e-06,2.57169451e-05,8.20855333e-06,1.06711193e-04,5.49675774e-05,7.69546084e-04,1.74127930e-14,2.61191895e-13,5.73193054e-08,8.02470275e-07,2.33377734e-06,3.50066602e-05,3.61990824e-04,5.79185319e-03,9.20441594e-08,1.56475071e-06,5.25807886e-13,9.46454195e-12,8.64126696e-08,1.46901538e-06,6.77198282e-11,1.21895691e-09,7.17611362e-05,1.43522272e-03
4.69547138e-07,4.48099649e-01,1.49999648e+04,4.57785365e-02,7.12927691e-01,7.12927691e-01,6.91394373e-02,2.76557749e-01,1.82009843e-04,2.18411811e-03,1.96669718e-06,2.55670634e-05,8.82828003e-06,1.14767640e-04,5.48038526e-05,7.67253937e-04,6.03866406e-15,9.05799609e-14,6.65006343e-08,9.31008881e-07,2.51188447e-06,3.76782670e-05,3.61984094e-04,5.79174551e-03,8.91896309e-08,1.51622372e-06,1.74774860e-13,3.14594747e-12,9.31437435e-08,1.58344364e-06,6.81756882e-11,1.22716239e-09,7.17611362e-05,1.43522272e-03
5.06128335e-07,4.48099622e-01,1.49999620e+04,4.94155205e-02,7.12926792e-01,7.12926792e-01,6.91394404e-02,2.76557762e-01,1.81334364e-04,2.17601237e-03,1.95434487e-06,2.54064832e-05,9.49311549e-06,1.23410501e-04,5.46277931e-05,7.64789103e-04,2.11923240e-15,3.17884859e-14,7.71434549e-08,1.08000837e-06,2.70327291e-06,4.05490937e-05,3.61976840e-04,5.79162944e-03,8.62117793e-08,1.46560025e-06,5.33170930e-14,9.59707675e-13,1.00399037e-07,1.70678362e-06,6.83211069e-11,1.22977992e-09,7.17611362e-05,1.43522272e-03
5.45559478e-07,4.48099593e-01,1.49999591e+04,5.33466024e-02,7.12925825e-01,7.12925825e-01,6.91394437e-02,2.76557775e-01,1.80609069e-04,2.16730883e-03,1.94111711e-06,2.52345224e-05,1.02060752e-05,1.32678978e-04,5.44385084e-05,7.62139118e-04,8.94717072e-16,1.34207561e-14,8.94781408e-08,1.25269397e-06,2.90888282e-06,4.36332423e-05,3.61969021e-04,5.79150434e-03,8.31131850e-08,1.41292414e-06,1.48282955e-14,2.66909319e-13,1.08219361e-07,1.83972913e-06,6.81372743e-11,1.22647094e-09,7.17611362e-05,1.43522272e-03
5.88062599e-07,4.48099561e-01,1.49999559e+04,5.75962562e-02,7.12924786e-01,7.12924786e-01,6.91394471e-02,2.76557788e-01,1.79830518e-04,2.15796622e-03,1.92695910e-06,2.50504683e-05,1.09703325e-05,1.42614323e-04,5.42350512e-05,7.59290716e-04,5.60778138e-16,8.41167207e-15,1.03770816e-07,1.45279142e-06,3.12971271e-06,4.69456906e-05,3.61960593e-04,5.79136949e-03,7.98977985e-08,1.35826257e-06,3.73288501e-15,6.71919302e-14,1.16648701e-07,1.98302792e-06,6.76098297e-11,1.21697693e-09,7.17611362e-05,1.43522272e-03
6.33877027e-07,4.48099527e-01,1.49999525e+04,6.21910661e-02,7.12923671e-01,7.12923671e-01,6.91394506e-02,2.76557802e-01,1.78995073e-04,2.14794088e-03,1.91181374e-06,2.48535786e-05,1.17892193e-05,1.53259851e-04,5.40164137e-05,7.56229792e-04,4.94487565e-16,7.41731347e-15,1.20328762e-07,1.68460267e-06,3.36682173e-06,5.05023259e-05,3.61951509e-04,5.79122415e-03,7.65710840e-08,1.30170843e-06,8.44211769e-16,1.51958118e-14,1.25734466e-07,2.13748592e-06,6.67297018e-11,1.20113463e-09,7.17611362e-05,1.43522272e-03
6.83260739e-07,4.48099490e-01,1.49999488e+04,6.71599106e-02,7.12922472e-01,7.12922472e-01,6.91394542e-02,2.76557817e-01,1.78098888e-04,2.13718666e-03,1.89562177e-06,2.46430831e-05,1.26662252e-05,1.64660928e-04,5.37815263e-05,7.52941368e-04,5.01290672e-16,7.51936008e-15,1.39506610e-07,1.95309253e-06,3.62133175e-06,5.43199762e-05,3.61941718e-04,5.79106748e-03,7.31401558e-08,1.24338265e-06,1.70290284e-16,3.06522510e-15,1.35527749e-07,2.30397173e-06,6.54938513e-11,1.17888932e-09,7.17611362e-05,1.43522272e-03
7.36491807e-07,4.48099450e-01,1.49999448e+04,7.25341595e-02,7.12921185e-01,7.12921185e-01,6.91394580e-02,2.76557832e-01,1.77137911e-04,2.12565494e-03,1.87832193e-06,2.44181851e-05,1.36049945e-05,1.76864929e-04,5.35292548e-05,7.49409568e-04,5.26596975e-16,7.89895463e-15,1.61713414e-07,2.26398779e-06,3.89442925e-06,5.84164388e-05,3.61931164e-04,5.79089862e-03,6.96139020e-08,1.18343633e-06,3.05732685e-17,5.50318833e-16,1.46083618e-07,2.48342150e-06,6.39058652e-11,1.15030557e-09,7.17611362e-05,1.43522272e-03
7.93869969e-07,4.48099407e-01,1.49999405e+04,7.83478840e-02,7.12919804e-01,7.12919804e-01,6.91394618e-02,2.76557847e-01,1.76107876e-04,2.11329451e-03,1.85985114e-06,2.41780648e-05,1.46093214e-05,1.89921178e-04,5.32583990e-05,7.45617587e-04,5.56726320e-16,8.35089480e-15,1.87420739e-07,2.62389035e-06,4.18736689e-06,6.28105033e-05,3.61919788e-04,5.79071660e-03,6.60030891e-08,1.12205251e-06,5.05457835e-18,9.09824104e-17,1.57461422e-07,2.67684418e-06,6.19763502e-11,1.11557430e-09,7.17611362e-05,1.43522272e-03
8.55718314e-07,4.48099361e-01,1.49999358e+04,8.46380802e-02,7.12918323e-01,7.12918323e-01,6.91394657e-02,2.76557863e-01,1.75004303e-04,2.10005164e-03,1.84014476e-06,2.39218819e-05,1.56831415e-05,2.03880840e-04,5.29676907e-05,7.41547670e-04,5.88606173e-16,8.82909259e-15,2.17171871e-07,3.04040619e-06,4.50146466e-06,6.75219700e-05,3.61907526e-04,5.79052042e-03,6.23204383e-08,1.05944745e-06,9.76396180e-19,1.75751312e-17,1.69725125e-07,2.88532712e-06,5.97230808e-11,1.07501546e-09,7.17611362e-05,1.43522272e-03
9.22385104e-07,4.48099311e-01,1.49999308e+04,9.14449025e-02,7.12916733e-01,7.12916733e-01,6.91394697e-02,2.76557879e-01,1.73822502e-04,2.08587002e-03,1.81913696e-06,2.36487805e-05,1.68305214e-05,2.18796778e-04,5.26557929e-05,7.37181100e-04,6.21574092e-16,9.32361138e-15,2.51592305e-07,3.52229227e-06,4.83811068e-06,7.25716602e-05,3.61894310e-04,5.79030896e-03,5.85806666e-08,9.95871332e-07,3.98464651e-19,7.17236371e-18,1.82943660e-07,3.11004222e-06,5.71708689e-11,1.02907564e-09,7.17611362e-05,1.43522272e-03
9.94245730e-07,4.48099257e-01,1.49999254e+04,9.88119066e-02,7.12915029e-01,7.12915029e-01,6.91394738e-02,2.76557895e-01,1.72557569e-04,2.07069083e-03,1.79676110e-06,2.33578944e-05,1.80556427e-05,2.34723355e-04,5.23212991e-05,7.32498187e-04,6.55431428e-16,9.83147142e-15,2.91401667e-07,4.07962333e-06,5.19876127e-06,7.79814191e-05,3.61880065e-04,5.79008104e-03,5.48004822e-08,9.31608197e-07,3.11446510e-19,5.60603719e-18,1.97191320e-07,3.35225243e-06,5.43511351e-11,9.78320432e-10,7.17611362e-05,1.43522272e-03
1.07170483e-06,4.48099200e-01,1.49999196e+04,1.06786295e-01,7.12913202e-01,7.12913202e-01,6.91394779e-02,2.76557912e-01,1.71204401e-04,2.05445281e-03,1.77295023e-06,2.30483530e-05,1.93627831e-05,2.51716180e-04,5.19627336e-05,7.27478271e-04,6.90040267e-16,1.03506040e-14,3.37427223e-07,4.72398112e-06,5.58494043e-06,8.37741064e-05,3.61864711e-04,5.78983537e-03,5.09985243e-08,8.66974914e-07,2.82285522e-19,5.08113940e-18,2.12548167e-07,3.61331884e-06,5.13011867e-11,9.23421361e-10,7.17611362e-05,1.43522272e-03
1.15519857e-06,4.48099137e-01,1.49999134e+04,1.15419164e-01,7.12911244e-01,7.12911244e-01,6.91394821e-02,2.76557928e-01,1.69757698e-04,2.03709238e-03,1.74763769e-06,2.27192900e-05,2.07562915e-05,2.69831789e-04,5.15785525e-05,7.22099734e-04,7.25250303e-16,1.08787545e-14,3.90619183e-07,5.46866856e-06,5.99823837e-06,8.99735755e-05,3.61848161e-04,5.78957058e-03,4.71952398e-08,8.02319076e-07,2.58371081e-19,4.65067946e-18,2.29100486e-07,3.89470825e-06,4.80632243e-11,8.65138037e-10,7.17611362e-05,1.43522272e-03
1.24519708e-06,4.48099070e-01,1.49999066e+04,1.24765736e-01,7.12909148e-01,7.12909148e-01,6.91394862e-02,2.76557945e-01,1.68211981e-04,2.01854377e-03,1.72075782e-06,2.23698517e-05,2.22405572e-05,2.89127243e-04,5.11671451e-05,7.16340031e-04,7.60886367e-16,1.14132955e-14,4.52067961e-07,6.32895145e-06,6.44030913e-06,9.66046369e-05,3.61830323e-04,5.78928517e-03,4.34126847e-08,7.38015640e-07,2.34651443e-19,4.22372598e-18,2.46941259e-07,4.19800141e-06,4.46831257e-11,8.04296262e-10,7.17611362e-05,1.43522272e-03
1.34220715e-06,4.48098998e-01,1.49998993e+04,1.34885573e-01,7.12906905e-01,7.12906905e-01,6.91394904e-02,2.76557961e-01,1.66561607e-04,1.99873929e-03,1.69224678e-06,2.19992081e-05,2.38199724e-05,3.09659641e-04,5.07268376e-05,7.10175727e-04,7.96745648e-16,1.19511847e-14,5.23023629e-07,7.32233080e-06,6.91286691e-06,1.03693004e-04,3.61811097e-04,5.78897755e-03,3.96742473e-08,6.74462205e-07,2.11042373e-19,3.79876272e-18,2.66170692e-07,4.52490177e-06,4.12090732e-11,7.41763318e-10,7.17611362e-05,1.43522272e-03
1.44677502e-06,4.48098920e-01,1.49998915e+04,1.45842748e-01,7.12904505e-01,7.12904505e-01,6.91394944e-02,2.76557978e-01,1.64800795e-04,1.97760954e-03,1.66204349e-06,2.16065654e-05,2.54988870e-05,3.31485531e-04,5.02558975e-05,7.03582566e-04,8.32596516e-16,1.24889477e-14,6.04917750e-07,8.46884850e-06,7.41768105e-06,1.11265216e-04,3.61790374e-04,5.78864599e-03,3.60042849e-08,6.12072843e-07,1.87871083e-19,3.38167949e-18,2.86896766e-07,4.87724502e-06,3.76901029e-11,6.78421853e-10,7.17611362e-05,1.43522272e-03
1.55948950e-06,4.48098835e-01,1.49998830e+04,1.57705956e-01,7.12901938e-01,7.12901938e-01,6.91394985e-02,2.76557994e-01,1.62923653e-04,1.95508384e-03,1.63009076e-06,2.11911799e-05,2.72815546e-05,3.54660210e-04,4.97525392e-05,6.96535549e-04,8.68177944e-16,1.30226692e-14,6.99387823e-07,9.79142952e-06,7.95656939e-06,1.19348541e-04,3.61768039e-04,5.78828862e-03,3.24276751e-08,5.51270476e-07,1.65466494e-19,2.97839690e-18,3.09235843e-07,5.25700932e-06,3.41746582e-11,6.15143848e-10,7.17611362e-05,1.43522272e-03
1.68098528e-06,4.48098745e-01,1.49998739e+04,1.70548537e-01,7.12899196e-01,7.12899196e-01,6.91395024e-02,2.76558010e-01,1.60924217e-04,1.93109061e-03,1.59633650e-06,2.07523745e-05,2.91720688e-05,3.79236895e-04,4.92149319e-05,6.89009047e-04,9.03199539e-16,1.35479931e-14,8.08304548e-07,1.13162637e-05,8.53138977e-06,1.27970847e-04,3.61743965e-04,5.78790345e-03,2.89692847e-08,4.92477841e-07,1.44120294e-19,2.59416530e-18,3.33313310e-07,5.66632627e-06,3.07092325e-11,5.52766184e-10,7.17611362e-05,1.43522272e-03
1.81194647e-06,4.48098647e-01,1.49998641e+04,1.84448354e-01,7.12896268e-01,7.12896268e-01,6.91395063e-02,2.76558025e-01,1.58796495e-04,1.90555794e-03,1.56073510e-06,2.02895564e-05,3.11742882e-05,4.05265747e-04,4.86412098e-05,6.80976938e-04,9.37342288e-16,1.40601343e-14,9.33802119e-07,1.30732297e-05,9.14402935e-06,1.37160440e-04,3.61718019e-04,5.78748830e-03,2.56533659e-08,4.36107221e-07,1.24077967e-19,2.23340341e-18,3.59264282e-07,6.10749280e-06,2.73371520e-11,4.92068737e-10,7.17611362e-05,1.43522272e-03
1.95311051e-06,4.48098541e-01,1.49998535e+04,1.99487503e-01,7.12893143e-01,7.12893143e-01,6.91395100e-02,2.76558040e-01,1.56534517e-04,1.87841420e-03,1.52324904e-06,1.98022375e-05,3.32917503e-05,4.32792754e-04,4.80294841e-05,6.72412777e-04,9.70260159e-16,1.45539024e-14,1.07831173e-06,1.50963642e-05,9.79639157e-06,1.46945874e-04,3.61690053e-04,5.78704085e-03,2.25028942e-08,3.82549201e-07,1.05533710e-19,1.89960678e-18,3.87234346e-07,6.58298387e-06,2.40975617e-11,4.33756110e-10,7.17611362e-05,1.43522272e-03
2.10527227e-06,4.48098428e-01,1.49998421e+04,2.15751760e-01,7.12889811e-01,7.12889811e-01,6.91395135e-02,2.76558054e-01,1.54132401e-04,1.84958882e-03,1.48385051e-06,1.92900566e-05,3.55275715e-05,4.61858429e-04,4.73778573e-05,6.63290003e-04,1.00158266e-15,1.50237400e-14,1.24459847e-06,1.74243785e-05,1.04903804e-05,1.57355706e-04,3.61659911e-04,5.78655858e-03,1.95388730e-08,3.32160842e-07,8.86278021e-20,1.59530044e-18,4.17380371e-07,7.09546630e-06,2.10246173e-11,3.78443111e-10,7.17611362e-05,1.43522272e-03
2.26928856e-06,4.48098305e-01,1.49998298e+04,2.33329692e-01,7.12886261e-01,7.12886261e-01,6.91395170e-02,2.76558068e-01,1.51584428e-04,1.81901314e-03,1.44252333e-06,1.87528034e-05,3.78843331e-05,4.92496330e-04,4.66844418e-05,6.53582186e-04,1.03091854e-15,1.54637781e-14,1.43580166e-06,2.01012233e-05,1.12278816e-05,1.68418224e-04,3.61627425e-04,5.78603880e-03,1.67796341e-08,2.85253779e-07,7.34463942e-20,1.32203510e-18,4.49871379e-07,7.64781345e-06,1.81468973e-11,3.26644152e-10,7.17611362e-05,1.43522272e-03
2.44608294e-06,4.48098173e-01,1.49998165e+04,2.52311324e-01,7.12882481e-01,7.12882481e-01,6.91395202e-02,2.76558081e-01,1.48885122e-04,1.78662146e-03,1.39926494e-06,1.81904443e-05,4.03639529e-05,5.24731387e-04,4.59473798e-05,6.43263318e-04,1.05786059e-15,1.58679088e-14,1.65547882e-06,2.31767035e-05,1.20107403e-05,1.80161105e-04,3.61592412e-04,5.78547860e-03,1.42401691e-08,2.42082875e-07,6.00234301e-20,1.08042174e-18,4.84889480e-07,8.24312116e-06,1.54870097e-11,2.78766174e-10,7.17611362e-05,1.43522272e-03
2.63665090e-06,4.48098031e-01,1.49998023e+04,2.72786233e-01,7.12878462e-01,7.12878462e-01,6.91395233e-02,2.76558093e-01,1.46029349e-04,1.75235219e-03,1.35408847e-06,1.76031501e-05,4.29675397e-05,5.58578017e-04,4.51648681e-05,6.32308153e-04,1.08199186e-15,1.62298779e-14,1.90765299e-06,2.67071418e-05,1.28407357e-05,1.92611035e-04,3.61554676e-04,5.78487482e-03,1.19315363e-08,2.02836118e-07,4.83443568e-20,8.70198422e-19,5.22630877e-07,8.88472491e-06,1.30613762e-11,2.35104772e-10,7.17611362e-05,1.43522272e-03
2.84206552e-06,4.48097877e-01,1.49997868e+04,2.94840889e-01,7.12874191e-01,7.12874191e-01,6.91395261e-02,2.76558105e-01,1.43012433e-04,1.71614920e-03,1.30702495e-06,1.69913243e-05,4.56952328e-05,5.94038026e-04,4.43351858e-05,6.20692601e-04,1.10289308e-15,1.65433962e-14,2.19686349e-06,3.07560888e-05,1.37195508e-05,2.05793261e-04,3.61514005e-04,5.78422409e-03,9.86038318e-09,1.67626514e-07,3.83513204e-20,6.90323767e-19,5.63306950e-07,9.57621815e-06,1.08801764e-11,1.95843175e-10,7.17611362e-05,1.43522272e-03
3.06348345e-06,4.48097712e-01,1.49997702e+04,3.18555089e-01,7.12869658e-01,7.12869658e-01,6.91395288e-02,2.76558115e-01,1.39830272e-04,1.67796327e-03,1.25812559e-06,1.63556327e-05,4.85460229e-05,6.31098297e-04,4.34567267e-05,6.08394173e-04,1.12015144e-15,1.68022717e-14,2.52821965e-06,3.53950751e-05,1.46487387e-05,2.19731080e-04,3.61470173e-04,5.78352276e-03,8.02862954e-09,1.36486702e-07,2.99495304e-20,5.39091547e-19,6.07145420e-07,1.03214721e-05,8.94743604e-12,1.61053849e-10,7.17611362e-05,1.43522272e-03
3.30215148e-06,4.48097534e-01,1.49997523e+04,3.43997241e-01,7.12864852e-01,7.12864852e-01,6.91395314e-02,2.76558126e-01,1.36479483e-04,1.63775379e-03,1.20746400e-06,1.56970320e-05,5.15175585e-05,6.69728260e-04,4.25280355e-05,5.95392496e-04,1.13337067e-15,1.70005600e-14,2.90745709e-06,4.07043993e-05,1.56296841e-05,2.34445261e-04,3.61422932e-04,5.78276691e-03,6.43334686e-09,1.09366897e-07,2.30145226e-20,4.14261407e-19,6.54391606e-07,1.11246573e-05,7.26126823e-12,1.30702828e-10,7.17611362e-05,1.43522272e-03
3.55941352e-06,4.48097342e-01,1.49997330e+04,3.71218296e-01,7.12859763e-01,7.12859763e-01,6.91395337e-02,2.76558135e-01,1.32957549e-04,1.59549058e-03,1.15513834e-06,1.50167984e-05,5.46059352e-05,7.09877157e-04,4.15478484e-05,5.81669878e-04,1.14218214e-15,1.71327321e-14,3.34099570e-06,4.67739398e-05,1.66635602e-05,2.49953404e-04,3.61372020e-04,5.78195231e-03,5.06686226e-09,8.61366585e-08,1.74000069e-20,3.13200125e-19,7.05309767e-07,1.19902660e-05,5.81427037e-12,1.04656867e-10,7.17611362e-05,1.43522272e-03
3.83671818e-06,4.48097135e-01,1.49997122e+04,4.00244100e-01,7.12854381e-01,7.12854381e-01,6.91395360e-02,2.76558144e-01,1.29262988e-04,1.55115586e-03,1.10127335e-06,1.43165535e-05,5.78054714e-05,7.51471129e-04,4.05151390e-05,5.67211946e-04,1.14625703e-15,1.71938554e-14,3.83599842e-06,5.37039779e-05,1.77512811e-05,2.66269216e-04,3.61317150e-04,5.78107440e-03,3.91709718e-09,6.65906521e-08,1.29459889e-20,2.33027800e-19,7.60184553e-07,1.29231374e-05,4.59409137e-12,8.26936447e-11,7.17611362e-05,1.43522272e-03
4.13562692e-06,4.48096911e-01,1.49996898e+04,4.31065999e-01,7.12848697e-01,7.12848697e-01,6.91395381e-02,2.76558152e-01,1.25395532e-04,1.50474638e-03,1.04602212e-06,1.35982875e-05,6.11084724e-05,7.94410141e-04,3.94291676e-05,5.52008346e-04,1.14531898e-15,1.71797847e-14,4.40042937e-06,6.16060111e-05,1.88934490e-05,2.83401735e-04,3.61258018e-04,5.78012828e-03,2.96813687e-09,5.04583268e-08,9.48678837e-21,1.70762191e-19,8.19322562e-07,1.39284836e-05,3.58417094e-12,6.45150769e-11,7.17611362e-05,1.43522272e-03
4.45782286e-06,4.48096671e-01,1.49996657e+04,4.63629619e-01,7.12842703e-01,7.12842703e-01,6.91395401e-02,2.76558160e-01,1.21356310e-04,1.45627573e-03,9.89567464e-07,1.28643770e-05,6.45049855e-05,8.38564812e-04,3.82895364e-05,5.36053509e-04,1.13915712e-15,1.70873568e-14,5.04310949e-06,7.06035329e-05,2.00902981e-05,3.01354471e-04,3.61194291e-04,5.77910865e-03,2.20100091e-09,3.74170154e-08,6.85854124e-21,1.23453742e-19,8.83054015e-07,1.50119183e-05,2.76463663e-12,4.97634594e-11,7.17611362e-05,1.43522272e-03
4.80512025e-06,4.48096411e-01,1.49996396e+04,4.97821922e-01,7.12836392e-01,7.12836392e-01,6.91395420e-02,2.76558168e-01,1.17148053e-04,1.40577663e-03,9.32122843e-07,1.21175970e-05,6.79825533e-05,8.83773194e-04,3.70962478e-05,5.19347470e-04,1.12763878e-15,1.69145817e-14,5.77376759e-06,8.08327463e-05,2.13416335e-05,3.20124502e-04,3.61125614e-04,5.77800983e-03,1.59456825e-09,2.71076602e-08,4.90577638e-21,8.83039748e-20,9.51734552e-07,1.61794874e-05,2.11332573e-12,3.80398631e-11,7.17611362e-05,1.43522272e-03
5.17947468e-06,4.48096132e-01,1.49996115e+04,5.33456928e-01,7.12829759e-01,7.12829759e-01,6.91395439e-02,2.76558176e-01,1.12775285e-04,1.35330342e-03,8.73932598e-07,1.13611238e-05,7.15259687e-05,9.29837593e-04,3.58497675e-05,5.01896745e-04,1.11072145e-15,1.66608218e-14,6.60308380e-06,9.24431732e-05,2.26467676e-05,3.39701515e-04,3.61051605e-04,5.77682568e-03,1.12659034e-09,1.91520358e-08,3.48669517e-21,6.27605130e-20,1.02574716e-06,1.74377018e-05,1.60687596e-12,2.89237672e-11,7.17611362e-05,1.43522272e-03
5.58299409e-06,4.48095830e-01,1.49995813e+04,5.70260886e-01,7.12822800e-01,7.12822800e-01,6.91395458e-02,2.76558183e-01,1.08244533e-04,1.29893440e-03,8.15271455e-07,1.05985289e-05,7.51170416e-05,9.76521541e-04,3.45510894e-05,4.83715252e-04,1.08846336e-15,1.63269505e-14,7.54272219e-06,1.05598111e-04,2.40044543e-05,3.60066814e-04,3.60971850e-04,5.77554960e-03,7.74714798e-10,1.31701516e-08,2.47689080e-21,4.45840344e-20,1.10550426e-06,1.87935724e-05,1.22181410e-12,2.19926538e-11,7.17611362e-05,1.43522272e-03
6.01795064e-06,4.48095506e-01,1.49995487e+04,6.07858245e-01,7.12815512e-01,7.12815512e-01,6.91395478e-02,2.76558191e-01,1.03564516e-04,1.24277419e-03,7.56443063e-07,9.83375981e-06,7.87343872e-05,1.02354703e-03,3.32018030e-05,4.64825242e-04,1.06103187e-15,1.59154780e-14,8.60534849e-06,1.20474879e-04,2.54128217e-05,3.81192326e-04,3.60885904e-04,5.77417447e-03,5.17438581e-10,8.79645588e-09,1.77139234e-21,3.18850621e-20,1.19144992e-06,2.02546486e-05,9.35563604e-13,1.68401449e-11,7.17611362e-05,1.43522272e-03
6.48679353e-06,4.48095155e-01,1.49995135e+04,6.45760376e-01,7.12807895e-01,7.12807895e-01,6.91395497e-02,2.76558199e-01,9.87463247e-05,1.18495590e-03,6.97777470e-07,9.07110711e-06,8.23532467e-05,1.07059221e-03,3.18041609e-05,4.45258253e-04,1.02870908e-15,1.54306362e-14,9.80462823e-06,1.37264795e-04,2.68693073e-05,4.03039610e-04,3.60793289e-04,5.77269263e-03,3.34916442e-10,5.69357951e-09,1.28508924e-21,2.31316064e-20,1.28406223e-06,2.18290580e-05,7.27296929e-13,1.30913447e-11,7.17611362e-05,1.43522272e-03
6.99216276e-06,4.48094778e-01,1.49994756e+04,6.83359676e-01,7.12799952e-01,7.12799952e-01,6.91395517e-02,2.76558207e-01,9.38035853e-05,1.12564302e-03,6.39627411e-07,8.31515634e-06,8.59453564e-05,1.11728963e-03,3.03611438e-05,4.25056013e-04,9.91893947e-16,1.48784092e-14,1.11551998e-05,1.56172798e-04,2.83705952e-05,4.25558927e-04,3.60693490e-04,5.77109584e-03,2.09566844e-10,3.56263635e-09,9.51754740e-22,1.71315853e-20,1.38385593e-06,2.35255507e-05,5.78573736e-13,1.04143273e-11,7.17611362e-05,1.43522272e-03
7.53690398e-06,4.48094371e-01,1.49994347e+04,7.19932143e-01,7.12791686e-01,7.12791686e-01,6.91395539e-02,2.76558215e-01,8.87525804e-05,1.06503097e-03,5.82363297e-07,7.57072286e-06,8.94788790e-05,1.16322543e-03,2.88765214e-05,4.04271299e-04,9.51100161e-16,1.42665024e-14,1.26726170e-05,1.77416638e-04,2.99125602e-05,4.48688403e-04,3.60585951e-04,5.76937522e-03,1.26442126e-10,2.14951614e-09,7.22009875e-22,1.29961778e-20,1.49138506e-06,2.53535460e-05,4.73730812e-13,8.52715461e-12,7.17611362e-05,1.43522272e-03
8.12408458e-06,4.48093933e-01,1.49993907e+04,7.54651612e-01,7.12783106e-01,7.12783106e-01,6.91395561e-02,2.76558224e-01,8.36123330e-05,1.00334800e-03,5.26366886e-07,6.84276951e-06,9.29184171e-05,1.20793942e-03,2.73549048e-05,3.82968667e-04,9.06949322e-16,1.36042398e-14,1.43732533e-05,2.01225546e-04,3.14902218e-05,4.72353327e-04,3.60470076e-04,5.76752121e-03,7.33583049e-11,1.24709118e-09,5.60635163e-22,1.00914329e-20,1.60724600e-06,2.73231819e-05,4.00019127e-13,7.20034429e-12,7.17611362e-05,1.43522272e-03
8.75701089e-06,4.48093460e-01,1.49993432e+04,7.86618245e-01,7.12774223e-01,7.12774223e-01,6.91395585e-02,2.76558234e-01,7.84046316e-05,9.40855579e-04,4.72023638e-07,6.13630730e-06,9.62251272e-05,1.25092665e-03,2.58017875e-05,3.61225025e-04,8.60159063e-16,1.29023860e-14,1.62741631e-05,2.27838284e-04,3.30977104e-05,4.96465657e-04,3.60345220e-04,5.76552352e-03,4.08080316e-11,6.93736537e-10,4.43635823e-22,7.98544481e-21,1.73208056e-06,2.94453696e-05,3.47512866e-13,6.25523158e-12,7.17611362e-05,1.43522272e-03
9.43924684e-06,4.48092951e-01,1.49992921e+04,8.14902319e-01,7.12765048e-01,7.12765048e-01,6.91395610e-02,2.76558244e-01,7.31539858e-05,8.77847830e-04,4.19713876e-07,5.45628039e-06,9.93569546e-05,1.29164041e-03,2.42235699e-05,3.39129978e-04,8.11525950e-16,1.21728892e-14,1.83928908e-05,2.57500472e-04,3.47282526e-05,5.20923790e-04,3.60210691e-04,5.76337106e-03,2.17029695e-11,3.68950482e-10,3.55407173e-22,6.39732912e-21,1.86657943e-06,3.17318503e-05,3.08838983e-13,5.55910169e-12,7.17611362e-05,1.43522272e-03
1.01746340e-05,4.48092401e-01,1.49992369e+04,8.38601899e-01,7.12755600e-01,7.12755600e-01,6.91395637e-02,2.76558255e-01,6.78874995e-05,8.14649994e-04,3.69802927e-07,4.80743805e-06,1.02269009e-04,1.32949711e-03,2.26275628e-05,3.16785879e-04,7.61903361e-16,1.14285504e-14,2.07472224e-05,2.90461114e-04,3.63741773e-05,5.45612659e-04,3.60065745e-04,5.76105192e-03,1.10054010e-11,1.87091816e-10,2.86247813e-22,5.15246064e-21,2.01148571e-06,3.41952570e-05,2.78790127e-13,5.01822229e-12,7.17611362e-05,1.43522272e-03
1.09673133e-05,4.48091809e-01,1.49991775e+04,8.56909838e-01,7.12745897e-01,7.12745897e-01,6.91395666e-02,2.76558267e-01,6.26346475e-05,7.51615771e-04,3.22630566e-07,4.19419736e-06,1.04914098e-04,1.36388328e-03,2.10219650e-05,2.94307510e-04,7.12174880e-16,1.06826232e-14,2.33548733e-05,3.26968226e-04,3.80269493e-05,5.70404240e-04,3.59909579e-04,5.75855327e-03,5.31156760e-12,9.02966493e-11,2.30355043e-22,4.14639077e-21,2.16759886e-06,3.68491806e-05,2.53886536e-13,4.56995764e-12,7.17611362e-05,1.43522272e-03
1.18217482e-05,4.48091171e-01,1.49991134e+04,8.69182392e-01,7.12735964e-01,7.12735964e-01,6.91395697e-02,2.76558279e-01,5.74269470e-05,6.89123363e-04,2.78500174e-07,3.62050226e-06,1.07243442e-04,1.39416474e-03,1.94158091e-05,2.71821328e-04,6.63224106e-16,9.94836159e-15,2.62331078e-05,3.67263509e-04,3.96772348e-05,5.95158522e-04,3.59741330e-04,5.75586129e-03,2.44176599e-12,4.15100218e-11,1.84333267e-22,3.31799881e-21,2.33577882e-06,3.97082399e-05,2.31944662e-13,4.17500391e-12,7.17611363e-05,1.43522273e-03
1.27427499e-05,4.48090483e-01,1.49990443e+04,8.74999712e-01,7.12725826e-01,7.12725826e-01,6.91395730e-02,2.76558292e-01,5.22975120e-05,6.27570145e-04,2.37668119e-07,3.08968555e-06,1.09207562e-04,1.41969830e-03,1.78188726e-05,2.49464216e-04,6.15902212e-16,9.23853319e-15,2.93982874e-05,4.11576023e-04,4.13150014e-05,6.19725021e-04,3.59560071e-04,5.75296113e-03,1.07750372e-12,1.83175632e-11,1.46168995e-22,2.63104191e-21,2.51695040e-06,4.27881568e-05,2.11694844e-13,3.81050719e-12,7.17611363e-05,1.43522273e-03
1.37355044e-05,4.48089742e-01,1.49989699e+04,8.74208327e-01,7.12715512e-01,7.12715512e-01,6.91395766e-02,2.76558306e-01,4.72804916e-05,5.67365899e-04,2.00333987e-07,2.60434183e-06,1.10757374e-04,1.43984586e-03,1.62415481e-05,2.27381673e-04,5.70994940e-16,8.56492409e-15,3.28653482e-05,4.60114874e-04,4.29296576e-05,6.43944864e-04,3.59364800e-04,5.74983681e-03,4.68240231e-13,7.96008393e-12,1.14582341e-22,2.06248214e-21,2.71210805e-06,4.61058368e-05,1.92471630e-13,3.46448933e-12,7.17611363e-05,1.43522273e-03
1.48056018e-05,4.48088943e-01,1.49988896e+04,8.66938050e-01,7.12705054e-01,7.12705054e-01,6.91395803e-02,2.76558321e-01,4.24103885e-05,5.08924662e-04,1.66632305e-07,2.16621997e-06,1.11845452e-04,1.45399088e-03,1.46946722e-05,2.05725410e-04,5.29191007e-16,7.93786510e-15,3.66472117e-05,5.13060964e-04,4.45102327e-05,6.67653490e-04,3.59154446e-04,5.74647113e-03,2.13568165e-13,3.63065880e-12,8.86522085e-23,1.59573975e-21,2.92232085e-06,4.96794544e-05,1.73982879e-13,3.13169182e-12,7.17611363e-05,1.43522273e-03
1.59590678e-05,4.48088081e-01,1.49988031e+04,8.53590157e-01,7.12694486e-01,7.12694486e-01,6.91395844e-02,2.76558338e-01,3.77212712e-05,4.52655254e-04,1.36626450e-07,1.77614384e-06,1.12427469e-04,1.46155710e-03,1.31893115e-05,1.84650361e-04,4.91054101e-16,7.36581151e-15,4.07541372e-05,5.70557921e-04,4.60455969e-05,6.90683953e-04,3.58927851e-04,5.74284561e-03,1.14189428e-13,1.94122028e-12,6.76216437e-23,1.21718959e-21,3.14873792e-06,5.35285447e-05,1.56150657e-13,2.81071183e-12,7.17611363e-05,1.43522273e-03
1.72023972e-05,4.48087153e-01,1.49987099e+04,8.34798978e-01,7.12683844e-01,7.12683844e-01,6.91395887e-02,2.76558355e-01,3.32458945e-05,3.98950733e-04,1.10305339e-07,1.43396940e-06,1.12463764e-04,1.46202894e-03,1.17365078e-05,1.64311109e-04,4.57000602e-16,6.85500903e-15,4.51930295e-05,6.32702414e-04,4.75247196e-05,7.12870793e-04,3.58683773e-04,5.73894037e-03,7.80129326e-14,1.32621985e-12,5.08105101e-23,9.14589182e-22,3.39259411e-06,5.76740998e-05,1.39009572e-13,2.50217229e-12,7.17611363e-05,1.43522273e-03
1.85425913e-05,4.48086152e-01,1.49986094e+04,8.11373732e-01,7.12673164e-01,7.12673164e-01,6.91395933e-02,2.76558373e-01,2.90147560e-05,3.48177072e-04,8.75834208e-08,1.13858447e-06,1.11921007e-04,1.45497309e-03,1.03469877e-05,1.44857827e-04,4.27285002e-16,6.40927504e-15,4.99667221e-05,6.99534110e-04,4.89369598e-05,7.34054397e-04,3.58420878e-04,5.73473404e-03,6.57542515e-14,1.11782228e-12,3.75854406e-23,6.76537931e-22,3.65521605e-06,6.21386729e-05,1.22646197e-13,2.20763154e-12,7.17611363e-05,1.43522273e-03
1.99871964e-05,4.48085073e-01,1.49985010e+04,7.84230237e-01,7.12662485e-01,7.12662485e-01,6.91395982e-02,2.76558393e-01,2.50551261e-05,3.00661513e-04,6.83042486e-08,8.87955231e-07,1.10773879e-04,1.44006043e-03,9.03084535e-06,1.26431835e-04,4.01994505e-16,6.02991757e-15,5.50732626e-05,7.71025677e-04,5.02723798e-05,7.54085697e-04,3.58137728e-04,5.73020364e-03,6.20437421e-14,1.05474362e-12,2.73563831e-23,4.92414895e-22,3.93802868e-06,6.69464875e-05,1.07164987e-13,1.92896976e-12,7.17611363e-05,1.43522273e-03
2.15443469e-05,4.48083910e-01,1.49983843e+04,7.54322498e-01,7.12651843e-01,7.12651843e-01,6.91396035e-02,2.76558414e-01,2.13900965e-05,2.56681158e-04,5.22476815e-08,6.79219859e-07,1.09006708e-04,1.41708720e-03,7.79721095e-06,1.09160953e-04,3.81053650e-16,5.71580475e-15,6.05052323e-05,8.47073252e-04,5.15220696e-05,7.72831044e-04,3.57832781e-04,5.72532450e-03,6.14129711e-14,1.04402051e-12,1.95828311e-23,3.52490960e-22,4.24256199e-06,7.21235538e-05,9.26696529e-14,1.66805375e-12,7.17611363e-05,1.43522273e-03
2.32228110e-05,4.48082657e-01,1.49982584e+04,7.22582383e-01,7.12641277e-01,7.12641277e-01,6.91396091e-02,2.76558436e-01,1.80377024e-05,2.16452428e-04,3.91404407e-08,5.08825730e-07,1.06614951e-04,1.38599436e-03,6.65392059e-06,9.31548882e-05,3.64238925e-16,5.46358388e-15,6.62491388e-05,9.27487943e-04,5.26784663e-05,7.90176995e-04,3.57504380e-04,5.72007009e-03,6.21154406e-14,1.05596249e-12,1.37813901e-23,2.48065022e-22,4.57045837e-06,7.76977923e-05,7.92527944e-14,1.42655030e-12,7.17611363e-05,1.43522273e-03
2.50320398e-05,4.48081306e-01,1.49981227e+04,6.89872630e-01,7.12630823e-01,7.12630823e-01,6.91396150e-02,2.76558460e-01,1.50101772e-05,1.80122127e-04,2.86694187e-08,3.72702444e-07,1.03606434e-04,1.34688364e-03,5.60720762e-06,7.85009066e-05,3.51202383e-16,5.26803574e-15,7.22849241e-05,1.01198894e-03,5.37356498e-05,8.06034747e-04,3.57150746e-04,5.71441193e-03,6.36626173e-14,1.08226449e-12,9.53106814e-24,1.71559226e-22,4.92348020e-06,8.36991634e-05,6.69896880e-14,1.20581438e-12,7.17611364e-05,1.43522273e-03
2.69822209e-05,4.48079849e-01,1.49979765e+04,6.56955178e-01,7.12620515e-01,7.12620515e-01,6.91396214e-02,2.76558486e-01,1.23134003e-05,1.47760803e-04,2.04968430e-08,2.66458959e-07,1.00002233e-04,1.30002903e-03,4.66143639e-06,6.52601095e-05,3.41502314e-16,5.12253470e-15,7.85856331e-05,1.10019886e-03,5.46895934e-05,8.20343901e-04,3.56769966e-04,5.70831945e-03,6.59410572e-14,1.12099797e-12,6.47510715e-24,1.16551929e-22,5.30351799e-06,9.01598058e-05,5.59342433e-14,1.00681638e-12,7.17611364e-05,1.43522273e-03
2.90843356e-05,4.48078279e-01,1.49978188e+04,6.24474158e-01,7.12610385e-01,7.12610385e-01,6.91396281e-02,2.76558513e-01,9.94659224e-06,1.19359107e-04,1.42761650e-08,1.85590145e-07,9.58371106e-05,1.24588244e-03,3.81890057e-06,5.34646080e-05,3.34638261e-16,5.01957391e-15,8.51172856e-05,1.19164200e-03,5.55383499e-05,8.33075249e-04,3.56359990e-04,5.70175984e-03,6.89306856e-14,1.17182166e-12,4.31935758e-24,7.77484364e-23,5.71259885e-06,9.71141804e-05,4.61163601e-14,8.30094481e-13,7.17611364e-05,1.43522273e-03
3.13502206e-05,4.48076587e-01,1.49976489e+04,5.92951161e-01,7.12600466e-01,7.12600466e-01,6.91396353e-02,2.76558541e-01,7.90230432e-06,9.48276519e-05,9.66742884e-09,1.25676575e-07,9.11594041e-05,1.18507225e-03,3.07970637e-06,4.31158892e-05,3.30087138e-16,4.95130707e-15,9.18389934e-05,1.28574591e-03,5.62821532e-05,8.44232299e-04,3.55918617e-04,5.69469788e-03,7.26263677e-14,1.23464825e-12,2.82778297e-24,5.09000934e-23,6.15289550e-06,1.04599224e-04,3.75405101e-14,6.75729182e-13,7.17611364e-05,1.43522273e-03
3.37926348e-05,4.48074763e-01,1.49974658e+04,5.62789642e-01,7.12590785e-01,7.12590785e-01,6.91396429e-02,2.76558572e-01,6.16672791e-06,7.40007349e-05,6.35090590e-09,8.25617767e-08,8.60303291e-05,1.11839428e-03,2.44175715e-06,3.41846001e-05,3.27337109e-16,4.91005663e-15,9.87033519e-05,1.38184693e-03,5.69234197e-05,8.53851295e-04,3.55443488e-04,5.68709581e-03,7.70204561e-14,1.30934775e-12,1.81594585e-24,3.26870253e-23,6.62673563e-06,1.12654506e-04,3.01855905e-14,5.43340630e-13,7.17611364e-05,1.43522273e-03
3.64253312e-05,4.48072797e-01,1.49972683e+04,5.34285262e-01,7.12581369e-01,7.12581369e-01,6.91396510e-02,2.76558604e-01,4.72032895e-06,5.66439474e-05,4.03797332e-09,5.24936532e-08,8.05226561e-05,1.04679453e-03,1.90084930e-06,2.66118902e-05,3.25916241e-16,4.88874362e-15,1.05657127e-04,1.47919978e-03,5.74666415e-05,8.61999622e-04,3.54932073e-04,5.67891316e-03,8.21015695e-14,1.39572668e-12,1.14339445e-24,2.05811000e-23,7.13661169e-06,1.21322399e-04,2.40061229e-14,4.32110211e-13,7.17611365e-05,1.43522273e-03
3.92631340e-05,4.48070678e-01,1.49970556e+04,5.07639468e-01,7.12572243e-01,7.12572243e-01,6.91396595e-02,2.76558638e-01,3.53878358e-06,4.24654029e-05,2.47853322e-09,3.22209318e-08,7.47187903e-05,9.71344274e-04,1.45088082e-06,2.03123315e-05,3.25413694e-16,4.88120541e-15,1.12642239e-04,1.57699135e-03,5.79181707e-05,8.68772561e-04,3.54381660e-04,5.67010656e-03,8.78571763e-14,1.49357200e-12,7.05791284e-25,1.27042431e-23,7.68519117e-06,1.30648250e-04,1.89348008e-14,3.40826415e-13,7.17611365e-05,1.43522273e-03
4.23220227e-05,4.48068394e-01,1.49968262e+04,4.82974189e-01,7.12563429e-01,7.12563429e-01,6.91396685e-02,2.76558674e-01,2.59416240e-06,3.11299487e-05,1.46469953e-09,1.90410938e-08,6.87083193e-05,8.93208151e-04,1.08416371e-06,1.51782919e-05,3.25492260e-16,4.88238391e-15,1.19597034e-04,1.67435847e-03,5.82859034e-05,8.74288551e-04,3.53789348e-04,5.66062957e-03,9.42767898e-14,1.60270543e-12,4.27450380e-25,7.69410684e-24,8.27532714e-06,1.40680561e-04,1.48862840e-14,2.67953111e-13,7.17611365e-05,1.43522273e-03
4.56192215e-05,4.48065931e-01,1.49965789e+04,4.60346237e-01,7.12554949e-01,7.12554949e-01,6.91396781e-02,2.76558712e-01,1.85628353e-06,2.22754023e-05,8.30920911e-10,1.08019718e-08,6.25851424e-05,8.13606851e-04,7.91821064e-07,1.10854949e-05,3.25892268e-16,4.88838402e-15,1.26457795e-04,1.77040913e-03,5.85788819e-05,8.78683228e-04,3.53152029e-04,5.65043246e-03,1.01354871e-13,1.72303281e-12,2.54721803e-25,4.58499246e-24,8.91006930e-06,1.51471178e-04,1.17620094e-14,2.11716170e-13,7.17611366e-05,1.43522273e-03
4.91732965e-05,4.48063277e-01,1.49963125e+04,4.39760520e-01,7.12546822e-01,7.12546822e-01,6.91396881e-02,2.76558752e-01,1.29413396e-06,1.55296075e-05,4.51107532e-10,5.86439792e-09,5.64443357e-05,7.33776364e-04,5.64240159e-07,7.89936223e-06,3.26427938e-16,4.89641907e-15,1.33160463e-04,1.86424648e-03,5.88068451e-05,8.82102676e-04,3.52466379e-04,5.63946206e-03,1.09093078e-13,1.85458233e-12,1.50437982e-25,2.70788368e-24,9.59267518e-06,1.63075478e-04,9.45568622e-15,1.70202352e-13,7.17611366e-05,1.43522273e-03
5.30042602e-05,4.48060416e-01,1.49960252e+04,4.21181657e-01,7.12539067e-01,7.12539067e-01,6.91396987e-02,2.76558795e-01,8.77247993e-07,1.05269759e-05,2.33608531e-10,3.03691090e-09,5.03789337e-05,6.54926138e-04,3.91545990e-07,5.48164385e-06,3.26978101e-16,4.90467152e-15,1.39642472e-04,1.95499461e-03,5.89797597e-05,8.84696396e-04,3.51728845e-04,5.62766152e-03,1.17501690e-13,1.99752873e-12,8.94520411e-26,1.61013674e-24,1.03266218e-05,1.75552570e-04,7.85905295e-15,1.41462953e-13,7.17611366e-05,1.43522273e-03
5.71336843e-05,4.48057333e-01,1.49957156e+04,4.04543840e-01,7.12531702e-01,7.12531702e-01,6.91397098e-02,2.76558839e-01,5.76933851e-07,6.92320621e-06,1.15006599e-10,1.49508578e-09,4.44768170e-05,5.78198621e-04,2.64056786e-07,3.69679500e-06,3.27473578e-16,4.91210367e-15,1.45844635e-04,2.04182488e-03,5.91073710e-05,8.86610565e-04,3.50935632e-04,5.61497011e-03,1.26600196e-13,2.15220333e-12,5.51770265e-26,9.93186478e-25,1.11156172e-05,1.88965492e-04,6.86744713e-15,1.23614048e-13,7.17611367e-05,1.43522273e-03
6.15848211e-05,4.48054009e-01,1.49953818e+04,3.89759007e-01,7.12524740e-01,7.12524740e-01,6.91397214e-02,2.76558886e-01,3.67256112e-07,4.40707335e-06,5.36487575e-11,6.97433848e-10,3.88178877e-05,5.04632540e-04,1.72684653e-07,2.41758514e-06,3.27883504e-16,4.91825257e-15,1.51712987e-04,2.12398182e-03,5.91988085e-05,8.87982127e-04,3.50082687e-04,5.60132300e-03,1.36417155e-13,2.31909163e-12,3.69757308e-26,6.65563155e-25,1.19636125e-05,2.03381413e-04,6.38475327e-15,1.14925559e-13,7.17611367e-05,1.43522273e-03
6.63827344e-05,4.48050426e-01,1.49950221e+04,3.76723485e-01,7.12518195e-01,7.12518195e-01,6.91397335e-02,2.76558934e-01,2.25710317e-07,2.70852381e-06,2.36496647e-11,3.07445641e-10,3.34716841e-05,4.35131893e-04,1.09251091e-07,1.52951527e-06,3.28202483e-16,4.92303724e-15,1.57200497e-04,2.20080696e-03,5.92622766e-05,8.88934150e-04,3.49165690e-04,5.58665103e-03,1.46989525e-13,2.49882193e-12,2.82388851e-26,5.08299932e-25,1.28748136e-05,2.18871831e-04,6.32737630e-15,1.13892773e-13,7.17611368e-05,1.43522274e-03
7.15544407e-05,4.48046564e-01,1.49946344e+04,3.65323284e-01,7.12512073e-01,7.12512073e-01,6.91397461e-02,2.76558984e-01,1.33563722e-07,1.60276466e-06,9.84282074e-12,1.27956670e-10,2.84955467e-05,3.70442107e-04,6.66977586e-08,9.33768621e-07,3.28439824e-16,4.92659736e-15,1.62268559e-04,2.27175983e-03,5.93048491e-05,8.89572736e-04,3.48180032e-04,5.57088052e-03,1.58361728e-13,2.69214938e-12,2.50039652e-26,4.50071374e-25,1.38536927e-05,2.35512776e-04,6.62701283e-15,1.19286231e-13,7.17611369e-05,1.43522274e-03
7.71290612e-05,4.48042401e-01,1.49942164e+04,3.55438238e-01,7.12506379e-01,7.12506379e-01,6.91397592e-02,2.76559037e-01,7.58761495e-08,9.10513794e-07,3.88289427e-12,5.04776255e-11,2.39333981e-05,3.11134175e-04,3.91859660e-08,5.48603523e-07,3.28611479e-16,4.92917219e-15,1.66888191e-04,2.33643468e-03,5.93323728e-05,8.89985592e-04,3.47120812e-04,5.55393299e-03,1.70584650e-13,2.89993905e-12,2.49901431e-26,4.49822577e-25,1.49049998e-05,2.53384997e-04,7.23214867e-15,1.30178676e-13,7.17611369e-05,1.43522274e-03
8.31379858e-05,4.48037914e-01,1.49937659e+04,3.46945197e-01,7.12501110e-01,7.12501110e-01,6.91397727e-02,2.76559091e-01,4.12506723e-08,4.95008068e-07,1.47572682e-12,1.91844487e-11,1.98151505e-05,2.57596956e-04,2.20918106e-08,3.09285348e-07,3.28734669e-16,4.93102004e-15,1.71040879e-04,2.39457231e-03,5.93494762e-05,8.90242143e-04,3.45982811e-04,5.53572498e-03,1.83714766e-13,3.12315103e-12,2.69470777e-26,4.85047399e-25,1.60337734e-05,2.72574149e-04,8.10837104e-15,1.45950679e-13,7.17611370e-05,1.43522274e-03
8.96150502e-05,4.48033077e-01,1.49932804e+04,3.39720415e-01,7.12496256e-01,7.12496256e-01,6.91397867e-02,2.76559147e-01,2.13892845e-08,2.56671414e-07,5.64569312e-13,7.33940105e-12,1.61567188e-05,2.10037345e-04,1.19153656e-08,1.66815118e-07,3.28824835e-16,4.93237253e-15,1.74719006e-04,2.44606609e-03,5.93596612e-05,8.90394918e-04,3.44760490e-04,5.51616783e-03,1.97813477e-13,3.36282911e-12,3.02335627e-26,5.44204129e-25,1.72453506e-05,2.93170960e-04,9.23771993e-15,1.66278959e-13,7.17611371e-05,1.43522274e-03
9.65967258e-05,4.48027864e-01,1.49927570e+04,3.33641306e-01,7.12491799e-01,7.12491799e-01,6.91398010e-02,2.76559204e-01,1.05398792e-08,1.26478550e-07,2.37009312e-13,3.08112106e-12,1.29605854e-05,1.68487610e-04,6.12992962e-09,8.58190146e-08,3.28894323e-16,4.93341485e-15,1.77925842e-04,2.49096179e-03,5.93654555e-05,8.90481833e-04,3.43447966e-04,5.49516745e-03,2.12946662e-13,3.62009325e-12,3.45576729e-26,6.22038112e-25,1.85453756e-05,3.15271385e-04,1.06173947e-14,1.91113105e-13,7.17611372e-05,1.43522274e-03
1.04122326e-04,4.48022245e-01,1.49921929e+04,3.28587721e-01,7.12487713e-01,7.12487713e-01,6.91398156e-02,2.76559262e-01,4.91709597e-09,5.90051517e-08,1.20125543e-13,1.56163206e-12,1.02168517e-05,1.32819073e-04,3.00006371e-09,4.20008919e-08,3.28952196e-16,4.93428295e-15,1.80675070e-04,2.52945098e-03,5.93685951e-05,8.90528927e-04,3.42039008e-04,5.47262413e-03,2.29184431e-13,3.89613533e-12,3.98245838e-26,7.16842509e-25,1.99398080e-05,3.38976735e-04,1.22581645e-14,2.20646961e-13,7.17611373e-05,1.43522275e-03
1.12234225e-04,4.48016188e-01,1.49915848e+04,3.24442887e-01,7.12483965e-01,7.12483965e-01,6.91398304e-02,2.76559321e-01,2.16357760e-09,2.59629312e-08,7.42289686e-14,9.64976592e-13,7.90470404e-06,1.02761153e-04,1.39498260e-09,1.95297564e-08,3.29004661e-16,4.93506992e-15,1.82989859e-04,2.56185803e-03,5.93702109e-05,8.90553164e-04,3.40527021e-04,5.44843234e-03,2.46601012e-13,4.19221720e-12,4.60520826e-26,8.28937488e-25,2.14349278e-05,3.64393772e-04,1.41828065e-14,2.55290517e-13,7.17611374e-05,1.43522275e-03
1.20978102e-04,4.48009659e-01,1.49909294e+04,3.21094176e-01,7.12480515e-01,7.12480515e-01,6.91398453e-02,2.76559381e-01,8.94979105e-10,1.07397493e-08,5.15640720e-14,6.70332935e-13,5.99421570e-06,7.79248041e-05,6.17954812e-10,8.65136737e-09,3.29055731e-16,4.93583596e-15,1.84901521e-04,2.58862129e-03,5.93709999e-05,8.90564999e-04,3.38905039e-04,5.42248062e-03,2.65274712e-13,4.50967010e-12,5.33262015e-26,9.59871627e-25,2.30373394e-05,3.91634770e-04,1.64248288e-14,2.95646919e-13,7.17611376e-05,1.43522275e-03
1.30403192e-04,4.48002621e-01,1.49902229e+04,3.18433810e-01,7.12477315e-01,7.12477315e-01,6.91398603e-02,2.76559441e-01,3.47681414e-10,4.17217697e-09,3.72044089e-14,4.83657316e-13,4.44840526e-06,5.78292684e-05,2.64488249e-10,3.70283548e-09,3.29107890e-16,4.93661834e-15,1.86447797e-04,2.61026916e-03,5.93713667e-05,8.90570500e-04,3.37165712e-04,5.39465139e-03,2.85287914e-13,4.84989453e-12,6.17794453e-26,1.11203001e-24,2.47539722e-05,4.20817527e-04,1.90276408e-14,3.42497535e-13,7.17611378e-05,1.43522276e-03
1.40562565e-04,4.47995035e-01,1.49894615e+04,3.16359628e-01,7.12474315e-01,7.12474315e-01,6.91398752e-02,2.76559501e-01,1.27697393e-10,1.53236871e-09,2.67679730e-14,3.47983650e-13,3.22545502e-06,4.19309152e-05,1.14187247e-10,1.59862146e-09,3.29162648e-16,4.93743972e-15,1.87670898e-04,2.62739258e-03,5.93715317e-05,8.90572975e-04,3.35301306e-04,5.36482089e-03,3.06727062e-13,5.21436006e-12,7.15813159e-26,1.28846369e-24,2.65920776e-05,4.52065320e-04,2.20442440e-14,3.96796392e-13,7.17611379e-05,1.43522276e-03
1.51513429e-04,4.47986859e-01,1.49886408e+04,3.14775948e-01,7.12471461e-01,7.12471461e-01,6.91398899e-02,2.76559559e-01,4.57664503e-11,5.49197404e-10,1.88965859e-14,2.45655617e-13,2.28098059e-06,2.96527476e-05,5.48309953e-11,7.67633934e-10,3.29220949e-16,4.93831423e-15,1.88615396e-04,2.64061554e-03,5.93716074e-05,8.90574111e-04,3.33303697e-04,5.33285916e-03,3.29682624e-13,5.60460461e-12,8.29354871e-26,1.49283877e-24,2.85592228e-05,4.85506788e-04,2.55374429e-14,4.59673972e-13,7.17611382e-05,1.43522276e-03
1.63317447e-04,4.47978046e-01,1.49877562e+04,3.13594522e-01,7.12468699e-01,7.12468699e-01,6.91399042e-02,2.76559617e-01,1.76627992e-11,2.11953590e-10,1.30058509e-14,1.69076062e-13,1.57022656e-06,2.04129453e-05,3.32720761e-11,4.65809066e-10,3.29283431e-16,4.93925146e-15,1.89326128e-04,2.65056579e-03,5.93716471e-05,8.90574706e-04,3.31164373e-04,5.29862997e-03,3.54249000e-13,6.02223300e-12,9.60806921e-26,1.72945246e-24,3.06632787e-05,5.21275739e-04,2.95805294e-14,5.32449529e-13,7.17611384e-05,1.43522277e-03
1.76041084e-04,4.47968546e-01,1.49868027e+04,3.12735501e-01,7.12465975e-01,7.12465975e-01,6.91399179e-02,2.76559672e-01,8.84866875e-12,1.06184025e-10,8.69889356e-15,1.13085616e-13,1.05005681e-06,1.36507386e-05,2.62184768e-11,3.67058676e-10,3.29350594e-16,4.94025892e-15,1.89846262e-04,2.65784767e-03,5.93716742e-05,8.90575113e-04,3.28874437e-04,5.26199099e-03,3.80524380e-13,6.46891445e-12,1.11293845e-25,2.00328920e-24,3.29124029e-05,5.59510849e-04,3.42583796e-14,6.16650833e-13,7.17611387e-05,1.43522277e-03
1.89755988e-04,4.47958306e-01,1.49857751e+04,3.12128291e-01,7.12463240e-01,7.12463240e-01,6.91399310e-02,2.76559724e-01,6.35004572e-12,7.62005486e-11,5.63983411e-15,7.33178435e-14,6.80615981e-07,8.84800775e-06,2.42770521e-11,3.39878730e-10,3.29422889e-16,4.94134334e-15,1.90215667e-04,2.66301933e-03,5.93716985e-05,8.90575478e-04,3.26424618e-04,5.22279388e-03,4.08610526e-13,6.94637894e-12,1.28894669e-25,2.32010404e-24,3.53150150e-05,6.00355255e-04,3.96689069e-14,7.14040324e-13,7.17611390e-05,1.43522278e-03
2.04539383e-04,4.47947269e-01,1.49846674e+04,3.11712160e-01,7.12460447e-01,7.12460447e-01,6.91399432e-02,2.76559773e-01,5.73058827e-12,6.87670592e-11,3.53569898e-15,4.59640867e-14,4.26564378e-07,5.54533692e-06,2.39839335e-11,3.35775068e-10,3.29500760e-16,4.94251140e-15,1.90469683e-04,2.66657556e-03,5.93717237e-05,8.90575855e-04,3.23805287e-04,5.18088460e-03,4.38612473e-13,7.45641203e-12,1.49251500e-25,2.68652699e-24,3.78797653e-05,6.43956010e-04,4.59248330e-14,8.26646993e-13,7.17611393e-05,1.43522279e-03
2.20474515e-04,4.47935373e-01,1.49834735e+04,3.11436465e-01,7.12457556e-01,7.12457556e-01,6.91399543e-02,2.76559817e-01,5.61931601e-12,6.74317921e-11,2.13777265e-15,2.77910445e-14,2.57830802e-07,3.35180043e-06,2.41798487e-11,3.38517882e-10,3.29584668e-16,4.94377002e-15,1.90638382e-04,2.66893734e-03,5.93717512e-05,8.90576268e-04,3.21006483e-04,5.13610373e-03,4.70638129e-13,8.00084820e-12,1.72788127e-25,3.11018628e-24,4.06154929e-05,6.90463380e-04,5.31557610e-14,9.56803698e-13,7.17611397e-05,1.43522279e-03
2.37651111e-04,4.47922549e-01,1.49821868e+04,3.11260426e-01,7.12454528e-01,7.12454528e-01,6.91399640e-02,2.76559856e-01,5.63690209e-12,6.76428250e-11,1.24312529e-15,1.61606288e-14,1.49879874e-07,1.94843837e-06,2.45164399e-11,3.43230158e-10,3.29675104e-16,4.94512655e-15,1.90746299e-04,2.67044818e-03,5.93717818e-05,8.90576727e-04,3.18017938e-04,5.08828701e-03,5.04797769e-13,8.58156207e-12,1.99991666e-25,3.59984999e-24,4.35311746e-05,7.40029968e-04,6.15105528e-14,1.10718995e-12,7.17611402e-05,1.43522280e-03
2.56165892e-04,4.47908728e-01,1.49807999e+04,3.11152451e-01,7.12451333e-01,7.12451333e-01,6.91399722e-02,2.76559889e-01,5.69120215e-12,6.82944258e-11,6.93166090e-16,9.01115917e-15,8.35435778e-08,1.08606651e-06,2.49017319e-11,3.48624246e-10,3.29772590e-16,4.94658885e-15,1.90812600e-04,2.67137641e-03,5.93718160e-05,8.90577240e-04,3.14829123e-04,5.03726598e-03,5.41203389e-13,9.20045761e-12,2.31421517e-25,4.16558730e-24,4.66358606e-05,7.92809631e-04,7.11600271e-14,1.28088049e-12,7.17611407e-05,1.43522281e-03
2.76123110e-04,4.47893830e-01,1.49793051e+04,3.11089072e-01,7.12447945e-01,7.12447945e-01,6.91399786e-02,2.76559914e-01,5.76418026e-12,6.91701631e-11,3.69437549e-16,4.80268814e-15,4.45102010e-08,5.78632613e-07,2.53158537e-11,3.54421951e-10,3.29877689e-16,4.94816533e-15,1.90851598e-04,2.67192237e-03,5.93718544e-05,8.90577815e-04,3.11429298e-04,4.98286878e-03,5.79967925e-13,9.85945472e-12,2.67719490e-25,4.81895082e-24,4.99385980e-05,8.48956166e-04,8.23000050e-14,1.48140009e-12,7.17611413e-05,1.43522283e-03
2.97635144e-04,4.47877771e-01,1.49776940e+04,3.11053632e-01,7.12444338e-01,7.12444338e-01,6.91399829e-02,2.76559932e-01,5.85499154e-12,7.02598985e-11,1.87566146e-16,2.43835990e-15,2.25901810e-08,2.93672353e-07,2.57566380e-11,3.60592932e-10,3.29991004e-16,4.94986506e-15,1.90873481e-04,2.67222873e-03,5.93718975e-05,8.90578463e-04,3.07807575e-04,4.92492121e-03,6.21204297e-13,1.05604730e-11,3.09621224e-25,5.57318203e-24,5.34483374e-05,9.08621735e-04,9.51547336e-14,1.71278520e-12,7.17611419e-05,1.43522284e-03
3.20823125e-04,4.47860463e-01,1.49759576e+04,3.11034876e-01,7.12440493e-01,7.12440493e-01,6.91399849e-02,2.76559940e-01,5.96671287e-12,7.16005544e-11,9.03960762e-17,1.17514899e-15,1.08839790e-08,1.41491727e-07,2.62255045e-11,3.67157063e-10,3.30113187e-16,4.95169780e-15,1.90885147e-04,2.67239206e-03,5.93719462e-05,8.90579193e-04,3.03952997e-04,4.86324794e-03,6.65024270e-13,1.13054126e-11,3.57969000e-25,6.44344200e-24,5.71738238e-05,9.71955005e-04,1.09980720e-13,1.97965296e-12,7.17611427e-05,1.43522285e-03
3.45817620e-04,4.47841806e-01,1.49740861e+04,3.11025582e-01,7.12436392e-01,7.12436392e-01,6.91399843e-02,2.76559937e-01,6.10373140e-12,7.32447769e-11,4.12128029e-17,5.35766438e-16,4.96166736e-09,6.45016757e-08,2.67243046e-11,3.74140264e-10,3.30244936e-16,4.95367404e-15,1.90891028e-04,2.67247439e-03,5.93720013e-05,8.90580019e-04,2.99854627e-04,4.79767404e-03,7.11537101e-13,1.20961307e-11,4.13726123e-25,7.44707021e-24,6.11234677e-05,1.03909895e-03,1.27071019e-13,2.28727834e-12,7.17611435e-05,1.43522287e-03
3.72759372e-04,4.47821697e-01,1.49720691e+04,3.11021376e-01,7.12432016e-01,7.12432016e-01,6.91399808e-02,2.76559923e-01,6.27139739e-12,7.52567687e-11,1.77262305e-17,2.30440997e-16,2.13507832e-09,2.77560182e-08,2.72547541e-11,3.81566557e-10,3.30387008e-16,4.95580513e-15,1.90893809e-04,2.67251333e-03,5.93720637e-05,8.90580956e-04,2.95501666e-04,4.72802665e-03,7.60847964e-13,1.29344154e-11,4.77992936e-25,8.60387285e-24,6.53051957e-05,1.11018833e-03,1.46759994e-13,2.64167989e-12,7.17611445e-05,1.43522289e-03
4.01800086e-04,4.47800023e-01,1.49698952e+04,3.11019761e-01,7.12427352e-01,7.12427352e-01,6.91399742e-02,2.76559897e-01,6.47610240e-12,7.77132288e-11,7.19264134e-18,9.35043374e-17,8.68138126e-10,1.12857956e-08,2.78183780e-11,3.89457292e-10,3.30540219e-16,4.95810328e-15,1.90895029e-04,2.67253040e-03,5.93721347e-05,8.90582021e-04,2.90883572e-04,4.65413715e-03,8.13056112e-13,1.38219539e-11,5.52024683e-25,9.93644430e-24,6.97262782e-05,1.18534673e-03,1.69428601e-13,3.04971482e-12,7.17611456e-05,1.43522291e-03
4.33103286e-04,4.47776661e-01,1.49675524e+04,3.11019402e-01,7.12422382e-01,7.12422382e-01,6.91399643e-02,2.76559857e-01,6.72543928e-12,8.07052714e-11,2.77808935e-18,3.61151616e-17,3.37575834e-10,4.38848585e-09,2.84165248e-11,3.97831347e-10,3.30705447e-16,4.96058171e-15,1.90895508e-04,2.67253712e-03,5.93722157e-05,8.90583236e-04,2.85990216e-04,4.57584346e-03,8.68252771e-13,1.47602971e-11,6.37251246e-25,1.14705224e-23,7.43931328e-05,1.26468326e-03,1.95510216e-13,3.51918389e-12,7.17611469e-05,1.43522294e-03
4.66845237e-04,4.47751480e-01,1.49650274e+04,3.11019638e-01,7.12417093e-01,7.12417093e-01,6.91399507e-02,2.76559803e-01,7.02838999e-12,8.43406799e-11,1.06000204e-18,1.37800265e-17,1.31331282e-10,1.70730666e-09,2.90503726e-11,4.06705216e-10,3.30883645e-16,4.96325467e-15,1.90895661e-04,2.67253925e-03,5.93723084e-05,8.90584626e-04,2.80812050e-04,4.49299279e-03,9.26518741e-13,1.57508186e-11,7.35298967e-25,1.32353814e-23,7.93111021e-05,1.34828874e-03,2.25497027e-13,4.05894648e-12,7.17611483e-05,1.43522297e-03
5.03215936e-04,4.47724339e-01,1.49623062e+04,3.11020166e-01,7.12411470e-01,7.12411470e-01,6.91399334e-02,2.76559734e-01,7.39553418e-12,8.87464101e-11,4.45076238e-19,5.78599110e-18,5.77053787e-11,7.50169923e-10,2.97209181e-11,4.16092854e-10,3.31075839e-16,4.96613759e-15,1.90895678e-04,2.67253949e-03,5.93724147e-05,8.90586220e-04,2.75340298e-04,4.40544477e-03,9.87921679e-13,1.67946685e-11,8.48014581e-25,1.52642625e-23,8.44842035e-05,1.43623146e-03,2.59947021e-13,4.67904637e-12,7.17611499e-05,1.43522300e-03
5.42420181e-04,4.47695086e-01,1.49593736e+04,3.11020864e-01,7.12405499e-01,7.12405499e-01,6.91399120e-02,2.76559648e-01,7.83927695e-12,9.40713234e-11,2.47395175e-19,3.21613728e-18,3.42325471e-11,4.45023113e-10,3.04289507e-11,4.26005310e-10,3.31283141e-16,4.96924711e-15,1.90895642e-04,2.67253899e-03,5.93725370e-05,8.90588056e-04,2.69567180e-04,4.31307488e-03,1.05251306e-12,1.78927221e-11,9.77491351e-25,1.75948443e-23,8.99148521e-05,1.52855249e-03,2.99491556e-13,5.39084801e-12,7.17611518e-05,1.43522304e-03
5.84678728e-04,4.47663555e-01,1.49562131e+04,3.11021694e-01,7.12399167e-01,7.12399167e-01,6.91398864e-02,2.76559546e-01,8.37409427e-12,1.00489131e-10,1.95471476e-19,2.54112919e-18,2.83018060e-11,3.67923478e-10,3.11750146e-11,4.36450205e-10,3.31506751e-16,4.97260126e-15,1.90895586e-04,2.67253821e-03,5.93726782e-05,8.90590173e-04,2.63486145e-04,4.21577832e-03,1.12032483e-12,1.90455221e-11,1.12609743e-24,2.02697537e-23,9.56035546e-05,1.62526043e-03,3.44843517e-13,6.20718331e-12,7.17611539e-05,1.43522308e-03
6.30229527e-04,4.47629571e-01,1.49528072e+04,3.11022652e-01,7.12392462e-01,7.12392462e-01,6.91398565e-02,2.76559426e-01,9.01679326e-12,1.08201519e-10,1.91214412e-19,2.48578736e-18,2.81458936e-11,3.65896617e-10,3.19593638e-11,4.47431093e-10,3.31747968e-16,4.97621951e-15,1.90895522e-04,2.67253731e-03,5.93728416e-05,8.90592624e-04,2.57092143e-04,4.11347429e-03,1.19136567e-12,2.02532163e-11,1.29650641e-24,2.33371153e-23,1.01548576e-04,1.72632580e-03,3.96806034e-13,7.14250861e-12,7.17611563e-05,1.43522313e-03
6.79329072e-04,4.47592942e-01,1.49491368e+04,3.11023754e-01,7.12385371e-01,7.12385371e-01,6.91398221e-02,2.76559288e-01,9.78678314e-12,1.17441398e-10,2.02641476e-19,2.63433919e-18,2.99385683e-11,3.89201387e-10,3.27819096e-11,4.58946734e-10,3.32008197e-16,4.98012295e-15,1.90895455e-04,2.67253637e-03,5.93730311e-05,8.90595467e-04,2.50381912e-04,4.00611060e-03,1.26561702e-12,2.15154893e-11,1.49173002e-24,2.68511404e-23,1.07745582e-04,1.83167490e-03,4.56281692e-13,8.21307045e-12,7.17611590e-05,1.43522318e-03
7.32253834e-04,4.47553462e-01,1.49451814e+04,3.11025020e-01,7.12377886e-01,7.12377886e-01,6.91397831e-02,2.76559132e-01,1.07063517e-11,1.28476220e-10,2.20620395e-19,2.86806513e-18,3.25968643e-11,4.23759235e-10,3.36421649e-11,4.70990309e-10,3.32288960e-16,4.98433440e-15,1.90895386e-04,2.67253540e-03,5.93732517e-05,8.90598775e-04,2.43354290e-04,3.89366863e-03,1.34302874e-12,2.28314886e-11,1.71515281e-24,3.08727505e-23,1.14187254e-04,1.94118332e-03,5.24282201e-13,9.43707962e-12,7.17611621e-05,1.43522324e-03
7.89301826e-04,4.47510911e-01,1.49409190e+04,3.11026478e-01,7.12369996e-01,7.12369996e-01,6.91397396e-02,2.76558958e-01,1.18009377e-11,1.41611252e-10,2.43162100e-19,3.16110730e-18,3.58955396e-11,4.66642015e-10,3.45391857e-11,4.83548599e-10,3.32591904e-16,4.98887856e-15,1.90895317e-04,2.67253444e-03,5.93735089e-05,8.90602633e-04,2.36010536e-04,3.77616858e-03,1.42351460e-12,2.41997482e-11,1.97056827e-24,3.54702289e-23,1.20862893e-04,2.05466918e-03,6.01938309e-13,1.08348896e-11,7.17611656e-05,1.43522331e-03
8.50794280e-04,4.47465049e-01,1.49363260e+04,3.11028161e-01,7.12361696e-01,7.12361696e-01,6.91396916e-02,2.76558766e-01,1.30993943e-11,1.57192732e-10,2.70318220e-19,3.51413686e-18,3.98551472e-11,5.18116914e-10,3.54715097e-11,4.96601136e-10,3.32918815e-16,4.99378222e-15,1.90895250e-04,2.67253350e-03,5.93738095e-05,8.90607143e-04,2.28354684e-04,3.65367494e-03,1.50694744e-12,2.56181066e-11,2.26221675e-24,4.07199015e-23,1.27758004e-04,2.17188607e-03,6.90509986e-13,1.24291797e-11,7.17611695e-05,1.43522339e-03
9.17077451e-04,4.47415619e-01,1.49313766e+04,3.11030108e-01,7.12352980e-01,7.12352980e-01,6.91396390e-02,2.76558556e-01,1.46342279e-11,1.75610734e-10,3.02710789e-19,3.93524025e-18,4.45658633e-11,5.79356223e-10,3.64370975e-11,5.10119365e-10,3.33271625e-16,4.99907438e-15,1.90895186e-04,2.67253260e-03,5.93741617e-05,8.90612426e-04,2.20393882e-04,3.52630212e-03,1.59315438e-12,2.70836244e-11,2.59482370e-24,4.67068265e-23,1.34853881e-04,2.29251598e-03,7.91396482e-13,1.42451367e-11,7.17611740e-05,1.43522348e-03
9.88524571e-04,4.47362345e-01,1.49260436e+04,3.11032366e-01,7.12343846e-01,7.12343846e-01,6.91395820e-02,2.76558328e-01,1.64418004e-11,1.97301605e-10,3.41161861e-19,4.43510419e-18,5.01430881e-11,6.51860145e-10,3.74332746e-11,5.24065844e-10,3.33652435e-16,5.00478652e-15,1.90895129e-04,2.67253180e-03,5.93745752e-05,8.90618628e-04,2.12138750e-04,3.39422000e-03,1.68191188e-12,2.85925020e-11,2.97363825e-24,5.35254884e-23,1.42127198e-04,2.41616237e-03,9.06146120e-13,1.63106302e-11,7.17611790e-05,1.43522358e-03
1.06553795e-03,4.47304927e-01,1.49202972e+04,3.11034989e-01,7.12334294e-01,7.12334294e-01,6.91395207e-02,2.76558083e-01,1.85624820e-11,2.22749784e-10,3.86614829e-19,5.02599277e-18,5.67178987e-11,7.37332683e-10,3.84566793e-11,5.38393510e-10,3.34063520e-16,5.01095280e-15,1.90895081e-04,2.67253114e-03,5.93750614e-05,8.90625921e-04,2.03603707e-04,3.25765931e-03,1.77294109e-12,3.01399986e-11,3.40447099e-24,6.12804778e-23,1.49549624e-04,2.54234360e-03,1.03646547e-12,1.86563784e-11,7.17611847e-05,1.43522369e-03
1.14855124e-03,4.47243044e-01,1.49141055e+04,3.11038041e-01,7.12324327e-01,7.12324327e-01,6.91394554e-02,2.76557822e-01,2.10407413e-11,2.52488895e-10,4.40122959e-19,5.72159847e-18,6.44354593e-11,8.37660971e-10,3.95032166e-11,5.53045032e-10,3.34507353e-16,5.01761030e-15,1.90895049e-04,2.67253068e-03,5.93756342e-05,8.90634513e-04,1.94807297e-04,3.11691675e-03,1.86590335e-12,3.17203570e-11,3.89373012e-24,7.00871422e-23,1.57087467e-04,2.67048694e-03,1.18422759e-12,2.13160966e-11,7.17611910e-05,1.43522382e-03
1.23803188e-03,4.47176350e-01,1.49074344e+04,3.11041599e-01,7.12313952e-01,7.12313952e-01,6.91393862e-02,2.76557545e-01,2.39251474e-11,2.87101768e-10,5.02849880e-19,6.53704844e-18,7.34547569e-11,9.54911840e-10,4.05680237e-11,5.67952331e-10,3.34986621e-16,5.02479932e-15,1.90895036e-04,2.67253051e-03,5.93763099e-05,8.90644648e-04,1.85772459e-04,2.97235934e-03,1.96039626e-12,3.33267364e-11,4.44845464e-24,8.00721836e-23,1.64701384e-04,2.79992352e-03,1.35147885e-12,2.43266192e-11,7.17611982e-05,1.43522396e-03
1.33448373e-03,4.47104471e-01,1.49002469e+04,3.11045753e-01,7.12303178e-01,7.12303178e-01,6.91393135e-02,2.76557254e-01,2.72682831e-11,3.27219397e-10,5.76070954e-19,7.48892241e-18,8.39483349e-11,1.09132835e-09,4.16454479e-11,5.83036271e-10,3.35504245e-16,5.03256368e-15,1.90895052e-04,2.67253072e-03,5.93771080e-05,8.90656620e-04,1.76526752e-04,2.82442803e-03,2.05595051e-12,3.49511586e-11,5.07634302e-24,9.13741743e-23,1.72346161e-04,2.92988474e-03,1.54044379e-12,2.77279882e-11,7.17612062e-05,1.43522412e-03
1.43844989e-03,4.47027004e-01,1.48925033e+04,3.11050609e-01,7.12292018e-01,7.12292018e-01,6.91392375e-02,2.76556950e-01,3.11265427e-11,3.73518512e-10,6.61172959e-19,8.59524846e-18,9.61016955e-11,1.24932204e-09,4.27290421e-11,5.98206589e-10,3.36063405e-16,5.04095107e-15,1.90895104e-04,2.67253146e-03,5.93780517e-05,8.90670776e-04,1.67102500e-04,2.67364001e-03,2.15202769e-12,3.65844707e-11,5.78577603e-24,1.04143969e-22,1.79970604e-04,3.05950027e-03,1.75352757e-12,3.15634963e-11,7.17612152e-05,1.43522430e-03
1.55051578e-03,4.46943518e-01,1.48841609e+04,3.11056293e-01,7.12280490e-01,7.12280490e-01,6.91391586e-02,2.76556634e-01,3.55598103e-11,4.26717723e-10,7.59651708e-19,9.87547220e-18,1.10112321e-10,1.43146017e-09,4.38115786e-11,6.13362100e-10,3.36667562e-16,5.05001343e-15,1.90895205e-04,2.67253288e-03,5.93791685e-05,8.90687528e-04,1.57536850e-04,2.52058960e-03,2.24801940e-12,3.82163298e-11,6.58583199e-24,1.18544976e-22,1.87517552e-04,3.18779838e-03,1.99331533e-12,3.58796759e-11,7.17612253e-05,1.43522451e-03
1.67131243e-03,4.46853545e-01,1.48751739e+04,3.11062951e-01,7.12268613e-01,7.12268613e-01,6.91390773e-02,2.76556309e-01,4.06310079e-11,4.87572095e-10,8.73107424e-19,1.13503965e-17,1.26188279e-10,1.64044763e-09,4.48850869e-11,6.28391216e-10,3.37320491e-16,5.05980737e-15,1.90895369e-04,2.67253517e-03,5.93804910e-05,8.90707365e-04,1.47871704e-04,2.36594726e-03,2.34324796e-12,3.98352153e-11,7.48629241e-24,1.34753263e-22,1.94924051e-04,3.31370886e-03,2.26256781e-12,4.07262205e-11,7.17612364e-05,1.43522473e-03
1.80152004e-03,4.46756583e-01,1.48654927e+04,3.11070759e-01,7.12256414e-01,7.12256414e-01,6.91389938e-02,2.76555975e-01,4.64055119e-11,5.56866143e-10,1.00323783e-18,1.30420917e-17,1.44546402e-10,1.87910323e-09,4.59409155e-11,6.43172818e-10,3.38026312e-16,5.07039468e-15,1.90895614e-04,2.67253859e-03,5.93820577e-05,8.90730866e-04,1.38153520e-04,2.21045632e-03,2.43696905e-12,4.14284739e-11,8.49763638e-24,1.52957455e-22,2.02121716e-04,3.43606916e-03,2.56421267e-12,4.61558280e-11,7.17612489e-05,1.43522498e-03
1.94187178e-03,4.46652090e-01,1.48550644e+04,3.11079919e-01,7.12243919e-01,7.12243919e-01,6.91389088e-02,2.76555635e-01,5.29504372e-11,6.35405246e-10,1.15182903e-18,1.49737774e-17,1.65410049e-10,2.15033063e-09,4.69698214e-11,6.57577500e-10,3.38789521e-16,5.08184281e-15,1.90895960e-04,2.67254344e-03,5.93839142e-05,8.90758714e-04,1.28432956e-04,2.05492730e-03,2.52837661e-12,4.29824024e-11,9.63102192e-24,1.73358395e-22,2.09037296e-04,3.55363403e-03,2.90133084e-12,5.22239552e-11,7.17612626e-05,1.43522525e-03
2.09315797e-03,4.46539483e-01,1.48438318e+04,3.11090670e-01,7.12231160e-01,7.12231160e-01,6.91388227e-02,2.76555291e-01,6.03337972e-11,7.24005566e-10,1.32074444e-18,1.71696777e-17,1.89006468e-10,2.45708409e-09,4.79620866e-11,6.71469213e-10,3.39615034e-16,5.09422551e-15,1.90896433e-04,2.67255006e-03,5.93861141e-05,8.90791712e-04,1.18764332e-04,1.90022932e-03,2.61661020e-12,4.44823734e-11,1.08982527e-23,1.96168549e-22,2.15593482e-04,3.66508920e-03,3.27713737e-12,5.89884726e-11,7.17612778e-05,1.43522556e-03
2.25623046e-03,4.46418136e-01,1.48317336e+04,3.11103292e-01,7.12218172e-01,7.12218172e-01,6.91387360e-02,2.76554944e-01,6.86235493e-11,8.23482592e-10,1.51191193e-18,1.96548550e-17,2.15563809e-10,2.80232951e-09,4.89076637e-11,6.84707292e-10,3.40508232e-16,5.10762349e-15,1.90897064e-04,2.67255890e-03,5.93887204e-05,8.90830806e-04,1.09204910e-04,1.74727856e-03,2.70076517e-12,4.59130079e-11,1.23117292e-23,2.21611125e-22,2.21709958e-04,3.76906929e-03,3.69495630e-12,6.65092135e-11,7.17612946e-05,1.43522589e-03
2.43200751e-03,4.46287372e-01,1.48187040e+04,3.11118112e-01,7.12204990e-01,7.12204990e-01,6.91386491e-02,2.76554597e-01,7.78865394e-11,9.34638472e-10,1.72730969e-18,2.24550259e-17,2.45307810e-10,3.18900153e-09,4.97963481e-11,6.97148873e-10,3.41475008e-16,5.12212512e-15,1.90897891e-04,2.67257047e-03,5.93918069e-05,8.90877104e-04,9.98139751e-05,1.59702360e-03,2.77990566e-12,4.72583963e-11,1.38843829e-23,2.49918893e-22,2.27304712e-04,3.86418010e-03,4.15818951e-12,7.48474113e-11,7.17613130e-05,1.43522626e-03
2.62147890e-03,4.46146463e-01,1.48046720e+04,3.11135511e-01,7.12191653e-01,7.12191653e-01,6.91385627e-02,2.76554251e-01,8.81873613e-11,1.05824834e-09,1.96895110e-18,2.55963643e-17,2.78458242e-10,3.61995714e-09,5.06179756e-11,7.08651659e-10,3.42521823e-16,5.13782734e-15,1.90898956e-04,2.67258539e-03,5.93954601e-05,8.90931901e-04,9.06517304e-05,1.45042769e-03,2.85308055e-12,4.85023694e-11,1.56295957e-23,2.81332723e-22,2.32295599e-04,3.94902518e-03,4.67027929e-12,8.40650272e-11,7.17613331e-05,1.43522666e-03
2.82571150e-03,4.45994626e-01,1.47895617e+04,3.11155931e-01,7.12178201e-01,7.12178201e-01,6.91384772e-02,2.76553909e-01,9.95871473e-11,1.19504577e-09,2.23886907e-18,2.91052979e-17,3.15225137e-10,4.09792678e-09,5.13626410e-11,7.19076973e-10,3.43655769e-16,5.15483653e-15,1.90900312e-04,2.67260437e-03,5.93997804e-05,8.90996706e-04,8.17780157e-05,1.30844825e-03,2.91934215e-12,4.96288165e-11,1.75611030e-23,3.16099854e-22,2.36602140e-04,4.02223638e-03,5.23466520e-12,9.42239736e-11,7.17613551e-05,1.43522710e-03
3.04585534e-03,4.45831018e-01,1.47732915e+04,3.11179884e-01,7.12164672e-01,7.12164672e-01,6.91383932e-02,2.76553573e-01,1.12142291e-10,1.34570749e-09,2.53909991e-18,3.30082989e-17,3.55804827e-10,4.62546275e-09,5.20209356e-11,7.28293098e-10,3.44884640e-16,5.17326959e-15,1.90902020e-04,2.67262828e-03,5.94048847e-05,8.91073270e-04,7.32508642e-05,1.17201383e-03,2.97776756e-12,5.06220486e-11,1.96928842e-23,3.54471916e-22,2.40147533e-04,4.08250806e-03,5.85473555e-12,1.05385240e-10,7.17613789e-05,1.43522758e-03
3.28315001e-03,4.45654730e-01,1.47557738e+04,3.11207965e-01,7.12151106e-01,7.12151106e-01,6.91383111e-02,2.76553244e-01,1.25903139e-10,1.51083767e-09,2.87166749e-18,3.73316773e-17,4.00375896e-10,5.20488665e-09,5.25841914e-11,7.36178680e-10,3.46217007e-16,5.19325510e-15,1.90904149e-04,2.67265809e-03,5.94109082e-05,8.91163623e-04,6.51249848e-05,1.04199976e-03,3.02748168e-12,5.14671886e-11,2.20390469e-23,3.96702845e-22,2.42860775e-04,4.12863318e-03,6.53377543e-12,1.17607958e-10,7.17614047e-05,1.43522809e-03
3.53893170e-03,4.45464787e-01,1.47369146e+04,3.11240855e-01,7.12137538e-01,7.12137538e-01,6.91382315e-02,2.76552926e-01,1.40912612e-10,1.69095134e-09,3.23856684e-18,4.21013689e-17,4.49094925e-10,5.83823403e-09,5.30447338e-11,7.42626273e-10,3.47662309e-16,5.21493464e-15,1.90906783e-04,2.67269496e-03,5.94180068e-05,8.91270103e-04,5.74501610e-05,9.19202576e-04,3.06768190e-12,5.21505923e-11,2.46137044e-23,4.43046679e-22,2.44678901e-04,4.15954132e-03,7.27491165e-12,1.30948410e-10,7.17614325e-05,1.43522865e-03
3.81464066e-03,4.45260136e-01,1.47166131e+04,3.11279340e-01,7.12124002e-01,7.12124002e-01,6.91381548e-02,2.76552619e-01,1.57204795e-10,1.88645754e-09,3.64174800e-18,4.73427240e-17,5.02092147e-10,6.52719791e-09,5.33961246e-11,7.47545745e-10,3.49230951e-16,5.23846427e-15,1.90910014e-04,2.67274020e-03,5.94263599e-05,8.91395398e-04,5.02696984e-05,8.04315174e-04,3.09766287e-12,5.26602687e-11,2.74308594e-23,4.93755470e-22,2.45549169e-04,4.17433588e-03,8.08105787e-12,1.45459042e-10,7.17614622e-05,1.43522924e-03
4.11182940e-03,4.45039647e-01,1.46947613e+04,3.11324316e-01,7.12110529e-01,7.12110529e-01,6.91380814e-02,2.76552326e-01,1.74803461e-10,2.09764153e-09,4.08309908e-18,5.30802880e-17,5.59466887e-10,7.27306953e-09,5.36333940e-11,7.50867515e-10,3.50934413e-16,5.26401619e-15,1.90913952e-04,2.67279533e-03,5.94361722e-05,8.91542583e-04,4.36189582e-05,6.97903331e-04,3.11684077e-12,5.29862931e-11,3.05042984e-23,5.49077371e-22,2.45431154e-04,4.17232962e-03,8.95486131e-12,1.61187504e-10,7.17614940e-05,1.43522988e-03
4.43217134e-03,4.44802102e-01,1.46712434e+04,3.11376807e-01,7.12097144e-01,7.12097144e-01,6.91380119e-02,2.76552048e-01,1.93720542e-10,2.32464650e-09,4.56442883e-18,5.93375747e-17,6.21282844e-10,8.07667697e-09,5.37532436e-11,7.52545411e-10,3.52785376e-16,5.29178064e-15,1.90918718e-04,2.67286206e-03,5.94476776e-05,8.91715165e-04,3.75241012e-05,6.00385619e-04,3.12477543e-12,5.31211822e-11,3.38475085e-23,6.09255153e-22,2.44298575e-04,4.15307577e-03,9.89865483e-12,1.78175787e-10,7.17615278e-05,1.43523056e-03
4.77747029e-03,4.44546193e-01,1.46459354e+04,3.11437974e-01,7.12083869e-01,7.12083869e-01,6.91379465e-02,2.76551786e-01,2.13954548e-10,2.56745458e-09,5.08744810e-18,6.61368253e-17,6.87563148e-10,8.93832092e-09,5.37542153e-11,7.52559015e-10,3.54797863e-16,5.32196794e-15,1.90924452e-04,2.67294233e-03,5.94611413e-05,8.91917120e-04,3.20011092e-05,5.12017747e-04,3.12118916e-12,5.30602157e-11,3.74736278e-23,6.74525300e-22,2.42140782e-04,4.11639329e-03,1.09144167e-11,1.96459501e-10,7.17615635e-05,1.43523127e-03
5.14967058e-03,4.44270512e-01,1.46187046e+04,3.11509131e-01,7.12070719e-01,7.12070719e-01,6.91378857e-02,2.76551543e-01,2.35488928e-10,2.82586714e-09,5.65375012e-18,7.34987515e-17,7.58285229e-10,9.85770798e-09,5.36368112e-11,7.50915357e-10,3.56987397e-16,5.35481096e-15,1.90931309e-04,2.67303833e-03,5.94768629e-05,8.92152943e-04,2.70551776e-05,4.32882842e-04,3.10598110e-12,5.28016787e-11,4.13954397e-23,7.45117915e-22,2.38963770e-04,4.06238410e-03,1.20037417e-11,2.16067350e-10,7.17616010e-05,1.43523202e-03
5.55086803e-03,4.43973544e-01,1.45894091e+04,3.11591758e-01,7.12057706e-01,7.12057706e-01,6.91378297e-02,2.76551319e-01,2.58290402e-10,3.09948482e-09,6.26478942e-18,8.14422625e-17,8.33375533e-10,1.08338819e-08,5.34035578e-11,7.47649809e-10,3.59371183e-16,5.39056774e-15,1.90939462e-04,2.67315247e-03,5.94951795e-05,8.92427692e-04,2.26805459e-05,3.62888735e-04,3.07923572e-12,5.23470073e-11,4.56254243e-23,8.21257638e-22,2.34790633e-04,3.99144077e-03,1.31678259e-11,2.37020867e-10,7.17616403e-05,1.43523281e-03
5.98332173e-03,4.43653663e-01,1.45578970e+04,3.11687517e-01,7.12044836e-01,7.12044836e-01,6.91377788e-02,2.76551115e-01,2.82307298e-10,3.38768757e-09,6.92185985e-18,8.99841780e-17,9.12704169e-10,1.18651542e-08,5.30590057e-11,7.42826080e-10,3.61968308e-16,5.42952462e-15,1.90949104e-04,2.67328746e-03,5.95164687e-05,8.92747031e-04,1.88608085e-05,3.01772936e-04,3.04122481e-12,5.17008217e-11,5.01758774e-23,9.03165793e-22,2.29661393e-04,3.90424368e-03,1.44074690e-11,2.59334442e-10,7.17616812e-05,1.43523362e-03
6.44946677e-03,4.43309118e-01,1.45240060e+04,3.11798263e-01,7.12032113e-01,7.12032113e-01,6.91377334e-02,2.76550934e-01,3.07467930e-10,3.68961516e-09,7.62607176e-18,9.91389329e-17,9.96079626e-10,1.29490351e-08,5.26096617e-11,7.36535263e-10,3.64799978e-16,5.47199966e-15,1.90960446e-04,2.67344624e-03,5.95411517e-05,8.93117276e-04,1.55697182e-05,2.49115491e-04,2.99240228e-12,5.08708387e-11,5.50591080e-23,9.91063944e-22,2.23632175e-04,3.80174698e-03,1.57230946e-11,2.83015702e-10,7.17617234e-05,1.43523447e-03
6.95192796e-03,4.42938031e-01,1.44875631e+04,3.11926066e-01,7.12019537e-01,7.12019537e-01,6.91376937e-02,2.76550775e-01,3.33679082e-10,4.00414898e-09,8.37832922e-18,1.08918280e-16,1.08324371e-09,1.40821682e-08,5.20638529e-11,7.28893940e-10,3.67889782e-16,5.51834672e-15,1.90973715e-04,2.67363201e-03,5.95696959e-05,8.93545438e-04,1.27724553e-05,2.04359284e-04,2.93339192e-12,4.98676627e-11,6.02877244e-23,1.08517904e-21,2.16773760e-04,3.68515392e-03,1.71147917e-11,3.08066250e-10,7.17617669e-05,1.43523534e-03
7.49353460e-03,4.42538381e-01,1.44483833e+04,3.12073217e-01,7.12007107e-01,7.12007107e-01,6.91376598e-02,2.76550639e-01,3.60824653e-10,4.32989584e-09,9.17930775e-18,1.19331001e-16,1.17386689e-09,1.52602695e-08,5.14315296e-11,7.20041414e-10,3.71263997e-16,5.56895995e-15,1.90989160e-04,2.67384824e-03,5.96026177e-05,8.94039266e-04,1.04272959e-05,1.66836735e-04,2.86496858e-12,4.87044658e-11,6.58750155e-23,1.18575028e-21,2.09169561e-04,3.55588254e-03,1.85823771e-11,3.34482788e-10,7.17618114e-05,1.43523623e-03
8.07733640e-03,4.42107999e-01,1.44062699e+04,3.12242252e-01,7.11994823e-01,7.11994823e-01,6.91376322e-02,2.76550529e-01,3.88764541e-10,4.66517449e-09,1.00294334e-17,1.30382634e-16,1.26754425e-09,1.64780753e-08,5.07240166e-11,7.10136233e-10,3.74951941e-16,5.62427911e-15,1.91007045e-04,2.67409863e-03,5.96404858e-05,8.94607286e-04,8.48757562e-06,1.35801210e-04,2.78803372e-12,4.73965733e-11,7.18354357e-23,1.29303784e-21,2.00913158e-04,3.41552369e-03,2.01254789e-11,3.62258621e-10,7.17618566e-05,1.43523713e-03
8.70662068e-03,4.41644556e-01,1.43610129e+04,3.12435962e-01,7.11982685e-01,7.11982685e-01,6.91376111e-02,2.76550444e-01,4.17333823e-10,5.00800587e-09,1.09288638e-17,1.42075230e-16,1.36379229e-09,1.77292998e-08,4.99537289e-11,6.99352204e-10,3.78986375e-16,5.68479562e-15,1.91027648e-04,2.67438707e-03,5.96839226e-05,8.95258840e-04,6.90381350e-06,1.10461016e-04,2.70358712e-12,4.59609810e-11,7.81852000e-23,1.40733360e-21,1.92105530e-04,3.26579401e-03,2.17436405e-11,3.91385529e-10,7.17619022e-05,1.43523804e-03
9.38493086e-03,4.41145552e-01,1.43123893e+04,3.12657412e-01,7.11970700e-01,7.11970700e-01,6.91375967e-02,2.76550387e-01,4.46342306e-10,5.35610767e-09,1.18774718e-17,1.54407133e-16,1.46204666e-09,1.90066066e-08,4.91338705e-11,6.87874187e-10,3.83403979e-16,5.75105969e-15,1.91051259e-04,2.67471763e-03,5.97336077e-05,8.96004116e-04,5.62584854e-06,9.00135766e-05,2.61269629e-12,4.44158369e-11,8.49429966e-23,1.52897394e-21,1.82852157e-04,3.10848667e-03,2.34364444e-11,4.21855999e-10,7.17619481e-05,1.43523896e-03
1.01160864e-02,4.40608302e-01,1.42601619e+04,3.12909957e-01,7.11958873e-01,7.11958873e-01,6.91375896e-02,2.76550358e-01,4.75574516e-10,5.70689419e-09,1.28748316e-17,1.67372811e-16,1.56166116e-09,2.03015951e-08,4.82781372e-11,6.75893920e-10,3.88245900e-16,5.82368850e-15,1.91078177e-04,2.67509447e-03,5.97902791e-05,8.96854187e-04,4.60483417e-06,7.36773468e-05,2.51646586e-12,4.27799197e-11,9.21308290e-23,1.65835492e-21,1.73260172e-04,2.94542293e-03,2.52036548e-11,4.53665786e-10,7.17619939e-05,1.43523988e-03
1.09042044e-02,4.40029930e-01,1.42040790e+04,3.13197256e-01,7.11947220e-01,7.11947220e-01,6.91375900e-02,2.76550360e-01,5.04790176e-10,6.05748212e-09,1.39202091e-17,1.80962718e-16,1.66190808e-09,2.16048051e-08,4.74004420e-11,6.63606187e-10,3.93558393e-16,5.90337589e-15,1.91108701e-04,2.67552181e-03,5.98547355e-05,8.97821033e-04,3.79495205e-06,6.07192328e-05,2.41600879e-12,4.10721494e-11,9.97750010e-23,1.79595002e-21,1.63435728e-04,2.77840737e-03,2.70453782e-11,4.86816808e-10,7.17620392e-05,1.43524078e-03
1.17537227e-02,4.39407349e-01,1.41438739e+04,3.13523293e-01,7.11935760e-01,7.11935760e-01,6.91375987e-02,2.76550395e-01,5.33725267e-10,6.40470320e-09,1.50125551e-17,1.95163217e-16,1.76198016e-09,2.29057421e-08,4.65146815e-11,6.51205541e-10,3.99393576e-16,5.99090364e-15,1.91143128e-04,2.67600380e-03,5.99278377e-05,8.98917565e-04,3.15474596e-06,5.04759354e-05,2.31242084e-12,3.93111543e-11,1.07907269e-22,1.94233084e-21,1.53481691e-04,2.60918874e-03,2.89622430e-11,5.21320373e-10,7.17620839e-05,1.43524168e-03
1.26694246e-02,4.38737250e-01,1.40792640e+04,3.13892394e-01,7.11924515e-01,7.11924515e-01,6.91376162e-02,2.76550465e-01,5.62093706e-10,6.74512447e-09,1.61505038e-17,2.09956550e-16,1.86099434e-09,2.41929264e-08,4.56345536e-11,6.38883751e-10,4.05810328e-16,6.08715492e-15,1.91181745e-04,2.67654444e-03,6.00105101e-05,9.00157651e-04,2.64801131e-06,4.23681810e-05,2.20675984e-12,3.75149173e-11,1.16566192e-22,2.09819146e-21,1.43495762e-04,2.43942795e-03,3.09555977e-11,5.57200758e-10,7.17621276e-05,1.43524255e-03
1.36564666e-02,4.38016090e-01,1.40099511e+04,3.14309244e-01,7.11913517e-01,7.11913517e-01,6.91376433e-02,2.76550573e-01,5.89589783e-10,7.07507739e-09,1.73323766e-17,2.25320895e-16,1.95799760e-09,2.54539687e-08,4.47734343e-11,6.26828080e-10,4.12875336e-16,6.19313005e-15,1.91224818e-04,2.67714745e-03,6.01037420e-05,9.01556130e-04,2.24422072e-06,3.59075315e-05,2.10002996e-12,3.57005094e-11,1.25798728e-22,2.26437711e-21,1.33569044e-04,2.27067376e-03,3.30277333e-11,5.94499199e-10,7.17621700e-05,1.43524340e-03
1.47204064e-02,4.37240073e-01,1.39356202e+04,3.14778910e-01,7.11902796e-01,7.11902796e-01,6.91376809e-02,2.76550724e-01,6.15891387e-10,7.39069664e-09,1.85561937e-17,2.41230518e-16,2.05197524e-09,2.66756781e-08,4.39443129e-11,6.15220381e-10,4.20664362e-16,6.30996543e-15,1.91272581e-04,2.67781614e-03,6.02085885e-05,9.03128828e-04,1.91853063e-06,3.06964901e-05,1.99317119e-12,3.38839103e-11,1.35662128e-22,2.44191830e-21,1.23785035e-04,2.10434559e-03,3.51821311e-11,6.33278361e-10,7.17622110e-05,1.43524422e-03
1.58672350e-02,4.36405139e-01,1.38559401e+04,3.15306860e-01,7.11892389e-01,7.11892389e-01,6.91377301e-02,2.76550920e-01,6.40664162e-10,7.68796995e-09,1.98196964e-17,2.57656053e-16,2.14186185e-09,2.78442041e-08,4.31597817e-11,6.04236944e-10,4.29263740e-16,6.43895609e-15,1.91325231e-04,2.67855323e-03,6.03261714e-05,9.04892571e-04,1.65143295e-06,2.64229273e-05,1.88705333e-12,3.20799066e-11,1.46226212e-22,2.63207182e-21,1.14218986e-04,1.94172276e-03,3.74237432e-11,6.73627378e-10,7.17622502e-05,1.43524500e-03
1.71034100e-02,4.35506943e-01,1.37705624e+04,3.15898986e-01,7.11882331e-01,7.11882331e-01,6.91377919e-02,2.76551168e-01,6.63566669e-10,7.96280003e-09,2.11203822e-17,2.74564969e-16,2.22655541e-09,2.89452203e-08,4.24320714e-11,5.94049000e-10,4.38772182e-16,6.58158273e-15,1.91382908e-04,2.67936071e-03,6.04576800e-05,9.06865199e-04,1.42815202e-06,2.28504323e-05,1.78247361e-12,3.03020513e-11,1.57576137e-22,2.83637046e-21,1.04937554e-04,1.78393841e-03,3.97593120e-11,7.15667615e-10,7.17622875e-05,1.43524575e-03
1.84358922e-02,4.34540841e-01,1.36791222e+04,3.16561629e-01,7.11872658e-01,7.11872658e-01,6.91378677e-02,2.76551471e-01,6.84256617e-10,8.21107940e-09,2.24555601e-17,2.91922281e-16,2.30493478e-09,2.99641522e-08,4.17731238e-11,5.84823733e-10,4.49302962e-16,6.73954443e-15,1.91445689e-04,2.68023964e-03,6.06043722e-05,9.09065583e-04,1.23789207e-06,1.98062731e-05,1.68015685e-12,2.85626664e-11,1.69815762e-22,3.05668372e-21,9.59986452e-05,1.63197697e-03,4.21977381e-11,7.59559285e-10,7.17623226e-05,1.43524645e-03
1.98721847e-02,4.33501872e-01,1.35812380e+04,3.17301604e-01,7.11863403e-01,7.11863403e-01,6.91379590e-02,2.76551836e-01,7.02398205e-10,8.42877846e-09,2.38224282e-17,3.09691566e-16,2.37588085e-09,3.08864510e-08,4.11946933e-11,5.76725707e-10,4.60986550e-16,6.91479825e-15,1.91513570e-04,2.68118998e-03,6.07675760e-05,9.11513640e-04,1.07303544e-06,1.71685671e-05,1.58075707e-12,2.68728701e-11,1.83071812e-22,3.29529261e-21,8.74513891e-05,1.48667361e-03,4.47505067e-11,8.05509120e-10,7.17623555e-05,1.43524711e-03
2.14203749e-02,4.32384741e-01,1.34765121e+04,3.18126228e-01,7.11854595e-01,7.11854595e-01,6.91380671e-02,2.76552269e-01,7.17670535e-10,8.61204642e-09,2.52181829e-17,3.27836377e-16,2.43830131e-09,3.16979171e-08,4.07084731e-11,5.69918623e-10,4.73973833e-16,7.10960749e-15,1.91586459e-04,2.68221042e-03,6.09486903e-05,9.14230355e-04,9.28372876e-07,1.48539660e-05,1.48485964e-12,2.52426139e-11,1.97499031e-22,3.55498255e-21,7.93361798e-05,1.34871506e-03,4.74321851e-11,8.53779331e-10,7.17623860e-05,1.43524772e-03
2.30891806e-02,4.31183802e-01,1.33645315e+04,3.19043348e-01,7.11846258e-01,7.11846258e-01,6.91381940e-02,2.76552776e-01,7.29776971e-10,8.75732365e-09,2.66401640e-17,3.46322132e-16,2.49115899e-09,3.23850668e-08,4.03262436e-11,5.64567411e-10,4.88440052e-16,7.32660077e-15,1.91664159e-04,2.68329822e-03,6.11491879e-05,9.17237818e-04,8.00423370e-07,1.28067739e-05,1.39298360e-12,2.36807213e-11,2.13286633e-22,3.83915940e-21,7.16847703e-05,1.21864109e-03,5.02610084e-11,9.04698152e-10,7.17624141e-05,1.43524828e-03
2.48879987e-02,4.29893036e-01,1.32448687e+04,3.20061375e-01,7.11838410e-01,7.11838410e-01,6.91383412e-02,2.76553365e-01,7.38455221e-10,8.86146265e-09,2.80860448e-17,3.65118583e-16,2.53350301e-09,3.29355391e-08,4.00600496e-11,5.60840694e-10,5.04589649e-16,7.56884474e-15,1.91746364e-04,2.68444910e-03,6.13706178e-05,9.20559266e-04,6.86874630e-07,1.09899941e-05,1.30558377e-12,2.21949241e-11,2.30666432e-22,4.15199578e-21,6.45204132e-05,1.09684703e-03,5.32595750e-11,9.58672349e-10,7.17624398e-05,1.43524880e-03
2.68269580e-02,4.28506036e-01,1.31170828e+04,3.21189309e-01,7.11831062e-01,7.11831062e-01,6.91385109e-02,2.76554043e-01,7.43487789e-10,8.92185347e-09,2.95540723e-17,3.84202940e-16,2.56450213e-09,3.33385277e-08,3.99224126e-11,5.58913776e-10,5.22662269e-16,7.83993404e-15,1.91832650e-04,2.68565710e-03,6.16146092e-05,9.24219137e-04,5.86152933e-07,9.37844692e-06,1.22305294e-12,2.07919001e-11,2.49923160e-22,4.49861687e-21,5.78580740e-05,9.83587258e-04,5.64556786e-11,1.01620221e-09,7.17624630e-05,1.43524926e-03
2.89169765e-02,4.27015990e-01,1.29807218e+04,3.22436777e-01,7.11824219e-01,7.11824219e-01,6.91387049e-02,2.76554819e-01,7.44712344e-10,8.93654813e-09,3.10433664e-17,4.03563763e-16,2.58347880e-09,3.35852244e-08,3.99265931e-11,5.58972303e-10,5.42940217e-16,8.14410326e-15,1.91922473e-04,2.68691462e-03,6.18828764e-05,9.28243146e-04,4.97113942e-07,7.95382307e-06,1.14572453e-12,1.94773171e-11,2.71407696e-22,4.88533853e-21,5.17047386e-05,8.78980557e-04,5.98833188e-11,1.07789974e-09,7.17624838e-05,1.43524968e-03
3.11698230e-02,4.25415661e-01,1.28353244e+04,3.23814060e-01,7.11817877e-01,7.11817877e-01,6.91389254e-02,2.76555702e-01,7.42031396e-10,8.90437676e-09,3.25542842e-17,4.23205695e-16,2.58994231e-09,3.36692500e-08,4.00869181e-11,5.61216854e-10,5.65757806e-16,8.48636708e-15,1.92015170e-04,2.68821239e-03,6.21772249e-05,9.32658373e-04,4.18836204e-07,6.70137927e-06,1.07387609e-12,1.82558935e-11,2.95554171e-22,5.31997507e-21,4.60598481e-05,7.83017417e-04,6.35839382e-11,1.14451089e-09,7.17625023e-05,1.43525005e-03
3.35981829e-02,4.23697370e-01,1.26804227e+04,3.25332127e-01,7.11812026e-01,7.11812026e-01,6.91391747e-02,2.76556699e-01,7.35420652e-10,8.82504782e-09,3.40888564e-17,4.43155133e-16,2.58361902e-09,3.35870473e-08,4.04191956e-11,5.65868738e-10,5.91513113e-16,8.87269670e-15,1.92109970e-04,2.68953958e-03,6.24995584e-05,9.37493376e-04,3.50494771e-07,5.60791634e-06,1.00773438e-12,1.71314845e-11,3.22902281e-22,5.81224105e-21,4.09158713e-05,6.95569813e-04,6.76079605e-11,1.21694329e-09,7.17625185e-05,1.43525037e-03
3.62157300e-02,4.21852983e-01,1.25155460e+04,3.27002664e-01,7.11806652e-01,7.11806652e-01,6.91394551e-02,2.76557821e-01,7.24935301e-10,8.69922361e-09,3.56513035e-17,4.63466945e-16,2.56447750e-09,3.33382074e-08,4.09412386e-11,5.73177340e-10,6.20682898e-16,9.31024346e-15,1.92206001e-04,2.69088402e-03,6.28518878e-05,9.42778318e-04,2.91292888e-07,4.66068621e-06,9.47482460e-13,1.61072018e-11,3.54126714e-22,6.37428085e-21,3.62590210e-05,6.16403358e-04,7.20167234e-11,1.29630102e-09,7.17625327e-05,1.43525065e-03
3.90372033e-02,4.19873895e-01,1.23402242e+04,3.28838099e-01,7.11801733e-01,7.11801733e-01,6.91397693e-02,2.76559077e-01,7.10713568e-10,8.52856282e-09,3.72486400e-17,4.84232319e-16,2.53274604e-09,3.29256985e-08,4.16735310e-11,5.83429435e-10,6.53841615e-16,9.80762423e-15,1.92302314e-04,2.69223240e-03,6.32363412e-05,9.48545118e-04,2.40432694e-07,3.84692311e-06,8.93269273e-13,1.51855776e-11,3.90076311e-22,7.02137360e-21,3.20700958e-05,5.45191628e-04,7.68849389e-11,1.38392890e-09,7.17625450e-05,1.43525090e-03
4.20784904e-02,4.17751018e-01,1.21539929e+04,3.30851630e-01,7.11797242e-01,7.11797242e-01,6.91401196e-02,2.76560479e-01,6.92976903e-10,8.31572284e-09,3.88913773e-17,5.05587904e-16,2.48892068e-09,3.23559688e-08,4.26400718e-11,5.96961005e-10,6.91685872e-16,1.03752881e-14,1.92397905e-04,2.69357068e-03,6.36551747e-05,9.54827620e-04,1.97110006e-07,3.15376009e-06,8.45222151e-13,1.43687766e-11,4.31826744e-22,7.77288139e-21,2.83254204e-05,4.81532146e-04,8.23038574e-11,1.48146943e-09,7.17625555e-05,1.43525111e-03
4.53567162e-02,4.15474772e-01,1.19563990e+04,3.33057249e-01,7.11793151e-01,7.11793151e-01,6.91405090e-02,2.76562036e-01,6.72026368e-10,8.06431642e-09,4.05943397e-17,5.27726416e-16,2.43376157e-09,3.16389004e-08,4.38694467e-11,6.14172254e-10,7.35066076e-16,1.10259911e-14,1.92491743e-04,2.69488441e-03,6.41107850e-05,9.61661776e-04,1.60522341e-07,2.56835745e-06,8.03462668e-13,1.36588654e-11,4.80752119e-22,8.65353814e-21,2.49978449e-05,4.24963364e-04,8.83853810e-11,1.59093686e-09,7.17625644e-05,1.43525129e-03
4.88903400e-02,4.13035077e-01,1.17470072e+04,3.35469766e-01,7.11789427e-01,7.11789427e-01,6.91409403e-02,2.76563761e-01,6.48235049e-10,7.77882059e-09,4.23776167e-17,5.50909017e-16,2.36827693e-09,3.07876000e-08,4.53961969e-11,6.35546757e-10,7.85027749e-16,1.17754162e-14,1.92582803e-04,2.69615924e-03,6.46057231e-05,9.69085846e-04,1.29882815e-07,2.07812504e-06,7.68126341e-13,1.30581478e-11,5.38623378e-22,9.69522081e-21,2.20577574e-05,3.74981876e-04,9.52674600e-11,1.71481428e-09,7.17625718e-05,1.43525144e-03
5.26992593e-02,4.10421353e-01,1.15254070e+04,3.38104838e-01,7.11786037e-01,7.11786037e-01,6.91414166e-02,2.76565666e-01,6.22036637e-10,7.46443965e-09,4.42676864e-17,5.75479923e-16,2.29369415e-09,2.98180239e-08,4.72625747e-11,6.61676046e-10,8.42865901e-16,1.26429885e-14,1.92670097e-04,2.69738135e-03,6.51427078e-05,9.77140617e-04,1.04435236e-07,1.67096377e-06,7.39386909e-13,1.25695775e-11,6.07745080e-22,1.09394114e-20,1.94740652e-05,3.31059108e-04,1.03121241e-10,1.85618234e-09,7.17625780e-05,1.43525156e-03
5.68049216e-02,4.07622521e-01,1.12912218e+04,3.40978993e-01,7.11782946e-01,7.11782946e-01,6.91419410e-02,2.76567764e-01,5.93910725e-10,7.12692870e-09,4.62987683e-17,6.01883988e-16,2.21141936e-09,2.87484517e-08,4.95208169e-11,6.93291436e-10,9.10197230e-16,1.36529584e-14,1.92752708e-04,2.69853792e-03,6.57246413e-05,9.85869620e-04,8.34676422e-08,1.33548227e-06,7.17486290e-13,1.21972669e-11,6.91147819e-22,1.24406607e-20,1.72151045e-05,2.92656776e-04,1.12160622e-10,2.01889119e-09,7.17625831e-05,1.43525166e-03
6.12304454e-02,4.04627010e-01,1.10441180e+04,3.44109669e-01,7.11780120e-01,7.11780120e-01,6.91425168e-02,2.76570067e-01,5.64365813e-10,6.77238976e-09,4.85145024e-17,6.30688531e-16,2.12298794e-09,2.75988432e-08,5.22361173e-11,7.31305642e-10,9.89056881e-16,1.48358532e-14,1.92829822e-04,2.69961751e-03,6.63546242e-05,9.95319362e-04,6.63228683e-08,1.06116589e-06,7.02771904e-13,1.19471224e-11,7.92862368e-22,1.42715226e-20,1.52494461e-05,2.59240584e-04,1.22655136e-10,2.20779245e-09,7.17625873e-05,1.43525175e-03
6.60007502e-02,4.01422774e-01,1.07838155e+04,3.47515253e-01,7.11777524e-01,7.11777524e-01,6.91431477e-02,2.76572591e-01,5.33921435e-10,6.40705723e-09,5.09701129e-17,6.62611467e-16,2.03001015e-09,2.63901319e-08,5.54905591e-11,7.76867828e-10,1.08202944e-15,1.62304416e-14,1.92900747e-04,2.70061046e-03,6.70359712e-05,1.00553957e-03,5.24055956e-08,8.38489530e-07,6.95743933e-13,1.18276469e-11,9.18315526e-22,1.65296795e-20,1.35465731e-05,2.30291743e-04,1.34947516e-10,2.42905529e-09,7.17625906e-05,1.43525181e-03
7.11426971e-02,3.97997315e-01,1.05101002e+04,3.51215138e-01,7.11775125e-01,7.11775125e-01,6.91438372e-02,2.76575349e-01,5.03091168e-10,6.03709402e-09,5.37353291e-17,6.98559279e-16,1.93411778e-09,2.51435311e-08,5.93883797e-11,8.31437316e-10,1.19242811e-15,1.78864217e-14,1.92964937e-04,2.70150911e-03,6.77722276e-05,1.01658341e-03,4.11859197e-08,6.58974716e-07,6.97116385e-13,1.18509786e-11,1.07490993e-21,1.93483787e-20,1.20774202e-05,2.05316143e-04,1.49477854e-10,2.69060137e-09,7.17625933e-05,1.43525187e-03
7.66852397e-02,3.94337716e-01,1.02228356e+04,3.55229778e-01,7.11772893e-01,7.11772893e-01,6.91445894e-02,2.76578357e-01,4.72368609e-10,5.66842330e-09,5.68985228e-17,7.39680796e-16,1.83691887e-09,2.38799454e-08,6.40631094e-11,8.96883532e-10,1.32454255e-15,1.98681382e-14,1.93021998e-04,2.70230797e-03,6.85671844e-05,1.02850777e-03,3.21998089e-08,5.15196942e-07,7.07897662e-13,1.20342602e-11,1.27288634e-21,2.29119540e-20,1.08147708e-05,1.83851103e-04,1.66817232e-10,3.00271018e-09,7.17625954e-05,1.43525191e-03
8.26595874e-02,3.90430682e-01,9.92197768e+03,3.59580770e-01,7.11770797e-01,7.11770797e-01,6.91454082e-02,2.76581633e-01,4.42218534e-10,5.30662241e-09,6.05728591e-17,7.87447169e-16,1.73996920e-09,2.26195996e-08,6.96873826e-11,9.75623357e-10,1.48398566e-15,2.22597850e-14,1.93071698e-04,2.70300378e-03,6.94248951e-05,1.04137343e-03,2.50470148e-08,4.00752237e-07,7.29499002e-13,1.24014830e-11,1.52662709e-21,2.74792876e-20,9.73352056e-06,1.65469850e-04,1.87715073e-10,3.37887132e-09,7.17625971e-05,1.43525194e-03
8.90993810e-02,3.86262602e-01,9.60758890e+03,3.64290927e-01,7.11768810e-01,7.11768810e-01,6.91462980e-02,2.76585192e-01,4.13075543e-10,4.95690652e-09,6.49058625e-17,8.43776213e-16,1.64476993e-09,2.13820091e-08,7.64866023e-11,1.07081243e-09,1.67818517e-15,2.51727775e-14,1.93113958e-04,2.70359541e-03,7.03496907e-05,1.05524536e-03,1.93870725e-08,3.10193159e-07,7.63883083e-13,1.29860124e-11,1.85666093e-21,3.34198967e-20,8.81081899e-06,1.49783923e-04,2.13166655e-10,3.83699979e-09,7.17625983e-05,1.43525197e-03
9.60408821e-02,3.81819615e-01,9.27985378e+03,3.69384376e-01,7.11766905e-01,7.11766905e-01,6.91472633e-02,2.76589053e-01,3.85352483e-10,4.62422980e-09,7.00948934e-17,9.11233614e-16,1.55280187e-09,2.01864244e-08,8.47582453e-11,1.18661543e-09,1.91708927e-15,2.87563391e-14,1.93148842e-04,2.70408379e-03,7.13461958e-05,1.07019294e-03,1.49340160e-08,2.38944256e-07,8.13770683e-13,1.38341016e-11,2.29280464e-21,4.12704836e-20,8.02610736e-06,1.36443825e-04,2.44510690e-10,4.40119242e-09,7.17625993e-05,1.43525199e-03
1.03523178e-01,3.77087702e-01,8.93909464e+03,3.74886648e-01,7.11765058e-01,7.11765058e-01,6.91483089e-02,2.76593236e-01,3.59461151e-10,4.31353381e-09,7.64130821e-17,9.93370067e-16,1.46560792e-09,1.90529029e-08,9.48995393e-11,1.32859355e-09,2.21419452e-15,3.32129177e-14,1.93176546e-04,2.70447164e-03,7.24193432e-05,1.08629015e-03,1.14503728e-08,1.83205966e-07,8.82931609e-13,1.50098373e-11,2.87918535e-21,5.18253362e-20,7.36107349e-06,1.25138249e-04,2.83572397e-10,5.10430315e-09,7.17626000e-05,1.43525200e-03
1.11588399e-01,3.72052791e-01,8.58578737e+03,3.80824783e-01,7.11763247e-01,7.11763247e-01,6.91494399e-02,2.76597760e-01,3.35847901e-10,4.03017481e-09,8.42540395e-17,1.09530251e-15,1.38493564e-09,1.80041633e-08,1.07447759e-10,1.50426863e-09,2.58806512e-15,3.88209767e-14,1.93197374e-04,2.70476324e-03,7.35743890e-05,1.10361584e-03,8.74090145e-09,1.39854423e-07,9.76597939e-13,1.66021650e-11,3.68244310e-21,6.62839758e-20,6.79954097e-06,1.15592196e-04,3.32876553e-10,5.99177796e-09,7.17626006e-05,1.43525201e-03
1.20281961e-01,3.66700884e-01,8.22057694e+03,3.87227427e-01,7.11761449e-01,7.11761449e-01,6.91506615e-02,2.76602646e-01,3.15048800e-10,3.78058560e-09,9.42111331e-17,1.22474473e-15,1.31295827e-09,1.70684576e-08,1.23139872e-10,1.72395820e-09,3.06461522e-15,4.59692283e-14,1.93211723e-04,2.70496413e-03,7.48169263e-05,1.12225389e-03,6.64647690e-09,1.06343630e-07,1.10205637e-12,1.87349582e-11,4.80543973e-21,8.64979151e-20,6.32731847e-06,1.07564414e-04,3.95969986e-10,7.12745975e-09,7.17626009e-05,1.43525202e-03
1.29652816e-01,3.61018208e-01,7.84429189e+03,3.94124931e-01,7.11759647e-01,7.11759647e-01,6.91519795e-02,2.76607918e-01,2.97769768e-10,3.57323722e-09,1.07221068e-16,1.39387389e-15,1.25259249e-09,1.62837023e-08,1.43002363e-10,2.00203309e-09,3.68059590e-15,5.52089385e-14,1.93220058e-04,2.70508081e-03,7.61528982e-05,1.14229347e-03,5.03831386e-09,8.06130218e-08,1.26950078e-12,2.15815133e-11,6.41074482e-21,1.15393407e-19,5.93201627e-06,1.00844277e-04,4.77918427e-10,8.60253168e-09,7.17626012e-05,1.43525202e-03
1.39753730e-01,3.54991391e-01,7.45795725e+03,4.01549445e-01,7.11757820e-01,7.11757820e-01,6.91533996e-02,2.76613599e-01,2.85003690e-10,3.42004428e-09,1.24829719e-16,1.62278634e-15,1.20794679e-09,1.57033082e-08,1.68489083e-10,2.35884716e-09,4.48902070e-15,6.73353106e-14,1.93222886e-04,2.70512040e-03,7.75886104e-05,1.16382916e-03,3.81277872e-09,6.10044595e-08,1.49326750e-12,2.53855475e-11,8.76196069e-21,1.57715292e-19,5.60285369e-06,9.52485128e-05,5.86086461e-10,1.05495563e-08,7.17626014e-05,1.43525203e-03
1.50641580e-01,3.48607665e-01,7.06280514e+03,4.09535015e-01,7.11755951e-01,7.11755951e-01,6.91549283e-02,2.76619713e-01,2.78203169e-10,3.33843803e-09,1.49694214e-16,1.94602478e-15,1.18494841e-09,1.54043293e-08,2.01697028e-10,2.82375839e-09,5.56777334e-15,8.35166000e-14,1.93220739e-04,2.70509035e-03,7.91307408e-05,1.18696111e-03,2.88683226e-09,4.61893161e-08,1.79363335e-12,3.04917670e-11,1.22985613e-20,2.21374103e-19,5.33046354e-06,9.06178803e-05,7.31386686e-10,1.31649603e-08,7.17626016e-05,1.43525203e-03
1.62377674e-01,3.41855101e-01,6.66028204e+03,4.18117658e-01,7.11754023e-01,7.11754023e-01,6.91565722e-02,2.76626289e-01,2.79542969e-10,3.35451563e-09,1.86550229e-16,2.42515298e-15,1.19222640e-09,1.54989432e-08,2.45711481e-10,3.43996073e-09,7.03355095e-15,1.05503264e-13,1.93214145e-04,2.70499802e-03,8.07863484e-05,1.21179523e-03,2.19415732e-09,3.51065171e-08,2.19945264e-12,3.73906949e-11,1.77757103e-20,3.19962785e-19,5.10670456e-06,8.68139775e-05,9.30323630e-10,1.67458253e-08,7.17626016e-05,1.43525203e-03
1.75028096e-01,3.34722867e-01,6.25205193e+03,4.27335441e-01,7.11752021e-01,7.11752021e-01,6.91583383e-02,2.76633353e-01,2.92330880e-10,3.50797056e-09,2.44113498e-16,3.17347548e-15,1.24237489e-09,1.61508736e-08,3.05170888e-10,4.27239243e-09,9.06495998e-15,1.35974400e-13,1.93203604e-04,2.70485046e-03,8.25628777e-05,1.23844317e-03,1.68195029e-09,2.69112047e-08,2.75206898e-12,4.67851726e-11,2.65344262e-20,4.77619671e-19,4.92448769e-06,8.37162908e-05,1.20841532e-09,2.17514757e-08,7.17626017e-05,1.43525203e-03
1.88664080e-01,3.27201532e-01,5.83999417e+03,4.37228519e-01,7.11749928e-01,7.11749928e-01,6.91602341e-02,2.76640936e-01,3.21668778e-10,3.86002533e-09,3.38896564e-16,4.40565533e-15,1.35379236e-09,1.75993006e-08,3.87214433e-10,5.42100206e-09,1.19416983e-14,1.79125475e-13,1.93189570e-04,2.70465397e-03,8.44681587e-05,1.26702238e-03,1.30832335e-09,2.09331735e-08,3.51122850e-12,5.96908844e-11,4.10430119e-20,7.38774214e-19,4.77762027e-06,8.12195445e-05,1.60606222e-09,2.89091199e-08,7.17626017e-05,1.43525203e-03
2.03362408e-01,3.19283389e-01,5.42619504e+03,4.47839153e-01,7.11747729e-01,7.11747729e-01,6.91622674e-02,2.76649070e-01,3.75539248e-10,4.50647098e-09,5.03036583e-16,6.53947558e-15,1.55339527e-09,2.01941386e-08,5.03113792e-10,7.04359309e-09,1.61127559e-14,2.41691338e-13,1.93172422e-04,2.70441391e-03,8.65103993e-05,1.29765599e-03,1.04024046e-09,1.66438474e-08,4.56427652e-12,7.75927008e-11,6.60259065e-20,1.18846632e-18,4.66067088e-06,7.92314049e-05,2.18887816e-09,3.93998070e-08,7.17626018e-05,1.43525204e-03
2.19205845e-01,3.10962817e-01,5.01293201e+03,4.59211639e-01,7.11745411e-01,7.11745411e-01,6.91644467e-02,2.76657787e-01,4.66617016e-10,5.59940419e-09,8.00699308e-16,1.04090910e-14,1.88062666e-09,2.44481465e-08,6.71161760e-10,9.39626464e-09,2.23184413e-14,3.34776619e-13,1.93152456e-04,2.70413438e-03,8.86981640e-05,1.33047246e-03,8.51886828e-10,1.36301892e-08,6.04101100e-12,1.02697187e-10,1.10920500e-19,1.99656899e-18,4.56885590e-06,7.76705502e-05,3.06638154e-09,5.51948676e-08,7.17626018e-05,1.43525204e-03
2.36283603e-01,3.02236680e-01,4.60264983e+03,4.71392136e-01,7.11742958e-01,7.11742958e-01,6.91667804e-02,2.76667122e-01,6.15309913e-10,7.38371896e-09,1.36316327e-15,1.77211225e-14,2.39326689e-09,3.11124696e-08,9.21933857e-10,1.29070740e-08,3.18152711e-14,4.77229066e-13,1.93129858e-04,2.70381802e-03,9.10403311e-05,1.36560497e-03,7.23367924e-10,1.15738868e-08,8.13872190e-12,1.38358272e-10,1.95478919e-19,3.51862053e-18,4.49794810e-06,7.64651177e-05,4.42680385e-09,7.96824693e-08,7.17626018e-05,1.43525204e-03
2.54691844e-01,2.93104739e-01,4.19792763e+03,4.84428252e-01,7.11740358e-01,7.11740358e-01,6.91692777e-02,2.76677111e-01,8.54860109e-10,1.02583213e-08,2.46516367e-15,3.20471277e-14,3.17543275e-09,4.12806258e-08,1.30814859e-09,1.83140802e-08,4.68038053e-14,7.02057079e-13,1.93104703e-04,2.70346584e-03,9.35460074e-05,1.40319011e-03,6.39639731e-10,1.02342357e-08,1.11661847e-11,1.89825140e-10,3.63201720e-19,6.53763096e-18,4.44420678e-06,7.55515152e-05,6.60389856e-09,1.18870174e-07,7.17626018e-05,1.43525204e-03
2.74534223e-01,2.83570107e-01,3.80143674e+03,4.98368202e-01,7.11737596e-01,7.11737596e-01,6.91719475e-02,2.76687790e-01,1.23981870e-09,1.48778244e-08,4.69294797e-15,6.10083236e-14,4.34743233e-09,5.65166203e-08,1.92363568e-09,2.69308996e-08,7.12707726e-14,1.06906159e-12,1.93076934e-04,2.70307708e-03,9.62243631e-05,1.44336545e-03,5.89591306e-10,9.43346089e-09,1.56237578e-11,2.65603882e-10,7.15359846e-19,1.28764772e-17,4.40432800e-06,7.48735759e-05,1.02091988e-08,1.83765578e-07,7.17626018e-05,1.43525204e-03
2.95922471e-01,2.73639707e-01,3.41588922e+03,5.13259078e-01,7.11734660e-01,7.11734660e-01,6.91747990e-02,2.76699196e-01,1.85982595e-09,2.23179114e-08,9.31515897e-15,1.21097067e-13,6.07513566e-09,7.89767636e-08,2.94055349e-09,4.11677489e-08,1.12708217e-13,1.69062326e-12,1.93046355e-04,2.70264897e-03,9.90843033e-05,1.48626455e-03,5.65231603e-10,9.04370564e-09,2.23536800e-11,3.80012560e-10,1.50236982e-18,2.70426568e-17,4.37541247e-06,7.43820120e-05,1.64020519e-08,2.95236934e-07,7.17626018e-05,1.43525204e-03
3.18977022e-01,2.63324748e-01,3.04397764e+03,5.29143228e-01,7.11731541e-01,7.11731541e-01,6.91778402e-02,2.76711361e-01,2.86117622e-09,3.43341147e-08,1.90927529e-14,2.48205788e-13,8.57243002e-09,1.11441590e-07,4.68279187e-09,6.55590862e-08,1.85762293e-13,2.78643440e-12,1.93012617e-04,2.70217664e-03,1.02133797e-04,1.53200696e-03,5.60964064e-10,8.97542503e-09,3.28300639e-11,5.58111086e-10,3.38508547e-18,6.09315385e-17,4.35494710e-06,7.40341007e-05,2.74573014e-08,4.94231425e-07,7.17626018e-05,1.43525204e-03
3.43827692e-01,2.52641192e-01,2.68830730e+03,5.46050591e-01,7.11728229e-01,7.11728229e-01,6.91810776e-02,2.76724310e-01,4.47843700e-09,5.37412440e-08,3.99972858e-14,5.19964715e-13,1.20843582e-08,1.57096657e-07,7.76712967e-09,1.08739815e-07,3.20304327e-13,4.80456491e-12,1.92975220e-04,2.70165308e-03,1.05378474e-04,1.58067711e-03,5.72955900e-10,9.16729440e-09,4.97339004e-11,8.45476307e-10,8.23291672e-18,1.48192501e-16,4.34079455e-06,7.37935073e-05,4.79884222e-08,8.63791600e-07,7.17626018e-05,1.43525204e-03
3.70614414e-01,2.41610212e-01,2.35132296e+03,5.63982427e-01,7.11724723e-01,7.11724723e-01,6.91845124e-02,2.76738050e-01,7.07585438e-09,8.49102526e-08,8.46624633e-14,1.10061202e-12,1.68343716e-08,2.18846830e-07,1.33519103e-08,1.86926744e-07,5.80078305e-13,8.70117457e-12,1.92933531e-04,2.70106943e-03,1.08818651e-04,1.63227976e-03,5.98616096e-10,9.57785754e-09,7.81206906e-11,1.32805174e-09,2.17321695e-17,3.91179051e-16,4.33118421e-06,7.36301315e-05,8.76213165e-08,1.57718370e-06,7.17626018e-05,1.43525204e-03
3.99488019e-01,2.30258607e-01,2.03523258e+03,5.82877583e-01,7.11721033e-01,7.11721033e-01,6.91881357e-02,2.76752543e-01,1.11909219e-08,1.34291063e-07,1.78704520e-13,2.32315877e-12,2.29262150e-08,2.98040795e-07,2.34863907e-08,3.28809470e-07,1.10778339e-12,1.66167509e-11,1.92886850e-04,2.70041590e-03,1.12443110e-04,1.68664664e-03,6.36181795e-10,1.01789087e-08,1.27818392e-10,2.17291267e-09,6.24921320e-17,1.12485838e-15,4.32469789e-06,7.35198641e-05,1.66803192e-07,3.00245746e-06,7.17626018e-05,1.43525204e-03
4.30611093e-01,2.18619170e-01,1.74193182e+03,6.02546886e-01,7.11717193e-01,7.11717193e-01,6.91919155e-02,2.76767662e-01,1.75588310e-08,2.10705972e-07,3.70635539e-13,4.81826201e-12,3.02201424e-08,3.92861851e-07,4.13477886e-08,5.78869041e-07,2.23925787e-12,3.35888680e-11,1.92834512e-04,2.69968316e-03,1.16216746e-04,1.74325119e-03,6.84372067e-10,1.09499531e-08,2.18257156e-10,3.71037165e-09,1.95765292e-16,3.52377526e-15,4.32024523e-06,7.34441689e-05,3.28839495e-07,5.91911091e-06,7.17626019e-05,1.43525204e-03
4.64158883e-01,2.06730969e-01,1.47293320e+03,6.22561477e-01,7.11713283e-01,7.11713283e-01,6.91957753e-02,2.76783101e-01,2.70816960e-08,3.24980352e-07,7.43548694e-13,9.66613302e-12,3.82489553e-08,4.97236419e-07,7.08146353e-08,9.91404894e-07,4.80657831e-12,7.20986747e-11,1.92775996e-04,2.69886394e-03,1.20058990e-04,1.80088486e-03,7.41973750e-10,1.18715800e-08,3.87391653e-10,6.58565810e-09,6.63970295e-16,1.19514653e-14,4.31702694e-06,7.33894581e-05,6.61806339e-07,1.19125141e-05,7.17626019e-05,1.43525204e-03
5.00320295e-01,1.94639526e-01,1.22930470e+03,6.42112895e-01,7.11709456e-01,7.11709456e-01,6.91995645e-02,2.76798258e-01,4.07080747e-08,4.88496896e-07,1.42111683e-12,1.84745187e-11,4.62617179e-08,6.01402332e-07,1.14970517e-07,1.60958723e-06,1.09813353e-11,1.64720029e-10,1.92710992e-04,2.69795389e-03,1.23816026e-04,1.85724039e-03,8.07011368e-10,1.29121819e-08,7.04665199e-10,1.19793084e-08,2.40422620e-15,4.32760716e-14,4.31448773e-06,7.33462913e-05,1.32771791e-06,2.38989224e-05,7.17626019e-05,1.43525204e-03
5.39298949e-01,1.82396856e-01,1.01162248e+03,6.59964900e-01,7.11705950e-01,7.11705950e-01,6.92030462e-02,2.76812185e-01,5.92280304e-08,7.10736365e-07,2.55526604e-12,3.32184586e-11,5.34295384e-08,6.94583999e-07,1.74409802e-07,2.44173723e-06,2.67364901e-11,4.01047352e-10,1.92639375e-04,2.69695125e-03,1.27250304e-04,1.90875455e-03,8.74988994e-10,1.39998239e-08,1.27919083e-09,2.17462440e-08,9.11905268e-15,1.64142948e-13,4.31226359e-06,7.33084810e-05,2.57459024e-06,4.63426244e-05,7.17626019e-05,1.43525204e-03
5.81314328e-01,1.70061342e-01,8.19942191e+02,6.74717637e-01,7.11703031e-01,7.11703031e-01,6.92059477e-02,2.76823791e-01,8.30591476e-08,9.96709771e-07,4.28858076e-12,5.57515499e-11,5.91281382e-08,7.68665796e-07,2.47137692e-07,3.45992768e-06,6.94174101e-11,1.04126115e-09,1.92561098e-04,2.69585538e-03,1.30091048e-04,1.95136572e-03,9.37237194e-10,1.49957951e-08,2.23989634e-09,3.80782378e-08,3.56880405e-14,6.42384729e-13,4.31012991e-06,7.32722084e-05,4.68591054e-06,8.43463897e-05,7.17626019e-05,1.43525204e-03
6.26603016e-01,1.57697409e-01,6.53792745e+02,6.85414202e-01,7.11700885e-01,7.11700885e-01,6.92080799e-02,2.76832320e-01,1.12134040e-07,1.34560848e-06,6.70622263e-12,8.71808941e-11,6.31314985e-08,8.20709480e-07,3.30283925e-07,4.62397495e-06,1.92395062e-10,2.88592592e-09,1.92476075e-04,2.69466505e-03,1.32152024e-04,1.98228037e-03,9.84354938e-10,1.57496790e-08,3.67481064e-09,6.24717808e-08,1.43931037e-13,2.59075867e-12,4.30795567e-06,7.32352465e-05,7.86103542e-06,1.41498638e-04,7.17626019e-05,1.43525204e-03
6.75420029e-01,1.45374966e-01,5.12194962e+02,6.92048295e-01,7.11699508e-01,7.11699508e-01,6.92094384e-02,2.76837753e-01,1.45913966e-07,1.75096759e-06,9.81035014e-12,1.27534552e-10,6.56069046e-08,8.52889760e-07,4.21824664e-07,5.90554529e-06,5.69848235e-10,8.54772352e-09,1.92384102e-04,2.69337742e-03,1.33430443e-04,2.00145664e-03,1.01428690e-09,1.62285903e-08,5.57596476e-09,9.47914010e-08,6.07321985e-13,1.09317957e-11,4.30566740e-06,7.31963457e-05,1.21143866e-05,2.18058959e-04,7.17626019e-05,1.43525204e-03
7.28040247e-01,1.33168602e-01,3.93705924e+02,6.95487938e-01,7.11698738e-01,7.11698738e-01,6.92101884e-02,2.76840753e-01,1.83316460e-07,2.19979752e-06,1.35368127e-11,1.75978566e-10,6.69486009e-08,8.70331811e-07,5.21034231e-07,7.29447923e-06,1.79382643e-09,2.69073965e-08,1.92284837e-04,2.69198772e-03,1.34092364e-04,2.01138546e-03,1.03281921e-09,1.65251073e-08,7.85786142e-09,1.33583644e-07,2.73825374e-12,4.92885673e-11,4.30322356e-06,7.31548005e-05,1.72893136e-05,3.11207645e-04,7.17626019e-05,1.43525204e-03
7.84759970e-01,1.21156505e-01,2.96487669e+02,6.96925530e-01,7.11698357e-01,7.11698357e-01,6.92105559e-02,2.76842224e-01,2.22005004e-07,2.66406004e-06,1.77990607e-11,2.31387789e-10,6.75809532e-08,8.78552392e-07,6.28046417e-07,8.79264983e-06,5.79653933e-09,8.69480899e-08,1.92177824e-04,2.69048954e-03,1.34365537e-04,2.01548305e-03,1.04633403e-09,1.67413444e-08,1.04293198e-08,1.77298436e-07,1.30552632e-11,2.34994737e-10,4.30059846e-06,7.31101738e-05,2.31653607e-05,4.16976492e-04,7.17626019e-05,1.43525204e-03
8.45898580e-01,1.09419099e-01,2.18396579e+02,6.97367012e-01,7.11698187e-01,7.11698187e-01,6.92107247e-02,2.76842899e-01,2.56847619e-07,3.08217143e-06,2.25274862e-11,2.92857321e-10,6.78351887e-08,8.81857453e-07,7.43356380e-07,1.04069893e-05,1.74876161e-08,2.62314241e-07,1.92062513e-04,2.68887519e-03,1.34438966e-04,2.01658449e-03,1.05732989e-09,1.69172782e-08,1.32400687e-08,2.25081168e-07,5.82213380e-11,1.04798408e-09,4.29777302e-06,7.30621413e-05,2.95588836e-05,5.32059905e-04,7.17626019e-05,1.43525204e-03
9.11800339e-01,9.80374148e-02,1.57087627e+02,6.97440185e-01,7.11698119e-01,7.11698119e-01,6.92108015e-02,2.76843206e-01,2.81004103e-07,3.37204924e-06,2.76863046e-11,3.59921960e-10,6.79186149e-08,8.82941994e-07,8.67581039e-07,1.21461345e-05,4.36593447e-08,6.54890171e-07,1.91938288e-04,2.68713603e-03,1.34426902e-04,2.01640352e-03,1.06506431e-09,1.70410289e-08,1.62790491e-08,2.76743834e-07,1.95437394e-10,3.51787310e-09,4.29473019e-06,7.30104133e-05,3.63590210e-05,6.54462377e-04,7.17626019e-05,1.43525204e-03
9.82836333e-01,8.70912018e-02,1.10125851e+02,6.97432647e-01,7.11698095e-01,7.11698095e-01,6.92108379e-02,2.76843352e-01,2.92653235e-07,3.51183882e-06,3.32710998e-11,4.32524297e-10,6.79380498e-08,8.83194647e-07,1.00139697e-06,1.40195576e-05,8.62615630e-08,1.29392345e-06,1.91804472e-04,2.68526260e-03,1.34382846e-04,2.01574269e-03,1.06898557e-09,1.71037691e-08,1.95552139e-08,3.32438637e-07,4.58434327e-10,8.25181789e-09,4.29145288e-06,7.29546990e-05,4.35134584e-05,7.83242251e-04,7.17626019e-05,1.43525204e-03
1.05940656e+00,7.66568391e-02,7.50964055e+01,6.97424448e-01,7.11698089e-01,7.11698089e-01,6.92108584e-02,2.76843434e-01,2.96492254e-07,3.55790704e-06,3.92985927e-11,5.10881705e-10,6.79378380e-08,8.83191894e-07,1.14553455e-06,1.60374837e-05,1.40871641e-07,2.11307461e-06,1.91660334e-04,2.68324468e-03,1.34326655e-04,2.01489982e-03,1.07035590e-09,1.71256944e-08,2.30846537e-08,3.92439112e-07,8.32302688e-10,1.49814484e-08,4.28792307e-06,7.28946922e-05,5.10009990e-05,9.18017981e-04,7.17626019e-05,1.43525204e-03
1.14194217e+00,6.68051033e-02,4.97044586e+01,6.97421968e-01,7.11698088e-01,7.11698088e-01,6.92108740e-02,2.76843496e-01,2.97389207e-07,3.56867049e-06,4.57973216e-11,5.95365181e-10,6.79324524e-08,8.83121881e-07,1.30078032e-06,1.82109245e-05,2.02949152e-07,3.04423728e-06,1.91505088e-04,2.68107124e-03,1.34264099e-04,2.01396149e-03,1.07069416e-09,1.71311066e-08,2.68861015e-08,4.57063726e-07,1.30847069e-09,2.35524724e-08,4.28412152e-06,7.28300658e-05,5.88116431e-05,1.05860958e-03,7.17626019e-05,1.43525204e-03
1.23090791e+00,5.75988863e-02,3.18572795e+01,6.97421518e-01,7.11698087e-01,7.11698087e-01,6.92108881e-02,2.76843553e-01,2.97543125e-07,3.57051750e-06,5.28021675e-11,6.86428177e-10,6.79256210e-08,8.83033073e-07,1.46798006e-06,2.05517209e-05,2.70643567e-07,4.05965350e-06,1.91337889e-04,2.67873044e-03,1.34196318e-04,2.01294477e-03,1.07075477e-09,1.71320763e-08,3.09800248e-08,5.26660421e-07,1.89701905e-09,3.41463428e-08,4.28002758e-06,7.27604688e-05,6.69367544e-05,1.20486158e-03,7.17626019e-05,1.43525204e-03
1.32680475e+00,4.90909732e-02,1.97229263e+01,6.97421468e-01,7.11698088e-01,7.11698088e-01,6.92109018e-02,2.76843607e-01,2.97562669e-07,3.57075203e-06,6.03520286e-11,7.84576372e-10,6.79180926e-08,8.82935204e-07,1.64804242e-06,2.30725938e-05,3.43720051e-07,5.15580076e-06,1.91157826e-04,2.67620957e-03,1.34123232e-04,2.01184848e-03,1.07076269e-09,1.71322031e-08,3.53885338e-08,6.01605074e-07,2.61497179e-09,4.70694923e-08,4.27561906e-06,7.26855241e-05,7.53652660e-05,1.35657479e-03,7.17626019e-05,1.43525204e-03
1.43017266e+00,4.13220115e-02,1.17628021e+01,6.97421466e-01,7.11698088e-01,7.11698088e-01,6.92109152e-02,2.76843661e-01,2.97564467e-07,3.57077361e-06,6.84891539e-11,8.90359000e-10,6.79099575e-08,8.82829448e-07,1.84194319e-06,2.57872047e-05,4.22464444e-07,6.33696667e-06,1.90963926e-04,2.67349496e-03,1.34044487e-04,2.01066731e-03,1.07076344e-09,1.71322150e-08,4.01354160e-08,6.82302072e-07,3.48210191e-09,6.26778343e-08,4.27087218e-06,7.26048271e-05,8.40823600e-05,1.51348248e-03,7.17626019e-05,1.43525204e-03
1.54159369e+00,3.43188100e-02,6.73849776e+00,6.97421466e-01,7.11698088e-01,7.11698088e-01,6.92109282e-02,2.76843713e-01,2.97564582e-07,3.57077499e-06,7.72591311e-11,1.00436870e-09,6.79011877e-08,8.82715440e-07,2.05073002e-06,2.87102202e-05,5.07293659e-07,7.60940489e-06,1.90755139e-04,2.67057194e-03,1.33959658e-04,2.00939487e-03,1.07076348e-09,1.71322158e-08,4.52462140e-08,7.69185638e-07,4.52056725e-09,8.13702105e-08,4.26576138e-06,7.25179435e-05,9.30689097e-05,1.67524037e-03,7.17626019e-05,1.43525204e-03
1.66169525e+00,2.80931097e-02,3.69628858e+00,6.97421466e-01,7.11698088e-01,7.11698088e-01,6.92109408e-02,2.76843763e-01,2.97564587e-07,3.57077505e-06,8.67110863e-11,1.12724412e-09,6.78917357e-08,8.82592565e-07,2.27552724e-06,3.18573814e-05,5.98671698e-07,8.98007547e-06,1.90530341e-04,2.66742478e-03,1.33868280e-04,2.00802420e-03,1.07076349e-09,1.71322158e-08,5.07483321e-08,8.62721645e-07,5.75505802e-09,1.03591044e-07,4.26025926e-06,7.24244075e-05,1.02301126e-04,1.84142027e-03,7.17626019e-05,1.43525204e-03
1.79115361e+00,2.26409544e-02,1.93486478e+00,6.97421466e-01,7.11698088e-01,7.11698088e-01,6.92109529e-02,2.76843812e-01,2.97564587e-07,3.57077505e-06,9.68979453e-11,1.25967329e-09,6.78815489e-08,8.82460135e-07,2.51754117e-06,3.52455764e-05,6.97098963e-07,1.04564845e-05,1.90288328e-04,2.66403659e-03,1.33769853e-04,2.00654779e-03,1.07076349e-09,1.71322158e-08,5.66711584e-08,9.63409693e-07,7.21296773e-09,1.29833419e-07,4.25433644e-06,7.23237195e-05,1.11750287e-04,2.01150516e-03,7.17626019e-05,1.43525204e-03
1.93069773e+00,1.79427633e-02,9.63018011e-01,6.97421466e-01,7.11698088e-01,7.11698088e-01,6.92109644e-02,2.76843858e-01,2.97564587e-07,3.57077505e-06,1.07876724e-10,1.40239741e-09,6.78705701e-08,8.82317411e-07,2.77806552e-06,3.88929173e-05,8.03113397e-07,1.20467010e-05,1.90027803e-04,2.66038924e-03,1.33663838e-04,2.00495757e-03,1.07076349e-09,1.71322158e-08,6.30461956e-08,1.07178533e-06,8.92455461e-09,1.60641983e-07,4.24796140e-06,7.22153438e-05,1.21382545e-04,2.18488581e-03,7.17626019e-05,1.43525204e-03
2.08111337e+00,1.39641613e-02,4.53953109e-01,6.97421466e-01,7.11698088e-01,7.11698088e-01,6.92109753e-02,2.76843901e-01,2.97564587e-07,3.57077505e-06,1.19708843e-10,1.55621495e-09,6.78587380e-08,8.82163594e-07,3.05848721e-06,4.28188209e-05,9.17293050e-07,1.37593958e-05,1.89747381e-04,2.65646334e-03,1.33549659e-04,2.00324488e-03,1.07076349e-09,1.71322158e-08,6.99071976e-08,1.18842236e-06,1.09230872e-08,1.96615570e-07,4.24110040e-06,7.20987068e-05,1.31158835e-04,2.36085903e-03,7.17626019e-05,1.43525204e-03
2.24324750e+00,1.06575716e-02,2.01809311e-01,6.97421466e-01,7.11698088e-01,7.11698088e-01,6.92109855e-02,2.76843942e-01,2.97564587e-07,3.57077505e-06,1.32460461e-10,1.72198599e-09,6.78459864e-08,8.81997823e-07,3.36029241e-06,4.70440937e-05,1.04025892e-06,1.56038837e-05,1.89445576e-04,2.65223807e-03,1.33426693e-04,2.00140039e-03,1.07076349e-09,1.71322158e-08,7.72903129e-08,1.31393532e-06,1.32449688e-08,2.38409439e-07,4.23371728e-06,7.19731938e-05,1.41034899e-04,2.53862818e-03,7.17626019e-05,1.43525204e-03
2.41801308e+00,1.00000000e-02,8.42252988e-02,6.97421466e-01,7.11698088e-01,7.11698088e-01,6.92109950e-02,2.76843980e-01,2.97564587e-07,3.57077505e-06,1.46202841e-10,1.90063693e-09,6.78322440e-08,8.81819172e-07,3.68507290e-06,5.15910206e-05,1.17267794e-06,1.75901691e-05,1.89120796e-04,2.64769114e-03,1.33294274e-04,1.99941410e-03,1.07076349e-09,1.71322158e-08,8.52342343e-08,1.44898198e-06,1.59298347e-08,2.86737025e-07,4.22577336e-06,7.18381472e-05,1.50961461e-04,2.71730630e-03,7.17626019e-05,1.43525204e-03
2.60639420e+00,1.00000000e-02,3.28381112e-02,6.97421466e-01,7.11698088e-01,7.11698088e-01,6.92110036e-02,2.76844015e-01,2.97564587e-07,3.57077505e-06,1.61012737e-10,2.09316557e-09,6.78174341e-08,8.81626643e-07,4.03453266e-06,5.64834573e-05,1.31526622e-06,1.97289932e-05,1.88771336e-04,2.64279870e-03,1.33151685e-04,1.99727528e-03,1.07076349e-09,1.71322158e-08,9.37803541e-08,1.59426602e-06,1.90206172e-08,3.42371110e-07,4.21722724e-06,7.16928631e-05,1.60884575e-04,2.89592235e-03,7.17626019e-05,1.43525204e-03
2.80945159e+00,1.00000000e-02,1.18971965e-02,6.97421466e-01,7.11698088e-01,7.11698088e-01,6.92110115e-02,2.76844046e-01,2.97564587e-07,3.57077505e-06,1.76972812e-10,2.30064655e-09,6.78014740e-08,8.81419162e-07,4.41049481e-06,6.17469273e-05,1.46879236e-06,2.20318854e-05,1.88395374e-04,2.63753523e-03,1.32998159e-04,1.99497239e-03,1.07076349e-09,1.71322158e-08,1.02972925e-07,1.75053973e-06,2.25635733e-08,4.06144320e-07,4.20803467e-06,7.15365894e-05,1.70746160e-04,3.07343087e-03,7.17626019e-05,1.43525204e-03
3.02832867e+00,1.00000000e-02,3.98253054e-03,6.97421466e-01,7.11698088e-01,7.11698088e-01,6.92110184e-02,2.76844074e-01,2.97564587e-07,3.57077505e-06,1.94172089e-10,2.52423715e-09,6.77842747e-08,8.81195571e-07,4.81490868e-06,6.74087215e-05,1.63408109e-06,2.45112163e-05,1.87990960e-04,2.63187344e-03,1.32832870e-04,1.99249306e-03,1.07076349e-09,1.71322158e-08,1.12859227e-07,1.91860686e-06,2.66082714e-08,4.78948885e-07,4.19814837e-06,7.13685223e-05,1.80484752e-04,3.24872554e-03,7.17626019e-05,1.43525204e-03
3.26425788e+00,1.00000000e-02,1.22418016e-03,6.97421466e-01,7.11698088e-01,7.11698088e-01,6.92110246e-02,2.76844098e-01,2.97564587e-07,3.57077505e-06,2.12706430e-10,2.76518359e-09,6.77657404e-08,8.80954625e-07,5.24985723e-06,7.34980012e-05,1.81201699e-06,2.71802549e-05,1.87556011e-04,2.62578416e-03,1.32654935e-04,1.98982402e-03,1.07076349e-09,1.71322158e-08,1.23489734e-07,2.09932549e-06,3.12075353e-08,5.61735635e-07,4.18751786e-06,7.11878037e-05,1.90036480e-04,3.42065664e-03,7.17626019e-05,1.43525204e-03
3.51856773e+00,1.00000000e-02,3.43256304e-04,6.97421466e-01,7.11698088e-01,7.11698088e-01,6.92110299e-02,2.76844119e-01,2.97564587e-07,3.57077505e-06,2.32679059e-10,3.02482777e-09,6.77457678e-08,8.80694981e-07,5.71756457e-06,8.00459040e-05,2.00354850e-06,3.00532275e-05,1.87088304e-04,2.61923626e-03,1.32463403e-04,1.98695105e-03,1.07076349e-09,1.71322158e-08,1.34918293e-07,2.29361099e-06,3.64173466e-08,6.55512239e-07,4.17608930e-06,7.09935182e-05,1.99336260e-04,3.58805267e-03,7.17626019e-05,1.43525204e-03
3.79269019e+00,1.00000000e-02,8.71704227e-05,6.97421466e-01,7.11698088e-01,7.11698088e-01,6.92110344e-02,2.76844138e-01,2.97564587e-07,3.57077505e-06,2.54201111e-10,3.30461444e-09,6.77242457e-08,8.80415194e-07,6.22040371e-06,8.70856520e-05,2.20969204e-06,3.31453806e-05,1.86585465e-04,2.61219651e-03,1.32257260e-04,1.98385889e-03,1.07076349e-09,1.71322158e-08,1.47202294e-07,2.50243900e-06,4.22967084e-08,7.61340751e-07,4.16380530e-06,7.07846901e-05,2.08319207e-04,3.74974573e-03,7.17626019e-05,1.43525204e-03
4.08816882e+00,1.00000000e-02,1.98950691e-05,6.97421466e-01,7.11698088e-01,7.11698088e-01,6.92110381e-02,2.76844153e-01,2.97564587e-07,3.57077505e-06,2.77392233e-10,3.60609903e-09,6.77010546e-08,8.80113710e-07,6.76090433e-06,9.46526606e-05,2.43153644e-06,3.64730466e-05,1.86044964e-04,2.60462950e-03,1.32035415e-04,1.98053123e-03,1.07076349e-09,1.71322158e-08,1.60402846e-07,2.72684838e-06,4.89074789e-08,8.80334620e-07,4.15060475e-06,7.05602808e-05,2.16922235e-04,3.90460023e-03,7.17626019e-05,1.43525204e-03
4.40666743e+00,1.00000000e-02,4.04701222e-06,6.97421466e-01,7.11698088e-01,7.11698088e-01,6.92110412e-02,2.76844165e-01,2.97564587e-07,3.57077505e-06,3.02381222e-10,3.93095588e-09,6.76760656e-08,8.79788853e-07,7.34176062e-06,1.02784649e-04,2.67024744e-06,4.00537116e-05,1.85464108e-04,2.59649751e-03,1.31796704e-04,1.97695056e-03,1.07076349e-09,1.71322158e-08,1.74584956e-07,2.96794424e-06,5.63141875e-08,1.01365537e-06,4.13642264e-06,7.03191849e-05,2.25085794e-04,4.05154429e-03,7.17626019e-05,1.43525204e-03
4.74997943e+00,1.00000000e-02,7.27180076e-07,6.97421466e-01,7.11698088e-01,7.11698088e-01,6.92110437e-02,2.76844175e-01,2.97564587e-07,3.57077505e-06,3.29306708e-10,4.28098720e-09,6.76491401e-08,8.79438821e-07,7.96583915e-06,1.11521748e-04,2.92707251e-06,4.39060876e-05,1.84840030e-04,2.58776041e-03,1.31539879e-04,1.97309819e-03,1.07076349e-09,1.71322158e-08,1.89817693e-07,3.22690077e-06,6.45838499e-08,1.16250930e-06,4.12118990e-06,7.00602284e-05,2.32755697e-04,4.18960254e-03,7.17626019e-05,1.43525204e-03
5.12003798e+00,1.00000000e-02,1.14306266e-07,6.97421466e-01,7.11698088e-01,7.11698088e-01,6.92110456e-02,2.76844182e-01,2.97564587e-07,3.57077505e-06,3.58317892e-10,4.65813260e-09,6.76201289e-08,8.79061676e-07,8.63618643e-06,1.20906610e-04,3.20334571e-06,4.80501856e-05,1.84169682e-04,2.57837555e-03,1.31263606e-04,1.96895409e-03,1.07076349e-09,1.71322158e-08,2.06174357e-07,3.50496407e-06,7.37858044e-08,1.32814448e-06,4.10483324e-06,6.97821651e-05,2.39884938e-04,4.31792888e-03,7.17626019e-05,1.43525204e-03
5.51892683e+00,1.00000000e-02,1.55558558e-08,6.97421466e-01,7.11698088e-01,7.11698088e-01,6.92110471e-02,2.76844188e-01,2.97564587e-07,3.57077505e-06,3.89575329e-10,5.06447928e-09,6.75888715e-08,8.78655329e-07,9.35603641e-06,1.30984510e-04,3.50049284e-06,5.25073927e-05,1.83449832e-04,2.56829765e-03,1.30966459e-04,1.96449688e-03,1.07076349e-09,1.71322158e-08,2.23732632e-07,3.80345475e-06,8.39915956e-08,1.51184872e-06,4.08727496e-06,6.94836744e-05,2.46435426e-04,4.43583767e-03,7.17626019e-05,1.43525204e-03
5.94889208e+00,1.00000000e-02,1.81232568e-09,6.97421466e-01,7.11698088e-01,7.11698088e-01,6.92110482e-02,2.76844193e-01,2.97564587e-07,3.57077505e-06,4.23251771e-10,5.50227303e-09,6.75551950e-08,8.78217536e-07,1.01288174e-05,1.41803443e-04,3.82003667e-06,5.73005501e-05,1.82677051e-04,2.55747872e-03,1.30646915e-04,1.95970372e-03,1.07076349e-09,1.71322158e-08,2.42574727e-07,4.12377036e-06,9.52749353e-08,1.71494884e-06,4.06843287e-06,6.91633588e-05,2.52379500e-04,4.54283101e-03,7.17626019e-05,1.43525204e-03
6.41235480e+00,1.00000000e-02,1.78582846e-10,6.97421466e-01,7.11698088e-01,7.11698088e-01,6.92110489e-02,2.76844196e-01,2.97564587e-07,3.57077505e-06,4.59533067e-10,5.97392987e-09,6.75189138e-08,8.77745879e-07,1.09581585e-05,1.53414219e-04,4.16360225e-06,6.24540338e-05,1.81847710e-04,2.54586794e-03,1.30303349e-04,1.95455024e-03,1.07076349e-09,1.71322158e-08,2.62787497e-07,4.46738744e-06,1.07711771e-07,1.93881188e-06,4.04822010e-06,6.88197417e-05,2.57701137e-04,4.63862046e-03,7.17626019e-05,1.43525204e-03
6.91192469e+00,1.00000000e-02,1.46905312e-11,6.97421466e-01,7.11698088e-01,7.11698088e-01,6.92110495e-02,2.76844198e-01,2.97564587e-07,3.57077505e-06,4.98619122e-10,6.48204858e-09,6.74798277e-08,8.77237760e-07,1.18478953e-05,1.65870534e-04,4.53292240e-06,6.79938360e-05,1.80957973e-04,2.53341163e-03,1.29934029e-04,1.94901044e-03,1.07076349e-09,1.71322158e-08,2.84462544e-07,4.83586325e-06,1.21380491e-07,2.18484884e-06,4.02654505e-06,6.84512659e-05,2.62396718e-04,4.72314093e-03,7.17626019e-05,1.43525204e-03
7.45041477e+00,1.00000000e-02,9.94766470e-13,6.97421466e-01,7.11698088e-01,7.11698088e-01,6.92110499e-02,2.76844199e-01,2.97564587e-07,3.57077505e-06,5.40724931e-10,7.02942411e-09,6.74377219e-08,8.76690385e-07,1.28020746e-05,1.79229045e-04,4.92984313e-06,7.39476470e-05,1.80003794e-04,2.52005312e-03,1.29537108e-04,1.94305663e-03,1.07076349e-09,1.71322158e-08,3.07696289e-07,5.23083692e-06,1.36362296e-07,2.45452133e-06,4.00331131e-06,6.80562922e-05,2.66475286e-04,4.79655514e-03,7.17626019e-05,1.43525204e-03
8.03085722e+00,1.00000000e-02,5.46143008e-14,6.97421466e-01,7.11698088e-01,7.11698088e-01,6.92110501e-02,2.76844200e-01,2.97564587e-07,3.57077505e-06,5.86081672e-10,7.61906174e-09,6.73923651e-08,8.76100747e-07,1.38249578e-05,1.93549409e-04,5.35632915e-06,8.03449373e-05,1.78980911e-04,2.50573275e-03,1.29110622e-04,1.93665934e-03,1.07076349e-09,1.71322158e-08,3.32590002e-07,5.65403004e-06,1.52741750e-07,2.74935150e-06,3.97841759e-06,6.76330991e-05,2.69958194e-04,4.85924748e-03,7.17626019e-05,1.43525204e-03
8.65652043e+00,1.00000000e-02,2.39164095e-15,6.97421466e-01,7.11698088e-01,7.11698088e-01,6.92110503e-02,2.76844201e-01,2.97564587e-07,3.57077505e-06,6.34937876e-10,8.25419239e-09,6.73435089e-08,8.75465616e-07,1.49210226e-05,2.08894316e-04,5.81446922e-06,8.72170383e-05,1.77884846e-04,2.49038785e-03,1.28652482e-04,1.92978724e-03,1.07076349e-09,1.71322158e-08,3.59249792e-07,6.10724646e-06,1.70607526e-07,3.07093547e-06,3.95175780e-06,6.71798827e-05,2.72878154e-04,4.91180677e-03,7.17626019e-05,1.43525204e-03
9.33092744e+00,1.00000000e-02,8.20804593e-17,6.97421466e-01,7.11698088e-01,7.11698088e-01,6.92110504e-02,2.76844201e-01,2.97564587e-07,3.57077505e-06,6.87560676e-10,8.93828879e-09,6.72908861e-08,8.74781520e-07,1.60949631e-05,2.25329484e-04,6.30648136e-06,9.45972204e-05,1.76710906e-04,2.47395268e-03,1.28160470e-04,1.92240705e-03,1.07076349e-09,1.71322158e-08,3.87786542e-07,6.59237122e-06,1.90053341e-07,3.42096014e-06,3.92322105e-06,6.66947579e-05,2.75277681e-04,4.95499827e-03,7.17626019e-05,1.43525204e-03
1.00578757e+01,1.00000000e-02,2.16616532e-18,6.97421466e-01,7.11698088e-01,7.11698088e-01,6.92110504e-02,2.76844202e-01,2.97564587e-07,3.57077505e-06,7.44237132e-10,9.67508272e-09,6.72342097e-08,8.74044726e-07,1.73516876e-05,2.42923627e-04,6.83471787e-06,1.02520768e-04,1.75454181e-04,2.45635854e-03,1.27632234e-04,1.91448351e-03,1.07076349e-09,1.71322158e-08,4.18315781e-07,7.11136827e-06,2.11179061e-07,3.80122309e-06,3.89269182e-06,6.61757609e-05,2.77207026e-04,4.98972646e-03,7.17626019e-05,1.43525204e-03
1.08414587e+01,1.00000000e-02,4.30688064e-20,6.97421466e-01,7.11698088e-01,7.11698088e-01,6.92110504e-02,2.76844202e-01,2.97564587e-07,3.57077505e-06,8.05275645e-10,1.04685834e-08,6.71731712e-08,8.73251225e-07,1.86963130e-05,2.61748382e-04,7.40166992e-06,1.11025049e-04,1.74109556e-04,2.43753378e-03,1.27065282e-04,1.90597922e-03,1.07076349e-09,1.71322158e-08,4.50957474e-07,7.66627706e-06,2.34091949e-07,4.21365508e-06,3.86005012e-06,6.56208521e-05,2.78721717e-04,5.01699091e-03,7.17626019e-05,1.43525204e-03
1.16860886e+01,1.00000000e-02,6.31062524e-22,6.97421466e-01,7.11698088e-01,7.11698088e-01,6.92110505e-02,2.76844202e-01,2.97564587e-07,3.57077505e-06,8.71007454e-10,1.13230969e-08,6.71074394e-08,8.72396712e-07,2.01341567e-05,2.81878193e-04,8.00997166e-06,1.20149575e-04,1.72671712e-04,2.41740397e-03,1.26456980e-04,1.89685470e-03,1.07076349e-09,1.71322158e-08,4.85835734e-07,8.25920749e-06,2.58908018e-07,4.66034432e-06,3.82517186e-06,6.50279217e-05,2.79879906e-04,5.03783831e-03,7.17626019e-05,1.43525204e-03
1.25965213e+01,1.00000000e-02,6.65415212e-24,6.97421466e-01,7.11698088e-01,7.11698088e-01,6.92110505e-02,2.76844202e-01,2.97564587e-07,3.57077505e-06,9.41788225e-10,1.22432469e-08,6.70366586e-08,8.71476562e-07,2.16707241e-05,3.03390137e-04,8.66240372e-06,1.29936056e-04,1.71135145e-04,2.39589202e-03,1.25804548e-04,1.88706822e-03,1.07076349e-09,1.71322158e-08,5.23078418e-07,8.89233310e-06,2.85753429e-07,5.14356172e-06,3.78792918e-06,6.43947960e-05,2.80739697e-04,5.05331455e-03,7.17626019e-05,1.43525204e-03
1.35778836e+01,1.00000000e-02,4.92143454e-26,6.97421466e-01,7.11698088e-01,7.11698088e-01,6.92110505e-02,2.76844202e-01,2.97564587e-07,3.57077505e-06,1.01799974e-09,1.32339966e-08,6.69604471e-08,8.70485812e-07,2.33116921e-05,3.26363689e-04,9.36189589e-06,1.40428438e-04,1.69494177e-04,2.37291847e-03,1.25105056e-04,1.87657583e-03,1.07076349e-09,1.71322158e-08,5.62816607e-07,9.56788232e-06,3.14765896e-07,5.66578612e-06,3.74819099e-06,6.37192468e-05,2.81356694e-04,5.06442050e-03,7.17626019e-05,1.43525204e-03
1.46357012e+01,1.00000000e-02,2.48353310e-28,6.97421466e-01,7.11698088e-01,7.11698088e-01,6.92110505e-02,2.76844202e-01,2.97564587e-07,3.57077505e-06,1.10005167e-09,1.43006717e-08,6.68783952e-08,8.69419137e-07,2.50628867e-05,3.50880413e-04,1.01115287e-05,1.51672931e-04,1.67742982e-04,2.34840175e-03,1.24355423e-04,1.86533134e-03,1.07076349e-09,1.71322158e-08,6.05183957e-07,1.02881273e-05,3.46096050e-07,6.22972890e-06,3.70582364e-06,6.29990019e-05,2.81781943e-04,5.07207498e-03,7.17626019e-05,1.43525204e-03
1.57759306e+01,1.00000000e-02,1.00000000e-30,6.97421466e-01,7.11698088e-01,7.11698088e-01,6.92110505e-02,2.76844202e-01,2.97564587e-07,3.57077505e-06,1.18838345e-09,1.54489849e-08,6.67900634e-08,8.68270824e-07,2.69302553e-05,3.77023574e-04,1.09145339e-05,1.63718008e-04,1.65875613e-04,2.32225859e-03,1.23552418e-04,1.85328626e-03,1.07076349e-09,1.71322158e-08,6.50315882e-07,1.10553700e-05,3.79908729e-07,6.83835711e-06,3.66069171e-06,6.22317591e-05,2.82060417e-04,5.07708751e-03,7.17626019e-05,1.43525204e-03
1.70049924e+01,1.00000000e-02,1.00000000e-30,6.97421466e-01,7.11698088e-01,7.11698088e-01,6.92110505e-02,2.76844202e-01,2.97564587e-07,3.57077505e-06,1.28346628e-09,1.66850617e-08,6.66949805e-08,8.67034747e-07,2.89198319e-05,4.04877647e-04,1.17742931e-05,1.76614397e-04,1.63886037e-04,2.29440451e-03,1.22692658e-04,1.84038988e-03,1.07076349e-09,1.71322158e-08,6.98348567e-07,1.18719256e-05,4.16384176e-07,7.49491517e-06,3.61265903e-06,6.14152035e-05,2.82230122e-04,5.08014219e-03,7.17626019e-05,1.43525204e-03
1.83298071e+01,1.00000000e-02,1.00000000e-30,6.97421466e-01,7.11698088e-01,7.11698088e-01,6.92110505e-02,2.76844202e-01,2.97564587e-07,3.57077505e-06,1.38580519e-09,1.80154675e-08,6.65926416e-08,8.65704341e-07,3.10376948e-05,4.34527727e-04,1.26943351e-05,1.90415026e-04,1.61768174e-04,2.26475444e-03,1.21772616e-04,1.82658925e-03,1.07076349e-09,1.71322158e-08,7.49417784e-07,1.27401023e-05,4.55719161e-07,8.20294489e-06,3.56158981e-06,6.05470268e-05,2.82321828e-04,5.08179291e-03,7.17626019e-05,1.43525204e-03
1.97578347e+01,1.00000000e-02,1.00000000e-30,6.97421466e-01,7.11698088e-01,7.11698088e-01,6.92110505e-02,2.76844202e-01,2.97564587e-07,3.57077505e-06,1.49594120e-09,1.94472356e-08,6.64825056e-08,8.64272573e-07,3.32899150e-05,4.66058810e-04,1.36783303e-05,2.05174955e-04,1.59515954e-04,2.23322335e-03,1.20788621e-04,1.81182932e-03,1.07076349e-09,1.71322158e-08,8.03657489e-07,1.36621773e-05,4.98128029e-07,8.96630453e-06,3.50735011e-06,5.96249518e-05,2.82359359e-04,5.08246846e-03,7.17626019e-05,1.43525204e-03
2.12971163e+01,1.00000000e-02,1.00000000e-30,6.97421466e-01,7.11698088e-01,7.11698088e-01,6.92110505e-02,2.76844202e-01,2.97564587e-07,3.57077505e-06,1.61445364e-09,2.09878973e-08,6.63639932e-08,8.62731911e-07,3.56824965e-05,4.99554951e-04,1.47300833e-05,2.20951250e-04,1.57123372e-04,2.19972721e-03,1.19736868e-04,1.79605302e-03,1.07076349e-09,1.71322158e-08,8.61198179e-07,1.46403690e-05,5.43843741e-07,9.78918735e-06,3.44980942e-06,5.86467601e-05,2.82360301e-04,5.08248542e-03,7.17626019e-05,1.43525204e-03
2.29563192e+01,1.00000000e-02,1.00000000e-30,6.97421466e-01,7.11698088e-01,7.11698088e-01,6.92110505e-02,2.76844202e-01,2.97564587e-07,3.57077505e-06,1.74196249e-09,2.26455124e-08,6.62364843e-08,8.61074296e-07,3.82213046e-05,5.35098264e-04,1.58535219e-05,2.37802829e-04,1.54584564e-04,2.16418390e-03,1.18613430e-04,1.77920144e-03,1.07076349e-09,1.71322158e-08,9.22164988e-07,1.56768048e-05,5.93118921e-07,1.06761406e-05,3.38884261e-06,5.76103244e-05,2.82336993e-04,5.08206587e-03,7.17626019e-05,1.43525204e-03
2.47447864e+01,1.00000000e-02,1.00000000e-30,6.97421466e-01,7.11698088e-01,7.11698088e-01,6.92110505e-02,2.76844202e-01,2.97564587e-07,3.57077505e-06,1.87913088e-09,2.44287015e-08,6.60993159e-08,8.59291107e-07,4.09119833e-05,5.72767767e-04,1.70526831e-05,2.55790247e-04,1.51893885e-04,2.12651440e-03,1.17414268e-04,1.76121403e-03,1.07076349e-09,1.71322158e-08,9.86675501e-07,1.67734835e-05,6.46226986e-07,1.16320858e-05,3.32433210e-06,5.65136456e-05,2.82297614e-04,5.08135705e-03,7.17626019e-05,1.43525204e-03
2.66725884e+01,1.00000000e-02,1.00000000e-30,6.97421466e-01,7.11698088e-01,7.11698088e-01,6.92110505e-02,2.76844202e-01,2.97564587e-07,3.57077505e-06,2.02666760e-09,2.63466789e-08,6.59517792e-08,8.57373130e-07,4.37598609e-05,6.12638053e-04,1.83316946e-05,2.74975418e-04,1.49046008e-04,2.08664411e-03,1.16135257e-04,1.74202886e-03,1.07076349e-09,1.71322158e-08,1.05483728e-06,1.79322337e-05,7.03463385e-07,1.26623409e-05,3.25617032e-06,5.53548955e-05,2.82247246e-04,5.08045043e-03,7.17626019e-05,1.43525204e-03
2.87505804e+01,1.00000000e-02,1.00000000e-30,6.97421466e-01,7.11698088e-01,7.11698088e-01,6.92110505e-02,2.76844202e-01,2.97564587e-07,3.57077505e-06,2.18532976e-09,2.84092869e-08,6.57931171e-08,8.55310522e-07,4.67698414e-05,6.54777779e-04,1.96947520e-05,2.95421279e-04,1.46036027e-04,2.04450438e-03,1.14772200e-04,1.72158299e-03,1.07076349e-09,1.71322158e-08,1.12674505e-06,1.91546658e-05,7.65146982e-07,1.37726457e-05,3.18426255e-06,5.41324633e-05,2.82188801e-04,5.07939841e-03,7.17626019e-05,1.43525204e-03
3.09904634e+01,1.00000000e-02,1.00000000e-30,6.97421466e-01,7.11698088e-01,7.11698088e-01,6.92110505e-02,2.76844202e-01,2.97564587e-07,3.57077505e-06,2.35592543e-09,3.06270306e-08,6.56225214e-08,8.53092778e-07,4.99462830e-05,6.99247961e-04,2.11460911e-05,3.17191366e-04,1.42859586e-04,2.00003420e-03,1.13320860e-04,1.69981291e-03,1.07076349e-09,1.71322158e-08,1.20247762e-06,2.04421196e-05,8.31621613e-07,1.49691890e-05,3.10852998e-06,5.28450096e-05,2.82123758e-04,5.07822764e-03,7.17626019e-05,1.43525204e-03
3.34048498e+01,1.00000000e-02,1.00000000e-30,6.97421466e-01,7.11698088e-01,7.11698088e-01,6.92110505e-02,2.76844202e-01,2.97564587e-07,3.57077505e-06,2.53931643e-09,3.30111136e-08,6.54391304e-08,8.50708695e-07,5.32928620e-05,7.46100068e-04,2.26899538e-05,3.40349307e-04,1.39513007e-04,1.95318209e-03,1.11776998e-04,1.67665497e-03,1.07076349e-09,1.71322158e-08,1.28209444e-06,2.17956056e-05,9.03257815e-07,1.62586407e-05,3.02891315e-06,5.14915236e-05,2.82052712e-04,5.07694882e-03,7.17626019e-05,1.43525204e-03
3.60073348e+01,1.00000000e-02,1.00000000e-30,6.97421466e-01,7.11698088e-01,7.11698088e-01,6.92110505e-02,2.76844202e-01,2.97564587e-07,3.57077505e-06,2.73642103e-09,3.55734733e-08,6.52420258e-08,8.48146335e-07,5.68124229e-05,7.95373920e-04,2.43305482e-05,3.64958223e-04,1.35993446e-04,1.90390824e-03,1.10136403e-04,1.65204605e-03,1.07076349e-09,1.71322158e-08,1.36563187e-06,2.32157418e-05,9.80454740e-07,1.76481853e-05,2.94537572e-06,5.00713873e-05,2.81975742e-04,5.07556335e-03,7.17626019e-05,1.43525204e-03
3.88125727e+01,1.00000000e-02,1.00000000e-30,6.97421466e-01,7.11698088e-01,7.11698088e-01,6.92110505e-02,2.76844202e-01,2.97564587e-07,3.57077505e-06,2.94821672e-09,3.83268173e-08,6.50302301e-08,8.45392991e-07,6.05068139e-05,8.47095395e-04,2.60720006e-05,3.91080009e-04,1.32299055e-04,1.85218677e-03,1.08394951e-04,1.62592426e-03,1.07076349e-09,1.71322158e-08,1.45309914e-06,2.47026855e-05,1.06364226e-06,1.91455606e-05,2.85790845e-06,4.85844437e-05,2.81892634e-04,5.07406742e-03,7.17626019e-05,1.43525204e-03
4.18363594e+01,1.00000000e-02,1.00000000e-30,6.97421466e-01,7.11698088e-01,7.11698088e-01,6.92110505e-02,2.76844202e-01,2.97564587e-07,3.57077505e-06,3.17574294e-09,4.12846582e-08,6.48027039e-08,8.42435150e-07,6.43767106e-05,9.01273949e-04,2.79183009e-05,4.18774514e-04,1.28429158e-04,1.79800821e-03,1.06548651e-04,1.59822976e-03,1.07076349e-09,1.71322158e-08,1.54447413e-06,2.62560602e-05,1.15328323e-06,2.07590981e-05,2.76653347e-06,4.70310690e-05,2.81803019e-04,5.07245435e-03,7.17626019e-05,1.43525204e-03
4.50957214e+01,1.00000000e-02,1.00000000e-30,6.97421466e-01,7.11698088e-01,7.11698088e-01,6.92110505e-02,2.76844202e-01,2.97564587e-07,3.57077505e-06,3.42010370e-09,4.44613481e-08,6.45583431e-08,8.39258460e-07,6.84214270e-05,9.57899978e-04,2.98732386e-05,4.48098579e-04,1.24384442e-04,1.74138218e-03,1.04593713e-04,1.56890569e-03,1.07076349e-09,1.71322158e-08,1.63969886e-06,2.78748806e-05,1.24987598e-06,2.24977676e-05,2.67130874e-06,4.54122486e-05,2.81706434e-04,5.07071581e-03,7.17626019e-05,1.43525204e-03
4.86090118e+01,1.00000000e-02,1.00000000e-30,6.97421466e-01,7.11698088e-01,7.11698088e-01,6.92110505e-02,2.76844202e-01,2.97564587e-07,3.57077505e-06,3.68247016e-09,4.78721121e-08,6.42959767e-08,8.35847697e-07,7.26387181e-05,1.01694205e-03,3.19403302e-05,4.79104953e-04,1.20167151e-04,1.68234011e-03,1.02526621e-04,1.53789932e-03,1.07076349e-09,1.71322158e-08,1.73867497e-06,2.95574745e-05,1.35395694e-06,2.43712249e-05,2.57233263e-06,4.37296547e-05,2.81602355e-04,5.06884239e-03,7.17626019e-05,1.43525204e-03
5.23960135e+01,1.00000000e-02,1.00000000e-30,6.97421466e-01,7.11698088e-01,7.11698088e-01,6.92110505e-02,2.76844202e-01,2.97564587e-07,3.57077505e-06,3.96408293e-09,5.15330781e-08,6.40143639e-08,8.32186731e-07,7.70245774e-05,1.07834408e-03,3.41227371e-05,5.11841057e-04,1.15781291e-04,1.62093808e-03,1.00344214e-04,1.50516322e-03,1.07076349e-09,1.71322158e-08,1.84125914e-06,3.13014054e-05,1.46610351e-06,2.63898633e-05,2.46974846e-06,4.19857238e-05,2.81490209e-04,5.06682376e-03,7.17626019e-05,1.43525204e-03
5.64780507e+01,1.00000000e-02,1.00000000e-30,6.97421466e-01,7.11698088e-01,7.11698088e-01,6.92110505e-02,2.76844202e-01,2.97564587e-07,3.57077505e-06,4.26625424e-09,5.54613052e-08,6.37121926e-08,8.28258503e-07,8.15730315e-05,1.14202244e-03,3.64231735e-05,5.46347603e-04,1.11232837e-04,1.55725972e-03,9.80437780e-05,1.47065667e-03,1.07076349e-09,1.71322158e-08,1.94725862e-06,3.31033966e-05,1.58693712e-06,2.85648682e-05,2.36374897e-06,4.01837325e-05,2.81369376e-04,5.06464876e-03,7.17626019e-05,1.43525204e-03
6.08781089e+01,1.00000000e-02,1.00000000e-30,6.97421466e-01,7.11698088e-01,7.11698088e-01,6.92110505e-02,2.76844202e-01,2.97564587e-07,3.57077505e-06,4.59036976e-09,5.96748068e-08,6.33880771e-08,8.24045002e-07,8.62759407e-05,1.20786317e-03,3.88438046e-05,5.82657070e-04,1.06529928e-04,1.49141899e-03,9.56231469e-05,1.43434720e-03,1.07076349e-09,1.71322158e-08,2.05642713e-06,3.49592612e-05,1.71712647e-06,3.09082765e-05,2.25458047e-06,3.83278680e-05,2.81239186e-04,5.06230535e-03,7.17626019e-05,1.43525204e-03
6.56209641e+01,1.00000000e-02,1.00000000e-30,6.97421466e-01,7.11698088e-01,7.11698088e-01,6.92110505e-02,2.76844202e-01,2.97564587e-07,3.57077505e-06,4.93788999e-09,6.41925699e-08,6.30405568e-08,8.19527239e-07,9.11228100e-05,1.27571934e-03,4.13861349e-05,6.20792024e-04,1.01683059e-04,1.42356282e-03,9.30808166e-05,1.39621225e-03,1.07076349e-09,1.71322158e-08,2.16846112e-06,3.68638390e-05,1.85739108e-06,3.34330394e-05,2.14254648e-06,3.64232901e-05,2.81098922e-04,5.05978059e-03,7.17626019e-05,1.43525204e-03
7.07333228e+01,1.00000000e-02,1.00000000e-30,6.97421466e-01,7.11698088e-01,7.11698088e-01,6.92110505e-02,2.76844202e-01,2.97564587e-07,3.57077505e-06,5.31035124e-09,6.90345661e-08,6.26680956e-08,8.14685242e-07,9.61006201e-05,1.34540868e-03,4.40508871e-05,6.60763307e-04,9.67052486e-05,1.35387348e-03,9.04160644e-05,1.35624097e-03,1.07076349e-09,1.71322158e-08,2.28299689e-06,3.88109471e-05,2.00850500e-06,3.61530899e-05,2.02801071e-06,3.44761821e-05,2.80947808e-04,5.05706054e-03,7.17626019e-05,1.43525204e-03
7.62439721e+01,1.00000000e-02,1.00000000e-30,6.97421466e-01,7.11698088e-01,7.11698088e-01,6.92110505e-02,2.76844202e-01,2.97564587e-07,3.57077505e-06,5.70936591e-09,7.42217568e-08,6.22690809e-08,8.09498052e-07,1.01193688e-04,1.41671163e-03,4.68378731e-05,7.02568097e-04,9.16121807e-05,1.28257053e-03,8.76290784e-05,1.31443618e-03,1.07076349e-09,1.71322158e-08,2.39960855e-06,4.07933453e-05,2.17130083e-06,3.90834149e-05,1.91139905e-06,3.24937838e-05,2.80785012e-04,5.05413022e-03,7.17626019e-05,1.43525204e-03
8.21839418e+01,1.00000000e-02,1.00000000e-30,6.97421466e-01,7.11698088e-01,7.11698088e-01,6.92110505e-02,2.76844202e-01,2.97564587e-07,3.57077505e-06,6.13662207e-09,7.97760869e-08,6.18418247e-08,8.03943722e-07,1.06383569e-04,1.48936996e-03,4.97458576e-05,7.46187865e-04,8.64222999e-05,1.20991220e-03,8.47210939e-05,1.27081641e-03,1.07076349e-09,1.71322158e-08,2.51780732e-06,4.28027245e-05,2.34667402e-06,4.22401324e-05,1.79320027e-06,3.04844046e-05,2.80609639e-04,5.05097350e-03,7.17626019e-05,1.43525204e-03
8.85866790e+01,1.00000000e-02,1.00000000e-30,6.97421466e-01,7.11698088e-01,7.11698088e-01,6.92110505e-02,2.76844202e-01,2.97564587e-07,3.57077505e-06,6.59388215e-09,8.57204680e-08,6.13845647e-08,7.97999341e-07,1.11649010e-04,1.56308615e-03,5.27724174e-05,7.91586261e-04,8.11568583e-05,1.13619602e-03,8.16945341e-05,1.22541801e-03,1.07076349e-09,1.71322158e-08,2.63704236e-06,4.48297202e-05,2.53558742e-06,4.56405735e-05,1.67396523e-06,2.84574090e-05,2.80420725e-04,5.04757306e-03,7.17626019e-05,1.43525204e-03
9.54882369e+01,1.00000000e-02,1.00000000e-30,6.97421466e-01,7.11698088e-01,7.11698088e-01,6.92110505e-02,2.76844202e-01,2.97564587e-07,3.57077505e-06,7.08298054e-09,9.20787471e-08,6.08954663e-08,7.91641062e-07,1.16965975e-04,1.63752365e-03,5.59137985e-05,8.38706977e-04,7.58398936e-05,1.06175851e-03,7.85531531e-05,1.17829730e-03,1.07076349e-09,1.71322158e-08,2.75670342e-06,4.68639582e-05,2.73907614e-06,4.93033704e-05,1.55430418e-06,2.64231710e-05,2.80217237e-04,5.04391026e-03,7.17626019e-05,1.43525204e-03
1.02927477e+02,1.00000000e-02,1.00000000e-30,6.97421466e-01,7.11698088e-01,7.11698088e-01,6.92110505e-02,2.76844202e-01,2.97564587e-07,3.57077505e-06,7.60581996e-09,9.88756595e-08,6.03726269e-08,7.84844149e-07,1.22307741e-04,1.71230837e-03,5.91647751e-05,8.87471626e-04,7.04981276e-05,9.86973787e-04,7.53021765e-05,1.12953265e-03,1.07076349e-09,1.71322158e-08,2.87612568e-06,4.88941365e-05,2.95825277e-06,5.32485498e-05,1.43488192e-06,2.43929927e-05,2.79998060e-04,5.03996508e-03,7.17626019e-05,1.43525204e-03
1.10946289e+02,1.00000000e-02,1.00000000e-30,6.97421466e-01,7.11698088e-01,7.11698088e-01,6.92110505e-02,2.76844202e-01,2.97564587e-07,3.57077505e-06,8.16436633e-09,1.06136762e-07,5.98140805e-08,7.77583046e-07,1.27645097e-04,1.78703136e-03,6.25185151e-05,9.37777727e-04,6.51607715e-05,9.12250800e-04,7.19484364e-05,1.07922655e-03,1.07076349e-09,1.71322158e-08,2.99459697e-06,5.09081484e-05,3.19431290e-06,5.74976322e-05,1.31641063e-06,2.23789807e-05,2.79762000e-04,5.03571600e-03,7.17626019e-05,1.43525204e-03
1.19589826e+02,1.00000000e-02,1.00000000e-30,6.97421466e-01,7.11698088e-01,7.11698088e-01,6.92110505e-02,2.76844202e-01,2.97564587e-07,3.57077505e-06,8.76064195e-09,1.13888345e-07,5.92178049e-08,7.69831463e-07,1.32946644e-04,1.86125301e-03,6.59664577e-05,9.89496866e-04,5.98592250e-05,8.38029151e-04,6.85004938e-05,1.02750741e-03,1.07076349e-09,1.71322158e-08,3.11136763e-06,5.28932496e-05,3.44854099e-06,6.20737379e-05,1.19963997e-06,2.03938795e-05,2.79507772e-04,5.03113989e-03,7.17626019e-05,1.43525204e-03
1.28906759e+02,1.00000000e-02,1.00000000e-30,6.97421466e-01,7.11698088e-01,7.11698088e-01,6.92110505e-02,2.76844202e-01,2.97564587e-07,3.57077505e-06,9.39671674e-09,1.22157318e-07,5.85817301e-08,7.61562491e-07,1.38179205e-04,1.93450887e-03,6.94982088e-05,1.04247313e-03,5.46266636e-05,7.64773290e-04,6.49687427e-05,9.74531141e-04,1.07076349e-09,1.71322158e-08,3.22566298e-06,5.48362707e-05,3.72231661e-06,6.70016991e-05,1.08534462e-06,1.84508585e-05,2.79233996e-04,5.02621193e-03,7.17626019e-05,1.43525204e-03
1.38949549e+02,1.00000000e-02,1.00000000e-30,6.97421466e-01,7.11698088e-01,7.11698088e-01,6.92110505e-02,2.76844202e-01,2.97564587e-07,3.57077505e-06,1.00746972e-08,1.30971063e-07,5.79037496e-08,7.52748745e-07,1.43308367e-04,2.00631713e-03,7.31014638e-05,1.09652196e-03,4.94975020e-05,6.92965027e-04,6.13654877e-05,9.20482316e-04,1.07076349e-09,1.71322158e-08,3.33669859e-06,5.67238761e-05,4.01712108e-06,7.23081794e-05,9.74309005e-07,1.65632531e-05,2.78939192e-04,5.02090545e-03,7.17626019e-05,1.43525204e-03
1.49774748e+02,1.00000000e-02,1.00000000e-30,6.97421466e-01,7.11698088e-01,7.11698088e-01,6.92110505e-02,2.76844202e-01,2.97564587e-07,3.57077505e-06,1.07967128e-08,1.40357266e-07,5.71817340e-08,7.43362542e-07,1.48299129e-04,2.07618780e-03,7.67619640e-05,1.15142946e-03,4.45067398e-05,6.23094357e-04,5.77049876e-05,8.65574813e-04,1.07076349e-09,1.71322158e-08,3.44369794e-06,5.85428649e-05,4.33454444e-06,7.80218000e-05,8.67309659e-07,1.47442642e-05,2.78621768e-04,5.01519183e-03,7.17626019e-05,1.43525204e-03
1.61443309e+02,1.00000000e-02,1.00000000e-30,6.97421466e-01,7.11698088e-01,7.11698088e-01,6.92110505e-02,2.76844202e-01,2.97564587e-07,3.57077505e-06,1.15648996e-08,1.50343695e-07,5.64135472e-08,7.33376114e-07,1.53116675e-04,2.14363345e-03,8.04634971e-05,1.20695246e-03,3.96891935e-05,5.55648708e-04,5.40034544e-05,8.10051816e-04,1.07076349e-09,1.71322158e-08,3.54591223e-06,6.02805079e-05,4.67629292e-06,8.41732726e-05,7.65095366e-07,1.30066212e-05,2.78280020e-04,5.00904036e-03,7.17626019e-05,1.43525204e-03
1.74020937e+02,1.00000000e-02,1.00000000e-30,6.97421466e-01,7.11698088e-01,7.11698088e-01,6.92110505e-02,2.76844202e-01,2.97564587e-07,3.57077505e-06,1.23813807e-08,1.60957949e-07,5.55970661e-08,7.22761860e-07,1.57727241e-04,2.20818137e-03,8.41879511e-05,1.26281927e-03,3.50786279e-05,4.91100790e-04,5.02790005e-05,7.54185007e-04,1.07076349e-09,1.71322158e-08,3.64264178e-06,6.19249103e-05,5.04419672e-06,9.07955409e-05,6.68365816e-07,1.13622189e-05,2.77912116e-04,5.00241809e-03,7.17626019e-05,1.43525204e-03
1.87578456e+02,1.00000000e-02,1.00000000e-30,6.97421466e-01,7.11698088e-01,7.11698088e-01,6.92110505e-02,2.76844202e-01,2.97564587e-07,3.57077505e-06,1.32482428e-08,1.72227157e-07,5.47302040e-08,7.11492652e-07,1.62099054e-04,2.26938675e-03,8.79154300e-05,1.31873145e-03,3.07068150e-05,4.29895410e-04,4.65515216e-05,6.98272824e-04,1.07076349e-09,1.71322158e-08,3.73325804e-06,6.34653867e-05,5.44021825e-06,9.79239285e-05,5.77749555e-07,9.82174243e-06,2.77516095e-04,4.99528970e-03,7.17626019e-05,1.43525204e-03
2.02192206e+02,1.00000000e-02,1.00000000e-30,6.97421466e-01,7.11698088e-01,7.11698088e-01,6.92110505e-02,2.76844202e-01,2.97564587e-07,3.57077505e-06,1.41675096e-08,1.84177624e-07,5.38109373e-08,6.99542184e-07,1.66203317e-04,2.32684644e-03,9.16244413e-05,1.37436662e-03,2.66025514e-05,3.72435719e-04,4.28425102e-05,6.42637654e-04,1.07076349e-09,1.71322158e-08,3.81722538e-06,6.48928314e-05,5.86646083e-06,1.05596295e-04,4.93782221e-07,8.39429776e-06,2.77089852e-04,4.98761734e-03,7.17626019e-05,1.43525204e-03
2.17944475e+02,1.00000000e-02,1.00000000e-30,6.97421466e-01,7.11698088e-01,7.11698088e-01,6.92110505e-02,2.76844202e-01,2.97564587e-07,3.57077505e-06,1.51411100e-08,1.96834430e-07,5.28373368e-08,6.86885378e-07,1.70015189e-04,2.38021264e-03,9.52921616e-05,1.42938242e-03,2.27906800e-05,3.19069520e-04,3.91747900e-05,5.87621850e-04,1.07076349e-09,1.71322158e-08,3.89412125e-06,6.62000613e-05,6.32517772e-06,1.13853199e-04,4.16886345e-07,7.08706786e-06,2.76631135e-04,4.97936043e-03,7.17626019e-05,1.43525204e-03
2.34923963e+02,1.00000000e-02,1.00000000e-30,6.97421466e-01,7.11698088e-01,7.11698088e-01,6.92110505e-02,2.76844202e-01,2.97564587e-07,3.57077505e-06,1.61708431e-08,2.10220961e-07,5.18076037e-08,6.73498848e-07,1.73514700e-04,2.42920580e-03,9.88947846e-05,1.48342177e-03,1.92911690e-05,2.70076367e-04,3.55721669e-05,5.33582504e-04,1.07076349e-09,1.71322158e-08,3.96365359e-06,6.73821111e-05,6.81878165e-06,1.22738070e-04,3.47354005e-07,5.90501808e-06,2.76137531e-04,4.97047556e-03,7.17626019e-05,1.43525204e-03
2.53226278e+02,1.00000000e-02,1.00000000e-30,6.97421466e-01,7.11698088e-01,7.11698088e-01,6.92110505e-02,2.76844202e-01,2.97564587e-07,3.57077505e-06,1.72583372e-08,2.24358383e-07,5.07201096e-08,6.59361425e-07,1.76687562e-04,2.47362587e-03,1.02407955e-04,1.53611932e-03,1.61183066e-05,2.25656293e-04,3.20589969e-05,4.80884954e-04,1.07076349e-09,1.71322158e-08,4.02567384e-06,6.84364553e-05,7.34985466e-06,1.32297384e-04,2.85333755e-07,4.85067383e-06,2.75606458e-04,4.96091625e-03,7.17626019e-05,1.43525204e-03
2.72954479e+02,1.00000000e-02,1.00000000e-30,6.97421466e-01,7.11698088e-01,7.11698088e-01,6.92110505e-02,2.76844202e-01,2.97564587e-07,3.57077505e-06,1.84050045e-08,2.39265059e-07,4.95734423e-08,6.44454750e-07,1.79525796e-04,2.51336114e-03,1.05807280e-04,1.58710920e-03,1.32800727e-05,1.85921018e-04,2.86596716e-05,4.29895074e-04,1.07076349e-09,1.71322158e-08,4.08018453e-06,6.93631370e-05,7.92115842e-06,1.42580851e-04,2.30823068e-07,3.92399216e-06,2.75035154e-04,4.95063278e-03,7.17626019e-05,1.43525204e-03
2.94219653e+02,1.00000000e-02,1.00000000e-30,6.97421466e-01,7.11698088e-01,7.11698088e-01,6.92110505e-02,2.76844202e-01,2.97564587e-07,3.57077505e-06,1.96119912e-08,2.54955886e-07,4.83664556e-08,6.28763923e-07,1.82028121e-04,2.54839370e-03,1.09068920e-04,1.63603380e-03,1.07777475e-05,1.50888464e-04,2.53980315e-05,3.80970472e-04,1.07076349e-09,1.71322158e-08,4.12734022e-06,7.01647837e-05,8.53564480e-06,1.53641606e-04,1.83667376e-07,3.12234540e-06,2.74420668e-04,4.93957202e-03,7.17626019e-05,1.43525204e-03
3.17141542e+02,1.00000000e-02,1.00000000e-30,6.97421466e-01,7.11698088e-01,7.11698088e-01,6.92110505e-02,2.76844202e-01,2.97564587e-07,3.57077505e-06,2.08801216e-08,2.71441581e-07,4.70983252e-08,6.12278228e-07,1.84200064e-04,2.57880089e-03,1.12170230e-04,1.68255345e-03,8.60580496e-06,1.20481269e-04,2.22967217e-05,3.34450826e-04,1.07076349e-09,1.71322158e-08,4.16744122e-06,7.08465007e-05,9.19646680e-06,1.65536402e-04,1.43566379e-07,2.44062844e-06,2.73759846e-04,4.92767723e-03,7.17626019e-05,1.43525204e-03
3.41849215e+02,1.00000000e-02,1.00000000e-30,6.97421466e-01,7.11698088e-01,7.11698088e-01,6.92110505e-02,2.76844202e-01,2.97564587e-07,3.57077505e-06,2.22098384e-08,2.88727899e-07,4.57686085e-08,5.94991910e-07,1.86053742e-04,2.60475238e-03,1.15090440e-04,1.72635659e-03,6.75212692e-06,9.45297769e-05,1.93765120e-05,2.90647680e-04,1.07076349e-09,1.71322158e-08,4.20091985e-06,7.14156374e-05,9.90698976e-06,1.78325816e-04,1.10087749e-07,1.87149174e-06,2.73049323e-04,4.91488781e-03,7.17626019e-05,1.43525204e-03
3.68481798e+02,1.00000000e-02,1.00000000e-30,6.97421466e-01,7.11698088e-01,7.11698088e-01,6.92110505e-02,2.76844202e-01,2.97564587e-07,3.57077505e-06,2.36011383e-08,3.06814797e-07,4.43773086e-08,5.76905011e-07,1.87607320e-04,2.62650249e-03,1.17811342e-04,1.76717013e-03,5.19854828e-06,7.27796759e-05,1.66556096e-05,2.49834144e-04,1.07076349e-09,1.71322158e-08,4.22831979e-06,7.18814365e-05,1.06708026e-05,1.92074448e-04,8.26878019e-08,1.40569263e-06,2.72285510e-04,4.90113918e-03,7.17626019e-05,1.43525204e-03
3.97189257e+02,1.00000000e-02,1.00000000e-30,6.97421466e-01,7.11698088e-01,7.11698088e-01,6.92110505e-02,2.76844202e-01,2.97564587e-07,3.57077505e-06,2.50535040e-08,3.25695552e-07,4.29249428e-08,5.58024256e-07,1.88884149e-04,2.64437809e-03,1.20317951e-04,1.80476926e-03,3.92171940e-06,5.49040716e-05,1.41490009e-05,2.12235013e-04,1.07076349e-09,1.71322158e-08,4.25026964e-06,7.22545838e-05,1.14917296e-05,2.06851132e-04,6.07379598e-08,1.03254532e-06,2.71464583e-04,4.88636250e-03,7.17626019e-05,1.43525204e-03
4.28133240e+02,1.00000000e-02,1.00000000e-30,6.97421466e-01,7.11698088e-01,7.11698088e-01,6.92110505e-02,2.76844202e-01,2.97564587e-07,3.57077505e-06,2.65658339e-08,3.45355841e-07,4.14126129e-08,5.38363968e-07,1.89911628e-04,2.65876279e-03,1.22599090e-04,1.83898635e-03,2.89424073e-06,4.05193703e-05,1.18678613e-05,1.78017920e-04,1.07076349e-09,1.71322158e-08,4.26745232e-06,7.25466894e-05,1.23738412e-05,2.22729141e-04,4.35552812e-08,7.40439781e-07,2.70582472e-04,4.87048449e-03,7.17626019e-05,1.43525204e-03
4.61487988e+02,1.00000000e-02,1.00000000e-30,6.97421466e-01,7.11698088e-01,7.11698088e-01,6.92110505e-02,2.76844202e-01,2.97564587e-07,3.57077505e-06,2.81363699e-08,3.65772808e-07,3.98420769e-08,5.17947000e-07,1.90719872e-04,2.67007821e-03,1.24647875e-04,1.86971812e-03,2.08599632e-06,2.92039485e-05,9.81907695e-06,1.47286154e-04,1.07076349e-09,1.71322158e-08,4.28057282e-06,7.27697380e-05,1.33214660e-05,2.39786388e-04,3.04347757e-08,5.17391187e-07,2.69634847e-04,4.85342724e-03,7.17626019e-05,1.43525204e-03
4.97441317e+02,1.00000000e-02,1.00000000e-30,6.97421466e-01,7.11698088e-01,7.11698088e-01,6.92110505e-02,2.76844202e-01,2.97564587e-07,3.57077505e-06,2.97626262e-08,3.86914140e-07,3.82158206e-08,4.96805668e-07,1.91340279e-04,2.67876391e-03,1.26462032e-04,1.89693049e-03,1.46558951e-06,2.05182532e-05,8.00491907e-06,1.20073786e-04,1.07076349e-09,1.71322158e-08,4.29032660e-06,7.29355522e-05,1.43392015e-05,2.58105628e-04,2.06809979e-08,3.51576963e-07,2.68617111e-04,4.83510800e-03,7.17626019e-05,1.43525204e-03
5.36195677e+02,1.00000000e-02,1.00000000e-30,6.97421466e-01,7.11698088e-01,7.11698088e-01,6.92110505e-02,2.76844202e-01,2.97564587e-07,3.57077505e-06,3.14413210e-08,4.08737173e-07,3.65371258e-08,4.74982636e-07,1.91804099e-04,2.68525739e-03,1.28044043e-04,1.92066064e-03,1.00176963e-06,1.40247748e-05,6.42290905e-06,9.63436357e-05,1.07076349e-09,1.71322158e-08,4.29737118e-06,7.30553101e-05,1.54319246e-05,2.77774643e-04,1.36364121e-08,2.31819006e-07,2.67524388e-04,4.81543899e-03,7.17626019e-05,1.43525204e-03
5.77969288e+02,1.00000000e-02,1.00000000e-30,6.97421466e-01,7.11698088e-01,7.11698088e-01,6.92110505e-02,2.76844202e-01,2.97564587e-07,3.57077505e-06,3.31683131e-08,4.31188070e-07,3.48101337e-08,4.52531738e-07,1.92141132e-04,2.68997585e-03,1.29401051e-04,1.94101576e-03,6.64736613e-07,9.30631258e-06,5.06590089e-06,7.59885134e-05,1.07076349e-09,1.71322158e-08,4.30230322e-06,7.31391548e-05,1.66048013e-05,2.98886424e-04,8.70437356e-09,1.47974350e-07,2.66351511e-04,4.79432721e-03,7.17626019e-05,1.43525204e-03
6.22997373e+02,1.00000000e-02,1.00000000e-30,6.97421466e-01,7.11698088e-01,7.11698088e-01,6.92110505e-02,2.76844202e-01,2.97564587e-07,3.57077505e-06,3.49385478e-08,4.54201121e-07,3.30398991e-08,4.29518688e-07,1.92378646e-04,2.69330104e-03,1.30544557e-04,1.95816835e-03,4.27222971e-07,5.98112159e-06,3.92239469e-06,5.88359203e-05,1.07076349e-09,1.71322158e-08,4.30564240e-06,7.31959208e-05,1.78632958e-05,3.21539325e-04,5.36519954e-09,9.12083922e-08,2.65093017e-04,4.77167430e-03,7.17626019e-05,1.43525204e-03
6.71533479e+02,1.00000000e-02,1.00000000e-30,6.97421466e-01,7.11698088e-01,7.11698088e-01,6.92110505e-02,2.76844202e-01,2.97564587e-07,3.57077505e-06,3.67460146e-08,4.77698190e-07,3.12324322e-08,4.06021619e-07,1.92540590e-04,2.69556827e-03,1.31489875e-04,1.97234813e-03,2.65278327e-07,3.71389658e-06,2.97707628e-06,4.46561442e-05,1.07076349e-09,1.71322158e-08,4.30782295e-06,7.32329901e-05,1.92131780e-05,3.45837203e-04,3.18465130e-09,5.41390720e-08,2.63743135e-04,4.74737643e-03,7.17626019e-05,1.43525204e-03
7.23850907e+02,1.00000000e-02,1.00000000e-30,6.97421466e-01,7.11698088e-01,7.11698088e-01,6.92110505e-02,2.76844202e-01,2.97564587e-07,3.57077505e-06,3.85837222e-08,5.01588388e-07,2.93947247e-08,3.82131421e-07,1.92647151e-04,2.69706011e-03,1.32255394e-04,1.98383090e-03,1.58717854e-07,2.22204996e-06,2.21155801e-06,3.31733701e-05,1.07076349e-09,1.71322158e-08,4.30919254e-06,7.32562732e-05,2.06605290e-05,3.71889523e-04,1.81505586e-09,3.08559496e-08,2.62295784e-04,4.72132411e-03,7.17626019e-05,1.43525204e-03
7.80244249e+02,1.00000000e-02,1.00000000e-30,6.97421466e-01,7.11698088e-01,7.11698088e-01,6.92110505e-02,2.76844202e-01,2.97564587e-07,3.57077505e-06,4.04436938e-08,5.25768019e-07,2.75347530e-08,3.57951790e-07,1.92714632e-04,2.69800485e-03,1.32861676e-04,1.99292514e-03,9.12369060e-08,1.27731668e-06,1.60527528e-06,2.40791292e-05,1.07076349e-09,1.71322158e-08,4.31001746e-06,7.32702968e-05,2.22117458e-05,3.99811424e-04,9.90137110e-10,1.68323309e-08,2.60744567e-04,4.69340221e-03,7.17626019e-05,1.43525204e-03
8.41031051e+02,1.00000000e-02,1.00000000e-30,6.97421466e-01,7.11698088e-01,7.11698088e-01,6.92110505e-02,2.76844202e-01,2.97564587e-07,3.57077505e-06,4.23169891e-08,5.50120858e-07,2.56614577e-08,3.33598950e-07,1.92755637e-04,2.69857891e-03,1.33330476e-04,1.99995714e-03,5.02321923e-08,7.03250692e-07,1.13647527e-06,1.70471290e-05,1.07076349e-09,1.71322158e-08,4.31049237e-06,7.32783703e-05,2.38735415e-05,4.29723748e-04,5.15223842e-10,8.75880531e-09,2.59082771e-04,4.66348988e-03,7.17626019e-05,1.43525204e-03
9.06553593e+02,1.00000000e-02,1.00000000e-30,6.97421466e-01,7.11698088e-01,7.11698088e-01,6.92110505e-02,2.76844202e-01,2.97564587e-07,3.57077505e-06,4.41937563e-08,5.74518832e-07,2.37846905e-08,3.09200977e-07,1.92779469e-04,2.69891256e-03,1.33683729e-04,2.00525594e-03,2.63998209e-08,3.69597492e-07,7.83222512e-07,1.17483377e-05,1.07076349e-09,1.71322158e-08,4.31075280e-06,7.32827976e-05,2.56529446e-05,4.61753002e-04,2.54796947e-10,4.33154809e-09,2.57303368e-04,4.63146063e-03,7.17626019e-05,1.43525204e-03
9.77180827e+02,1.00000000e-02,1.00000000e-30,6.97421466e-01,7.11698088e-01,7.11698088e-01,6.92110505e-02,2.76844202e-01,2.97564587e-07,3.57077505e-06,4.60633192e-08,5.98823150e-07,2.19151276e-08,2.84896659e-07,1.92792672e-04,2.69909741e-03,1.33942610e-04,2.00913914e-03,1.31963527e-08,1.84748937e-07,5.24342021e-07,7.86513032e-06,1.07076349e-09,1.71322158e-08,4.31088832e-06,7.32851014e-05,2.75572923e-05,4.96031262e-04,1.19280153e-10,2.02776261e-09,2.55399020e-04,4.59718237e-03,7.17626019e-05,1.43525204e-03
1.05331045e+03,1.00000000e-02,1.00000000e-30,6.97421466e-01,7.11698088e-01,7.11698088e-01,6.92110505e-02,2.76844202e-01,2.97564587e-07,3.57077505e-06,4.79143035e-08,6.22885946e-07,2.00641433e-08,2.60833863e-07,1.92799619e-04,2.69919467e-03,1.34126726e-04,2.01190089e-03,6.24950049e-09,8.74930068e-08,3.40225770e-07,5.10338655e-06,1.07076349e-09,1.71322158e-08,4.31095496e-06,7.32862344e-05,2.95942217e-05,5.32695990e-04,5.26334603e-11,8.94768826e-10,2.53362091e-04,4.56051764e-03,7.17626019e-05,1.43525204e-03
1.13537112e+03,1.00000000e-02,1.00000000e-30,6.97421466e-01,7.11698088e-01,7.11698088e-01,6.92110505e-02,2.76844202e-01,2.97564587e-07,3.57077505e-06,4.97348039e-08,6.46552451e-07,1.82436429e-08,2.37167358e-07,1.92803076e-04,2.69924307e-03,1.34253507e-04,2.01380261e-03,2.79220468e-09,3.90908655e-08,2.13444532e-07,3.20166798e-06,1.07076349e-09,1.71322158e-08,4.31098581e-06,7.32867587e-05,3.17716534e-05,5.71889761e-04,2.17908727e-11,3.70444836e-10,2.51184659e-04,4.52132387e-03,7.17626019e-05,1.43525204e-03
1.22382494e+03,1.00000000e-02,1.00000000e-30,6.97421466e-01,7.11698088e-01,7.11698088e-01,6.92110505e-02,2.76844202e-01,2.97564587e-07,3.57077505e-06,5.15125942e-08,6.69663725e-07,1.64658526e-08,2.14056084e-07,1.92804697e-04,2.69926576e-03,1.34337821e-04,2.01506732e-03,1.17162754e-09,1.64027856e-08,1.29130256e-07,1.93695383e-06,1.07076349e-09,1.71322158e-08,4.31099917e-06,7.32869860e-05,3.40977710e-05,6.13759879e-04,8.42267042e-12,1.43185397e-10,2.48858542e-04,4.47945375e-03,7.17626019e-05,1.43525204e-03
1.31916996e+03,1.00000000e-02,1.00000000e-30,6.97421466e-01,7.11698088e-01,7.11698088e-01,6.92110505e-02,2.76844202e-01,2.97564587e-07,3.57077505e-06,5.32353786e-08,6.92059922e-07,1.47430682e-08,1.91659887e-07,1.92805409e-04,2.69927573e-03,1.34391830e-04,2.01587744e-03,4.59460842e-10,6.43245178e-09,7.51220009e-08,1.12683001e-06,1.07076349e-09,1.71322158e-08,4.31100457e-06,7.32870777e-05,3.65809924e-05,6.58457862e-04,3.02317202e-12,5.13939244e-11,2.46375320e-04,4.43475577e-03,7.17626019e-05,1.43525204e-03
1.42194306e+03,1.00000000e-02,1.00000000e-30,6.97421466e-01,7.11698088e-01,7.11698088e-01,6.92110505e-02,2.76844202e-01,2.97564587e-07,3.57077505e-06,5.48910806e-08,7.13584048e-07,1.30873662e-08,1.70135761e-07,1.92805701e-04,2.69927982e-03,1.34425055e-04,2.01637583e-03,1.67507752e-10,2.34510852e-09,4.18964980e-08,6.28447471e-07,1.07076349e-09,1.71322158e-08,4.31100659e-06,7.32871121e-05,3.92299326e-05,7.06138788e-04,1.00186265e-12,1.70316650e-11,2.43726380e-04,4.38707484e-03,7.17626019e-05,1.43525204e-03
1.53272295e+03,1.00000000e-02,1.00000000e-30,6.97421466e-01,7.11698088e-01,7.11698088e-01,6.92110505e-02,2.76844202e-01,2.97564587e-07,3.57077505e-06,5.64681626e-08,7.34086113e-07,1.15102843e-08,1.49633695e-07,1.92805812e-04,2.69928137e-03,1.34444624e-04,2.01666937e-03,5.64522458e-11,7.90331441e-10,2.23270737e-08,3.34906105e-07,1.07076349e-09,1.71322158e-08,4.31100729e-06,7.32871240e-05,4.20533588e-05,7.56960458e-04,3.04638544e-13,5.17885525e-12,2.40902954e-04,4.33625317e-03,7.17626019e-05,1.43525204e-03
1.65213341e+03,1.00000000e-02,1.00000000e-30,6.97421466e-01,7.11698088e-01,7.11698088e-01,6.92110505e-02,2.76844202e-01,2.97564587e-07,3.57077505e-06,5.79559658e-08,7.53427555e-07,1.00224810e-08,1.30292253e-07,1.92805851e-04,2.69928192e-03,1.34455623e-04,2.01683434e-03,1.74794457e-11,2.44712239e-10,1.13289644e-08,1.69934466e-07,1.07076349e-09,1.71322158e-08,4.31100751e-06,7.32871277e-05,4.50601325e-05,8.11082384e-04,8.44270321e-14,1.43525955e-12,2.37896180e-04,4.28213125e-03,7.17626019e-05,1.43525204e-03
1.78084683e+03,1.00000000e-02,1.00000000e-30,6.97421466e-01,7.11698088e-01,7.11698088e-01,6.92110505e-02,2.76844202e-01,2.97564587e-07,3.57077505e-06,5.93450568e-08,7.71485739e-07,8.63338997e-09,1.12234070e-07,1.92805864e-04,2.69928209e-03,1.34461499e-04,2.01692249e-03,4.93977618e-12,6.91568665e-11,5.45247720e-09,8.17871580e-08,1.07076349e-09,1.71322158e-08,4.31100758e-06,7.32871288e-05,4.82591419e-05,8.68664554e-04,2.11719164e-14,3.59922578e-13,2.34697171e-04,4.22454908e-03,7.17626019e-05,1.43525204e-03
1.91958797e+03,1.00000000e-02,1.00000000e-30,6.97421466e-01,7.11698088e-01,7.11698088e-01,6.92110505e-02,2.76844202e-01,2.97564587e-07,3.57077505e-06,6.06275631e-08,7.88158321e-07,7.35088370e-09,9.55614881e-08,1.92805867e-04,2.69928214e-03,1.34464473e-04,2.01696709e-03,1.26511407e-12,1.77115969e-11,2.47887371e-09,3.71831057e-08,1.07076349e-09,1.71322158e-08,4.31100759e-06,7.32871291e-05,5.16592198e-05,9.29865957e-04,4.76692272e-15,8.10376862e-14,2.31297093e-04,4.16334767e-03,7.17626019e-05,1.43525204e-03
2.06913808e+03,1.00000000e-02,1.00000000e-30,6.97421466e-01,7.11698088e-01,7.11698088e-01,6.92110505e-02,2.76844202e-01,2.97564587e-07,3.57077505e-06,6.17974780e-08,8.03367214e-07,6.18096880e-09,8.03525944e-08,1.92805868e-04,2.69928216e-03,1.34465892e-04,2.01698838e-03,2.91382751e-13,4.07935852e-12,1.05984941e-09,1.58977411e-08,1.07076349e-09,1.71322158e-08,4.31100760e-06,7.32871291e-05,5.52690468e-05,9.94842842e-04,9.55585018e-16,1.62449453e-14,2.27687266e-04,4.09837079e-03,7.17626019e-05,1.43525204e-03
2.23033925e+03,1.00000000e-02,1.00000000e-30,6.97421466e-01,7.11698088e-01,7.11698088e-01,6.92110505e-02,2.76844202e-01,2.97564587e-07,3.57077505e-06,6.28509140e-08,8.17061882e-07,5.12753281e-09,6.66579265e-08,1.92805869e-04,2.69928216e-03,1.34466527e-04,2.01699791e-03,5.98575677e-14,8.38005948e-13,4.24116614e-10,6.36174921e-09,1.07076349e-09,1.71322158e-08,4.31100760e-06,7.32871291e-05,5.90970388e-05,1.06374670e-03,1.69014344e-16,2.87324385e-15,2.23859274e-04,4.02946693e-03,7.17626019e-05,1.43525204e-03
2.40409918e+03,1.00000000e-02,1.00000000e-30,6.97421466e-01,7.11698088e-01,7.11698088e-01,6.92110505e-02,2.76844202e-01,2.97564587e-07,3.57077505e-06,6.37862824e-08,8.29221671e-07,4.19216441e-09,5.44981374e-08,1.92805869e-04,2.69928216e-03,1.34466794e-04,2.01700190e-03,1.08698882e-14,1.52178435e-13,1.58029459e-10,2.37044189e-09,1.07076349e-09,1.71322158e-08,4.31100760e-06,7.32871291e-05,6.31512170e-05,1.13672191e-03,2.61194806e-17,4.44031171e-16,2.19805096e-04,3.95649172e-03,7.17626019e-05,1.43525204e-03
2.59139630e+03,1.00000000e-02,1.00000000e-30,6.97421466e-01,7.11698088e-01,7.11698088e-01,6.92110505e-02,2.76844202e-01,2.97564587e-07,3.57077505e-06,6.46043807e-08,8.39856948e-07,3.37406616e-09,4.38628601e-08,1.92805869e-04,2.69928216e-03,1.34466897e-04,2.01700346e-03,1.72826406e-15,2.41956969e-14,5.45240691e-11,8.17861037e-10,1.07076349e-09,1.71322158e-08,4.31100760e-06,7.32871291e-05,6.74390586e-05,1.21390306e-03,3.49000443e-18,5.93300753e-17,2.15517254e-04,3.87931058e-03,7.17626019e-05,1.43525204e-03
2.79328525e+03,1.00000000e-02,1.00000000e-30,6.97421466e-01,7.11698088e-01,7.11698088e-01,6.92110505e-02,2.76844202e-01,2.97564587e-07,3.57077505e-06,6.53083722e-08,8.49008838e-07,2.67007466e-09,3.47109706e-08,1.92805869e-04,2.69928216e-03,1.34466934e-04,2.01700401e-03,2.38109741e-16,3.33353637e-15,1.73154424e-11,2.59731636e-10,1.07076349e-09,1.71322158e-08,4.31100760e-06,7.32871291e-05,7.19673289e-05,1.29541192e-03,3.98644360e-19,6.77695412e-18,2.10988984e-04,3.79780171e-03,7.17626019e-05,1.43525204e-03
3.01090284e+03,1.00000000e-02,1.00000000e-30,6.97421466e-01,7.11698088e-01,7.11698088e-01,6.92110505e-02,2.76844202e-01,2.97564587e-07,3.57077505e-06,6.59036505e-08,8.56747456e-07,2.07479634e-09,2.69723524e-08,1.92805869e-04,2.69928216e-03,1.34466947e-04,2.01700420e-03,2.81111445e-17,3.93556024e-16,5.02885283e-12,7.54327925e-11,1.07076349e-09,1.71322158e-08,4.31100760e-06,7.32871291e-05,7.67418917e-05,1.38135405e-03,3.84536135e-20,6.53711430e-19,2.06214421e-04,3.71185958e-03,7.17626019e-05,1.43525204e-03
3.24547446e+03,1.00000000e-02,1.00000000e-30,6.97421466e-01,7.11698088e-01,7.11698088e-01,6.92110505e-02,2.76844202e-01,2.97564587e-07,3.57077505e-06,6.63975885e-08,8.63168651e-07,1.58085830e-09,2.05511579e-08,1.92805869e-04,2.69928216e-03,1.34466950e-04,2.01700425e-03,2.80989515e-18,3.93385321e-17,1.32638863e-12,1.98958294e-11,1.07076349e-09,1.71322158e-08,4.31100760e-06,7.32871291e-05,8.17674998e-05,1.47181500e-03,3.09145338e-21,5.25547075e-20,2.01188813e-04,3.62139863e-03,7.17626019e-05,1.43525204e-03
3.49832094e+03,1.00000000e-02,1.00000000e-30,6.97421466e-01,7.11698088e-01,7.11698088e-01,6.92110505e-02,2.76844202e-01,2.97564587e-07,3.57077505e-06,6.67991832e-08,8.68389381e-07,1.17926366e-09,1.53304275e-08,1.92805869e-04,2.69928216e-03,1.34466951e-04,2.01700427e-03,2.34736941e-19,3.28631718e-18,3.15340818e-13,4.73011227e-12,1.07076349e-09,1.71322158e-08,4.31100760e-06,7.32871291e-05,8.70475646e-05,1.56685616e-03,2.04220738e-22,3.47175255e-21,1.95908748e-04,3.52635747e-03,7.17626019e-05,1.43525204e-03
3.77086603e+03,1.00000000e-02,1.00000000e-30,6.97421466e-01,7.11698088e-01,7.11698088e-01,6.92110505e-02,2.76844202e-01,2.97564587e-07,3.57077505e-06,6.71186167e-08,8.72542017e-07,8.59830151e-10,1.11777920e-08,1.92805869e-04,2.69928216e-03,1.34466951e-04,2.01700427e-03,1.61613678e-20,2.26259150e-19,6.70322212e-14,1.00548332e-12,1.07076349e-09,1.71322158e-08,4.31100760e-06,7.32871291e-05,9.25839061e-05,1.66651031e-03,1.09168796e-23,1.85586954e-22,1.90372407e-04,3.42670332e-03,7.17626019e-05,1.43525204e-03
4.06464440e+03,1.00000000e-02,1.00000000e-30,6.97421466e-01,7.11698088e-01,7.11698088e-01,6.92110505e-02,2.76844202e-01,2.97564587e-07,3.57077505e-06,6.73667649e-08,8.75767943e-07,6.11681954e-10,7.95186540e-09,1.92805869e-04,2.69928216e-03,1.34466952e-04,2.01700427e-03,9.03315866e-22,1.26464221e-20,1.26297484e-14,1.89446226e-13,1.07076349e-09,1.71322158e-08,4.31100760e-06,7.32871291e-05,9.83764846e-05,1.77077672e-03,4.64516181e-25,7.89677508e-24,1.84579828e-04,3.32243691e-03,7.17626019e-05,1.43525204e-03
4.38131027e+03,1.00000000e-02,1.00000000e-30,6.97421466e-01,7.11698088e-01,7.11698088e-01,6.92110505e-02,2.76844202e-01,2.97564587e-07,3.57077505e-06,6.75546895e-08,8.78210964e-07,4.23757281e-10,5.50884466e-09,1.92805869e-04,2.69928216e-03,1.34466952e-04,2.01700427e-03,4.03284234e-23,5.64597927e-22,2.08944798e-15,3.13417197e-14,1.07076349e-09,1.71322158e-08,4.31100760e-06,7.32871291e-05,1.04423118e-04,1.87961613e-03,1.54555463e-26,2.62744287e-25,1.78533194e-04,3.21359750e-03,7.17626019e-05,1.43525204e-03
4.72264677e+03,1.00000000e-02,1.00000000e-30,6.97421466e-01,7.11698088e-01,7.11698088e-01,6.92110505e-02,2.76844202e-01,2.97564587e-07,3.57077505e-06,6.76931548e-08,8.80011013e-07,2.85291990e-10,3.70879587e-09,1.92805869e-04,2.69928216e-03,1.34466952e-04,2.01700427e-03,1.41315549e-24,1.97841769e-23,3.00465377e-16,4.50698066e-15,1.07076349e-09,1.71322158e-08,4.31100760e-06,7.32871291e-05,1.10719190e-04,1.99294542e-03,3.94481906e-28,6.70619240e-27,1.72237123e-04,3.10026821e-03,7.17626019e-05,1.43525204e-03
5.09057590e+03,1.00000000e-02,1.00000000e-30,6.97421466e-01,7.11698088e-01,7.11698088e-01,6.92110505e-02,2.76844202e-01,2.97564587e-07,3.57077505e-06,6.77922058e-08,8.81298675e-07,1.86241020e-10,2.42113326e-09,1.92805869e-04,2.69928216e-03,1.34466952e-04,2.01700427e-03,3.81398043e-26,5.33957261e-25,3.71484570e-17,5.57226855e-16,1.07076349e-09,1.71322158e-08,4.31100760e-06,7.32871291e-05,1.17257346e-04,2.11063222e-03,7.56580727e-30,1.28618724e-28,1.65698967e-04,2.98258141e-03,7.17626019e-05,1.43525204e-03
5.48716944e+03,1.00000000e-02,1.00000000e-30,6.97421466e-01,7.11698088e-01,7.11698088e-01,6.92110505e-02,2.76844202e-01,2.97564587e-07,3.57077505e-06,6.78608403e-08,8.82190923e-07,1.17606559e-10,1.52888527e-09,1.92805869e-04,2.69928216e-03,1.34466952e-04,2.01700427e-03,7.76858150e-28,1.08760141e-26,3.90263766e-18,5.85395649e-17,1.07076349e-09,1.71322158e-08,4.31100760e-06,7.32871291e-05,1.24027202e-04,2.23248964e-03,1.06634648e-31,1.81278901e-30,1.58929111e-04,2.86072399e-03,7.17626019e-05,1.43525204e-03
5.91466054e+03,1.00000000e-02,1.00000000e-30,6.97421466e-01,7.11698088e-01,7.11698088e-01,6.92110505e-02,2.76844202e-01,2.97564587e-07,3.57077505e-06,6.79067939e-08,8.82788320e-07,7.16529414e-11,9.31488238e-10,1.92805869e-04,2.69928216e-03,1.34466952e-04,2.01700427e-03,1.16838247e-29,1.63573546e-28,3.43985470e-19,5.15978205e-18,1.07076349e-09,1.71322158e-08,4.31100760e-06,7.32871291e-05,1.31015059e-04,2.35827105e-03,1.07837865e-33,1.83324371e-32,1.51941254e-04,2.73494258e-03,7.17626019e-05,1.43525204e-03
6.37545637e+03,1.00000000e-02,1.00000000e-30,6.97421466e-01,7.11698088e-01,7.11698088e-01,6.92110505e-02,2.76844202e-01,2.97564587e-07,3.57077505e-06,6.79364447e-08,8.83173781e-07,4.20020930e-11,5.46027209e-10,1.92805869e-04,2.69928216e-03,1.34466952e-04,2.01700427e-03,1.26694406e-31,1.77372169e-30,2.50920420e-20,3.76380630e-19,1.07076349e-09,1.71322158e-08,4.31100760e-06,7.32871291e-05,1.38203635e-04,2.48766544e-03,7.62270515e-36,1.29585988e-34,1.44752677e-04,2.60554819e-03,7.17626019e-05,1.43525204e-03
6.87215161e+03,1.00000000e-02,1.00000000e-30,6.97421466e-01,7.11698088e-01,7.11698088e-01,6.92110505e-02,2.76844202e-01,2.97564587e-07,3.57077505e-06,6.79548292e-08,8.83412779e-07,2.36176272e-11,3.07029154e-10,1.92805869e-04,2.69928216e-03,1.34466952e-04,2.01700427e-03,9.61194083e-34,1.34567172e-32,1.49235055e-21,2.23852583e-20,1.07076349e-09,1.71322158e-08,4.31100760e-06,7.32871291e-05,1.45571849e-04,2.62029329e-03,3.63422481e-38,6.17818218e-37,1.37384464e-04,2.47292034e-03,7.17626019e-05,1.43525204e-03
7.40754307e+03,1.00000000e-02,1.00000000e-30,6.97421466e-01,7.11698088e-01,7.11698088e-01,6.92110505e-02,2.76844202e-01,2.97564587e-07,3.57077505e-06,6.79657492e-08,8.83554740e-07,1.26975683e-11,1.65068388e-10,1.92805869e-04,2.69928216e-03,1.34466952e-04,2.01700427e-03,4.98927948e-36,6.98499128e-35,7.12166014e-23,1.06824902e-21,1.07076349e-09,1.71322158e-08,4.31100760e-06,7.32871291e-05,1.53094638e-04,2.75570349e-03,1.14497244e-40,1.94645315e-39,1.29861675e-04,2.33751014e-03,7.17626019e-05,1.43525204e-03
7.98464550e+03,1.00000000e-02,1.00000000e-30,6.97421466e-01,7.11698088e-01,7.11698088e-01,6.92110505e-02,2.76844202e-01,2.97564587e-07,3.57077505e-06,6.79719424e-08,8.83635251e-07,6.50441610e-12,8.45574093e-11,1.92805869e-04,2.69928216e-03,1.34466952e-04,2.01700427e-03,1.72086541e-38,2.40921158e-37,2.68189875e-24,4.02284813e-23,1.07076349e-09,1.71322158e-08,4.31100760e-06,7.32871291e-05,1.60742857e-04,2.89337143e-03,2.30661022e-43,3.92123738e-42,1.22213456e-04,2.19984220e-03,7.17626019e-05,1.43525204e-03
8.60670847e+03,1.00000000e-02,1.00000000e-30,6.97421466e-01,7.11698088e-01,7.11698088e-01,6.92110505e-02,2.76844202e-01,2.97564587e-07,3.57077505e-06,6.79752841e-08,8.83678693e-07,3.16273855e-12,4.11156011e-11,1.92805869e-04,2.69928216e-03,1.34466952e-04,2.01700427e-03,3.82293696e-41,5.35211175e-40,7.82392655e-26,1.17358898e-24,1.07076349e-09,1.71322158e-08,4.31100760e-06,7.32871291e-05,1.68483262e-04,3.03269872e-03,2.87265140e-46,4.88350738e-45,1.14473051e-04,2.06051491e-03,7.17626019e-05,1.43525204e-03
9.27723476e+03,1.00000000e-02,1.00000000e-30,6.97421466e-01,7.11698088e-01,7.11698088e-01,6.92110505e-02,2.76844202e-01,2.97564587e-07,3.57077505e-06,6.79769930e-08,8.83700908e-07,1.45385910e-12,1.89001683e-11,1.92805869e-04,2.69928216e-03,1.34466952e-04,2.01700427e-03,5.27184495e-44,7.38058293e-43,1.73289362e-27,2.59934044e-26,1.07076349e-09,1.71322158e-08,4.31100760e-06,7.32871291e-05,1.76278601e-04,3.17301482e-03,2.12313766e-49,3.60933402e-48,1.06677712e-04,1.92019881e-03,7.17626019e-05,1.43525204e-03
1.00000000e+04,1.00000000e-02,1.00000000e-30,6.97421466e-01,7.11698088e-01,7.11698088e-01,6.92110505e-02,2.76844202e-01,2.97564587e-07,3.57077505e-06,6.79778178e-08,8.83711631e-07,6.29049245e-13,8.17764019e-12,1.92805869e-04,2.69928216e-03,1.34466952e-04,2.01700427e-03,4.35186692e-47,6.09261369e-46,2.85278737e-29,4.27918106e-28,1.07076349e-09,1.71322158e-08,4.31100760e-06,7.32871291e-05,1.84087833e-04,3.31358100e-03,8.94225163e-53,1.52018278e-51,9.88684795e-05,1.77963263e-03,7.17626019e-05,1.43525204e-03
