time,t9,rho,R15_14,Y_h1,X_h1,Y_he4,X_he4,Y_c12,X_c12,Y_c13,X_c13,Y_n13,X_n13,Y_n14,X_n14,Y_n15,X_n15,Y_o14,X_o14,Y_o15,X_o15,Y_o16,X_o16,Y_o17,X_o17,Y_o18,X_o18,Y_f17,X_f17,Y_f18,X_f18,Y_ne20,X_ne20
0.00000000e+00,4.48100000e-01,4.06600000e+03,3.67647059e-03,7.12941125e-01,7.12941125e-01,6.91377283e-02,2.76550913e-01,1.89972106e-04,2.27966527e-03,2.13235956e-06,2.77206743e-05,0.00000000e+00,0.00000000e+00,5.71014320e-05,7.99420047e-04,2.09931735e-07,3.14897603e-06,0.00000000e+00,0.00000000e+00,0.00000000e+00,0.00000000e+00,3.62073936e-04,5.79318297e-03,1.37916336e-07,2.34457772e-06,7.25875455e-07,1.30657582e-05,0.00000000e+00,0.00000000e+00,0.00000000e+00,0.00000000e+00,7.17611355e-05,1.43522271e-03
1.00000000e-09,4.48100000e-01,4.06599999e+03,2.90527940e-03,7.12941059e-01,7.12941059e-01,6.91377866e-02,2.76551146e-01,1.90018716e-04,2.28022459e-03,2.13226001e-06,2.77193801e-05,5.23477656e-09,6.80520953e-08,5.71000861e-05,7.99401206e-04,1.64411731e-07,2.46617596e-06,2.25318790e-14,3.15446306e-13,1.47997322e-09,2.21995983e-08,3.62073887e-04,5.79318219e-03,1.37881636e-07,2.34398781e-06,7.19517411e-07,1.29513134e-05,5.37799433e-11,9.14259037e-10,1.07629381e-13,1.93732886e-12,7.17611355e-05,1.43522271e-03
1.07790740e-09,4.48100000e-01,4.06599999e+03,2.85398778e-03,7.12941055e-01,7.12941055e-01,6.91377906e-02,2.76551162e-01,1.90021843e-04,2.28026212e-03,2.13225225e-06,2.77192793e-05,5.64265361e-09,7.33544969e-08,5.70999813e-05,7.99399738e-04,1.61367376e-07,2.42051065e-06,2.61795976e-14,3.66514366e-13,1.59527262e-09,2.39290893e-08,3.62073883e-04,5.79318213e-03,1.37878933e-07,2.34394186e-06,7.19024417e-07,1.29424395e-05,5.79697983e-11,9.85486571e-10,1.16008900e-13,2.08816020e-12,7.17611355e-05,1.43522271e-03
1.16188436e-09,4.48100000e-01,4.06599999e+03,2.79997465e-03,7.12941050e-01,7.12941050e-01,6.91377949e-02,2.76551179e-01,1.90025140e-04,2.28030168e-03,2.13224389e-06,2.77191706e-05,6.08231442e-09,7.90700875e-08,5.70998683e-05,7.99398156e-04,1.58158629e-07,2.37237944e-06,3.04178629e-14,4.25850080e-13,1.71955446e-09,2.57933169e-08,3.62073879e-04,5.79318206e-03,1.37876019e-07,2.34389233e-06,7.18493394e-07,1.29328811e-05,6.24860739e-11,1.06226326e-09,1.25040339e-13,2.25072610e-12,7.17611355e-05,1.43522271e-03
1.25240375e-09,4.48100000e-01,4.06599999e+03,2.74320002e-03,7.12941045e-01,7.12941045e-01,6.91377994e-02,2.76551198e-01,1.90028612e-04,2.28034334e-03,2.13223488e-06,2.77190535e-05,6.55623615e-09,8.52310700e-08,5.70997464e-05,7.99396450e-04,1.54782507e-07,2.32173760e-06,3.53422840e-14,4.94791976e-13,1.85351850e-09,2.78027775e-08,3.62073874e-04,5.79318199e-03,1.37872879e-07,2.34383894e-06,7.17921438e-07,1.29225859e-05,6.73542007e-11,1.14502141e-09,1.34774340e-13,2.42593812e-12,7.17611355e-05,1.43522271e-03
1.34997528e-09,4.48100000e-01,4.06599999e+03,2.68364100e-03,7.12941039e-01,7.12941039e-01,6.91378042e-02,2.76551217e-01,1.90032259e-04,2.28038711e-03,2.13222517e-06,2.77189272e-05,7.06708904e-09,9.18721576e-08,5.70996151e-05,7.99394612e-04,1.51236949e-07,2.26855424e-06,4.10639498e-14,5.74895298e-13,1.99791901e-09,2.99687851e-08,3.62073870e-04,5.79318191e-03,1.37869494e-07,2.34378140e-06,7.17305434e-07,1.29114978e-05,7.26015905e-11,1.23422704e-09,1.45265467e-13,2.61477841e-12,7.17611355e-05,1.43522271e-03
1.45514834e-09,4.48100000e-01,4.06599999e+03,2.62129483e-03,7.12941034e-01,7.12941034e-01,6.91378092e-02,2.76551237e-01,1.90036085e-04,2.28043302e-03,2.13221470e-06,2.77187911e-05,7.61775150e-09,9.90307695e-08,5.70994736e-05,7.99392630e-04,1.47520986e-07,2.21281479e-06,4.77119351e-14,6.67967092e-13,2.15356901e-09,3.23035352e-08,3.62073864e-04,5.79318183e-03,1.37865845e-07,2.34371937e-06,7.16642030e-07,1.28995565e-05,7.82577906e-11,1.33038244e-09,1.56572508e-13,2.81830515e-12,7.17611355e-05,1.43522271e-03
1.56851516e-09,4.48100000e-01,4.06599999e+03,2.55618211e-03,7.12941028e-01,7.12941028e-01,6.91378145e-02,2.76551258e-01,1.90040088e-04,2.28048106e-03,2.13220341e-06,2.77186444e-05,8.21132630e-09,1.06747242e-07,5.70993210e-05,7.99390494e-04,1.43634918e-07,2.15452377e-06,5.54362127e-14,7.76106978e-13,2.32134487e-09,3.48201731e-08,3.62073859e-04,5.79318174e-03,1.37861912e-07,2.34365251e-06,7.15927629e-07,1.28866973e-05,8.43546504e-11,1.43402906e-09,1.68758799e-13,3.03765839e-12,7.17611355e-05,1.43522271e-03
1.69071410e-09,4.48100000e-01,4.06599999e+03,2.48835012e-03,7.12941021e-01,7.12941021e-01,6.91378201e-02,2.76551280e-01,1.90044268e-04,2.28053122e-03,2.13219125e-06,2.77184862e-05,8.85115810e-09,1.15065055e-07,5.70991565e-05,7.99388192e-04,1.39580502e-07,2.09370753e-06,6.44110374e-14,9.01754524e-13,2.50219121e-09,3.75328682e-08,3.62073853e-04,5.79318164e-03,1.37857673e-07,2.34358044e-06,7.15158368e-07,1.28728506e-05,9.09265005e-11,1.54575051e-09,1.81892573e-13,3.27406631e-12,7.17611355e-05,1.43522271e-03
1.82243324e-09,4.48100000e-01,4.06599999e+03,2.41787639e-03,7.12941014e-01,7.12941014e-01,6.91378260e-02,2.76551304e-01,1.90048622e-04,2.28058346e-03,2.13217814e-06,2.77183158e-05,9.54085226e-09,1.24031079e-07,5.70989793e-05,7.99385710e-04,1.35361148e-07,2.03041722e-06,7.48388774e-14,1.04774428e-12,2.69712624e-09,4.04568936e-08,3.62073846e-04,5.79318154e-03,1.37853104e-07,2.34350277e-06,7.14330102e-07,1.28579418e-05,9.80103461e-11,1.66617588e-09,1.96047334e-13,3.52885201e-12,7.17611355e-05,1.43522271e-03
1.96441428e-09,4.48100000e-01,4.06599999e+03,2.34487219e-03,7.12941007e-01,7.12941007e-01,6.91378321e-02,2.76551329e-01,1.90053145e-04,2.28063774e-03,2.13216400e-06,2.77181320e-05,1.02842952e-08,1.33695837e-07,5.70987882e-05,7.99383035e-04,1.30982113e-07,1.96473170e-06,8.69549824e-14,1.21736975e-12,2.90724746e-09,4.36087120e-08,3.62073839e-04,5.79318143e-03,1.37848179e-07,2.34341904e-06,7.13438382e-07,1.28418909e-05,1.05646075e-10,1.79598328e-09,2.11302265e-13,3.80344076e-12,7.17611355e-05,1.43522271e-03
2.11745669e-09,4.48100000e-01,4.06599999e+03,2.26948603e-03,7.12941000e-01,7.12941000e-01,6.91378386e-02,2.76551354e-01,1.90057830e-04,2.28069396e-03,2.13214877e-06,2.77179340e-05,1.10856762e-08,1.44113791e-07,5.70985822e-05,7.99380151e-04,1.26450697e-07,1.89676046e-06,1.01032692e-13,1.41445768e-12,3.13373790e-09,4.70060685e-08,3.62073832e-04,5.79318130e-03,1.37842870e-07,2.34332879e-06,7.12478437e-07,1.28246119e-05,1.13876684e-10,1.93590363e-09,2.27742657e-13,4.09936783e-12,7.17611355e-05,1.43522271e-03
2.28242224e-09,4.48100000e-01,4.06599999e+03,2.19190700e-03,7.12940992e-01,7.12940992e-01,6.91378453e-02,2.76551381e-01,1.90062668e-04,2.28075202e-03,2.13213235e-06,2.77177205e-05,1.19495112e-08,1.55343646e-07,5.70983602e-05,7.99377043e-04,1.21776423e-07,1.82664634e-06,1.17389601e-13,1.64345441e-12,3.37787271e-09,5.06680906e-08,3.62073823e-04,5.79318117e-03,1.37837148e-07,2.34323152e-06,7.11445152e-07,1.28060127e-05,1.22748518e-10,2.08672481e-09,2.45460382e-13,4.41828687e-12,7.17611355e-05,1.43522271e-03
2.46023982e-09,4.48099999e-01,4.06599999e+03,2.11236778e-03,7.12940984e-01,7.12940984e-01,6.91378523e-02,2.76551409e-01,1.90067649e-04,2.28081179e-03,2.13211464e-06,2.77174904e-05,1.28806680e-08,1.67448684e-07,5.70981209e-05,7.99373693e-04,1.16971205e-07,1.75456807e-06,1.36394729e-13,1.90952620e-12,3.64102636e-09,5.46153953e-08,3.62073814e-04,5.79318103e-03,1.37830981e-07,2.34312667e-06,7.10333044e-07,1.27859948e-05,1.32311533e-10,2.24929607e-09,2.64554386e-13,4.76197895e-12,7.17611355e-05,1.43522271e-03
2.65191071e-09,4.48099999e-01,4.06599998e+03,2.03114724e-03,7.12940975e-01,7.12940975e-01,6.91378596e-02,2.76551439e-01,1.90072758e-04,2.28087310e-03,2.13209556e-06,2.77172423e-05,1.38843939e-08,1.80497121e-07,5.70978630e-05,7.99370082e-04,1.12049487e-07,1.68074230e-06,1.58476842e-13,2.21867579e-12,3.92468039e-09,5.88702058e-08,3.62073805e-04,5.79318088e-03,1.37824333e-07,2.34301367e-06,7.09136242e-07,1.27644524e-05,1.42619577e-10,2.42453282e-09,2.85131235e-13,5.13236224e-12,7.17611355e-05,1.43522271e-03
2.85851418e-09,4.48099999e-01,4.06599998e+03,1.94857232e-03,7.12940966e-01,7.12940966e-01,6.91378672e-02,2.76551469e-01,1.90077979e-04,2.28093575e-03,2.13207500e-06,2.77169750e-05,1.49663450e-08,1.94562485e-07,5.70975849e-05,7.99366189e-04,1.07028342e-07,1.60542514e-06,1.84134132e-13,2.57787785e-12,4.23043173e-09,6.34564760e-08,3.62073794e-04,5.79318071e-03,1.37817168e-07,2.34289186e-06,7.07848458e-07,1.27412722e-05,1.53730694e-10,2.61342180e-09,3.07305692e-13,5.53150246e-12,7.17611355e-05,1.43522271e-03
3.08121359e-09,4.48099999e-01,4.06599998e+03,1.86501917e-03,7.12940957e-01,7.12940957e-01,6.91378751e-02,2.76551500e-01,1.90083292e-04,2.28099950e-03,2.13205283e-06,2.77166868e-05,1.61326182e-08,2.09724037e-07,5.70972852e-05,7.99361993e-04,1.01927530e-07,1.52891295e-06,2.13945451e-13,2.99523631e-12,4.56000170e-09,6.84000255e-08,3.62073783e-04,5.79318053e-03,1.37809445e-07,2.34276057e-06,7.06462965e-07,1.27163334e-05,1.65707448e-10,2.81702662e-09,3.31201336e-13,5.96162404e-12,7.17611355e-05,1.43522271e-03
3.32126293e-09,4.48099999e-01,4.06599998e+03,1.78091309e-03,7.12940947e-01,7.12940947e-01,6.91378832e-02,2.76551533e-01,1.90088676e-04,2.28106411e-03,2.13202894e-06,2.77163762e-05,1.73897856e-08,2.26067213e-07,5.70969622e-05,7.99357470e-04,9.67694822e-08,1.45154223e-06,2.48583377e-13,3.48016728e-12,4.91524568e-09,7.37286852e-08,3.62073771e-04,5.79318034e-03,1.37801121e-07,2.34261906e-06,7.04972569e-07,1.26895062e-05,1.78617279e-10,3.03649375e-09,3.56951230e-13,6.42512214e-12,7.17611355e-05,1.43522271e-03
3.58001389e-09,4.48099999e-01,4.06599998e+03,1.69672732e-03,7.12940937e-01,7.12940937e-01,6.91378916e-02,2.76551567e-01,1.90094106e-04,2.28112928e-03,2.13200318e-06,2.77160413e-05,1.87449313e-08,2.43684107e-07,5.70966139e-05,7.99352595e-04,9.15792218e-08,1.37368833e-06,2.88829387e-13,4.04361142e-12,5.29816354e-09,7.94724530e-08,3.62073758e-04,5.79318013e-03,1.37792149e-07,2.34246653e-06,7.03369581e-07,1.26606525e-05,1.92532881e-10,3.27305898e-09,3.84698640e-13,6.92457552e-12,7.17611355e-05,1.43522271e-03
3.85892347e-09,4.48099999e-01,4.06599998e+03,1.61298017e-03,7.12940926e-01,7.12940926e-01,6.91379003e-02,2.76551601e-01,1.90099556e-04,2.28119467e-03,2.13197542e-06,2.77156804e-05,2.02056913e-08,2.62673987e-07,5.70962386e-05,7.99347340e-04,8.63841901e-08,1.29576285e-06,3.35591489e-13,4.69828085e-12,5.71091091e-09,8.56636637e-08,3.62073744e-04,5.79317990e-03,1.37782479e-07,2.34230213e-06,7.01645790e-07,1.26296242e-05,2.07532611e-10,3.52805438e-09,4.14597798e-13,7.46276037e-12,7.17611355e-05,1.43522271e-03
4.15956216e-09,4.48099999e-01,4.06599998e+03,1.53023050e-03,7.12940915e-01,7.12940915e-01,6.91379091e-02,2.76551637e-01,1.90104996e-04,2.28125996e-03,2.13194549e-06,2.77152914e-05,2.17802965e-08,2.83143854e-07,5.70958340e-05,7.99341676e-04,8.12139757e-08,1.21820964e-06,3.89924709e-13,5.45894593e-12,6.15581133e-09,9.23371700e-08,3.62073729e-04,5.79317966e-03,1.37772055e-07,2.34212494e-06,6.99792434e-07,1.25962638e-05,2.23700929e-10,3.80291579e-09,4.46814730e-13,8.04266514e-12,7.17611355e-05,1.43522271e-03
4.48362284e-09,4.48099999e-01,4.06599997e+03,1.44907130e-03,7.12940904e-01,7.12940904e-01,6.91379182e-02,2.76551673e-01,1.90110396e-04,2.28132475e-03,2.13191324e-06,2.77148721e-05,2.34776189e-08,3.05209046e-07,5.70953979e-05,7.99335571e-04,7.60999338e-08,1.14149901e-06,4.53054894e-13,6.34276851e-12,6.63536926e-09,9.95305389e-08,3.62073712e-04,5.79317940e-03,1.37760821e-07,2.34193396e-06,6.97800170e-07,1.25604031e-05,2.41128877e-10,4.09919091e-09,4.81528134e-13,8.66750642e-12,7.17611355e-05,1.43522271e-03
4.83293024e-09,4.48099999e-01,4.06599997e+03,1.37012128e-03,7.12940892e-01,7.12940892e-01,6.91379275e-02,2.76551710e-01,1.90115722e-04,2.28138867e-03,2.13187847e-06,2.77144201e-05,2.53072216e-08,3.28993880e-07,5.70949278e-05,7.99328990e-04,7.10746919e-08,1.06612038e-06,5.26406369e-13,7.36968917e-12,7.15228420e-09,1.07284263e-07,3.62073695e-04,5.79317911e-03,1.37748713e-07,2.34172812e-06,6.95659045e-07,1.25218628e-05,2.59914590e-10,4.41854803e-09,5.18930331e-13,9.34074595e-12,7.17611355e-05,1.43522271e-03
5.20945127e-09,4.48099999e-01,4.06599997e+03,1.29401441e-03,7.12940880e-01,7.12940880e-01,6.91379370e-02,2.76551748e-01,1.90120943e-04,2.28145132e-03,2.13184099e-06,2.77139329e-05,2.72794124e-08,3.54632361e-07,5.70944211e-05,7.99321896e-04,6.61715387e-08,9.92573080e-07,6.11634072e-13,8.56287700e-12,7.70946587e-09,1.15641988e-07,3.62073676e-04,5.79317881e-03,1.37735662e-07,2.34150626e-06,6.93358467e-07,1.24804524e-05,2.80163848e-10,4.76278541e-09,5.59228271e-13,1.00661089e-11,7.17611355e-05,1.43522271e-03
5.61530608e-09,4.48099999e-01,4.06599997e+03,1.22138761e-03,7.12940867e-01,7.12940867e-01,6.91379467e-02,2.76551787e-01,1.90126025e-04,2.28151229e-03,2.13180060e-06,2.77134077e-05,2.94053018e-08,3.82268924e-07,5.70938750e-05,7.99314249e-04,6.14237019e-08,9.21355528e-07,7.10660889e-13,9.94925244e-12,8.31005059e-09,1.24650759e-07,3.62073655e-04,5.79317848e-03,1.37721596e-07,2.34126714e-06,6.90887177e-07,1.24359692e-05,3.01990671e-10,5.13384140e-09,6.02644622e-13,1.08476032e-11,7.17611355e-05,1.43522271e-03
6.05277998e-09,4.48099999e-01,4.06599996e+03,1.15286663e-03,7.12940855e-01,7.12940855e-01,6.91379566e-02,2.76551826e-01,1.90130935e-04,2.28157122e-03,2.13175705e-06,2.77128417e-05,3.16968657e-08,4.12059254e-07,5.70932862e-05,7.99306007e-04,5.68635266e-08,8.52952900e-07,8.25721035e-13,1.15600945e-11,8.95741888e-09,1.34361283e-07,3.62073633e-04,5.79317812e-03,1.37706436e-07,2.34100942e-06,6.88233219e-07,1.23881979e-05,3.25517962e-10,5.53380535e-09,6.49418928e-13,1.16895407e-11,7.17611355e-05,1.43522271e-03
6.52433633e-09,4.48099999e-01,4.06599996e+03,1.08905072e-03,7.12940841e-01,7.12940841e-01,6.91379666e-02,2.76551866e-01,1.90135642e-04,2.28162771e-03,2.13171012e-06,2.77122316e-05,3.41670121e-08,4.44171157e-07,5.70926517e-05,7.99297123e-04,5.25215801e-08,7.87823702e-07,9.59410459e-13,1.34317464e-11,9.65521448e-09,1.44828217e-07,3.62073609e-04,5.79317774e-03,1.37690097e-07,2.34073165e-06,6.85383914e-07,1.23369105e-05,3.50878201e-10,5.96492942e-09,6.99808844e-13,1.25965592e-11,7.17611355e-05,1.43522271e-03
7.03263041e-09,4.48099998e-01,4.06599996e+03,1.03049649e-03,7.12940828e-01,7.12940828e-01,6.91379768e-02,2.76551907e-01,1.90140119e-04,2.28168143e-03,2.13165953e-06,2.77115739e-05,3.68296543e-08,4.78785505e-07,5.70919677e-05,7.99287547e-04,4.84257087e-08,7.26385630e-07,1.11474540e-12,1.56064356e-11,1.04073648e-08,1.56110473e-07,3.62073583e-04,5.79317733e-03,1.37672487e-07,2.34043227e-06,6.82325836e-07,1.22818651e-05,3.78214188e-10,6.42964119e-09,7.54091462e-13,1.35736463e-11,7.17611355e-05,1.43522271e-03
7.58052437e-09,4.48099998e-01,4.06599996e+03,9.77701718e-04,7.12940813e-01,7.12940813e-01,6.91379872e-02,2.76551949e-01,1.90144341e-04,2.28173209e-03,2.13160500e-06,2.77108651e-05,3.96997885e-08,5.16097250e-07,5.70912304e-05,7.99277225e-04,4.46000921e-08,6.69001381e-07,1.29523044e-12,1.81332261e-11,1.12181032e-08,1.68271548e-07,3.62073555e-04,5.79317688e-03,1.37653507e-07,2.34010962e-06,6.79044791e-07,1.22228062e-05,4.07679846e-10,6.93055739e-09,8.12564725e-13,1.46261651e-11,7.17611355e-05,1.43522271e-03
8.17110332e-09,4.48099998e-01,4.06599995e+03,9.31089988e-04,7.12940799e-01,7.12940799e-01,6.91379978e-02,2.76551991e-01,1.90148285e-04,2.28177942e-03,2.13154623e-06,2.77101010e-05,4.27935786e-08,5.56316522e-07,5.70904356e-05,7.99266099e-04,4.10643420e-08,6.15965130e-07,1.50493753e-12,2.10691255e-11,1.20919924e-08,1.81379886e-07,3.62073525e-04,5.79317640e-03,1.37633052e-07,2.33976188e-06,6.75525794e-07,1.21594643e-05,4.39441094e-10,7.47049860e-09,8.75548928e-13,1.57598807e-11,7.17611355e-05,1.43522271e-03
8.80769273e-09,4.48099998e-01,4.06599995e+03,8.90997158e-04,7.12940784e-01,7.12940784e-01,6.91380085e-02,2.76552034e-01,1.90151937e-04,2.28182325e-03,2.13148288e-06,2.77092774e-05,4.61284468e-08,5.99669808e-07,5.70895790e-05,7.99254106e-04,3.78327038e-08,5.67490557e-07,1.74859790e-12,2.44803706e-11,1.30339504e-08,1.95509256e-07,3.62073493e-04,5.79317589e-03,1.37611006e-07,2.33938711e-06,6.71753062e-07,1.20915551e-05,4.73676773e-10,8.05250515e-09,9.43388325e-13,1.69809899e-11,7.17611355e-05,1.43522271e-03
9.49387718e-09,4.48099998e-01,4.06599994e+03,8.57660652e-04,7.12940768e-01,7.12940768e-01,6.91380195e-02,2.76552078e-01,1.90155286e-04,2.28186343e-03,2.13141459e-06,2.77083897e-05,4.97231714e-08,6.46401229e-07,5.70886556e-05,7.99241179e-04,3.49134172e-08,5.23701259e-07,2.03170871e-12,2.84439219e-11,1.40492781e-08,2.10739171e-07,3.62073458e-04,5.79317533e-03,1.37587247e-07,2.33898320e-06,6.67709999e-07,1.20187800e-05,5.10579660e-10,8.67985423e-09,1.01645284e-12,1.82961510e-11,7.17611355e-05,1.43522271e-03
1.02335205e-08,4.48099998e-01,4.06599994e+03,8.31212597e-04,7.12940752e-01,7.12940752e-01,6.91380308e-02,2.76552123e-01,1.90158327e-04,2.28189993e-03,2.13134099e-06,2.77074329e-05,5.35979930e-08,6.96773908e-07,5.70876603e-05,7.99227245e-04,3.23082954e-08,4.84624431e-07,2.36065707e-12,3.30491990e-11,1.51436890e-08,2.27155335e-07,3.62073421e-04,5.79317473e-03,1.37561642e-07,2.33854791e-06,6.63379198e-07,1.19408256e-05,5.50357549e-10,9.35607834e-09,1.09513986e-12,1.97125175e-11,7.17611355e-05,1.43522271e-03
1.10307874e-08,4.48099998e-01,4.06599994e+03,8.11677729e-04,7.12940735e-01,7.12940735e-01,6.91380423e-02,2.76552169e-01,1.90161061e-04,2.28193274e-03,2.13126166e-06,2.77064015e-05,5.77747274e-08,7.51071456e-07,5.70865875e-05,7.99212225e-04,3.00125727e-08,4.50188591e-07,2.74286414e-12,3.84000980e-11,1.63233412e-08,2.44850118e-07,3.62073381e-04,5.79317409e-03,1.37534047e-07,2.33807879e-06,6.58742449e-07,1.18573641e-05,5.93234423e-10,1.00849852e-08,1.17987620e-12,2.12377716e-11,7.17611355e-05,1.43522271e-03
1.18901674e-08,4.48099997e-01,4.06599993e+03,7.98976612e-04,7.12940717e-01,7.12940717e-01,6.91380542e-02,2.76552217e-01,1.90163495e-04,2.28196195e-03,2.13117614e-06,2.77052899e-05,6.22768892e-08,8.09599560e-07,5.70854311e-05,7.99196036e-04,2.80150546e-08,4.20225819e-07,3.18695246e-12,4.46173345e-11,1.75948723e-08,2.63923085e-07,3.62073337e-04,5.79317340e-03,1.37504308e-07,2.33757324e-06,6.53780751e-07,1.17680535e-05,6.39451715e-10,1.08706792e-08,1.27112012e-12,2.28801621e-11,7.17611355e-05,1.43522271e-03
1.28164995e-08,4.48099997e-01,4.06599993e+03,7.92934534e-04,7.12940698e-01,7.12940698e-01,6.91380666e-02,2.76552266e-01,1.90165641e-04,2.28198769e-03,2.13108398e-06,2.77040917e-05,6.71298237e-08,8.72687708e-07,5.70841847e-05,7.99178586e-04,2.62985880e-08,3.94478820e-07,3.70294045e-12,5.18411662e-11,1.89654363e-08,2.84481545e-07,3.62073291e-04,5.79317266e-03,1.37472260e-07,2.33702842e-06,6.48474344e-07,1.16725382e-05,6.89269667e-10,1.17175843e-08,1.36936347e-12,2.46485425e-11,7.17611355e-05,1.43522271e-03
1.38149996e-08,4.48099997e-01,4.06599992e+03,7.93295864e-04,7.12940678e-01,7.12940678e-01,6.91380793e-02,2.76552317e-01,1.90167513e-04,2.28201015e-03,2.13098463e-06,2.77028002e-05,7.23608494e-08,9.40691042e-07,5.70828412e-05,7.99159776e-04,2.48408413e-08,3.72612620e-07,4.30246834e-12,6.02345568e-11,2.04427439e-08,3.06641159e-07,3.62073241e-04,5.79317186e-03,1.37437723e-07,2.33644129e-06,6.42802753e-07,1.15704496e-05,7.42968795e-10,1.26304695e-08,1.47513403e-12,2.65524126e-11,7.17611355e-05,1.43522271e-03
1.48912903e-08,4.48099997e-01,4.06599991e+03,7.99743251e-04,7.12940658e-01,7.12940658e-01,6.91380927e-02,2.76552371e-01,1.90169130e-04,2.28202956e-03,2.13087755e-06,2.77014081e-05,7.79994117e-08,1.01399235e-06,5.70813930e-05,7.99139502e-04,2.36153569e-08,3.54230354e-07,4.99906076e-12,6.99868507e-11,2.20351059e-08,3.30526588e-07,3.62073187e-04,5.79317100e-03,1.37400505e-07,2.33580859e-06,6.36744841e-07,1.14614071e-05,8.00851470e-10,1.36144750e-08,1.58899787e-12,2.86019616e-11,7.17611355e-05,1.43522271e-03
1.60514320e-08,4.48099997e-01,4.06599991e+03,8.11920460e-04,7.12940636e-01,7.12940636e-01,6.91381066e-02,2.76552426e-01,1.90170510e-04,2.28204612e-03,2.13076213e-06,2.76999077e-05,8.40772489e-08,1.09300424e-06,5.70798320e-05,7.99117648e-04,2.25928088e-08,3.38892131e-07,5.80843168e-12,8.13180435e-11,2.37514794e-08,3.56272191e-07,3.62073130e-04,5.79317008e-03,1.37360399e-07,2.33512679e-06,6.30278894e-07,1.13450201e-05,8.63243620e-10,1.46751415e-08,1.71156189e-12,3.08081141e-11,7.17611355e-05,1.43522271e-03
1.73019574e-08,4.48099996e-01,4.06599990e+03,8.29457365e-04,7.12940612e-01,7.12940612e-01,6.91381212e-02,2.76552485e-01,1.90171674e-04,2.28206008e-03,2.13063773e-06,2.76982905e-05,9.06285700e-08,1.17817141e-06,5.70781494e-05,7.99094092e-04,2.17423783e-08,3.26135675e-07,6.74883884e-12,9.44837437e-11,2.56015187e-08,3.84022780e-07,3.62073068e-04,5.79316909e-03,1.37317182e-07,2.33439209e-06,6.23382714e-07,1.12208889e-05,9.30496563e-10,1.58184416e-08,1.84347653e-12,3.31825776e-11,7.17611355e-05,1.43522271e-03
1.86499079e-08,4.48099996e-01,4.06599989e+03,8.51995166e-04,7.12940588e-01,7.12940588e-01,6.91381366e-02,2.76552547e-01,1.90172636e-04,2.28207163e-03,2.13050365e-06,2.76965474e-05,9.76902477e-08,1.26997322e-06,5.70763358e-05,7.99068701e-04,2.10331401e-08,3.15497102e-07,7.84149549e-12,1.09780937e-10,2.75956287e-08,4.13934431e-07,3.62073002e-04,5.79316803e-03,1.37270613e-07,2.33360042e-06,6.16033749e-07,1.10886075e-05,1.00298899e-09,1.70508128e-08,1.98543851e-12,3.57378932e-11,7.17611355e-05,1.43522271e-03
2.01028738e-08,4.48099996e-01,4.06599988e+03,8.79210013e-04,7.12940561e-01,7.12940561e-01,6.91381529e-02,2.76552612e-01,1.90173410e-04,2.28208092e-03,2.13035912e-06,2.76946686e-05,1.05302025e-07,1.36892632e-06,5.70743809e-05,7.99041333e-04,2.04353513e-08,3.06530270e-07,9.11104880e-12,1.27554683e-10,2.97450239e-08,4.46175358e-07,3.62072931e-04,5.79316689e-03,1.37220433e-07,2.33274737e-06,6.08209238e-07,1.09477663e-05,1.08112909e-09,1.83791945e-08,2.13819377e-12,3.84874878e-11,7.17611355e-05,1.43522271e-03
2.16690364e-08,4.48099995e-01,4.06599987e+03,9.10833210e-04,7.12940534e-01,7.12940534e-01,6.91381700e-02,2.76552680e-01,1.90174003e-04,2.28208803e-03,2.13020335e-06,2.76926436e-05,1.13506738e-07,1.47558760e-06,5.70722738e-05,7.99011834e-04,1.99215415e-08,2.98823123e-07,1.05861356e-11,1.48205899e-10,3.20617905e-08,4.80926858e-07,3.62072854e-04,5.79316567e-03,1.37166365e-07,2.33182820e-06,5.99886401e-07,1.07979552e-05,1.16535686e-09,1.98110666e-08,2.30254048e-12,4.14457287e-11,7.17611355e-05,1.43522271e-03
2.33572147e-08,4.48099995e-01,4.06599986e+03,9.46666721e-04,7.12940504e-01,7.12940504e-01,6.91381882e-02,2.76552753e-01,1.90174415e-04,2.28209298e-03,2.13003546e-06,2.76904610e-05,1.22350558e-07,1.59055726e-06,5.70700026e-05,7.98980037e-04,1.94673291e-08,2.92009937e-07,1.23000283e-11,1.72200397e-10,3.45589548e-08,5.18384322e-07,3.62072773e-04,5.79316436e-03,1.37108108e-07,2.33083784e-06,5.91042655e-07,1.06387678e-05,1.25614656e-09,2.13544916e-08,2.47933224e-12,4.46279803e-11,7.17611355e-05,1.43522271e-03
2.51769146e-08,4.48099995e-01,4.06599985e+03,9.86593196e-04,7.12940472e-01,7.12940472e-01,6.91382073e-02,2.76552829e-01,1.90174641e-04,2.28209569e-03,2.12985450e-06,2.76881085e-05,1.31883249e-07,1.71448224e-06,5.70675545e-05,7.98945764e-04,1.90519196e-08,2.85778794e-07,1.42913850e-11,2.00079390e-10,3.72505556e-08,5.58758333e-07,3.62072685e-04,5.79316296e-03,1.37045341e-07,2.32977079e-06,5.81655870e-07,1.04698057e-05,1.35400942e-09,2.30181602e-08,2.66948124e-12,4.80506624e-11,7.17611355e-05,1.43522271e-03
2.71383825e-08,4.48099994e-01,4.06599984e+03,1.03058041e-03,7.12940438e-01,7.12940438e-01,6.91382276e-02,2.76552910e-01,1.90174663e-04,2.28209596e-03,2.12965946e-06,2.76855730e-05,1.42158446e-07,1.84805980e-06,5.70649158e-05,7.98908822e-04,1.86582785e-08,2.79874177e-07,1.66051211e-11,2.32471696e-10,4.01517229e-08,6.02275843e-07,3.62072591e-04,5.79316146e-03,1.36977715e-07,2.32862115e-06,5.71704668e-07,1.02906840e-05,1.45949648e-09,2.48114402e-08,2.87396168e-12,5.17313103e-11,7.17611355e-05,1.43522271e-03
2.92526634e-08,4.48099994e-01,4.06599983e+03,1.07868077e-03,7.12940402e-01,7.12940402e-01,6.91382491e-02,2.76552996e-01,1.90174459e-04,2.28209350e-03,2.12944925e-06,2.76828402e-05,1.53233957e-07,1.99204144e-06,5.70620716e-05,7.98869003e-04,1.82730175e-08,2.74095263e-07,1.92934224e-11,2.70107914e-10,4.32787626e-08,6.49181439e-07,3.62072491e-04,5.79315985e-03,1.36904858e-07,2.32738259e-06,5.61168771e-07,1.01010379e-05,1.57320172e-09,2.67444293e-08,3.09381310e-12,5.56886359e-11,7.17611355e-05,1.43522271e-03
3.15316623e-08,4.48099993e-01,4.06599982e+03,1.13102696e-03,7.12940364e-01,7.12940364e-01,6.91382717e-02,2.76553087e-01,1.90173994e-04,2.28208792e-03,2.12922268e-06,2.76798949e-05,1.65172084e-07,2.14723709e-06,5.70590059e-05,7.98826083e-04,1.78860516e-08,2.68290774e-07,2.24169212e-11,3.13836897e-10,4.66492477e-08,6.99738715e-07,3.62072383e-04,5.79315813e-03,1.36826369e-07,2.32604827e-06,5.50029391e-07,9.90052903e-06,1.69576539e-09,2.88280116e-08,3.33014387e-12,5.99425897e-11,7.17611355e-05,1.43522271e-03
3.39882122e-08,4.48099993e-01,4.06599980e+03,1.18782513e-03,7.12940323e-01,7.12940323e-01,6.91382956e-02,2.76553183e-01,1.90173225e-04,2.28207870e-03,2.12897849e-06,2.76767204e-05,1.78039975e-07,2.31451968e-06,5.70557015e-05,7.98779821e-04,1.74901109e-08,2.62351663e-07,2.60460637e-11,3.64644892e-10,5.02821160e-08,7.54231740e-07,3.62072268e-04,5.79315628e-03,1.36741815e-07,2.32461085e-06,5.38269674e-07,9.68885413e-06,1.82787761e-09,3.10739194e-08,3.58413462e-12,6.45144231e-11,7.17611355e-05,1.43522271e-03
3.66361454e-08,4.48099992e-01,4.06599979e+03,1.24934724e-03,7.12940280e-01,7.12940280e-01,6.91383208e-02,2.76553283e-01,1.90172099e-04,2.28206519e-03,2.12871530e-06,2.76732989e-05,1.91909995e-07,2.49482994e-06,5.70521398e-05,7.98729958e-04,1.70801947e-08,2.56202920e-07,3.02626978e-11,4.23677769e-10,5.41977765e-08,8.12966648e-07,3.62072144e-04,5.79315431e-03,1.36650732e-07,2.32306245e-06,5.25875202e-07,9.46575363e-06,1.97028228e-09,3.34947988e-08,3.85704171e-12,6.94267507e-11,7.17611355e-05,1.43522271e-03
3.94903723e-08,4.48099992e-01,4.06599977e+03,1.31592369e-03,7.12940233e-01,7.12940233e-01,6.91383474e-02,2.76553389e-01,1.90170553e-04,2.28204664e-03,2.12843165e-06,2.76696115e-05,2.06860133e-07,2.68918173e-06,5.70483008e-05,7.98676212e-04,1.66530341e-08,2.49795511e-07,3.51619180e-11,4.92266851e-10,5.84182227e-08,8.76273340e-07,3.62072012e-04,5.79315220e-03,1.36552621e-07,2.32139456e-06,5.12834537e-07,9.23102167e-06,2.12378125e-09,3.61042813e-08,4.15020058e-12,7.47036105e-11,7.17611355e-05,1.43522271e-03
4.25669645e-08,4.48099991e-01,4.06599975e+03,1.38793735e-03,7.12940184e-01,7.12940184e-01,6.91383752e-02,2.76553501e-01,1.90168513e-04,2.28202215e-03,2.12812594e-06,2.76656372e-05,2.22974432e-07,2.89866762e-06,5.70441629e-05,7.98618281e-04,1.62066260e-08,2.43099389e-07,4.08542091e-11,5.71958928e-10,6.29671554e-08,9.44507330e-07,3.62071871e-04,5.79314994e-03,1.36446946e-07,2.31959808e-06,4.99139829e-07,8.98451693e-06,2.28923884e-09,3.89170602e-08,4.46502905e-12,8.03705230e-11,7.17611355e-05,1.43522271e-03
4.58832461e-08,4.48099990e-01,4.06599973e+03,1.46581943e-03,7.12940132e-01,7.12940132e-01,6.91384044e-02,2.76553618e-01,1.90165891e-04,2.28199070e-03,2.12779646e-06,2.76613540e-05,2.40343463e-07,3.12446501e-06,5.70397029e-05,7.98555841e-04,1.57398599e-08,2.36097898e-07,4.74679363e-11,6.64551108e-10,6.78701147e-08,1.01805172e-06,3.62071720e-04,5.79314752e-03,1.36333129e-07,2.31766319e-06,4.84787467e-07,8.72617441e-06,2.46758668e-09,4.19489736e-08,4.80303035e-12,8.64545463e-11,7.17611355e-05,1.43522271e-03
4.94578905e-08,4.48099989e-01,4.06599971e+03,1.55004732e-03,7.12940077e-01,7.12940077e-01,6.91384349e-02,2.76553740e-01,1.90162591e-04,2.28195109e-03,2.12744138e-06,2.76567379e-05,2.59064821e-07,3.36784267e-06,5.70348957e-05,7.98488539e-04,1.52522503e-08,2.28783754e-07,5.51522373e-11,7.72131322e-10,7.31546223e-08,1.09731933e-06,3.62071558e-04,5.79314493e-03,1.36210551e-07,2.31557937e-06,4.69778774e-07,8.45601793e-06,2.65982902e-09,4.52170933e-08,5.16579596e-12,9.29843273e-11,7.17611356e-05,1.43522271e-03
5.33110262e-08,4.48099989e-01,4.06599969e+03,1.64114431e-03,7.12940019e-01,7.12940019e-01,6.91384668e-02,2.76553867e-01,1.90158499e-04,2.28190199e-03,2.12705869e-06,2.76517630e-05,2.79243672e-07,3.63016774e-06,5.70297142e-05,7.98415999e-04,1.47437619e-08,2.21156429e-07,6.40803833e-11,8.97125366e-10,7.88503343e-08,1.18275501e-06,3.62071385e-04,5.79314216e-03,1.36078547e-07,2.31333530e-06,4.54120742e-07,8.17417336e-06,2.86704831e-09,4.87398213e-08,5.55500808e-12,9.99901455e-11,7.17611356e-05,1.43522271e-03
5.74643497e-08,4.48099988e-01,4.06599967e+03,1.73968085e-03,7.12939957e-01,7.12939957e-01,6.91384999e-02,2.76554000e-01,1.90153489e-04,2.28184187e-03,2.12664627e-06,2.76464015e-05,3.00993334e-07,3.91291334e-06,5.70241295e-05,7.98337812e-04,1.42147095e-08,2.13220642e-07,7.44536825e-11,1.04235155e-09,8.49892060e-08,1.27483809e-06,3.62071200e-04,5.79313920e-03,1.35936402e-07,2.31091884e-06,4.37826791e-07,7.88088223e-06,3.09041136e-09,5.25369931e-08,5.97244166e-12,1.07503950e-10,7.17611356e-05,1.43522271e-03
6.19412478e-08,4.48099987e-01,4.06599964e+03,1.84627691e-03,7.12939892e-01,7.12939892e-01,6.91385343e-02,2.76554137e-01,1.90147416e-04,2.28176900e-03,2.12620180e-06,2.76406234e-05,3.24435898e-07,4.21766667e-06,5.70181100e-05,7.98253540e-04,1.36657108e-08,2.04985662e-07,8.65060144e-11,1.21108420e-09,9.16056692e-08,1.37408504e-06,3.62071002e-04,5.79313603e-03,1.35783350e-07,2.30831695e-06,4.20917532e-07,7.57651557e-06,3.33117585e-09,5.66299894e-08,6.41996579e-12,1.15559384e-10,7.17611356e-05,1.43522271e-03
6.67669294e-08,4.48099986e-01,4.06599961e+03,1.96160528e-03,7.12939823e-01,7.12939823e-01,6.91385700e-02,2.76554280e-01,1.90140121e-04,2.28168145e-03,2.12572281e-06,2.76343966e-05,3.49702909e-07,4.54613782e-06,5.70116221e-05,7.98162710e-04,1.30976729e-08,1.96465094e-07,1.00509097e-10,1.40712736e-09,9.87368231e-08,1.48105235e-06,3.62070790e-04,5.79313263e-03,1.35618566e-07,2.30551563e-06,4.03421527e-07,7.26158748e-06,3.59069745e-09,6.10418567e-08,6.89954447e-12,1.24191800e-10,7.17611356e-05,1.43522271e-03
7.19685673e-08,4.48099985e-01,4.06599958e+03,2.08639535e-03,7.12939750e-01,7.12939750e-01,6.91386067e-02,2.76554427e-01,1.90131421e-04,2.28157706e-03,2.12520663e-06,2.76276862e-05,3.76936083e-07,4.90016908e-06,5.70046293e-05,7.98064810e-04,1.25117975e-08,1.87676962e-07,1.16778607e-10,1.63490049e-09,1.06422639e-07,1.59633959e-06,3.62070562e-04,5.79312900e-03,1.35441169e-07,2.30249987e-06,3.85376007e-07,6.93676812e-06,3.87043745e-09,6.57974367e-08,7.41323638e-12,1.33438255e-10,7.17611356e-05,1.43522271e-03
7.75754513e-08,4.48099983e-01,4.06599955e+03,2.22143746e-03,7.12939674e-01,7.12939674e-01,6.91386445e-02,2.76554578e-01,1.90121118e-04,2.28145341e-03,2.12465037e-06,2.76204549e-05,4.06288087e-07,5.28174513e-06,5.69970924e-05,7.97959293e-04,1.19095936e-08,1.78643904e-07,1.35681282e-10,1.89953794e-09,1.14706184e-07,1.72059276e-06,3.62070318e-04,5.79312510e-03,1.35250211e-07,2.29925359e-06,3.66827525e-07,6.60289545e-06,4.17197098e-09,7.09235067e-08,7.96319364e-12,1.43337486e-10,7.17611356e-05,1.43522271e-03
8.36191530e-08,4.48099982e-01,4.06599951e+03,2.36758754e-03,7.12939594e-01,7.12939594e-01,6.91386832e-02,2.76554733e-01,1.90108986e-04,2.28130784e-03,2.12405094e-06,2.76126623e-05,4.37923371e-07,5.69300383e-06,5.69889690e-05,7.97845566e-04,1.12928926e-08,1.69393389e-07,1.57643179e-10,2.20700450e-09,1.23633854e-07,1.85450781e-06,3.62070057e-04,5.79312091e-03,1.35044677e-07,2.29575951e-06,3.47832510e-07,6.26098518e-06,4.49699586e-09,7.64489297e-08,8.55165921e-12,1.53929866e-10,7.17611356e-05,1.43522271e-03
9.01337039e-08,4.48099981e-01,4.06599948e+03,2.52577203e-03,7.12939509e-01,7.12939509e-01,6.91387227e-02,2.76554891e-01,1.90094782e-04,2.28113738e-03,2.12340500e-06,2.76042650e-05,4.72019068e-07,6.13624789e-06,5.69802137e-05,7.97722992e-04,1.06638602e-08,1.59957902e-07,1.83159259e-10,2.56422963e-09,1.33255633e-07,1.99883449e-06,3.62069776e-04,5.79311642e-03,1.34823481e-07,2.29199918e-06,3.28457673e-07,5.91223811e-06,4.84734220e-09,8.24048173e-08,9.18096279e-12,1.65257330e-10,7.17611356e-05,1.43522271e-03
9.71557865e-08,4.48099979e-01,4.06599944e+03,2.69699314e-03,7.12939421e-01,7.12939421e-01,6.91387628e-02,2.76555051e-01,1.90078233e-04,2.28093880e-03,2.12270896e-06,2.75952164e-05,5.08765952e-07,6.61395737e-06,5.69707773e-05,7.97590882e-04,1.00250031e-08,1.50375046e-07,2.12804521e-10,2.97926330e-09,1.43625367e-07,2.15438050e-06,3.62069474e-04,5.79311159e-03,1.34585458e-07,2.28795278e-06,3.08780227e-07,5.55804409e-06,5.22498265e-09,8.88247050e-08,9.85351480e-12,1.77363266e-10,7.17611356e-05,1.43522271e-03
1.04724941e-07,4.48099978e-01,4.06599939e+03,2.88233439e-03,7.12939328e-01,7.12939328e-01,6.91388034e-02,2.76555214e-01,1.90059044e-04,2.28070852e-03,2.12195894e-06,2.75854662e-05,5.48369471e-07,7.12880312e-06,5.69606069e-05,7.97448497e-04,9.37916862e-09,1.40687529e-07,2.47246930e-10,3.46145703e-09,1.54801060e-07,2.32201590e-06,3.62069150e-04,5.79310640e-03,1.34329361e-07,2.28359914e-06,2.88887870e-07,5.19998166e-06,5.63204356e-09,9.57447406e-08,1.05717983e-11,1.90292369e-10,7.17611357e-05,1.43522271e-03
1.12883789e-07,4.48099976e-01,4.06599934e+03,3.08296635e-03,7.12939231e-01,7.12939231e-01,6.91388443e-02,2.76555377e-01,1.90036891e-04,2.28044269e-03,2.12115079e-06,2.75749603e-05,5.91050855e-07,7.68366112e-06,5.69496456e-05,7.97295038e-04,8.72953443e-09,1.30943016e-07,2.87262434e-10,4.02167408e-09,1.66845192e-07,2.50267788e-06,3.62068800e-04,5.79310080e-03,1.34053858e-07,2.27891559e-06,2.68878478e-07,4.83981260e-06,6.07081693e-09,1.03203888e-07,1.13383581e-11,2.04090446e-10,7.17611357e-05,1.43522271e-03
1.21678272e-07,4.48099974e-01,4.06599929e+03,3.30015282e-03,7.12939130e-01,7.12939130e-01,6.91388852e-02,2.76555541e-01,1.90011426e-04,2.28013711e-03,2.12028002e-06,2.75636403e-05,6.37048303e-07,8.28162794e-06,5.69378319e-05,7.97129647e-04,8.07958768e-09,1.21193815e-07,3.33752397e-10,4.67253355e-09,1.79825061e-07,2.69737591e-06,3.62068423e-04,5.79309476e-03,1.33757525e-07,2.27387792e-06,2.48859459e-07,4.47947026e-06,6.54377329e-09,1.11244146e-07,1.21557877e-11,2.18804178e-10,7.17611357e-05,1.43522271e-03
1.31157910e-07,4.48099972e-01,4.06599924e+03,3.53525717e-03,7.12939024e-01,7.12939024e-01,6.91389259e-02,2.76555704e-01,1.89982272e-04,2.27978726e-03,2.11934182e-06,2.75514436e-05,6.86618252e-07,8.92603728e-06,5.69250998e-05,7.96951397e-04,7.43309162e-09,1.11496374e-07,3.87763841e-10,5.42869378e-09,1.93813147e-07,2.90719720e-06,3.62068015e-04,5.79308824e-03,1.33438838e-07,2.26846025e-06,2.28946725e-07,4.12104105e-06,7.05357563e-09,1.19910786e-07,1.30267115e-11,2.34480807e-10,7.17611357e-05,1.43522271e-03
1.41376081e-07,4.48099970e-01,4.06599918e+03,3.78974909e-03,7.12938914e-01,7.12938914e-01,6.91389662e-02,2.76555865e-01,1.89949024e-04,2.27938829e-03,2.11833098e-06,2.75383028e-05,7.40036746e-07,9.62047769e-06,5.69113779e-05,7.96759290e-04,6.79403841e-09,1.01910576e-07,4.50512955e-10,6.30718137e-09,2.08887511e-07,3.13331267e-06,3.62067574e-04,5.79308118e-03,1.33096174e-07,2.26263496e-06,2.09263238e-07,3.76673829e-06,7.60309441e-09,1.29252605e-07,1.39537648e-11,2.51167766e-10,7.17611357e-05,1.43522271e-03
1.52390324e-07,4.48099967e-01,4.06599911e+03,4.06521164e-03,7.12938798e-01,7.12938798e-01,6.91390058e-02,2.76556023e-01,1.89911254e-04,2.27893505e-03,2.11724194e-06,2.75241452e-05,7.97600887e-07,1.03688115e-05,5.68965895e-05,7.96552253e-04,6.16658748e-09,9.24988122e-08,5.23412375e-10,7.32777325e-09,2.25132218e-07,3.37698327e-06,3.62067096e-04,5.79307353e-03,1.32727799e-07,2.25637259e-06,1.89937114e-07,3.41886806e-06,8.19542366e-09,1.39322202e-07,1.49395679e-11,2.68912223e-10,7.17611358e-05,1.43522272e-03
1.64262658e-07,4.48099965e-01,4.06599905e+03,4.36334880e-03,7.12938678e-01,7.12938678e-01,6.91390445e-02,2.76556178e-01,1.89868504e-04,2.27842205e-03,2.11606868e-06,2.75088928e-05,8.59630409e-07,1.11751953e-05,5.68806520e-05,7.96329128e-04,5.55498925e-09,8.33248387e-08,6.08102864e-10,8.51344010e-09,2.42637789e-07,3.63956683e-06,3.62066577e-04,5.79306523e-03,1.32331867e-07,2.24964174e-06,1.71099269e-07,3.07978685e-06,8.83389847e-09,1.50176274e-07,1.59866966e-11,2.87760539e-10,7.17611358e-05,1.43522272e-03
1.77059935e-07,4.48099962e-01,4.06599897e+03,4.68599341e-03,7.12938553e-01,7.12938553e-01,6.91390819e-02,2.76556328e-01,1.89820295e-04,2.27784354e-03,2.11480474e-06,2.74924616e-05,9.26469342e-07,1.20441014e-05,5.68634762e-05,7.96088667e-04,4.96349454e-09,7.44524182e-08,7.06490080e-10,9.89086113e-09,2.61501691e-07,3.92252536e-06,3.62066012e-04,5.79305620e-03,1.31906412e-07,2.24240900e-06,1.52880634e-07,2.75185141e-06,9.52211370e-09,1.61875933e-07,1.70976458e-11,3.07757625e-10,7.17611358e-05,1.43522272e-03
1.90854214e-07,4.48099959e-01,4.06599889e+03,5.03511567e-03,7.12938422e-01,7.12938422e-01,6.91391178e-02,2.76556471e-01,1.89766122e-04,2.27719347e-03,2.11344317e-06,2.74747612e-05,9.98487805e-07,1.29803415e-05,5.68449664e-05,7.95829529e-04,4.39625173e-09,6.59437760e-08,8.20787250e-10,1.14910215e-08,2.81828862e-07,4.22743293e-06,3.62065398e-04,5.79304637e-03,1.31449342e-07,2.23463881e-06,1.35408981e-07,2.43736166e-06,1.02639442e-08,1.74487052e-07,1.82747884e-11,3.28946192e-10,7.17611358e-05,1.43522272e-03
2.05723170e-07,4.48099956e-01,4.06599881e+03,5.41283240e-03,7.12938286e-01,7.12938286e-01,6.91391521e-02,2.76556608e-01,1.89705461e-04,2.27646554e-03,2.11197651e-06,2.74556947e-05,1.07608392e-06,1.39890910e-05,5.68250192e-05,7.95550268e-04,3.85719382e-09,5.78579074e-08,9.53564699e-10,1.33499058e-08,3.03732272e-07,4.55598408e-06,3.62064729e-04,5.79303566e-03,1.30958437e-07,2.22629342e-06,1.18805452e-07,2.13849814e-06,1.10635669e-08,1.88080637e-07,1.95203261e-11,3.51365869e-10,7.17611359e-05,1.43522272e-03
2.21750528e-07,4.48099953e-01,4.06599871e+03,5.82141702e-03,7.12938144e-01,7.12938144e-01,6.91391844e-02,2.76556737e-01,1.89637767e-04,2.27565320e-03,2.11039673e-06,2.74351575e-05,1.15968587e-06,1.50759163e-05,5.68035233e-05,7.95249326e-04,3.34991960e-09,5.02487940e-08,1.10780732e-09,1.55093025e-08,3.27333527e-07,4.91000290e-06,3.62063998e-04,5.79302397e-03,1.30431340e-07,2.21733277e-06,1.03180893e-07,1.85725608e-06,1.19254836e-08,2.02733222e-07,2.08362334e-11,3.75052201e-10,7.17611359e-05,1.43522272e-03
2.39026535e-07,4.48099949e-01,4.06599861e+03,6.26331059e-03,7.12937995e-01,7.12937995e-01,6.91392145e-02,2.76556858e-01,1.89562475e-04,2.27474970e-03,2.10869520e-06,2.74130376e-05,1.24975405e-06,1.62468027e-05,5.67803591e-05,7.94925027e-04,2.87757400e-09,4.31636101e-08,1.28698128e-09,1.80177379e-08,3.52763511e-07,5.29145267e-06,3.62063200e-04,5.79301120e-03,1.29865553e-07,2.20771441e-06,8.86321718e-08,1.59537909e-06,1.28545473e-08,2.18527304e-07,2.22241939e-11,4.00035491e-10,7.17611359e-05,1.43522272e-03
2.57648471e-07,4.48099945e-01,4.06599850e+03,6.74113398e-03,7.12937840e-01,7.12937840e-01,6.91392424e-02,2.76556970e-01,1.89479005e-04,2.27374806e-03,2.10686264e-06,2.73892143e-05,1.34678346e-06,1.75081850e-05,5.67553976e-05,7.94575566e-04,2.44273377e-09,3.66410066e-08,1.49511135e-09,2.09315589e-08,3.80163084e-07,5.70244626e-06,3.62062328e-04,5.79299725e-03,1.29258437e-07,2.19739342e-06,7.52386535e-08,1.35429576e-06,1.38559887e-08,2.35551807e-07,2.36855273e-11,4.26339491e-10,7.17611360e-05,1.43522272e-03
2.77721193e-07,4.48099941e-01,4.06599839e+03,7.25770147e-03,7.12937677e-01,7.12937677e-01,6.91392678e-02,2.76557071e-01,1.89386761e-04,2.27264113e-03,2.10488909e-06,2.73635582e-05,1.45130614e-06,1.88669798e-05,5.67284999e-05,7.94198998e-04,2.04730551e-09,3.07095827e-08,1.73687073e-09,2.43161902e-08,4.09683817e-07,6.14525726e-06,3.62061375e-04,5.79298200e-03,1.28607199e-07,2.18632239e-06,6.30590641e-08,1.13506315e-06,1.49354459e-08,2.53902581e-07,2.52211076e-11,4.53979937e-10,7.17611360e-05,1.43522272e-03
2.99357729e-07,4.48099936e-01,4.06599826e+03,7.81603599e-03,7.12937506e-01,7.12937506e-01,6.91392908e-02,2.76557163e-01,1.89285128e-04,2.27142154e-03,2.10276387e-06,2.73359303e-05,1.56389385e-06,2.03306200e-05,5.66995166e-05,7.93793233e-04,1.69244363e-09,2.53866544e-08,2.01768507e-09,2.82475910e-08,4.41488789e-07,6.62233184e-06,3.62060332e-04,5.79296532e-03,1.27908900e-07,2.17445130e-06,5.21289602e-08,9.38321284e-07,1.60989964e-08,2.73682939e-07,2.68312723e-11,4.82962901e-10,7.17611360e-05,1.43522272e-03
3.22679912e-07,4.48099931e-01,4.06599813e+03,8.41938620e-03,7.12937326e-01,7.12937326e-01,6.91393112e-02,2.76557245e-01,1.89173475e-04,2.27008170e-03,2.10047547e-06,2.73061812e-05,1.68516092e-06,2.19070920e-05,5.66682869e-05,7.93356017e-04,1.37849539e-09,2.06774308e-08,2.34385332e-09,3.28139464e-08,4.75753431e-07,7.13630147e-06,3.62059193e-04,5.79294709e-03,1.27160444e-07,2.16172755e-06,4.24590379e-08,7.64262683e-07,1.73531909e-08,2.95004246e-07,2.85157215e-11,5.13282986e-10,7.17611360e-05,1.43522272e-03
3.47819065e-07,4.48099926e-01,4.06599798e+03,9.07124576e-03,7.12937136e-01,7.12937136e-01,6.91393292e-02,2.76557317e-01,1.89051150e-04,2.26861380e-03,2.09801159e-06,2.72741506e-05,1.81576726e-06,2.36049744e-05,5.66346377e-05,7.92884928e-04,1.10497948e-09,1.65746922e-08,2.72268764e-09,3.81176269e-08,5.12666436e-07,7.68999654e-06,3.62057948e-04,5.79292717e-03,1.26358582e-07,2.14809590e-06,3.40344726e-08,6.12620506e-07,1.87050903e-08,3.17986535e-07,3.02734080e-11,5.44921343e-10,7.17611361e-05,1.43522272e-03
3.74916744e-07,4.48099920e-01,4.06599782e+03,9.77537489e-03,7.12936935e-01,7.12936935e-01,6.91393448e-02,2.76557379e-01,1.88917477e-04,2.26700972e-03,2.09535898e-06,2.72396668e-05,1.95642152e-06,2.54334797e-05,5.65983826e-05,7.92377356e-04,8.70602805e-10,1.30590421e-08,3.16267581e-09,4.42774614e-08,5.52430722e-07,8.28646082e-06,3.62056590e-04,5.79290543e-03,1.25499911e-07,2.13349850e-06,2.68154351e-08,4.82677831e-07,2.01623055e-08,3.42759194e-07,3.21024181e-11,5.77843526e-10,7.17611361e-05,1.43522272e-03
4.04125533e-07,4.48099914e-01,4.06599765e+03,1.05358244e-02,7.12936722e-01,7.12936722e-01,6.91393581e-02,2.76557433e-01,1.88771749e-04,2.26526099e-03,2.09250348e-06,2.72025452e-05,2.10788456e-06,2.74024992e-05,5.65593212e-05,7.91830497e-04,6.73317469e-10,1.00997620e-08,3.67366943e-09,5.14313720e-08,5.95264467e-07,8.92896700e-06,3.62055107e-04,5.79288172e-03,1.24580878e-07,2.11787492e-06,2.07388483e-08,3.73299269e-07,2.17330401e-08,3.69461682e-07,3.39998447e-11,6.11997204e-10,7.17611361e-05,1.43522272e-03
4.35609903e-07,4.48099907e-01,4.06599747e+03,1.13569628e-02,7.12936496e-01,7.12936496e-01,6.91393694e-02,2.76557478e-01,1.88613225e-04,2.26335870e-03,2.08942987e-06,2.71625883e-05,2.27097300e-06,2.95226490e-05,5.65172379e-05,7.91241331e-04,5.10417176e-10,7.65625764e-09,4.26710197e-09,5.97394275e-08,6.41402210e-07,9.62103315e-06,3.62053492e-04,5.79285588e-03,1.23597781e-07,2.10116227e-06,1.57213555e-08,2.82984400e-07,2.34261368e-08,3.98244326e-07,3.59616525e-11,6.47309746e-10,7.17611361e-05,1.43522272e-03
4.69547138e-07,4.48099900e-01,4.06599727e+03,1.22435051e-02,7.12936255e-01,7.12936255e-01,6.91393788e-02,2.76557515e-01,1.88441117e-04,2.26129341e-03,2.08612186e-06,2.71195842e-05,2.44656308e-06,3.18053201e-05,5.64719008e-05,7.90606611e-04,3.78668265e-10,5.68002398e-09,4.95624163e-09,6.93873829e-08,6.91096021e-07,1.03664403e-05,3.62051735e-04,5.79282776e-03,1.22546780e-07,2.08329526e-06,1.16633568e-08,2.09940422e-07,2.52511267e-08,4.29269154e-07,3.79825400e-11,6.83685721e-10,7.17611361e-05,1.43522272e-03
5.06128335e-07,4.48099892e-01,4.06599706e+03,1.32005464e-02,7.12935998e-01,7.12935998e-01,6.91393865e-02,2.76557546e-01,1.88254585e-04,2.25905502e-03,2.08256200e-06,2.70733060e-05,2.63559467e-06,3.42627307e-05,5.64230604e-05,7.89922845e-04,2.74467330e-10,4.11700994e-09,5.75648418e-09,8.05907785e-08,7.44616750e-07,1.11692512e-05,3.62049825e-04,5.79279720e-03,1.21423905e-07,2.06420639e-06,8.45386333e-09,1.52169540e-07,2.72182834e-08,4.62710818e-07,4.00557978e-11,7.21004360e-10,7.17611361e-05,1.43522272e-03
5.45559478e-07,4.48099884e-01,4.06599683e+03,1.42335962e-02,7.12935723e-01,7.12935723e-01,6.91393928e-02,2.76557571e-01,1.88052722e-04,2.25663266e-03,2.07873160e-06,2.70235108e-05,2.83907547e-06,3.69079811e-05,5.63704485e-05,7.89186279e-04,1.94014207e-10,2.91021310e-09,6.68569216e-09,9.35996902e-08,8.02255349e-07,1.20338302e-05,3.62047752e-04,5.79276403e-03,1.20225071e-07,2.04382620e-06,5.97582640e-09,1.07564875e-07,2.93386804e-08,4.98757567e-07,4.21731686e-11,7.59117035e-10,7.17611361e-05,1.43522272e-03
5.88062599e-07,4.48099875e-01,4.06599658e+03,1.53486170e-02,7.12935428e-01,7.12935428e-01,6.91393979e-02,2.76557592e-01,1.87834549e-04,2.25401459e-03,2.07461069e-06,2.69699389e-05,3.05808554e-06,3.97551121e-05,5.63137769e-05,7.88392877e-04,1.33487086e-10,2.00230629e-09,7.76458779e-09,1.08704229e-07,8.64324281e-07,1.29648642e-05,3.62045504e-04,5.79272807e-03,1.18946091e-07,2.02208354e-06,4.11153033e-09,7.40075459e-08,3.16242538e-08,5.37612314e-07,4.43247140e-11,7.97844852e-10,7.17611362e-05,1.43522272e-03
6.33877027e-07,4.48099865e-01,4.06599632e+03,1.65520654e-02,7.12935112e-01,7.12935112e-01,6.91394021e-02,2.76557608e-01,1.87599002e-04,2.25118803e-03,2.07017787e-06,2.69123123e-05,3.29378191e-06,4.28191649e-05,5.62527358e-05,7.87538301e-04,8.92058763e-11,1.33808814e-09,9.01720784e-09,1.26240910e-07,9.31159012e-07,1.39673852e-05,3.62043070e-04,5.79268912e-03,1.17582703e-07,1.99890595e-06,2.74762458e-09,4.94572424e-08,3.40878688e-08,5.79493770e-07,4.64986910e-11,8.36976439e-10,7.17611362e-05,1.43522272e-03
6.83260739e-07,4.48099854e-01,4.06599603e+03,1.78509365e-02,7.12934773e-01,7.12934773e-01,6.91394056e-02,2.76557622e-01,1.87344922e-04,2.24813906e-03,2.06541031e-06,2.68503341e-05,3.54740346e-06,4.61162450e-05,5.61869923e-05,7.86617892e-04,5.77710986e-11,8.66566478e-10,1.04714300e-08,1.46600020e-07,1.00311958e-06,1.50467938e-05,3.62040437e-04,5.79264700e-03,1.16130594e-07,1.97422011e-06,1.77940177e-09,3.20292318e-08,3.67433928e-08,6.24637678e-07,4.86814477e-11,8.76266058e-10,7.17611362e-05,1.43522272e-03
7.36491807e-07,4.48099843e-01,4.06599572e+03,1.92528104e-02,7.12934409e-01,7.12934409e-01,6.91394085e-02,2.76557634e-01,1.87071045e-04,2.24485254e-03,2.06028363e-06,2.67836872e-05,3.82027597e-06,4.96635877e-05,5.61161888e-05,7.85626643e-04,3.61683341e-11,5.42525011e-10,1.21595823e-08,1.70234152e-07,1.08059228e-06,1.62088842e-05,3.62037592e-04,5.79260146e-03,1.14585434e-07,1.94795237e-06,1.11401477e-09,2.00522658e-08,3.96057728e-08,6.73298138e-07,5.08573436e-11,9.15432184e-10,7.17611362e-05,1.43522272e-03
7.93869969e-07,4.48099831e-01,4.06599539e+03,2.07659037e-02,7.12934017e-01,7.12934017e-01,6.91394112e-02,2.76557645e-01,1.86775998e-04,2.24131198e-03,2.05477180e-06,2.67120334e-05,4.11381742e-06,5.34796264e-05,5.60399413e-05,7.84559179e-04,2.18324412e-11,3.27486617e-10,1.41191473e-08,1.97668062e-07,1.16399139e-06,1.74598709e-05,3.62034518e-04,5.79255229e-03,1.12942911e-07,1.92002948e-06,6.72454629e-10,1.21041833e-08,4.26911196e-08,7.25749034e-07,5.30087052e-11,9.54156693e-10,7.17611362e-05,1.43522272e-03
8.55718314e-07,4.48099817e-01,4.06599503e+03,2.23991234e-02,7.12933596e-01,7.12933596e-01,6.91394135e-02,2.76557654e-01,1.86458288e-04,2.23749945e-03,2.04884707e-06,2.66350119e-05,4.42954333e-06,5.75840632e-05,5.59578379e-05,7.83409730e-04,1.26706360e-11,1.90059540e-10,1.63935774e-08,2.29510084e-07,1.25376105e-06,1.88064157e-05,3.62031201e-04,5.79249921e-03,1.11198783e-07,1.89037931e-06,3.90261519e-10,7.02470734e-09,4.60167986e-08,7.82285576e-07,5.51158253e-11,9.92084855e-10,7.17611362e-05,1.43522272e-03
9.22385104e-07,4.48099803e-01,4.06599464e+03,2.41621256e-02,7.12933142e-01,7.12933142e-01,6.91394158e-02,2.76557663e-01,1.86116297e-04,2.23339556e-03,2.04247990e-06,2.65522387e-05,4.76907237e-06,6.19979408e-05,5.58694361e-05,7.82172106e-04,7.04835999e-12,1.05725400e-10,1.90332363e-08,2.66465308e-07,1.35037717e-06,2.02556575e-05,3.62027622e-04,5.79244195e-03,1.09348927e-07,1.85893176e-06,2.17089391e-10,3.90760904e-09,4.96015269e-08,8.43225957e-07,5.71570168e-11,1.02882630e-09,7.17611362e-05,1.43522272e-03
9.94245730e-07,4.48099788e-01,4.06599422e+03,2.60653791e-02,7.12932655e-01,7.12932655e-01,6.91394181e-02,2.76557672e-01,1.85748278e-04,2.22897934e-03,2.03563884e-06,2.64633050e-05,5.13413201e-06,6.67437162e-05,5.57742618e-05,7.80839665e-04,3.74577046e-12,5.61865569e-11,2.20964871e-08,3.09350820e-07,1.45434949e-06,2.18152423e-05,3.62023762e-04,5.79238018e-03,1.07389404e-07,1.82561987e-06,1.15365876e-10,2.07658576e-09,5.34654791e-08,9.08913144e-07,5.91087327e-11,1.06395719e-09,7.17611362e-05,1.43522272e-03
1.07170483e-06,4.48099771e-01,4.06599377e+03,2.81202346e-02,7.12932130e-01,7.12932130e-01,6.91394203e-02,2.76557681e-01,1.85352350e-04,2.22422820e-03,2.02829049e-06,2.63677764e-05,5.52656429e-06,7.18453358e-05,5.56718063e-05,7.79405288e-04,1.89505388e-12,2.84258081e-11,2.56509491e-08,3.59113287e-07,1.56622367e-06,2.34933550e-05,3.62019599e-04,5.79231359e-03,1.05316528e-07,1.79038098e-06,5.83614492e-11,1.05050609e-09,5.76304000e-08,9.79716801e-07,6.09457615e-11,1.09702371e-09,7.17611362e-05,1.43522272e-03
1.15519857e-06,4.48099754e-01,4.06599329e+03,3.03389995e-02,7.12931566e-01,7.12931566e-01,6.91394227e-02,2.76557691e-01,1.84926490e-04,2.21911788e-03,2.02039936e-06,2.62651916e-05,5.94833157e-06,7.73283104e-05,5.55615247e-05,7.77861346e-04,9.09259290e-13,1.36388894e-11,2.97749480e-08,4.16849272e-07,1.68658350e-06,2.52987525e-05,3.62015112e-04,5.79224179e-03,1.03126949e-07,1.75315814e-06,2.79974387e-11,5.03953897e-10,6.21197276e-08,1.05603537e-06,6.26415095e-11,1.12754717e-09,7.17611362e-05,1.43522272e-03
1.24519708e-06,4.48099734e-01,4.06599277e+03,3.27350209e-02,7.12930958e-01,7.12930958e-01,6.91394251e-02,2.76557700e-01,1.84468530e-04,2.21362236e-03,2.01192784e-06,2.61550619e-05,6.40152229e-06,8.32197898e-05,5.54428334e-05,7.76199668e-04,4.12106736e-13,6.18160104e-12,3.45591895e-08,4.83828654e-07,1.81605320e-06,2.72407979e-05,3.62010274e-04,5.79216439e-03,1.00817742e-07,1.71390161e-06,1.26840475e-11,2.28312855e-10,6.69587237e-08,1.13829830e-06,6.41683773e-11,1.15503079e-09,7.17611362e-05,1.43522272e-03
1.34220715e-06,4.48099714e-01,4.06599220e+03,3.53227755e-02,7.12930305e-01,7.12930305e-01,6.91394277e-02,2.76557711e-01,1.83976154e-04,2.20771384e-03,2.00283612e-06,2.60368695e-05,6.88835664e-06,8.95486363e-05,5.53151077e-05,7.74411508e-04,1.75726823e-13,2.63590234e-12,4.01086887e-08,5.61521642e-07,1.95529971e-06,2.93294956e-05,3.62005059e-04,5.79208095e-03,9.83865064e-08,1.67257061e-06,5.40267198e-12,9.72480956e-11,7.21746168e-08,1.22696849e-06,6.54982355e-11,1.17896824e-09,7.17611362e-05,1.43522272e-03
1.44677502e-06,4.48099691e-01,4.06599160e+03,3.81179683e-02,7.12929602e-01,7.12929602e-01,6.91394303e-02,2.76557721e-01,1.83446885e-04,2.20136262e-03,1.99308210e-06,2.59100673e-05,7.41119199e-06,9.63454959e-05,5.51776792e-05,7.72487509e-04,7.02498410e-14,1.05374761e-12,4.65449934e-08,6.51629907e-07,2.10503516e-06,3.15755274e-05,3.61999438e-04,5.79199101e-03,9.58314817e-08,1.62913519e-06,2.15319601e-12,3.87575283e-11,7.77967543e-08,1.32254482e-06,6.66030029e-11,1.19885405e-09,7.17611362e-05,1.43522272e-03
1.55948950e-06,4.48099667e-01,4.06599094e+03,4.11376404e-02,7.12928846e-01,7.12928846e-01,6.91394332e-02,2.76557733e-01,1.82878086e-04,2.19453704e-03,1.98262139e-06,2.57740781e-05,7.97252809e-06,1.03642865e-04,5.50298338e-05,7.70417673e-04,2.63004961e-14,3.94507441e-13,5.40087441e-08,7.56122417e-07,2.26601928e-06,3.39902892e-05,3.61993380e-04,5.79189407e-03,9.31516633e-08,1.58357828e-06,7.98791193e-13,1.43782415e-11,8.38567673e-08,1.42556504e-06,6.74553220e-11,1.21419580e-09,7.17611362e-05,1.43522272e-03
1.68098528e-06,4.48099641e-01,4.06599024e+03,4.44002875e-02,7.12928033e-01,7.12928033e-01,6.91394361e-02,2.76557744e-01,1.82266949e-04,2.18720339e-03,1.97140721e-06,2.56282938e-05,8.57501178e-06,1.11475153e-04,5.48708085e-05,7.68191319e-04,9.29703791e-15,1.39455569e-13,6.26626205e-08,8.77276687e-07,2.43906190e-06,3.65859285e-05,3.61986849e-04,5.79178958e-03,9.03469338e-08,1.53589788e-06,2.74304610e-13,4.93748298e-12,9.03887487e-08,1.53660873e-06,6.80293229e-11,1.22452781e-09,7.17611362e-05,1.43522272e-03
1.81194647e-06,4.48099613e-01,4.06598948e+03,4.79259884e-02,7.12927159e-01,7.12927159e-01,6.91394392e-02,2.76557757e-01,1.81610487e-04,2.17932585e-03,1.95939042e-06,2.54720755e-05,9.22144118e-06,1.19878735e-04,5.46997891e-05,7.65797047e-04,3.23137137e-15,4.84705705e-14,7.26947286e-08,1.01772620e-06,2.62502542e-06,3.93753813e-05,3.61979809e-04,5.79167695e-03,8.74181999e-08,1.48610940e-06,8.66702627e-14,1.56006473e-12,9.74294436e-08,1.65630054e-06,6.83014588e-11,1.22942626e-09,7.17611362e-05,1.43522272e-03
1.95311051e-06,4.48099583e-01,4.06598866e+03,5.17365452e-02,7.12926220e-01,7.12926220e-01,6.91394424e-02,2.76557769e-01,1.80905531e-04,2.17086637e-03,1.94651947e-06,2.53047532e-05,9.91476913e-06,1.28891999e-04,5.45159077e-05,7.63222707e-04,1.25782709e-15,1.88674064e-14,8.43224920e-08,1.18051489e-06,2.82482727e-06,4.23724091e-05,3.61972222e-04,5.79155555e-03,8.43675345e-08,1.43424809e-06,2.50339704e-14,4.50611467e-13,1.05018456e-07,1.78531376e-06,6.82513865e-11,1.22852496e-09,7.17611362e-05,1.43522272e-03
2.10527227e-06,4.48099551e-01,4.06598777e+03,5.58556355e-02,7.12925211e-01,7.12925211e-01,6.91394457e-02,2.76557783e-01,1.80148719e-04,2.16178463e-03,1.93274049e-06,2.51256264e-05,1.06581056e-05,1.38555373e-04,5.43182399e-05,7.60455359e-04,6.87179655e-16,1.03076948e-14,9.77971186e-08,1.36915966e-06,3.03944233e-06,4.55916349e-05,3.61964043e-04,5.79142469e-03,8.11983224e-08,1.38037148e-06,6.56427266e-15,1.18156908e-13,1.13198471e-07,1.92437401e-06,6.78628604e-11,1.22153149e-09,7.17611362e-05,1.43522272e-03
2.26928856e-06,4.48099516e-01,4.06598682e+03,6.03089779e-02,7.12924127e-01,7.12924127e-01,6.91394492e-02,2.76557797e-01,1.79336493e-04,2.15203792e-03,1.91799727e-06,2.49339646e-05,1.14547191e-05,1.48911349e-04,5.41058025e-05,7.57481235e-04,5.54859301e-16,8.32288952e-15,1.13408721e-07,1.58772209e-06,3.26990521e-06,4.90485782e-05,3.61955228e-04,5.79128364e-03,7.79154049e-08,1.32456188e-06,1.55102713e-15,2.79184884e-14,1.22015494e-07,2.07426340e-06,6.71245963e-11,1.20824273e-09,7.17611362e-05,1.43522272e-03
2.44608294e-06,4.48099478e-01,4.06598579e+03,6.51245097e-02,7.12922962e-01,7.12922962e-01,6.91394528e-02,2.76557811e-01,1.78465092e-04,2.14158110e-03,1.90223142e-06,2.47290084e-05,1.23080363e-05,1.60004471e-04,5.38775509e-05,7.54285713e-04,5.47034703e-16,8.20552054e-15,1.31492182e-07,1.84089055e-06,3.51731245e-06,5.27596868e-05,3.61945726e-04,5.79113161e-03,7.45252204e-08,1.26692875e-06,3.27764226e-16,5.89975607e-15,1.31519108e-07,2.23582483e-06,6.60310604e-11,1.18855909e-09,7.17611362e-05,1.43522272e-03
2.63665090e-06,4.48099437e-01,4.06598468e+03,7.03325790e-02,7.12921711e-01,7.12921711e-01,6.91394565e-02,2.76557826e-01,1.77530546e-04,2.13036655e-03,1.88538244e-06,2.45099717e-05,1.32216400e-05,1.71881320e-04,5.36323771e-05,7.50853279e-04,5.71726189e-16,8.57589284e-15,1.52433866e-07,2.13407412e-06,3.78282446e-06,5.67423669e-05,3.61935484e-04,5.79096774e-03,7.10359334e-08,1.20761087e-06,6.16134042e-17,1.10904128e-15,1.41762751e-07,2.40996676e-06,6.45831282e-11,1.16249631e-09,7.17611362e-05,1.43522272e-03
2.84206552e-06,4.48099394e-01,4.06598349e+03,7.59661498e-02,7.12920369e-01,7.12920369e-01,6.91394603e-02,2.76557841e-01,1.76528674e-04,2.11834409e-03,1.86738795e-06,2.42760434e-05,1.41992652e-05,1.84590448e-04,5.33691073e-05,7.47167502e-04,6.04819074e-16,9.07228612e-15,1.76679278e-07,2.47350989e-06,4.06766724e-06,6.10150087e-05,3.61924444e-04,5.79079111e-03,6.74575475e-08,1.14677831e-06,1.04210195e-17,1.87578351e-16,1.52804016e-07,2.59766828e-06,6.27885646e-11,1.13019416e-09,7.17611362e-05,1.43522272e-03
3.06348345e-06,4.48099346e-01,4.06598221e+03,8.20610201e-02,7.12918928e-01,7.12918928e-01,6.91394642e-02,2.76557857e-01,1.75455083e-04,2.10546100e-03,1.84818392e-06,2.40263910e-05,1.52447922e-05,1.98182298e-04,5.30865007e-05,7.43211010e-04,6.40681381e-16,9.61022072e-15,2.04741816e-07,2.86638542e-06,4.37313373e-06,6.55970059e-05,3.61912545e-04,5.79060073e-03,6.38019947e-08,1.08463391e-06,1.78718472e-18,3.21693249e-17,1.64704975e-07,2.79998458e-06,6.06622750e-11,1.09192095e-09,7.17611362e-05,1.43522272e-03
3.30215148e-06,4.48099295e-01,4.06598082e+03,8.86560516e-02,7.12917382e-01,7.12917382e-01,6.91394681e-02,2.76557873e-01,1.74305166e-04,2.09166200e-03,1.82770494e-06,2.37601642e-05,1.63622366e-05,2.12709075e-04,5.27832481e-05,7.38965473e-04,6.78118316e-16,1.01717747e-14,2.37212727e-07,3.32097818e-06,4.70058471e-06,7.05087706e-05,3.61899720e-04,5.79039552e-03,6.00831909e-08,1.02141425e-06,5.10395506e-19,9.18711910e-18,1.77532524e-07,3.01805290e-06,5.82262895e-11,1.04807321e-09,7.17611362e-05,1.43522272e-03
3.55941352e-06,4.48099240e-01,4.06597932e+03,9.57934091e-02,7.12915725e-01,7.12915725e-01,6.91394722e-02,2.76557889e-01,1.73074106e-04,2.07688927e-03,1.80588464e-06,2.34765003e-05,1.75557360e-05,2.28224568e-04,5.24579707e-05,7.34411590e-04,7.16855606e-16,1.07528341e-14,2.74772434e-07,3.84681408e-06,5.05144924e-06,7.57717386e-05,3.61885896e-04,5.79017434e-03,5.63170515e-08,9.57389875e-07,3.31999273e-19,5.97598692e-18,1.91358755e-07,3.25309883e-06,5.55094544e-11,9.99170180e-10,7.17611362e-05,1.43522272e-03
3.83671818e-06,4.48099181e-01,4.06597771e+03,1.03518806e-01,7.12913948e-01,7.12913948e-01,6.91394763e-02,2.76557905e-01,1.71756876e-04,2.06108252e-03,1.78265612e-06,2.31745295e-05,1.88295324e-05,2.44783921e-04,5.21092206e-05,7.29529088e-04,7.56769910e-16,1.13515487e-14,3.18203392e-07,4.45484749e-06,5.42722434e-06,8.14083651e-05,3.61870996e-04,5.78993594e-03,5.25214537e-08,8.92864714e-07,2.92986150e-19,5.27375070e-18,2.06261364e-07,3.50644318e-06,5.25468260e-11,9.45842868e-10,7.17611362e-05,1.43522272e-03
4.13562692e-06,4.48099118e-01,4.06597598e+03,1.11881751e-01,7.12912044e-01,7.12912044e-01,6.91394804e-02,2.76557922e-01,1.70348256e-04,2.04417907e-03,1.75795253e-06,2.28533829e-05,2.01879495e-05,2.62443343e-04,5.17354807e-05,7.24296730e-04,7.97741934e-16,1.19661290e-14,3.68404646e-07,5.15766504e-06,5.82947395e-06,8.74421093e-05,3.61854936e-04,5.78967898e-03,4.87161406e-08,8.28174390e-07,2.68323524e-19,4.82982343e-18,2.22324081e-07,3.77950938e-06,4.93787812e-11,8.88818061e-10,7.17611362e-05,1.43522272e-03
4.45782286e-06,4.48099049e-01,4.06597411e+03,1.20935789e-01,7.12910004e-01,7.12910004e-01,6.91394846e-02,2.76557938e-01,1.68842835e-04,2.02611402e-03,1.73170773e-06,2.25122005e-05,2.16353644e-05,2.81259738e-04,5.13351671e-05,7.18692339e-04,8.39631200e-16,1.25944680e-14,4.26408289e-07,5.96971604e-06,6.25982694e-06,9.38974041e-05,3.61837626e-04,5.78940202e-03,4.49225527e-08,7.63683395e-07,2.44575042e-19,4.40235076e-18,2.39637141e-07,4.07383139e-06,4.60498838e-11,8.28897908e-10,7.17611362e-05,1.43522272e-03
4.80512025e-06,4.48098975e-01,4.06597209e+03,1.30738719e-01,7.12907821e-01,7.12907821e-01,6.91394887e-02,2.76557955e-01,1.67235033e-04,2.00682040e-03,1.70385703e-06,2.21501414e-05,2.31761733e-05,3.01290252e-04,5.09066307e-05,7.12692829e-04,8.82271280e-16,1.32340692e-14,4.93398010e-07,6.90757214e-06,6.71997393e-06,1.00799609e-04,3.61818969e-04,5.78910350e-03,4.11635838e-08,6.99780925e-07,2.20854133e-19,3.97537439e-18,2.58297782e-07,4.39106229e-06,4.26075656e-11,7.66936181e-10,7.17611362e-05,1.43522272e-03
5.17947468e-06,4.48098895e-01,4.06596991e+03,1.41352794e-01,7.12905485e-01,7.12905485e-01,6.91394928e-02,2.76557971e-01,1.65519122e-04,1.98622947e-03,1.67433814e-06,2.17663958e-05,2.48147488e-05,3.22591734e-04,5.04481618e-05,7.06274265e-04,9.25468163e-16,1.38820224e-14,5.70729951e-07,7.99021931e-06,7.21166290e-06,1.08174943e-04,3.61798859e-04,5.78878174e-03,3.74632525e-08,6.36875293e-07,1.97433731e-19,3.55380715e-18,2.78410791e-07,4.73298345e-06,3.91006962e-11,7.03812532e-10,7.17611362e-05,1.43522272e-03
5.58299409e-06,4.48098809e-01,4.06596757e+03,1.52844850e-01,7.12902986e-01,7.12902986e-01,6.91394969e-02,2.76557987e-01,1.63689251e-04,1.96427101e-03,1.64309216e-06,2.13601981e-05,2.65553902e-05,3.45220072e-04,4.99579951e-05,6.99411932e-04,9.68999367e-16,1.45349905e-14,6.59956076e-07,9.23938507e-06,7.73669317e-06,1.16050398e-04,3.61777184e-04,5.78843495e-03,3.38462874e-08,5.75386885e-07,1.74651948e-19,3.14373507e-18,3.00089088e-07,5.10151449e-06,3.55781263e-11,6.40406274e-10,7.17611362e-05,1.43522272e-03
6.01795064e-06,4.48098716e-01,4.06596504e+03,1.65286373e-01,7.12900315e-01,7.12900315e-01,6.91395009e-02,2.76558003e-01,1.61739479e-04,1.94087375e-03,1.61006480e-06,2.09308424e-05,2.84022633e-05,3.69229423e-04,4.94343171e-05,6.92080440e-04,1.01261361e-15,1.51892041e-14,7.62850287e-07,1.06799040e-05,8.29690773e-06,1.24453616e-04,3.61753823e-04,5.78806116e-03,3.03376282e-08,5.15739679e-07,1.52817214e-19,2.75070986e-18,3.23454351e-07,5.49872397e-06,3.20872843e-11,5.77571118e-10,7.17611362e-05,1.43522272e-03
6.48679353e-06,4.48098616e-01,4.06596232e+03,1.78753439e-01,7.12897463e-01,7.12897463e-01,6.91395047e-02,2.76558019e-01,1.59663819e-04,1.91596583e-03,1.57520769e-06,2.04777000e-05,3.03593305e-05,3.94671296e-04,4.88752747e-05,6.84253845e-04,1.05603109e-15,1.58404664e-14,8.81437477e-07,1.23401247e-05,8.89418340e-06,1.33412751e-04,3.61728643e-04,5.78765829e-03,2.69618497e-08,4.58351444e-07,1.32194787e-19,2.37950617e-18,3.48637696e-07,5.92684083e-06,2.86728980e-11,5.16112164e-10,7.17611362e-05,1.43522272e-03
6.99216276e-06,4.48098508e-01,4.06595939e+03,1.93326501e-01,7.12894418e-01,7.12894418e-01,6.91395085e-02,2.76558034e-01,1.57456286e-04,1.88947544e-03,1.53847987e-06,2.00002383e-05,3.24302689e-05,4.21593496e-04,4.82789864e-05,6.75905809e-04,1.09894458e-15,1.64841687e-14,1.01802573e-06,1.42523602e-05,9.53041884e-06,1.42956283e-04,3.61701505e-04,5.78722408e-03,2.37425203e-08,4.03622845e-07,1.13000250e-19,2.03400449e-18,3.75780402e-07,6.38826684e-06,2.53758943e-11,4.56766098e-10,7.17611362e-05,1.43522272e-03
7.53690398e-06,4.48098392e-01,4.06595622e+03,2.09089946e-01,7.12891170e-01,7.12891170e-01,6.91395121e-02,2.76558049e-01,1.55110956e-04,1.86133147e-03,1.49984943e-06,1.94980426e-05,3.46183763e-05,4.50038892e-04,4.76435565e-05,6.67009791e-04,1.14102134e-15,1.71153202e-14,1.17524185e-06,1.64533858e-05,1.02075199e-05,1.53112798e-04,3.61672255e-04,5.78675608e-03,2.07015172e-08,3.51925793e-07,9.53959346e-20,1.71712682e-18,4.05034699e-07,6.88558988e-06,2.22325081e-11,4.00185145e-10,7.17611362e-05,1.43522272e-03
8.12408458e-06,4.48098266e-01,4.06595281e+03,2.26131356e-01,7.12887709e-01,7.12887709e-01,6.91395156e-02,2.76558062e-01,1.52622033e-04,1.83146440e-03,1.45929531e-06,1.89708390e-05,3.69264628e-05,4.80044016e-04,4.69670911e-05,6.57539275e-04,1.18190611e-15,1.77285916e-14,1.35607029e-06,1.89849840e-05,1.09273820e-05,1.63910730e-04,3.61640730e-04,5.78625168e-03,1.78583242e-08,3.03591512e-07,7.94898279e-20,1.43081690e-18,4.36564606e-07,7.42159830e-06,1.92736079e-11,3.46924943e-10,7.17611362e-05,1.43522272e-03
8.75701089e-06,4.48098131e-01,4.06594913e+03,2.44540367e-01,7.12884022e-01,7.12884022e-01,6.91395189e-02,2.76558076e-01,1.49983933e-04,1.79980720e-03,1.41680925e-06,1.84185203e-05,3.93567280e-05,5.11637465e-04,4.62477177e-05,6.47468047e-04,1.22122513e-15,1.83183770e-14,1.56389568e-06,2.18945395e-05,1.16918695e-05,1.75378042e-04,3.61606753e-04,5.78570804e-03,1.52293460e-08,2.58898882e-07,6.53366480e-20,1.17605966e-18,4.70546843e-07,7.99929634e-06,1.65242261e-11,2.97436069e-10,7.17611362e-05,1.43522272e-03
9.43924684e-06,4.48097986e-01,4.06594517e+03,2.64407007e-01,7.12880100e-01,7.12880100e-01,6.91395221e-02,2.76558088e-01,1.47191374e-04,1.76629649e-03,1.37239783e-06,1.78411719e-05,4.19106231e-05,5.44838100e-04,4.54836081e-05,6.36770513e-04,1.25859147e-15,1.88788720e-14,1.80254882e-06,2.52356835e-05,1.25027912e-05,1.87541868e-04,3.61570133e-04,5.78512213e-03,1.28272797e-08,2.18063755e-07,5.29408766e-20,9.52935778e-19,5.07171809e-07,8.62192075e-06,1.40032758e-11,2.52058964e-10,7.17611362e-05,1.43522272e-03
1.01746340e-05,4.48097829e-01,4.06594090e+03,2.85819362e-01,7.12875931e-01,7.12875931e-01,6.91395250e-02,2.76558100e-01,1.44239483e-04,1.73087379e-03,1.32608467e-06,1.72391008e-05,4.45886956e-05,5.79653042e-04,4.46730049e-05,6.25422068e-04,1.29361146e-15,1.94041720e-14,2.07635610e-06,2.90689854e-05,1.33618725e-05,2.00428088e-04,3.61530666e-04,5.78449065e-03,1.06605860e-08,1.81229961e-07,4.22613931e-20,7.60705075e-19,5.46644627e-07,9.29295866e-06,1.17234320e-11,2.11021776e-10,7.17611362e-05,1.43522272e-03
1.09673133e-05,4.48097660e-01,4.06593630e+03,3.08860395e-01,7.12871504e-01,7.12871504e-01,6.91395278e-02,2.76558111e-01,1.41123910e-04,1.69348692e-03,1.27791263e-06,1.66128642e-05,4.73904182e-05,6.16075437e-04,4.38142519e-05,6.13399527e-04,1.32589257e-15,1.98883885e-14,2.39019204e-06,3.34626886e-05,1.42707228e-05,2.14060842e-04,3.61488129e-04,5.78381007e-03,8.73310285e-09,1.48462749e-07,3.32174124e-20,5.97913422e-19,5.89186280e-07,1.00161668e-05,9.69116302e-12,1.74440934e-10,7.17611362e-05,1.43522272e-03
1.18217482e-05,4.48097477e-01,4.06593133e+03,3.33603720e-01,7.12866809e-01,7.12866809e-01,6.91395304e-02,2.76558122e-01,1.37840969e-04,1.65409163e-03,1.22794608e-06,1.59632991e-05,5.03140011e-05,6.54082015e-04,4.29058289e-05,6.00681605e-04,1.35505231e-15,2.03257847e-14,2.74953469e-06,3.84934856e-05,1.52307992e-05,2.28461987e-04,3.61442287e-04,5.78307658e-03,7.04384276e-09,1.19745327e-07,2.56954245e-20,4.62517640e-19,6.35034825e-07,1.07955920e-05,7.90690992e-12,1.42324379e-10,7.17611362e-05,1.43522272e-03
1.27427499e-05,4.48097281e-01,4.06592598e+03,3.60108099e-01,7.12861834e-01,7.12861834e-01,6.91395328e-02,2.76558131e-01,1.34387776e-04,1.61265332e-03,1.17627311e-06,1.52915504e-05,5.33561875e-05,6.93630438e-04,4.19463902e-05,5.87249463e-04,1.38072845e-15,2.07109268e-14,3.16052297e-06,4.42473216e-05,1.62433648e-05,2.43650472e-04,3.61392880e-04,5.78228608e-03,5.58700420e-09,9.49790714e-08,1.95568483e-20,3.52023269e-19,6.84446699e-07,1.16355939e-05,6.36541904e-12,1.14577543e-10,7.17611362e-05,1.43522272e-03
1.37355044e-05,4.48097069e-01,4.06592022e+03,3.88410452e-01,7.12856570e-01,7.12856570e-01,6.91395351e-02,2.76558140e-01,1.30762416e-04,1.56914899e-03,1.12300758e-06,1.45990986e-05,5.65120348e-05,7.34656452e-04,4.09348087e-05,5.73087321e-04,1.40259002e-15,2.10388503e-14,3.63001533e-06,5.08202146e-05,1.73094434e-05,2.59641651e-04,3.61339634e-04,5.78143415e-03,4.35221602e-09,7.39876724e-08,1.46460917e-20,2.63629650e-19,7.37698128e-07,1.25408682e-05,5.05624089e-12,9.10123360e-11,7.17611362e-05,1.43522272e-03
1.48056018e-05,4.48096841e-01,4.06591400e+03,4.18517176e-01,7.12851008e-01,7.12851008e-01,6.91395373e-02,2.76558149e-01,1.26964112e-04,1.52356934e-03,1.06829107e-06,1.38877839e-05,5.97746828e-05,7.77070876e-04,3.98702236e-05,5.58183130e-04,1.42034910e-15,2.13052366e-14,4.16564828e-06,5.83190759e-05,1.84297687e-05,2.76446531e-04,3.61282251e-04,5.78051602e-03,3.32501677e-09,5.65252851e-08,1.07986639e-20,1.94375951e-19,7.95086633e-07,1.35164728e-05,3.96440049e-12,7.13592088e-11,7.17611362e-05,1.43522272e-03
1.59590678e-05,4.48096595e-01,4.06590730e+03,4.50393658e-01,7.12845140e-01,7.12845140e-01,6.91395393e-02,2.76558157e-01,1.22993411e-04,1.47592093e-03,1.01229434e-06,1.31598265e-05,6.31351122e-05,8.20756459e-04,3.87520934e-05,5.42529308e-04,1.43377294e-15,2.15065941e-14,4.77589331e-06,6.68625063e-05,1.96047292e-05,2.94070938e-04,3.61220410e-04,5.77952657e-03,2.48754940e-09,4.22883397e-08,7.84894475e-21,1.41281005e-19,8.56932659e-07,1.45678552e-05,3.07123456e-12,5.52822221e-11,7.17611362e-05,1.43522272e-03
1.72023972e-05,4.48096329e-01,4.06590008e+03,4.83951993e-01,7.12838957e-01,7.12838957e-01,6.91395413e-02,2.76558165e-01,1.18852378e-04,1.42622854e-03,9.55218526e-07,1.24178408e-05,6.65818979e-05,8.65564673e-04,3.75802534e-05,5.26123547e-04,1.44269594e-15,2.16404391e-14,5.47011004e-06,7.65815405e-05,2.08343092e-05,3.12514637e-04,3.61153766e-04,5.77846026e-03,1.81943137e-09,3.09303334e-08,5.63718783e-21,1.01469381e-19,9.23581315e-07,1.57008823e-05,2.35536876e-12,4.23966377e-11,7.17611362e-05,1.43522272e-03
1.85425913e-05,4.48096043e-01,4.06589230e+03,5.19037165e-01,7.12832453e-01,7.12832453e-01,6.91395432e-02,2.76558173e-01,1.14544797e-04,1.37453756e-03,8.97295616e-07,1.16648430e-05,7.01009620e-05,9.11312506e-04,3.63549758e-05,5.08969662e-04,1.44703110e-15,2.17054664e-14,6.25859309e-06,8.76203033e-05,2.21180260e-05,3.31770390e-04,3.61081947e-04,5.77731115e-03,1.29874142e-09,2.20786041e-08,4.01536810e-21,7.22766258e-20,9.95404251e-07,1.69218723e-05,1.79378870e-12,3.22881966e-11,7.17611362e-05,1.43522272e-03
1.99871964e-05,4.48095735e-01,4.06588390e+03,5.55412321e-01,7.12825625e-01,7.12825625e-01,6.91395451e-02,2.76558180e-01,1.10076368e-04,1.32091642e-03,8.38788296e-07,1.09042478e-05,7.36753353e-05,9.57779358e-04,3.50770354e-05,4.91078495e-04,1.44678021e-15,2.17017031e-14,7.15260951e-06,1.00136533e-04,2.34548651e-05,3.51822976e-04,3.61004552e-04,5.77607283e-03,9.03048681e-10,1.53518276e-08,2.85155869e-21,5.13280564e-20,1.07280167e-06,1.82376284e-05,1.36293871e-12,2.45328967e-11,7.17611362e-05,1.43522272e-03
2.15443469e-05,4.48095403e-01,4.06587486e+03,5.92744216e-01,7.12818468e-01,7.12818468e-01,6.91395470e-02,2.76558188e-01,1.05454911e-04,1.26545894e-03,7.79988877e-07,1.01398554e-05,7.72849353e-05,1.00470416e-03,3.37477750e-05,4.72468851e-04,1.44204226e-15,2.16306339e-14,8.16442295e-06,1.14301921e-04,2.48432129e-05,3.72648194e-04,3.60921150e-04,5.77473840e-03,6.10403677e-10,1.03768625e-08,2.03265795e-21,3.65878431e-20,1.15620448e-06,1.96554762e-05,1.03977123e-12,1.87158821e-11,7.17611362e-05,1.43522272e-03
2.32228110e-05,4.48095045e-01,4.06586511e+03,6.30590556e-01,7.12810983e-01,7.12810983e-01,6.91395489e-02,2.76558196e-01,1.00690547e-04,1.20828657e-03,7.21217217e-07,9.37582382e-06,8.09063726e-05,1.05178284e-03,3.23691741e-05,4.53168437e-04,1.43301924e-15,2.14952886e-14,9.30730022e-06,1.30302203e-04,2.62807911e-05,3.94211867e-04,3.60831276e-04,5.77330042e-03,4.00212675e-10,6.80361548e-09,1.46545248e-21,2.63781446e-20,1.24607664e-06,2.11833029e-05,8.02669518e-13,1.44480513e-11,7.17611362e-05,1.43522272e-03
2.50320398e-05,4.48094659e-01,4.06585460e+03,6.68391602e-01,7.12803170e-01,7.12803170e-01,6.91395509e-02,2.76558204e-01,9.57958707e-05,1.14955045e-03,6.62817496e-07,8.61662745e-06,8.45127987e-05,1.09866638e-03,3.09439143e-05,4.33214800e-04,1.42001878e-15,2.13002817e-14,1.05954951e-05,1.48336932e-04,2.77645924e-05,4.16468886e-04,3.60734431e-04,5.77175090e-03,2.53930193e-10,4.31681327e-09,1.07617263e-21,1.93711074e-20,1.34291760e-06,2.28295993e-05,6.32177171e-13,1.13791891e-11,7.17611362e-05,1.43522272e-03
2.69822209e-05,4.48094243e-01,4.06584327e+03,7.05468957e-01,7.12795033e-01,7.12795033e-01,6.91395530e-02,2.76558212e-01,9.07860881e-05,1.08943306e-03,6.05153731e-07,7.86699851e-06,8.80738101e-05,1.14495953e-03,2.94754426e-05,4.12656196e-04,1.40345291e-15,2.10517937e-14,1.20442039e-05,1.68618855e-04,2.92908217e-05,4.39362325e-04,3.60630076e-04,5.77008121e-03,1.55525698e-10,2.64393687e-09,8.08837995e-22,1.45590839e-20,1.44726502e-06,2.46035054e-05,5.11489664e-13,9.20681396e-12,7.17611362e-05,1.43522272e-03
2.90843356e-05,4.48093794e-01,4.06583107e+03,7.41034779e-01,7.12786578e-01,7.12786578e-01,6.91395552e-02,2.76558221e-01,8.56791192e-05,1.02814943e-03,5.48603980e-07,7.13185174e-06,9.15554273e-05,1.19022055e-03,2.79680278e-05,3.91552389e-04,1.38383246e-15,2.07574869e-14,1.36694857e-05,1.91372799e-04,3.08548456e-05,4.62822684e-04,3.60517631e-04,5.76828209e-03,9.17082986e-11,1.55904108e-09,6.22781887e-22,1.12100740e-20,1.55969758e-06,2.65148589e-05,4.26691230e-13,7.68044214e-12,7.17611362e-05,1.43522272e-03
3.13502206e-05,4.48093311e-01,4.06581790e+03,7.74214329e-01,7.12777814e-01,7.12777814e-01,6.91395575e-02,2.76558230e-01,8.04956466e-05,9.65947759e-04,4.93553213e-07,6.41619177e-06,9.49201656e-05,1.23396215e-03,2.64268063e-05,3.69975288e-04,1.36175658e-15,2.04263487e-14,1.54881417e-05,2.16833984e-04,3.24511533e-05,4.86767300e-04,3.60396472e-04,5.76634355e-03,5.19220307e-11,8.82674521e-10,4.89768931e-22,8.81584075e-21,1.68083810e-06,2.85742476e-05,3.66750476e-13,6.60150856e-12,7.17611362e-05,1.43522272e-03
3.37926348e-05,4.48092789e-01,4.06580372e+03,8.04083642e-01,7.12768754e-01,7.12768754e-01,6.91395600e-02,2.76558240e-01,7.52591011e-05,9.03109213e-04,4.40384937e-07,5.72500418e-06,9.81272194e-05,1.27565385e-03,2.48578137e-05,3.48009392e-04,1.33789746e-15,2.00684619e-14,1.75175462e-05,2.45245647e-04,3.40733338e-05,5.11100006e-04,3.60265927e-04,5.76425483e-03,2.81498577e-11,4.78547580e-10,3.91082497e-22,7.03948495e-21,1.81135675e-06,3.07930647e-05,3.23314802e-13,5.81966643e-12,7.17611362e-05,1.43522272e-03
3.64253312e-05,4.48092228e-01,4.06578843e+03,8.29722014e-01,7.12759413e-01,7.12759413e-01,6.91395626e-02,2.76558251e-01,6.99955690e-05,8.39946828e-04,3.89471708e-07,5.06313220e-06,1.01132779e-04,1.31472613e-03,2.32679977e-05,3.25751968e-04,1.31298007e-15,1.96947010e-14,1.97754217e-05,2.76855903e-04,3.57140726e-05,5.35711090e-04,3.60125273e-04,5.76200437e-03,1.45820162e-11,2.47894275e-10,3.14872936e-22,5.66771285e-21,1.95197462e-06,3.31835685e-05,2.90362045e-13,5.22651681e-12,7.17611362e-05,1.43522272e-03
3.92631340e-05,4.48091622e-01,4.06577194e+03,8.50276022e-01,7.12749810e-01,7.12749810e-01,6.91395655e-02,2.76558262e-01,6.47336094e-05,7.76803313e-04,3.41164818e-07,4.43514263e-06,1.03890500e-04,1.35057650e-03,2.16652061e-05,3.03312886e-04,1.28775761e-15,1.93163642e-14,2.22795529e-05,3.11913740e-04,3.73651748e-05,5.60477623e-04,3.59973733e-04,5.75957973e-03,7.21145645e-12,1.22594760e-10,2.53947033e-22,4.57104660e-21,2.10346747e-06,3.57589469e-05,2.63775236e-13,4.74795424e-12,7.17611362e-05,1.43522272e-03
4.23220227e-05,4.48090969e-01,4.06575418e+03,8.65028578e-01,7.12739966e-01,7.12739966e-01,6.91395685e-02,2.76558274e-01,5.95039683e-05,7.14047619e-04,2.95783507e-07,3.84518559e-06,1.06352141e-04,1.38257784e-03,2.00581465e-05,2.80814050e-04,1.26298342e-15,1.89447513e-14,2.50474341e-05,3.50664078e-04,3.90176162e-05,5.85264244e-04,3.59810469e-04,5.75696750e-03,3.41546079e-12,5.80628334e-11,2.04069062e-22,3.67324311e-21,2.26666970e-06,3.85333849e-05,2.40902492e-13,4.33624486e-12,7.17611362e-05,1.43522272e-03
4.56192215e-05,4.48090266e-01,4.06573503e+03,8.73463914e-01,7.12729907e-01,7.12729907e-01,6.91395717e-02,2.76558287e-01,5.43391810e-05,6.52070171e-04,2.53604188e-07,3.29685444e-06,1.08468386e-04,1.41008902e-03,1.84563112e-05,2.58388357e-04,1.23938046e-15,1.85907069e-14,2.80958463e-05,3.93341848e-04,4.06616297e-05,6.09924445e-04,3.59634580e-04,5.75415328e-03,1.57025313e-12,2.66943033e-11,1.62754468e-22,2.92958043e-21,2.44247871e-06,4.15221380e-05,2.20151193e-13,3.96272148e-12,7.17611363e-05,1.43522273e-03
4.91732965e-05,4.48089507e-01,4.06571438e+03,8.75318350e-01,7.12719660e-01,7.12719660e-01,6.91395751e-02,2.76558301e-01,4.92730569e-05,5.91276683e-04,2.14850258e-07,2.79305335e-06,1.10189851e-04,1.43246806e-03,1.68698648e-05,2.36178107e-04,1.21761020e-15,1.82641531e-14,3.14403623e-05,4.40165072e-04,4.22868282e-05,6.34302423e-04,3.59445097e-04,5.75112155e-03,7.28324048e-13,1.23815088e-11,1.28479845e-22,2.31263720e-21,2.63185941e-06,4.47416099e-05,2.00647609e-13,3.61165696e-12,7.17611363e-05,1.43522273e-03
5.30042602e-05,4.48088690e-01,4.06569213e+03,8.70608109e-01,7.12709256e-01,7.12709256e-01,6.91395788e-02,2.76558315e-01,4.43400454e-05,5.32080545e-04,1.79683147e-07,2.33588091e-06,1.11468284e-04,1.44908770e-03,1.53094893e-05,2.14332851e-04,1.19824262e-15,1.79736392e-14,3.50947838e-05,4.91326973e-04,4.38823689e-05,6.58235534e-04,3.59240978e-04,5.74785564e-03,3.70634331e-13,6.30078362e-12,1.00208322e-22,1.80374980e-21,2.83584915e-06,4.82094355e-05,1.81974737e-13,3.27554527e-12,7.17611363e-05,1.43522273e-03
5.71336843e-05,4.48087809e-01,4.06566815e+03,8.59629033e-01,7.12698728e-01,7.12698728e-01,6.91395828e-02,2.76558331e-01,3.95744891e-05,4.74893869e-04,1.48195270e-07,1.92653851e-06,1.12257938e-04,1.45935320e-03,1.37861876e-05,1.93006627e-04,1.18172951e-15,1.77259427e-14,3.90705159e-05,5.46987222e-04,4.54371569e-05,6.81557353e-04,3.59021101e-04,5.74433762e-03,2.31429899e-13,3.93430828e-12,7.71311680e-23,1.38836102e-21,3.05556292e-06,5.19445696e-05,1.63985944e-13,2.95174700e-12,7.17611363e-05,1.43522273e-03
6.15848211e-05,4.48086859e-01,4.06564230e+03,8.42928229e-01,7.12688111e-01,7.12688111e-01,6.91395870e-02,2.76558348e-01,3.50097781e-05,4.20117337e-04,1.20405540e-07,1.56527202e-06,1.12517091e-04,1.46272218e-03,1.23110442e-05,1.72354618e-04,1.16838334e-15,1.75257502e-14,4.33758901e-05,6.07262461e-04,4.69400889e-05,7.04101333e-04,3.58784263e-04,5.74054820e-03,1.84142806e-13,3.13042771e-12,5.85436482e-23,1.05378567e-21,3.29219886e-06,5.59673807e-05,1.46682309e-13,2.64028156e-12,7.17611363e-05,1.43522273e-03
6.63827344e-05,4.48085835e-01,4.06561443e+03,8.21252758e-01,7.12677442e-01,7.12677442e-01,6.91395915e-02,2.76558366e-01,3.06774286e-05,3.68129143e-04,9.62579856e-08,1.25135381e-06,1.12209676e-04,1.45872579e-03,1.08949483e-05,1.52529276e-04,1.15836347e-15,1.73754521e-14,4.80154554e-05,6.72216375e-04,4.83803315e-05,7.25704973e-04,3.58529166e-04,5.73646665e-03,1.73009194e-13,2.94115629e-12,4.37960243e-23,7.88328438e-22,3.54704421e-06,6.02997516e-05,1.30137565e-13,2.34247616e-12,7.17611363e-05,1.43522273e-03
7.15544407e-05,4.48084732e-01,4.06558439e+03,7.95484172e-01,7.12666758e-01,7.12666758e-01,6.91395963e-02,2.76558385e-01,2.66061182e-05,3.19273418e-04,7.56238727e-08,9.83110346e-07,1.11306970e-04,1.44699061e-03,9.54828654e-06,1.33676012e-04,1.15167149e-15,1.72750724e-14,5.29892586e-05,7.41849620e-04,4.97476273e-05,7.46214409e-04,3.58254418e-04,5.73207068e-03,1.75450349e-13,2.98265593e-12,3.22817302e-23,5.81071143e-22,3.82148150e-06,6.49651856e-05,1.14455012e-13,2.06019022e-12,7.17611363e-05,1.43522273e-03
7.71290612e-05,4.48083542e-01,4.06555202e+03,7.66569018e-01,7.12656098e-01,7.12656098e-01,6.91396014e-02,2.76558405e-01,2.28207212e-05,2.73848655e-04,5.83074682e-08,7.57997087e-07,1.09789252e-04,1.42726028e-03,8.28061469e-06,1.15928606e-04,1.14815661e-15,1.72223492e-14,5.82921463e-05,8.16090048e-04,5.10326160e-05,7.65489240e-04,3.57958523e-04,5.72733636e-03,1.83141773e-13,3.11341014e-12,2.34408759e-23,4.21935766e-22,4.11699525e-06,6.99889192e-05,9.97438470e-14,1.79538925e-12,7.17611363e-05,1.43522273e-03
8.31379858e-05,4.48082260e-01,4.06551712e+03,7.35454475e-01,7.12645497e-01,7.12645497e-01,6.91396068e-02,2.76558427e-01,1.93413943e-05,2.32096732e-04,4.40553065e-08,5.72718984e-07,1.07647360e-04,1.39941568e-03,7.10032532e-06,9.94045544e-05,1.14753111e-15,1.72129667e-14,6.39131233e-05,8.94783727e-04,5.22271586e-05,7.83407379e-04,3.57639873e-04,5.72223797e-03,1.93335918e-13,3.28671061e-12,1.67677738e-23,3.01819928e-22,4.43517894e-06,7.53980419e-05,8.61062082e-14,1.54991175e-12,7.17611363e-05,1.43522273e-03
8.96150502e-05,4.48080878e-01,4.06547950e+03,7.03035610e-01,7.12634994e-01,7.12634994e-01,6.91396126e-02,2.76558451e-01,1.61827711e-05,1.94193253e-04,3.25684886e-08,4.23390352e-07,1.04884043e-04,1.36349256e-03,6.01432794e-06,8.42005912e-05,1.14939515e-15,1.72409273e-14,6.98348096e-05,9.77687334e-04,5.33246447e-05,7.99869670e-04,3.57296742e-04,5.71674788e-03,2.05257602e-13,3.48937924e-12,1.18172877e-23,2.12711179e-22,4.77774249e-06,8.12216222e-05,7.36297317e-14,1.32533517e-12,7.17611363e-05,1.43522273e-03
9.65967258e-05,4.48079389e-01,4.06543895e+03,6.70117520e-01,7.12624624e-01,7.12624624e-01,6.91396188e-02,2.76558475e-01,1.33533254e-05,1.60239905e-04,2.35172284e-08,3.05723969e-07,1.01514993e-04,1.31969490e-03,5.02776315e-06,7.03886841e-05,1.15326892e-15,1.72990337e-14,7.60330385e-05,1.06446254e-03,5.43202633e-05,8.14803950e-04,3.56927277e-04,5.71083643e-03,2.18754941e-13,3.71883399e-12,8.20802638e-24,1.47744475e-22,5.14652008e-06,8.74908413e-05,6.23828879e-14,1.12289198e-12,7.17611364e-05,1.43522273e-03
1.04122326e-04,4.48077783e-01,4.06539524e+03,6.37392672e-01,7.12614419e-01,7.12614419e-01,6.91396254e-02,2.76558502e-01,1.08549615e-05,1.30259538e-04,1.65565966e-08,2.15235755e-07,9.75694739e-05,1.26840316e-03,4.14377249e-06,5.80128149e-05,1.15862949e-15,1.73794423e-14,8.24766430e-05,1.15467300e-03,5.52112181e-05,8.28168271e-04,3.56529488e-04,5.70447181e-03,2.33847926e-13,3.97541474e-12,5.62199806e-24,1.01195965e-22,5.54347842e-06,9.42391331e-05,5.24119453e-14,9.43415015e-13,7.17611364e-05,1.43522273e-03
1.12234225e-04,4.48076052e-01,4.06534813e+03,6.05431614e-01,7.12604413e-01,7.12604413e-01,6.91396324e-02,2.76558530e-01,8.68288167e-06,1.04194580e-04,1.13422468e-08,1.47449208e-07,9.30904389e-05,1.21017571e-03,3.36334551e-06,4.70868371e-05,1.16494894e-15,1.74742342e-14,8.91274702e-05,1.24778458e-03,5.59968638e-05,8.39952957e-04,3.56101241e-04,5.69761986e-03,2.50595346e-13,4.26012088e-12,3.80112971e-24,6.84203348e-23,5.97072542e-06,1.01502332e-04,4.37392056e-14,7.87305701e-13,7.17611364e-05,1.43522273e-03
1.20978102e-04,4.48074186e-01,4.06529735e+03,5.74684107e-01,7.12594634e-01,7.12594634e-01,6.91396398e-02,2.76558559e-01,6.82576507e-06,8.19091808e-05,7.54488254e-09,9.80834730e-08,8.81340702e-05,1.14574291e-03,2.68526214e-06,3.75936700e-05,1.17173020e-15,1.75759530e-14,9.59406600e-05,1.34316924e-03,5.66787500e-05,8.50181249e-04,3.55640248e-04,5.69024397e-03,2.69061892e-13,4.57405217e-12,2.54142705e-24,4.57456869e-23,6.43051931e-06,1.09318828e-04,3.63625040e-14,6.54525072e-13,7.17611364e-05,1.43522273e-03
1.30403192e-04,4.48072175e-01,4.06524261e+03,5.45487456e-01,7.12585109e-01,7.12585109e-01,6.91396477e-02,2.76558591e-01,5.26627380e-06,6.31952856e-05,4.86234217e-09,6.32104482e-08,8.27687079e-05,1.07599320e-03,2.10614341e-06,2.94860078e-05,1.17853713e-15,1.76780570e-14,1.02865212e-04,1.44011297e-03,5.72605578e-05,8.58908367e-04,3.55144055e-04,5.68230488e-03,2.89313236e-13,4.91832501e-12,1.68568988e-24,3.03424179e-23,6.92527812e-06,1.17729728e-04,3.02560551e-14,5.44608993e-13,7.17611364e-05,1.43522273e-03
1.40562565e-04,4.48070008e-01,4.06518361e+03,5.18079081e-01,7.12575865e-01,7.12575865e-01,6.91396561e-02,2.76558624e-01,3.98187242e-06,4.77824690e-05,3.02846030e-09,3.93699839e-08,7.70731635e-05,1.00195113e-03,1.62061533e-06,2.26886146e-05,1.18501639e-15,1.77752459e-14,1.09844853e-04,1.53782795e-03,5.77479275e-05,8.66218913e-04,3.54610034e-04,5.67376055e-03,3.11418056e-13,5.29410695e-12,1.11567305e-24,2.00821149e-23,7.45758960e-06,1.26779023e-04,2.53726886e-14,4.56708394e-13,7.17611365e-05,1.43522273e-03
1.51513429e-04,4.48067671e-01,4.06512002e+03,4.92610972e-01,7.12566924e-01,7.12566924e-01,6.91396649e-02,2.76558660e-01,2.94592083e-06,3.53510500e-05,1.81825325e-09,2.36372922e-08,7.11344691e-05,9.24748099e-04,1.22158146e-06,1.71021404e-05,1.19090935e-15,1.78636402e-14,1.16819193e-04,1.63546871e-03,5.81481808e-05,8.72222712e-04,3.54035370e-04,5.66456592e-03,3.35451488e-13,5.70267529e-12,7.44437673e-25,1.33998781e-23,8.03022153e-06,1.36513766e-04,2.16474200e-14,3.89653560e-13,7.17611365e-05,1.43522273e-03
1.63317447e-04,4.48065153e-01,4.06505147e+03,4.69164342e-01,7.12558308e-01,7.12558308e-01,6.91396743e-02,2.76558697e-01,2.12897077e-06,2.55476493e-05,1.04942057e-09,1.36424674e-08,6.50451582e-05,8.45587057e-04,9.00589062e-07,1.26082469e-05,1.19605393e-15,1.79408090e-14,1.23725150e-04,1.73215210e-03,5.84699528e-05,8.77049291e-04,3.53417051e-04,5.65467281e-03,3.61498545e-13,6.14547526e-12,5.09422207e-25,9.16959973e-24,8.64613230e-06,1.46984249e-04,1.90021865e-14,3.42039357e-13,7.17611365e-05,1.43522273e-03
1.76041084e-04,4.48062438e-01,4.06497758e+03,4.47763389e-01,7.12550038e-01,7.12550038e-01,6.91396841e-02,2.76558736e-01,1.50017275e-06,1.80020730e-05,5.80582042e-10,7.54756655e-09,5.89002161e-05,7.65702810e-04,6.48263686e-07,9.07569160e-06,1.20037735e-15,1.80056603e-14,1.30498589e-04,1.82698025e-03,5.87227594e-05,8.80841391e-04,3.52751853e-04,5.64402965e-03,3.89657009e-13,6.62416916e-12,3.66528762e-25,6.59751771e-24,9.30848188e-06,1.58244192e-04,1.73514562e-14,3.12326212e-13,7.17611366e-05,1.43522273e-03
1.89755988e-04,4.48059512e-01,4.06489794e+03,4.28387582e-01,7.12542133e-01,7.12542133e-01,6.91396945e-02,2.76558778e-01,1.02868509e-06,1.23442211e-05,3.07002642e-10,3.99103435e-09,5.27938727e-05,6.86320345e-04,4.54779046e-07,6.36690664e-06,1.20388192e-15,1.80582288e-14,1.37076126e-04,1.91906577e-03,5.89165320e-05,8.83747979e-04,3.52036334e-04,5.63258134e-03,4.20039563e-13,7.14067257e-12,2.85314272e-25,5.13565690e-24,1.00206430e-05,1.70350931e-04,1.66083295e-14,2.98949931e-13,7.17611366e-05,1.43522273e-03
2.04539383e-04,4.48056357e-01,4.06481209e+03,4.10982220e-01,7.12534611e-01,7.12534611e-01,6.91397053e-02,2.76558821e-01,6.84973536e-07,8.21968243e-06,1.54744513e-10,2.01167867e-09,4.68164248e-05,6.08613523e-04,3.10324366e-07,4.34454113e-06,1.20662658e-15,1.80993988e-14,1.43397000e-04,2.00755801e-03,5.90611553e-05,8.85917330e-04,3.51266812e-04,5.62026899e-03,4.52775071e-13,7.69717621e-12,2.45227804e-25,4.41410048e-24,1.07862124e-05,1.83365612e-04,1.66906946e-14,3.00432503e-13,7.17611367e-05,1.43522273e-03
2.20474515e-04,4.48052957e-01,4.06471956e+03,3.95467275e-01,7.12527487e-01,7.12527487e-01,6.91397168e-02,2.76558867e-01,4.41900866e-07,5.30281039e-06,7.42025650e-11,9.64633345e-10,4.10512771e-05,5.33666603e-04,2.05531059e-07,2.87743483e-06,1.20870719e-15,1.81306078e-14,1.49404947e-04,2.09166925e-03,5.91660479e-05,8.87490718e-04,3.50439360e-04,5.60702976e-03,4.88009091e-13,8.29615454e-12,2.32753094e-25,4.18955569e-24,1.16090226e-05,1.97353385e-04,1.75269995e-14,3.15485991e-13,7.17611367e-05,1.43522273e-03
2.37651111e-04,4.48049293e-01,4.06461982e+03,3.81744622e-01,7.12520775e-01,7.12520775e-01,6.91397287e-02,2.76558915e-01,2.75530017e-07,3.30636020e-06,3.38462630e-11,4.40001419e-10,3.55723649e-05,4.62440743e-04,1.31825326e-07,1.84555457e-06,1.21023795e-15,1.81535693e-14,1.55049968e-04,2.17069956e-03,5.92398152e-05,8.88597228e-04,3.49549790e-04,5.59279664e-03,5.25903763e-13,8.94036396e-12,2.39289098e-25,4.30720376e-24,1.24931529e-05,2.12383599e-04,1.90612592e-14,3.43102666e-13,7.17611368e-05,1.43522274e-03
2.56165892e-04,4.48045342e-01,4.06451231e+03,3.69703846e-01,7.12514485e-01,7.12514485e-01,6.91397411e-02,2.76558964e-01,1.65599018e-07,1.98718822e-06,1.47523881e-11,1.91781045e-10,3.04420894e-05,3.95747163e-04,8.16823957e-08,1.14355354e-06,1.21133606e-15,1.81700408e-14,1.60289928e-04,2.24405899e-03,5.92900012e-05,8.89350018e-04,3.48593638e-04,5.57749821e-03,5.66637331e-13,9.63283463e-12,2.59610491e-25,4.67298884e-24,1.34429408e-05,2.28529993e-04,2.12570273e-14,3.82626492e-13,7.17611368e-05,1.43522274e-03
2.76123110e-04,4.48041084e-01,4.06439644e+03,3.59226826e-01,7.12508622e-01,7.12508622e-01,6.91397540e-02,2.76559016e-01,9.56657830e-08,1.14798940e-06,6.23827164e-12,8.10975313e-11,2.57098482e-05,3.34228027e-04,4.87704538e-08,6.82786353e-07,1.21211039e-15,1.81816559e-14,1.65091871e-04,2.31128620e-03,5.93229486e-05,8.89844229e-04,3.47566151e-04,5.56105842e-03,6.10403517e-13,1.03768598e-11,2.90774481e-25,5.23394066e-24,1.44629931e-05,2.45870882e-04,2.41002101e-14,4.33803782e-13,7.17611369e-05,1.43522274e-03
2.97635144e-04,4.48036495e-01,4.06427153e+03,3.50191283e-01,7.12503185e-01,7.12503185e-01,6.91397674e-02,2.76559070e-01,5.29590981e-08,6.35509178e-07,2.65458885e-12,3.45096550e-11,2.14111923e-05,2.78345500e-04,2.79859274e-08,3.91802984e-07,1.21265466e-15,1.81898198e-14,1.69433019e-04,2.37206227e-03,5.93437670e-05,8.90156504e-04,3.46462276e-04,5.54339641e-03,6.57410941e-13,1.11759860e-11,3.31366055e-25,5.96458900e-24,1.55581961e-05,2.64489334e-04,2.76007645e-14,4.96813761e-13,7.17611370e-05,1.43522274e-03
3.20823125e-04,4.48031548e-01,4.06413690e+03,3.42473473e-01,7.12498168e-01,7.12498168e-01,6.91397812e-02,2.76559125e-01,2.80023512e-08,3.36028214e-07,1.21518783e-12,1.57974417e-11,1.75676020e-05,2.28378826e-04,1.53942903e-08,2.15520065e-07,1.21304437e-15,1.81956655e-14,1.73301369e-04,2.42621916e-03,5.93563938e-05,8.90345908e-04,3.45276644e-04,5.52442630e-03,7.07882713e-13,1.20340061e-11,3.80995195e-25,6.85791351e-24,1.67337256e-05,2.84473336e-04,3.17934722e-14,5.72282499e-13,7.17611371e-05,1.43522274e-03
3.45817620e-04,4.48026215e-01,4.06399179e+03,3.35950175e-01,7.12493557e-01,7.12493557e-01,6.91397954e-02,2.76559181e-01,1.40936505e-08,1.69123806e-07,6.44727222e-13,8.38145389e-12,1.41868380e-05,1.84428894e-04,8.09991213e-09,1.13398770e-07,1.21333686e-15,1.82000529e-14,1.76695860e-04,2.47374205e-03,5.93637265e-05,8.90455897e-04,3.44003558e-04,5.50405693e-03,7.62056212e-13,1.29549556e-11,4.39976567e-25,7.91957821e-24,1.79950551e-05,3.05915937e-04,3.67380954e-14,6.61285718e-13,7.17611372e-05,1.43522274e-03
3.72759372e-04,4.48020467e-01,4.06383538e+03,3.30500143e-01,7.12489329e-01,7.12489329e-01,6.91398098e-02,2.76559239e-01,6.72808918e-09,8.07370701e-08,4.04052032e-13,5.25267642e-12,1.12638071e-05,1.46429492e-04,4.07319784e-09,5.70247697e-08,1.21357332e-15,1.82035997e-14,1.79626092e-04,2.51476529e-03,5.93677953e-05,8.90516929e-04,3.42636984e-04,5.48219174e-03,8.20183056e-13,1.39431120e-11,5.09136730e-25,9.16446114e-24,1.93479632e-05,3.28915374e-04,4.25192817e-14,7.65347071e-13,7.17611373e-05,1.43522275e-03
4.01800086e-04,4.48014272e-01,4.06366679e+03,3.26005163e-01,7.12485454e-01,7.12485454e-01,6.91398246e-02,2.76559298e-01,3.03628097e-09,3.64353716e-08,2.83595980e-13,3.68674774e-12,8.78187052e-06,1.14164317e-04,1.96297863e-09,2.74817008e-08,1.21378180e-15,1.82067270e-14,1.82111570e-04,2.54956198e-03,5.93699520e-05,8.90549281e-04,3.41170535e-04,5.45872856e-03,8.82529171e-13,1.50029959e-11,5.89707188e-25,1.06147294e-23,2.07985394e-05,3.53575170e-04,4.92465816e-14,8.86438469e-13,7.17611374e-05,1.43522275e-03
4.33103286e-04,4.48007594e-01,4.06348507e+03,3.22350870e-01,7.12481894e-01,7.12481894e-01,6.91398395e-02,2.76559358e-01,1.29227020e-09,1.55072424e-08,2.08581397e-13,2.71155817e-12,6.71452090e-06,8.72887717e-05,9.17519498e-10,1.28452730e-08,1.21398053e-15,1.82097080e-14,1.84180527e-04,2.57852738e-03,5.93710490e-05,8.90565734e-04,3.39597466e-04,5.43355946e-03,9.49374906e-13,1.61393734e-11,6.83273690e-25,1.22989264e-23,2.23531871e-05,3.80004181e-04,5.70548981e-14,1.02698817e-12,7.17611375e-05,1.43522275e-03
4.66845237e-04,4.48000395e-01,4.06328920e+03,3.19427467e-01,7.12478604e-01,7.12478604e-01,6.91398545e-02,2.76559418e-01,5.19311174e-10,6.23173409e-09,1.54245791e-13,2.00519528e-12,5.02734814e-06,6.53555258e-05,4.30180282e-10,6.02252395e-09,1.21418085e-15,1.82127127e-14,1.85868348e-04,2.60215688e-03,5.93715932e-05,8.90573898e-04,3.37910665e-04,5.40657064e-03,1.02101513e-12,1.73572572e-11,7.91762248e-25,1.42517205e-23,2.40186246e-05,4.08316618e-04,6.61056010e-14,1.18990082e-12,7.17611377e-05,1.43522275e-03
5.03215936e-04,4.47992636e-01,4.06307808e+03,3.17130458e-01,7.12475536e-01,7.12475536e-01,6.91398695e-02,2.76559478e-01,1.99479443e-10,2.39375331e-09,1.12529055e-13,1.46287772e-12,3.68020551e-06,4.78426717e-05,2.17662824e-10,3.04727954e-09,1.21438967e-15,1.82158450e-14,1.87215696e-04,2.62101974e-03,5.93718685e-05,8.90578027e-04,3.36102646e-04,5.37764234e-03,1.09775922e-12,1.86619067e-11,9.17449924e-25,1.65140986e-23,2.58018820e-05,4.38631994e-04,7.65884517e-14,1.37859213e-12,7.17611379e-05,1.43522276e-03
5.42420181e-04,4.47984273e-01,4.06285053e+03,3.15361468e-01,7.12472636e-01,7.12472636e-01,6.91398843e-02,2.76559537e-01,7.65925526e-11,9.19110632e-10,8.03447010e-14,1.04448111e-12,2.62947264e-06,3.41831444e-05,1.31672968e-10,1.84342155e-09,1.21461123e-15,1.82191684e-14,1.88266444e-04,2.63573022e-03,5.93720238e-05,8.90580356e-04,3.34165550e-04,5.34664880e-03,1.17993095e-12,2.00588261e-11,1.06299348e-24,1.91338826e-23,2.77102951e-05,4.71075018e-04,8.87244048e-14,1.59703929e-12,7.17611381e-05,1.43522276e-03
5.84678728e-04,4.47975258e-01,4.06260527e+03,3.14029164e-01,7.12469850e-01,7.12469850e-01,6.91398988e-02,2.76559595e-01,3.30169076e-11,3.96202892e-10,5.59274817e-14,7.27057262e-13,1.83029589e-06,2.37938466e-05,9.98748536e-11,1.39824795e-09,1.21484833e-15,1.82227250e-14,1.89065563e-04,2.64691788e-03,5.93721320e-05,8.90581981e-04,3.32091143e-04,5.31345828e-03,1.26786817e-12,2.15537589e-11,1.23147208e-24,2.21664975e-23,2.97514940e-05,5.05775397e-04,1.02769300e-13,1.84984741e-12,7.17611383e-05,1.43522277e-03
6.30229527e-04,4.47965541e-01,4.06234091e+03,3.13050232e-01,7.12467125e-01,7.12467125e-01,6.91399128e-02,2.76559651e-01,1.88711661e-11,2.26453994e-10,3.78579978e-14,4.92153971e-13,1.23867606e-06,1.61027887e-05,8.95535907e-11,1.25375027e-09,1.21510305e-15,1.82265458e-14,1.89657099e-04,2.65519938e-03,5.93722268e-05,8.90583402e-04,3.29870820e-04,5.27793313e-03,1.36192231e-12,2.31526793e-11,1.42644221e-24,2.56759598e-23,3.19333857e-05,5.42867557e-04,1.19018440e-13,2.14233191e-12,7.17611386e-05,1.43522277e-03
6.79329072e-04,4.47955068e-01,4.06205598e+03,3.12350292e-01,7.12464410e-01,7.12464410e-01,6.91399262e-02,2.76559705e-01,1.47330752e-11,1.76796902e-10,2.48631142e-14,3.23220484e-13,8.13274695e-07,1.05725710e-05,8.70680705e-11,1.21895299e-09,1.21537718e-15,1.82306578e-14,1.90082407e-04,2.66115370e-03,5.93723225e-05,8.90584838e-04,3.27495622e-04,5.23992994e-03,1.46245761e-12,2.48617793e-11,1.65200373e-24,2.97360671e-23,3.42641315e-05,5.82490236e-04,1.37812039e-13,2.48061671e-12,7.17611388e-05,1.43522278e-03
7.32253834e-04,4.47943778e-01,4.06174888e+03,3.11864620e-01,7.12461656e-01,7.12461656e-01,6.91399388e-02,2.76559755e-01,1.37019774e-11,1.64423729e-10,1.58049776e-14,2.05464709e-13,5.16828904e-07,6.71877576e-06,8.72089549e-11,1.22092537e-09,1.21567246e-15,1.82350868e-14,1.90378756e-04,2.66530258e-03,5.93724255e-05,8.90586383e-04,3.24956241e-04,5.19929986e-03,1.56985002e-12,2.66874504e-11,1.91287718e-24,3.44317893e-23,3.67521154e-05,6.24785962e-04,1.59541579e-13,2.87174843e-12,7.17611392e-05,1.43522278e-03
7.89301826e-04,4.47931610e-01,4.06141787e+03,3.11538539e-01,7.12458821e-01,7.12458821e-01,6.91399504e-02,2.76559802e-01,1.35571344e-11,1.62685613e-10,9.70021328e-15,1.26102773e-13,3.17100550e-07,4.12230716e-06,8.81702920e-11,1.23438409e-09,1.21599064e-15,1.82398596e-14,1.90578384e-04,2.66809737e-03,5.93725388e-05,8.90588081e-04,3.22243055e-04,5.15588888e-03,1.68448584e-12,2.86362594e-11,2.21449270e-24,3.98608686e-23,3.94059044e-05,6.69900375e-04,1.84657086e-13,3.32382755e-12,7.17611396e-05,1.43522279e-03
8.50794280e-04,4.47918493e-01,4.06106110e+03,3.11327382e-01,7.12455866e-01,7.12455866e-01,6.91399608e-02,2.76559843e-01,1.36583435e-11,1.63900122e-10,5.73254889e-15,7.45231356e-14,1.87335001e-07,2.43535501e-06,8.93922639e-11,1.25149170e-09,1.21633362e-15,1.82450042e-14,1.90708045e-04,2.66991263e-03,5.93726642e-05,8.90589963e-04,3.19346149e-04,5.10953838e-03,1.80675987e-12,3.07149178e-11,2.56309126e-24,4.61356426e-23,4.22341985e-05,7.17981375e-04,2.13675416e-13,3.84615750e-12,7.17611400e-05,1.43522280e-03
9.17077451e-04,4.47904356e-01,4.06067658e+03,3.11195990e-01,7.12452758e-01,7.12452758e-01,6.91399697e-02,2.76559879e-01,1.38449743e-11,1.66139691e-10,3.25267934e-15,4.22848314e-14,1.06258339e-07,1.38135840e-06,9.07254759e-11,1.27015666e-09,1.21670338e-15,1.82505507e-14,1.90789012e-04,2.67104616e-03,5.93728036e-05,8.90592054e-04,3.16255359e-04,5.06008574e-03,1.93707314e-12,3.29302434e-11,2.96583957e-24,5.33851122e-23,4.52457693e-05,7.69178077e-04,2.47189635e-13,4.44941342e-12,7.17611405e-05,1.43522281e-03
9.88524571e-04,4.47889117e-01,4.06026214e+03,3.11117793e-01,7.12449469e-01,7.12449469e-01,6.91399769e-02,2.76559908e-01,1.40868586e-11,1.69042303e-10,1.76656743e-15,2.29653766e-14,5.76904949e-08,7.49976433e-07,9.21404794e-11,1.28996671e-09,1.21710209e-15,1.82565313e-14,1.90837463e-04,2.67172448e-03,5.93729589e-05,8.90594383e-04,3.12960323e-04,5.00736516e-03,2.07583014e-12,3.52891123e-11,3.43095986e-24,6.17572776e-23,4.84493849e-05,8.23639543e-04,2.85879581e-13,5.14583246e-12,7.17611410e-05,1.43522282e-03
1.06553795e-03,4.47872692e-01,4.05981545e+03,3.11073578e-01,7.12445975e-01,7.12445975e-01,6.91399821e-02,2.76559929e-01,1.43862902e-11,1.72635483e-10,9.15419320e-16,1.19004512e-14,2.98857431e-08,3.88514660e-07,9.36379222e-11,1.31093091e-09,1.21753205e-15,1.82629808e-14,1.90865144e-04,2.67211201e-03,5.93731323e-05,8.90596984e-04,3.09450542e-04,4.95120867e-03,2.22343540e-12,3.77984019e-11,3.96787610e-24,7.14217699e-23,5.18537212e-05,8.81513261e-04,3.30523752e-13,5.94942753e-12,7.17611416e-05,1.43522283e-03
1.14855124e-03,4.47854988e-01,4.05933403e+03,3.11050102e-01,7.12442253e-01,7.12442253e-01,6.91399852e-02,2.76559941e-01,1.47540154e-11,1.77048185e-10,4.51134625e-16,5.86475013e-15,1.47257491e-08,1.91434739e-07,9.52241503e-11,1.33313810e-09,1.21799577e-15,1.82699365e-14,1.90880171e-04,2.67232240e-03,5.93733263e-05,8.90599895e-04,3.05715456e-04,4.89144730e-03,2.38028950e-12,4.04649216e-11,4.58737823e-24,8.25728082e-23,5.54672556e-05,9.42943346e-04,3.82012607e-13,6.87622693e-12,7.17611424e-05,1.43522285e-03
1.23803188e-03,4.47835905e-01,4.05881516e+03,3.11038690e-01,7.12438285e-01,7.12438285e-01,6.91399857e-02,2.76559943e-01,1.52043396e-11,1.82452075e-10,2.10828568e-16,2.74077138e-15,6.88314211e-09,8.94808474e-08,9.69055957e-11,1.35667834e-09,1.21849592e-15,1.82774387e-14,1.90887873e-04,2.67243022e-03,5.93735440e-05,8.90603160e-04,3.01744535e-04,4.82791255e-03,2.54678423e-12,4.32953319e-11,5.30180620e-24,9.54325116e-23,5.92981432e-05,1.00806843e-03,4.41363434e-13,7.94454181e-12,7.17611432e-05,1.43522286e-03
1.33448373e-03,4.47815337e-01,4.05825594e+03,3.11033970e-01,7.12434054e-01,7.12434054e-01,6.91399836e-02,2.76559934e-01,1.57545549e-11,1.89054659e-10,9.32899771e-17,1.21276970e-15,3.04934977e-09,3.96415470e-08,9.86878379e-11,1.38162973e-09,1.21903541e-15,1.82855311e-14,1.90891556e-04,2.67248178e-03,5.93737890e-05,8.90606834e-04,2.97527383e-04,4.76043813e-03,2.72329702e-12,4.62960493e-11,6.12525531e-24,1.10254595e-22,6.33540727e-05,1.07701924e-03,5.09736874e-13,9.17526372e-12,7.17611441e-05,1.43522288e-03
1.43844989e-03,4.47793167e-01,4.05765324e+03,3.11032803e-01,7.12429545e-01,7.12429545e-01,6.91399784e-02,2.76559914e-01,1.64252422e-11,1.97102906e-10,3.92054549e-17,5.09670914e-16,1.28647969e-09,1.67242360e-08,1.00575623e-10,1.40805872e-09,1.21961737e-15,1.82942606e-14,1.90893158e-04,2.67250421e-03,5.93740653e-05,8.90610979e-04,2.93053867e-04,4.68886187e-03,2.91018444e-12,4.94731356e-11,7.07380473e-24,1.27328485e-22,6.76421009e-05,1.14991572e-03,5.88455248e-13,1.05921945e-11,7.17611451e-05,1.43522290e-03
1.55051578e-03,4.47769272e-01,4.05700369e+03,3.11033481e-01,7.12424742e-01,7.12424742e-01,6.91399700e-02,2.76559880e-01,1.72407611e-11,2.06889133e-10,1.59173265e-17,2.06925244e-16,5.28158035e-10,6.86605445e-09,1.02572990e-10,1.43602186e-09,1.22024522e-15,1.83036783e-14,1.90893745e-04,2.67251243e-03,5.93743779e-05,8.90615668e-04,2.88314257e-04,4.61302812e-03,3.10777479e-12,5.28321714e-11,8.16577080e-24,1.46983874e-22,7.21684637e-05,1.22686388e-03,6.79022776e-13,1.22224100e-11,7.17611463e-05,1.43522293e-03
1.67131243e-03,4.47743516e-01,4.05630364e+03,3.11035137e-01,7.12419632e-01,7.12419632e-01,6.91399581e-02,2.76559832e-01,1.82298090e-11,2.18757708e-10,6.60250493e-18,8.58325641e-17,2.25405342e-10,2.93026945e-09,1.04683348e-10,1.46556687e-09,1.22092261e-15,1.83138391e-14,1.90893866e-04,2.67251413e-03,5.93747325e-05,8.90620988e-04,2.83299395e-04,4.53279033e-03,3.31635954e-12,5.63781121e-11,9.42198640e-24,1.69595755e-22,7.69383622e-05,1.30795216e-03,7.83147763e-13,1.40966597e-11,7.17611477e-05,1.43522295e-03
1.80152004e-03,4.47715755e-01,4.05554920e+03,3.11037380e-01,7.12414200e-01,7.12414200e-01,6.91399425e-02,2.76559770e-01,1.94260286e-11,2.33112344e-10,3.19020066e-18,4.14726086e-17,1.15035294e-10,1.49545882e-09,1.06909485e-10,1.49673279e-09,1.22165353e-15,1.83248029e-14,1.90893785e-04,2.67251299e-03,5.93751362e-05,8.90627042e-04,2.78000878e-04,4.44801404e-03,3.53618380e-12,6.01151246e-11,1.08661078e-23,1.95589940e-22,8.19557233e-05,1.39324730e-03,9.02766841e-13,1.62498031e-11,7.17611492e-05,1.43522298e-03
1.94187178e-03,4.47685833e-01,4.05473613e+03,3.11040061e-01,7.12408433e-01,7.12408433e-01,6.91399230e-02,2.76559692e-01,2.08686549e-11,2.50423859e-10,2.09287690e-18,2.72073997e-17,8.01545127e-11,1.04200867e-09,1.09253519e-10,1.52954927e-09,1.22244229e-15,1.83366343e-14,1.90893619e-04,2.67251066e-03,5.93755968e-05,8.90633953e-04,2.72411267e-04,4.35858027e-03,3.76743563e-12,6.40464058e-11,1.25249495e-23,2.25449092e-22,8.72229341e-05,1.48278988e-03,1.04007123e-12,1.87212821e-11,7.17611510e-05,1.43522302e-03
2.09315797e-03,4.47653582e-01,4.05385990e+03,3.11043152e-01,7.12402319e-01,7.12402319e-01,6.91398994e-02,2.76559598e-01,2.26031892e-11,2.71238270e-10,1.84181940e-18,2.39436521e-17,7.29592281e-11,9.48469965e-10,1.11716810e-10,1.56403533e-09,1.22329356e-15,1.83494034e-14,1.90893415e-04,2.67250781e-03,5.93761242e-05,8.90641864e-04,2.66524322e-04,4.26438915e-03,4.01023417e-12,6.81739808e-11,1.44288485e-23,2.59719273e-22,9.27405486e-05,1.57658933e-03,1.19753509e-12,2.15556316e-11,7.17611530e-05,1.43522306e-03
2.25623046e-03,4.47618822e-01,4.05291562e+03,3.11046680e-01,7.12395846e-01,7.12395846e-01,6.91398716e-02,2.76559486e-01,2.46820835e-11,2.96185002e-10,1.88778408e-18,2.45411931e-17,7.56055892e-11,9.82872660e-10,1.14299832e-10,1.60019765e-09,1.22421242e-15,1.83631863e-14,1.90893194e-04,2.67250471e-03,5.93767298e-05,8.90650947e-04,2.60335257e-04,4.16536411e-03,4.26461660e-12,7.24984821e-11,1.66120560e-23,2.99017007e-22,9.85069700e-05,1.67461849e-03,1.37794576e-12,2.48030237e-11,7.17611552e-05,1.43522310e-03
2.43200751e-03,4.47581356e-01,4.05189802e+03,3.11050706e-01,7.12389003e-01,7.12389003e-01,6.91398394e-02,2.76559358e-01,2.71654115e-11,3.25984938e-10,2.04611800e-18,2.65995340e-17,8.21217023e-11,1.06758213e-09,1.17002039e-10,1.63802854e-09,1.22520438e-15,1.83780657e-14,1.90892963e-04,2.67250148e-03,5.93774272e-05,8.90661407e-04,2.53841011e-04,4.06145618e-03,4.53052412e-12,7.70189101e-11,1.91131574e-23,3.44036834e-22,1.04518108e-04,1.77680784e-03,1.58443582e-12,2.85198448e-11,7.17611578e-05,1.43522316e-03
2.62147890e-03,4.47540975e-01,4.05080143e+03,3.11055307e-01,7.12381780e-01,7.12381780e-01,6.91398028e-02,2.76559211e-01,3.01214972e-11,3.61457966e-10,2.26372258e-18,2.94283936e-17,9.08178861e-11,1.18063252e-09,1.19821699e-10,1.67750379e-09,1.22627541e-15,1.83941312e-14,1.90892725e-04,2.67249815e-03,5.93782325e-05,8.90673488e-04,2.47040553e-04,3.95264884e-03,4.80778680e-12,8.17323756e-11,2.19755184e-23,3.95559332e-22,1.10767016e-04,1.88303927e-03,1.82051667e-12,3.27693001e-11,7.17611607e-05,1.43522321e-03
2.82571150e-03,4.47497452e-01,4.04961974e+03,3.11060577e-01,7.12374170e-01,7.12374170e-01,6.91397617e-02,2.76559047e-01,3.36274555e-11,4.03529467e-10,2.53070653e-18,3.28991849e-17,1.01411966e-10,1.31835556e-09,1.22755732e-10,1.71858025e-09,1.22743203e-15,1.84114805e-14,1.90892486e-04,2.67249481e-03,5.93791652e-05,8.90687478e-04,2.39935181e-04,3.83896290e-03,5.09610774e-12,8.66338315e-11,2.52477497e-23,4.54459495e-22,1.17243510e-04,1.99313967e-03,2.09011304e-12,3.76220347e-11,7.17611640e-05,1.43522328e-03
3.04585534e-03,4.47450544e-01,4.04834637e+03,3.11066631e-01,7.12366165e-01,7.12366165e-01,6.91397161e-02,2.76558864e-01,3.77696158e-11,4.53235389e-10,2.85034058e-18,3.70544275e-17,1.14052474e-10,1.48268216e-09,1.25799529e-10,1.76119340e-09,1.22868132e-15,1.84302198e-14,1.90892250e-04,2.67249150e-03,5.93802482e-05,8.90703723e-04,2.32528862e-04,3.72046180e-03,5.39504631e-12,9.17157872e-11,2.89841960e-23,5.21715529e-22,1.23933779e-04,2.10687424e-03,2.39759857e-12,4.31567742e-11,7.17611677e-05,1.43522335e-03
3.28315001e-03,4.47399986e-01,4.04697424e+03,3.11073601e-01,7.12357762e-01,7.12357762e-01,6.91396661e-02,2.76558664e-01,4.26437514e-11,5.11725017e-10,3.22995881e-18,4.19894646e-17,1.29022862e-10,1.67729720e-09,1.28946777e-10,1.80525488e-09,1.23003100e-15,1.84504649e-14,1.90892023e-04,2.67248832e-03,5.93815090e-05,8.90722634e-04,2.24828551e-04,3.59725681e-03,5.70400129e-12,9.69680219e-11,3.32454314e-23,5.98417766e-22,1.30819989e-04,2.22393982e-03,2.74783096e-12,4.94609572e-11,7.17611719e-05,1.43522344e-03
3.53893170e-03,4.47345495e-01,4.04549574e+03,3.11081645e-01,7.12348958e-01,7.12348958e-01,6.91396118e-02,2.76558447e-01,4.83550592e-11,5.80260710e-10,3.67852508e-18,4.78208260e-17,1.46661990e-10,1.90660587e-09,1.32189292e-10,1.85065009e-09,1.23148947e-15,1.84723420e-14,1.90891812e-04,2.67248537e-03,5.93829802e-05,8.90744703e-04,2.16844515e-04,3.46951224e-03,6.02219429e-12,1.02377303e-10,3.80987550e-23,6.85777591e-22,1.37879909e-04,2.34395846e-03,3.14618598e-12,5.66313477e-11,7.17611766e-05,1.43522353e-03
3.81464066e-03,4.47286767e-01,4.04390265e+03,3.11090952e-01,7.12339754e-01,7.12339754e-01,6.91395533e-02,2.76558213e-01,5.50178427e-11,6.60214113e-10,4.20605269e-18,5.46786850e-17,1.67344488e-10,2.17547834e-09,1.35516847e-10,1.89723586e-09,1.23306592e-15,1.84959888e-14,1.90891630e-04,2.67248282e-03,5.93847009e-05,8.90770514e-04,2.08590661e-04,3.33745058e-03,6.34865296e-12,1.07927100e-10,4.36186903e-23,7.85136426e-22,1.45086535e-04,2.46647109e-03,3.59859042e-12,6.47746276e-11,7.17611820e-05,1.43522364e-03
4.11182940e-03,4.47223472e-01,4.04218616e+03,3.11101741e-01,7.12330153e-01,7.12330153e-01,6.91394909e-02,2.76557964e-01,6.27547816e-11,7.53057379e-10,4.82345426e-18,6.27049054e-17,1.91474702e-10,2.48917113e-09,1.38917029e-10,1.94483841e-09,1.23477039e-15,1.85215559e-14,1.90891488e-04,2.67248083e-03,5.93867175e-05,8.90800763e-04,2.00084815e-04,3.20135703e-03,6.68219612e-12,1.13597334e-10,4.98874544e-23,8.97974179e-22,1.52407770e-04,2.59093209e-03,4.11155094e-12,7.40079168e-11,7.17611880e-05,1.43522376e-03
4.43217134e-03,4.47155256e-01,4.04033675e+03,3.11114275e-01,7.12320162e-01,7.12320162e-01,6.91394248e-02,2.76557699e-01,7.16957566e-11,8.60349079e-10,5.54245742e-18,7.20519465e-17,2.19482415e-10,2.85327139e-09,1.42375116e-10,1.99325162e-09,1.23661387e-15,1.85492081e-14,1.90891405e-04,2.67247967e-03,5.93890853e-05,8.90836280e-04,1.91348977e-04,3.06158362e-03,7.02142030e-12,1.19364145e-10,5.69953976e-23,1.02591716e-21,1.59806156e-04,2.71670465e-03,4.69217868e-12,8.44592162e-11,7.17611947e-05,1.43522389e-03
4.77747029e-03,4.47081738e-01,4.03834420e+03,3.11128864e-01,7.12309788e-01,7.12309788e-01,6.91393553e-02,2.76557421e-01,8.19761318e-11,9.83713582e-10,6.37549582e-18,8.28814456e-17,2.51817338e-10,3.27362539e-09,1.45873987e-10,2.04223582e-09,1.23860840e-15,1.85791259e-14,1.90891401e-04,2.67247961e-03,5.93918700e-05,8.90878051e-04,1.82409515e-04,2.91855225e-03,7.36468928e-12,1.25199718e-10,6.50413895e-23,1.17074501e-21,1.67238680e-04,2.84305755e-03,5.34820739e-12,9.62677330e-11,7.17612023e-05,1.43522405e-03
5.14967058e-03,4.47002505e-01,4.03619753e+03,3.11145873e-01,7.12299046e-01,7.12299046e-01,6.91392827e-02,2.76557131e-01,9.37344432e-11,1.12481332e-09,7.33555689e-18,9.53622395e-17,2.88941768e-10,3.75624298e-09,1.49394080e-10,2.09151712e-09,1.24076716e-15,1.86115074e-14,1.90891503e-04,2.67248104e-03,5.93951498e-05,8.90927248e-04,1.73297293e-04,2.77275670e-03,7.71012684e-12,1.31072156e-10,7.41331371e-23,1.33439647e-21,1.74656676e-04,2.96916349e-03,6.08800355e-12,1.09584064e-10,7.17612108e-05,1.43522422e-03
5.55086803e-03,4.46917115e-01,4.03388489e+03,3.11165735e-01,7.12287952e-01,7.12287952e-01,6.91392075e-02,2.76556830e-01,1.07109450e-10,1.28531341e-09,8.43597918e-18,1.09667729e-16,3.31321151e-10,4.30717496e-09,1.52913397e-10,2.14078756e-09,1.24310467e-15,1.86465701e-14,1.90891744e-04,2.67248442e-03,5.93990175e-05,8.90985262e-04,1.64047696e-04,2.62476313e-03,8.05561439e-12,1.36945445e-10,8.43874105e-23,1.51897339e-21,1.82005861e-04,3.09409963e-03,6.92056621e-12,1.24570192e-10,7.17612203e-05,1.43522441e-03
5.98332173e-03,4.46825090e-01,4.03139356e+03,3.11188962e-01,7.12276525e-01,7.12276525e-01,6.91391302e-02,2.76556521e-01,1.22236527e-10,1.46683832e-09,9.69019610e-18,1.25972549e-16,3.79412481e-10,4.93236225e-09,1.56407581e-10,2.18970613e-09,1.24563689e-15,1.86845534e-14,1.90892164e-04,2.67249029e-03,5.94035829e-05,8.91053744e-04,1.54700545e-04,2.47520872e-03,8.39879432e-12,1.42779503e-10,9.59301538e-23,1.72674277e-21,1.89226510e-04,3.21685068e-03,7.85551448e-12,1.41399261e-10,7.17612308e-05,1.43522462e-03
6.44946677e-03,4.46725918e-01,4.02870986e+03,3.11216155e-01,7.12264789e-01,7.12264789e-01,6.91390512e-02,2.76556205e-01,1.39243384e-10,1.67092061e-09,1.11114243e-17,1.44448516e-16,4.33650490e-10,5.63745637e-09,1.59850063e-10,2.23790088e-09,1.24838140e-15,1.87257210e-14,1.90892810e-04,2.67249934e-03,5.94089761e-05,8.91134642e-04,1.45299889e-04,2.32479822e-03,8.73707993e-12,1.48530359e-10,1.08896464e-22,1.96013635e-21,1.96253822e-04,3.33631498e-03,8.90306069e-12,1.60255092e-10,7.17612425e-05,1.43522485e-03
6.95192796e-03,4.46619044e-01,4.02581909e+03,3.11248025e-01,7.12252769e-01,7.12252769e-01,6.91389712e-02,2.76555885e-01,1.58245191e-10,1.89894229e-09,1.27123001e-17,1.65259902e-16,4.94431829e-10,6.42761378e-09,1.63212300e-10,2.28497220e-09,1.25135758e-15,1.87703637e-14,1.90893741e-04,2.67251237e-03,5.94153507e-05,8.91230260e-04,1.35893629e-04,2.17429807e-03,9.06767333e-12,1.54150447e-10,1.23430411e-22,2.22174740e-21,2.03018467e-04,3.45131394e-03,1.00739672e-11,1.81331410e-10,7.17612555e-05,1.43522511e-03
7.49353460e-03,4.46503872e-01,4.02270542e+03,3.11285409e-01,7.12240495e-01,7.12240495e-01,6.91388906e-02,2.76555562e-01,1.79339146e-10,2.15206976e-09,1.45044671e-17,1.88558072e-16,5.62097443e-10,7.30726676e-09,1.66464095e-10,2.33049732e-09,1.25458686e-15,1.88188030e-14,1.90895024e-04,2.67253034e-03,5.94228874e-05,8.91343312e-04,1.26532990e-04,2.02452784e-03,9.38759194e-12,1.59589063e-10,1.39684691e-22,2.51432444e-21,2.09447368e-04,3.56060525e-03,1.13794851e-11,2.04830732e-10,7.17612698e-05,1.43522540e-03
8.07733640e-03,4.46379761e-01,4.01935187e+03,3.11329289e-01,7.12227999e-01,7.12227999e-01,6.91388102e-02,2.76555241e-01,2.02598652e-10,2.43118383e-09,1.64981242e-17,2.14475614e-16,6.36913570e-10,8.27987641e-09,1.69574021e-10,2.37403629e-09,1.25809295e-15,1.88713943e-14,1.90896740e-04,2.67255436e-03,5.94317991e-05,8.91476987e-04,1.17271805e-04,1.87634888e-03,9.69370454e-12,1.64792977e-10,1.57820087e-22,2.84076157e-21,2.15464706e-04,3.66289999e-03,1.28312734e-11,2.30962921e-10,7.17612856e-05,1.43522571e-03
8.70662068e-03,4.46246019e-01,4.01574019e+03,3.11380817e-01,7.12215314e-01,7.12215314e-01,6.91387306e-02,2.76554922e-01,2.28067234e-10,2.73680681e-09,1.87015446e-17,2.43120079e-16,7.19051890e-10,9.34767457e-09,1.72509942e-10,2.41513919e-09,1.26190210e-15,1.89285315e-14,1.90898983e-04,2.67258576e-03,5.94423350e-05,8.91635025e-04,1.08165627e-04,1.73065003e-03,9.98277704e-12,1.69707210e-10,1.78004744e-22,3.20408540e-21,2.20993167e-04,3.75688384e-03,1.44412980e-11,2.59943363e-10,7.17613030e-05,1.43522606e-03
9.38493086e-03,4.46101903e-01,4.01185076e+03,3.11441345e-01,7.12202475e-01,7.12202475e-01,6.91386525e-02,2.76554610e-01,2.55752426e-10,3.06902911e-09,2.11205801e-17,2.74567542e-16,8.08569486e-10,1.05114033e-08,1.75239626e-10,2.45335476e-09,1.26604342e-15,1.89906514e-14,1.90901860e-04,2.67262604e-03,5.94547866e-05,8.91821798e-04,9.92706612e-05,1.58833058e-03,1.02515282e-11,1.74275980e-10,2.00413255e-22,3.60743859e-21,2.25955420e-04,3.84124215e-03,1.62217108e-11,2.91990795e-10,7.17613220e-05,1.43522644e-03
1.01160864e-02,4.45946611e-01,4.00766254e+03,3.11512449e-01,7.12189517e-01,7.12189517e-01,6.91385768e-02,2.76554307e-01,2.85619854e-10,3.42743825e-09,2.37581673e-17,3.08856174e-16,9.05389386e-10,1.17700620e-08,1.77731442e-10,2.48824019e-09,1.27054928e-15,1.90582392e-14,1.90905495e-04,2.67267693e-03,5.94694936e-05,8.92042404e-04,9.06425400e-05,1.45028064e-03,1.04966947e-11,1.78443810e-10,2.25225576e-22,4.05406037e-21,2.30275806e-04,3.91468870e-03,1.81847101e-11,3.27324782e-10,7.17613427e-05,1.43522685e-03
1.09042044e-02,4.45779281e-01,4.00315292e+03,3.11595970e-01,7.12176475e-01,7.12176475e-01,6.91385043e-02,2.76554017e-01,3.17587788e-10,3.81105346e-09,2.66138538e-17,3.45980099e-16,1.00928255e-09,1.31206732e-08,1.79955136e-10,2.51937191e-09,1.27545562e-15,1.91318343e-14,1.90910027e-04,2.67274037e-03,5.94868510e-05,8.92302765e-04,8.23349705e-05,1.31735953e-03,1.07151039e-11,1.82156766e-10,2.52625809e-22,4.54726457e-21,2.33882196e-04,3.97599733e-03,2.03423837e-11,3.66162907e-10,7.17613652e-05,1.43522730e-03
1.17537227e-02,4.45598985e-01,3.99829765e+03,3.11694045e-01,7.12163383e-01,7.12163383e-01,6.91384356e-02,2.76553743e-01,3.51522436e-10,4.21826923e-09,2.96833661e-17,3.85883759e-16,1.11985219e-09,1.45580784e-08,1.81882653e-10,2.54635714e-09,1.28080248e-15,1.92120373e-14,1.90915611e-04,2.67281856e-03,5.95073159e-05,8.92609739e-04,7.43982942e-05,1.19037271e-03,1.09037537e-11,1.85363813e-10,2.82800888e-22,5.09041599e-21,2.36707986e-04,4.02403576e-03,2.27065404e-11,4.08717727e-10,7.17613895e-05,1.43522779e-03
1.26694246e-02,4.45404725e-01,3.99307071e+03,3.11809155e-01,7.12150273e-01,7.12150273e-01,6.91383718e-02,2.76553487e-01,3.87234282e-10,4.64681139e-09,3.29582382e-17,4.28457097e-16,1.23652136e-09,1.60747777e-08,1.83488980e-10,2.56884571e-09,1.28663447e-15,1.92995171e-14,1.90922421e-04,2.67291390e-03,5.95314161e-05,8.92971241e-04,6.68780181e-05,1.07004829e-03,1.10598954e-11,1.88018223e-10,3.15939247e-22,5.68690645e-21,2.38694128e-04,4.05780018e-03,2.52885330e-11,4.55193594e-10,7.17614158e-05,1.43522832e-03
1.36564666e-02,4.45195425e-01,3.98744421e+03,3.11944165e-01,7.12137172e-01,7.12137172e-01,6.91383138e-02,2.76553255e-01,4.24475705e-10,5.09370846e-09,3.64255193e-17,4.73531751e-16,1.35852463e-09,1.76608202e-08,1.84752993e-10,2.58654190e-09,1.29300132e-15,1.93950199e-14,1.90930645e-04,2.67302903e-03,5.95597581e-05,8.93396372e-04,5.98133789e-05,9.57014063e-04,1.11811181e-11,1.90079009e-10,3.52229537e-22,6.34013167e-21,2.39791148e-04,4.07644952e-03,2.80990802e-11,5.05783444e-10,7.17614439e-05,1.43522888e-03
1.47204064e-02,4.44969929e-01,3.98138824e+03,3.12102375e-01,7.12124105e-01,7.12124105e-01,6.91382625e-02,2.76553050e-01,4.62940314e-10,5.55528376e-09,4.00675946e-17,5.20878730e-16,1.48490517e-09,1.93037672e-08,1.85658236e-10,2.59921531e-09,1.29995857e-15,1.94993786e-14,1.90940485e-04,2.67316679e-03,5.95930369e-05,8.93895554e-04,5.32360508e-05,8.51776813e-04,1.12654276e-11,1.91512269e-10,3.91859556e-22,7.05347202e-21,2.39960990e-04,4.07933683e-03,3.11480989e-11,5.60665781e-10,7.17614740e-05,1.43522948e-03
1.58672350e-02,4.44726993e-01,3.97487077e+03,3.12287578e-01,7.12111093e-01,7.12111093e-01,6.91382189e-02,2.76552875e-01,5.02263957e-10,6.02716748e-09,4.38621131e-17,5.70207471e-16,1.61451712e-09,2.09887225e-08,1.86193640e-10,2.60671096e-09,1.30756824e-15,1.96135237e-14,1.90952158e-04,2.67333021e-03,5.96320451e-05,8.94480677e-04,4.71690101e-05,7.54704162e-04,1.13113205e-11,1.92292449e-10,4.35015391e-22,7.83027705e-21,2.39178684e-04,4.06603762e-03,3.44445465e-11,6.20001836e-10,7.17615060e-05,1.43523012e-03
1.71034100e-02,4.44465280e-01,3.96785748e+03,3.12504107e-01,7.12098151e-01,7.12098151e-01,6.91381840e-02,2.76552736e-01,5.42028009e-10,6.50433611e-09,4.77820753e-17,6.21166978e-16,1.74603525e-09,2.26984583e-08,1.86354087e-10,2.60895721e-09,1.31589968e-15,1.97384952e-14,1.90965890e-04,2.67352246e-03,5.96776832e-05,8.95165247e-04,4.16257313e-05,6.66011700e-04,1.13178444e-11,1.92403355e-10,4.81881048e-22,8.67385887e-21,2.37433606e-04,4.03637131e-03,3.79962949e-11,6.83933308e-10,7.17615399e-05,1.43523080e-03
1.84358922e-02,4.44183349e-01,3.96031167e+03,3.12756903e-01,7.12085288e-01,7.12085288e-01,6.91381590e-02,2.76552636e-01,5.81764852e-10,6.98117822e-09,5.17960732e-17,6.73348952e-16,1.87797156e-09,2.44136303e-08,1.86140827e-10,2.60597158e-09,1.32503047e-15,1.98754570e-14,1.90981913e-04,2.67374678e-03,5.97309699e-05,8.95964549e-04,3.66097099e-05,5.85755358e-04,1.12846423e-11,1.91838919e-10,5.32638598e-22,9.58749477e-21,2.34730346e-04,3.99041588e-03,4.18100371e-11,7.52580667e-10,7.17615755e-05,1.43523151e-03
1.98721847e-02,4.43879654e-01,3.95219405e+03,3.13051572e-01,7.12072512e-01,7.12072512e-01,6.91381449e-02,2.76552580e-01,6.20965853e-10,7.45159024e-09,5.58687181e-17,7.26293336e-16,2.00869988e-09,2.61130985e-08,1.85561687e-10,2.59786362e-09,1.33504745e-15,2.00257117e-14,1.91000462e-04,2.67400647e-03,5.97930531e-05,8.96895797e-04,3.21144191e-05,5.13830706e-04,1.12119773e-11,1.90603614e-10,5.87469037e-22,1.05744427e-20,2.31089018e-04,3.92851331e-03,4.58912391e-11,8.26042303e-10,7.17616129e-05,1.43523226e-03
2.14203749e-02,4.43552532e-01,3.94346264e+03,3.13394450e-01,7.12059824e-01,7.12059824e-01,6.91381431e-02,2.76552573e-01,6.59091883e-10,7.90910260e-09,5.99612632e-17,7.79496422e-16,2.13648868e-09,2.77743528e-08,1.84631056e-10,2.58483478e-09,1.34604793e-15,2.01907190e-14,1.91021769e-04,2.67430477e-03,5.98652202e-05,8.97978303e-04,2.81237130e-05,4.49979407e-04,1.11007346e-11,1.88712488e-10,6.46553971e-22,1.16379715e-20,2.26545023e-04,3.85126540e-03,5.02441451e-11,9.04394613e-10,7.17616518e-05,1.43523304e-03
2.30891806e-02,4.43200194e-01,3.93407259e+03,3.13792668e-01,7.12047221e-01,7.12047221e-01,6.91381549e-02,2.76552620e-01,6.95586306e-10,8.34703567e-09,6.40324338e-17,8.32421640e-16,2.25954183e-09,2.93740438e-08,1.83369643e-10,2.56717500e-09,1.35814102e-15,2.03721153e-14,1.91046056e-04,2.67464478e-03,5.99489091e-05,8.99233636e-04,2.46126799e-05,3.93802879e-04,1.09523998e-11,1.86190797e-10,7.10078256e-22,1.27814086e-20,2.21148218e-04,3.75951971e-03,5.48718417e-11,9.87693151e-10,7.17616922e-05,1.43523384e-03
2.48879987e-02,4.42820720e-01,3.92397602e+03,3.14254218e-01,7.12034701e-01,7.12034701e-01,6.91381816e-02,2.76552726e-01,7.29890303e-10,8.75868364e-09,6.80394678e-17,8.84513081e-16,2.37604714e-09,3.08886128e-08,1.81804016e-10,2.54525622e-09,1.37144914e-15,2.05717371e-14,1.91073527e-04,2.67502937e-03,6.00457187e-05,9.00685781e-04,2.15489190e-05,3.44782703e-04,1.07690140e-11,1.83073238e-10,7.78233709e-22,1.40082068e-20,2.14961530e-04,3.65434601e-03,5.97763853e-11,1.07597494e-09,7.17617338e-05,1.43523468e-03
2.68269580e-02,4.42412047e-01,3.91312188e+03,3.14788013e-01,7.12022259e-01,7.12022259e-01,6.91382248e-02,2.76552899e-01,7.61460115e-10,9.13752138e-09,7.19393531e-17,9.35211591e-16,2.48423123e-09,3.22950059e-08,1.79965933e-10,2.51952307e-09,1.38610980e-15,2.07916470e-14,1.91104363e-04,2.67546109e-03,6.01574195e-05,9.02361293e-04,1.88941602e-05,3.02306564e-04,1.05531073e-11,1.79402824e-10,8.51223973e-22,1.53220315e-20,2.08059088e-04,3.53700449e-03,6.49589952e-11,1.16926191e-09,7.17617764e-05,1.43523553e-03
2.89169765e-02,4.41971956e-01,3.90145573e+03,3.15403956e-01,7.12009892e-01,7.12009892e-01,6.91382861e-02,2.76553144e-01,7.89785602e-10,9.47742722e-09,7.56902375e-17,9.83973088e-16,2.58241910e-09,3.35714483e-08,1.77891538e-10,2.49048153e-09,1.40227763e-15,2.10341645e-14,1.91138716e-04,2.67594202e-03,6.02859632e-05,9.04289448e-04,1.66061236e-05,2.65697978e-04,1.03076166e-11,1.75229482e-10,9.29270640e-22,1.67268715e-20,2.00523993e-04,3.40890789e-03,7.04203111e-11,1.26756560e-09,7.17618199e-05,1.43523640e-03
3.11698230e-02,4.41498070e-01,3.88891966e+03,3.16112991e-01,7.11997599e-01,7.11997599e-01,6.91383674e-02,2.76553470e-01,8.14409320e-10,9.77291184e-09,7.92529672e-17,1.03028857e-15,2.66909580e-09,3.46982454e-08,1.75620433e-10,2.45868607e-09,1.42012670e-15,2.13019006e-14,1.91176695e-04,2.67647372e-03,6.04334922e-05,9.06502383e-04,1.46405023e-05,2.34248036e-04,1.00357902e-11,1.70608433e-10,1.01262072e-21,1.82271730e-20,1.92445851e-04,3.27157946e-03,7.61607150e-11,1.37089287e-09,7.17618640e-05,1.43523728e-03
3.35981829e-02,4.40987834e-01,3.87545204e+03,3.16927160e-01,7.11985381e-01,7.11985381e-01,6.91384706e-02,2.76553883e-01,8.34945005e-10,1.00193401e-08,8.25926845e-17,1.07370490e-15,2.74296677e-09,3.56585680e-08,1.73194742e-10,2.42472639e-09,1.43985327e-15,2.15977991e-14,1.91218365e-04,2.67705711e-03,6.06023483e-05,9.09035224e-04,1.29529121e-05,2.07246593e-04,9.74108808e-12,1.65598497e-10,1.10155560e-21,1.98280008e-20,1.83918232e-04,3.12660994e-03,8.21807141e-11,1.47925285e-09,7.17619084e-05,1.43523817e-03
3.62157300e-02,4.40438506e-01,3.86098742e+03,3.17859655e-01,7.11973247e-01,7.11973247e-01,6.91385980e-02,2.76554392e-01,8.51094240e-10,1.02131309e-08,8.56804026e-17,1.11384523e-15,2.80301288e-09,3.64391674e-08,1.70658190e-10,2.38921467e-09,1.46167895e-15,2.19251842e-14,1.91263740e-04,2.67769235e-03,6.07950805e-05,9.11926208e-04,1.15006750e-05,1.84010799e-04,9.42708400e-12,1.60260428e-10,1.19640157e-21,2.15352282e-20,1.75036227e-04,2.97561586e-03,8.84813827e-11,1.59266489e-09,7.17619528e-05,1.43523906e-03
3.90372033e-02,4.39847149e-01,3.84545635e+03,3.18924851e-01,7.11961209e-01,7.11961209e-01,6.91387519e-02,2.76555008e-01,8.62660018e-10,1.03519202e-08,8.84944571e-17,1.15042794e-15,2.84853613e-09,3.70309697e-08,1.68055294e-10,2.35277411e-09,1.48585442e-15,2.22878163e-14,1.91312776e-04,2.67837886e-03,6.10144521e-05,9.15216781e-04,1.02443147e-05,1.63909035e-04,9.09737495e-12,1.54655374e-10,1.29754225e-21,2.33557604e-20,1.65894225e-04,2.82020182e-03,9.50648645e-11,1.71116756e-09,7.17619971e-05,1.43523994e-03
4.20784904e-02,4.39210609e-01,3.82878525e+03,3.20138344e-01,7.11949285e-01,7.11949285e-01,6.91389350e-02,2.76555740e-01,8.69555920e-10,1.04346710e-08,9.10217286e-17,1.18328247e-15,2.87919170e-09,3.74294921e-08,1.65430688e-10,2.31602963e-09,1.51266388e-15,2.26899581e-14,1.91365371e-04,2.67911520e-03,6.12634461e-05,9.18951691e-04,9.14867615e-06,1.46378818e-04,8.75550388e-12,1.48843566e-10,1.40543317e-21,2.52977971e-20,1.56584010e-04,2.66192818e-03,1.01934937e-10,1.83482887e-09,7.17620408e-05,1.43524082e-03
4.53567162e-02,4.38525510e-01,3.81089628e+03,3.21516974e-01,7.11937501e-01,7.11937501e-01,6.91391502e-02,2.76556601e-01,8.71809900e-10,1.04617188e-08,9.32585358e-17,1.21236097e-15,2.89500293e-09,3.76350381e-08,1.62828640e-10,2.27960096e-09,1.54243019e-15,2.31364528e-14,1.91421364e-04,2.67989910e-03,6.15452701e-05,9.23179051e-04,8.18361984e-06,1.30937917e-04,8.40489878e-12,1.42883279e-10,1.52061899e-21,2.73711418e-20,1.47193257e-04,2.50228537e-03,1.09097649e-10,1.96375768e-09,7.17620838e-05,1.43524168e-03
4.88903400e-02,4.37788233e-01,3.79170722e+03,3.23078835e-01,7.11925885e-01,7.11925885e-01,6.91394007e-02,2.76557603e-01,8.69561986e-10,1.04347438e-08,9.52111125e-17,1.23774446e-15,2.89635690e-09,3.76526397e-08,1.60292758e-10,2.24409861e-09,1.57552113e-15,2.36328169e-14,1.91480534e-04,2.68072748e-03,6.18633598e-05,9.27950396e-04,7.32429031e-06,1.17188645e-04,8.04882920e-12,1.36830096e-10,1.64375392e-21,2.95875705e-20,1.37804405e-04,2.34267489e-03,1.16562033e-10,2.09811659e-09,7.17621258e-05,1.43524252e-03
5.26992593e-02,4.36994905e-01,3.77113139e+03,3.24843286e-01,7.11914472e-01,7.11914472e-01,6.91396900e-02,2.76558760e-01,8.63055758e-10,1.03566691e-08,9.68956170e-17,1.25964302e-15,2.88397983e-09,3.74917377e-08,1.57865879e-10,2.21012231e-09,1.61235679e-15,2.41853519e-14,1.91542606e-04,2.68159649e-03,6.22213809e-05,9.33320714e-04,6.55099813e-06,1.04815970e-04,7.69037994e-12,1.30736459e-10,1.77562627e-21,3.19612728e-20,1.28493906e-04,2.18439640e-03,1.24340927e-10,2.23813669e-09,7.17621665e-05,1.43524333e-03
5.68049216e-02,4.36141381e-01,3.74907757e+03,3.26830943e-01,7.11903299e-01,7.11903299e-01,6.91400218e-02,2.76560087e-01,8.52624049e-10,1.02314886e-08,9.83376606e-17,1.27838959e-15,2.85889342e-09,3.71656144e-08,1.55590138e-10,2.17826194e-09,1.65341853e-15,2.48012779e-14,1.91607254e-04,2.68250156e-03,6.26232305e-05,9.39348458e-04,5.84878970e-06,9.35806352e-05,7.33243897e-12,1.24651463e-10,1.91718809e-21,3.45093856e-20,1.19331751e-04,2.02863977e-03,1.32451910e-10,2.38413438e-09,7.17622057e-05,1.43524411e-03
6.12304454e-02,4.35223228e-01,3.72545000e+03,3.29063671e-01,7.11892403e-01,7.11892403e-01,6.91404002e-02,2.76561601e-01,8.38669942e-10,1.00640393e-08,9.95713950e-17,1.29442814e-15,2.82235543e-09,3.66906206e-08,1.53507165e-10,2.14910031e-09,1.69925971e-15,2.54888957e-14,1.91674110e-04,2.68343754e-03,6.30730368e-05,9.46095553e-04,5.20679861e-06,8.33087777e-05,6.97769650e-12,1.18620840e-10,2.06959128e-21,3.72526430e-20,1.10381217e-04,1.87648068e-03,1.40918382e-10,2.53653087e-09,7.17622431e-05,1.43524486e-03
6.60007502e-02,4.34235708e-01,3.70014841e+03,3.31564569e-01,7.11881822e-01,7.11881822e-01,6.91408296e-02,2.76563318e-01,8.21644646e-10,9.85973575e-09,1.00638249e-16,1.30829723e-15,2.77578934e-09,3.60852614e-08,1.51658398e-10,2.12321758e-09,1.75051885e-15,2.62577828e-14,1.91742768e-04,2.68439875e-03,6.35751586e-05,9.53627379e-04,4.61747883e-06,7.38796613e-05,6.62865082e-12,1.12687064e-10,2.23423197e-21,4.02161754e-20,1.01698729e-04,1.72887839e-03,1.49770828e-10,2.69587490e-09,7.17622786e-05,1.43524557e-03
7.11426971e-02,4.33173763e-01,3.67306804e+03,3.34357957e-01,7.11871592e-01,7.11871592e-01,6.91413146e-02,2.76565258e-01,8.02024247e-10,9.62429096e-09,1.01585452e-16,1.32061088e-15,2.72070941e-09,3.53692223e-08,1.50085481e-10,2.10119673e-09,1.80793560e-15,2.71190340e-14,1.91812793e-04,2.68537910e-03,6.41341837e-05,9.62012756e-04,4.07581053e-06,6.52129685e-05,6.28761757e-12,1.06889499e-10,2.41280533e-21,4.34304960e-20,9.33337843e-05,1.58667433e-03,1.59048295e-10,2.86286931e-09,7.17623120e-05,1.43524624e-03
7.66852397e-02,4.32031992e-01,3.64409982e+03,3.37469354e-01,7.11861745e-01,7.11861745e-01,6.91418601e-02,2.76567440e-01,7.80287382e-10,9.36344859e-09,1.02464524e-16,1.33203881e-15,2.65864786e-09,3.45624222e-08,1.48830728e-10,2.08363019e-09,1.87237038e-15,2.80855557e-14,1.91883729e-04,2.68637220e-03,6.47549283e-05,9.71323924e-04,3.57855438e-06,5.72568700e-05,5.95673920e-12,1.01264566e-10,2.60737381e-21,4.69327287e-20,8.53288856e-05,1.45059105e-03,1.68800123e-10,3.03840221e-09,7.17623433e-05,1.43524687e-03
8.26595874e-02,4.30804639e-01,3.61313057e+03,3.40925479e-01,7.11852308e-01,7.11852308e-01,6.91424714e-02,2.76569885e-01,7.56895790e-10,9.08274948e-09,1.03329905e-16,1.34328877e-15,2.59109064e-09,3.36841783e-08,1.47937674e-10,2.07112744e-09,1.94482864e-15,2.91724295e-14,1.91955102e-04,2.68737142e-03,6.54424355e-05,9.81636532e-04,3.12360390e-06,4.99776625e-05,5.63799344e-12,9.58458885e-11,2.82045252e-21,5.07681454e-20,7.77194686e-05,1.32123097e-03,1.79087995e-10,3.22358390e-09,7.17623722e-05,1.43524744e-03
8.90993810e-02,4.29485571e-01,3.58004326e+03,3.44754239e-01,7.11843302e-01,7.11843302e-01,6.91431539e-02,2.76572615e-01,7.32279214e-10,8.78735057e-09,1.04237937e-16,1.35509319e-15,2.51942667e-09,3.27525467e-08,1.47451715e-10,2.06432401e-09,2.02649090e-15,3.03973636e-14,1.92026428e-04,2.68836999e-03,6.62019759e-05,9.93029639e-04,2.70946404e-06,4.33514247e-05,5.33319995e-12,9.06643992e-11,3.05511689e-21,5.49921040e-20,7.05338392e-05,1.19907527e-03,1.89988371e-10,3.41979067e-09,7.17623988e-05,1.43524798e-03
9.60408821e-02,4.28068260e-01,3.54471746e+03,3.48984743e-01,7.11834741e-01,7.11834741e-01,6.91439134e-02,2.76575653e-01,7.06825547e-10,8.48190656e-09,1.05246334e-16,1.36820234e-15,2.44491399e-09,3.17838819e-08,1.47420881e-10,2.06389234e-09,2.11875033e-15,3.17812550e-14,1.92097216e-04,2.68936102e-03,6.70390490e-05,1.00558573e-03,2.33486250e-06,3.73578000e-05,5.04402633e-12,8.57484477e-11,3.31513943e-21,5.96725097e-20,6.37931430e-05,1.08448343e-03,2.01595401e-10,3.62871722e-09,7.17624230e-05,1.43524846e-03
1.03523178e-01,4.26545767e-01,3.50702978e+03,3.53647322e-01,7.11826632e-01,7.11826632e-01,6.91447559e-02,2.76579023e-01,6.80876357e-10,8.17051628e-09,1.06414288e-16,1.38338575e-15,2.36866354e-09,3.07926260e-08,1.47896807e-10,2.07055530e-09,2.22325977e-15,3.33488965e-14,1.92166970e-04,2.69033758e-03,6.79593865e-05,1.01939080e-03,1.99848549e-06,3.19757678e-05,4.77199504e-12,8.11239157e-11,3.60516480e-21,6.48929664e-20,5.75114072e-05,9.77693922e-04,2.14024446e-10,3.85244003e-09,7.17624449e-05,1.43524890e-03
1.11588399e-01,4.24910725e-01,3.46685456e+03,3.58773562e-01,7.11818973e-01,7.11818973e-01,6.91456876e-02,2.76582751e-01,6.54727315e-10,7.85672778e-09,1.07803298e-16,1.40144287e-15,2.29163925e-09,2.97913103e-08,1.48935944e-10,2.08510322e-09,2.34199116e-15,3.51298674e-14,1.92235192e-04,2.69129269e-03,6.89689581e-05,1.03453437e-03,1.69882021e-06,2.71811234e-05,4.51849356e-12,7.68143905e-11,3.93093596e-21,7.07568473e-20,5.16956915e-05,8.78826756e-04,2.27416372e-10,4.09349469e-09,7.17624644e-05,1.43524929e-03
1.20281961e-01,4.23155320e-01,3.42406466e+03,3.64396357e-01,7.11811757e-01,7.11811757e-01,6.91467152e-02,2.76586861e-01,6.28632503e-10,7.54359004e-09,1.09478777e-16,1.42322410e-15,2.21467159e-09,2.87907307e-08,1.50601119e-10,2.10841566e-09,2.47731104e-15,3.71596656e-14,1.92301387e-04,2.69221941e-03,7.00739797e-05,1.05110970e-03,1.43408216e-06,2.29453146e-05,4.28479038e-12,7.28414365e-11,4.29958889e-21,7.73926000e-20,4.63463757e-05,7.87888387e-04,2.41942861e-10,4.35497149e-09,7.17624818e-05,1.43524964e-03
1.29652816e-01,4.21271275e-01,3.37853237e+03,3.70549969e-01,7.11804968e-01,7.11804968e-01,6.91478455e-02,2.76591382e-01,6.02811347e-10,7.23373616e-09,1.11512511e-16,1.44966264e-15,2.13848047e-09,2.78002461e-08,1.52963522e-10,2.14148930e-09,2.63207696e-15,3.94811543e-14,1.92365059e-04,2.69311083e-03,7.12809235e-05,1.06921385e-03,1.20220537e-06,1.92352859e-05,4.07205947e-12,6.92250110e-11,4.72004047e-21,8.49607284e-20,4.14575973e-05,7.04779154e-04,2.57813050e-10,4.64063490e-09,7.17624970e-05,1.43524994e-03
1.39753730e-01,4.19249843e-01,3.33013062e+03,3.77270101e-01,7.11798584e-01,7.11798584e-01,6.91490854e-02,2.76596342e-01,5.77456954e-10,6.92948345e-09,1.13986069e-16,1.48181890e-15,2.06370373e-09,2.68281485e-08,1.56105260e-10,2.18547365e-09,2.80976157e-15,4.21464235e-14,1.92425724e-04,2.69396014e-03,7.25965313e-05,1.08894797e-03,1.00087556e-06,1.60140090e-05,3.88141579e-12,6.59840685e-11,5.20350403e-21,9.36630725e-20,3.70178377e-05,6.29303240e-04,2.75281928e-10,4.95507470e-09,7.17625102e-05,1.43525020e-03
1.50641580e-01,4.17081788e-01,3.27873428e+03,3.84593985e-01,7.11792577e-01,7.11792577e-01,6.91504424e-02,2.76601770e-01,5.52744890e-10,6.63293868e-09,1.16995359e-16,1.52093967e-15,1.99092798e-09,2.58820637e-08,1.60122627e-10,2.24171678e-09,3.01461352e-15,4.52192028e-14,1.92482904e-04,2.69476065e-03,7.40278286e-05,1.11041743e-03,8.27589760e-07,1.32414362e-05,3.71396470e-12,6.31373999e-11,5.76418165e-21,1.03755270e-19,3.30106391e-05,5.61180865e-04,2.94661083e-10,5.30389949e-09,7.17625217e-05,1.43525043e-03
1.62377674e-01,4.14757379e-01,3.22422177e+03,3.92560465e-01,7.11786916e-01,7.11786916e-01,6.91519242e-02,2.76607697e-01,5.28841848e-10,6.34610217e-09,1.20656707e-16,1.56853720e-15,1.92072017e-09,2.49693622e-08,1.65130287e-10,2.31182402e-09,3.25186749e-15,4.87780123e-14,1.92536138e-04,2.69550593e-03,7.55821408e-05,1.13373211e-03,6.79728919e-07,1.08756627e-05,3.57086805e-12,6.07047569e-11,6.42020374e-21,1.15563667e-19,2.94154218e-05,5.00062171e-04,3.16332605e-10,5.69398689e-09,7.17625314e-05,1.43525063e-03
1.75028096e-01,4.12266386e-01,3.16647689e+03,4.01210092e-01,7.11781564e-01,7.11781564e-01,6.91535386e-02,2.76614154e-01,5.05914187e-10,6.07097025e-09,1.25115107e-16,1.62649639e-15,1.85365991e-09,2.40975789e-08,1.71266671e-10,2.39773340e-09,3.52802075e-15,5.29203112e-14,1.92584987e-04,2.69618982e-03,7.72671091e-05,1.15900664e-03,5.54633751e-07,8.87414002e-06,3.45343090e-12,5.87083253e-11,7.19491826e-21,1.29508529e-19,2.62083627e-05,4.45542166e-04,3.40767253e-10,6.13381056e-09,7.17625396e-05,1.43525079e-03
1.88664080e-01,4.09598079e-01,3.10539090e+03,4.10585203e-01,7.11776483e-01,7.11776483e-01,6.91552940e-02,2.76621176e-01,4.84136774e-10,5.80964129e-09,1.30555703e-16,1.69722414e-15,1.79037430e-09,2.32748659e-08,1.78700945e-10,2.50181324e-09,3.85120037e-15,5.77680056e-14,1.92629038e-04,2.69680653e-03,7.90907061e-05,1.18636059e-03,4.49676382e-07,7.19482212e-06,3.36321357e-12,5.71746306e-11,8.11868024e-21,1.46136244e-19,2.33632937e-05,3.97175993e-04,3.68548425e-10,6.63387166e-09,7.17625465e-05,1.43525093e-03
2.03362408e-01,4.06741228e-01,3.04086492e+03,4.20730000e-01,7.11771633e-01,7.11771633e-01,6.91571990e-02,2.76628796e-01,4.63702988e-10,5.56443585e-09,1.37220273e-16,1.78386355e-15,1.73157873e-09,2.25105235e-08,1.87642093e-10,2.62698930e-09,4.23165520e-15,6.34748280e-14,1.92667912e-04,2.69735077e-03,8.10612494e-05,1.21591874e-03,3.62322983e-07,5.79716774e-06,3.30217633e-12,5.61369977e-11,9.23136560e-21,1.66164581e-19,2.08525772e-05,3.54493813e-04,4.00404086e-10,7.20727355e-09,7.17625522e-05,1.43525104e-03
2.19205845e-01,4.03684118e-01,2.97281260e+03,4.31690599e-01,7.11766971e-01,7.11766971e-01,6.91592624e-02,2.76637050e-01,4.44837157e-10,5.33804588e-09,1.45431529e-16,1.89060988e-15,1.67812885e-09,2.18156751e-08,1.98350863e-10,2.77691208e-09,4.68242125e-15,7.02363188e-14,1.92701270e-04,2.69781778e-03,8.31874123e-05,1.24781119e-03,2.90184449e-07,4.64295119e-06,3.27286688e-12,5.56387369e-11,1.05859477e-20,1.90547059e-19,1.86479219e-05,3.17014672e-04,4.37249704e-10,7.87049468e-09,7.17625569e-05,1.43525114e-03
2.36283603e-01,4.00414564e-01,2.90116306e+03,4.43515070e-01,7.11762457e-01,7.11762457e-01,6.91614935e-02,2.76645974e-01,4.27811069e-10,5.13373282e-09,1.55629870e-16,2.02318832e-15,1.63109048e-09,2.12041763e-08,2.11155651e-10,2.95617912e-09,5.22023092e-15,7.83034638e-14,1.92728820e-04,2.69820349e-03,8.54782298e-05,1.28217345e-03,2.31053820e-07,3.69686112e-06,3.27866559e-12,5.57373150e-11,1.22536547e-20,2.20565785e-19,1.67211082e-05,2.84258839e-04,4.80246569e-10,8.64443823e-09,7.17625607e-05,1.43525121e-03
2.54691844e-01,3.96919937e-01,2.82586418e+03,4.56253428e-01,7.11758050e-01,7.11758050e-01,6.91639019e-02,2.76655608e-01,4.12966752e-10,4.95560102e-09,1.68430264e-16,2.18959343e-15,1.59183687e-09,2.06938794e-08,2.26473862e-10,3.17063407e-09,5.86676851e-15,8.80015276e-14,1.92750323e-04,2.69850453e-03,8.79430990e-05,1.31914649e-03,1.82930448e-07,2.92688717e-06,3.32411078e-12,5.65098832e-11,1.43315132e-20,2.57967238e-19,1.50446029e-05,2.55758250e-04,5.30881804e-10,9.55587247e-09,7.17625637e-05,1.43525127e-03
2.74534223e-01,3.93187202e-01,2.74688617e+03,4.69957597e-01,7.11753709e-01,7.11753709e-01,6.91664975e-02,2.76665990e-01,4.00748534e-10,4.80898241e-09,1.84712201e-16,2.40125861e-15,1.56218603e-09,2.03084184e-08,2.44841000e-10,3.42777399e-09,6.65042380e-15,9.97563570e-14,1.92765598e-04,2.69871837e-03,9.05917721e-05,1.35887658e-03,1.44031933e-07,2.30451093e-06,3.41533618e-12,5.80607151e-11,1.69535519e-20,3.05163935e-19,1.35920519e-05,2.31064882e-04,5.91079374e-10,1.06394287e-08,7.17625661e-05,1.43525132e-03
2.95922471e-01,3.89202961e-01,2.66422532e+03,4.84681324e-01,7.11749398e-01,7.11749398e-01,6.91692903e-02,2.76677161e-01,3.91748672e-10,4.70098407e-09,2.05764977e-16,2.67494470e-15,1.54459618e-09,2.00797504e-08,2.66950801e-10,3.73731121e-09,7.60877063e-15,1.14131560e-13,1.92774524e-04,2.69884334e-03,9.34343409e-05,1.40151511e-03,1.12795472e-07,1.80472755e-06,3.56066791e-12,6.05313545e-11,2.03077136e-20,3.65538845e-19,1.23386468e-05,2.09756996e-04,6.63355869e-10,1.19404056e-08,7.17625680e-05,1.43525136e-03
3.18977022e-01,3.84953521e-01,2.57790810e+03,5.00480034e-01,7.11745078e-01,7.11745078e-01,6.91722909e-02,2.76689163e-01,3.86772951e-10,4.64127541e-09,2.33527205e-16,3.03585367e-15,1.54244542e-09,2.00517905e-08,2.93711370e-10,4.11195918e-09,8.79211512e-15,1.31881727e-13,1.92777050e-04,2.69887870e-03,9.64812115e-05,1.44721817e-03,8.78707088e-08,1.40593134e-06,3.77144985e-12,6.41146475e-11,2.46618311e-20,4.43912960e-19,1.12613730e-05,1.91443341e-04,7.51041890e-10,1.35187540e-08,7.17625695e-05,1.43525139e-03
3.43827692e-01,3.80424962e-01,2.48799533e+03,5.17410633e-01,7.11740715e-01,7.11740715e-01,6.91755098e-02,2.76702039e-01,3.86936003e-10,4.64323204e-09,2.70989928e-16,3.52286907e-15,1.56043413e-09,2.02856437e-08,3.26324805e-10,4.56854727e-09,1.02686439e-14,1.54029658e-13,1.92773190e-04,2.69882466e-03,9.97430671e-05,1.49614601e-03,6.81062732e-08,1.08970037e-06,4.06319843e-12,6.90743734e-11,3.04042751e-20,5.47276952e-19,1.03391482e-05,1.75765519e-04,8.58600864e-10,1.54548156e-08,7.17625706e-05,1.43525141e-03
3.70614414e-01,3.75603238e-01,2.39458647e+03,5.35531239e-01,7.11736275e-01,7.11736275e-01,6.91789580e-02,2.76715832e-01,3.93801541e-10,4.72561849e-09,3.22889117e-16,4.19755852e-15,1.60516740e-09,2.08671761e-08,3.66401848e-10,5.12962588e-09,1.21320016e-14,1.81980024e-13,1.92763025e-04,2.69868235e-03,1.03230818e-04,1.54846227e-03,5.25320855e-08,8.40513368e-07,4.45723399e-12,7.57729778e-11,3.81088424e-20,6.85959163e-19,9.55286842e-06,1.62398763e-04,9.92094749e-10,1.78577055e-08,7.17625714e-05,1.43525143e-03
3.99488019e-01,3.70474283e-01,2.29782390e+03,5.54900841e-01,7.11731728e-01,7.11731728e-01,6.91826464e-02,2.76730585e-01,4.09591581e-10,4.91509898e-09,3.96920155e-16,5.15996201e-15,1.68600408e-09,2.19180531e-08,4.16129586e-10,5.82581420e-09,1.45126155e-14,2.17689232e-13,1.92746702e-04,2.69845382e-03,1.06955538e-04,1.60433307e-03,4.03393595e-08,6.45429752e-07,4.98300465e-12,8.47110791e-11,4.86405830e-20,8.75530494e-19,8.88537792e-06,1.51051425e-04,1.15987474e-09,2.08777454e-08,7.17625721e-05,1.43525144e-03
4.30611093e-01,3.65024152e-01,2.19789704e+03,5.75578878e-01,7.11727044e-01,7.11727044e-01,6.91865860e-02,2.76746344e-01,4.37503386e-10,5.25004063e-09,5.05912356e-16,6.57686063e-15,1.81630389e-09,2.36119506e-08,4.78520863e-10,6.69929208e-09,1.75948962e-14,2.63923443e-13,1.92724423e-04,2.69814192e-03,1.10928382e-04,1.66392573e-03,3.08598387e-08,4.93757419e-07,5.68141872e-12,9.65841182e-11,6.33324168e-20,1.13998350e-18,8.32138131e-06,1.41463482e-04,1.37362248e-09,2.47252046e-08,7.17625725e-05,1.43525145e-03
4.64158883e-01,3.59239171e-01,2.09504618e+03,5.97624739e-01,7.11722195e-01,7.11722195e-01,6.91907879e-02,2.76763152e-01,4.82197240e-10,5.78636687e-09,6.71804822e-16,8.73346268e-15,2.01527354e-09,2.61985561e-08,5.57791906e-10,7.80908669e-09,2.16438207e-14,3.24657311e-13,1.92696439e-04,2.69775015e-03,1.15160493e-04,1.72740739e-03,2.35455122e-08,3.76728195e-07,6.60964941e-12,1.12364040e-10,8.42872889e-20,1.51717120e-18,7.84731520e-06,1.33404358e-04,1.64994706e-09,2.96990471e-08,7.17625728e-05,1.43525146e-03
5.00320295e-01,3.53106130e-01,1.98956582e+03,6.21097170e-01,7.11717155e-01,7.11717155e-01,6.91952629e-02,2.76781052e-01,5.50559356e-10,6.60671227e-09,9.33071554e-16,1.21299302e-14,2.31072138e-09,3.00393779e-08,6.59945031e-10,9.23923043e-09,2.70467802e-14,4.05701703e-13,1.92663037e-04,2.69728251e-03,1.19662877e-04,1.79494315e-03,1.79496910e-08,2.87195056e-07,7.84809743e-12,1.33417656e-10,1.14909095e-19,2.06836372e-18,7.45119459e-06,1.26670308e-04,2.01288041e-09,3.62318474e-08,7.17625731e-05,1.43525146e-03
5.39298949e-01,3.46612485e-01,1.88180730e+03,6.46053576e-01,7.11711899e-01,7.11711899e-01,6.92000217e-02,2.76800087e-01,6.52914117e-10,7.83496940e-09,1.35889003e-15,1.76655704e-14,2.74319744e-09,3.56615667e-08,7.93686353e-10,1.11116089e-08,3.43807725e-14,5.15711587e-13,1.92624516e-04,2.69674323e-03,1.24446270e-04,1.86669405e-03,1.37100498e-08,2.19360796e-07,9.51053798e-12,1.61679146e-10,1.60862894e-19,2.89553209e-18,7.12244763e-06,1.21081610e-04,2.49785417e-09,4.49613751e-08,7.17625732e-05,1.43525146e-03
5.81314328e-01,3.39746610e-01,1.77218044e+03,6.72549229e-01,7.11706406e-01,7.11706406e-01,6.92050745e-02,2.76820298e-01,8.04979541e-10,9.65975449e-09,2.07677521e-15,2.69980778e-14,3.37225231e-09,4.38392800e-08,9.71903079e-10,1.36066431e-08,4.45225921e-14,6.67838882e-13,1.92581173e-04,2.69613643e-03,1.29520973e-04,1.94281460e-03,1.05339187e-08,1.68542700e-07,1.17590296e-11,1.99903503e-10,2.31866497e-19,4.17359694e-18,6.85174924e-06,1.16479737e-04,3.15817289e-09,5.68471121e-08,7.17625734e-05,1.43525147e-03
6.26603016e-01,3.32498063e-01,1.66115401e+03,7.00636341e-01,7.11700653e-01,7.11700653e-01,6.92104312e-02,2.76841725e-01,1.03106570e-09,1.23727884e-08,3.32768246e-15,4.32598720e-14,4.28593223e-09,5.57171190e-08,1.21409792e-09,1.69973708e-08,5.88336674e-14,8.82505011e-13,1.92533271e-04,2.69546579e-03,1.34896657e-04,2.02344985e-03,8.18593013e-09,1.30974882e-07,1.48261159e-11,2.52043971e-10,3.45148020e-19,6.21266436e-18,6.63086207e-06,1.12724655e-04,4.07578994e-09,7.33642190e-08,7.17625734e-05,1.43525147e-03
6.75420029e-01,3.24857894e-01,1.54925467e+03,7.30363007e-01,7.11694622e-01,7.11694622e-01,6.92161005e-02,2.76864402e-01,1.36936947e-09,1.64324336e-08,5.57834792e-15,7.25185230e-14,5.61517367e-09,7.29972577e-08,1.55050230e-09,2.17070322e-08,7.94777232e-14,1.19216585e-12,1.92481006e-04,2.69473408e-03,1.40582139e-04,2.10873208e-03,6.47789376e-09,1.03646300e-07,1.90486092e-11,3.23826357e-10,5.32366988e-19,9.58260579e-18,6.45249101e-06,1.09692347e-04,5.37968074e-09,9.68342533e-08,7.17625735e-05,1.43525147e-03
7.28040247e-01,3.16818986e-01,1.43706411e+03,7.61771967e-01,7.11688295e-01,7.11688295e-01,6.92220906e-02,2.76888362e-01,1.88082352e-09,2.25698822e-08,9.75535789e-15,1.26819653e-13,7.55546058e-09,9.82209875e-08,2.02921275e-09,2.84089785e-08,1.09981104e-13,1.64971656e-12,1.92424473e-04,2.69394263e-03,1.46585115e-04,2.19877673e-03,5.26063248e-09,8.41701197e-08,2.49206469e-11,4.23650997e-10,8.54028776e-19,1.53725180e-17,6.31015533e-06,1.07272641e-04,7.27797467e-09,1.31003544e-07,7.17625735e-05,1.43525147e-03
7.84759970e-01,3.08376426e-01,1.32521412e+03,7.94899132e-01,7.11681657e-01,7.11681657e-01,6.92284082e-02,2.76913633e-01,2.66397451e-09,3.19676942e-08,1.77429582e-14,2.30658456e-13,1.03987948e-08,1.35184332e-07,2.72892007e-09,3.82048810e-08,1.56249094e-13,2.34373641e-12,1.92363611e-04,2.69309056e-03,1.52911837e-04,2.29367755e-03,4.41740463e-09,7.06784741e-08,3.31804202e-11,5.64067143e-10,1.43082413e-18,2.57548344e-17,6.19808129e-06,1.05367382e-04,1.01156751e-08,1.82082152e-07,7.17625736e-05,1.43525147e-03
8.45898580e-01,2.99527902e-01,1.21437941e+03,8.29771744e-01,7.11674697e-01,7.11674697e-01,6.92350583e-02,2.76940233e-01,3.88002878e-09,4.65603454e-08,3.34610093e-14,4.34993121e-13,1.45791120e-08,1.89528456e-07,3.78226516e-09,5.29517123e-08,2.28465349e-13,3.42698024e-12,1.92298134e-04,2.69217388e-03,1.59566697e-04,2.39350045e-03,3.85848542e-09,6.17357668e-08,4.49581917e-11,7.64289259e-10,2.51501810e-18,4.52703258e-17,6.11111642e-06,1.03888979e-04,1.44812956e-08,2.60663320e-07,7.17625736e-05,1.43525147e-03
9.11800339e-01,2.90274139e-01,1.10526796e+03,8.66405888e-01,7.11667404e-01,7.11667404e-01,6.92420440e-02,2.76968176e-01,5.79478411e-09,6.95374093e-08,6.52311736e-14,8.48005257e-13,2.07321954e-08,2.69518540e-07,5.41988382e-09,7.58783735e-08,3.44757655e-13,5.17136482e-12,1.92227438e-04,2.69118414e-03,1.66551680e-04,2.49827520e-03,3.51652553e-09,5.62644085e-08,6.20391753e-11,1.05466598e-09,4.66148556e-18,8.39067400e-17,6.04466623e-06,1.02759326e-04,2.14096655e-08,3.85373980e-07,7.17625737e-05,1.43525147e-03
9.82836333e-01,2.80619349e-01,9.98608779e+02,9.04802665e-01,7.11659774e-01,7.11659774e-01,6.92493653e-02,2.76997461e-01,8.84780389e-09,1.06173647e-07,1.31005618e-13,1.70307303e-12,2.97636863e-08,3.86927922e-07,8.05547043e-09,1.12776586e-07,5.38520057e-13,8.07780086e-12,1.92150473e-04,2.69010662e-03,1.73865548e-04,2.60798322e-03,3.34239180e-09,5.34782688e-08,8.73463002e-11,1.48488710e-09,9.16042102e-18,1.64887578e-16,5.99465182e-06,1.01909081e-04,3.27791234e-08,5.90024221e-07,7.17625737e-05,1.43525147e-03
1.05940656e+00,2.70571695e-01,8.95137247e+02,9.44941517e-01,7.11651808e-01,7.11651808e-01,6.92570183e-02,2.77028073e-01,1.37633643e-08,1.65160372e-07,2.69879141e-13,3.50842884e-12,4.29008997e-08,5.57711696e-07,1.24525218e-08,1.74335305e-07,8.73585830e-13,1.31037875e-11,1.92065594e-04,2.68891831e-03,1.81502519e-04,2.72253779e-03,3.30134877e-09,5.28215803e-08,1.25852584e-10,2.13949392e-09,1.91979543e-17,3.45563177e-16,5.95748559e-06,1.01277255e-04,5.21119174e-08,9.38014514e-07,7.17625737e-05,1.43525147e-03
1.14194217e+00,2.60143769e-01,7.95578116e+02,9.86767274e-01,7.11643515e-01,7.11643515e-01,6.92649930e-02,2.77059972e-01,2.17199899e-08,2.60639878e-07,5.66975587e-13,7.37068263e-12,6.16719411e-08,8.01735234e-07,2.00497252e-08,2.80696153e-07,1.47692292e-12,2.21538438e-11,1.91970428e-04,2.68758599e-03,1.89449919e-04,2.84174879e-03,3.36958097e-09,5.39132956e-08,1.86352660e-10,3.16799522e-09,4.31684620e-17,7.77032316e-16,5.93005985e-06,1.00811017e-04,8.62289531e-08,1.55212116e-06,7.17625738e-05,1.43525148e-03
1.23090791e+00,2.49353058e-01,7.00626628e+02,1.03016380e+00,7.11634916e-01,7.11634916e-01,6.92732698e-02,2.77093079e-01,3.45891776e-08,4.15070132e-07,1.20519636e-12,1.56675527e-11,8.77168142e-08,1.14031858e-06,3.35684905e-08,4.69958867e-07,2.61206316e-12,3.91809474e-11,1.91861837e-04,2.68606572e-03,1.97683698e-04,2.96525548e-03,3.53114454e-09,5.64983127e-08,2.84992523e-10,4.84487289e-09,1.04759359e-16,1.88566846e-15,5.90974089e-06,1.00465595e-04,1.48735662e-07,2.67724192e-06,7.17625739e-05,1.43525148e-03
1.32680475e+00,2.38222387e-01,6.10928321e+02,1.07490101e+00,7.11626056e-01,7.11626056e-01,6.92818110e-02,2.77127244e-01,5.52261664e-08,6.62713996e-07,2.56574279e-12,3.33546563e-11,1.22327282e-07,1.59025467e-06,5.80127255e-08,8.12178157e-07,4.85132043e-12,7.27698064e-11,1.91736091e-04,2.68430527e-03,2.06159672e-04,3.09239507e-03,3.77542693e-09,6.04068309e-08,4.52442992e-10,7.69153087e-09,2.75724800e-16,4.96304641e-15,5.89436007e-06,1.00204121e-04,2.67398965e-07,4.81318137e-06,7.17625739e-05,1.43525148e-03
1.43017266e+00,2.26780326e-01,5.27058314e+02,1.12053510e+00,7.11617016e-01,7.11617016e-01,6.92905459e-02,2.77162184e-01,8.77303152e-08,1.05276378e-06,5.40257953e-12,7.02335339e-11,1.65707048e-07,2.15419162e-06,1.01854388e-07,1.42596144e-06,9.49823862e-12,1.42473579e-10,1.91589343e-04,2.68225080e-03,2.14796706e-04,3.22195059e-03,4.09505346e-09,6.55208554e-08,7.48505675e-10,1.27245965e-08,7.89186861e-16,1.42053635e-14,5.88219411e-06,9.99972999e-05,4.99388763e-07,8.98899773e-06,7.17625740e-05,1.43525148e-03
1.54159369e+00,2.15061533e-01,4.49501095e+02,1.16624362e+00,7.11607946e-01,7.11607946e-01,6.92993410e-02,2.77197364e-01,1.37492161e-07,1.64990593e-06,1.10924721e-11,1.44202137e-10,2.16188862e-07,2.81045520e-06,1.77255411e-07,2.48157575e-06,1.96723223e-11,2.95084834e-10,1.91418338e-04,2.67985674e-03,2.23447119e-04,3.35170678e-03,4.48381593e-09,7.17410549e-08,1.29071093e-09,2.19420857e-08,2.45230762e-15,4.41415372e-14,5.87192955e-06,9.98228024e-05,9.60304346e-07,1.72854782e-05,7.17625741e-05,1.43525148e-03
1.66169525e+00,2.03107007e-01,3.78631954e+02,1.21061062e+00,7.11599105e-01,7.11599105e-01,6.93079545e-02,2.77231818e-01,2.10772114e-07,2.52926537e-06,2.18782717e-11,2.84417532e-10,2.69927831e-07,3.50906181e-06,2.97274332e-07,4.16184065e-06,4.32254428e-11,6.48381642e-10,1.91221071e-04,2.67709500e-03,2.31854100e-04,3.47781150e-03,4.93330107e-09,7.89328171e-08,2.30358655e-09,3.91609713e-08,8.20329591e-15,1.47659326e-13,5.86261082e-06,9.96643840e-05,1.86923971e-06,3.36463147e-05,7.17625741e-05,1.43525148e-03
1.79115361e+00,1.90964230e-01,3.14701360e+02,1.25148571e+00,7.11590893e-01,7.11590893e-01,6.93159964e-02,2.77263986e-01,3.13652569e-07,3.76383082e-06,4.08828484e-11,5.31477030e-10,3.21584105e-07,4.18059336e-06,4.69861001e-07,6.57805401e-06,1.00956424e-10,1.51434636e-09,1.90997020e-04,2.67395828e-03,2.39617964e-04,3.59426946e-03,5.42510531e-09,8.68016849e-08,4.17835512e-09,7.10320370e-08,2.90805097e-14,5.23449175e-13,5.85357596e-06,9.95107913e-05,3.58832385e-06,6.45898293e-05,7.17625742e-05,1.43525148e-03
1.93069773e+00,1.78687157e-01,2.57823536e+02,1.28622226e+00,7.11583814e-01,7.11583814e-01,6.93229618e-02,2.77291847e-01,4.50570624e-07,5.40684749e-06,7.16161580e-11,9.31010055e-10,3.65960773e-07,4.75749005e-06,6.93380524e-07,9.70732733e-06,2.50910353e-10,3.76365529e-09,1.90746778e-04,2.67045490e-03,2.46234344e-04,3.69351516e-03,5.91651094e-09,9.46641751e-08,7.47784128e-09,1.27123302e-07,1.07294408e-13,1.93129934e-12,5.84438747e-06,9.93545870e-05,6.58895073e-06,1.18601113e-04,7.17625743e-05,1.43525149e-03
2.08111337e+00,1.66336036e-01,2.07970427e+02,1.31256381e+00,7.11578303e-01,7.11578303e-01,6.93284024e-02,2.77313610e-01,6.23083015e-07,7.47699618e-06,1.16968861e-10,1.52059519e-09,3.99777614e-07,5.19710898e-06,9.58866438e-07,1.34241301e-05,6.64243662e-10,9.96365492e-09,1.90471305e-04,2.66659827e-03,2.51263652e-04,3.76895478e-03,6.33709961e-09,1.01393594e-07,1.27731349e-08,2.17143293e-07,4.07687371e-13,7.33837268e-12,5.83476643e-06,9.91910294e-05,1.12802277e-05,2.03044098e-04,7.17625743e-05,1.43525149e-03
2.24324750e+00,1.53977013e-01,1.64971990e+02,1.32979068e+00,7.11574505e-01,7.11574505e-01,6.93321593e-02,2.77328637e-01,8.29497364e-07,9.95396837e-06,1.78222721e-10,2.31689538e-09,4.22519112e-07,5.49274846e-06,1.25678767e-06,1.75950273e-05,1.87616400e-09,2.81424600e-08,1.90171214e-04,2.66239700e-03,2.54557297e-04,3.81835946e-03,6.63188925e-09,1.06110228e-07,2.03321214e-08,3.45646064e-07,1.60297982e-12,2.88536367e-11,5.82453655e-06,9.90171214e-05,1.77762661e-05,3.19972790e-04,7.17625744e-05,1.43525149e-03
2.41801308e+00,1.41681506e-01,1.28523348e+02,1.33912044e+00,7.11572189e-01,7.11572189e-01,6.93344501e-02,2.77337800e-01,1.06506569e-06,1.27807883e-05,2.54803772e-10,3.31244903e-09,4.35957208e-07,5.66744370e-06,1.58168553e-06,2.21435974e-05,5.65642422e-09,8.48463634e-08,1.89846409e-04,2.65784972e-03,2.56339618e-04,3.84509428e-03,6.81030722e-09,1.08964915e-07,2.99603627e-08,5.09326166e-07,6.64638611e-12,1.19634950e-10,5.81358149e-06,9.88308852e-05,2.58097146e-05,4.64574863e-04,7.17625744e-05,1.43525149e-03
2.60639420e+00,1.29525313e-01,9.81988703e+01,1.34296204e+00,7.11570899e-01,7.11570899e-01,6.93357210e-02,2.77342884e-01,1.32057039e-06,1.58468447e-05,3.44951812e-10,4.48437355e-09,4.42887835e-07,5.75754185e-06,1.93230383e-06,2.70522536e-05,1.79915145e-08,2.69872717e-07,1.89496071e-04,2.65294499e-03,2.57063048e-04,3.85594572e-03,6.92255203e-09,1.10760833e-07,4.12074788e-08,7.00527140e-07,2.95463797e-11,5.31834835e-10,5.80181570e-06,9.86308668e-05,3.48763391e-05,6.27774104e-04,7.17625744e-05,1.43525149e-03
2.80945159e+00,1.17587452e-01,7.34726123e+01,1.34377619e+00,7.11570205e-01,7.11570205e-01,6.93364080e-02,2.77345632e-01,1.57528096e-06,1.89033715e-05,4.46752550e-10,5.80778315e-09,4.45956084e-07,5.79742910e-06,2.30967170e-06,3.23354038e-05,5.72942989e-08,8.59414484e-07,1.89118821e-04,2.64766350e-03,2.57179757e-04,3.85769636e-03,7.00757281e-09,1.12121165e-07,5.36957945e-08,9.12828506e-07,1.35711107e-10,2.44279992e-09,5.78916664e-06,9.84158328e-05,4.44653733e-05,8.00376719e-04,7.17625744e-05,1.43525149e-03
3.02832867e+00,1.05948715e-01,5.37439545e+01,1.34341231e+00,7.11569832e-01,7.11569832e-01,6.93367857e-02,2.77347143e-01,1.78835746e-06,2.14602895e-05,5.58869249e-10,7.26530024e-09,4.47067181e-07,5.81187336e-06,2.71562276e-06,3.80187186e-05,1.63333637e-07,2.45000455e-06,1.88712901e-04,2.64198061e-03,2.57004102e-04,3.85506153e-03,7.07475551e-09,1.13196088e-07,6.72549382e-08,1.14333395e-06,5.45558614e-10,9.82005505e-09,5.77556503e-06,9.81846054e-05,5.41991945e-05,9.75585501e-04,7.17625744e-05,1.43525149e-03
3.26425788e+00,9.46899536e-02,3.83666830e+01,1.34294287e+00,7.11569652e-01,7.11569652e-01,6.93369799e-02,2.77347920e-01,1.92027862e-06,2.30433434e-05,6.80750166e-10,8.84975216e-09,4.47339649e-07,5.81541544e-06,3.15223646e-06,4.41313104e-05,3.75696615e-07,5.63544923e-06,1.88276294e-04,2.63586811e-03,2.56701883e-04,3.85052825e-03,7.11757787e-09,1.13881246e-07,8.18684196e-08,1.39176313e-06,1.58021313e-09,2.84438363e-08,5.76094007e-06,9.79359811e-05,6.38457576e-05,1.14922364e-03,7.17625744e-05,1.43525149e-03
3.51856773e+00,8.38901312e-02,2.66793450e+01,1.34270354e+00,7.11569583e-01,7.11569583e-01,6.93370645e-02,2.77348258e-01,1.97634524e-06,2.37161429e-05,8.12484419e-10,1.05622974e-08,4.47312713e-07,5.81506527e-06,3.62173934e-06,5.07043507e-05,6.90278316e-07,1.03541747e-05,1.87806793e-04,2.62929510e-03,2.56341490e-04,3.84512235e-03,7.13678767e-09,1.14188603e-07,9.75875647e-08,1.65898860e-06,3.28427305e-09,5.91169149e-08,5.74521730e-06,9.76686942e-05,7.32689309e-05,1.31884076e-03,7.17625744e-05,1.43525149e-03
3.79269019e+00,7.36241777e-02,1.80344921e+01,1.34262833e+00,7.11569564e-01,7.11569564e-01,6.93370988e-02,2.77348395e-01,1.99280992e-06,2.39137191e-05,9.54562197e-10,1.24093086e-08,4.47193594e-07,5.81351672e-06,4.12650980e-06,5.77711372e-05,1.07273278e-06,1.60909917e-05,1.87302023e-04,2.62222832e-03,2.55944638e-04,3.83916958e-03,7.14276883e-09,1.14284301e-07,1.14486026e-07,1.94626244e-06,5.51036116e-09,9.91865008e-08,5.72831770e-06,9.73814008e-05,8.23792789e-05,1.48282702e-03,7.17625744e-05,1.43525149e-03
4.08816882e+00,6.39607339e-02,1.18245020e+01,1.34261198e+00,7.11569560e-01,7.11569560e-01,6.93371160e-02,2.77348464e-01,1.99629011e-06,2.39554813e-05,1.10769076e-09,1.43999798e-08,4.47044601e-07,5.81157982e-06,4.66908627e-06,6.53672078e-05,1.49856295e-06,2.24784443e-05,1.86759447e-04,2.61463226e-03,2.55515679e-04,3.83273518e-03,7.14410060e-09,1.14305610e-07,1.32646271e-07,2.25498660e-06,8.20740841e-09,1.47733351e-07,5.71015716e-06,9.70726716e-05,9.11064004e-05,1.63991521e-03,7.17625744e-05,1.43525149e-03
4.40666743e+00,5.49598742e-02,7.50204619e+00,1.34260941e+00,7.11569560e-01,7.11569560e-01,6.93371275e-02,2.77348510e-01,1.99683423e-06,2.39620107e-05,1.27269740e-09,1.65450662e-08,4.46880198e-07,5.80944257e-06,5.25217331e-06,7.35304263e-05,1.95997302e-06,2.93995953e-05,1.86176360e-04,2.60646904e-03,2.55053777e-04,3.82580665e-03,7.14431705e-09,1.14309073e-07,1.52157125e-07,2.58667112e-06,1.14012098e-08,2.05221776e-07,5.69064625e-06,9.67409862e-05,9.93885139e-05,1.78899325e-03,7.17625744e-05,1.43525149e-03
4.74997943e+00,4.66709284e-02,4.59390345e+00,1.34260912e+00,7.11569559e-01,7.11569559e-01,6.93371363e-02,2.77348545e-01,1.99689700e-06,2.39627640e-05,1.45049228e-09,1.88563996e-08,4.46702472e-07,5.80713214e-06,5.87864853e-06,8.23010794e-05,2.45691958e-06,3.68537937e-05,1.85549885e-04,2.59769839e-03,2.54556775e-04,3.81835162e-03,7.14434267e-09,1.14309483e-07,1.73113419e-07,2.94292813e-06,1.51339860e-08,2.72411747e-07,5.66968994e-06,9.63847291e-05,1.07170441e-04,1.92906794e-03,7.17625744e-05,1.43525149e-03
5.12003798e+00,3.91305345e-02,2.70763353e+00,1.34260910e+00,7.11569559e-01,7.11569559e-01,6.93371432e-02,2.77348573e-01,1.99690219e-06,2.39628263e-05,1.64205963e-09,2.13467752e-08,4.46510911e-07,5.80464184e-06,6.55157021e-06,9.17219829e-05,2.99155996e-06,4.48733994e-05,1.84876963e-04,2.58827748e-03,2.54022130e-04,3.81033195e-03,7.14434482e-09,1.14309517e-07,1.95615953e-07,3.32547119e-06,1.94498206e-08,3.50096770e-07,5.64718741e-06,9.60021860e-05,1.14404507e-04,2.05928113e-03,7.17625744e-05,1.43525149e-03
5.51892683e+00,3.23610657e-02,1.53147880e+00,1.34260909e+00,7.11569559e-01,7.11569559e-01,6.93371484e-02,2.77348594e-01,1.99690249e-06,2.39628298e-05,1.84845952e-09,2.40299737e-08,4.46304511e-07,5.80195865e-06,7.27418468e-06,1.01838585e-04,3.56660061e-06,5.34990092e-05,1.84154349e-04,2.57816088e-03,2.53447089e-04,3.80170634e-03,7.14434495e-09,1.14309519e-07,2.19771592e-07,3.73611706e-06,2.43930629e-08,4.39075132e-07,5.62303177e-06,9.55915401e-05,1.21052108e-04,2.17893795e-03,7.17625744e-05,1.43525149e-03
5.94889208e+00,2.63695694e-02,8.28612835e-01,1.34260909e+00,7.11569559e-01,7.11569559e-01,6.93371523e-02,2.77348609e-01,1.99690250e-06,2.39628300e-05,2.07083263e-09,2.69208242e-08,4.46082138e-07,5.79906780e-06,8.04993342e-06,1.12699068e-04,4.18498376e-06,6.27747565e-05,1.83378600e-04,2.56730040e-03,2.52828706e-04,3.79243059e-03,7.14434495e-09,1.14309519e-07,2.45693434e-07,4.17678838e-06,3.00080704e-08,5.40145268e-07,5.59710993e-06,9.51508688e-05,1.27085227e-04,2.28753408e-03,7.17625744e-05,1.43525149e-03
6.41235480e+00,2.11473402e-02,4.27375673e-01,1.34260909e+00,7.11569559e-01,7.11569559e-01,6.93371551e-02,2.77348620e-01,1.99690250e-06,2.39628300e-05,2.31040618e-09,3.00352803e-08,4.45842565e-07,5.79595334e-06,8.88245949e-06,1.24354433e-04,4.84985397e-06,7.27478096e-05,1.82546074e-04,2.55564503e-03,2.52163836e-04,3.78245754e-03,7.14434495e-09,1.14309519e-07,2.73500971e-07,4.64951650e-06,3.63391061e-08,6.54103910e-07,5.56930239e-06,9.46781407e-05,1.32487647e-04,2.38477764e-03,7.17625744e-05,1.43525149e-03
6.91192469e+00,1.66702170e-02,2.09346787e-01,1.34260909e+00,7.11569559e-01,7.11569559e-01,6.93371570e-02,2.77348628e-01,1.99690250e-06,2.39628300e-05,2.56850019e-09,3.33905025e-08,4.45584471e-07,5.79259812e-06,9.77561324e-06,1.36858585e-04,5.56456457e-06,8.34684685e-05,1.81652920e-04,2.54314088e-03,2.51449125e-04,3.77173688e-03,7.14434495e-09,1.14309519e-07,3.03320222e-07,5.15644378e-06,4.34303638e-08,7.81746548e-07,5.53948314e-06,9.41712134e-05,1.37255736e-04,2.47060325e-03,7.17625744e-05,1.43525149e-03
7.45041477e+00,1.28996459e-02,9.70009329e-02,1.34260909e+00,7.11569559e-01,7.11569559e-01,6.93371584e-02,2.77348633e-01,1.99690250e-06,2.39628300e-05,2.84653431e-09,3.70049461e-08,4.45306436e-07,5.78898367e-06,1.07334570e-05,1.50268397e-04,6.33268799e-06,9.49903199e-05,1.80695076e-04,2.52973107e-03,2.50681002e-04,3.76021502e-03,7.14434495e-09,1.14309519e-07,3.35283838e-07,5.69982525e-06,5.13261461e-08,9.23870630e-07,5.50751953e-06,9.36278319e-05,1.41398700e-04,2.54517660e-03,7.17625744e-05,1.43525149e-03
8.03085722e+00,1.00000000e-02,4.23308909e-02,1.34260909e+00,7.11569559e-01,7.11569559e-01,6.93371592e-02,2.77348637e-01,1.99690250e-06,2.39628300e-05,3.14603507e-09,4.08984559e-08,4.45006936e-07,5.78509016e-06,1.17602684e-05,1.64643757e-04,7.15802634e-06,1.07370395e-04,1.79668265e-04,2.51535571e-03,2.49855663e-04,3.74783495e-03,7.14434495e-09,1.14309519e-07,3.69531140e-07,6.28202937e-06,6.00712131e-08,1.08128184e-06,5.47327222e-06,9.30456278e-05,1.44938233e-04,2.60888819e-03,7.17625744e-05,1.43525149e-03
8.65652043e+00,1.00000000e-02,1.73174128e-02,1.34260909e+00,7.11569559e-01,7.11569559e-01,6.93371598e-02,2.77348639e-01,1.99690250e-06,2.39628300e-05,3.46864356e-09,4.50923663e-08,4.44684327e-07,5.78089625e-06,1.28605425e-05,1.80047595e-04,8.04462178e-06,1.20669327e-04,1.78567991e-04,2.49995187e-03,2.48969068e-04,3.73453602e-03,7.14434495e-09,1.14309519e-07,4.06208106e-07,6.90553780e-06,6.97113081e-08,1.25480355e-06,5.43659526e-06,9.24221194e-05,1.47907549e-04,2.66233588e-03,7.17625744e-05,1.43525149e-03
9.33092744e+00,1.00000000e-02,6.60795309e-03,1.34260909e+00,7.11569559e-01,7.11569559e-01,6.93371601e-02,2.77348640e-01,1.99690250e-06,2.39628300e-05,3.81612374e-09,4.96096086e-08,4.44336847e-07,5.77637901e-06,1.40389914e-05,1.96545880e-04,8.99676668e-06,1.34951500e-04,1.77389542e-04,2.48345359e-03,2.48016923e-04,3.72025384e-03,7.14434495e-09,1.14309519e-07,4.45467283e-07,7.57294381e-06,8.02938591e-08,1.44528946e-06,5.39733608e-06,9.17547134e-05,1.50349806e-04,2.70629650e-03,7.17625744e-05,1.43525149e-03
1.00578757e+01,1.00000000e-02,2.33912368e-03,1.34260909e+00,7.11569559e-01,7.11569559e-01,6.93371603e-02,2.77348641e-01,1.99690250e-06,2.39628300e-05,4.19037112e-09,5.44748246e-08,4.43962600e-07,5.77151380e-06,1.53005422e-05,2.14207591e-04,1.00190132e-05,1.50285198e-04,1.76127991e-04,2.46579187e-03,2.46994676e-04,3.70492015e-03,7.14434495e-09,1.14309519e-07,4.87467608e-07,8.28694934e-06,9.18688359e-08,1.65363905e-06,5.35533576e-06,9.10407078e-05,1.52316007e-04,2.74168813e-03,7.17625744e-05,1.43525149e-03
1.08414587e+01,1.00000000e-02,7.63663635e-04,1.34260909e+00,7.11569559e-01,7.11569559e-01,6.93371604e-02,2.77348642e-01,1.99690250e-06,2.39628300e-05,4.59342214e-09,5.97144879e-08,4.43559549e-07,5.76627413e-06,1.66503314e-05,2.33104640e-04,1.11161823e-05,1.66742734e-04,1.74778202e-04,2.44689483e-03,2.45897507e-04,3.68846261e-03,7.14434495e-09,1.14309519e-07,5.32374125e-07,9.05036012e-06,1.04489730e-07,1.88081513e-06,5.31042924e-06,9.02772971e-05,1.53862517e-04,2.76952531e-03,7.17625744e-05,1.43525149e-03
1.16860886e+01,1.00000000e-02,2.28494773e-04,1.34260909e+00,7.11569559e-01,7.11569559e-01,6.93371604e-02,2.77348642e-01,1.99690250e-06,2.39628300e-05,5.02746405e-09,6.53570327e-08,4.43125507e-07,5.76063159e-06,1.80936970e-05,2.53311758e-04,1.22933715e-05,1.84400572e-04,1.73334836e-04,2.42668771e-03,2.44720318e-04,3.67080477e-03,7.14434495e-09,1.14309519e-07,5.80357578e-07,9.86607882e-06,1.18214614e-07,2.12786306e-06,5.26244579e-06,8.94615784e-05,1.55048360e-04,2.79087047e-03,7.17625744e-05,1.43525149e-03
1.25965213e+01,1.00000000e-02,6.22336017e-05,1.34260909e+00,7.11569559e-01,7.11569559e-01,6.93371605e-02,2.77348642e-01,1.99690250e-06,2.39628300e-05,5.49484540e-09,7.14329902e-08,4.42658125e-07,5.75455563e-06,1.96361654e-05,2.74906316e-04,1.35559620e-05,2.03339430e-04,1.71792368e-04,2.40509315e-03,2.43457728e-04,3.65186591e-03,7.14434495e-09,1.14309519e-07,6.31593864e-07,1.07370957e-05,1.33107237e-07,2.39593027e-06,5.21120950e-06,8.85905615e-05,1.55932516e-04,2.80678529e-03,7.17625744e-05,1.43525149e-03
1.35778836e+01,1.00000000e-02,1.53167810e-05,1.34260909e+00,7.11569559e-01,7.11569559e-01,6.93371605e-02,2.77348642e-01,1.99690250e-06,2.39628300e-05,5.99808715e-09,7.79751330e-08,4.42154884e-07,5.74801349e-06,2.12834353e-05,2.97968094e-04,1.49096235e-05,2.23644352e-04,1.70145098e-04,2.38203137e-03,2.42104066e-04,3.63156099e-03,7.14434495e-09,1.14309519e-07,6.86263320e-07,1.16664764e-05,1.49238086e-07,2.68628555e-06,5.15654004e-06,8.76611807e-05,1.56571439e-04,2.81828590e-03,7.17625744e-05,1.43525149e-03
1.46357012e+01,1.00000000e-02,3.37967993e-06,1.34260909e+00,7.11569559e-01,7.11569559e-01,6.93371605e-02,2.77348642e-01,1.99690250e-06,2.39628300e-05,6.53989447e-09,8.50186282e-08,4.41613076e-07,5.74096999e-06,2.30413551e-05,3.22578972e-04,1.63603175e-05,2.45404763e-04,1.68387178e-04,2.35742049e-03,2.40653372e-04,3.60980058e-03,7.14434495e-09,1.14309519e-07,7.44549821e-07,1.26573470e-05,1.66685388e-07,3.00033699e-06,5.09825354e-06,8.66703102e-05,1.57016963e-04,2.82630534e-03,7.17625744e-05,1.43525149e-03
1.57759306e+01,1.00000000e-02,6.62908583e-07,1.34260909e+00,7.11569559e-01,7.11569559e-01,6.93371605e-02,2.77348642e-01,1.99690250e-06,2.39628300e-05,7.12316910e-09,9.26011983e-08,4.41029802e-07,5.73338742e-06,2.49158952e-05,3.48822532e-04,1.79142980e-05,2.68714470e-04,1.66512638e-04,2.33117693e-03,2.39099392e-04,3.58649087e-03,7.14434495e-09,1.14309519e-07,8.06639661e-07,1.37128742e-05,1.85536006e-07,3.33964811e-06,5.03616370e-06,8.56147829e-05,1.57314771e-04,2.83166588e-03,7.17625744e-05,1.43525149e-03
1.70049924e+01,1.00000000e-02,1.14529749e-07,1.34260909e+00,7.11569559e-01,7.11569559e-01,6.93371605e-02,2.77348642e-01,1.99690250e-06,2.39628300e-05,7.75102242e-09,1.00763291e-07,4.40401948e-07,5.72522533e-06,2.69131125e-05,3.76783575e-04,1.95781093e-05,2.93671640e-04,1.64515421e-04,2.30321589e-03,2.37435580e-04,3.56153370e-03,7.14434495e-09,1.14309519e-07,8.72720195e-07,1.48362433e-05,2.05886210e-07,3.70595177e-06,4.97008317e-06,8.44914139e-05,1.57503487e-04,2.83506277e-03,7.17625744e-05,1.43525149e-03
1.83298071e+01,1.00000000e-02,1.72574184e-08,1.34260909e+00,7.11569559e-01,7.11569559e-01,6.93371605e-02,2.77348642e-01,1.99690250e-06,2.39628300e-05,8.42678921e-09,1.09548260e-07,4.39726182e-07,5.71644036e-06,2.90391087e-05,4.06547522e-04,2.13585802e-05,3.20378702e-04,1.62389425e-04,2.27345194e-03,2.35655109e-04,3.53482664e-03,7.14434495e-09,1.14309519e-07,9.42978212e-07,1.60306296e-05,2.27842332e-07,4.10116198e-06,4.89982515e-06,8.32970276e-05,1.57614408e-04,2.83705934e-03,7.17625744e-05,1.43525149e-03
1.97578347e+01,1.00000000e-02,2.24387132e-09,1.34260909e+00,7.11569559e-01,7.11569559e-01,6.93371605e-02,2.77348642e-01,1.99690250e-06,2.39628300e-05,9.15404205e-09,1.19002547e-07,4.38998929e-07,5.70698607e-06,3.12999784e-05,4.38199697e-04,2.32628137e-05,3.48942205e-04,1.60128555e-04,2.24179977e-03,2.33750876e-04,3.50626314e-03,7.14434495e-09,1.14309519e-07,1.01759800e-06,1.72991660e-05,2.51521327e-07,4.52738388e-06,4.82520537e-06,8.20284912e-05,1.57671787e-04,2.83809217e-03,7.17625744e-05,1.43525149e-03
2.12971163e+01,1.00000000e-02,2.48883344e-10,1.34260909e+00,7.11569559e-01,7.11569559e-01,6.93371605e-02,2.77348642e-01,1.99690250e-06,2.39628300e-05,9.93660633e-09,1.29175882e-07,4.38216364e-07,5.69681274e-06,3.37017483e-05,4.71824476e-04,2.52981725e-05,3.79472587e-04,1.57726785e-04,2.20817499e-03,2.31715517e-04,3.47573276e-03,7.14434495e-09,1.14309519e-07,1.09675909e-06,1.86449044e-05,2.77051259e-07,4.98692266e-06,4.74604428e-06,8.06827527e-05,1.57693568e-04,2.83848423e-03,7.17625744e-05,1.43525149e-03
2.29563192e+01,1.00000000e-02,2.32590507e-11,1.34260909e+00,7.11569559e-01,7.11569559e-01,6.93371605e-02,2.77348642e-01,1.99690250e-06,2.39628300e-05,1.07785760e-08,1.40121487e-07,4.37374395e-07,5.68586713e-06,3.62503063e-05,5.07504289e-04,2.74722578e-05,4.12083867e-04,1.55178227e-04,2.17249518e-03,2.29541432e-04,3.44312148e-03,7.14434495e-09,1.14309519e-07,1.18063362e-06,2.00707716e-05,3.04571783e-07,5.48229210e-06,4.66216974e-06,7.92568856e-05,1.57692378e-04,2.83846281e-03,7.17625744e-05,1.43525149e-03
2.47447864e+01,1.00000000e-02,1.80713235e-12,1.34260909e+00,7.11569559e-01,7.11569559e-01,6.93371605e-02,2.77348642e-01,1.99690250e-06,2.39628300e-05,1.16843297e-08,1.51896286e-07,4.36468641e-07,5.67409233e-06,3.89513183e-05,5.45318456e-04,2.97928818e-05,4.46893227e-04,1.52477215e-04,2.13468101e-03,2.27220808e-04,3.40831212e-03,7.14434495e-09,1.14309519e-07,1.26938338e-06,2.15795175e-05,3.34234646e-07,6.01622363e-06,4.57341998e-06,7.77481397e-05,1.57676637e-04,2.83817946e-03,7.17625744e-05,1.43525149e-03
2.66725884e+01,1.00000000e-02,1.15064599e-13,1.34260909e+00,7.11569559e-01,7.11569559e-01,6.93371605e-02,2.77348642e-01,1.99690250e-06,2.39628300e-05,1.26585478e-08,1.64561121e-07,4.35494423e-07,5.66142750e-06,4.18101328e-05,5.85341859e-04,3.22680325e-05,4.84020488e-04,1.49618400e-04,2.09465761e-03,2.24745657e-04,3.37118486e-03,7.14434495e-09,1.14309519e-07,1.36315633e-06,2.31736576e-05,3.66204254e-07,6.59167658e-06,4.47964703e-06,7.61539996e-05,1.57651632e-04,2.83772938e-03,7.17625744e-05,1.43525149e-03
2.87505804e+01,1.00000000e-02,5.91170132e-15,1.34260909e+00,7.11569559e-01,7.11569559e-01,6.93371605e-02,2.77348642e-01,1.99690250e-06,2.39628300e-05,1.37062297e-08,1.78180986e-07,4.34446741e-07,5.64780763e-06,4.48316727e-05,6.27643418e-04,3.49058295e-05,5.23587443e-04,1.46596861e-04,2.05235605e-03,2.22107860e-04,3.33161790e-03,7.14434495e-09,1.14309519e-07,1.46208280e-06,2.48554076e-05,4.00658343e-07,7.21185018e-06,4.38072056e-06,7.44722496e-05,1.57620461e-04,2.83716830e-03,7.17625744e-05,1.43525149e-03
3.09904634e+01,1.00000000e-02,2.41014262e-16,1.34260909e+00,7.11569559e-01,7.11569559e-01,6.93371605e-02,2.77348642e-01,1.99690250e-06,2.39628300e-05,1.48327112e-08,1.92825246e-07,4.33320260e-07,5.63316337e-06,4.80203130e-05,6.72284382e-04,3.77144698e-05,5.65717047e-04,1.43408220e-04,2.00771508e-03,2.19299220e-04,3.28948830e-03,7.14434495e-09,1.14309519e-07,1.56627121e-06,2.66266105e-05,4.37788757e-07,7.88019763e-06,4.27653216e-06,7.27010466e-05,1.57584783e-04,2.83652609e-03,7.17625744e-05,1.43525149e-03
3.34048498e+01,1.00000000e-02,7.65786036e-18,1.34260909e+00,7.11569559e-01,7.11569559e-01,6.93371605e-02,2.77348642e-01,1.99690250e-06,2.39628300e-05,1.60436832e-08,2.08567882e-07,4.32109288e-07,5.61742074e-06,5.13797442e-05,7.19316418e-04,4.07021624e-05,6.10532437e-04,1.40048789e-04,1.96068305e-03,2.16311527e-04,3.24467291e-03,7.14434495e-09,1.14309519e-07,1.67580334e-06,2.84886567e-05,4.77802355e-07,8.60044238e-06,4.16700003e-06,7.08390005e-05,1.57545368e-04,2.83581662e-03,7.17625744e-05,1.43525149e-03
3.60073348e+01,1.00000000e-02,1.85982422e-19,1.34260909e+00,7.11569559e-01,7.11569559e-01,6.93371605e-02,2.77348642e-01,1.99690250e-06,2.39628300e-05,1.73452092e-08,2.25487719e-07,4.30807762e-07,5.60050090e-06,5.49128215e-05,7.68779501e-04,4.38770506e-05,6.58155759e-04,1.36515712e-04,1.91121996e-03,2.13136639e-04,3.19704959e-03,7.14434495e-09,1.14309519e-07,1.79072920e-06,3.04423964e-05,5.20922034e-07,9.37659662e-06,4.05207416e-06,6.88852608e-05,1.57502478e-04,2.83504460e-03,7.17625744e-05,1.43525149e-03
3.88125727e+01,1.00000000e-02,3.38099319e-21,1.34260909e+00,7.11569559e-01,7.11569559e-01,6.93371605e-02,2.77348642e-01,1.99690250e-06,2.39628300e-05,1.87437437e-08,2.43668669e-07,4.29409227e-07,5.58231995e-06,5.86214004e-05,8.20699606e-04,4.72471200e-05,7.08706799e-04,1.32807133e-04,1.85929986e-03,2.09766570e-04,3.14649855e-03,7.14434495e-09,1.14309519e-07,1.91106151e-06,3.24880457e-05,5.67387882e-07,1.02129819e-05,3.93174185e-06,6.68396114e-05,1.57456093e-04,2.83420968e-03,7.17625744e-05,1.43525149e-03
4.18363594e+01,1.00000000e-02,4.49805232e-23,1.34260909e+00,7.11569559e-01,7.11569559e-01,6.93371605e-02,2.77348642e-01,1.99690250e-06,2.39628300e-05,2.02461505e-08,2.63199957e-07,4.27906820e-07,5.56278866e-06,6.25061590e-05,8.75086226e-04,5.08200916e-05,7.62301373e-04,1.28922374e-04,1.80491324e-03,2.06193598e-04,3.09290397e-03,7.14434495e-09,1.14309519e-07,2.03676983e-06,3.46250871e-05,6.17458427e-07,1.11142517e-05,3.80603354e-06,6.47025701e-05,1.57406049e-04,2.83330888e-03,7.17625744e-05,1.43525149e-03
4.50957214e+01,1.00000000e-02,4.27414139e-25,1.34260909e+00,7.11569559e-01,7.11569559e-01,6.93371605e-02,2.77348642e-01,1.99690250e-06,2.39628300e-05,2.18597196e-08,2.84176355e-07,4.26293251e-07,5.54181227e-06,6.65664085e-05,9.31929719e-04,5.46032989e-05,8.19049484e-04,1.24862125e-04,1.74806975e-03,2.02410391e-04,3.03615586e-03,7.14434495e-09,1.14309519e-07,2.16777439e-06,3.68521647e-05,6.71412012e-07,1.20854162e-05,3.67502897e-06,6.24754925e-05,1.57352103e-04,2.83233786e-03,7.17625744e-05,1.43525149e-03
4.86090118e+01,1.00000000e-02,2.82573103e-27,1.34260909e+00,7.11569559e-01,7.11569559e-01,6.93371605e-02,2.77348642e-01,1.99690250e-06,2.39628300e-05,2.35921843e-08,3.06698396e-07,4.24560787e-07,5.51929022e-06,7.07998957e-05,9.91198539e-04,5.86035472e-05,8.79053209e-04,1.20628638e-04,1.68880093e-03,1.98410142e-04,2.97615214e-03,7.14434495e-09,1.14309519e-07,2.30393989e-06,3.91669781e-05,7.29548271e-07,1.31318689e-05,3.53886348e-06,6.01606791e-05,1.57293969e-04,2.83129144e-03,7.17625744e-05,1.43525149e-03
5.23960135e+01,1.00000000e-02,1.26356209e-29,1.34260909e+00,7.11569559e-01,7.11569559e-01,6.93371605e-02,2.77348642e-01,1.99690250e-06,2.39628300e-05,2.54517367e-08,3.30872577e-07,4.22701234e-07,5.49511604e-06,7.52025982e-05,1.05283638e-03,6.28269544e-05,9.42404316e-04,1.16225935e-04,1.62716309e-03,1.94186735e-04,2.91280103e-03,7.14434495e-09,1.14309519e-07,2.44506913e-06,4.15661753e-05,7.92189722e-07,1.42594150e-05,3.39773423e-06,5.77614819e-05,1.57231328e-04,2.83016390e-03,7.17625744e-05,1.43525149e-03
5.64780507e+01,1.00000000e-02,1.00000000e-30,1.34260909e+00,7.11569559e-01,7.11569559e-01,6.93371605e-02,2.77348642e-01,1.99690250e-06,2.39628300e-05,2.74470418e-08,3.56811543e-07,4.20705929e-07,5.46917708e-06,7.97685201e-05,1.11675928e-03,6.72787729e-05,1.00918159e-03,1.11660013e-04,1.56324018e-03,1.89734917e-04,2.84602375e-03,7.14434495e-09,1.14309519e-07,2.59089697e-06,4.40452486e-05,8.59683467e-07,1.54743024e-05,3.25190639e-06,5.52824086e-05,1.57163834e-04,2.82894902e-03,7.17625744e-05,1.43525149e-03
6.08781089e+01,1.00000000e-02,1.00000000e-30,1.34260909e+00,7.11569559e-01,7.11569559e-01,6.93371605e-02,2.77348642e-01,1.99690250e-06,2.39628300e-05,2.95872494e-08,3.84634242e-07,4.18565721e-07,5.44135438e-06,8.44894903e-05,1.18285286e-03,7.19631930e-05,1.07944790e-03,1.06939043e-04,1.49714660e-03,1.85050497e-04,2.77575745e-03,7.14434495e-09,1.14309519e-07,2.74108456e-06,4.65984375e-05,9.32403029e-07,1.67832545e-05,3.10171880e-06,5.27292196e-05,1.57091115e-04,2.82764007e-03,7.17625744e-05,1.43525149e-03
6.56209641e+01,1.00000000e-02,1.00000000e-30,1.34260909e+00,7.11569559e-01,7.11569559e-01,6.93371605e-02,2.77348642e-01,1.99690250e-06,2.39628300e-05,3.18820036e-08,4.14466047e-07,4.16270967e-07,5.41152257e-06,8.93549734e-05,1.25096963e-03,7.68831260e-05,1.15324689e-03,1.02073560e-04,1.42902984e-03,1.80130564e-04,2.70195845e-03,7.14434495e-09,1.14309519e-07,2.89521432e-06,4.92186434e-05,1.01075030e-06,1.81935054e-05,2.94758904e-06,5.01090138e-05,1.57012768e-04,2.82622982e-03,7.17625744e-05,1.43525149e-03
7.07333228e+01,1.00000000e-02,1.00000000e-30,1.34260909e+00,7.11569559e-01,7.11569559e-01,6.93371605e-02,2.77348642e-01,1.99690250e-06,2.39628300e-05,3.43414490e-08,4.46438837e-07,4.13811522e-07,5.37954978e-06,9.43519002e-05,1.32092660e-03,8.20399707e-05,1.23059956e-03,9.70766331e-05,1.35907286e-03,1.74973719e-04,2.62460578e-03,7.14434495e-09,1.14309519e-07,3.05278587e-06,5.18973598e-05,1.09515765e-06,1.97128377e-05,2.79001749e-06,4.74302974e-05,1.56928360e-04,2.82471048e-03,7.17625744e-05,1.43525149e-03
7.62439721e+01,1.00000000e-02,1.00000000e-30,1.34260909e+00,7.11569559e-01,7.11569559e-01,6.93371605e-02,2.77348642e-01,1.99690250e-06,2.39628300e-05,3.69762325e-08,4.80691023e-07,4.11176738e-07,5.34529760e-06,9.94645274e-05,1.39250338e-03,8.74333630e-05,1.31150045e-03,9.19640059e-05,1.28749608e-03,1.69580327e-04,2.54370490e-03,7.14434495e-09,1.14309519e-07,3.21321331e-06,5.46246263e-05,1.18609014e-06,2.13496225e-05,2.62959005e-06,4.47030309e-05,1.56837428e-04,2.82307370e-03,7.17625744e-05,1.43525149e-03
8.21839418e+01,1.00000000e-02,1.00000000e-30,1.34260909e+00,7.11569559e-01,7.11569559e-01,6.93371605e-02,2.77348642e-01,1.99690250e-06,2.39628300e-05,3.97975010e-08,5.17367513e-07,4.08355470e-07,5.30862111e-06,1.04674339e-04,1.46544075e-03,9.30609124e-05,1.39591369e-03,8.67541940e-05,1.21455872e-03,1.63952777e-04,2.45929166e-03,7.14434495e-09,1.14309519e-07,3.37582422e-06,5.73890117e-05,1.28404793e-06,2.31128627e-05,2.46697915e-06,4.19386455e-05,1.56739470e-04,2.82131046e-03,7.17625744e-05,1.43525149e-03
8.85866790e+01,1.00000000e-02,1.00000000e-30,1.34260909e+00,7.11569559e-01,7.11569559e-01,6.93371605e-02,2.77348642e-01,1.99690250e-06,2.39628300e-05,4.28168921e-08,5.56619597e-07,4.05336079e-07,5.26936902e-06,1.09960002e-04,1.53944003e-03,9.89179293e-05,1.48376894e-03,8.14685311e-05,1.14055944e-03,1.58095760e-04,2.37143640e-03,7.14434495e-09,1.14309519e-07,3.53986075e-06,6.01776328e-05,1.38956884e-06,2.50122392e-05,2.30294261e-06,3.91500244e-05,1.56633949e-04,2.81941108e-03,7.17625744e-05,1.43525149e-03
9.54882369e+01,1.00000000e-02,1.00000000e-30,1.34260909e+00,7.11569559e-01,7.11569559e-01,6.93371605e-02,2.77348642e-01,1.99690250e-06,2.39628300e-05,4.60465187e-08,5.98604743e-07,4.02106452e-07,5.22738388e-06,1.15297386e-04,1.61416340e-03,1.04997149e-04,1.57495724e-03,7.61311473e-05,1.06583606e-03,1.52016541e-04,2.28024811e-03,7.14434495e-09,1.14309519e-07,3.70448337e-06,6.29762173e-05,1.50323106e-06,2.70581591e-05,2.13831999e-06,3.63514398e-05,1.56520287e-04,2.81736516e-03,7.17625744e-05,1.43525149e-03
1.02927477e+02,1.00000000e-02,1.00000000e-30,1.34260909e+00,7.11569559e-01,7.11569559e-01,6.93371605e-02,2.77348642e-01,1.99690250e-06,2.39628300e-05,4.94989449e-08,6.43486284e-07,3.98654026e-07,5.18250234e-06,1.20659666e-04,1.68923533e-03,1.11288459e-04,1.66932688e-03,7.07688670e-05,9.90764137e-04,1.45725231e-04,2.18587846e-03,7.14434495e-09,1.14309519e-07,3.86877747e-06,6.57692169e-05,1.62565604e-06,2.92618088e-05,1.97402590e-06,3.35584403e-05,1.56397862e-04,2.81516151e-03,7.17625744e-05,1.43525149e-03
1.10946289e+02,1.00000000e-02,1.00000000e-30,1.34260909e+00,7.11569559e-01,7.11569559e-01,6.93371605e-02,2.77348642e-01,1.99690250e-06,2.39628300e-05,5.31871521e-08,6.91432978e-07,3.94965819e-07,5.13455564e-06,1.26017520e-04,1.76424528e-03,1.17778637e-04,1.76667956e-03,6.54110133e-05,9.15754186e-04,1.39235053e-04,2.08852579e-03,7.14434495e-09,1.14309519e-07,4.03176328e-06,6.85399757e-05,1.75751160e-06,3.16352088e-05,1.81104008e-06,3.07876814e-05,1.56266006e-04,2.81278811e-03,7.17625744e-05,1.43525149e-03
1.19589826e+02,1.00000000e-02,1.00000000e-30,1.34260909e+00,7.11569559e-01,7.11569559e-01,6.93371605e-02,2.77348642e-01,1.99690250e-06,2.39628300e-05,5.71244941e-08,7.42618423e-07,3.91028477e-07,5.08337020e-06,1.31339426e-04,1.83875197e-03,1.24451117e-04,1.86676675e-03,6.00891070e-05,8.41247497e-04,1.32562573e-04,1.98843860e-03,7.14434495e-09,1.14309519e-07,4.19240946e-06,7.12709609e-05,1.89951519e-06,3.41912734e-05,1.65039390e-06,2.80566963e-05,1.56124003e-04,2.81023205e-03,7.17625744e-05,1.43525149e-03
1.28906759e+02,1.00000000e-02,1.00000000e-30,1.34260909e+00,7.11569559e-01,7.11569559e-01,6.93371605e-02,2.77348642e-01,1.99690250e-06,2.39628300e-05,6.13246389e-08,7.97220305e-07,3.86828332e-07,5.02876831e-06,1.36592083e-04,1.91228916e-03,1.31285783e-04,1.96928674e-03,5.48364507e-05,7.67710309e-04,1.25727907e-04,1.88591860e-03,7.14434495e-09,1.14309519e-07,4.34965027e-06,7.39440545e-05,2.05243740e-06,3.69438732e-05,1.49315310e-06,2.53836027e-05,1.55971080e-04,2.80747945e-03,7.17625744e-05,1.43525149e-03
1.38949549e+02,1.00000000e-02,1.00000000e-30,1.34260909e+00,7.11569559e-01,7.11569559e-01,6.93371605e-02,2.77348642e-01,1.99690250e-06,2.39628300e-05,6.58014962e-08,8.55419450e-07,3.82351475e-07,4.97056917e-06,1.41740942e-04,1.98437319e-03,1.38258824e-04,2.07388236e-03,4.96875909e-05,6.95626273e-04,1.18754866e-04,1.78132299e-03,7.14434495e-09,1.14309519e-07,4.50240651e-06,7.65409107e-05,2.21710564e-06,3.99079015e-05,1.34039685e-06,2.27867465e-05,1.55806412e-04,2.80451542e-03,7.17625744e-05,1.43525149e-03
1.49774748e+02,1.00000000e-02,1.00000000e-30,1.34260909e+00,7.11569559e-01,7.11569559e-01,6.93371605e-02,2.77348642e-01,1.99690250e-06,2.39628300e-05,7.05691275e-08,9.17398657e-07,3.77583843e-07,4.90858996e-06,1.46750871e-04,2.05451219e-03,1.45342646e-04,2.18013969e-03,4.46776625e-05,6.25487275e-04,1.11671044e-04,1.67506565e-03,7.14434495e-09,1.14309519e-07,4.64960990e-06,7.90433682e-05,2.39440807e-06,4.30993452e-05,1.19319347e-06,2.02842889e-05,1.55629110e-04,2.80132398e-03,7.17625744e-05,1.43525149e-03
1.61443309e+02,1.00000000e-02,1.00000000e-30,1.34260909e+00,7.11569559e-01,7.11569559e-01,6.93371605e-02,2.77348642e-01,1.99690250e-06,2.39628300e-05,7.56416378e-08,9.83341292e-07,3.72511333e-07,4.84264733e-06,1.51586918e-04,2.12221686e-03,1.52505875e-04,2.28758813e-03,3.98416150e-05,5.57782610e-04,1.04507814e-04,1.56761721e-03,7.14434495e-09,1.14309519e-07,4.79023029e-06,8.14339149e-05,2.58529771e-06,4.65353589e-05,1.05257307e-06,1.78937422e-05,1.55438220e-04,2.79788796e-03,7.17625744e-05,1.43525149e-03
1.74020937e+02,1.00000000e-02,1.00000000e-30,1.34260909e+00,7.11569559e-01,7.11569559e-01,6.93371605e-02,2.77348642e-01,1.99690250e-06,2.39628300e-05,8.10330459e-08,1.05342960e-06,3.67119925e-07,4.77255902e-06,1.56215190e-04,2.18701266e-03,1.59713461e-04,2.39570192e-03,3.52133432e-05,4.92986805e-04,9.73002282e-05,1.45950342e-03,7.14434495e-09,1.14309519e-07,4.92330510e-06,8.36961866e-05,2.79079688e-06,5.02343438e-05,9.19498268e-07,1.56314706e-05,1.55232721e-04,2.79418898e-03,7.17625744e-05,1.43525149e-03
1.87578456e+02,1.00000000e-02,1.00000000e-30,1.34260909e+00,7.11569559e-01,7.11569559e-01,6.93371605e-02,2.77348642e-01,1.99690250e-06,2.39628300e-05,8.67571314e-08,1.12784271e-06,3.61395839e-07,4.69814591e-06,1.60603792e-04,2.24845309e-03,1.66926901e-04,2.50390352e-03,3.08247409e-05,4.31546373e-04,9.00867884e-05,1.35130183e-03,7.14434495e-09,1.14309519e-07,5.04796960e-06,8.58154832e-05,3.01200170e-06,5.42160306e-05,7.94833761e-07,1.35121739e-05,1.55011516e-04,2.79020729e-03,7.17625744e-05,1.43525149e-03
2.02192206e+02,1.00000000e-02,1.00000000e-30,1.34260909e+00,7.11569559e-01,7.11569559e-01,6.93371605e-02,2.77348642e-01,1.99690250e-06,2.39628300e-05,9.28272563e-08,1.20675433e-06,3.55325714e-07,4.61923429e-06,1.64723818e-04,2.30613345e-03,1.74104603e-04,2.61156904e-03,2.67047154e-05,3.73866016e-04,8.29090871e-05,1.24363631e-03,7.14434495e-09,1.14309519e-07,5.16348691e-06,8.77792774e-05,3.25008702e-06,5.85015664e-05,6.79316458e-07,1.15483798e-05,1.54773431e-04,2.78592175e-03,7.17625744e-05,1.43525149e-03
2.17944475e+02,1.00000000e-02,1.00000000e-30,1.34260909e+00,7.11569559e-01,7.11569559e-01,6.93371605e-02,2.77348642e-01,1.99690250e-06,2.39628300e-05,9.92561590e-08,1.29033007e-06,3.48896812e-07,4.53565855e-06,1.68550328e-04,2.35970460e-03,1.81202397e-04,2.71803596e-03,2.28782050e-05,3.20294870e-04,7.58112925e-05,1.13716939e-03,7.14434495e-09,1.14309519e-07,5.26927572e-06,8.95776872e-05,3.50631144e-06,6.31136060e-05,5.73527647e-07,9.74996999e-06,1.54517206e-04,2.78130972e-03,7.17625744e-05,1.43525149e-03
2.34923963e+02,1.00000000e-02,1.00000000e-30,1.34260909e+00,7.11569559e-01,7.11569559e-01,6.93371605e-02,2.77348642e-01,1.99690250e-06,2.39628300e-05,1.06055718e-07,1.37872434e-06,3.42097253e-07,4.44726429e-06,1.72063279e-04,2.40888590e-03,1.88174215e-04,2.82261323e-03,1.93652545e-05,2.71113564e-04,6.88394743e-05,1.03259211e-03,7.14434495e-09,1.14309519e-07,5.36493421e-06,9.12038816e-05,3.78202263e-06,6.80764074e-05,4.77869153e-07,8.12377560e-06,1.54241495e-04,2.77634691e-03,7.17625744e-05,1.43525149e-03
2.53226278e+02,1.00000000e-02,1.00000000e-30,1.34260909e+00,7.11569559e-01,7.11569559e-01,6.93371605e-02,2.77348642e-01,1.99690250e-06,2.39628300e-05,1.13236686e-07,1.47207692e-06,3.34916285e-07,4.35391170e-06,1.75248326e-04,2.45347657e-03,1.94972923e-04,2.92459385e-03,1.61802071e-05,2.26522899e-04,6.20407664e-05,9.30611495e-04,7.14434495e-09,1.14309519e-07,5.45025801e-06,9.26543862e-05,4.07866284e-06,7.34159312e-05,3.92545351e-07,6.67327098e-06,1.53944855e-04,2.77100739e-03,7.17625744e-05,1.43525149e-03
2.72954479e+02,1.00000000e-02,1.00000000e-30,1.34260909e+00,7.11569559e-01,7.11569559e-01,6.93371605e-02,2.77348642e-01,1.99690250e-06,2.39628300e-05,1.20808388e-07,1.57050905e-06,3.27344583e-07,4.25547957e-06,1.78097460e-04,2.49336444e-03,2.01551318e-04,3.02326978e-03,1.33310733e-05,1.86635027e-04,5.54623713e-05,8.31935569e-04,7.14434495e-09,1.14309519e-07,5.52525060e-06,9.39292602e-05,4.39777465e-06,7.91599436e-05,3.17552763e-07,5.39839698e-06,1.53625743e-04,2.76526338e-03,7.17625744e-05,1.43525149e-03
2.94219653e+02,1.00000000e-02,1.00000000e-30,1.34260909e+00,7.11569559e-01,7.11569559e-01,6.93371605e-02,2.77348642e-01,1.99690250e-06,2.39628300e-05,1.28778392e-07,1.67411910e-06,3.19374578e-07,4.15186952e-06,1.80609395e-04,2.52853153e-03,2.07863264e-04,3.11794896e-03,1.08191381e-05,1.51467934e-04,4.91504254e-05,7.37256381e-04,7.14434495e-09,1.14309519e-07,5.59012462e-06,9.50321185e-05,4.74100687e-06,8.53381236e-05,2.52678744e-07,4.29553865e-06,1.53282511e-04,2.75908520e-03,7.17625744e-05,1.43525149e-03
3.17141542e+02,1.00000000e-02,1.00000000e-30,1.34260909e+00,7.11569559e-01,7.11569559e-01,6.93371605e-02,2.77348642e-01,1.99690250e-06,2.39628300e-05,1.37152142e-07,1.78297785e-06,3.11000828e-07,4.04301077e-06,1.82789679e-04,2.55905550e-03,2.13864938e-04,3.20797407e-03,8.63885455e-06,1.20943964e-04,4.31487518e-05,6.47231277e-04,7.14434495e-09,1.14309519e-07,5.64529321e-06,9.59699845e-05,5.11012067e-06,9.19821721e-05,1.97510157e-07,3.35767267e-06,1.52913397e-04,2.75244115e-03,7.17625744e-05,1.43525149e-03
3.41849215e+02,1.00000000e-02,1.00000000e-30,1.34260909e+00,7.11569559e-01,7.11569559e-01,6.93371605e-02,2.77348642e-01,1.99690250e-06,2.39628300e-05,1.45932561e-07,1.89712329e-06,3.02220410e-07,3.92886533e-06,1.84650476e-04,2.58510666e-03,2.19516145e-04,3.29274218e-03,6.77805771e-06,9.48928079e-05,3.74975442e-05,5.62463162e-04,7.14434495e-09,1.14309519e-07,5.69135113e-06,9.67529692e-05,5.50699582e-06,9.91259247e-05,1.51452234e-07,2.57468797e-06,1.52516522e-04,2.74529740e-03,7.17625744e-05,1.43525149e-03
3.68481798e+02,1.00000000e-02,1.00000000e-30,1.34260909e+00,7.11569559e-01,7.11569559e-01,6.93371605e-02,2.77348642e-01,1.99690250e-06,2.39628300e-05,1.55119627e-07,2.01655515e-06,2.93033344e-07,3.80943347e-06,1.86210021e-04,2.60694029e-03,2.24781652e-04,3.37172479e-03,5.21851272e-06,7.30591781e-05,3.22320373e-05,4.83480559e-04,7.14434495e-09,1.14309519e-07,5.72904636e-06,9.73937882e-05,5.93363699e-06,1.06805466e-04,1.13757001e-07,1.93386903e-06,1.52089881e-04,2.73761786e-03,7.17625744e-05,1.43525149e-03
3.97189257e+02,1.00000000e-02,1.00000000e-30,1.34260909e+00,7.11569559e-01,7.11569559e-01,6.93371605e-02,2.77348642e-01,1.99690250e-06,2.39628300e-05,1.64709925e-07,2.14122902e-06,2.83443046e-07,3.68475960e-06,1.87491753e-04,2.62488454e-03,2.29632457e-04,3.44448685e-03,3.93678033e-06,5.51149246e-05,2.73812328e-05,4.10718492e-04,7.14434495e-09,1.14309519e-07,5.75924366e-06,9.79071422e-05,6.39218022e-06,1.15059244e-04,8.35597035e-08,1.42051496e-06,1.51631338e-04,2.72936408e-03,7.17625744e-05,1.43525149e-03
4.28133240e+02,1.00000000e-02,1.00000000e-30,1.34260909e+00,7.11569559e-01,7.11569559e-01,6.93371605e-02,2.77348642e-01,1.99690250e-06,2.39628300e-05,1.74696179e-07,2.27105033e-06,2.73456792e-07,3.55493829e-06,1.88523177e-04,2.63932448e-03,2.34046932e-04,3.51070398e-03,2.90535576e-06,4.06749806e-05,2.29667576e-05,3.44501364e-04,7.14434495e-09,1.14309519e-07,5.78288258e-06,9.83090038e-05,6.88489924e-06,1.23928186e-04,5.99207879e-08,1.01865339e-06,1.51138619e-04,2.72049513e-03,7.17625744e-05,1.43525149e-03
4.61487988e+02,1.00000000e-02,1.00000000e-30,1.34260909e+00,7.11569559e-01,7.11569559e-01,6.93371605e-02,2.77348642e-01,1.99690250e-06,2.39628300e-05,1.85066781e-07,2.40586815e-06,2.63086190e-07,3.42012047e-06,1.89334526e-04,2.65068336e-03,2.38011752e-04,3.57017628e-03,2.09400739e-06,2.93161034e-05,1.90019377e-05,2.85029065e-04,7.14434495e-09,1.14309519e-07,5.80093299e-06,9.86158609e-05,7.41421183e-06,1.33455813e-04,4.18703704e-08,7.11796297e-07,1.50609306e-04,2.71096751e-03,7.17625744e-05,1.43525149e-03
4.97441317e+02,1.00000000e-02,1.00000000e-30,1.34260909e+00,7.11569559e-01,7.11569559e-01,6.93371605e-02,2.77348642e-01,1.99690250e-06,2.39628300e-05,1.95805317e-07,2.54546912e-06,2.52347654e-07,3.28051950e-06,1.89957315e-04,2.65940241e-03,2.41522521e-04,3.62283782e-03,1.47121797e-06,2.05970516e-05,1.54911683e-05,2.32367524e-04,7.14434495e-09,1.14309519e-07,5.81435167e-06,9.88439783e-05,7.98268599e-06,1.43688348e-04,2.84516979e-08,4.83678864e-07,1.50040832e-04,2.70073497e-03,7.17625744e-05,1.43525149e-03
5.36195677e+02,1.00000000e-02,1.00000000e-30,1.34260909e+00,7.11569559e-01,7.11569559e-01,6.93371605e-02,2.77348642e-01,1.99690250e-06,2.39628300e-05,2.06890116e-07,2.68957151e-06,2.41262855e-07,3.13641711e-06,1.90422916e-04,2.66592083e-03,2.44584037e-04,3.66876055e-03,1.00561684e-06,1.40786357e-05,1.24296528e-05,1.86444792e-04,7.14434495e-09,1.14309519e-07,5.82404319e-06,9.90087343e-05,8.59304577e-06,1.54674824e-04,1.87601722e-08,3.18922928e-07,1.49430472e-04,2.68974850e-03,7.17625744e-05,1.43525149e-03
5.77969288e+02,1.00000000e-02,1.00000000e-30,1.34260909e+00,7.11569559e-01,7.11569559e-01,6.93371605e-02,2.77348642e-01,1.99690250e-06,2.39628300e-05,2.18293833e-07,2.83781983e-06,2.29859138e-07,2.98816879e-06,1.90761244e-04,2.67065741e-03,2.47210127e-04,3.70815191e-03,6.67289478e-07,9.34205269e-06,9.80356236e-06,1.47053435e-04,7.14434495e-09,1.14309519e-07,5.83082840e-06,9.91240828e-05,9.24817677e-06,1.66467182e-04,1.19749643e-08,2.03574392e-07,1.48775341e-04,2.67795614e-03,7.17625744e-05,1.43525149e-03
6.22997373e+02,1.00000000e-02,1.00000000e-30,1.34260909e+00,7.11569559e-01,7.11569559e-01,6.93371605e-02,2.77348642e-01,1.99690250e-06,2.39628300e-05,2.29983091e-07,2.98978018e-06,2.18169880e-07,2.83620844e-06,1.90999670e-04,2.67399537e-03,2.49423047e-04,3.74134571e-03,4.28863694e-07,6.00409172e-06,7.59064219e-06,1.13859633e-04,7.14434495e-09,1.14309519e-07,5.83542224e-06,9.92021780e-05,9.95113111e-06,1.79120360e-04,7.38112562e-09,1.25479136e-07,1.48072387e-04,2.66530296e-03,7.17625744e-05,1.43525149e-03
6.71533479e+02,1.00000000e-02,1.00000000e-30,1.34260909e+00,7.11569559e-01,7.11569559e-01,6.93371605e-02,2.77348642e-01,1.99690250e-06,2.39628300e-05,2.41918200e-07,3.14493660e-06,2.06234771e-07,2.68105202e-06,1.91162236e-04,2.67627131e-03,2.51252433e-04,3.76878650e-03,2.66297102e-07,3.72815943e-06,5.76125620e-06,8.64188430e-05,7.14434495e-09,1.14309519e-07,5.83842211e-06,9.92531758e-05,1.07051316e-05,1.92692369e-04,4.38125550e-09,7.44813435e-08,1.47318386e-04,2.65173095e-03,7.17625744e-05,1.43525149e-03
7.23850907e+02,1.00000000e-02,1.00000000e-30,1.34260909e+00,7.11569559e-01,7.11569559e-01,6.93371605e-02,2.77348642e-01,1.99690250e-06,2.39628300e-05,2.54052996e-07,3.30268895e-06,1.94099974e-07,2.52329967e-06,1.91269206e-04,2.67776888e-03,2.52733869e-04,3.79100804e-03,1.59327380e-07,2.23058332e-06,4.27982053e-06,6.41973080e-05,7.14434495e-09,1.14309519e-07,5.84030632e-06,9.92852074e-05,1.15135751e-05,2.07244352e-04,2.49704651e-09,4.24497907e-08,1.46509943e-04,2.63717897e-03,7.17625744e-05,1.43525149e-03
7.80244249e+02,1.00000000e-02,1.00000000e-30,1.34260909e+00,7.11569559e-01,7.11569559e-01,6.93371605e-02,2.77348642e-01,1.99690250e-06,2.39628300e-05,2.66334807e-07,3.46235249e-06,1.81818164e-07,2.36363613e-06,1.91336946e-04,2.67871724e-03,2.53907151e-04,3.80860727e-03,9.15872626e-08,1.28222168e-06,3.10653841e-06,4.65980761e-05,7.14434495e-09,1.14309519e-07,5.84144119e-06,9.93045003e-05,1.23800346e-05,2.22840623e-04,1.36217163e-09,2.31569178e-08,1.45643483e-04,2.62158270e-03,7.17625744e-05,1.43525149e-03
8.41031051e+02,1.00000000e-02,1.00000000e-30,1.34260909e+00,7.11569559e-01,7.11569559e-01,6.93371605e-02,2.77348642e-01,1.99690250e-06,2.39628300e-05,2.78704597e-07,3.62315976e-06,1.69448374e-07,2.20282886e-06,1.91378108e-04,2.67929351e-03,2.54814376e-04,3.82221564e-03,5.04250675e-08,7.05950945e-07,2.19931366e-06,3.29897049e-05,7.14434495e-09,1.14309519e-07,5.84209455e-06,9.93156073e-05,1.33082600e-05,2.39548680e-04,7.08813865e-10,1.20498357e-08,1.44715258e-04,2.60487464e-03,7.17625744e-05,1.43525149e-03
9.06553593e+02,1.00000000e-02,1.00000000e-30,1.34260909e+00,7.11569559e-01,7.11569559e-01,6.93371605e-02,2.77348642e-01,1.99690250e-06,2.39628300e-05,2.91097313e-07,3.78426507e-06,1.57055658e-07,2.04172355e-06,1.91402032e-04,2.67962845e-03,2.55497993e-04,3.83246989e-03,2.65011801e-08,3.71016522e-07,1.51569676e-06,2.27354514e-05,7.14434495e-09,1.14309519e-07,5.84245283e-06,9.93216981e-05,1.43021770e-05,2.57439186e-04,3.50534132e-10,5.95908025e-09,1.43721341e-04,2.58698414e-03,7.17625744e-05,1.43525149e-03
9.77180827e+02,1.00000000e-02,1.00000000e-30,1.34260909e+00,7.11569559e-01,7.11569559e-01,6.93371605e-02,2.77348642e-01,1.99690250e-06,2.39628300e-05,3.03442457e-07,3.94475195e-06,1.44710513e-07,1.88123667e-06,1.91415286e-04,2.67981401e-03,2.55998980e-04,3.83998470e-03,1.32470166e-08,1.85458233e-07,1.01470969e-06,1.52206453e-05,7.14434495e-09,1.14309519e-07,5.84263927e-06,9.93248675e-05,1.53658841e-05,2.76585913e-04,1.64098347e-10,2.78967190e-09,1.42657634e-04,2.56783741e-03,7.17625744e-05,1.43525149e-03
1.05331045e+03,1.00000000e-02,1.00000000e-30,1.34260909e+00,7.11569559e-01,7.11569559e-01,6.93371605e-02,2.77348642e-01,1.99690250e-06,2.39628300e-05,3.15664923e-07,4.10364400e-06,1.32488048e-07,1.72234462e-06,1.91422260e-04,2.67991164e-03,2.56355283e-04,3.84532924e-03,6.27349158e-09,8.78288822e-08,6.58406827e-07,9.87610240e-06,7.14434495e-09,1.14309519e-07,5.84273095e-06,9.93264262e-05,1.65036469e-05,2.97065645e-04,7.24098639e-11,1.23096769e-09,1.41519871e-04,2.54735768e-03,7.17625744e-05,1.43525149e-03
1.13537112e+03,1.00000000e-02,1.00000000e-30,1.34260909e+00,7.11569559e-01,7.11569559e-01,6.93371605e-02,2.77348642e-01,1.99690250e-06,2.39628300e-05,3.27686096e-07,4.25991925e-06,1.20466875e-07,1.56606937e-06,1.91425730e-04,2.67996022e-03,2.56600631e-04,3.84900946e-03,2.80292304e-09,3.92409225e-08,4.13059047e-07,6.19588571e-06,7.14434495e-09,1.14309519e-07,5.84277339e-06,9.93271475e-05,1.77198899e-05,3.18958018e-04,2.99785283e-11,5.09634981e-10,1.40303628e-04,2.52546530e-03,7.17625744e-05,1.43525149e-03
1.22382494e+03,1.00000000e-02,1.00000000e-30,1.34260909e+00,7.11569559e-01,7.11569559e-01,6.93371605e-02,2.77348642e-01,1.99690250e-06,2.39628300e-05,3.39425245e-07,4.41252819e-06,1.08727726e-07,1.41346043e-06,1.91427357e-04,2.67998300e-03,2.56763796e-04,3.85145694e-03,1.17612460e-09,1.64657444e-08,2.49893574e-07,3.74840361e-06,7.14434495e-09,1.14309519e-07,5.84279178e-06,9.93274602e-05,1.90191840e-05,3.42345311e-04,1.15873807e-11,1.96985473e-10,1.39004334e-04,2.50207801e-03,7.17625744e-05,1.43525149e-03
1.31916996e+03,1.00000000e-02,1.00000000e-30,1.34260909e+00,7.11569559e-01,7.11569559e-01,6.93371605e-02,2.77348642e-01,1.99690250e-06,2.39628300e-05,3.50801178e-07,4.56041531e-06,9.73517932e-08,1.26557331e-06,1.91428072e-04,2.67999301e-03,2.56868313e-04,3.85302470e-03,4.61224261e-10,6.45713965e-09,1.45376498e-07,2.18064748e-06,7.14434495e-09,1.14309519e-07,5.84279920e-06,9.93275865e-05,2.04062311e-05,3.67312160e-04,4.15908855e-12,7.07045053e-11,1.37617287e-04,2.47711116e-03,7.17625744e-05,1.43525149e-03
1.42194306e+03,1.00000000e-02,1.00000000e-30,1.34260909e+00,7.11569559e-01,7.11569559e-01,6.93371605e-02,2.77348642e-01,1.99690250e-06,2.39628300e-05,3.61734150e-07,4.70254395e-06,8.64188209e-08,1.12344467e-06,1.91428365e-04,2.67999711e-03,2.56932611e-04,3.85398917e-03,1.68150588e-10,2.35410823e-09,8.10783230e-08,1.21617485e-06,7.14434495e-09,1.14309519e-07,5.84280199e-06,9.93276337e-05,2.18858435e-05,3.93945183e-04,1.37829846e-12,2.34310739e-11,1.36137674e-04,2.45047814e-03,7.17625744e-05,1.43525149e-03
1.53272295e+03,1.00000000e-02,1.00000000e-30,1.34260909e+00,7.11569559e-01,7.11569559e-01,6.93371605e-02,2.77348642e-01,1.99690250e-06,2.39628300e-05,3.72147977e-07,4.83792370e-06,7.60049941e-08,9.88064923e-07,1.91428477e-04,2.67999867e-03,2.56970482e-04,3.85455723e-03,5.66688650e-11,7.93364111e-10,4.32074673e-08,6.48112009e-07,7.14434495e-09,1.14309519e-07,5.84280294e-06,9.93276501e-05,2.34629180e-05,4.22332524e-04,4.19101948e-13,7.12473311e-12,1.34560600e-04,2.42209080e-03,7.17625744e-05,1.43525149e-03
1.65213341e+03,1.00000000e-02,1.00000000e-30,1.34260909e+00,7.11569559e-01,7.11569559e-01,6.93371605e-02,2.77348642e-01,1.99690250e-06,2.39628300e-05,3.81972276e-07,4.96563959e-06,6.61806948e-08,8.60349032e-07,1.91428516e-04,2.67999922e-03,2.56991766e-04,3.85487649e-03,1.75465119e-11,2.45651167e-10,2.19238688e-08,3.28858032e-07,7.14434495e-09,1.14309519e-07,5.84280325e-06,9.93276552e-05,2.51424046e-05,4.52563282e-04,1.16149179e-13,1.97453604e-12,1.32881113e-04,2.39186004e-03,7.17625744e-05,1.43525149e-03
1.78084683e+03,1.00000000e-02,1.00000000e-30,1.34260909e+00,7.11569559e-01,7.11569559e-01,6.93371605e-02,2.77348642e-01,1.99690250e-06,2.39628300e-05,3.91144756e-07,5.08488183e-06,5.70082144e-08,7.41106788e-07,1.91428528e-04,2.67999940e-03,2.57003138e-04,3.85504707e-03,4.95872783e-12,6.94221896e-11,1.05516609e-08,1.58274913e-07,7.14434495e-09,1.14309519e-07,5.84280333e-06,9.93276567e-05,2.69292678e-05,4.84726820e-04,2.91269216e-14,4.95157667e-13,1.31094250e-04,2.35969650e-03,7.17625744e-05,1.43525149e-03
1.91958797e+03,1.00000000e-02,1.00000000e-30,1.34260909e+00,7.11569559e-01,7.11569559e-01,6.93371605e-02,2.77348642e-01,1.99690250e-06,2.39628300e-05,3.99613434e-07,5.19497464e-06,4.85395372e-08,6.31013984e-07,1.91428532e-04,2.67999945e-03,2.57008893e-04,3.85513339e-03,1.26996732e-12,1.77795425e-11,4.79712840e-09,7.19569260e-08,7.14434495e-09,1.14309519e-07,5.84280336e-06,9.93276571e-05,2.88284413e-05,5.18911944e-04,6.55801412e-15,1.11486240e-13,1.29195076e-04,2.32551138e-03,7.17625744e-05,1.43525149e-03
2.06913808e+03,1.00000000e-02,1.00000000e-30,1.34260909e+00,7.11569559e-01,7.11569559e-01,6.93371605e-02,2.77348642e-01,1.99690250e-06,2.39628300e-05,4.07338645e-07,5.29540238e-06,4.08143262e-08,5.30586241e-07,1.91428533e-04,2.67999946e-03,2.57011639e-04,3.85517458e-03,2.92500405e-13,4.09500567e-12,2.05102554e-09,3.07653832e-08,7.14434495e-09,1.14309519e-07,5.84280336e-06,9.93276572e-05,3.08447740e-05,5.55205932e-04,1.31462912e-15,2.23486951e-14,1.27178744e-04,2.28921739e-03,7.17625744e-05,1.43525149e-03
2.23033925e+03,1.00000000e-02,1.00000000e-30,1.34260909e+00,7.11569559e-01,7.11569559e-01,6.93371605e-02,2.77348642e-01,1.99690250e-06,2.39628300e-05,4.14294719e-07,5.38583135e-06,3.38582516e-08,4.40157271e-07,1.91428533e-04,2.67999946e-03,2.57012869e-04,3.85519303e-03,6.00871475e-14,8.41220065e-13,8.20752439e-10,1.23112866e-08,7.14434495e-09,1.14309519e-07,5.84280336e-06,9.93276572e-05,3.29829665e-05,5.93693398e-04,2.32518396e-16,3.95281273e-15,1.25040551e-04,2.25072992e-03,7.17625744e-05,1.43525149e-03
2.40409918e+03,1.00000000e-02,1.00000000e-30,1.34260909e+00,7.11569559e-01,7.11569559e-01,6.93371605e-02,2.77348642e-01,1.99690250e-06,2.39628300e-05,4.20471167e-07,5.46612517e-06,2.76818038e-08,3.59863450e-07,1.91428533e-04,2.67999947e-03,2.57013384e-04,3.85520076e-03,1.09115748e-14,1.52762048e-13,3.05819324e-10,4.58728986e-09,7.14434495e-09,1.14309519e-07,5.84280336e-06,9.93276572e-05,3.52474993e-05,6.34454988e-04,3.59333797e-17,6.10867455e-16,1.22776018e-04,2.20996833e-03,7.17625744e-05,1.43525149e-03
2.59139630e+03,1.00000000e-02,1.00000000e-30,1.34260909e+00,7.11569559e-01,7.11569559e-01,6.93371605e-02,2.77348642e-01,1.99690250e-06,2.39628300e-05,4.25873254e-07,5.53635230e-06,2.22797172e-08,2.89636324e-07,1.91428533e-04,2.67999947e-03,2.57013584e-04,3.85520376e-03,1.73489080e-15,2.42884712e-14,1.05515213e-10,1.58272820e-09,7.14434495e-09,1.14309519e-07,5.84280336e-06,9.93276572e-05,3.76425490e-05,6.77565882e-04,4.80130265e-18,8.16221450e-17,1.20380969e-04,2.16685744e-03,7.17625744e-05,1.43525149e-03
2.79328525e+03,1.00000000e-02,1.00000000e-30,1.34260909e+00,7.11569559e-01,7.11569559e-01,6.93371605e-02,2.77348642e-01,1.99690250e-06,2.39628300e-05,4.30521868e-07,5.59678428e-06,1.76311031e-08,2.29204340e-07,1.91428533e-04,2.67999947e-03,2.57013656e-04,3.85520484e-03,2.39022379e-16,3.34631330e-15,3.35089101e-11,5.02633652e-10,7.14434495e-09,1.14309519e-07,5.84280336e-06,9.93276572e-05,4.01718944e-05,7.23094098e-04,5.48425797e-19,9.32323855e-18,1.17851623e-04,2.12132922e-03,7.17625744e-05,1.43525149e-03
3.01090284e+03,1.00000000e-02,1.00000000e-30,1.34260909e+00,7.11569559e-01,7.11569559e-01,6.93371605e-02,2.77348642e-01,1.99690250e-06,2.39628300e-05,4.34452624e-07,5.64788412e-06,1.37003465e-08,1.78104504e-07,1.91428533e-04,2.67999947e-03,2.57013680e-04,3.85520520e-03,2.82188687e-17,3.95064162e-16,9.73185347e-12,1.45977802e-10,7.14434495e-09,1.14309519e-07,5.84280336e-06,9.93276572e-05,4.28388107e-05,7.71098593e-04,5.29016239e-20,8.99327606e-19,1.15184707e-04,2.07332473e-03,7.17625744e-05,1.43525149e-03
3.24547446e+03,1.00000000e-02,1.00000000e-30,1.34260909e+00,7.11569559e-01,7.11569559e-01,6.93371605e-02,2.77348642e-01,1.99690250e-06,2.39628300e-05,4.37714208e-07,5.69028471e-06,1.04387626e-08,1.35703914e-07,1.91428533e-04,2.67999947e-03,2.57013687e-04,3.85520531e-03,2.82066093e-18,3.94892530e-17,2.56683153e-12,3.85024729e-11,7.14434495e-09,1.14309519e-07,5.84280336e-06,9.93276572e-05,4.56459529e-05,8.21627152e-04,4.25298802e-21,7.23007964e-20,1.12377565e-04,2.02279617e-03,7.17625744e-05,1.43525149e-03
3.49832094e+03,1.00000000e-02,1.00000000e-30,1.34260909e+00,7.11569559e-01,7.11569559e-01,6.93371605e-02,2.77348642e-01,1.99690250e-06,2.39628300e-05,4.40366028e-07,5.72475836e-06,7.78694291e-09,1.01230258e-07,1.91428533e-04,2.67999947e-03,2.57013689e-04,3.85520534e-03,2.35635251e-19,3.29889351e-18,6.10248229e-13,9.15372344e-12,7.14434495e-09,1.14309519e-07,5.84280336e-06,9.93276572e-05,4.85952264e-05,8.74714075e-04,2.80949644e-22,4.77614395e-21,1.09428291e-04,1.96970925e-03,7.17625744e-05,1.43525149e-03
3.77086603e+03,1.00000000e-02,1.00000000e-30,1.34260909e+00,7.11569559e-01,7.11569559e-01,6.93371605e-02,2.77348642e-01,1.99690250e-06,2.39628300e-05,4.42475319e-07,5.75217915e-06,5.67765169e-09,7.38094720e-08,1.91428533e-04,2.67999947e-03,2.57013690e-04,3.85520534e-03,1.62232394e-20,2.27125351e-19,1.29720906e-13,1.94581359e-12,7.14434495e-09,1.14309519e-07,5.84280336e-06,9.93276572e-05,5.16876477e-05,9.30377658e-04,1.50185576e-23,2.55315479e-22,1.06335870e-04,1.91404566e-03,7.17625744e-05,1.43525149e-03
4.06464440e+03,1.00000000e-02,1.00000000e-30,1.34260909e+00,7.11569559e-01,7.11569559e-01,6.93371605e-02,2.77348642e-01,1.99690250e-06,2.39628300e-05,4.44113897e-07,5.77348067e-06,4.03907339e-09,5.25079540e-08,1.91428533e-04,2.67999947e-03,2.57013690e-04,3.85520534e-03,9.06774449e-22,1.26948423e-20,2.44411188e-14,3.66616782e-13,7.14434495e-09,1.14309519e-07,5.84280336e-06,9.93276572e-05,5.49231947e-05,9.88617505e-04,6.39044025e-25,1.08637484e-23,1.03100323e-04,1.85580582e-03,7.17625744e-05,1.43525149e-03
4.38131027e+03,1.00000000e-02,1.00000000e-30,1.34260909e+00,7.11569559e-01,7.11569559e-01,6.93371605e-02,2.77348642e-01,1.99690250e-06,2.39628300e-05,4.45354806e-07,5.78961248e-06,2.79816455e-09,3.63761391e-08,1.91428533e-04,2.67999947e-03,2.57013690e-04,3.85520534e-03,4.04828486e-23,5.66759880e-22,4.04350486e-15,6.06525729e-14,7.14434495e-09,1.14309519e-07,5.84280336e-06,9.93276572e-05,5.83006489e-05,1.04941168e-03,2.12625110e-26,3.61462687e-25,9.97228690e-05,1.79501164e-03,7.17625744e-05,1.43525149e-03
4.72264677e+03,1.00000000e-02,1.00000000e-30,1.34260909e+00,7.11569559e-01,7.11569559e-01,6.93371605e-02,2.77348642e-01,1.99690250e-06,2.39628300e-05,4.46269124e-07,5.80149861e-06,1.88384711e-09,2.44900125e-08,1.91428533e-04,2.67999947e-03,2.57013690e-04,3.85520534e-03,1.41856788e-24,1.98599503e-23,5.81461401e-16,8.72192102e-15,7.14434495e-09,1.14309519e-07,5.84280336e-06,9.93276572e-05,6.18174307e-05,1.11271375e-03,5.42697436e-28,9.22585642e-27,9.62060872e-05,1.73170957e-03,7.17625744e-05,1.43525149e-03
5.09057590e+03,1.00000000e-02,1.00000000e-30,1.34260909e+00,7.11569559e-01,7.11569559e-01,6.93371605e-02,2.77348642e-01,1.99690250e-06,2.39628300e-05,4.46923179e-07,5.81000133e-06,1.22979131e-09,1.59872870e-08,1.91428533e-04,2.67999947e-03,2.57013690e-04,3.85520534e-03,3.82862124e-26,5.36006973e-25,7.18898458e-17,1.07834769e-15,7.14434495e-09,1.14309519e-07,5.84280336e-06,9.93276572e-05,6.54694332e-05,1.17844980e-03,1.04085853e-29,1.76945951e-28,9.25540846e-05,1.66597352e-03,7.17625744e-05,1.43525149e-03
5.48716944e+03,1.00000000e-02,1.00000000e-30,1.34260909e+00,7.11569559e-01,7.11569559e-01,6.93371605e-02,2.77348642e-01,1.99690250e-06,2.39628300e-05,4.47376388e-07,5.81589305e-06,7.76582540e-10,1.00955730e-08,1.91428533e-04,2.67999947e-03,2.57013690e-04,3.85520534e-03,7.79847489e-28,1.09178648e-26,7.55240608e-18,1.13286091e-16,7.14434495e-09,1.14309519e-07,5.84280336e-06,9.93276572e-05,6.92508561e-05,1.24651541e-03,1.46703650e-31,2.49396205e-30,8.87726617e-05,1.59790791e-03,7.17625744e-05,1.43525149e-03
5.91466054e+03,1.00000000e-02,1.00000000e-30,1.34260909e+00,7.11569559e-01,7.11569559e-01,6.93371605e-02,2.77348642e-01,1.99690250e-06,2.39628300e-05,4.47679830e-07,5.81983779e-06,4.73140470e-10,6.15082611e-09,1.91428533e-04,2.67999947e-03,2.57013690e-04,3.85520534e-03,1.17284007e-29,1.64197609e-28,6.65679844e-19,9.98519767e-18,7.14434495e-09,1.14309519e-07,5.84280336e-06,9.93276572e-05,7.31540467e-05,1.31677284e-03,1.48352260e-33,2.52198842e-32,8.48694711e-05,1.52765048e-03,7.17625744e-05,1.43525149e-03
6.37545637e+03,1.00000000e-02,1.00000000e-30,1.34260909e+00,7.11569559e-01,7.11569559e-01,6.93371605e-02,2.77348642e-01,1.99690250e-06,2.39628300e-05,4.47875622e-07,5.82238308e-06,2.77349228e-10,3.60553996e-09,1.91428533e-04,2.67999947e-03,2.57013690e-04,3.85520534e-03,1.27196315e-31,1.78074841e-30,4.85579795e-20,7.28369692e-19,7.14434495e-09,1.14309519e-07,5.84280336e-06,9.93276572e-05,7.71693533e-05,1.38904836e-03,1.04892482e-35,1.78317219e-34,8.08541645e-05,1.45537496e-03,7.17625744e-05,1.43525149e-03
6.87215161e+03,1.00000000e-02,1.00000000e-30,1.34260909e+00,7.11569559e-01,7.11569559e-01,6.93371605e-02,2.77348642e-01,1.99690250e-06,2.39628300e-05,4.47997018e-07,5.82396124e-06,1.55952491e-10,2.02738239e-09,1.91428533e-04,2.67999947e-03,2.57013690e-04,3.85520534e-03,9.69780907e-34,1.35769327e-32,2.88873874e-21,4.33310811e-20,7.14434495e-09,1.14309519e-07,5.84280336e-06,9.93276572e-05,8.12849992e-05,1.46312999e-03,5.04208369e-38,8.57154227e-37,7.67385186e-05,1.38129334e-03,7.17625744e-05,1.43525149e-03
7.40754307e+03,1.00000000e-02,1.00000000e-30,1.34260909e+00,7.11569559e-01,7.11569559e-01,6.93371605e-02,2.77348642e-01,1.99690250e-06,2.39628300e-05,4.48069126e-07,5.82489863e-06,8.38451477e-11,1.08998692e-09,1.91428533e-04,2.67999947e-03,2.57013690e-04,3.85520534e-03,4.99143899e-36,6.98801458e-35,1.37835363e-22,2.06753045e-21,7.14434495e-09,1.14309519e-07,5.84280336e-06,9.93276572e-05,8.54869857e-05,1.53876574e-03,1.56465186e-40,2.65990816e-39,7.25365322e-05,1.30565758e-03,7.17625744e-05,1.43525149e-03
7.98464550e+03,1.00000000e-02,1.00000000e-30,1.34260909e+00,7.11569559e-01,7.11569559e-01,6.93371605e-02,2.77348642e-01,1.99690250e-06,2.39628300e-05,4.48110020e-07,5.82543027e-06,4.29503291e-11,5.58354278e-10,1.91428533e-04,2.67999947e-03,2.57013690e-04,3.85520534e-03,1.71190954e-38,2.39667335e-37,5.19051381e-24,7.78577071e-23,7.14434495e-09,1.14309519e-07,5.84280336e-06,9.93276572e-05,8.97590334e-05,1.61566260e-03,3.11965861e-43,5.30341964e-42,6.82644844e-05,1.22876072e-03,7.17625744e-05,1.43525149e-03
8.60670847e+03,1.00000000e-02,1.00000000e-30,1.34260909e+00,7.11569559e-01,7.11569559e-01,6.93371605e-02,2.77348642e-01,1.99690250e-06,2.39628300e-05,4.48132086e-07,5.82571712e-06,2.08844067e-11,2.71497288e-10,1.91428533e-04,2.67999947e-03,2.57013690e-04,3.85520534e-03,3.78160827e-41,5.29425157e-40,1.51395160e-25,2.27092740e-24,7.14434495e-09,1.14309519e-07,5.84280336e-06,9.93276572e-05,9.40825733e-05,1.69348632e-03,3.84833878e-46,6.54217593e-45,6.39409446e-05,1.15093700e-03,7.17625744e-05,1.43525149e-03
9.27723476e+03,1.00000000e-02,1.00000000e-30,1.34260909e+00,7.11569559e-01,7.11569559e-01,6.93371605e-02,2.77348642e-01,1.99690250e-06,2.39628300e-05,4.48143371e-07,5.82586382e-06,9.60022451e-12,1.24802919e-10,1.91428533e-04,2.67999947e-03,2.57013690e-04,3.85520534e-03,5.19394733e-44,7.27152627e-43,3.35316176e-27,5.02974264e-26,7.14434495e-09,1.14309519e-07,5.84280336e-06,9.93276572e-05,9.84367976e-05,1.77186236e-03,2.82258763e-49,4.79839896e-48,5.95867203e-05,1.07256096e-03,7.17625744e-05,1.43525149e-03
1.00000000e+04,1.00000000e-02,1.00000000e-30,1.34260909e+00,7.11569559e-01,7.11569559e-01,6.93371605e-02,2.77348642e-01,1.99690250e-06,2.39628300e-05,4.48148817e-07,5.82593462e-06,4.15378228e-12,5.39991697e-11,1.91428533e-04,2.67999947e-03,2.57013690e-04,3.85520534e-03,4.29701006e-47,6.01581409e-46,5.52134881e-29,8.28202321e-28,7.14434495e-09,1.14309519e-07,5.84280336e-06,9.93276572e-05,1.02798782e-04,1.85037808e-03,1.19245851e-52,2.02717947e-51,5.52247357e-05,9.94045243e-04,7.17625744e-05,1.43525149e-03
