time,t9,rho,eps_nuc_erg_g_s,F_c12_pg_n13,F_n13_pg_o14,F_n13_bd_c13,F_c13_pg_n14,F_n14_pg_o15,F_o14_bd_n14,F_o15_bd_n15,F_n15_pa_c12,F_n15_pg_o16,F_o16_pg_f17,F_o17_pa_n14,F_f17_bd_o17,tau_c12_pg_n13,tau_n13_pg_o14,tau_n13_bd_c13,tau_c13_pg_n14,tau_n14_pg_o15,tau_o14_bd_n14,tau_o15_bd_n15,tau_n15_pa_c12,tau_n15_pg_o16,tau_o16_pg_f17,tau_o17_pa_n14,tau_f17_bd_o17,tau_T9,tau_rho,Q_c12_pg_n13,Q_n13_pg_o14,Q_n14_pg_o15,Q_n15_pa_c12
0.00000000e+00,2.00000000e-01,1.50000000e+04,3.51861648e+18,1.96074384e-02,0.00000000e+00,0.00000000e+00,6.81435053e-04,4.73939573e-03,0.00000000e+00,0.00000000e+00,2.16950130e-01,4.24638133e-05,4.70726995e-04,1.07496036e-04,0.00000000e+00,9.68877736e-03,4.14059677e-02,8.62728464e+02,3.12921907e-03,1.20482516e-02,1.01853958e+02,1.76008097e+02,9.67649733e-07,4.94377963e-03,7.69180310e-01,1.28298997e-03,9.30540028e+01,6.00000000e-01,2.00000000e-01,4.13711780e+00,0.00000000e+00,1.00000000e+00,4.57759053e+01
1.00000000e-09,2.00000000e-01,1.49999999e+04,3.51854581e+18,1.96074585e-02,4.73541591e-10,2.27272532e-14,6.81434822e-04,4.73939527e-03,2.32461029e-21,2.69271447e-14,2.17364452e-01,4.25449088e-05,4.70726985e-04,1.07495950e-04,5.05864311e-15,9.68877755e-03,4.14059685e-02,8.62728464e+02,3.12921913e-03,1.20482519e-02,1.01853958e+02,1.76008097e+02,9.67649755e-07,4.94377974e-03,7.69180326e-01,1.28299000e-03,9.30540028e+01,5.99999713e-01,1.99999999e-01,4.13712243e+00,9.99160366e-08,1.00000000e+00,4.58633305e+01
1.06553795e-09,2.00000000e-01,1.49999999e+04,3.51854108e+18,1.96074598e-02,5.04576552e-10,2.42167515e-14,6.81434807e-04,4.73939524e-03,2.63929545e-21,2.86918945e-14,2.17391571e-01,4.25502170e-05,4.70726984e-04,1.07495944e-04,5.39017620e-15,9.68877756e-03,4.14059686e-02,8.62728464e+02,3.12921914e-03,1.20482519e-02,1.01853958e+02,1.76008097e+02,9.67649757e-07,4.94377975e-03,7.69180327e-01,1.28299000e-03,9.30540028e+01,5.99999713e-01,1.99999957e-01,4.13712273e+00,1.06464333e-07,1.00000000e+00,4.58690530e+01
1.13537112e-09,2.00000000e-01,1.49999999e+04,3.51853602e+18,1.96074612e-02,5.37645483e-10,2.58038687e-14,6.81434791e-04,4.73939520e-03,2.99657991e-21,3.05723023e-14,2.17420464e-01,4.25558722e-05,4.70726983e-04,1.07495938e-04,5.74343730e-15,9.68877757e-03,4.14059686e-02,8.62728464e+02,3.12921914e-03,1.20482519e-02,1.01853958e+02,1.76008097e+02,9.67649758e-07,4.94377976e-03,7.69180328e-01,1.28299000e-03,9.30540028e+01,5.99999713e-01,1.99999957e-01,4.13712306e+00,1.13441792e-07,1.00000000e+00,4.58751496e+01
1.20978102e-09,2.00000000e-01,1.49999999e+04,3.51853062e+18,1.96074627e-02,5.72881687e-10,2.74950024e-14,6.81434773e-04,4.73939517e-03,3.40223038e-21,3.25759483e-14,2.17451245e-01,4.25618969e-05,4.70726982e-04,1.07495932e-04,6.11985040e-15,9.68877758e-03,4.14059687e-02,8.62728464e+02,3.12921915e-03,1.20482520e-02,1.01853958e+02,1.76008097e+02,9.67649760e-07,4.94377976e-03,7.69180329e-01,1.28299001e-03,9.30540028e+01,6.00000142e-01,2.00000040e-01,4.13712340e+00,1.20876539e-07,1.00000000e+00,4.58816446e+01
1.28906759e-09,2.00000000e-01,1.49999999e+04,3.51852484e+18,1.96074642e-02,6.10427201e-10,2.92969697e-14,6.81434755e-04,4.73939513e-03,3.86279423e-21,3.47109090e-14,2.17484037e-01,4.25683154e-05,4.70726982e-04,1.07495925e-04,6.52093285e-15,9.68877760e-03,4.14059688e-02,8.62728464e+02,3.12921915e-03,1.20482520e-02,1.01853958e+02,1.76008097e+02,9.67649762e-07,4.94377977e-03,7.69180330e-01,1.28299001e-03,9.30540028e+01,5.99999713e-01,2.00000040e-01,4.13712377e+00,1.28798546e-07,1.00000000e+00,4.58885640e+01
1.37355044e-09,2.00000000e-01,1.49999999e+04,3.51851866e+18,1.96074659e-02,6.50433376e-10,3.12170343e-14,6.81434736e-04,4.73939509e-03,4.38570514e-21,3.69857907e-14,2.17518971e-01,4.25751531e-05,4.70726981e-04,1.07495918e-04,6.94830142e-15,9.68877762e-03,4.14059688e-02,8.62728464e+02,3.12921916e-03,1.20482520e-02,1.01853958e+02,1.76008097e+02,9.67649764e-07,4.94377978e-03,7.69180332e-01,1.28299001e-03,9.30540028e+01,6.00000142e-01,1.99999999e-01,4.13712416e+00,1.37239745e-07,1.00000000e+00,4.58959355e+01
1.46357012e-09,2.00000000e-01,1.49999999e+04,3.51851206e+18,1.96074677e-02,6.93061476e-10,3.32629363e-14,6.81434715e-04,4.73939505e-03,4.97940312e-21,3.94097634e-14,2.17556188e-01,4.25824376e-05,4.70726980e-04,1.07495910e-04,7.40367885e-15,9.68877763e-03,4.14059689e-02,8.62728464e+02,3.12921916e-03,1.20482521e-02,1.01853958e+02,1.76008097e+02,9.67649766e-07,4.94377979e-03,7.69180333e-01,1.28299001e-03,9.30540028e+01,6.00000142e-01,1.99999957e-01,4.13712458e+00,1.46234165e-07,1.00000000e+00,4.59037885e+01
1.55948950e-09,1.99999999e-01,1.49999999e+04,3.51850500e+18,1.96074697e-02,7.38483338e-10,3.54429226e-14,6.81434693e-04,4.73939501e-03,5.65347069e-21,4.19925984e-14,2.17595835e-01,4.25901977e-05,4.70726979e-04,1.07495902e-04,7.88890078e-15,9.68877765e-03,4.14059690e-02,8.62728464e+02,3.12921917e-03,1.20482521e-02,1.01853958e+02,1.76008097e+02,9.67649768e-07,4.94377980e-03,7.69180334e-01,1.28299002e-03,9.30540028e+01,5.99999927e-01,1.99999957e-01,4.13712502e+00,1.55818061e-07,1.00000000e+00,4.59121543e+01
1.66169525e-09,1.99999999e-01,1.49999999e+04,3.51849745e+18,1.96074717e-02,7.86882061e-10,3.77657811e-14,6.81434669e-04,4.73939496e-03,6.41878758e-21,4.47447070e-14,2.17638070e-01,4.25984645e-05,4.70726978e-04,1.07495893e-04,8.40592316e-15,9.68877767e-03,4.14059691e-02,8.62728464e+02,3.12921917e-03,1.20482521e-02,1.01853958e+02,1.76008097e+02,9.67649770e-07,4.94377981e-03,7.69180336e-01,1.28299002e-03,9.30540028e+01,5.99999927e-01,1.99999936e-01,4.13712550e+00,1.66030067e-07,1.00000000e+00,4.59210663e+01
1.77059935e-09,1.99999999e-01,1.49999999e+04,3.51848936e+18,1.96074739e-02,8.38452743e-10,4.02408752e-14,6.81434644e-04,4.73939491e-03,7.28770633e-21,4.76771831e-14,2.17683062e-01,4.26072708e-05,4.70726977e-04,1.07495883e-04,8.95683012e-15,9.68877769e-03,4.14059692e-02,8.62728464e+02,3.12921918e-03,1.20482522e-02,1.01853958e+02,1.76008097e+02,9.67649773e-07,4.94377982e-03,7.69180338e-01,1.28299002e-03,9.30540028e+01,6.00000141e-01,1.99999998e-01,4.13712600e+00,1.76911348e-07,1.00000000e+00,4.59305600e+01
1.88664080e-09,1.99999999e-01,1.49999999e+04,3.51848071e+18,1.96074762e-02,8.93403267e-10,4.28781821e-14,6.81434617e-04,4.73939486e-03,8.27425163e-21,5.08018477e-14,2.17730991e-01,4.26166519e-05,4.70726975e-04,1.07495873e-04,9.54384240e-15,9.68877771e-03,4.14059693e-02,8.62728464e+02,3.12921919e-03,1.20482522e-02,1.01853958e+02,1.76008097e+02,9.67649775e-07,4.94377984e-03,7.69180340e-01,1.28299002e-03,9.30540028e+01,5.99999712e-01,2.00000019e-01,4.13712654e+00,1.88505768e-07,1.00000000e+00,4.59406733e+01
2.01028738e-09,1.99999999e-01,1.49999998e+04,3.51847146e+18,1.96074787e-02,9.51955142e-10,4.56883331e-14,6.81434589e-04,4.73939480e-03,9.39434674e-21,5.41312964e-14,2.17782046e-01,4.26266449e-05,4.70726974e-04,1.07495863e-04,1.01693263e-14,9.68877773e-03,4.14059694e-02,8.62728464e+02,3.12921919e-03,1.20482522e-02,1.01853958e+02,1.76008097e+02,9.67649778e-07,4.94377985e-03,7.69180342e-01,1.28299003e-03,9.30540028e+01,5.99999926e-01,2.00000019e-01,4.13712711e+00,2.00860064e-07,1.00000000e+00,4.59514463e+01
2.14203749e-09,1.99999999e-01,1.49999998e+04,3.51846154e+18,1.96074814e-02,1.01434440e-09,4.86826560e-14,6.81434558e-04,4.73939474e-03,1.06660705e-20,5.76789502e-14,2.17836430e-01,4.26372896e-05,4.70726973e-04,1.07495851e-04,1.08358030e-14,9.68877776e-03,4.14059695e-02,8.62728464e+02,3.12921920e-03,1.20482523e-02,1.01853958e+02,1.76008097e+02,9.67649781e-07,4.94377986e-03,7.69180344e-01,1.28299003e-03,9.30540028e+01,6.00000141e-01,1.99999998e-01,4.13712772e+00,2.14024037e-07,1.00000000e+00,4.59629219e+01
2.28242224e-09,1.99999999e-01,1.49999998e+04,3.51845092e+18,1.96074842e-02,1.08082252e-09,5.18732212e-14,6.81434526e-04,4.73939467e-03,1.21099490e-20,6.14591100e-14,2.17894360e-01,4.26486284e-05,4.70726971e-04,1.07495839e-04,1.15459594e-14,9.68877778e-03,4.14059696e-02,8.62728464e+02,3.12921921e-03,1.20482523e-02,1.01853958e+02,1.76008097e+02,9.67649784e-07,4.94377988e-03,7.69180346e-01,1.28299004e-03,9.30540028e+01,5.99999926e-01,1.99999977e-01,4.13712838e+00,2.28050752e-07,1.00000000e+00,4.59751457e+01
2.43200751e-09,1.99999999e-01,1.49999998e+04,3.51843954e+18,1.96074872e-02,1.15165750e-09,5.52728899e-14,6.81434492e-04,4.73939460e-03,1.37492870e-20,6.54870136e-14,2.17956066e-01,4.26607061e-05,4.70726970e-04,1.07495826e-04,1.23026578e-14,9.68877781e-03,4.14059697e-02,8.62728464e+02,3.12921922e-03,1.20482524e-02,1.01853958e+02,1.76008097e+02,9.67649788e-07,4.94377990e-03,7.69180348e-01,1.28299004e-03,9.30540028e+01,5.99999926e-01,1.99999977e-01,4.13712907e+00,2.42996752e-07,1.00000000e+00,4.59881661e+01
2.59139630e-09,1.99999999e-01,1.49999998e+04,3.51842734e+18,1.96074904e-02,1.22713486e-09,5.88953665e-14,6.81434455e-04,4.73939453e-03,1.56105443e-20,6.97788978e-14,2.18021792e-01,4.26735707e-05,4.70726968e-04,1.07495813e-04,1.31089488e-14,9.68877784e-03,4.14059699e-02,8.62728464e+02,3.12921923e-03,1.20482524e-02,1.01853958e+02,1.76008097e+02,9.67649791e-07,4.94377991e-03,7.69180351e-01,1.28299004e-03,9.30540028e+01,6.00000355e-01,1.99999997e-01,4.13712981e+00,2.58922285e-07,1.00000000e+00,4.60020348e+01
2.76123110e-09,1.99999999e-01,1.49999998e+04,3.51841426e+18,1.96074938e-02,1.30755887e-09,6.27552535e-14,6.81434416e-04,4.73939445e-03,1.77237621e-20,7.43520631e-14,2.18091798e-01,4.26872731e-05,4.70726966e-04,1.07495798e-04,1.39680824e-14,9.68877787e-03,4.14059700e-02,8.62728464e+02,3.12921924e-03,1.20482525e-02,1.01853958e+02,1.76008097e+02,9.67649795e-07,4.94377993e-03,7.69180354e-01,1.28299005e-03,9.30540028e+01,5.99999711e-01,1.99999997e-01,4.13713060e+00,2.75891548e-07,1.00000000e+00,4.60168067e+01
2.94219653e-09,1.99999999e-01,1.49999998e+04,3.51840024e+18,1.96074974e-02,1.39325372e-09,6.68681102e-14,6.81434374e-04,4.73939437e-03,2.01230489e-20,7.92249442e-14,2.18166362e-01,4.27018674e-05,4.70726965e-04,1.07495782e-04,1.48835219e-14,9.68877791e-03,4.14059702e-02,8.62728464e+02,3.12921925e-03,1.20482526e-02,1.01853958e+02,1.76008097e+02,9.67649799e-07,4.94377995e-03,7.69180356e-01,1.28299005e-03,9.30540028e+01,6.00000033e-01,2.00000018e-01,4.13713144e+00,2.93972945e-07,1.00000000e+00,4.60325402e+01
3.13502206e-09,1.99999999e-01,1.49999998e+04,3.51838519e+18,1.96075013e-02,1.48456485e-09,7.12505160e-14,6.81434329e-04,4.73939428e-03,2.28471301e-20,8.44171839e-14,2.18245777e-01,4.27174114e-05,4.70726963e-04,1.07495766e-04,1.58589574e-14,9.68877794e-03,4.14059703e-02,8.62728464e+02,3.12921926e-03,1.20482526e-02,1.01853958e+02,1.76008097e+02,9.67649803e-07,4.94377997e-03,7.69180360e-01,1.28299006e-03,9.30540028e+01,6.00000247e-01,2.00000018e-01,4.13713234e+00,3.13239365e-07,1.00000000e+00,4.60492975e+01
3.34048498e-09,1.99999999e-01,1.49999997e+04,3.51836903e+18,1.96075055e-02,1.58186035e-09,7.59201366e-14,6.81434282e-04,4.73939419e-03,2.59399734e-20,8.99497122e-14,2.18330357e-01,4.27339664e-05,4.70726961e-04,1.07495748e-04,1.68983209e-14,9.68877798e-03,4.14059705e-02,8.62728464e+02,3.12921927e-03,1.20482527e-02,1.01853958e+02,1.76008097e+02,9.67649808e-07,4.94377999e-03,7.69180363e-01,1.28299006e-03,9.30540028e+01,5.99999925e-01,2.00000007e-01,4.13713329e+00,3.33768470e-07,1.00000000e+00,4.60671446e+01
3.55941352e-09,1.99999999e-01,1.49999997e+04,3.51835168e+18,1.96075099e-02,1.68553241e-09,8.08957956e-14,6.81434232e-04,4.73939408e-03,2.94514989e-20,9.58448310e-14,2.18420435e-01,4.27515975e-05,4.70726958e-04,1.07495729e-04,1.80058022e-14,9.68877802e-03,4.14059707e-02,8.62728464e+02,3.12921928e-03,1.20482528e-02,1.01853958e+02,1.76008097e+02,9.67649813e-07,4.94378002e-03,7.69180366e-01,1.28299007e-03,9.30540028e+01,6.00000139e-01,2.00000007e-01,4.13713431e+00,3.55643017e-07,1.00000000e+00,4.60861518e+01
3.79269019e-09,1.99999999e-01,1.49999997e+04,3.51833304e+18,1.96075146e-02,1.79599895e-09,8.61975503e-14,6.81434178e-04,4.73939398e-03,3.34383839e-20,1.02126304e-13,2.18516366e-01,4.27703740e-05,4.70726956e-04,1.07495709e-04,1.91858655e-14,9.68877806e-03,4.14059709e-02,8.62728464e+02,3.12921930e-03,1.20482528e-02,1.01853958e+02,1.76008097e+02,9.67649818e-07,4.94378004e-03,7.69180370e-01,1.28299008e-03,9.30540028e+01,6.00000032e-01,1.99999996e-01,4.13713540e+00,3.78951182e-07,1.00000000e+00,4.61063939e+01
4.04125533e-09,1.99999999e-01,1.49999997e+04,3.51831301e+18,1.96075196e-02,1.91370527e-09,9.18467725e-14,6.81434120e-04,4.73939386e-03,3.79649785e-20,1.08819451e-13,2.18618525e-01,4.27903698e-05,4.70726953e-04,1.07495688e-04,2.04432677e-14,9.68877811e-03,4.14059711e-02,8.62728464e+02,3.12921931e-03,1.20482529e-02,1.01853958e+02,1.76008097e+02,9.67649824e-07,4.94378007e-03,7.69180374e-01,1.28299008e-03,9.30540028e+01,5.99999924e-01,1.99999996e-01,4.13713655e+00,4.03786924e-07,1.00000000e+00,4.61279505e+01
4.30611093e-09,1.99999999e-01,1.49999997e+04,3.51829147e+18,1.96075249e-02,2.03912585e-09,9.78662348e-14,6.81434059e-04,4.73939374e-03,4.31043439e-20,1.15951253e-13,2.18727314e-01,4.28116631e-05,4.70726951e-04,1.07495665e-04,2.17830776e-14,9.68877816e-03,4.14059713e-02,8.62728464e+02,3.12921933e-03,1.20482530e-02,1.01853958e+02,1.76008097e+02,9.67649830e-07,4.94378010e-03,7.69180378e-01,1.28299009e-03,9.30540028e+01,6.00000031e-01,1.99999985e-01,4.13713779e+00,4.30250357e-07,1.00000000e+00,4.61509058e+01
4.58832461e-09,1.99999998e-01,1.49999997e+04,3.51826829e+18,1.96075306e-02,2.17276627e-09,1.04280202e-13,6.81433994e-04,4.73939361e-03,4.89394319e-20,1.23550459e-13,2.18843158e-01,4.28343373e-05,4.70726948e-04,1.07495640e-04,2.32106957e-14,9.68877821e-03,4.14059716e-02,8.62728464e+02,3.12921935e-03,1.20482531e-02,1.01853958e+02,1.76008097e+02,9.67649836e-07,4.94378013e-03,7.69180383e-01,1.28299010e-03,9.30540028e+01,6.00000031e-01,2.00000006e-01,4.13713910e+00,4.58448158e-07,1.00000000e+00,4.61753498e+01
4.88903400e-09,1.99999998e-01,1.49999996e+04,3.51824334e+18,1.96075367e-02,2.31516526e-09,1.11114529e-13,6.81433925e-04,4.73939347e-03,5.55644231e-20,1.31647701e-13,2.18966509e-01,4.28584809e-05,4.70726945e-04,1.07495614e-04,2.47318771e-14,9.68877827e-03,4.14059718e-02,8.62728464e+02,3.12921936e-03,1.20482532e-02,1.01853958e+02,1.76008097e+02,9.67649843e-07,4.94378016e-03,7.69180387e-01,1.28299011e-03,9.30540028e+01,5.99999924e-01,1.99999995e-01,4.13714050e+00,4.88493996e-07,1.00000000e+00,4.62013779e+01
5.20945127e-09,1.99999998e-01,1.49999996e+04,3.51821646e+18,1.96075432e-02,2.46689682e-09,1.18396767e-13,6.81433851e-04,4.73939332e-03,6.30862480e-20,1.40275619e-13,2.19097847e-01,4.28841880e-05,4.70726941e-04,1.07495587e-04,2.63527535e-14,9.68877833e-03,4.14059721e-02,8.62728464e+02,3.12921938e-03,1.20482533e-02,1.01853958e+02,1.76008097e+02,9.67649850e-07,4.94378020e-03,7.69180393e-01,1.28299012e-03,9.30540028e+01,6.00000138e-01,2.00000005e-01,4.13714200e+00,5.20508988e-07,1.00000000e+00,4.62290915e+01
5.55086803e-09,1.99999998e-01,1.49999996e+04,3.51818750e+18,1.96075501e-02,2.62857262e-09,1.26156270e-13,6.81433772e-04,4.73939316e-03,7.16263121e-20,1.49468993e-13,2.19237684e-01,4.29115584e-05,4.70726938e-04,1.07495557e-04,2.80798589e-14,9.68877839e-03,4.14059724e-02,8.62728464e+02,3.12921940e-03,1.20482534e-02,1.01853958e+02,1.76008097e+02,9.67649858e-07,4.94378023e-03,7.69180398e-01,1.28299013e-03,9.30540028e+01,6.00000138e-01,2.00000005e-01,4.13714359e+00,5.54622190e-07,1.00000000e+00,4.62585982e+01
5.91466054e-09,1.99999998e-01,1.49999996e+04,3.51815627e+18,1.96075574e-02,2.80084437e-09,1.34424318e-13,6.81433688e-04,4.73939300e-03,8.13224560e-20,1.59264882e-13,2.19386562e-01,4.29406982e-05,4.70726934e-04,1.07495526e-04,2.99201552e-14,9.68877846e-03,4.14059727e-02,8.62728464e+02,3.12921942e-03,1.20482536e-02,1.01853958e+02,1.76008097e+02,9.67649866e-07,4.94378027e-03,7.69180404e-01,1.28299014e-03,9.30540028e+01,6.00000083e-01,1.99999994e-01,4.13714529e+00,5.90971116e-07,1.00000000e+00,4.62900126e+01
6.30229527e-09,1.99999998e-01,1.49999995e+04,3.51812257e+18,1.96075653e-02,2.98440653e-09,1.43234240e-13,6.81433599e-04,4.73939282e-03,9.23311797e-20,1.69702773e-13,2.19545055e-01,4.29717203e-05,4.70726930e-04,1.07495493e-04,3.18810607e-14,9.68877853e-03,4.14059730e-02,8.62728464e+02,3.12921945e-03,1.20482537e-02,1.01853958e+02,1.76008097e+02,9.67649874e-07,4.94378031e-03,7.69180410e-01,1.28299015e-03,9.30540028e+01,6.00000029e-01,1.99999999e-01,4.13714711e+00,6.29702293e-07,1.00000000e+00,4.63234561e+01
6.71533479e-09,1.99999998e-01,1.49999995e+04,3.51808619e+18,1.96075737e-02,3.17999905e-09,1.52621550e-13,6.81433504e-04,4.73939263e-03,1.04830169e-19,1.80824741e-13,2.19713776e-01,4.30047442e-05,4.70726926e-04,1.07495457e-04,3.39704799e-14,9.68877861e-03,4.14059734e-02,8.62728464e+02,3.12921947e-03,1.20482538e-02,1.01853958e+02,1.76008097e+02,9.67649884e-07,4.94378036e-03,7.69180416e-01,1.28299016e-03,9.30540028e+01,5.99999868e-01,1.99999993e-01,4.13714904e+00,6.70971851e-07,1.00000000e+00,4.63590576e+01
7.15544407e-09,1.99999998e-01,1.49999995e+04,3.51804688e+18,1.96075826e-02,3.38841038e-09,1.62624090e-13,6.81433402e-04,4.73939242e-03,1.19021164e-19,1.92675620e-13,2.19893373e-01,4.30398969e-05,4.70726921e-04,1.07495419e-04,3.61968354e-14,9.68877869e-03,4.14059737e-02,8.62728464e+02,3.12921950e-03,1.20482540e-02,1.01853958e+02,1.76008097e+02,9.67649894e-07,4.94378041e-03,7.69180423e-01,1.28299017e-03,9.30540028e+01,5.99999975e-01,2.00000003e-01,4.13715110e+00,7.14946154e-07,1.00000000e+00,4.63969542e+01
7.62439721e-09,1.99999997e-01,1.49999994e+04,3.51800439e+18,1.96075921e-02,3.61048067e-09,1.73282180e-13,6.81433294e-04,4.73939221e-03,1.35133213e-19,2.05303181e-13,2.20084535e-01,4.30773132e-05,4.70726916e-04,1.07495378e-04,3.85691016e-14,9.68877878e-03,4.14059741e-02,8.62728464e+02,3.12921953e-03,1.20482541e-02,1.01853958e+02,1.76008097e+02,9.67649904e-07,4.94378046e-03,7.69180431e-01,1.28299018e-03,9.30540028e+01,6.00000028e-01,1.99999998e-01,4.13715330e+00,7.61802467e-07,1.00000000e+00,4.64372909e+01
8.12408458e-09,1.99999997e-01,1.49999994e+04,3.51795841e+18,1.96076023e-02,3.84710511e-09,1.84638786e-13,6.81433179e-04,4.73939198e-03,1.53426372e-19,2.18758325e-13,2.20287991e-01,4.31171359e-05,4.70726911e-04,1.07495335e-04,4.10968412e-14,9.68877887e-03,4.14059746e-02,8.62728464e+02,3.12921955e-03,1.20482543e-02,1.01853958e+02,1.76008097e+02,9.67649915e-07,4.94378051e-03,7.69180439e-01,1.28299020e-03,9.30540028e+01,5.99999974e-01,1.99999987e-01,4.13715564e+00,8.11729674e-07,1.00000000e+00,4.64802220e+01
8.65652043e-09,1.99999997e-01,1.49999994e+04,3.51790863e+18,1.96076131e-02,4.09923755e-09,1.96739686e-13,6.81433056e-04,4.73939173e-03,1.74195903e-19,2.33095291e-13,2.20504517e-01,4.31595167e-05,4.70726906e-04,1.07495289e-04,4.37902437e-14,9.68877897e-03,4.14059750e-02,8.62728464e+02,3.12921959e-03,1.20482545e-02,1.01853958e+02,1.76008097e+02,9.67649927e-07,4.94378057e-03,7.69180447e-01,1.28299021e-03,9.30540028e+01,6.00000081e-01,2.00000002e-01,4.13715814e+00,8.64929041e-07,1.00000000e+00,4.65259108e+01
9.22385104e-09,1.99999997e-01,1.49999993e+04,3.51785470e+18,1.96076247e-02,4.36789437e-09,2.09633662e-13,6.81432925e-04,4.73939147e-03,1.97777034e-19,2.48371872e-13,2.20734933e-01,4.32046162e-05,4.70726900e-04,1.07495241e-04,4.66601663e-14,9.68877907e-03,4.14059755e-02,8.62728464e+02,3.12921962e-03,1.20482547e-02,1.01853958e+02,1.76008097e+02,9.67649940e-07,4.94378063e-03,7.69180456e-01,1.28299023e-03,9.30540028e+01,5.99999919e-01,1.99999996e-01,4.13716081e+00,9.21615022e-07,1.00000000e+00,4.65745305e+01
9.82836333e-09,1.99999997e-01,1.49999993e+04,3.51779621e+18,1.96076370e-02,4.65415858e-09,2.23372691e-13,6.81432786e-04,4.73939119e-03,2.24550377e-19,2.64649648e-13,2.20980108e-01,4.32526046e-05,4.70726894e-04,1.07495188e-04,4.97181776e-14,9.68877919e-03,4.14059760e-02,8.62728464e+02,3.12921966e-03,1.20482549e-02,1.01853958e+02,1.76008097e+02,9.67649954e-07,4.94378069e-03,7.69180466e-01,1.28299024e-03,9.30540028e+01,5.99999972e-01,2.00000006e-01,4.13716366e+00,9.82016127e-07,1.00000000e+00,4.66262647e+01
1.04724941e-08,1.99999997e-01,1.49999992e+04,3.51773274e+18,1.96076501e-02,4.95918414e-09,2.38012157e-13,6.81432637e-04,4.73939089e-03,2.54948067e-19,2.81994235e-13,2.21240966e-01,4.33036624e-05,4.70726887e-04,1.07495133e-04,5.29766047e-14,9.68877931e-03,4.14059766e-02,8.62728464e+02,3.12921969e-03,1.20482551e-02,1.01853958e+02,1.76008097e+02,9.67649968e-07,4.94378076e-03,7.69180476e-01,1.28299026e-03,9.30540028e+01,5.99999972e-01,2.00000005e-01,4.13716669e+00,1.04637584e-06,1.00000000e+00,4.66813079e+01
1.11588399e-08,1.99999996e-01,1.49999992e+04,3.51766381e+18,1.96076642e-02,5.28420067e-09,2.53611074e-13,6.81432479e-04,4.73939058e-03,2.89460737e-19,3.00475549e-13,2.21518480e-01,4.33579806e-05,4.70726880e-04,1.07495074e-04,5.64485824e-14,9.68877943e-03,4.14059771e-02,8.62728464e+02,3.12921973e-03,1.20482554e-02,1.01853958e+02,1.76008097e+02,9.67649984e-07,4.94378084e-03,7.69180487e-01,1.28299028e-03,9.30540028e+01,5.99999971e-01,1.99999999e-01,4.13716993e+00,1.11495362e-06,1.00000000e+00,4.67398659e+01
1.18901674e-08,1.99999996e-01,1.49999991e+04,3.51758887e+18,1.96076791e-02,5.63051835e-09,2.70232324e-13,6.81432310e-04,4.73939024e-03,3.28645440e-19,3.20168089e-13,2.21813685e-01,4.34157612e-05,4.70726873e-04,1.07495011e-04,6.01481063e-14,9.68877957e-03,4.14059778e-02,8.62728464e+02,3.12921978e-03,1.20482556e-02,1.01853958e+02,1.76008097e+02,9.67650000e-07,4.94378092e-03,7.69180499e-01,1.28299030e-03,9.30540028e+01,5.99999997e-01,1.99999999e-01,4.13717338e+00,1.18802590e-06,1.00000000e+00,4.68021567e+01
1.26694246e-08,1.99999996e-01,1.49999990e+04,3.51750735e+18,1.96076951e-02,5.99953325e-09,2.87942910e-13,6.81432130e-04,4.73938988e-03,3.73134637e-19,3.41151236e-13,2.22127672e-01,4.34772183e-05,4.70726865e-04,1.07494943e-04,6.40900894e-14,9.68877972e-03,4.14059784e-02,8.62728464e+02,3.12921982e-03,1.20482559e-02,1.01853958e+02,1.76008097e+02,9.67650018e-07,4.94378100e-03,7.69180511e-01,1.28299032e-03,9.30540028e+01,6.00000023e-01,2.00000000e-01,4.13717707e+00,1.26588726e-06,1.00000000e+00,4.68684108e+01
1.34997528e-08,1.99999996e-01,1.49999990e+04,3.51741858e+18,1.96077122e-02,6.39273295e-09,3.06814227e-13,6.81431939e-04,4.73938950e-03,4.23646405e-19,3.63509575e-13,2.22461597e-01,4.35425778e-05,4.70726856e-04,1.07494872e-04,6.82904218e-14,9.68877987e-03,4.14059791e-02,8.62728464e+02,3.12921987e-03,1.20482561e-02,1.01853958e+02,1.76008097e+02,9.67650036e-07,4.94378109e-03,7.69180524e-01,1.28299034e-03,9.30540028e+01,5.99999969e-01,1.99999997e-01,4.13718100e+00,1.34885157e-06,1.00000000e+00,4.69388721e+01
1.43844989e-08,1.99999995e-01,1.49999989e+04,3.51732184e+18,1.96077304e-02,6.81170250e-09,3.26922350e-13,6.81431735e-04,4.73938909e-03,4.80996033e-19,3.87333230e-13,2.22816682e-01,4.36120788e-05,4.70726847e-04,1.07494795e-04,7.27660354e-14,9.68878003e-03,4.14059799e-02,8.62728464e+02,3.12921993e-03,1.20482564e-02,1.01853958e+02,1.76008097e+02,9.67650056e-07,4.94378118e-03,7.69180538e-01,1.28299037e-03,9.30540028e+01,5.99999968e-01,2.00000001e-01,4.13718520e+00,1.43725328e-06,1.00000000e+00,4.70137981e+01
1.53272295e-08,1.99999995e-01,1.49999989e+04,3.51721632e+18,1.96077498e-02,7.25813086e-09,3.48348337e-13,6.81431517e-04,4.73938865e-03,5.46109173e-19,4.12718238e-13,2.23194215e-01,4.36859738e-05,4.70726837e-04,1.07494714e-04,7.75349715e-14,9.68878021e-03,4.14059807e-02,8.62728464e+02,3.12921998e-03,1.20482568e-02,1.01853958e+02,1.76008097e+02,9.67650077e-07,4.94378129e-03,7.69180553e-01,1.28299039e-03,9.30540028e+01,6.00000047e-01,2.00000006e-01,4.13718968e+00,1.53144876e-06,1.00000000e+00,4.70934611e+01
1.63317447e-08,1.99999995e-01,1.49999988e+04,3.51710111e+18,1.96077706e-02,7.73381768e-09,3.71178563e-13,6.81431286e-04,4.73938819e-03,6.20036787e-19,4.39766924e-13,2.23595558e-01,4.37645290e-05,4.70726827e-04,1.07494628e-04,8.26164537e-14,9.68878040e-03,4.14059815e-02,8.62728464e+02,3.12922004e-03,1.20482571e-02,1.01853958e+02,1.76008097e+02,9.67650100e-07,4.94378139e-03,7.69180569e-01,1.28299042e-03,9.30540028e+01,5.99999993e-01,1.99999999e-01,4.13719446e+00,1.63181773e-06,1.00000000e+00,4.71781482e+01
1.74020937e-08,1.99999994e-01,1.49999987e+04,3.51697521e+18,1.96077927e-02,8.24068056e-09,3.95505062e-13,6.81431039e-04,4.73938770e-03,7.03972109e-19,4.68588322e-13,2.24022147e-01,4.38480256e-05,4.70726816e-04,1.07494535e-04,8.80309657e-14,9.68878060e-03,4.14059824e-02,8.62728464e+02,3.12922010e-03,1.20482575e-02,1.01853958e+02,1.76008097e+02,9.67650124e-07,4.94378151e-03,7.69180586e-01,1.28299045e-03,9.30540028e+01,6.00000045e-01,2.00000003e-01,4.13719957e+00,1.73876481e-06,1.00000000e+00,4.72681623e+01
1.85425913e-08,1.99999994e-01,1.49999986e+04,3.51683750e+18,1.96078164e-02,8.78076278e-09,4.21425898e-13,6.81430776e-04,4.73938717e-03,7.99269900e-19,4.99298613e-13,2.24475495e-01,4.39367598e-05,4.70726804e-04,1.07494437e-04,9.38003336e-14,9.68878081e-03,4.14059834e-02,8.62728464e+02,3.12922017e-03,1.20482579e-02,1.01853958e+02,1.76008097e+02,9.67650150e-07,4.94378163e-03,7.69180604e-01,1.28299048e-03,9.30540028e+01,6.00000017e-01,2.00000000e-01,4.13720502e+00,1.85272114e-06,1.00000000e+00,4.73638229e+01
1.97578347e-08,1.99999993e-01,1.49999985e+04,3.51668674e+18,1.96078417e-02,9.35624156e-09,4.49045567e-13,6.81430495e-04,4.73938661e-03,9.07468324e-19,5.32021589e-13,2.24957195e-01,4.40310435e-05,4.70726792e-04,1.07494332e-04,9.99478139e-14,9.68878103e-03,4.14059844e-02,8.62728464e+02,3.12922024e-03,1.20482583e-02,1.01853958e+02,1.76008097e+02,9.67650177e-07,4.94378176e-03,7.69180624e-01,1.28299051e-03,9.30540028e+01,5.99999962e-01,2.00000001e-01,4.13721084e+00,1.97414609e-06,1.00000000e+00,4.74654663e+01
2.10527227e-08,1.99999993e-01,1.49999984e+04,3.51652153e+18,1.96078687e-02,9.96943681e-09,4.78475411e-13,6.81430197e-04,4.73938601e-03,1.03031376e-18,5.66889158e-13,2.25468926e-01,4.41312049e-05,4.70726778e-04,1.07494220e-04,1.06498187e-13,9.68878127e-03,4.14059855e-02,8.62728464e+02,3.12922032e-03,1.20482587e-02,1.01853958e+02,1.76008097e+02,9.67650206e-07,4.94378190e-03,7.69180644e-01,1.28299055e-03,9.30540028e+01,6.00000015e-01,2.00000000e-01,4.13721706e+00,2.10352919e-06,1.00000000e+00,4.75734462e+01
2.24324750e-08,1.99999993e-01,1.49999983e+04,3.51634033e+18,1.96078975e-02,1.06228205e-08,5.09834069e-13,6.81429879e-04,4.73938537e-03,1.16978902e-18,6.04041871e-13,2.26012449e-01,4.42375893e-05,4.70726764e-04,1.07494101e-04,1.13477858e-13,9.68878153e-03,4.14059867e-02,8.62728464e+02,3.12922040e-03,1.20482592e-02,1.01853958e+02,1.76008097e+02,9.67650237e-07,4.94378205e-03,7.69180666e-01,1.28299059e-03,9.30540028e+01,6.00000000e-01,2.00000001e-01,4.13722370e+00,2.24139201e-06,1.00000000e+00,4.76881349e+01
2.39026535e-08,1.99999992e-01,1.49999982e+04,3.51614140e+18,1.96079283e-02,1.13190266e-08,5.43247960e-13,6.81429539e-04,4.73938470e-03,1.32814532e-18,6.43629491e-13,2.26589617e-01,4.43505589e-05,4.70726749e-04,1.07493975e-04,1.20914963e-13,9.68878180e-03,4.14059879e-02,8.62728464e+02,3.12922049e-03,1.20482597e-02,1.01853958e+02,1.76008097e+02,9.67650270e-07,4.94378221e-03,7.69180690e-01,1.28299063e-03,9.30540028e+01,5.99999998e-01,2.00000002e-01,4.13723079e+00,2.38829032e-06,1.00000000e+00,4.78099229e+01
2.54691844e-08,1.99999992e-01,1.49999981e+04,3.51592281e+18,1.96079612e-02,1.20608617e-08,5.78851785e-13,6.81429178e-04,4.73938397e-03,1.50793861e-18,6.85811597e-13,2.27202372e-01,4.44704940e-05,4.70726733e-04,1.07493839e-04,1.28839479e-13,9.68878209e-03,4.14059893e-02,8.62728464e+02,3.12922058e-03,1.20482602e-02,1.01853958e+02,1.76008097e+02,9.67650305e-07,4.94378238e-03,7.69180715e-01,1.28299067e-03,9.30540028e+01,6.00000024e-01,2.00000001e-01,4.13723837e+00,2.54481633e-06,1.00000000e+00,4.79392203e+01
2.71383825e-08,1.99999991e-01,1.49999980e+04,3.51568239e+18,1.96079964e-02,1.28513165e-08,6.16789077e-13,6.81428793e-04,4.73938320e-03,1.71207089e-18,7.30758224e-13,2.27852750e-01,4.45977930e-05,4.70726716e-04,1.07493695e-04,1.37283352e-13,9.68878240e-03,4.14059907e-02,8.62728464e+02,3.12922068e-03,1.20482608e-02,1.01853958e+02,1.76008097e+02,9.67650343e-07,4.94378256e-03,7.69180741e-01,1.28299072e-03,9.30540028e+01,5.99999995e-01,1.99999999e-01,4.13724647e+00,2.71160107e-06,1.00000000e+00,4.80764563e+01
2.89169765e-08,1.99999990e-01,1.49999978e+04,3.51541772e+18,1.96080340e-02,1.36935776e-08,6.57212774e-13,6.81428383e-04,4.73938238e-03,1.94383699e-18,7.78650553e-13,2.28542879e-01,4.47328727e-05,4.70726698e-04,1.07493542e-04,1.46280619e-13,9.68878274e-03,4.14059922e-02,8.62728464e+02,3.12922078e-03,1.20482614e-02,1.01853958e+02,1.76008097e+02,9.67650383e-07,4.94378275e-03,7.69180769e-01,1.28299076e-03,9.30540028e+01,6.00000020e-01,2.00000002e-01,4.13725513e+00,2.88931690e-06,1.00000000e+00,4.82220805e+01
3.08121359e-08,1.99999990e-01,1.49999977e+04,3.51512611e+18,1.96080743e-02,1.45910404e-08,7.00285841e-13,6.81427946e-04,4.73938151e-03,2.20697776e-18,8.29681638e-13,2.29274985e-01,4.48761685e-05,4.70726678e-04,1.07493379e-04,1.55867548e-13,9.68878309e-03,4.14059938e-02,8.62728464e+02,3.12922090e-03,1.20482620e-02,1.01853958e+02,1.76008097e+02,9.67650425e-07,4.94378296e-03,7.69180799e-01,1.28299082e-03,9.30540028e+01,5.99999978e-01,1.99999999e-01,4.13726438e+00,3.07868028e-06,1.00000000e+00,4.83765625e+01
3.28315001e-08,1.99999989e-01,1.49999975e+04,3.51480453e+18,1.96081173e-02,1.55473230e-08,7.46181923e-13,6.81427480e-04,4.73938057e-03,2.50574049e-18,8.84057185e-13,2.30051391e-01,4.50281350e-05,4.70726657e-04,1.07493204e-04,1.66082784e-13,9.68878346e-03,4.14059955e-02,8.62728464e+02,3.12922102e-03,1.20482627e-02,1.01853958e+02,1.76008097e+02,9.67650471e-07,4.94378317e-03,7.69180832e-01,1.28299087e-03,9.30540028e+01,5.99999990e-01,1.99999998e-01,4.13727427e+00,3.28045463e-06,1.00000000e+00,4.85403919e+01
3.49832094e-08,1.99999988e-01,1.49999974e+04,3.51444958e+18,1.96081633e-02,1.65662805e-08,7.95086050e-13,6.81426984e-04,4.73937958e-03,2.84494742e-18,9.41996382e-13,2.30874512e-01,4.51892454e-05,4.70726635e-04,1.07493019e-04,1.76967505e-13,9.68878386e-03,4.14059973e-02,8.62728464e+02,3.12922114e-03,1.20482634e-02,1.01853958e+02,1.76008097e+02,9.67650519e-07,4.94378341e-03,7.69180866e-01,1.28299093e-03,9.30540028e+01,6.00000001e-01,1.99999998e-01,4.13728484e+00,3.49545341e-06,1.00000000e+00,4.87140791e+01
3.72759372e-08,1.99999988e-01,1.49999972e+04,3.51405748e+18,1.96082125e-02,1.76520209e-08,8.47195376e-13,6.81426455e-04,4.73937852e-03,3.23007360e-18,1.00373278e-12,2.31746863e-01,4.53599914e-05,4.70726612e-04,1.07492821e-04,1.88565588e-13,9.68878429e-03,4.14059993e-02,8.62728464e+02,3.12922128e-03,1.20482642e-02,1.01853958e+02,1.76008097e+02,9.67650570e-07,4.94378365e-03,7.69180902e-01,1.28299099e-03,9.30540028e+01,6.00000012e-01,2.00000000e-01,4.13729616e+00,3.72454339e-06,1.00000000e+00,4.88981544e+01
3.97189257e-08,1.99999987e-01,1.49999970e+04,3.51362398e+18,1.96082652e-02,1.88089214e-08,9.02719982e-13,6.81425892e-04,4.73937740e-03,3.66733527e-18,1.06951524e-12,2.32671050e-01,4.55408833e-05,4.70726587e-04,1.07492610e-04,2.00923785e-13,9.68878474e-03,4.14060013e-02,8.62728464e+02,3.12922142e-03,1.20482651e-02,1.01853958e+02,1.76008097e+02,9.67650625e-07,4.94378392e-03,7.69180941e-01,1.28299106e-03,9.30540028e+01,5.99999996e-01,1.99999999e-01,4.13730826e+00,3.96864816e-06,1.00000000e+00,4.90931677e+01
4.23220227e-08,1.99999986e-01,1.49999968e+04,3.51314433e+18,1.96083216e-02,2.00416459e-08,9.61883718e-13,6.81425291e-04,4.73937620e-03,4.16379017e-18,1.13960894e-12,2.33649770e-01,4.57324492e-05,4.70726560e-04,1.07492386e-04,2.14091912e-13,9.68878523e-03,4.14060035e-02,8.62728464e+02,3.12922158e-03,1.20482659e-02,1.01853958e+02,1.76008097e+02,9.67650684e-07,4.94378420e-03,7.69180982e-01,1.28299113e-03,9.30540028e+01,6.00000007e-01,2.00000001e-01,4.13732121e+00,4.22875187e-06,1.00000000e+00,4.92996884e+01
4.50957214e-08,1.99999985e-01,1.49999966e+04,3.51261321e+18,1.96083820e-02,2.13551644e-08,1.02492511e-12,6.81424652e-04,4.73937492e-03,4.72745150e-18,1.21429641e-12,2.34685807e-01,4.59352338e-05,4.70726531e-04,1.07492147e-04,2.28123050e-13,9.68878574e-03,4.14060059e-02,8.62728464e+02,3.12922174e-03,1.20482669e-02,1.01853958e+02,1.76008097e+02,9.67650746e-07,4.94378450e-03,7.69181026e-01,1.28299121e-03,9.30540028e+01,6.00000011e-01,2.00000000e-01,4.13733506e+00,4.50590316e-06,1.00000000e+00,4.95183039e+01
4.80512025e-08,1.99999984e-01,1.49999964e+04,3.51202465e+18,1.96084467e-02,2.27547724e-08,1.09209831e-12,6.81423970e-04,4.73937355e-03,5.36741723e-18,1.29387872e-12,2.35782028e-01,4.61497980e-05,4.70726501e-04,1.07491892e-04,2.43073759e-13,9.68878629e-03,4.14060084e-02,8.62728464e+02,3.12922192e-03,1.20482679e-02,1.01853958e+02,1.76008097e+02,9.67650812e-07,4.94378481e-03,7.69181073e-01,1.28299129e-03,9.30540028e+01,5.99999988e-01,2.00000001e-01,4.13734990e+00,4.80121944e-06,1.00000000e+00,4.97496189e+01
5.12003798e-08,1.99999983e-01,1.49999962e+04,3.51137196e+18,1.96085159e-02,2.42461127e-08,1.16367415e-12,6.81423244e-04,4.73937210e-03,6.09401698e-18,1.37867667e-12,2.36941370e-01,4.63767172e-05,4.70726469e-04,1.07491620e-04,2.59004306e-13,9.68878688e-03,4.14060111e-02,8.62728464e+02,3.12922210e-03,1.20482690e-02,1.01853958e+02,1.76008097e+02,9.67650883e-07,4.94378515e-03,7.69181123e-01,1.28299137e-03,9.30540028e+01,6.00000005e-01,2.00000002e-01,4.13736578e+00,5.11589134e-06,1.00000000e+00,4.99942535e+01
5.45559478e-08,1.99999982e-01,1.49999959e+04,3.51064768e+18,1.96085902e-02,2.58351977e-08,1.23994119e-12,6.81422470e-04,4.73937055e-03,6.91897873e-18,1.46903207e-12,2.38166838e-01,4.66165793e-05,4.70726434e-04,1.07491331e-04,2.75978907e-13,9.68878750e-03,4.14060139e-02,8.62728464e+02,3.12922230e-03,1.20482701e-02,1.01853958e+02,1.76008097e+02,9.67650959e-07,4.94378551e-03,7.69181177e-01,1.28299147e-03,9.30540028e+01,6.00000001e-01,2.00000000e-01,4.13738279e+00,5.45118755e-06,1.00000000e+00,5.02528418e+01
5.81314328e-08,1.99999981e-01,1.49999956e+04,3.50984342e+18,1.96086697e-02,2.75284345e-08,1.32120693e-12,6.81421645e-04,4.73936890e-03,7.85561815e-18,1.56530915e-12,2.39461490e-01,4.68699826e-05,4.70726397e-04,1.07491023e-04,2.94065988e-13,9.68878816e-03,4.14060169e-02,8.62728464e+02,3.12922251e-03,1.20482713e-02,1.01853958e+02,1.76008097e+02,9.67651039e-07,4.94378590e-03,7.69181234e-01,1.28299156e-03,9.30540028e+01,5.99999998e-01,2.00000000e-01,4.13740102e+00,5.80845996e-06,1.00000000e+00,5.05260288e+01
6.19412478e-08,1.99999979e-01,1.49999954e+04,3.50894980e+18,1.96087550e-02,2.93326496e-08,1.40779901e-12,6.81420766e-04,4.73936714e-03,8.91905353e-18,1.66789600e-12,2.40828420e-01,4.71375333e-05,4.70726358e-04,1.07490694e-04,3.13338457e-13,9.68878887e-03,4.14060202e-02,8.62728464e+02,3.12922274e-03,1.20482726e-02,1.01853958e+02,1.76008097e+02,9.67651124e-07,4.94378631e-03,7.69181294e-01,1.28299167e-03,9.30540028e+01,5.99999994e-01,2.00000000e-01,4.13742055e+00,6.18914904e-06,1.00000000e+00,5.08144681e+01
6.60007502e-08,1.99999978e-01,1.49999950e+04,3.50795630e+18,1.96088465e-02,3.12551175e-08,1.50006657e-12,6.81419830e-04,4.73936527e-03,1.01264498e-17,1.77720613e-12,2.42270749e-01,4.74198416e-05,4.70726316e-04,1.07490344e-04,3.33874002e-13,9.68878963e-03,4.14060236e-02,8.62728464e+02,3.12922298e-03,1.20482740e-02,1.01853958e+02,1.76008097e+02,9.67651216e-07,4.94378675e-03,7.69181359e-01,1.28299178e-03,9.30540028e+01,6.00000010e-01,2.00000001e-01,4.13744148e+00,6.59478975e-06,1.00000000e+00,5.11188176e+01
7.03263041e-08,1.99999977e-01,1.49999947e+04,3.50685118e+18,1.96089446e-02,3.33035893e-08,1.59838163e-12,6.81418832e-04,4.73936327e-03,1.14972957e-17,1.89368018e-12,2.43791597e-01,4.77175187e-05,4.70726272e-04,1.07489971e-04,3.55755403e-13,9.68879043e-03,4.14060273e-02,8.62728464e+02,3.12922323e-03,1.20482754e-02,1.01853958e+02,1.76008097e+02,9.67651313e-07,4.94378721e-03,7.69181427e-01,1.28299190e-03,9.30540028e+01,5.99999992e-01,2.00000001e-01,4.13746393e+00,7.02701764e-06,1.00000000e+00,5.14397363e+01
7.49353460e-08,1.99999975e-01,1.49999944e+04,3.50562126e+18,1.96090499e-02,3.54863245e-08,1.70314058e-12,6.81417769e-04,4.73936115e-03,1.30537182e-17,2.01778764e-12,2.45394063e-01,4.80311710e-05,4.70726225e-04,1.07489573e-04,3.79070864e-13,9.68879129e-03,4.14060312e-02,8.62728464e+02,3.12922351e-03,1.20482770e-02,1.01853958e+02,1.76008097e+02,9.67651416e-07,4.94378771e-03,7.69181501e-01,1.28299202e-03,9.30540028e+01,5.99999994e-01,2.00000000e-01,4.13748800e+00,7.48757551e-06,1.00000000e+00,5.17778781e+01
7.98464550e-08,1.99999973e-01,1.49999940e+04,3.50425182e+18,1.96091629e-02,3.78121238e-08,1.81476583e-12,6.81416637e-04,4.73935888e-03,1.48208398e-17,2.15002880e-12,2.47081199e-01,4.83613957e-05,4.70726174e-04,1.07489150e-04,4.03914370e-13,9.68879220e-03,4.14060353e-02,8.62728464e+02,3.12922380e-03,1.20482787e-02,1.01853958e+02,1.76008097e+02,9.67651527e-07,4.94378824e-03,7.69181579e-01,1.28299216e-03,9.30540028e+01,6.00000010e-01,2.00000001e-01,4.13751383e+00,7.97832044e-06,1.00000000e+00,5.21338867e+01
8.50794280e-08,1.99999972e-01,1.49999936e+04,3.50272639e+18,1.96092843e-02,4.02903653e-08,1.93370746e-12,6.81415430e-04,4.73935646e-03,1.68271841e-17,2.29093669e-12,2.48855971e-01,4.87087736e-05,4.70726121e-04,1.07488699e-04,4.30386065e-13,9.68879317e-03,4.14060398e-02,8.62728464e+02,3.12922411e-03,1.20482805e-02,1.01853958e+02,1.76008097e+02,9.67651644e-07,4.94378880e-03,7.69181662e-01,1.28299230e-03,9.30540028e+01,6.00000004e-01,2.00000001e-01,4.13754155e+00,8.50123126e-06,1.00000000e+00,5.25083887e+01
9.06553593e-08,1.99999970e-01,1.49999932e+04,3.50102657e+18,1.96094147e-02,4.29310417e-08,2.06044508e-12,6.81414144e-04,4.73935389e-03,1.91051360e-17,2.44107933e-12,2.50721229e-01,4.90738623e-05,4.70726063e-04,1.07488218e-04,4.58592658e-13,9.68879421e-03,4.14060445e-02,8.62728464e+02,3.12922443e-03,1.20482823e-02,1.01853958e+02,1.76008097e+02,9.67651769e-07,4.94378940e-03,7.69181750e-01,1.28299245e-03,9.30540028e+01,5.99999999e-01,1.99999999e-01,4.13757130e+00,9.05841654e-06,1.00000000e+00,5.29019850e+01
9.65967258e-08,1.99999968e-01,1.49999928e+04,3.49913179e+18,1.96095547e-02,4.57448009e-08,2.19548974e-12,6.81412774e-04,4.73935115e-03,2.16914648e-17,2.60106191e-12,2.52679657e-01,4.94571874e-05,4.70726002e-04,1.07487705e-04,4.88647849e-13,9.68879531e-03,4.14060495e-02,8.62728464e+02,3.12922479e-03,1.20482844e-02,1.01853958e+02,1.76008097e+02,9.67651903e-07,4.94379004e-03,7.69181845e-01,1.28299262e-03,9.30540028e+01,6.00000000e-01,2.00000000e-01,4.13760326e+00,9.65212315e-06,1.00000000e+00,5.33152427e+01
1.02927477e-07,1.99999966e-01,1.49999923e+04,3.49701908e+18,1.96097053e-02,4.87429892e-08,2.33938600e-12,6.81411314e-04,4.73934823e-03,2.46279177e-17,2.77152933e-12,2.54733727e-01,4.98592326e-05,4.70725937e-04,1.07487159e-04,5.20672792e-13,9.68879649e-03,4.14060549e-02,8.62728464e+02,3.12922516e-03,1.20482865e-02,1.01853958e+02,1.76008097e+02,9.67652045e-07,4.94379073e-03,7.69181945e-01,1.28299279e-03,9.30540028e+01,6.00000007e-01,2.00000000e-01,4.13763758e+00,1.02847453e-05,1.00000000e+00,5.37486833e+01
1.09673133e-07,1.99999963e-01,1.49999918e+04,3.49466283e+18,1.96098672e-02,5.19376967e-08,2.49271411e-12,6.81409758e-04,4.73934512e-03,2.79618934e-17,2.95316871e-12,2.56885643e-01,5.02804294e-05,4.70725868e-04,1.07486578e-04,5.54796579e-13,9.68879774e-03,4.14060606e-02,8.62728464e+02,3.12922556e-03,1.20482888e-02,1.01853958e+02,1.76008097e+02,9.67652196e-07,4.94379145e-03,7.69182052e-01,1.28299297e-03,9.30540028e+01,6.00000000e-01,2.00000000e-01,4.13767446e+00,1.09588341e-05,1.00000000e+00,5.42027721e+01
1.16860886e-07,1.99999961e-01,1.49999912e+04,3.49203446e+18,1.96100414e-02,5.53418064e-08,2.65609241e-12,6.81408100e-04,4.73934180e-03,3.17472076e-17,3.14671223e-12,2.59137275e-01,5.07211434e-05,4.70725794e-04,1.07485958e-04,5.91156763e-13,9.68879907e-03,4.14060667e-02,8.62728464e+02,3.12922598e-03,1.20482912e-02,1.01853958e+02,1.76008097e+02,9.67652358e-07,4.94379223e-03,7.69182166e-01,1.28299317e-03,9.30540028e+01,5.99999999e-01,2.00000000e-01,4.13771410e+00,1.16771081e-05,1.00000000e+00,5.46779037e+01
1.24519708e-07,1.99999958e-01,1.49999907e+04,3.48910215e+18,1.96102288e-02,5.89690462e-08,2.83017976e-12,6.81406334e-04,4.73933827e-03,3.60449617e-17,3.35294005e-12,2.61490084e-01,5.11816612e-05,4.70725716e-04,1.07485297e-04,6.29899913e-13,9.68880050e-03,4.14060732e-02,8.62728464e+02,3.12922644e-03,1.20482938e-02,1.01853958e+02,1.76008097e+02,9.67652530e-07,4.94379305e-03,7.69182288e-01,1.28299338e-03,9.30540028e+01,6.00000002e-01,2.00000000e-01,4.13775673e+00,1.24424641e-05,1.00000000e+00,5.51743870e+01
1.32680475e-07,1.99999956e-01,1.49999900e+04,3.48583046e+18,1.96104305e-02,6.28340441e-08,3.01567825e-12,6.81404452e-04,4.73933450e-03,4.09245293e-17,3.57268345e-12,2.63945047e-01,5.16621736e-05,4.70725632e-04,1.07484594e-04,6.71182202e-13,9.68880201e-03,4.14060801e-02,8.62728464e+02,3.12922692e-03,1.20482966e-02,1.01853958e+02,1.76008097e+02,9.67652713e-07,4.94379393e-03,7.69182418e-01,1.28299360e-03,9.30540028e+01,6.00000004e-01,2.00000000e-01,4.13780258e+00,1.32579889e-05,1.00000000e+00,5.56924282e+01
1.41376081e-07,1.99999953e-01,1.49999894e+04,3.48218001e+18,1.96106477e-02,6.69523879e-08,3.21333599e-12,6.81402447e-04,4.73933049e-03,4.64646756e-17,3.80682820e-12,2.66502560e-01,5.21627584e-05,4.70725543e-04,1.07483844e-04,7.15170040e-13,9.68880363e-03,4.14060874e-02,8.62728464e+02,3.12922743e-03,1.20482996e-02,1.01853958e+02,1.76008097e+02,9.67652908e-07,4.94379487e-03,7.69182556e-01,1.28299384e-03,9.30540028e+01,6.00000002e-01,2.00000000e-01,4.13785190e+00,1.41269717e-05,1.00000000e+00,5.62321114e+01
1.50641580e-07,1.99999950e-01,1.49999887e+04,3.47810703e+18,1.96108816e-02,7.13406873e-08,3.42395020e-12,6.81400310e-04,4.73932621e-03,5.27548299e-17,4.05631808e-12,2.69162342e-01,5.26833604e-05,4.70725448e-04,1.07483045e-04,7.62040742e-13,9.68880535e-03,4.14060953e-02,8.62728464e+02,3.12922798e-03,1.20483027e-02,1.01853958e+02,1.76008097e+02,9.67653116e-07,4.94379587e-03,7.69182703e-01,1.28299409e-03,9.30540028e+01,5.99999999e-01,2.00000000e-01,4.13790499e+00,1.50529177e-05,1.00000000e+00,5.67933774e+01
1.60514320e-07,1.99999946e-01,1.49999880e+04,3.47356299e+18,1.96111336e-02,7.60166419e-08,3.64837036e-12,6.81398033e-04,4.73932166e-03,5.98965287e-17,4.32215878e-12,2.71923319e-01,5.32237692e-05,4.70725347e-04,1.07482193e-04,8.11983242e-13,9.68880718e-03,4.14061036e-02,8.62728464e+02,3.12922856e-03,1.20483061e-02,1.01853958e+02,1.76008097e+02,9.67653337e-07,4.94379693e-03,7.69182859e-01,1.28299436e-03,9.30540028e+01,5.99999999e-01,2.00000000e-01,4.13796214e+00,1.60395617e-05,1.00000000e+00,5.73759998e+01
1.71034100e-07,1.99999943e-01,1.49999872e+04,3.46849408e+18,1.96114051e-02,8.09991122e-08,3.88750168e-12,6.81395607e-04,4.73931681e-03,6.80050551e-17,4.60542185e-12,2.74783499e-01,5.37835954e-05,4.70725239e-04,1.07481286e-04,8.65198860e-13,9.68880913e-03,4.14061125e-02,8.62728464e+02,3.12922918e-03,1.20483096e-02,1.01853958e+02,1.76008097e+02,9.67653573e-07,4.94379806e-03,7.69183026e-01,1.28299465e-03,9.30540028e+01,5.99999999e-01,2.00000000e-01,4.13802367e+00,1.70908837e-05,1.00000000e+00,5.79795591e+01
1.82243324e-07,1.99999939e-01,1.49999863e+04,3.46284081e+18,1.96116979e-02,8.63081961e-08,4.14230879e-12,6.81393022e-04,4.73931164e-03,7.72113003e-17,4.90724909e-12,2.77739844e-01,5.43622441e-05,4.70725124e-04,1.07480320e-04,9.21902108e-13,9.68881121e-03,4.14061220e-02,8.62728464e+02,3.12922984e-03,1.20483134e-02,1.01853958e+02,1.76008097e+02,9.67653825e-07,4.94379927e-03,7.69183204e-01,1.28299496e-03,9.30540028e+01,5.99999998e-01,1.99999999e-01,4.13808995e+00,1.82111249e-05,1.00000000e+00,5.86034145e+01
1.94187178e-07,1.99999935e-01,1.49999854e+04,3.45653742e+18,1.96120135e-02,9.19653098e-08,4.41381956e-12,6.81390268e-04,4.73930613e-03,8.76638766e-17,5.22885710e-12,2.80788115e-01,5.49588856e-05,4.70725002e-04,1.07479290e-04,9.82321554e-13,9.68881343e-03,4.14061321e-02,8.62728464e+02,3.12923055e-03,1.20483175e-02,1.01853958e+02,1.76008097e+02,9.67654093e-07,4.94380055e-03,7.69183394e-01,1.28299529e-03,9.30540028e+01,6.00000003e-01,2.00000000e-01,4.13816136e+00,1.94048047e-05,1.00000000e+00,5.92466719e+01
2.06913808e-07,1.99999931e-01,1.49999845e+04,3.44951145e+18,1.96123538e-02,9.79932752e-08,4.70312934e-12,6.81387333e-04,4.73930025e-03,9.95315174e-17,5.57154223e-12,2.83922718e-01,5.55724249e-05,4.70724871e-04,1.07478192e-04,1.04670075e-12,9.68881579e-03,4.14061429e-02,8.62728464e+02,3.12923130e-03,1.20483218e-02,1.01853958e+02,1.76008097e+02,9.67654378e-07,4.94380192e-03,7.69183596e-01,1.28299563e-03,9.30540028e+01,6.00000002e-01,2.00000000e-01,4.13823830e+00,2.06767392e-05,1.00000000e+00,5.99081515e+01
2.20474515e-07,1.99999927e-01,1.49999835e+04,3.44168307e+18,1.96127209e-02,1.04416411e-07,5.01140536e-12,6.81384206e-04,4.73929400e-03,1.13005801e-16,5.93668577e-12,2.87136529e-01,5.62014678e-05,4.70724732e-04,1.07477023e-04,1.11529921e-12,9.68881830e-03,4.14061544e-02,8.62728464e+02,3.12923210e-03,1.20483264e-02,1.01853958e+02,1.76008097e+02,9.67654682e-07,4.94380338e-03,7.69183811e-01,1.28299600e-03,9.30540028e+01,5.99999998e-01,2.00000000e-01,4.13832122e+00,2.20320604e-05,1.00000000e+00,6.05863508e+01
2.34923963e-07,1.99999922e-01,1.49999824e+04,3.43296466e+18,1.96131170e-02,1.11260634e-07,5.33989143e-12,6.81380874e-04,4.73928733e-03,1.28304244e-16,6.32575954e-12,2.90420714e-01,5.68442853e-05,4.70724584e-04,1.07475777e-04,1.18839344e-12,9.68882098e-03,4.14061666e-02,8.62728464e+02,3.12923295e-03,1.20483313e-02,1.01853958e+02,1.76008097e+02,9.67655006e-07,4.94380493e-03,7.69184040e-01,1.28299640e-03,9.30540028e+01,6.00000000e-01,2.00000000e-01,4.13841060e+00,2.34762372e-05,1.00000000e+00,6.12794064e+01
2.50320398e-07,1.99999917e-01,1.49999812e+04,3.42326014e+18,1.96135442e-02,1.18553558e-07,5.68991303e-12,6.81377324e-04,4.73928023e-03,1.45673814e-16,6.74033181e-12,2.93764537e-01,5.74987758e-05,4.70724427e-04,1.07474450e-04,1.26627810e-12,9.68882383e-03,4.14061796e-02,8.62728464e+02,3.12923386e-03,1.20483365e-02,1.01853958e+02,1.76008097e+02,9.67655351e-07,4.94380659e-03,7.69184284e-01,1.28299682e-03,9.30540028e+01,6.00000000e-01,2.00000000e-01,4.13850695e+00,2.50150978e-05,1.00000000e+00,6.19850532e+01
2.66725884e-07,1.99999911e-01,1.49999800e+04,3.41246448e+18,1.96140051e-02,1.26324614e-07,6.06288263e-12,6.81373541e-04,4.73927267e-03,1.65394917e-16,7.18207361e-12,2.97155153e-01,5.81624252e-05,4.70724259e-04,1.07473035e-04,1.34926713e-12,9.68882687e-03,4.14061935e-02,8.62728464e+02,3.12923483e-03,1.20483421e-02,1.01853958e+02,1.76008097e+02,9.67655719e-07,4.94380835e-03,7.69184544e-01,1.28299727e-03,9.30540028e+01,6.00000000e-01,2.00000000e-01,4.13861082e+00,2.66548526e-05,1.00000000e+00,6.27005818e+01
2.84206552e-07,1.99999905e-01,1.49999787e+04,3.40046315e+18,1.96145024e-02,1.34605162e-07,6.46030543e-12,6.81369511e-04,4.73926461e-03,1.87785928e-16,7.65276549e-12,3.00577406e-01,5.88322670e-05,4.70724080e-04,1.07471528e-04,1.43769506e-12,9.68883011e-03,4.14062082e-02,8.62728464e+02,3.12923586e-03,1.20483480e-02,1.01853958e+02,1.76008097e+02,9.67656111e-07,4.94381023e-03,7.69184821e-01,1.28299774e-03,9.30540028e+01,6.00000001e-01,2.00000000e-01,4.13872279e+00,2.84021201e-05,1.00000000e+00,6.34227947e+01
3.02832867e-07,1.99999899e-01,1.49999773e+04,3.38713162e+18,1.96150389e-02,1.43428623e-07,6.88378548e-12,6.81365216e-04,4.73925602e-03,2.13208328e-16,8.15430466e-12,3.04013608e-01,5.95048392e-05,4.70723890e-04,1.07469922e-04,1.53191834e-12,9.68883356e-03,4.14062240e-02,8.62728464e+02,3.12923696e-03,1.20483543e-02,1.01853958e+02,1.76008097e+02,9.67656528e-07,4.94381223e-03,7.69185116e-01,1.28299825e-03,9.30540028e+01,6.00000001e-01,2.00000000e-01,4.13884349e+00,3.02639533e-05,1.00000000e+00,6.41479605e+01
3.22679912e-07,1.99999892e-01,1.49999758e+04,3.37233495e+18,1.96156176e-02,1.52830610e-07,7.33503217e-12,6.81360640e-04,4.73924686e-03,2.42072546e-16,8.68871269e-12,3.07443328e-01,6.01761430e-05,4.70723687e-04,1.07468211e-04,1.63231677e-12,9.68883724e-03,4.14062407e-02,8.62728464e+02,3.12923812e-03,1.20483610e-02,1.01853958e+02,1.76008097e+02,9.67656972e-07,4.94381437e-03,7.69185430e-01,1.28299879e-03,9.30540028e+01,6.00000000e-01,2.00000000e-01,4.13897359e+00,3.22478686e-05,1.00000000e+00,6.48717691e+01
3.43827692e-07,1.99999885e-01,1.49999742e+04,3.35592737e+18,1.96162417e-02,1.62849079e-07,7.81586714e-12,6.81355764e-04,4.73923711e-03,2.74844584e-16,9.25814359e-12,3.10843186e-01,6.08416019e-05,4.70723471e-04,1.07466388e-04,1.73929506e-12,9.68884115e-03,4.14062586e-02,8.62728464e+02,3.12923937e-03,1.20483682e-02,1.01853958e+02,1.76008097e+02,9.67657446e-07,4.94381664e-03,7.69185765e-01,1.28299937e-03,9.30540028e+01,6.00000000e-01,2.00000000e-01,4.13911379e+00,3.43618761e-05,1.00000000e+00,6.55892877e+01
3.66361454e-07,1.99999878e-01,1.49999725e+04,3.33775211e+18,1.96169145e-02,1.73524474e-07,8.32823171e-12,6.81350569e-04,4.73922672e-03,3.12053547e-16,9.86489254e-12,3.14186644e-01,6.14960217e-05,4.70723241e-04,1.07464445e-04,1.85328444e-12,9.68884532e-03,4.14062776e-02,8.62728464e+02,3.12924070e-03,1.20483758e-02,1.01853958e+02,1.76008097e+02,9.67657950e-07,4.94381906e-03,7.69186121e-01,1.28299998e-03,9.30540028e+01,6.00000001e-01,2.00000000e-01,4.13926483e+00,3.66145121e-05,1.00000000e+00,6.62949174e+01
3.90372033e-07,1.99999870e-01,1.49999707e+04,3.31764122e+18,1.96176396e-02,1.84899902e-07,8.87419476e-12,6.81345033e-04,4.73921565e-03,3.54300188e-16,1.05114051e-11,3.17443824e-01,6.21335544e-05,4.70722996e-04,1.07462375e-04,1.97474439e-12,9.68884976e-03,4.14062978e-02,8.62728464e+02,3.12924211e-03,1.20483839e-02,1.01853958e+02,1.76008097e+02,9.67658487e-07,4.94382163e-03,7.69186501e-01,1.28300064e-03,9.30540028e+01,5.99999997e-01,2.00000000e-01,4.13942750e+00,3.90148741e-05,1.00000000e+00,6.69823547e+01
4.15956216e-07,1.99999861e-01,1.49999688e+04,3.29541569e+18,1.96184207e-02,1.97021298e-07,9.45596109e-12,6.81339135e-04,4.73920386e-03,4.02266610e-16,1.12002871e-11,3.20581343e-01,6.27476660e-05,4.70722735e-04,1.07460169e-04,2.10416450e-12,9.68885449e-03,4.14063194e-02,8.62728464e+02,3.12924361e-03,1.20483926e-02,1.01853958e+02,1.76008097e+02,9.67659059e-07,4.94382438e-03,7.69186906e-01,1.28300133e-03,9.30540028e+01,6.00000000e-01,2.00000000e-01,4.13960261e+00,4.15726573e-05,1.00000000e+00,6.76445565e+01
4.43217134e-07,1.99999852e-01,1.49999668e+04,3.27088568e+18,1.96192616e-02,2.09937617e-07,1.00758804e-11,6.81332851e-04,4.73919129e-03,4.56727288e-16,1.19343152e-11,3.23562188e-01,6.33311118e-05,4.70722457e-04,1.07457819e-04,2.24206647e-12,9.68885953e-03,4.14063424e-02,8.62728464e+02,3.12924522e-03,1.20484018e-02,1.01853958e+02,1.76008097e+02,9.67659669e-07,4.94382730e-03,7.69187337e-01,1.28300208e-03,9.30540028e+01,5.99999999e-01,2.00000000e-01,4.13979102e+00,4.42981943e-05,1.00000000e+00,6.82737133e+01
4.72264677e-07,1.99999843e-01,1.49999646e+04,3.24385114e+18,1.96201662e-02,2.23701032e-07,1.07364569e-11,6.81326154e-04,4.73917791e-03,5.18561577e-16,1.27164478e-11,3.26345625e-01,6.38759190e-05,4.70722161e-04,1.07455315e-04,2.38900615e-12,9.68886489e-03,4.14063669e-02,8.62728464e+02,3.12924692e-03,1.20484116e-02,1.01853958e+02,1.76008097e+02,9.67660318e-07,4.94383041e-03,7.69187795e-01,1.28300287e-03,9.30540028e+01,5.99999999e-01,2.00000000e-01,4.13999360e+00,4.72024972e-05,1.00000000e+00,6.88612311e+01
5.03215936e-07,1.99999832e-01,1.49999623e+04,3.21410262e+18,1.96211386e-02,2.38367146e-07,1.14403594e-11,6.81319020e-04,4.73916364e-03,5.88767922e-16,1.35498373e-11,3.28887175e-01,6.43733816e-05,4.70721846e-04,1.07452648e-04,2.54557586e-12,9.68887060e-03,4.14063929e-02,8.62728464e+02,3.12924874e-03,1.20484221e-02,1.01853958e+02,1.76008097e+02,9.67661009e-07,4.94383373e-03,7.69188284e-01,1.28300371e-03,9.30540028e+01,5.99999999e-01,2.00000000e-01,4.14021125e+00,5.02973023e-05,1.00000000e+00,6.93977249e+01
5.36195677e-07,1.99999821e-01,1.49999598e+04,3.18142256e+18,1.96221830e-02,2.53995219e-07,1.21904322e-11,6.81311418e-04,4.73914845e-03,6.68479989e-16,1.44378427e-11,3.31138649e-01,6.48140677e-05,4.70721511e-04,1.07449805e-04,2.71240671e-12,9.68887668e-03,4.14064207e-02,8.62728464e+02,3.12925067e-03,1.20484333e-02,1.01853958e+02,1.76008097e+02,9.67661745e-07,4.94383726e-03,7.69188804e-01,1.28300461e-03,9.30540028e+01,6.00000000e-01,2.00000000e-01,4.14044489e+00,5.35951177e-05,1.00000000e+00,6.98730273e+01
5.71336843e-07,1.99999810e-01,1.49999571e+04,3.14558700e+18,1.96233033e-02,2.70648405e-07,1.29897067e-11,6.81303318e-04,4.73913226e-03,7.58984980e-16,1.53840430e-11,3.33048278e-01,6.51878445e-05,4.70721154e-04,1.07446776e-04,2.89017119e-12,9.68888316e-03,4.14064502e-02,8.62728464e+02,3.12925274e-03,1.20484451e-02,1.01853958e+02,1.76008097e+02,9.67662529e-07,4.94384102e-03,7.69189358e-01,1.28300556e-03,9.30540028e+01,6.00000000e-01,2.00000000e-01,4.14069544e+00,5.71092745e-05,1.00000000e+00,7.02762152e+01
6.08781089e-07,1.99999797e-01,1.49999543e+04,3.10636771e+18,1.96245037e-02,2.88394015e-07,1.38414136e-11,6.81294689e-04,4.73911501e-03,8.61744440e-16,1.63922519e-11,3.34560940e-01,6.54839225e-05,4.70720773e-04,1.07443549e-04,3.07958583e-12,9.68889006e-03,4.14064817e-02,8.62728464e+02,3.12925493e-03,1.20484578e-02,1.01853958e+02,1.76008097e+02,9.67663364e-07,4.94384502e-03,7.69189948e-01,1.28300658e-03,9.30540028e+01,5.99999999e-01,2.00000000e-01,4.14096381e+00,6.08539810e-05,1.00000000e+00,7.05956575e+01
6.48679353e-07,1.99999784e-01,1.49999513e+04,3.06353496e+18,1.96257881e-02,3.07303786e-07,1.47489962e-11,6.81285494e-04,4.73909664e-03,9.78417867e-16,1.74665326e-11,3.35618498e-01,6.56909230e-05,4.70720368e-04,1.07440110e-04,3.28141415e-12,9.68889740e-03,4.14065152e-02,8.62728464e+02,3.12925726e-03,1.20484712e-02,1.01853958e+02,1.76008097e+02,9.67664253e-07,4.94384929e-03,7.69190577e-01,1.28300766e-03,9.30540028e+01,5.99999999e-01,2.00000000e-01,4.14125088e+00,6.48443805e-05,1.00000000e+00,7.08190871e+01
6.91192469e-07,1.99999770e-01,1.49999482e+04,3.01686091e+18,1.96271602e-02,3.27454174e-07,1.57161245e-11,6.81275697e-04,4.73907706e-03,1.11088954e-15,1.86112149e-11,3.36160283e-01,6.57969712e-05,4.70719937e-04,1.07436447e-04,3.49646970e-12,9.68890521e-03,4.14065508e-02,8.62728464e+02,3.12925975e-03,1.20484855e-02,1.01853958e+02,1.76008097e+02,9.67665199e-07,4.94385383e-03,7.69191245e-01,1.28300881e-03,9.30540028e+01,5.99999999e-01,2.00000000e-01,4.14155752e+00,6.90966132e-05,1.00000000e+00,7.09337028e+01
7.36491807e-07,1.99999755e-01,1.49999448e+04,2.96612360e+18,1.96286234e-02,3.48926669e-07,1.67467097e-11,6.81265258e-04,4.73905620e-03,1.26129898e-15,1.98309121e-11,3.36123730e-01,6.57898207e-05,4.70719478e-04,1.07432543e-04,3.72561932e-12,9.68891353e-03,4.14065888e-02,8.62728464e+02,3.12926240e-03,1.20485008e-02,1.01853958e+02,1.76008097e+02,9.67666207e-07,4.94385866e-03,7.69191958e-01,1.28301004e-03,9.30540028e+01,5.99999999e-01,2.00000000e-01,4.14188450e+00,7.36278816e-05,1.00000000e+00,7.09263016e+01
7.84759970e-07,1.99999738e-01,1.49999411e+04,2.91111172e+18,1.96301808e-02,3.71808119e-07,1.78449206e-11,6.81254136e-04,4.73903399e-03,1.43207551e-15,2.11305399e-11,3.35445167e-01,6.56570093e-05,4.70718990e-04,1.07428384e-04,3.96978670e-12,9.68892239e-03,4.14066292e-02,8.62728464e+02,3.12926522e-03,1.20485171e-02,1.01853958e+02,1.76008097e+02,9.67667280e-07,4.94386380e-03,7.69192716e-01,1.28301134e-03,9.30540028e+01,6.00000000e-01,2.00000000e-01,4.14223253e+00,7.84565209e-05,1.00000000e+00,7.07834482e+01
8.36191530e-07,1.99999721e-01,1.49999373e+04,2.85163012e+18,1.96318347e-02,3.96191088e-07,1.90152003e-11,6.81242287e-04,4.73901032e-03,1.62597755e-15,2.25153359e-11,3.34060803e-01,6.53860513e-05,4.70718470e-04,1.07423953e-04,4.22995603e-12,9.68893182e-03,4.14066722e-02,8.62728464e+02,3.12926821e-03,1.20485344e-02,1.01853958e+02,1.76008097e+02,9.67668422e-07,4.94386928e-03,7.69193522e-01,1.28301273e-03,9.30540028e+01,6.00000000e-01,2.00000000e-01,4.14260223e+00,8.36020734e-05,1.00000000e+00,7.04916809e+01
8.90993810e-07,1.99999703e-01,1.49999332e+04,2.78750601e+18,1.96335871e-02,4.22174234e-07,2.02622844e-11,6.81229662e-04,4.73898510e-03,1.84613720e-15,2.39908810e-11,3.31907900e-01,6.49646664e-05,4.70717916e-04,1.07419231e-04,4.50717600e-12,9.68894185e-03,4.14067180e-02,8.62728464e+02,3.12927141e-03,1.20485528e-02,1.01853958e+02,1.76008097e+02,9.67669638e-07,4.94387511e-03,7.69194381e-01,1.28301421e-03,9.30540028e+01,6.00000000e-01,2.00000000e-01,4.14299404e+00,8.90853685e-05,1.00000000e+00,7.00377596e+01
9.49387718e-07,1.99999684e-01,1.49999288e+04,2.71859590e+18,1.96354388e-02,4.49862704e-07,2.15912200e-11,6.81216210e-04,4.73895824e-03,2.09611090e-15,2.55631217e-11,3.28926131e-01,6.43810471e-05,4.70717327e-04,1.07414201e-04,4.80256404e-12,9.68895253e-03,4.14067668e-02,8.62728464e+02,3.12927480e-03,1.20485724e-02,1.01853958e+02,1.76008097e+02,9.67670933e-07,4.94388132e-03,7.69195295e-01,1.28301579e-03,9.30540028e+01,6.00000000e-01,2.00000000e-01,4.14340827e+00,9.49286068e-05,1.00000000e+00,6.94089532e+01
1.01160864e-06,1.99999663e-01,1.49999241e+04,2.64479324e+18,1.96373899e-02,4.79368563e-07,2.30073864e-11,6.81201879e-04,4.73892963e-03,2.37993688e-15,2.72383940e-11,3.25059147e-01,6.36241639e-05,4.70716700e-04,1.07408841e-04,5.11731081e-12,9.68896389e-03,4.14068186e-02,8.62728464e+02,3.12927842e-03,1.20485933e-02,1.01853958e+02,1.76008097e+02,9.67672310e-07,4.94388792e-03,7.69196268e-01,1.28301747e-03,9.30540028e+01,5.99999999e-01,2.00000000e-01,4.14384501e+00,1.01155451e-04,1.00000000e+00,6.85933686e+01
1.07790740e-06,1.99999641e-01,1.49999192e+04,2.56603655e+18,1.96394392e-02,5.10811250e-07,2.45165169e-11,6.81186609e-04,4.73889915e-03,2.70220053e-15,2.90234491e-11,3.20256308e-01,6.26841052e-05,4.70716032e-04,1.07403131e-04,5.45268496e-12,9.68897598e-03,4.14068738e-02,8.62728464e+02,3.12928226e-03,1.20486155e-02,1.01853958e+02,1.76008097e+02,9.67673776e-07,4.94389495e-03,7.69197303e-01,1.28301925e-03,9.30540028e+01,6.00000001e-01,2.00000000e-01,4.14430412e+00,1.07791121e-04,1.00000000e+00,6.75803173e+01
1.14855124e-06,1.99999617e-01,1.49999139e+04,2.48231792e+18,1.96415843e-02,5.44318059e-07,2.61247218e-11,6.81170341e-04,4.73886668e-03,3.06810848e-15,3.09254804e-11,3.14474587e-01,6.15524490e-05,4.70715322e-04,1.07397046e-04,5.81003833e-12,9.68898885e-03,4.14069326e-02,8.62728464e+02,3.12928635e-03,1.20486392e-02,1.01853958e+02,1.76008097e+02,9.67675337e-07,4.94390243e-03,7.69198405e-01,1.28302115e-03,9.30540028e+01,6.00000000e-01,2.00000000e-01,4.14478517e+00,1.14862497e-04,1.00000000e+00,6.63607163e+01
1.22382494e-06,1.99999592e-01,1.49999082e+04,2.39369181e+18,1.96438211e-02,5.80024654e-07,2.78385135e-11,6.81153008e-04,4.73883209e-03,3.48357285e-15,3.29521526e-11,3.07680588e-01,6.02226587e-05,4.70714566e-04,1.07390564e-04,6.19081131e-12,9.68900253e-03,4.14069951e-02,8.62728464e+02,3.12929071e-03,1.20486644e-02,1.01853958e+02,1.76008097e+02,9.67676998e-07,4.94391039e-03,7.69199577e-01,1.28302317e-03,9.30540028e+01,6.00000000e-01,2.00000000e-01,4.14528743e+00,1.22398229e-04,1.00000000e+00,6.49275142e+01
1.30403192e-06,1.99999565e-01,1.49999022e+04,2.30028357e+18,1.96461440e-02,6.18075615e-07,2.96648321e-11,6.81134542e-04,4.73879525e-03,3.95530682e-15,3.51116325e-11,2.99852644e-01,5.86904933e-05,4.70713761e-04,1.07383657e-04,6.59653870e-12,9.68901709e-03,4.14070615e-02,8.62728464e+02,3.12929534e-03,1.20486912e-02,1.01853958e+02,1.76008097e+02,9.67678765e-07,4.94391885e-03,7.69200824e-01,1.28302532e-03,9.30540028e+01,6.00000000e-01,2.00000000e-01,4.14580983e+00,1.30428850e-04,1.00000000e+00,6.32761342e+01
1.38949549e-06,1.99999537e-01,1.49998958e+04,2.20229759e+18,1.96485454e-02,6.58625023e-07,3.16110741e-11,6.81114868e-04,4.73875601e-03,4.49093323e-15,3.74126219e-11,2.90982920e-01,5.69544191e-05,4.70712905e-04,1.07376299e-04,7.02885586e-12,9.68903258e-03,4.14071323e-02,8.62728464e+02,3.12930026e-03,1.20487197e-02,1.01853958e+02,1.76008097e+02,9.67680645e-07,4.94392786e-03,7.69202151e-01,1.28302760e-03,9.30540028e+01,6.00000000e-01,2.00000000e-01,4.14635093e+00,1.38986903e-04,1.00000000e+00,6.14049170e+01
1.48056018e-06,1.99999506e-01,1.49998890e+04,2.10002454e+18,1.96510159e-02,7.01837073e-07,3.36851217e-11,6.81093907e-04,4.73871421e-03,5.09910780e-15,3.98643924e-11,2.81079439e-01,5.50160065e-05,4.70711995e-04,1.07368459e-04,7.48950534e-12,9.68904905e-03,4.14072075e-02,8.62728464e+02,3.12930550e-03,1.20487501e-02,1.01853958e+02,1.76008097e+02,9.67682645e-07,4.94393745e-03,7.69203562e-01,1.28303004e-03,9.30540028e+01,6.00000000e-01,2.00000000e-01,4.14690886e+00,1.48107069e-04,1.00000000e+00,5.93155498e+01
1.57759306e-06,1.99999474e-01,1.49998817e+04,1.99384726e+18,1.96535441e-02,7.47886738e-07,3.58953744e-11,6.81071575e-04,4.73866969e-03,5.78965919e-15,4.24768231e-11,2.70167951e-01,5.28802955e-05,4.70711026e-04,1.07360107e-04,7.98034385e-12,9.68906657e-03,4.14072876e-02,8.62728464e+02,3.12931107e-03,1.20487824e-02,1.01853958e+02,1.76008097e+02,9.67684774e-07,4.94394764e-03,7.69205063e-01,1.28303263e-03,9.30540028e+01,6.00000000e-01,2.00000000e-01,4.14748134e+00,1.57826307e-04,1.00000000e+00,5.70134592e+01
1.68098528e-06,1.99999440e-01,1.49998739e+04,1.88424471e+18,1.96561164e-02,7.96960462e-07,3.82507825e-11,6.81047784e-04,4.73862227e-03,6.57374787e-15,4.52604402e-11,2.58293510e-01,5.05561043e-05,4.70709994e-04,1.07351208e-04,8.50334980e-12,9.68908520e-03,4.14073727e-02,8.62728464e+02,3.12931700e-03,1.20488168e-02,1.01853958e+02,1.76008097e+02,9.67687038e-07,4.94395849e-03,7.69206660e-01,1.28303538e-03,9.30540028e+01,6.00000000e-01,2.00000000e-01,4.14806567e+00,1.68184003e-04,1.00000000e+00,5.45081450e+01
1.79115361e-06,1.99999403e-01,1.49998657e+04,1.77179347e+18,1.96587170e-02,8.49256911e-07,4.07608833e-11,6.81022436e-04,4.73857176e-03,7.46404659e-15,4.82264592e-11,2.45521637e-01,4.80562577e-05,4.70708897e-04,1.07341727e-04,9.06063123e-12,9.68910502e-03,4.14074632e-02,8.62728464e+02,3.12932330e-03,1.20488534e-02,1.01853958e+02,1.76008097e+02,9.67689447e-07,4.94397003e-03,7.69208358e-01,1.28303831e-03,9.30540028e+01,6.00000000e-01,2.00000000e-01,4.14865870e+00,1.79222127e-04,1.00000000e+00,5.18134261e+01
1.90854214e-06,1.99999364e-01,1.49998569e+04,1.65716624e+18,1.96613283e-02,9.04987752e-07,4.34358385e-11,6.80995432e-04,4.73851796e-03,8.47494533e-15,5.13868302e-11,2.31938968e-01,4.53977122e-05,4.70707730e-04,1.07331626e-04,9.65443430e-12,9.68912609e-03,4.14075595e-02,8.62728464e+02,3.12933000e-03,1.20488923e-02,1.01853958e+02,1.76008097e+02,9.67692010e-07,4.94398230e-03,7.69210165e-01,1.28304142e-03,9.30540028e+01,6.00000000e-01,2.00000000e-01,4.14925689e+00,1.90985401e-04,1.00000000e+00,4.89475759e+01
2.03362408e-06,1.99999322e-01,1.49998475e+04,1.54112676e+18,1.96639307e-02,9.64378504e-07,4.62864745e-11,6.80966662e-04,4.73846065e-03,9.62278390e-15,5.47542861e-11,2.17653223e-01,4.26015526e-05,4.70706488e-04,1.07320865e-04,1.02871524e-11,9.68914850e-03,4.14076619e-02,8.62728464e+02,3.12933713e-03,1.20489338e-02,1.01853958e+02,1.76008097e+02,9.67694736e-07,4.94399536e-03,7.69212086e-01,1.28304473e-03,9.30540028e+01,6.00000000e-01,2.00000000e-01,4.14985627e+00,2.03521476e-04,1.00000000e+00,4.59333187e+01
2.16690364e-06,1.99999278e-01,1.49998375e+04,1.42452077e+18,1.96665030e-02,1.02766942e-06,4.93243259e-11,6.80936011e-04,4.73839962e-03,1.09261161e-14,5.83423933e-11,2.02792409e-01,3.96928334e-05,4.70705167e-04,1.07309401e-04,1.09613357e-11,9.68917233e-03,4.14077709e-02,8.62728464e+02,3.12934471e-03,1.20489779e-02,1.01853958e+02,1.76008097e+02,9.67697636e-07,4.94400924e-03,7.69214129e-01,1.28304826e-03,9.30540028e+01,6.00000000e-01,2.00000000e-01,4.15045260e+00,2.16881121e-04,1.00000000e+00,4.27976587e+01
2.30891806e-06,1.99999230e-01,1.49998268e+04,1.30826260e+18,1.96690228e-02,1.09511645e-06,5.25616805e-11,6.80903357e-04,4.73833461e-03,1.24060096e-14,6.21656069e-11,1.87503135e-01,3.67002503e-05,4.70703761e-04,1.07297187e-04,1.16797015e-11,9.68919767e-03,4.14078867e-02,8.62728464e+02,3.12935276e-03,1.20490248e-02,1.01853958e+02,1.76008097e+02,9.67700721e-07,4.94402401e-03,7.69216302e-01,1.28305200e-03,9.30540028e+01,6.00000000e-01,2.00000000e-01,4.15104134e+00,2.31118429e-04,1.00000000e+00,3.95715268e+01
2.46023982e-06,1.99999180e-01,1.49998155e+04,1.19331747e+18,1.96714668e-02,1.16699223e-06,5.60116280e-11,6.80868568e-04,4.73826536e-03,1.40863864e-14,6.62393283e-11,1.71948004e-01,3.36556301e-05,4.70702265e-04,1.07284174e-04,1.24451451e-11,9.68922461e-03,4.14080099e-02,8.62728464e+02,3.12936133e-03,1.20490747e-02,1.01853958e+02,1.76008097e+02,9.67704003e-07,4.94403972e-03,7.69218613e-01,1.28305599e-03,9.30540028e+01,6.00000000e-01,2.00000000e-01,4.15161779e+00,2.46291024e-04,1.00000000e+00,3.62892306e+01
2.62147890e-06,1.99999126e-01,1.49998034e+04,1.08067938e+18,1.96738110e-02,1.24358718e-06,5.96881118e-11,6.80831505e-04,4.73819161e-03,1.59944093e-14,7.05799677e-11,1.56302049e-01,3.05932317e-05,4.70700673e-04,1.07270312e-04,1.32607517e-11,9.68925327e-03,4.14081409e-02,8.62728464e+02,3.12937044e-03,1.20491278e-02,1.01853958e+02,1.76008097e+02,9.67707494e-07,4.94405643e-03,7.69221071e-01,1.28306023e-03,9.30540028e+01,6.00000000e-01,2.00000000e-01,4.15217717e+00,2.62460297e-04,1.00000000e+00,3.29877011e+01
2.79328525e-06,1.99999069e-01,1.49997905e+04,9.71345266e+17,1.96760321e-02,1.32521062e-06,6.36059840e-11,6.80792020e-04,4.73811305e-03,1.81609208e-14,7.52050094e-11,1.40748256e-01,2.75488714e-05,4.70698979e-04,1.07255543e-04,1.41298084e-11,9.68928374e-03,4.14082803e-02,8.62728464e+02,3.12938013e-03,1.20491844e-02,1.01853958e+02,1.76008097e+02,9.67711208e-07,4.94407421e-03,7.69223686e-01,1.28306474e-03,9.30540028e+01,6.00000000e-01,2.00000000e-01,4.15271479e+00,2.79691642e-04,1.00000000e+00,2.97055503e+01
2.97635144e-06,1.99999008e-01,1.49997768e+04,8.66286101e+17,1.96781074e-02,1.41219203e-06,6.77810636e-11,6.80749953e-04,4.73802938e-03,2.06209411e-14,8.01330825e-11,1.25472308e-01,2.45588931e-05,4.70697176e-04,1.07239809e-04,1.50558179e-11,9.68931616e-03,4.14084286e-02,8.62728464e+02,3.12939044e-03,1.20492445e-02,1.01853958e+02,1.76008097e+02,9.67715160e-07,4.94409312e-03,7.69226467e-01,1.28306954e-03,9.30540028e+01,6.00000000e-01,2.00000000e-01,4.15322612e+00,2.98054723e-04,1.00000000e+00,2.64819607e+01
3.17141542e-06,1.99998943e-01,1.49997621e+04,7.66415981e+17,1.96800155e-02,1.50488231e-06,7.22301996e-11,6.80705138e-04,4.73794025e-03,2.34142339e-14,8.53840357e-11,1.10656705e-01,2.16590178e-05,4.70695257e-04,1.07223048e-04,1.60425122e-11,9.68935063e-03,4.14085863e-02,8.62728464e+02,3.12940140e-03,1.20493086e-02,1.01853958e+02,1.76008097e+02,9.67719364e-07,4.94411324e-03,7.69229426e-01,1.28307464e-03,9.30540028e+01,6.00000000e-01,2.00000000e-01,4.15370699e+00,3.17623743e-04,1.00000000e+00,2.33554455e+01
3.37926348e-06,1.99998874e-01,1.49997466e+04,6.72560842e+17,1.96817376e-02,1.60365519e-06,7.69713371e-11,6.80657392e-04,4.73784531e-03,2.65859479e-14,9.09790170e-11,9.64745509e-02,1.88831270e-05,4.70693215e-04,1.07205192e-04,1.70938680e-11,9.68938731e-03,4.14087541e-02,8.62728464e+02,3.12941306e-03,1.20493768e-02,1.01853958e+02,1.76008097e+02,9.67723838e-07,4.94413465e-03,7.69232574e-01,1.28308007e-03,9.30540028e+01,6.00000000e-01,2.00000000e-01,4.15415369e+00,3.38477744e-04,1.00000000e+00,2.03625371e+01
3.60073348e-06,1.99998800e-01,1.49997299e+04,5.85428368e+17,1.96832572e-02,1.70890870e-06,8.20235891e-11,6.80606526e-04,4.73774418e-03,3.01873459e-14,9.69405586e-11,8.30833008e-02,1.62620401e-05,4.70691041e-04,1.07186169e-04,1.82141224e-11,9.68942632e-03,4.14089326e-02,8.62728464e+02,3.12942546e-03,1.20494493e-02,1.01853958e+02,1.76008097e+02,9.67728600e-07,4.94415743e-03,7.69235923e-01,1.28308585e-03,9.30540028e+01,6.00000000e-01,2.00000000e-01,4.15456312e+00,3.60700923e-04,1.00000000e+00,1.75364684e+01
3.83671818e-06,1.99998721e-01,1.49997122e+04,5.05581109e+17,1.96845616e-02,1.82106674e-06,8.74073117e-11,6.80552334e-04,4.73763645e-03,3.42766319e-14,1.03292667e-10,7.06188793e-02,1.38223616e-05,4.70688727e-04,1.07165904e-04,1.94077904e-11,9.68946784e-03,4.14091226e-02,8.62728464e+02,3.12943866e-03,1.20495265e-02,1.01853958e+02,1.76008097e+02,9.67733667e-07,4.94418167e-03,7.69239488e-01,1.28309200e-03,9.30540028e+01,6.00000000e-01,2.00000000e-01,4.15493291e+00,3.84382963e-04,1.00000000e+00,1.49059304e+01
4.08816882e-06,1.99998637e-01,1.49996934e+04,4.33414684e+17,1.96856414e-02,1.94058080e-06,9.31441860e-11,6.80494600e-04,4.73752169e-03,3.89198903e-14,1.10060922e-10,5.91905344e-02,1.15854750e-05,4.70686264e-04,1.07144316e-04,2.06796824e-11,9.68951202e-03,4.14093248e-02,8.62728464e+02,3.12945270e-03,1.20496088e-02,1.01853958e+02,1.76008097e+02,9.67739061e-07,4.94420747e-03,7.69243281e-01,1.28309854e-03,9.30540028e+01,6.00000000e-01,2.00000000e-01,4.15526148e+00,4.09619401e-04,1.00000000e+00,1.24939870e+01
4.35609903e-06,1.99998548e-01,1.49996733e+04,3.69142927e+17,1.96864915e-02,2.06793173e-06,9.92573044e-11,6.80433092e-04,4.73739945e-03,4.41921519e-14,1.17272573e-10,4.88768365e-02,9.56675909e-06,4.70683641e-04,1.07121319e-04,2.20349242e-11,9.68955904e-03,4.14095400e-02,8.62728464e+02,3.12946765e-03,1.20496963e-02,1.01853958e+02,1.76008097e+02,9.67744803e-07,4.94423493e-03,7.69247318e-01,1.28310551e-03,9.30540028e+01,6.00000000e-01,2.00000000e-01,4.15554815e+00,4.36512006e-04,1.00000000e+00,1.03172293e+01
4.64158883e-06,1.99998453e-01,1.49996519e+04,3.12791401e+17,1.96871107e-02,2.20363169e-06,1.05771263e-10,6.80367562e-04,4.73726921e-03,5.01786040e-14,1.24956657e-10,3.97231494e-02,7.77509310e-06,4.70680848e-04,1.07096821e-04,2.34789775e-11,9.68960909e-03,4.14097690e-02,8.62728464e+02,3.12948356e-03,1.20497896e-02,1.01853958e+02,1.76008097e+02,9.67750916e-07,4.94426417e-03,7.69251617e-01,1.28311293e-03,9.30540028e+01,6.00000000e-01,2.00000000e-01,4.15579310e+00,4.65169192e-04,1.00000000e+00,8.38524214e+00
4.94578905e-06,1.99998351e-01,1.49996291e+04,2.64200259e+17,1.96875018e-02,2.34822617e-06,1.12712261e-10,6.80297749e-04,4.73713047e-03,5.69759644e-14,1.33144107e-10,3.17408259e-02,6.21269930e-06,4.70677873e-04,1.07070723e-04,2.50176616e-11,9.68966238e-03,4.14100129e-02,8.62728464e+02,3.12950050e-03,1.20498888e-02,1.01853958e+02,1.76008097e+02,9.67757425e-07,4.94429530e-03,7.69256193e-01,1.28312082e-03,9.30540028e+01,6.00000000e-01,2.00000000e-01,4.15599737e+00,4.95706459e-04,1.00000000e+00,6.70043312e+00
5.26992593e-06,1.99998243e-01,1.49996048e+04,2.23036686e+17,1.96876711e-02,2.50229623e-06,1.20108207e-10,6.80223371e-04,4.73698266e-03,6.46940408e-14,1.41867883e-10,2.49082487e-02,4.87534666e-06,4.70674705e-04,1.07042924e-04,2.66571772e-11,9.68971911e-03,4.14102726e-02,8.62728464e+02,3.12951853e-03,1.20499946e-02,1.01853958e+02,1.76008097e+02,9.67764356e-07,4.94432845e-03,7.69261065e-01,1.28312923e-03,9.30540028e+01,6.00000000e-01,2.00000000e-01,4.15616279e+00,5.28246862e-04,1.00000000e+00,5.25825202e+00
5.61530608e-06,1.99998128e-01,1.49995789e+04,1.88816378e+17,1.96876280e-02,2.66646078e-06,1.27988829e-10,6.80144131e-04,4.73682519e-03,7.34575011e-14,1.51163097e-10,1.91736857e-02,3.75290980e-06,4.70671331e-04,1.07013311e-04,2.84041311e-11,9.68977952e-03,4.14105492e-02,8.62728464e+02,3.12953774e-03,1.20501072e-02,1.01853958e+02,1.76008097e+02,9.67771738e-07,4.94436375e-03,7.69266254e-01,1.28313818e-03,9.30540028e+01,6.00000000e-01,2.00000000e-01,4.15629186e+00,5.62921510e-04,1.00000000e+00,4.04779256e+00
5.98332173e-06,1.99998006e-01,1.49995513e+04,1.60932697e+17,1.96873842e-02,2.84137915e-06,1.36385795e-10,6.80059711e-04,4.73665741e-03,8.34078834e-14,1.61067161e-10,1.44597663e-02,2.83024492e-06,4.70667737e-04,1.06981766e-04,3.02655630e-11,9.68984386e-03,4.14108437e-02,8.62728464e+02,3.12955819e-03,1.20502271e-02,1.01853958e+02,1.76008097e+02,9.67779600e-07,4.94440135e-03,7.69271780e-01,1.28314772e-03,9.30540028e+01,6.00000000e-01,2.00000000e-01,4.15638761e+00,5.99870098e-04,1.00000000e+00,3.05273635e+00
6.37545637e-06,1.99997875e-01,1.49995218e+04,1.38691364e+17,1.96869530e-02,3.02775364e-06,1.45332846e-10,6.79969772e-04,4.73647866e-03,9.47058773e-14,1.71619931e-10,1.06692260e-02,2.08831449e-06,4.70663908e-04,1.06948165e-04,3.22489736e-11,9.68991239e-03,4.14111575e-02,8.62728464e+02,3.12957997e-03,1.20503549e-02,1.01853958e+02,1.76008097e+02,9.67787975e-07,4.94444140e-03,7.69277666e-01,1.28315788e-03,9.30540028e+01,6.00000000e-01,2.00000000e-01,4.15645343e+00,6.39241483e-04,1.00000000e+00,2.25256499e+00
6.79329072e-06,1.99997736e-01,1.49994905e+04,1.21348045e+17,1.96863482e-02,3.22633245e-06,1.54865922e-10,6.79873954e-04,4.73628821e-03,1.07533914e-13,1.82863870e-10,7.69144909e-03,1.50546760e-06,4.70659830e-04,1.06912375e-04,3.43623550e-11,9.68998539e-03,4.14114916e-02,8.62728464e+02,3.12960318e-03,1.20504910e-02,1.01853958e+02,1.76008097e+02,9.67796896e-07,4.94448406e-03,7.69283936e-01,1.28316870e-03,9.30540028e+01,6.00000000e-01,2.00000000e-01,4.15649288e+00,6.81194283e-04,1.00000000e+00,1.62394026e+00
7.23850907e-06,1.99997587e-01,1.49994571e+04,1.08145843e+17,1.96855837e-02,3.43791261e-06,1.65023317e-10,6.79771873e-04,4.73608530e-03,1.22099107e-13,1.94844216e-10,5.40925529e-03,1.05876846e-06,4.70655484e-04,1.06874252e-04,3.66142230e-11,9.69006315e-03,4.14118476e-02,8.62728464e+02,3.12962789e-03,1.20506360e-02,1.01853958e+02,1.76008097e+02,9.67806400e-07,4.94452951e-03,7.69290616e-01,1.28318022e-03,9.30540028e+01,6.00000000e-01,2.00000000e-01,4.15650954e+00,7.25897527e-04,1.00000000e+00,1.14213637e+00
7.71290612e-06,1.99997429e-01,1.49994215e+04,9.83498133e+16,1.96846723e-02,3.66334317e-06,1.75845825e-10,6.79663121e-04,4.73586910e-03,1.38636590e-13,2.07609165e-10,3.70537233e-03,7.25263234e-07,4.70650855e-04,1.06833646e-04,3.90136507e-11,9.69014599e-03,4.14122269e-02,8.62728464e+02,3.12965423e-03,1.20507906e-02,1.01853958e+02,1.76008097e+02,9.67816526e-07,4.94457793e-03,7.69297732e-01,1.28319250e-03,9.30540028e+01,6.00000000e-01,2.00000000e-01,4.15650683e+00,7.73531339e-04,1.00000000e+00,7.82405986e-01
8.21839418e-06,1.99997261e-01,1.49993836e+04,9.12759745e+16,1.96836250e-02,3.90352863e-06,1.87376906e-10,6.79547263e-04,4.73563875e-03,1.57413302e-13,2.21210062e-10,2.46808720e-03,4.83086184e-07,4.70645922e-04,1.06790397e-04,4.15703060e-11,9.69023424e-03,4.14126310e-02,8.62728464e+02,3.12968228e-03,1.20509552e-02,1.01853958e+02,1.76008097e+02,9.67827314e-07,4.94462951e-03,7.69305313e-01,1.28320558e-03,9.30540028e+01,6.00000000e-01,2.00000000e-01,4.15648788e+00,8.24287671e-04,1.00000000e+00,5.21173031e-01
8.75701089e-06,1.99997081e-01,1.49993432e+04,8.63130268e+16,1.96824512e-02,4.15943252e-06,1.99662862e-10,6.79423835e-04,4.73539331e-03,1.78732295e-13,2.35701606e-10,1.59568910e-03,3.12329299e-07,4.70640667e-04,1.06744332e-04,4.42944897e-11,9.69032828e-03,4.14130615e-02,8.62728464e+02,3.12971217e-03,1.20511306e-02,1.01853958e+02,1.76008097e+02,9.67838808e-07,4.94468447e-03,7.69313391e-01,1.28321952e-03,9.30540028e+01,6.00000000e-01,2.00000000e-01,4.15645542e+00,8.78371076e-04,1.00000000e+00,3.36970764e-01
9.33092744e-06,1.99996890e-01,1.49993002e+04,8.29358506e+16,1.96811575e-02,4.43208119e-06,2.12753017e-10,6.79292344e-04,4.73513180e-03,2.02937610e-13,2.51142070e-10,9.99477500e-04,1.95631066e-07,4.70635067e-04,1.06695272e-04,4.71971772e-11,9.69042847e-03,4.14135202e-02,8.62728464e+02,3.12974402e-03,1.20513175e-02,1.01853958e+02,1.76008097e+02,9.67851054e-07,4.94474303e-03,7.69321998e-01,1.28323438e-03,9.30540028e+01,6.00000000e-01,2.00000000e-01,4.15641177e+00,9.35999541e-04,1.00000000e+00,2.11077018e-01
9.94245730e-06,1.99996686e-01,1.49992543e+04,8.07108406e+16,1.96797484e-02,4.72256793e-06,2.26699916e-10,6.79152266e-04,4.73485317e-03,2.30419823e-13,2.67593533e-10,6.05288803e-04,1.18475299e-07,4.70629101e-04,1.06643021e-04,5.02900627e-11,9.69053522e-03,4.14140089e-02,8.62728464e+02,3.12977795e-03,1.20515166e-02,1.01853958e+02,1.76008097e+02,9.67864104e-07,4.94480543e-03,7.69331168e-01,1.28325020e-03,9.30540028e+01,6.00000000e-01,2.00000000e-01,4.15635875e+00,9.97405360e-04,1.00000000e+00,1.27836869e-01
1.05940656e-05,1.99996469e-01,1.49992055e+04,7.92939932e+16,1.96782257e-02,5.03205724e-06,2.41559532e-10,6.79003040e-04,4.73455629e-03,2.61622332e-13,2.85122126e-10,3.53664970e-04,6.92241483e-08,4.70622743e-04,1.06587376e-04,5.35856064e-11,9.69064897e-03,4.14145297e-02,8.62728464e+02,3.12981411e-03,1.20517288e-02,1.01853958e+02,1.76008097e+02,9.67878008e-07,4.94487192e-03,7.69340939e-01,1.28326706e-03,9.30540028e+01,6.00000000e-01,2.00000000e-01,4.15629775e+00,1.06283608e-03,1.00000000e+00,7.46986514e-02
1.12883789e-05,1.99996237e-01,1.49991534e+04,7.84233223e+16,1.96765890e-02,5.36178942e-06,2.57391487e-10,6.78844073e-04,4.73423998e-03,2.97048501e-13,3.03798298e-10,1.98920640e-04,3.89355082e-08,4.70615969e-04,1.06528116e-04,5.70970840e-11,9.69077017e-03,4.14150846e-02,8.62728464e+02,3.12985263e-03,1.20519549e-02,1.01853958e+02,1.76008097e+02,9.67892823e-07,4.94494276e-03,7.69351351e-01,1.28328503e-03,9.30540028e+01,6.00000000e-01,2.00000000e-01,4.15622974e+00,1.13255548e-03,1.00000000e+00,4.20174390e-02
1.20281961e-05,1.99995991e-01,1.49990979e+04,7.79075311e+16,1.96748360e-02,5.71308549e-06,2.74259291e-10,6.78674730e-04,4.73390295e-03,3.37269758e-13,3.23697096e-10,1.07444655e-04,2.10305810e-08,4.70608752e-04,1.06465009e-04,6.08386409e-11,9.69089931e-03,4.14156759e-02,8.62728464e+02,3.12989368e-03,1.20521958e-02,1.01853958e+02,1.76008097e+02,9.67908610e-07,4.94501825e-03,7.69362445e-01,1.28330417e-03,9.30540028e+01,6.00000000e-01,2.00000000e-01,4.15615535e+00,1.20684466e-03,1.00000000e+00,2.26968436e-02
1.28164995e-05,1.99995728e-01,1.49990388e+04,7.76129010e+16,1.96729627e-02,6.08735233e-06,2.92230588e-10,6.78494338e-04,4.73354385e-03,3.82934802e-13,3.44898462e-10,5.55906991e-05,1.08810066e-08,4.70601061e-04,1.06397808e-04,6.48253484e-11,9.69103692e-03,4.14163059e-02,8.62728464e+02,3.12993742e-03,1.20524525e-02,1.01853958e+02,1.76008097e+02,9.67925431e-07,4.94509868e-03,7.69374266e-01,1.28332457e-03,9.30540028e+01,6.00000000e-01,2.00000000e-01,4.15607489e+00,1.28600316e-03,1.00000000e+00,1.17439916e-02
1.36564666e-05,1.99995448e-01,1.49989758e+04,7.74501086e+16,1.96709635e-02,6.48608820e-06,3.11377425e-10,6.78302179e-04,4.73316124e-03,4.34780036e-13,3.67487553e-10,2.74763813e-05,5.37807665e-09,4.70592866e-04,1.06326252e-04,6.90732646e-11,9.69118355e-03,4.14169773e-02,8.62728464e+02,3.12998403e-03,1.20527261e-02,1.01853958e+02,1.76008097e+02,9.67943355e-07,4.94518439e-03,7.69386862e-01,1.28334631e-03,9.30540028e+01,6.00000000e-01,2.00000000e-01,4.15598846e+00,1.37035015e-03,1.00000000e+00,5.80508035e-03
1.45514834e-05,1.99995150e-01,1.49989087e+04,7.73622470e+16,1.96688316e-02,6.91088864e-06,3.31776536e-10,6.78097489e-04,4.73275358e-03,4.93641417e-13,3.91555079e-10,1.29364045e-05,2.53210430e-09,4.70584135e-04,1.06250060e-04,7.35994989e-11,9.69133979e-03,4.14176926e-02,8.62728464e+02,3.13003369e-03,1.20530175e-02,1.01853958e+02,1.76008097e+02,9.67962454e-07,4.94527571e-03,7.69400284e-01,1.28336947e-03,9.30540028e+01,6.00000000e-01,2.00000000e-01,4.15589598e+00,1.46022575e-03,1.00000000e+00,2.73337801e-03
1.55051578e-05,1.99994832e-01,1.49988372e+04,7.73148137e+16,1.96665592e-02,7.36345268e-06,3.53509644e-10,6.77879455e-04,4.73231923e-03,5.60467910e-13,4.17197661e-10,5.78425250e-06,1.13218092e-09,4.70574831e-04,1.06168935e-04,7.84222805e-11,9.69150628e-03,4.14184548e-02,8.62728464e+02,3.13008661e-03,1.20533281e-02,1.01853958e+02,1.76008097e+02,9.67982805e-07,4.94537302e-03,7.69414586e-01,1.28339415e-03,9.30540028e+01,6.00000000e-01,2.00000000e-01,4.15579725e+00,1.55599238e-03,1.00000000e+00,1.22228705e-03
1.65213341e-05,1.99994493e-01,1.49987610e+04,7.72879461e+16,1.96641377e-02,7.84558945e-06,3.76663780e-10,6.77647213e-04,4.73185645e-03,6.36336742e-13,4.44518216e-10,2.44834029e-06,4.79226682e-10,4.70564917e-04,1.06082564e-04,8.35610321e-11,9.69168367e-03,4.14192671e-02,8.62728464e+02,3.13014300e-03,1.20536591e-02,1.01853958e+02,1.76008097e+02,9.68004491e-07,4.94547672e-03,7.69429825e-01,1.28342045e-03,9.30540028e+01,6.00000000e-01,2.00000000e-01,4.15569195e+00,1.65803624e-03,1.00000000e+00,5.17416434e-04
1.76041084e-05,1.99994132e-01,1.49986797e+04,7.72708117e+16,1.96615577e-02,8.35922528e-06,4.01331628e-10,6.77399842e-04,4.73136337e-03,7.22470730e-13,4.73626367e-10,9.77786536e-07,1.91387658e-10,4.70554354e-04,1.05990612e-04,8.90364474e-11,9.69187270e-03,4.14201325e-02,8.62728464e+02,3.13020309e-03,1.20540117e-02,1.01853958e+02,1.76008097e+02,9.68027598e-07,4.94558721e-03,7.69446063e-01,1.28344847e-03,9.30540028e+01,6.00000000e-01,2.00000000e-01,4.15557972e+00,1.76676882e-03,1.00000000e+00,2.06660630e-04
1.87578456e-05,1.99993747e-01,1.49985932e+04,7.72578245e+16,1.96588088e-02,8.90641113e-06,4.27611883e-10,6.77136363e-04,4.73083802e-03,8.20257934e-13,5.04638869e-10,3.67228888e-07,7.18798928e-11,4.70543098e-04,1.05892723e-04,9.48705745e-11,9.69207412e-03,4.14210547e-02,8.62728464e+02,3.13026711e-03,1.20543875e-02,1.01853958e+02,1.76008097e+02,9.68052220e-07,4.94570494e-03,7.69463366e-01,1.28347833e-03,9.30540028e+01,6.00000000e-01,2.00000000e-01,4.15546013e+00,1.88262864e-03,1.00000000e+00,7.76244899e-05
1.99871964e-05,1.99993338e-01,1.49985010e+04,7.72462628e+16,1.96558802e-02,9.48933059e-06,4.55609641e-10,6.76855735e-04,4.73027829e-03,9.31273963e-13,5.37680079e-10,1.29360513e-07,2.53205459e-11,4.70531105e-04,1.05788521e-04,1.01086904e-10,9.69228875e-03,4.14220374e-02,8.62728464e+02,3.13033533e-03,1.20547879e-02,1.01853958e+02,1.76008097e+02,9.68078457e-07,4.94583039e-03,7.69481803e-01,1.28351015e-03,9.30540028e+01,6.00000000e-01,2.00000000e-01,4.15533273e+00,2.00608294e-03,1.00000000e+00,2.73473366e-05
2.12971163e-05,1.99992901e-01,1.49984028e+04,7.72348692e+16,1.96527602e-02,1.01103083e-05,4.85436810e-10,6.76556850e-04,4.72968193e-03,1.05730729e-12,5.72882443e-10,4.27527282e-08,8.36827558e-12,4.70518326e-04,1.05677605e-04,1.07710465e-10,9.69251744e-03,4.14230844e-02,8.62728464e+02,3.13040803e-03,1.20552146e-02,1.01853958e+02,1.76008097e+02,9.68106413e-07,4.94596407e-03,7.69501450e-01,1.28354405e-03,9.30540028e+01,6.00000000e-01,2.00000000e-01,4.15519700e+00,2.13762964e-03,1.00000000e+00,9.03923960e-06
2.26928856e-05,1.99992436e-01,1.49982981e+04,7.72230858e+16,1.96494363e-02,1.07718188e-05,5.17212540e-10,6.76238528e-04,4.72904655e-03,1.20038798e-12,6.10387016e-10,1.34172944e-08,2.62626136e-12,4.70504710e-04,1.05559551e-04,1.14767921e-10,9.69276113e-03,4.14242002e-02,8.62728464e+02,3.13048549e-03,1.20556692e-02,1.01853958e+02,1.76008097e+02,9.68136203e-07,4.94610652e-03,7.69522384e-01,1.28358018e-03,9.30540028e+01,6.00000000e-01,2.00000000e-01,4.15505242e+00,2.27779928e-03,1.00000000e+00,2.83720920e-06
2.41801308e-05,1.99991940e-01,1.49981866e+04,7.72106643e+16,1.96458953e-02,1.14764965e-05,5.51063691e-10,6.75899517e-04,4.72836960e-03,1.36282028e-12,6.50344020e-10,4.22917938e-09,8.27808754e-13,4.70490201e-04,1.05433909e-04,1.22287683e-10,9.69302080e-03,4.14253891e-02,8.62728464e+02,3.13056803e-03,1.20561537e-02,1.01853958e+02,1.76008097e+02,9.68167947e-07,4.94625830e-03,7.69544691e-01,1.28361868e-03,9.30540028e+01,6.00000000e-01,2.00000000e-01,4.15489840e+00,2.42715723e-03,1.00000000e+00,8.94426566e-07
2.57648471e-05,1.99991412e-01,1.49980678e+04,7.71974831e+16,1.96421230e-02,1.22271450e-05,5.87125324e-10,6.75538485e-04,4.72764836e-03,1.54721959e-12,6.92913433e-10,1.59769433e-09,3.12729300e-13,4.70474742e-04,1.05300201e-04,1.30300018e-10,9.69329750e-03,4.14266559e-02,8.62728464e+02,3.13065598e-03,1.20566699e-02,1.01853958e+02,1.76008097e+02,9.68201772e-07,4.94642004e-03,7.69568461e-01,1.28365970e-03,9.30540028e+01,6.00000000e-01,2.00000000e-01,4.15473434e+00,2.58630593e-03,1.00000000e+00,3.37946946e-07
2.74534223e-05,1.99990849e-01,1.49979411e+04,7.71834668e+16,1.96381043e-02,1.30267486e-05,6.25541220e-10,6.75154014e-04,4.72687995e-03,1.75655443e-12,7.38265616e-10,9.31936252e-10,1.82415661e-13,4.70458270e-04,1.05157921e-04,1.38837176e-10,9.69359233e-03,4.14280058e-02,8.62728464e+02,3.13074969e-03,1.20572200e-02,1.01853958e+02,1.76008097e+02,9.68237815e-07,4.94659238e-03,7.69593789e-01,1.28370341e-03,9.30540028e+01,6.00000000e-01,2.00000000e-01,4.15455958e+00,2.75588734e-03,1.00000000e+00,1.97156742e-07
2.92526634e-05,1.99990249e-01,1.49978062e+04,7.71685542e+16,1.96338234e-02,1.38784831e-05,6.66464439e-10,6.74744599e-04,4.72606127e-03,1.99419407e-12,7.86581979e-10,8.07636161e-10,1.58085769e-13,4.70440718e-04,1.05006533e-04,1.47933510e-10,9.69390650e-03,4.14294443e-02,8.62728464e+02,3.13084956e-03,1.20578062e-02,1.01853958e+02,1.76008097e+02,9.68276221e-07,4.94677602e-03,7.69620778e-01,1.28374998e-03,9.30540028e+01,6.00000000e-01,2.00000000e-01,4.15437342e+00,2.93658552e-03,1.00000000e+00,1.70889905e-07
3.11698230e-05,1.99989610e-01,1.49976624e+04,7.71526867e+16,1.96292630e-02,1.47857282e-05,7.10057904e-10,6.74308638e-04,4.72518906e-03,2.26396249e-12,8.38055693e-10,8.21078215e-10,1.60717336e-13,4.70422016e-04,1.04845469e-04,1.57625626e-10,9.69424127e-03,4.14309770e-02,8.62728464e+02,3.13095597e-03,1.20584308e-02,1.01853958e+02,1.76008097e+02,9.68317147e-07,4.94697171e-03,7.69649537e-01,1.28379961e-03,9.30540028e+01,6.00000000e-01,2.00000000e-01,4.15417514e+00,3.12912944e-03,1.00000000e+00,1.73766214e-07
3.32126293e-05,1.99988929e-01,1.49975093e+04,7.71358039e+16,1.96244050e-02,1.57520800e-05,7.56495027e-10,6.73844430e-04,4.72425982e-03,2.57019968e-12,8.92892440e-10,8.68352952e-10,1.69971354e-13,4.70402089e-04,1.04674128e-04,1.67952517e-10,9.69459800e-03,4.14326103e-02,8.62728464e+02,3.13106936e-03,1.20590964e-02,1.01853958e+02,1.76008097e+02,9.68360756e-07,4.94718023e-03,7.69680182e-01,1.28385250e-03,9.30540028e+01,6.00000000e-01,2.00000000e-01,4.15396395e+00,3.33429587e-03,1.00000000e+00,1.83807196e-07
3.53893170e-05,1.99988204e-01,1.49973460e+04,7.71178419e+16,1.96192301e-02,1.67813647e-05,8.05960369e-10,6.73350169e-04,4.72326983e-03,2.91783117e-12,9.51311213e-10,9.25420308e-10,1.81142271e-13,4.70380856e-04,1.04491873e-04,1.78955728e-10,9.69497811e-03,4.14343507e-02,8.62728464e+02,3.13119018e-03,1.20598057e-02,1.01853958e+02,1.76008097e+02,9.68407226e-07,4.94740243e-03,7.69712837e-01,1.28390885e-03,9.30540028e+01,6.00000000e-01,2.00000000e-01,4.15373900e+00,3.55291256e-03,1.00000000e+00,1.95927893e-07
3.77086603e-05,1.99987431e-01,1.49971721e+04,7.70987335e+16,1.96137178e-02,1.78776529e-05,8.58650345e-10,6.72823933e-04,4.72221513e-03,3.31244680e-12,1.01354517e-09,9.87434948e-10,1.93281684e-13,4.70358232e-04,1.04298032e-04,1.90679519e-10,9.69538316e-03,4.14362052e-02,8.62728464e+02,3.13131893e-03,1.20605615e-02,1.01853958e+02,1.76008097e+02,9.68456744e-07,4.94763920e-03,7.69747634e-01,1.28396890e-03,9.30540028e+01,6.00000000e-01,2.00000000e-01,4.15349942e+00,3.78586158e-03,1.00000000e+00,2.09104185e-07
4.01800086e-05,1.99986607e-01,1.49969868e+04,7.70784073e+16,1.96078462e-02,1.90452745e-05,9.14773966e-10,6.72263684e-04,4.72109151e-03,3.76039019e-12,1.07984252e-09,1.05369602e-09,2.06252424e-13,4.70334126e-04,1.04091892e-04,2.03171041e-10,9.69581477e-03,4.14381814e-02,8.62728464e+02,3.13145612e-03,1.20613669e-02,1.01853958e+02,1.76008097e+02,9.68509509e-07,4.94789150e-03,7.69784712e-01,1.28403289e-03,9.30540028e+01,6.00000000e-01,2.00000000e-01,4.15324425e+00,4.03408289e-03,1.00000000e+00,2.23189070e-07
4.28133240e-05,1.99985729e-01,1.49967893e+04,7.70567877e+16,1.96015919e-02,2.02888351e-05,9.74553628e-10,6.71667257e-04,4.71989446e-03,4.26886018e-12,1.15046751e-09,1.12431051e-09,2.20075454e-13,4.70308440e-04,1.03872701e-04,2.16480525e-10,9.69627468e-03,4.14402872e-02,8.62728464e+02,3.13160232e-03,1.20622251e-02,1.01853958e+02,1.76008097e+02,9.68565736e-07,4.94816035e-03,7.69824223e-01,1.28410108e-03,9.30540028e+01,6.00000000e-01,2.00000000e-01,4.15297249e+00,4.29857814e-03,1.00000000e+00,2.38206705e-07
4.56192215e-05,1.99984794e-01,1.49965789e+04,7.70337947e+16,1.95949301e-02,2.16132329e-05,1.03822595e-09,6.71032352e-04,4.71861921e-03,4.84602579e-12,1.22570143e-09,1.19953673e-09,2.34801361e-13,4.70281072e-04,1.03639665e-04,2.30661482e-10,9.69676477e-03,4.14425311e-02,8.62728464e+02,3.13175810e-03,1.20631397e-02,1.01853958e+02,1.76008097e+02,9.68625652e-07,4.94844683e-03,7.69866326e-01,1.28417374e-03,9.30540028e+01,6.00000000e-01,2.00000000e-01,4.15268307e+00,4.58041472e-03,1.00000000e+00,2.54213506e-07
4.86090118e-05,1.99983798e-01,1.49963548e+04,7.70093435e+16,1.95878346e-02,2.30236762e-05,1.10604264e-09,6.70356531e-04,4.71726068e-03,5.50115670e-12,1.30584366e-09,1.27967114e-09,2.50488198e-13,4.70251911e-04,1.03391946e-04,2.45770919e-10,9.69728700e-03,4.14449222e-02,8.62728464e+02,3.13192409e-03,1.20641143e-02,1.01853958e+02,1.76008097e+02,9.68689499e-07,4.94875211e-03,7.69911190e-01,1.28425116e-03,9.30540028e+01,6.00000000e-01,2.00000000e-01,4.15237486e+00,4.88073011e-03,1.00000000e+00,2.71274206e-07
5.17947468e-05,1.99982736e-01,1.49961159e+04,7.69833443e+16,1.95802773e-02,2.45257028e-05,1.17827147e-09,6.69637203e-04,4.71581343e-03,6.24477117e-12,1.39121287e-09,1.36503205e-09,2.67198302e-13,4.70220839e-04,1.03128659e-04,2.61869563e-10,9.69784348e-03,4.14474702e-02,8.62728464e+02,3.13210098e-03,1.20651528e-02,1.01853958e+02,1.76008097e+02,9.68757534e-07,4.94907742e-03,7.69958998e-01,1.28433367e-03,9.30540028e+01,6.00000000e-01,2.00000000e-01,4.15204664e+00,5.20073646e-03,1.00000000e+00,2.89458450e-07
5.51892683e-05,1.99981604e-01,1.49958614e+04,7.69557023e+16,1.95722283e-02,2.61251999e-05,1.25519723e-09,6.68871625e-04,4.71427170e-03,7.08880367e-12,1.48214819e-09,1.45595851e-09,2.84998076e-13,4.70187732e-04,1.02848874e-04,2.79022104e-10,9.69843647e-03,4.14501853e-02,8.62728464e+02,3.13228947e-03,1.20662595e-02,1.01853958e+02,1.76008097e+02,9.68830034e-07,4.94942407e-03,7.70009942e-01,1.28442159e-03,9.30540028e+01,6.00000000e-01,2.00000000e-01,4.15169713e+00,5.54172554e-03,1.00000000e+00,3.08840602e-07
5.88062599e-05,1.99980399e-01,1.49955902e+04,7.69263169e+16,1.95636558e-02,2.78284247e-05,1.33712277e-09,6.68056882e-04,4.71262935e-03,8.04679508e-12,1.57901052e-09,1.55281140e-09,3.03958194e-13,4.70152456e-04,1.02551607e-04,2.97297455e-10,9.69906837e-03,4.14530786e-02,8.62728464e+02,3.13249033e-03,1.20674388e-02,1.01853958e+02,1.76008097e+02,9.68907291e-07,4.94979346e-03,7.70064229e-01,1.28451528e-03,9.30540028e+01,6.00000000e-01,2.00000000e-01,4.15132496e+00,5.90507393e-03,1.00000000e+00,3.29500006e-07
6.26603016e-05,1.99979114e-01,1.49953012e+04,7.68950818e+16,1.95545262e-02,2.96420272e-05,1.42437015e-09,6.67189890e-04,4.71087984e-03,9.13410816e-12,1.68218389e-09,1.65597469e-09,3.24153866e-13,4.70114869e-04,1.02235826e-04,3.16769020e-10,9.69974172e-03,4.14561617e-02,8.62728464e+02,3.13270436e-03,1.20686956e-02,1.01853958e+02,1.76008097e+02,9.68989619e-07,4.95018710e-03,7.70122078e-01,1.28461511e-03,9.30540028e+01,6.00000000e-01,2.00000000e-01,4.15092868e+00,6.29224864e-03,1.00000000e+00,3.51521318e-07
6.67669294e-05,1.99977746e-01,1.49949933e+04,7.68618847e+16,1.95448036e-02,3.15730734e-05,1.51728177e-09,6.66267377e-04,4.70901621e-03,1.03681719e-11,1.79207690e-09,1.76585695e-09,3.45665111e-13,4.70074821e-04,1.01900446e-04,3.37514994e-10,9.70045926e-03,4.14594472e-02,8.62728464e+02,3.13293244e-03,1.20700349e-02,1.01853958e+02,1.76008097e+02,9.69077349e-07,4.95060657e-03,7.70183722e-01,1.28472150e-03,9.30540028e+01,6.00000000e-01,2.00000000e-01,4.15050675e+00,6.70481307e-03,1.00000000e+00,3.74994875e-07
7.11426971e-05,1.99976287e-01,1.49946652e+04,7.68266067e+16,1.95344497e-02,3.36290696e-05,1.61622159e-09,6.65285878e-04,4.70703106e-03,1.17687583e-11,1.90912425e-09,1.88289282e-09,3.68577070e-13,4.70032150e-04,1.01544327e-04,3.59618664e-10,9.70122387e-03,4.14629482e-02,8.62728464e+02,3.13317548e-03,1.20714621e-02,1.01853958e+02,1.76008097e+02,9.69170838e-07,4.95105357e-03,7.70249413e-01,1.28483487e-03,9.30540028e+01,6.00000000e-01,2.00000000e-01,4.15005753e+00,7.14443334e-03,1.00000000e+00,4.00017081e-07
7.58052437e-05,1.99974733e-01,1.49943157e+04,7.67891221e+16,1.95234241e-02,3.58179887e-05,1.72157649e-09,6.64241724e-04,4.70491651e-03,1.33582964e-11,2.03378837e-09,2.00754470e-09,3.92980315e-13,4.69986684e-04,1.01166271e-04,3.83168748e-10,9.70203867e-03,4.14666790e-02,8.62728464e+02,3.13343447e-03,1.20729831e-02,1.01853958e+02,1.76008097e+02,9.69270464e-07,4.95152990e-03,7.70319415e-01,1.28495569e-03,9.30540028e+01,6.00000000e-01,2.00000000e-01,4.14957929e+00,7.61288508e-03,1.00000000e+00,4.26690823e-07
8.07733640e-05,1.99973077e-01,1.49939432e+04,7.67492981e+16,1.95116836e-02,3.81482968e-05,1.83375756e-09,6.63131031e-04,4.70266416e-03,1.51622274e-11,2.16656111e-09,2.14030437e-09,4.18971188e-13,4.69938241e-04,1.00765025e-04,4.08259742e-10,9.70290694e-03,4.14706547e-02,8.62728464e+02,3.13371046e-03,1.20746040e-02,1.01853958e+02,1.76008097e+02,9.69376631e-07,4.95203751e-03,7.70394012e-01,1.28508443e-03,9.30540028e+01,6.00000000e-01,2.00000000e-01,4.14907016e+00,8.11206062e-03,1.00000000e+00,4.55125924e-07
8.60670847e-05,1.99971313e-01,1.49935464e+04,7.67069944e+16,1.94991823e-02,4.06289824e-05,1.95320162e-09,6.61949692e-04,4.70026511e-03,1.72094080e-11,2.30796559e-09,2.28169490e-09,4.46652160e-13,4.69886626e-04,1.00339276e-04,4.34992292e-10,9.70383220e-03,4.14748914e-02,8.62728464e+02,3.13400457e-03,1.20763313e-02,1.01853958e+02,1.76008097e+02,9.69489768e-07,4.95257844e-03,7.70473506e-01,1.28522163e-03,9.30540028e+01,6.00000000e-01,2.00000000e-01,4.14852820e+00,8.64397675e-03,1.00000000e+00,4.85439618e-07
9.17077451e-05,1.99969433e-01,1.49931235e+04,7.66620627e+16,1.94858718e-02,4.32695855e-05,2.08037267e-09,6.60693361e-04,4.69770986e-03,1.95325661e-11,2.45855806e-09,2.43227249e-09,4.76132202e-13,4.69831632e-04,9.98876518e-05,4.63473596e-10,9.70481819e-03,4.14794063e-02,8.62728464e+02,3.13431798e-03,1.20781721e-02,1.01853958e+02,1.76008097e+02,9.69610335e-07,4.95315489e-03,7.70558219e-01,1.28536784e-03,9.30540028e+01,6.00000000e-01,2.00000000e-01,4.14795131e+00,9.21078288e-03,1.00000000e+00,5.17757070e-07
9.77180827e-05,1.99967430e-01,1.49926729e+04,7.66143462e+16,1.94717001e-02,4.60802295e-05,2.21576353e-09,6.59357447e-04,4.69498831e-03,2.21688182e-11,2.61893001e-09,2.59262854e-09,5.07527187e-13,4.69773037e-04,9.94087209e-05,4.93817827e-10,9.70586892e-03,4.14842175e-02,8.62728464e+02,3.13465197e-03,1.20801339e-02,1.01853958e+02,1.76008097e+02,9.69738820e-07,4.95376920e-03,7.70648494e-01,1.28552364e-03,9.30540028e+01,6.00000000e-01,2.00000000e-01,4.14733729e+00,9.81476982e-03,1.00000000e+00,5.52211928e-07
1.04122326e-04,1.99965296e-01,1.49921929e+04,7.65636795e+16,1.94566124e-02,4.90716533e-05,2.35989749e-09,6.57937101e-04,4.69208972e-03,2.51602544e-11,2.78971019e-09,2.76339176e-09,5.40960307e-13,4.69710606e-04,9.89009905e-05,5.26146577e-10,9.70698863e-03,4.14893447e-02,8.62728464e+02,3.13500788e-03,1.20822247e-02,1.01853958e+02,1.76008097e+02,9.69875744e-07,4.95442384e-03,7.70744697e-01,1.28568968e-03,9.30540028e+01,6.00000000e-01,2.00000000e-01,4.14668380e+00,1.04583791e-02,1.00000000e+00,5.88946915e-07
1.10946289e-04,1.99963021e-01,1.49916813e+04,7.65098877e+16,1.94405504e-02,5.22552452e-05,2.51333008e-09,6.56427203e-04,4.68900267e-03,2.85546011e-11,2.97156697e-09,2.94523043e-09,5.76562517e-13,4.69644089e-04,9.83629077e-05,5.60589344e-10,9.70818187e-03,4.14948087e-02,8.62728464e+02,3.13538717e-03,1.20844528e-02,1.01853958e+02,1.76008097e+02,9.70021663e-07,4.95512149e-03,7.70847219e-01,1.28586663e-03,9.30540028e+01,6.00000000e-01,2.00000000e-01,4.14598834e+00,1.11442131e-02,1.00000000e+00,6.28114470e-07
1.18217482e-04,1.99960598e-01,1.49911363e+04,7.64527861e+16,1.94234522e-02,5.56430790e-05,2.67665090e-09,6.54822353e-04,4.68571502e-03,3.24059710e-11,3.16521064e-09,3.13885476e-09,6.14473003e-13,4.69573220e-04,9.77928602e-05,5.97284033e-10,9.70945346e-03,4.15006315e-02,8.62728464e+02,3.13579136e-03,1.20868275e-02,1.01853958e+02,1.76008097e+02,9.70177170e-07,4.95586497e-03,7.70956475e-01,1.28605520e-03,9.30540028e+01,6.00000000e-01,2.00000000e-01,4.14524829e+00,1.18750455e-02,1.00000000e+00,6.69877435e-07
1.25965213e-04,1.99958016e-01,1.49905556e+04,7.63921794e+16,1.94052520e-02,5.92479500e-05,2.85048552e-09,6.53116856e-04,4.68221386e-03,3.67757126e-11,3.37139597e-09,3.34501942e-09,6.54839672e-13,4.69497712e-04,9.71891769e-05,6.36377503e-10,9.71080858e-03,4.15068369e-02,8.62728464e+02,3.13622210e-03,1.20893584e-02,1.01853958e+02,1.76008097e+02,9.70342896e-07,4.95665729e-03,7.71072909e-01,1.28625617e-03,9.30540028e+01,6.00000000e-01,2.00000000e-01,4.14446085e+00,1.26538325e-02,1.00000000e+00,7.14409790e-07
1.34220715e-04,1.99955265e-01,1.49899368e+04,7.63278614e+16,1.93858802e-02,6.30834136e-05,3.03549754e-09,6.51304716e-04,4.67848546e-03,4.17333707e-11,3.59092477e-09,3.56452616e-09,6.97819671e-13,4.69417265e-04,9.65501301e-05,6.78026138e-10,9.71225272e-03,4.15134499e-02,8.62728464e+02,3.13668114e-03,1.20920557e-02,1.01853958e+02,1.76008097e+02,9.70519515e-07,4.95750169e-03,7.71196993e-01,1.28647034e-03,9.30540028e+01,6.00000000e-01,2.00000000e-01,4.14362306e+00,1.34837255e-02,1.00000000e+00,7.61897453e-07
1.43017266e-04,1.99952333e-01,1.49892775e+04,7.62596144e+16,1.93652628e-02,6.71638245e-05,3.23239064e-09,6.49379621e-04,4.67451523e-03,4.73577734e-11,3.82464872e-09,3.79822655e-09,7.43579934e-13,4.69331555e-04,9.58739380e-05,7.22396459e-10,9.71379174e-03,4.15204976e-02,8.62728464e+02,3.13717034e-03,1.20949305e-02,1.01853958e+02,1.76008097e+02,9.70707744e-07,4.95840158e-03,7.71329232e-01,1.28669859e-03,9.30540028e+01,6.00000000e-01,2.00000000e-01,4.14273178e+00,1.43680833e-02,1.00000000e+00,8.12539131e-07
1.52390324e-04,1.99949210e-01,1.49885751e+04,7.61872079e+16,1.93433214e-02,7.15043775e-05,3.44191077e-09,6.47334932e-04,4.67028768e-03,5.37382616e-11,4.07347226e-09,4.04702491e-09,7.92297751e-13,4.69240239e-04,9.51587677e-05,7.69665775e-10,9.71543189e-03,4.15280084e-02,8.62728464e+02,3.13769168e-03,1.20979944e-02,1.01853958e+02,1.76008097e+02,9.70908349e-07,4.95936063e-03,7.71470163e-01,1.28694184e-03,9.30540028e+01,6.00000000e-01,2.00000000e-01,4.14178369e+00,1.53104867e-02,1.00000000e+00,8.66547241e-07
1.62377674e-04,1.99945881e-01,1.49878266e+04,7.61103988e+16,1.93199727e-02,7.61211492e-05,3.66484842e-09,6.45163676e-04,4.66578633e-03,6.09760792e-11,4.33835562e-09,4.31188136e-09,8.44161369e-13,4.69142952e-04,9.44027400e-05,8.20022870e-10,9.71717983e-03,4.15360130e-02,8.62728464e+02,3.13824728e-03,1.21012601e-02,1.01853958e+02,1.76008097e+02,9.71122148e-07,4.96038273e-03,7.71620359e-01,1.28720109e-03,9.30540028e+01,6.00000000e-01,2.00000000e-01,4.14077529e+00,1.63147525e-02,1.00000000e+00,9.24148912e-07
1.73019574e-04,1.99942335e-01,1.49870291e+04,7.60289296e+16,1.92951288e-02,8.10311408e-05,3.90204094e-09,6.42858533e-04,4.66099368e-03,6.91859451e-11,4.62031801e-09,4.59381500e-09,8.99370627e-13,4.69039306e-04,9.36039340e-05,8.73668738e-10,9.71904267e-03,4.15445440e-02,8.62728464e+02,3.13883941e-03,1.21047408e-02,1.01853958e+02,1.76008097e+02,9.71350010e-07,4.96147206e-03,7.71780430e-01,1.28747740e-03,9.30540028e+01,6.00000000e-01,2.00000000e-01,4.13970285e+00,1.73849497e-02,1.00000000e+00,9.85587047e-07
1.84358922e-04,1.99938556e-01,1.49861795e+04,7.59425283e+16,1.92686963e-02,8.62523217e-05,4.15437501e-09,6.40411830e-04,4.65589116e-03,7.84978289e-11,4.92044100e-09,4.89390725e-09,9.58137610e-13,4.68928884e-04,9.27603945e-05,9.30817360e-10,9.72102800e-03,4.15536359e-02,8.62728464e+02,3.13947047e-03,1.21084508e-02,1.01853958e+02,1.76008097e+02,9.71592865e-07,4.96263305e-03,7.71951030e-01,1.28777188e-03,9.30540028e+01,6.00000000e-01,2.00000000e-01,4.13856244e+00,1.85254162e-02,1.00000000e+00,1.05112149e-06
1.96441428e-04,1.99934530e-01,1.49852741e+04,7.58509073e+16,1.92405763e-02,9.18036743e-05,4.42278909e-09,6.37815532e-04,4.65045905e-03,8.90589577e-11,5.23987196e-09,5.21330535e-09,1.02068734e-12,4.68811248e-04,9.18701393e-05,9.91696531e-10,9.72314387e-03,4.15633260e-02,8.62728464e+02,3.14014302e-03,1.21124052e-02,1.01853958e+02,1.76008097e+02,9.71851703e-07,4.96387042e-03,7.72132853e-01,1.28808574e-03,9.30540028e+01,6.00000000e-01,2.00000000e-01,4.13734991e+00,1.97407768e-02,1.00000000e+00,1.12103027e-06
2.09315797e-04,1.99930240e-01,1.49843095e+04,7.57537620e+16,1.92106643e-02,9.77052383e-05,4.70827601e-09,6.35061238e-04,4.64467641e-03,1.01036083e-10,5.57982773e-09,5.55322600e-09,1.08725849e-12,4.68685927e-04,9.09311686e-05,1.05654873e-09,9.72539893e-03,4.15736536e-02,8.62728464e+02,3.14085982e-03,1.21166203e-02,1.01853958e+02,1.76008097e+02,9.72127580e-07,4.96518922e-03,7.72326639e-01,1.28842025e-03,9.30540028e+01,6.00000000e-01,2.00000000e-01,4.13606087e+00,2.10359624e-02,1.00000000e+00,1.19561096e-06
2.23033925e-04,1.99925669e-01,1.49832818e+04,7.56507704e+16,1.91788496e-02,1.03978156e-04,5.01188559e-09,6.32140171e-04,4.63852101e-03,1.14618040e-10,5.94159842e-09,5.91495914e-09,1.15810416e-12,4.68552421e-04,8.99414759e-05,1.12563208e-09,9.72780234e-03,4.15846609e-02,8.62728464e+02,3.14162377e-03,1.21211133e-02,1.01853958e+02,1.76008097e+02,9.72421625e-07,4.96659485e-03,7.72533180e-01,1.28877680e-03,9.30540028e+01,6.00000000e-01,2.00000000e-01,4.13469069e+00,2.24162305e-02,1.00000000e+00,1.27518214e-06
2.37651111e-04,1.99920799e-01,1.49821868e+04,7.55415916e+16,1.91450152e-02,1.10644717e-04,5.33472733e-09,6.29043185e-04,4.63196930e-03,1.30018633e-10,6.32655132e-09,6.29987186e-09,1.23349262e-12,4.68410200e-04,8.88990611e-05,1.19922127e-09,9.73036392e-03,4.15963928e-02,8.62728464e+02,3.14243800e-03,1.21259027e-02,1.01853958e+02,1.76008097e+02,9.72735038e-07,4.96809304e-03,7.72753319e-01,1.28915682e-03,9.30540028e+01,6.00000000e-01,2.00000000e-01,4.13323447e+00,2.38871871e-02,1.00000000e+00,1.36008498e-06
2.53226278e-04,1.99915609e-01,1.49810200e+04,7.54258648e+16,1.91090373e-02,1.17728404e-04,5.67797315e-09,6.25760755e-04,4.62499628e-03,1.47479899e-10,6.73613499e-09,6.70941257e-09,1.31370814e-12,4.68258697e-04,8.78019445e-05,1.27760869e-09,9.73309412e-03,4.16088973e-02,8.62728464e+02,3.14330582e-03,1.21310082e-02,1.01853958e+02,1.76008097e+02,9.73069104e-07,4.96968991e-03,7.72987956e-01,1.28956188e-03,9.30540028e+01,6.00000000e-01,2.00000000e-01,4.13168706e+00,2.54548105e-02,1.00000000e+00,1.45068497e-06
2.69822209e-04,1.99910079e-01,1.49797770e+04,7.53032080e+16,1.90707853e-02,1.25253932e-04,6.04286009e-09,6.22282987e-04,4.61757546e-03,1.67275776e-10,7.17188350e-09,7.14511512e-09,1.39905182e-12,4.68097311e-04,8.66481841e-05,1.36110546e-09,9.73600409e-03,4.16222254e-02,8.62728464e+02,3.14423079e-03,1.21364507e-02,1.01853958e+02,1.76008097e+02,9.73425190e-07,4.97139200e-03,7.73238049e-01,1.28999364e-03,9.30540028e+01,6.00000000e-01,2.00000000e-01,4.13004303e+00,2.71254760e-02,1.00000000e+00,1.54737377e-06
2.87505804e-04,1.99904188e-01,1.49784526e+04,7.51732168e+16,1.90301213e-02,1.33247297e-04,6.43069311e-09,6.18599619e-04,4.60967876e-03,1.89716248e-10,7.63542079e-09,7.60860324e-09,1.48984248e-12,4.67925401e-04,8.54358943e-05,1.45004267e-09,9.73910572e-03,4.16364318e-02,8.62728464e+02,3.14521667e-03,1.21422527e-02,1.01853958e+02,1.76008097e+02,9.73804757e-07,4.97320629e-03,7.73504624e-01,1.29045386e-03,9.30540028e+01,6.00000000e-01,2.00000000e-01,4.12829664e+00,2.89059832e-02,1.00000000e+00,1.65057125e-06
3.06348345e-04,1.99897910e-01,1.49770415e+04,7.50354633e+16,1.89868998e-02,1.41735808e-04,6.84284783e-09,6.14700034e-04,4.60127646e-03,2.15152008e-10,8.12846512e-09,8.10159494e-09,1.58641753e-12,4.67742285e-04,8.41632672e-05,1.54477257e-09,9.74241171e-03,4.16515747e-02,8.62728464e+02,3.14626752e-03,1.21484382e-02,1.01853958e+02,1.76008097e+02,9.74209363e-07,4.97514022e-03,7.73788772e-01,1.29094443e-03,9.30540028e+01,6.00000000e-01,2.00000000e-01,4.12644187e+00,3.08035845e-02,1.00000000e+00,1.76072770e-06
3.26425788e-04,1.99891221e-01,1.49755380e+04,7.48894944e+16,1.89409674e-02,1.50748131e-04,7.28077324e-09,6.10573274e-04,4.59233707e-03,2.43979717e-10,8.65283369e-09,8.62590718e-09,1.68913386e-12,4.67547239e-04,8.28285966e-05,1.64566995e-09,9.74593559e-03,4.16677160e-02,8.62728464e+02,3.14738762e-03,1.21550327e-02,1.01853958e+02,1.76008097e+02,9.74640671e-07,4.97720172e-03,7.74091658e-01,1.29146738e-03,9.30540028e+01,6.00000000e-01,2.00000000e-01,4.12447238e+00,3.28260162e-02,1.00000000e+00,1.87832623e-06
3.47819065e-04,1.99884094e-01,1.49739362e+04,7.47348310e+16,1.88921624e-02,1.60314317e-04,7.74599437e-09,6.06208055e-04,4.58282729e-03,2.76647908e-10,9.21044730e-09,9.18346050e-09,1.79836885e-12,4.67339492e-04,8.14303045e-05,1.75313348e-09,9.74969181e-03,4.16849222e-02,8.62728464e+02,3.14858157e-03,1.21620634e-02,1.01853958e+02,1.76008097e+02,9.75100457e-07,4.97939927e-03,7.74414528e-01,1.29202484e-03,9.30540028e+01,6.00000000e-01,2.00000000e-01,4.12238150e+00,3.49815315e-02,1.00000000e+00,2.00388536e-06
3.70614414e-04,1.99876500e-01,1.49722297e+04,7.45709665e+16,1.88403148e-02,1.70465833e-04,8.24011484e-09,6.01592795e-04,4.57271187e-03,3.13663643e-10,9.80333514e-09,9.77628379e-09,1.91452124e-12,4.67118224e-04,7.99669700e-05,1.86758723e-09,9.75369580e-03,4.17032639e-02,8.62728464e+02,3.14985428e-03,1.21695596e-02,1.01853958e+02,1.76008097e+02,9.75590615e-07,4.98174192e-03,7.74758708e-01,1.29261912e-03,9.30540028e+01,6.00000000e-01,2.00000000e-01,4.12016225e+00,3.72789360e-02,1.00000000e+00,2.13796190e-06
3.94903723e-04,1.99868409e-01,1.49704114e+04,7.43973656e+16,1.87852457e-02,1.81235585e-04,8.76481930e-09,5.96715646e-04,4.56195360e-03,3.55599983e-10,1.04336396e-08,1.04065191e-08,2.03801217e-12,4.66882563e-04,7.84373615e-05,1.98948221e-09,9.75796399e-03,4.17228166e-02,8.62728464e+02,3.15121097e-03,1.21775524e-02,1.01853958e+02,1.76008097e+02,9.76113170e-07,4.98423931e-03,7.75125615e-01,1.29325267e-03,9.30540028e+01,6.00000000e-01,1.99999999e-01,4.11780726e+00,3.97276258e-02,1.00000000e+00,2.28115409e-06
4.20784904e-04,1.99859788e-01,1.49684743e+04,7.42134633e+16,1.87267670e-02,1.92657934e-04,9.32187567e-09,5.91564527e-04,4.55051313e-03,4.03104384e-10,1.11036210e-08,1.10764265e-08,2.16928609e-12,4.66631583e-04,7.68404714e-05,2.11929804e-09,9.76251396e-03,4.17436610e-02,8.62728464e+02,3.15265722e-03,1.21860751e-02,1.01853958e+02,1.76008097e+02,9.76670280e-07,4.98690176e-03,7.75516763e-01,1.29392810e-03,9.30540028e+01,6.00000000e-01,1.99999999e-01,4.11530885e+00,4.23376284e-02,1.00000000e+00,2.43410495e-06
4.48362284e-04,1.99850602e-01,1.49664105e+04,7.40186637e+16,1.86646814e-02,2.04768702e-04,9.91313721e-09,5.86127173e-04,4.53834895e-03,4.56908118e-10,1.18156627e-08,1.17883890e-08,2.30881178e-12,4.66364297e-04,7.51755531e-05,2.25754468e-09,9.76736444e-03,4.17658830e-02,8.62728464e+02,3.15419899e-03,1.21951632e-02,1.01853958e+02,1.76008097e+02,9.77264252e-07,4.98974027e-03,7.75933767e-01,1.29464821e-03,9.30540028e+01,6.00000000e-01,1.99999999e-01,4.11265895e+00,4.51196469e-02,1.00000000e+00,2.59750607e-06
4.77747029e-04,1.99840814e-01,1.49642117e+04,7.38123394e+16,1.85987822e-02,2.17605172e-04,1.05405442e-08,5.80391187e-04,4.52541727e-03,5.17836840e-10,1.25722755e-08,1.25449168e-08,2.45708330e-12,4.66079659e-04,7.34421611e-05,2.40476430e-09,9.77253545e-03,4.17895744e-02,8.62728464e+02,3.15584264e-03,1.22048547e-02,1.01853958e+02,1.76008097e+02,9.77897551e-07,4.99276660e-03,7.76378349e-01,1.29541598e-03,9.30540028e+01,6.00000000e-01,1.99999999e-01,4.10984911e+00,4.80851067e-02,1.00000000e+00,2.77210168e-06
5.09057590e-04,1.99830386e-01,1.49618692e+04,7.35938305e+16,1.85288525e-02,2.31206074e-04,1.12061256e-08,5.74344109e-04,4.51167195e-03,5.86822427e-10,1.33761026e-08,1.33486529e-08,2.61462096e-12,4.65776556e-04,7.16401928e-05,2.56153318e-09,9.77804835e-03,4.18148335e-02,8.62728464e+02,3.15759496e-03,1.22151902e-02,1.01853958e+02,1.76008097e+02,9.78572807e-07,4.99599329e-03,7.76852354e-01,1.29623460e-03,9.30540028e+01,6.00000000e-01,1.99999999e-01,4.10687052e+00,5.12462069e-02,1.00000000e+00,2.95869316e-06
5.42420181e-04,1.99819275e-01,1.49593736e+04,7.33624446e+16,1.84546658e-02,2.45611556e-04,1.19119995e-08,5.67973482e-04,4.49706438e-03,6.64916234e-10,1.42299239e-08,1.42023768e-08,2.78197222e-12,4.65453804e-04,6.97699330e-05,2.72846380e-09,9.78392596e-03,4.18417650e-02,8.62728464e+02,3.15946320e-03,1.22262131e-02,1.01853958e+02,1.76008097e+02,9.79292832e-07,4.99943375e-03,7.77357746e-01,1.29710747e-03,9.30540028e+01,6.00000000e-01,1.99999999e-01,4.10371394e+00,5.46159750e-02,1.00000000e+00,3.15814398e-06
5.77969288e-04,1.99807436e-01,1.49567149e+04,7.31174560e+16,1.83759854e-02,2.60863142e-04,1.26603742e-08,5.61266945e-04,4.48154348e-03,7.53303915e-10,1.51366605e-08,1.51090090e-08,2.95971259e-12,4.65110147e-04,6.78320992e-05,2.90620701e-09,9.79019264e-03,4.18704807e-02,8.62728464e+02,3.16145512e-03,1.22379699e-02,1.01853958e+02,1.76008097e+02,9.80060631e-07,5.00310231e-03,7.77896628e-01,1.29803824e-03,9.30540028e+01,6.00000000e-01,1.99999999e-01,4.10036977e+00,5.82083257e-02,1.00000000e+00,3.37138512e-06
6.15848211e-04,1.99794823e-01,1.49538824e+04,7.28581060e+16,1.82925644e-02,2.77003672e-04,1.34535478e-08,5.54212328e-04,4.46505553e-03,8.53321987e-10,1.60993786e-08,1.60716152e-08,3.14844650e-12,4.64744251e-04,6.58278882e-05,3.09545425e-09,9.79687442e-03,4.19011002e-02,8.62728464e+02,3.16357897e-03,1.22505101e-02,1.01853958e+02,1.76008097e+02,9.80879414e-07,5.00701427e-03,7.78471244e-01,1.29903078e-03,9.30540028e+01,6.00000000e-01,1.99999999e-01,4.09682798e+00,6.20381248e-02,1.00000000e+00,3.59942114e-06
6.56209641e-04,1.99781383e-01,1.49508649e+04,7.25836033e+16,1.82041458e-02,2.94077217e-04,1.42939075e-08,5.46797766e-04,4.44754418e-03,9.66476309e-10,1.71212932e-08,1.70934099e-08,3.34880801e-12,4.64354697e-04,6.37590224e-05,3.29693999e-09,9.80399910e-03,4.19337513e-02,8.62728464e+02,3.16584360e-03,1.22638870e-02,1.01853958e+02,1.76008097e+02,9.81752612e-07,5.01118599e-03,7.79083994e-01,1.30008926e-03,9.30540028e+01,6.00000000e-01,1.99999999e-01,4.09307813e+00,6.61212583e-02,1.00000000e+00,3.84333673e-06
6.99216276e-04,1.99767064e-01,1.49476503e+04,7.22931244e+16,1.81104624e-02,3.12128975e-04,1.51839280e-08,5.39011820e-04,4.42895035e-03,1.09446268e-09,1.82057708e-08,1.81777591e-08,3.56146157e-12,4.63939981e-04,6.16277965e-05,3.51144424e-09,9.81159639e-03,4.19685705e-02,8.62728464e+02,3.16825845e-03,1.22781574e-02,1.01853958e+02,1.76008097e+02,9.82683896e-07,5.01563496e-03,7.79737440e-01,1.30121812e-03,9.30540028e+01,5.99999999e-01,1.99999998e-01,4.08910937e+00,7.04747061e-02,1.00000000e+00,4.10430411e-06
7.45041477e-04,1.99751807e-01,1.49442258e+04,7.19858147e+16,1.80112370e-02,3.31205136e-04,1.61261688e-08,5.30843622e-04,4.40921224e-03,1.23918977e-09,1.93563329e-08,1.93281836e-08,3.78710253e-12,4.63498505e-04,5.94371204e-05,3.73979514e-09,9.81969803e-03,4.20057038e-02,8.62728464e+02,3.17083360e-03,1.22933821e-02,1.01853958e+02,1.76008097e+02,9.83677188e-07,5.02037986e-03,7.80434323e-01,1.30242211e-03,9.30540028e+01,5.99999999e-01,1.99999998e-01,4.08491041e+00,7.51166235e-02,1.00000000e+00,4.38359111e-06
7.93869969e-04,1.99735552e-01,1.49405778e+04,7.16607894e+16,1.79061828e-02,3.51352720e-04,1.71232707e-08,5.22283032e-04,4.38826524e-03,1.40280461e-09,2.05766568e-08,2.05483601e-08,4.02645763e-12,4.63028572e-04,5.71905614e-05,3.98287179e-09,9.82833796e-03,4.20453071e-02,8.62728464e+02,3.17357985e-03,1.23096263e-02,1.01853958e+02,1.76008097e+02,9.84736687e-07,5.02544069e-03,7.81177574e-01,1.30370630e-03,9.30540028e+01,5.99999999e-01,1.99999998e-01,4.08046956e+00,8.00664273e-02,1.00000000e+00,4.68257020e-06
8.45898580e-04,1.99718232e-01,1.49366916e+04,7.13171356e+16,1.77950033e-02,3.72619378e-04,1.81779510e-08,5.13320805e-04,4.36604196e-03,1.58772085e-09,2.18705772e-08,2.18421226e-08,4.28028526e-12,4.62528384e-04,5.48923794e-05,4.24160710e-09,9.83755245e-03,4.20875474e-02,8.62728464e+02,3.17650872e-03,1.23269598e-02,1.01853958e+02,1.76008097e+02,9.85866881e-07,5.03083883e-03,7.81970327e-01,1.30507614e-03,9.30540028e+01,5.99999999e-01,1.99999998e-01,4.07577469e+00,8.53448916e-02,1.00000000e+00,5.00272852e-06
9.01337039e-04,1.99699780e-01,1.49325518e+04,7.09539138e+16,1.76773935e-02,3.95053155e-04,1.92929971e-08,5.03948784e-04,4.34247225e-03,1.79665012e-09,2.32420863e-08,2.32134625e-08,4.54937561e-12,4.61996031e-04,5.25475579e-05,4.51699080e-09,9.84738030e-03,4.21326031e-02,8.62728464e+02,3.17963255e-03,1.23454573e-02,1.01853958e+02,1.76008097e+02,9.87072578e-07,5.03659716e-03,7.82815933e-01,1.30653743e-03,9.30540028e+01,5.99999999e-01,1.99999997e-01,4.07081323e+00,9.09742498e-02,1.00000000e+00,5.34567896e-06
9.60408821e-04,1.99680120e-01,1.49281420e+04,7.05701600e+16,1.75530397e-02,4.18702209e-04,2.04712588e-08,4.94160108e-04,4.31748320e-03,2.03263668e-09,2.46953318e-08,2.46665270e-08,4.83455051e-12,4.61429490e-04,5.01618257e-05,4.81007266e-09,9.85786300e-03,4.21806652e-02,8.62728464e+02,3.18296451e-03,1.23651990e-02,1.01853958e+02,1.76008097e+02,9.88358920e-07,5.04274015e-03,7.83717980e-01,1.30809640e-03,9.30540028e+01,5.99999999e-01,1.99999997e-01,4.06557220e+00,9.69783064e-02,1.00000000e+00,5.71317266e-06
1.02335205e-03,1.99659173e-01,1.49234446e+04,7.01648887e+16,1.74216208e-02,4.43614485e-04,2.17156385e-08,4.83949424e-04,4.29099927e-03,2.29909569e-09,2.62346154e-08,2.62056167e-08,5.13666307e-12,4.60826614e-04,4.77416687e-05,5.12196572e-09,9.86904493e-03,4.22319380e-02,8.62728464e+02,3.18651873e-03,1.23862709e-02,1.01853958e+02,1.76008097e+02,9.89731416e-07,5.04929402e-03,7.84680306e-01,1.30975972e-03,9.30540028e+01,5.99999999e-01,1.99999996e-01,4.06003817e+00,1.03382559e-01,1.00000000e+00,6.10711284e-06
1.09042044e-03,1.99636857e-01,1.49184410e+04,6.97370958e+16,1.72828093e-02,4.69837336e-04,2.30290796e-08,4.73313133e-04,4.26294234e-03,2.59985531e-09,2.78643877e-08,2.78351816e-08,5.45659702e-12,4.60185130e-04,4.52943307e-05,5.45384972e-09,9.88097359e-03,4.22866403e-02,8.62728464e+02,3.19031028e-03,1.24087650e-02,1.01853958e+02,1.76008097e+02,9.91195965e-07,5.05628683e-03,7.85707020e-01,1.31153451e-03,9.30540028e+01,5.99999999e-01,1.99999996e-01,4.05419730e+00,1.10214331e-01,1.00000000e+00,6.52957028e-06
1.16188436e-03,1.99613080e-01,1.49131113e+04,6.92857616e+16,1.71362720e-02,4.97417083e-04,2.44145527e-08,4.62249636e-04,4.23323188e-03,2.93920304e-09,2.95892428e-08,2.95598147e-08,5.79526572e-12,4.59502629e-04,4.28277983e-05,5.80697468e-09,9.89369983e-03,4.23450063e-02,8.62728464e+02,3.19435534e-03,1.24327803e-02,1.01853958e+02,1.76008097e+02,9.92758890e-07,5.06374863e-03,7.86802525e-01,1.31342843e-03,9.30540028e+01,5.99999998e-01,1.99999995e-01,4.04803529e+00,1.17502914e-01,1.00000000e+00,6.98280074e-06
1.23803188e-03,1.99587748e-01,1.49074344e+04,6.88098547e+16,1.69816719e-02,5.26398514e-04,2.58750392e-08,4.50759597e-04,4.20178515e-03,3.32193644e-09,3.14139099e-08,3.13842444e-08,6.15361070e-12,4.58776560e-04,4.03507711e-05,6.18266453e-09,9.90727807e-03,4.24072869e-02,8.62728464e+02,3.19867119e-03,1.24584229e-02,1.01853958e+02,1.76008097e+02,9.94426964e-07,5.07171163e-03,7.87971532e-01,1.31544967e-03,9.30540028e+01,5.99999998e-01,1.99999995e-01,4.04153741e+00,1.25279731e-01,1.00000000e+00,7.46926444e-06
1.31916996e-03,1.99560760e-01,1.49013878e+04,6.83083366e+16,1.68186694e-02,5.56824319e-04,2.74135124e-08,4.38846215e-04,4.16851745e-03,3.75341868e-09,3.33432429e-08,3.33133238e-08,6.53259990e-12,4.58004222e-04,3.78726128e-05,6.58232097e-09,9.92176662e-03,4.24737510e-02,8.62728464e+02,3.20327638e-03,1.24858069e-02,1.01853958e+02,1.76008097e+02,9.96207455e-07,5.08021033e-03,7.89219094e-01,1.31760701e-03,9.30540028e+01,5.99999998e-01,1.99999994e-01,4.03468851e+00,1.33578503e-01,1.00000000e+00,7.99164793e-06
1.40562565e-03,1.99532007e-01,1.48949477e+04,6.77801660e+16,1.66469247e-02,5.88734446e-04,2.90329154e-08,4.26515502e-04,4.13334237e-03,4.23963893e-09,3.53822077e-08,3.53520176e-08,6.93322529e-12,4.57182759e-04,3.54032829e-05,7.00742729e-09,9.93722793e-03,4.25446866e-02,8.62728464e+02,3.20819075e-03,1.25150547e-02,1.01853958e+02,1.76008097e+02,9.98108153e-07,5.08928176e-03,7.90550626e-01,1.31990987e-03,9.30540028e+01,5.99999998e-01,1.99999993e-01,4.02747296e+00,1.42435442e-01,1.00000000e+00,8.55288878e-06
1.49774748e-03,1.99501373e-01,1.48880885e+04,6.72243046e+16,1.64660993e-02,6.22165381e-04,3.07361356e-08,4.13776566e-04,4.09617226e-03,4.78727814e-09,3.75358656e-08,3.75053863e-08,7.35649995e-12,4.56309151e-04,3.29532466e-05,7.45955249e-09,9.95372895e-03,4.26204027e-02,8.62728464e+02,3.21343557e-03,1.25462982e-02,1.01853958e+02,1.76008097e+02,1.00013742e-06,5.09896562e-03,7.91971935e-01,1.32236836e-03,9.30540028e+01,5.99999997e-01,1.99999992e-01,4.01987471e+00,1.51889457e-01,1.00000000e+00,9.15620337e-06
1.59590678e-03,1.99468738e-01,1.48807833e+04,6.66397224e+16,1.62758592e-02,6.57149344e-04,3.25259765e-08,4.00641884e-04,4.05691858e-03,5.40378007e-09,3.98093546e-08,3.97785666e-08,7.80345466e-12,4.55380205e-04,3.05333633e-05,7.94035529e-09,9.97134143e-03,4.27012307e-02,8.62728464e+02,3.21903365e-03,1.25796789e-02,1.01853958e+02,1.76008097e+02,1.00230424e-06,5.10930449e-03,7.93489248e-01,1.32499332e-03,9.30540028e+01,5.99999997e-01,1.99999991e-01,4.01187721e+00,1.61982384e-01,1.00000000e+00,9.80511828e-06
1.70049924e-03,1.99433969e-01,1.48730032e+04,6.60254055e+16,1.60758774e-02,6.93713402e-04,3.44051247e-08,3.87127572e-04,4.01549250e-03,6.09742797e-09,4.22078659e-08,4.21767490e-08,8.27513358e-12,4.54392548e-04,2.81547526e-05,8.45158836e-09,9.99014237e-03,4.27875262e-02,8.62728464e+02,3.22500946e-03,1.26153495e-02,1.01853958e+02,1.76008097e+02,1.00461825e-06,5.12034413e-03,7.95109252e-01,1.32779640e-03,9.30540028e+01,5.99999997e-01,1.99999990e-01,4.00346344e+00,1.72759232e-01,1.00000000e+00,1.05035058e-05
1.81194647e-03,1.99396929e-01,1.48647178e+04,6.53803625e+16,1.58658371e-02,7.31878483e-04,3.63761136e-08,3.73253633e-04,3.97180546e-03,6.87742680e-09,4.47366177e-08,4.47051503e-08,8.77258944e-12,4.53342620e-04,2.58286386e-05,8.99510256e-09,1.00102143e-02,4.28796711e-02,8.62728464e+02,3.23138924e-03,1.26534742e-02,1.01853958e+02,1.76008097e+02,1.00708981e-06,5.13213364e-03,7.96839126e-01,1.33079012e-03,9.30540028e+01,5.99999996e-01,1.99999989e-01,3.99461586e+00,1.84268462e-01,1.00000000e+00,1.12556244e-05
1.93069773e-03,1.99357468e-01,1.48558944e+04,6.47036334e+16,1.56454353e-02,7.71658309e-04,3.84412829e-08,3.59044188e-04,3.92576993e-03,7.75399108e-09,4.74008234e-08,4.73689833e-08,9.29687767e-12,4.52226665e-04,2.35661748e-05,9.57285120e-09,1.00316460e-02,4.29780754e-02,8.62728464e+02,3.23820116e-03,1.26942299e-02,1.01853958e+02,1.76008097e+02,1.00973007e-06,5.14472582e-03,7.98686578e-01,1.33398794e-03,9.30540028e+01,5.99999996e-01,1.99999987e-01,3.98531640e+00,1.96562285e-01,1.00000000e+00,1.20661639e-05
2.05723170e-03,1.99315430e-01,1.48464984e+04,6.39942982e+16,1.54143868e-02,8.13058221e-04,4.06027329e-08,3.44527659e-04,3.87730020e-03,8.73843811e-09,5.02056563e-08,5.01734199e-08,9.84904987e-12,4.51040725e-04,2.13782518e-05,1.01868943e-08,1.00545326e-02,4.30831797e-02,8.62728464e+02,3.24547550e-03,1.27378076e-02,1.01853958e+02,1.76008097e+02,1.01255100e-06,5.15817741e-03,8.00659899e-01,1.33740431e-03,9.30540028e+01,5.99999995e-01,1.99999986e-01,3.97554638e+00,2.09697000e-01,1.00000000e+00,1.29402980e-05
2.19205845e-03,1.99270647e-01,1.48364933e+04,6.32514872e+16,1.51724286e-02,8.56073924e-04,4.28622756e-08,3.29736925e-04,3.82631331e-03,9.84328635e-09,5.31562086e-08,5.31235515e-08,1.04301462e-11,4.49780627e-04,1.92752920e-05,1.08394030e-08,1.00789764e-02,4.31954580e-02,8.62728464e+02,3.25324474e-03,1.27844134e-02,1.01853958e+02,1.76008097e+02,1.01556552e-06,5.17254949e-03,8.02767998e-01,1.34105482e-03,9.30540028e+01,5.99999995e-01,1.99999984e-01,3.96528651e+00,2.23733357e-01,1.00000000e+00,1.38837432e-05
2.33572147e-03,1.99222940e-01,1.48258398e+04,6.24743914e+16,1.49193246e-02,9.00690136e-04,4.52213797e-08,3.14709401e-04,3.77273013e-03,1.10823584e-08,5.62574454e-08,5.62243421e-08,1.10411866e-11,4.48441982e-04,1.72670364e-05,1.15326634e-08,1.01050874e-02,4.33154199e-02,8.62728464e+02,3.26154386e-03,1.28342697e-02,1.01853958e+02,1.76008097e+02,1.01878751e-06,5.18790775e-03,8.05020466e-01,1.34495622e-03,9.30540028e+01,5.99999994e-01,1.99999982e-01,3.95451679e+00,2.38736964e-01,1.00000000e+00,1.49028264e-05
2.48879987e-03,1.99172118e-01,1.48144966e+04,6.16622741e+16,1.46548710e-02,9.46879147e-04,4.76811117e-08,2.99487072e-04,3.71647644e-03,1.24708881e-08,5.95141532e-08,5.94805772e-08,1.16831617e-11,4.47020171e-04,1.53623304e-05,1.22690811e-08,1.01329838e-02,4.34436141e-02,8.62728464e+02,3.27041043e-03,1.28876172e-02,1.01853958e+02,1.76008097e+02,1.02223196e-06,5.20432299e-03,8.07427625e-01,1.34912658e-03,9.30540028e+01,5.99999993e-01,1.99999979e-01,3.94321643e+00,2.54778730e-01,1.00000000e+00,1.60045619e-05
2.65191071e-03,1.99117980e-01,1.48024195e+04,6.08144827e+16,1.43789014e-02,9.94599314e-04,5.02420729e-08,2.84116426e-04,3.65748430e-03,1.40256303e-08,6.29308825e-08,6.28968067e-08,1.23570215e-11,4.45510344e-04,1.35689156e-05,1.30511848e-08,1.01627931e-02,4.35806317e-02,8.62728464e+02,3.27988491e-03,1.29447159e-02,1.01853958e+02,1.76008097e+02,1.02591502e-06,5.22187150e-03,8.10000597e-01,1.35358538e-03,9.30540028e+01,5.99999992e-01,1.99999976e-01,3.93136379e+00,2.71935361e-01,1.00000000e+00,1.71967400e-05
2.82571150e-03,1.99060311e-01,1.47895617e+04,5.99304621e+16,1.40912932e-02,1.04379348e-03,5.29043306e-08,2.68648310e-04,3.59569342e-03,1.57649728e-08,6.65118848e-08,6.64772811e-08,1.30636638e-11,4.43907408e-04,1.18932360e-05,1.38816301e-08,1.01946523e-02,4.37271095e-02,8.62728464e+02,3.29001088e-03,1.30058478e-02,1.01853958e+02,1.76008097e+02,1.02985411e-06,5.24063555e-03,8.12751370e-01,1.35835364e-03,9.30540028e+01,5.99999991e-01,1.99999973e-01,3.91893624e+00,2.90289900e-01,1.00000000e+00,1.84880281e-05
3.01090284e-03,1.98998880e-01,1.47758736e+04,5.90097676e+16,1.37919740e-02,1.09438736e-03,5.56673467e-08,2.53137676e-04,3.53105266e-03,1.77090487e-08,7.02610440e-08,7.02258835e-08,1.38039214e-11,4.42206025e-04,1.03402678e-05,1.47632030e-08,1.02287091e-02,4.38837346e-02,8.62728464e+02,3.30083527e-03,1.30713183e-02,1.01853958e+02,1.76008097e+02,1.03406807e-06,5.26070393e-03,8.15692876e-01,1.36345405e-03,9.30540028e+01,5.99999990e-01,1.99999970e-01,3.90591003e+00,3.09932326e-01,1.00000000e+00,1.98880873e-05
3.20823125e-03,1.98933444e-01,1.47613023e+04,5.80520790e+16,1.34809275e-02,1.14628788e-03,5.85299018e-08,2.37643219e-04,3.46352168e-03,1.98798458e-08,7.41818008e-08,7.41460542e-08,1.45785478e-11,4.40400601e-04,8.91338166e-06,1.56988228e-08,1.02651229e-02,4.40512486e-02,8.62728464e+02,3.31240872e-03,1.31414587e-02,1.01853958e+02,1.76008097e+02,1.03857726e-06,5.28217258e-03,8.18839078e-01,1.36891114e-03,9.30540028e+01,5.99999988e-01,1.99999965e-01,3.89226017e+00,3.30960215e-01,1.00000000e+00,2.14077061e-05
3.41849215e-03,1.98863743e-01,1.47457918e+04,5.70572146e+16,1.31582009e-02,1.19938153e-03,6.14900166e-08,2.22226887e-04,3.39307268e-03,2.23013140e-08,7.82770734e-08,7.82407107e-08,1.53882022e-11,4.38485291e-04,7.61424539e-06,1.66915449e-08,1.03040656e-02,4.42304523e-02,8.62728464e+02,3.32478585e-03,1.32166290e-02,1.01853958e+02,1.76008097e+02,1.04340370e-06,5.30514519e-03,8.22205060e-01,1.37475143e-03,9.30540028e+01,5.99999987e-01,1.99999961e-01,3.87796022e+00,3.53479469e-01,1.00000000e+00,2.30589551e-05
3.64253312e-03,1.98789500e-01,1.47292827e+04,5.60251457e+16,1.28239117e-02,1.25353277e-03,6.45448716e-08,2.06953274e-04,3.31969222e-03,2.49994633e-08,8.25491713e-08,8.25121623e-08,1.62334334e-11,4.36453985e-04,6.44277481e-06,1.77445627e-08,1.03457228e-02,4.44222116e-02,8.62728464e+02,3.33802566e-03,1.32972206e-02,1.01853958e+02,1.76008097e+02,1.04857124e-06,5.32973392e-03,8.25807133e-01,1.38100365e-03,9.30540028e+01,5.99999985e-01,1.99999955e-01,3.86298213e+00,3.77605117e-01,1.00000000e+00,2.48553652e-05
3.88125727e-03,1.98710423e-01,1.47117121e+04,5.49560106e+16,1.24782546e-02,1.30858245e-03,6.76907256e-08,1.91888879e-04,3.24338304e-03,2.80024537e-08,8.69997061e-08,8.69620201e-08,1.71146627e-11,4.34300313e-04,5.39713818e-06,1.88612090e-08,1.03902952e-02,4.46274636e-02,8.62728464e+02,3.35219190e-03,1.33836594e-02,1.01853958e+02,1.76008097e+02,1.05410575e-06,5.35606028e-03,8.29662950e-01,1.38769891e-03,9.30540028e+01,5.99999983e-01,1.99999949e-01,3.84729600e+00,4.03462198e-01,1.00000000e+00,2.68121338e-05
4.13562692e-03,1.98626198e-01,1.46930129e+04,5.38501287e+16,1.21215084e-02,1.36434642e-03,7.09228344e-08,1.77101247e-04,3.16416606e-03,3.13406692e-08,9.16294975e-08,9.15911038e-08,1.80321664e-11,4.32017644e-04,4.47381732e-06,2.00449565e-08,1.04380000e-02,4.48472228e-02,8.62728464e+02,3.36735355e-03,1.34764100e-02,1.01853958e+02,1.76008097e+02,1.06003526e-06,5.38425596e-03,8.33791634e-01,1.39487097e-03,9.30540028e+01,5.99999981e-01,1.99999943e-01,3.83086986e+00,4.31186733e-01,1.00000000e+00,2.89463644e-05
4.40666743e-03,1.98536492e-01,1.46731144e+04,5.27080144e+16,1.17540425e-02,1.42061426e-03,7.42353727e-08,1.62657987e-04,3.08208218e-03,3.50467742e-08,9.64384770e-08,9.63993450e-08,1.89860576e-11,4.29599083e-04,3.66772563e-06,2.12994177e-08,1.04890721e-02,4.50825892e-02,8.62728464e+02,3.38358529e-03,1.35759790e-02,1.01853958e+02,1.76008097e+02,1.06639026e-06,5.41446384e-03,8.38213918e-01,1.40255648e-03,9.30540028e+01,5.99999978e-01,1.99999935e-01,3.81366939e+00,4.60926793e-01,1.00000000e+00,3.12773441e-05
4.69547138e-03,1.98440951e-01,1.46519414e+04,5.15303895e+16,1.13763234e-02,1.47714823e-03,7.76213584e-08,1.48625695e-04,2.99719427e-03,3.91557452e-08,1.01425591e-07,1.01385690e-07,1.99762676e-11,4.27037481e-04,2.97238020e-06,2.26283429e-08,1.05437662e-02,4.53347564e-02,8.62728464e+02,3.40096803e-03,1.36829204e-02,1.01853958e+02,1.76008097e+02,1.07320388e-06,5.44683912e-03,8.42952311e-01,1.41079528e-03,9.30540028e+01,5.99999975e-01,1.99999926e-01,3.79565765e+00,4.92843673e-01,1.00000000e+00,3.38268665e-05
5.00320295e-03,1.98339200e-01,1.46294144e+04,5.03181954e+16,1.09889200e-02,1.53368259e-03,8.10725848e-08,1.35068794e-04,2.90958883e-03,4.37048740e-08,1.06588704e-07,1.06548004e-07,2.10025275e-11,4.24325436e-04,2.38012140e-06,2.40356181e-08,1.06023586e-02,4.56050208e-02,8.62728464e+02,3.41958957e-03,1.37978401e-02,1.01853958e+02,1.76008097e+02,1.08051219e-06,5.48155058e-03,8.48031266e-01,1.41963072e-03,9.30540028e+01,5.99999972e-01,1.99999916e-01,3.77679480e+00,5.27113171e-01,1.00000000e+00,3.66196086e-05
5.33110262e-03,1.98230837e-01,1.46054491e+04,4.90726036e+16,1.05925085e-02,1.58992319e-03,8.45795611e-08,1.22048324e-04,2.81937771e-03,4.87337345e-08,1.11924503e-07,1.11882974e-07,2.20643507e-11,4.21455304e-04,1.88237057e-06,2.55252600e-08,1.06651494e-02,4.58947924e-02,8.62728464e+02,3.43954523e-03,1.39214026e-02,1.01853958e+02,1.76008097e+02,1.08835451e-06,5.51878194e-03,8.53477386e-01,1.42911006e-03,9.30540028e+01,5.99999968e-01,1.99999905e-01,3.75703774e+00,5.63926992e-01,1.00000000e+00,3.96835705e-05
5.68049216e-03,1.98115438e-01,1.45799565e+04,4.77950247e+16,1.01878761e-02,1.64554756e-03,8.81314641e-08,1.09620706e-04,2.72669951e-03,5.42841082e-08,1.17428408e-07,1.17386022e-07,2.31610151e-11,4.18419213e-04,1.46991327e-06,2.71014107e-08,1.07324649e-02,4.62056063e-02,8.62728464e+02,3.46093865e-03,1.40543372e-02,1.01853958e+02,1.76008097e+02,1.09677377e-06,5.55873346e-03,8.59319647e-01,1.43928483e-03,9.30540028e+01,5.99999964e-01,1.99999892e-01,3.73633988e+00,6.03494281e-01,1.00000000e+00,4.30505899e-05
6.05277998e-03,1.97992549e-01,1.45528420e+04,4.64871154e+16,9.77592331e-03,1.70020550e-03,9.17161052e-08,9.78365354e-05,2.63172071e-03,6.03998601e-08,1.23094491e-07,1.23051220e-07,2.42915481e-11,4.15209077e-04,1.13319388e-06,2.87683294e-08,1.08046599e-02,4.65391359e-02,8.62728464e+02,3.48388261e-03,1.41974456e-02,1.01853958e+02,1.76008097e+02,1.10581685e-06,5.60162372e-03,8.65589642e-01,1.45021135e-03,9.30540028e+01,5.99999959e-01,1.99999877e-01,3.71465076e+00,6.46043287e-01,1.00000000e+00,4.67569448e-05
6.44946677e-03,1.97861691e-01,1.45240060e+04,4.51507834e+16,9.35766459e-03,1.75352027e-03,9.53199158e-08,8.67394373e-05,2.53463653e-03,6.71267582e-08,1.28915401e-07,1.28871217e-07,2.54547125e-11,4.11816617e-04,8.62606267e-07,3.05303825e-08,1.08821215e-02,4.68972078e-02,8.62728464e+02,3.50850003e-03,1.43516111e-02,1.01853958e+02,1.76008097e+02,1.11553509e-06,5.64769157e-03,8.72321871e-01,1.46195122e-03,9.30540028e+01,5.99999953e-01,1.99999860e-01,3.69191578e+00,6.91823168e-01,1.00000000e+00,5.08440621e-05
6.87215161e-03,1.97722351e-01,1.44933430e+04,4.37881897e+16,8.93422741e-03,1.80509050e-03,9.89279533e-08,7.63650331e-05,2.43567131e-03,7.45122303e-08,1.34882306e-07,1.34837183e-07,2.66489949e-11,4.08233387e-04,6.48765472e-07,3.23920309e-08,1.09652718e-02,4.72818184e-02,8.62728464e+02,3.53492502e-03,1.45178082e-02,1.01853958e+02,1.76008097e+02,1.12598476e-06,5.69719844e-03,8.79554058e-01,1.47457194e-03,9.30540028e+01,5.99999947e-01,1.99999841e-01,3.66807597e+00,7.41105950e-01,1.00000000e+00,5.53593510e-05
7.32253834e-03,1.97573988e-01,1.44607417e+04,4.24017477e+16,8.50684895e-03,1.85449274e-03,1.02523932e-07,6.67400707e-05,2.33507843e-03,8.26050503e-08,1.40984848e-07,1.40938761e-07,2.78725982e-11,4.04450802e-04,4.82746888e-07,3.43578147e-08,1.10545720e-02,4.76951529e-02,8.62728464e+02,3.56330408e-03,1.46971142e-02,1.01853958e+02,1.76008097e+02,1.13722759e-06,5.75043083e-03,8.87327508e-01,1.48814759e-03,9.30540028e+01,5.99999940e-01,1.99999820e-01,3.64306776e+00,7.94188629e-01,1.00000000e+00,6.03571850e-05
7.80244249e-03,1.97416023e-01,1.44260845e+04,4.09941193e+16,8.07687055e-03,1.90128491e-03,1.06090284e-07,5.78817609e-05,2.23313967e-03,9.14549480e-08,1.47211121e-07,1.47164046e-07,2.91234363e-11,4.00460179e-04,3.56282213e-07,3.64323348e-08,1.11505267e-02,4.81396067e-02,8.62728464e+02,3.59379752e-03,1.48907225e-02,1.01853958e+02,1.76008097e+02,1.14933151e-06,5.80770325e-03,8.95687520e-01,1.50275959e-03,9.30540028e+01,5.99999932e-01,1.99999796e-01,3.61682283e+00,8.51395429e-01,1.00000000e+00,6.59000634e-05
8.31379858e-03,1.97247845e-01,1.43892472e+04,3.95682075e+16,7.64572958e-03,1.94501061e-03,1.09608248e-07,4.97973611e-05,2.13016399e-03,1.01112137e-07,1.53547669e-07,1.53499584e-07,3.03991344e-11,3.96252773e-04,2.61904716e-07,3.86202312e-08,1.12536890e-02,4.86178097e-02,8.62728464e+02,3.62658098e-03,1.50999575e-02,1.01853958e+02,1.76008097e+02,1.16237130e-06,5.86936153e-03,9.04683849e-01,1.51849757e-03,9.30540028e+01,5.99999923e-01,1.99999768e-01,3.58926806e+00,9.13080222e-01,1.00000000e+00,7.20599842e-05
8.85866790e-03,1.97068803e-01,1.43500993e+04,3.81271448e+16,7.21494861e-03,1.98520421e-03,1.13057996e-07,4.24840397e-05,2.02648558e-03,1.11626757e-07,1.59979509e-07,1.59930392e-07,3.16970338e-11,3.91819835e-04,1.93040693e-07,4.09261569e-08,1.13646655e-02,4.91326539e-02,8.62728464e+02,3.66184722e-03,1.53262924e-02,1.01853958e+02,1.76008097e+02,1.17642947e-06,5.93578652e-03,9.14371239e-01,1.53546044e-03,9.30540028e+01,5.99999912e-01,1.99999736e-01,3.56032566e+00,9.79629084e-01,1.00000000e+00,7.89200742e-05
9.43924684e-03,1.96878205e-01,1.43085029e+04,3.66742776e+16,6.78612177e-03,2.02139693e-03,1.16418793e-07,3.59290417e-05,1.92246130e-03,1.23048228e-07,1.66490186e-07,1.66440018e-07,3.30142019e-11,3.87152664e-04,1.44048136e-07,4.33547489e-08,1.14841235e-02,4.96873253e-02,8.62728464e+02,3.69980808e-03,1.55713697e-02,1.01853958e+02,1.76008097e+02,1.19159723e-06,6.00739842e-03,9.24810021e-01,1.55375746e-03,9.30540028e+01,5.99999900e-01,1.99999701e-01,3.52991333e+00,1.05146300e+00,1.00000000e+00,8.65765247e-05
1.00578757e-02,1.96675319e-01,1.42643130e+04,3.52131469e+16,6.36089837e-03,2.05312370e-03,1.19669197e-07,3.01101619e-05,1.81846739e-03,1.35424518e-07,1.73061855e-07,1.73010618e-07,3.43474483e-11,3.82242676e-04,1.10207421e-07,4.59105931e-08,1.16127972e-02,5.02853396e-02,8.62728464e+02,3.74069683e-03,1.58370245e-02,1.01853958e+02,1.76008097e+02,1.20797559e-06,6.08466172e-03,9.36066810e-01,1.57350964e-03,9.30540028e+01,5.99999887e-01,1.99999660e-01,3.49794471e+00,1.12904070e+00,1.00000000e+00,9.51408968e-05
1.07170483e-02,1.96459366e-01,1.42173772e+04,3.37474636e+16,5.94096370e-03,2.07993084e-03,1.22787292e-07,2.49965172e-05,1.71489545e-03,1.48801320e-07,1.79675396e-07,1.79623073e-07,3.56933477e-11,3.77081475e-04,8.76719089e-08,4.85981856e-08,1.17514967e-02,5.09305838e-02,8.62728464e+02,3.78477076e-03,1.61253126e-02,1.01853958e+02,1.76008097e+02,1.22567666e-06,6.16809080e-03,9.48215297e-01,1.59485124e-03,9.30540028e+01,5.99999871e-01,1.99999614e-01,3.46432998e+00,1.21286160e+00,1.00000000e+00,1.04742872e-04
1.14194217e-02,1.96229521e-01,1.41675352e+04,3.22810803e+16,5.52801742e-03,2.10138441e-03,1.25750966e-07,2.05495917e-05,1.61214783e-03,1.63221162e-07,1.86310565e-07,1.86257140e-07,3.70482677e-11,3.71660947e-04,7.33883178e-08,5.14218885e-08,1.19011172e-02,5.16273639e-02,8.62728464e+02,3.83231415e-03,1.64385423e-02,1.01853958e+02,1.76008097e+02,1.24482510e-06,6.25825651e-03,9.61337160e-01,1.61793154e-03,9.30540028e+01,5.99999854e-01,1.99999562e-01,3.42897675e+00,1.30346881e+00,1.00000000e+00,1.15533537e-04
1.21678272e-02,1.95984908e-01,1.41146189e+04,3.08179583e+16,5.12374972e-03,2.11707908e-03,1.28538213e-07,1.67245116e-05,1.51063240e-03,1.78722434e-07,1.92946169e-07,1.92891628e-07,3.84084050e-11,3.65973346e-04,6.49975622e-08,5.43858796e-08,1.20626498e-02,5.23804595e-02,8.62728464e+02,3.88364175e-03,1.67793130e-02,1.01853958e+02,1.76008097e+02,1.26555983e-06,6.35579363e-03,9.75523122e-01,1.64291693e-03,9.30540028e+01,5.99999834e-01,1.99999503e-01,3.39179122e+00,1.40145219e+00,1.00000000e+00,1.27689323e-04
1.29652816e-02,1.95724599e-01,1.40584522e+04,2.93621311e+16,4.72981573e-03,2.12664737e-03,1.31127476e-07,1.34714941e-05,1.41075685e-03,1.95338371e-07,1.99560284e-07,1.99504613e-07,3.97698256e-11,3.60011404e-04,6.07263705e-08,5.74940968e-08,1.22371940e-02,5.31951875e-02,8.62728464e+02,3.93910273e-03,1.71505594e-02,1.01853958e+02,1.76008097e+02,1.28803605e-06,6.46140962e-03,9.90874161e-01,1.66999325e-03,9.30540028e+01,5.99999812e-01,1.99999435e-01,3.35267961e+00,1.50745139e+00,1.00000000e+00,1.41416725e-04
1.38149996e-02,1.95447611e-01,1.39988503e+04,2.79176636e+16,4.34780879e-03,2.12976899e-03,1.33498006e-07,1.07374013e-05,1.31292261e-03,2.13095991e-07,2.06130491e-07,2.06073679e-07,4.11285124e-11,3.53768449e-04,5.92787044e-08,6.07501760e-08,1.24259721e-02,5.40774754e-02,8.62728464e+02,3.99908526e-03,1.75556047e-02,1.01853958e+02,1.76008097e+02,1.31242751e-06,6.57589471e-03,1.00750293e+00,1.69936862e-03,9.30540028e+01,5.99999786e-01,1.99999359e-01,3.31154993e+00,1.62215881e+00,1.00000000e+00,1.56957978e-04
1.47204064e-02,1.95152900e-01,1.39356202e+04,2.64886095e+16,3.97923325e-03,2.12617997e-03,1.35630248e-07,8.46732449e-06,1.21751859e-03,2.32015026e-07,2.12634146e-07,2.12576181e-07,4.24804168e-11,3.47238534e-04,5.97340300e-08,6.41573830e-08,1.26303461e-02,5.50339467e-02,8.62728464e+02,4.06402180e-03,1.79982230e-02,1.01853958e+02,1.76008097e+02,1.33892928e-06,6.70013370e-03,1.02553541e+00,1.73127670e-03,9.30540028e+01,5.99999757e-01,1.99999272e-01,3.26831416e+00,1.74632239e+00,1.00000000e+00,1.74597894e-04
1.56851516e-02,1.94839364e-01,1.38685605e+04,2.50789651e+16,3.62547758e-03,2.11568142e-03,1.37506223e-07,6.60612307e-06,1.12491485e-03,2.52106856e-07,2.19048660e-07,2.18989532e-07,4.38215150e-11,3.40416573e-04,6.14572371e-08,6.77185389e-08,1.28518368e-02,5.60720208e-02,8.62728464e+02,4.13439528e-03,1.84827146e-02,1.01853958e+02,1.76008097e+02,1.36776082e-06,6.83511974e-03,1.04511279e+00,1.76598050e-03,9.30540028e+01,5.99999725e-01,1.99999174e-01,3.22289068e+00,1.88074806e+00,1.00000000e+00,1.94672096e-04
1.67131243e-02,1.94505834e-01,1.37974609e+04,2.36926237e+16,3.28778869e-03,2.09814741e-03,1.39109925e-07,5.09984668e-06,1.03545646e-03,2.73373491e-07,2.25351803e-07,2.25291500e-07,4.51478663e-11,3.33298501e-04,6.40227735e-08,7.14359383e-08,1.30921467e-02,5.72000287e-02,8.62728464e+02,4.21074627e-03,1.90139946e-02,1.01853958e+02,1.76008097e+02,1.39916981e-06,6.98197040e-03,1.06639378e+00,1.80377692e-03,9.30540028e+01,5.99999687e-01,1.99999062e-01,3.17520708e+00,2.02630191e+00,1.00000000e+00,2.17576990e-04
1.78084683e-02,1.94151074e-01,1.37221026e+04,2.23333284e+16,2.96724841e-03,2.07353173e-03,1.40427690e-07,3.89697809e-06,9.49457706e-04,2.95806624e-07,2.31522004e-07,2.31460517e-07,4.64556740e-11,3.25881426e-04,6.71536473e-08,7.53112626e-08,1.33531862e-02,5.84273506e-02,8.62728464e+02,4.29368132e-03,1.95977004e-02,1.01853958e+02,1.76008097e+02,1.43343648e-06,7.14194672e-03,1.08955719e+00,1.84500209e-03,9.30540028e+01,5.99999645e-01,1.99998935e-01,3.12520335e+00,2.18391163e+00,1.00000000e+00,2.43781809e-04
1.89755988e-02,1.93773775e-01,1.36422584e+04,2.10046270e+16,2.66475288e-03,2.04187325e-03,1.41448548e-07,2.94944898e-06,8.67196784e-04,3.19386790e-07,2.37538662e-07,2.37475980e-07,4.77413457e-11,3.18163812e-04,7.06744666e-08,7.93454856e-08,1.36371046e-02,5.97645759e-02,8.62728464e+02,4.38388283e-03,2.02403210e-02,1.01853958e+02,1.76008097e+02,1.47087881e-06,7.31647553e-03,1.11480506e+00,1.89003772e-03,9.30540028e+01,5.99999597e-01,1.99998791e-01,3.07283529e+00,2.35456737e+00,1.00000000e+00,2.73843243e-04
2.02192206e-02,1.93372555e-01,1.35576925e+04,1.97098299e+16,2.38099603e-03,2.00329943e-03,1.42164534e-07,2.21340410e-06,7.88911305e-04,3.44082671e-07,2.43382432e-07,2.43318544e-07,4.90015522e-11,3.10145658e-04,7.44767901e-08,8.35387753e-08,1.39463268e-02,6.12236937e-02,8.62728464e+02,4.48212059e-03,2.09493532e-02,1.01853958e+02,1.76008097e+02,1.51185877e-06,7.50717595e-03,1.14236634e+00,1.93931863e-03,9.30540028e+01,5.99999542e-01,1.99998627e-01,3.01807823e+00,2.53932149e+00,1.00000000e+00,3.08423193e-04
2.15443469e-02,1.92945955e-01,1.34681611e+04,1.84519711e+16,2.11645750e-03,1.95802788e-03,1.42570950e-07,1.64969284e-06,7.14794628e-04,3.69850580e-07,2.49035507e-07,2.48970400e-07,5.02332835e-11,3.01828686e-04,7.84945460e-08,8.78903890e-08,1.42835957e-02,6.28183173e-02,8.62728464e+02,4.58926542e-03,2.17334921e-02,1.01853958e+02,1.76008097e+02,1.55678962e-06,7.71589087e-03,1.17250126e+00,1.99334184e-03,9.30540028e+01,5.99999480e-01,1.99998441e-01,2.96093090e+00,2.73928735e+00,1.00000000e+00,3.48310395e-04
2.29563192e-02,1.92492431e-01,1.33734126e+04,1.72337752e+16,1.87139597e-03,1.90636567e-03,1.42666561e-07,1.22410786e-06,6.44993250e-04,3.96634142e-07,2.54481861e-07,2.54415521e-07,5.14338989e-11,2.93216542e-04,8.26872913e-08,9.23985665e-08,1.46520236e-02,6.45639528e-02,8.62728464e+02,4.70630528e-03,2.26028630e-02,1.01853958e+02,1.76008097e+02,1.60614476e-06,7.94472444e-03,1.20550651e+00,2.05267741e-03,9.30540028e+01,5.99999410e-01,1.99998230e-01,2.90141946e+00,2.95563662e+00,1.00000000e+00,3.94446795e-04
2.44608294e-02,1.92010358e-01,1.32731879e+04,1.60576305e+16,1.64584809e-03,1.84870625e-03,1.42453724e-07,9.07386673e-07,5.79605305e-04,4.24364229e-07,2.59707466e-07,2.59639875e-07,5.26011726e-11,2.84314995e-04,8.70292098e-08,9.70604192e-08,1.50551525e-02,6.64783181e-02,8.62728464e+02,4.83436447e-03,2.35693074e-02,1.01853958e+02,1.76008097e+02,1.66046832e-06,8.19608699e-03,1.24172147e+00,2.11798152e-03,9.30540028e+01,5.99999330e-01,1.99997990e-01,2.83960150e+00,3.18959512e+00,1.00000000e+00,4.47959797e-04
2.60639420e-02,1.91498019e-01,1.31672211e+04,1.49255694e+16,1.43963336e-03,1.78552409e-03,1.41938432e-07,6.75017886e-07,5.18680255e-04,4.52959130e-07,2.64700458e-07,2.64631595e-07,5.37333293e-11,2.75132133e-04,9.15021368e-08,1.01871819e-07,1.54970263e-02,6.85817268e-02,8.62728464e+02,4.97472653e-03,2.46467348e-02,1.01853958e+02,1.76008097e+02,1.72038796e-06,8.47274897e-03,1.28153568e+00,2.19001243e-03,9.30540028e+01,5.99999239e-01,1.99997718e-01,2.77557001e+00,3.44243697e+00,1.00000000e+00,5.10201792e-04
2.77721193e-02,1.90953607e-01,1.30552402e+04,1.38392566e+16,1.25236464e-03,1.71736693e-03,1.41130277e-07,5.06893067e-07,4.62219762e-04,4.82325007e-07,2.69451262e-07,2.69381102e-07,5.48290727e-11,2.65678566e-04,9.60912678e-08,1.06827289e-07,1.59822771e-02,7.08975496e-02,8.62728464e+02,5.12886164e-03,2.58515597e-02,1.01853958e+02,1.76008097e+02,1.78663034e-06,8.77790605e-03,1.32539783e+00,2.26964979e-03,9.30540028e+01,5.99999136e-01,1.99997409e-01,2.70945716e+00,3.71547707e+00,1.00000000e+00,5.82798756e-04
2.95922471e-02,1.90375218e-01,1.29369682e+04,1.27999854e+16,1.08346397e-03,1.64484605e-03,1.40042327e-07,3.86853444e-07,4.10179675e-04,5.12356610e-07,2.73952664e-07,2.73881178e-07,5.58876043e-11,2.55967611e-04,1.00782579e-07,1.11919895e-07,1.65162292e-02,7.34527721e-02,8.62728464e+02,5.29845955e-03,2.72032471e-02,1.01853958e+02,1.76008097e+02,1.86003995e-06,9.11525798e-03,1.37382662e+00,2.35791832e-03,9.30540028e+01,5.99999019e-01,1.99997059e-01,2.64143749e+00,4.01006229e+00,1.00000000e+00,6.67710261e-04
3.15316623e-02,1.89760850e-01,1.28121237e+04,1.18086814e+16,9.32183214e-04,1.56862460e-03,1.38690917e-07,3.02179253e-07,3.62473095e-04,5.42938276e-07,2.78199836e-07,2.78126985e-07,5.69086321e-11,2.46015468e-04,1.05561291e-07,1.17141150e-07,1.71050247e-02,7.62786723e-02,8.62728464e+02,5.48546941e-03,2.87249968e-02,1.01853958e+02,1.76008097e+02,1.94160220e-06,9.48910463e-03,1.42742410e+00,2.45601697e-03,9.30540028e+01,5.99998887e-01,1.99996661e-01,2.57173078e+00,4.32756147e+00,1.00000000e+00,7.67303804e-04
3.35981829e-02,1.89108400e-01,1.26804227e+04,1.08659142e+16,7.97628718e-04,1.48940455e-03,1.37095358e-07,2.43061267e-07,3.18974382e-04,5.73945161e-07,2.82190292e-07,2.82116030e-07,5.78923688e-11,2.35841375e-04,1.10410935e-07,1.22480921e-07,1.77557757e-02,7.94116468e-02,8.62728464e+02,5.69214800e-03,3.04446067e-02,1.01853958e+02,1.76008097e+02,2.03247168e-06,9.90446327e-03,1.48689176e+00,2.56535493e-03,9.30540028e+01,5.99998736e-01,1.99996209e-01,2.50060432e+00,4.66935475e+00,1.00000000e+00,8.84447298e-04
3.58001389e-02,1.88415658e-01,1.25415798e+04,9.97191484e+15,6.78788610e-04,1.40791257e-03,1.35277581e-07,2.02086898e-07,2.79523881e-04,6.05244721e-07,2.85923810e-07,2.85848082e-07,5.88395210e-11,2.25467742e-04,1.15312757e-07,1.27927352e-07,1.84767498e-02,8.28942238e-02,8.62728464e+02,5.92111854e-03,3.23955715e-02,1.01853958e+02,1.76008097e+02,2.13400710e-06,1.03672128e-02,1.55305052e+00,2.68759646e-03,9.30540028e+01,5.99998565e-01,1.99995696e-01,2.42837430e+00,5.03682393e+00,1.00000000e+00,1.02262490e-03
3.81464066e-02,1.87680307e-01,1.23953099e+04,9.12659926e+15,5.74561875e-04,1.32488554e-03,1.33261720e-07,1.73766590e-07,2.43933233e-04,6.36698366e-07,2.89402300e-07,2.89325037e-07,5.97512699e-11,2.14920242e-04,1.20245301e-07,1.33466809e-07,1.92775971e-02,8.67763102e-02,8.62728464e+02,6.17544270e-03,3.46184856e-02,1.01853958e+02,1.76008097e+02,2.24781468e-06,1.08842718e-02,1.62686518e+00,2.82471693e-03,9.30540028e+01,5.99998371e-01,1.99995113e-01,2.35540630e+00,5.43134499e+00,1.00000000e+00,1.18608290e-03
4.06464440e-02,1.86899921e-01,1.22413306e+04,8.32959461e+15,4.83787805e-04,1.24105596e-03,1.31073650e-07,1.54115433e-07,2.11991014e-04,6.68163286e-07,2.92629635e-07,2.92550754e-07,6.06292444e-11,2.04227872e-04,1.25184070e-07,1.39083842e-07,2.01696301e-02,9.11167364e-02,8.62728464e+02,6.45870910e-03,3.71628517e-02,1.01853958e+02,1.76008097e+02,2.37580213e-06,1.14638194e-02,1.70947495e+00,2.97907337e-03,9.30540028e+01,5.99998150e-01,1.99994451e-01,2.28211468e+00,5.85428569e+00,1.00000000e+00,1.38001488e-03
4.33103286e-02,1.86071961e-01,1.20793642e+04,7.58026936e+15,4.05274918e-04,1.15713796e-03,1.28740500e-07,1.40297889e-07,1.83468544e-04,6.99494362e-07,2.95611446e-07,2.95530846e-07,6.14754872e-11,1.93422951e-04,1.30101225e-07,1.44761178e-07,2.11661686e-02,9.59851788e-02,8.62728464e+02,6.77514282e-03,4.00894259e-02,1.01853958e+02,1.76008097e+02,2.52024656e-06,1.21155705e-02,1.80223139e+00,3.15349386e-03,9.30540028e+01,5.99997900e-01,1.99993700e-01,2.20896133e+00,6.30701011e+00,1.00000000e+00,1.61079845e-03
4.61487988e-02,1.85193774e-01,1.19091404e+04,6.87776413e+15,3.37827972e-04,1.07381432e-03,1.26290147e-07,1.30335674e-07,1.58125600e-04,7.30546142e-07,2.98354894e-07,2.98272454e-07,6.22924171e-11,1.82541072e-04,1.34965287e-07,1.50479746e-07,2.22829701e-02,1.01464567e-01,8.62728464e+02,7.12974150e-03,4.34732826e-02,1.01853958e+02,1.76008097e+02,2.68387996e-06,1.28511222e-02,1.90674613e+00,3.35139150e-03,9.30540028e+01,5.99997615e-01,1.99992848e-01,2.13645338e+00,6.79089482e+00,1.00000000e+00,1.88630085e-03
4.91732965e-02,1.84262592e-01,1.17303995e+04,6.22102222e+15,2.80272161e-04,9.91724978e-04,1.23750724e-07,1.22875491e-07,1.35715859e-04,7.61174830e-07,3.00868439e-07,3.00784012e-07,6.30827893e-11,1.71620977e-04,1.39740832e-07,1.56218737e-07,2.35387667e-02,1.07654112e-01,8.62728464e+02,7.52844550e-03,4.74078522e-02,1.01853958e+02,1.76008097e+02,2.86999785e-06,1.36843896e-02,2.02495101e+00,3.57691081e-03,9.30540028e+01,5.99997293e-01,1.99991880e-01,2.06513935e+00,7.30736247e+00,1.00000000e+00,2.21627755e-03
5.23960135e-02,1.83275535e-01,1.15428954e+04,5.60882053e+15,2.31474391e-04,9.11457217e-04,1.21150137e-07,1.17009964e-07,1.15991982e-04,7.91240195e-07,3.03161578e-07,3.03074987e-07,6.38496515e-11,1.60704360e-04,1.44388147e-07,1.61955714e-07,2.49559410e-02,1.14673152e-01,8.62728464e+02,7.97835179e-03,5.20102840e-02,1.01853958e+02,1.76008097e+02,3.08259792e-06,1.46321601e-02,2.15917459e+00,3.83511713e-03,9.30540028e+01,5.99996926e-01,1.99990781e-01,1.99560683e+00,7.85793298e+00,1.00000000e+00,2.61289602e-03
5.58299409e-02,1.82229606e-01,1.13463998e+04,5.03979718e+15,1.90360113e-04,8.33537964e-04,1.18515623e-07,1.12142660e-07,9.87100537e-05,8.20607429e-07,3.05244619e-07,3.05155649e-07,6.45963046e-11,1.49835581e-04,1.48862873e-07,1.67666761e-07,2.65613808e-02,1.22666040e-01,8.62728464e+02,8.48798464e-03,5.74286300e-02,1.01853958e+02,1.76008097e+02,3.32655837e-06,1.57148011e-02,2.31223986e+00,4.13224367e-03,9.30540028e+01,5.99996510e-01,1.99989533e-01,1.92847745e+00,8.44430666e+00,1.00000000e+00,3.09143433e-03
5.94889208e-02,1.81121697e-01,1.11407059e+04,4.51247782e+15,1.55926511e-04,7.58428170e-04,1.15873343e-07,1.07889598e-07,8.36334499e-05,8.49148874e-07,3.07128447e-07,3.07036837e-07,6.53262636e-11,1.39061298e-04,1.53115587e-07,1.73326696e-07,2.83875684e-02,1.31808436e-01,8.62728464e+02,9.06764012e-03,6.38515571e-02,1.01853958e+02,1.76008097e+02,3.60786870e-06,1.69571706e-02,2.48759013e+00,4.47601626e-03,9.30540028e+01,5.99996038e-01,1.99988116e-01,1.86440367e+00,9.06847883e+00,1.00000000e+00,3.67122052e-03
6.33877027e-02,1.79948589e-01,1.09256331e+04,4.02530009e+15,1.27251804e-04,6.86519392e-04,1.13248031e-07,1.04008741e-07,7.05360228e-05,8.76745501e-07,3.08824298e-07,3.08729735e-07,6.60432188e-11,1.28429996e-04,1.57091327e-07,1.78909319e-07,3.04739757e-02,1.42315426e-01,8.62728464e+02,9.72982767e-03,7.15216000e-02,1.01853958e+02,1.76008097e+02,3.93393064e-06,1.83897966e-02,2.68945226e+00,4.87608412e-03,9.30540028e+01,5.99995501e-01,1.99986508e-01,1.80406831e+00,9.73289057e+00,1.00000000e+00,4.37690874e-03
6.75420029e-02,1.78706959e-01,1.07010320e+04,3.57663380e+15,1.03500249e-04,6.18132471e-04,1.10662701e-07,1.00350676e-07,5.92044940e-05,9.03288338e-07,3.10343591e-07,3.10245690e-07,6.67510064e-11,1.17991414e-04,1.60729079e-07,1.84387740e-07,3.28688665e-02,1.54452106e-01,8.62728464e+02,1.04898400e-02,8.07534241e-02,1.01853958e+02,1.76008097e+02,4.31395339e-06,2.00504160e-02,2.92304992e+00,5.34459638e-03,9.30540028e+01,5.99994892e-01,1.99984682e-01,1.74818230e+00,1.04406343e+01,1.00000000e+00,5.24023886e-03
7.19685673e-02,1.77393380e-01,1.04667898e+04,3.16480003e+15,8.39242198e-05,5.53518148e-04,1.08138403e-07,9.68249357e-08,4.94402222e-05,9.28679579e-07,3.11697757e-07,3.11596051e-07,6.74535806e-11,1.07795886e-04,1.63961184e-07,1.89734749e-07,3.56316394e-02,1.68547461e-01,8.62728464e+02,1.13664937e-02,9.19592547e-02,1.01853958e+02,1.76008097e+02,4.75947696e-06,2.19859971e-02,3.19488445e+00,5.89698111e-03,9.30540028e+01,5.99994201e-01,1.99982608e-01,1.69748873e+00,1.11957051e+01,1.00000000e+00,6.30248080e-03
7.66852397e-02,1.76004336e-01,1.02228356e+04,2.78808716e+15,6.78631564e-05,4.92859384e-04,1.05694046e-07,9.33773592e-08,4.10602736e-05,9.52833546e-07,3.12898116e-07,3.12792030e-07,6.81549902e-11,9.78935751e-05,1.66712707e-07,1.94923238e-07,3.88358975e-02,1.85012734e-01,8.62728464e+02,1.23830999e-02,1.05684662e-01,1.01853958e+02,1.76008097e+02,5.28507056e-06,2.42554205e-02,3.51310784e+00,6.55300883e-03,9.30540028e+01,5.99993416e-01,1.99980255e-01,1.65276922e+00,1.20033147e+01,1.00000000e+00,7.61787495e-03
8.17110332e-02,1.74536225e-01,9.96914712e+03,2.44476452e+15,5.47401705e-05,4.36275099e-04,1.03346266e-07,8.99751789e-08,3.38978922e-05,9.75677474e-07,3.13955779e-07,3.13844603e-07,6.88593627e-11,8.83336297e-05,1.68900814e-07,1.99926686e-07,4.25735039e-02,2.04365928e-01,8.62728464e+02,1.35687451e-02,1.22659489e-01,1.01853958e+02,1.76008097e+02,5.90927295e-06,2.69330612e-02,3.88802233e+00,7.33825994e-03,9.30540028e+01,5.99992525e-01,1.99977583e-01,1.61485470e+00,1.28702722e+01,1.00000000e+00,9.25852856e-03
8.70662068e-02,1.72985370e-01,9.70575654e+03,2.13309444e+15,4.40570123e-05,3.83825022e-04,1.01109348e-07,8.65973863e-08,2.78024633e-05,9.97152043e-07,3.14881582e-07,3.14764435e-07,6.95708880e-11,7.91632618e-05,1.70434206e-07,2.04719672e-07,4.69599832e-02,2.27264788e-01,8.62728464e+02,1.49599979e-02,1.43871162e-01,1.01853958e+02,1.76008097e+02,6.65586978e-06,3.01136172e-02,4.33275579e+00,8.28617261e-03,9.30540028e+01,5.99991513e-01,1.99974549e-01,1.58464420e+00,1.38054322e+01,1.00000000e+00,1.13214585e-02
9.27723476e-02,1.71348036e-01,9.43275742e+03,1.85134218e+15,3.53877701e-05,3.35515331e-04,9.89951885e-08,8.32286270e-08,2.26390248e-05,1.01721174e-06,3.15686039e-07,3.15561818e-07,7.02938069e-11,7.04267764e-05,1.71212759e-07,2.09278417e-07,5.21417805e-02,2.54551608e-01,8.62728464e+02,1.66031999e-02,1.70671514e-01,1.01853958e+02,1.76008097e+02,7.55564528e-06,3.39186802e-02,4.86418360e+00,9.44093528e-03,9.30540028e+01,5.99990364e-01,1.99971105e-01,1.56313138e+00,1.48202201e+01,1.00000000e+00,1.39388433e-02
9.88524571e-02,1.69620446e-01,9.15031144e+03,1.59778389e+15,2.83718278e-05,2.91304729e-04,9.70133009e-08,7.98554592e-08,1.82874198e-05,1.03582510e-06,3.16379328e-07,3.16246640e-07,7.10323992e-11,6.21645691e-05,1.71127633e-07,2.13581345e-07,5.83061075e-02,2.87314718e-01,8.62728464e+02,1.85575740e-02,2.04934353e-01,1.01853958e+02,1.76008097e+02,8.64880855e-06,3.85057618e-02,5.50419968e+00,1.08616243e-02,9.30540028e+01,5.99989060e-01,1.99967195e-01,1.55143963e+00,1.59292416e+01,1.00000000e+00,1.72931252e-02
1.05331045e-01,1.67798797e-01,8.85865528e+03,1.37071288e+15,2.27065554e-05,2.51110691e-04,9.51708431e-08,7.64641965e-08,1.46411861e-05,1.05297473e-06,3.16971285e-07,3.16828361e-07,7.17909703e-11,5.44121286e-05,1.70062159e-07,2.17609636e-07,6.56944290e-02,3.26973715e-01,8.62728464e+02,2.08994780e-02,2.49290858e-01,1.01853958e+02,1.76008097e+02,9.98838924e-06,4.40808221e-02,6.28148786e+00,1.26282028e-02,9.30540028e+01,5.99987579e-01,1.99962756e-01,1.55086857e+00,1.71509800e+01,1.00000000e+00,2.16395283e-02
1.12234225e-01,1.65879285e-01,8.55810746e+03,1.16844413e+15,1.81400582e-05,2.14815582e-04,9.34726736e-08,7.30398470e-08,1.16062689e-05,1.06865733e-06,3.17471418e-07,3.17315981e-07,7.25738326e-11,4.71990765e-05,1.67894077e-07,2.21347758e-07,7.46211250e-02,3.75398913e-01,8.62728464e+02,2.37282895e-02,3.07485817e-01,1.01853958e+02,1.76008097e+02,1.16450431e-05,5.09158484e-02,7.23401836e+00,1.48503441e-02,9.30540028e+01,5.99985898e-01,1.99957716e-01,1.56295347e+00,1.85085823e+01,1.00000000e+00,2.73400509e-02
1.19589826e-01,1.63858129e-01,8.24907497e+03,9.89317520e+14,1.44642518e-05,1.82272486e-04,9.19214356e-08,6.95658494e-08,9.09964684e-06,1.08288340e-06,3.17888904e-07,3.17718002e-07,7.33852779e-11,4.05482900e-05,1.64499725e-07,2.24783930e-07,8.54995984e-02,4.35080690e-01,8.62728464e+02,2.71746335e-02,3.84923788e-01,1.01853958e+02,1.76008097e+02,1.37139314e-05,5.93738010e-02,8.41260824e+00,1.76806059e-02,9.30540028e+01,5.99983989e-01,1.99951995e-01,1.58953991e+00,2.00307209e+01,1.00000000e+00,3.49154212e-02
1.27427499e-01,1.61731605e-01,7.93205947e+03,8.31699313e+14,1.15083880e-05,1.53310499e-04,9.05176428e-08,6.60244652e-08,7.04794657e-06,1.09567698e-06,3.18232606e-07,3.18042362e-07,7.42295392e-11,3.44751490e-05,1.59761167e-07,2.27910536e-07,9.88792152e-02,5.09372465e-01,8.62728464e+02,3.14120187e-02,4.89517366e-01,1.01853958e+02,1.76008097e+02,1.63246925e-05,6.99444430e-02,9.88606333e+00,2.13344206e-02,9.30540028e+01,5.99981822e-01,1.99945500e-01,1.63287107e+00,2.17525059e+01,1.00000000e+00,4.51255353e-02
1.35778836e-01,1.59496074e-01,7.60766295e+03,6.93983043e+14,9.13322958e-06,1.27739496e-04,8.92597998e-08,6.23977312e-08,5.38613690e-06,1.10707519e-06,3.18511055e-07,3.18296322e-07,7.51107340e-11,2.89869574e-05,1.53576928e-07,2.30724404e-07,1.15498207e-01,6.02843854e-01,8.62728464e+02,3.66734931e-02,6.33021428e-01,1.01853958e+02,1.76008097e+02,1.96560814e-05,8.32964624e-02,1.17487032e+01,2.61209507e-02,9.30540028e+01,5.99979362e-01,1.99938126e-01,1.69569206e+00,2.37163478e+01,1.00000000e+00,5.90954757e-02
1.44677502e-01,1.57148025e-01,7.27659250e+03,5.74589572e+14,7.22583764e-06,1.05354250e-04,8.81445272e-08,5.86689601e-08,4.05636008e-06,1.11712760e-06,3.18732426e-07,3.18486285e-07,7.60327868e-11,2.40825811e-05,1.45877161e-07,2.33226982e-07,1.36360403e-01,7.21800900e-01,8.62728464e+02,4.32757869e-02,8.33157167e-01,1.01853958e+02,1.76008097e+02,2.39577630e-05,1.00354324e-01,1.41315292e+01,3.24915801e-02,9.30540028e+01,5.99976569e-01,1.99929755e-01,1.78136001e+00,2.59726080e+01,1.00000000e+00,7.85152892e-02
1.54159369e-01,1.54684117e-01,6.93966397e+03,4.71967234e+14,5.69503143e-06,8.59379984e-05,8.71667114e-08,5.48247477e-08,3.00696035e-06,1.12589542e-06,3.18904496e-07,3.18617515e-07,7.69993244e-11,1.97523447e-05,1.36643099e-07,2.35424349e-07,1.62848027e-01,8.75063470e-01,8.62728464e+02,5.16547846e-02,1.11703083e+00,1.01853958e+02,1.76008097e+02,2.95832291e-05,1.22413216e-01,1.72190467e+01,4.11175966e-02,9.30540028e+01,5.99973397e-01,1.99920253e-01,1.89394963e+00,2.85796913e+01,1.00000000e+00,1.05959999e-01
1.64262658e-01,1.52101227e-01,6.59780428e+03,3.84592513e+14,4.46747610e-06,6.92655073e-05,8.63196759e-08,5.08574254e-08,2.19173932e-06,1.13345049e-06,3.19034581e-07,3.18693721e-07,7.80135345e-11,1.59782181e-05,1.25929597e-07,2.37327067e-07,1.96889894e-01,1.07514468e+00,8.62728464e+02,6.24183846e-02,1.52668869e+00,1.01853958e+02,1.76008097e+02,3.70402923e-05,1.51313598e-01,2.12750074e+01,5.30171750e-02,9.30540028e+01,5.99969797e-01,1.99909465e-01,2.03832456e+00,3.16029861e+01,1.00000000e+00,1.45406763e-01
1.75028096e-01,1.49396504e-01,6.25205193e+03,3.10971871e+14,3.48435327e-06,5.51057882e-05,8.55953743e-08,4.67678148e-08,1.56944315e-06,1.13987402e-06,3.19129458e-07,3.18716419e-07,7.90779771e-11,1.27343111e-05,1.13887612e-07,2.38949861e-07,2.41216024e-01,1.34006913e+00,8.62728464e+02,7.64264631e-02,2.12820974e+00,1.01853958e+02,1.76008097e+02,4.70698301e-05,1.89710565e-01,2.66824646e+01,6.97674096e-02,9.30540028e+01,5.99965709e-01,1.99897219e-01,2.22012073e+00,3.51116816e+01,1.00000000e+00,2.03076116e-01
1.86499079e-01,1.46567426e-01,5.90355555e+03,2.49645337e+14,2.69856343e-06,4.32246181e-05,8.49846143e-08,4.25680222e-08,1.10345662e-06,1.14525506e-06,3.19195294e-07,3.18683973e-07,8.01943203e-11,9.98767729e-06,1.00781293e-07,2.40311126e-07,2.99749266e-01,1.69622426e+00,8.62728464e+02,9.49137875e-02,3.02665857e+00,1.01853958e+02,1.76008097e+02,6.07707499e-05,2.41496704e-01,3.40072169e+01,9.38663138e-02,9.30540028e+01,5.99961068e-01,1.99883318e-01,2.44555462e+00,3.91720140e+01,1.00000000e+00,2.88805167e-01
1.98721847e-01,1.43611866e-01,5.55357002e+03,1.99192274e+14,2.07239311e-06,3.33870259e-05,8.44773051e-08,3.82838850e-08,7.61650321e-07,1.14968865e-06,3.19237574e-07,3.18590089e-07,8.13629551e-11,7.69941009e-06,8.69926367e-08,2.41432288e-07,3.78217983e-01,2.18291309e+00,8.62728464e+02,1.19682168e-01,4.39071460e+00,1.01853958e+02,1.76008097e+02,7.98020486e-05,3.12478102e-01,4.41002110e+01,1.29365250e-01,9.30540028e+01,5.99955798e-01,1.99867538e-01,2.72092462e+00,4.38351103e+01,1.00000000e+00,4.18289181e-01
2.11745669e-01,1.40528163e-01,5.20344994e+03,1.58239698e+14,1.57559094e-06,2.53598827e-05,8.40627311e-08,3.39565484e-08,5.16307964e-07,1.15327383e-06,3.19261049e-07,3.18421423e-07,8.25823962e-11,5.82598754e-06,7.30065481e-08,2.42337036e-07,4.85131999e-01,2.85976523e+00,8.62728464e+02,1.53406304e-01,6.49318681e+00,1.01853958e+02,1.76008097e+02,1.06716099e-04,4.11476217e-01,5.82661886e+01,1.83000064e-01,9.30540028e+01,5.99949816e-01,1.99849626e-01,3.05164950e+00,4.91177446e+01,1.00000000e+00,6.16727699e-01
2.25623046e-01,1.37315192e-01,4.85464010e+03,1.25473156e+14,1.18379664e-06,1.89146843e-05,8.37298448e-08,2.96425925e-08,3.44054013e-07,1.15611132e-06,3.19269718e-07,3.18153634e-07,8.38482780e-11,4.32080500e-06,5.93719696e-08,2.43050461e-07,6.33367282e-01,3.81904976e+00,8.62728464e+02,2.00130006e-01,9.77748311e+00,1.01853958e+02,1.76008097e+02,1.45520204e-04,5.52161389e-01,7.85474450e+01,2.66262021e-01,9.30540028e+01,5.99943025e-01,1.99829294e-01,3.44072905e+00,5.49759153e+01,1.00000000e+00,9.24720020e-01
2.40409918e-01,1.33972448e-01,4.50866278e+03,9.96498282e+13,8.77274097e-07,1.38305364e-05,8.34675681e-08,2.54121810e-08,2.25711244e-07,1.15830117e-06,3.19266834e-07,3.17744740e-07,8.51515984e-11,3.13581214e-06,4.66408343e-08,2.43598166e-07,8.42792120e-01,5.20658379e+00,8.62728464e+02,2.66087839e-01,1.49666248e+01,1.01853958e+02,1.76008097e+02,2.02644515e-04,7.56171700e-01,1.08212325e+02,3.99274720e-01,9.30540028e+01,5.99935314e-01,1.99806215e-01,3.88670977e+00,6.12753544e+01,1.00000000e+00,1.40774883e+00
2.56165892e-01,1.30500129e-01,4.16710164e+03,7.96128928e+13,6.39906302e-07,9.89727599e-06,8.32650899e-08,2.13449261e-08,1.46041884e-07,1.15994036e-06,3.19254955e-07,3.17123670e-07,8.64755232e-11,2.22315812e-06,3.52947226e-08,2.44005380e-07,1.14471507e+00,7.25807416e+00,8.62728464e+02,3.61095530e-01,2.32435363e+01,1.01853958e+02,1.76008097e+02,2.88651403e-04,1.05854453e+00,1.52616993e+02,6.18195030e-01,9.30540028e+01,5.99926560e-01,1.99780020e-01,4.38166288e+00,6.77701199e+01,1.00000000e+00,2.17145699e+00
2.72954479e-01,1.26899221e-01,3.83158212e+03,6.43056421e+13,4.58414313e-07,6.91857135e-06,8.31121440e-08,1.75235602e-08,9.33589403e-08,1.16112051e-06,3.19236016e-07,3.16170311e-07,8.77894954e-11,1.53674231e-06,2.56760642e-08,2.44296153e-07,1.58959556e+00,1.03638755e+01,8.62728464e+02,5.00957996e-01,3.65564793e+01,1.01853958e+02,1.76008097e+02,4.21333716e-04,1.51741631e+00,2.20766027e+02,9.89541735e-01,9.30540028e+01,5.99916622e-01,1.99750288e-01,4.91023476e+00,7.41072180e+01,1.00000000e+00,3.38660989e+00
2.90843356e-01,1.23171592e-01,3.50374858e+03,5.27834613e+13,3.21765838e-07,4.71478678e-06,8.29992516e-08,1.40260304e-08,5.90280402e-08,1.16192595e-06,3.19211424e-07,3.14680536e-07,8.90383398e-11,1.03357190e-06,1.79427030e-08,2.44492662e-07,2.26074655e+00,1.51874984e+01,8.62728464e+02,7.11744530e-01,5.81585189e+01,1.01853958e+02,1.76008097e+02,6.31488759e-04,2.23181634e+00,3.28218866e+02,1.63805657e+00,9.30540028e+01,5.99905339e-01,1.99716543e-01,5.45106760e+00,7.98736797e+01,1.00000000e+00,5.33103479e+00
3.09904634e-01,1.19320082e-01,3.18523806e+03,4.42218487e+13,2.20740362e-07,3.12536178e-06,8.29179119e-08,1.09171441e-08,3.69059221e-08,1.16243206e-06,3.19182157e-07,3.12305598e-07,9.01224175e-11,6.74842363e-07,1.20593307e-08,2.44614689e-07,3.29934192e+00,2.28887559e+01,8.62728464e+02,1.03758303e+00,9.36098880e+01,1.01853958e+02,1.76008097e+02,9.74003613e-04,3.37526211e+00,5.02668136e+02,2.80021544e+00,9.30540028e+01,5.99892529e-01,1.99678245e-01,5.98116371e+00,8.46845603e+01,1.00000000e+00,8.46220824e+00
3.30215148e-01,1.15348593e-01,2.87765135e+03,3.79191932e+13,1.47618229e-07,2.01047079e-06,8.28607308e-08,8.24122562e-09,2.27735463e-08,1.16270429e-06,3.19148865e-07,3.08451111e-07,9.08628450e-11,4.26681335e-07,7.82795528e-09,2.44679281e-07,4.95137446e+00,3.55570005e+01,8.62728464e+02,1.55527999e+00,1.52728548e+02,1.01853958e+02,1.76008097e+02,1.54982588e-03,5.26117705e+00,7.94997878e+02,4.92306910e+00,9.30540028e+01,5.99877987e-01,1.99634782e-01,6.48200448e+00,8.82809716e+01,1.00000000e+00,1.35442723e+01
3.51856773e-01,1.11262182e-01,2.58252173e+03,3.32938818e+13,9.59616030e-08,1.25178668e-06,8.28214807e-08,6.01723725e-09,1.38180617e-08,1.16279757e-06,3.19111953e-07,3.02124387e-07,9.09455792e-11,2.60528730e-07,4.94691409e-09,2.44700606e-07,7.65857078e+00,5.70803718e+01,8.62728464e+02,2.40259441e+00,2.53525880e+02,1.01853958e+02,1.76008097e+02,2.55101740e-03,8.47456881e+00,1.30198104e+03,8.83306727e+00,9.30540028e+01,5.99861478e-01,1.99585459e-01,6.94465008e+00,9.05906130e+01,1.00000000e+00,2.18644550e+01
3.74916744e-01,1.07067141e-01,2.30128228e+03,2.98762975e+13,6.04570316e-08,7.52266126e-07,8.27950929e-08,4.23739667e-09,8.20168978e-09,1.16275648e-06,3.19071649e-07,2.91754246e-07,8.98476135e-11,1.53161542e-07,3.07965125e-09,2.44689997e-07,1.22402958e+01,9.49526781e+01,8.62728464e+02,3.83474252e+00,4.30400310e+02,1.01853958e+02,1.76008097e+02,4.35657069e-03,1.41467085e+01,2.21464737e+03,1.59913482e+01,9.30540028e+01,5.99842735e-01,1.99529489e-01,7.37128973e+00,9.17208705e+01,1.00000000e+00,3.55724557e+01
3.99488019e-01,1.02771081e-01,2.03523258e+03,2.72973980e+13,3.67930546e-08,4.34989665e-07,8.27775887e-08,2.86958342e-09,4.73354433e-09,1.16261579e-06,3.19028053e-07,2.75123283e-07,8.67854855e-11,8.64058401e-08,1.91396464e-09,2.44656153e-07,2.02706295e+01,1.64175354e+02,8.62728464e+02,6.34138569e+00,7.51777065e+02,1.01853958e+02,1.76008097e+02,7.74428370e-03,2.45505656e+01,3.92561359e+03,2.88402474e+01,9.30540028e+01,5.99821458e-01,1.99465980e-01,7.77283407e+00,9.18951286e+01,1.00000000e+00,5.81220465e+01
4.25669645e-01,9.83829934e-02,1.78550622e+03,2.52768483e+13,2.15520563e-08,2.41200642e-07,8.27659638e-08,1.86297007e-09,2.63978886e-09,1.16240148e-06,3.18981177e-07,2.49763843e-07,8.08034598e-11,4.66059703e-08,1.19902615e-09,2.44605447e-07,3.48904524e+01,2.96037988e+02,8.62728464e+02,1.08982603e+01,1.35958360e+03,1.01853958e+02,1.76008097e+02,1.43792282e-02,4.44462566e+01,7.27791421e+03,5.13448763e+01,9.30540028e+01,5.99797303e-01,1.99393923e-01,8.16431067e+00,9.13711874e+01,1.00000000e+00,9.46150835e+01
4.53567162e-01,9.39133076e-02,1.55304014e+03,2.36140460e+13,1.21027259e-08,1.27774957e-07,8.27580412e-08,1.15561856e-09,1.41378574e-09,1.16213206e-06,3.18930960e-07,2.14238914e-07,7.11699437e-11,2.39375710e-08,7.57295262e-10,2.44542317e-07,6.26300564e+01,5.58777085e+02,8.62728464e+02,1.95311831e+01,2.56152776e+03,1.01853958e+02,1.76008097e+02,2.79913495e-02,8.42607987e+01,1.41699133e+04,9.02685044e+01,9.30540028e+01,5.99769882e-01,1.99312171e-01,8.56050926e+00,9.03778793e+01,1.00000000e+00,1.51535631e+02
4.83293024e-01,8.93739268e-02,1.33854751e+03,2.21820486e+13,6.48712741e-09,6.43998817e-08,8.27523111e-08,6.82457730e-10,7.22907292e-10,1.16181996e-06,3.18877291e-07,1.70056582e-07,5.80636764e-11,1.16546771e-08,4.76857054e-10,2.44469659e-07,1.17686565e+02,1.10858549e+03,8.62728464e+02,3.66378998e+01,5.05736536e+03,1.01853958e+02,1.76008097e+02,5.73537939e-02,1.67977482e+02,2.91035778e+04,1.58558920e+02,9.30540028e+01,5.99738753e-01,1.99219429e-01,8.97366437e+00,8.90845650e+01,1.00000000e+00,2.35239821e+02
5.14967058e-01,8.47782426e-02,1.14249551e+03,2.09175541e+13,3.30345668e-09,3.07400725e-08,8.27477740e-08,3.82177889e-10,3.50917946e-10,1.16147288e-06,3.18820014e-07,1.22574527e-07,4.30375739e-11,5.35209850e-09,2.93770755e-10,2.44389215e-07,2.32460660e+02,2.32233870e+03,8.62728464e+02,7.22396944e+01,1.05232932e+04,1.01853958e+02,1.76008097e+02,1.24214052e-01,3.53771771e+02,6.33756171e+04,2.83690447e+02,9.30540028e+01,5.99703416e-01,1.99114231e-01,9.41375817e+00,8.75990322e+01,1.00000000e+00,3.49296834e+02
5.48716944e-01,8.01411237e-02,9.65089421e+02,1.97993809e+13,1.59042298e-09,1.38257782e-08,8.27437998e-08,2.02055143e-10,1.60799810e-10,1.16109510e-06,3.18758937e-07,7.91537694e-08,2.85753144e-11,2.30528095e-09,1.73398663e-10,2.44301905e-07,4.84914863e+02,5.16321254e+03,8.62728464e+02,1.50412007e+02,2.32090741e+04,1.01853958e+02,1.76008097e+02,2.85623740e-01,7.91179246e+02,1.47137131e+05,5.28140339e+02,9.30540028e+01,5.99663302e-01,1.98994915e-01,9.89070185e+00,8.59813093e+01,1.00000000e+00,4.92250392e+02
5.84678728e-01,7.54788753e-02,8.06264491e+02,1.88203512e+13,7.20228263e-10,5.82595110e-09,8.27400104e-08,1.00356880e-10,6.91411612e-11,1.16068850e-06,3.18693840e-07,4.54795314e-08,1.68644368e-11,9.25521760e-10,9.61680259e-11,2.44208094e-07,1.07379949e+03,1.22524479e+04,8.62728464e+02,3.32431917e+02,5.45806352e+04,1.01853958e+02,1.76008097e+02,7.00728657e-01,1.88970503e+03,3.66487732e+05,1.04356853e+03,9.30540028e+01,5.99617766e-01,1.98859604e-01,1.04167800e+01,8.42616902e+01,1.00000000e+00,6.57777951e+02
6.22997373e-01,7.08091629e-02,6.65686350e+02,1.79679206e+13,3.05113428e-10,2.28543898e-09,8.27361888e-08,4.65679514e-11,2.77171506e-11,1.16025334e-06,3.18624476e-07,2.32090073e-08,8.82279001e-12,3.43932452e-10,4.92396745e-11,2.44107794e-07,2.53885497e+03,3.12320153e+04,8.62728464e+02,7.84435458e+02,1.37757300e+05,1.01853958e+02,1.76008097e+02,1.84421397e+00,4.85134243e+03,9.86217924e+05,2.22810200e+03,9.30540028e+01,5.99566077e-01,1.98706174e-01,1.10081095e+01,8.24557693e+01,1.00000000e+00,8.37351848e+02
6.63827344e-01,6.61508976e-02,5.42760828e+02,1.72210302e+13,1.20179932e-10,8.28689720e-10,8.27322146e-08,2.00616428e-11,1.02848295e-11,1.15978890e-06,3.18550575e-07,1.05250705e-08,4.09033293e-12,1.17373343e-10,2.28841073e-11,2.44000801e-07,6.45107037e+03,8.61304717e+04,8.62728464e+02,1.98918403e+03,3.75855082e+05,1.01853958e+02,1.76008097e+02,5.24000944e+00,1.34833692e+04,2.88985840e+06,5.22958263e+03,9.30540028e+01,5.99507404e-01,1.98532227e-01,1.16851653e+01,8.05739873e+01,1.00000000e+00,1.02335878e+03
7.07333228e-01,6.15240806e-02,4.36653223e+02,1.65563768e+13,4.37069492e-11,2.75509616e-10,8.27280211e-08,7.96707257e-12,3.50403691e-12,1.15929383e-06,3.18471847e-07,4.24232114e-09,1.67989223e-12,3.64611261e-11,9.48107053e-12,2.43886782e-07,1.77451926e+04,2.59053821e+05,8.62728464e+02,5.46059733e+03,1.11758334e+06,1.01853958e+02,1.76008097e+02,1.61954114e+01,4.08991333e+04,9.30284864e+06,1.37417659e+04,9.30540028e+01,5.99440805e-01,1.98335053e-01,1.24733130e+01,7.86263453e+01,1.00000000e+00,1.21069534e+03
7.53690398e-01,5.69496021e-02,3.46316636e+02,1.59543253e+13,1.45589495e-11,8.32251684e-11,8.27235688e-08,2.89319405e-12,1.08614836e-12,1.15876639e-06,3.18387980e-07,1.51683935e-09,6.09962837e-13,1.02072975e-11,3.42987677e-12,2.43765324e-07,5.32806587e+04,8.57528784e+05,8.62728464e+02,1.63624269e+04,3.65491786e+06,1.01853958e+02,1.76008097e+02,5.49459498e+01,1.36638125e+05,3.32303761e+07,4.12812087e+04,9.30540028e+01,5.99365212e-01,1.98111594e-01,1.34041997e+01,7.66241258e+01,1.00000000e+00,1.39653054e+03
8.03085722e-01,5.24489944e-02,2.70528342e+02,1.54007427e+13,4.40115329e-12,2.26084822e-11,8.27188304e-08,9.51941983e-13,3.03143203e-13,1.15820459e-06,3.18298639e-07,4.78714911e-10,1.94931193e-13,2.54618021e-12,1.05673495e-12,2.43635965e-07,1.76261678e+05,3.15650953e+06,8.62728464e+02,5.40218112e+04,1.32841737e+07,1.01853958e+02,1.76008097e+02,2.06854153e+02,5.07995492e+05,1.33216154e+08,1.45378962e+05,9.30540028e+01,5.99279411e-01,1.97858402e-01,1.45183967e+01,7.45802049e+01,1.00000000e+00,1.57917086e+03
8.55718314e-01,4.80441402e-02,2.07932583e+02,1.48860093e+13,1.19474268e-12,5.45885278e-12,8.27137835e-08,2.80828634e-13,7.52853479e-14,1.15760625e-06,3.18203471e-07,1.32281489e-10,5.44354511e-14,5.58688711e-13,2.68914511e-13,2.43498201e-07,6.49318711e+05,1.30722586e+07,8.62728464e+02,1.98623530e+05,5.42994179e+07,1.01853958e+02,1.76008097e+02,8.75105795e+02,2.12656083e+06,6.07122230e+08,6.18957174e+05,9.30540028e+01,5.99182030e-01,1.97571593e-01,1.58695246e+01,7.25088339e+01,1.00000000e+00,1.75706818e+03
9.11800339e-01,4.37569359e-02,1.57087627e+02,1.44033381e+13,2.87744198e-13,1.15596524e-12,8.27084067e-08,7.33935295e-14,1.64140781e-14,1.15696904e-06,3.18102097e-07,3.16541774e-11,1.31511075e-14,1.06260520e-13,5.44118709e-14,2.43351493e-07,2.69604985e+06,6.17275454e+07,8.62728464e+02,8.23202973e+05,2.53005597e+08,1.01853958e+02,1.76008097e+02,4.22057984e+03,1.01587629e+07,3.19208239e+09,3.30990853e+06,9.30540028e+01,5.99071507e-01,1.97246793e-01,1.75303296e+01,7.04252309e+01,1.00000000e+00,1.92847733e+03
9.71557865e-01,3.96089166e-02,1.16514550e+02,1.39475173e+13,6.06388517e-14,2.11428705e-13,8.27026780e-08,1.67602189e-14,3.09354627e-15,1.15629045e-06,3.17994115e-07,6.47068825e-12,2.71370068e-15,1.72263339e-14,8.34653311e-15,2.43195268e-07,1.27933433e+07,3.37465787e+08,8.62728464e+02,3.89971326e+06,1.36476735e+09,1.01853958e+02,1.76008097e+02,2.35838587e+04,5.62345726e+07,1.96903379e+10,2.33193503e+07,9.30540028e+01,5.98946076e-01,1.96879088e-01,1.96017277e+01,6.83450922e+01,1.00000000e+00,2.09167334e+03
1.03523178e+00,3.56208476e-02,8.47449875e+01,1.35142597e+13,1.10052560e-14,3.28197153e-14,8.26965744e-08,3.29174240e-15,4.95137312e-16,1.15556782e-06,3.17879096e-07,1.11173516e-12,4.70820184e-16,2.33477945e-15,9.14004370e-16,2.43028914e-07,7.04912127e+07,2.17383631e+09,8.62728464e+02,2.14554626e+07,8.67551964e+09,1.01853958e+02,1.76008097e+02,1.55475761e+05,3.67120773e+08,1.45278106e+11,2.29884706e+08,9.30540028e+01,5.98803732e-01,1.96462957e-01,2.22266748e+01,6.62840680e+01,1.00000000e+00,2.24530677e+03
1.10307874e+00,3.18122931e-02,6.03651382e+01,1.30999662e+13,1.68884796e-15,4.23708382e-15,8.26900712e-08,5.45948273e-16,6.59393977e-17,1.15479833e-06,3.17756584e-07,1.57499170e-13,6.73984211e-17,2.58739368e-16,6.62065295e-17,2.42851782e-07,4.59350926e+08,1.68368343e+10,8.62728464e+02,1.39640239e+08,6.63328647e+10,1.01853958e+02,1.76008097e+02,1.23436087e+06,2.88450100e+09,1.31094212e+12,3.42259885e+09,9.30540028e+01,5.98642203e-01,1.95992210e-01,2.56121229e+01,6.42572418e+01,1.00000000e+00,2.38854426e+03
1.17537227e+00,2.82011735e-02,4.20535646e+01,1.27016813e+13,2.14538657e-16,4.44412202e-16,8.26831423e-08,7.48602655e-17,7.13586784e-18,1.15397897e-06,3.17626096e-07,1.79892504e-14,7.78438170e-18,2.28482633e-17,2.87936751e-18,2.42663184e-07,3.61600977e+09,1.60511120e+11,8.62728464e+02,1.09823352e+09,6.24647773e+11,1.01853958e+02,1.76008097e+02,1.20837627e+07,2.79248683e+10,1.48454318e+13,8.47922965e+10,9.30540028e+01,5.98458913e-01,1.95459922e-01,3.00648304e+01,6.22786481e+01,1.00000000e+00,2.52096182e+03
1.25240375e+00,2.48033265e-02,2.86108698e+01,1.23171042e+13,2.20107447e-17,3.68524368e-17,8.26757600e-08,8.27978320e-18,6.10535304e-19,1.15310655e-06,3.17487115e-07,1.61325895e-15,7.06476212e-19,1.56032384e-18,6.67030350e-20,2.42462387e-07,3.52452355e+10,1.93546852e+12,8.62728464e+02,1.06987070e+10,7.44635575e+12,1.01853958e+02,1.76008097e+02,1.49907546e+08,3.42318236e+11,2.17385858e+14,3.94034777e+12,9.30540028e+01,5.98250946e-01,1.94858352e-01,3.60515511e+01,6.03608613e+01,1.00000000e+00,2.64236800e+03
1.33448373e+00,2.16320891e-02,1.89800197e+01,1.19445909e+13,1.77206105e-18,2.34048273e-18,8.26678946e-08,7.17714160e-19,3.99982120e-20,1.15217769e-06,3.17339091e-07,1.10102246e-16,4.88347017e-20,7.95741348e-20,7.36279503e-22,2.42248613e-07,4.37780561e+11,3.04723230e+13,8.62728464e+02,1.32878354e+11,1.16026984e+14,1.01853958e+02,1.76008097e+02,2.43312884e+09,5.48570874e+12,4.26259533e+15,3.83992338e+14,9.30540028e+01,5.98014995e-01,1.94178871e-01,4.43035066e+01,5.85146839e+01,1.00000000e+00,2.75267919e+03
1.42194306e+00,1.86979196e-02,1.22569140e+01,1.15831270e+13,1.08239404e-19,1.09678713e-19,8.26595146e-08,4.71396350e-20,1.93270031e-21,1.15118876e-06,3.17181443e-07,5.51176006e-18,2.47815809e-21,2.90894556e-21,5.02217091e-24,2.42021036e-07,7.16720392e+12,6.50196507e+14,8.62728464e+02,2.17647820e+12,2.45335364e+15,1.01853958e+02,1.76008097e+02,5.36380968e+10,1.19298410e+14,1.16603191e+17,6.05122049e+16,9.30540028e+01,5.97747318e-01,1.93411886e-01,5.60042357e+01,5.67489498e+01,1.00000000e+00,2.85184414e+03
1.51513429e+00,1.60080792e-02,7.69163995e+00,1.12322716e+13,4.82058951e-21,3.62959944e-21,8.26505862e-08,2.25449768e-21,6.59082862e-23,1.15013597e-06,3.17013549e-07,1.93756069e-19,8.83845843e-23,7.26365606e-23,6.78815297e-26,2.41778780e-07,1.60929255e+14,1.96454222e+16,8.62728464e+02,4.89249180e+13,7.35693379e+16,1.01853958e+02,1.76008097e+02,1.67835272e+12,3.67927312e+15,4.66971912e+18,4.80904873e+18,9.30540028e+01,5.97443678e-01,1.92546754e-01,7.31408718e+01,5.50704570e+01,1.00000000e+00,2.93978315e+03
1.61443309e+00,1.35663919e-02,4.68160049e+00,1.08920777e+13,1.49349980e-22,8.05303084e-23,8.26410738e-08,7.49027116e-23,1.50568883e-24,1.14901523e-06,3.16834750e-07,4.54165230e-21,2.10378023e-24,1.17013855e-24,1.06481475e-27,2.41520913e-07,5.19433535e+15,8.85341285e+17,8.62728464e+02,1.58215561e+15,3.29615280e+18,1.01853958e+02,1.76008097e+02,7.85311573e+13,1.69533494e+17,2.89873654e+20,3.29109942e+20,9.30540028e+01,5.97099278e-01,1.91571716e-01,9.91904683e+01,5.34840313e+01,1.00000000e+00,3.01632862e+03
1.72023972e+00,1.13731027e-02,2.75827878e+00,1.05629957e+13,3.04381359e-24,1.12614889e-24,8.26309392e-08,1.63459748e-24,2.16597407e-26,1.14782224e-06,3.16644343e-07,6.67372866e-23,3.14201258e-26,1.13629372e-26,1.03539706e-29,2.41246449e-07,2.54869050e+17,6.33025206e+19,8.62728464e+02,7.78486355e+16,2.34743842e+20,1.01853958e+02,1.76008097e+02,5.84642224e+15,1.24179756e+19,2.98507621e+22,3.63127468e+22,9.30540028e+01,6.85544329e-01,1.90473817e-01,1.40528626e+02,5.19927226e+01,1.00000000e+00,3.08116739e+03
1.83298071e+00,1.00000000e-02,1.56972732e+00,1.02457704e+13,1.30490786e-25,3.61559080e-26,8.26201417e-08,7.50157151e-26,7.14303251e-28,1.14655244e-06,3.16441583e-07,2.27039105e-24,1.08154887e-27,2.75162656e-28,2.55319382e-31,2.40954340e-07,5.94504717e+18,1.97142741e+21,8.62728464e+02,1.82050479e+18,7.29917688e+21,1.01853958e+02,1.76008097e+02,1.87571969e+17,3.93751712e+20,1.23269756e+24,1.57905366e+24,9.30540028e+01,1.59163343e+00,1.89238856e-01,1.82682616e+02,5.06170284e+01,1.00000000e+00,3.17846944e+03
1.95311051e+00,1.00000000e-02,8.60925703e-01,9.94133681e+12,7.15683992e-26,1.98271483e-26,8.26086382e-08,4.41326831e-26,4.02106830e-28,1.14520095e-06,3.16225678e-07,1.35632284e-24,6.46113119e-28,1.50914493e-28,1.50078648e-31,2.40643476e-07,1.08396148e+19,3.59450701e+21,8.62728464e+02,3.31932953e+18,1.33086018e+22,1.01853958e+02,1.76008097e+02,3.42000297e+17,7.17928179e+20,2.24757960e+24,2.87909128e+24,9.30540028e+01,1.44115188e+15,1.87851334e-01,1.77983546e+02,4.93081610e+01,1.00000000e+00,3.37304105e+03
2.08111337e+00,1.00000000e-02,4.53953109e-01,9.65072239e+12,3.77369351e-26,1.04530046e-26,8.25963824e-08,2.49501044e-26,2.17829040e-28,1.14376265e-06,3.15995784e-07,7.77553181e-25,3.70403929e-28,7.95749307e-29,8.47716821e-32,2.40312680e-07,2.05574162e+19,6.81701130e+21,8.62728464e+02,6.29513501e+18,2.52398699e+22,1.01853958e+02,1.76008097e+02,6.48606299e+17,1.36155653e+21,4.26255270e+24,5.46021964e+24,9.30540028e+01,1.79769313e+308,1.86294437e-01,1.73241066e+02,4.79871947e+01,1.00000000e+00,3.56955703e+03
2.21750528e+00,1.00000000e-02,2.29530148e-01,9.37495800e+12,1.90807467e-26,5.28446738e-27,8.25833255e-08,1.35201741e-26,1.13262884e-28,1.14223207e-06,3.15751008e-07,4.26735808e-25,2.03284642e-28,4.02350931e-29,4.58956546e-32,2.39960705e-07,4.06574173e+19,1.34823399e+22,8.62728464e+02,1.24501994e+19,4.99181372e+22,1.01853958e+02,1.76008097e+02,1.28278071e+18,2.69281760e+21,8.43026099e+24,1.07989461e+25,9.30540028e+01,1.79769313e+308,1.84550048e-01,1.68464249e+02,4.66566557e+01,1.00000000e+00,3.76765797e+03
2.36283603e+00,1.00000000e-02,1.10983399e-01,9.11500139e+12,9.22600423e-27,2.55473787e-27,8.25694151e-08,7.00340683e-27,5.63721546e-29,1.14060343e-06,3.15490399e-07,2.23626878e-25,1.06529401e-28,1.94546443e-29,2.37519178e-32,2.39586230e-07,8.40855760e+19,2.78834809e+22,8.62728464e+02,2.57488611e+19,1.03238120e+23,1.01853958e+02,1.76008097e+02,2.65298098e+18,5.56914665e+21,1.74350315e+25,2.23338239e+25,9.30540028e+01,1.79769313e+308,1.82598792e-01,1.63662437e+02,4.53191454e+01,1.00000000e+00,3.96697411e+03
2.51769146e+00,1.00000000e-02,5.11674442e-02,8.87167354e+12,4.25352857e-27,1.17761708e-27,8.25545956e-08,3.45774943e-27,2.67778267e-29,1.13887061e-06,3.15212946e-07,1.11586639e-25,5.31566596e-29,8.96930927e-30,1.17157544e-32,2.39187855e-07,1.82383606e+20,6.04799306e+22,8.62728464e+02,5.58498896e+19,2.23925927e+23,1.01853958e+02,1.76008097e+02,5.75437860e+18,1.20796110e+22,3.78169963e+25,4.84425932e+25,9.30540028e+01,2.88230376e+15,1.80420146e-01,1.58845175e+02,4.39773211e+01,1.00000000e+00,4.16712829e+03
2.68269580e+00,1.00000000e-02,2.24228781e-02,8.64560813e+12,1.86400463e-27,5.15963128e-28,8.25388079e-08,1.62214752e-27,1.21021872e-29,1.13702713e-06,3.14917578e-07,5.28591965e-26,2.51805980e-29,3.93057992e-30,5.49085584e-33,2.38764100e-07,4.16186670e+20,1.38010984e+23,8.62728464e+02,1.27445553e+20,5.10983350e+23,1.01853958e+02,1.76008097e+02,1.31310907e+19,2.75648299e+22,8.62957484e+25,1.10542619e+26,9.30540028e+01,1.79769313e+308,1.77992611e-01,1.54022129e+02,4.26338744e+01,1.00000000e+00,4.36773913e+03
2.85851418e+00,1.00000000e-02,9.30907621e-03,8.43721367e+12,7.73859673e-28,2.14163467e-28,8.25219887e-08,7.20718507e-28,5.18662228e-30,1.13506611e-06,3.14603157e-07,2.36946905e-26,1.12874678e-29,1.63181853e-30,2.43709243e-33,2.38313400e-07,1.00247358e+21,3.32428633e+23,8.62728464e+02,3.06979559e+20,1.23081143e+24,1.01853958e+02,1.76008097e+02,3.16290080e+19,6.63957205e+22,2.07861554e+26,2.66265269e+26,9.30540028e+01,2.88230376e+15,1.75293960e-01,1.49203013e+02,4.12915103e+01,1.00000000e+00,4.56842416e+03
3.04585534e+00,1.00000000e-02,3.64838300e-03,8.24664780e+12,3.03288577e-28,8.39160282e-29,8.25040710e-08,3.02196799e-28,2.10037258e-30,1.13298028e-06,3.14268475e-07,1.00162633e-26,4.77145921e-30,6.39537033e-31,1.02078573e-33,2.37834097e-07,2.55787372e+21,8.48212338e+23,8.62728464e+02,7.83277444e+20,3.14049194e+24,1.01853958e+02,1.76008097e+02,8.07033817e+19,1.69412812e+23,5.30371688e+26,6.79392400e+26,9.30540028e+01,1.79769313e+308,1.72301596e-01,1.44397513e+02,3.99529251e+01,1.00000000e+00,4.76880313e+03
3.24547446e+00,1.00000000e-02,1.34472358e-03,8.07380313e+12,1.11786317e-28,3.09226730e-29,8.24849834e-08,1.19132884e-28,8.00674383e-31,1.13076198e-06,3.13912250e-07,3.97815163e-27,1.89507680e-30,2.35721010e-31,4.01970896e-34,2.37324443e-07,6.93979280e+21,2.30129339e+24,8.62728464e+02,2.12511788e+21,8.52050012e+24,1.01853958e+02,1.76008097e+02,2.18957153e+20,4.59635596e+23,1.43895674e+27,1.84326632e+27,9.30540028e+01,1.44115188e+15,1.68993013e-01,1.39615204e+02,3.86207848e+01,1.00000000e+00,4.96850119e+03
3.45817620e+00,1.00000000e-02,4.64255491e-04,7.91830430e+12,3.85933679e-29,1.06731837e-29,8.24646496e-08,4.39796384e-29,2.86161950e-31,1.12840307e-06,3.13533124e-07,1.47864232e-27,7.04382592e-31,8.13808691e-32,1.48221306e-34,2.36782589e-07,2.01012226e+22,6.66573370e+24,8.62728464e+02,6.15543847e+21,2.46797671e+25,1.01853958e+02,1.76008097e+02,6.34212952e+20,1.33134197e+24,4.16796158e+27,5.33905087e+27,9.30540028e+01,2.88230376e+15,1.65346387e-01,1.34865477e+02,3.72977041e+01,1.00000000e+00,5.16715209e+03
3.68481798e+00,1.00000000e-02,1.49489495e-04,7.77951577e+12,1.24270002e-29,3.43584466e-30,8.24429887e-08,1.51389347e-29,9.54766590e-32,1.12589498e-06,3.13129654e-07,5.12175101e-28,2.43985460e-31,2.62045044e-32,5.09596029e-35,2.36206585e-07,6.24264801e+22,2.07011434e+25,8.62728464e+02,1.91163674e+22,7.66456358e+25,1.01853958e+02,1.76008097e+02,1.96961563e+21,4.13462378e+24,1.29440470e+28,1.65809891e+28,9.30540028e+01,2.88230376e+15,1.61341316e-01,1.30157468e+02,3.59862263e+01,1.00000000e+00,5.36440117e+03
3.92631340e+00,1.00000000e-02,4.46899672e-05,7.65655994e+12,3.71505858e-30,1.02686018e-30,8.24199144e-08,4.83710489e-30,2.96020634e-32,1.12322865e-06,3.12700312e-07,1.64584756e-28,7.84034353e-32,7.83385107e-33,1.62615338e-35,2.35594372e-07,2.08818748e+23,6.92460449e+25,8.62728464e+02,6.39449140e+22,2.56382318e+26,1.01853958e+02,1.76008097e+02,6.58843280e+21,1.38304604e+25,4.32982875e+28,5.54639853e+28,9.30540028e+01,2.88230376e+15,1.56959690e-01,1.25499987e+02,3.46888043e+01,1.00000000e+00,5.55990825e+03
4.18363594e+00,1.00000000e-02,1.23435834e-05,7.54834468e+12,1.02611700e-30,2.83539126e-31,8.23953350e-08,1.42762629e-30,8.48721779e-33,1.12039452e-06,3.12243481e-07,4.88299367e-29,2.32611748e-32,2.16374725e-33,4.79299645e-36,2.34943782e-07,7.56028677e+23,2.50705438e+26,8.62728464e+02,2.31512684e+23,9.28232675e+26,1.01853958e+02,1.76008097e+02,2.38534336e+22,5.00732084e+25,1.56761533e+29,2.00807465e+29,9.30540028e+01,1.79769313e+308,1.52186721e-01,1.20901458e+02,3.34077825e+01,1.00000000e+00,5.75335027e+03
4.45782286e+00,1.00000000e-02,3.13366027e-06,7.45359902e+12,2.60499888e-31,7.19590844e-32,8.23691528e-08,3.87200323e-31,2.23855124e-33,1.11738252e-06,3.11757444e-07,1.33068969e-29,6.33902225e-33,5.49309596e-34,1.29811681e-36,2.34252531e-07,2.97802001e+24,9.87536367e+26,8.62728464e+02,9.11935521e+23,3.65633681e+27,1.01853958e+02,1.76008097e+02,9.39594023e+22,1.97239895e+26,6.17488459e+29,7.90986728e+29,9.30540028e+01,1.79769313e+308,1.47012090e-01,1.16369857e+02,3.21453819e+01,1.00000000e+00,5.94442366e+03
4.74997943e+00,1.00000000e-02,7.27180076e-07,7.37091547e+12,6.04501803e-32,1.66927780e-32,8.23412638e-08,9.59741453e-32,5.40154927e-34,1.11418203e-06,3.11240386e-07,3.31268728e-30,1.57806876e-33,1.27469783e-34,3.21280423e-37,2.33518214e-07,1.28332765e+25,4.25562193e+27,8.62728464e+02,3.92983280e+24,1.57563687e+28,1.01853958e+02,1.76008097e+02,4.04902246e+23,8.49972163e+26,2.66096269e+30,3.40862431e+30,9.30540028e+01,5.76460752e+15,1.41431204e-01,1.11912670e+02,3.09036855e+01,1.00000000e+00,6.13284654e+03
5.06128335e+00,1.00000000e-02,1.53339521e-07,7.29879648e+12,1.27470513e-32,3.51871458e-33,8.23115575e-08,2.16131310e-32,1.18536594e-34,1.11078187e-06,3.10690384e-07,7.48956927e-31,3.56781498e-34,2.68793881e-35,7.22376331e-38,2.32738305e-07,6.08590851e+25,2.01813821e+28,8.62728464e+02,1.86363964e+25,7.47212283e+28,1.01853958e+02,1.76008097e+02,1.92016281e+24,4.03081226e+27,1.26190498e+31,1.61646760e+31,9.30540028e+01,5.76460752e+15,1.35446508e-01,1.07536845e+02,2.96846270e+01,1.00000000e+00,6.31836045e+03
5.39298949e+00,1.00000000e-02,2.91986906e-08,7.23570281e+12,2.42727513e-33,6.69770992e-34,8.22799160e-08,4.39446030e-33,2.35090011e-35,1.10717028e-06,3.10105406e-07,1.52825713e-31,7.28017657e-35,5.11833433e-36,1.46631852e-38,2.31910149e-07,3.19606900e+26,1.05984324e+29,8.62728464e+02,9.78706938e+25,3.92405178e+29,1.01853958e+02,1.76008097e+02,1.00839058e+25,2.11681692e+28,6.62700624e+31,8.48902341e+31,9.30540028e+01,5.76460752e+15,1.29068785e-01,1.03248757e+02,2.84899809e+01,1.00000000e+00,6.50073188e+03
5.74643497e+00,1.00000000e-02,4.98730894e-09,7.18010081e+12,4.14592939e-34,1.14353986e-34,8.22462142e-08,8.01342956e-34,4.18551658e-36,1.10333493e-06,3.09483302e-07,2.79582189e-32,1.33184898e-35,8.74241757e-37,2.66917120e-39,2.31030959e-07,1.87117002e+27,6.20495645e+29,8.62728464e+02,5.72993601e+26,2.29737470e+30,1.01853958e+02,1.76008097e+02,5.90372181e+25,1.23931128e+29,3.87984597e+32,4.96998224e+32,9.30540028e+01,5.76460752e+15,1.22318362e-01,9.90541863e+01,2.73213553e+01,1.00000000e+00,6.67975348e+03
6.12304454e+00,1.00000000e-02,7.58698070e-10,7.13050610e+12,6.30702582e-35,1.73885925e-35,8.22103188e-08,1.30126663e-34,6.64189011e-37,1.09926283e-06,3.08821800e-07,4.55317831e-33,2.16900294e-36,1.32994675e-37,4.32628172e-40,2.30097816e-07,1.23001539e+28,4.07883399e+30,8.62728464e+02,3.76657886e+27,1.51018143e+31,1.01853958e+02,1.76008097e+02,3.88081712e+26,8.14662442e+29,2.55042042e+33,3.26702253e+33,9.30540028e+01,5.76460752e+15,1.15226117e-01,9.49582983e+01,2.61801870e+01,1.00000000e+00,6.85524488e+03
6.52433633e+00,1.00000000e-02,1.02017559e-10,7.08552108e+12,8.48067769e-36,2.33705197e-36,8.21720882e-08,1.86748040e-35,9.32294711e-38,1.09494039e-06,3.08118500e-07,6.55128455e-34,3.12084318e-37,1.78829928e-38,6.19650977e-41,2.29107665e-07,9.14754585e+28,3.03340278e+31,8.62728464e+02,2.80118064e+28,1.12311229e+32,1.01853958e+02,1.76008097e+02,2.88613890e+27,6.05859254e+30,1.89673137e+34,2.42966378e+34,9.30540028e+01,1.79769313e+308,1.07834173e-01,9.09656313e+01,2.50677382e+01,1.00000000e+00,7.02705323e+03
6.95192796e+00,1.00000000e-02,1.20273929e-11,7.04386444e+12,9.99832217e-37,2.75390967e-37,8.21313716e-08,2.34951521e-36,1.14817538e-38,1.09035338e-06,3.07370870e-07,8.26118322e-35,3.93538963e-38,2.10832118e-39,7.77966084e-42,2.28057309e-07,7.75904063e+29,2.57296283e+32,8.62728464e+02,2.37598966e+29,9.52635165e+32,1.01853958e+02,1.76008097e+02,2.44805212e+28,5.13895928e+31,1.60882668e+35,2.06086532e+35,9.30540028e+01,5.76460752e+15,1.00196147e-01,8.70800957e+01,2.39850960e+01,1.00000000e+00,7.19505345e+03
7.40754307e+00,1.00000000e-02,1.23258209e-12,7.00439141e+12,1.02464042e-37,2.82075062e-38,8.20880087e-08,2.56917092e-37,1.22998703e-39,1.08548688e-06,3.06576237e-07,9.05165683e-36,4.31194848e-39,2.16063362e-40,8.48812785e-43,2.26943414e-07,7.57118170e+30,2.51066723e+33,8.62728464e+02,2.31846311e+30,9.29570327e+33,1.01853958e+02,1.76008097e+02,2.38878082e+29,5.01453676e+32,1.56987438e+36,2.01096844e+36,9.30540028e+01,1.79769313e+308,9.23768569e-02,8.33049777e+01,2.29331738e+01,1.00000000e+00,7.35914821e+03
7.89301826e+00,1.00000000e-02,1.08797739e-13,6.96610430e+12,9.04431124e-39,2.48842366e-39,8.20418290e-08,2.41943962e-38,1.13560726e-40,1.08032534e-06,3.05731787e-07,8.53893481e-37,4.06770249e-40,1.90715128e-41,7.97465074e-44,2.25762503e-07,8.57747880e+31,2.84436378e+34,8.62728464e+02,2.62661351e+31,1.05312091e+35,1.01853958e+02,1.76008097e+02,2.70627725e+30,5.68102635e+33,1.77852873e+37,2.27824926e+37,9.30540028e+01,5.76460752e+15,8.44513840e-02,7.96429504e+01,2.19127136e+01,1.00000000e+00,7.51926756e+03
8.41031051e+00,1.00000000e-02,8.19094559e-15,6.92815392e+12,6.80909935e-40,1.87231144e-40,8.19926515e-08,1.94310624e-39,8.94802789e-42,1.07485253e-06,3.04834553e-07,6.86794111e-38,3.27168924e-41,1.43581774e-42,6.38864718e-45,2.24510959e-07,1.13931937e+33,3.77807842e+35,8.62728464e+02,3.48884763e+32,1.39882719e+36,1.01853958e+02,1.76008097e+02,3.59466245e+31,7.54592757e+34,2.36236345e+38,3.02612642e+38,9.30540028e+01,1.79769313e+308,7.65034348e-02,7.60960900e+01,2.09242915e+01,1.00000000e+00,7.67536847e+03
8.96150502e+00,1.00000000e-02,5.20511539e-16,6.88983285e+12,4.32699099e-41,1.18904130e-41,8.19402834e-08,1.31708091e-40,5.95463776e-43,1.06905155e-06,3.03881413e-07,4.66095342e-39,2.22034390e-42,9.12421764e-44,4.31890467e-46,2.23185026e-07,1.79287149e+34,5.94531196e+36,8.62728464e+02,5.49016861e+33,2.20124177e+37,1.01853958e+02,1.76008097e+02,5.65668239e+32,1.18745268e+36,3.71749501e+39,4.76201486e+39,9.30540028e+01,1.79769313e+308,6.86230099e-02,7.26658979e+01,1.99683231e+01,1.00000000e+00,7.82743404e+03
9.54882369e+00,1.00000000e-02,2.76111228e-17,6.85056247e+12,2.29530127e-42,6.30311155e-43,8.18845199e-08,7.45143167e-42,3.30957628e-44,1.06290484e-06,3.02869086e-07,2.63954349e-40,1.25740246e-43,4.84004436e-45,2.43656842e-47,2.21780810e-07,3.37983466e+35,1.12078147e+38,8.62728464e+02,1.03498004e+35,4.14967456e+38,1.01853958e+02,1.76008097e+02,1.06637042e+34,2.23852839e+37,7.00804188e+40,8.97712020e+40,9.30540028e+01,1.79769313e+308,6.09034331e-02,6.93533274e+01,1.90450711e+01,1.00000000e+00,7.97547260e+03
1.01746340e+01,1.00000000e-02,1.20824273e-18,6.80987580e+12,1.00440721e-43,2.75619592e-44,8.18251437e-08,3.47727593e-43,1.51817599e-45,1.05639417e-06,3.01794124e-07,1.23268553e-41,5.87215865e-45,2.11796835e-46,1.13365268e-48,2.20294285e-07,7.72369884e+36,2.56124319e+39,8.62728464e+02,2.36516722e+36,9.48295991e+39,1.01853958e+02,1.76008097e+02,2.43690144e+35,5.11555175e+38,1.60149860e+42,2.05147825e+42,9.30540028e+01,1.79769313e+308,5.34378719e-02,6.61588128e+01,1.81546537e+01,1.00000000e+00,8.11951671e+03
1.08414587e+01,1.00000000e-02,4.30688064e-20,6.76739815e+12,3.58029215e-45,9.81709636e-46,8.17619234e-08,1.32170467e-44,5.67558883e-47,1.04950068e-06,3.00652909e-07,4.68782179e-43,2.23314321e-46,7.54967247e-48,4.29533055e-50,2.18721300e-07,2.16678932e+38,7.18525479e+40,8.62728464e+02,6.63518761e+37,2.66032852e+41,1.01853958e+02,1.76008097e+02,6.83642920e+36,1.43510553e+40,4.49280863e+43,5.75517152e+43,9.30540028e+01,1.79769313e+308,4.63155417e-02,6.30823030e+01,1.72970535e+01,1.00000000e+00,8.25962190e+03
1.15519857e+01,1.00000000e-02,1.23388048e-21,6.72282773e+12,1.02571977e-46,2.81018969e-47,8.16946135e-08,4.03729070e-46,1.70602717e-48,1.04220491e-06,2.99441650e-07,1.43235747e-44,6.82333825e-48,2.16290961e-49,1.30763817e-51,2.17057582e-07,7.56321468e+39,2.50802530e+42,8.62728464e+02,2.31602343e+39,9.28592156e+42,1.01853958e+02,1.76008097e+02,2.38626714e+38,5.00926006e+41,1.56822243e+45,2.00885233e+45,9.30540028e+01,1.79769313e+308,3.96178388e-02,6.01232962e+01,1.64721274e+01,1.00000000e+00,8.39586555e+03
1.23090791e+01,1.00000000e-02,2.80069311e-23,6.67591761e+12,2.32820465e-48,6.37304441e-49,8.16229533e-08,9.76984572e-48,4.06454090e-50,1.03448679e-06,2.98156377e-07,3.46638092e-46,1.65128398e-49,4.90942689e-51,3.15303845e-53,2.15298752e-07,3.33206911e+41,1.10494201e+44,8.62728464e+02,1.02035318e+41,4.09102924e+44,1.01853958e+02,1.76008097e+02,1.05129993e+40,2.20689236e+43,6.90900065e+46,8.85025095e+46,9.30540028e+01,1.15292150e+16,3.34146825e-02,5.72808764e+01,1.56796169e+01,1.00000000e+00,8.52834551e+03
1.31157910e+01,1.00000000e-02,4.96035847e-25,6.62646012e+12,4.12352557e-50,1.12768652e-50,8.15466658e-08,1.84459685e-49,7.55864726e-52,1.02632572e-06,2.96792940e-07,6.54365610e-48,3.11720920e-51,8.69517520e-53,5.93047912e-55,2.13440333e-07,1.88133641e+43,6.23866903e+45,8.62728464e+02,5.76106773e+42,2.30985673e+46,1.01853958e+02,1.76008097e+02,5.93579774e+41,1.24604467e+45,3.90092583e+48,4.99698499e+48,9.30540028e+01,1.79769313e+308,2.77613521e-02,5.45537506e+01,1.49191579e+01,1.00000000e+00,8.65717882e+03
1.39753730e+01,1.00000000e-02,6.74457109e-27,6.57427427e+12,5.60673418e-52,1.53178197e-52,8.14654570e-08,2.67344211e-51,1.07945769e-53,1.01770064e-06,2.95347007e-07,9.48033757e-50,4.51615963e-53,1.18227801e-54,8.56056574e-57,2.11477766e-07,1.38364662e+45,4.58828802e+47,8.62728464e+02,4.23703164e+44,1.69880593e+48,1.01853958e+02,1.76008097e+02,4.36553847e+43,9.16415312e+46,2.86897272e+50,3.67507978e+50,9.30540028e+01,1.79769313e+308,2.26960855e-02,5.19402868e+01,1.41902919e+01,1.00000000e+00,8.78250041e+03
1.48912903e+01,1.00000000e-02,6.91934807e-29,6.51919621e+12,5.75202556e-54,1.56980867e-54,8.13790149e-08,2.92329212e-53,1.16346969e-55,1.00859004e-06,2.93814062e-07,1.03600714e-51,4.93523946e-55,1.21291524e-56,9.32046035e-59,2.09406431e-07,1.34869686e+47,4.47239168e+49,8.62728464e+02,4.13000774e+46,1.65589551e+50,1.01853958e+02,1.76008097e+02,4.25526860e+45,8.93267424e+48,2.79650486e+52,3.58225032e+52,9.30540028e+01,1.79769313e+308,1.82397846e-02,4.94385511e+01,1.34924759e+01,1.00000000e+00,8.90446178e+03
1.58672350e+01,1.00000000e-02,1.00000000e-30,6.46107249e+12,8.31295883e-56,2.26615838e-56,8.12870085e-08,4.50257259e-55,1.76697233e-57,9.98972076e-07,2.92189405e-07,1.59437973e-53,7.59516559e-57,1.75293283e-58,1.42903403e-60,2.07221666e-07,9.33210299e+48,3.09460348e+51,8.62728464e+02,2.85769611e+48,1.14577174e+52,1.01853958e+02,1.76008097e+02,2.94436846e+47,6.18082822e+50,1.93499905e+54,2.47868368e+54,9.30540028e+01,1.79769313e+308,2.77425633e-02,4.70463442e+01,1.28250927e+01,1.00000000e+00,9.02322975e+03
1.69071410e+01,1.00000000e-02,1.00000000e-30,6.39975574e+12,8.31295883e-56,2.26342847e-56,8.11890867e-08,4.79819509e-55,1.85717808e-57,9.88824684e-07,2.90468157e-07,1.69727231e-53,8.08531622e-57,1.75293283e-58,1.51548776e-60,2.04918794e-07,9.33210299e+48,3.09460348e+51,8.62728464e+02,2.85769611e+48,1.14577174e+52,1.01853958e+02,1.76008097e+02,2.94436846e+47,6.18082822e+50,1.93499905e+54,2.47868368e+54,9.30540028e+01,1.15292150e+16,1.14179815e+16,4.47612371e+01,1.21874606e+01,1.00000000e+00,9.13898530e+03
1.80152004e+01,1.00000000e-02,1.00000000e-30,6.33510213e+12,8.31295883e-56,2.26052327e-56,8.10848771e-08,5.11280021e-55,1.95228761e-57,9.78125658e-07,2.88645258e-07,1.80624134e-53,8.60441326e-57,1.75293283e-58,1.60655046e-60,2.02493153e-07,9.33210299e+48,3.09460348e+51,8.62728464e+02,2.85769611e+48,1.14577174e+52,1.01853958e+02,1.76008097e+02,2.94436846e+47,6.18082822e+50,1.93499905e+54,2.47868368e+54,9.30540028e+01,1.15292150e+16,1.14179815e+16,4.25806054e+01,1.15788435e+01,1.00000000e+00,9.25192237e+03
1.91958797e+01,1.00000000e-02,1.00000000e-30,6.26697020e+12,8.31295883e-56,2.25743176e-56,8.09739850e-08,5.44757953e-55,2.05249824e-57,9.66852802e-07,2.86715477e-07,1.92159952e-53,9.15394638e-57,1.75293283e-58,1.70239534e-60,1.99940128e-07,9.33210299e+48,3.09460348e+51,8.62728464e+02,2.85769611e+48,1.14577174e+52,1.01853958e+02,1.76008097e+02,2.94436846e+47,6.18082822e+50,1.93499905e+54,2.47868368e+54,9.30540028e+01,2.30584301e+16,2.28359631e+16,4.05016613e+01,1.09984590e+01,1.00000000e+00,9.36224687e+03
2.04539383e+01,1.00000000e-02,1.00000000e-30,6.19522061e+12,8.31295883e-56,2.25414230e-56,8.08559922e-08,5.80379579e-55,2.15800584e-57,9.54984079e-07,2.84673419e-07,2.04366944e-53,9.73545232e-57,1.75293283e-58,1.80319227e-60,1.97255196e-07,9.33210299e+48,3.09460348e+51,8.62728464e+02,2.85769611e+48,1.14577174e+52,1.01853958e+02,1.76008097e+02,2.94436846e+47,6.18082822e+50,1.93499905e+54,2.47868368e+54,9.30540028e+01,1.79769313e+308,1.79769313e+308,3.85214843e+01,1.04454875e+01,1.00000000e+00,9.47017566e+03
2.17944475e+01,1.00000000e-02,1.00000000e-30,6.11971655e+12,8.31295883e-56,2.25064253e-56,8.07304556e-08,6.18278653e-55,2.26900331e-57,9.42497794e-07,2.82513530e-07,2.17278298e-53,1.03505120e-56,1.75293283e-58,1.90910612e-60,1.94433964e-07,9.33210299e+48,3.09460348e+51,8.62728464e+02,2.85769611e+48,1.14577174e+52,1.01853958e+02,1.76008097e+02,2.94436846e+47,6.18082822e+50,1.93499905e+54,2.47868368e+54,9.30540028e+01,2.30584301e+16,1.14179815e+16,3.66370503e+01,9.91907998e+00,1.00000000e+00,9.57593570e+03
2.32228110e+01,1.00000000e-02,1.00000000e-30,6.04032450e+12,8.31295883e-56,2.24691937e-56,8.05969060e-08,6.58596805e-55,2.38567872e-57,9.29372788e-07,2.80230118e-07,2.30928051e-53,1.10007469e-56,1.75293283e-58,2.02029486e-60,1.91472225e-07,9.33210299e+48,3.09460348e+51,8.62728464e+02,2.85769611e+48,1.14577174e+52,1.01853958e+02,1.76008097e+02,2.94436846e+47,6.18082822e+50,1.93499905e+54,2.47868368e+54,9.30540028e+01,2.30584301e+16,1.79769313e+308,3.48452571e+01,9.41836533e+00,1.00000000e+00,9.67976321e+03
2.47447864e+01,1.00000000e-02,1.00000000e-30,5.95691542e+12,8.31295883e-56,2.24295898e-56,8.04548469e-08,7.01483931e-55,2.50821332e-57,9.15588670e-07,2.77817362e-07,2.45350995e-53,1.16878144e-56,1.75293283e-58,2.13690748e-60,1.88366009e-07,9.33210299e+48,3.09460348e+51,8.62728464e+02,2.85769611e+48,1.14577174e+52,1.01853958e+02,1.76008097e+02,2.94436846e+47,6.18082822e+50,1.93499905e+54,2.47868368e+54,9.30540028e+01,1.79769313e+308,2.28359631e+16,3.31429498e+01,8.94245701e+00,1.00000000e+00,9.78190305e+03
2.63665090e+01,1.00000000e-02,1.00000000e-30,5.86936603e+12,8.31295883e-56,2.23874672e-56,8.03037532e-08,7.47098610e-55,2.63677929e-57,9.01126075e-07,2.75269335e-07,2.60582561e-53,1.24134023e-56,1.75293283e-58,2.25908156e-60,1.85111652e-07,9.33210299e+48,3.09460348e+51,8.62728464e+02,2.85769611e+48,1.14577174e+52,1.01853958e+02,1.76008097e+02,2.94436846e+47,6.18082822e+50,1.93499905e+54,2.47868368e+54,9.30540028e+01,2.30584301e+16,1.79769313e+308,3.15269422e+01,8.49045926e+00,1.00000000e+00,9.88260800e+03
2.80945159e+01,1.00000000e-02,1.00000000e-30,5.77756047e+12,8.31295883e-56,2.23426709e-56,8.01430693e-08,7.95608515e-55,2.77153716e-57,8.85966944e-07,2.72580027e-07,2.76658673e-53,1.31792219e-56,1.75293283e-58,2.38694076e-60,1.81705861e-07,9.33210299e+48,3.09460348e+51,8.62728464e+02,2.85769611e+48,1.14577174e+52,1.01853958e+02,1.76008097e+02,2.94436846e+47,6.18082822e+50,1.93499905e+54,2.47868368e+54,9.30540028e+01,2.30584301e+16,1.79769313e+308,2.99940371e+01,8.06147262e+00,1.00000000e+00,9.98213832e+03
2.99357729e+01,1.00000000e-02,1.00000000e-30,5.68139201e+12,8.31295883e-56,2.22950375e-56,7.99722083e-08,8.47190847e-55,2.91263302e-57,8.70094841e-07,2.69743374e-07,2.93615580e-53,1.39870001e-56,1.75293283e-58,2.52059189e-60,1.78145790e-07,9.33210299e+48,3.09460348e+51,8.62728464e+02,2.85769611e+48,1.14577174e+52,1.01853958e+02,1.76008097e+02,2.94436846e+47,6.18082822e+50,1.93499905e+54,2.47868368e+54,9.30540028e+01,1.79769313e+308,1.79769313e+308,2.85410444e+01,7.65459889e+00,1.00000000e+00,1.00807612e+04
3.18977022e+01,1.00000000e-02,1.00000000e-30,5.58076508e+12,8.31295883e-56,2.22443940e-56,7.97905503e-08,9.02032768e-55,3.06019545e-57,8.53495303e-07,2.66753292e-07,3.11489660e-53,1.48384698e-56,1.75293283e-58,2.66012188e-60,1.74429123e-07,9.33210299e+48,3.09460348e+51,8.62728464e+02,2.85769611e+48,1.14577174e+52,1.01853958e+02,1.76008097e+02,2.94436846e+47,6.18082822e+50,1.93499905e+54,2.47868368e+54,9.30540028e+01,1.79769313e+308,1.79769313e+308,2.71647970e+01,7.26894551e+00,1.00000000e+00,1.01787505e+04
3.39882122e+01,1.00000000e-02,1.00000000e-30,5.47559744e+12,8.31295883e-56,2.21905580e-56,7.95974408e-08,9.60331834e-55,3.21433215e-57,8.36156215e-07,2.63603710e-07,3.30317189e-53,1.57353590e-56,1.75293283e-58,2.80559439e-60,1.70554166e-07,9.33210299e+48,3.09460348e+51,8.62728464e+02,2.85769611e+48,1.14577174e+52,1.01853958e+02,1.76008097e+02,2.94436846e+47,6.18082822e+50,1.93499905e+54,2.47868368e+54,9.30540028e+01,2.30584301e+16,2.28359631e+16,2.58621650e+01,6.90362942e+00,1.00000000e+00,1.02763863e+04
3.62157300e+01,1.00000000e-02,1.00000000e-30,5.36582256e+12,8.31295883e-56,2.21333371e-56,7.93921897e-08,1.02229644e-54,3.37512628e-57,8.18068221e-07,2.60288625e-07,3.50134068e-53,1.66793781e-56,1.75293283e-58,2.95704629e-60,1.66519934e-07,9.33210299e+48,3.09460348e+51,8.62728464e+02,2.85769611e+48,1.14577174e+52,1.01853958e+02,1.76008097e+02,2.94436846e+47,6.18082822e+50,1.93499905e+54,2.47868368e+54,9.30540028e+01,1.79769313e+308,2.28359631e+16,2.46300675e+01,6.55778043e+00,1.00000000e+00,1.03739546e+04
3.85892347e+01,1.00000000e-02,1.00000000e-30,5.25139220e+12,8.31295883e-56,2.20725284e-56,7.91740692e-08,1.08814626e-54,3.54263259e-57,7.99225165e-07,2.56802141e-07,3.70975529e-53,1.76722052e-56,1.75293283e-58,3.11448382e-60,1.62326264e-07,9.33210299e+48,3.09460348e+51,8.62728464e+02,2.85769611e+48,1.14577174e+52,1.01853958e+02,1.76008097e+02,2.94436846e+47,6.18082822e+50,1.93499905e+54,2.47868368e+54,9.30540028e+01,4.61168602e+16,4.56719262e+16,2.34654840e+01,6.23054406e+00,1.00000000e+00,1.04717472e+04
4.11182940e+01,1.00000000e-02,1.00000000e-30,5.13227915e+12,8.31295883e-56,2.20079183e-56,7.89423129e-08,1.15811266e-54,3.71687320e-57,7.79624554e-07,2.53138536e-07,3.92875778e-53,1.87154699e-56,1.75293283e-58,3.27787867e-60,1.57973908e-07,9.33210299e+48,3.09460348e+51,8.62728464e+02,2.85769611e+48,1.14577174e+52,1.01853958e+02,1.76008097e+02,2.94436846e+47,6.18082822e+50,1.93499905e+54,2.47868368e+54,9.30540028e+01,1.79769313e+308,1.79769313e+308,2.23654625e+01,5.92108395e+00,1.00000000e+00,1.05700613e+04
4.38131027e+01,1.00000000e-02,1.00000000e-30,5.00848014e+12,8.31295883e-56,2.19392819e-56,7.86961143e-08,1.23243915e-54,3.89783330e-57,7.59268058e-07,2.49292325e-07,4.15867612e-53,1.98107347e-56,1.75293283e-58,3.44716382e-60,1.53464652e-07,9.33210299e+48,3.09460348e+51,8.62728464e+02,2.85769611e+48,1.14577174e+52,1.01853958e+02,1.76008097e+02,2.94436846e+47,6.18082822e+50,1.93499905e+54,2.47868368e+54,9.30540028e+01,1.79769313e+308,1.79769313e+308,2.13271276e+01,5.62858392e+00,1.00000000e+00,1.06691995e+04
4.66845237e+01,1.00000000e-02,1.00000000e-30,4.88001885e+12,8.31295883e-56,2.18663827e-56,7.84346253e-08,1.31138178e-54,4.08545651e-57,7.38162018e-07,2.45258330e-07,4.39981979e-53,2.09594736e-56,1.75293283e-58,3.62222938e-60,1.48801422e-07,9.33210299e+48,3.09460348e+51,8.62728464e+02,2.85769611e+48,1.14577174e+52,1.01853958e+02,1.76008097e+02,2.94436846e+47,6.18082822e+50,1.93499905e+54,2.47868368e+54,9.30540028e+01,4.61168602e+16,1.79769313e+308,2.03476865e+01,5.35224953e+00,1.00000000e+00,1.07694692e+04
4.97441317e+01,1.00000000e-02,1.00000000e-30,4.74694910e+12,8.31295883e-56,2.17889724e-56,7.81569549e-08,1.39520951e-54,4.27964022e-57,7.16317977e-07,2.41031764e-07,4.65247492e-53,2.21630499e-56,1.75293283e-58,3.80291831e-60,1.43988403e-07,9.33210299e+48,3.09460348e+51,8.62728464e+02,2.85769611e+48,1.14577174e+52,1.01853958e+02,1.76008097e+02,2.94436846e+47,6.18082822e+50,1.93499905e+54,2.47868368e+54,9.30540028e+01,1.79769313e+308,4.56719262e+16,1.94244339e+01,5.09130938e+00,1.00000000e+00,1.08711824e+04
5.30042602e+01,1.00000000e-02,1.00000000e-30,4.60935799e+12,8.31295883e-56,2.17067903e-56,7.78621682e-08,1.48420459e-54,4.48023081e-57,6.93753215e-07,2.36608321e-07,4.91689894e-53,2.34226897e-56,1.75293283e-58,3.98902227e-60,1.39031144e-07,9.33210299e+48,3.09460348e+51,8.62728464e+02,2.85769611e+48,1.14577174e+52,1.01853958e+02,1.76008097e+02,2.94436846e+47,6.18082822e+50,1.93499905e+54,2.47868368e+54,9.30540028e+01,2.30584301e+16,4.56719262e+16,1.85547557e+01,4.84501608e+00,1.00000000e+00,1.09746554e+04
5.64780507e+01,1.00000000e-02,1.00000000e-30,4.46736910e+12,8.31295883e-56,2.16195633e-56,7.75492852e-08,1.57866287e-54,4.68701896e-57,6.70491279e-07,2.31984274e-07,5.19331470e-53,2.47394547e-56,1.75293283e-58,4.18027759e-60,1.33936667e-07,9.33210299e+48,3.09460348e+51,8.62728464e+02,2.85769611e+48,1.14577174e+52,1.01853958e+02,1.76008097e+02,2.94436846e+47,6.18082822e+50,1.93499905e+54,2.47868368e+54,9.30540028e+01,4.61168602e+16,1.79769313e+308,1.77361323e+01,4.61264686e+00,1.00000000e+00,1.10802084e+04
6.01795064e+01,1.00000000e-02,1.00000000e-30,4.32114563e+12,8.31295883e-56,2.15270053e-56,7.72172800e-08,1.67889408e-54,4.89973497e-57,6.46562510e-07,2.27156578e-07,5.48190408e-53,2.61142114e-56,1.75293283e-58,4.37636152e-60,1.28713570e-07,9.33210299e+48,3.09460348e+51,8.62728464e+02,2.85769611e+48,1.14577174e+52,1.01853958e+02,1.76008097e+02,2.94436846e+47,6.18082822e+50,1.93499905e+54,2.47868368e+54,9.30540028e+01,4.61168602e+16,1.79769313e+308,1.69661398e+01,4.39350402e+00,1.00000000e+00,1.11881645e+04
6.41235480e+01,1.00000000e-02,1.00000000e-30,4.17089339e+12,8.31295883e-56,2.14288172e-56,7.68650798e-08,1.78522207e-54,5.11804442e-57,6.22004525e-07,2.22122994e-07,5.78280106e-53,2.75475979e-56,1.75293283e-58,4.57688884e-60,1.23372115e-07,9.33210299e+48,3.09460348e+51,8.62728464e+02,2.85769611e+48,1.14577174e+52,1.01853958e+02,1.76008097e+02,2.94436846e+47,6.18082822e+50,1.93499905e+54,2.47868368e+54,9.30540028e+01,1.79769313e+308,4.56719262e+16,1.62424515e+01,4.18691505e+00,1.00000000e+00,1.12988489e+04
6.83260739e+01,1.00000000e-02,1.00000000e-30,4.01686351e+12,8.31295883e-56,2.13246869e-56,7.64915649e-08,1.89798494e-54,5.34154419e-57,5.96862672e-07,2.16882204e-07,6.09608438e-53,2.90399893e-56,1.75293283e-58,4.78140911e-60,1.17924299e-07,9.33210299e+48,3.09460348e+51,8.62728464e+02,2.85769611e+48,1.14577174e+52,1.01853958e+02,1.76008097e+02,2.94436846e+47,6.18082822e+50,1.93499905e+54,2.47868368e+54,9.30540028e+01,1.79769313e+308,1.79769313e+308,1.55628383e+01,3.99223261e+00,1.00000000e+00,1.14125881e+04
7.28040247e+01,1.00000000e-02,1.00000000e-30,3.85935491e+12,8.31295883e-56,2.12142889e-56,7.60955676e-08,2.01753511e-54,5.56975902e-57,5.71190415e-07,2.11433945e-07,6.42176971e-53,3.05914604e-56,1.75293283e-58,4.98940457e-60,1.12383915e-07,9.33210299e+48,3.09460348e+51,8.62728464e+02,2.85769611e+48,1.14577174e+52,1.01853958e+02,1.76008097e+02,2.94436846e+47,6.18082822e+50,1.93499905e+54,2.47868368e+54,9.30540028e+01,1.79769313e+308,4.56719262e+16,1.49251679e+01,3.80883425e+00,1.00000000e+00,1.15297084e+04
7.75754513e+01,1.00000000e-02,1.00000000e-30,3.69871620e+12,8.31295883e-56,2.10972845e-56,7.56758733e-08,2.14423935e-54,5.80213880e-57,5.45049635e-07,2.05779149e-07,6.75980141e-53,3.22017460e-56,1.75293283e-58,5.20028897e-60,1.06766578e-07,9.33210299e+48,3.09460348e+51,8.62728464e+02,2.85769611e+48,1.14577174e+52,1.01853958e+02,1.76008097e+02,2.94436846e+47,6.18082822e+50,1.93499905e+54,2.47868368e+54,9.30540028e+01,9.22337204e+16,1.79769313e+308,1.43274043e+01,3.63612200e+00,1.00000000e+00,1.16505338e+04
8.26595874e+01,1.00000000e-02,1.00000000e-30,3.53534708e+12,8.31295883e-56,2.09733220e-56,7.52312201e-08,2.27847861e-54,6.03805682e-57,5.18510833e-07,1.99920082e-07,7.11004404e-53,3.38702010e-56,1.75293283e-58,5.41340753e-60,1.01089729e-07,9.33210299e+48,3.09460348e+51,8.62728464e+02,2.85769611e+48,1.14577174e+52,1.01853958e+02,1.76008097e+02,2.94436846e+47,6.18082822e+50,1.93499905e+54,2.47868368e+54,9.30540028e+01,9.22337204e+16,9.13438523e+16,1.37676062e+01,3.47352179e+00,1.00000000e+00,1.17753845e+04
8.80769273e+01,1.00000000e-02,1.00000000e-30,3.36969900e+12,8.31295883e-56,2.08420366e-56,7.47603000e-08,2.42064775e-54,6.27680910e-57,4.91653201e-07,1.93860489e-07,7.47227364e-53,3.55957584e-56,1.75293283e-58,5.62803813e-60,9.53726039e-08,9.33210299e+48,3.09460348e+51,8.62728464e+02,2.85769611e+48,1.14577174e+52,1.01853958e+02,1.76008097e+02,2.94436846e+47,6.18082822e+50,1.93499905e+54,2.47868368e+54,9.30540028e+01,1.79769313e+308,9.13438523e+16,1.32439249e+01,3.32048279e+00,1.00000000e+00,1.19045737e+04
9.38493086e+01,1.00000000e-02,1.00000000e-30,3.20227494e+12,8.31295883e-56,2.07030512e-56,7.42617602e-08,2.57115517e-54,6.51761520e-57,4.64564531e-07,1.87605745e-07,7.84616897e-53,3.73768880e-56,1.75293283e-58,5.84339413e-60,8.96361565e-08,9.33210299e+48,3.09460348e+51,8.62728464e+02,2.85769611e+48,1.14577174e+52,1.01853958e+02,1.76008097e+02,2.94436846e+47,6.18082822e+50,1.93499905e+54,2.47868368e+54,9.30540028e+01,9.22337204e+16,9.13438523e+16,1.27546021e+01,3.17647646e+00,1.00000000e+00,1.20384047e+04
1.00000000e+02,1.00000000e-02,1.00000000e-30,3.03362813e+12,8.31295883e-56,2.05559769e-56,7.37342051e-08,2.73042222e-54,6.75962052e-57,4.37340959e-07,1.81162996e-07,8.23130282e-53,3.92115547e-56,1.75293283e-58,6.05862873e-60,8.39029425e-08,9.33210299e+48,3.09460348e+51,8.62728464e+02,2.85769611e+48,1.14577174e+52,1.01853958e+02,1.76008097e+02,2.94436846e+47,6.18082822e+50,1.93499905e+54,2.47868368e+54,9.30540028e+01,1.79769313e+308,1.79769313e+308,1.22979667e+01,3.04099569e+00,1.00000000e+00,1.21771670e+04
