time,t9,rho,R15_14,Y_h1,X_h1,Y_he4,X_he4,Y_c12,X_c12,Y_c13,X_c13,Y_n13,X_n13,Y_n14,X_n14,Y_n15,X_n15,Y_o14,X_o14,Y_o15,X_o15,Y_o16,X_o16,Y_o17,X_o17,Y_o18,X_o18,Y_f17,X_f17,Y_f18,X_f18,Y_ne20,X_ne20
0.00000000e+00,4.48100000e-01,4.06600000e+03,3.67647059e-03,7.12941125e-01,7.12941125e-01,6.91377283e-02,2.76550913e-01,1.89972106e-04,2.27966527e-03,2.13235956e-06,2.77206743e-05,0.00000000e+00,0.00000000e+00,5.71014320e-05,7.99420047e-04,2.09931735e-07,3.14897603e-06,0.00000000e+00,0.00000000e+00,0.00000000e+00,0.00000000e+00,3.62073936e-04,5.79318297e-03,1.37916336e-07,2.34457772e-06,7.25875455e-07,1.30657582e-05,0.00000000e+00,0.00000000e+00,0.00000000e+00,0.00000000e+00,7.17611355e-05,1.43522271e-03
1.00000000e-09,4.48100000e-01,4.06600000e+03,2.90527940e-03,7.12941059e-01,7.12941059e-01,6.91377866e-02,2.76551146e-01,1.90018716e-04,2.28022459e-03,2.13226001e-06,2.77193801e-05,5.23477657e-09,6.80520955e-08,5.71000861e-05,7.99401206e-04,1.64411731e-07,2.46617596e-06,2.25318791e-14,3.15446308e-13,1.47997322e-09,2.21995983e-08,3.62073887e-04,5.79318219e-03,1.37881636e-07,2.34398781e-06,7.19517411e-07,1.29513134e-05,5.37799434e-11,9.14259039e-10,1.07629381e-13,1.93732886e-12,7.17611355e-05,1.43522271e-03
1.07790740e-09,4.48100000e-01,4.06600000e+03,2.85398778e-03,7.12941055e-01,7.12941055e-01,6.91377906e-02,2.76551162e-01,1.90021843e-04,2.28026212e-03,2.13225225e-06,2.77192793e-05,5.64265363e-09,7.33544971e-08,5.70999813e-05,7.99399738e-04,1.61367376e-07,2.42051064e-06,2.61795977e-14,3.66514368e-13,1.59527262e-09,2.39290893e-08,3.62073883e-04,5.79318213e-03,1.37878933e-07,2.34394186e-06,7.19024417e-07,1.29424395e-05,5.79697985e-11,9.85486574e-10,1.16008901e-13,2.08816021e-12,7.17611355e-05,1.43522271e-03
1.16188436e-09,4.48100000e-01,4.06600000e+03,2.79997465e-03,7.12941050e-01,7.12941050e-01,6.91377949e-02,2.76551179e-01,1.90025140e-04,2.28030168e-03,2.13224389e-06,2.77191706e-05,6.08231444e-09,7.90700877e-08,5.70998683e-05,7.99398156e-04,1.58158629e-07,2.37237944e-06,3.04178631e-14,4.25850083e-13,1.71955446e-09,2.57933170e-08,3.62073879e-04,5.79318206e-03,1.37876019e-07,2.34389233e-06,7.18493393e-07,1.29328811e-05,6.24860741e-11,1.06226326e-09,1.25040340e-13,2.25072611e-12,7.17611355e-05,1.43522271e-03
1.25240375e-09,4.48100000e-01,4.06600000e+03,2.74320001e-03,7.12941045e-01,7.12941045e-01,6.91377994e-02,2.76551198e-01,1.90028612e-04,2.28034334e-03,2.13223488e-06,2.77190535e-05,6.55623617e-09,8.52310702e-08,5.70997464e-05,7.99396450e-04,1.54782507e-07,2.32173760e-06,3.53422843e-14,4.94791980e-13,1.85351850e-09,2.78027775e-08,3.62073874e-04,5.79318199e-03,1.37872879e-07,2.34383894e-06,7.17921438e-07,1.29225859e-05,6.73542009e-11,1.14502142e-09,1.34774341e-13,2.42593813e-12,7.17611355e-05,1.43522271e-03
1.34997528e-09,4.48100000e-01,4.06600000e+03,2.68364099e-03,7.12941039e-01,7.12941039e-01,6.91378042e-02,2.76551217e-01,1.90032259e-04,2.28038711e-03,2.13222517e-06,2.77189272e-05,7.06708907e-09,9.18721579e-08,5.70996151e-05,7.99394612e-04,1.51236949e-07,2.26855423e-06,4.10639502e-14,5.74895302e-13,1.99791901e-09,2.99687852e-08,3.62073870e-04,5.79318191e-03,1.37869494e-07,2.34378140e-06,7.17305434e-07,1.29114978e-05,7.26015907e-11,1.23422704e-09,1.45265468e-13,2.61477842e-12,7.17611355e-05,1.43522271e-03
1.45514834e-09,4.48100000e-01,4.06600000e+03,2.62129483e-03,7.12941034e-01,7.12941034e-01,6.91378092e-02,2.76551237e-01,1.90036085e-04,2.28043302e-03,2.13221470e-06,2.77187911e-05,7.61775153e-09,9.90307699e-08,5.70994736e-05,7.99392630e-04,1.47520986e-07,2.21281479e-06,4.77119355e-14,6.67967097e-13,2.15356902e-09,3.23035353e-08,3.62073864e-04,5.79318183e-03,1.37865845e-07,2.34371937e-06,7.16642030e-07,1.28995565e-05,7.82577908e-11,1.33038244e-09,1.56572509e-13,2.81830517e-12,7.17611355e-05,1.43522271e-03
1.56851516e-09,4.48100000e-01,4.06600000e+03,2.55618210e-03,7.12941028e-01,7.12941028e-01,6.91378145e-02,2.76551258e-01,1.90040088e-04,2.28048106e-03,2.13220341e-06,2.77186444e-05,8.21132634e-09,1.06747242e-07,5.70993210e-05,7.99390494e-04,1.43634918e-07,2.15452377e-06,5.54362132e-14,7.76106985e-13,2.32134488e-09,3.48201732e-08,3.62073859e-04,5.79318174e-03,1.37861912e-07,2.34365251e-06,7.15927629e-07,1.28866973e-05,8.43546507e-11,1.43402906e-09,1.68758800e-13,3.03765840e-12,7.17611355e-05,1.43522271e-03
1.69071410e-09,4.48100000e-01,4.06600000e+03,2.48835012e-03,7.12941021e-01,7.12941021e-01,6.91378201e-02,2.76551280e-01,1.90044268e-04,2.28053122e-03,2.13219125e-06,2.77184862e-05,8.85115814e-09,1.15065056e-07,5.70991565e-05,7.99388192e-04,1.39580502e-07,2.09370753e-06,6.44110381e-14,9.01754533e-13,2.50219122e-09,3.75328683e-08,3.62073853e-04,5.79318164e-03,1.37857673e-07,2.34358044e-06,7.15158368e-07,1.28728506e-05,9.09265008e-11,1.54575051e-09,1.81892574e-13,3.27406633e-12,7.17611355e-05,1.43522271e-03
1.82243324e-09,4.48100000e-01,4.06600000e+03,2.41787639e-03,7.12941014e-01,7.12941014e-01,6.91378260e-02,2.76551304e-01,1.90048622e-04,2.28058346e-03,2.13217814e-06,2.77183158e-05,9.54085231e-09,1.24031080e-07,5.70989793e-05,7.99385710e-04,1.35361148e-07,2.03041722e-06,7.48388782e-14,1.04774429e-12,2.69712625e-09,4.04568937e-08,3.62073846e-04,5.79318154e-03,1.37853104e-07,2.34350277e-06,7.14330102e-07,1.28579418e-05,9.80103465e-11,1.66617589e-09,1.96047335e-13,3.52885203e-12,7.17611355e-05,1.43522271e-03
1.96441428e-09,4.48100000e-01,4.06600000e+03,2.34487219e-03,7.12941007e-01,7.12941007e-01,6.91378321e-02,2.76551329e-01,1.90053145e-04,2.28063774e-03,2.13216400e-06,2.77181320e-05,1.02842952e-08,1.33695838e-07,5.70987882e-05,7.99383035e-04,1.30982113e-07,1.96473170e-06,8.69549834e-14,1.21736977e-12,2.90724747e-09,4.36087121e-08,3.62073839e-04,5.79318143e-03,1.37848179e-07,2.34341904e-06,7.13438382e-07,1.28418909e-05,1.05646076e-10,1.79598329e-09,2.11302266e-13,3.80344079e-12,7.17611355e-05,1.43522271e-03
2.11745669e-09,4.48100000e-01,4.06600000e+03,2.26948603e-03,7.12941000e-01,7.12941000e-01,6.91378386e-02,2.76551354e-01,1.90057830e-04,2.28069396e-03,2.13214877e-06,2.77179340e-05,1.10856763e-08,1.44113792e-07,5.70985822e-05,7.99380151e-04,1.26450697e-07,1.89676045e-06,1.01032693e-13,1.41445770e-12,3.13373791e-09,4.70060687e-08,3.62073832e-04,5.79318130e-03,1.37842870e-07,2.34332879e-06,7.12478437e-07,1.28246119e-05,1.13876685e-10,1.93590364e-09,2.27742659e-13,4.09936786e-12,7.17611355e-05,1.43522271e-03
2.28242224e-09,4.48100000e-01,4.06600000e+03,2.19190699e-03,7.12940992e-01,7.12940992e-01,6.91378453e-02,2.76551381e-01,1.90062668e-04,2.28075202e-03,2.13213235e-06,2.77177205e-05,1.19495113e-08,1.55343647e-07,5.70983602e-05,7.99377043e-04,1.21776422e-07,1.82664634e-06,1.17389602e-13,1.64345443e-12,3.37787272e-09,5.06680908e-08,3.62073823e-04,5.79318117e-03,1.37837148e-07,2.34323152e-06,7.11445152e-07,1.28060127e-05,1.22748519e-10,2.08672482e-09,2.45460384e-13,4.41828690e-12,7.17611355e-05,1.43522271e-03
2.46023982e-09,4.48100000e-01,4.06600000e+03,2.11236778e-03,7.12940984e-01,7.12940984e-01,6.91378523e-02,2.76551409e-01,1.90067649e-04,2.28081179e-03,2.13211464e-06,2.77174904e-05,1.28806681e-08,1.67448685e-07,5.70981209e-05,7.99373693e-04,1.16971205e-07,1.75456807e-06,1.36394731e-13,1.90952623e-12,3.64102637e-09,5.46153956e-08,3.62073814e-04,5.79318103e-03,1.37830981e-07,2.34312667e-06,7.10333044e-07,1.27859948e-05,1.32311534e-10,2.24929608e-09,2.64554388e-13,4.76197898e-12,7.17611355e-05,1.43522271e-03
2.65191071e-09,4.48100000e-01,4.06600000e+03,2.03114723e-03,7.12940975e-01,7.12940975e-01,6.91378596e-02,2.76551439e-01,1.90072758e-04,2.28087310e-03,2.13209556e-06,2.77172423e-05,1.38843940e-08,1.80497122e-07,5.70978630e-05,7.99370082e-04,1.12049486e-07,1.68074230e-06,1.58476845e-13,2.21867583e-12,3.92468041e-09,5.88702061e-08,3.62073805e-04,5.79318088e-03,1.37824333e-07,2.34301367e-06,7.09136242e-07,1.27644524e-05,1.42619578e-10,2.42453283e-09,2.85131238e-13,5.13236228e-12,7.17611355e-05,1.43522271e-03
2.85851418e-09,4.48100000e-01,4.06600000e+03,1.94857232e-03,7.12940966e-01,7.12940966e-01,6.91378672e-02,2.76551469e-01,1.90077979e-04,2.28093575e-03,2.13207500e-06,2.77169750e-05,1.49663451e-08,1.94562486e-07,5.70975849e-05,7.99366189e-04,1.07028342e-07,1.60542513e-06,1.84134135e-13,2.57787789e-12,4.23043176e-09,6.34564763e-08,3.62073794e-04,5.79318071e-03,1.37817168e-07,2.34289186e-06,7.07848458e-07,1.27412722e-05,1.53730695e-10,2.61342182e-09,3.07305695e-13,5.53150251e-12,7.17611355e-05,1.43522271e-03
3.08121359e-09,4.48100000e-01,4.06600000e+03,1.86501916e-03,7.12940957e-01,7.12940957e-01,6.91378751e-02,2.76551500e-01,1.90083292e-04,2.28099950e-03,2.13205283e-06,2.77166868e-05,1.61326183e-08,2.09724038e-07,5.70972852e-05,7.99361993e-04,1.01927530e-07,1.52891294e-06,2.13945455e-13,2.99523636e-12,4.56000173e-09,6.84000259e-08,3.62073783e-04,5.79318053e-03,1.37809445e-07,2.34276057e-06,7.06462965e-07,1.27163334e-05,1.65707449e-10,2.81702664e-09,3.31201339e-13,5.96162410e-12,7.17611355e-05,1.43522271e-03
3.32126293e-09,4.48100000e-01,4.06600000e+03,1.78091308e-03,7.12940947e-01,7.12940947e-01,6.91378832e-02,2.76551533e-01,1.90088676e-04,2.28106411e-03,2.13202894e-06,2.77163762e-05,1.73897858e-08,2.26067215e-07,5.70969622e-05,7.99357470e-04,9.67694817e-08,1.45154223e-06,2.48583382e-13,3.48016734e-12,4.91524571e-09,7.37286856e-08,3.62073771e-04,5.79318034e-03,1.37801121e-07,2.34261906e-06,7.04972569e-07,1.26895062e-05,1.78617281e-10,3.03649377e-09,3.56951234e-13,6.42512221e-12,7.17611355e-05,1.43522271e-03
3.58001389e-09,4.48100000e-01,4.06600000e+03,1.69672731e-03,7.12940937e-01,7.12940937e-01,6.91378916e-02,2.76551567e-01,1.90094106e-04,2.28112928e-03,2.13200318e-06,2.77160413e-05,1.87449315e-08,2.43684109e-07,5.70966139e-05,7.99352595e-04,9.15792212e-08,1.37368832e-06,2.88829393e-13,4.04361150e-12,5.29816357e-09,7.94724536e-08,3.62073758e-04,5.79318013e-03,1.37792149e-07,2.34246653e-06,7.03369581e-07,1.26606525e-05,1.92532883e-10,3.27305901e-09,3.84698644e-13,6.92457560e-12,7.17611355e-05,1.43522271e-03
3.85892347e-09,4.48100000e-01,4.06600000e+03,1.61298016e-03,7.12940926e-01,7.12940926e-01,6.91379003e-02,2.76551601e-01,1.90099556e-04,2.28119467e-03,2.13197542e-06,2.77156804e-05,2.02056915e-08,2.62673990e-07,5.70962386e-05,7.99347340e-04,8.63841895e-08,1.29576284e-06,3.35591496e-13,4.69828095e-12,5.71091096e-09,8.56636643e-08,3.62073744e-04,5.79317990e-03,1.37782479e-07,2.34230213e-06,7.01645790e-07,1.26296242e-05,2.07532612e-10,3.52805441e-09,4.14597803e-13,7.46276046e-12,7.17611355e-05,1.43522271e-03
4.15956216e-09,4.48100000e-01,4.06600000e+03,1.53023049e-03,7.12940915e-01,7.12940915e-01,6.91379091e-02,2.76551637e-01,1.90104996e-04,2.28125996e-03,2.13194549e-06,2.77152914e-05,2.17802967e-08,2.83143857e-07,5.70958340e-05,7.99341676e-04,8.12139750e-08,1.21820963e-06,3.89924718e-13,5.45894605e-12,6.15581138e-09,9.23371707e-08,3.62073729e-04,5.79317966e-03,1.37772055e-07,2.34212494e-06,6.99792434e-07,1.25962638e-05,2.23700931e-10,3.80291582e-09,4.46814736e-13,8.04266524e-12,7.17611355e-05,1.43522271e-03
4.48362284e-09,4.48100000e-01,4.06600000e+03,1.44907129e-03,7.12940904e-01,7.12940904e-01,6.91379182e-02,2.76551673e-01,1.90110396e-04,2.28132475e-03,2.13191324e-06,2.77148721e-05,2.34776192e-08,3.05209049e-07,5.70953979e-05,7.99335571e-04,7.60999331e-08,1.14149900e-06,4.53054905e-13,6.34276867e-12,6.63536931e-09,9.95305397e-08,3.62073712e-04,5.79317940e-03,1.37760821e-07,2.34193396e-06,6.97800169e-07,1.25604030e-05,2.41128879e-10,4.09919095e-09,4.81528141e-13,8.66750654e-12,7.17611355e-05,1.43522271e-03
4.83293024e-09,4.48100000e-01,4.06600000e+03,1.37012126e-03,7.12940892e-01,7.12940892e-01,6.91379275e-02,2.76551710e-01,1.90115722e-04,2.28138867e-03,2.13187847e-06,2.77144201e-05,2.53072219e-08,3.28993884e-07,5.70949278e-05,7.99328990e-04,7.10746912e-08,1.06612037e-06,5.26406383e-13,7.36968936e-12,7.15228426e-09,1.07284264e-07,3.62073695e-04,5.79317911e-03,1.37748713e-07,2.34172812e-06,6.95659044e-07,1.25218628e-05,2.59914593e-10,4.41854808e-09,5.18930339e-13,9.34074610e-12,7.17611355e-05,1.43522271e-03
5.20945127e-09,4.48100000e-01,4.06600000e+03,1.29401440e-03,7.12940880e-01,7.12940880e-01,6.91379370e-02,2.76551748e-01,1.90120943e-04,2.28145132e-03,2.13184099e-06,2.77139329e-05,2.72794127e-08,3.54632365e-07,5.70944211e-05,7.99321896e-04,6.61715379e-08,9.92573068e-07,6.11634090e-13,8.56287725e-12,7.70946595e-09,1.15641989e-07,3.62073676e-04,5.79317881e-03,1.37735662e-07,2.34150626e-06,6.93358467e-07,1.24804524e-05,2.80163851e-10,4.76278547e-09,5.59228280e-13,1.00661090e-11,7.17611355e-05,1.43522271e-03
5.61530608e-09,4.48100000e-01,4.06600000e+03,1.22138760e-03,7.12940867e-01,7.12940867e-01,6.91379467e-02,2.76551787e-01,1.90126025e-04,2.28151229e-03,2.13180060e-06,2.77134077e-05,2.94053022e-08,3.82268929e-07,5.70938750e-05,7.99314249e-04,6.14237011e-08,9.21355516e-07,7.10660911e-13,9.94925275e-12,8.31005068e-09,1.24650760e-07,3.62073655e-04,5.79317848e-03,1.37721596e-07,2.34126714e-06,6.90887177e-07,1.24359692e-05,3.01990674e-10,5.13384146e-09,6.02644633e-13,1.08476034e-11,7.17611355e-05,1.43522271e-03
6.05277998e-09,4.48100000e-01,4.06600000e+03,1.15286662e-03,7.12940855e-01,7.12940855e-01,6.91379566e-02,2.76551826e-01,1.90130935e-04,2.28157122e-03,2.13175705e-06,2.77128417e-05,3.16968662e-08,4.12059260e-07,5.70932862e-05,7.99306007e-04,5.68635258e-08,8.52952887e-07,8.25721063e-13,1.15600949e-11,8.95741898e-09,1.34361285e-07,3.62073633e-04,5.79317812e-03,1.37706436e-07,2.34100942e-06,6.88233219e-07,1.23881979e-05,3.25517966e-10,5.53380543e-09,6.49418941e-13,1.16895409e-11,7.17611355e-05,1.43522271e-03
6.52433633e-09,4.48100000e-01,4.06600000e+03,1.08905071e-03,7.12940841e-01,7.12940841e-01,6.91379666e-02,2.76551866e-01,1.90135642e-04,2.28162771e-03,2.13171012e-06,2.77122316e-05,3.41670127e-08,4.44171165e-07,5.70926517e-05,7.99297123e-04,5.25215792e-08,7.87823689e-07,9.59410494e-13,1.34317469e-11,9.65521460e-09,1.44828219e-07,3.62073609e-04,5.79317774e-03,1.37690097e-07,2.34073165e-06,6.85383914e-07,1.23369104e-05,3.50878206e-10,5.96492950e-09,6.99808858e-13,1.25965594e-11,7.17611355e-05,1.43522271e-03
7.03263041e-09,4.48100000e-01,4.06600000e+03,1.03049648e-03,7.12940828e-01,7.12940828e-01,6.91379768e-02,2.76551907e-01,1.90140119e-04,2.28168143e-03,2.13165953e-06,2.77115739e-05,3.68296549e-08,4.78785514e-07,5.70919677e-05,7.99287547e-04,4.84257078e-08,7.26385617e-07,1.11474544e-12,1.56064362e-11,1.04073650e-08,1.56110475e-07,3.62073583e-04,5.79317733e-03,1.37672487e-07,2.34043227e-06,6.82325836e-07,1.22818650e-05,3.78214193e-10,6.42964129e-09,7.54091479e-13,1.35736466e-11,7.17611355e-05,1.43522271e-03
7.58052437e-09,4.48100000e-01,4.06600000e+03,9.77701705e-04,7.12940813e-01,7.12940813e-01,6.91379872e-02,2.76551949e-01,1.90144341e-04,2.28173209e-03,2.13160500e-06,2.77108651e-05,3.96997892e-08,5.16097260e-07,5.70912304e-05,7.99277225e-04,4.46000912e-08,6.69001367e-07,1.29523049e-12,1.81332269e-11,1.12181034e-08,1.68271551e-07,3.62073555e-04,5.79317688e-03,1.37653507e-07,2.34010962e-06,6.79044790e-07,1.22228062e-05,4.07679853e-10,6.93055750e-09,8.12564745e-13,1.46261654e-11,7.17611355e-05,1.43522271e-03
8.17110332e-09,4.48100000e-01,4.06600000e+03,9.31089975e-04,7.12940799e-01,7.12940799e-01,6.91379978e-02,2.76551991e-01,1.90148285e-04,2.28177942e-03,2.13154623e-06,2.77101010e-05,4.27935795e-08,5.56316533e-07,5.70904356e-05,7.99266099e-04,4.10643411e-08,6.15965117e-07,1.50493760e-12,2.10691264e-11,1.20919926e-08,1.81379889e-07,3.62073525e-04,5.79317640e-03,1.37633052e-07,2.33976188e-06,6.75525793e-07,1.21594643e-05,4.39441102e-10,7.47049873e-09,8.75548951e-13,1.57598811e-11,7.17611355e-05,1.43522271e-03
8.80769273e-09,4.48100000e-01,4.06600000e+03,8.90997146e-04,7.12940784e-01,7.12940784e-01,6.91380085e-02,2.76552034e-01,1.90151937e-04,2.28182325e-03,2.13148288e-06,2.77092774e-05,4.61284478e-08,5.99669821e-07,5.70895790e-05,7.99254106e-04,3.78327029e-08,5.67490543e-07,1.74859799e-12,2.44803718e-11,1.30339506e-08,1.95509259e-07,3.62073493e-04,5.79317589e-03,1.37611006e-07,2.33938711e-06,6.71753061e-07,1.20915551e-05,4.73676782e-10,8.05250530e-09,9.43388352e-13,1.69809903e-11,7.17611355e-05,1.43522271e-03
9.49387718e-09,4.48100000e-01,4.06600000e+03,8.57660640e-04,7.12940768e-01,7.12940768e-01,6.91380195e-02,2.76552078e-01,1.90155286e-04,2.28186343e-03,2.13141459e-06,2.77083897e-05,4.97231726e-08,6.46401244e-07,5.70886556e-05,7.99241179e-04,3.49134164e-08,5.23701245e-07,2.03170881e-12,2.84439234e-11,1.40492783e-08,2.10739175e-07,3.62073458e-04,5.79317533e-03,1.37587247e-07,2.33898320e-06,6.67709998e-07,1.20187800e-05,5.10579671e-10,8.67985440e-09,1.01645287e-12,1.82961516e-11,7.17611355e-05,1.43522271e-03
1.02335205e-08,4.48100000e-01,4.06600000e+03,8.31212587e-04,7.12940752e-01,7.12940752e-01,6.91380308e-02,2.76552123e-01,1.90158327e-04,2.28189993e-03,2.13134099e-06,2.77074329e-05,5.35979943e-08,6.96773927e-07,5.70876603e-05,7.99227245e-04,3.23082945e-08,4.84624418e-07,2.36065721e-12,3.30492009e-11,1.51436893e-08,2.27155339e-07,3.62073421e-04,5.79317473e-03,1.37561642e-07,2.33854791e-06,6.63379197e-07,1.19408256e-05,5.50357561e-10,9.35607855e-09,1.09513989e-12,1.97125181e-11,7.17611355e-05,1.43522271e-03
1.10307874e-08,4.48100000e-01,4.06600000e+03,8.11677720e-04,7.12940735e-01,7.12940735e-01,6.91380423e-02,2.76552169e-01,1.90161061e-04,2.28193274e-03,2.13126166e-06,2.77064015e-05,5.77747290e-08,7.51071477e-07,5.70865875e-05,7.99212225e-04,3.00125719e-08,4.50188578e-07,2.74286431e-12,3.84001004e-11,1.63233416e-08,2.44850123e-07,3.62073381e-04,5.79317409e-03,1.37534047e-07,2.33807879e-06,6.58742448e-07,1.18573641e-05,5.93234437e-10,1.00849854e-08,1.17987624e-12,2.12377724e-11,7.17611355e-05,1.43522271e-03
1.18901674e-08,4.48100000e-01,4.06600000e+03,7.98976604e-04,7.12940717e-01,7.12940717e-01,6.91380542e-02,2.76552217e-01,1.90163495e-04,2.28196195e-03,2.13117614e-06,2.77052899e-05,6.22768911e-08,8.09599584e-07,5.70854311e-05,7.99196036e-04,2.80150538e-08,4.20225806e-07,3.18695267e-12,4.46173374e-11,1.75948727e-08,2.63923091e-07,3.62073337e-04,5.79317340e-03,1.37504308e-07,2.33757324e-06,6.53780750e-07,1.17680535e-05,6.39451732e-10,1.08706794e-08,1.27112016e-12,2.28801630e-11,7.17611355e-05,1.43522271e-03
1.28164995e-08,4.48100000e-01,4.06600000e+03,7.92934528e-04,7.12940698e-01,7.12940698e-01,6.91380666e-02,2.76552266e-01,1.90165641e-04,2.28198769e-03,2.13108398e-06,2.77040917e-05,6.71298259e-08,8.72687736e-07,5.70841847e-05,7.99178586e-04,2.62985872e-08,3.94478808e-07,3.70294071e-12,5.18411700e-11,1.89654368e-08,2.84481552e-07,3.62073291e-04,5.79317266e-03,1.37472260e-07,2.33702841e-06,6.48474343e-07,1.16725382e-05,6.89269686e-10,1.17175847e-08,1.36936353e-12,2.46485435e-11,7.17611355e-05,1.43522271e-03
1.38149996e-08,4.48100000e-01,4.06600000e+03,7.93295861e-04,7.12940678e-01,7.12940678e-01,6.91380793e-02,2.76552317e-01,1.90167513e-04,2.28201015e-03,2.13098463e-06,2.77028002e-05,7.23608519e-08,9.40691075e-07,5.70828412e-05,7.99159776e-04,2.48408406e-08,3.72612608e-07,4.30246868e-12,6.02345615e-11,2.04427445e-08,3.06641167e-07,3.62073241e-04,5.79317186e-03,1.37437723e-07,2.33644129e-06,6.42802751e-07,1.15704495e-05,7.42968817e-10,1.26304699e-08,1.47513410e-12,2.65524138e-11,7.17611355e-05,1.43522271e-03
1.48912903e-08,4.48100000e-01,4.06600000e+03,7.99743250e-04,7.12940658e-01,7.12940658e-01,6.91380927e-02,2.76552371e-01,1.90169130e-04,2.28202956e-03,2.13087755e-06,2.77014081e-05,7.79994146e-08,1.01399239e-06,5.70813930e-05,7.99139502e-04,2.36153562e-08,3.54230343e-07,4.99906118e-12,6.99868565e-11,2.20351065e-08,3.30526597e-07,3.62073187e-04,5.79317100e-03,1.37400505e-07,2.33580859e-06,6.36744839e-07,1.14614071e-05,8.00851496e-10,1.36144754e-08,1.58899794e-12,2.86019630e-11,7.17611355e-05,1.43522271e-03
1.60514320e-08,4.48100000e-01,4.06600000e+03,8.11920461e-04,7.12940636e-01,7.12940636e-01,6.91381066e-02,2.76552426e-01,1.90170510e-04,2.28204612e-03,2.13076213e-06,2.76999077e-05,8.40772523e-08,1.09300428e-06,5.70798320e-05,7.99117648e-04,2.25928081e-08,3.38892121e-07,5.80843220e-12,8.13180508e-11,2.37514801e-08,3.56272202e-07,3.62073130e-04,5.79317008e-03,1.37360399e-07,2.33512679e-06,6.30278892e-07,1.13450200e-05,8.63243650e-10,1.46751420e-08,1.71156198e-12,3.08081157e-11,7.17611355e-05,1.43522271e-03
1.73019574e-08,4.48100000e-01,4.06600000e+03,8.29457368e-04,7.12940612e-01,7.12940612e-01,6.91381212e-02,2.76552485e-01,1.90171674e-04,2.28206008e-03,2.13063773e-06,2.76982905e-05,9.06285740e-08,1.17817146e-06,5.70781494e-05,7.99094092e-04,2.17423777e-08,3.26135665e-07,6.74883949e-12,9.44837528e-11,2.56015195e-08,3.84022793e-07,3.62073068e-04,5.79316909e-03,1.37317182e-07,2.33439209e-06,6.23382712e-07,1.12208888e-05,9.30496598e-10,1.58184422e-08,1.84347663e-12,3.31825794e-11,7.17611355e-05,1.43522271e-03
1.86499079e-08,4.48100000e-01,4.06600000e+03,8.51995171e-04,7.12940588e-01,7.12940588e-01,6.91381366e-02,2.76552547e-01,1.90172636e-04,2.28207163e-03,2.13050365e-06,2.76965474e-05,9.76902523e-08,1.26997328e-06,5.70763358e-05,7.99068701e-04,2.10331395e-08,3.15497092e-07,7.84149631e-12,1.09780948e-10,2.75956297e-08,4.13934445e-07,3.62073002e-04,5.79316803e-03,1.37270613e-07,2.33360042e-06,6.16033746e-07,1.10886074e-05,1.00298903e-09,1.70508135e-08,1.98543863e-12,3.57378953e-11,7.17611355e-05,1.43522271e-03
2.01028738e-08,4.48100000e-01,4.06600000e+03,8.79210022e-04,7.12940561e-01,7.12940561e-01,6.91381529e-02,2.76552612e-01,1.90173410e-04,2.28208092e-03,2.13035912e-06,2.76946686e-05,1.05302030e-07,1.36892639e-06,5.70743809e-05,7.99041333e-04,2.04353507e-08,3.06530261e-07,9.11104983e-12,1.27554698e-10,2.97450250e-08,4.46175375e-07,3.62072931e-04,5.79316689e-03,1.37220433e-07,2.33274737e-06,6.08209234e-07,1.09477662e-05,1.08112914e-09,1.83791953e-08,2.13819390e-12,3.84874902e-11,7.17611355e-05,1.43522271e-03
2.16690364e-08,4.48100000e-01,4.06600000e+03,9.10833222e-04,7.12940534e-01,7.12940534e-01,6.91381700e-02,2.76552680e-01,1.90174003e-04,2.28208803e-03,2.13020335e-06,2.76926436e-05,1.13506744e-07,1.47558768e-06,5.70722738e-05,7.99011834e-04,1.99215409e-08,2.98823113e-07,1.05861369e-11,1.48205917e-10,3.20617918e-08,4.80926877e-07,3.62072854e-04,5.79316567e-03,1.37166365e-07,2.33182820e-06,5.99886397e-07,1.07979552e-05,1.16535691e-09,1.98110675e-08,2.30254064e-12,4.14457315e-11,7.17611355e-05,1.43522271e-03
2.33572147e-08,4.48100000e-01,4.06600000e+03,9.46666737e-04,7.12940504e-01,7.12940504e-01,6.91381882e-02,2.76552753e-01,1.90174415e-04,2.28209298e-03,2.13003546e-06,2.76904610e-05,1.22350566e-07,1.59055735e-06,5.70700026e-05,7.98980037e-04,1.94673285e-08,2.92009927e-07,1.23000299e-11,1.72200419e-10,3.45589563e-08,5.18384345e-07,3.62072773e-04,5.79316436e-03,1.37108108e-07,2.33083784e-06,5.91042651e-07,1.06387677e-05,1.25614663e-09,2.13544926e-08,2.47933242e-12,4.46279836e-11,7.17611355e-05,1.43522271e-03
2.51769146e-08,4.48100000e-01,4.06599999e+03,9.86593215e-04,7.12940472e-01,7.12940472e-01,6.91382073e-02,2.76552829e-01,1.90174641e-04,2.28209569e-03,2.12985450e-06,2.76881085e-05,1.31883258e-07,1.71448235e-06,5.70675545e-05,7.98945764e-04,1.90519189e-08,2.85778784e-07,1.42913870e-11,2.00079418e-10,3.72505573e-08,5.58758360e-07,3.62072685e-04,5.79316296e-03,1.37045340e-07,2.32977079e-06,5.81655865e-07,1.04698056e-05,1.35400950e-09,2.30181614e-08,2.66948146e-12,4.80506662e-11,7.17611355e-05,1.43522271e-03
2.71383825e-08,4.48100000e-01,4.06599999e+03,1.03058043e-03,7.12940438e-01,7.12940438e-01,6.91382276e-02,2.76552910e-01,1.90174663e-04,2.28209596e-03,2.12965946e-06,2.76855730e-05,1.42158456e-07,1.84805993e-06,5.70649158e-05,7.98908822e-04,1.86582777e-08,2.79874166e-07,1.66051236e-11,2.32471731e-10,4.01517249e-08,6.02275874e-07,3.62072591e-04,5.79316146e-03,1.36977715e-07,2.32862115e-06,5.71704662e-07,1.02906839e-05,1.45949657e-09,2.48114417e-08,2.87396193e-12,5.17313148e-11,7.17611355e-05,1.43522271e-03
2.92526634e-08,4.48100000e-01,4.06599999e+03,1.07868080e-03,7.12940402e-01,7.12940402e-01,6.91382491e-02,2.76552996e-01,1.90174459e-04,2.28209350e-03,2.12944925e-06,2.76828402e-05,1.53233968e-07,1.99204159e-06,5.70620716e-05,7.98869003e-04,1.82730168e-08,2.74095252e-07,1.92934256e-11,2.70107958e-10,4.32787650e-08,6.49181475e-07,3.62072491e-04,5.79315985e-03,1.36904858e-07,2.32738259e-06,5.61168764e-07,1.01010378e-05,1.57320182e-09,2.67444310e-08,3.09381339e-12,5.56886410e-11,7.17611355e-05,1.43522271e-03
3.15316623e-08,4.48100000e-01,4.06599999e+03,1.13102699e-03,7.12940364e-01,7.12940364e-01,6.91382717e-02,2.76553087e-01,1.90173994e-04,2.28208792e-03,2.12922268e-06,2.76798949e-05,1.65172097e-07,2.14723727e-06,5.70590059e-05,7.98826083e-04,1.78860508e-08,2.68290762e-07,2.24169252e-11,3.13836953e-10,4.66492505e-08,6.99738757e-07,3.62072383e-04,5.79315813e-03,1.36826369e-07,2.32604827e-06,5.50029383e-07,9.90052889e-06,1.69576551e-09,2.88280136e-08,3.33014420e-12,5.99425956e-11,7.17611355e-05,1.43522271e-03
3.39882122e-08,4.48100000e-01,4.06599999e+03,1.18782517e-03,7.12940323e-01,7.12940323e-01,6.91382956e-02,2.76553183e-01,1.90173225e-04,2.28207870e-03,2.12897849e-06,2.76767204e-05,1.78039990e-07,2.31451988e-06,5.70557015e-05,7.98779821e-04,1.74901100e-08,2.62351650e-07,2.60460687e-11,3.64644962e-10,5.02821193e-08,7.54231789e-07,3.62072268e-04,5.79315628e-03,1.36741815e-07,2.32461085e-06,5.38269665e-07,9.68885397e-06,1.82787775e-09,3.10739217e-08,3.58413500e-12,6.45144300e-11,7.17611355e-05,1.43522271e-03
3.66361454e-08,4.48100000e-01,4.06599999e+03,1.24934729e-03,7.12940280e-01,7.12940280e-01,6.91383208e-02,2.76553283e-01,1.90172099e-04,2.28206519e-03,2.12871530e-06,2.76732989e-05,1.91910013e-07,2.49483017e-06,5.70521398e-05,7.98729958e-04,1.70801938e-08,2.56202906e-07,3.02627040e-11,4.23677855e-10,5.41977803e-08,8.12966704e-07,3.62072144e-04,5.79315431e-03,1.36650732e-07,2.32306244e-06,5.25875192e-07,9.46575345e-06,1.97028244e-09,3.34948015e-08,3.85704215e-12,6.94267587e-11,7.17611355e-05,1.43522271e-03
3.94903723e-08,4.48100000e-01,4.06599999e+03,1.31592375e-03,7.12940233e-01,7.12940233e-01,6.91383474e-02,2.76553389e-01,1.90170553e-04,2.28204664e-03,2.12843165e-06,2.76696115e-05,2.06860154e-07,2.68918200e-06,5.70483008e-05,7.98676212e-04,1.66530331e-08,2.49795496e-07,3.51619257e-11,4.92266960e-10,5.84182270e-08,8.76273405e-07,3.62072012e-04,5.79315220e-03,1.36552621e-07,2.32139456e-06,5.12834525e-07,9.23102146e-06,2.12378144e-09,3.61042844e-08,4.15020110e-12,7.47036198e-11,7.17611355e-05,1.43522271e-03
4.25669645e-08,4.48100000e-01,4.06599999e+03,1.38793742e-03,7.12940184e-01,7.12940184e-01,6.91383752e-02,2.76553501e-01,1.90168513e-04,2.28202215e-03,2.12812594e-06,2.76656372e-05,2.22974456e-07,2.89866793e-06,5.70441629e-05,7.98618281e-04,1.62066249e-08,2.43099373e-07,4.08542189e-11,5.71959064e-10,6.29671604e-08,9.44507406e-07,3.62071871e-04,5.79314994e-03,1.36446945e-07,2.31959807e-06,4.99139816e-07,8.98451669e-06,2.28923905e-09,3.89170638e-08,4.46502965e-12,8.03705337e-11,7.17611355e-05,1.43522271e-03
4.58832461e-08,4.48100000e-01,4.06599999e+03,1.46581952e-03,7.12940132e-01,7.12940132e-01,6.91384044e-02,2.76553618e-01,1.90165891e-04,2.28199070e-03,2.12779646e-06,2.76613540e-05,2.40343491e-07,3.12446538e-06,5.70397029e-05,7.98555841e-04,1.57398587e-08,2.36097880e-07,4.74679485e-11,6.64551278e-10,6.78701206e-08,1.01805181e-06,3.62071720e-04,5.79314752e-03,1.36333129e-07,2.31766319e-06,4.84787452e-07,8.72617414e-06,2.46758692e-09,4.19489777e-08,4.80303104e-12,8.64545588e-11,7.17611355e-05,1.43522271e-03
4.94578905e-08,4.48100000e-01,4.06599999e+03,1.55004742e-03,7.12940077e-01,7.12940077e-01,6.91384349e-02,2.76553740e-01,1.90162591e-04,2.28195109e-03,2.12744137e-06,2.76567379e-05,2.59064853e-07,3.36784309e-06,5.70348957e-05,7.98488539e-04,1.52522490e-08,2.28783735e-07,5.51522525e-11,7.72131535e-10,7.31546292e-08,1.09731944e-06,3.62071558e-04,5.79314493e-03,1.36210551e-07,2.31557937e-06,4.69778757e-07,8.45601763e-06,2.65982930e-09,4.52170981e-08,5.16579676e-12,9.29843417e-11,7.17611356e-05,1.43522271e-03
5.33110262e-08,4.48100000e-01,4.06599999e+03,1.64114443e-03,7.12940019e-01,7.12940019e-01,6.91384668e-02,2.76553867e-01,1.90158499e-04,2.28190199e-03,2.12705869e-06,2.76517630e-05,2.79243710e-07,3.63016823e-06,5.70297142e-05,7.98415999e-04,1.47437606e-08,2.21156408e-07,6.40804024e-11,8.97125634e-10,7.88503423e-08,1.18275513e-06,3.62071385e-04,5.79314216e-03,1.36078547e-07,2.31333530e-06,4.54120723e-07,8.17417302e-06,2.86704864e-09,4.87398269e-08,5.55500901e-12,9.99901621e-11,7.17611356e-05,1.43522271e-03
5.74643497e-08,4.48100000e-01,4.06599999e+03,1.73968098e-03,7.12939957e-01,7.12939957e-01,6.91384999e-02,2.76554000e-01,1.90153489e-04,2.28184187e-03,2.12664627e-06,2.76464014e-05,3.00993377e-07,3.91291390e-06,5.70241295e-05,7.98337812e-04,1.42147080e-08,2.13220620e-07,7.44537064e-11,1.04235189e-09,8.49892152e-08,1.27483823e-06,3.62071200e-04,5.79313920e-03,1.35936402e-07,2.31091884e-06,4.37826770e-07,7.88088186e-06,3.09041174e-09,5.25369996e-08,5.97244273e-12,1.07503969e-10,7.17611356e-05,1.43522271e-03
6.19412478e-08,4.48100000e-01,4.06599999e+03,1.84627707e-03,7.12939892e-01,7.12939892e-01,6.91385343e-02,2.76554137e-01,1.90147416e-04,2.28176900e-03,2.12620180e-06,2.76406234e-05,3.24435949e-07,4.21766734e-06,5.70181100e-05,7.98253540e-04,1.36657092e-08,2.04985637e-07,8.65060443e-11,1.21108462e-09,9.16056799e-08,1.37408520e-06,3.62071002e-04,5.79313603e-03,1.35783350e-07,2.30831694e-06,4.20917508e-07,7.57651515e-06,3.33117629e-09,5.66299970e-08,6.41996703e-12,1.15559407e-10,7.17611356e-05,1.43522271e-03
6.67669294e-08,4.48100000e-01,4.06599999e+03,1.96160547e-03,7.12939823e-01,7.12939823e-01,6.91385700e-02,2.76554280e-01,1.90140121e-04,2.28168145e-03,2.12572281e-06,2.76343966e-05,3.49702968e-07,4.54613859e-06,5.70116221e-05,7.98162710e-04,1.30976712e-08,1.96465068e-07,1.00509135e-10,1.40712789e-09,9.87368355e-08,1.48105253e-06,3.62070790e-04,5.79313263e-03,1.35618566e-07,2.30551562e-06,4.03421501e-07,7.26158701e-06,3.59069797e-09,6.10418655e-08,6.89954590e-12,1.24191826e-10,7.17611356e-05,1.43522271e-03
7.19685673e-08,4.48099999e-01,4.06599999e+03,2.08639557e-03,7.12939750e-01,7.12939750e-01,6.91386067e-02,2.76554427e-01,1.90131421e-04,2.28157705e-03,2.12520663e-06,2.76276862e-05,3.76936152e-07,4.90016997e-06,5.70046293e-05,7.98064810e-04,1.25117956e-08,1.87676935e-07,1.16778654e-10,1.63490115e-09,1.06422654e-07,1.59633981e-06,3.62070562e-04,5.79312900e-03,1.35441168e-07,2.30249986e-06,3.85375978e-07,6.93676760e-06,3.87043806e-09,6.57974470e-08,7.41323804e-12,1.33438285e-10,7.17611356e-05,1.43522271e-03
7.75754513e-08,4.48099999e-01,4.06599998e+03,2.22143772e-03,7.12939674e-01,7.12939674e-01,6.91386445e-02,2.76554578e-01,1.90121117e-04,2.28145341e-03,2.12465037e-06,2.76204548e-05,4.06288167e-07,5.28174617e-06,5.69970924e-05,7.97959293e-04,1.19095916e-08,1.78643874e-07,1.35681341e-10,1.89953877e-09,1.14706201e-07,1.72059301e-06,3.62070318e-04,5.79312510e-03,1.35250210e-07,2.29925358e-06,3.66827493e-07,6.60289488e-06,4.17197168e-09,7.09235186e-08,7.96319555e-12,1.43337520e-10,7.17611356e-05,1.43522271e-03
8.36191530e-08,4.48099999e-01,4.06599998e+03,2.36758785e-03,7.12939594e-01,7.12939594e-01,6.91386832e-02,2.76554733e-01,1.90108986e-04,2.28130784e-03,2.12405094e-06,2.76126622e-05,4.37923464e-07,5.69300503e-06,5.69889690e-05,7.97845566e-04,1.12928905e-08,1.69393357e-07,1.57643253e-10,2.20700554e-09,1.23633873e-07,1.85450810e-06,3.62070057e-04,5.79312091e-03,1.35044677e-07,2.29575950e-06,3.47832475e-07,6.26098455e-06,4.49699668e-09,7.64489435e-08,8.55166142e-12,1.53929906e-10,7.17611356e-05,1.43522271e-03
9.01337039e-08,4.48099999e-01,4.06599998e+03,2.52577239e-03,7.12939509e-01,7.12939509e-01,6.91387227e-02,2.76554891e-01,1.90094782e-04,2.28113738e-03,2.12340500e-06,2.76042650e-05,4.72019176e-07,6.13624929e-06,5.69802137e-05,7.97722992e-04,1.06638579e-08,1.59957869e-07,1.83159352e-10,2.56423092e-09,1.33255655e-07,1.99883483e-06,3.62069776e-04,5.79311642e-03,1.34823480e-07,2.29199916e-06,3.28457635e-07,5.91223742e-06,4.84734314e-09,8.24048334e-08,9.18096533e-12,1.65257376e-10,7.17611356e-05,1.43522271e-03
9.71557865e-08,4.48099999e-01,4.06599998e+03,2.69699357e-03,7.12939421e-01,7.12939421e-01,6.91387628e-02,2.76555051e-01,1.90078233e-04,2.28093880e-03,2.12270895e-06,2.75952164e-05,5.08766077e-07,6.61395900e-06,5.69707773e-05,7.97590882e-04,1.00250007e-08,1.50375011e-07,2.12804637e-10,2.97926491e-09,1.43625393e-07,2.15438089e-06,3.62069474e-04,5.79311159e-03,1.34585457e-07,2.28795276e-06,3.08780185e-07,5.55804333e-06,5.22498375e-09,8.88247237e-08,9.85351773e-12,1.77363319e-10,7.17611356e-05,1.43522271e-03
1.04724941e-07,4.48099999e-01,4.06599998e+03,2.88233488e-03,7.12939328e-01,7.12939328e-01,6.91388034e-02,2.76555214e-01,1.90059044e-04,2.28070852e-03,2.12195894e-06,2.75854662e-05,5.48369616e-07,7.12880501e-06,5.69606069e-05,7.97448497e-04,9.37916612e-09,1.40687492e-07,2.47247075e-10,3.46145905e-09,1.54801091e-07,2.32201636e-06,3.62069150e-04,5.79310640e-03,1.34329360e-07,2.28359912e-06,2.88887824e-07,5.19998084e-06,5.63204484e-09,9.57447623e-08,1.05718016e-11,1.90292430e-10,7.17611357e-05,1.43522271e-03
1.12883789e-07,4.48099999e-01,4.06599998e+03,3.08296693e-03,7.12939231e-01,7.12939231e-01,6.91388443e-02,2.76555377e-01,1.90036891e-04,2.28044269e-03,2.12115079e-06,2.75749602e-05,5.91051024e-07,7.68366331e-06,5.69496456e-05,7.97295038e-04,8.72953180e-09,1.30942977e-07,2.87262616e-10,4.02167662e-09,1.66845228e-07,2.50267842e-06,3.62068800e-04,5.79310080e-03,1.34053857e-07,2.27891557e-06,2.68878429e-07,4.83981171e-06,6.07081841e-09,1.03203913e-07,1.13383620e-11,2.04090516e-10,7.17611357e-05,1.43522271e-03
1.21678272e-07,4.48099999e-01,4.06599998e+03,3.30015350e-03,7.12939130e-01,7.12939130e-01,6.91388852e-02,2.76555541e-01,1.90011426e-04,2.28013711e-03,2.12028002e-06,2.75636402e-05,6.37048499e-07,8.28163048e-06,5.69378319e-05,7.97129647e-04,8.07958493e-09,1.21193774e-07,3.33752624e-10,4.67253673e-09,1.79825102e-07,2.69737653e-06,3.62068423e-04,5.79309476e-03,1.33757523e-07,2.27387789e-06,2.48859406e-07,4.47946931e-06,6.54377501e-09,1.11244175e-07,1.21557922e-11,2.18804259e-10,7.17611357e-05,1.43522271e-03
1.31157910e-07,4.48099999e-01,4.06599997e+03,3.53525797e-03,7.12939024e-01,7.12939024e-01,6.91389259e-02,2.76555704e-01,1.89982271e-04,2.27978726e-03,2.11934181e-06,2.75514436e-05,6.86618480e-07,8.92604024e-06,5.69250997e-05,7.96951396e-04,7.43308876e-09,1.11496331e-07,3.87764126e-10,5.42869776e-09,1.93813195e-07,2.90719792e-06,3.62068015e-04,5.79308824e-03,1.33438836e-07,2.26846022e-06,2.28946668e-07,4.12104003e-06,7.05357763e-09,1.19910820e-07,1.30267167e-11,2.34480900e-10,7.17611357e-05,1.43522271e-03
1.41376081e-07,4.48099999e-01,4.06599997e+03,3.78975001e-03,7.12938914e-01,7.12938914e-01,6.91389662e-02,2.76555865e-01,1.89949024e-04,2.27938829e-03,2.11833098e-06,2.75383027e-05,7.40037010e-07,9.62048113e-06,5.69113778e-05,7.96759290e-04,6.79403544e-09,1.01910532e-07,4.50513311e-10,6.30718635e-09,2.08887567e-07,3.13331350e-06,3.62067574e-04,5.79308118e-03,1.33096172e-07,2.26263492e-06,2.09263178e-07,3.76673720e-06,7.60309673e-09,1.29252644e-07,1.39537707e-11,2.51167872e-10,7.17611357e-05,1.43522271e-03
1.52390324e-07,4.48099999e-01,4.06599997e+03,4.06521272e-03,7.12938798e-01,7.12938798e-01,6.91390058e-02,2.76556023e-01,1.89911254e-04,2.27893504e-03,2.11724193e-06,2.75241451e-05,7.97601194e-07,1.03688155e-05,5.68965895e-05,7.96552252e-04,6.16658443e-09,9.24987664e-08,5.23412821e-10,7.32777949e-09,2.25132283e-07,3.37698424e-06,3.62067096e-04,5.79307353e-03,1.32727797e-07,2.25637255e-06,1.89937051e-07,3.41886691e-06,8.19542636e-09,1.39322248e-07,1.49395747e-11,2.68912345e-10,7.17611358e-05,1.43522272e-03
1.64262658e-07,4.48099999e-01,4.06599997e+03,4.36335007e-03,7.12938678e-01,7.12938678e-01,6.91390445e-02,2.76556178e-01,1.89868504e-04,2.27842205e-03,2.11606867e-06,2.75088927e-05,8.59630766e-07,1.11752000e-05,5.68806519e-05,7.96329127e-04,5.55498613e-09,8.33247919e-08,6.08103423e-10,8.51344792e-09,2.42637864e-07,3.63956796e-06,3.62066577e-04,5.79306523e-03,1.32331864e-07,2.24964169e-06,1.71099203e-07,3.07978565e-06,8.83390160e-09,1.50176327e-07,1.59867044e-11,2.87760679e-10,7.17611358e-05,1.43522272e-03
1.77059935e-07,4.48099999e-01,4.06599996e+03,4.68599489e-03,7.12938553e-01,7.12938553e-01,6.91390819e-02,2.76556328e-01,1.89820295e-04,2.27784354e-03,2.11480473e-06,2.74924615e-05,9.26469756e-07,1.20441068e-05,5.68634762e-05,7.96088666e-04,4.96349137e-09,7.44523706e-08,7.06490780e-10,9.89087092e-09,2.61501778e-07,3.92252667e-06,3.62066012e-04,5.79305620e-03,1.31906408e-07,2.24240894e-06,1.52880564e-07,2.75185016e-06,9.52211734e-09,1.61875995e-07,1.70976547e-11,3.07757785e-10,7.17611358e-05,1.43522272e-03
1.90854214e-07,4.48099999e-01,4.06599996e+03,5.03511740e-03,7.12938422e-01,7.12938422e-01,6.91391178e-02,2.76556471e-01,1.89766122e-04,2.27719346e-03,2.11344316e-06,2.74747611e-05,9.98488286e-07,1.29803477e-05,5.68449663e-05,7.95829528e-04,4.39624854e-09,6.59437281e-08,8.20788126e-10,1.14910338e-08,2.81828963e-07,4.22743445e-06,3.62065398e-04,5.79304637e-03,1.31449338e-07,2.23463875e-06,1.35408910e-07,2.43736038e-06,1.02639485e-08,1.74487124e-07,1.82747986e-11,3.28946375e-10,7.17611358e-05,1.43522272e-03
2.05723170e-07,4.48099998e-01,4.06599996e+03,5.41283442e-03,7.12938286e-01,7.12938286e-01,6.91391521e-02,2.76556608e-01,1.89705461e-04,2.27646553e-03,2.11197650e-06,2.74556945e-05,1.07608448e-06,1.39890983e-05,5.68250191e-05,7.95550267e-04,3.85719063e-09,5.78578595e-08,9.53565795e-10,1.33499211e-08,3.03732390e-07,4.55598585e-06,3.62064729e-04,5.79303566e-03,1.30958432e-07,2.22629335e-06,1.18805380e-07,2.13849684e-06,1.10635718e-08,1.88080720e-07,1.95203377e-11,3.51366079e-10,7.17611359e-05,1.43522272e-03
2.21750528e-07,4.48099998e-01,4.06599995e+03,5.82141938e-03,7.12938144e-01,7.12938144e-01,6.91391844e-02,2.76556737e-01,1.89637766e-04,2.27565319e-03,2.11039672e-06,2.74351573e-05,1.15968652e-06,1.50759247e-05,5.68035232e-05,7.95249325e-04,3.34991644e-09,5.02487465e-08,1.10780869e-09,1.55093217e-08,3.27333663e-07,4.91000495e-06,3.62063998e-04,5.79302397e-03,1.30431335e-07,2.21733269e-06,1.03180820e-07,1.85725476e-06,1.19254893e-08,2.02733319e-07,2.08362467e-11,3.75052440e-10,7.17611359e-05,1.43522272e-03
2.39026535e-07,4.48099998e-01,4.06599995e+03,6.26331335e-03,7.12937995e-01,7.12937995e-01,6.91392145e-02,2.76556858e-01,1.89562474e-04,2.27474969e-03,2.10869518e-06,2.74130374e-05,1.24975481e-06,1.62468125e-05,5.67803590e-05,7.94925025e-04,2.87757090e-09,4.31635635e-08,1.28698300e-09,1.80177619e-08,3.52763670e-07,5.29145505e-06,3.62063200e-04,5.79301120e-03,1.29865548e-07,2.20771431e-06,8.86320987e-08,1.59537778e-06,1.28545539e-08,2.18527417e-07,2.22242090e-11,4.00035763e-10,7.17611359e-05,1.43522272e-03
2.57648471e-07,4.48099998e-01,4.06599995e+03,6.74113720e-03,7.12937840e-01,7.12937840e-01,6.91392424e-02,2.76556970e-01,1.89479004e-04,2.27374805e-03,2.10686262e-06,2.73892141e-05,1.34678433e-06,1.75081964e-05,5.67553974e-05,7.94575564e-04,2.44273076e-09,3.66409614e-08,1.49511350e-09,2.09315891e-08,3.80163268e-07,5.70244903e-06,3.62062328e-04,5.79299725e-03,1.29258430e-07,2.19739331e-06,7.52385815e-08,1.35429447e-06,1.38559964e-08,2.35551939e-07,2.36855445e-11,4.26339801e-10,7.17611360e-05,1.43522272e-03
2.77721193e-07,4.48099998e-01,4.06599994e+03,7.25770522e-03,7.12937677e-01,7.12937677e-01,6.91392678e-02,2.76557071e-01,1.89386760e-04,2.27264112e-03,2.10488907e-06,2.73635580e-05,1.45130715e-06,1.88669930e-05,5.67284997e-05,7.94198996e-04,2.04730263e-09,3.07095394e-08,1.73687342e-09,2.43162279e-08,4.09684031e-07,6.14526047e-06,3.62061375e-04,5.79298200e-03,1.28607192e-07,2.18632226e-06,6.30589939e-08,1.13506189e-06,1.49354549e-08,2.53902733e-07,2.52211271e-11,4.53980288e-10,7.17611360e-05,1.43522272e-03
2.99357729e-07,4.48099998e-01,4.06599994e+03,7.81604035e-03,7.12937506e-01,7.12937506e-01,6.91392908e-02,2.76557163e-01,1.89285127e-04,2.27142152e-03,2.10276384e-06,2.73359300e-05,1.56389503e-06,2.03306354e-05,5.66995164e-05,7.93793230e-04,1.69244090e-09,2.53866135e-08,2.01768845e-09,2.82476383e-08,4.41489038e-07,6.62233557e-06,3.62060332e-04,5.79296532e-03,1.27908891e-07,2.17445115e-06,5.21288928e-08,9.38320070e-07,1.60990069e-08,2.73683117e-07,2.68312944e-11,4.82963300e-10,7.17611360e-05,1.43522272e-03
3.22679912e-07,4.48099998e-01,4.06599993e+03,8.41939128e-03,7.12937326e-01,7.12937326e-01,6.91393112e-02,2.76557245e-01,1.89173474e-04,2.27008169e-03,2.10047545e-06,2.73061808e-05,1.68516229e-06,2.19071098e-05,5.66682867e-05,7.93356014e-04,1.37849284e-09,2.06773926e-08,2.34385754e-09,3.28140056e-08,4.75753720e-07,7.13630580e-06,3.62059193e-04,5.79294709e-03,1.27160434e-07,2.16172738e-06,4.24589741e-08,7.64261534e-07,1.73532030e-08,2.95004452e-07,2.85157465e-11,5.13283438e-10,7.17611360e-05,1.43522272e-03
3.47819065e-07,4.48099997e-01,4.06599993e+03,9.07125169e-03,7.12937136e-01,7.12937136e-01,6.91393292e-02,2.76557317e-01,1.89051149e-04,2.26861378e-03,2.09801155e-06,2.72741502e-05,1.81576885e-06,2.36049950e-05,5.66346374e-05,7.92884924e-04,1.10497714e-09,1.65746571e-08,2.72269293e-09,3.81177010e-08,5.12666771e-07,7.69000157e-06,3.62057948e-04,5.79292717e-03,1.26358570e-07,2.14809570e-06,3.40344131e-08,6.12619437e-07,1.87051044e-08,3.17986775e-07,3.02734363e-11,5.44921853e-10,7.17611361e-05,1.43522272e-03
3.74916744e-07,4.48099997e-01,4.06599992e+03,9.77538179e-03,7.12936935e-01,7.12936935e-01,6.91393448e-02,2.76557379e-01,1.88917475e-04,2.26700970e-03,2.09535894e-06,2.72396663e-05,1.95642336e-06,2.54335037e-05,5.65983823e-05,7.92377352e-04,8.70600691e-10,1.30590104e-08,3.16268244e-09,4.42775541e-08,5.52431111e-07,8.28646666e-06,3.62056589e-04,5.79290543e-03,1.25499898e-07,2.13349826e-06,2.68153807e-08,4.82676852e-07,2.01623219e-08,3.42759472e-07,3.21024500e-11,5.77844100e-10,7.17611361e-05,1.43522272e-03
4.04125533e-07,4.48099997e-01,4.06599992e+03,1.05358325e-02,7.12936722e-01,7.12936722e-01,6.91393581e-02,2.76557433e-01,1.88771747e-04,2.26526097e-03,2.09250343e-06,2.72025446e-05,2.10788670e-06,2.74025270e-05,5.65593208e-05,7.91830492e-04,6.73315592e-10,1.00997339e-08,3.67367771e-09,5.14314880e-08,5.95264919e-07,8.92897378e-06,3.62055107e-04,5.79288172e-03,1.24580862e-07,2.11787466e-06,2.07387994e-08,3.73298389e-07,2.17330591e-08,3.69462005e-07,3.39998805e-11,6.11997849e-10,7.17611361e-05,1.43522272e-03
4.35609903e-07,4.48099997e-01,4.06599991e+03,1.13569721e-02,7.12936496e-01,7.12936496e-01,6.91393694e-02,2.76557478e-01,1.88613223e-04,2.26335867e-03,2.08942982e-06,2.71625876e-05,2.27097548e-06,2.95226813e-05,5.65172375e-05,7.91241325e-04,5.10415541e-10,7.65623311e-09,4.26711234e-09,5.97395728e-08,6.41402735e-07,9.62104102e-06,3.62053492e-04,5.79285588e-03,1.23597763e-07,2.10116197e-06,1.57213125e-08,2.82983625e-07,2.34261589e-08,3.98244701e-07,3.59616927e-11,6.47310468e-10,7.17611361e-05,1.43522272e-03
4.69547138e-07,4.48099996e-01,4.06599990e+03,1.22435160e-02,7.12936255e-01,7.12936255e-01,6.91393788e-02,2.76557515e-01,1.88441115e-04,2.26129337e-03,2.08612180e-06,2.71195834e-05,2.44656597e-06,3.18053576e-05,5.64719003e-05,7.90606604e-04,3.78666871e-10,5.68000306e-09,4.95625462e-09,6.93875647e-08,6.91096631e-07,1.03664495e-05,3.62051735e-04,5.79282776e-03,1.22546759e-07,2.08329490e-06,1.16633196e-08,2.09939754e-07,2.52511524e-08,4.29269590e-07,3.79825849e-11,6.83686527e-10,7.17611361e-05,1.43522272e-03
5.06128335e-07,4.48099996e-01,4.06599990e+03,1.32005591e-02,7.12935998e-01,7.12935998e-01,6.91393865e-02,2.76557546e-01,1.88254581e-04,2.25905498e-03,2.08256193e-06,2.70733051e-05,2.63559801e-06,3.42627741e-05,5.64230598e-05,7.89922837e-04,2.74466166e-10,4.11699250e-09,5.75650043e-09,8.05910061e-08,7.44617457e-07,1.11692619e-05,3.62049825e-04,5.79279720e-03,1.21423881e-07,2.06420598e-06,8.45383207e-09,1.52168977e-07,2.72183132e-08,4.62711324e-07,4.00558476e-11,7.21005257e-10,7.17611361e-05,1.43522272e-03
5.45559478e-07,4.48099996e-01,4.06599989e+03,1.42336109e-02,7.12935723e-01,7.12935723e-01,6.91393928e-02,2.76557571e-01,1.88052718e-04,2.25663262e-03,2.07873152e-06,2.70235098e-05,2.83907935e-06,3.69080316e-05,5.63704478e-05,7.89186269e-04,1.94013260e-10,2.91019890e-09,6.68571250e-09,9.35999750e-08,8.02256170e-07,1.20338425e-05,3.62047752e-04,5.79276403e-03,1.20225043e-07,2.04382573e-06,5.97580073e-09,1.07564413e-07,2.93387151e-08,4.98758156e-07,4.21732239e-11,7.59118031e-10,7.17611361e-05,1.43522272e-03
5.88062599e-07,4.48099996e-01,4.06599988e+03,1.53486341e-02,7.12935428e-01,7.12935428e-01,6.91393979e-02,2.76557592e-01,1.87834545e-04,2.25401454e-03,2.07461059e-06,2.69699377e-05,3.05809005e-06,3.97551706e-05,5.63137761e-05,7.88392866e-04,1.33486336e-10,2.00229504e-09,7.76461326e-09,1.08704586e-07,8.64325234e-07,1.29648785e-05,3.62045504e-04,5.79272807e-03,1.18946059e-07,2.02208301e-06,4.11150980e-09,7.40071764e-08,3.16242940e-08,5.37612998e-07,4.43247751e-11,7.97845952e-10,7.17611362e-05,1.43522272e-03
6.33877027e-07,4.48099995e-01,4.06599987e+03,1.65520854e-02,7.12935112e-01,7.12935112e-01,6.91394021e-02,2.76557608e-01,1.87598997e-04,2.25118797e-03,2.07017776e-06,2.69123109e-05,3.29378714e-06,4.28192328e-05,5.62527349e-05,7.87538288e-04,8.92052984e-11,1.33807948e-09,9.01723971e-09,1.26241356e-07,9.31160118e-07,1.39674018e-05,3.62043070e-04,5.79268912e-03,1.17582667e-07,1.99890533e-06,2.74760864e-09,4.94569555e-08,3.40879156e-08,5.79494565e-07,4.64987583e-11,8.36977649e-10,7.17611362e-05,1.43522272e-03
6.83260739e-07,4.48099995e-01,4.06599986e+03,1.78509596e-02,7.12934773e-01,7.12934773e-01,6.91394056e-02,2.76557622e-01,1.87344916e-04,2.24813899e-03,2.06541019e-06,2.68503325e-05,3.54740951e-06,4.61163237e-05,5.61869912e-05,7.86617876e-04,5.77706670e-11,8.66560006e-10,1.04714699e-08,1.46600579e-07,1.00312087e-06,1.50468130e-05,3.62040437e-04,5.79264699e-03,1.16130553e-07,1.97421939e-06,1.77938978e-09,3.20290160e-08,3.67434471e-08,6.24638601e-07,4.86815212e-11,8.76267382e-10,7.17611362e-05,1.43522272e-03
7.36491807e-07,4.48099994e-01,4.06599985e+03,1.92528374e-02,7.12934409e-01,7.12934409e-01,6.91394085e-02,2.76557634e-01,1.87071038e-04,2.24485246e-03,2.06028349e-06,2.67836853e-05,3.82028300e-06,4.96636790e-05,5.61161875e-05,7.85626624e-04,3.61680224e-11,5.42520336e-10,1.21596322e-08,1.70234851e-07,1.08059377e-06,1.62089066e-05,3.62037591e-04,5.79260146e-03,1.14585386e-07,1.94795156e-06,1.11400604e-09,2.00521088e-08,3.96058359e-08,6.73299210e-07,5.08574237e-11,9.15433626e-10,7.17611362e-05,1.43522272e-03
7.93869969e-07,4.48099994e-01,4.06599984e+03,2.07659351e-02,7.12934017e-01,7.12934017e-01,6.91394112e-02,2.76557645e-01,1.86775990e-04,2.24131188e-03,2.05477163e-06,2.67120312e-05,4.11382556e-06,5.34797323e-05,5.60399398e-05,7.84559157e-04,2.18322240e-11,3.27483360e-10,1.41192097e-08,1.97668936e-07,1.16399312e-06,1.74598968e-05,3.62034518e-04,5.79255229e-03,1.12942856e-07,1.92002855e-06,6.72448512e-10,1.21040732e-08,4.26911929e-08,7.25750280e-07,5.30087919e-11,9.54158253e-10,7.17611362e-05,1.43522272e-03
8.55718314e-07,4.48099994e-01,4.06599983e+03,2.23991599e-02,7.12933596e-01,7.12933596e-01,6.91394135e-02,2.76557654e-01,1.86458278e-04,2.23749934e-03,2.04884688e-06,2.66350094e-05,4.42955277e-06,5.75841859e-05,5.59578361e-05,7.83409705e-04,1.26704905e-11,1.90057357e-10,1.63936555e-08,2.29511177e-07,1.25376305e-06,1.88064458e-05,3.62031201e-04,5.79249921e-03,1.11198720e-07,1.89037824e-06,3.90257394e-10,7.02463309e-09,4.60168838e-08,7.82287024e-07,5.51159184e-11,9.92086532e-10,7.17611362e-05,1.43522272e-03
9.22385104e-07,4.48099993e-01,4.06599981e+03,2.41621681e-02,7.12933142e-01,7.12933142e-01,6.91394158e-02,2.76557663e-01,1.86116286e-04,2.23339543e-03,2.04247968e-06,2.65522358e-05,4.76908331e-06,6.19980830e-05,5.58694341e-05,7.82172077e-04,7.04826647e-12,1.05723997e-10,1.90333340e-08,2.66466676e-07,1.35037949e-06,2.02556924e-05,3.62027622e-04,5.79244195e-03,1.09348855e-07,1.85893054e-06,2.17086725e-10,3.90756105e-09,4.96016259e-08,8.43227640e-07,5.71571162e-11,1.02882809e-09,7.17611362e-05,1.43522272e-03
9.94245730e-07,4.48099993e-01,4.06599980e+03,2.60654285e-02,7.12932655e-01,7.12932655e-01,6.91394181e-02,2.76557672e-01,1.85748266e-04,2.22897919e-03,2.03563859e-06,2.64633016e-05,5.13414469e-06,6.67438809e-05,5.57742594e-05,7.80839632e-04,3.74571303e-12,5.61856954e-11,2.20966093e-08,3.09352531e-07,1.45435219e-06,2.18152828e-05,3.62023761e-04,5.79238018e-03,1.07389322e-07,1.82561848e-06,1.15364230e-10,2.07655613e-09,5.34655940e-08,9.08915099e-07,5.91088379e-11,1.06395908e-09,7.17611362e-05,1.43522272e-03
1.07170483e-06,4.48099992e-01,4.06599978e+03,2.81202920e-02,7.12932130e-01,7.12932130e-01,6.91394203e-02,2.76557681e-01,1.85352335e-04,2.22422802e-03,2.02829019e-06,2.63677725e-05,5.52657898e-06,7.18455267e-05,5.56718036e-05,7.79405250e-04,1.89502029e-12,2.84253043e-11,2.56511020e-08,3.59115428e-07,1.56622680e-06,2.34934019e-05,3.62019599e-04,5.79231358e-03,1.05316435e-07,1.79037940e-06,5.83604816e-11,1.05048867e-09,5.76305336e-08,9.79719072e-07,6.09458717e-11,1.09702569e-09,7.17611362e-05,1.43522272e-03
1.15519857e-06,4.48099991e-01,4.06599977e+03,3.03390664e-02,7.12931565e-01,7.12931565e-01,6.91394227e-02,2.76557691e-01,1.84926473e-04,2.21911767e-03,2.02039901e-06,2.62651871e-05,5.94834858e-06,7.73285315e-05,5.55615215e-05,7.77861302e-04,9.09240657e-13,1.36386099e-11,2.97751392e-08,4.16851949e-07,1.68658713e-06,2.52988070e-05,3.62015112e-04,5.79224178e-03,1.03126843e-07,1.75315634e-06,2.79968994e-11,5.03944190e-10,6.21198828e-08,1.05603801e-06,6.26416239e-11,1.12754923e-09,7.17611362e-05,1.43522272e-03
1.24519708e-06,4.48099991e-01,4.06599975e+03,3.27350988e-02,7.12930958e-01,7.12930958e-01,6.91394251e-02,2.76557700e-01,1.84468510e-04,2.21362213e-03,2.01192744e-06,2.61550567e-05,6.40154199e-06,8.32200459e-05,5.54428297e-05,7.76199616e-04,4.12096972e-13,6.18145457e-12,3.45594286e-08,4.83832000e-07,1.81605740e-06,2.72408611e-05,3.62010274e-04,5.79216438e-03,1.00817621e-07,1.71389956e-06,1.26837636e-11,2.28307745e-10,6.69589041e-08,1.13830137e-06,6.41684943e-11,1.15503290e-09,7.17611362e-05,1.43522272e-03
1.34220715e-06,4.48099990e-01,4.06599973e+03,3.53228662e-02,7.12930305e-01,7.12930305e-01,6.91394277e-02,2.76557711e-01,1.83976131e-04,2.20771357e-03,2.00283565e-06,2.60368635e-05,6.88837944e-06,8.95489328e-05,5.53151034e-05,7.74411448e-04,1.75722011e-13,2.63583016e-12,4.01089876e-08,5.61525826e-07,1.95530458e-06,2.93295688e-05,3.62005059e-04,5.79208095e-03,9.83863698e-08,1.67256829e-06,5.40253148e-12,9.72455667e-11,7.21748263e-08,1.22697205e-06,6.54983535e-11,1.17897036e-09,7.17611362e-05,1.43522272e-03
1.44677502e-06,4.48099989e-01,4.06599971e+03,3.81180738e-02,7.12929602e-01,7.12929602e-01,6.91394303e-02,2.76557721e-01,1.83446858e-04,2.20136230e-03,1.99308157e-06,2.59100604e-05,7.41121839e-06,9.63458390e-05,5.51776743e-05,7.72487440e-04,7.02476226e-14,1.05371434e-12,4.65453670e-08,6.51635138e-07,2.10504081e-06,3.15756122e-05,3.61999438e-04,5.79199101e-03,9.58313271e-08,1.62913256e-06,2.15313096e-12,3.87563572e-11,7.77969977e-08,1.32254896e-06,6.66031197e-11,1.19885615e-09,7.17611362e-05,1.43522272e-03
1.55948950e-06,4.48099988e-01,4.06599968e+03,4.11377633e-02,7.12928846e-01,7.12928846e-01,6.91394332e-02,2.76557733e-01,1.82878055e-04,2.19453666e-03,1.98262077e-06,2.57740700e-05,7.97255863e-06,1.03643262e-04,5.50298281e-05,7.70417593e-04,2.62995448e-14,3.94493172e-13,5.40092110e-08,7.56128955e-07,2.26602583e-06,3.39903875e-05,3.61993379e-04,5.79189407e-03,9.31514887e-08,1.58357531e-06,7.98763152e-13,1.43777367e-11,8.38570502e-08,1.42556985e-06,6.74554349e-11,1.21419783e-09,7.17611362e-05,1.43522272e-03
1.68098528e-06,4.48099987e-01,4.06599966e+03,4.44004306e-02,7.12928033e-01,7.12928033e-01,6.91394361e-02,2.76557744e-01,1.82266913e-04,2.18720296e-03,1.97140650e-06,2.56282845e-05,8.57504710e-06,1.11475612e-04,5.48708018e-05,7.68191225e-04,9.29666147e-15,1.39449922e-13,6.26632041e-08,8.77284857e-07,2.43906949e-06,3.65860424e-05,3.61986848e-04,5.79178957e-03,9.03467371e-08,1.53589453e-06,2.74293422e-13,4.93728159e-12,9.03890773e-08,1.53661431e-06,6.80294289e-11,1.22452972e-09,7.17611362e-05,1.43522272e-03
1.81194647e-06,4.48099986e-01,4.06599963e+03,4.79261551e-02,7.12927159e-01,7.12927159e-01,6.91394392e-02,2.76557757e-01,1.81610446e-04,2.17932535e-03,1.95938959e-06,2.54720647e-05,9.22148202e-06,1.19879266e-04,5.46997813e-05,7.65796939e-04,3.23123582e-15,4.84685372e-14,7.26954578e-08,1.01773641e-06,2.62503421e-06,3.93755132e-05,3.61979809e-04,5.79167694e-03,8.74179788e-08,1.48610564e-06,8.66661554e-14,1.55999080e-12,9.74298254e-08,1.65630703e-06,6.83015544e-11,1.22942798e-09,7.17611362e-05,1.43522272e-03
1.95311051e-06,4.48099985e-01,4.06599960e+03,5.17367393e-02,7.12926220e-01,7.12926220e-01,6.91394424e-02,2.76557769e-01,1.80905483e-04,2.17086579e-03,1.94651852e-06,2.53047407e-05,9.91481632e-06,1.28892612e-04,5.45158987e-05,7.63222582e-04,1.25778436e-15,1.88667655e-14,8.43234030e-08,1.18052764e-06,2.82483745e-06,4.23725618e-05,3.61972221e-04,5.79155554e-03,8.43672865e-08,1.43424387e-06,2.50325920e-14,4.50586656e-13,1.05018900e-07,1.78532130e-06,6.82514677e-11,1.22852642e-09,7.17611362e-05,1.43522272e-03
2.10527227e-06,4.48099984e-01,4.06599957e+03,5.58558616e-02,7.12925211e-01,7.12925211e-01,6.91394457e-02,2.76557783e-01,1.80148664e-04,2.16178396e-03,1.93273939e-06,2.51256120e-05,1.06581601e-05,1.38556082e-04,5.43182295e-05,7.60455213e-04,6.87169779e-16,1.03075467e-14,9.77982565e-08,1.36917559e-06,3.03945412e-06,4.55918117e-05,3.61964042e-04,5.79142468e-03,8.11980451e-08,1.38036677e-06,6.56385274e-15,1.18149349e-13,1.13198987e-07,1.92438278e-06,6.78629227e-11,1.22153261e-09,7.17611362e-05,1.43522272e-03
2.26928856e-06,4.48099983e-01,4.06599954e+03,6.03092413e-02,7.12924127e-01,7.12924127e-01,6.91394492e-02,2.76557797e-01,1.79336429e-04,2.15203715e-03,1.91799600e-06,2.49339480e-05,1.14547821e-05,1.48912167e-04,5.41057905e-05,7.57481066e-04,5.54860253e-16,8.32290380e-15,1.13410142e-07,1.58774199e-06,3.26991885e-06,4.90487828e-05,3.61955227e-04,5.79128363e-03,7.79150958e-08,1.32455663e-06,1.55091188e-15,2.79164138e-14,1.22016093e-07,2.07427358e-06,6.71246351e-11,1.20824343e-09,7.17611362e-05,1.43522272e-03
2.44608294e-06,4.48099982e-01,4.06599950e+03,6.51248166e-02,7.12922962e-01,7.12922962e-01,6.91394528e-02,2.76557811e-01,1.78465018e-04,2.14158021e-03,1.90222995e-06,2.47289894e-05,1.23081089e-05,1.60005416e-04,5.38775370e-05,7.54285518e-04,5.47039220e-16,8.20558830e-15,1.31493957e-07,1.84091539e-06,3.51732823e-06,5.27599235e-05,3.61945725e-04,5.79113160e-03,7.45248768e-08,1.26692291e-06,3.27735958e-16,5.89924725e-15,1.31519803e-07,2.23583666e-06,6.60310707e-11,1.18855927e-09,7.17611362e-05,1.43522272e-03
2.63665090e-06,4.48099980e-01,4.06599946e+03,7.03329367e-02,7.12921711e-01,7.12921711e-01,6.91394565e-02,2.76557826e-01,1.77530460e-04,2.13036552e-03,1.88538075e-06,2.45099498e-05,1.32217238e-05,1.71882409e-04,5.36323609e-05,7.50853052e-04,5.71732168e-16,8.57598252e-15,1.52436080e-07,2.13410512e-06,3.78284272e-06,5.67426408e-05,3.61935483e-04,5.79096773e-03,7.10355528e-08,1.20760440e-06,6.16072648e-17,1.10893077e-15,1.41763559e-07,2.40998050e-06,6.45831048e-11,1.16249589e-09,7.17611362e-05,1.43522272e-03
2.84206552e-06,4.48099979e-01,4.06599942e+03,7.59665667e-02,7.12920369e-01,7.12920369e-01,6.91394603e-02,2.76557841e-01,1.76528575e-04,2.11834290e-03,1.86738601e-06,2.42760182e-05,1.41993618e-05,1.84591704e-04,5.33690885e-05,7.47167240e-04,6.04826020e-16,9.07239030e-15,1.76682041e-07,2.47354857e-06,4.06768835e-06,6.10153253e-05,3.61924443e-04,5.79079110e-03,6.74571277e-08,1.14677117e-06,1.04198520e-17,1.87557336e-16,1.52804955e-07,2.59768424e-06,6.27885024e-11,1.13019304e-09,7.17611362e-05,1.43522272e-03
3.06348345e-06,4.48099977e-01,4.06599938e+03,8.20615061e-02,7.12918928e-01,7.12918928e-01,6.91394642e-02,2.76557857e-01,1.75454968e-04,2.10545962e-03,1.84818169e-06,2.40263620e-05,1.52449035e-05,1.98183746e-04,5.30864790e-05,7.43210707e-04,6.40689247e-16,9.61033870e-15,2.04745263e-07,2.86643368e-06,4.37315812e-06,6.55973719e-05,3.61912544e-04,5.79060071e-03,6.38015333e-08,1.08462607e-06,1.78699453e-18,3.21659016e-17,1.64706067e-07,2.80000313e-06,6.06621692e-11,1.09191905e-09,7.17611362e-05,1.43522272e-03
3.30215148e-06,4.48099975e-01,4.06599933e+03,8.86566180e-02,7.12917382e-01,7.12917382e-01,6.91394681e-02,2.76557873e-01,1.74305034e-04,2.09166041e-03,1.82770238e-06,2.37601309e-05,1.63623647e-05,2.12710742e-04,5.27832230e-05,7.38965122e-04,6.78127166e-16,1.01719075e-14,2.37217026e-07,3.32103836e-06,4.70061290e-06,7.05091934e-05,3.61899719e-04,5.79039550e-03,6.00826861e-08,1.02140566e-06,5.10371548e-19,9.18668786e-18,1.77533791e-07,3.01807445e-06,5.82261355e-11,1.04807044e-09,7.17611362e-05,1.43522272e-03
3.55941352e-06,4.48099973e-01,4.06599928e+03,9.57940694e-02,7.12915725e-01,7.12915725e-01,6.91394722e-02,2.76557889e-01,1.73073953e-04,2.07688743e-03,1.80588169e-06,2.34764620e-05,1.75558835e-05,2.28226485e-04,5.24579417e-05,7.34411183e-04,7.16865530e-16,1.07529830e-14,2.74777794e-07,3.84688911e-06,5.05148179e-06,7.57722268e-05,3.61885895e-04,5.79017432e-03,5.63165017e-08,9.57380529e-07,3.31999323e-19,5.97598782e-18,1.91360228e-07,3.25312387e-06,5.55092482e-11,9.99166468e-10,7.17611362e-05,1.43522272e-03
3.83671818e-06,4.48099971e-01,4.06599922e+03,1.03519576e-01,7.12913948e-01,7.12913948e-01,6.91394763e-02,2.76557905e-01,1.71756700e-04,2.06108040e-03,1.78265274e-06,2.31744856e-05,1.88297019e-05,2.44786125e-04,5.21091870e-05,7.29528617e-04,7.56781007e-16,1.13517151e-14,3.18210071e-07,4.45494100e-06,5.42726191e-06,8.14089286e-05,3.61870995e-04,5.78993591e-03,5.25208580e-08,8.92854586e-07,2.92988875e-19,5.27379975e-18,2.06263075e-07,3.50647227e-06,5.25465644e-11,9.45838160e-10,7.17611362e-05,1.43522272e-03
4.13562692e-06,4.48099969e-01,4.06599916e+03,1.11882649e-01,7.12912044e-01,7.12912044e-01,6.91394804e-02,2.76557922e-01,1.70348053e-04,2.04417663e-03,1.75794866e-06,2.28533326e-05,2.01881442e-05,2.62445875e-04,5.17354419e-05,7.24296187e-04,7.97754303e-16,1.19663145e-14,3.68412967e-07,5.15778153e-06,5.82951730e-06,8.74427594e-05,3.61854934e-04,5.78967895e-03,4.87154986e-08,8.28163476e-07,2.68326191e-19,4.82987144e-18,2.22326069e-07,3.77954318e-06,4.93784620e-11,8.88812316e-10,7.17611362e-05,1.43522272e-03
4.45782286e-06,4.48099967e-01,4.06599909e+03,1.20936835e-01,7.12910004e-01,7.12910004e-01,6.91394846e-02,2.76557938e-01,1.68842601e-04,2.02611121e-03,1.73170330e-06,2.25121429e-05,2.16355879e-05,2.81262643e-04,5.13351222e-05,7.18691711e-04,8.39644943e-16,1.25946741e-14,4.26418651e-07,5.96986111e-06,6.25987691e-06,9.38981537e-05,3.61837624e-04,5.78940198e-03,4.49218648e-08,7.63671702e-07,2.44577334e-19,4.40239201e-18,2.39639450e-07,4.07387066e-06,4.60495060e-11,8.28891107e-10,7.17611362e-05,1.43522272e-03
4.80512025e-06,4.48099964e-01,4.06599902e+03,1.30739939e-01,7.12907821e-01,7.12907821e-01,6.91394887e-02,2.76557955e-01,1.67234764e-04,2.00681717e-03,1.70385197e-06,2.21500756e-05,2.31764295e-05,3.01293584e-04,5.09065789e-05,7.12692104e-04,8.82286493e-16,1.32342974e-14,4.93410908e-07,6.90775271e-06,6.72003151e-06,1.00800473e-04,3.61818966e-04,5.78910345e-03,4.11628515e-08,6.99768476e-07,2.20856001e-19,3.97540802e-18,2.58300465e-07,4.39110790e-06,4.26071292e-11,7.66928326e-10,7.17611362e-05,1.43522272e-03
5.17947468e-06,4.48099961e-01,4.06599895e+03,1.41354215e-01,7.12905484e-01,7.12905484e-01,6.91394928e-02,2.76557971e-01,1.65518813e-04,1.98622575e-03,1.67433236e-06,2.17663206e-05,2.48150422e-05,3.22595549e-04,5.04481020e-05,7.06273428e-04,9.25484937e-16,1.38822741e-14,5.70745997e-07,7.99044396e-06,7.21172920e-06,1.08175938e-04,3.61798856e-04,5.78878169e-03,3.74624782e-08,6.36862129e-07,1.97435161e-19,3.55383289e-18,2.78413908e-07,4.73303644e-06,3.91002027e-11,7.03803649e-10,7.17611362e-05,1.43522272e-03
5.58299409e-06,4.48099958e-01,4.06599886e+03,1.52846505e-01,7.12902985e-01,7.12902985e-01,6.91394969e-02,2.76557987e-01,1.63688895e-04,1.96426674e-03,1.64308557e-06,2.13601124e-05,2.65557258e-05,3.45224436e-04,4.99579262e-05,6.99410967e-04,9.69017784e-16,1.45352668e-14,6.59976030e-07,9.23966442e-06,7.73676947e-06,1.16051542e-04,3.61777181e-04,5.78843489e-03,3.38454745e-08,5.75373067e-07,1.74652940e-19,3.14375292e-18,3.00092710e-07,5.10157606e-06,3.55775787e-11,6.40396417e-10,7.17611362e-05,1.43522272e-03
6.01795064e-06,4.48099955e-01,4.06599878e+03,1.65288300e-01,7.12900315e-01,7.12900315e-01,6.91395009e-02,2.76558003e-01,1.61739071e-04,1.94086885e-03,1.61005730e-06,2.09307449e-05,2.84026467e-05,3.69234408e-04,4.94342378e-05,6.92079329e-04,1.01263373e-15,1.51895060e-14,7.62875086e-07,1.06802512e-05,8.29699545e-06,1.24454932e-04,3.61753819e-04,5.78806110e-03,3.03367817e-08,5.15725288e-07,1.52817780e-19,2.75072003e-18,3.23458559e-07,5.49879550e-06,3.20866869e-11,5.77560364e-10,7.17611362e-05,1.43522272e-03
6.48679353e-06,4.48099952e-01,4.06599868e+03,1.78755682e-01,7.12897462e-01,7.12897462e-01,6.91395047e-02,2.76558019e-01,1.59663351e-04,1.91596021e-03,1.57519916e-06,2.04775891e-05,3.03597679e-05,3.94676983e-04,4.88751833e-05,6.84252566e-04,1.05605297e-15,1.58407946e-14,8.81468279e-07,1.23405559e-05,8.89428418e-06,1.33414263e-04,3.61728639e-04,5.78765822e-03,2.69609755e-08,4.58336584e-07,1.32194950e-19,2.37950910e-18,3.48642584e-07,5.92692393e-06,2.86722565e-11,5.16100617e-10,7.17611362e-05,1.43522272e-03
6.99216276e-06,4.48099948e-01,4.06599858e+03,1.93329110e-01,7.12894417e-01,7.12894417e-01,6.91395085e-02,2.76558034e-01,1.57455750e-04,1.88946900e-03,1.53847019e-06,2.00001125e-05,3.24307672e-05,4.21599974e-04,4.82788813e-05,6.75904338e-04,1.09896823e-15,1.64845235e-14,1.01806396e-06,1.42528955e-05,9.53053453e-06,1.42958018e-04,3.61701499e-04,5.78722399e-03,2.37416259e-08,4.03607641e-07,1.13000045e-19,2.03400080e-18,3.75786082e-07,6.38836339e-06,2.53752159e-11,4.56753887e-10,7.17611362e-05,1.43522272e-03
7.53690398e-06,4.48099944e-01,4.06599847e+03,2.09092977e-01,7.12891169e-01,7.12891169e-01,6.91395121e-02,2.76558049e-01,1.55110342e-04,1.86132410e-03,1.49983846e-06,1.94979000e-05,3.46189430e-05,4.50046259e-04,4.76434357e-05,6.67008100e-04,1.14104675e-15,1.71157013e-14,1.17528927e-06,1.64540498e-05,1.02076526e-05,1.53114788e-04,3.61672249e-04,5.78675598e-03,2.07006112e-08,3.51910391e-07,9.53954065e-20,1.71711732e-18,4.05041297e-07,6.88570204e-06,2.22318010e-11,4.00172419e-10,7.17611362e-05,1.43522272e-03
8.12408458e-06,4.48099939e-01,4.06599835e+03,2.26134874e-01,7.12887708e-01,7.12887708e-01,6.91395156e-02,2.76558062e-01,1.52621331e-04,1.83145597e-03,1.45928292e-06,1.89706779e-05,3.69271061e-05,4.80052379e-04,4.69669524e-05,6.57537334e-04,1.18193322e-15,1.77289982e-14,1.35612907e-06,1.89858070e-05,1.09275340e-05,1.63913009e-04,3.61640722e-04,5.78625156e-03,1.78574161e-08,3.03576074e-07,7.94890293e-20,1.43080253e-18,4.36572271e-07,7.42172860e-06,1.92728817e-11,3.46911870e-10,7.17611362e-05,1.43522272e-03
8.75701089e-06,4.48099935e-01,4.06599822e+03,2.44544445e-01,7.12884021e-01,7.12884021e-01,6.91395189e-02,2.76558076e-01,1.49983132e-04,1.79979758e-03,1.41679527e-06,1.84183385e-05,3.93574569e-05,5.11646939e-04,4.62475587e-05,6.47465821e-04,1.22125383e-15,1.83188074e-14,1.56396848e-06,2.18955588e-05,1.16920434e-05,1.75380650e-04,3.61606744e-04,5.78570790e-03,1.52284462e-08,2.58883585e-07,6.53356370e-20,1.17604147e-18,4.70555748e-07,7.99944772e-06,1.65234909e-11,2.97422836e-10,7.17611362e-05,1.43522272e-03
9.43924684e-06,4.48099930e-01,4.06599808e+03,2.64411724e-01,7.12880099e-01,7.12880099e-01,6.91395221e-02,2.76558088e-01,1.47190460e-04,1.76628553e-03,1.37238210e-06,1.78409673e-05,4.19114471e-05,5.44848812e-04,4.54834260e-05,6.36767963e-04,1.25862157e-15,1.88793236e-14,1.80263892e-06,2.52369448e-05,1.25029899e-05,1.87544849e-04,3.61570123e-04,5.78512196e-03,1.28263992e-08,2.18048786e-07,5.29397145e-20,9.52914862e-19,5.07182154e-07,8.62209661e-06,1.40025425e-11,2.52045765e-10,7.17611362e-05,1.43522272e-03
1.01746340e-05,4.48099924e-01,4.06599793e+03,2.85824805e-01,7.12875930e-01,7.12875930e-01,6.91395250e-02,2.76558100e-01,1.44238442e-04,1.73086130e-03,1.32606701e-06,1.72388711e-05,4.45896249e-05,5.79665123e-04,4.46727966e-05,6.25419152e-04,1.29364273e-15,1.94046409e-14,2.07646748e-06,2.90705447e-05,1.33620993e-05,2.00431490e-04,3.61530654e-04,5.78449046e-03,1.06597357e-08,1.81215507e-07,4.22601415e-20,7.60682548e-19,5.46656645e-07,9.29316296e-06,1.17227118e-11,2.11008812e-10,7.17611362e-05,1.43522272e-03
1.09673133e-05,4.48099918e-01,4.06599777e+03,3.08866660e-01,7.12871503e-01,7.12871503e-01,6.91395278e-02,2.76558111e-01,1.41122727e-04,1.69347273e-03,1.27789285e-06,1.66126071e-05,4.73914637e-05,6.16089028e-04,4.38140141e-05,6.13396197e-04,1.32592466e-15,1.98888700e-14,2.39032961e-06,3.34646146e-05,1.42709813e-05,2.14064719e-04,3.61488115e-04,5.78380985e-03,8.73229357e-09,1.48448991e-07,3.32161302e-20,5.97890343e-19,5.89200241e-07,1.00164041e-05,9.69046683e-12,1.74428403e-10,7.17611362e-05,1.43522272e-03
1.18217482e-05,4.48099912e-01,4.06599760e+03,3.33610905e-01,7.12866807e-01,7.12866807e-01,6.91395304e-02,2.76558122e-01,1.37839626e-04,1.65407552e-03,1.22792400e-06,1.59630120e-05,5.03151740e-05,6.54097262e-04,4.29055576e-05,6.00677807e-04,1.35508481e-15,2.03262722e-14,2.74970442e-06,3.84958619e-05,1.52310933e-05,2.28466399e-04,3.61442270e-04,5.78307633e-03,7.04308436e-09,1.19732434e-07,2.56941651e-20,4.62494972e-19,6.35051043e-07,1.07958677e-05,7.90624822e-12,1.42312468e-10,7.17611362e-05,1.43522272e-03
1.27427499e-05,4.48099905e-01,4.06599741e+03,3.60116303e-01,7.12861832e-01,7.12861832e-01,6.91395328e-02,2.76558131e-01,1.34386256e-04,1.61263507e-03,1.17624853e-06,1.52912309e-05,5.33574992e-05,6.93647489e-04,4.19460814e-05,5.87245139e-04,1.38076082e-15,2.07114123e-14,3.16073214e-06,4.42502500e-05,1.62436989e-05,2.43655484e-04,3.61392861e-04,5.78228578e-03,5.58630529e-09,9.49671900e-08,1.95556573e-20,3.52001831e-19,6.84465539e-07,1.16359142e-05,6.36480124e-12,1.14566422e-10,7.17611362e-05,1.43522272e-03
1.37355044e-05,4.48099897e-01,4.06599721e+03,3.88419770e-01,7.12856568e-01,7.12856568e-01,6.91395351e-02,2.76558140e-01,1.30760697e-04,1.56912836e-03,1.12298032e-06,1.45987442e-05,5.65134967e-05,7.34675457e-04,4.09344576e-05,5.73082407e-04,1.40262161e-15,2.10393241e-14,3.63027279e-06,5.08238191e-05,1.73098223e-05,2.59647335e-04,3.61339613e-04,5.78143380e-03,4.35158346e-09,7.39769188e-08,1.46450048e-20,2.63610087e-19,7.37720013e-07,1.25412402e-05,5.05567491e-12,9.10021483e-11,7.17611362e-05,1.43522272e-03
1.48056018e-05,4.48099889e-01,4.06599699e+03,4.18527692e-01,7.12851006e-01,7.12851006e-01,6.91395373e-02,2.76558149e-01,1.26962172e-04,1.52354607e-03,1.06826094e-06,1.38873922e-05,5.97763059e-05,7.77091977e-04,3.98698254e-05,5.58177555e-04,1.42037913e-15,2.13056870e-14,4.16596477e-06,5.83235067e-05,1.84301976e-05,2.76452964e-04,3.61282226e-04,5.78051561e-03,3.32445529e-09,5.65157399e-08,1.07977061e-20,1.94358710e-19,7.95112055e-07,1.35169049e-05,3.96389236e-12,7.13500624e-11,7.17611362e-05,1.43522272e-03
1.59590678e-05,4.48099881e-01,4.06599676e+03,4.50405431e-01,7.12845136e-01,7.12845136e-01,6.91395393e-02,2.76558157e-01,1.22991228e-04,1.47589473e-03,1.01226117e-06,1.31593952e-05,6.31369069e-05,8.20779789e-04,3.87516427e-05,5.42522998e-04,1.43380051e-15,2.15070077e-14,4.77628180e-06,6.68679452e-05,1.96052136e-05,2.94078204e-04,3.61220381e-04,5.77952609e-03,2.48706135e-09,4.22800430e-08,7.84812956e-21,1.41266332e-19,8.56962189e-07,1.45683572e-05,3.07078811e-12,5.52741859e-11,7.17611362e-05,1.43522272e-03
1.72023972e-05,4.48099872e-01,4.06599650e+03,4.83965043e-01,7.12838953e-01,7.12838953e-01,6.91395413e-02,2.76558165e-01,1.18849927e-04,1.42619913e-03,9.55182153e-07,1.24173680e-05,6.65838729e-05,8.65590347e-04,3.75797443e-05,5.26116420e-04,1.44272002e-15,2.16408002e-14,5.47058618e-06,7.65882066e-05,2.08348550e-05,3.12522825e-04,3.61153732e-04,5.77845971e-03,1.81901664e-09,3.09232829e-08,5.63651829e-21,1.01457329e-19,9.23615616e-07,1.57014655e-05,2.35498543e-12,4.23897377e-11,7.17611362e-05,1.43522272e-03
1.85425913e-05,4.48099862e-01,4.06599623e+03,5.19051456e-01,7.12832449e-01,7.12832449e-01,6.91395432e-02,2.76558173e-01,1.14542052e-04,1.37450463e-03,8.97255918e-07,1.16643269e-05,7.01031240e-05,9.11340612e-04,3.63544022e-05,5.08961631e-04,1.44705051e-15,2.17057576e-14,6.25917573e-06,8.76284602e-05,2.21186397e-05,3.31779595e-04,3.61081907e-04,5.77731051e-03,1.29839747e-09,2.20727569e-08,4.01483807e-21,7.22670852e-20,9.95444094e-07,1.69225496e-05,1.79346754e-12,3.22824157e-11,7.17611362e-05,1.43522272e-03
1.99871964e-05,4.48099851e-01,4.06599594e+03,5.55427733e-01,7.12825620e-01,7.12825620e-01,6.91395451e-02,2.76558180e-01,1.10073304e-04,1.32087965e-03,8.38745180e-07,1.09036873e-05,7.36776881e-05,9.57809945e-04,3.50763907e-05,4.91069470e-04,1.44679367e-15,2.17019050e-14,7.15332120e-06,1.00146497e-04,2.34555531e-05,3.51833297e-04,3.61004506e-04,5.77607209e-03,9.02770827e-10,1.53471041e-08,2.85115492e-21,5.13207885e-20,1.07284795e-06,1.82384151e-05,1.36267653e-12,2.45281776e-11,7.17611362e-05,1.43522272e-03
2.15443469e-05,4.48099839e-01,4.06599562e+03,5.92760516e-01,7.12818463e-01,7.12818463e-01,6.91395470e-02,2.76558188e-01,1.05451500e-04,1.26541800e-03,7.79942293e-07,1.01392498e-05,7.72874786e-05,1.00473722e-03,3.37470526e-05,4.72458736e-04,1.44204835e-15,2.16307252e-14,8.16529064e-06,1.14314069e-04,2.48439822e-05,3.72659733e-04,3.60921096e-04,5.77473754e-03,6.10185484e-10,1.03731532e-08,2.03236251e-21,3.65825252e-20,1.15625824e-06,1.96563900e-05,1.03956299e-12,1.87121339e-11,7.17611362e-05,1.43522272e-03
2.32228110e-05,4.48099827e-01,4.06599528e+03,6.30607370e-01,7.12810977e-01,7.12810977e-01,6.91395489e-02,2.76558196e-01,1.00686763e-04,1.20824116e-03,7.21167172e-07,9.37517323e-06,8.09091009e-05,1.05181831e-03,3.23683669e-05,4.53157136e-04,1.43301644e-15,2.14952467e-14,9.30835598e-06,1.30316984e-04,2.62816486e-05,3.94224729e-04,3.60831214e-04,5.77329942e-03,4.00046480e-10,6.80079016e-09,1.46524519e-21,2.63744134e-20,1.24613908e-06,2.11843643e-05,8.02508750e-13,1.44451575e-11,7.17611362e-05,1.43522272e-03
2.50320398e-05,4.48099813e-01,4.06599491e+03,6.68408373e-01,7.12803163e-01,7.12803163e-01,6.91395509e-02,2.76558204e-01,9.57916877e-05,1.14950025e-03,6.62764058e-07,8.61593276e-06,8.45156997e-05,1.09870410e-03,3.09430153e-05,4.33202214e-04,1.42000551e-15,2.13000826e-14,1.05967770e-05,1.48354878e-04,2.77655449e-05,4.16483174e-04,3.60734359e-04,5.77174974e-03,2.53807699e-10,4.31473089e-09,1.07603329e-21,1.93685992e-20,1.34299012e-06,2.28308320e-05,6.32056557e-13,1.13770180e-11,7.17611362e-05,1.43522272e-03
2.69822209e-05,4.48099798e-01,4.06599451e+03,7.05484920e-01,7.12795025e-01,7.12795025e-01,6.91395530e-02,2.76558212e-01,9.07814822e-05,1.08937779e-03,6.05097046e-07,7.86626159e-06,8.80768632e-05,1.14499922e-03,2.94744450e-05,4.12642229e-04,1.40342752e-15,2.10514128e-14,1.20457566e-05,1.68640593e-04,2.92918761e-05,4.39378141e-04,3.60629992e-04,5.77007987e-03,1.55438559e-10,2.64245550e-09,8.08748059e-22,1.45574651e-20,1.44734924e-06,2.46049371e-05,5.11401616e-13,9.20522908e-12,7.17611362e-05,1.43522272e-03
2.90843356e-05,4.48099783e-01,4.06599409e+03,7.41048938e-01,7.12786570e-01,7.12786570e-01,6.91395552e-02,2.76558221e-01,8.56740688e-05,1.02808883e-03,5.48544274e-07,7.13107556e-06,9.15586013e-05,1.19026182e-03,2.79669249e-05,3.91536949e-04,1.38379326e-15,2.07568989e-14,1.36713619e-05,1.91399067e-04,3.08560082e-05,4.62840123e-04,3.60517533e-04,5.76828053e-03,9.16486323e-11,1.55802675e-09,6.22725645e-22,1.12090616e-20,1.55979540e-06,2.65165217e-05,4.26628414e-13,7.67931146e-12,7.17611362e-05,1.43522272e-03
3.13502206e-05,4.48099766e-01,4.06599363e+03,7.74225446e-01,7.12777805e-01,7.12777805e-01,6.91395575e-02,2.76558230e-01,8.04901338e-05,9.65881605e-04,4.93490805e-07,6.41538046e-06,9.49234172e-05,1.23400442e-03,2.64255921e-05,3.69958290e-04,1.36170190e-15,2.04255285e-14,1.54904029e-05,2.16865640e-04,3.24524299e-05,4.86786449e-04,3.60396358e-04,5.76634173e-03,5.18828228e-11,8.82007987e-10,4.89734006e-22,8.81521211e-21,1.68095169e-06,2.85761787e-05,3.66706244e-13,6.60071239e-12,7.17611362e-05,1.43522272e-03
3.37926348e-05,4.48099748e-01,4.06599313e+03,8.04090260e-01,7.12768744e-01,7.12768744e-01,6.91395600e-02,2.76558240e-01,7.52531126e-05,9.03037352e-04,4.40320238e-07,5.72416310e-06,9.81304904e-05,1.27569638e-03,2.48564830e-05,3.47990763e-04,1.33782566e-15,2.00673849e-14,1.75202635e-05,2.45283689e-04,3.40747292e-05,5.11120938e-04,3.60265795e-04,5.76425272e-03,2.81252100e-11,4.78128570e-10,3.91059850e-22,7.03907730e-21,1.81148866e-06,3.07953072e-05,3.23283473e-13,5.81910251e-12,7.17611362e-05,1.43522272e-03
3.64253312e-05,4.48099728e-01,4.06599259e+03,8.29722498e-01,7.12759402e-01,7.12759402e-01,6.91395626e-02,2.76558251e-01,6.99890979e-05,8.39869175e-04,3.89405228e-07,5.06226797e-06,1.01135994e-04,1.31476793e-03,2.32665464e-05,3.25731649e-04,1.31288958e-15,1.96933437e-14,1.97786773e-05,2.76901482e-04,3.57155905e-05,5.35733857e-04,3.60125120e-04,5.76200192e-03,1.45672428e-11,2.47643128e-10,3.14856489e-22,5.66741680e-21,1.95212780e-06,3.31861727e-05,2.90339042e-13,5.22610276e-12,7.17611362e-05,1.43522272e-03
3.92631340e-05,4.48099707e-01,4.06599202e+03,8.50268633e-01,7.12749797e-01,7.12749797e-01,6.91395655e-02,2.76558262e-01,6.47266562e-05,7.76719874e-04,3.41097159e-07,4.43426307e-06,1.03893565e-04,1.35061635e-03,2.16636315e-05,3.03290841e-04,1.28764695e-15,1.93147043e-14,2.22834408e-05,3.11968172e-04,3.73668171e-05,5.60502257e-04,3.59973555e-04,5.75957688e-03,7.20304301e-12,1.22451731e-10,2.53933089e-22,4.57079561e-21,2.10364534e-06,3.57619709e-05,2.63757084e-13,4.74762751e-12,7.17611362e-05,1.43522272e-03
4.23220227e-05,4.48099684e-01,4.06599140e+03,8.65011586e-01,7.12739952e-01,7.12739952e-01,6.91395685e-02,2.76558274e-01,5.94965423e-05,7.13958507e-04,2.95715355e-07,3.84429962e-06,1.06354940e-04,1.38261422e-03,2.00564478e-05,2.80790269e-04,1.26285122e-15,1.89427683e-14,2.50520614e-05,3.50728859e-04,3.90193831e-05,5.85290746e-04,3.59810262e-04,5.75696420e-03,3.41092362e-12,5.79857015e-11,2.04055666e-22,3.67300198e-21,2.26687625e-06,3.85368962e-05,2.40886711e-13,4.33596079e-12,7.17611362e-05,1.43522272e-03
4.56192215e-05,4.48099659e-01,4.06599073e+03,8.73435717e-01,7.12729891e-01,7.12729891e-01,6.91395717e-02,2.76558287e-01,5.43313019e-05,6.51975623e-04,2.53536298e-07,3.29597187e-06,1.08470778e-04,1.41012011e-03,1.84544900e-05,2.58362860e-04,1.23922546e-15,1.85883819e-14,2.81013332e-05,3.93418664e-04,4.06635188e-05,6.09952781e-04,3.59634340e-04,5.75414944e-03,1.56794247e-12,2.66550220e-11,1.62740824e-22,2.92933484e-21,2.44271852e-06,4.15262149e-05,2.20136125e-13,3.96245025e-12,7.17611363e-05,1.43522273e-03
4.91732965e-05,4.48099633e-01,4.06599000e+03,8.75277605e-01,7.12719643e-01,7.12719643e-01,6.91395751e-02,2.76558301e-01,4.92647561e-05,5.91177073e-04,2.14783434e-07,2.79218464e-06,1.10191670e-04,1.43249172e-03,1.68679252e-05,2.36150952e-04,1.21743124e-15,1.82614687e-14,3.14468431e-05,4.40255803e-04,4.22888346e-05,6.34332520e-04,3.59444818e-04,5.75111709e-03,7.27213008e-13,1.23626211e-11,1.28465848e-22,2.31238526e-21,2.63213784e-06,4.47463433e-05,2.00632230e-13,3.61138015e-12,7.17611363e-05,1.43522273e-03
5.30042602e-05,4.48099604e-01,4.06598922e+03,8.70553846e-01,7.12709237e-01,7.12709237e-01,6.91395788e-02,2.76558315e-01,4.43313667e-05,5.31976401e-04,1.79618217e-07,2.33503682e-06,1.11469340e-04,1.44910142e-03,1.53074385e-05,2.14304139e-04,1.19803863e-15,1.79705795e-14,3.51024067e-05,4.91433694e-04,4.38844847e-05,6.58267270e-04,3.59240654e-04,5.74785047e-03,3.70126086e-13,6.29214346e-12,1.00194221e-22,1.80349598e-21,2.83617240e-06,4.82149309e-05,1.81958481e-13,3.27525265e-12,7.17611363e-05,1.43522273e-03
5.71336843e-05,4.48099573e-01,4.06598838e+03,8.59560736e-01,7.12698707e-01,7.12698707e-01,6.91395828e-02,2.76558331e-01,3.95654896e-05,4.74785875e-04,1.48133053e-07,1.92572969e-06,1.12258011e-04,1.45935414e-03,1.37840361e-05,1.92976505e-04,1.18149947e-15,1.77224921e-14,3.90794426e-05,5.47112196e-04,4.54393706e-05,6.81590559e-04,3.59020726e-04,5.74433161e-03,2.31201818e-13,3.93043090e-12,7.71173442e-23,1.38811219e-21,3.05593818e-06,5.19509491e-05,1.63968552e-13,2.95143393e-12,7.17611363e-05,1.43522273e-03
6.15848211e-05,4.48099540e-01,4.06598748e+03,8.42845877e-01,7.12688089e-01,7.12688089e-01,6.91395870e-02,2.76558348e-01,3.50005282e-05,4.20006338e-04,1.20346810e-07,1.56450853e-06,1.12515936e-04,1.46270716e-03,1.23088059e-05,1.72323283e-04,1.16812619e-15,1.75218929e-14,4.33862945e-05,6.07408123e-04,4.69423858e-05,7.04135787e-04,3.58783827e-04,5.74054122e-03,1.84033314e-13,3.12856634e-12,5.85304860e-23,1.05354875e-21,3.29263448e-06,5.59747862e-05,1.46663725e-13,2.63994705e-12,7.17611363e-05,1.43522273e-03
6.63827344e-05,4.48099504e-01,4.06598650e+03,8.21156815e-01,7.12677418e-01,7.12677418e-01,6.91395915e-02,2.76558366e-01,3.06680116e-05,3.68016140e-04,9.62034372e-08,1.25064468e-06,1.12207026e-04,1.45869134e-03,1.08926411e-05,1.52496976e-04,1.15807807e-15,1.73711711e-14,4.80275217e-05,6.72385304e-04,4.83826933e-05,7.25740399e-04,3.58528659e-04,5.73645855e-03,1.72943565e-13,2.94004061e-12,4.37838436e-23,7.88109185e-22,3.54754985e-06,6.03083475e-05,1.30117866e-13,2.34212160e-12,7.17611363e-05,1.43522273e-03
7.15544407e-05,4.48099466e-01,4.06598545e+03,7.95375538e-01,7.12666732e-01,7.12666732e-01,6.91395963e-02,2.76558385e-01,2.65966294e-05,3.19159552e-04,7.55740836e-08,9.82463086e-07,1.11302538e-04,1.44693300e-03,9.54593154e-06,1.33643042e-04,1.15135654e-15,1.72703481e-14,5.30031785e-05,7.42044498e-04,4.97500320e-05,7.46250481e-04,3.58253830e-04,5.73206128e-03,1.75396648e-13,2.98174302e-12,3.22707571e-23,5.80873627e-22,3.82206838e-06,6.49751624e-05,1.14434366e-13,2.05981859e-12,7.17611363e-05,1.43522273e-03
7.71290612e-05,4.48099424e-01,4.06598432e+03,7.66448950e-01,7.12656069e-01,7.12656069e-01,6.91396014e-02,2.76558406e-01,2.28112654e-05,2.73735184e-04,5.82628691e-08,7.57417298e-07,1.09782738e-04,1.42717560e-03,8.27823636e-06,1.15895309e-04,1.14781054e-15,1.72171581e-14,5.83081147e-05,8.16313606e-04,5.10350389e-05,7.65525583e-04,3.57957841e-04,5.72732545e-03,1.83087197e-13,3.11248235e-12,2.34312380e-23,4.21762285e-22,4.11767635e-06,7.00004979e-05,9.97224826e-14,1.79500469e-12,7.17611363e-05,1.43522273e-03
8.31379858e-05,4.48099379e-01,4.06598310e+03,7.35324487e-01,7.12645467e-01,7.12645467e-01,6.91396068e-02,2.76558427e-01,1.93320833e-05,2.31985000e-04,4.40161575e-08,5.72210047e-07,1.07638460e-04,1.39929998e-03,7.09795085e-06,9.93713119e-05,1.14715204e-15,1.72072806e-14,6.39313337e-05,8.95038672e-04,5.22295722e-05,7.83443583e-04,3.57639081e-04,5.72222530e-03,1.93275329e-13,3.28568060e-12,1.67595084e-23,3.01671152e-22,4.43596933e-06,7.54114785e-05,8.60844044e-14,1.54951928e-12,7.17611363e-05,1.43522273e-03
8.96150502e-05,4.48099331e-01,4.06598178e+03,7.02897371e-01,7.12634961e-01,7.12634961e-01,6.91396126e-02,2.76558451e-01,1.61737201e-05,1.94084641e-04,3.25348658e-08,4.22953255e-07,1.04872455e-04,1.36334191e-03,6.01198652e-06,8.41678113e-05,1.14898081e-15,1.72347121e-14,6.98554471e-05,9.77976260e-04,5.33270197e-05,7.99905295e-04,3.57295823e-04,5.71673318e-03,2.05188525e-13,3.48820493e-12,1.18103576e-23,2.12586437e-22,4.77865961e-06,8.12372134e-05,7.36078036e-14,1.32494046e-12,7.17611363e-05,1.43522273e-03
9.65967258e-05,4.48099279e-01,4.06598036e+03,6.69972768e-01,7.12624588e-01,7.12624588e-01,6.91396188e-02,2.76558475e-01,1.33446485e-05,1.60135782e-04,2.34890232e-08,3.05357301e-07,1.01500434e-04,1.31950564e-03,5.02548494e-06,7.03567891e-05,1.15281662e-15,1.72922492e-14,7.60562729e-05,1.06478782e-03,5.43225697e-05,8.14838546e-04,3.56926211e-04,5.71081937e-03,2.18675591e-13,3.71748504e-12,8.20233850e-24,1.47642093e-22,5.14758416e-06,8.75089307e-05,6.23611744e-14,1.12250114e-12,7.17611364e-05,1.43522273e-03
1.04122326e-04,4.48099222e-01,4.06597883e+03,6.37243133e-01,7.12614382e-01,7.12614382e-01,6.91396254e-02,2.76558502e-01,1.08467669e-05,1.30161202e-04,1.65335282e-08,2.14935867e-07,9.75516900e-05,1.26817197e-03,4.14158744e-06,5.79822242e-05,1.15813611e-15,1.73720417e-14,8.25026200e-05,1.15503668e-03,5.52134262e-05,8.28201393e-04,3.56528251e-04,5.70445201e-03,2.33756503e-13,3.97386054e-12,5.61742310e-24,1.01113616e-22,5.54471286e-06,9.42601186e-05,5.23907958e-14,9.43034325e-13,7.17611364e-05,1.43522273e-03
1.12234225e-04,4.48099162e-01,4.06597718e+03,6.05278945e-01,7.12604373e-01,7.12604373e-01,6.91396324e-02,2.76558530e-01,8.67526630e-06,1.04103196e-04,1.13238887e-08,1.47210554e-07,9.30692207e-05,1.20989987e-03,3.36128204e-06,4.70579486e-05,1.16441096e-15,1.74661644e-14,8.91563020e-05,1.24818823e-03,5.59989456e-05,8.39984184e-04,3.56099805e-04,5.69759689e-03,2.50489782e-13,4.25832629e-12,3.79751982e-24,6.83553568e-23,5.97215733e-06,1.01526675e-04,4.37189650e-14,7.86941370e-13,7.17611364e-05,1.43522273e-03
1.20978102e-04,4.48099096e-01,4.06597541e+03,5.74529860e-01,7.12594591e-01,7.12594591e-01,6.91396399e-02,2.76558559e-01,6.81881006e-06,8.18257207e-05,7.53069704e-09,9.78990615e-08,8.81092680e-05,1.14542048e-03,2.68334574e-06,3.75668403e-05,1.17114371e-15,1.75671556e-14,9.59724153e-05,1.34361381e-03,5.66806805e-05,8.50210208e-04,3.55638582e-04,5.69021731e-03,2.68939740e-13,4.57197557e-12,2.53862985e-24,4.56953372e-23,6.43218006e-06,1.09347061e-04,3.63434961e-14,6.54182931e-13,7.17611364e-05,1.43522273e-03
1.30403192e-04,4.48099026e-01,4.06597349e+03,5.45333054e-01,7.12585065e-01,7.12585065e-01,6.91396478e-02,2.76558591e-01,5.26003984e-06,6.31204781e-05,4.85172327e-09,6.30724025e-08,8.27402456e-05,1.07562319e-03,2.10439527e-06,2.94615338e-05,1.17789790e-15,1.76684686e-14,1.02899906e-04,1.44059869e-03,5.72623165e-05,8.58934748e-04,3.55142122e-04,5.68227396e-03,2.89171602e-13,4.91591723e-12,1.68355913e-24,3.03040644e-23,6.92720402e-06,1.17762468e-04,3.02385669e-14,5.44294205e-13,7.17611364e-05,1.43522273e-03
1.40562565e-04,4.48098950e-01,4.06597142e+03,5.17925808e-01,7.12575818e-01,7.12575818e-01,6.91396561e-02,2.76558624e-01,3.97639652e-06,4.77167583e-05,3.02077852e-09,3.92701208e-08,7.70410516e-05,1.00153367e-03,1.61905120e-06,2.26667168e-05,1.18431995e-15,1.77647993e-14,1.09882439e-04,1.53835414e-03,5.77494994e-05,8.66242490e-04,3.54607792e-04,5.67372467e-03,3.11253534e-13,5.29131007e-12,1.11407536e-24,2.00533565e-23,7.45982266e-06,1.26816985e-04,2.53569554e-14,4.56425197e-13,7.17611365e-05,1.43522273e-03
1.51513429e-04,4.48098868e-01,4.06596920e+03,4.92459976e-01,7.12566875e-01,7.12566875e-01,6.91396649e-02,2.76558660e-01,2.94121443e-06,3.52945731e-05,1.81289720e-09,2.35676637e-08,7.10988150e-05,9.24284596e-04,1.22021078e-06,1.70829509e-05,1.19015104e-15,1.78522657e-14,1.16859551e-04,1.63603372e-03,5.81495568e-05,8.72243353e-04,3.54032770e-04,5.66452432e-03,3.35260089e-13,5.69942151e-12,7.43255933e-25,1.33786068e-23,8.03281030e-06,1.36557775e-04,2.16336143e-14,3.89405058e-13,7.17611365e-05,1.43522273e-03
1.63317447e-04,4.48098780e-01,4.06596680e+03,4.69016640e-01,7.12558257e-01,7.12558257e-01,6.91396743e-02,2.76558697e-01,2.12501956e-06,2.55002348e-05,1.04583137e-09,1.35958078e-08,6.50061733e-05,8.45080252e-04,8.99414485e-07,1.25918028e-05,1.19522895e-15,1.79284342e-14,1.23768083e-04,1.73275317e-03,5.84711309e-05,8.77066964e-04,3.53414035e-04,5.65462456e-03,3.61275618e-13,6.14168551e-12,5.08556613e-25,9.15401903e-24,8.64913294e-06,1.47035260e-04,1.89904112e-14,3.41827401e-13,7.17611365e-05,1.43522273e-03
1.76041084e-04,4.48098685e-01,4.06596421e+03,4.47619879e-01,7.12549985e-01,7.12549985e-01,6.91396841e-02,2.76558737e-01,1.49693843e-06,1.79632611e-05,5.78277355e-10,7.51760562e-09,5.88582178e-05,7.65156832e-04,6.47281090e-07,9.06193526e-06,1.19948074e-15,1.79922111e-14,1.30543819e-04,1.82761347e-03,5.87237443e-05,8.80856165e-04,3.52748357e-04,5.64397371e-03,3.89397150e-13,6.61975155e-12,3.65896268e-25,6.58613282e-24,9.31195927e-06,1.58303308e-04,1.73417431e-14,3.12151375e-13,7.17611366e-05,1.43522273e-03
1.89755988e-04,4.48098583e-01,4.06596142e+03,4.28249051e-01,7.12542079e-01,7.12542079e-01,6.91396945e-02,2.76558778e-01,1.02610880e-06,1.23133055e-05,3.05589117e-10,3.97265852e-09,5.27492823e-05,6.85740670e-04,4.53978065e-07,6.35569291e-06,1.20290858e-15,1.80436287e-14,1.37123290e-04,1.91972606e-03,5.89173344e-05,8.83760016e-04,3.52032280e-04,5.63251648e-03,4.19736503e-13,7.13552055e-12,2.84847125e-25,5.12724825e-24,1.00246721e-05,1.70419425e-04,1.66006442e-14,2.98811595e-13,7.17611366e-05,1.43522273e-03
2.04539383e-04,4.48098472e-01,4.06595842e+03,4.10849361e-01,7.12534555e-01,7.12534555e-01,6.91397054e-02,2.76558822e-01,6.82980827e-07,8.19576992e-06,1.53919149e-10,2.00094893e-09,4.67697602e-05,6.08006883e-04,3.09689373e-07,4.33565122e-06,1.20557121e-15,1.80835681e-14,1.43445654e-04,2.00823916e-03,5.90617912e-05,8.85926867e-04,3.51262113e-04,5.62019382e-03,4.52421548e-13,7.69116632e-12,2.44871594e-25,4.40768869e-24,1.07908797e-05,1.83444955e-04,1.66849475e-14,3.00329055e-13,7.17611367e-05,1.43522273e-03
2.20474515e-04,4.48098353e-01,4.06595518e+03,3.95340696e-01,7.12527431e-01,7.12527431e-01,6.91397168e-02,2.76558867e-01,4.40407605e-07,5.28489126e-06,7.37452374e-11,9.58688086e-10,4.10031395e-05,5.33040813e-04,2.05042523e-07,2.87059532e-06,1.20756420e-15,1.81134630e-14,1.49454574e-04,2.09236403e-03,5.91665369e-05,8.87498053e-04,3.50433916e-04,5.60694265e-03,4.87596696e-13,8.28914383e-12,2.32464586e-25,4.18436254e-24,1.16144279e-05,1.97445274e-04,1.75230617e-14,3.15415111e-13,7.17611367e-05,1.43522273e-03
2.37651111e-04,4.48098225e-01,4.06595169e+03,3.81624852e-01,7.12520718e-01,7.12520718e-01,6.91397287e-02,2.76558915e-01,2.74448581e-07,3.29338297e-06,3.36064737e-11,4.36884158e-10,3.55234215e-05,4.61804480e-04,1.31461401e-07,1.84045961e-06,1.20900140e-15,1.81350210e-14,1.55099989e-04,2.17139985e-03,5.92401794e-05,8.88602691e-04,3.49543482e-04,5.59269571e-03,5.25422755e-13,8.93218684e-12,2.39033958e-25,4.30261124e-24,1.24994113e-05,2.12489991e-04,1.90589819e-14,3.43061673e-13,7.17611368e-05,1.43522274e-03
2.56165892e-04,4.48098087e-01,4.06594792e+03,3.69591342e-01,7.12514427e-01,7.12514427e-01,6.91397412e-02,2.76558965e-01,1.64844124e-07,1.97812949e-06,1.46335837e-11,1.90236588e-10,3.03930525e-05,3.95109682e-04,8.14205482e-08,1.13988768e-06,1.20999952e-15,1.81499928e-14,1.60339716e-04,2.24475602e-03,5.92902632e-05,8.89353948e-04,3.48586330e-04,5.57738129e-03,5.66076422e-13,9.62329918e-12,2.59361006e-25,4.66849811e-24,1.34501849e-05,2.28653144e-04,2.12562627e-14,3.82612729e-13,7.17611368e-05,1.43522274e-03
2.76123110e-04,4.48097938e-01,4.06594386e+03,3.59121978e-01,7.12508564e-01,7.12508564e-01,6.91397541e-02,2.76559016e-01,9.51593181e-08,1.14191182e-06,6.18252299e-12,8.03727989e-11,2.56614496e-05,3.33598844e-04,4.85889634e-08,6.80245487e-07,1.21066690e-15,1.81600035e-14,1.65140773e-04,2.31197082e-03,5.93231302e-05,8.89846953e-04,3.47557688e-04,5.56092301e-03,6.09749617e-13,1.03657435e-11,2.90507347e-25,5.22913224e-24,1.44713758e-05,2.46013389e-04,2.41008327e-14,4.33814988e-13,7.17611369e-05,1.43522274e-03
2.97635144e-04,4.48097777e-01,4.06593949e+03,3.50094410e-01,7.12503128e-01,7.12503128e-01,6.91397675e-02,2.76559070e-01,5.26335224e-08,6.31602269e-07,2.62952274e-12,3.41837956e-11,2.13641568e-05,2.77734038e-04,2.78650922e-08,3.90111290e-07,1.21109659e-15,1.81664489e-14,1.69480377e-04,2.37272527e-03,5.93438879e-05,8.90158318e-04,3.46452478e-04,5.54323964e-03,6.56648865e-13,1.11630307e-11,3.31060310e-25,5.95908558e-24,1.55678934e-05,2.64654188e-04,2.76026893e-14,4.96848408e-13,7.17611370e-05,1.43522274e-03
3.20823125e-04,4.48097604e-01,4.06593478e+03,3.42384821e-01,7.12498112e-01,7.12498112e-01,6.91397813e-02,2.76559125e-01,2.78024781e-08,3.33629737e-07,1.20402796e-12,1.56523635e-11,1.75226192e-05,2.27794050e-04,1.53172441e-08,2.14441418e-07,1.21136338e-15,1.81704508e-14,1.73346547e-04,2.42685166e-03,5.93564710e-05,8.90347064e-04,3.45265303e-04,5.52424484e-03,7.06994841e-13,1.20189123e-11,3.80630330e-25,6.85134594e-24,1.67449396e-05,2.84663973e-04,3.17966703e-14,5.72340066e-13,7.17611371e-05,1.43522274e-03
3.45817620e-04,4.48097417e-01,4.06592970e+03,3.35869908e-01,7.12493502e-01,7.12493502e-01,6.91397955e-02,2.76559182e-01,1.39768866e-08,1.67722639e-07,6.39453130e-13,8.31289069e-12,1.41445347e-05,1.83878952e-04,8.05301570e-09,1.12742220e-07,1.21152383e-15,1.81728575e-14,1.76738276e-04,2.47433587e-03,5.93637734e-05,8.90456601e-04,3.43990435e-04,5.50384696e-03,7.61022097e-13,1.29373756e-11,4.39530800e-25,7.91155441e-24,1.80080182e-05,3.06136310e-04,3.67426059e-14,6.61366907e-13,7.17611372e-05,1.43522274e-03
3.72759372e-04,4.48097216e-01,4.06592422e+03,3.30428334e-01,7.12489275e-01,7.12489275e-01,6.91398100e-02,2.76559240e-01,6.66342607e-09,7.99611128e-08,4.01145722e-13,5.21489438e-12,1.12247208e-05,1.45921370e-04,4.04603672e-09,5.66445141e-08,1.21161828e-15,1.81742742e-14,1.79665239e-04,2.51531334e-03,5.93678225e-05,8.90517338e-04,3.42621804e-04,5.48194887e-03,8.18978970e-13,1.39226425e-11,5.08585383e-25,9.15453689e-24,1.93629423e-05,3.29170019e-04,4.25252200e-14,7.65453960e-13,7.17611373e-05,1.43522275e-03
4.01800086e-04,4.48096999e-01,4.06591831e+03,3.25941781e-01,7.12485402e-01,7.12485402e-01,6.91398247e-02,2.76559299e-01,3.00247158e-09,3.60296590e-08,2.81649752e-13,3.66144678e-12,8.74642621e-06,1.13703541e-04,1.94805557e-09,2.72727779e-08,1.21167392e-15,1.81751088e-14,1.82147044e-04,2.55005862e-03,5.93699671e-05,8.90549506e-04,3.41152982e-04,5.45844772e-03,8.81127583e-13,1.49791689e-11,5.89021058e-25,1.06023791e-23,2.08158404e-05,3.53869288e-04,4.92541459e-14,8.86574626e-13,7.17611374e-05,1.43522275e-03
4.33103286e-04,4.48096765e-01,4.06591195e+03,3.22295769e-01,7.12481843e-01,7.12481843e-01,6.91398397e-02,2.76559359e-01,1.27565059e-09,1.53078071e-08,2.07082875e-13,2.69207737e-12,6.68301303e-06,8.68791694e-05,9.09757286e-10,1.27366020e-08,1.21170802e-15,1.81756203e-14,1.84212048e-04,2.57896867e-03,5.93710568e-05,8.90565852e-04,3.39577177e-04,5.43323484e-03,9.47743878e-13,1.61116459e-11,6.82417313e-25,1.22835116e-23,2.23731608e-05,3.80343733e-04,5.70643751e-14,1.02715875e-12,7.17611375e-05,1.43522275e-03
4.66845237e-04,4.48096513e-01,4.06590509e+03,3.19380374e-01,7.12478554e-01,7.12478554e-01,6.91398547e-02,2.76559419e-01,5.11661799e-10,6.13994159e-09,1.53022923e-13,1.98929800e-12,4.99992909e-06,6.49990781e-05,4.26353807e-10,5.96895330e-09,1.21173095e-15,1.81759643e-14,1.85895771e-04,2.60254080e-03,5.93715971e-05,8.90573957e-04,3.37887223e-04,5.40619557e-03,1.01911761e-12,1.73249994e-11,7.90691922e-25,1.42324546e-23,2.40416720e-05,4.08708424e-04,6.61173728e-14,1.19011271e-12,7.17611377e-05,1.43522275e-03
5.03215936e-04,4.48096242e-01,4.06589770e+03,3.17090970e-01,7.12475486e-01,7.12475486e-01,6.91398696e-02,2.76559478e-01,1.96193202e-10,2.35431843e-09,1.11523360e-13,1.44980369e-12,3.65688233e-06,4.75394703e-05,2.15857003e-10,3.02199804e-09,1.21174858e-15,1.81762288e-14,1.87239019e-04,2.62134626e-03,5.93718704e-05,8.90578056e-04,3.36075573e-04,5.37720917e-03,1.09555226e-12,1.86243884e-11,9.16111371e-25,1.64900047e-23,2.58284617e-05,4.39083848e-04,7.66030046e-14,1.37885408e-12,7.17611379e-05,1.43522276e-03
5.42420181e-04,4.48095949e-01,4.06588973e+03,3.15329053e-01,7.12472586e-01,7.12472586e-01,6.91398844e-02,2.76559538e-01,7.52737424e-11,9.03284909e-10,7.95292206e-14,1.03387987e-12,2.61011301e-06,3.39314691e-05,1.30828838e-10,1.83160374e-09,1.21176406e-15,1.81764610e-14,1.88285802e-04,2.63600122e-03,5.93720247e-05,8.90580371e-04,3.34134298e-04,5.34614877e-03,1.17736475e-12,2.00152007e-11,1.06131901e-24,1.91037422e-23,2.77409303e-05,4.71595816e-04,8.87423416e-14,1.59736215e-12,7.17611381e-05,1.43522276e-03
5.84678728e-04,4.48095633e-01,4.06588114e+03,3.14003177e-01,7.12469799e-01,7.12469799e-01,6.91398989e-02,2.76559596e-01,3.25153444e-11,3.90184133e-10,5.52811162e-14,7.18654511e-13,1.81464341e-06,2.35903644e-05,9.94494191e-11,1.39229187e-09,1.21177900e-15,1.81766850e-14,1.89081212e-04,2.64713697e-03,5.93721326e-05,8.90581989e-04,3.32055085e-04,5.31288137e-03,1.26488502e-12,2.15030453e-11,1.22937715e-24,2.21287887e-23,2.97867809e-05,5.06375275e-04,1.02791356e-13,1.85024441e-12,7.17611383e-05,1.43522277e-03
6.30229527e-04,4.48095293e-01,4.06587188e+03,3.13029936e-01,7.12467072e-01,7.12467072e-01,6.91399130e-02,2.76559652e-01,1.86796910e-11,2.24156292e-10,3.73591897e-14,4.85669466e-13,1.22637402e-06,1.59428623e-05,8.92897461e-11,1.25005645e-09,1.21179420e-15,1.81769129e-14,1.89669397e-04,2.65537156e-03,5.93722272e-05,8.90583408e-04,3.29829242e-04,5.27726787e-03,1.35845534e-12,2.30937408e-11,1.42382105e-24,2.56287789e-23,3.19740027e-05,5.43558046e-04,1.19045501e-13,2.14281903e-12,7.17611386e-05,1.43522277e-03
6.79329072e-04,4.48094927e-01,4.06586189e+03,3.12334890e-01,7.12464353e-01,7.12464353e-01,6.91399264e-02,2.76559706e-01,1.46474547e-11,1.75769457e-10,2.44893366e-14,3.18361376e-13,8.03896115e-07,1.04506495e-05,8.68537624e-11,1.21595267e-09,1.21181009e-15,1.81771513e-14,1.90091782e-04,2.66128495e-03,5.93723229e-05,8.90584844e-04,3.27447705e-04,5.23916327e-03,1.45842936e-12,2.47932992e-11,1.64872404e-24,2.96770328e-23,3.43108487e-05,5.83284428e-04,1.37845169e-13,2.48121304e-12,7.17611389e-05,1.43522278e-03
7.32253834e-04,4.48094531e-01,4.06585114e+03,3.11853294e-01,7.12461595e-01,7.12461595e-01,6.91399390e-02,2.76559756e-01,1.36475256e-11,1.63770307e-10,1.55336826e-14,2.01937874e-13,5.09909881e-07,6.62882845e-06,8.69991715e-11,1.21798840e-09,1.21182693e-15,1.81774040e-14,1.90385671e-04,2.66539940e-03,5.93724260e-05,8.90586389e-04,3.24901055e-04,5.19841688e-03,1.56517083e-12,2.66079041e-11,1.90877345e-24,3.43579221e-23,3.68058056e-05,6.25698695e-04,1.59582038e-13,2.87247668e-12,7.17611392e-05,1.43522278e-03
7.89301826e-04,4.48094105e-01,4.06583954e+03,3.11530493e-01,7.12458753e-01,7.12458753e-01,6.91399506e-02,2.76559802e-01,1.35091662e-11,1.62109994e-10,9.50997364e-15,1.23629657e-13,3.12173340e-07,4.05825342e-06,8.79480528e-11,1.23127274e-09,1.21184492e-15,1.81776737e-14,1.90583308e-04,2.66816631e-03,5.93725393e-05,8.90588089e-04,3.22179541e-04,5.15487265e-03,1.67905191e-12,2.85438825e-11,2.20935781e-24,3.97684406e-23,3.94675544e-05,6.70948424e-04,1.84706362e-13,3.32471451e-12,7.17611396e-05,1.43522279e-03
8.50794280e-04,4.48093646e-01,4.06582704e+03,3.11321877e-01,7.12455790e-01,7.12455790e-01,6.91399610e-02,2.76559844e-01,1.36094834e-11,1.63313801e-10,5.60402195e-15,7.28522853e-14,1.83957300e-07,2.39144490e-06,8.91510676e-11,1.24811495e-09,1.21186421e-15,1.81779631e-14,1.90711419e-04,2.66995987e-03,5.93726648e-05,8.90589972e-04,3.19273103e-04,5.10836965e-03,1.80045111e-12,3.06076688e-11,2.55666610e-24,4.60199897e-23,4.23049213e-05,7.19183662e-04,2.13735249e-13,3.84723449e-12,7.17611400e-05,1.43522280e-03
9.17077451e-04,4.48093151e-01,4.06581356e+03,3.11192375e-01,7.12452673e-01,7.12452673e-01,6.91399698e-02,2.76559879e-01,1.37931909e-11,1.65518290e-10,3.16926615e-15,4.12004600e-14,1.04035904e-07,1.35246676e-06,9.04622234e-11,1.26647113e-09,1.21188496e-15,1.81782744e-14,1.90791231e-04,2.67107723e-03,5.93728043e-05,8.90592064e-04,3.16171419e-04,5.05874271e-03,1.92975067e-12,3.28057614e-11,2.95779997e-24,5.32403995e-23,4.53268168e-05,7.70555886e-04,2.47262039e-13,4.45071671e-12,7.17611405e-05,1.43522281e-03
9.88524571e-04,4.48092617e-01,4.06579904e+03,3.11115522e-01,7.12449371e-01,7.12449371e-01,6.91399770e-02,2.76559908e-01,1.40315915e-11,1.68379098e-10,1.71472907e-15,2.22914779e-14,5.62913456e-08,7.31787493e-07,9.18529235e-11,1.28594093e-09,1.21190733e-15,1.81786100e-14,1.90838859e-04,2.67174402e-03,5.93729597e-05,8.90594396e-04,3.12863948e-04,5.00582316e-03,2.06733342e-12,3.51446682e-11,3.42090030e-24,6.15762053e-23,4.85421613e-05,8.25216742e-04,2.85966862e-13,5.14740352e-12,7.17611411e-05,1.43522282e-03
1.06553795e-03,4.48092042e-01,4.06578338e+03,3.11072221e-01,7.12445862e-01,7.12445862e-01,6.91399822e-02,2.76559929e-01,1.43273554e-11,1.71928265e-10,8.84676672e-16,1.15007967e-14,2.90458499e-08,3.77596048e-07,9.33238446e-11,1.30653382e-09,1.21193149e-15,1.81789723e-14,1.90865980e-04,2.67212372e-03,5.93731333e-05,8.90596999e-04,3.09339991e-04,4.94943986e-03,2.21357897e-12,3.76308425e-11,3.95528936e-24,7.11952084e-23,5.19597958e-05,8.83316528e-04,3.30628506e-13,5.95131310e-12,7.17611417e-05,1.43522283e-03
1.14855124e-03,4.48091422e-01,4.06576651e+03,3.11049334e-01,7.12442124e-01,7.12442124e-01,6.91399851e-02,2.76559941e-01,1.46913435e-11,1.76296122e-10,4.33798732e-16,5.63938352e-15,1.42467343e-08,1.85207546e-07,9.48811156e-11,1.32833562e-09,1.21195760e-15,1.81793640e-14,1.90880647e-04,2.67232905e-03,5.93733276e-05,8.90599914e-04,3.05588772e-04,4.88942035e-03,2.36885919e-12,4.02706063e-11,4.57162990e-24,8.22893382e-23,5.55883758e-05,9.45002389e-04,3.82137694e-13,6.87847850e-12,7.17611424e-05,1.43522285e-03
1.23803188e-03,4.48090754e-01,4.06574832e+03,3.11038284e-01,7.12438137e-01,7.12438137e-01,6.91399856e-02,2.76559943e-01,1.51379332e-11,1.81655198e-10,2.01568024e-16,2.62038431e-15,6.62457024e-09,8.61194132e-08,9.65308727e-11,1.35143222e-09,1.21198585e-15,1.81797878e-14,1.90888128e-04,2.67243379e-03,5.93735456e-05,8.90603184e-04,3.01599519e-04,4.82559230e-03,2.53353289e-12,4.30700591e-11,5.28210293e-24,9.50778528e-23,5.94362468e-05,1.01041620e-03,4.41511922e-13,7.94721460e-12,7.17611432e-05,1.43522286e-03
1.33448373e-03,4.48090034e-01,4.06572871e+03,3.11033772e-01,7.12433884e-01,7.12433884e-01,6.91399834e-02,2.76559933e-01,1.56844978e-11,1.88213974e-10,8.86214207e-17,1.15207847e-15,2.91776906e-09,3.79309978e-08,9.82783604e-11,1.37589705e-09,1.21201644e-15,1.81802466e-14,1.90891683e-04,2.67248357e-03,5.93737910e-05,8.90606864e-04,2.97361576e-04,4.75778521e-03,2.70793963e-12,4.60349736e-11,6.10060522e-24,1.09810894e-22,6.35112982e-05,1.07969207e-03,5.09911933e-13,9.17841479e-12,7.17611442e-05,1.43522288e-03
1.43844989e-03,4.48089257e-01,4.06570757e+03,3.11032721e-01,7.12429350e-01,7.12429350e-01,6.91399781e-02,2.76559912e-01,1.63517226e-11,1.96220672e-10,3.69912029e-17,4.80885637e-16,1.22359734e-09,1.59067654e-08,1.00127955e-10,1.40179137e-09,1.21204958e-15,1.81807437e-14,1.90893217e-04,2.67250504e-03,5.93740678e-05,8.90611017e-04,2.92864525e-04,4.68583240e-03,2.89239254e-12,4.91706731e-11,7.04296787e-24,1.26773422e-22,6.78207959e-05,1.15295353e-03,5.88659949e-13,1.05958791e-11,7.17611452e-05,1.43522290e-03
1.55051578e-03,4.48088420e-01,4.06568479e+03,3.11033459e-01,7.12424518e-01,7.12424518e-01,6.91399695e-02,2.76559878e-01,1.71641017e-11,2.05969221e-10,1.49300569e-17,1.94090740e-16,5.00016059e-10,6.50020877e-09,1.02083286e-10,1.42916601e-09,1.21208551e-15,1.81812827e-14,1.90893769e-04,2.67251277e-03,5.93743811e-05,8.90615717e-04,2.88098333e-04,4.60957332e-03,3.08717014e-12,5.24818924e-11,8.12719740e-24,1.46289553e-22,7.23711891e-05,1.23031021e-03,6.79259782e-13,1.22266761e-11,7.17611464e-05,1.43522293e-03
1.67131243e-03,4.48087518e-01,4.06566024e+03,3.11035147e-01,7.12419375e-01,7.12419375e-01,6.91399574e-02,2.76559830e-01,1.81505033e-11,2.17806040e-10,6.18572643e-18,8.04144436e-17,2.13603578e-10,2.77684651e-09,1.04147307e-10,1.45806230e-09,1.21212450e-15,1.81818675e-14,1.90893874e-04,2.67251424e-03,5.93747368e-05,8.90621052e-04,2.83053514e-04,4.52885623e-03,3.29250700e-12,5.59726191e-11,9.37373996e-24,1.68727319e-22,7.71678924e-05,1.31185417e-03,7.83418857e-13,1.41015394e-11,7.17611478e-05,1.43522296e-03
1.80152004e-03,4.48086546e-01,4.06563377e+03,3.11037409e-01,7.12413906e-01,7.12413906e-01,6.91399416e-02,2.76559766e-01,1.93447842e-11,2.32137411e-10,3.01822466e-18,3.92369206e-17,1.10342213e-10,1.43444877e-09,1.06322294e-10,1.48851212e-09,1.21216684e-15,1.81825025e-14,1.90893786e-04,2.67251301e-03,5.93751416e-05,8.90627125e-04,2.77721324e-04,4.44354118e-03,3.50858323e-12,5.96459149e-11,1.08057692e-23,1.94503845e-22,8.22150391e-05,1.39765566e-03,9.03072210e-13,1.62552998e-11,7.17611494e-05,1.43522299e-03
1.94187178e-03,4.48085498e-01,4.06560524e+03,3.11040103e-01,7.12408097e-01,7.12408097e-01,6.91399218e-02,2.76559687e-01,2.07864440e-11,2.49437328e-10,2.01650943e-18,2.62146226e-17,7.83034037e-11,1.01794425e-09,1.08609789e-10,1.52053704e-09,1.21221286e-15,1.81831929e-14,1.90893617e-04,2.67251064e-03,5.93756040e-05,8.90634060e-04,2.72093967e-04,4.35350347e-03,3.73551274e-12,6.35037166e-11,1.24494978e-23,2.24090960e-22,8.75152067e-05,1.48775851e-03,1.04040845e-12,1.87273521e-11,7.17611512e-05,1.43522302e-03
2.09315797e-03,4.48084368e-01,4.06557448e+03,3.11043206e-01,7.12401935e-01,7.12401935e-01,6.91398979e-02,2.76559592e-01,2.25213069e-11,2.70255683e-10,1.79816353e-18,2.33761259e-17,7.21441299e-11,9.37873688e-10,1.11010497e-10,1.55414696e-09,1.21226293e-15,1.81839440e-14,1.90893413e-04,2.67250778e-03,5.93761335e-05,8.90642003e-04,2.66164837e-04,4.25863740e-03,3.97333034e-12,6.75466157e-11,1.43345121e-23,2.58021218e-22,9.30691133e-05,1.58217493e-03,1.19789764e-12,2.15621575e-11,7.17611532e-05,1.43522306e-03
2.25623046e-03,4.48083150e-01,4.06554133e+03,3.11046750e-01,7.12395408e-01,7.12395408e-01,6.91398697e-02,2.76559479e-01,2.46022130e-11,2.95226556e-10,1.85237797e-18,2.40809136e-17,7.51316518e-11,9.76711473e-10,1.13524157e-10,1.58933820e-09,1.21231748e-15,1.81847623e-14,1.90893191e-04,2.67250468e-03,5.93767420e-05,8.90651129e-04,2.59928781e-04,4.15886049e-03,4.22197744e-12,7.17736164e-11,1.64941285e-23,2.96894313e-22,9.88752849e-05,1.68087984e-03,1.37832094e-12,2.48097769e-11,7.17611555e-05,1.43522311e-03
2.43200751e-03,4.48081837e-01,4.06550560e+03,3.11050794e-01,7.12388504e-01,7.12388504e-01,6.91398371e-02,2.76559348e-01,2.70896973e-11,3.25076368e-10,2.00994983e-18,2.61293478e-17,8.17488212e-11,1.06273468e-09,1.16149383e-10,1.62609136e-09,1.21237699e-15,1.81856548e-14,1.90892960e-04,2.67250144e-03,5.93774430e-05,8.90661645e-04,2.53382379e-04,4.05411806e-03,4.48128671e-12,7.61818740e-11,1.89657688e-23,3.41383839e-22,1.04929695e-04,1.78380481e-03,1.58480188e-12,2.85264339e-11,7.17611582e-05,1.43522316e-03
2.62147890e-03,4.48080422e-01,4.06546709e+03,3.11055419e-01,7.12381213e-01,7.12381213e-01,6.91398000e-02,2.76559200e-01,3.00526171e-11,3.60631405e-10,2.22327217e-18,2.89025382e-17,9.04738322e-11,1.17615982e-09,1.18883494e-10,1.66436892e-09,1.21244199e-15,1.81866298e-14,1.90892724e-04,2.67249814e-03,5.93782533e-05,8.90673799e-04,2.46524254e-04,3.94438807e-03,4.75096573e-12,8.07664174e-11,2.17913482e-23,3.92244268e-22,1.11225382e-04,1.89083149e-03,1.82083862e-12,3.27750952e-11,7.17611612e-05,1.43522322e-03
2.82571150e-03,4.48078897e-01,4.06542557e+03,3.11060721e-01,7.12373526e-01,7.12373526e-01,6.91397584e-02,2.76559033e-01,3.35687055e-11,4.02824466e-10,2.48405427e-18,3.22927055e-17,1.01080278e-10,1.31404361e-09,1.21722332e-10,1.70411265e-09,1.21251311e-15,1.81876966e-14,1.90892486e-04,2.67249481e-03,5.93791923e-05,8.90687885e-04,2.39355405e-04,3.82968648e-03,5.03057942e-12,8.55198501e-11,2.50176782e-23,4.50318208e-22,1.17752040e-04,2.00178468e-03,2.09033744e-12,3.76260739e-11,7.17611645e-05,1.43522329e-03
3.04585534e-03,4.48077253e-01,4.06538082e+03,3.11066816e-01,7.12365436e-01,7.12365436e-01,6.91397122e-02,2.76558849e-01,3.77249807e-11,4.52699768e-10,2.79577349e-18,3.63450554e-17,1.13733343e-10,1.47853345e-09,1.24660068e-10,1.74524095e-09,1.21259105e-15,1.81888658e-14,1.90892252e-04,2.67249153e-03,5.93802837e-05,8.90704256e-04,2.31879538e-04,3.71007261e-03,5.31953213e-12,9.04320461e-11,2.86968660e-23,5.16543589e-22,1.24495599e-04,2.11642517e-03,2.39764585e-12,4.31576253e-11,7.17611684e-05,1.43522337e-03
3.28315001e-03,4.48075481e-01,4.06533259e+03,3.11073838e-01,7.12356938e-01,7.12356938e-01,6.91396615e-02,2.76558646e-01,4.26179697e-11,5.11415636e-10,3.16547974e-18,4.11512366e-17,1.28720984e-10,1.67337280e-09,1.27689011e-10,1.78764615e-09,1.21267665e-15,1.81901497e-14,1.90892028e-04,2.67248839e-03,5.93815554e-05,8.90723332e-04,2.24103427e-04,3.58565483e-03,5.61704927e-12,9.54898375e-11,3.28867086e-23,5.91960755e-22,1.31437796e-04,2.23444253e-03,2.74758534e-12,4.94565362e-11,7.17611727e-05,1.43522345e-03
3.53893170e-03,4.48073571e-01,4.06528060e+03,3.11081951e-01,7.12348028e-01,7.12348028e-01,6.91396065e-02,2.76558426e-01,4.83536794e-11,5.80244153e-10,3.60163415e-18,4.68212440e-17,1.46382977e-10,1.90297870e-09,1.30799417e-10,1.83119184e-09,1.21277083e-15,1.81915624e-14,1.90891822e-04,2.67248550e-03,5.93830410e-05,8.90745615e-04,2.16037258e-04,3.45659613e-03,5.92215904e-12,1.00676704e-10,3.76510670e-23,6.77719206e-22,1.38555750e-04,2.35544775e-03,3.14548232e-12,5.66186818e-11,7.17611777e-05,1.43522355e-03
3.81464066e-03,4.48071512e-01,4.06522456e+03,3.11091346e-01,7.12338706e-01,7.12338706e-01,6.91395472e-02,2.76558189e-01,5.50472333e-11,6.60566799e-10,4.11358528e-18,5.34766087e-17,1.67093486e-10,2.17221532e-09,1.33979307e-10,1.87571030e-09,1.21287470e-15,1.81931205e-14,1.90891645e-04,2.67248303e-03,5.93847804e-05,8.90771705e-04,2.07694980e-04,3.32311968e-03,6.23367489e-12,1.05972473e-10,4.30602047e-23,7.75083685e-22,1.45821553e-04,2.47896640e-03,3.59719605e-12,6.47495289e-11,7.17611832e-05,1.43522366e-03
4.11182940e-03,4.48069293e-01,4.06516415e+03,3.11102249e-01,7.12328975e-01,7.12328975e-01,6.91394838e-02,2.76557935e-01,6.28221129e-11,7.53865355e-10,4.71141081e-18,6.12483405e-17,1.91255402e-10,2.48632022e-09,1.37214301e-10,1.92100021e-09,1.21298952e-15,1.81948428e-14,1.90891512e-04,2.67248116e-03,5.93868213e-05,8.90802319e-04,1.99094618e-04,3.18551389e-03,6.55017922e-12,1.11353047e-10,4.91910738e-23,8.85439328e-22,1.53201889e-04,2.60443212e-03,4.10914215e-12,7.39645586e-11,7.17611895e-05,1.43522379e-03
4.43217134e-03,4.48066900e-01,4.06509904e+03,3.11114930e-01,7.12318840e-01,7.12318840e-01,6.91394167e-02,2.76557667e-01,7.18089184e-11,8.61707021e-10,5.40580306e-18,7.02754398e-17,2.19295819e-10,2.85084564e-09,1.40487477e-10,1.96682468e-09,1.21311677e-15,1.81967515e-14,1.90891440e-04,2.67248016e-03,5.93892207e-05,8.90838310e-04,1.90258566e-04,3.04413706e-03,6.87000934e-12,1.16790159e-10,5.61275259e-23,1.01029547e-21,1.60657713e-04,2.73118112e-03,4.68830977e-12,8.43895759e-11,7.17611966e-05,1.43522393e-03
4.77747029e-03,4.48064322e-01,4.06502886e+03,3.11129708e-01,7.12308309e-01,7.12308309e-01,6.91393461e-02,2.76557384e-01,8.21435758e-11,9.85722909e-10,6.20792301e-18,8.07029991e-17,2.51660151e-10,3.27158197e-09,1.43779269e-10,2.01290977e-09,1.21325817e-15,1.81988725e-14,1.90891452e-04,2.67248033e-03,5.93920465e-05,8.90880697e-04,1.81213816e-04,2.89942106e-03,7.19124651e-12,1.22251191e-10,6.39604243e-23,1.15128764e-21,1.68143992e-04,2.85844786e-03,5.34227046e-12,9.61608683e-11,7.17612046e-05,1.43522409e-03
5.14967058e-03,4.48061542e-01,4.06495321e+03,3.11146961e-01,7.12297396e-01,7.12297396e-01,6.91392724e-02,2.76557089e-01,9.39649332e-11,1.12757920e-09,7.12920632e-18,9.26796821e-17,2.88804315e-10,3.75445610e-09,1.47067409e-10,2.05894372e-09,1.21341572e-15,1.82012358e-14,1.90891576e-04,2.67248207e-03,5.93953796e-05,8.90930693e-04,1.71992118e-04,2.75187389e-03,7.51170914e-12,1.27699055e-10,7.27876289e-23,1.31017732e-21,1.75609553e-04,2.98536240e-03,6.07917626e-12,1.09425173e-10,7.17612135e-05,1.43522427e-03
5.55086803e-03,4.48058546e-01,4.06487167e+03,3.11167136e-01,7.12286114e-01,7.12286114e-01,6.91391959e-02,2.76556784e-01,1.07411696e-10,1.28894036e-09,8.18111525e-18,1.06354498e-16,3.31184735e-10,4.30540155e-09,1.50326924e-10,2.10457693e-09,1.21359177e-15,1.82038765e-14,1.90891847e-04,2.67248586e-03,5.93993162e-05,8.90989743e-04,1.62630043e-04,2.60208068e-03,7.82895136e-12,1.33092173e-10,8.27138233e-23,1.48884882e-21,1.82997057e-04,3.11094997e-03,6.90774464e-12,1.24339403e-10,7.17612236e-05,1.43522447e-03
5.98332173e-03,4.48055317e-01,4.06478377e+03,3.11190765e-01,7.12274483e-01,7.12274483e-01,6.91391173e-02,2.76556469e-01,1.22618690e-10,1.47142428e-09,9.37483501e-18,1.21872855e-16,3.79246131e-10,4.93019970e-09,1.53530212e-10,2.14942297e-09,1.21378905e-15,1.82068358e-14,1.90892307e-04,2.67249230e-03,5.94039708e-05,8.91059563e-04,1.53168934e-04,2.45070294e-03,8.14026809e-12,1.38384558e-10,9.38501536e-23,1.68930276e-21,1.90243118e-04,3.23413300e-03,7.83722753e-12,1.41070096e-10,7.17612348e-05,1.43522470e-03
6.44946677e-03,4.48051836e-01,4.06468903e+03,3.11218474e-01,7.12262527e-01,7.12262527e-01,6.91390369e-02,2.76556148e-01,1.39712434e-10,1.67654921e-09,1.07209137e-17,1.39371878e-16,4.33407054e-10,5.63429170e-09,1.56647201e-10,2.19306082e-09,1.21401078e-15,1.82101617e-14,1.90893007e-04,2.67250210e-03,5.94094791e-05,8.91142187e-04,1.43654706e-04,2.29847530e-03,8.44270857e-12,1.43526046e-10,1.06313635e-22,1.91364542e-21,1.97278627e-04,3.35373665e-03,8.87736095e-12,1.59792497e-10,7.17612473e-05,1.43522495e-03
6.95192796e-03,4.48048084e-01,4.06458692e+03,3.11251004e-01,7.12250270e-01,7.12250270e-01,6.91389553e-02,2.76555821e-01,1.58806122e-10,1.90567347e-09,1.22288525e-17,1.58975083e-16,4.94043444e-10,6.42256477e-09,1.59645591e-10,2.23503828e-09,1.21426071e-15,1.82139106e-14,1.90894009e-04,2.67251613e-03,5.94160018e-05,8.91240027e-04,1.34137499e-04,2.14619998e-03,8.73309797e-12,1.48462666e-10,1.20226313e-22,2.16407363e-21,2.04029265e-04,3.46849751e-03,1.00382941e-11,1.80689293e-10,7.17612612e-05,1.43522522e-03
7.49353460e-03,4.48044039e-01,4.06447685e+03,3.11289230e-01,7.12237741e-01,7.12237741e-01,6.91388732e-02,2.76555493e-01,1.79994061e-10,2.15992873e-09,1.39066522e-17,1.80786479e-16,5.61470419e-10,7.29911545e-09,1.62491212e-10,2.27487696e-09,1.21454321e-15,1.82181481e-14,1.90895387e-04,2.67253542e-03,5.94237288e-05,8.91355932e-04,1.24671134e-04,1.99473815e-03,9.00807008e-12,1.53137191e-10,1.35714129e-22,2.44285433e-21,2.10416276e-04,3.57707670e-03,1.13304933e-11,2.03948879e-10,7.17612767e-05,1.43522553e-03
8.07733640e-03,4.48039680e-01,4.06435821e+03,3.11334184e-01,7.12224971e-01,7.12224971e-01,6.91387912e-02,2.76555165e-01,2.03345712e-10,2.44014855e-09,1.57603262e-17,2.04884240e-16,6.35922776e-10,8.26699608e-09,1.65148487e-10,2.31207881e-09,1.21486341e-15,1.82229511e-14,1.90897228e-04,2.67256119e-03,5.94328842e-05,8.91493263e-04,1.15312381e-04,1.84499809e-03,9.26411097e-12,1.57489887e-10,1.52905468e-22,2.75229843e-21,2.16357492e-04,3.67807736e-03,1.27646199e-11,2.29763158e-10,7.17612939e-05,1.43522588e-03
8.70662068e-03,4.48034981e-01,4.06423033e+03,3.11387080e-01,7.12211994e-01,7.12211994e-01,6.91387100e-02,2.76554840e-01,2.28899534e-10,2.74679441e-09,1.77933970e-17,2.31314162e-16,7.17534816e-10,9.32795260e-09,1.67581013e-10,2.34613418e-09,1.21522728e-15,1.82284092e-14,1.90899633e-04,2.67259487e-03,5.94437315e-05,8.91655972e-04,1.06120011e-04,1.69792017e-03,9.49761415e-12,1.61459441e-10,1.71929371e-22,3.09472867e-21,2.21768629e-04,3.77006670e-03,1.43513797e-11,2.58324835e-10,7.17613128e-05,1.43522626e-03
9.38493086e-03,4.48029916e-01,4.06409249e+03,3.11449342e-01,7.12198843e-01,7.12198843e-01,6.91386303e-02,2.76554521e-01,2.56656834e-10,3.07988201e-09,2.00063943e-17,2.60083126e-16,8.06320247e-10,1.04821632e-08,1.69752248e-10,2.37653147e-09,1.21564179e-15,1.82346268e-14,1.90902722e-04,2.67263810e-03,5.94565799e-05,8.91848698e-04,9.71536567e-05,1.55445851e-03,9.70494742e-12,1.64984106e-10,1.92913405e-22,3.47244128e-21,2.26564865e-04,3.85160271e-03,1.61013439e-11,2.89824191e-10,7.17613336e-05,1.43522667e-03
1.01160864e-02,4.48024456e-01,4.06394392e+03,3.11522642e-01,7.12185553e-01,7.12185553e-01,6.91385530e-02,2.76554212e-01,2.86575884e-10,3.43891061e-09,2.23963732e-17,2.91152852e-16,9.02152947e-10,1.17279883e-08,1.71626302e-10,2.40276823e-09,1.21611502e-15,1.82417253e-14,1.90906630e-04,2.67269281e-03,5.94717911e-05,8.92076867e-04,8.84724711e-05,1.41555954e-03,9.88253102e-12,1.68003027e-10,2.15981188e-22,3.88766139e-21,2.30662664e-04,3.92126530e-03,1.80247410e-11,3.24445339e-10,7.17613565e-05,1.43522713e-03
1.09042044e-02,4.48018571e-01,4.06378378e+03,3.11608935e-01,7.12172158e-01,7.12172158e-01,6.91384787e-02,2.76553915e-01,3.18566628e-10,3.82279954e-09,2.49564823e-17,3.24434269e-16,1.00474970e-09,1.30617461e-08,1.73168816e-10,2.42436343e-09,1.21665636e-15,1.82498454e-14,1.90911512e-04,2.67276117e-03,5.94897870e-05,8.92346805e-04,8.01336385e-05,1.28213822e-03,1.00269246e-11,1.70457719e-10,2.41249610e-22,4.34249298e-21,2.33981825e-04,3.97769102e-03,2.01312232e-11,3.62362018e-10,7.17613815e-05,1.43522763e-03
1.17537227e-02,4.48012228e-01,4.06361117e+03,3.11710501e-01,7.12158688e-01,7.12158688e-01,6.91384085e-02,2.76553634e-01,3.52486140e-10,4.22983367e-09,2.76755909e-17,3.59782682e-16,1.11365536e-09,1.44775197e-08,1.74347913e-10,2.44087078e-09,1.21727668e-15,1.82591502e-14,1.90917545e-04,2.67284563e-03,5.95110580e-05,8.92665870e-04,7.21907375e-05,1.15505180e-03,1.01349238e-11,1.72293704e-10,2.68825727e-22,4.83886309e-21,2.36447730e-04,4.01961142e-03,2.24296061e-11,4.03732911e-10,7.17614087e-05,1.43522817e-03
1.26694246e-02,4.48005391e-01,4.06342512e+03,3.11829991e-01,7.12145175e-01,7.12145175e-01,6.91383432e-02,2.76553373e-01,3.88135341e-10,4.65762409e-09,3.05380212e-17,3.96994276e-16,1.22823225e-09,1.59670193e-08,1.75135166e-10,2.45189232e-09,1.21798851e-15,1.82698277e-14,1.90924925e-04,2.67294895e-03,5.95361722e-05,8.93042583e-04,6.46920870e-05,1.03507339e-03,1.02036580e-11,1.73462186e-10,2.98803494e-22,5.37846289e-21,2.37993655e-04,4.04589214e-03,2.49275943e-11,4.48696697e-10,7.17614383e-05,1.43522877e-03
1.36564666e-02,4.47998021e-01,4.06322459e+03,3.11970480e-01,7.12131643e-01,7.12131643e-01,6.91382837e-02,2.76553135e-01,4.25257047e-10,5.10308456e-09,3.35233853e-17,4.35804009e-16,1.34765377e-09,1.75194990e-08,1.75506573e-10,2.45709203e-09,1.21880628e-15,1.82820942e-14,1.90933869e-04,2.67307416e-03,5.95657854e-05,8.93486780e-04,5.76790821e-05,9.22865314e-04,1.02306917e-11,1.73921758e-10,3.31260308e-22,5.96268554e-21,2.38563112e-04,4.05557290e-03,2.76314914e-11,4.97366845e-10,7.17614703e-05,1.43522941e-03
1.47204064e-02,4.47990077e-01,4.06300844e+03,3.12135521e-01,7.12118114e-01,7.12118114e-01,6.91382311e-02,2.76552924e-01,4.63535748e-10,5.56242898e-09,3.66065644e-17,4.75885337e-16,1.47090373e-09,1.91217485e-08,1.75443481e-10,2.45620874e-09,1.21974651e-15,1.82961977e-14,1.90944614e-04,2.67322459e-03,5.96006513e-05,8.94009770e-04,5.11846590e-05,8.18954543e-04,1.02141187e-11,1.73640019e-10,3.66253540e-22,6.59256372e-21,2.38112074e-04,4.04790526e-03,3.05459093e-11,5.49826367e-10,7.17615047e-05,1.43523009e-03
1.58672350e-02,4.47981514e-01,4.06277547e+03,3.12329206e-01,7.12104602e-01,7.12104602e-01,6.91381863e-02,2.76552745e-01,5.02599325e-10,6.03119190e-09,3.97578427e-17,5.16851955e-16,1.59678199e-09,2.07581659e-08,1.74933397e-10,2.44906756e-09,1.22082810e-15,1.83124215e-14,1.90957418e-04,2.67340386e-03,5.96416335e-05,8.94624503e-04,4.52319716e-05,7.23711546e-04,1.01526486e-11,1.72595026e-10,4.03817130e-22,7.26870835e-21,2.36610972e-04,4.02238653e-03,3.36734828e-11,6.06122690e-10,7.17615416e-05,1.43523083e-03
1.71034100e-02,4.47972284e-01,4.06252436e+03,3.12556229e-01,7.12091118e-01,7.12091118e-01,6.91381504e-02,2.76552602e-01,5.42022912e-10,6.50427494e-09,4.29432149e-17,5.58261794e-16,1.72391700e-09,2.24109211e-08,1.73970654e-10,2.43558915e-09,1.22207254e-15,1.83310881e-14,1.90972557e-04,2.67361580e-03,5.96897168e-05,8.95345751e-04,3.98333909e-05,6.37334255e-04,1.00456759e-11,1.70776490e-10,4.43958398e-22,7.99125116e-21,2.34046321e-04,3.97878745e-03,3.70146022e-11,6.66262839e-10,7.17615810e-05,1.43523162e-03
1.84358922e-02,4.47962336e-01,4.06225371e+03,3.12821954e-01,7.12077667e-01,7.12077667e-01,6.91381246e-02,2.76552498e-01,5.81335100e-10,6.97602120e-09,4.61248805e-17,5.99623447e-16,1.85078593e-09,2.40602171e-08,1.72556872e-10,2.41579621e-09,1.22350422e-15,1.83525633e-14,1.90990321e-04,2.67386449e-03,5.97460194e-05,8.96190291e-04,3.49899223e-05,5.59838757e-04,9.89333002e-12,1.68186610e-10,4.86655176e-22,8.75979316e-21,2.30421864e-04,3.91717169e-03,4.05671736e-11,7.30209126e-10,7.17616228e-05,1.43523246e-03
1.98721847e-02,4.47951612e-01,4.06196199e+03,3.13132484e-01,7.12064246e-01,7.12064246e-01,6.91381101e-02,2.76552440e-01,6.20026584e-10,7.44031901e-09,4.92619353e-17,6.40405159e-16,1.97574265e-09,2.56846545e-08,1.70701169e-10,2.38981637e-09,1.22515066e-15,1.83772599e-14,1.91011012e-04,2.67415416e-03,5.98118061e-05,8.97177091e-04,3.06911253e-05,4.91058005e-04,9.69649901e-12,1.64840483e-10,5.31853414e-22,9.57336146e-21,2.25759122e-04,3.83790508e-03,4.43264183e-11,7.97875530e-10,7.17616671e-05,1.43523334e-03
2.14203749e-02,4.47940054e-01,4.06164757e+03,3.13494734e-01,7.12050852e-01,7.12050852e-01,6.91381081e-02,2.76552433e-01,6.57561296e-10,7.89073555e-09,5.23112612e-17,6.80046395e-16,2.09705381e-09,2.72616996e-08,1.68420100e-10,2.35788140e-09,1.22704282e-15,1.84056423e-14,1.91034939e-04,2.67448915e-03,5.98885004e-05,8.98327505e-04,2.69155856e-05,4.30649369e-04,9.45682503e-12,1.60766026e-10,5.79465338e-22,1.04303761e-20,2.20097273e-04,3.74165363e-03,4.82847186e-11,8.69124935e-10,7.17617137e-05,1.43523427e-03
2.30891806e-02,4.47927595e-01,4.06130868e+03,3.13916505e-01,7.12037475e-01,7.12037475e-01,6.91381201e-02,2.76552480e-01,6.93389922e-10,8.32067906e-09,5.52286097e-17,7.17971926e-16,2.21294254e-09,2.87682530e-08,1.65737303e-10,2.32032224e-09,1.22921537e-15,1.84382306e-14,1.91062416e-04,2.67487382e-03,5.99776977e-05,8.99665466e-04,2.36319555e-05,3.78111288e-04,9.17667016e-12,1.56003393e-10,6.29368246e-22,1.13286284e-20,2.13492335e-04,3.62936969e-03,5.24315182e-11,9.43767327e-10,7.17617624e-05,1.43523525e-03
2.48879987e-02,4.47914167e-01,4.06094342e+03,3.14406553e-01,7.12024105e-01,7.12024105e-01,6.91381474e-02,2.76552590e-01,7.26965567e-10,8.72358681e-09,5.79698575e-17,7.53608147e-16,2.32163906e-09,3.01813077e-08,1.62682873e-10,2.27756023e-09,1.23170698e-15,1.84756046e-14,1.91093749e-04,2.67531248e-03,6.00811779e-05,9.01217669e-04,2.08005275e-05,3.32808439e-04,8.85905338e-12,1.50603907e-10,6.81403991e-22,1.22652718e-20,2.06015681e-04,3.50226658e-03,5.67532791e-11,1.02155902e-09,7.17618132e-05,1.43523626e-03
2.68269580e-02,4.47899692e-01,4.06054974e+03,3.14974664e-01,7.12010733e-01,7.12010733e-01,6.91381917e-02,2.76552767e-01,7.57761087e-10,9.09313305e-09,6.04923980e-17,7.86401174e-16,2.42143675e-09,3.14786778e-08,1.59292489e-10,2.23009485e-09,1.23456056e-15,1.85184084e-14,1.91129236e-04,2.67580931e-03,6.02009170e-05,9.03013755e-04,1.83752567e-05,2.94004108e-04,8.50756247e-12,1.44628562e-10,7.35379144e-22,1.32368246e-20,1.97751966e-04,3.36178343e-03,6.12334973e-11,1.10220295e-09,7.17618659e-05,1.43523732e-03
2.89169765e-02,4.47884090e-01,4.06012543e+03,3.15631717e-01,7.11997350e-01,7.11997350e-01,6.91382547e-02,2.76553019e-01,7.85287386e-10,9.42344864e-09,6.27566139e-17,8.15835981e-16,2.51075132e-09,3.26397672e-08,1.55606351e-10,2.17848891e-09,1.23782357e-15,1.85673535e-14,1.91169159e-04,2.67636823e-03,6.03390990e-05,9.05086484e-04,1.63060993e-05,2.60897589e-04,8.12624664e-12,1.38146193e-10,7.91065817e-22,1.42391847e-20,1.88796599e-04,3.20954218e-03,6.58527720e-11,1.18534990e-09,7.17619202e-05,1.43523840e-03
3.11698230e-02,4.47867274e-01,4.05966811e+03,3.16389748e-01,7.11983954e-01,7.11983954e-01,6.91383384e-02,2.76553353e-01,8.09111742e-10,9.70934090e-09,6.47273547e-17,8.41455610e-16,2.58818007e-09,3.36463410e-08,1.51668009e-10,2.12335213e-09,1.24154822e-15,1.86232233e-14,1.91213774e-04,2.67699283e-03,6.04981257e-05,9.07471886e-04,1.45414963e-05,2.32663942e-04,7.71949767e-12,1.31231460e-10,8.48203079e-22,1.52676554e-20,1.79252955e-04,3.04730024e-03,7.05889271e-11,1.27060069e-09,7.17619759e-05,1.43523952e-03
3.35981829e-02,4.47849148e-01,4.05917522e+03,3.17262002e-01,7.11970549e-01,7.11970549e-01,6.91384447e-02,2.76553779e-01,8.28874979e-10,9.94649975e-09,6.63753253e-17,8.62879229e-16,2.65255749e-09,3.44832473e-08,1.47523164e-10,2.06532429e-09,1.24579174e-15,1.86868761e-14,1.91263306e-04,2.67768629e-03,6.06806264e-05,9.10209396e-04,1.30308087e-05,2.08492938e-04,7.29192849e-12,1.23962784e-10,9.06498904e-22,1.63169803e-20,1.69229530e-04,2.87690201e-03,7.54171764e-11,1.35750918e-09,7.17620326e-05,1.43524065e-03
3.62157300e-02,4.47829610e-01,4.05864400e+03,3.18262977e-01,7.11957149e-01,7.11957149e-01,6.91385760e-02,2.76554304e-01,8.44306198e-10,1.01316744e-08,6.76782828e-17,8.79817676e-16,2.70300296e-09,3.51390384e-08,1.43218525e-10,2.00505936e-09,1.25061654e-15,1.87592481e-14,1.91317946e-04,2.67845125e-03,6.08894647e-05,9.13341970e-04,1.17265098e-05,1.87624157e-04,6.84825797e-12,1.16420385e-10,9.65632597e-22,1.73813867e-20,1.58837232e-04,2.70023294e-03,8.03103296e-11,1.44558593e-09,7.17620901e-05,1.43524180e-03
3.90372033e-02,4.47808552e-01,4.05807148e+03,3.19408450e-01,7.11943774e-01,7.11943774e-01,6.91387349e-02,2.76554939e-01,8.55233718e-10,1.02628046e-08,6.86219312e-17,8.92085105e-16,2.73895631e-09,3.56064321e-08,1.38800808e-10,1.94321132e-09,1.25609038e-15,1.88413557e-14,1.91377841e-04,2.67928977e-03,6.11277439e-05,9.16916159e-04,1.05859701e-05,1.69375521e-04,6.39320931e-12,1.08684558e-10,1.02525766e-21,1.84546379e-20,1.48187001e-04,2.51917901e-03,8.52390357e-11,1.53430264e-09,7.17621481e-05,1.43524296e-03
4.20784904e-02,4.47785854e-01,4.05745444e+03,3.20715497e-01,7.11930458e-01,7.11930458e-01,6.91389241e-02,2.76555696e-01,8.61591096e-10,1.03390932e-08,6.92004229e-17,8.99605497e-16,2.76019742e-09,3.58825665e-08,1.34315907e-10,1.88042270e-09,1.26228652e-15,1.89342978e-14,1.91443094e-04,2.68020332e-03,6.13988102e-05,9.20982153e-04,9.57270518e-06,1.53163283e-04,5.93142740e-12,1.00834266e-10,1.08500514e-21,1.95300926e-20,1.37387865e-04,2.33559370e-03,9.01720665e-11,1.62309720e-09,7.17622061e-05,1.43524412e-03
4.53567162e-02,4.47761389e-01,4.05678943e+03,3.22202485e-01,7.11917243e-01,7.11917243e-01,6.91391467e-02,2.76556587e-01,8.63417301e-10,1.03610076e-08,6.94163913e-17,9.02413086e-16,2.76684694e-09,3.59690102e-08,1.29808281e-10,1.81731594e-09,1.26928376e-15,1.90392565e-14,1.91513762e-04,2.68119267e-03,6.17062521e-05,9.25593781e-04,8.65703477e-06,1.38512556e-04,5.46741695e-12,9.29460882e-11,1.14448748e-21,2.06007746e-20,1.26545480e-04,2.15127316e-03,9.50766441e-11,1.71137959e-09,7.17622638e-05,1.43524528e-03
4.88903400e-02,4.47735019e-01,4.05607273e+03,3.23889055e-01,7.11904180e-01,7.11904180e-01,6.91394062e-02,2.76557625e-01,8.60850741e-10,1.03302089e-08,6.92804869e-17,9.00646329e-16,2.75934715e-09,3.58715129e-08,1.25320533e-10,1.75448747e-09,1.27716650e-15,1.91574974e-14,1.91589855e-04,2.68225798e-03,6.20538979e-05,9.30808469e-04,7.81616096e-06,1.25058575e-04,5.00550012e-12,8.50935021e-11,1.20330304e-21,2.16594547e-20,1.15761127e-04,1.96793916e-03,9.99188246e-11,1.79853884e-09,7.17623209e-05,1.43524642e-03
5.26992593e-02,4.47706597e-01,4.05530034e+03,3.25796075e-01,7.11891329e-01,7.11891329e-01,6.91397061e-02,2.76558824e-01,8.54117356e-10,1.02494083e-08,6.88104337e-17,8.94535638e-16,2.73842359e-09,3.55995066e-08,1.20893139e-10,1.69250394e-09,1.28602464e-15,1.92903696e-14,1.91671337e-04,2.68339872e-03,6.24458089e-05,9.36687133e-04,7.03374044e-06,1.12539847e-04,4.54978921e-12,7.73464165e-11,1.26104144e-21,2.26987459e-20,1.05131050e-04,1.78722785e-03,1.04663947e-10,1.88395104e-09,7.17623769e-05,1.43524754e-03
5.68049216e-02,4.47675963e-01,4.05446794e+03,3.27945582e-01,7.11878755e-01,7.11878755e-01,6.91400504e-02,2.76560202e-01,8.43513719e-10,1.01221646e-08,6.80296784e-17,8.84385819e-16,2.70503052e-09,3.51653968e-08,1.16564265e-10,1.63189970e-09,1.29595358e-15,1.94393037e-14,1.91758129e-04,2.68461380e-03,6.28862693e-05,9.43294040e-04,6.29907544e-06,1.00785207e-04,4.10416803e-12,6.97708564e-11,1.31728980e-21,2.37112164e-20,9.47460003e-05,1.61068201e-03,1.09277160e-10,1.96698888e-09,7.17624314e-05,1.43524863e-03
6.12304454e-02,4.47642944e-01,4.05357089e+03,3.30360698e-01,7.11866526e-01,7.11866526e-01,6.91404434e-02,2.76561774e-01,8.29386672e-10,9.95264006e-09,6.69657545e-17,8.70554809e-16,2.66028513e-09,3.45837067e-08,1.12369614e-10,1.57317460e-09,1.30705400e-15,1.96058100e-14,1.91850110e-04,2.68590154e-03,6.33797735e-05,9.50696602e-04,5.60607203e-06,8.96971525e-05,3.67227480e-12,6.24286716e-11,1.37164003e-21,2.46895205e-20,8.46908164e-05,1.43974388e-03,1.13724038e-10,2.04703269e-09,7.17624841e-05,1.43524968e-03
6.60007502e-02,4.47607355e-01,4.05260416e+03,3.33065542e-01,7.11854710e-01,7.11854710e-01,6.91408896e-02,2.76563558e-01,8.12111480e-10,9.74533776e-09,6.56485206e-17,8.53430767e-16,2.60539683e-09,3.38701588e-08,1.08342224e-10,1.51679114e-09,1.31943169e-15,1.97914753e-14,1.91947124e-04,2.68725974e-03,6.39310089e-05,9.58965133e-04,4.95211392e-06,7.92338227e-05,3.25748024e-12,5.53771640e-11,1.42369716e-21,2.56265488e-20,7.50438867e-05,1.27574607e-03,1.17971277e-10,2.12348298e-09,7.17625345e-05,1.43525069e-03
7.11426971e-02,4.47568997e-01,4.05156238e+03,3.36085119e-01,7.11843373e-01,7.11843373e-01,6.91413936e-02,2.76565574e-01,7.92070673e-10,9.50484808e-09,6.41084460e-17,8.33409798e-16,2.54159880e-09,3.30407844e-08,1.04512184e-10,1.46317058e-09,1.33319736e-15,1.99979604e-14,1.92048977e-04,2.68868568e-03,6.45448385e-05,9.68172577e-04,4.33697662e-06,6.93916259e-05,2.86285643e-12,4.86685592e-11,1.47308857e-21,2.65155942e-20,6.58764071e-05,1.11989892e-03,1.21987465e-10,2.19577437e-09,7.17625824e-05,1.43525165e-03
7.66852397e-02,4.47527655e-01,4.05043974e+03,3.39445219e-01,7.11832577e-01,7.11832577e-01,6.91419605e-02,2.76567842e-01,7.69635615e-10,9.23562738e-09,6.23751128e-17,8.10876467e-16,2.47008827e-09,3.21111475e-08,1.00906246e-10,1.41268744e-09,1.34846638e-15,2.02269957e-14,1.92155442e-04,2.69017619e-03,6.52262804e-05,9.78394207e-04,3.76187021e-06,6.01899233e-05,2.49113509e-12,4.23492965e-11,1.51947388e-21,2.73505299e-20,5.72513959e-05,9.73273731e-04,1.25743913e-10,2.26339043e-09,7.17626274e-05,1.43525255e-03
8.26595874e-02,4.47483096e-01,4.04922998e+03,3.43172314e-01,7.11822373e-01,7.11822373e-01,6.91425955e-02,2.76570382e-01,7.45152426e-10,8.94182911e-09,6.04760630e-17,7.86188819e-16,2.39198082e-09,3.10957507e-08,9.75473545e-11,1.36566296e-09,1.36535861e-15,2.04803792e-14,1.92266256e-04,2.69172758e-03,6.59804893e-05,9.89707340e-04,3.22865748e-06,5.16585197e-05,2.14465667e-12,3.64591634e-11,1.56255506e-21,2.81259911e-20,4.92225052e-05,8.36782589e-04,1.29215487e-10,2.32587877e-09,7.17626693e-05,1.43525339e-03
8.90993810e-02,4.47435070e-01,4.04792638e+03,3.47293468e-01,7.11812804e-01,7.11812804e-01,6.91433038e-02,2.76573215e-01,7.18933193e-10,8.62719832e-09,5.84360719e-17,7.59668935e-16,2.30828184e-09,3.00076640e-08,9.44541272e-11,1.32235778e-09,1.38399828e-15,2.07599743e-14,1.92381118e-04,2.69333565e-03,6.68127383e-05,1.00219107e-03,2.73925857e-06,4.38281371e-05,1.82531447e-12,3.10303460e-11,1.60208616e-21,2.88375509e-20,4.18327302e-05,7.11156413e-04,1.32381422e-10,2.38286559e-09,7.17627077e-05,1.43525415e-03
9.60408821e-02,4.47383308e-01,4.04652169e+03,3.51836284e-01,7.11803899e-01,7.11803899e-01,6.91440911e-02,2.76576364e-01,6.91252660e-10,8.29503192e-09,5.62768646e-17,7.31599240e-16,2.21987562e-09,2.88583830e-08,9.16403409e-11,1.28296477e-09,1.40451395e-15,2.10677093e-14,1.92499684e-04,2.69499558e-03,6.77284058e-05,1.01592609e-03,2.29522770e-06,3.67236433e-05,1.53449986e-12,2.60864977e-11,1.63788214e-21,2.94818784e-20,3.51131582e-05,5.96923690e-04,1.35226041e-10,2.43406874e-09,7.17627427e-05,1.43525485e-03
1.03523178e-01,4.47327521e-01,4.04500811e+03,3.56828872e-01,7.11795673e-01,7.11795673e-01,6.91449630e-02,2.76579852e-01,6.62349818e-10,7.94819782e-09,5.40172314e-17,7.02224008e-16,2.12753037e-09,2.76578948e-08,8.91145003e-11,1.24760300e-09,1.42703865e-15,2.14055798e-14,1.92621565e-04,2.69670191e-03,6.87329678e-05,1.03099452e-03,1.89747543e-06,3.03596068e-05,1.27305557e-12,2.16419447e-11,1.66982592e-21,3.00568665e-20,2.90819223e-05,4.94392679e-04,1.37739337e-10,2.47930807e-09,7.17627740e-05,1.43525548e-03
1.11588399e-01,4.47267395e-01,4.04337725e+03,3.62299872e-01,7.11788127e-01,7.11788127e-01,6.91459254e-02,2.76583702e-01,6.32433261e-10,7.58919913e-09,5.16734528e-17,6.71754886e-16,2.03191549e-09,2.64149013e-08,8.68795482e-11,1.21631368e-09,1.45171022e-15,2.17756532e-14,1.92746317e-04,2.69844844e-03,6.98319973e-05,1.04747996e-03,1.54610718e-06,2.47377148e-05,1.04124394e-12,1.77011469e-11,1.69787317e-21,3.05617171e-20,2.37435170e-05,4.03639789e-04,1.39917350e-10,2.51851230e-09,7.17628017e-05,1.43525603e-03
1.20281961e-01,4.47202594e-01,4.04162006e+03,3.68278519e-01,7.11781244e-01,7.11781244e-01,6.91469842e-02,2.76587937e-01,6.01688850e-10,7.22026620e-09,4.92599170e-17,6.40378921e-16,1.93362623e-09,2.51371410e-08,8.49327779e-11,1.18905889e-09,1.47867185e-15,2.21800777e-14,1.92873435e-04,2.70022809e-03,7.10311744e-05,1.06546762e-03,1.24035340e-06,1.98456544e-05,8.38736005e-13,1.42585121e-11,1.72205409e-21,3.09969735e-20,1.90886128e-05,3.24506418e-04,1.41762297e-10,2.55172134e-09,7.17628259e-05,1.43525652e-03
1.29652816e-01,4.47132755e-01,4.03972683e+03,3.74794779e-01,7.11774994e-01,7.11774994e-01,6.91481458e-02,2.76592583e-01,5.70288200e-10,6.84345840e-09,4.67898112e-17,6.08267546e-16,1.83321119e-09,2.38317455e-08,8.32659871e-11,1.16572382e-09,1.50807295e-15,2.26210942e-14,1.93002351e-04,2.70203292e-03,7.23363047e-05,1.08504457e-03,9.78572513e-07,1.56571602e-05,6.64625729e-13,1.12986374e-11,1.74247180e-21,3.13644923e-20,1.50944641e-05,2.56605890e-04,1.43282422e-10,2.57908359e-09,7.17628465e-05,1.43525693e-03
1.39753730e-01,4.47057487e-01,4.03768710e+03,3.81879519e-01,7.11769334e-01,7.11769334e-01,6.91494165e-02,2.76597666e-01,5.38396712e-10,6.46076054e-09,4.42757820e-17,5.75585166e-16,1.73119830e-09,2.25055779e-08,8.18658944e-11,1.14612252e-09,1.54007022e-15,2.31010534e-14,1.93132428e-04,2.70385399e-03,7.37533500e-05,1.10630025e-03,7.58313320e-07,1.21330131e-05,5.17471309e-13,8.79701225e-12,1.75929728e-21,3.16673511e-20,1.17259519e-05,1.99341182e-04,1.44491547e-10,2.60084784e-09,7.17628640e-05,1.43525728e-03
1.50641580e-01,4.46976370e-01,4.03548961e+03,3.89564749e-01,7.11764205e-01,7.11764205e-01,6.91508031e-02,2.76603212e-01,5.06180228e-10,6.07416273e-09,4.17304913e-17,5.42496387e-16,1.62811646e-09,2.11655139e-08,8.07148111e-11,1.13000736e-09,1.57482908e-15,2.36224362e-14,1.93262958e-04,2.70568141e-03,7.52884672e-05,1.12932701e-03,5.76426208e-07,9.22281932e-06,3.95363236e-13,6.72117501e-12,1.77276078e-21,3.19096940e-20,8.93724519e-06,1.51933168e-04,1.45408336e-10,2.61735006e-09,7.17628784e-05,1.43525757e-03
1.62377674e-01,4.46888949e-01,4.03312226e+03,3.97883894e-01,7.11759542e-01,7.11759542e-01,6.91523125e-02,2.76609250e-01,4.73809824e-10,5.68571788e-09,3.91670254e-17,5.09171331e-16,1.52451112e-09,1.98186445e-08,7.97915398e-11,1.11708156e-09,1.61252524e-15,2.41878786e-14,1.93393164e-04,2.70750430e-03,7.69480569e-05,1.15422085e-03,4.29212826e-07,6.86740521e-06,2.96015933e-13,5.03227085e-12,1.78314014e-21,3.20965226e-20,6.67400204e-06,1.13458035e-04,1.46055311e-10,2.62899560e-09,7.17628900e-05,1.43525780e-03
1.75028096e-01,4.46794737e-01,4.03057204e+03,4.06872090e-01,7.11755271e-01,7.11755271e-01,6.91539522e-02,2.76615809e-01,4.41464575e-10,5.29757490e-09,3.65991455e-17,4.75788891e-16,1.42095343e-09,1.84723946e-08,7.90724428e-11,1.10701420e-09,1.65334661e-15,2.48001991e-14,1.93522204e-04,2.70931085e-03,7.87388156e-05,1.18108223e-03,3.12602621e-07,5.00164194e-06,2.16877434e-13,3.68691638e-12,1.79074689e-21,3.22334440e-20,4.87597339e-06,8.28915477e-05,1.46457670e-10,2.63623806e-09,7.17628993e-05,1.43525799e-03
1.88664080e-01,4.46693207e-01,4.02782493e+03,4.16566496e-01,7.11751316e-01,7.11751316e-01,6.91557299e-02,2.76622919e-01,4.09332431e-10,4.91198917e-09,3.40413867e-17,4.42538028e-16,1.31804324e-09,1.71345621e-08,7.85326078e-11,1.09945651e-09,1.69749526e-15,2.54624289e-14,1.93649176e-04,2.71108847e-03,8.06677914e-05,1.21001687e-03,2.22342835e-07,3.55748536e-06,1.55249475e-13,2.63924108e-12,1.79591083e-21,3.23263950e-20,3.47982756e-06,5.91570686e-05,1.46642003e-10,2.63955605e-09,7.17629064e-05,1.43525813e-03
2.03362408e-01,4.46583793e-01,4.02486590e+03,4.27006579e-01,7.11747599e-01,7.11747599e-01,6.91576538e-02,2.76630615e-01,3.77609440e-10,4.53131328e-09,3.15090281e-17,4.09617365e-16,1.21640683e-09,1.58132887e-08,7.81470215e-11,1.09405830e-09,1.74518955e-15,2.61778432e-14,1.93773132e-04,2.71282384e-03,8.27424355e-05,1.24113653e-03,1.54187339e-07,2.46699742e-06,1.08409035e-13,1.84295359e-12,1.79896454e-21,3.23813618e-20,2.42198309e-06,4.11737126e-05,1.46634993e-10,2.63942988e-09,7.17629119e-05,1.43525824e-03
2.19205845e-01,4.46465885e-01,4.02167878e+03,4.38234370e-01,7.11744046e-01,7.11744046e-01,6.91597326e-02,2.76638931e-01,3.46497624e-10,4.15797148e-09,2.90179527e-17,3.77233385e-16,1.11669024e-09,1.45169731e-08,7.78916627e-11,1.09048328e-09,1.79666617e-15,2.69499925e-14,1.93893086e-04,2.71450321e-03,8.49706486e-05,1.27455973e-03,1.04069719e-07,1.66511550e-06,7.37220062e-14,1.25327411e-12,1.80022869e-21,3.24041165e-20,1.64123277e-06,2.79009571e-05,1.46462204e-10,2.63631968e-09,7.17629159e-05,1.43525832e-03
2.36283603e-01,4.46338825e-01,4.01824619e+03,4.50294646e-01,7.11740585e-01,7.11740585e-01,6.91619757e-02,2.76647903e-01,3.16201810e-10,3.79442172e-09,2.65844258e-17,3.45597535e-16,1.01954934e-09,1.32541414e-08,7.77444329e-11,1.08842206e-09,1.85218224e-15,2.77827335e-14,1.94008036e-04,2.71611250e-03,8.73608147e-05,1.31041222e-03,6.82478395e-08,1.09196543e-06,4.87405213e-14,8.28588862e-13,1.79999950e-21,3.23999911e-20,1.08096413e-06,1.83763902e-05,1.46147044e-10,2.63064678e-09,7.17629187e-05,1.43525837e-03
2.54691844e-01,4.46201908e-01,4.01454944e+03,4.63235036e-01,7.11737154e-01,7.11737154e-01,6.91643925e-02,2.76657570e-01,2.86925622e-10,3.44310747e-09,2.42248023e-17,3.14922429e-16,9.25637062e-10,1.20332818e-08,7.76858596e-11,1.08760203e-09,1.91201721e-15,2.86802581e-14,1.94116978e-04,2.71763769e-03,8.99218213e-05,1.34882732e-03,4.34102459e-08,6.94563935e-07,3.12771955e-14,5.31712324e-13,1.79853910e-21,3.23737037e-20,6.90825431e-07,1.17440323e-05,1.45709974e-10,2.62277954e-09,7.17629207e-05,1.43525841e-03
2.74534223e-01,4.46054370e-01,4.01056851e+03,4.77106038e-01,7.11733696e-01,7.11733696e-01,6.91669935e-02,2.76667974e-01,2.58866883e-10,3.10640259e-09,2.19551856e-17,2.85417413e-16,8.35588856e-10,1.08626551e-08,7.76995380e-11,1.08779353e-09,1.97647470e-15,2.96471206e-14,1.94218931e-04,2.71906504e-03,9.26630618e-05,1.38994593e-03,2.67394586e-08,4.27831338e-07,1.94523892e-14,3.30690616e-13,1.79606924e-21,3.23292464e-20,4.27754033e-07,7.27181855e-06,1.45168016e-10,2.61302428e-09,7.17629221e-05,1.43525844e-03
2.95922471e-01,4.45895393e-01,4.00628185e+03,4.91960916e-01,7.11730164e-01,7.11730164e-01,6.91697893e-02,2.76679157e-01,2.32212625e-10,2.78655150e-09,1.97910501e-17,2.57283651e-16,7.50006764e-10,9.75008793e-09,7.77723039e-11,1.08881225e-09,2.04588416e-15,3.06882625e-14,1.94312960e-04,2.72038144e-03,9.55944200e-05,1.43391630e-03,1.59321940e-08,2.54915105e-07,1.17137199e-14,1.99133238e-13,1.79276869e-21,3.22698365e-20,2.56358120e-07,4.35808804e-06,1.44534537e-10,2.60162167e-09,7.17629230e-05,1.43525846e-03
3.18977022e-01,4.45724094e-01,4.00166636e+03,5.07855510e-01,7.11726516e-01,7.11726516e-01,6.91727909e-02,2.76691164e-01,2.07133940e-10,2.48560728e-09,1.77468429e-17,2.30708958e-16,6.69442976e-10,8.70275868e-09,7.78941635e-11,1.09051829e-09,2.12060244e-15,3.18090365e-14,1.94398197e-04,2.72157476e-03,9.87262351e-05,1.48089353e-03,9.18132961e-09,1.46901274e-07,6.83019362e-15,1.16113291e-13,1.78877373e-21,3.21979271e-20,1.48715128e-07,2.52815717e-06,1.43819328e-10,2.58874790e-09,7.17629235e-05,1.43525847e-03
3.43827692e-01,4.45539524e-01,3.99669724e+03,5.24847931e-01,7.11722720e-01,7.11722720e-01,6.91760098e-02,2.76704039e-01,1.83780897e-10,2.20537077e-09,1.58355852e-17,2.05862607e-16,5.94383577e-10,7.72698650e-09,7.80580302e-11,1.09281242e-09,2.20101527e-15,3.30152291e-14,1.94473870e-04,2.72263418e-03,1.02069249e-04,1.53103874e-03,5.12812081e-09,8.20499330e-08,3.86587406e-15,6.57198591e-14,1.78418136e-21,3.21152644e-20,8.37078326e-08,1.42303315e-06,1.43028876e-10,2.57451976e-09,7.17629239e-05,1.43525848e-03
3.70614414e-01,4.45340659e-01,3.99134790e+03,5.42998164e-01,7.11718748e-01,7.11718748e-01,6.91794576e-02,2.76717831e-01,1.62277823e-10,1.94733388e-09,1.40684905e-17,1.82890377e-16,5.25233373e-10,6.82803385e-09,7.82593317e-11,1.09563064e-09,2.28753885e-15,3.43130828e-14,1.94539322e-04,2.72355051e-03,1.05634537e-04,1.58451806e-03,2.79528453e-09,4.47245525e-08,2.13962860e-15,3.63736862e-14,1.77905431e-21,3.20229775e-20,4.60538749e-08,7.82915874e-07,1.42166801e-10,2.55900242e-09,7.17629241e-05,1.43525848e-03
3.99488019e-01,4.45126401e-01,3.98558983e+03,5.62367585e-01,7.11714577e-01,7.11714577e-01,6.91831463e-02,2.76732585e-01,1.42719214e-10,1.71263057e-09,1.24546246e-17,1.61910120e-16,4.62302701e-10,6.00993511e-09,7.84955572e-11,1.09893780e-09,2.38062135e-15,3.57093203e-14,1.94594034e-04,2.72431648e-03,1.09433421e-04,1.64150132e-03,1.51178716e-09,2.41885946e-08,1.17791503e-15,2.00245556e-14,1.77342697e-21,3.19216855e-20,2.51912790e-08,4.28251743e-07,1.41234360e-10,2.54221847e-09,7.17629243e-05,1.43525849e-03
4.30611093e-01,4.44895565e-01,3.97939246e+03,5.83018394e-01,7.11710188e-01,7.11710188e-01,6.91870875e-02,2.76748350e-01,1.25166575e-10,1.50199890e-09,1.10006276e-17,1.43008159e-16,4.05797151e-10,5.27536297e-09,7.87658051e-11,1.10272127e-09,2.48074468e-15,3.72111701e-14,1.94637641e-04,2.72492697e-03,1.13477371e-04,1.70216056e-03,8.38778861e-10,1.34204618e-08,6.66920252e-16,1.13376443e-14,1.76731141e-21,3.18116054e-20,1.41645472e-08,2.40797303e-07,1.40230955e-10,2.52415719e-09,7.17629243e-05,1.43525849e-03
4.64158883e-01,4.44646881e-01,3.97272307e+03,6.05012958e-01,7.11705563e-01,7.11705563e-01,6.91912932e-02,2.76765173e-01,1.09646445e-10,1.31575734e-09,9.71052200e-18,1.26236786e-16,3.55811043e-10,4.62554356e-09,7.90703800e-11,1.10698532e-09,2.58842640e-15,3.88263960e-14,1.94669942e-04,2.72537919e-03,1.17777885e-04,1.76666828e-03,5.03583694e-10,8.05733911e-09,4.08893365e-16,6.95118720e-15,1.76070288e-21,3.16926519e-20,8.61982871e-09,1.46537088e-07,1.39154607e-10,2.50478292e-09,7.17629244e-05,1.43525849e-03
5.00320295e-01,4.44378977e-01,3.96554659e+03,6.28413091e-01,7.11700688e-01,7.11700688e-01,6.91957748e-02,2.76783099e-01,9.61498222e-11,1.15379787e-09,8.58562387e-18,1.11613110e-16,3.12325332e-10,4.06022932e-09,7.94104658e-11,1.11174652e-09,2.70422193e-15,4.05633289e-14,1.94690911e-04,2.72567275e-03,1.22346367e-04,1.83519551e-03,3.45671424e-10,5.53074279e-09,2.85649475e-16,4.85604108e-15,1.75358446e-21,3.15645202e-20,5.97350270e-09,1.01549546e-07,1.38002343e-10,2.48404218e-09,7.17629245e-05,1.43525849e-03
5.39298949e-01,4.44090383e-01,3.95782554e+03,6.53279232e-01,7.11695546e-01,7.11695546e-01,6.92005437e-02,2.76802175e-01,8.46331163e-11,1.01559740e-09,7.62457232e-18,9.91194402e-17,2.75210403e-10,3.57773524e-09,7.97878873e-11,1.11703042e-09,2.82872697e-15,4.24309046e-14,1.94700691e-04,2.72580967e-03,1.27193970e-04,1.90790955e-03,2.75758211e-10,4.41213137e-09,2.30388596e-16,3.91660614e-15,1.74593058e-21,3.14267505e-20,4.77626411e-09,8.11964898e-08,1.36770512e-10,2.46186921e-09,7.17629245e-05,1.43525849e-03
5.81314328e-01,4.43779514e-01,3.94951979e+03,6.79669538e-01,7.11690124e-01,7.11690124e-01,6.92056106e-02,2.76822442e-01,7.50206650e-11,9.00247980e-10,6.82348313e-18,8.87052807e-17,2.44233862e-10,3.17504020e-09,8.02049562e-11,1.12286939e-09,2.96258035e-15,4.44387053e-14,1.94699590e-04,2.72579426e-03,1.32331435e-04,1.98497153e-03,2.47080220e-10,3.95328353e-09,2.07511454e-16,3.52769472e-15,1.73770961e-21,3.12787729e-20,4.26189840e-09,7.24522727e-08,1.35455005e-10,2.43819009e-09,7.17629246e-05,1.43525849e-03
6.26603016e-01,4.43444671e-01,3.94058648e+03,7.07638876e-01,7.11684408e-01,7.11684408e-01,6.92109856e-02,2.76843942e-01,6.72087307e-11,8.06504768e-10,6.17622580e-18,8.02909354e-17,2.19073094e-10,2.84795023e-09,8.06643897e-11,1.12930146e-09,3.10646715e-15,4.65970073e-14,1.94688068e-04,2.72563295e-03,1.37768903e-04,2.06653354e-03,2.36654120e-10,3.78646592e-09,1.99189875e-16,3.38622787e-15,1.72888548e-21,3.11199387e-20,4.04987314e-09,6.88478434e-08,1.34051421e-10,2.41292557e-09,7.17629247e-05,1.43525849e-03
6.75420029e-01,4.43084023e-01,3.93097982e+03,7.37237705e-01,7.11678385e-01,7.11678385e-01,6.92166779e-02,2.76866711e-01,6.10707522e-11,7.32849027e-10,5.67481124e-18,7.37725461e-17,1.99331902e-10,2.59131473e-09,8.11692855e-11,1.13637000e-09,3.26112231e-15,4.89168346e-14,1.94666716e-04,2.72533402e-03,1.43515703e-04,2.15273554e-03,2.33926982e-10,3.74283170e-09,1.97066095e-16,3.35012361e-15,1.71941880e-21,3.09495384e-20,3.96328058e-09,6.73757699e-08,1.32555173e-10,2.38599312e-09,7.17629248e-05,1.43525850e-03
7.28040247e-01,4.42695608e-01,3.92065097e+03,7.68510837e-01,7.11672042e-01,7.11672042e-01,6.92226957e-02,2.76890783e-01,5.64635824e-11,6.77562988e-10,5.30987468e-18,6.90283709e-17,1.84560363e-10,2.39928472e-09,8.17231374e-11,1.14412392e-09,3.42733465e-15,5.14100198e-14,1.94636233e-04,2.72490726e-03,1.49580117e-04,2.24370176e-03,2.34402265e-10,3.75043624e-09,1.97492024e-16,3.35736440e-15,1.70926735e-21,3.07668123e-20,3.92546026e-09,6.67328244e-08,1.30961572e-10,2.35730829e-09,7.17629248e-05,1.43525850e-03
7.84759970e-01,4.42277312e-01,3.90954781e+03,8.01496072e-01,7.11665367e-01,7.11665367e-01,6.92290462e-02,2.76916185e-01,5.32342438e-11,6.38810925e-10,5.07122113e-18,6.59258747e-17,1.74276456e-10,2.26559393e-09,8.23298797e-11,1.15261832e-09,3.60595155e-15,5.40892732e-14,1.94597404e-04,2.72436365e-03,1.55969121e-04,2.33953681e-03,2.36326630e-10,3.78122608e-09,1.98999441e-16,3.38299051e-15,1.69838647e-21,3.05709565e-20,3.90563478e-09,6.63957913e-08,1.29265883e-10,2.32678590e-09,7.17629250e-05,1.43525850e-03
8.45898580e-01,4.41826872e-01,3.89761484e+03,8.36222701e-01,7.11658351e-01,7.11658351e-01,6.92357346e-02,2.76942939e-01,5.12267972e-11,6.14721567e-10,4.94840517e-18,6.43292673e-17,1.67988154e-10,2.18384600e-09,8.29939494e-11,1.16191529e-09,3.79788419e-15,5.69682628e-14,1.94551069e-04,2.72371496e-03,1.62688090e-04,2.44032134e-03,2.39100421e-10,3.82560673e-09,2.01057942e-16,3.41798501e-15,1.68672918e-21,3.03611253e-20,3.89250472e-09,6.61725802e-08,1.27463386e-10,2.29434095e-09,7.17629251e-05,1.43525850e-03
9.11800339e-01,4.41341852e-01,3.88479299e+03,8.72709874e-01,7.11650983e-01,7.11650983e-01,6.92427648e-02,2.76971059e-01,5.02888424e-11,6.03466109e-10,4.93130961e-18,6.41070249e-17,1.65214453e-10,2.14778789e-09,8.37203618e-11,1.17208507e-09,4.00411375e-15,6.00617062e-14,1.94498104e-04,2.72297345e-03,1.69740489e-04,2.54610733e-03,2.42575552e-10,3.88120884e-09,2.03512872e-16,3.45971883e-15,1.67424632e-21,3.01364338e-20,3.88242916e-09,6.60012957e-08,1.25549427e-10,2.25988969e-09,7.17629252e-05,1.43525850e-03
9.82836333e-01,4.40819642e-01,3.87101946e+03,9.10964832e-01,7.11643258e-01,7.11643258e-01,6.92501383e-02,2.77000553e-01,5.02772443e-11,6.03326932e-10,5.01069144e-18,6.51389887e-17,1.65504036e-10,2.15155247e-09,8.45147973e-11,1.18320716e-09,4.22569855e-15,6.33854783e-14,1.94439397e-04,2.72215156e-03,1.77127530e-04,2.65691295e-03,2.46771235e-10,3.94833976e-09,2.06352157e-16,3.50798667e-15,1.66088661e-21,2.98959590e-20,3.87456985e-09,6.58676875e-08,1.23519481e-10,2.22335067e-09,7.17629254e-05,1.43525851e-03
1.05940656e+00,4.40257440e-01,3.85622755e+03,9.50981012e-01,7.11635170e-01,7.11635170e-01,6.92578543e-02,2.77031417e-01,5.10627637e-11,6.12753165e-10,5.17866965e-18,6.73227055e-17,1.68450527e-10,2.18985685e-09,8.53836971e-11,1.19537176e-09,4.46378256e-15,6.69567385e-14,1.94375837e-04,2.72126172e-03,1.84847812e-04,2.77271717e-03,2.51769031e-10,4.02830450e-09,2.09618401e-16,3.56351282e-15,1.64659680e-21,2.96387424e-20,3.86906814e-09,6.57741583e-08,1.21369221e-10,2.18464599e-09,7.17629256e-05,1.43525851e-03
1.14194217e+00,4.39652241e-01,3.84034654e+03,9.92736035e-01,7.11626718e-01,7.11626718e-01,6.92659093e-02,2.77063637e-01,5.25333958e-11,6.30400749e-10,5.42913830e-18,7.05787979e-17,1.73703682e-10,2.25814787e-09,8.63343702e-11,1.20868118e-09,4.71960541e-15,7.07940812e-14,1.94308301e-04,2.72031621e-03,1.92896938e-04,2.89345407e-03,2.57677985e-10,4.12284777e-09,2.13379700e-16,3.62745490e-15,1.63132177e-21,2.93637918e-20,3.86642584e-09,6.57292394e-08,1.19094593e-10,2.14370268e-09,7.17629258e-05,1.43525852e-03
1.23090791e+00,4.39000824e-01,3.82330151e+03,1.03618961e+00,7.11617902e-01,7.11617902e-01,6.92742967e-02,2.77097187e-01,5.45963605e-11,6.55156327e-10,5.75810004e-18,7.48553005e-17,1.80976329e-10,2.35269228e-09,8.73751150e-11,1.22325161e-09,4.99451452e-15,7.49177179e-14,1.94237653e-04,2.71932714e-03,2.01267128e-04,3.01900693e-03,2.64624599e-10,4.23399359e-09,2.17722275e-16,3.70127867e-15,1.61500478e-21,2.90700860e-20,3.86732123e-09,6.57444609e-08,1.16691904e-10,2.10045427e-09,7.17629260e-05,1.43525852e-03
1.32680475e+00,4.38299738e-01,3.80501327e+03,1.08128140e+00,7.11608728e-01,7.11608728e-01,6.92830062e-02,2.77132025e-01,5.71788291e-11,6.86145950e-10,6.16392748e-18,8.01310572e-17,1.90047297e-10,2.47061486e-09,8.85153570e-11,1.23921500e-09,5.28997969e-15,7.93496954e-14,1.94164747e-04,2.71830646e-03,2.09946825e-04,3.14920237e-03,2.72750782e-10,4.36401251e-09,2.22750811e-16,3.78676378e-15,1.59758770e-21,2.87565785e-20,3.87256830e-09,6.58336611e-08,1.14157920e-10,2.05484256e-09,7.17629263e-05,1.43525853e-03
1.43017266e+00,4.37545286e-01,3.78539819e+03,1.12792883e+00,7.11599204e-01,7.11599204e-01,6.92920239e-02,2.77168096e-01,6.02275814e-11,7.22730977e-10,6.64757144e-18,8.64184287e-17,2.00760951e-10,2.60989237e-09,8.97658097e-11,1.25672134e-09,5.60761089e-15,8.41141633e-14,1.94090439e-04,2.71726615e-03,2.18920303e-04,3.28380455e-03,2.82214096e-10,4.51542553e-09,2.28591739e-16,3.88605956e-15,1.57901134e-21,2.84222041e-20,3.88312004e-09,6.60130408e-08,1.11489975e-10,2.00681954e-09,7.17629267e-05,1.43525853e-03
1.54159369e+00,4.36733511e-01,3.76436817e+03,1.17602508e+00,7.11589342e-01,7.11589342e-01,6.93013316e-02,2.77205326e-01,6.37078728e-11,7.64494474e-10,7.21274553e-18,9.37656918e-17,2.13024230e-10,2.76931499e-09,9.11386634e-11,1.27594129e-09,5.94918000e-15,8.92377000e-14,1.94015595e-04,2.71621833e-03,2.28167313e-04,3.42250970e-03,2.93188589e-10,4.69101742e-09,2.35398138e-16,4.00176835e-15,1.55921589e-21,2.80658860e-20,3.90008528e-09,6.63014497e-08,1.08686089e-10,1.95634960e-09,7.17629271e-05,1.43525854e-03
1.66169525e+00,4.35860179e-01,3.74183058e+03,1.22543714e+00,7.11579160e-01,7.11579160e-01,6.93109065e-02,2.77243626e-01,6.76018234e-11,8.11221881e-10,7.86612435e-18,1.02259617e-16,2.26802183e-10,2.94842838e-09,9.26478097e-11,1.29706934e-09,6.31664765e-15,9.47497148e-14,1.93941106e-04,2.71517548e-03,2.37662747e-04,3.56494121e-03,3.05865743e-10,4.89385190e-09,2.43356146e-16,4.13705448e-15,1.53814141e-21,2.76865455e-20,3.92475101e-09,6.67207672e-08,1.05745097e-10,1.90341175e-09,7.17629276e-05,1.43525855e-03
1.79115361e+00,4.34920764e-01,3.71768824e+03,1.27600412e+00,7.11568678e-01,7.11568678e-01,6.93207211e-02,2.77282884e-01,7.19066376e-11,8.62879651e-10,8.61759901e-18,1.12028787e-16,2.42113034e-10,3.14746944e-09,9.43091098e-11,1.32032754e-09,6.71219629e-15,1.00682944e-13,1.93867907e-04,2.71415070e-03,2.47376370e-04,3.71064554e-03,3.20455435e-10,5.12728695e-09,2.52693176e-16,4.29578399e-15,1.51572846e-21,2.72831123e-20,3.95860877e-09,6.72963492e-08,1.02666790e-10,1.84800222e-09,7.17629281e-05,1.43525856e-03
1.93069773e+00,4.33910428e-01,3.69183945e+03,1.32753609e+00,7.11557922e-01,7.11557922e-01,6.93307429e-02,2.77322972e-01,7.66329283e-11,9.19595140e-10,9.48063863e-18,1.23248302e-16,2.59023677e-10,3.36730781e-09,9.61407175e-11,1.34597004e-09,7.13827128e-15,1.07074069e-13,1.93796989e-04,2.71315784e-03,2.57272625e-04,3.85908938e-03,3.37186878e-10,5.39499005e-09,2.63688478e-16,4.48270412e-15,1.49191883e-21,2.68545390e-20,4.00338492e-09,6.80575437e-08,9.94520557e-11,1.79013700e-09,7.17629287e-05,1.43525857e-03
2.08111337e+00,4.32824009e-01,3.66417807e+03,1.37981327e+00,7.11546924e-01,7.11546924e-01,6.93409344e-02,2.77363737e-01,8.18033630e-11,9.81640356e-10,1.04728126e-17,1.36146564e-16,2.77646360e-10,3.60940269e-09,9.81634699e-11,1.37428858e-09,7.59763202e-15,1.13964480e-13,1.93729410e-04,2.71221174e-03,2.67310546e-04,4.00965819e-03,3.56309597e-10,5.70095355e-09,2.76686782e-16,4.70367530e-15,1.46665643e-21,2.63998157e-20,4.06107566e-09,6.90382863e-08,9.61030363e-11,1.72985465e-09,7.17629295e-05,1.43525859e-03
2.24324750e+00,4.31655995e-01,3.63459374e+03,1.43258601e+00,7.11535719e-01,7.11535719e-01,6.93512529e-02,2.77405011e-01,8.74517878e-11,1.04942145e-09,1.16165367e-17,1.51014977e-16,2.98137104e-10,3.87578235e-09,1.00401361e-10,1.40561905e-09,8.09341579e-15,1.21401237e-13,1.93666307e-04,2.71132830e-03,2.77443785e-04,4.16165678e-03,3.78094443e-10,6.04951109e-09,2.92116061e-16,4.96597303e-15,1.43988830e-21,2.59179893e-20,4.13398760e-09,7.02777893e-08,9.26232788e-11,1.66721902e-09,7.17629303e-05,1.43525861e-03
2.41801308e+00,4.30400514e-01,3.60297200e+03,1.48557557e+00,7.11524346e-01,7.11524346e-01,6.93616510e-02,2.77446604e-01,9.36229348e-11,1.12347522e-09,1.29401205e-17,1.68221567e-16,3.20696290e-10,4.16905177e-09,1.02882118e-10,1.44034966e-09,8.62921761e-15,1.29438264e-13,1.93608901e-04,2.71052461e-03,2.87620806e-04,4.31431209e-03,4.02834756e-10,6.44535610e-09,3.10510794e-16,5.27868349e-15,1.41156584e-21,2.54081850e-20,4.22478503e-09,7.18213455e-08,8.90178905e-11,1.60232203e-09,7.17629313e-05,1.43525863e-03
2.60639420e+00,4.29051311e-01,3.56919473e+03,1.53847590e+00,7.11512849e-01,7.11512849e-01,6.93720770e-02,2.77488308e-01,1.00372782e-10,1.20447338e-09,1.44792162e-17,1.88229810e-16,3.45571728e-10,4.49243246e-09,1.05637909e-10,1.47893072e-09,9.20919052e-15,1.38137858e-13,1.93558498e-04,2.70981897e-03,2.97785248e-04,4.46677871e-03,4.30847768e-10,6.89356429e-09,3.32542701e-16,5.65322591e-15,1.38164614e-21,2.48696306e-20,4.33654534e-09,7.37212708e-08,8.52936860e-11,1.53528635e-09,7.17629325e-05,1.43525865e-03
2.80945159e+00,4.27601732e-01,3.53314050e+03,1.59095653e+00,7.11501274e-01,7.11501274e-01,6.93824749e-02,2.77529900e-01,1.07769618e-10,1.29323542e-09,1.62788033e-17,2.11624443e-16,3.73064489e-10,4.84983835e-09,1.08706206e-10,1.52188689e-09,9.83817157e-15,1.47572574e-13,1.93516486e-04,2.70923080e-03,3.07876490e-04,4.61814735e-03,4.62476423e-10,7.39962278e-09,3.59061631e-16,6.10404773e-15,1.35009361e-21,2.43016850e-20,4.47282462e-09,7.60380186e-08,8.14593246e-11,1.46626784e-09,7.17629338e-05,1.43525868e-03
3.02832867e+00,4.26044703e-01,3.49468514e+03,1.64266668e+00,7.11489672e-01,7.11489672e-01,6.93927859e-02,2.77571144e-01,1.15895879e-10,1.39075055e-09,1.83959008e-17,2.39146711e-16,4.03537867e-10,5.24599227e-09,1.12130862e-10,1.56983207e-09,1.05218409e-14,1.57827614e-13,1.93484329e-04,2.70878060e-03,3.17830445e-04,4.76745667e-03,4.98091842e-10,7.96946947e-09,3.91150419e-16,6.64955713e-15,1.31688165e-21,2.37038697e-20,4.63773559e-09,7.88415051e-08,7.75254282e-11,1.39545771e-09,7.17629353e-05,1.43525871e-03
3.26425788e+00,4.24372719e-01,3.45370242e+03,1.69324074e+00,7.11478093e-01,7.11478093e-01,6.94029490e-02,2.77611796e-01,1.24850843e-10,1.49821011e-09,2.09032744e-17,2.71742567e-16,4.37429972e-10,5.68658963e-09,1.15963435e-10,1.62348809e-09,1.12669227e-14,1.69003841e-13,1.93463554e-04,2.70848975e-03,3.27580568e-04,4.91370851e-03,5.38096753e-10,8.60954805e-09,4.30199109e-16,7.31338485e-15,1.28199472e-21,2.30759049e-20,4.83604131e-09,8.22127022e-08,7.35046754e-11,1.32308416e-09,7.17629371e-05,1.43525874e-03
3.51856773e+00,4.22577823e-01,3.41006492e+03,1.74230503e+00,7.11466590e-01,7.11466590e-01,6.94129021e-02,2.77651609e-01,1.34754340e-10,1.61705208e-09,2.38945311e-17,3.10628904e-16,4.75270673e-10,6.17851875e-09,1.20264854e-10,1.68370795e-09,1.20814405e-14,1.81221608e-13,1.93455736e-04,2.70838030e-03,3.37059110e-04,5.05588665e-03,5.82930300e-10,9.32688480e-09,4.78006247e-16,8.12610620e-15,1.24543045e-21,2.24177481e-20,5.07326824e-09,8.62455600e-08,6.94118602e-11,1.24941348e-09,7.17629391e-05,1.43525878e-03
3.79269019e+00,4.20651592e-01,3.36364499e+03,1.78948583e+00,7.11455210e-01,7.11455210e-01,6.94225841e-02,2.77690336e-01,1.45751687e-10,1.74902024e-09,2.74911704e-17,3.57385216e-16,5.17703976e-10,6.73015168e-09,1.25107509e-10,1.75150513e-09,1.29750418e-14,1.94625627e-13,1.93462478e-04,2.70847470e-03,3.46198588e-04,5.19297881e-03,6.33074787e-10,1.01291966e-08,5.36918418e-16,9.12761311e-15,1.20720207e-21,2.17296373e-20,5.35584420e-09,9.10493513e-08,6.52639086e-11,1.17475036e-09,7.17629414e-05,1.43525883e-03
4.08816882e+00,4.18585125e-01,3.31431602e+03,1.83441859e+00,7.11444004e-01,7.11444004e-01,6.94319356e-02,2.77727742e-01,1.58020177e-10,1.89624212e-09,3.18524332e-17,4.14081631e-16,5.65517318e-10,7.35172513e-09,1.30577901e-10,1.82809061e-09,1.39594135e-14,2.09391203e-13,1.93485391e-04,2.70879547e-03,3.54933438e-04,5.32400157e-03,6.89065064e-10,1.10250410e-08,6.10024267e-16,1.03704125e-14,1.16734094e-21,2.10121369e-20,5.69126745e-09,9.67515467e-08,6.10798419e-11,1.09943715e-09,7.17629440e-05,1.43525888e-03
4.40666743e+00,4.16369033e-01,3.26195381e+03,1.87675792e+00,7.11433012e-01,7.11433012e-01,6.94409014e-02,2.77763605e-01,1.71777575e-10,2.06133090e-09,3.71892009e-17,4.83459611e-16,6.19679922e-10,8.05583899e-09,1.36780018e-10,1.91492025e-09,1.50488159e-14,2.25732239e-13,1.93526064e-04,2.70936489e-03,3.63201830e-04,5.44802745e-03,7.51501471e-10,1.20240235e-08,7.01426974e-16,1.19242586e-14,1.12589931e-21,2.02661875e-20,6.08831556e-09,1.03501365e-07,5.68806788e-11,1.02385222e-09,7.17629470e-05,1.43525894e-03
4.74997943e+00,4.13993427e-01,3.20643826e+03,1.91618812e+00,7.11422271e-01,7.11422271e-01,6.94494320e-02,2.77797728e-01,1.87293276e-10,2.24751931e-09,4.37838346e-17,5.69189850e-16,6.81393130e-10,8.85811069e-09,1.43839678e-10,2.01375550e-09,1.62607721e-14,2.43911582e-13,1.93586041e-04,2.71020457e-03,3.70947546e-04,5.56421319e-03,8.21067474e-10,1.31370796e-08,8.16630865e-16,1.38827247e-14,1.08295318e-21,1.94931573e-20,6.55730480e-09,1.11474182e-07,5.26892676e-11,9.48406817e-10,7.17629503e-05,1.43525901e-03
5.12003798e+00,4.11447922e-01,3.14765527e+03,1.95243369e+00,7.11411810e-01,7.11411810e-01,6.94574858e-02,2.77829943e-01,2.04903003e-10,2.45883604e-09,5.20188355e-17,6.76244862e-16,7.52156823e-10,9.77803870e-09,1.51910164e-10,2.12674229e-09,1.76169648e-14,2.64254472e-13,1.93666794e-04,2.71133512e-03,3.78121871e-04,5.67182806e-03,8.98553489e-10,1.43768558e-08,9.63095816e-16,1.63726289e-14,1.03860531e-21,1.86948956e-20,7.11041399e-09,1.20877038e-07,4.85300408e-11,8.73540734e-10,7.17629541e-05,1.43525908e-03
5.51892683e+00,4.08721628e-01,3.08549893e+03,1.98526937e+00,7.11401645e-01,7.11401645e-01,6.94650303e-02,2.77860121e-01,2.25028343e-10,2.70034012e-09,6.24187806e-17,8.11444148e-16,8.33857623e-10,1.08401491e-08,1.61179574e-10,2.25651403e-09,1.91444107e-14,2.87166160e-13,1.93769697e-04,2.71277576e-03,3.84685364e-04,5.77028047e-03,9.84888732e-10,1.57582197e-08,1.15104112e-15,1.95676990e-14,9.92988232e-22,1.78737882e-20,7.76209068e-09,1.31955542e-07,4.44286884e-11,7.99716391e-10,7.17629584e-05,1.43525917e-03
5.94889208e+00,4.05803162e-01,3.01987401e+03,2.01452880e+00,7.11391785e-01,7.11391785e-01,6.94720441e-02,2.77888176e-01,2.48202876e-10,2.97843451e-09,7.57125139e-17,9.84262681e-16,9.28886881e-10,1.20755295e-08,1.71880531e-10,2.40632743e-09,2.08770110e-14,3.13155165e-13,1.93896003e-04,2.71454405e-03,3.90609428e-04,5.85914142e-03,1.08118352e-09,1.72989363e-08,1.39462446e-15,2.37086159e-14,9.46267375e-22,1.70328127e-20,8.52956225e-09,1.45002558e-07,4.04117490e-11,7.27411483e-10,7.17629631e-05,1.43525926e-03
6.41235480e+00,4.02680660e-01,2.95069866e+03,2.04011143e+00,7.11382220e-01,7.11382220e-01,6.94785180e-02,2.77914072e-01,2.75107464e-10,3.30128957e-09,9.29266854e-17,1.20804691e-15,1.04029973e-09,1.35238965e-08,1.84303106e-10,2.58024348e-09,2.28576160e-14,3.42864240e-13,1.94046828e-04,2.71665559e-03,3.95877527e-04,5.93816290e-03,1.18878512e-09,1.90205619e-08,1.71369150e-15,2.91327554e-14,8.98644220e-22,1.61755960e-20,9.43348105e-09,1.60369178e-07,3.65061219e-11,6.57110195e-10,7.17629684e-05,1.43525937e-03
6.91192469e+00,3.99341794e-01,2.87790754e+03,2.06198686e+00,7.11372931e-01,7.11372931e-01,6.94844555e-02,2.77937822e-01,3.06618372e-10,3.67942046e-09,1.15528533e-16,1.50187093e-15,1.17203129e-09,1.52364068e-08,1.98812196e-10,2.78337075e-09,2.51408022e-14,3.77112033e-13,1.94223136e-04,2.71912391e-03,4.00485964e-04,6.00728947e-03,1.30935123e-09,2.09496196e-08,2.13640380e-15,3.63188647e-14,8.50359578e-22,1.53064724e-20,1.04987403e-08,1.78478585e-07,3.27385093e-11,5.89293168e-10,7.17629742e-05,1.43525948e-03
7.45041477e+00,3.95773802e-01,2.80145514e+03,2.08019608e+00,7.11363883e-01,7.11363883e-01,6.94898737e-02,2.77959495e-01,3.43873536e-10,4.12648243e-09,1.45647235e-16,1.89341406e-15,1.32919316e-09,1.72795111e-08,2.15871165e-10,3.02219631e-09,2.77966461e-14,4.16949692e-13,1.94425739e-04,2.72196035e-03,4.04444110e-04,6.06666166e-03,1.44494662e-09,2.31191458e-08,2.70323544e-15,4.59550024e-14,8.01697196e-22,1.44305495e-20,1.17555067e-08,1.99843613e-07,2.91348062e-11,5.24426512e-10,7.17629806e-05,1.43525961e-03
8.03085722e+00,3.91963531e-01,2.72131945e+03,2.09484934e+00,7.11355027e-01,7.11355027e-01,6.94948021e-02,2.77979208e-01,3.88364877e-10,4.66037852e-09,1.86422672e-16,2.42349473e-15,1.51848354e-09,1.97402860e-08,2.36074337e-10,3.30504072e-09,3.09159125e-14,4.63738688e-13,1.94655298e-04,2.72517417e-03,4.07774017e-04,6.11661025e-03,1.59817038e-09,2.55707260e-08,3.47312772e-15,5.90431713e-14,7.52987911e-22,1.35537824e-20,1.32405280e-08,2.25088976e-07,2.57194543e-11,4.62950177e-10,7.17629877e-05,1.43525975e-03
8.65652043e+00,3.87897481e-01,2.63750579e+03,2.10612035e+00,7.11346301e-01,7.11346301e-01,6.94992823e-02,2.77997129e-01,4.42068328e-10,5.30481993e-09,2.42564336e-16,3.15333637e-15,1.74876006e-09,2.27338808e-08,2.60192245e-10,3.64269143e-09,3.46172723e-14,5.19259084e-13,1.94912336e-04,2.72877270e-03,4.10509384e-04,6.15764077e-03,1.77232406e-09,2.83571849e-08,4.53308882e-15,7.70625100e-14,7.04615453e-22,1.26830782e-20,1.49987851e-08,2.54979346e-07,2.25148056e-11,4.05266501e-10,7.17629953e-05,1.43525991e-03
9.33092744e+00,3.83561880e-01,2.55005096e+03,2.11423724e+00,7.11337630e-01,7.11337630e-01,6.95033662e-02,2.78013465e-01,5.07629251e-10,6.09155101e-09,3.21263062e-16,4.17641981e-15,2.03184752e-09,2.64140178e-08,2.89235432e-10,4.04929605e-09,3.90574775e-14,5.85862162e-13,1.95197258e-04,2.73276162e-03,4.12693925e-04,6.19040887e-03,1.97163530e-09,3.15461648e-08,6.01335704e-15,1.02227070e-13,6.57024588e-22,1.18264426e-20,1.70855726e-08,2.90454735e-07,1.95405145e-11,3.51729261e-10,7.17630035e-05,1.43526007e-03
1.00578757e+01,3.78942758e-01,2.45902746e+03,2.11947056e+00,7.11328932e-01,7.11328932e-01,6.95071139e-02,2.78028455e-01,5.88630165e-10,7.06356198e-09,4.33706157e-16,5.63818004e-15,2.38368836e-09,3.09879486e-08,3.24545694e-10,4.54363971e-09,4.44459009e-14,6.66688513e-13,1.95510381e-04,2.73714533e-03,4.14379183e-04,6.21568775e-03,2.20155753e-09,3.52249205e-08,8.11165280e-15,1.37898098e-13,6.10734183e-22,1.09932153e-20,1.95691047e-08,3.32674779e-07,1.68130178e-11,3.02634321e-10,7.17630124e-05,1.43526025e-03
1.08414587e+01,3.74026049e-01,2.36454776e+03,2.12211916e+00,7.11320115e-01,7.11320115e-01,6.95105910e-02,2.78042364e-01,6.89982418e-10,8.27978902e-09,5.97644706e-16,7.76938118e-15,2.82599836e-09,3.67379787e-08,3.67928501e-10,5.15099901e-09,5.10656176e-14,7.65984264e-13,1.95851957e-04,2.74192740e-03,4.15621971e-04,6.23432956e-03,2.46917548e-09,3.95068077e-08,1.11324376e-14,1.89251440e-13,5.66358616e-22,1.01944551e-20,2.25337436e-08,3.83073642e-07,1.43451478e-11,2.58212661e-10,7.17630219e-05,1.43526044e-03
1.16860886e+01,3.68797709e-01,2.26676859e+03,2.12249517e+00,7.11311082e-01,7.11311082e-01,6.95138667e-02,2.78055467e-01,8.18507021e-10,9.82208426e-09,8.41833244e-16,1.09438322e-14,3.38867562e-09,4.40527831e-08,4.21848315e-10,5.90587642e-09,5.93044469e-14,8.89566704e-13,1.96222210e-04,2.74711095e-03,4.16481590e-04,6.24722385e-03,2.78375980e-09,4.45401569e-08,1.55511937e-14,2.64370293e-13,5.24643692e-22,9.44358646e-21,2.60839421e-08,4.43427016e-07,1.21459342e-11,2.18626816e-10,7.17630320e-05,1.43526064e-03
1.25965213e+01,3.63243860e-01,2.16589495e+03,2.12090906e+00,7.11301733e-01,7.11301733e-01,6.95170101e-02,2.78068040e-01,9.83808082e-10,1.18056970e-08,1.21387331e-15,1.57803530e-14,4.11334536e-09,5.34734897e-08,4.89721633e-10,6.85610286e-09,6.97014125e-14,1.04552119e-12,1.96621362e-04,2.75269907e-03,4.17017066e-04,6.25525599e-03,3.15753417e-09,5.05205467e-08,2.21207720e-14,3.76053124e-13,4.86527395e-22,8.75749311e-21,3.03489393e-08,5.15931968e-07,1.02206515e-11,1.83971727e-10,7.17630426e-05,1.43526085e-03
1.35778836e+01,3.57350954e-01,2.06218384e+03,2.11765609e+00,7.11291970e-01,7.11291970e-01,6.95200888e-02,2.78080355e-01,1.19960524e-09,1.43952629e-08,1.79438632e-15,2.33270221e-14,5.05864029e-09,6.57623238e-08,5.76364902e-10,8.06910863e-09,8.30174972e-14,1.24526246e-12,1.97049648e-04,2.75869507e-03,4.17284608e-04,6.25926912e-03,3.60674872e-09,5.77079795e-08,3.20489513e-14,5.44832172e-13,4.53243137e-22,8.15837647e-21,3.54881427e-08,6.03298425e-07,8.57116944e-12,1.54281050e-10,7.17630539e-05,1.43526108e-03
1.46357012e+01,3.51105964e-01,1.95594735e+03,2.11300532e+00,7.11281692e-01,7.11281692e-01,6.95231661e-02,2.78092664e-01,1.48579622e-09,1.78295547e-08,2.72324090e-15,3.54021317e-14,6.30816985e-09,8.20062080e-08,6.88693002e-10,9.64170202e-09,1.00345405e-13,1.50518108e-12,1.97507328e-04,2.76510260e-03,4.17335491e-04,6.26003236e-03,4.15319936e-09,6.64511898e-08,4.72971284e-14,8.04051182e-13,4.26496182e-22,7.67693128e-21,4.16969036e-08,7.08847361e-07,7.19666371e-12,1.29539947e-10,7.17630656e-05,1.43526131e-03
1.57759306e+01,3.44496608e-01,1.84755508e+03,2.10719177e+00,7.11270805e-01,7.11270805e-01,6.95263000e-02,2.78105200e-01,1.87169745e-09,2.24603694e-08,4.24933350e-15,5.52413356e-14,7.98272236e-09,1.03775391e-07,8.36832260e-10,1.17156516e-08,1.23283231e-13,1.84924846e-12,1.97994679e-04,2.77192550e-03,4.17214520e-04,6.25821780e-03,4.82640117e-09,7.72224188e-08,7.10856570e-14,1.20845617e-12,4.08767128e-22,7.35780831e-21,4.92119823e-08,8.36603699e-07,6.09473855e-12,1.09705294e-10,7.17630778e-05,1.43526156e-03
1.70049924e+01,3.37511601e-01,1.73743536e+03,2.10041233e+00,7.11259214e-01,7.11259214e-01,6.95295422e-02,2.78118169e-01,2.40121206e-09,2.88145447e-08,6.82767469e-15,8.87597710e-14,1.02592501e-08,1.33370252e-07,1.03593619e-09,1.45031067e-08,1.54215096e-13,2.31322644e-12,1.98511960e-04,2.77916743e-03,4.16959144e-04,6.25438716e-03,5.66672705e-09,9.06676328e-08,1.08752201e-13,1.84878741e-12,4.03839556e-22,7.26911201e-21,5.83153045e-08,9.91360176e-07,5.26301533e-12,9.47342759e-11,7.17630905e-05,1.43526181e-03
1.83298071e+01,3.30140934e-01,1.62607536e+03,2.09282541e+00,7.11246830e-01,7.11246830e-01,6.95329381e-02,2.78131753e-01,3.14119629e-09,3.76943555e-08,1.13143609e-14,1.47086692e-13,1.34009424e-08,1.74212251e-07,1.30922409e-09,1.83291373e-08,1.96775028e-13,2.95162542e-12,1.99059361e-04,2.78683106e-03,4.16599230e-04,6.24898844e-03,6.72997359e-09,1.07679577e-07,1.69213595e-13,2.87663112e-12,4.17728782e-22,7.51911807e-21,6.93335324e-08,1.17867005e-06,4.70122440e-12,8.46220391e-11,7.17631035e-05,1.43526207e-03
1.97578347e+01,3.22376197e-01,1.51401942e+03,2.08455376e+00,7.11233566e-01,7.11233566e-01,6.95365271e-02,2.78146109e-01,4.19520689e-09,5.03424827e-08,1.93707650e-14,2.51819944e-13,1.78058251e-08,2.31475726e-07,1.69320933e-09,2.37049306e-08,2.56632528e-13,3.84948792e-12,1.99636914e-04,2.79491680e-03,4.16157410e-04,6.24236115e-03,8.09403034e-09,1.29504485e-07,2.67461701e-13,4.54684892e-12,4.60341392e-22,8.28614505e-21,8.26294655e-08,1.40470091e-06,4.41381992e-12,7.94487586e-11,7.17631168e-05,1.43526234e-03
2.12971163e+01,3.14210921e-01,1.40186557e+03,2.07569016e+00,7.11219335e-01,7.11219335e-01,6.95403435e-02,2.78161374e-01,5.72642897e-09,6.87171477e-08,3.43309941e-14,4.46302923e-13,2.40870521e-08,3.13131677e-07,2.24697202e-09,3.14576083e-08,3.42858086e-13,5.14287129e-12,2.00244349e-04,2.80342089e-03,4.15649888e-04,6.23474832e-03,9.86860961e-09,1.57897754e-07,4.28842064e-13,7.29031509e-12,5.48489492e-22,9.87281085e-21,9.85794948e-08,1.67585141e-06,4.41307889e-12,7.94354200e-11,7.17631304e-05,1.43526261e-03
2.29563192e+01,3.05640967e-01,1.29026001e+03,2.06630497e+00,7.11204053e-01,7.11204053e-01,6.95444173e-02,2.78177669e-01,7.99649294e-09,9.59579153e-08,6.31354338e-14,8.20760639e-13,3.32087361e-08,4.31713569e-07,3.06915925e-09,4.29682294e-08,4.70364179e-13,7.05546269e-12,2.00880884e-04,2.81233237e-03,4.15087509e-04,6.22631264e-03,1.22093056e-08,1.95348890e-07,6.96448580e-13,1.18396259e-11,7.11460633e-22,1.28062914e-20,1.17529825e-07,1.99800703e-06,4.72251907e-12,8.50053432e-11,7.17631443e-05,1.43526289e-03
2.47447864e+01,2.96664929e-01,1.17988903e+03,2.05645531e+00,7.11187634e-01,7.11187634e-01,6.95487762e-02,2.78195105e-01,1.14322248e-08,1.37186697e-07,1.20822391e-13,1.57069108e-12,4.67214897e-08,6.07379366e-07,4.33030553e-09,6.06242775e-08,6.64402201e-13,9.96603302e-12,2.01544882e-04,2.82162835e-03,4.14476948e-04,6.21715422e-03,1.53374370e-08,2.45398992e-07,1.14408826e-12,1.94495004e-11,1.00149274e-21,1.80268694e-20,1.39724175e-07,2.37531098e-06,5.38021692e-12,9.68439045e-11,7.17631582e-05,1.43526316e-03
2.66725884e+01,2.87284577e-01,1.07146867e+03,2.04619558e+00,7.11169990e-01,7.11169990e-01,6.95534461e-02,2.78213785e-01,1.67424024e-08,2.00908829e-07,2.41441339e-13,3.13873741e-12,6.71811135e-08,8.73354476e-07,6.33677898e-09,8.87149058e-08,9.69119227e-13,1.45367884e-11,2.02233290e-04,2.83126605e-03,4.13821829e-04,6.20732744e-03,1.95667498e-08,3.13067997e-07,1.89951109e-12,3.22916885e-11,1.51382238e-21,2.72488028e-20,1.65199204e-07,2.80838647e-06,6.44114183e-12,1.15940553e-10,7.17631722e-05,1.43526344e-03
2.87505804e+01,2.77505314e-01,9.65731624e+02,2.03559010e+00,7.11151033e-01,7.11151033e-01,6.95584527e-02,2.78233811e-01,2.51260344e-08,3.01512413e-07,5.05882933e-13,6.57647813e-12,9.89106295e-08,1.28583818e-06,9.66295352e-09,1.35281349e-07,1.46441478e-12,2.19662217e-11,2.02940652e-04,2.84116913e-03,4.13123650e-04,6.19685476e-03,2.53361446e-08,4.05378313e-07,3.18723872e-12,5.41830582e-11,2.42572703e-21,4.36630865e-20,1.93653447e-07,3.29210860e-06,7.97686269e-12,1.43583528e-10,7.17631862e-05,1.43526372e-03
3.09904634e+01,2.67336643e-01,8.63411864e+02,2.02472974e+00,7.11130672e-01,7.11130672e-01,6.95638222e-02,2.78255289e-01,3.86527456e-08,4.63832947e-07,1.11659686e-12,1.45157592e-11,1.49416185e-07,1.94241041e-06,1.54377867e-08,2.16129014e-07,2.30040567e-12,3.45060850e-11,2.03657346e-04,2.85120284e-03,4.12382339e-04,6.18573509e-03,3.32424202e-08,5.31878724e-07,5.41026073e-12,9.19744325e-11,4.07386191e-21,7.33295144e-20,2.24312647e-07,3.81331500e-06,1.00698862e-11,1.81257951e-10,7.17632000e-05,1.43526400e-03
3.34048498e+01,2.56792643e-01,7.65226985e+02,2.01375578e+00,7.11108822e-01,7.11108822e-01,6.95695823e-02,2.78278329e-01,6.09771108e-08,7.31725330e-07,2.60924545e-12,3.39201909e-11,2.32056591e-07,3.01673568e-06,2.59992780e-08,3.63989892e-07,3.77074237e-12,5.65611356e-11,2.04366298e-04,2.86112817e-03,4.11596166e-04,6.17394249e-03,4.40566886e-08,7.04907018e-07,9.31204687e-12,1.58304797e-10,7.11003469e-21,1.27980624e-19,2.55837326e-07,4.34923453e-06,1.27986193e-11,2.30375147e-10,7.17632135e-05,1.43526427e-03
3.60073348e+01,2.45892433e-01,6.71858835e+02,2.00289566e+00,7.11085407e-01,7.11085407e-01,6.95757626e-02,2.78303050e-01,9.87221971e-08,1.18466636e-06,6.48546662e-12,8.43110661e-11,3.71088842e-07,4.82415495e-06,4.64737133e-08,6.50631987e-07,6.47528231e-12,9.71292346e-11,2.05036792e-04,2.87051509e-03,4.10760377e-04,6.16140565e-03,5.86933212e-08,9.39093139e-07,1.63124583e-11,2.77311791e-10,1.28202780e-20,2.30765004e-19,2.86338913e-07,4.86776151e-06,1.62082165e-11,2.91747897e-10,7.17632267e-05,1.43526453e-03
3.88125727e+01,2.34660599e-01,5.83933063e+02,1.99251117e+00,7.11060384e-01,7.11060384e-01,6.95823949e-02,2.78329579e-01,1.64240845e-07,1.97089014e-06,1.72028879e-11,2.23637543e-10,6.10997373e-07,7.94296585e-06,8.88035234e-08,1.24324933e-06,1.16974126e-11,1.75461190e-10,2.05612885e-04,2.87858039e-03,4.09862900e-04,6.14794350e-03,7.80902858e-08,1.24944457e-06,2.92410236e-11,4.97097401e-10,2.37903547e-20,4.28226384e-19,3.13570773e-07,5.33070315e-06,2.02642841e-11,3.64757113e-10,7.17632392e-05,1.43526478e-03
4.18363594e+01,2.23127591e-01,5.01998447e+02,1.98313179e+00,7.11033779e-01,7.11033779e-01,6.95895132e-02,2.78358053e-01,2.81251462e-07,3.37501754e-06,4.86966337e-11,6.33056238e-10,1.03253383e-06,1.34229398e-05,1.82519784e-07,2.55527698e-06,2.23207185e-11,3.34810777e-10,2.05992707e-04,2.88389790e-03,4.08872624e-04,6.13308937e-03,1.02976094e-07,1.64761751e-06,5.40344408e-11,9.18585494e-10,4.53261029e-20,8.15869852e-19,3.35315676e-07,5.70036648e-06,2.47944182e-11,4.46299528e-10,7.17632510e-05,1.43526502e-03
4.50957214e+01,2.11330037e-01,4.26507063e+02,1.97533112e+00,7.11005767e-01,7.11005767e-01,6.95971530e-02,2.78388612e-01,4.96389511e-07,5.95667413e-06,1.46219389e-10,1.90085205e-09,1.77545904e-06,2.30809675e-05,4.04065266e-07,5.65691373e-06,4.51640929e-11,6.77461394e-10,2.05995891e-04,2.88394247e-03,4.07708211e-04,6.11562317e-03,1.33560790e-07,2.13697264e-06,1.03926575e-10,1.76675178e-09,8.85942692e-20,1.59469685e-18,3.49891466e-07,5.94815492e-06,2.94418905e-11,5.29954029e-10,7.17632618e-05,1.43526524e-03
4.86090118e+01,1.99310961e-01,3.57796506e+02,1.96900026e+00,7.10976820e-01,7.10976820e-01,6.96053495e-02,2.78421398e-01,9.02121942e-07,1.08254633e-05,4.58615649e-10,5.96200344e-09,3.05516520e-06,3.97171476e-05,9.51316947e-07,1.33184373e-05,9.72184961e-11,1.45827744e-09,2.05326449e-04,2.87457029e-03,4.06160879e-04,6.09241318e-03,1.69274038e-07,2.70838461e-06,2.10487497e-10,3.57828745e-09,1.78006500e-19,3.20411699e-18,3.56583716e-07,6.06192317e-06,3.36864173e-11,6.06355511e-10,7.17632714e-05,1.43526543e-03
5.23960135e+01,1.87119889e-01,2.96075449e+02,1.96139225e+00,7.10947916e-01,7.10947916e-01,6.96141319e-02,2.78456528e-01,1.67757244e-06,2.01308692e-05,1.46289501e-09,1.90176351e-08,5.12975270e-06,6.66867851e-05,2.28340371e-06,3.19676519e-05,2.23094152e-10,3.34641228e-09,2.03566612e-04,2.84993257e-03,4.03752403e-04,6.05628605e-03,2.08694835e-07,3.33911736e-06,4.54376877e-10,7.72440691e-09,3.70463776e-19,6.66834796e-18,3.55787758e-07,6.04839189e-06,3.70094029e-11,6.66169253e-10,7.17632798e-05,1.43526560e-03
5.64780507e+01,1.74812781e-01,2.41413796e+02,1.94540468e+00,7.10920603e-01,7.10920603e-01,6.96235138e-02,2.78494055e-01,3.14396133e-06,3.77275360e-05,4.57344356e-09,5.94547663e-08,8.15310919e-06,1.05990419e-04,5.18039551e-06,7.25255372e-05,5.46259019e-10,8.19388529e-09,2.00266361e-04,2.80372906e-03,3.99676535e-04,5.99514803e-03,2.49681592e-07,3.99490548e-06,1.05251859e-09,1.78928160e-08,8.13825594e-19,1.46488607e-17,3.48773705e-07,5.92915299e-06,3.92516665e-11,7.06529997e-10,7.17632869e-05,1.43526574e-03
6.08781089e+01,1.62451789e-01,1.93738546e+02,1.91382534e+00,7.10896430e-01,7.10896430e-01,6.96334835e-02,2.78533934e-01,5.79419759e-06,6.95303711e-05,1.34313382e-08,1.74607397e-07,1.19365189e-05,1.55174745e-04,1.03192910e-05,1.44470074e-04,1.42897984e-09,2.14346976e-08,1.95147486e-04,2.73206481e-03,3.93226095e-04,5.89839143e-03,2.89426206e-07,4.63081930e-06,2.58105049e-09,4.38778583e-08,1.96125964e-18,3.53026736e-17,3.37204062e-07,5.73246905e-06,4.10788440e-11,7.39419192e-10,7.17632928e-05,1.43526586e-03
6.56209641e+01,1.50104796e-01,1.52836205e+02,1.86748811e+00,7.10875987e-01,7.10875987e-01,6.96440074e-02,2.78576030e-01,1.02070615e-05,1.22484739e-04,3.55607445e-08,4.62289678e-07,1.58528045e-05,2.06086458e-04,1.75920315e-05,2.46288441e-04,4.01180098e-09,6.01770147e-08,1.88286337e-04,2.63600872e-03,3.84471394e-04,5.76707092e-03,3.24057525e-07,5.18492040e-06,6.33144475e-09,1.07634561e-07,5.49763107e-18,9.89573592e-17,3.22657257e-07,5.48517337e-06,4.40650198e-11,7.93170356e-10,7.17632974e-05,1.43526595e-03
7.07333228e+01,1.37844703e-01,1.18362134e+02,1.81333289e+00,7.10858767e-01,7.10858767e-01,6.96550473e-02,2.78620189e-01,1.67999157e-05,2.01598989e-04,8.22239229e-08,1.06891100e-06,1.91226533e-05,2.48594492e-04,2.62417098e-05,3.67383937e-04,1.21984421e-08,1.82976632e-07,1.80079823e-04,2.52111753e-03,3.74117423e-04,5.61176134e-03,3.49024171e-07,5.58438674e-06,1.41216989e-08,2.40068882e-07,1.87110592e-17,3.36799065e-16,3.06349421e-07,5.20794015e-06,4.93051751e-11,8.87493152e-10,7.17633007e-05,1.43526601e-03
7.62439721e+01,1.25748459e-01,8.98567189e+01,1.75632588e+00,7.10843814e-01,7.10843814e-01,6.96665679e-02,2.78666272e-01,2.55745856e-05,3.06895027e-04,1.63760153e-07,2.12888199e-06,2.12888222e-05,2.76754688e-04,3.55745924e-05,4.98044293e-04,4.06788435e-08,6.10182652e-07,1.71015915e-04,2.39422280e-03,3.62799575e-04,5.44199363e-03,3.63086824e-07,5.80938918e-06,2.66642674e-08,4.53292546e-07,7.68359761e-17,1.38304757e-15,2.89080278e-07,4.91436473e-06,5.54428467e-11,9.97971240e-10,7.17633025e-05,1.43526605e-03
8.21839418e+01,1.13895807e-01,6.67675982e+01,1.69795449e+00,7.10830212e-01,7.10830212e-01,6.96785015e-02,2.78714006e-01,3.60898336e-05,4.33078003e-04,2.83095394e-07,3.68024012e-06,2.23992468e-05,2.91190208e-04,4.52326210e-05,6.33256695e-04,1.50421096e-07,2.25631644e-06,1.61473713e-04,2.26063198e-03,3.50827525e-04,5.26241288e-03,3.70263584e-07,5.92421734e-06,4.25842508e-08,7.23932263e-07,3.77124940e-16,6.78824892e-15,2.71313550e-07,4.61233035e-06,6.00746454e-11,1.08134362e-09,7.17633033e-05,1.43526607e-03
8.85866790e+01,1.02367755e-01,4.84765920e+01,1.63933196e+00,7.10817447e-01,7.10817447e-01,6.96905734e-02,2.78762294e-01,4.75528814e-05,5.70634577e-04,4.34860029e-07,5.65318037e-06,2.27940221e-05,2.96322288e-04,5.50677110e-05,7.70947954e-04,6.09772360e-07,9.14658540e-06,1.51678394e-04,2.12349752e-03,3.38315726e-04,5.07473589e-03,3.74916173e-07,5.99865877e-06,6.00166068e-08,1.02028232e-06,2.19719941e-15,3.95495894e-14,2.53303063e-07,4.30615207e-06,6.25049415e-11,1.12508895e-09,7.17633035e-05,1.43526607e-03
9.54882369e+01,9.12447819e-02,3.43294350e+01,1.58529615e+00,7.10806049e-01,7.10806049e-01,6.97017296e-02,2.78806918e-01,5.84937563e-05,7.01925075e-04,6.10804727e-07,7.94046146e-06,2.28152263e-05,2.96597942e-04,6.50059400e-05,9.10083160e-04,2.45970715e-06,3.68956073e-05,1.41751854e-04,1.98452596e-03,3.25312629e-04,4.87968943e-03,3.78760201e-07,6.06016321e-06,7.79316921e-08,1.32483877e-06,1.24547704e-14,2.24185867e-13,2.35203027e-07,3.99845145e-06,6.34609322e-11,1.14229678e-09,7.17633036e-05,1.43526607e-03
1.02927477e+02,8.06048215e-02,2.36660405e+01,1.54687034e+00,7.10798040e-01,7.10798040e-01,6.97096686e-02,2.78838674e-01,6.63715049e-05,7.96458059e-04,8.04831977e-07,1.04628157e-05,2.26778926e-05,2.94812604e-04,7.49910009e-05,1.04987401e-03,7.98133106e-06,1.19719966e-04,1.31769816e-04,1.84477743e-03,3.11850844e-04,4.67776267e-03,3.81558188e-07,6.10493101e-06,9.59369926e-08,1.63092887e-06,4.44362624e-14,7.99852723e-13,2.17132977e-07,3.69126060e-06,6.37406441e-11,1.14733159e-09,7.17633036e-05,1.43526607e-03
1.10946289e+02,7.05210748e-02,1.58489067e+01,1.52958386e+00,7.10794451e-01,7.10794451e-01,6.97132408e-02,2.78852963e-01,6.99299774e-05,8.39159729e-04,1.01414751e-06,1.31839177e-05,2.24812501e-05,2.92256252e-04,8.49674824e-05,1.18954475e-03,1.82968304e-05,2.74452456e-04,1.21794016e-04,1.70511623e-03,2.97962221e-04,4.46943332e-03,3.82881140e-07,6.12609825e-06,1.13843972e-07,1.93534752e-06,9.46826986e-14,1.70428858e-12,1.99205571e-07,3.38649470e-06,6.37755473e-11,1.14795985e-09,7.17633036e-05,1.43526607e-03
1.19589826e+02,6.10597350e-02,1.02874394e+01,1.52492578e+00,7.10793486e-01,7.10793486e-01,6.97142033e-02,2.78856813e-01,7.08901964e-05,8.50682357e-04,1.23815479e-06,1.60960123e-05,2.22594395e-05,2.89372714e-04,9.48768420e-05,1.32827579e-03,3.16129348e-05,4.74194023e-04,1.11884787e-04,1.56638701e-03,2.83683203e-04,4.25524805e-03,3.83254408e-07,6.13207053e-06,1.31509339e-07,2.23565876e-06,1.52366223e-13,2.74259202e-12,1.81535303e-07,3.08610015e-06,6.37362460e-11,1.14725243e-09,7.17633036e-05,1.43526607e-03
1.28906759e+02,5.22777285e-02,6.45643332e+00,1.52412693e+00,7.10793320e-01,7.10793320e-01,6.97143684e-02,2.78857474e-01,7.10549552e-05,8.52659463e-04,1.47723232e-06,1.92040201e-05,2.20206597e-05,2.86268576e-04,1.04657203e-04,1.46520085e-03,4.60739359e-05,6.91109038e-04,1.02104445e-04,1.42946223e-03,2.69057060e-04,4.03585591e-03,3.83320611e-07,6.13312978e-06,1.48804253e-07,2.52967231e-06,2.14785080e-13,3.86613144e-12,1.64239582e-07,2.79207289e-06,6.36766151e-11,1.14617907e-09,7.17633036e-05,1.43526607e-03
1.38949549e+02,4.42205935e-02,3.90765528e+00,1.52403491e+00,7.10793301e-01,7.10793301e-01,6.97143874e-02,2.78857550e-01,7.10739360e-05,8.52887232e-04,1.73208053e-06,2.25170469e-05,2.17658427e-05,2.82955955e-04,1.14244285e-04,1.59942000e-03,6.09771842e-05,9.14657764e-04,9.25173657e-05,1.29524312e-03,2.54134790e-04,3.81202185e-03,3.83328410e-07,6.13325456e-06,1.65606615e-07,2.81531245e-06,2.82012008e-13,5.07621614e-12,1.47437138e-07,2.50643135e-06,6.36096472e-11,1.14497365e-09,7.17633036e-05,1.43526607e-03
1.49774748e+02,3.69206357e-02,2.27431205e+00,1.52402774e+00,7.10793300e-01,7.10793300e-01,6.97143889e-02,2.78857556e-01,7.10754143e-05,8.52904971e-04,2.00348379e-06,2.60452893e-05,2.14944419e-05,2.79427744e-04,1.23572679e-04,1.73001750e-03,7.61350450e-05,1.14202567e-03,8.31889726e-05,1.16464562e-03,2.38975448e-04,3.58463171e-03,3.83329028e-07,6.13326444e-06,1.81798267e-07,3.09057054e-06,3.54397611e-13,6.37915700e-12,1.31245481e-07,2.23117319e-06,6.35372729e-11,1.14367091e-09,7.17633036e-05,1.43526607e-03
1.61443309e+02,3.03955011e-02,1.26902584e+00,1.52402737e+00,7.10793299e-01,7.10793299e-01,6.97143890e-02,2.78857556e-01,7.10754900e-05,8.52905880e-04,2.29224290e-06,2.97991577e-05,2.12056829e-05,2.75673878e-04,1.32577309e-04,1.85608232e-03,9.14642425e-05,1.37196364e-03,7.41843425e-05,1.03858080e-03,2.23646174e-04,3.35469261e-03,3.83329060e-07,6.13326496e-06,1.97265827e-07,3.35351905e-06,4.32330380e-13,7.78194685e-12,1.15777922e-07,1.96822467e-06,6.34593401e-11,1.14226812e-09,7.17633036e-05,1.43526607e-03
1.74020937e+02,2.46473026e-02,6.76629194e-01,1.52402736e+00,7.10793299e-01,7.10793299e-01,6.97143890e-02,2.78857556e-01,7.10754924e-05,8.52905909e-04,2.59915568e-06,3.37890238e-05,2.08987701e-05,2.71684012e-04,1.41195064e-04,1.97673090e-03,1.06888436e-04,1.60332654e-03,6.55665869e-05,9.17932217e-04,2.08221978e-04,3.12332967e-03,3.83329061e-07,6.13326497e-06,2.11903408e-07,3.60235794e-06,5.16227643e-13,9.29209758e-12,1.01140340e-07,1.71938578e-06,6.33754428e-11,1.14075797e-09,7.17633036e-05,1.43526607e-03
1.87578456e+02,1.96624125e-02,3.43520730e-01,1.52402736e+00,7.10793299e-01,7.10793299e-01,6.97143890e-02,2.78857556e-01,7.10754925e-05,8.52905910e-04,2.92500655e-06,3.80250852e-05,2.05729193e-05,2.67447950e-04,1.49366560e-04,2.09113184e-03,1.22325160e-04,1.83487739e-03,5.73950916e-05,8.03531282e-04,1.92785255e-04,2.89177882e-03,3.83329061e-07,6.13326497e-06,2.25615898e-07,3.83547027e-06,6.06536913e-13,1.09176644e-11,8.74278504e-08,1.48627346e-06,6.32851336e-11,1.13913240e-09,7.17633036e-05,1.43526607e-03
2.02192206e+02,1.54119983e-02,1.65431955e-01,1.52402736e+00,7.10793299e-01,7.10793299e-01,6.97143890e-02,2.78857556e-01,7.10754925e-05,8.52905910e-04,3.27055616e-06,4.25172300e-05,2.02273696e-05,2.62955805e-04,1.57037970e-04,2.19853158e-03,1.37685403e-04,2.06528104e-03,4.97236811e-05,6.96131535e-04,1.77425011e-04,2.66137517e-03,3.83329061e-07,6.13326497e-06,2.38322240e-07,4.05147808e-06,7.03737828e-13,1.26672809e-11,7.47215085e-08,1.27026565e-06,6.31879327e-11,1.13738279e-09,7.17633036e-05,1.43526607e-03
2.17944475e+02,1.18533259e-02,7.52598284e-02,1.52402736e+00,7.10793299e-01,7.10793299e-01,6.97143890e-02,2.78857556e-01,7.10754925e-05,8.52905910e-04,3.63652964e-06,4.72748854e-05,1.98613962e-05,2.58198150e-04,1.64162861e-04,2.29828006e-03,1.52874646e-04,2.29311969e-03,4.25987902e-05,5.96383063e-04,1.62235768e-04,2.43353652e-03,3.83329061e-07,6.13326497e-06,2.49958495e-07,4.24929441e-06,8.08344229e-13,1.45501961e-11,6.30852535e-08,1.07244931e-06,6.30833263e-11,1.13549987e-09,7.17633036e-05,1.43526607e-03
2.34923963e+02,1.00000000e-02,3.22001827e-02,1.52402736e+00,7.10793299e-01,7.10793299e-01,6.97143890e-02,2.78857556e-01,7.10754925e-05,8.52905910e-04,4.02360322e-06,5.23068419e-05,1.94743226e-05,2.53166194e-04,1.70703909e-04,2.38985473e-03,1.67794300e-04,2.51691450e-03,3.60577423e-05,5.04808392e-04,1.47316114e-04,2.20974171e-03,3.83329061e-07,6.13326497e-06,2.60480464e-07,4.42816789e-06,9.20906314e-13,1.65763137e-11,5.25632845e-08,8.93575836e-07,6.29707642e-11,1.13347376e-09,7.17633036e-05,1.43526607e-03
2.53226278e+02,1.00000000e-02,1.28952157e-02,1.52402736e+00,7.10793299e-01,7.10793299e-01,6.97143890e-02,2.78857556e-01,7.10754925e-05,8.52905910e-04,4.43238897e-06,5.76210566e-05,1.90655368e-05,2.47851979e-04,1.76634408e-04,2.47288171e-03,1.82343499e-04,2.73515249e-03,3.01272435e-05,4.21781409e-04,1.32766915e-04,1.99150372e-03,3.83329061e-07,6.13326497e-06,2.69865667e-07,4.58771634e-06,1.04201290e-12,1.87562322e-11,4.31780811e-08,7.34027378e-07,6.28496576e-11,1.13129384e-09,7.17633036e-05,1.43526607e-03
2.72954479e+02,1.00000000e-02,4.80879393e-03,1.52402736e+00,7.10793299e-01,7.10793299e-01,6.97143890e-02,2.78857556e-01,7.10754925e-05,8.52905910e-04,4.86341779e-06,6.32244312e-05,1.86345080e-05,2.42248604e-04,1.81939442e-04,2.54715218e-03,1.96421230e-04,2.94631846e-03,2.48222096e-05,3.47510935e-04,1.18689184e-04,1.78033776e-03,3.83329061e-07,6.13326497e-06,2.78114488e-07,4.72794629e-06,1.17229376e-12,2.11012876e-11,3.49292608e-08,5.93797434e-07,6.27193767e-11,1.12894878e-09,7.17633036e-05,1.43526607e-03
2.94219653e+02,1.00000000e-02,1.66061433e-03,1.52402736e+00,7.10793299e-01,7.10793299e-01,6.97143890e-02,2.78857556e-01,7.10754925e-05,8.52905910e-04,5.31712045e-06,6.91225659e-05,1.81808054e-05,2.36350470e-04,1.86616618e-04,2.61263265e-03,2.09928761e-04,3.14893142e-03,2.01450333e-05,2.82030467e-04,1.05181653e-04,1.57772479e-03,3.83329061e-07,6.13326497e-06,2.85250314e-07,4.84925534e-06,1.31242203e-12,2.36235966e-11,2.77934341e-08,4.72488381e-07,6.25792485e-11,1.12642647e-09,7.17633036e-05,1.43526607e-03
3.17141542e+02,1.00000000e-02,5.27869174e-04,1.52402736e+00,7.10793299e-01,7.10793299e-01,6.97143890e-02,2.78857556e-01,7.10754925e-05,8.52905910e-04,5.79380685e-06,7.53194890e-05,1.77041190e-05,2.30153546e-04,1.90676265e-04,2.66946772e-03,2.22772311e-04,3.34158467e-03,1.60853860e-05,2.25195404e-04,9.23381028e-05,1.38507154e-03,3.83329061e-07,6.13326497e-06,2.91318591e-07,4.95241604e-06,1.46311675e-12,2.63361015e-11,2.17251576e-08,3.69327680e-07,6.24285537e-11,1.12371397e-09,7.17633036e-05,1.43526607e-03
3.41849215e+02,1.00000000e-02,1.53463817e-04,1.52402736e+00,7.10793299e-01,7.10793299e-01,6.97143890e-02,2.78857556e-01,7.10754925e-05,8.52905910e-04,6.29364339e-06,8.18173641e-05,1.72042824e-05,2.23655671e-04,1.94141034e-04,2.71797448e-03,2.34865866e-04,3.52298799e-03,1.26206170e-05,1.76688638e-04,8.02445481e-05,1.20366822e-03,3.83329061e-07,6.13326497e-06,2.96384739e-07,5.03854055e-06,1.62514534e-12,2.92526160e-11,1.66590099e-08,2.83203168e-07,6.22665251e-11,1.12079745e-09,7.17633036e-05,1.43526607e-03
3.68481798e+02,1.00000000e-02,4.05216191e-05,1.52402736e+00,7.10793299e-01,7.10793299e-01,6.97143890e-02,2.78857556e-01,7.10754925e-05,8.52905910e-04,6.81662884e-06,8.86161749e-05,1.66812970e-05,2.16856861e-04,1.97044878e-04,2.75862829e-03,2.46134023e-04,3.69201035e-03,9.71677334e-06,1.36034827e-04,6.89763910e-05,1.03464586e-03,3.83329061e-07,6.13326497e-06,3.00531031e-07,5.10902752e-06,1.79932623e-12,3.23878721e-11,1.25127175e-08,2.12716198e-07,6.20923443e-11,1.11766220e-09,7.17633036e-05,1.43526607e-03
3.97189257e+02,1.00000000e-02,9.64522222e-06,1.52402736e+00,7.10793299e-01,7.10793299e-01,6.97143890e-02,2.78857556e-01,7.10754925e-05,8.52905910e-04,7.36256877e-06,9.57133940e-05,1.61353570e-05,2.09759641e-04,1.99431440e-04,2.79204016e-03,2.56514719e-04,3.84772079e-03,7.33021151e-06,1.02622961e-04,5.85956948e-05,8.78935422e-04,3.83329061e-07,6.13326497e-06,3.03852587e-07,5.16549398e-06,1.98653147e-12,3.57575665e-11,9.19116140e-09,1.56249744e-07,6.19051390e-11,1.11429250e-09,7.17633036e-05,1.43526607e-03
4.28133240e+02,1.00000000e-02,2.05292080e-06,1.52402736e+00,7.10793299e-01,7.10793299e-01,6.97143890e-02,2.78857556e-01,7.10754925e-05,8.52905910e-04,7.93104903e-06,1.03103637e-04,1.55668768e-05,2.02369398e-04,2.01351933e-04,2.81892706e-03,2.65961673e-04,3.98942510e-03,5.40971820e-06,7.57360548e-05,4.91487410e-05,7.37231115e-04,3.83329061e-07,6.13326497e-06,3.06452753e-07,5.20969680e-06,2.18768936e-12,3.93784085e-11,6.59099553e-09,1.12046924e-07,6.17039811e-11,1.11067166e-09,7.17633036e-05,1.43526607e-03
4.61487988e+02,1.00000000e-02,3.87331706e-07,1.52402736e+00,7.10793299e-01,7.10793299e-01,6.97143890e-02,2.78857556e-01,7.10754925e-05,8.52905910e-04,8.52140878e-06,1.10778314e-04,1.49765170e-05,1.94694721e-04,2.02862649e-04,2.84007708e-03,2.74446367e-04,4.11669551e-03,3.89900267e-06,5.45860373e-05,4.06640470e-05,6.09960705e-04,3.83329061e-07,6.13326497e-06,3.08438211e-07,5.24344959e-06,2.40378697e-12,4.32681655e-11,4.60553730e-09,7.82941341e-08,6.14878835e-11,1.10678190e-09,7.17633036e-05,1.43526607e-03
4.97441317e+02,1.00000000e-02,6.41750801e-08,1.52402736e+00,7.10793299e-01,7.10793299e-01,6.97143890e-02,2.78857556e-01,7.10754925e-05,8.52905910e-04,9.13271364e-06,1.18725277e-04,1.43652122e-05,1.86747758e-04,2.04022271e-04,2.85631179e-03,2.81959395e-04,4.22939093e-03,2.73938038e-06,3.83513253e-05,3.31510189e-05,4.97265283e-04,3.83329061e-07,6.13326497e-06,3.09914200e-07,5.26854140e-06,2.63587271e-12,4.74457089e-11,3.12954849e-09,5.32023243e-08,6.12557978e-11,1.10260436e-09,7.17633036e-05,1.43526607e-03
5.36195677e+02,1.00000000e-02,9.24328164e-09,1.52402736e+00,7.10793299e-01,7.10793299e-01,6.97143890e-02,2.78857556e-01,7.10754925e-05,8.52905910e-04,9.76372997e-06,1.26928490e-04,1.37341958e-05,1.78544546e-04,2.04889212e-04,2.86844896e-03,2.88511022e-04,4.32766534e-03,1.87243974e-06,2.62141564e-05,2.65993918e-05,3.98990877e-04,3.83329061e-07,6.13326497e-06,3.10980221e-07,5.28666375e-06,2.88505872e-12,5.19310569e-11,2.06352773e-09,3.50799715e-08,6.10066118e-11,1.09811901e-09,7.17633036e-05,1.43526607e-03
5.77969288e+02,1.00000000e-02,1.14478450e-09,1.52402736e+00,7.10793299e-01,7.10793299e-01,6.97143890e-02,2.78857556e-01,7.10754925e-05,8.52905910e-04,1.04129011e-05,1.35367715e-04,1.30850247e-05,1.70105321e-04,2.05519171e-04,2.87726839e-03,2.94130842e-04,4.41196263e-03,1.24248053e-06,1.73947275e-05,2.09795720e-05,3.14693580e-04,3.83329061e-07,6.13326497e-06,3.11726561e-07,5.29935153e-06,3.15252306e-12,5.67454150e-11,1.31718786e-09,2.23921936e-08,6.07391474e-11,1.09330465e-09,7.17633036e-05,1.43526607e-03
6.22997373e+02,1.00000000e-02,1.20490083e-10,1.52402736e+00,7.10793299e-01,7.10793299e-01,6.97143890e-02,2.78857556e-01,7.10754925e-05,8.52905910e-04,1.10783270e-05,1.44018251e-04,1.24195988e-05,1.61454784e-04,2.05963115e-04,2.88348361e-03,2.98866480e-04,4.48299720e-03,7.98536195e-07,1.11795067e-05,1.62439345e-05,2.43659018e-04,3.83329061e-07,6.13326497e-06,3.12231860e-07,5.30794163e-06,3.43951179e-12,6.19112123e-11,8.11887955e-10,1.38020952e-08,6.04521587e-11,1.08813886e-09,7.17633036e-05,1.43526607e-03
6.71533479e+02,1.00000000e-02,1.06415075e-11,1.52402736e+00,7.10793299e-01,7.10793299e-01,6.97143890e-02,2.78857556e-01,7.10754925e-05,8.52905910e-04,1.17577484e-05,1.52850729e-04,1.17401774e-05,1.52622307e-04,2.06265811e-04,2.88772136e-03,3.02781356e-04,4.54172034e-03,4.95840265e-07,6.94176370e-06,1.23290582e-05,1.84935874e-04,3.83329061e-07,6.13326497e-06,3.12561832e-07,5.31355114e-06,3.74734068e-12,6.74521322e-11,4.81916855e-10,8.19258653e-09,6.01443298e-11,1.08259794e-09,7.17633036e-05,1.43526607e-03
7.23850907e+02,1.00000000e-02,7.77937392e-13,1.52402736e+00,7.10793299e-01,7.10793299e-01,6.97143890e-02,2.78857556e-01,7.10754925e-05,8.52905910e-04,1.24485371e-05,1.61830982e-04,1.10493887e-05,1.43642053e-04,2.06464987e-04,2.89050981e-03,3.05951620e-04,4.58927431e-03,2.96664655e-07,4.15330517e-06,9.15879382e-06,1.37381907e-04,3.83329061e-07,6.13326497e-06,3.12769085e-07,5.31707445e-06,4.07739651e-12,7.33931372e-11,2.74663040e-10,4.66927168e-09,5.98142740e-11,1.07665693e-09,7.17633036e-05,1.43526607e-03
7.80244249e+02,1.00000000e-02,4.63851295e-14,1.52402736e+00,7.10793299e-01,7.10793299e-01,6.97143890e-02,2.78857556e-01,7.10754925e-05,8.52905910e-04,1.31476949e-05,1.70920033e-04,1.03502310e-05,1.34553002e-04,2.06591118e-04,2.89227565e-03,3.08462438e-04,4.62693657e-03,1.70533839e-07,2.38747374e-06,6.64797638e-06,9.97196456e-05,3.83329061e-07,6.13326497e-06,3.12893916e-07,5.31919657e-06,4.43113801e-12,7.97604841e-11,1.49832337e-10,2.54714973e-09,5.94605325e-11,1.07028958e-09,7.17633036e-05,1.43526607e-03
8.41031051e+02,1.00000000e-02,2.22029232e-15,1.52402736e+00,7.10793299e-01,7.10793299e-01,6.97143890e-02,2.78857556e-01,7.10754925e-05,8.52905910e-04,1.38518609e-05,1.80074192e-04,9.64606487e-06,1.25398843e-04,2.06667761e-04,2.89334865e-03,3.10403894e-04,4.65605841e-03,9.38906009e-08,1.31446841e-06,4.70652026e-06,7.05978039e-05,3.83329061e-07,6.13326497e-06,3.12965782e-07,5.32041830e-06,4.81009609e-12,8.65817296e-11,7.79661560e-11,1.32542465e-09,5.90815744e-11,1.06346834e-09,7.17633036e-05,1.43526607e-03
9.06553593e+02,1.00000000e-02,8.38699175e-17,1.52402736e+00,7.10793299e-01,7.10793299e-01,6.97143890e-02,2.78857556e-01,7.10754925e-05,8.52905910e-04,1.45573321e-05,1.89245317e-04,8.94059372e-06,1.16227718e-04,2.06712307e-04,2.89397229e-03,3.11866831e-04,4.67800246e-03,4.93447500e-08,6.90826500e-07,3.24358364e-06,4.86537546e-05,3.83329061e-07,6.13326497e-06,3.13005191e-07,5.32108825e-06,5.21587349e-12,9.38857228e-11,3.85571013e-11,6.55470722e-10,5.86757970e-11,1.05616435e-09,7.17633036e-05,1.43526607e-03
9.77180827e+02,1.00000000e-02,2.45445638e-18,1.52402736e+00,7.10793299e-01,7.10793299e-01,6.97143890e-02,2.78857556e-01,7.10754925e-05,8.52905910e-04,1.52600952e-05,1.98381237e-04,8.23783062e-06,1.07091798e-04,2.06736986e-04,2.89431780e-03,3.12938940e-04,4.69408411e-03,2.46657274e-08,3.45320184e-07,2.17147385e-06,3.25721078e-05,3.83329061e-07,6.13326497e-06,3.13025698e-07,5.32143687e-06,5.65014345e-12,1.01702582e-10,1.80500502e-11,3.06850854e-10,5.82415270e-11,1.04834749e-09,7.17633036e-05,1.43526607e-03
1.05331045e+03,1.00000000e-02,5.45533804e-20,1.52402736e+00,7.10793299e-01,7.10793299e-01,6.97143890e-02,2.78857556e-01,7.10754925e-05,8.52905910e-04,1.59558746e-05,2.07426370e-04,7.54205118e-06,9.80466654e-05,2.06749970e-04,2.89449958e-03,3.13701427e-04,4.70552140e-03,1.16811426e-08,1.63535996e-07,1.40898752e-06,2.11348128e-05,3.83329061e-07,6.13326497e-06,3.13035784e-07,5.32160832e-06,6.11464748e-12,1.10063655e-10,7.96475018e-12,1.35400753e-10,5.77770230e-11,1.03998641e-09,7.17633036e-05,1.43526607e-03
1.13537112e+03,1.00000000e-02,9.01356654e-22,1.52402736e+00,7.10793299e-01,7.10793299e-01,6.97143890e-02,2.78857556e-01,7.10754925e-05,8.52905910e-04,1.66401952e-05,2.16322538e-04,6.85773056e-06,8.91504972e-05,2.06756432e-04,2.89459005e-03,3.14226470e-04,4.71339705e-03,5.21900001e-09,7.30660001e-08,8.83944475e-07,1.32591671e-05,3.83329061e-07,6.13326497e-06,3.13040451e-07,5.32168766e-06,6.61119186e-12,1.19001453e-10,3.29750060e-12,5.60575102e-11,5.72804786e-11,1.03104862e-09,7.17633036e-05,1.43526607e-03
1.22382494e+03,1.00000000e-02,1.08179888e-23,1.52402736e+00,7.10793299e-01,7.10793299e-01,6.97143890e-02,2.78857556e-01,7.10754925e-05,8.52905910e-04,1.73084613e-05,2.25009997e-04,6.18946453e-06,8.04630389e-05,2.06759461e-04,2.89463246e-03,3.14575643e-04,4.71863465e-03,2.18992682e-09,3.06589755e-08,5.34771139e-07,8.02156709e-06,3.83329061e-07,6.13326497e-06,3.13042474e-07,5.32172205e-06,7.14164277e-12,1.28549570e-10,1.27455929e-12,2.16675079e-11,5.67500277e-11,1.02150050e-09,7.17633036e-05,1.43526607e-03
1.31916996e+03,1.00000000e-02,9.19932018e-26,1.52402736e+00,7.10793299e-01,7.10793299e-01,6.97143890e-02,2.78857556e-01,7.10754925e-05,8.52905910e-04,1.79560508e-05,2.33428660e-04,5.54187505e-06,7.20443757e-05,2.06760793e-04,2.89465110e-03,3.14799309e-04,4.72198964e-03,8.58793134e-10,1.20231039e-08,3.11105081e-07,4.66657622e-06,3.83329061e-07,6.13326497e-06,3.13043291e-07,5.32173595e-06,7.70791981e-12,1.38742557e-10,4.57481071e-13,7.77717820e-12,5.61837507e-11,1.01130751e-09,7.17633036e-05,1.43526607e-03
1.42194306e+03,1.00000000e-02,5.39592839e-28,1.52402736e+00,7.10793299e-01,7.10793299e-01,6.97143890e-02,2.78857556e-01,7.10754925e-05,8.52905910e-04,1.85784242e-05,2.41519514e-04,4.91950165e-06,6.39535215e-05,2.06761338e-04,2.89465874e-03,3.14936907e-04,4.72405360e-03,3.13094183e-10,4.38331856e-09,1.73507272e-07,2.60260909e-06,3.83329061e-07,6.13326497e-06,3.13043597e-07,5.32174115e-06,8.31198763e-12,1.49615777e-10,1.51606737e-13,2.57731453e-12,5.55796829e-11,1.00043429e-09,7.17633036e-05,1.43526607e-03
1.53272295e+03,1.00000000e-02,2.12085750e-30,1.52402736e+00,7.10793299e-01,7.10793299e-01,6.97143890e-02,2.78857556e-01,7.10754925e-05,8.52905910e-04,1.91712445e-05,2.49226179e-04,4.32668128e-06,5.62468566e-05,2.06761546e-04,2.89466164e-03,3.15017950e-04,4.72526926e-03,1.05516726e-10,1.47723416e-09,9.24638057e-08,1.38695709e-06,3.83329061e-07,6.13326497e-06,3.13043702e-07,5.32174294e-06,8.95584541e-12,1.61205217e-10,4.60993877e-14,7.83689591e-13,5.49358251e-11,9.88844851e-10,7.17633036e-05,1.43526607e-03
1.65213341e+03,1.00000000e-02,1.00000000e-30,1.52402736e+00,7.10793299e-01,7.10793299e-01,6.97143890e-02,2.78857556e-01,7.10754925e-05,8.52905910e-04,1.97305053e-05,2.56496569e-04,3.76742050e-06,4.89764666e-05,2.06761619e-04,2.89466266e-03,3.15063497e-04,4.72595246e-03,3.26714008e-11,4.57399612e-10,4.69169934e-08,7.03754901e-07,3.83329061e-07,6.13326497e-06,3.13043736e-07,5.32174351e-06,9.64151403e-12,1.73547252e-10,1.27759103e-14,2.17190475e-13,5.42501565e-11,9.76502816e-10,7.17633036e-05,1.43526607e-03
1.78084683e+03,1.00000000e-02,1.00000000e-30,1.52402736e+00,7.10793299e-01,7.10793299e-01,6.97143890e-02,2.78857556e-01,7.10754925e-05,8.52905910e-04,2.02526604e-05,2.63284586e-04,3.24526536e-06,4.21884496e-05,2.06761642e-04,2.89466299e-03,3.15087834e-04,4.72631751e-03,9.23309614e-12,1.29263346e-10,2.25805143e-08,3.38707715e-07,3.83329061e-07,6.13326497e-06,3.13043745e-07,5.32174367e-06,1.03710203e-11,1.86678366e-10,3.20383730e-15,5.44652341e-14,5.35206502e-11,9.63371703e-10,7.17633036e-05,1.43526607e-03
1.91958797e+03,1.00000000e-02,1.00000000e-30,1.52402736e+00,7.10793299e-01,7.10793299e-01,6.97143890e-02,2.78857556e-01,7.10754925e-05,8.52905910e-04,2.07347507e-05,2.69551759e-04,2.76317510e-06,3.59212763e-05,2.06761649e-04,2.89466309e-03,3.15100148e-04,4.72650223e-03,2.36466581e-12,3.31053214e-11,1.02658370e-08,1.53987555e-07,3.83329061e-07,6.13326497e-06,3.13043748e-07,5.32174371e-06,1.11463785e-11,2.00634814e-10,7.21353954e-16,1.22630172e-14,5.27452919e-11,9.49415255e-10,7.17633036e-05,1.43526607e-03
2.06913808e+03,1.00000000e-02,1.00000000e-30,1.52402736e+00,7.10793299e-01,7.10793299e-01,6.97143890e-02,2.78857556e-01,7.10754925e-05,8.52905910e-04,2.11745182e-05,2.75268737e-04,2.32340760e-06,3.02042989e-05,2.06761651e-04,2.89466311e-03,3.15106025e-04,4.72659038e-03,5.44632960e-13,7.62486144e-12,4.38918741e-09,6.58378112e-08,3.83329061e-07,6.13326497e-06,3.13043748e-07,5.32174372e-06,1.19695682e-11,2.15452228e-10,1.44603772e-16,2.45826412e-15,5.19221023e-11,9.34597841e-10,7.17633036e-05,1.43526607e-03
2.23033925e+03,1.00000000e-02,1.00000000e-30,1.52402736e+00,7.10793299e-01,7.10793299e-01,6.97143890e-02,2.78857556e-01,7.10754925e-05,8.52905910e-04,2.15705016e-05,2.80416521e-04,1.92742418e-06,2.50565144e-05,2.06761651e-04,2.89466312e-03,3.15108658e-04,4.72662987e-03,1.11881765e-13,1.56634471e-12,1.75640745e-09,2.63461118e-08,3.83329061e-07,6.13326497e-06,3.13043748e-07,5.32174372e-06,1.28425085e-11,2.31165154e-10,2.55760858e-17,4.34793459e-16,5.10491619e-11,9.18884915e-10,7.17633036e-05,1.43526607e-03
2.40409918e+03,1.00000000e-02,1.00000000e-30,1.52402736e+00,7.10793299e-01,7.10793299e-01,6.97143890e-02,2.78857556e-01,7.10754925e-05,8.52905910e-04,2.19221038e-05,2.84987349e-04,1.57582201e-06,2.04856861e-05,2.06761651e-04,2.89466312e-03,3.15109760e-04,4.72664640e-03,2.03172685e-14,2.84441759e-13,6.54452360e-10,9.81678541e-09,3.83329061e-07,6.13326497e-06,3.13043748e-07,5.32174372e-06,1.37670286e-11,2.47806515e-10,3.95252887e-18,6.71929908e-17,5.01246419e-11,9.02243553e-10,7.17633036e-05,1.43526607e-03
2.59139630e+03,1.00000000e-02,1.00000000e-30,1.52402736e+00,7.10793299e-01,7.10793299e-01,6.97143890e-02,2.78857556e-01,7.10754925e-05,8.52905910e-04,2.22296245e-05,2.88985118e-04,1.26830134e-06,1.64879174e-05,2.06761651e-04,2.89466312e-03,3.15110188e-04,4.72665283e-03,3.23035517e-15,4.52249724e-14,2.25802235e-10,3.38703352e-09,3.83329061e-07,6.13326497e-06,3.13043748e-07,5.32174372e-06,1.47448336e-11,2.65407006e-10,5.28124601e-19,8.97811822e-18,4.91468368e-11,8.84643063e-10,7.17633036e-05,1.43526607e-03
2.79328525e+03,1.00000000e-02,1.00000000e-30,1.52402736e+00,7.10793299e-01,7.10793299e-01,6.97143890e-02,2.78857556e-01,7.10754925e-05,8.52905910e-04,2.24942528e-05,2.92425286e-04,1.00367304e-06,1.30477496e-05,2.06761651e-04,2.89466312e-03,3.15110343e-04,4.72665514e-03,4.45057995e-16,6.23081193e-15,7.17089624e-11,1.07563444e-09,3.83329061e-07,6.13326497e-06,3.13043748e-07,5.32174372e-06,1.57774663e-11,2.83994394e-10,6.03246868e-20,1.02551968e-18,4.81142042e-11,8.66055675e-10,7.17633036e-05,1.43526607e-03
3.01090284e+03,1.00000000e-02,1.00000000e-30,1.52402736e+00,7.10793299e-01,7.10793299e-01,6.97143890e-02,2.78857556e-01,7.10754925e-05,8.52905910e-04,2.27180161e-05,2.95334209e-04,7.79909708e-07,1.01388262e-05,2.06761651e-04,2.89466312e-03,3.15110393e-04,4.72665590e-03,5.25433344e-17,7.35606682e-16,2.08261359e-11,3.12392038e-10,3.83329061e-07,6.13326497e-06,3.13043748e-07,5.32174372e-06,1.68662639e-11,3.03592750e-10,5.81897091e-21,9.89225054e-20,4.70254066e-11,8.46457319e-10,7.17633036e-05,1.43526607e-03
3.24547446e+03,1.00000000e-02,1.00000000e-30,1.52402736e+00,7.10793299e-01,7.10793299e-01,6.97143890e-02,2.78857556e-01,7.10754925e-05,8.52905910e-04,2.29036859e-05,2.97747917e-04,5.94239884e-07,7.72511849e-06,2.06761651e-04,2.89466312e-03,3.15110409e-04,4.72665613e-03,5.25204223e-18,7.35285912e-17,5.49300994e-12,8.23951490e-11,3.83329061e-07,6.13326497e-06,3.13043748e-07,5.32174372e-06,1.80123101e-11,3.24221582e-10,4.67810972e-22,7.95278653e-21,4.58793604e-11,8.25828486e-10,7.17633036e-05,1.43526607e-03
3.49832094e+03,1.00000000e-02,1.00000000e-30,1.52402736e+00,7.10793299e-01,7.10793299e-01,6.97143890e-02,2.78857556e-01,7.10754925e-05,8.52905910e-04,2.30546441e-05,2.99710374e-04,4.43281663e-07,5.76266161e-06,2.06761651e-04,2.89466312e-03,3.15110413e-04,4.72665619e-03,4.38750132e-19,6.14250184e-18,1.30592890e-12,1.95889336e-11,3.83329061e-07,6.13326497e-06,3.13043748e-07,5.32174372e-06,1.92163830e-11,3.45894895e-10,3.09032541e-23,5.25355320e-22,4.46752875e-11,8.04155174e-10,7.17633036e-05,1.43526607e-03
3.77086603e+03,1.00000000e-02,1.00000000e-30,1.52402736e+00,7.10793299e-01,7.10793299e-01,6.97143890e-02,2.78857556e-01,7.10754925e-05,8.52905910e-04,2.31747182e-05,3.01271337e-04,3.23207569e-07,4.20169839e-06,2.06761651e-04,2.89466312e-03,3.15110414e-04,4.72665621e-03,3.02075351e-20,4.22905491e-19,2.77602321e-13,4.16403481e-12,3.83329061e-07,6.13326497e-06,3.13043748e-07,5.32174372e-06,2.04788976e-11,3.68620157e-10,1.65198053e-24,2.80836690e-23,4.34127729e-11,7.81429912e-10,7.17633036e-05,1.43526607e-03
4.06464440e+03,1.00000000e-02,1.00000000e-30,1.52402736e+00,7.10793299e-01,7.10793299e-01,6.97143890e-02,2.78857556e-01,7.10754925e-05,8.52905910e-04,2.32679964e-05,3.02483953e-04,2.29929408e-07,2.98908230e-06,2.06761651e-04,2.89466312e-03,3.15110414e-04,4.72665621e-03,1.68840192e-21,2.36376268e-20,5.23039159e-14,7.84558739e-13,3.83329061e-07,6.13326497e-06,3.13043748e-07,5.32174372e-06,2.17998448e-11,3.92397206e-10,7.02919354e-26,1.19496290e-24,4.20918257e-11,7.57652863e-10,7.17633036e-05,1.43526607e-03
4.38131027e+03,1.00000000e-02,1.00000000e-30,1.52402736e+00,7.10793299e-01,7.10793299e-01,6.97143890e-02,2.78857556e-01,7.10754925e-05,8.52905910e-04,2.33386367e-05,3.03402277e-04,1.59289088e-07,2.07075815e-06,2.06761651e-04,2.89466312e-03,3.15110414e-04,4.72665621e-03,7.53785290e-23,1.05529941e-21,8.65308725e-15,1.29796309e-13,3.83329061e-07,6.13326497e-06,3.13043748e-07,5.32174372e-06,2.31787271e-11,4.17217088e-10,2.33877983e-27,3.97592571e-26,4.07129434e-11,7.32832981e-10,7.17633036e-05,1.43526607e-03
4.72264677e+03,1.00000000e-02,1.00000000e-30,1.52402736e+00,7.10793299e-01,7.10793299e-01,6.97143890e-02,2.78857556e-01,7.10754925e-05,8.52905910e-04,2.33906854e-05,3.04078910e-04,1.07240401e-07,1.39412522e-06,2.06761651e-04,2.89466312e-03,3.15110414e-04,4.72665621e-03,2.64134897e-24,3.69788856e-23,1.24432513e-15,1.86648770e-14,3.83329061e-07,6.13326497e-06,3.13043748e-07,5.32174372e-06,2.46144914e-11,4.43060846e-10,5.96940791e-29,1.01479935e-27,3.92771791e-11,7.06989223e-10,7.17633036e-05,1.43526607e-03
5.09057590e+03,1.00000000e-02,1.00000000e-30,1.52402736e+00,7.10793299e-01,7.10793299e-01,6.97143890e-02,2.78857556e-01,7.10754925e-05,8.52905910e-04,2.34279184e-05,3.04562939e-04,7.00074396e-08,9.10096715e-07,2.06761651e-04,2.89466312e-03,3.15110414e-04,4.72665621e-03,7.12878868e-26,9.98030415e-25,1.53843912e-16,2.30765868e-15,3.83329061e-07,6.13326497e-06,3.13043748e-07,5.32174372e-06,2.61054611e-11,4.69898299e-10,1.14488463e-30,1.94630387e-29,3.77862094e-11,6.80151769e-10,7.17633036e-05,1.43526607e-03
5.48716944e+03,1.00000000e-02,1.00000000e-30,1.52402736e+00,7.10793299e-01,7.10793299e-01,6.97143890e-02,2.78857556e-01,7.10754925e-05,8.52905910e-04,2.34537179e-05,3.04898332e-04,4.42079524e-08,5.74703381e-07,2.06761651e-04,2.89466312e-03,3.15110414e-04,4.72665621e-03,1.45205229e-27,2.03287321e-26,1.61621118e-17,2.42431677e-16,3.83329061e-07,6.13326497e-06,3.13043748e-07,5.32174372e-06,2.76492680e-11,4.97686824e-10,1.61365247e-32,2.74320921e-31,3.62424025e-11,6.52363244e-10,7.17633036e-05,1.43526607e-03
5.91466054e+03,1.00000000e-02,1.00000000e-30,1.52402736e+00,7.10793299e-01,7.10793299e-01,6.97143890e-02,2.78857556e-01,7.10754925e-05,8.52905910e-04,2.34709917e-05,3.05122892e-04,2.69341248e-08,3.50143622e-07,2.06761651e-04,2.89466312e-03,3.15110414e-04,4.72665621e-03,2.18375038e-29,3.05725053e-28,1.42454602e-18,2.13681904e-17,3.83329061e-07,6.13326497e-06,3.13043748e-07,5.32174372e-06,2.92427879e-11,5.26370183e-10,1.63174877e-34,2.77397290e-33,3.46488826e-11,6.23679886e-10,7.17633036e-05,1.43526607e-03
6.37545637e+03,1.00000000e-02,1.00000000e-30,1.52402736e+00,7.10793299e-01,7.10793299e-01,6.97143890e-02,2.78857556e-01,7.10754925e-05,8.52905910e-04,2.34821373e-05,3.05267786e-04,1.57884560e-08,2.05249927e-07,2.06761651e-04,2.89466312e-03,3.15110414e-04,4.72665621e-03,2.36736901e-31,3.31431662e-30,1.03908820e-19,1.55863230e-18,3.83329061e-07,6.13326497e-06,3.13043748e-07,5.32174372e-06,3.08820804e-11,5.55877448e-10,1.15305749e-36,1.96019773e-35,3.30095901e-11,5.94172621e-10,7.17633036e-05,1.43526607e-03
6.87215161e+03,1.00000000e-02,1.00000000e-30,1.52402736e+00,7.10793299e-01,7.10793299e-01,6.97143890e-02,2.78857556e-01,7.10754925e-05,8.52905910e-04,2.34890480e-05,3.05357624e-04,8.87777713e-09,1.15411103e-07,2.06761651e-04,2.89466312e-03,3.15110414e-04,4.72665621e-03,1.80239569e-33,2.52335397e-32,6.17983445e-21,9.26975168e-20,3.83329061e-07,6.13326497e-06,3.13043748e-07,5.32174372e-06,3.25623376e-11,5.86122076e-10,5.53286286e-39,9.40586686e-38,3.13293329e-11,5.63927993e-10,7.17633036e-05,1.43526607e-03
7.40754307e+03,1.00000000e-02,1.00000000e-30,1.52402736e+00,7.10793299e-01,7.10793299e-01,6.97143890e-02,2.78857556e-01,7.10754925e-05,8.52905910e-04,2.34931528e-05,3.05410987e-04,4.77298045e-09,6.20487458e-08,2.06761651e-04,2.89466312e-03,3.15110414e-04,4.72665621e-03,9.37148013e-36,1.31200722e-34,2.94995445e-22,4.42493167e-21,3.83329061e-07,6.13326497e-06,3.13043748e-07,5.32174372e-06,3.42778442e-11,6.17001195e-10,1.74743231e-41,2.97063492e-40,2.96138263e-11,5.33048874e-10,7.17633036e-05,1.43526607e-03
7.98464550e+03,1.00000000e-02,1.00000000e-30,1.52402736e+00,7.10793299e-01,7.10793299e-01,6.97143890e-02,2.78857556e-01,7.10754925e-05,8.52905910e-04,2.34954808e-05,3.05441251e-04,2.44499450e-09,3.17849284e-08,2.06761651e-04,2.89466312e-03,3.15110414e-04,4.72665621e-03,3.23547716e-38,4.52966802e-37,1.11104411e-23,1.66656616e-22,3.83329061e-07,6.13326497e-06,3.13043748e-07,5.32174372e-06,3.60219540e-11,6.48395172e-10,3.52558292e-44,5.99349096e-43,2.78697165e-11,5.01654897e-10,7.17633036e-05,1.43526607e-03
8.60670847e+03,1.00000000e-02,1.00000000e-30,1.52402736e+00,7.10793299e-01,7.10793299e-01,6.97143890e-02,2.78857556e-01,7.10754925e-05,8.52905910e-04,2.34967369e-05,3.05457580e-04,1.18886761e-09,1.54552789e-08,2.06761651e-04,2.89466312e-03,3.15110414e-04,4.72665621e-03,7.17326910e-41,1.00425767e-39,3.24113607e-25,4.86170411e-24,3.83329061e-07,6.13326497e-06,3.13043748e-07,5.32174372e-06,3.77870861e-11,6.80167549e-10,4.37699876e-47,7.44089790e-46,2.61045844e-11,4.69882520e-10,7.17633036e-05,1.43526607e-03
9.27723476e+03,1.00000000e-02,1.00000000e-30,1.52402736e+00,7.10793299e-01,7.10793299e-01,6.97143890e-02,2.78857556e-01,7.10754925e-05,8.52905910e-04,2.34973793e-05,3.05465931e-04,5.46503089e-10,7.10454016e-09,2.06761651e-04,2.89466312e-03,3.15110414e-04,4.72665621e-03,9.90009985e-44,1.38601398e-42,7.17986239e-27,1.07697936e-25,3.83329061e-07,6.13326497e-06,3.13043748e-07,5.32174372e-06,3.95647454e-11,7.12165417e-10,3.23723313e-50,5.50329633e-49,2.43269251e-11,4.37884652e-10,7.17633036e-05,1.43526607e-03
1.00000000e+04,1.00000000e-02,1.00000000e-30,1.52402736e+00,7.10793299e-01,7.10793299e-01,6.97143890e-02,2.78857556e-01,7.10754925e-05,8.52905910e-04,2.34976893e-05,3.05469962e-04,2.36458432e-10,3.07395961e-09,2.06761651e-04,2.89466312e-03,3.15110414e-04,4.72665621e-03,8.18143332e-47,1.14540067e-45,1.18200706e-28,1.77301059e-27,3.83329061e-07,6.13326497e-06,3.13043748e-07,5.32174372e-06,4.13455729e-11,7.44220312e-10,1.36607516e-53,2.32232777e-52,2.25460976e-11,4.05829756e-10,7.17633036e-05,1.43526607e-03
