time,t9,rho,R15_14,Y_h1,X_h1,Y_he4,X_he4,Y_c12,X_c12,Y_c13,X_c13,Y_n13,X_n13,Y_n14,X_n14,Y_n15,X_n15,Y_o14,X_o14,Y_o15,X_o15,Y_o16,X_o16,Y_o17,X_o17,Y_o18,X_o18,Y_f17,X_f17,Y_f18,X_f18,Y_ne20,X_ne20
0.00000000e+00,2.00000000e-01,1.50000000e+04,3.67647059e-03,7.12941125e-01,7.12941125e-01,6.91377283e-02,2.76550913e-01,1.89972106e-04,2.27966527e-03,2.13235956e-06,2.77206743e-05,0.00000000e+00,0.00000000e+00,5.71014320e-05,7.99420047e-04,2.09931735e-07,3.14897603e-06,0.00000000e+00,0.00000000e+00,0.00000000e+00,0.00000000e+00,3.62073936e-04,5.79318297e-03,1.37916336e-07,2.34457772e-06,7.25875455e-07,1.30657582e-05,0.00000000e+00,0.00000000e+00,0.00000000e+00,0.00000000e+00,7.17611355e-05,1.43522271e-03
1.00000000e-09,2.00000000e-01,1.50000000e+04,3.68357509e-03,7.12941124e-01,7.12941124e-01,6.91377292e-02,2.76550917e-01,1.89972303e-04,2.27966764e-03,2.13235888e-06,2.77206655e-05,1.96074484e-11,2.54896829e-10,5.71014280e-05,7.99419992e-04,2.10332658e-07,3.15498988e-06,2.36770761e-19,3.31479066e-18,4.73939555e-12,7.10909332e-11,3.62073935e-04,5.79318296e-03,1.37916229e-07,2.34457589e-06,7.25253819e-07,1.30545687e-05,4.70726993e-13,8.00235889e-12,2.15128383e-16,3.87231089e-15,7.17611355e-05,1.43522271e-03
1.06553795e-09,2.00000000e-01,1.50000000e+04,3.68404013e-03,7.12941124e-01,7.12941124e-01,6.91377292e-02,2.76550917e-01,1.89972316e-04,2.27966779e-03,2.13235884e-06,2.77206649e-05,2.08924810e-11,2.71602253e-10,5.71014277e-05,7.99419988e-04,2.10358901e-07,3.15538352e-06,2.68822691e-19,3.76351768e-18,5.05000581e-12,7.57500871e-11,3.62073935e-04,5.79318296e-03,1.37916222e-07,2.34457577e-06,7.25213097e-07,1.30538357e-05,5.01577476e-13,8.52681709e-12,2.29227441e-16,4.12609394e-15,7.17611355e-05,1.43522271e-03
1.13537112e-09,2.00000000e-01,1.50000000e+04,3.68453556e-03,7.12941124e-01,7.12941124e-01,6.91377293e-02,2.76550917e-01,1.89972330e-04,2.27966796e-03,2.13235879e-06,2.77206643e-05,2.22617322e-11,2.89402519e-10,5.71014275e-05,7.99419985e-04,2.10386859e-07,3.15580289e-06,3.05213528e-19,4.27298940e-18,5.38097282e-12,8.07145923e-11,3.62073935e-04,5.79318296e-03,1.37916214e-07,2.34457564e-06,7.25169709e-07,1.30530548e-05,5.34449835e-13,9.08564720e-12,2.44250521e-16,4.39650938e-15,7.17611355e-05,1.43522271e-03
1.20978102e-09,2.00000000e-01,1.50000000e+04,3.68506338e-03,7.12941123e-01,7.12941123e-01,6.91377294e-02,2.76550917e-01,1.89972345e-04,2.27966814e-03,2.13235874e-06,2.77206636e-05,2.37207214e-11,3.08369378e-10,5.71014272e-05,7.99419981e-04,2.10416645e-07,3.15624967e-06,3.46530635e-19,4.85142890e-18,5.73363074e-12,8.60044611e-11,3.62073935e-04,5.79318296e-03,1.37916206e-07,2.34457550e-06,7.25123479e-07,1.30522226e-05,5.69476582e-13,9.68110190e-12,2.60258180e-16,4.68464725e-15,7.17611355e-05,1.43522271e-03
1.28906759e-09,2.00000000e-01,1.50000000e+04,3.68562569e-03,7.12941123e-01,7.12941123e-01,6.91377294e-02,2.76550918e-01,1.89972360e-04,2.27966832e-03,2.13235869e-06,2.77206629e-05,2.52753299e-11,3.28579288e-10,5.71014269e-05,7.99419976e-04,2.10448376e-07,3.15672565e-06,3.93440887e-19,5.50817242e-18,6.10940113e-12,9.16410169e-11,3.62073935e-04,5.79318296e-03,1.37916198e-07,2.34457536e-06,7.25074224e-07,1.30513360e-05,6.06798910e-13,1.03155815e-11,2.77314946e-16,4.99166903e-15,7.17611355e-05,1.43522271e-03
1.37355044e-09,2.00000000e-01,1.50000000e+04,3.68622474e-03,7.12941123e-01,7.12941123e-01,6.91377295e-02,2.76550918e-01,1.89972377e-04,2.27966853e-03,2.13235863e-06,2.77206622e-05,2.69318243e-11,3.50113716e-10,5.71014265e-05,7.99419971e-04,2.10482181e-07,3.15723272e-06,4.46701435e-19,6.25382009e-18,6.50979873e-12,9.76469810e-11,3.62073935e-04,5.79318296e-03,1.37916189e-07,2.34457520e-06,7.25021744e-07,1.30503914e-05,6.46567267e-13,1.09916435e-11,2.95489575e-16,5.31881235e-15,7.17611355e-05,1.43522271e-03
1.46357012e-09,2.00000000e-01,1.50000000e+04,3.68686292e-03,7.12941123e-01,7.12941123e-01,6.91377296e-02,2.76550918e-01,1.89972395e-04,2.27966874e-03,2.13235857e-06,2.77206614e-05,2.86968822e-11,3.73059469e-10,5.71014262e-05,7.99419966e-04,2.10518194e-07,3.15777291e-06,5.07171926e-19,7.10040696e-18,6.93643758e-12,1.04046564e-10,3.62073935e-04,5.79318296e-03,1.37916179e-07,2.34457504e-06,7.24965828e-07,1.30493849e-05,6.88941960e-13,1.17120133e-11,3.14855328e-16,5.66739590e-15,7.17611355e-05,1.43522271e-03
1.55948950e-09,2.00000000e-01,1.50000000e+04,3.68754277e-03,7.12941123e-01,7.12941123e-01,6.91377297e-02,2.76550919e-01,1.89972414e-04,2.27966897e-03,2.13235850e-06,2.77206605e-05,3.05776186e-11,3.97509041e-10,5.71014258e-05,7.99419961e-04,2.10556559e-07,3.15834839e-06,5.75828378e-19,8.06159729e-18,7.39103745e-12,1.10865562e-10,3.62073935e-04,5.79318296e-03,1.37916168e-07,2.34457486e-06,7.24906253e-07,1.30483126e-05,7.34093804e-13,1.24795947e-11,3.35490269e-16,6.03882484e-15,7.17611355e-05,1.43522271e-03
1.66169525e-09,2.00000000e-01,1.50000000e+04,3.68826702e-03,7.12941123e-01,7.12941123e-01,6.91377297e-02,2.76550919e-01,1.89972434e-04,2.27966921e-03,2.13235843e-06,2.77206596e-05,3.25816147e-11,4.23560991e-10,5.71014254e-05,7.99419956e-04,2.10597429e-07,3.15896143e-06,6.53778935e-19,9.15290509e-18,7.87543087e-12,1.18131463e-10,3.62073935e-04,5.79318296e-03,1.37916157e-07,2.34457468e-06,7.24842779e-07,1.30471700e-05,7.82204807e-13,1.32974817e-11,3.57477578e-16,6.43459640e-15,7.17611355e-05,1.43522271e-03
1.77059935e-09,2.00000000e-01,1.50000000e+04,3.68903854e-03,7.12941123e-01,7.12941123e-01,6.91377298e-02,2.76550919e-01,1.89972456e-04,2.27966947e-03,2.13235836e-06,2.77206586e-05,3.47169489e-11,4.51320335e-10,5.71014250e-05,7.99419949e-04,2.10640966e-07,3.15961449e-06,7.42281752e-19,1.03919445e-17,8.39157044e-12,1.25873557e-10,3.62073935e-04,5.79318296e-03,1.37916146e-07,2.34457448e-06,7.24775150e-07,1.30459527e-05,8.33468907e-13,1.41689714e-11,3.80905884e-16,6.85630592e-15,7.17611355e-05,1.43522271e-03
1.88664080e-09,2.00000000e-01,1.50000000e+04,3.68986041e-03,7.12941123e-01,7.12941123e-01,6.91377299e-02,2.76550920e-01,1.89972479e-04,2.27966974e-03,2.13235828e-06,2.77206576e-05,3.69922287e-11,4.80898973e-10,5.71014245e-05,7.99419943e-04,2.10687344e-07,3.16031016e-06,8.42765299e-19,1.17987142e-17,8.94153673e-12,1.34123051e-10,3.62073935e-04,5.79318296e-03,1.37916133e-07,2.34457427e-06,7.24703097e-07,1.30446557e-05,8.88092751e-13,1.50975768e-11,4.05869629e-16,7.30565332e-15,7.17611355e-05,1.43522271e-03
2.01028738e-09,2.00000000e-01,1.50000000e+04,3.69073590e-03,7.12941123e-01,7.12941123e-01,6.91377300e-02,2.76550920e-01,1.89972503e-04,2.27967004e-03,2.13235819e-06,2.77206565e-05,3.94166260e-11,5.12416139e-10,5.71014240e-05,7.99419936e-04,2.10736748e-07,3.16105122e-06,9.56851425e-19,1.33959199e-17,9.52754667e-12,1.42913200e-10,3.62073935e-04,5.79318296e-03,1.37916120e-07,2.34457404e-06,7.24626329e-07,1.30432739e-05,9.46296529e-13,1.60870410e-11,4.32469440e-16,7.78444991e-15,7.17611355e-05,1.43522271e-03
2.14203749e-09,2.00000000e-01,1.50000000e+04,3.69166849e-03,7.12941123e-01,7.12941123e-01,6.91377301e-02,2.76550921e-01,1.89972529e-04,2.27967035e-03,2.13235810e-06,2.77206554e-05,4.19999137e-11,5.45998878e-10,5.71014235e-05,7.99419929e-04,2.10789374e-07,3.16184061e-06,1.08638153e-18,1.52093414e-17,1.01519625e-11,1.52279438e-10,3.62073935e-04,5.79318296e-03,1.37916106e-07,2.34457380e-06,7.24544539e-07,1.30418017e-05,1.00831486e-12,1.71413527e-11,4.60812540e-16,8.29462573e-15,7.17611355e-05,1.43522271e-03
2.28242224e-09,2.00000000e-01,1.50000000e+04,3.69266189e-03,7.12941123e-01,7.12941123e-01,6.91377303e-02,2.76550921e-01,1.89972557e-04,2.27967069e-03,2.13235801e-06,2.77206541e-05,4.47525052e-11,5.81782567e-10,5.71014229e-05,7.99419921e-04,2.10845431e-07,3.16268146e-06,1.23344627e-18,1.72682478e-17,1.08173013e-11,1.62259519e-10,3.62073935e-04,5.79318296e-03,1.37916091e-07,2.34457354e-06,7.24457399e-07,1.30402332e-05,1.07439775e-12,1.82647618e-11,4.91013182e-16,8.83823727e-15,7.17611355e-05,1.43522271e-03
2.43200751e-09,2.00000000e-01,1.50000000e+04,3.69372003e-03,7.12941122e-01,7.12941122e-01,6.91377304e-02,2.76550922e-01,1.89972587e-04,2.27967104e-03,2.13235791e-06,2.77206528e-05,4.76854963e-11,6.19911451e-10,5.71014224e-05,7.99419913e-04,2.10905141e-07,3.16357712e-06,1.40041935e-18,1.96058709e-17,1.15262450e-11,1.72893674e-10,3.62073935e-04,5.79318295e-03,1.37916074e-07,2.34457327e-06,7.24364559e-07,1.30385621e-05,1.14481158e-12,1.94617968e-11,5.23193102e-16,9.41747584e-15,7.17611355e-05,1.43522271e-03
2.59139630e-09,2.00000000e-01,1.50000000e+04,3.69484711e-03,7.12941122e-01,7.12941122e-01,6.91377305e-02,2.76550922e-01,1.89972618e-04,2.27967142e-03,2.13235780e-06,2.77206514e-05,5.08107101e-11,6.60539231e-10,5.71014217e-05,7.99419904e-04,2.10968742e-07,3.16453112e-06,1.58999578e-18,2.22599409e-17,1.22816514e-11,1.84224770e-10,3.62073935e-04,5.79318295e-03,1.37916057e-07,2.34457297e-06,7.24265648e-07,1.30367817e-05,1.21984018e-12,2.07372831e-11,5.57482018e-16,1.00346763e-14,7.17611355e-05,1.43522271e-03
2.76123110e-09,2.00000000e-01,1.50000000e+04,3.69604761e-03,7.12941122e-01,7.12941122e-01,6.91377307e-02,2.76550923e-01,1.89972652e-04,2.27967183e-03,2.13235768e-06,2.77206499e-05,5.41407445e-11,7.03829679e-10,5.71014211e-05,7.99419895e-04,2.11036484e-07,3.16554726e-06,1.80523539e-18,2.52732955e-17,1.30865655e-11,1.96298483e-10,3.62073935e-04,5.79318295e-03,1.37916039e-07,2.34457266e-06,7.24160269e-07,1.30348848e-05,1.29978601e-12,2.20963621e-11,5.94018147e-16,1.06923266e-14,7.17611355e-05,1.43522271e-03
2.94219653e-09,2.00000000e-01,1.50000000e+04,3.69732625e-03,7.12941122e-01,7.12941122e-01,6.91377308e-02,2.76550923e-01,1.89972688e-04,2.27967226e-03,2.13235756e-06,2.77206483e-05,5.76890233e-11,7.49957302e-10,5.71014203e-05,7.99419885e-04,2.11108636e-07,3.16662954e-06,2.04961226e-18,2.86945717e-17,1.39442321e-11,2.09163482e-10,3.62073934e-04,5.79318295e-03,1.37916020e-07,2.34457233e-06,7.24048001e-07,1.30328640e-05,1.38497132e-12,2.35445124e-11,6.32948766e-16,1.13930778e-14,7.17611355e-05,1.43522271e-03
3.13502206e-09,2.00000000e-01,1.50000000e+04,3.69868810e-03,7.12941122e-01,7.12941122e-01,6.91377310e-02,2.76550924e-01,1.89972726e-04,2.27967272e-03,2.13235743e-06,2.77206466e-05,6.14698496e-11,7.99108045e-10,5.71014196e-05,7.99419874e-04,2.11185483e-07,3.16778225e-06,2.32707073e-18,3.25789902e-17,1.48581084e-11,2.22871626e-10,3.62073934e-04,5.79318295e-03,1.37915999e-07,2.34457198e-06,7.23928394e-07,1.30307111e-05,1.47573950e-12,2.50875715e-11,6.74430802e-16,1.21397544e-14,7.17611355e-05,1.43522271e-03
3.34048498e-09,2.00000000e-01,1.49999999e+04,3.70013854e-03,7.12941122e-01,7.12941122e-01,6.91377311e-02,2.76550925e-01,1.89972767e-04,2.27967321e-03,2.13235729e-06,2.77206447e-05,6.54984644e-11,8.51480038e-10,5.71014188e-05,7.99419863e-04,2.11267328e-07,3.16900992e-06,2.64208909e-18,3.69892473e-17,1.58318783e-11,2.37478174e-10,3.62073934e-04,5.79318295e-03,1.37915977e-07,2.34457160e-06,7.23800971e-07,1.30284175e-05,1.57245644e-12,2.67317595e-11,7.18631469e-16,1.29353664e-14,7.17611355e-05,1.43522271e-03
3.55941352e-09,2.00000000e-01,1.49999999e+04,3.70168326e-03,7.12941121e-01,7.12941121e-01,6.91377313e-02,2.76550925e-01,1.89972811e-04,2.27967373e-03,2.13235714e-06,2.77206428e-05,6.97911073e-11,9.07284395e-10,5.71014179e-05,7.99419851e-04,2.11354493e-07,3.17031740e-06,2.99975188e-18,4.19965263e-17,1.68694670e-11,2.53042005e-10,3.62073934e-04,5.79318295e-03,1.37915953e-07,2.34457120e-06,7.23665220e-07,1.30259740e-05,1.67551201e-12,2.84837042e-11,7.65728936e-16,1.37831209e-14,7.17611355e-05,1.43522271e-03
3.79269019e-09,2.00000000e-01,1.49999999e+04,3.70332836e-03,7.12941121e-01,7.12941121e-01,6.91377315e-02,2.76550926e-01,1.89972857e-04,2.27967429e-03,2.13235698e-06,2.77206407e-05,7.43650822e-11,9.66746069e-10,5.71014170e-05,7.99419838e-04,2.11447322e-07,3.17170982e-06,3.40583193e-18,4.76816470e-17,1.79750571e-11,2.69625857e-10,3.62073934e-04,5.79318295e-03,1.37915928e-07,2.34457077e-06,7.23520601e-07,1.30233708e-05,1.78532163e-12,3.03504678e-11,8.15913053e-16,1.46864350e-14,7.17611355e-05,1.43522271e-03
4.04125533e-09,2.00000000e-01,1.49999999e+04,3.70508028e-03,7.12941121e-01,7.12941121e-01,6.91377317e-02,2.76550927e-01,1.89972907e-04,2.27967488e-03,2.13235681e-06,2.77206385e-05,7.92388273e-11,1.03010476e-09,5.71014160e-05,7.99419824e-04,2.11546177e-07,3.17319266e-06,3.86688355e-18,5.41363697e-17,1.91531053e-11,2.87296580e-10,3.62073934e-04,5.79318294e-03,1.37915901e-07,2.34457032e-06,7.23366536e-07,1.30205976e-05,1.90232795e-12,3.23395752e-11,8.69386109e-16,1.56489500e-14,7.17611355e-05,1.43522271e-03
4.30611093e-09,2.00000000e-01,1.49999999e+04,3.70694591e-03,7.12941121e-01,7.12941121e-01,6.91377319e-02,2.76550928e-01,1.89972959e-04,2.27967551e-03,2.13235663e-06,2.77206362e-05,8.44319890e-11,1.09761586e-09,5.71014149e-05,7.99419809e-04,2.11651448e-07,3.17477172e-06,4.39034831e-18,6.14648763e-17,2.04083604e-11,3.06125406e-10,3.62073934e-04,5.79318294e-03,1.37915873e-07,2.34456983e-06,7.23202410e-07,1.30176434e-05,2.02700263e-12,3.44590447e-11,9.26363650e-16,1.66745457e-14,7.17611355e-05,1.43522271e-03
4.58832461e-09,2.00000000e-01,1.49999999e+04,3.70893254e-03,7.12941121e-01,7.12941121e-01,6.91377322e-02,2.76550929e-01,1.89973015e-04,2.27967619e-03,2.13235644e-06,2.77206337e-05,8.99655015e-11,1.16955152e-09,5.71014138e-05,7.99419794e-04,2.11763546e-07,3.17645319e-06,4.98467517e-18,6.97854523e-17,2.17458823e-11,3.26188234e-10,3.62073934e-04,5.79318294e-03,1.37915842e-07,2.34456932e-06,7.23027568e-07,1.30144962e-05,2.15984822e-12,3.67174198e-11,9.87075350e-16,1.77673563e-14,7.17611355e-05,1.43522271e-03
4.88903400e-09,2.00000000e-01,1.49999999e+04,3.71104792e-03,7.12941120e-01,7.12941120e-01,6.91377324e-02,2.76550930e-01,1.89973075e-04,2.27967691e-03,2.13235623e-06,2.77206310e-05,9.58616707e-11,1.24620172e-09,5.71014126e-05,7.99419777e-04,2.11882908e-07,3.17824362e-06,5.65945682e-18,7.92323954e-17,2.31710626e-11,3.47565938e-10,3.62073934e-04,5.79318294e-03,1.37915810e-07,2.34456877e-06,7.22841314e-07,1.30111436e-05,2.30140025e-12,3.91238042e-11,1.05176593e-15,1.89317868e-14,7.17611355e-05,1.43522271e-03
5.20945127e-09,2.00000000e-01,1.49999999e+04,3.71330031e-03,7.12941120e-01,7.12941120e-01,6.91377327e-02,2.76550931e-01,1.89973139e-04,2.27967767e-03,2.13235601e-06,2.77206282e-05,1.02144265e-10,1.32787544e-09,5.71014114e-05,7.99419759e-04,2.12009999e-07,3.18014999e-06,6.42558454e-18,8.99581835e-17,2.46896462e-11,3.70344693e-10,3.62073933e-04,5.79318294e-03,1.37915775e-07,2.34456818e-06,7.22642906e-07,1.30075723e-05,2.45222930e-12,4.16878981e-11,1.12069616e-15,2.01725309e-14,7.17611355e-05,1.43522271e-03
5.55086803e-09,2.00000000e-01,1.49999999e+04,3.71569847e-03,7.12941120e-01,7.12941120e-01,6.91377330e-02,2.76550932e-01,1.89973207e-04,2.27967849e-03,2.13235578e-06,2.77206252e-05,1.08838609e-10,1.41490192e-09,5.71014100e-05,7.99419740e-04,2.12145314e-07,3.18217971e-06,7.29542398e-18,1.02135936e-16,2.63077547e-11,3.94616320e-10,3.62073933e-04,5.79318293e-03,1.37915739e-07,2.34456756e-06,7.22431555e-07,1.30037680e-05,2.61294338e-12,4.44200375e-11,1.19414389e-15,2.14945900e-14,7.17611355e-05,1.43522271e-03
5.91466054e-09,2.00000000e-01,1.49999999e+04,3.71825169e-03,7.12941119e-01,7.12941119e-01,6.91377333e-02,2.76550933e-01,1.89973280e-04,2.27967936e-03,2.13235553e-06,2.77206219e-05,1.15971690e-10,1.50763197e-09,5.71014086e-05,7.99419720e-04,2.12289377e-07,3.18434065e-06,8.28301473e-18,1.15962206e-16,2.80319106e-11,4.20478659e-10,3.62073933e-04,5.79318293e-03,1.37915699e-07,2.34456689e-06,7.22206420e-07,1.29997156e-05,2.78419033e-12,4.73312356e-11,1.27240517e-15,2.29032931e-14,7.17611355e-05,1.43522271e-03
6.30229527e-09,2.00000000e-01,1.49999999e+04,3.72096985e-03,7.12941119e-01,7.12941119e-01,6.91377336e-02,2.76550934e-01,1.89973358e-04,2.27968029e-03,2.13235527e-06,2.77206185e-05,1.23572262e-10,1.60643940e-09,5.71014071e-05,7.99419699e-04,2.12442745e-07,3.18664118e-06,9.40429697e-18,1.31660158e-16,2.98690642e-11,4.48035962e-10,3.62073933e-04,5.79318293e-03,1.37915658e-07,2.34456618e-06,7.21966607e-07,1.29953989e-05,2.96666046e-12,5.04332278e-11,1.35579548e-15,2.44043187e-14,7.17611355e-05,1.43522271e-03
6.71533479e-09,2.00000000e-01,1.49999999e+04,3.72386345e-03,7.12941119e-01,7.12941119e-01,6.91377340e-02,2.76550936e-01,1.89973440e-04,2.27968128e-03,2.13235499e-06,2.77206148e-05,1.31670962e-10,1.71172251e-09,5.71014054e-05,7.99419676e-04,2.12606010e-07,3.18909015e-06,1.06773687e-17,1.49483162e-16,3.18266209e-11,4.77399314e-10,3.62073933e-04,5.79318293e-03,1.37915613e-07,2.34456542e-06,7.21711166e-07,1.29908010e-05,3.16108930e-12,5.37385181e-11,1.44465095e-15,2.60037171e-14,7.17611355e-05,1.43522271e-03
7.15544407e-09,2.00000000e-01,1.49999999e+04,3.72694361e-03,7.12941118e-01,7.12941118e-01,6.91377343e-02,2.76550937e-01,1.89973528e-04,2.27968234e-03,2.13235469e-06,2.77206109e-05,1.40300439e-10,1.82390570e-09,5.71014037e-05,7.99419652e-04,2.12779799e-07,3.19169699e-06,1.21227779e-17,1.69718891e-16,3.39124719e-11,5.08687078e-10,3.62073933e-04,5.79318292e-03,1.37915566e-07,2.34456462e-06,7.21439082e-07,1.29859035e-05,3.36826061e-12,5.72604303e-11,1.53932974e-15,2.77079353e-14,7.17611355e-05,1.43522271e-03
7.62439721e-09,1.99999999e-01,1.49999999e+04,3.73022215e-03,7.12941118e-01,7.12941118e-01,6.91377347e-02,2.76550939e-01,1.89973622e-04,2.27968347e-03,2.13235437e-06,2.77206068e-05,1.49495478e-10,1.94344121e-09,5.71014018e-05,7.99419626e-04,2.12964779e-07,3.19447169e-06,1.37638541e-17,1.92693958e-16,3.61350251e-11,5.42025377e-10,3.62073932e-04,5.79318292e-03,1.37915515e-07,2.34456376e-06,7.21149280e-07,1.29806870e-05,3.58900950e-12,6.10131615e-11,1.64021350e-15,2.95238429e-14,7.17611355e-05,1.43522271e-03
8.12408458e-09,1.99999999e-01,1.49999999e+04,3.73371161e-03,7.12941118e-01,7.12941118e-01,6.91377351e-02,2.76550941e-01,1.89973723e-04,2.27968467e-03,2.13235403e-06,2.77206024e-05,1.59293145e-10,2.07081089e-09,5.71013999e-05,7.99419598e-04,2.13161656e-07,3.19742485e-06,1.56270852e-17,2.18779192e-16,3.85032399e-11,5.77548598e-10,3.62073932e-04,5.79318292e-03,1.37915461e-07,2.34456284e-06,7.20840613e-07,1.29751310e-05,3.82422582e-12,6.50118390e-11,1.74770886e-15,3.14587596e-14,7.17611355e-05,1.43522271e-03
8.65652043e-09,1.99999999e-01,1.49999999e+04,3.73742527e-03,7.12941117e-01,7.12941117e-01,6.91377356e-02,2.76550942e-01,1.89973829e-04,2.27968595e-03,2.13235367e-06,2.77205976e-05,1.69732938e-10,2.20652819e-09,5.71013978e-05,7.99419569e-04,2.13371180e-07,3.20056770e-06,1.77425444e-17,2.48395622e-16,4.10266625e-11,6.15399937e-10,3.62073932e-04,5.79318291e-03,1.37915404e-07,2.34456187e-06,7.20511862e-07,1.29692135e-05,4.07485774e-12,6.92725815e-11,1.86224914e-15,3.35204845e-14,7.17611355e-05,1.43522271e-03
9.22385104e-09,1.99999999e-01,1.49999999e+04,3.74137721e-03,7.12941117e-01,7.12941117e-01,6.91377361e-02,2.76550944e-01,1.89973943e-04,2.27968732e-03,2.13235328e-06,2.77205926e-05,1.80856939e-10,2.35114021e-09,5.71013955e-05,7.99419537e-04,2.13594145e-07,3.20391217e-06,2.01443765e-17,2.82021270e-16,4.37154649e-11,6.55731974e-10,3.62073932e-04,5.79318291e-03,1.37915343e-07,2.34456083e-06,7.20161730e-07,1.29629111e-05,4.34191555e-12,7.38125644e-11,1.98429602e-15,3.57173284e-14,7.17611355e-05,1.43522271e-03
9.82836333e-09,1.99999999e-01,1.49999999e+04,3.74558239e-03,7.12941116e-01,7.12941116e-01,6.91377366e-02,2.76550946e-01,1.89974065e-04,2.27968878e-03,2.13235287e-06,2.77205873e-05,1.92709992e-10,2.50522990e-09,5.71013931e-05,7.99419504e-04,2.13831392e-07,3.20747088e-06,2.28713480e-17,3.20198872e-16,4.65804858e-11,6.98707288e-10,3.62073931e-04,5.79318290e-03,1.37915278e-07,2.34455972e-06,7.19788838e-07,1.29561991e-05,4.62647579e-12,7.86500885e-11,2.11434145e-15,3.80581461e-14,7.17611355e-05,1.43522271e-03
1.04724941e-08,1.99999999e-01,1.49999998e+04,3.75005660e-03,7.12941115e-01,7.12941115e-01,6.91377371e-02,2.76550948e-01,1.89974195e-04,2.27969034e-03,2.13235243e-06,2.77205816e-05,2.05339878e-10,2.66941841e-09,5.71013906e-05,7.99419468e-04,2.14083813e-07,3.21125720e-06,2.59674737e-17,3.63544632e-16,4.96332742e-11,7.44499113e-10,3.62073931e-04,5.79318290e-03,1.37915208e-07,2.34455854e-06,7.19391721e-07,1.29490510e-05,4.92968552e-12,8.38046539e-11,2.25290962e-15,4.05523732e-14,7.17611355e-05,1.43522271e-03
1.11588399e-08,1.99999999e-01,1.49999998e+04,3.75481661e-03,7.12941115e-01,7.12941115e-01,6.91377377e-02,2.76550951e-01,1.89974333e-04,2.27969200e-03,2.13235196e-06,2.77205755e-05,2.18797510e-10,2.84436762e-09,5.71013879e-05,7.99419430e-04,2.14352354e-07,3.21528531e-06,2.94827266e-17,4.12758173e-16,5.28861359e-11,7.93292039e-10,3.62073931e-04,5.79318289e-03,1.37915135e-07,2.34455729e-06,7.18968818e-07,1.29414387e-05,5.25276700e-12,8.92970390e-11,2.40055907e-15,4.32100633e-14,7.17611355e-05,1.43522271e-03
1.18901674e-08,1.99999999e-01,1.49999998e+04,3.75988016e-03,7.12941114e-01,7.12941114e-01,6.91377383e-02,2.76550953e-01,1.89974481e-04,2.27969377e-03,2.13235146e-06,2.77205690e-05,2.33137137e-10,3.03078279e-09,5.71013850e-05,7.99419390e-04,2.14638012e-07,3.21957018e-06,3.34738447e-17,4.68633826e-16,5.63521833e-11,8.45282750e-10,3.62073931e-04,5.79318289e-03,1.37915056e-07,2.34455595e-06,7.18518472e-07,1.29333325e-05,5.59702257e-12,9.51493837e-11,2.55788494e-15,4.60419290e-14,7.17611355e-05,1.43522271e-03
1.26694246e-08,1.99999999e-01,1.49999998e+04,3.76526599e-03,7.12941114e-01,7.12941114e-01,6.91377389e-02,2.76550956e-01,1.89974639e-04,2.27969567e-03,2.13235093e-06,2.77205621e-05,2.48416567e-10,3.22941537e-09,5.71013819e-05,7.99419347e-04,2.14941846e-07,3.22412769e-06,3.80052467e-17,5.32073454e-16,6.00453881e-11,9.00680822e-10,3.62073930e-04,5.79318288e-03,1.37914972e-07,2.34455452e-06,7.18038923e-07,1.29247006e-05,5.96383994e-12,1.01385279e-10,2.72552138e-15,4.90593849e-14,7.17611355e-05,1.43522271e-03
1.34997528e-08,1.99999999e-01,1.49999998e+04,3.77099396e-03,7.12941113e-01,7.12941113e-01,6.91377396e-02,2.76550958e-01,1.89974807e-04,2.27969769e-03,2.13235036e-06,2.77205547e-05,2.64697393e-10,3.44106611e-09,5.71013786e-05,7.99419301e-04,2.15264973e-07,3.22897460e-06,4.31500718e-17,6.04101005e-16,6.39806378e-11,9.59709567e-10,3.62073930e-04,5.79318288e-03,1.37914882e-07,2.34455300e-06,7.17528296e-07,1.29155093e-05,6.35469777e-12,1.08029862e-10,2.90414408e-15,5.22745935e-14,7.17611355e-05,1.43522271e-03
1.43844989e-08,1.99999999e-01,1.49999998e+04,3.77708503e-03,7.12941112e-01,7.12941112e-01,6.91377404e-02,2.76550961e-01,1.89974987e-04,2.27969984e-03,2.13234976e-06,2.77205469e-05,2.82045246e-10,3.66658820e-09,5.71013751e-05,7.99419252e-04,2.15608575e-07,3.23412863e-06,4.89913602e-17,6.85879043e-16,6.81737954e-11,1.02260693e-09,3.62073930e-04,5.79318287e-03,1.37914787e-07,2.34455138e-06,7.16984604e-07,1.29057229e-05,6.77117162e-12,1.15109918e-10,3.09447303e-15,5.57005145e-14,7.17611355e-05,1.43522271e-03
1.53272295e-08,1.99999999e-01,1.49999998e+04,3.78356135e-03,7.12941111e-01,7.12941111e-01,6.91377411e-02,2.76550965e-01,1.89975179e-04,2.27970214e-03,2.13234912e-06,2.77205386e-05,3.00530059e-10,3.90689077e-09,5.71013714e-05,7.99419200e-04,2.15973900e-07,3.23960850e-06,5.56233935e-17,7.78727508e-16,7.26417636e-11,1.08962645e-09,3.62073929e-04,5.79318287e-03,1.37914686e-07,2.34454965e-06,7.16405733e-07,1.28953032e-05,7.21494031e-12,1.22653985e-10,3.29727537e-15,5.93509567e-14,7.17611355e-05,1.43522271e-03
1.63317447e-08,1.99999999e-01,1.49999998e+04,3.79044631e-03,7.12941110e-01,7.12941110e-01,6.91377420e-02,2.76550968e-01,1.89975383e-04,2.27970460e-03,2.13234844e-06,2.77205297e-05,3.20226350e-10,4.16294255e-09,5.71013674e-05,7.99419144e-04,2.16362265e-07,3.24543397e-06,6.31532163e-17,8.84145028e-16,7.74025530e-11,1.16103830e-09,3.62073929e-04,5.79318286e-03,1.37914577e-07,2.34454781e-06,7.15789438e-07,1.28842099e-05,7.68779269e-12,1.30692476e-10,3.51336855e-15,6.32406340e-14,7.17611355e-05,1.43522271e-03
1.74020937e-08,1.99999999e-01,1.49999997e+04,3.79776457e-03,7.12941110e-01,7.12941110e-01,6.91377429e-02,2.76550971e-01,1.89975602e-04,2.27970722e-03,2.13234771e-06,2.77205202e-05,3.41213517e-10,4.43577572e-09,5.71013632e-05,7.99419085e-04,2.16775059e-07,3.25162588e-06,7.17023642e-17,1.00383310e-15,8.24753544e-11,1.23713032e-09,3.62073928e-04,5.79318285e-03,1.37914462e-07,2.34454586e-06,7.15133336e-07,1.28724001e-05,8.19163484e-12,1.39257792e-10,3.74362357e-15,6.73852242e-14,7.17611355e-05,1.43522271e-03
1.85425913e-08,1.99999999e-01,1.49999997e+04,3.80554215e-03,7.12941109e-01,7.12941109e-01,6.91377438e-02,2.76550975e-01,1.89975835e-04,2.27971002e-03,2.13234693e-06,2.77205101e-05,3.63576166e-10,4.72649016e-09,5.71013587e-05,7.99419022e-04,2.17213747e-07,3.25820620e-06,8.14088254e-17,1.13972355e-15,8.78806163e-11,1.31820924e-09,3.62073928e-04,5.79318284e-03,1.37914339e-07,2.34454377e-06,7.14434896e-07,1.28598281e-05,8.72849777e-12,1.48384462e-10,3.98896848e-15,7.18014327e-14,7.17611355e-05,1.43522271e-03
1.97578347e-08,1.99999999e-01,1.49999997e+04,3.81380643e-03,7.12941107e-01,7.12941107e-01,6.91377448e-02,2.76550979e-01,1.89976084e-04,2.27971301e-03,2.13234610e-06,2.77204993e-05,3.87404447e-10,5.03625782e-09,5.71013539e-05,7.99418955e-04,2.17679870e-07,3.26519806e-06,9.24292678e-17,1.29400975e-15,9.36401274e-11,1.40460191e-09,3.62073927e-04,5.79318284e-03,1.37914208e-07,2.34454154e-06,7.13691433e-07,1.28464458e-05,9.30054558e-12,1.58109275e-10,4.25039220e-15,7.65070595e-14,7.17611355e-05,1.43522271e-03
2.10527227e-08,1.99999999e-01,1.49999997e+04,3.82258624e-03,7.12941106e-01,7.12941106e-01,6.91377459e-02,2.76550984e-01,1.89976351e-04,2.27971621e-03,2.13234522e-06,2.77204878e-05,4.12794419e-10,5.36632744e-09,5.71013488e-05,7.99418883e-04,2.18175053e-07,3.27262580e-06,1.04941568e-16,1.46918195e-15,9.97771046e-11,1.49665657e-09,3.62073927e-04,5.79318283e-03,1.37914069e-07,2.34453917e-06,7.12900095e-07,1.28322017e-05,9.91008424e-12,1.68471432e-10,4.52894839e-15,8.15210710e-14,7.17611355e-05,1.43522271e-03
2.24324750e-08,1.99999999e-01,1.49999997e+04,3.83191190e-03,7.12941105e-01,7.12941105e-01,6.91377471e-02,2.76550988e-01,1.89976635e-04,2.27971962e-03,2.13234428e-06,2.77204756e-05,4.39848435e-10,5.71802965e-09,5.71013433e-05,7.99418807e-04,2.18701001e-07,3.28051501e-06,1.19147682e-16,1.66806755e-15,1.06316286e-10,1.59474429e-09,3.62073926e-04,5.79318282e-03,1.37913920e-07,2.34453664e-06,7.12057861e-07,1.28170415e-05,1.05595708e-11,1.79512704e-10,4.82575980e-15,8.68636765e-14,7.17611355e-05,1.43522271e-03
2.39026535e-08,1.99999998e-01,1.49999996e+04,3.84181525e-03,7.12941104e-01,7.12941104e-01,6.91377483e-02,2.76550993e-01,1.89976939e-04,2.27972327e-03,2.13234328e-06,2.77204626e-05,4.68675559e-10,6.09278227e-09,5.71013375e-05,7.99418725e-04,2.19259505e-07,3.28889258e-06,1.35276906e-16,1.89387668e-15,1.13284031e-10,1.69926047e-09,3.62073925e-04,5.79318281e-03,1.37913762e-07,2.34453395e-06,7.11161523e-07,1.28009074e-05,1.12516234e-11,1.91277598e-10,5.14202274e-15,9.25564092e-14,7.17611355e-05,1.43522271e-03
2.54691844e-08,1.99999998e-01,1.49999996e+04,3.85232970e-03,7.12941103e-01,7.12941103e-01,6.91377496e-02,2.76550998e-01,1.89977264e-04,2.27972716e-03,2.13234221e-06,2.77204487e-05,4.99392003e-10,6.49209604e-09,5.71013313e-05,7.99418639e-04,2.19852446e-07,3.29778669e-06,1.53589575e-16,2.15025404e-15,1.20708427e-10,1.81062641e-09,3.62073925e-04,5.79318280e-03,1.37913593e-07,2.34453108e-06,7.10207683e-07,1.27837383e-05,1.19890317e-11,2.03813538e-10,5.47901188e-15,9.86222139e-14,7.17611355e-05,1.43522271e-03
2.71383825e-08,1.99999998e-01,1.49999996e+04,3.86349026e-03,7.12941101e-01,7.12941101e-01,6.91377510e-02,2.76551004e-01,1.89977611e-04,2.27973133e-03,2.13234107e-06,2.77204339e-05,5.32121597e-10,6.91758076e-09,5.71013247e-05,7.99418546e-04,2.20481793e-07,3.30722689e-06,1.74381268e-16,2.44133775e-15,1.28619402e-10,1.92929103e-09,3.62073924e-04,5.79318279e-03,1.37913413e-07,2.34452803e-06,7.09192738e-07,1.27654693e-05,1.27747682e-11,2.17171059e-10,5.83808545e-15,1.05085538e-13,7.17611355e-05,1.43522271e-03
2.89169765e-08,1.99999998e-01,1.49999996e+04,3.87533359e-03,7.12941100e-01,7.12941100e-01,6.91377525e-02,2.76551010e-01,1.89977982e-04,2.27973578e-03,2.13233986e-06,2.77204182e-05,5.66996285e-10,7.37095170e-09,5.71013177e-05,7.99418448e-04,2.21149606e-07,3.31724409e-06,1.97987577e-16,2.77182608e-15,1.37048845e-10,2.05573267e-09,3.62073923e-04,5.79318277e-03,1.37913222e-07,2.34452477e-06,7.08112871e-07,1.27460317e-05,1.36120002e-11,2.31404003e-10,6.22069067e-15,1.11972432e-13,7.17611355e-05,1.43522271e-03
3.08121359e-08,1.99999998e-01,1.49999995e+04,3.88789800e-03,7.12941098e-01,7.12941098e-01,6.91377540e-02,2.76551016e-01,1.89978378e-04,2.27974054e-03,2.13233857e-06,2.77204014e-05,6.04156662e-10,7.85403660e-09,5.71013102e-05,7.99418343e-04,2.21858039e-07,3.32787059e-06,2.24789524e-16,3.14705334e-15,1.46030735e-10,2.19046102e-09,3.62073923e-04,5.79318276e-03,1.37913018e-07,2.34452130e-06,7.06964042e-07,1.27253528e-05,1.45041027e-11,2.46569746e-10,6.62836957e-15,1.19310652e-13,7.17611355e-05,1.43522271e-03
3.28315001e-08,1.99999998e-01,1.49999995e+04,3.90122346e-03,7.12941096e-01,7.12941096e-01,6.91377557e-02,2.76551023e-01,1.89978803e-04,2.27974563e-03,2.13233719e-06,2.77203835e-05,6.43752537e-10,8.36878298e-09,5.71013023e-05,7.99418232e-04,2.22609338e-07,3.33914008e-06,2.55219712e-16,3.57307597e-15,1.55601278e-10,2.33401917e-09,3.62073922e-04,5.79318275e-03,1.37912800e-07,2.34451760e-06,7.05741972e-07,1.27033555e-05,1.54546718e-11,2.62729420e-10,7.06276522e-15,1.27129774e-13,7.17611355e-05,1.43522271e-03
3.49832094e-08,1.99999998e-01,1.49999995e+04,3.91535162e-03,7.12941094e-01,7.12941094e-01,6.91377575e-02,2.76551030e-01,1.89979256e-04,2.27975108e-03,2.13233573e-06,2.77203644e-05,6.85943539e-10,8.91726601e-09,5.71012938e-05,7.99418113e-04,2.23405844e-07,3.35108766e-06,2.89769307e-16,4.05677030e-15,1.65799053e-10,2.48698580e-09,3.62073921e-04,5.79318273e-03,1.37912568e-07,2.34451366e-06,7.04442134e-07,1.26799584e-05,1.64675392e-11,2.79948166e-10,7.52562837e-15,1.35461311e-13,7.17611355e-05,1.43522271e-03
3.72759372e-08,1.99999998e-01,1.49999994e+04,3.93032579e-03,7.12941092e-01,7.12941092e-01,6.91377594e-02,2.76551038e-01,1.89979742e-04,2.27975690e-03,2.13233416e-06,2.77203441e-05,7.30899762e-10,9.50169691e-09,5.71012847e-05,7.99417986e-04,2.24249987e-07,3.36374980e-06,3.28995965e-16,4.60594351e-15,1.76665168e-10,2.64997752e-09,3.62073920e-04,5.79318272e-03,1.37912321e-07,2.34450947e-06,7.03059742e-07,1.26550754e-05,1.75467878e-11,2.98295393e-10,8.01882445e-15,1.44338840e-13,7.17611355e-05,1.43522271e-03
3.97189257e-08,1.99999997e-01,1.49999994e+04,3.94619092e-03,7.12941090e-01,7.12941090e-01,6.91377614e-02,2.76551046e-01,1.89980261e-04,2.27976313e-03,2.13233250e-06,2.77203225e-05,7.78802447e-10,1.01244318e-08,5.71012751e-05,7.99417851e-04,2.25144290e-07,3.37716434e-06,3.73532835e-16,5.22945969e-15,1.88243424e-10,2.82365136e-09,3.62073919e-04,5.79318270e-03,1.37912058e-07,2.34450499e-06,7.01589737e-07,1.26286153e-05,1.86967682e-11,3.17845059e-10,8.54434113e-15,1.53798140e-13,7.17611355e-05,1.43522271e-03
4.23220227e-08,1.99999997e-01,1.49999994e+04,3.96299354e-03,7.12941088e-01,7.12941088e-01,6.91377636e-02,2.76551054e-01,1.89980817e-04,2.27976980e-03,2.13233072e-06,2.77202994e-05,8.29844716e-10,1.07879813e-08,5.71012648e-05,7.99417707e-04,2.26091363e-07,3.39137044e-06,4.24098778e-16,5.93738290e-15,2.00580492e-10,3.00870738e-09,3.62073918e-04,5.79318268e-03,1.37911778e-07,2.34450023e-06,7.00026772e-07,1.26004819e-05,1.99221159e-11,3.38675970e-10,9.10429631e-15,1.63877333e-13,7.17611355e-05,1.43522271e-03
4.50957214e-08,1.99999997e-01,1.49999993e+04,3.98078171e-03,7.12941086e-01,7.12941086e-01,6.91377659e-02,2.76551064e-01,1.89981412e-04,2.27977694e-03,2.13232883e-06,2.77202748e-05,8.84232351e-10,1.14950206e-08,5.71012538e-05,7.99417553e-04,2.27093900e-07,3.40640851e-06,4.81509972e-16,6.74113961e-15,2.13726104e-10,3.20589156e-09,3.62073916e-04,5.79318266e-03,1.37911479e-07,2.34449515e-06,6.98365205e-07,1.25705737e-05,2.12277704e-11,3.60872096e-10,9.70094662e-15,1.74617039e-13,7.17611355e-05,1.43522271e-03
4.80512025e-08,1.99999997e-01,1.49999993e+04,3.99960491e-03,7.12941083e-01,7.12941083e-01,6.91377684e-02,2.76551073e-01,1.89982049e-04,2.27978459e-03,2.13232682e-06,2.77202487e-05,9.42184624e-10,1.22484001e-08,5.71012421e-05,7.99417390e-04,2.28154675e-07,3.42232012e-06,5.46693084e-16,7.65370317e-15,2.27733249e-10,3.41599874e-09,3.62073915e-04,5.79318264e-03,1.37911161e-07,2.34448974e-06,6.96599083e-07,1.25387835e-05,2.26189947e-11,3.84522910e-10,1.03366966e-14,1.86060538e-13,7.17611355e-05,1.43522271e-03
5.12003798e-08,1.99999997e-01,1.49999992e+04,4.01951395e-03,7.12941080e-01,7.12941080e-01,6.91377710e-02,2.76551084e-01,1.89982732e-04,2.27979278e-03,2.13232467e-06,2.77202208e-05,1.00393518e-09,1.30511573e-08,5.71012297e-05,7.99417216e-04,2.29276531e-07,3.43914796e-06,6.20700227e-16,8.68980317e-15,2.42658391e-10,3.63987586e-09,3.62073914e-04,5.79318262e-03,1.37910822e-07,2.34448397e-06,6.94722127e-07,1.25049983e-05,2.41013970e-11,4.09723749e-10,1.10141082e-14,1.98253947e-13,7.17611355e-05,1.43522271e-03
5.45559478e-08,1.99999996e-01,1.49999992e+04,4.04056080e-03,7.12941078e-01,7.12941078e-01,6.91377737e-02,2.76551095e-01,1.89983463e-04,2.27980156e-03,2.13232239e-06,2.77201910e-05,1.06973298e-09,1.39065287e-08,5.71012164e-05,7.99417030e-04,2.30462375e-07,3.45693562e-06,7.04725946e-16,9.86616324e-15,2.58561692e-10,3.87842538e-09,3.62073912e-04,5.79318260e-03,1.37910460e-07,2.34447782e-06,6.92727724e-07,1.24690990e-05,2.56809529e-11,4.36576200e-10,1.17359113e-14,2.11246404e-13,7.17611355e-05,1.43522271e-03
5.81314328e-08,1.99999996e-01,1.49999991e+04,4.06279838e-03,7.12941075e-01,7.12941075e-01,6.91377767e-02,2.76551107e-01,1.89984247e-04,2.27981096e-03,2.13231995e-06,2.77201594e-05,1.13984330e-09,1.48179629e-08,5.71012023e-05,7.99416832e-04,2.31715165e-07,3.47572748e-06,8.00126499e-16,1.12017710e-14,2.75507258e-10,4.13260887e-09,3.62073911e-04,5.79318258e-03,1.37910075e-07,2.34447128e-06,6.90608913e-07,1.24309604e-05,2.73640296e-11,4.65188504e-10,1.25050147e-14,2.25090264e-13,7.17611355e-05,1.43522271e-03
6.19412478e-08,1.99999996e-01,1.49999991e+04,4.08628039e-03,7.12941071e-01,7.12941071e-01,6.91377799e-02,2.76551119e-01,1.89985087e-04,2.27982105e-03,2.13231736e-06,2.77201256e-05,1.21454882e-09,1.57891347e-08,5.71011873e-05,7.99416622e-04,2.33037898e-07,3.49556847e-06,9.08441749e-16,1.27181845e-14,2.93563396e-10,4.40345095e-09,3.62073909e-04,5.79318255e-03,1.37909665e-07,2.34446430e-06,6.88358371e-07,1.23904507e-05,2.91574117e-11,4.95675999e-10,1.33245175e-14,2.39841316e-13,7.17611355e-05,1.43522271e-03
6.60007502e-08,1.99999996e-01,1.49999990e+04,4.11106095e-03,7.12941068e-01,7.12941068e-01,6.91377832e-02,2.76551133e-01,1.89985988e-04,2.27983186e-03,2.13231459e-06,2.77200897e-05,1.29415075e-09,1.68239597e-08,5.71011712e-05,7.99416397e-04,2.34433592e-07,3.51650388e-06,1.03142002e-15,1.44398803e-14,3.12802892e-10,4.69204338e-09,3.62073908e-04,5.79318252e-03,1.37909228e-07,2.34445687e-06,6.85968403e-07,1.23474312e-05,3.10683283e-11,5.28161581e-10,1.41977221e-14,2.55558998e-13,7.17611355e-05,1.43522271e-03
7.03263041e-08,1.99999995e-01,1.49999989e+04,4.13719432e-03,7.12941064e-01,7.12941064e-01,6.91377868e-02,2.76551147e-01,1.89986955e-04,2.27984346e-03,2.13231164e-06,2.77200513e-05,1.37897002e-09,1.79266103e-08,5.71011541e-05,7.99416158e-04,2.35905267e-07,3.53857901e-06,1.17104631e-15,1.63946484e-14,3.33303298e-10,4.99954946e-09,3.62073906e-04,5.79318249e-03,1.37908762e-07,2.34444895e-06,6.83430932e-07,1.23017568e-05,3.31044824e-11,5.62776201e-10,1.51281470e-14,2.72306646e-13,7.17611355e-05,1.43522271e-03
7.49353460e-08,1.99999995e-01,1.49999989e+04,4.16473448e-03,7.12941060e-01,7.12941060e-01,6.91377906e-02,2.76551162e-01,1.89987992e-04,2.27985590e-03,2.13230850e-06,2.77200105e-05,1.46934865e-09,1.91015324e-08,5.71011359e-05,7.99415903e-04,2.37455922e-07,3.56183884e-06,1.32957436e-15,1.86140411e-14,3.55147251e-10,5.32720876e-09,3.62073904e-04,5.79318246e-03,1.37908265e-07,2.34444051e-06,6.80737489e-07,1.22532748e-05,3.52740818e-11,5.99659391e-10,1.61195413e-14,2.90151744e-13,7.17611355e-05,1.43522271e-03
7.98464550e-08,1.99999995e-01,1.49999988e+04,4.19373468e-03,7.12941056e-01,7.12941056e-01,6.91377947e-02,2.76551179e-01,1.89989105e-04,2.27986926e-03,2.13230515e-06,2.77199670e-05,1.56565103e-09,2.03534635e-08,5.71011165e-05,7.99415631e-04,2.39088510e-07,3.58632765e-06,1.50956301e-15,2.11338821e-14,3.78422803e-10,5.67634205e-09,3.62073902e-04,5.79318243e-03,1.37907736e-07,2.34443152e-06,6.77879203e-07,1.22018257e-05,3.75858723e-11,6.38959829e-10,1.71758996e-14,3.09166193e-13,7.17611355e-05,1.43522271e-03
8.50794280e-08,1.99999994e-01,1.49999987e+04,4.22424686e-03,7.12941051e-01,7.12941051e-01,6.91377990e-02,2.76551196e-01,1.89990300e-04,2.27988360e-03,2.13230159e-06,2.77199207e-05,1.66826549e-09,2.16874514e-08,5.71010959e-05,7.99415342e-04,2.40805901e-07,3.61208852e-06,1.71391749e-15,2.39948449e-14,4.03223778e-10,6.04835667e-09,3.62073900e-04,5.79318239e-03,1.37907173e-07,2.34442194e-06,6.74846797e-07,1.21472424e-05,4.00491727e-11,6.80835935e-10,1.83014782e-14,3.29426607e-13,7.17611355e-05,1.43522271e-03
9.06553593e-08,1.99999994e-01,1.49999986e+04,4.25632107e-03,7.12941047e-01,7.12941047e-01,6.91378036e-02,2.76551214e-01,1.89991583e-04,2.27989900e-03,2.13229779e-06,2.77198713e-05,1.77760578e-09,2.31088752e-08,5.71010738e-05,7.99415034e-04,2.42610854e-07,3.63916280e-06,1.94593637e-15,2.72431092e-14,4.29650148e-10,6.44475221e-09,3.62073897e-04,5.79318236e-03,1.37906572e-07,2.34441173e-06,6.71630580e-07,1.20893504e-05,4.26739126e-11,7.25456514e-10,1.95008120e-14,3.51014617e-13,7.17611355e-05,1.43522271e-03
9.65967258e-08,1.99999994e-01,1.49999986e+04,4.29000468e-03,7.12941042e-01,7.12941042e-01,6.91378084e-02,2.76551234e-01,1.89992962e-04,2.27991555e-03,2.13229374e-06,2.77198186e-05,1.89411281e-09,2.46234665e-08,5.71010504e-05,7.99414705e-04,2.44505965e-07,3.66758947e-06,2.20936476e-15,3.09311066e-14,4.57808435e-10,6.86712652e-09,3.62073895e-04,5.79318232e-03,1.37905932e-07,2.34440085e-06,6.68220445e-07,1.20279680e-05,4.54706725e-11,7.73001433e-10,2.07787332e-14,3.74017198e-13,7.17611355e-05,1.43522271e-03
1.02927477e-07,1.99999993e-01,1.49999985e+04,4.32534160e-03,7.12941036e-01,7.12941036e-01,6.91378136e-02,2.76551255e-01,1.89994444e-04,2.27993333e-03,2.13228943e-06,2.77197625e-05,2.01825638e-09,2.62373330e-08,5.71010253e-05,7.99414355e-04,2.46493628e-07,3.69740442e-06,2.50845478e-15,3.51183669e-14,4.87812144e-10,7.31718217e-09,3.62073892e-04,5.79318227e-03,1.37905250e-07,2.34438926e-06,6.64605868e-07,1.19629056e-05,4.84507262e-11,8.23662346e-10,2.21403902e-14,3.98527024e-13,7.17611355e-05,1.43522271e-03
1.09673133e-07,1.99999993e-01,1.49999984e+04,4.36237128e-03,7.12941031e-01,7.12941031e-01,6.91378192e-02,2.76551277e-01,1.89996037e-04,2.27995245e-03,2.13228483e-06,2.77197028e-05,2.15053711e-09,2.79569825e-08,5.71009987e-05,7.99413982e-04,2.48575975e-07,3.72863962e-06,2.84803421e-15,3.98724790e-14,5.19782220e-10,7.79673330e-09,3.62073889e-04,5.79318223e-03,1.37904524e-07,2.34437691e-06,6.60775913e-07,1.18939664e-05,5.16260864e-11,8.77643470e-10,2.35912687e-14,4.24642836e-13,7.17611355e-05,1.43522271e-03
1.16860886e-07,1.99999992e-01,1.49999982e+04,4.40112769e-03,7.12941024e-01,7.12941024e-01,6.91378251e-02,2.76551300e-01,1.89997751e-04,2.27997301e-03,2.13227993e-06,2.77196391e-05,2.29148845e-09,2.97893499e-08,5.71009703e-05,7.99413584e-04,2.50754814e-07,3.76132221e-06,3.23358443e-15,4.52701821e-14,5.53847531e-10,8.30771296e-09,3.62073886e-04,5.79318218e-03,1.37903750e-07,2.34436375e-06,6.56719236e-07,1.18209463e-05,5.50095531e-11,9.35162403e-10,2.51372134e-14,4.52469842e-13,7.17611355e-05,1.43522271e-03
1.24519708e-07,1.99999992e-01,1.49999981e+04,4.44163805e-03,7.12941018e-01,7.12941018e-01,6.91378313e-02,2.76551325e-01,1.89999595e-04,2.27999514e-03,2.13227471e-06,2.77195713e-05,2.44167883e-09,3.17418248e-08,5.71009400e-05,7.99413161e-04,2.53031563e-07,3.79547344e-06,3.67132890e-15,5.13986046e-14,5.90145392e-10,8.85218087e-09,3.62073883e-04,5.79318213e-03,1.37902925e-07,2.34434972e-06,6.52424096e-07,1.17436337e-05,5.86147650e-11,9.96451006e-10,2.67844520e-14,4.82120137e-13,7.17611355e-05,1.43522271e-03
1.32680475e-07,1.99999991e-01,1.49999980e+04,4.48392146e-03,7.12941011e-01,7.12941011e-01,6.91378380e-02,2.76551352e-01,1.90001579e-04,2.28001894e-03,2.13226915e-06,2.77194990e-05,2.60171395e-09,3.38222813e-08,5.71009078e-05,7.99412709e-04,2.55407164e-07,3.83110746e-06,4.16833361e-15,5.83566705e-14,6.28822117e-10,9.43233175e-09,3.62073880e-04,5.79318208e-03,1.37902046e-07,2.34433478e-06,6.47878371e-07,1.16618107e-05,6.24562550e-11,1.06175634e-09,2.85396198e-14,5.13713157e-13,7.17611355e-05,1.43522271e-03
1.41376081e-07,1.99999991e-01,1.49999979e+04,4.52798742e-03,7.12941004e-01,7.12941004e-01,6.91378451e-02,2.76551380e-01,1.90003714e-04,2.28004457e-03,2.13226323e-06,2.77194220e-05,2.77223925e-09,3.60391102e-08,5.71008735e-05,7.99412228e-04,2.57882003e-07,3.86823005e-06,4.73262119e-15,6.62566966e-14,6.70033609e-10,1.00505041e-08,3.62073876e-04,5.79318202e-03,1.37901110e-07,2.34431886e-06,6.43069577e-07,1.15752524e-05,6.65495081e-11,1.13134164e-09,3.04097866e-14,5.47376158e-13,7.17611355e-05,1.43522271e-03
1.50641580e-07,1.99999990e-01,1.49999977e+04,4.57383408e-03,7.12940996e-01,7.12940996e-01,6.91378526e-02,2.76551411e-01,1.90006014e-04,2.28007217e-03,2.13225691e-06,2.77193399e-05,2.95394250e-09,3.84012525e-08,5.71008369e-05,7.99411716e-04,2.60455808e-07,3.90683712e-06,5.37330041e-15,7.52262058e-14,7.13945988e-10,1.07091898e-08,3.62073872e-04,5.79318196e-03,1.37900112e-07,2.34430190e-06,6.37984896e-07,1.14837281e-05,7.09110244e-11,1.20548742e-09,3.24024848e-14,5.83244727e-13,7.17611355e-05,1.43522271e-03
1.60514320e-07,1.99999989e-01,1.49999976e+04,4.62144635e-03,7.12940988e-01,7.12940988e-01,6.91378606e-02,2.76551443e-01,1.90008492e-04,2.28010190e-03,2.13225019e-06,2.77192524e-05,3.14755659e-09,4.09182356e-08,5.71007979e-05,7.99411170e-04,2.63127538e-07,3.94691307e-06,6.10071325e-15,8.54099855e-14,7.60736260e-10,1.14110439e-08,3.62073868e-04,5.79318189e-03,1.37899048e-07,2.34428382e-06,6.32611210e-07,1.13870018e-05,7.55583853e-11,1.28449255e-09,3.45257402e-14,6.21463324e-13,7.17611355e-05,1.43522271e-03
1.71034100e-07,1.99999989e-01,1.49999974e+04,4.67079384e-03,7.12940979e-01,7.12940979e-01,6.91378692e-02,2.76551477e-01,1.90011161e-04,2.28013393e-03,2.13224302e-06,2.77191592e-05,3.35386248e-09,4.36002123e-08,5.71007563e-05,7.99410588e-04,2.65895268e-07,3.98842902e-06,6.92660185e-15,9.69724259e-14,8.10593033e-10,1.21588955e-08,3.62073864e-04,5.79318182e-03,1.37897915e-07,2.34426456e-06,6.26935144e-07,1.12848326e-05,8.05103243e-11,1.36867551e-09,3.67881038e-14,6.62185869e-13,7.17611355e-05,1.43522271e-03
1.82243324e-07,1.99999988e-01,1.49999973e+04,4.72182862e-03,7.12940969e-01,7.12940969e-01,6.91378782e-02,2.76551513e-01,1.90014038e-04,2.28016846e-03,2.13223538e-06,2.77190600e-05,3.57369238e-09,4.64580010e-08,5.71007120e-05,7.99409968e-04,2.68756059e-07,4.03134088e-06,7.86429810e-15,1.10100173e-13,8.63717273e-10,1.29557591e-08,3.62073859e-04,5.79318175e-03,1.37896708e-07,2.34424404e-06,6.20943114e-07,1.11769761e-05,8.57868030e-11,1.45837565e-09,3.91986863e-14,7.05576353e-13,7.17611355e-05,1.43522271e-03
1.94187178e-07,1.99999987e-01,1.49999971e+04,4.77448260e-03,7.12940960e-01,7.12940960e-01,6.91378879e-02,2.76551551e-01,1.90017140e-04,2.28020567e-03,2.13222724e-06,2.77189542e-05,3.80793309e-09,4.95031301e-08,5.71006648e-05,7.99409308e-04,2.71705808e-07,4.07558712e-06,8.92893891e-15,1.25005145e-13,9.20323116e-10,1.38048467e-08,3.62073854e-04,5.79318167e-03,1.37895422e-07,2.34422217e-06,6.14621388e-07,1.10631850e-05,9.14090908e-11,1.55395454e-09,4.17671946e-14,7.51809503e-13,7.17611355e-05,1.43522271e-03
2.06913808e-07,1.99999986e-01,1.49999969e+04,4.82866504e-03,7.12940949e-01,7.12940949e-01,6.91378981e-02,2.76551592e-01,1.90020483e-04,2.28024580e-03,2.13221857e-06,2.77188414e-05,4.05752959e-09,5.27478847e-08,5.71006146e-05,7.99408604e-04,2.74739103e-07,4.12108654e-06,1.01377106e-14,1.41927948e-13,9.80638735e-10,1.47095810e-08,3.62073849e-04,5.79318158e-03,1.37894051e-07,2.34419887e-06,6.07956160e-07,1.09432109e-05,9.73998514e-11,1.65579747e-09,4.45039709e-14,8.01071477e-13,7.17611355e-05,1.43522271e-03
2.20474515e-07,1.99999985e-01,1.49999967e+04,4.88425951e-03,7.12940938e-01,7.12940938e-01,6.91379089e-02,2.76551636e-01,1.90024090e-04,2.28028908e-03,2.13220933e-06,2.77187213e-05,4.32348891e-09,5.62053558e-08,5.71005610e-05,7.99407854e-04,2.77849051e-07,4.16773577e-06,1.15101263e-14,1.61141768e-13,1.04490725e-09,1.56736088e-08,3.62073843e-04,5.79318149e-03,1.37892591e-07,2.34417405e-06,6.00933629e-07,1.08168053e-05,1.03783234e-10,1.76431497e-09,4.74200341e-14,8.53560615e-13,7.17611355e-05,1.43522271e-03
2.34923963e-07,1.99999984e-01,1.49999965e+04,4.94112089e-03,7.12940926e-01,7.12940926e-01,6.91379205e-02,2.76551682e-01,1.90027979e-04,2.28033575e-03,2.13219948e-06,2.77185933e-05,4.60688412e-09,5.98894936e-08,5.71005039e-05,7.99407055e-04,2.81027105e-07,4.21540657e-06,1.30683413e-14,1.82956778e-13,1.11338772e-09,1.67008158e-08,3.62073837e-04,5.79318140e-03,1.37891035e-07,2.34414759e-06,5.93540101e-07,1.06837218e-05,1.10584969e-10,1.87994447e-09,5.05271241e-14,9.09488234e-13,7.17611355e-05,1.43522271e-03
2.50320398e-07,1.99999983e-01,1.49999962e+04,4.99907209e-03,7.12940913e-01,7.12940913e-01,6.91379327e-02,2.76551731e-01,1.90032175e-04,2.28038609e-03,2.13218899e-06,2.77184569e-05,4.90885877e-09,6.38151640e-08,5.71004431e-05,7.99406203e-04,2.84262875e-07,4.26394313e-06,1.48375104e-14,2.07725146e-13,1.18635618e-09,1.77953427e-08,3.62073831e-04,5.79318130e-03,1.37889377e-07,2.34411941e-06,5.85762092e-07,1.05437177e-05,1.17832476e-10,2.00315208e-09,5.38377487e-14,9.69079476e-13,7.17611355e-05,1.43522271e-03
2.66725884e-07,1.99999982e-01,1.49999960e+04,5.05790065e-03,7.12940900e-01,7.12940900e-01,6.91379457e-02,2.76551783e-01,1.90036700e-04,2.28044040e-03,2.13217782e-06,2.77183116e-05,5.23063145e-09,6.79982089e-08,5.71003783e-05,7.99405296e-04,2.87543934e-07,4.31315901e-06,1.68461946e-14,2.35846724e-13,1.26410675e-09,1.89616012e-08,3.62073824e-04,5.79318119e-03,1.37887610e-07,2.34408937e-06,5.77586463e-07,1.03965563e-05,1.25554968e-10,2.13443446e-09,5.73652339e-14,1.03257421e-12,7.17611355e-05,1.43522271e-03
2.84206552e-07,1.99999981e-01,1.49999957e+04,5.11735526e-03,7.12940885e-01,7.12940885e-01,6.91379594e-02,2.76551838e-01,1.90041582e-04,2.28049898e-03,2.13216590e-06,2.77181568e-05,5.57350077e-09,7.24555101e-08,5.71003092e-05,7.99404329e-04,2.90855615e-07,4.36283422e-06,1.91268219e-14,2.67775506e-13,1.34695282e-09,2.02042923e-08,3.62073817e-04,5.79318108e-03,1.37885728e-07,2.34405737e-06,5.69000554e-07,1.02420100e-05,1.33783576e-10,2.27432079e-09,6.11237773e-14,1.10022799e-12,7.17611355e-05,1.43522271e-03
3.02832867e-07,1.99999980e-01,1.49999955e+04,5.17714206e-03,7.12940870e-01,7.12940870e-01,6.91379740e-02,2.76551896e-01,1.90046848e-04,2.28056217e-03,2.13215321e-06,2.77179918e-05,5.93885061e-09,7.72050580e-08,5.71002356e-05,7.99403299e-04,2.94180803e-07,4.41271205e-06,2.17162111e-14,3.04026956e-13,1.43522834e-09,2.15284251e-08,3.62073810e-04,5.79318096e-03,1.37883722e-07,2.34402327e-06,5.59992349e-07,1.00798623e-05,1.42551469e-10,2.42337497e-09,6.51285049e-14,1.17231309e-12,7.17611355e-05,1.43522271e-03
3.22679912e-07,1.99999978e-01,1.49999952e+04,5.23692112e-03,7.12940854e-01,7.12940854e-01,6.91379895e-02,2.76551958e-01,1.90052527e-04,2.28063032e-03,2.13213969e-06,2.77178160e-05,6.32815573e-09,8.22660244e-08,5.71001572e-05,7.99402201e-04,2.97499730e-07,4.46249595e-06,2.46561667e-14,3.45186334e-13,1.52928911e-09,2.29393367e-08,3.62073802e-04,5.79318083e-03,1.37881585e-07,2.34398694e-06,5.50550652e-07,9.90991173e-06,1.51893991e-10,2.58219784e-09,6.93955318e-14,1.24911957e-12,7.17611355e-05,1.43522271e-03
3.43827692e-07,1.99999977e-01,1.49999948e+04,5.29630289e-03,7.12940837e-01,7.12940837e-01,6.91380059e-02,2.76552023e-01,1.90058650e-04,2.28070380e-03,2.13212528e-06,2.77176287e-05,6.74298773e-09,8.76588405e-08,5.71000737e-05,7.99401032e-04,3.00789771e-07,4.51184657e-06,2.79941536e-14,3.91918151e-13,1.62951428e-09,2.44427142e-08,3.62073793e-04,5.79318069e-03,1.37879307e-07,2.34394823e-06,5.40665284e-07,9.73197511e-06,1.61848801e-10,2.75142961e-09,7.39420266e-14,1.33095648e-12,7.17611355e-05,1.43522271e-03
3.66361454e-07,1.99999976e-01,1.49999945e+04,5.35484478e-03,7.12940819e-01,7.12940819e-01,6.91380232e-02,2.76552093e-01,1.90065251e-04,2.28078301e-03,2.13210993e-06,2.77174291e-05,7.18502149e-09,9.34052794e-08,5.70999847e-05,7.99399785e-04,3.04025247e-07,4.56037870e-06,3.17840642e-14,4.44976899e-13,1.73630783e-09,2.60446174e-08,3.62073784e-04,5.79318055e-03,1.37876881e-07,2.34390698e-06,5.30327299e-07,9.54589139e-06,1.72456027e-10,2.93175247e-09,7.87862801e-14,1.41815304e-12,7.17611355e-05,1.43522271e-03
3.90372033e-07,1.99999974e-01,1.49999941e+04,5.41204803e-03,7.12940800e-01,7.12940800e-01,6.91380415e-02,2.76552166e-01,1.90072363e-04,2.28086836e-03,2.13209357e-06,2.77172164e-05,7.65604191e-09,9.95285449e-08,5.70998898e-05,7.99398457e-04,3.07177246e-07,4.60765869e-06,3.60870886e-14,5.05219241e-13,1.85010020e-09,2.77515031e-08,3.62073774e-04,5.79318039e-03,1.37874295e-07,2.34386302e-06,5.19529223e-07,9.35152601e-06,1.83758428e-10,3.12389328e-09,8.39477785e-14,1.51106001e-12,7.17611355e-05,1.43522271e-03
4.15956216e-07,1.99999972e-01,1.49999938e+04,5.46735502e-03,7.12940780e-01,7.12940780e-01,6.91380609e-02,2.76552244e-01,1.90080024e-04,2.28096028e-03,2.13207614e-06,2.77169898e-05,8.15795120e-09,1.06053366e-07,5.70997887e-05,7.99397042e-04,3.10213467e-07,4.65320200e-06,4.09727031e-14,5.73617843e-13,1.97135007e-09,2.95702511e-08,3.62073764e-04,5.79318023e-03,1.37871541e-07,2.34381619e-06,5.08265302e-07,9.14877544e-06,1.95801563e-10,3.32862658e-09,8.94472812e-14,1.61005106e-12,7.17611355e-05,1.43522271e-03
4.43217134e-07,1.99999970e-01,1.49999934e+04,5.52014709e-03,7.12940759e-01,7.12940759e-01,6.91380813e-02,2.76552325e-01,1.90088270e-04,2.28105924e-03,2.13205756e-06,2.77167483e-05,8.69277655e-09,1.13006095e-07,5.70996810e-05,7.99395535e-04,3.13098092e-07,4.69647138e-06,4.65197925e-14,6.51277096e-13,2.10054615e-09,3.15081922e-08,3.62073753e-04,5.79318005e-03,1.37868605e-07,2.34376629e-06,4.96531787e-07,8.93757216e-06,2.08633979e-10,3.54677764e-09,9.53069038e-14,1.71552427e-12,7.17611355e-05,1.43522271e-03
4.72264677e-07,1.99999969e-01,1.49999929e+04,5.56974309e-03,7.12940737e-01,7.12940737e-01,6.91381029e-02,2.76552412e-01,1.90097140e-04,2.28116568e-03,2.13203777e-06,2.77164910e-05,9.26267846e-09,1.20414820e-07,5.70995663e-05,7.99393928e-04,3.15791706e-07,4.73687559e-06,5.28179248e-14,7.39450947e-13,2.23820918e-09,3.35731377e-08,3.62073742e-04,5.79317987e-03,1.37865478e-07,2.34371312e-06,4.84327214e-07,8.71788986e-06,2.22307402e-10,3.77922584e-09,1.01550206e-13,1.82790371e-12,7.17611355e-05,1.43522271e-03
5.03215936e-07,1.99999966e-01,1.49999925e+04,5.61539900e-03,7.12940713e-01,7.12940713e-01,6.91381257e-02,2.76552503e-01,1.90106674e-04,2.28128009e-03,2.13201668e-06,2.77162169e-05,9.86995945e-09,1.28309473e-07,5.70994440e-05,7.99392216e-04,3.18251267e-07,4.77376901e-06,5.99687978e-14,8.39563169e-13,2.38489403e-09,3.57734104e-08,3.62073729e-04,5.79317967e-03,1.37862145e-07,2.34365647e-06,4.71652722e-07,8.48974899e-06,2.36876951e-10,4.02690817e-09,1.08202288e-13,1.94764118e-12,7.17611355e-05,1.43522271e-03
5.36195677e-07,1.99999964e-01,1.49999920e+04,5.65630856e-03,7.12940688e-01,7.12940688e-01,6.91381496e-02,2.76552598e-01,1.90116912e-04,2.28140294e-03,2.13199421e-06,2.77159248e-05,1.05170734e-08,1.36721955e-07,5.70993137e-05,7.99390392e-04,3.20430146e-07,4.80645218e-06,6.80878826e-14,9.53230357e-13,2.54119193e-09,3.81178789e-08,3.62073716e-04,5.79317946e-03,1.37858594e-07,2.34359610e-06,4.58512362e-07,8.25322251e-06,2.52401355e-10,4.29082304e-09,1.15289884e-13,2.07521792e-12,7.17611355e-05,1.43522271e-03
5.71336843e-07,1.99999962e-01,1.49999914e+04,5.69160551e-03,7.12940662e-01,7.12940662e-01,6.91381748e-02,2.76552699e-01,1.90127894e-04,2.28153473e-03,2.13197027e-06,2.77156135e-05,1.12066358e-08,1.45686265e-07,5.70991749e-05,7.99388449e-04,3.22278246e-07,4.83417369e-06,7.73062897e-14,1.08228806e-12,2.70773284e-09,4.06159926e-08,3.62073702e-04,5.79317924e-03,1.37854811e-07,2.34353179e-06,4.44913434e-07,8.00844182e-06,2.68943193e-10,4.57203429e-09,1.22841479e-13,2.21114662e-12,7.17611355e-05,1.43522271e-03
6.08781089e-07,1.99999959e-01,1.49999909e+04,5.72036742e-03,7.12940635e-01,7.12940635e-01,6.91382013e-02,2.76552805e-01,1.90139660e-04,2.28167592e-03,2.13194476e-06,2.77152819e-05,1.19414338e-08,1.55238639e-07,5.70990270e-05,7.99386378e-04,3.23742226e-07,4.85613340e-06,8.77728869e-14,1.22882042e-12,2.88518801e-09,4.32778202e-08,3.62073687e-04,5.79317900e-03,1.37850780e-07,2.34346325e-06,4.30866818e-07,7.75560272e-06,2.86569146e-10,4.87167548e-09,1.30887412e-13,2.35597341e-12,7.17611355e-05,1.43522271e-03
6.48679353e-07,1.99999957e-01,1.49999903e+04,5.74162160e-03,7.12940606e-01,7.12940606e-01,6.91382291e-02,2.76552916e-01,1.90152249e-04,2.28182698e-03,2.13191758e-06,2.77149285e-05,1.27244382e-08,1.65417697e-07,5.70988694e-05,7.99384171e-04,3.24765830e-07,4.87148745e-06,9.96567062e-14,1.39519389e-12,3.07427268e-09,4.61140903e-08,3.62073672e-04,5.79317875e-03,1.37846484e-07,2.34339023e-06,4.16387301e-07,7.49497141e-06,3.05350263e-10,5.19095447e-09,1.39460003e-13,2.51028006e-12,7.17611355e-05,1.43522271e-03
6.91192469e-07,1.99999954e-01,1.49999896e+04,5.75435323e-03,7.12940575e-01,7.12940575e-01,6.91382582e-02,2.76553033e-01,1.90165696e-04,2.28198835e-03,2.13188861e-06,2.77145520e-05,1.35588153e-08,1.76264600e-07,5.70987014e-05,7.99381820e-04,3.25290349e-07,4.87935523e-06,1.13149675e-13,1.58409545e-12,3.27574895e-09,4.91362343e-08,3.62073655e-04,5.79317848e-03,1.37841908e-07,2.34331243e-06,4.01493904e-07,7.22689028e-06,3.25362251e-10,5.53115827e-09,1.48593680e-13,2.67468624e-12,7.17611355e-05,1.43522271e-03
7.36491807e-07,1.99999951e-01,1.49999890e+04,5.75751615e-03,7.12940544e-01,7.12940544e-01,6.91382886e-02,2.76553154e-01,1.90180037e-04,2.28216044e-03,2.13185775e-06,2.77141508e-05,1.44479397e-08,1.87823216e-07,5.70985225e-05,7.99379315e-04,3.25255237e-07,4.87882855e-06,1.28469719e-13,1.79857606e-12,3.49042885e-09,5.23564327e-08,3.62073637e-04,5.79317819e-03,1.37837031e-07,2.34322953e-06,3.86210188e-07,6.95178339e-06,3.46685778e-10,5.89365822e-09,1.58325114e-13,2.84985206e-12,7.17611355e-05,1.43522271e-03
7.84759970e-07,1.99999948e-01,1.49999882e+04,5.75004640e-03,7.12940511e-01,7.12940511e-01,6.91383204e-02,2.76553282e-01,1.90195299e-04,2.28234359e-03,2.13182487e-06,2.77137233e-05,1.53954078e-08,2.00140302e-07,5.70983318e-05,7.99376645e-04,3.24598881e-07,4.86898321e-06,1.45864283e-13,2.04209996e-12,3.71917761e-09,5.57876642e-08,3.62073618e-04,5.79317789e-03,1.37831835e-07,2.34314120e-06,3.70564527e-07,6.67016148e-06,3.69406799e-10,6.27991558e-09,1.68693367e-13,3.03648061e-12,7.17611355e-05,1.43522271e-03
8.36191530e-07,1.99999944e-01,1.49999875e+04,5.73087899e-03,7.12940476e-01,7.12940476e-01,6.91383535e-02,2.76553414e-01,1.90211510e-04,2.28253812e-03,2.13178983e-06,2.77132678e-05,1.64050533e-08,2.13265692e-07,5.70981286e-05,7.99373801e-04,3.23259549e-07,4.84889324e-06,1.65614335e-13,2.31860069e-12,3.96291719e-09,5.94437579e-08,3.62073598e-04,5.79317756e-03,1.37826299e-07,2.34304708e-06,3.54590348e-07,6.38262627e-06,3.93616901e-10,6.69148732e-09,1.79740045e-13,3.23532081e-12,7.17611355e-05,1.43522271e-03
8.90993810e-07,1.99999941e-01,1.49999866e+04,5.69896769e-03,7.12940440e-01,7.12940440e-01,6.91383879e-02,2.76553552e-01,1.90228685e-04,2.28274422e-03,2.13175250e-06,2.77127825e-05,1.74809616e-08,2.27252500e-07,5.70979121e-05,7.99370770e-04,3.21176528e-07,4.81764792e-06,1.88038905e-13,2.63254467e-12,4.22262992e-09,6.33394488e-08,3.62073576e-04,5.79317722e-03,1.37820400e-07,2.34294680e-06,3.38326321e-07,6.08987378e-06,4.19413676e-10,7.13003250e-09,1.91509463e-13,3.44717033e-12,7.17611355e-05,1.43522271e-03
9.49387718e-07,1.99999937e-01,1.49999858e+04,5.65330836e-03,7.12940403e-01,7.12940403e-01,6.91384237e-02,2.76553695e-01,1.90246837e-04,2.28296204e-03,2.13171272e-06,2.77122653e-05,1.86274873e-08,2.42157335e-07,5.70976815e-05,7.99367540e-04,3.18291439e-07,4.77437158e-06,2.13500245e-13,2.98900343e-12,4.49936251e-09,6.74904376e-08,3.62073553e-04,5.79317685e-03,1.37814115e-07,2.34283995e-06,3.21816476e-07,5.79269657e-06,4.46901110e-10,7.59731887e-09,2.04048820e-13,3.67287876e-12,7.17611355e-05,1.43522271e-03
1.01160864e-06,1.99999933e-01,1.49999848e+04,5.59296532e-03,7.12940364e-01,7.12940364e-01,6.91384606e-02,2.76553842e-01,1.90265964e-04,2.28319157e-03,2.13167033e-06,2.77117143e-05,1.98492717e-08,2.58040532e-07,5.70974357e-05,7.99364099e-04,3.14549748e-07,4.71824623e-06,2.42409686e-13,3.39373560e-12,4.79423024e-09,7.19134535e-08,3.62073529e-04,5.79317646e-03,1.37807418e-07,2.34272611e-06,3.05110247e-07,5.49198444e-06,4.76190003e-10,8.09523005e-09,2.17408387e-13,3.91335097e-12,7.17611355e-05,1.43522271e-03
1.07790740e-06,1.99999928e-01,1.49999838e+04,5.51710094e-03,7.12940324e-01,7.12940324e-01,6.91384988e-02,2.76553995e-01,1.90286058e-04,2.28343270e-03,2.13162517e-06,2.77111272e-05,2.11512611e-08,2.74966394e-07,5.70971738e-05,7.99360433e-04,3.09902451e-07,4.64853677e-06,2.75234290e-13,3.85328005e-12,5.10842147e-09,7.66263221e-08,3.62073503e-04,5.79317604e-03,1.37800283e-07,2.34260481e-06,2.88262413e-07,5.18872343e-06,5.07398418e-10,8.62577311e-09,2.31641704e-13,4.16955067e-12,7.17611355e-05,1.43522271e-03
1.14855124e-06,1.99999923e-01,1.49999828e+04,5.42500792e-03,7.12940283e-01,7.12940283e-01,6.91385381e-02,2.76554152e-01,1.90307095e-04,2.28368513e-03,2.13157705e-06,2.77105016e-05,2.25387275e-08,2.93003457e-07,5.70968947e-05,7.99356526e-04,3.04307905e-07,4.56461858e-06,3.12504401e-13,4.37506161e-12,5.44320243e-09,8.16480365e-08,3.62073475e-04,5.79317559e-03,1.37792680e-07,2.34247557e-06,2.71332932e-07,4.88399278e-06,5.40652156e-10,9.19108665e-09,2.46805788e-13,4.44250419e-12,7.17611355e-05,1.43522271e-03
1.22382494e-06,1.99999918e-01,1.49999816e+04,5.31614357e-03,7.12940241e-01,7.12940241e-01,6.91385783e-02,2.76554313e-01,1.90329036e-04,2.28394843e-03,2.13152577e-06,2.77098350e-05,2.40172896e-08,3.12224764e-07,5.70965973e-05,7.99352362e-04,2.97733788e-07,4.46600683e-06,3.54822226e-13,4.96751117e-12,5.79992229e-09,8.69988343e-08,3.62073445e-04,5.79317512e-03,1.37784580e-07,2.34233786e-06,2.54386646e-07,4.57895962e-06,5.76085260e-10,9.79344942e-09,2.62961365e-13,4.73330456e-12,7.17611355e-05,1.43522271e-03
1.30403192e-06,1.99999913e-01,1.49999804e+04,5.19016551e-03,7.12940198e-01,7.12940198e-01,6.91386195e-02,2.76554478e-01,1.90351829e-04,2.28422194e-03,2.13147114e-06,2.77091248e-05,2.55929353e-08,3.32708159e-07,5.70962805e-05,7.99347927e-04,2.90159129e-07,4.35238694e-06,4.02871572e-13,5.64020201e-12,6.18001860e-09,9.27002791e-08,3.62073413e-04,5.79317461e-03,1.37775950e-07,2.34219114e-06,2.37492839e-07,4.27487110e-06,6.13840560e-10,1.04352895e-08,2.80173097e-13,5.04311574e-12,7.17611355e-05,1.43522271e-03
1.38949549e-06,1.99999907e-01,1.49999792e+04,5.04696736e-03,7.12940153e-01,7.12940153e-01,6.91386615e-02,2.76554646e-01,1.90375401e-04,2.28450481e-03,2.13141293e-06,2.77083680e-05,2.72720463e-08,3.54536601e-07,5.70959429e-05,7.99343200e-04,2.81576339e-07,4.22364509e-06,4.57428903e-13,6.40400464e-12,6.58502313e-09,9.87753470e-08,3.62073379e-04,5.79317407e-03,1.37766754e-07,2.34203482e-06,2.20724651e-07,3.97304371e-06,6.54070246e-10,1.11191942e-08,2.98509846e-13,5.37317722e-12,7.17611355e-05,1.43522271e-03
1.48056018e-06,1.99999901e-01,1.49999778e+04,4.88671326e-03,7.12940109e-01,7.12940109e-01,6.91387040e-02,2.76554816e-01,1.90399662e-04,2.28479594e-03,2.13135090e-06,2.77075617e-05,2.90614231e-08,3.77798500e-07,5.70955831e-05,7.99338164e-04,2.71993178e-07,4.07989767e-06,5.19375901e-13,7.27126261e-12,7.01656796e-09,1.05248519e-07,3.62073343e-04,5.79317349e-03,1.37756956e-07,2.34186826e-06,2.04158321e-07,3.67484977e-06,6.96936481e-10,1.18479202e-08,3.18044936e-13,5.72480884e-12,7.17611355e-05,1.43522271e-03
1.57759306e-06,1.99999895e-01,1.49999763e+04,4.70986960e-03,7.12940063e-01,7.12940063e-01,6.91387470e-02,2.76554988e-01,1.90424502e-04,2.28509403e-03,2.13128481e-06,2.77067026e-05,3.09683130e-08,4.02588069e-07,5.70951998e-05,7.99332797e-04,2.61434557e-07,3.92151835e-06,5.89713725e-13,8.25599215e-12,7.47639209e-09,1.12145881e-07,3.62073304e-04,5.79317287e-03,1.37746517e-07,2.34169080e-06,1.87872266e-07,3.38170078e-06,7.42612056e-10,1.26244050e-08,3.38856443e-13,6.09941598e-12,7.17611355e-05,1.43522271e-03
1.68098528e-06,1.99999888e-01,1.49999748e+04,4.51723191e-03,7.12940017e-01,7.12940017e-01,6.91387901e-02,2.76555161e-01,1.90449792e-04,2.28539750e-03,2.13121439e-06,2.77057871e-05,3.30004383e-08,4.29005698e-07,5.70947914e-05,7.99327079e-04,2.49944068e-07,3.74916102e-06,6.69579203e-13,9.37410884e-12,7.96634847e-09,1.19495227e-07,3.62073263e-04,5.79317220e-03,1.37735395e-07,2.34150172e-06,1.71945996e-07,3.09502793e-06,7.91281088e-10,1.34517785e-08,3.61027498e-13,6.49849496e-12,7.17611355e-05,1.43522271e-03
1.79115361e-06,1.99999881e-01,1.49999731e+04,4.30994476e-03,7.12939971e-01,7.12939971e-01,6.91388333e-02,2.76555333e-01,1.90475379e-04,2.28570455e-03,2.13113936e-06,2.77048117e-05,3.51660279e-08,4.57158362e-07,5.70943562e-05,7.99320986e-04,2.37585113e-07,3.56377669e-06,7.60263212e-13,1.06436850e-11,8.48841140e-09,1.27326171e-07,3.62073218e-04,5.79317149e-03,1.37723545e-07,2.34130026e-06,1.56458871e-07,2.81625969e-06,8.43139756e-10,1.43333759e-08,3.84646608e-13,6.92363894e-12,7.17611355e-05,1.43522271e-03
1.90854214e-06,1.99999873e-01,1.49999714e+04,4.08951277e-03,7.12939925e-01,7.12939925e-01,6.91388762e-02,2.76555505e-01,1.90501095e-04,2.28601314e-03,2.13105942e-06,2.77037724e-05,3.74738493e-08,4.87160040e-07,5.70938924e-05,7.99314494e-04,2.24441521e-07,3.36662282e-06,8.63231558e-13,1.20852418e-11,9.04468451e-09,1.35670268e-07,3.62073170e-04,5.79317073e-03,1.37710919e-07,2.34108563e-06,1.41488720e-07,2.54679695e-06,8.98397100e-10,1.52727507e-08,4.09808001e-13,7.37654402e-12,7.17611355e-05,1.43522271e-03
2.03362408e-06,1.99999864e-01,1.49999695e+04,3.85780047e-03,7.12939879e-01,7.12939879e-01,6.91389187e-02,2.76555675e-01,1.90526751e-04,2.28632101e-03,2.13097424e-06,2.77026651e-05,3.99332439e-08,5.19132171e-07,5.70933983e-05,7.99307576e-04,2.10617533e-07,3.15926300e-06,9.80148672e-13,1.37220814e-11,9.63740922e-09,1.44561138e-07,3.62073119e-04,5.79316991e-03,1.37697467e-07,2.34085695e-06,1.27110337e-07,2.28798606e-06,9.57275857e-10,1.62736896e-08,4.36611990e-13,7.85901582e-12,7.17611355e-05,1.43522271e-03
2.16690364e-06,1.99999856e-01,1.49999675e+04,3.61701873e-03,7.12939834e-01,7.12939834e-01,6.91389604e-02,2.76555841e-01,1.90552144e-04,2.28662573e-03,2.13088348e-06,2.77014852e-05,4.25541640e-08,5.53204132e-07,5.70928718e-05,7.99300205e-04,1.96237017e-07,2.94355525e-06,1.11290452e-12,1.55806633e-11,1.02689738e-08,1.54034607e-07,3.62073065e-04,5.79316904e-03,1.37683135e-07,2.34061330e-06,1.13393915e-07,2.04109047e-06,1.02001336e-09,1.73402271e-08,4.65165358e-13,8.37297644e-12,7.17611355e-05,1.43522271e-03
2.30891806e-06,1.99999846e-01,1.49999654e+04,3.36969655e-03,7.12939790e-01,7.12939790e-01,6.91390010e-02,2.76556004e-01,1.90577058e-04,2.28692469e-03,2.13078677e-06,2.77002281e-05,4.53472119e-08,5.89513755e-07,5.70923108e-05,7.99292351e-04,1.81441844e-07,2.72162766e-06,1.26364516e-12,1.76910322e-11,1.09419228e-08,1.64128842e-07,3.62073006e-04,5.79316810e-03,1.37667866e-07,2.34035372e-06,1.00403432e-07,1.80726177e-06,1.08686250e-09,1.84766625e-08,4.95581769e-13,8.92047184e-12,7.17611355e-05,1.43522271e-03
2.46023982e-06,1.99999836e-01,1.49999631e+04,3.11863705e-03,7.12939747e-01,7.12939747e-01,6.91390404e-02,2.76556161e-01,1.90601267e-04,2.28721521e-03,2.13068374e-06,2.76988886e-05,4.83236821e-08,6.28207867e-07,5.70917130e-05,7.99283982e-04,1.66389368e-07,2.49584052e-06,1.43480742e-12,2.00873038e-11,1.16589677e-08,1.74884515e-07,3.62072943e-04,5.79316709e-03,1.37651597e-07,2.34007715e-06,8.81950663e-08,1.58751119e-06,1.15809274e-09,1.96875766e-08,5.27982204e-13,9.50367967e-12,7.17611355e-05,1.43522271e-03
2.62147890e-06,1.99999825e-01,1.49999607e+04,2.86685719e-03,7.12939705e-01,7.12939705e-01,6.91390782e-02,2.76556313e-01,1.90624546e-04,2.28749455e-03,2.13057395e-06,2.76974614e-05,5.14956053e-08,6.69442870e-07,5.70910761e-05,7.99275065e-04,1.51248970e-07,2.26873454e-06,1.62915827e-12,2.28082158e-11,1.24229973e-08,1.86344959e-07,3.62072876e-04,5.79316601e-03,1.37634265e-07,2.33978250e-06,7.68157002e-08,1.38268260e-06,1.23399120e-09,2.09778504e-08,5.62495421e-13,1.01249176e-11,7.17611355e-05,1.43522271e-03
2.79328525e-06,1.99999814e-01,1.49999581e+04,2.61751225e-03,7.12939664e-01,7.12939664e-01,6.91391141e-02,2.76556457e-01,1.90646666e-04,2.28775999e-03,2.13045698e-06,2.76959408e-05,5.48757969e-08,7.13385360e-07,5.70903974e-05,7.99265563e-04,1.36197730e-07,2.04296594e-06,1.84983955e-12,2.58977537e-11,1.32370896e-08,1.98556344e-07,3.62072803e-04,5.79316485e-03,1.37615798e-07,2.33946857e-06,6.63015732e-08,1.19342832e-06,1.31486381e-09,2.23526848e-08,5.99258447e-13,1.07866520e-11,7.17611355e-05,1.43522271e-03
2.97635144e-06,1.99999802e-01,1.49999554e+04,2.37380684e-03,7.12939626e-01,7.12939626e-01,6.91391481e-02,2.76556592e-01,1.90667411e-04,2.28800894e-03,2.13033235e-06,2.76943206e-05,5.84779065e-08,7.60212785e-07,5.70896742e-05,7.99255439e-04,1.21415340e-07,1.82123009e-06,2.10041871e-12,2.94058620e-11,1.41045244e-08,2.11567866e-07,3.62072726e-04,5.79316361e-03,1.37596125e-07,2.33913412e-06,5.66771660e-08,1.02018899e-06,1.40103657e-09,2.38176217e-08,6.38417091e-13,1.14915076e-11,7.17611355e-05,1.43522271e-03
3.17141542e-06,1.99999789e-01,1.49999524e+04,2.13889557e-03,7.12939589e-01,7.12939589e-01,6.91391798e-02,2.76556719e-01,1.90686578e-04,2.28823894e-03,2.13019956e-06,2.76925943e-05,6.23164726e-08,8.10114144e-07,5.70889037e-05,7.99244651e-04,1.07078412e-07,1.60617618e-06,2.38494642e-12,3.33892499e-11,1.50287960e-08,2.25431940e-07,3.62072643e-04,5.79316228e-03,1.37575165e-07,2.33877780e-06,4.79543829e-08,8.63178893e-07,1.49285682e-09,2.53785659e-08,6.80126501e-13,1.22422770e-11,7.17611355e-05,1.43522271e-03
3.37926348e-06,1.99999775e-01,1.49999493e+04,1.91577794e-03,7.12939554e-01,7.12939554e-01,6.91392091e-02,2.76556837e-01,1.90703985e-04,2.28844783e-03,2.13005808e-06,2.76907550e-05,6.64069798e-08,8.63290737e-07,5.70880826e-05,7.99233156e-04,9.33544670e-08,1.40031700e-06,2.70802198e-12,3.79123077e-11,1.60136276e-08,2.40204415e-07,3.62072553e-04,5.79316085e-03,1.37552835e-07,2.33839819e-06,4.01320929e-08,7.22377673e-07,1.59069467e-09,2.70418094e-08,7.24551740e-13,1.30419313e-11,7.17611355e-05,1.43522271e-03
3.60073348e-06,1.99999760e-01,1.49999460e+04,1.70719270e-03,7.12939522e-01,7.12939522e-01,6.91392359e-02,2.76556944e-01,1.90719478e-04,2.28863373e-03,2.12990733e-06,2.76887953e-05,7.07659203e-08,9.19956964e-07,5.70872077e-05,7.99220908e-04,8.03958834e-08,1.20593825e-06,3.07486758e-12,4.30481461e-11,1.70629863e-08,2.55944794e-07,3.62072458e-04,5.79315933e-03,1.37529045e-07,2.33799377e-06,3.31960875e-08,5.97529574e-07,1.69494449e-09,2.88140564e-08,7.71868407e-13,1.38936313e-11,7.17611355e-05,1.43522271e-03
3.83671818e-06,1.99999744e-01,1.49999424e+04,1.51551832e-03,7.12939492e-01,7.12939492e-01,6.91392601e-02,2.76557040e-01,1.90732933e-04,2.28879519e-03,2.12974671e-06,2.76867073e-05,7.54108596e-08,9.80341175e-07,5.70862755e-05,7.99207857e-04,6.83342032e-08,1.02501305e-06,3.49141258e-12,4.88797761e-11,1.81810986e-08,2.72716479e-07,3.62072355e-04,5.79315769e-03,1.37503701e-07,2.33756292e-06,2.71194834e-08,4.88150700e-07,1.80602650e-09,3.07024505e-08,8.22263284e-13,1.48007391e-11,7.17611355e-05,1.43522271e-03
4.08816882e-06,1.99999727e-01,1.49999387e+04,1.34268611e-03,7.12939464e-01,7.12939464e-01,6.91392817e-02,2.76557127e-01,1.90744265e-04,2.28893118e-03,2.12957559e-06,2.76844826e-05,8.03605066e-08,1.04468659e-06,5.70852822e-05,7.99193951e-04,5.72751529e-08,8.59127293e-07,3.96438921e-12,5.55014489e-11,1.93724680e-08,2.90587021e-07,3.62072246e-04,5.79315593e-03,1.37476702e-07,2.33710393e-06,2.18635869e-08,3.93544564e-07,1.92438844e-09,3.27146035e-08,8.75935032e-13,1.57668306e-11,7.17611355e-05,1.43522271e-03
4.35609903e-06,1.99999710e-01,1.49999347e+04,1.19011266e-03,7.12939438e-01,7.12939438e-01,6.91393006e-02,2.76557202e-01,1.90753426e-04,2.28904112e-03,2.12939326e-06,2.76821124e-05,8.56347881e-08,1.11325225e-06,5.70842238e-05,7.99179134e-04,4.72947701e-08,7.09421552e-07,4.50144120e-12,6.30201769e-11,2.06418928e-08,3.09628391e-07,3.62072128e-04,5.79315405e-03,1.37447938e-07,2.33661495e-06,1.73791997e-08,3.12825594e-07,2.05050741e-09,3.48586259e-08,9.33094914e-13,1.67957085e-11,7.17611355e-05,1.43522271e-03
4.64158883e-06,1.99999691e-01,1.49999304e+04,1.05865730e-03,7.12939414e-01,7.12939414e-01,6.91393170e-02,2.76557268e-01,1.90760411e-04,2.28912493e-03,2.12919900e-06,2.76795870e-05,9.12549294e-08,1.18631408e-06,5.70830961e-05,7.99163345e-04,3.84369565e-08,5.76554348e-07,5.11124709e-12,7.15574593e-11,2.19944850e-08,3.29917275e-07,3.62072003e-04,5.79315204e-03,1.37417296e-07,2.33609403e-06,1.36083242e-08,2.44949836e-07,2.18489176e-09,3.71431599e-08,9.93967570e-13,1.78914163e-11,7.17611355e-05,1.43522271e-03
4.94578905e-06,1.99999670e-01,1.49999258e+04,9.48608750e-04,7.12939393e-01,7.12939393e-01,6.91393310e-02,2.76557324e-01,1.90765248e-04,2.28918298e-03,2.12899203e-06,2.76768964e-05,9.72435392e-08,1.26416601e-06,5.70818944e-05,7.99146522e-04,3.07126983e-08,4.60690475e-07,5.80366022e-12,8.12512431e-11,2.34356917e-08,3.51535375e-07,3.62071868e-04,5.79314990e-03,1.37384654e-07,2.33553911e-06,1.04861934e-08,1.88751480e-07,2.32808316e-09,3.95774137e-08,1.05879182e-12,1.90582528e-11,7.17611355e-05,1.43522271e-03
5.26992593e-06,1.99999649e-01,1.49999210e+04,8.59703160e-04,7.12939373e-01,7.12939373e-01,6.91393427e-02,2.76557371e-01,1.90768004e-04,2.28921605e-03,2.12877151e-06,2.76740297e-05,1.03624701e-07,1.34712111e-06,5.70806140e-05,7.99128596e-04,2.41010738e-08,3.61516108e-07,6.58986767e-12,9.22581474e-11,2.49713161e-08,3.74569741e-07,3.62071725e-04,5.79314760e-03,1.37349880e-07,2.33494796e-06,7.94352330e-09,1.42983419e-07,2.48065877e-09,4.21711992e-08,1.12782155e-12,2.03007880e-11,7.17611355e-05,1.43522271e-03
5.61530608e-06,1.99999626e-01,1.49999158e+04,7.91172842e-04,7.12939354e-01,7.12939354e-01,6.91393524e-02,2.76557410e-01,1.90768775e-04,2.28922530e-03,2.12853657e-06,2.76709755e-05,1.10424069e-07,1.43551290e-06,5.70792497e-05,7.99109496e-04,1.85520169e-08,2.78280253e-07,7.48257066e-12,1.04755989e-10,2.66075413e-08,3.99113119e-07,3.62071572e-04,5.79314514e-03,1.37312838e-07,2.33431824e-06,5.90887018e-09,1.06359663e-07,2.64323360e-09,4.49349712e-08,1.20132658e-12,2.16238784e-11,7.17611355e-05,1.43522271e-03
5.98332173e-06,1.99999601e-01,1.49999103e+04,7.41822560e-04,7.12939337e-01,7.12939337e-01,6.91393602e-02,2.76557441e-01,1.90767678e-04,2.28921213e-03,2.12828626e-06,2.76677214e-05,1.17668976e-07,1.52969669e-06,5.70777960e-05,7.99089144e-04,1.39906482e-08,2.09859723e-07,8.49618941e-12,1.18946652e-10,2.83509549e-08,4.25264323e-07,3.62071408e-04,5.79314252e-03,1.37273378e-07,2.33364743e-06,4.31095697e-09,7.75972254e-08,2.81646292e-09,4.78798696e-08,1.27959363e-12,2.30326854e-11,7.17611355e-05,1.43522271e-03
6.37545637e-06,1.99999575e-01,1.49999044e+04,7.10127369e-04,7.12939321e-01,7.12939321e-01,6.91393664e-02,2.76557466e-01,1.90764847e-04,2.28917816e-03,2.12801958e-06,2.76642546e-05,1.25388537e-07,1.63005098e-06,5.70762470e-05,7.99067458e-04,1.03228364e-08,1.54842546e-07,9.64709563e-12,1.35059339e-10,3.02085756e-08,4.53128633e-07,3.62071233e-04,5.79313973e-03,1.37231346e-07,2.33293287e-06,3.08083863e-09,5.54550954e-08,3.00104497e-09,5.10177644e-08,1.36292735e-12,2.45326923e-11,7.17611355e-05,1.43522271e-03
6.79329072e-06,1.99999547e-01,1.49998981e+04,6.94343983e-04,7.12939306e-01,7.12939306e-01,6.91393712e-02,2.76557485e-01,1.90760423e-04,2.28912507e-03,2.12773546e-06,2.76605610e-05,1.33613772e-07,1.73697904e-06,5.70745965e-05,7.99044351e-04,7.44152915e-09,1.11622937e-07,1.09538765e-11,1.53354271e-10,3.21878811e-08,4.82818216e-07,3.62071046e-04,5.79313674e-03,1.37186572e-07,2.33217173e-06,2.15378391e-09,3.87681104e-08,3.19772372e-09,5.43613033e-08,1.45165134e-12,2.61297241e-11,7.17611355e-05,1.43522271e-03
7.23850907e-06,1.99999517e-01,1.49998914e+04,6.92626360e-04,7.12939291e-01,7.12939291e-01,6.91393749e-02,2.76557499e-01,1.90754544e-04,2.28905453e-03,2.12743276e-06,2.76566259e-05,1.42377730e-07,1.85091049e-06,5.70728378e-05,7.99019730e-04,5.23332217e-09,7.84998325e-08,1.24376345e-11,1.74126883e-10,3.42968384e-08,5.14452575e-07,3.62070847e-04,5.79313355e-03,1.37138881e-07,2.33136097e-06,1.47077610e-09,2.64739698e-08,3.40729193e-09,5.79239628e-08,1.54610926e-12,2.78299666e-11,7.17611355e-05,1.43522271e-03
7.71290612e-06,1.99999486e-01,1.49998843e+04,7.03135989e-04,7.12939276e-01,7.12939276e-01,6.91393776e-02,2.76557510e-01,1.90747341e-04,2.28896810e-03,2.12711027e-06,2.76524336e-05,1.51715619e-07,1.97230304e-06,5.70709639e-05,7.98993495e-04,3.58472334e-09,5.37708501e-08,1.41223273e-11,1.97712582e-10,3.65439353e-08,5.48159029e-07,3.62070635e-04,5.79313016e-03,1.37088082e-07,2.33049740e-06,9.79567898e-10,1.76322222e-08,3.63059427e-09,6.17201026e-08,1.64666602e-12,2.96399884e-11,7.17611355e-05,1.43522271e-03
8.21839418e-06,1.99999452e-01,1.49998767e+04,7.24138308e-04,7.12939261e-01,7.12939261e-01,6.91393795e-02,2.76557518e-01,1.90738929e-04,2.28886715e-03,2.12676670e-06,2.76479671e-05,1.61664950e-07,2.10164435e-06,5.70689672e-05,7.98965541e-04,2.38762219e-09,3.58143328e-08,1.60351542e-11,2.24492159e-10,3.89382148e-08,5.84073222e-07,3.62070408e-04,5.79312653e-03,1.37033975e-07,2.32957757e-06,6.35264508e-10,1.14347611e-08,3.86853078e-09,6.57650232e-08,1.75370900e-12,3.15667619e-11,7.17611355e-05,1.43522271e-03
8.75701089e-06,1.99999416e-01,1.49998686e+04,7.54078681e-04,7.12939246e-01,7.12939246e-01,6.91393810e-02,2.76557524e-01,1.90729404e-04,2.28875284e-03,2.12640068e-06,2.76432088e-05,1.72265687e-07,2.23945393e-06,5.70668397e-05,7.98935755e-04,1.54358975e-09,2.31538462e-08,1.82069948e-11,2.54897927e-10,4.14893111e-08,6.22339667e-07,3.62070167e-04,5.79312267e-03,1.36976345e-07,2.32859787e-06,4.00450288e-10,7.20810519e-09,4.12206046e-09,7.00750278e-08,1.86764927e-12,3.36176869e-11,7.17611355e-05,1.43522271e-03
9.33092744e-06,1.99999378e-01,1.49998600e+04,7.91634096e-04,7.12939231e-01,7.12939231e-01,6.91393820e-02,2.76557528e-01,1.90718838e-04,2.28862605e-03,2.12601073e-06,2.76381395e-05,1.83560405e-07,2.38628526e-06,5.70645727e-05,7.98904018e-04,9.66789508e-10,1.45018426e-08,2.06729062e-11,2.89420687e-10,4.42074883e-08,6.63112324e-07,3.62069910e-04,5.79311855e-03,1.36914966e-07,2.32755442e-06,2.44911301e-10,4.40840342e-09,4.39220517e-09,7.46674879e-08,1.98892301e-12,3.58006142e-11,7.17611355e-05,1.43522271e-03
9.94245730e-06,1.99999337e-01,1.49998509e+04,8.35739805e-04,7.12939215e-01,7.12939215e-01,6.91393827e-02,2.76557531e-01,1.90707281e-04,2.28848738e-03,2.12559531e-06,2.76327390e-05,1.95594458e-07,2.54272796e-06,5.70621572e-05,7.98870200e-04,5.85454591e-10,8.78181887e-09,2.34726883e-11,3.28617636e-10,4.71036811e-08,7.06555217e-07,3.62069635e-04,5.79311417e-03,1.36849594e-07,2.32644309e-06,1.45035569e-10,2.61064025e-09,4.68005372e-09,7.95609133e-08,2.11799283e-12,3.81238709e-11,7.17611355e-05,1.43522271e-03
1.05940656e-05,1.99999294e-01,1.49998411e+04,8.85592971e-04,7.12939198e-01,7.12939198e-01,6.91393831e-02,2.76557533e-01,1.90694762e-04,2.28833714e-03,2.12515275e-06,2.76269858e-05,2.08416164e-07,2.70941013e-06,5.70595833e-05,7.98834167e-04,3.42050457e-10,5.13075685e-09,2.66515253e-11,3.73121354e-10,5.01895391e-08,7.52843087e-07,3.62069343e-04,5.79310949e-03,1.36779972e-07,2.32525952e-06,8.29905416e-11,1.49382975e-09,4.98676626e-09,8.47750264e-08,2.25534926e-12,4.05962867e-11,7.17611355e-05,1.43522271e-03
1.12883789e-05,1.99999247e-01,1.49998307e+04,9.40637706e-04,7.12939180e-01,7.12939180e-01,6.91393835e-02,2.76557534e-01,1.90681284e-04,2.28817541e-03,2.12468130e-06,2.76208568e-05,2.22076990e-07,2.88700087e-06,5.70568409e-05,7.98795772e-04,1.92371558e-10,2.88557338e-09,3.02607134e-11,4.23649988e-10,5.34774728e-08,8.02162092e-07,3.62069031e-04,5.79310450e-03,1.36705826e-07,2.32399905e-06,4.57819026e-11,8.24074247e-10,5.31357896e-09,9.03308423e-08,2.40151225e-12,4.32272205e-11,7.17611355e-05,1.43522271e-03
1.20281961e-05,1.99999198e-01,1.49998196e+04,1.00053717e-03,7.12939161e-01,7.12939161e-01,6.91393838e-02,2.76557535e-01,1.90666835e-04,2.28800202e-03,2.12417906e-06,2.76143277e-05,2.36631763e-07,3.07621292e-06,5.70539187e-05,7.98754861e-04,1.03897102e-10,1.55845654e-09,3.43584876e-11,4.81018827e-10,5.69807035e-08,8.54710552e-07,3.62068699e-04,5.79309919e-03,1.36626866e-07,2.32265672e-06,2.42900830e-11,4.37221493e-10,5.66180899e-09,9.62507528e-08,2.55703273e-12,4.60265891e-11,7.17611355e-05,1.43522271e-03
1.28164995e-05,1.99999146e-01,1.49998078e+04,1.06513876e-03,7.12939141e-01,7.12939141e-01,6.91393840e-02,2.76557536e-01,1.90651385e-04,2.28781662e-03,2.12364403e-06,2.76073724e-05,2.52138880e-07,3.27780544e-06,5.70508050e-05,7.98711270e-04,5.37492465e-11,8.06238698e-10,3.90109595e-11,5.46153432e-10,6.07133159e-08,9.10699739e-07,3.62068345e-04,5.79309352e-03,1.36542781e-07,2.32122728e-06,1.23630209e-11,2.22534377e-10,6.03285981e-09,1.02558617e-07,2.72249424e-12,4.90048962e-11,7.17611355e-05,1.43522271e-03
1.36564666e-05,1.99999090e-01,1.49997952e+04,1.13443782e-03,7.12939119e-01,7.12939119e-01,6.91393842e-02,2.76557537e-01,1.90634891e-04,2.28761870e-03,2.12307409e-06,2.75999632e-05,2.68660543e-07,3.49258706e-06,5.70474873e-05,7.98664822e-04,2.65628482e-11,3.98442722e-10,4.42931820e-11,6.20104548e-10,6.46903145e-08,9.70354718e-07,3.62067968e-04,5.79308749e-03,1.36453243e-07,2.31970513e-06,6.02002764e-12,1.08360498e-10,6.42822686e-09,1.09279857e-07,2.89851458e-12,5.21732625e-11,7.17611355e-05,1.43522271e-03
1.45514834e-05,1.99999030e-01,1.49997817e+04,1.20854401e-03,7.12939097e-01,7.12939097e-01,6.91393844e-02,2.76557538e-01,1.90617300e-04,2.28740760e-03,2.12246697e-06,2.75920706e-05,2.86263004e-07,3.72141905e-06,5.70439522e-05,7.98615331e-04,1.25044878e-11,1.87567317e-10,5.02903585e-11,7.04065019e-10,6.89276832e-08,1.03391525e-06,3.62067566e-04,5.79308106e-03,1.36357901e-07,2.31808432e-06,2.79634660e-12,5.03342387e-11,6.84950354e-09,1.16441560e-07,3.08574759e-12,5.55434566e-11,7.17611356e-05,1.43522271e-03
1.55051578e-05,1.99998966e-01,1.49997674e+04,1.28765299e-03,7.12939072e-01,7.12939072e-01,6.91393846e-02,2.76557538e-01,1.90598548e-04,2.28718258e-03,2.12182025e-06,2.75836633e-05,3.05016824e-07,3.96521871e-06,5.70401855e-05,7.98562597e-04,5.59021023e-12,8.38531534e-11,5.70992139e-11,7.99388995e-10,7.34424488e-08,1.10163673e-06,3.62067137e-04,5.79307420e-03,1.36256385e-07,2.31635855e-06,1.23526453e-12,2.22347615e-11,7.29838766e-09,1.24072590e-07,3.28488483e-12,5.91279269e-11,7.17611356e-05,1.43522271e-03
1.65213341e-05,1.99998899e-01,1.49997522e+04,1.37202452e-03,7.12939046e-01,7.12939046e-01,6.91393848e-02,2.76557539e-01,1.90578564e-04,2.28694277e-03,2.12113137e-06,2.75747078e-05,3.24997152e-07,4.22496298e-06,5.70361719e-05,7.98506407e-04,2.36576458e-12,3.54864687e-11,6.48295524e-11,9.07613733e-10,7.82527493e-08,1.17379124e-06,3.62066681e-04,5.79306689e-03,1.36148299e-07,2.31452109e-06,5.17219957e-13,9.30995922e-12,7.77668825e-09,1.32203700e-07,3.49665745e-12,6.29398341e-11,7.17611356e-05,1.43522271e-03
1.76041084e-05,1.99998826e-01,1.49997359e+04,1.46196689e-03,7.12939019e-01,7.12939019e-01,6.91393850e-02,2.76557540e-01,1.90557270e-04,2.28668724e-03,2.12039759e-06,2.75651687e-05,3.46284023e-07,4.50169231e-06,5.70318954e-05,7.98446536e-04,9.44608306e-13,1.41691246e-11,7.36060242e-11,1.03048434e-09,8.33779057e-08,1.25066859e-06,3.62066194e-04,5.79305910e-03,1.36033224e-07,2.31256481e-06,2.04556404e-13,3.68201528e-12,8.28633289e-09,1.40867659e-07,3.72183801e-12,6.69930841e-11,7.17611356e-05,1.43522271e-03
1.87578456e-05,1.99998749e-01,1.49997186e+04,1.55782691e-03,7.12938989e-01,7.12938989e-01,6.91393852e-02,2.76557541e-01,1.90534582e-04,2.28641499e-03,2.11961600e-06,2.75550080e-05,3.68962670e-07,4.79651470e-06,5.70273387e-05,7.98382742e-04,3.54683182e-13,5.32024774e-12,8.35701317e-11,1.16998184e-09,8.88384985e-08,1.33257748e-06,3.62065675e-04,5.79305080e-03,1.35910715e-07,2.31048216e-06,7.61289282e-14,1.37032071e-12,8.82937541e-09,1.50099382e-07,3.96124232e-12,7.13023617e-11,7.17611356e-05,1.43522271e-03
1.99871964e-05,1.99998668e-01,1.49997002e+04,1.65998413e-03,7.12938958e-01,7.12938958e-01,6.91393854e-02,2.76557542e-01,1.90510410e-04,2.28612492e-03,2.11878351e-06,2.75441856e-05,3.93123855e-07,5.11061011e-06,5.70224834e-05,7.98314767e-04,1.24907801e-13,1.87361702e-12,9.48825058e-11,1.32835508e-09,9.46564499e-08,1.41984675e-06,3.62065122e-04,5.79304195e-03,1.35780300e-07,2.30826509e-06,2.65555387e-14,4.77999697e-13,9.40800421e-09,1.59936072e-07,4.21573134e-12,7.58831641e-11,7.17611356e-05,1.43522271e-03
2.12971163e-05,1.99998580e-01,1.49996805e+04,1.76884811e-03,7.12938925e-01,7.12938925e-01,6.91393857e-02,2.76557543e-01,1.90484657e-04,2.28581588e-03,2.11789682e-06,2.75326587e-05,4.18864232e-07,5.44523502e-06,5.70173100e-05,7.98242340e-04,4.12693941e-14,6.19040911e-13,1.07725490e-10,1.50815685e-09,1.00855110e-07,1.51282666e-06,3.62064533e-04,5.79303252e-03,1.35641475e-07,2.30590507e-06,8.64541554e-15,1.55617480e-13,1.00245511e-08,1.70417368e-07,4.48621302e-12,8.07518344e-11,7.17611356e-05,1.43522271e-03
2.26928856e-05,1.99998487e-01,1.49996596e+04,1.88485784e-03,7.12938889e-01,7.12938889e-01,6.91393859e-02,2.76557544e-01,1.90457220e-04,2.28548664e-03,2.11695243e-06,2.75203816e-05,4.46286720e-07,5.80172735e-06,5.70117976e-05,7.98165166e-04,1.29485415e-14,1.94228123e-13,1.22306070e-10,1.71228498e-09,1.07459351e-07,1.61189027e-06,3.62063904e-04,5.79302247e-03,1.35493709e-07,2.30339305e-06,2.61503689e-15,4.70706640e-14,1.06815005e-08,1.81585508e-07,4.77364417e-12,8.59255950e-11,7.17611356e-05,1.43522271e-03
2.41801308e-05,1.99998388e-01,1.49996373e+04,2.00848229e-03,7.12938852e-01,7.12938852e-01,6.91393862e-02,2.76557545e-01,1.90427989e-04,2.28513587e-03,2.11594662e-06,2.75073061e-05,4.75500901e-07,6.18151172e-06,5.70059241e-05,7.98082937e-04,4.08140579e-15,6.12210868e-14,1.38859208e-10,1.94402891e-09,1.14495663e-07,1.71743495e-06,3.62063235e-04,5.79301175e-03,1.35336437e-07,2.30071943e-06,7.31371811e-16,1.31646926e-14,1.13814997e-08,1.93485495e-07,5.07903224e-12,9.14225804e-11,7.17611356e-05,1.43522271e-03
2.57648471e-05,1.99998282e-01,1.49996135e+04,2.14022177e-03,7.12938811e-01,7.12938811e-01,6.91393865e-02,2.76557546e-01,1.90396848e-04,2.28476217e-03,2.11487542e-06,2.74933805e-05,5.06623456e-07,6.58610492e-06,5.69996657e-05,7.97995320e-04,1.54298022e-15,2.31447034e-14,1.57651609e-10,2.20712253e-09,1.21992261e-07,1.82988392e-06,3.62062521e-04,5.79300033e-03,1.35169059e-07,2.29787401e-06,1.88164510e-16,3.38696119e-15,1.21273694e-08,2.06165281e-07,5.40343715e-12,9.72618687e-11,7.17611356e-05,1.43522271e-03
2.74534223e-05,1.99998170e-01,1.49995882e+04,2.28060978e-03,7.12938768e-01,7.12938768e-01,6.91393868e-02,2.76557547e-01,1.90363671e-04,2.28436406e-03,2.11373462e-06,2.74785501e-05,5.39778607e-07,7.01712189e-06,5.69929974e-05,7.97901963e-04,9.01206141e-16,1.35180921e-14,1.78986016e-10,2.50580422e-09,1.29979195e-07,1.94968792e-06,3.62061760e-04,5.79298815e-03,1.34990941e-07,2.29484600e-06,4.42897714e-17,7.97215884e-16,1.29221152e-08,2.19675958e-07,5.74797286e-12,1.03463512e-10,7.17611356e-05,1.43522271e-03
2.92526634e-05,1.99998050e-01,1.49995612e+04,2.43021507e-03,7.12938723e-01,7.12938723e-01,6.91393872e-02,2.76557549e-01,1.90328327e-04,2.28393992e-03,2.11251974e-06,2.74627566e-05,5.75098606e-07,7.47628187e-06,5.69858921e-05,7.97802490e-04,7.81638616e-16,1.17245792e-14,2.03206066e-10,2.84488492e-09,1.38488467e-07,2.07732700e-06,3.62060948e-04,5.79297518e-03,1.34801410e-07,2.29162396e-06,9.48245726e-18,1.70684231e-16,1.37689391e-08,2.34071965e-07,6.11380903e-12,1.10048563e-10,7.17611356e-05,1.43522271e-03
3.11698230e-05,1.99997922e-01,1.49995325e+04,2.58964394e-03,7.12938674e-01,7.12938674e-01,6.91393875e-02,2.76557550e-01,1.90290674e-04,2.28348809e-03,2.11122602e-06,2.74459382e-05,6.12724241e-07,7.96541513e-06,5.69783214e-05,7.97696500e-04,7.94861272e-16,1.19229191e-14,2.30701810e-10,3.22982534e-09,1.47554161e-07,2.21331242e-06,3.62060084e-04,5.79296134e-03,1.34599750e-07,2.28819576e-06,1.83566904e-18,3.30420427e-17,1.46712534e-08,2.49411308e-07,6.50217238e-12,1.17039103e-10,7.17611356e-05,1.43522271e-03
3.32126293e-05,1.99997786e-01,1.49995018e+04,2.75954273e-03,7.12938622e-01,7.12938622e-01,6.91393879e-02,2.76557552e-01,1.90250562e-04,2.28300674e-03,2.10984839e-06,2.74280290e-05,6.52805381e-07,8.48646995e-06,5.69702548e-05,7.97583567e-04,8.40697690e-16,1.26104653e-14,2.61915976e-10,3.66682366e-09,1.57212574e-07,2.35818861e-06,3.62059162e-04,5.79294659e-03,1.34385209e-07,2.28454855e-06,3.19679664e-19,5.75423396e-18,1.56326936e-08,2.65755791e-07,6.91434792e-12,1.24458262e-10,7.17611356e-05,1.43522271e-03
3.53893170e-05,1.99997641e-01,1.49994692e+04,2.94060049e-03,7.12938567e-01,7.12938567e-01,6.91393883e-02,2.76557553e-01,1.90207830e-04,2.28249396e-03,2.10838147e-06,2.74089591e-05,6.95501549e-07,9.04152014e-06,5.69616597e-05,7.97463236e-04,8.95986406e-16,1.34397961e-14,2.97351069e-10,4.16291497e-09,1.67502358e-07,2.51253537e-06,3.62058179e-04,5.79293087e-03,1.34156985e-07,2.28066874e-06,5.02833659e-20,9.05100587e-19,1.66571332e-08,2.83171264e-07,7.35167997e-12,1.32330239e-10,7.17611356e-05,1.43522271e-03
3.77086603e-05,1.99997486e-01,1.49994344e+04,3.13355182e-03,7.12938508e-01,7.12938508e-01,6.91393887e-02,2.76557555e-01,1.90162309e-04,2.28194771e-03,2.10681955e-06,2.73886541e-05,7.40982534e-07,9.63277295e-06,5.69525016e-05,7.97335022e-04,9.56063981e-16,1.43409597e-14,3.37577435e-10,4.72608409e-09,1.78464672e-07,2.67697008e-06,3.62057131e-04,5.79291410e-03,1.33914232e-07,2.27654195e-06,7.70995141e-21,1.38779125e-19,1.77486996e-08,3.01727894e-07,7.81557286e-12,1.40680311e-10,7.17611356e-05,1.43522271e-03
4.01800086e-05,1.99997321e-01,1.49993973e+04,3.33917989e-03,7.12938445e-01,7.12938445e-01,6.91393892e-02,2.76557557e-01,1.90113817e-04,2.28136580e-03,2.10515655e-06,2.73670351e-05,7.89429037e-07,1.02625775e-05,5.69427436e-05,7.97198410e-04,1.02025853e-15,1.53038779e-14,3.83242400e-10,5.36539360e-09,1.90143343e-07,2.85215014e-06,3.62056014e-04,5.79289623e-03,1.33656056e-07,2.27215295e-06,1.81146749e-21,3.26064149e-20,1.89117905e-08,3.21500438e-07,8.30749133e-12,1.49534844e-10,7.17611356e-05,1.43522271e-03
4.28133240e-05,1.99997146e-01,1.49993578e+04,3.55831970e-03,7.12938378e-01,7.12938378e-01,6.91393897e-02,2.76557559e-01,1.90062160e-04,2.28074593e-03,2.10338602e-06,2.73440183e-05,8.41033358e-07,1.09334337e-05,5.69323465e-05,7.97052850e-04,1.08867579e-15,1.63301368e-14,4.35080650e-10,6.09112911e-09,2.02585037e-07,3.03877556e-06,3.62054824e-04,5.79287718e-03,1.33381510e-07,2.26748567e-06,1.14569456e-21,2.06225021e-20,2.01510913e-08,3.42568552e-07,8.82896045e-12,1.58921288e-10,7.17611356e-05,1.43522271e-03
4.56192215e-05,1.99996959e-01,1.49993157e+04,3.79186154e-03,7.12938307e-01,7.12938307e-01,6.91393902e-02,2.76557561e-01,1.90007135e-04,2.28008562e-03,2.10150111e-06,2.73195145e-05,8.96000121e-07,1.16480016e-05,5.69212683e-05,7.96897757e-04,1.16156728e-15,1.74235092e-14,4.93925995e-10,6.91496393e-09,2.15839440e-07,3.23759160e-06,3.62053554e-04,5.79285686e-03,1.33089595e-07,2.26252311e-06,1.13612763e-21,2.04502973e-20,2.14715946e-08,3.65017108e-07,9.38156515e-12,1.68868173e-10,7.17611357e-05,1.43522271e-03
4.86090118e-05,1.99996759e-01,1.49992709e+04,4.04075468e-03,7.12938231e-01,7.12938231e-01,6.91393907e-02,2.76557563e-01,1.89948521e-04,2.27938225e-03,2.09949455e-06,2.72934292e-05,9.54547049e-07,1.24091116e-05,5.69094646e-05,7.96732505e-04,1.23922147e-15,1.85883220e-14,5.60724718e-10,7.85014605e-09,2.29959450e-07,3.44939175e-06,3.62052200e-04,5.79283520e-03,1.32779255e-07,2.25724733e-06,1.20121259e-21,2.16218266e-20,2.28786195e-08,3.88936532e-07,9.96694912e-12,1.79405084e-10,7.17611357e-05,1.43522271e-03
5.17947468e-05,1.99996547e-01,1.49992231e+04,4.30601134e-03,7.12938150e-01,7.12938150e-01,6.91393913e-02,2.76557565e-01,1.89886087e-04,2.27863304e-03,2.09735862e-06,2.72656621e-05,1.01690578e-06,1.32197751e-05,5.68968879e-05,7.96556430e-04,1.32194815e-15,1.98292222e-14,6.36550718e-10,8.91171005e-09,2.45001384e-07,3.67502077e-06,3.62050757e-04,5.79281211e-03,1.32449376e-07,2.25163939e-06,1.27718526e-21,2.29893348e-20,2.43778337e-08,4.14423173e-07,1.05868131e-11,1.90562635e-10,7.17611357e-05,1.43522271e-03
5.51892683e-05,1.99996321e-01,1.49991722e+04,4.58871090e-03,7.12938064e-01,7.12938064e-01,6.91393919e-02,2.76557568e-01,1.89819584e-04,2.27783500e-03,2.09508512e-06,2.72361066e-05,1.08332271e-06,1.40831952e-05,5.68834875e-05,7.96368825e-04,1.41007745e-15,2.11511618e-14,7.22622684e-10,1.01167176e-08,2.61025193e-07,3.91537790e-06,3.62049218e-04,5.79278748e-03,1.32098785e-07,2.24567934e-06,1.35824868e-21,2.44484763e-20,2.59752757e-08,4.41579687e-07,1.12429122e-11,2.02372419e-10,7.17611357e-05,1.43522271e-03
5.88062599e-05,1.99996080e-01,1.49991179e+04,4.89000438e-03,7.12937972e-01,7.12937972e-01,6.91393926e-02,2.76557570e-01,1.89748749e-04,2.27698498e-03,2.09266536e-06,2.72046497e-05,1.15405996e-06,1.50027794e-05,5.68692096e-05,7.96168935e-04,1.50396087e-15,2.25594130e-14,8.20323571e-10,1.14845300e-08,2.78094694e-07,4.17142041e-06,3.62047576e-04,5.79276122e-03,1.31726242e-07,2.23934612e-06,1.44394909e-21,2.59910836e-20,2.76773795e-08,4.70515451e-07,1.19370527e-11,2.14866949e-10,7.17611357e-05,1.43522271e-03
6.26603016e-05,1.99995823e-01,1.49990601e+04,5.21111935e-03,7.12937875e-01,7.12937875e-01,6.91393933e-02,2.76557573e-01,1.89673301e-04,2.27607962e-03,2.09009013e-06,2.71711717e-05,1.22939627e-06,1.59821515e-05,5.68539968e-05,7.95955955e-04,1.60397257e-15,2.40595885e-14,9.31222689e-10,1.30371176e-08,2.96277814e-07,4.44416721e-06,3.62045826e-04,5.79273322e-03,1.31330447e-07,2.23261759e-06,1.53466890e-21,2.76240403e-20,2.94910001e-08,5.01347001e-07,1.26710877e-11,2.28079579e-10,7.17611357e-05,1.43522271e-03
6.67669294e-05,1.99995549e-01,1.49989985e+04,5.55336497e-03,7.12937771e-01,7.12937771e-01,6.91393940e-02,2.76557576e-01,1.89592944e-04,2.27511532e-03,2.08734964e-06,2.71355454e-05,1.30962808e-06,1.70251651e-05,5.68377879e-05,7.95729030e-04,1.71051086e-15,2.56576629e-14,1.05710075e-09,1.47994105e-08,3.15646849e-07,4.73470273e-06,3.62043960e-04,5.79270336e-03,1.30910027e-07,2.22547046e-06,1.63056909e-21,2.93502437e-20,3.14234413e-08,5.34198501e-07,1.34469112e-11,2.42044402e-10,7.17611357e-05,1.43522271e-03
7.11426971e-05,1.99995257e-01,1.49989329e+04,5.91813759e-03,7.12937660e-01,7.12937660e-01,6.91393948e-02,2.76557579e-01,1.89507358e-04,2.27408830e-03,2.08443355e-06,2.70976362e-05,1.39507059e-06,1.81359177e-05,5.68205178e-05,7.95487249e-04,1.82399969e-15,2.73599953e-14,1.19997827e-09,1.67996958e-08,3.36278742e-07,5.04418113e-06,3.62041970e-04,5.79267152e-03,1.30463542e-07,2.21788022e-06,1.73181302e-21,3.11726343e-20,3.34824848e-08,5.69202242e-07,1.42664514e-11,2.56796125e-10,7.17611357e-05,1.43522271e-03
7.58052437e-05,1.99994946e-01,1.49988630e+04,6.30692660e-03,7.12937542e-01,7.12937542e-01,6.91393957e-02,2.76557583e-01,1.89416208e-04,2.27299449e-03,2.08133088e-06,2.70573015e-05,1.48605889e-06,1.93187656e-05,5.68021170e-05,7.95229638e-04,1.94489029e-15,2.91733543e-14,1.36214776e-09,1.90700686e-08,3.58255372e-07,5.37383057e-06,3.62039848e-04,5.79263756e-03,1.29989481e-07,2.20982117e-06,1.83875627e-21,3.30976129e-20,3.56764218e-08,6.06499171e-07,1.51316621e-11,2.72369918e-10,7.17611357e-05,1.43522271e-03
8.07733640e-05,1.99994615e-01,1.49987884e+04,6.72132074e-03,7.12937416e-01,7.12937416e-01,6.91393965e-02,2.76557586e-01,1.89319134e-04,2.27182960e-03,2.07803001e-06,2.70143901e-05,1.58294917e-06,2.05783392e-05,5.67825117e-05,7.94955164e-04,2.07366288e-15,3.11049431e-14,1.54621024e-09,2.16469434e-08,3.81663864e-07,5.72495796e-06,3.62037584e-04,5.79260135e-03,1.29486255e-07,2.20126634e-06,1.95158122e-21,3.51284619e-20,3.80140858e-08,6.46239458e-07,1.60445131e-11,2.88801236e-10,7.17611357e-05,1.43522271e-03
8.60670847e-05,1.99994262e-01,1.49987090e+04,7.16301486e-03,7.12937282e-01,7.12937282e-01,6.91393975e-02,2.76557590e-01,1.89215754e-04,2.27058905e-03,2.07451863e-06,2.69687421e-05,1.68611998e-06,2.19195598e-05,5.67616231e-05,7.94662723e-04,2.21082848e-15,3.31624272e-14,1.75511662e-09,2.45716326e-08,4.06596919e-07,6.09895379e-06,3.62035170e-04,5.79256273e-03,1.28952205e-07,2.19218748e-06,2.07052083e-21,3.72693750e-20,4.05048883e-08,6.88583101e-07,1.70069774e-11,3.06125593e-10,7.17611358e-05,1.43522272e-03
9.17077451e-05,1.99993886e-01,1.49986244e+04,7.63381709e-03,7.12937140e-01,7.12937140e-01,6.91393985e-02,2.76557594e-01,1.89105663e-04,2.26926796e-03,2.07078372e-06,2.69201884e-05,1.79597359e-06,2.33476567e-05,5.67393674e-05,7.94351143e-04,2.35693087e-15,3.53539631e-14,1.99221457e-09,2.78910040e-08,4.33153158e-07,6.49729737e-06,3.62032596e-04,5.79252153e-03,1.28385590e-07,2.18255502e-06,2.19585542e-21,3.95253976e-20,4.31588566e-08,7.33700562e-07,1.80210177e-11,3.24378319e-10,7.17611358e-05,1.43522272e-03
9.77180827e-05,1.99993486e-01,1.49985343e+04,8.13565661e-03,7.12936988e-01,7.12936988e-01,6.91393995e-02,2.76557598e-01,1.88988430e-04,2.26786116e-03,2.06681152e-06,2.68685497e-05,1.91293737e-06,2.48681858e-05,5.67156552e-05,7.94019172e-04,2.51254862e-15,3.76882293e-14,2.26130172e-09,3.16582241e-08,4.61437490e-07,6.92156235e-06,3.62029850e-04,5.79247760e-03,1.27784594e-07,2.17233809e-06,2.32780741e-21,4.19005334e-20,4.59866740e-08,7.81773458e-07,1.90885695e-11,3.43594251e-10,7.17611358e-05,1.43522272e-03
1.04122326e-04,1.99993059e-01,1.49984382e+04,8.67059190e-03,7.12936826e-01,7.12936826e-01,6.91394006e-02,2.76557603e-01,1.88863597e-04,2.26636316e-03,2.06258746e-06,2.68136370e-05,2.03746526e-06,2.64870483e-05,5.66903914e-05,7.93665479e-04,2.67829723e-15,4.01744584e-14,2.56668584e-09,3.59336018e-08,4.91561500e-07,7.37342250e-06,3.62026921e-04,5.79243074e-03,1.27147322e-07,2.16150447e-06,2.46660026e-21,4.43988047e-20,4.89997224e-08,8.32995280e-07,2.02115222e-11,3.63807400e-10,7.17611358e-05,1.43522272e-03
1.10946289e-04,1.99992604e-01,1.49983359e+04,9.24081956e-03,7.12936654e-01,7.12936654e-01,6.91394018e-02,2.76557607e-01,1.88730676e-04,2.26476812e-03,2.05809618e-06,2.67552504e-05,2.17003935e-06,2.82105115e-05,5.66634746e-05,7.93288645e-04,2.85483146e-15,4.28224719e-14,2.91325312e-09,4.07855436e-08,5.23643863e-07,7.85465794e-06,3.62023797e-04,5.79238075e-03,1.26471799e-07,2.15002059e-06,2.61247634e-21,4.70245742e-20,5.22101281e-08,8.87572177e-07,2.13916968e-11,3.85050542e-10,7.17611358e-05,1.43522272e-03
1.18217482e-04,1.99992119e-01,1.49982268e+04,9.84868384e-03,7.12936470e-01,7.12936470e-01,6.91394031e-02,2.76557612e-01,1.88589151e-04,2.26306981e-03,2.05332143e-06,2.66931786e-05,2.31117150e-06,3.00452295e-05,5.66347970e-05,7.92887159e-04,3.04284773e-15,4.56427160e-14,3.30654544e-09,4.62916361e-08,5.57810773e-07,8.36716159e-06,3.62020465e-04,5.79232744e-03,1.25755975e-07,2.13785157e-06,2.76565435e-21,4.97817783e-20,5.56308104e-08,9.45723776e-07,2.26308209e-11,4.07354777e-10,7.17611358e-05,1.43522272e-03
1.25965213e-04,1.99991602e-01,1.49981106e+04,1.04966868e-02,7.12936275e-01,7.12936275e-01,6.91394044e-02,2.76557618e-01,1.88438471e-04,2.26126165e-03,2.04824608e-06,2.66271991e-05,2.46140503e-06,3.19982654e-05,5.66042437e-05,7.92459412e-04,3.24308671e-15,4.86463007e-14,3.75284797e-09,5.25398716e-08,5.94196405e-07,8.91294608e-06,3.62016911e-04,5.79227057e-03,1.24997718e-07,2.12496120e-06,2.92631828e-21,5.26737291e-20,5.92755331e-08,1.00768406e-06,2.39305000e-11,4.30749000e-10,7.17611358e-05,1.43522272e-03
1.34220715e-04,1.99991052e-01,1.49979868e+04,1.11874990e-02,7.12936067e-01,7.12936067e-01,6.91394058e-02,2.76557623e-01,1.88278053e-04,2.25933664e-03,2.04285207e-06,2.65570769e-05,2.62131653e-06,3.40771149e-05,5.65716923e-05,7.92003692e-04,3.45633598e-15,5.18450397e-14,4.25928834e-09,5.96300368e-08,6.32943399e-07,9.49415099e-06,3.62013120e-04,5.79220991e-03,1.24194823e-07,2.11131199e-06,3.09464949e-21,5.57036909e-20,6.31589600e-08,1.07370232e-06,2.52921848e-11,4.55259327e-10,7.17611359e-05,1.43522272e-03
1.43017266e-04,1.99990466e-01,1.49978549e+04,1.19239716e-02,7.12935846e-01,7.12935846e-01,6.91394073e-02,2.76557629e-01,1.88107277e-04,2.25728733e-03,2.03712034e-06,2.64825645e-05,2.79151771e-06,3.62897302e-05,5.65370124e-05,7.91518174e-04,3.68343294e-15,5.52514941e-14,4.83394890e-09,6.76752845e-08,6.74203367e-07,1.01130505e-05,3.62009075e-04,5.79214521e-03,1.23345012e-07,2.09686521e-06,3.27081615e-21,5.88746907e-20,6.72967129e-08,1.14404412e-06,2.67171352e-11,4.80908434e-10,7.17611359e-05,1.43522272e-03
1.52390324e-04,1.99989841e-01,1.49977143e+04,1.27091484e-02,7.12935610e-01,7.12935610e-01,6.91394088e-02,2.76557635e-01,1.87925486e-04,2.25510583e-03,2.03103087e-06,2.64034013e-05,2.97265734e-06,3.86445454e-05,5.65000654e-05,7.91000916e-04,3.92526779e-15,5.88790168e-14,5.48599387e-09,7.68039142e-08,7.18137435e-07,1.07720615e-05,3.62004761e-04,5.79207618e-03,1.22445939e-07,2.08158096e-06,3.45493938e-21,6.21889089e-20,7.17054347e-08,1.21899239e-06,2.82063790e-11,5.07714821e-10,7.17611359e-05,1.43522272e-03
1.62377674e-04,1.99989175e-01,1.49975645e+04,1.35462795e-02,7.12935359e-01,7.12935359e-01,6.91394105e-02,2.76557642e-01,1.87731980e-04,2.25278376e-03,2.02456256e-06,2.63193133e-05,3.16542333e-06,4.11505032e-05,5.64607035e-05,7.90449850e-04,4.18278674e-15,6.27418011e-14,6.22581327e-09,8.71613858e-08,7.64916804e-07,1.14737521e-05,3.62000160e-04,5.79200255e-03,1.21495190e-07,2.06541822e-06,3.64711172e-21,6.56480110e-20,7.64028556e-08,1.29884855e-06,2.97606666e-11,5.35691999e-10,7.17611359e-05,1.43522272e-03
1.73019574e-04,1.99988466e-01,1.49974049e+04,1.44388357e-02,7.12935092e-01,7.12935092e-01,6.91394123e-02,2.76557649e-01,1.87526019e-04,2.25031223e-03,2.01769326e-06,2.62300124e-05,3.37054476e-06,4.38170818e-05,5.64187696e-05,7.89862774e-04,4.45699535e-15,6.68549303e-14,7.06518574e-09,9.89126004e-08,8.14723351e-07,1.22208503e-05,3.61995251e-04,5.79192401e-03,1.20490296e-07,2.04833502e-06,3.84739323e-21,6.92530781e-20,8.14078638e-08,1.38393369e-06,3.13804212e-11,5.64847582e-10,7.17611359e-05,1.43522272e-03
1.84358922e-04,1.99987710e-01,1.49972349e+04,1.53905237e-02,7.12934808e-01,7.12934808e-01,6.91394141e-02,2.76557656e-01,1.87306817e-04,2.24768181e-03,2.01039969e-06,2.61351960e-05,3.58879413e-06,4.66543238e-05,5.63740961e-05,7.89237346e-04,4.74896207e-15,7.12344311e-14,8.01746281e-09,1.12244479e-07,8.67750252e-07,1.30162538e-05,3.61990014e-04,5.79184023e-03,1.19428735e-07,2.03028850e-06,4.05578798e-21,7.30041836e-20,8.67405811e-08,1.47458988e-06,3.30656831e-11,5.95182296e-10,7.17611359e-05,1.43522272e-03
1.96441428e-04,1.99986904e-01,1.49970537e+04,1.64053032e-02,7.12934505e-01,7.12934505e-01,6.91394161e-02,2.76557664e-01,1.87073542e-04,2.24488250e-03,2.00265745e-06,2.60345469e-05,3.82098963e-06,4.96728652e-05,5.63265050e-05,7.88571070e-04,5.05982194e-15,7.58973291e-14,9.09777733e-09,1.27368883e-07,9.24202638e-07,1.38630396e-05,3.61984428e-04,5.79175085e-03,1.18307947e-07,2.01123510e-06,4.27224849e-21,7.69004728e-20,9.24224429e-08,1.57118153e-06,3.48160495e-11,6.26688890e-10,7.17611360e-05,1.43522272e-03
2.09315797e-04,1.99986046e-01,1.49968606e+04,1.74874040e-02,7.12934183e-01,7.12934183e-01,6.91394181e-02,2.76557672e-01,1.86825308e-04,2.24190370e-03,1.99444098e-06,2.59277328e-05,4.06799741e-06,5.28839663e-05,5.62758066e-05,7.87861293e-04,5.39078051e-15,8.08617077e-14,1.03232792e-08,1.44525909e-07,9.84298287e-07,1.47644743e-05,3.61978470e-04,5.79165552e-03,1.17125337e-07,1.99113073e-06,4.49666576e-21,8.09399837e-20,9.84762839e-08,1.67409683e-06,3.66306089e-11,6.59350960e-10,7.17611360e-05,1.43522272e-03
2.23033925e-04,1.99985132e-01,1.49966549e+04,1.86413457e-02,7.12933840e-01,7.12933840e-01,6.91394203e-02,2.76557681e-01,1.86561182e-04,2.23873418e-03,1.98572353e-06,2.58144059e-05,4.33073405e-06,5.62995427e-05,5.62217992e-05,7.87105189e-04,5.74311792e-15,8.61467688e-14,1.17134018e-08,1.63987626e-07,1.04826834e-06,1.57240251e-05,3.61972114e-04,5.79155383e-03,1.15878296e-07,1.96993103e-06,4.72885741e-21,8.51194334e-20,1.04926429e-07,1.78374929e-06,3.85078708e-11,6.93141674e-10,7.17611360e-05,1.43522272e-03
2.37651111e-04,1.99984157e-01,1.49964357e+04,1.98719580e-02,7.12933476e-01,7.12933476e-01,6.91394226e-02,2.76557690e-01,1.86280170e-04,2.23536204e-03,1.97647716e-06,2.56942031e-05,4.61016903e-06,5.99321973e-05,5.61642680e-05,7.86299752e-04,6.11819322e-15,9.17728982e-14,1.32901634e-08,1.86062288e-07,1.11635807e-06,1.67453711e-05,3.61965335e-04,5.79144535e-03,1.14564210e-07,1.94759157e-06,4.96856190e-21,8.94341141e-20,1.11798789e-07,1.90057942e-06,4.04456896e-11,7.28022414e-10,7.17611360e-05,1.43522272e-03
2.53226278e-04,1.99983119e-01,1.49962021e+04,2.11844028e-02,7.12933087e-01,7.12933087e-01,6.91394250e-02,2.76557700e-01,1.85981223e-04,2.23177468e-03,1.96667271e-06,2.55667452e-05,4.90732719e-06,6.37952535e-05,5.61029846e-05,7.85441784e-04,6.51744882e-15,9.77617323e-14,1.50785073e-08,2.11099103e-07,1.18882765e-06,1.78324147e-05,3.61958103e-04,5.79132965e-03,1.13180482e-07,1.92406820e-06,5.21542657e-21,9.38776783e-20,1.19120967e-07,2.02505643e-06,4.24411852e-11,7.63941334e-10,7.17611360e-05,1.43522272e-03
2.69822209e-04,1.99982013e-01,1.49959532e+04,2.25841978e-02,7.12932674e-01,7.12932674e-01,6.91394276e-02,2.76557710e-01,1.85663231e-04,2.22795877e-03,1.95627981e-06,2.54316375e-05,5.22329137e-06,6.79027878e-05,5.60377061e-05,7.84527885e-04,6.94241527e-15,1.04136229e-13,1.71066865e-08,2.39493611e-07,1.26595297e-06,1.89892946e-05,3.61950390e-04,5.79120624e-03,1.11724551e-07,1.89931737e-06,5.46899787e-21,9.84419617e-20,1.26922362e-07,2.15768016e-06,4.44906580e-11,8.00831845e-10,7.17611360e-05,1.43522272e-03
2.87505804e-04,1.99980834e-01,1.49956880e+04,2.40772423e-02,7.12932235e-01,7.12932235e-01,6.91394303e-02,2.76557721e-01,1.85325017e-04,2.22390021e-03,1.94526689e-06,2.52884695e-05,5.55920495e-06,7.22696643e-05,5.59681740e-05,7.83554435e-04,7.39471607e-15,1.10920741e-13,1.94066976e-08,2.71693766e-07,1.34802654e-06,2.02203981e-05,3.61942164e-04,5.79107462e-03,1.10193913e-07,1.87329652e-06,5.72871072e-21,1.03116793e-19,1.35234293e-07,2.29898298e-06,4.65895024e-11,8.38611044e-10,7.17611360e-05,1.43522272e-03
3.06348345e-04,1.99979578e-01,1.49954055e+04,2.56698442e-02,7.12931767e-01,7.12931767e-01,6.91394331e-02,2.76557732e-01,1.84965340e-04,2.21958408e-03,1.93360119e-06,2.51368155e-05,5.91627449e-06,7.69115683e-05,5.58941135e-05,7.82517589e-04,7.87607287e-15,1.18141093e-13,2.20147711e-08,3.08206795e-07,1.43535829e-06,2.15303744e-05,3.61933390e-04,5.79093424e-03,1.08586150e-07,1.84596455e-06,5.99387708e-21,1.07889787e-19,1.44090116e-07,2.44953198e-06,4.87321167e-11,8.77178101e-10,7.17611361e-05,1.43522272e-03
3.26425788e-04,1.99978239e-01,1.49951044e+04,2.73687500e-02,7.12931270e-01,7.12931270e-01,6.91394361e-02,2.76557744e-01,1.84582885e-04,2.21499462e-03,1.92124879e-06,2.49762342e-05,6.29577233e-06,8.18450403e-05,5.58152327e-05,7.81413257e-04,8.38831075e-15,1.25824661e-13,2.49719243e-08,3.49606940e-07,1.52827659e-06,2.29241488e-05,3.61924033e-04,5.79078453e-03,1.06898958e-07,1.81728228e-06,6.26367514e-21,1.12746153e-19,1.53525362e-07,2.60993116e-06,5.09118131e-11,9.16412636e-10,7.17611361e-05,1.43522272e-03
3.47819065e-04,1.99976813e-01,1.49947836e+04,2.91811759e-02,7.12930741e-01,7.12930741e-01,6.91394392e-02,2.76557757e-01,1.84176265e-04,2.21011518e-03,1.90817464e-06,2.48062703e-05,6.69903919e-06,8.70875094e-05,5.57312209e-05,7.80237092e-04,8.93336372e-15,1.34000456e-13,2.83245849e-08,3.96544189e-07,1.62712910e-06,2.44069364e-05,3.61914055e-04,5.79062488e-03,1.05130180e-07,1.78721307e-06,6.53713806e-21,1.17668485e-19,1.63577874e-07,2.78082385e-06,5.31207285e-11,9.56173114e-10,7.17611361e-05,1.43522272e-03
3.70614414e-04,1.99975294e-01,1.49944418e+04,3.11148426e-02,7.12930179e-01,7.12930179e-01,6.91394425e-02,2.76557770e-01,1.83744017e-04,2.20492821e-03,1.89434262e-06,2.46264541e-05,7.12748669e-06,9.26573269e-05,5.56417483e-05,7.78984476e-04,9.51328046e-15,1.42699207e-13,3.21252942e-08,4.49754119e-07,1.73228380e-06,2.59842570e-05,3.61903415e-04,5.79045464e-03,1.03277844e-07,1.75572334e-06,6.81314340e-21,1.22636581e-19,1.74287955e-07,2.96289524e-06,5.53497382e-11,9.96295288e-10,7.17611361e-05,1.43522272e-03
3.94903723e-04,1.99973675e-01,1.49940776e+04,3.31780113e-02,7.12929581e-01,7.12929581e-01,6.91394460e-02,2.76557784e-01,1.83284596e-04,2.19941515e-03,1.87971565e-06,2.44363035e-05,7.58259982e-06,9.85737976e-05,5.55464645e-05,7.77650503e-04,1.01302302e-14,1.51953453e-13,3.64334992e-08,5.10068988e-07,1.84413001e-06,2.76619501e-05,3.61892069e-04,5.79027311e-03,1.01340197e-07,1.72278335e-06,7.09040318e-21,1.27627257e-19,1.85698534e-07,3.15687508e-06,5.75883757e-11,1.03659076e-09,7.17611361e-05,1.43522272e-03
4.20784904e-04,1.99971950e-01,1.49936896e+04,3.53795237e-02,7.12928945e-01,7.12928945e-01,6.91394496e-02,2.76557798e-01,1.82796373e-04,2.19355648e-03,1.86425572e-06,2.42353243e-05,8.06593929e-06,1.04857211e-04,5.54449973e-05,7.76229962e-04,1.07865089e-14,1.61797633e-13,4.13164449e-08,5.78430229e-07,1.96307934e-06,2.94461901e-05,3.61879973e-04,5.79007957e-03,9.93157587e-08,1.68836790e-06,7.36745497e-21,1.32614189e-19,1.97855327e-07,3.36354055e-06,5.98247613e-11,1.07684570e-09,7.17611361e-05,1.43522272e-03
4.48362284e-04,1.99970111e-01,1.49932761e+04,3.77288440e-02,7.12928269e-01,7.12928269e-01,6.91394534e-02,2.76557814e-01,1.82277635e-04,2.18733162e-03,1.84792404e-06,2.40230125e-05,8.57914375e-06,1.11528869e-04,5.53369517e-05,7.74717324e-04,1.14845451e-14,1.72268177e-13,4.68501790e-08,6.55902506e-07,2.08956681e-06,3.13435022e-05,3.61867077e-04,5.78987322e-03,9.72033587e-08,1.65245710e-06,7.64265458e-21,1.37567783e-19,2.10807020e-07,3.58371934e-06,6.20455433e-11,1.11681978e-09,7.17611361e-05,1.43522272e-03
4.77747029e-04,1.99968153e-01,1.49928355e+04,4.02361047e-02,7.12927551e-01,7.12927551e-01,6.91394574e-02,2.76557830e-01,1.81726577e-04,2.18071892e-03,1.83068120e-06,2.37988556e-05,9.12393172e-06,1.18611112e-04,5.52219085e-05,7.73106719e-04,1.22269070e-14,1.83403605e-13,5.31206813e-08,7.43689538e-07,2.22405185e-06,3.33607778e-05,3.61853328e-04,5.78965325e-03,9.50021936e-08,1.61503729e-06,7.91417085e-21,1.42455075e-19,2.24605463e-07,3.81829286e-06,6.42358558e-11,1.15624541e-09,7.17611361e-05,1.43522272e-03
5.09057590e-04,1.99966066e-01,1.49923661e+04,4.29121555e-02,7.12926787e-01,7.12926787e-01,6.91394616e-02,2.76557847e-01,1.81141301e-04,2.17369561e-03,1.81248731e-06,2.35623350e-05,9.70210340e-06,1.26127344e-04,5.50994231e-05,7.71391923e-04,1.30163080e-14,1.95244620e-13,6.02251342e-08,8.43151878e-07,2.36701939e-06,3.55052908e-05,3.61838673e-04,5.78941876e-03,9.27118792e-08,1.57610195e-06,8.17998292e-21,1.47239693e-19,2.39305867e-07,4.06819975e-06,6.63792986e-11,1.19482737e-09,7.17611361e-05,1.43522272e-03
5.42420181e-04,1.99963842e-01,1.49918659e+04,4.57686155e-02,7.12925976e-01,7.12925976e-01,6.91394660e-02,2.76557864e-01,1.80519814e-04,2.16623777e-03,1.79330219e-06,2.33129285e-05,1.03155421e-05,1.34102047e-04,5.49690240e-05,7.69566336e-04,1.38556140e-14,2.07834210e-13,6.82733499e-08,9.55826898e-07,2.51898089e-06,3.77847133e-05,3.61823051e-04,5.78916882e-03,9.03325074e-08,1.53565263e-06,8.43788098e-21,1.51881858e-19,2.54967028e-07,4.33443948e-06,6.84579427e-11,1.23224297e-09,7.17611361e-05,1.43522272e-03
5.77969288e-04,1.99961472e-01,1.49913330e+04,4.88179303e-02,7.12925115e-01,7.12925115e-01,6.91394707e-02,2.76557883e-01,1.79860025e-04,2.15832030e-03,1.77308565e-06,2.30501134e-05,1.09662153e-05,1.42560798e-04,5.48302118e-05,7.67622966e-04,1.47478497e-14,2.21217746e-13,7.73893725e-08,1.08345121e-06,2.68047543e-06,4.02071315e-05,3.61806402e-04,5.78890242e-03,8.78647064e-08,1.49370001e-06,8.68547085e-21,1.56338475e-19,2.71651549e-07,4.61807633e-06,7.04523699e-11,1.26814266e-09,7.17611362e-05,1.43522272e-03
6.15848211e-04,1.99958948e-01,1.49907651e+04,5.20734314e-02,7.12924199e-01,7.12924199e-01,6.91394755e-02,2.76557902e-01,1.79159741e-04,2.14991689e-03,1.75179770e-06,2.27733701e-05,1.16561751e-05,1.51530276e-04,5.46824577e-05,7.65554407e-04,1.56962051e-14,2.35443077e-13,8.77132755e-08,1.22798586e-06,2.85207072e-06,4.27810608e-05,3.61788657e-04,5.78861851e-03,8.53097020e-08,1.45026493e-06,8.92018342e-21,1.60563302e-19,2.89426087e-07,4.92024347e-06,7.23417491e-11,1.30215148e-09,7.17611362e-05,1.43522272e-03
6.56209641e-04,1.99956257e-01,1.49901601e+04,5.55494013e-02,7.12923228e-01,7.12923228e-01,6.91394805e-02,2.76557922e-01,1.78416668e-04,2.14100001e-03,1.72939893e-06,2.24821861e-05,1.23875586e-05,1.61038261e-04,5.45252017e-05,7.63352824e-04,1.67040422e-14,2.50560633e-13,9.94031762e-08,1.39164447e-06,3.03436408e-06,4.55154612e-05,3.61769747e-04,5.78831595e-03,8.26693798e-08,1.40537946e-06,9.13928947e-21,1.64507211e-19,3.08361613e-07,5.24214741e-06,7.41039591e-11,1.33387126e-09,7.17611362e-05,1.43522272e-03
6.99216276e-04,1.99953391e-01,1.49895154e+04,5.92611425e-02,7.12922196e-01,7.12922196e-01,6.91394858e-02,2.76557943e-01,1.77628405e-04,2.13154086e-03,1.70585079e-06,2.21760603e-05,1.31625868e-05,1.71113629e-04,5.43578520e-05,7.61009928e-04,1.77749010e-14,2.66623515e-13,1.12637492e-07,1.57692489e-06,3.22798342e-06,4.84197513e-05,3.61749596e-04,5.78799354e-03,7.99463481e-08,1.35908792e-06,9.33992089e-21,1.68118576e-19,3.28533686e-07,5.58507266e-06,7.57157613e-11,1.36288370e-09,7.17611362e-05,1.43522272e-03
7.45041477e-04,1.99950337e-01,1.49888285e+04,6.32250504e-02,7.12921100e-01,7.12921100e-01,6.91394913e-02,2.76557965e-01,1.76792448e-04,2.12150938e-03,1.68111604e-06,2.18545086e-05,1.39835640e-05,1.81786332e-04,5.41797830e-05,7.58516962e-04,1.89125062e-14,2.83687594e-13,1.27617464e-07,1.78664449e-06,3.43358811e-06,5.15038217e-05,3.61728124e-04,5.78764999e-03,7.71439982e-08,1.31144797e-06,9.51909883e-21,1.71343779e-19,3.50022747e-07,5.95038669e-06,7.71530298e-11,1.38875454e-09,7.17611362e-05,1.43522272e-03
7.93869969e-04,1.99947082e-01,1.49880967e+04,6.74586914e-02,7.12919938e-01,7.12919938e-01,6.91394971e-02,2.76557988e-01,1.75906185e-04,2.11087422e-03,1.65515920e-06,2.15170697e-05,1.48528747e-05,1.93087371e-04,5.39903344e-05,7.55864682e-04,2.01207727e-14,3.01811591e-13,1.44569979e-07,2.02397970e-06,3.65186979e-06,5.47780469e-05,3.61705247e-04,5.78728394e-03,7.42665629e-08,1.26253157e-06,9.67376957e-21,1.74127852e-19,3.72914425e-07,6.33954522e-06,7.83910442e-11,1.41103880e-09,7.17611362e-05,1.43522272e-03
8.45898580e-04,1.99943615e-01,1.49873169e+04,7.19808858e-02,7.12918705e-01,7.12918705e-01,6.91395031e-02,2.76558012e-01,1.74966898e-04,2.09960278e-03,1.62794703e-06,2.11633113e-05,1.57729809e-05,2.05048752e-04,5.37888098e-05,7.53043337e-04,2.14038111e-14,3.21057166e-13,1.63750716e-07,2.29251003e-06,3.88355308e-06,5.82532961e-05,3.61680872e-04,5.78689395e-03,7.13191699e-08,1.21242589e-06,9.80084863e-21,1.76415275e-19,3.97299872e-07,6.75409782e-06,7.94048482e-11,1.42928727e-09,7.17611362e-05,1.43522272e-03
9.01337039e-04,1.99939920e-01,1.49864860e+04,7.68117939e-02,7.12917398e-01,7.12917398e-01,6.91395093e-02,2.76558037e-01,1.73971765e-04,2.08766118e-03,1.59944907e-06,2.07928379e-05,1.67464176e-05,2.17703429e-04,5.35744754e-05,7.50042655e-04,2.27659327e-14,3.41488990e-13,1.85447663e-07,2.59626728e-06,4.12939611e-06,6.19409416e-05,3.61654904e-04,5.78647846e-03,6.83078876e-08,1.16123409e-06,9.89727332e-21,1.78150920e-19,4.23276108e-07,7.19569383e-06,8.01696784e-11,1.44305421e-09,7.17611362e-05,1.43522272e-03
9.60408821e-04,1.99935983e-01,1.49856008e+04,8.19730079e-02,7.12916011e-01,7.12916011e-01,6.91395158e-02,2.76558063e-01,1.72917858e-04,2.07501430e-03,1.56963832e-06,2.04052982e-05,1.77757868e-05,2.31085228e-04,5.33465590e-05,7.46851826e-04,2.42116537e-14,3.63174805e-13,2.09985020e-07,2.93979027e-06,4.39019098e-06,6.58528648e-05,3.61627239e-04,5.78603582e-03,6.52397629e-08,1.10907597e-06,9.96006403e-21,1.79281153e-19,4.50946392e-07,7.66608867e-06,8.06614626e-11,1.45190633e-09,7.17611362e-05,1.43522272e-03
1.02335205e-03,1.99931788e-01,1.49846576e+04,8.74876461e-02,7.12914541e-01,7.12914541e-01,6.91395226e-02,2.76558090e-01,1.71802152e-04,2.06162583e-03,1.53849184e-06,2.00003939e-05,1.88637505e-05,2.45228757e-04,5.31042494e-05,7.43459492e-04,2.57456990e-14,3.86185484e-13,2.37727552e-07,3.32818573e-06,4.66676398e-06,7.00014597e-05,3.61597768e-04,5.78556429e-03,6.21228466e-08,1.05608839e-06,9.98639387e-21,1.79755090e-19,4.80420620e-07,8.16715054e-06,8.08573859e-11,1.45543295e-09,7.17611362e-05,1.43522272e-03
1.09042044e-03,1.99927319e-01,1.49836526e+04,9.33804509e-02,7.12912984e-01,7.12912984e-01,6.91395296e-02,2.76558118e-01,1.70621524e-04,2.04745828e-03,1.50599149e-06,1.95778893e-05,2.00130216e-05,2.60169280e-04,5.28466952e-05,7.39853732e-04,2.73730041e-14,4.10595061e-13,2.69085419e-07,3.76719586e-06,4.95997552e-06,7.43996327e-05,3.61566375e-04,5.78506200e-03,5.89662041e-08,1.00242547e-06,9.97366594e-21,1.79525987e-19,5.11815734e-07,8.70086748e-06,8.07365190e-11,1.45325734e-09,7.17611362e-05,1.43522272e-03
1.16188436e-03,1.99922556e-01,1.49825819e+04,9.96778886e-02,7.12911334e-01,7.12911334e-01,6.91395368e-02,2.76558147e-01,1.69372759e-04,2.03247310e-03,1.47212473e-06,1.91376214e-05,2.12263525e-05,2.75942583e-04,5.25730045e-05,7.36022063e-04,2.90987169e-14,4.36480754e-13,3.04519519e-07,4.26327327e-06,5.27071992e-06,7.90607988e-05,3.61532935e-04,5.78452696e-03,5.57799096e-08,9.48258462e-07,9.91959722e-21,1.78552750e-19,5.45256170e-07,9.26935489e-06,8.02804988e-11,1.44504898e-09,7.17611362e-05,1.43522272e-03
1.23803188e-03,1.99917482e-01,1.49814410e+04,1.06408249e-01,7.12909587e-01,7.12909587e-01,6.91395443e-02,2.76558177e-01,1.68052561e-04,2.01663073e-03,1.43688543e-06,1.86795105e-05,2.25065228e-05,2.92584796e-04,5.22822449e-05,7.31951429e-04,3.09281974e-14,4.63922961e-13,3.44547421e-07,4.82366389e-06,5.59992480e-06,8.39988720e-05,3.61497316e-04,5.78395705e-03,5.25750186e-08,8.93775316e-07,9.82230713e-21,1.76801528e-19,5.80874322e-07,9.87486348e-06,7.94742479e-11,1.43053646e-09,7.17611362e-05,1.43522272e-03
1.31916996e-03,1.99912075e-01,1.49802255e+04,1.13601746e-01,7.12907739e-01,7.12907739e-01,6.91395521e-02,2.76558208e-01,1.66657558e-04,1.99989070e-03,1.40027473e-06,1.82035716e-05,2.38563227e-05,3.10132196e-04,5.19734433e-05,7.27628206e-04,3.28670158e-14,4.93005237e-13,3.89749897e-07,5.45649856e-06,5.94855011e-06,8.92282517e-05,3.61459377e-04,5.78335004e-03,4.93635186e-08,8.39179817e-07,9.68040858e-21,1.74247354e-19,6.18811040e-07,1.05197877e-05,7.83067116e-11,1.40952081e-09,7.17611362e-05,1.43522272e-03
1.40562565e-03,1.99906314e-01,1.49789304e+04,1.21290608e-01,7.12905783e-01,7.12905783e-01,6.91395602e-02,2.76558241e-01,1.65184317e-04,1.98221181e-03,1.36230200e-06,1.77099260e-05,2.52785356e-05,3.28620963e-04,5.16455865e-05,7.23038211e-04,3.49209490e-14,5.23814235e-13,4.40778135e-07,6.17089389e-06,6.31758679e-06,9.47638019e-05,3.61418969e-04,5.78270351e-03,4.61582529e-08,7.84690300e-07,9.49309841e-21,1.70875771e-19,6.59216151e-07,1.12066746e-05,7.67715909e-11,1.38188864e-09,7.17611362e-05,1.43522272e-03
1.49774748e-03,1.99900175e-01,1.49775506e+04,1.29509170e-01,7.12903714e-01,7.12903714e-01,6.91395685e-02,2.76558274e-01,1.63629354e-04,1.96355224e-03,1.32298571e-06,1.71988142e-05,2.67759160e-05,3.48086908e-04,5.12976225e-05,7.18166716e-04,3.70959743e-14,5.56439615e-13,4.98361663e-07,6.97706329e-06,6.70805487e-06,1.00620823e-04,3.61375933e-04,5.78201492e-03,4.29728165e-08,7.30537881e-07,9.26024344e-21,1.66684382e-19,7.02249017e-07,1.19382333e-05,7.48680374e-11,1.34762467e-09,7.17611362e-05,1.43522272e-03
1.59590678e-03,1.99893635e-01,1.49760805e+04,1.38293943e-01,7.12901528e-01,7.12901528e-01,6.91395770e-02,2.76558308e-01,1.61989149e-04,1.94386979e-03,1.28235442e-06,1.66706074e-05,2.83511655e-05,3.68565152e-04,5.09284618e-05,7.12998465e-04,3.93982614e-14,5.90973921e-13,5.63317043e-07,7.88643860e-06,7.12100109e-06,1.06815016e-04,3.61330098e-04,5.78128157e-03,3.98214223e-08,6.76964179e-07,8.98245805e-21,1.61684245e-19,7.48079121e-07,1.27173451e-05,7.26012799e-11,1.30682304e-09,7.17611362e-05,1.43522272e-03
1.70049924e-03,1.99886666e-01,1.49745142e+04,1.47683673e-01,7.12899218e-01,7.12899218e-01,6.91395859e-02,2.76558343e-01,1.60260170e-04,1.92312204e-03,1.24044774e-06,1.61258206e-05,3.00069041e-05,3.90089754e-04,5.05369797e-05,7.07517715e-04,4.18341605e-14,6.27512407e-13,6.36557379e-07,8.91180331e-06,7.55749589e-06,1.13362438e-04,3.61281285e-04,5.78050056e-03,3.67187359e-08,6.24218510e-07,8.66116836e-21,1.55901031e-19,7.96886685e-07,1.35470736e-05,6.99831392e-11,1.25969651e-09,7.17611362e-05,1.43522272e-03
1.81194647e-03,1.99879240e-01,1.49728454e+04,1.57719370e-01,7.12896778e-01,7.12896778e-01,6.91395950e-02,2.76558380e-01,1.58438891e-04,1.90126669e-03,1.19731725e-06,1.55651242e-05,3.17456385e-05,4.12693300e-04,5.01220192e-05,7.01708268e-04,4.44101876e-14,6.66152814e-13,7.19102692e-07,1.00674377e-05,8.01862966e-06,1.20279445e-04,3.61229302e-04,5.77966884e-03,3.36796802e-08,5.72554563e-07,8.29865805e-21,1.49375845e-19,8.48863326e-07,1.44306765e-05,6.70323935e-11,1.20658308e-09,7.17611362e-05,1.43522272e-03
1.93069773e-03,1.99871328e-01,1.49710675e+04,1.68444298e-01,7.12894204e-01,7.12894204e-01,6.91396043e-02,2.76558417e-01,1.56521816e-04,1.87826179e-03,1.15302735e-06,1.49893556e-05,3.35697252e-05,4.36406428e-04,4.96823951e-05,6.95553532e-04,4.71330062e-14,7.06995093e-13,8.12091190e-07,1.13692767e-05,8.50550824e-06,1.27582624e-04,3.61173946e-04,5.77878313e-03,3.07192099e-08,5.22226568e-07,7.89809054e-21,1.42165630e-19,9.04212748e-07,1.53716167e-05,6.37749511e-11,1.14794912e-09,7.17611362e-05,1.43522272e-03
2.05723170e-03,1.99862898e-01,1.49691732e+04,1.79903925e-01,7.12891489e-01,7.12891489e-01,6.91396139e-02,2.76558456e-01,1.54505510e-04,1.85406613e-03,1.10765614e-06,1.43995298e-05,3.54813304e-05,4.61257295e-04,4.92168988e-05,6.89036583e-04,5.00094043e-14,7.50141065e-13,9.16791478e-07,1.28350807e-05,9.01924759e-06,1.35288714e-04,3.61114999e-04,5.77783998e-03,2.78520598e-08,4.73485016e-07,7.46350292e-21,1.34343052e-19,9.63151469e-07,1.63735750e-05,6.02437912e-11,1.08438824e-09,7.17611362e-05,1.43522272e-03
2.19205845e-03,1.99853916e-01,1.49671551e+04,1.92145802e-01,7.12888627e-01,7.12888627e-01,6.91396238e-02,2.76558495e-01,1.52386633e-04,1.82863960e-03,1.06129606e-06,1.37968487e-05,3.74823832e-05,4.87270982e-04,4.87243037e-05,6.82140252e-04,5.30462674e-14,7.95694010e-13,1.03461573e-06,1.44846202e-05,9.56096742e-06,1.43414511e-04,3.61052232e-04,5.77683571e-03,2.50924703e-08,4.26571995e-07,6.99976721e-21,1.25995810e-19,1.02590959e-06,1.74404631e-05,5.64786403e-11,1.01661552e-09,7.17611362e-05,1.43522272e-03
2.33572147e-03,1.99844346e-01,1.49650051e+04,2.05219362e-01,7.12885612e-01,7.12885612e-01,6.91396340e-02,2.76558536e-01,1.50161973e-04,1.80194367e-03,1.01405448e-06,1.31827083e-05,3.95745259e-05,5.14468837e-04,4.82033729e-05,6.74847221e-04,5.62505455e-14,8.43758183e-13,1.16713383e-06,1.63398736e-05,1.01317838e-05,1.51976758e-04,3.60985399e-04,5.77576639e-03,2.24538974e-08,3.81716255e-07,6.51251613e-21,1.17225290e-19,1.09273161e-06,1.85764374e-05,5.25253578e-11,9.45456440e-10,7.17611362e-05,1.43522272e-03
2.48879987e-03,1.99834149e-01,1.49627144e+04,2.19175612e-01,7.12882439e-01,7.12882439e-01,6.91396444e-02,2.76558578e-01,1.47828487e-04,1.77394184e-03,9.66054120e-07,1.25587036e-05,4.17590571e-05,5.42867743e-04,4.76528674e-05,6.67140144e-04,5.96292159e-14,8.94438239e-13,1.31608849e-06,1.84252389e-05,1.07328008e-05,1.60992013e-04,3.60914242e-04,5.77462787e-03,1.99487142e-08,3.39128142e-07,6.00803170e-21,1.08144571e-19,1.16387727e-06,1.97859136e-05,4.84350222e-11,8.71830400e-10,7.17611362e-05,1.43522272e-03
2.65191071e-03,1.99823284e-01,1.49602740e+04,2.34066694e-01,7.12879100e-01,7.12879100e-01,6.91396551e-02,2.76558620e-01,1.45383351e-04,1.74460021e-03,9.17433154e-07,1.19266310e-05,4.40368705e-05,5.72479316e-04,4.70715558e-05,6.59001782e-04,6.31892381e-14,9.47838572e-13,1.48341129e-06,2.07677581e-05,1.13651006e-05,1.70476509e-04,3.60838483e-04,5.77341573e-03,1.75879150e-08,2.98994554e-07,5.49309752e-21,9.88757554e-20,1.23962245e-06,2.10735816e-05,4.42627215e-11,7.96728987e-10,7.17611362e-05,1.43522272e-03
2.82571150e-03,1.99811708e-01,1.49576742e+04,2.49945272e-01,7.12875592e-01,7.12875592e-01,6.91396661e-02,2.76558664e-01,1.42824005e-04,1.71388806e-03,8.68345162e-07,1.12884871e-05,4.64083874e-05,6.03309036e-04,4.64582260e-05,6.50415164e-04,6.69375038e-14,1.00406256e-12,1.67123965e-06,2.33973551e-05,1.20297323e-05,1.80445985e-04,3.60757830e-04,5.77212528e-03,1.53808312e-08,2.61474131e-07,4.97481754e-21,8.95467158e-20,1.32026010e-06,2.24444218e-05,4.00660730e-11,7.21189315e-10,7.17611362e-05,1.43522272e-03
3.01090284e-03,1.99799374e-01,1.49549044e+04,2.66863714e-01,7.12871907e-01,7.12871907e-01,6.91396773e-02,2.76558709e-01,1.40148213e-04,1.68177855e-03,8.18958703e-07,1.06464631e-05,4.88734844e-05,6.35355297e-04,4.58116982e-05,6.41363775e-04,7.08807789e-14,1.06321168e-12,1.88193456e-06,2.63470838e-05,1.27276999e-05,1.90915498e-04,3.60671972e-04,5.77075155e-03,1.33348749e-08,2.26692873e-07,4.46040706e-21,8.02873272e-20,1.40610127e-06,2.39037216e-05,3.59035209e-11,6.46263376e-10,7.17611362e-05,1.43522272e-03
3.20823125e-03,1.99786232e-01,1.49519536e+04,2.84873021e-01,7.12868041e-01,7.12868041e-01,6.91396889e-02,2.76558756e-01,1.37354117e-04,1.64824940e-03,7.69456563e-07,1.00029353e-05,5.14314151e-05,6.68608397e-04,4.51308397e-05,6.31831756e-04,7.50256386e-14,1.12538458e-12,2.11809903e-06,2.96533865e-05,1.34599479e-05,2.01899218e-04,3.60580577e-04,5.76928923e-03,1.14553193e-08,1.94740428e-07,3.95696428e-21,7.12253570e-20,1.49747609e-06,2.54570935e-05,3.18324779e-11,5.72984602e-10,7.17611362e-05,1.43522272e-03
3.41849215e-03,1.99772230e-01,1.49488102e+04,3.04021450e-01,7.12863989e-01,7.12863989e-01,6.91397008e-02,2.76558803e-01,1.34440306e-04,1.61328367e-03,7.20034603e-07,9.36044984e-06,5.40807268e-05,7.03049449e-04,4.44145820e-05,6.21804147e-04,7.93783945e-14,1.19067592e-12,2.38259711e-06,3.33563595e-05,1.42273461e-05,2.13410192e-04,3.60483296e-04,5.76773274e-03,9.74513240e-09,1.65667251e-07,3.47123324e-21,6.24821983e-20,1.59473486e-06,2.71104927e-05,2.79074021e-11,5.02333238e-10,7.17611362e-05,1.43522272e-03
3.64253312e-03,1.99757312e-01,1.49454614e+04,3.24352761e-01,7.12859744e-01,7.12859744e-01,6.91397130e-02,2.76558852e-01,1.31405883e-04,1.57687060e-03,6.70900184e-07,8.72170240e-06,5.68191725e-05,7.38649242e-04,4.36619389e-05,6.11267145e-04,8.39450143e-14,1.25917522e-12,2.67857310e-06,3.75000234e-05,1.50306729e-05,2.25460094e-04,3.60379756e-04,5.76607610e-03,8.20487376e-09,1.39482854e-07,3.00937101e-21,5.41686781e-20,1.69824924e-06,2.88702370e-05,2.41779115e-11,4.35202407e-10,7.17611362e-05,1.43522272e-03
3.88125727e-03,1.99741417e-01,1.49418940e+04,3.45904050e-01,7.12855304e-01,7.12855304e-01,6.91397255e-02,2.76558902e-01,1.28250537e-04,1.53900645e-03,6.22270141e-07,8.08951184e-06,5.96436186e-05,7.75367042e-04,4.28720278e-05,6.00208389e-04,8.87310329e-14,1.33096549e-12,3.00947090e-06,4.21325927e-05,1.58705961e-05,2.38058942e-04,3.60269564e-04,5.76431302e-03,6.83266529e-09,1.16155310e-07,2.57673297e-21,4.63811934e-20,1.80841333e-06,3.07430267e-05,2.06870513e-11,3.72366924e-10,7.17611362e-05,1.43522272e-03
4.13562692e-03,1.99724481e-01,1.49380937e+04,3.68703088e-01,7.12850663e-01,7.12850663e-01,6.91397384e-02,2.76558954e-01,1.24974621e-04,1.49969545e-03,5.74368288e-07,7.46678775e-06,6.25499504e-05,8.13149356e-04,4.20440914e-05,5.88617280e-04,9.37414560e-14,1.40612184e-12,3.37905304e-06,4.73067425e-05,1.67476535e-05,2.51214803e-04,3.60152299e-04,5.76243679e-03,5.62424297e-09,9.56121304e-08,2.17769044e-21,3.91984280e-20,1.92564501e-06,3.27359652e-05,1.74698281e-11,3.14456906e-10,7.17611362e-05,1.43522272e-03
4.40666743e-03,1.99706438e-01,1.49340454e+04,3.92765109e-01,7.12845819e-01,7.12845819e-01,6.91397516e-02,2.76559006e-01,1.21579228e-04,1.45895073e-03,5.27422463e-07,6.85649202e-06,6.55329744e-05,8.51928668e-04,4.11775227e-05,5.76485318e-04,9.89806563e-14,1.48470985e-12,3.79141885e-06,5.30798639e-05,1.76622311e-05,2.64933467e-04,3.60027521e-04,5.76044033e-03,4.57309242e-09,7.77425712e-08,1.81549355e-21,3.26788840e-20,2.05038714e-06,3.48565813e-05,1.45521153e-11,2.61938075e-10,7.17611362e-05,1.43522272e-03
4.69547138e-03,1.99687213e-01,1.49297330e+04,4.18089018e-01,7.12840768e-01,7.12840768e-01,6.91397653e-02,2.76559061e-01,1.18066274e-04,1.41679529e-03,4.81661126e-07,6.26159464e-06,6.85863210e-05,8.91622173e-04,4.02718904e-05,5.63806466e-04,1.04452262e-13,1.56678393e-12,4.25102155e-06,5.95143017e-05,1.86145405e-05,2.79218107e-04,3.59894757e-04,5.75831611e-03,3.67066692e-09,6.24013376e-08,1.49218975e-21,2.68594156e-20,2.18310889e-06,3.71128511e-05,1.19500140e-11,2.15100251e-10,7.17611362e-05,1.43522272e-03
5.00320295e-03,1.99666731e-01,1.49251394e+04,4.44652992e-01,7.12835508e-01,7.12835508e-01,6.91397793e-02,2.76559117e-01,1.14438580e-04,1.37326296e-03,4.37309562e-07,5.68502430e-06,7.17023482e-05,9.32130526e-04,3.93269667e-05,5.50577534e-04,1.10159041e-13,1.65238561e-12,4.76268334e-06,6.66775668e-05,1.96045947e-05,2.94068920e-04,3.59753511e-04,5.75605618e-03,2.90668076e-09,4.94135730e-08,1.20860483e-21,2.17548870e-20,2.32430717e-06,3.95132219e-05,9.66972270e-12,1.74055009e-10,7.17611362e-05,1.43522272e-03
5.33110262e-03,1.99644909e-01,1.49202462e+04,4.72409492e-01,7.12830038e-01,7.12830038e-01,6.91397937e-02,2.76559175e-01,1.10699948e-04,1.32839937e-03,3.94585738e-07,5.12961460e-06,7.48720495e-05,9.73336643e-04,3.83427557e-05,5.36798579e-04,1.16102775e-13,1.74154162e-12,5.33160799e-06,7.46425119e-05,2.06321838e-05,3.09482758e-04,3.59603257e-04,5.75365211e-03,2.26946610e-09,3.85809237e-08,9.64388418e-22,1.73589915e-20,2.47450800e-06,4.20666360e-05,7.70793053e-12,1.38742750e-10,7.17611362e-05,1.43522272e-03
5.68049216e-03,1.99621659e-01,1.49150342e+04,5.01279794e-01,7.12824358e-01,7.12824358e-01,6.91398086e-02,2.76559234e-01,1.06855239e-04,1.28226287e-03,3.53695936e-07,4.59804717e-06,7.80849675e-05,1.01510458e-03,3.73195226e-05,5.22473316e-04,1.22284138e-13,1.83426207e-12,5.96339004e-06,8.34874605e-05,2.16968494e-05,3.25452741e-04,3.59443436e-04,5.75109498e-03,1.74637606e-09,2.96883931e-08,7.58120721e-22,1.36461730e-20,2.63426797e-06,4.47825554e-05,6.05270512e-12,1.08948692e-10,7.17611362e-05,1.43522272e-03
6.05277998e-03,1.99596888e-01,1.49094825e+04,5.31148189e-01,7.12818466e-01,7.12818466e-01,6.91398239e-02,2.76559296e-01,1.02910449e-04,1.23492539e-03,3.14830248e-07,4.09279323e-06,8.13291176e-05,1.05727853e-03,3.62578235e-05,5.07609529e-04,1.28702567e-13,1.93053851e-12,6.66401966e-06,9.32962753e-05,2.27978591e-05,3.41967887e-04,3.59273460e-04,5.74837536e-03,1.32421334e-09,2.25116269e-08,5.87472121e-22,1.05744982e-20,2.80417575e-06,4.76709878e-05,4.68480581e-12,8.43265046e-11,7.17611362e-05,1.43522272e-03
6.44946677e-03,1.99570497e-01,1.49035693e+04,5.61856138e-01,7.12812366e-01,7.12812366e-01,6.91398396e-02,2.76559359e-01,9.88727672e-05,1.18647321e-03,2.78158115e-07,3.61605549e-06,8.45909237e-05,1.09968201e-03,3.51585342e-05,4.92219478e-04,1.35356137e-13,2.03034206e-12,7.43988225e-06,1.04158352e-04,2.39341816e-05,3.59012724e-04,3.59092704e-04,5.74548326e-03,9.89660713e-10,1.68242321e-08,4.49402556e-22,8.08924600e-21,2.98485365e-06,5.07425120e-05,3.57931382e-12,6.44276488e-11,7.17611362e-05,1.43522272e-03
6.87215161e-03,1.99542381e-01,1.48972711e+04,5.93196813e-01,7.12806059e-01,7.12806059e-01,6.91398558e-02,2.76559423e-01,9.47506338e-05,1.13700761e-03,2.43824047e-07,3.16971261e-06,8.78551718e-05,1.14211723e-03,3.40228782e-05,4.76320295e-04,1.42241437e-13,2.13362155e-12,8.29775151e-06,1.16168521e-04,2.51044625e-05,3.76566938e-04,3.58900510e-04,5.74240816e-03,7.29689644e-10,1.24047239e-08,3.40384371e-22,6.12691868e-21,3.17695912e-06,5.40083050e-05,2.70744604e-12,4.87340287e-11,7.17611362e-05,1.43522272e-03
7.32253834e-03,1.99512426e-01,1.48905631e+04,6.24910561e-01,7.12799550e-01,7.12799550e-01,6.91398725e-02,2.76559490e-01,9.05537783e-05,1.08664534e-03,2.11943734e-07,2.75526855e-06,9.11049842e-05,1.18436479e-03,3.28524531e-05,4.59934343e-04,1.49353457e-13,2.24030185e-12,9.24477483e-06,1.29426848e-04,2.63070021e-05,3.94605032e-04,3.58696183e-04,5.73913893e-03,5.31924353e-10,9.04271401e-09,2.56630789e-22,4.61935420e-21,3.38118637e-06,5.74801683e-05,2.03840679e-12,3.66913223e-11,7.17611362e-05,1.43522272e-03
7.80244249e-03,1.99480513e-01,1.48834188e+04,6.56682026e-01,7.12792842e-01,7.12792842e-01,6.91398895e-02,2.76559558e-01,8.62932442e-05,1.03551893e-03,1.82600729e-07,2.37380948e-06,9.43218191e-05,1.22618365e-03,3.16492527e-05,4.43089538e-04,1.56685483e-13,2.35028225e-12,1.02884498e-05,1.44038297e-04,2.75397353e-05,4.13096029e-04,3.58478988e-04,5.73566381e-03,3.84942322e-10,6.54401947e-09,1.94312464e-22,3.49762436e-21,3.59826799e-06,6.11705558e-05,1.54113590e-12,2.77404462e-11,7.17611362e-05,1.43522272e-03
8.31379858e-03,1.99446514e-01,1.48758100e+04,6.88139733e-01,7.12785944e-01,7.12785944e-01,6.91399070e-02,2.76559628e-01,8.19813915e-05,9.83776698e-04,1.55843897e-07,2.02597066e-06,9.74855018e-05,1.26731152e-03,3.04156870e-05,4.25819619e-04,1.64229015e-13,2.46343523e-12,1.14365901e-05,1.60112262e-04,2.88002147e-05,4.32003221e-04,3.58248152e-04,5.73197043e-03,2.78497696e-10,4.73446082e-09,1.49746973e-22,2.69544552e-21,3.82897647e-06,6.50926001e-05,1.18583087e-12,2.13449557e-11,7.17611362e-05,1.43522272e-03
8.85866790e-03,1.99410293e-01,1.48677068e+04,7.18859030e-01,7.12778861e-01,7.12778861e-01,6.91399249e-02,2.76559700e-01,7.76318764e-05,9.31582517e-04,1.31685811e-07,1.71191555e-06,1.00574290e-04,1.30746578e-03,2.91545954e-05,4.08164336e-04,1.71973693e-13,2.57960540e-12,1.26972806e-05,1.77761929e-04,3.00855988e-05,4.51283982e-04,3.58002857e-04,5.72804572e-03,2.03660693e-10,3.46223178e-09,1.19549982e-22,2.15189968e-21,4.07412589e-06,6.92601401e-05,9.45153764e-13,1.70127678e-11,7.17611362e-05,1.43522272e-03
9.43924684e-03,1.99371706e-01,1.48590774e+04,7.48369180e-01,7.12771604e-01,7.12771604e-01,6.91399432e-02,2.76559773e-01,7.32596033e-05,8.79115240e-04,1.10102246e-07,1.43132919e-06,1.03564982e-04,1.34634477e-03,2.78692543e-05,3.90169561e-04,1.79907264e-13,2.69860896e-12,1.40788182e-05,1.97103455e-04,3.13926445e-05,4.70889667e-04,3.57742246e-04,5.72387593e-03,1.52873220e-10,2.59884474e-09,1.00741802e-22,1.81335244e-21,4.33457339e-06,7.36877476e-05,7.95073626e-13,1.43113253e-11,7.17611362e-05,1.43522272e-03
1.00578757e-02,1.99330598e-01,1.48498880e+04,7.76165226e-01,7.12764182e-01,7.12764182e-01,6.91399618e-02,2.76559847e-01,6.88806461e-05,8.26567753e-04,9.10328585e-08,1.18342716e-06,1.06433065e-04,1.38362984e-03,2.65633778e-05,3.71887289e-04,1.88015569e-13,2.82023353e-12,1.55896398e-05,2.18254957e-04,3.27177062e-05,4.90765593e-04,3.57465413e-04,5.71944660e-03,1.19927785e-10,2.03877234e-09,9.08082199e-23,1.63454796e-21,4.61122077e-06,7.83907530e-05,7.15337606e-13,1.28760769e-11,7.17611362e-05,1.43522272e-03
1.07170483e-02,1.99286805e-01,1.48401026e+04,8.01724796e-01,7.12756607e-01,7.12756607e-01,6.91399807e-02,2.76559923e-01,6.45121358e-05,7.74145629e-04,7.43831241e-08,9.66980614e-07,1.09152917e-04,1.41898792e-03,2.52411088e-05,3.53375523e-04,1.96282574e-13,2.94423861e-12,1.72382345e-05,2.41335283e-04,3.40567426e-05,5.10851139e-04,3.57171408e-04,5.71474253e-03,9.98824385e-11,1.69800145e-09,8.77192461e-23,1.57894643e-21,4.90501592e-06,8.33852706e-05,6.89602228e-13,1.24128401e-11,7.17611362e-05,1.43522272e-03
1.14194217e-02,1.99240152e-01,1.48296830e+04,8.24529499e-01,7.12748891e-01,7.12748891e-01,6.91399999e-02,2.76560000e-01,6.01721122e-05,7.22065347e-04,6.00274862e-08,7.80357321e-07,1.11698058e-04,1.45207476e-03,2.39070017e-05,3.34698024e-04,2.04690442e-13,3.07035663e-12,1.90330404e-05,2.66462566e-04,3.54053312e-05,5.31079969e-04,3.56859232e-04,5.70974772e-03,8.89283291e-11,1.51178159e-09,8.99131032e-23,1.61843586e-21,5.21695423e-06,8.86882219e-05,7.05285441e-13,1.26951379e-11,7.17611362e-05,1.43522272e-03
1.21678272e-02,1.99190454e-01,1.48185885e+04,8.44089812e-01,7.12741050e-01,7.12741050e-01,6.91400193e-02,2.76560077e-01,5.58793386e-05,6.70552063e-04,4.78136352e-08,6.21577258e-07,1.14041456e-04,1.48253893e-03,2.25659945e-05,3.15923923e-04,2.13219655e-13,3.19829482e-12,2.09823246e-05,2.93752544e-04,3.67586923e-05,5.51380384e-04,3.56527839e-04,5.70444542e-03,8.42281172e-11,1.43187799e-09,9.62549622e-23,1.73258932e-21,5.54807989e-06,9.43173581e-05,7.53217366e-13,1.35579126e-11,7.17611362e-05,1.43522272e-03
1.29652816e-02,1.99137513e-01,1.48067761e+04,8.59971655e-01,7.12733098e-01,7.12733098e-01,6.91400387e-02,2.76560155e-01,5.16530779e-05,6.19836935e-04,3.75677363e-08,4.88380572e-07,1.16155884e-04,1.51002649e-03,2.12233697e-05,2.97127176e-04,2.21849182e-13,3.32773773e-12,2.30940475e-05,3.23316666e-04,3.81117224e-05,5.71675837e-04,3.56176128e-04,5.69881805e-03,8.37429428e-11,1.42363003e-09,1.05980593e-22,1.90765067e-21,5.89948701e-06,1.00291279e-04,8.27172081e-13,1.48890975e-11,7.17611362e-05,1.43522272e-03
1.38149996e-02,1.99081117e-01,1.47941998e+04,8.71822276e-01,7.12725050e-01,7.12725050e-01,6.91400583e-02,2.76560233e-01,4.75128329e-05,5.70153994e-04,2.91003627e-08,3.78304715e-07,1.18014335e-04,1.53418635e-03,1.98847048e-05,2.78385867e-04,2.30556716e-13,3.45835073e-12,2.53757116e-05,3.55259962e-04,3.94590390e-05,5.91885585e-04,3.55802952e-04,5.69284724e-03,8.60632135e-11,1.46307463e-09,1.18634345e-22,2.13541822e-21,6.27232064e-06,1.06629451e-04,9.23356197e-13,1.66204115e-11,7.17611362e-05,1.43522272e-03
1.47204064e-02,1.99021043e-01,1.47808111e+04,8.79392739e-01,7.12716924e-01,7.12716924e-01,6.91400778e-02,2.76560311e-01,4.34780520e-05,5.21736624e-04,2.22128322e-08,2.88766819e-07,1.19590477e-04,1.55467620e-03,1.85558111e-05,2.59781355e-04,2.39318956e-13,3.58978435e-12,2.78341953e-05,3.89678734e-04,4.07950345e-05,6.11925518e-04,3.55407109e-04,5.68651374e-03,9.02547386e-11,1.53433056e-09,1.34009118e-22,2.41216412e-21,6.66777755e-06,1.13352218e-04,1.03991518e-12,1.87184732e-11,7.17611362e-05,1.43522272e-03
1.56851516e-02,1.98957052e-01,1.47665583e+04,8.82554436e-01,7.12708736e-01,7.12708736e-01,6.91400971e-02,2.76560389e-01,3.95678056e-05,4.74813667e-04,1.67036097e-08,2.17146926e-07,1.20859159e-04,1.57116907e-03,1.72426625e-05,2.41397275e-04,2.48111966e-13,3.72167949e-12,3.04755757e-05,4.26658059e-04,4.21139426e-05,6.31709138e-04,3.54987343e-04,5.67979750e-03,9.57274609e-11,1.62736684e-09,1.52093696e-22,2.73768653e-21,7.08710680e-06,1.20480816e-04,1.17649966e-12,2.11769939e-11,7.17611362e-05,1.43522272e-03
1.67131243e-02,1.98888890e-01,1.47513865e+04,8.81307630e-01,7.12700505e-01,7.12700505e-01,6.91401163e-02,2.76560465e-01,3.58004394e-05,4.29605273e-04,1.23744237e-08,1.60867507e-07,1.21796944e-04,1.58336027e-03,1.59513139e-05,2.23318395e-04,2.56911578e-13,3.85367367e-12,3.33049405e-05,4.66269167e-04,4.34099126e-05,6.51148689e-04,3.54542348e-04,5.67267757e-03,1.02129883e-10,1.73620801e-09,1.73030499e-22,3.11454898e-21,7.53160998e-06,1.28037370e-04,1.33391501e-12,2.40104701e-11,7.17611362e-05,1.43522272e-03
1.78084683e-02,1.98816286e-01,1.47352375e+04,8.75780958e-01,7.12692246e-01,7.12692246e-01,6.91401352e-02,2.76560541e-01,3.21932130e-05,3.86318556e-04,9.03576900e-09,1.17464997e-07,1.22382660e-04,1.59097458e-03,1.46878111e-05,2.05629356e-04,2.65693865e-13,3.98540797e-12,3.63261954e-05,5.08566735e-04,4.46770952e-05,6.70156428e-04,3.54070761e-04,5.66513218e-03,1.09268830e-10,1.85757010e-09,1.97084750e-22,3.54752550e-21,8.00264113e-06,1.36044899e-04,1.51386093e-12,2.72494967e-11,7.17611362e-05,1.43522272e-03
1.89755988e-02,1.98738952e-01,1.47180496e+04,8.66222016e-01,7.12683979e-01,7.12683979e-01,6.91401536e-02,2.76560614e-01,2.87619350e-05,3.45143220e-04,6.51152405e-09,8.46498127e-08,1.22597964e-04,1.59377353e-03,1.34580938e-05,1.88413313e-04,2.74435662e-13,4.11653493e-12,3.95418692e-05,5.53586168e-04,4.59097344e-05,6.88646017e-04,3.53571170e-04,5.65713872e-03,1.17051790e-10,1.98988044e-09,2.24624618e-22,4.04324312e-21,8.50160633e-06,1.44527308e-04,1.71875623e-12,3.09376122e-11,7.17611362e-05,1.43522272e-03
2.02192206e-02,1.98656584e-01,1.46997573e+04,8.52980250e-01,7.12675719e-01,7.12675719e-01,6.91401715e-02,2.76560686e-01,2.55206059e-05,3.06247271e-04,4.64245671e-09,6.03519372e-08,1.22427886e-04,1.59156252e-03,1.22678937e-05,1.71750511e-04,2.83115134e-13,4.24672702e-12,4.29529236e-05,6.01340931e-04,4.71022663e-05,7.06533994e-04,3.53042108e-04,5.64867372e-03,1.25447756e-10,2.13261185e-09,2.56110982e-22,4.60999768e-21,9.02996270e-06,1.53509366e-04,1.95163680e-12,3.51294623e-11,7.17611362e-05,1.43522272e-03
2.15443469e-02,1.98568855e-01,1.46802911e+04,8.36484303e-01,7.12667482e-01,7.12667482e-01,6.91401887e-02,2.76560755e-01,2.24810835e-05,2.69773002e-04,3.28852393e-09,4.27508111e-08,1.21861348e-04,1.58419753e-03,1.11226303e-05,1.55716824e-04,2.91712383e-13,4.37568574e-12,4.65585731e-05,6.51820023e-04,4.82494209e-05,7.23741313e-04,3.52482058e-04,5.63971293e-03,1.34462125e-10,2.28585613e-09,2.92095168e-22,5.25771302e-21,9.58921702e-06,1.63016689e-04,2.21611221e-12,3.98900197e-11,7.17611362e-05,1.43522272e-03
2.29563192e-02,1.98475419e-01,1.46595776e+04,8.17216383e-01,7.12659284e-01,7.12659284e-01,6.91402052e-02,2.76560821e-01,1.96527844e-05,2.35833413e-04,2.32994883e-09,3.02893348e-08,1.20891621e-04,1.57159107e-03,1.00273068e-05,1.40382295e-04,3.00210070e-13,4.50315106e-12,5.03561203e-05,7.04985684e-04,4.93463255e-05,7.40194883e-04,3.51889456e-04,5.63023130e-03,1.44121585e-10,2.45006694e-09,3.33223058e-22,5.99801504e-21,1.01809237e-05,1.73075702e-04,2.51636717e-12,4.52946091e-11,7.17611362e-05,1.43522272e-03
2.44608294e-02,1.98375908e-01,1.46375387e+04,7.95686272e-01,7.12651138e-01,7.12651138e-01,6.91402208e-02,2.76560883e-01,1.70424384e-05,2.04509261e-04,1.66716339e-09,2.16731241e-08,1.19516713e-04,1.55371727e-03,8.98641020e-06,1.25809743e-04,3.08594060e-13,4.62891090e-12,5.43408168e-05,7.60771436e-04,5.03886049e-05,7.55829073e-04,3.51262691e-04,5.62020305e-03,1.54465597e-10,2.62591514e-09,3.80244314e-22,6.84439765e-21,1.08066818e-05,1.83713591e-04,2.85719611e-12,5.14295300e-11,7.17611362e-05,1.43522272e-03
2.60639420e-02,1.98269930e-01,1.46140919e+04,7.72407267e-01,7.12643056e-01,7.12643056e-01,6.91402354e-02,2.76560942e-01,1.46539064e-05,1.75846877e-04,1.21977606e-09,1.58570888e-08,1.17739664e-04,1.53061564e-03,8.00381804e-06,1.12053453e-04,3.16854048e-13,4.75281071e-12,5.85057523e-05,8.19080533e-04,5.13724752e-05,7.70587128e-04,3.50600107e-04,5.60960171e-03,1.65541992e-10,2.81421387e-09,4.34025875e-22,7.81246574e-21,1.14681321e-05,1.94958247e-04,3.24406270e-12,5.83931286e-11,7.17611362e-05,1.43522272e-03
2.77721193e-02,1.98157069e-01,1.45891497e+04,7.47875651e-01,7.12635050e-01,7.12635050e-01,6.91402489e-02,2.76560995e-01,1.24880777e-05,1.49856932e-04,9.24802881e-10,1.20224375e-08,1.15568718e-04,1.50239333e-03,7.08271585e-06,9.91580218e-05,3.24984166e-13,4.87476250e-12,6.28417817e-05,8.79784944e-04,5.22948288e-05,7.84422432e-04,3.49900013e-04,5.59840021e-03,1.77404957e-10,3.01588427e-09,4.95569319e-22,8.92024774e-21,1.21669523e-05,2.06838189e-04,3.68317908e-12,6.62972234e-11,7.17611362e-05,1.43522272e-03
2.95922471e-02,1.98036882e-01,1.45626197e+04,7.22554657e-01,7.12627130e-01,7.12627130e-01,6.91402611e-02,2.76561044e-01,1.05428544e-05,1.26514253e-04,7.34414155e-10,9.54738402e-09,1.13017369e-04,1.46922579e-03,6.22552891e-06,8.71574047e-05,3.32983552e-13,4.99475329e-12,6.73374945e-05,9.42724923e-04,5.31533048e-05,7.97299573e-04,3.49160683e-04,5.58657093e-03,1.90114338e-10,3.23194375e-09,5.66032082e-22,1.01885775e-20,1.29048516e-05,2.19382477e-04,4.18160213e-12,7.52688384e-11,7.17611362e-05,1.43522272e-03
3.15316623e-02,1.97908898e-01,1.45344041e+04,6.96863209e-01,7.12619302e-01,7.12619302e-01,6.91402720e-02,2.76561088e-01,8.81322791e-06,1.05758735e-04,6.13446368e-10,7.97480279e-09,1.10104270e-04,1.43135551e-03,5.43387095e-06,7.60741933e-05,3.40856849e-13,5.11285274e-12,7.19792320e-05,1.00770925e-03,5.39463430e-05,8.09195144e-04,3.48380364e-04,5.57408582e-03,2.03735637e-10,3.46350583e-09,6.46752815e-22,1.16415507e-20,1.36835648e-05,2.32620602e-04,4.74734606e-12,8.54522291e-11,7.17611362e-05,1.43522272e-03
3.35981829e-02,1.97772617e-01,1.45043995e+04,6.71169136e-01,7.12611574e-01,7.12611574e-01,6.91402814e-02,2.76561126e-01,7.29145425e-06,8.74974510e-05,5.36912426e-10,6.97986153e-09,1.06852989e-04,1.38908886e-03,4.70851460e-06,6.59192044e-05,3.48614629e-13,5.22921944e-12,7.67511549e-05,1.07451617e-03,5.46732156e-05,8.20098234e-04,3.47557283e-04,5.56091652e-03,2.18340374e-10,3.71178635e-09,7.39281454e-22,1.33070662e-20,1.45048445e-05,2.46582357e-04,5.38951197e-12,9.70112154e-11,7.17611362e-05,1.43522272e-03
3.58001389e-02,1.97627508e-01,1.44724966e+04,6.45786366e-01,7.12603952e-01,7.12603952e-01,6.91402893e-02,2.76561157e-01,5.96731212e-06,7.16077454e-05,4.87677985e-10,6.33981380e-09,1.03291629e-04,1.34279118e-03,4.04938169e-06,5.66913437e-05,3.56273744e-13,5.34410616e-12,8.16353639e-05,1.14289510e-03,5.53340402e-05,8.30010603e-04,3.46689656e-04,5.54703449e-03,2.34006650e-10,3.97811306e-09,8.45414802e-22,1.52174664e-20,1.53704524e-05,2.61297690e-04,6.11843599e-12,1.10131848e-10,7.17611362e-05,1.43522272e-03
3.81464066e-02,1.97473006e-01,1.44385801e+04,6.20975163e-01,7.12596438e-01,7.12596438e-01,6.91402955e-02,2.76561182e-01,4.82845372e-06,5.79414447e-05,4.54434005e-10,5.90764206e-09,9.94523068e-05,1.29287999e-03,3.45556125e-06,4.83778576e-05,3.63857553e-13,5.45786329e-12,8.66120723e-05,1.21256901e-03,5.59297630e-05,8.38946446e-04,3.45775698e-04,5.53241116e-03,2.50819857e-10,4.26393757e-09,9.67238678e-22,1.74102962e-20,1.62821487e-05,2.76796528e-04,6.94585841e-12,1.25025451e-10,7.17611362e-05,1.43522272e-03
4.06464440e-02,1.97308511e-01,1.44025282e+04,5.96944746e-01,7.12589038e-01,7.12589038e-01,6.91403000e-02,2.76561200e-01,3.86080958e-06,4.63297150e-05,4.30016465e-10,5.59021404e-09,9.53705222e-05,1.23981679e-03,2.92534757e-06,4.09548660e-05,3.71396079e-13,5.57094118e-12,9.16598282e-05,1.28323760e-03,5.64621234e-05,8.46931851e-04,3.44813635e-04,5.51701816e-03,2.68873496e-10,4.57084943e-09,1.10717789e-21,1.99292021e-20,1.72416811e-05,2.93108578e-04,7.88511636e-12,1.41932095e-10,7.17611362e-05,1.43522272e-03
4.33103286e-02,1.97133387e-01,1.43642125e+04,5.73857368e-01,7.12581753e-01,7.12581753e-01,6.91403028e-02,2.76561211e-01,3.04905586e-06,3.65886704e-05,4.10092516e-10,5.33120271e-09,9.10844265e-05,1.18409754e-03,2.45630652e-06,3.43882913e-05,3.78926039e-13,5.68389058e-12,9.67557830e-05,1.35458096e-03,5.69335883e-05,8.54003824e-04,3.43801716e-04,5.50082746e-03,2.88270135e-10,4.90059229e-09,1.26805573e-21,2.28250031e-20,1.82507706e-05,3.10263100e-04,8.95136405e-12,1.61124553e-10,7.17611362e-05,1.43522272e-03
4.61487988e-02,1.96946956e-01,1.43234980e+04,5.51833375e-01,7.12574586e-01,7.12574586e-01,6.91403037e-02,2.76561215e-01,2.37708730e-06,2.85250477e-05,3.92180090e-10,5.09834116e-09,8.66340378e-05,1.12624249e-03,2.04535634e-06,2.86349888e-05,3.86490837e-13,5.79736256e-12,1.01876001e-04,1.42626401e-03,5.73472728e-05,8.60209093e-04,3.42738230e-04,5.48381167e-03,3.09122495e-10,5.25508242e-09,1.45316474e-21,2.61569653e-20,1.93110972e-05,3.28288653e-04,1.01618237e-11,1.82912826e-10,7.17611362e-05,1.43522272e-03
4.91732965e-02,1.96748501e-01,1.42802420e+04,5.30956521e-01,7.12567540e-01,7.12567540e-01,6.91403028e-02,2.76561211e-01,1.82851448e-06,2.19421738e-05,3.74955407e-10,4.87442029e-09,8.20604049e-05,1.06678526e-03,1.68887442e-06,2.36442418e-05,3.94140437e-13,5.91210656e-12,1.06995797e-04,1.49794116e-03,5.77068346e-05,8.65602519e-04,3.41621519e-04,5.46594430e-03,3.31554707e-10,5.63643003e-09,1.66635155e-21,2.99943279e-20,2.04242827e-05,3.47212805e-04,1.15360728e-11,2.07649310e-10,7.17611362e-05,1.43522272e-03
5.23960135e-02,1.96537259e-01,1.42342949e+04,5.11279357e-01,7.12560618e-01,7.12560618e-01,6.91403001e-02,2.76561200e-01,1.38712195e-06,1.66454633e-05,3.57785592e-10,4.65121269e-09,7.74047855e-05,1.00626221e-03,1.38281212e-06,1.93593697e-05,4.01931237e-13,6.02896856e-12,1.12090103e-04,1.56926145e-03,5.80163588e-05,8.70245382e-04,3.40450001e-04,5.44720001e-03,3.55703755e-10,6.04696383e-09,1.91211834e-21,3.44181302e-20,2.15918715e-05,3.67061815e-04,1.30963725e-11,2.35734705e-10,7.17611362e-05,1.43522272e-03
5.58299409e-02,1.96312423e-01,1.41854992e+04,4.92828330e-01,7.12553822e-01,7.12553822e-01,6.91402956e-02,2.76561182e-01,1.03728529e-06,1.24474235e-05,3.40429506e-10,4.42558358e-09,7.27078493e-05,9.45202040e-04,1.12281934e-06,1.57194708e-05,4.09925930e-13,6.14888895e-12,1.17133846e-04,1.63987385e-03,5.82802347e-05,8.74203521e-04,3.39222187e-04,5.42755500e-03,3.81721141e-10,6.48925940e-09,2.19574502e-21,3.95234104e-20,2.28153104e-05,3.87860277e-04,1.48680441e-11,2.67624793e-10,7.17611362e-05,1.43522272e-03
5.94889208e-02,1.96073135e-01,1.41336896e+04,4.75608459e-01,7.12547156e-01,7.12547156e-01,6.91402893e-02,2.76561157e-01,7.64324707e-07,9.17189648e-06,3.22855273e-10,4.19711855e-09,6.80089419e-05,8.84116244e-04,9.04371896e-07,1.26612065e-05,4.18193400e-13,6.27290100e-12,1.22102331e-04,1.70943264e-03,5.85030282e-05,8.77545422e-04,3.37936709e-04,5.40698734e-03,4.09774823e-10,6.96617200e-09,2.52343649e-21,4.54218568e-20,2.40959257e-05,4.09630737e-04,1.68799000e-11,3.03838199e-10,7.17611362e-05,1.43522272e-03
6.33877027e-02,1.95818485e-01,1.40786927e+04,4.59607512e-01,7.12540625e-01,7.12540625e-01,6.91402813e-02,2.76561125e-01,5.54780487e-07,6.65736584e-06,3.05134335e-10,3.96674636e-09,6.33454308e-05,8.23490600e-04,7.22895643e-07,1.01205390e-05,4.26808700e-13,6.40213050e-12,1.26971619e-04,1.77760267e-03,5.86893579e-05,8.80340368e-04,3.36592335e-04,5.38547737e-03,4.40051460e-10,7.48087482e-09,2.90250096e-21,5.22450172e-20,2.54348980e-05,4.32393266e-04,1.91647395e-11,3.44965312e-10,7.17611362e-05,1.43522272e-03
6.75420029e-02,1.95547510e-01,1.40203269e+04,4.44799653e-01,7.12534232e-01,7.12534232e-01,6.91402718e-02,2.76561087e-01,3.96604240e-07,4.75925088e-06,2.87382876e-10,3.73597739e-09,5.87521489e-05,7.63777936e-04,5.73882064e-07,8.03434889e-06,4.35853154e-13,6.53779732e-12,1.31718893e-04,1.84406450e-03,5.88437800e-05,8.82656700e-04,3.35188009e-04,5.36300814e-03,4.72759031e-10,8.03690353e-09,3.34156642e-21,6.01481956e-20,2.68332355e-05,4.56165003e-04,2.17599192e-11,3.91678546e-10,7.17611362e-05,1.43522272e-03
7.19685673e-02,1.95259188e-01,1.39584022e+04,4.31148570e-01,7.12527985e-01,7.12527985e-01,6.91402608e-02,2.76561043e-01,2.79262553e-07,3.35115063e-06,2.69730890e-10,3.50650157e-09,5.42609459e-05,7.05392297e-04,4.52989685e-07,6.34185559e-06,4.45414640e-13,6.68121960e-12,1.36322803e-04,1.90851924e-03,5.89706870e-05,8.84560305e-04,3.33722867e-04,5.33956587e-03,5.08129902e-10,8.63820833e-09,3.85084455e-21,6.93152019e-20,2.82917452e-05,4.80959668e-04,2.47080092e-11,4.44744166e-10,7.17611362e-05,1.43522272e-03
7.66852397e-02,1.94952438e-01,1.38927200e+04,4.18610126e-01,7.12521887e-01,7.12521887e-01,6.91402486e-02,2.76560994e-01,1.93762343e-07,2.32514812e-06,2.52306607e-10,3.27998589e-09,4.99003493e-05,6.48704541e-04,3.56129438e-07,4.98581213e-06,4.55588086e-13,6.83382129e-12,1.40763779e-04,1.97069291e-03,5.90742223e-05,8.86113334e-04,3.32196277e-04,5.31514044e-03,5.46424423e-10,9.28921519e-09,4.44245355e-21,7.99641639e-20,2.98110022e-05,5.06787037e-04,2.80575523e-11,5.05035942e-10,7.17611362e-05,1.43522272e-03
8.17110332e-02,1.94626114e-01,1.38230732e+04,4.07134556e-01,7.12515944e-01,7.12515944e-01,6.91402353e-02,2.76560941e-01,1.32604761e-07,1.59125714e-06,2.35229010e-10,3.05797713e-09,4.56953293e-05,5.94039280e-04,2.79529838e-07,3.91341773e-06,4.66476247e-13,6.99714370e-12,1.45024314e-04,2.03034039e-03,5.91582153e-05,8.87373229e-04,3.30607868e-04,5.28972589e-03,5.87935170e-10,9.99489788e-09,5.13081464e-21,9.23546635e-20,3.13913172e-05,5.33652392e-04,3.18639416e-11,5.73550949e-10,7.17611362e-05,1.43522272e-03
8.70662068e-02,1.94279005e-01,1.37492461e+04,3.96668285e-01,7.12510162e-01,7.12510162e-01,6.91402211e-02,2.76560884e-01,8.96843662e-08,1.07621239e-06,2.18604481e-10,2.84185826e-09,4.16671620e-05,5.41673106e-04,2.19782486e-07,3.07695480e-06,4.78190786e-13,7.17286179e-12,1.49089197e-04,2.08724876e-03,5.92261364e-05,8.88392045e-04,3.28957562e-04,5.26332100e-03,6.32991947e-10,1.07608631e-08,5.93314112e-21,1.06796540e-19,3.30327025e-05,5.61555943e-04,3.61904387e-11,6.51427896e-10,7.17611362e-05,1.43522272e-03
9.27723476e-02,1.93909829e-01,1.36710144e+04,3.87155402e-01,7.12504545e-01,7.12504545e-01,6.91402064e-02,2.76560825e-01,6.01477615e-08,7.21773138e-07,2.02525489e-10,2.63283135e-09,3.78333796e-05,4.91833935e-04,1.73867284e-07,2.43414198e-06,4.90853729e-13,7.36280594e-12,1.52945711e-04,2.14123996e-03,5.92810716e-05,8.89216075e-04,3.27245614e-04,5.23592983e-03,6.81967732e-10,1.15934514e-08,6.87004412e-21,1.23660794e-19,3.47348376e-05,5.90492239e-04,4.11093578e-11,7.39968440e-10,7.17611362e-05,1.43522272e-03
9.88524571e-02,1.93517229e-01,1.35881453e+04,3.78538844e-01,7.12499097e-01,7.12499097e-01,6.91401914e-02,2.76560766e-01,4.02289904e-08,4.82747885e-07,1.87070297e-10,2.43191385e-09,3.42077928e-05,4.44701307e-04,1.39159495e-07,1.94823293e-06,5.04599331e-13,7.56898996e-12,1.56583771e-04,2.19217279e-03,5.93257163e-05,8.89885745e-04,3.25472645e-04,5.20756232e-03,7.35285745e-10,1.24998577e-08,7.96628625e-21,1.43393153e-19,3.64970325e-05,6.20449553e-04,4.67034470e-11,8.40662046e-10,7.17611362e-05,1.43522272e-03
1.05331045e-01,1.93099774e-01,1.35003979e+04,3.70761326e-01,7.12493821e-01,7.12493821e-01,6.91401765e-02,2.76560706e-01,2.70762017e-08,3.24914420e-07,1.72303186e-10,2.23994142e-09,3.08005782e-05,4.00407517e-04,1.13421049e-07,1.58789468e-06,5.19576413e-13,7.79364620e-12,1.59996008e-04,2.23994411e-03,5.93623836e-05,8.90435754e-04,3.23639677e-04,5.17823484e-03,7.93427899e-10,1.34882743e-08,9.25172362e-21,1.66531025e-19,3.83181926e-05,6.51409274e-04,5.30675027e-11,9.55215049e-10,7.17611362e-05,1.43522272e-03
1.12234225e-01,1.92655950e-01,1.34075231e+04,3.63766082e-01,7.12488719e-01,7.12488719e-01,6.91401621e-02,2.76560648e-01,1.85822311e-08,2.22986774e-07,1.58274971e-10,2.05757462e-09,2.76184196e-05,3.59039455e-04,9.47794137e-08,1.32691179e-06,5.35951253e-13,8.03926880e-12,1.63177801e-04,2.28448922e-03,5.93930264e-05,8.90895396e-04,3.21748175e-04,5.14797081e-03,8.56944927e-10,1.45680638e-08,1.07624893e-20,1.93724807e-19,4.01967823e-05,6.83345299e-04,6.03102658e-11,1.08558478e-09,7.17611362e-05,1.43522272e-03
1.19589826e-01,1.92184162e-01,1.33092645e+04,3.57497418e-01,7.12483792e-01,7.12483792e-01,6.91401485e-02,2.76560594e-01,1.32282011e-08,1.58738413e-07,1.45023669e-10,1.88530770e-09,2.46646949e-05,3.20641034e-04,8.16972609e-08,1.14376165e-06,5.53911096e-13,8.30866643e-12,1.66127247e-04,2.32578145e-03,5.94192677e-05,8.91289015e-04,3.19800077e-04,5.11680123e-03,9.26468589e-10,1.57499660e-08,1.25424874e-20,2.25764773e-19,4.21307907e-05,7.16223441e-04,6.85566531e-11,1.23401976e-09,7.17611362e-05,1.43522272e-03
1.27427499e-01,1.91682725e-01,1.32053586e+04,3.51901139e-01,7.12479038e-01,7.12479038e-01,6.91401363e-02,2.76560545e-01,9.94617913e-09,1.19354150e-07,1.32575271e-10,1.72347853e-09,2.19397003e-05,2.85216104e-04,7.29364032e-08,1.02110964e-06,5.73668417e-13,8.60502626e-12,1.68845067e-04,2.36383094e-03,5.94424373e-05,8.91636560e-04,3.17797829e-04,5.08476526e-03,1.00272642e-09,1.70463491e-08,1.46452896e-20,2.63615213e-19,4.41176983e-05,7.50000871e-04,7.79503953e-11,1.40310712e-09,7.17611362e-05,1.43522272e-03
1.35778836e-01,1.91149865e-01,1.30955354e+04,3.46924863e-01,7.12474456e-01,7.12474456e-01,6.91401259e-02,2.76560504e-01,8.00390019e-09,9.60468023e-08,1.20944591e-10,1.57227968e-09,1.94409117e-05,2.52731852e-04,6.75192335e-08,9.45269270e-07,5.95466079e-13,8.93199118e-12,1.71334470e-04,2.39868258e-03,5.94636110e-05,8.91954165e-04,3.15744418e-04,5.05191069e-03,1.08655963e-09,1.84715137e-08,1.71365557e-20,3.08458003e-19,4.61544472e-05,7.84625602e-04,8.86571656e-11,1.59582898e-09,7.17611362e-05,1.43522272e-03
1.44677502e-01,1.90583712e-01,1.29795196e+04,3.42518254e-01,7.12470041e-01,7.12470041e-01,6.91401178e-02,2.76560471e-01,6.91179545e-09,8.29415454e-08,1.10136187e-10,1.43177043e-09,1.71632770e-05,2.23122601e-04,6.46901706e-08,9.05662388e-07,6.19583562e-13,9.29375343e-12,1.73600944e-04,2.43041322e-03,5.94836492e-05,8.92254739e-04,3.13643399e-04,5.01829438e-03,1.17894496e-09,2.00420643e-08,2.00971417e-20,3.61748551e-19,4.82374137e-05,8.20036033e-04,1.00868310e-10,1.81562957e-09,7.17611362e-05,1.43522272e-03
1.54159369e-01,1.89982300e-01,1.28570311e+04,3.38633187e-01,7.12465790e-01,7.12465790e-01,6.91401127e-02,2.76560451e-01,6.35080166e-09,7.62096199e-08,1.00145331e-10,1.30188930e-09,1.50995305e-05,1.96293897e-04,6.38790764e-08,8.94307070e-07,6.46344541e-13,9.69516812e-12,1.75652020e-04,2.45912829e-03,5.95032345e-05,8.92548517e-04,3.11498917e-04,4.98398266e-03,1.28102143e-09,2.17773643e-08,2.36271139e-20,4.25288050e-19,5.03623869e-05,8.56160577e-04,1.14805305e-10,2.06649549e-09,7.17611362e-05,1.43522272e-03
1.64262658e-01,1.89343561e-01,1.27277868e+04,3.35223863e-01,7.12461698e-01,7.12461698e-01,6.91401111e-02,2.76560444e-01,6.11835793e-09,7.34202952e-08,9.09590187e-11,1.18246724e-09,1.32405248e-05,1.72126822e-04,6.46681623e-08,9.05354272e-07,6.76126118e-13,1.01418918e-11,1.77496991e-04,2.48495787e-03,5.95229047e-05,8.92843571e-04,3.09315725e-04,4.94905159e-03,1.39412325e-09,2.37000953e-08,2.78509669e-20,5.01317403e-19,5.25245523e-05,8.92917389e-04,1.30725122e-10,2.35305219e-09,7.17611362e-05,1.43522272e-03
1.75028096e-01,1.88665323e-01,1.25915015e+04,3.32246893e-01,7.12457758e-01,7.12457758e-01,6.91401136e-02,2.76560454e-01,6.08939527e-09,7.30727433e-08,8.25570509e-11,1.07324166e-09,1.15755790e-05,1.50482527e-04,6.67632575e-08,9.34685605e-07,7.09370140e-13,1.06405521e-11,1.79146602e-04,2.50805243e-03,5.95430830e-05,8.93146245e-04,3.07099195e-04,4.91358712e-03,1.51982058e-09,2.58369498e-08,3.29244518e-20,5.92640133e-19,5.47184830e-05,9.30214212e-04,1.48926695e-10,2.68068050e-09,7.17611362e-05,1.43522272e-03
1.86499079e-01,1.87945308e-01,1.24478899e+04,3.29661358e-01,7.12453963e-01,7.12453963e-01,6.91401209e-02,2.76560483e-01,6.18906963e-09,7.42688355e-08,7.49131725e-11,9.73871243e-10,1.00928325e-05,1.31206823e-04,6.99697350e-08,9.79576290e-07,7.46597162e-13,1.11989574e-11,1.80612725e-04,2.52857815e-03,5.95641018e-05,8.93461528e-04,3.04855320e-04,4.87768512e-03,1.65997009e-09,2.82194916e-08,3.90435751e-20,7.02784352e-19,5.69381387e-05,9.67948357e-04,1.69758778e-10,3.05565800e-09,7.17611362e-05,1.43522272e-03
1.98721847e-01,1.87181129e-01,1.22966683e+04,3.27428834e-01,7.12450308e-01,7.12450308e-01,6.91401336e-02,2.76560534e-01,6.37431508e-09,7.64917810e-08,6.79961764e-11,8.83950293e-10,8.77958134e-06,1.14134557e-04,7.41730433e-08,1.03842261e-06,7.88423768e-13,1.18263565e-11,1.81908040e-04,2.54671256e-03,5.95862232e-05,8.93793347e-04,3.02590705e-04,4.84145128e-03,1.81677833e-09,3.08852315e-08,4.64565407e-20,8.36217732e-19,5.91768750e-05,1.00600687e-03,1.93629515e-10,3.48533128e-09,7.17611362e-05,1.43522272e-03
2.11745669e-01,1.86370285e-01,1.21375570e+04,3.25513436e-01,7.12446787e-01,7.12446787e-01,6.91401524e-02,2.76560610e-01,6.62179186e-09,7.94615023e-08,6.17711659e-11,8.03025157e-10,7.62262777e-06,9.90941611e-05,7.93237760e-08,1.11053286e-06,8.35584208e-13,1.25337631e-11,1.83045697e-04,2.56263976e-03,5.96096540e-05,8.94144810e-04,3.00312551e-04,4.80500081e-03,1.99288100e-09,3.38789771e-08,5.54797278e-20,9.98635101e-19,6.14274611e-05,1.04426684e-03,2.21018183e-10,3.97832729e-09,7.17611362e-05,1.43522272e-03
2.25623046e-01,1.85510166e-01,1.19702829e+04,3.23881774e-01,7.12443394e-01,7.12443394e-01,6.91401781e-02,2.76560712e-01,6.92022688e-09,8.30427226e-08,5.62005869e-11,7.30607629e-10,6.60856397e-06,8.59113316e-05,8.54265779e-08,1.19597209e-06,8.88957589e-13,1.33343638e-11,1.84039039e-04,2.57654655e-03,5.96345579e-05,8.94518368e-04,2.98028620e-04,4.76845793e-03,2.19144365e-09,3.72545420e-08,6.65192301e-20,1.19734614e-18,6.36821147e-05,1.08259595e-03,2.52489636e-10,4.54481345e-09,7.17611362e-05,1.43522272e-03
2.40409918e-01,1.84598044e-01,1.17945821e+04,3.22502970e-01,7.12440123e-01,7.12440123e-01,6.91402114e-02,2.76560845e-01,7.26574577e-09,8.71889492e-08,5.12454467e-11,6.66190807e-10,5.72407019e-06,7.44129125e-05,9.25327373e-08,1.29545832e-06,9.49602274e-13,1.42440341e-11,1.84901310e-04,2.58861834e-03,5.96610627e-05,8.94915941e-04,2.95747199e-04,4.73195519e-03,2.41628903e-09,4.10769135e-08,8.01001449e-20,1.44180261e-18,6.59325433e-05,1.12085324e-03,2.88712215e-10,5.19681986e-09,7.17611362e-05,1.43522272e-03
2.56165892e-01,1.83631078e-01,1.16102033e+04,3.21348601e-01,7.12436971e-01,7.12436971e-01,6.91402529e-02,2.76561011e-01,7.65911453e-09,9.19093744e-08,4.68664054e-11,6.09263270e-10,4.95615134e-06,6.44299674e-05,1.00735723e-07,1.41030012e-06,1.01879968e-12,1.52819953e-11,1.85645418e-04,2.59903585e-03,5.96892655e-05,8.95338982e-04,2.93477035e-04,4.69563255e-03,2.67206037e-09,4.54250263e-08,9.69067562e-20,1.74432161e-18,6.81700029e-05,1.15889005e-03,3.30480048e-10,5.94864086e-09,7.17611362e-05,1.43522272e-03
2.72954479e-01,1.82606313e-01,1.14169115e+04,3.20392624e-01,7.12433934e-01,7.12433934e-01,6.91403034e-02,2.76561213e-01,8.10420679e-09,9.72504814e-08,4.30247190e-11,5.59321347e-10,4.29232846e-06,5.58002700e-05,1.10169353e-07,1.54237094e-06,1.09811045e-12,1.64716568e-11,1.86283746e-04,2.60797244e-03,5.97192343e-05,8.95788515e-04,2.91227263e-04,4.65963621e-03,2.96443138e-09,5.03953334e-08,1.17838165e-19,2.12108697e-18,7.03853733e-05,1.19655135e-03,3.78740957e-10,6.81733723e-09,7.17611362e-05,1.43522272e-03
2.90843356e-01,1.81520679e-01,1.12144917e+04,3.19611299e-01,7.12431011e-01,7.12431011e-01,6.91403635e-02,2.76561454e-01,8.60722923e-09,1.03286751e-07,3.96832796e-11,5.15882635e-10,3.72080988e-06,4.83705285e-05,1.21008184e-07,1.69411458e-06,1.18944690e-12,1.78417035e-11,1.86827982e-04,2.61559175e-03,5.97510083e-05,8.96265124e-04,2.89007323e-04,4.62411717e-03,3.30037779e-09,5.61064225e-08,1.44086079e-19,2.59354942e-18,7.25692433e-05,1.23367714e-03,4.34631621e-10,7.82336918e-09,7.17611362e-05,1.43522272e-03
3.09904634e-01,1.80370997e-01,1.10027536e+04,3.18983062e-01,7.12428199e-01,7.12428199e-01,6.91404339e-02,2.76561736e-01,9.17641530e-09,1.10116984e-07,3.68074635e-11,4.78497026e-10,3.23060061e-06,4.19978079e-05,1.33469749e-07,1.86857649e-06,1.29516727e-12,1.94275091e-11,1.87289009e-04,2.62204613e-03,5.97845949e-05,8.96768923e-04,2.86826851e-04,4.58922962e-03,3.68853153e-09,6.27050360e-08,1.77244695e-19,3.19040451e-18,7.47120143e-05,1.27010424e-03,4.99522078e-10,8.99139740e-09,7.17611362e-05,1.43522272e-03
3.30215148e-01,1.79153978e-01,1.07815361e+04,3.18488388e-01,7.12425500e-01,7.12425500e-01,6.91405153e-02,2.76562061e-01,9.82201873e-09,1.17864225e-07,3.43659827e-11,4.46757775e-10,2.81158262e-06,3.65505741e-05,1.47818356e-07,2.06945699e-06,1.41819915e-12,2.12729873e-11,1.87676824e-04,2.62747553e-03,5.98199659e-05,8.97299489e-04,2.84695562e-04,4.55512899e-03,4.13964490e-09,7.03739633e-08,2.19467606e-19,3.95041691e-18,7.68040177e-05,1.30566830e-03,5.75072410e-10,1.03513034e-08,7.17611362e-05,1.43522272e-03
3.51856773e-01,1.77866234e-01,1.05507129e+04,3.18109621e-01,7.12422914e-01,7.12422914e-01,6.91406081e-02,2.76562433e-01,1.05565088e-08,1.26678106e-07,3.23316917e-11,4.20311991e-10,2.45455486e-06,3.19092131e-05,1.64370084e-07,2.30118118e-06,1.56220234e-12,2.34330351e-11,1.88000495e-04,2.63200693e-03,5.98570524e-05,8.97855785e-04,2.82623118e-04,4.52196989e-03,4.66720318e-09,7.93424541e-08,2.73694414e-19,4.92649945e-18,7.88356436e-05,1.34020594e-03,6.63305311e-10,1.19394956e-08,7.17611362e-05,1.43522272e-03
3.74916744e-01,1.76504279e-01,1.03101975e+04,3.17830785e-01,7.12420442e-01,7.12420442e-01,6.91407130e-02,2.76562852e-01,1.13949224e-08,1.36739069e-07,3.06823395e-11,3.98870414e-10,2.15123776e-06,2.79660909e-05,1.83498649e-07,2.56898109e-06,1.73178557e-12,2.59767835e-11,1.88268161e-04,2.63575425e-03,5.98957371e-05,8.98436057e-04,2.80618980e-04,4.48990368e-03,5.28823884e-09,8.99000603e-08,3.43981958e-19,6.19167525e-18,8.07974880e-05,1.37355730e-03,7.66699541e-10,1.38005917e-08,7.17611362e-05,1.43522272e-03
3.99488019e-01,1.75064538e-01,1.00599499e+04,3.17637387e-01,7.12418086e-01,7.12418086e-01,6.91408303e-02,2.76563321e-01,1.23553533e-08,1.48264240e-07,2.94014130e-11,3.82218369e-10,1.89425965e-06,2.46253754e-05,2.05641585e-07,2.87898219e-06,1.93279727e-12,2.89919590e-11,1.88487039e-04,2.63881855e-03,5.99358481e-05,8.99037721e-04,2.78692251e-04,4.45907601e-03,6.02441872e-09,1.02415118e-07,4.35994554e-19,7.84790198e-18,8.26805047e-05,1.40556858e-03,8.88310858e-10,1.59895954e-08,7.17611362e-05,1.43522272e-03
4.25669645e-01,1.73543361e-01,9.79998207e+03,3.17516214e-01,7.12415850e-01,7.12415850e-01,6.91409604e-02,2.76563842e-01,1.34595811e-08,1.61514973e-07,2.84790782e-11,3.70228017e-10,1.67711797e-06,2.18025336e-05,2.31306073e-07,3.23828503e-06,2.17271916e-12,3.25907874e-11,1.88663465e-04,2.64128851e-03,5.99771505e-05,8.99657258e-04,2.76851511e-04,4.42962417e-03,6.90350568e-09,1.17359597e-07,5.57739240e-19,1.00393063e-17,8.44761649e-05,1.43609480e-03,1.03192935e-09,1.85747283e-08,7.17611362e-05,1.43522272e-03
4.53567162e-01,1.71937031e-01,9.53036521e+03,3.17455126e-01,7.12413735e-01,7.12413735e-01,6.91411036e-02,2.76564414e-01,1.47338529e-08,1.76806234e-07,2.79132444e-11,3.62872178e-10,1.49412354e-06,1.94236060e-05,2.61073516e-07,3.65502923e-06,2.46120403e-12,3.69180604e-11,1.88802948e-04,2.64324127e-03,6.00193404e-05,9.00290106e-04,2.75104646e-04,4.40167433e-03,7.96133366e-09,1.35342672e-07,7.20683991e-19,1.29723118e-17,8.61766265e-05,1.46500265e-03,1.20228514e-09,2.16411325e-08,7.17611362e-05,1.43522272e-03
4.83293024e-01,1.70241785e-01,9.25123612e+03,3.17442872e-01,7.12411744e-01,7.12411744e-01,6.91412600e-02,2.76565040e-01,1.62098379e-08,1.94518054e-07,2.77109290e-11,3.60242077e-10,1.34033900e-06,1.74244070e-05,2.95601563e-07,4.13842188e-06,2.81081757e-12,4.21622636e-11,1.88910228e-04,2.64474320e-03,6.00620392e-05,9.00930589e-04,2.73458677e-04,4.37533884e-03,9.24448466e-09,1.57156239e-07,9.41483144e-19,1.69466966e-17,8.77748975e-05,1.49217326e-03,1.40531818e-09,2.52957273e-08,7.17611362e-05,1.43522272e-03
5.14967058e-01,1.68453826e-01,8.96280417e+03,3.17468929e-01,7.12409879e-01,7.12409879e-01,6.91414296e-02,2.76565719e-01,1.79257794e-08,2.15109353e-07,2.78899789e-11,3.62569726e-10,1.21150668e-06,1.57495868e-05,3.35622065e-07,4.69870890e-06,3.23807255e-12,4.85710882e-11,1.88989349e-04,2.64585089e-03,6.01047926e-05,9.01571889e-04,2.71919594e-04,4.35071351e-03,1.08139335e-08,1.83836870e-07,1.24468127e-18,2.24042629e-17,8.92650001e-05,1.51750500e-03,1.64853383e-09,2.96736090e-08,7.17611362e-05,1.43522272e-03
5.48716944e-01,1.66569347e-01,8.66535817e+03,3.17523384e-01,7.12408143e-01,7.12408143e-01,6.91416125e-02,2.76566450e-01,1.99278671e-08,2.39134405e-07,2.84813209e-11,3.70257172e-10,1.10397749e-06,1.43517074e-05,3.81933103e-07,5.34706344e-06,3.76488581e-12,5.64732871e-11,1.89043725e-04,2.64661216e-03,6.01470724e-05,9.02206085e-04,2.70492199e-04,4.32787518e-03,1.27500048e-08,2.16750082e-07,1.66701822e-18,3.00063279e-17,9.06421193e-05,1.54091603e-03,1.94147164e-09,3.49464895e-08,7.17611362e-05,1.43522272e-03
5.84678728e-01,1.64584556e-01,8.35927310e+03,3.17596870e-01,7.12406535e-01,7.12406535e-01,6.91418084e-02,2.76567233e-01,2.22718497e-08,2.67262197e-07,2.95318919e-11,3.83914595e-10,1.01463793e-06,1.31902931e-05,4.35383131e-07,6.09536384e-06,4.42065494e-12,6.63098242e-11,1.89076215e-04,2.64706701e-03,6.01882860e-05,9.02824290e-04,2.69179966e-04,4.30687946e-03,1.51591101e-08,2.57704871e-07,2.26440010e-18,4.07592018e-17,9.19027387e-05,1.56234656e-03,2.29632466e-09,4.13338438e-08,7.17611362e-05,1.43522272e-03
6.22997373e-01,1.62495706e-01,8.04501647e+03,3.17680566e-01,7.12405056e-01,7.12405056e-01,6.91420169e-02,2.76568068e-01,2.50248951e-08,3.00298741e-07,3.11084673e-11,4.04410075e-10,9.40840051e-07,1.22309207e-05,4.96845401e-07,6.95583562e-06,5.24525370e-12,7.86788055e-11,1.89089186e-04,2.64724860e-03,6.02277925e-05,9.03416887e-04,2.67984929e-04,4.28775886e-03,1.81828503e-08,3.09108456e-07,3.12338595e-18,5.62209472e-17,9.30447527e-05,1.58176080e-03,2.72875604e-09,4.91176088e-08,7.17611362e-05,1.43522272e-03
6.63827344e-01,1.60299122e-01,7.72315421e+03,3.17766274e-01,7.12403705e-01,7.12403705e-01,6.91422377e-02,2.76568951e-01,2.82676751e-08,3.39212101e-07,3.33026399e-11,4.32934319e-10,8.80335778e-07,1.14443651e-05,5.67181517e-07,7.94054124e-06,6.29340811e-12,9.44011217e-11,1.89084577e-04,2.64718408e-03,6.02649264e-05,9.03973896e-04,2.66907597e-04,4.27052156e-03,2.20101601e-08,3.74172722e-07,4.38046155e-18,7.88483079e-17,9.40675420e-05,1.59914821e-03,3.25896974e-09,5.86614554e-08,7.17611362e-05,1.43522272e-03
7.07333228e-01,1.57991246e-01,7.39435575e+03,3.17846553e-01,7.12402478e-01,7.12402478e-01,6.91424702e-02,2.76569881e-01,3.20966339e-08,3.85159607e-07,3.62371729e-11,4.71083247e-10,8.31214017e-07,1.08057822e-05,6.47193886e-07,9.06071441e-06,7.64117627e-12,1.14617644e-10,1.89063962e-04,2.64689546e-03,6.02990292e-05,9.04485438e-04,2.65946908e-04,4.25515053e-03,2.68932477e-08,4.57185211e-07,6.25499862e-18,1.12589975e-16,9.49720238e-05,1.61452440e-03,3.91310578e-09,7.04359041e-08,7.17611362e-05,1.43522272e-03
7.53690398e-01,1.55568669e-01,7.05939817e+03,3.17914917e-01,7.12401373e-01,7.12401373e-01,6.91427137e-02,2.76570855e-01,3.66263132e-08,4.39515758e-07,4.00740097e-11,5.20962126e-10,7.91845213e-07,1.02939878e-05,7.37568914e-07,1.03259648e-05,9.39568063e-12,1.40935209e-10,1.89028596e-04,2.64640035e-03,6.03294853e-05,9.04942279e-04,2.65100229e-04,4.24160367e-03,3.31678218e-08,5.63852970e-07,9.10671727e-18,1.63920911e-16,9.57606455e-05,1.62793097e-03,4.72502688e-09,8.50504838e-08,7.17611362e-05,1.43522272e-03
8.03085722e-01,1.53028186e-01,6.71916895e+03,3.17966054e-01,7.12400384e-01,7.12400384e-01,6.91429674e-02,2.76571869e-01,4.19915623e-08,5.03898747e-07,4.50241209e-11,5.85313572e-10,7.60830010e-07,9.89079013e-06,8.38814779e-07,1.17434069e-05,1.17099476e-11,1.75649214e-10,1.88979471e-04,2.64571259e-03,6.03557594e-05,9.05336392e-04,2.64363408e-04,4.22981453e-03,4.12776190e-08,7.01719524e-07,1.35379038e-17,2.43682268e-16,9.64373367e-05,1.63943472e-03,5.73856026e-09,1.03294085e-07,7.17611362e-05,1.43522272e-03
8.55718314e-01,1.50366843e-01,6.37466721e+03,3.17996024e-01,7.12399504e-01,7.12399504e-01,6.91432301e-02,2.76572921e-01,4.83493474e-08,5.80192169e-07,5.13591875e-11,6.67669438e-10,7.36954215e-07,9.58040480e-06,9.51200604e-07,1.33168085e-05,1.48058994e-11,2.22088491e-10,1.88917349e-04,2.64484289e-03,6.03774291e-05,9.05661437e-04,2.63730876e-04,4.21969401e-03,5.18018779e-08,8.80631923e-07,2.05790119e-17,3.70422215e-16,9.70074078e-05,1.64912593e-03,7.01020986e-09,1.26183777e-07,7.17611362e-05,1.43522272e-03
9.11800339e-01,1.47581995e-01,6.02700294e+03,3.18002402e-01,7.12398727e-01,7.12398727e-01,6.91435008e-02,2.76574003e-01,5.58797765e-08,6.70557318e-07,5.94248147e-11,7.72522591e-10,7.19149890e-07,9.34894857e-06,1.07470667e-06,1.50458933e-05,1.90105869e-11,2.85158803e-10,1.88842808e-04,2.64379932e-03,6.03942070e-05,9.05913105e-04,2.63195801e-04,4.21113281e-03,6.54821452e-08,1.11319647e-06,3.20328418e-17,5.76591152e-16,9.74773960e-05,1.65711573e-03,8.61226183e-09,1.55020713e-07,7.17611362e-05,1.43522272e-03
9.71557865e-01,1.44671368e-01,5.67739407e+03,3.17984301e-01,7.12398046e-01,7.12398046e-01,6.91437779e-02,2.76575112e-01,6.47858618e-08,7.77430341e-07,6.96544216e-11,9.05507481e-10,7.06463169e-07,9.18402120e-06,1.20899805e-06,1.69259727e-05,2.48143286e-11,3.72214928e-10,1.88756267e-04,2.64258774e-03,6.04059473e-05,9.06089210e-04,2.62750299e-04,4.20400479e-03,8.32414075e-08,1.41510393e-06,5.11267138e-17,9.20280849e-16,9.78548612e-05,1.66353264e-03,1.06360269e-08,1.91448485e-07,7.17611362e-05,1.43522272e-03
1.03523178e+00,1.41633128e-01,5.32716086e+03,3.17942248e-01,7.12397451e-01,7.12397451e-01,6.91440599e-02,2.76576240e-01,7.52914940e-08,9.03497928e-07,8.25821562e-11,1.07356803e-09,6.98029105e-07,9.07437836e-06,1.35343558e-06,1.89480981e-05,3.29658056e-11,4.94487084e-10,1.88658014e-04,2.64121220e-03,6.04126346e-05,9.06189519e-04,2.62385685e-04,4.19817096e-03,1.06184699e-07,1.80513988e-06,8.37760692e-17,1.50796925e-15,9.81481397e-05,1.66851837e-03,1.31946799e-08,2.37504238e-07,7.17611362e-05,1.43522272e-03
1.10307874e+00,1.38465951e-01,4.97771752e+03,3.17877898e-01,7.12396934e-01,7.12396934e-01,6.91443447e-02,2.76577379e-01,8.76371359e-08,1.05164563e-06,9.88521728e-11,1.28507825e-09,6.93054177e-07,9.00970431e-06,1.50713708e-06,2.10999191e-05,4.46308065e-11,6.69462097e-10,1.88548227e-04,2.63967518e-03,6.04143551e-05,9.06215327e-04,2.62092751e-04,4.19348402e-03,1.35567834e-07,2.30465317e-06,1.41090029e-16,2.53962051e-15,9.83660643e-05,1.67222309e-03,1.64247628e-08,2.95645730e-07,7.17611362e-05,1.43522272e-03
1.17537227e+00,1.35169103e-01,4.63056058e+03,3.17793602e-01,7.12396490e-01,7.12396490e-01,6.91446302e-02,2.76578521e-01,1.02072913e-07,1.22487496e-06,1.19220598e-10,1.54986777e-09,6.90806597e-07,8.98048576e-06,1.66909578e-06,2.33673409e-05,6.16630101e-11,9.24945151e-10,1.88426988e-04,2.63797783e-03,6.04112574e-05,9.06168861e-04,2.61862075e-04,4.18979321e-03,1.72723045e-07,2.93629177e-06,2.44462272e-16,4.40032090e-15,9.85176672e-05,1.67480034e-03,2.04849983e-08,3.68729969e-07,7.17611362e-05,1.43522272e-03
1.25240375e+00,1.31742525e-01,4.28725405e+03,3.17691884e-01,7.12396111e-01,7.12396111e-01,6.91449139e-02,2.76579656e-01,1.18849102e-07,1.42618923e-06,1.44545837e-10,1.87909588e-09,6.90614153e-07,8.97798399e-06,1.83834984e-06,2.57368977e-05,8.70765607e-11,1.30614841e-09,1.88294292e-04,2.63612009e-03,6.04035100e-05,9.06052651e-04,2.61684320e-04,4.18694912e-03,2.18940257e-07,3.72198437e-06,4.36188604e-16,7.85139487e-15,9.86118804e-05,1.67640197e-03,2.55507856e-08,4.59914141e-07,7.17611362e-05,1.43522272e-03
1.33448373e+00,1.28186913e-01,3.94941107e+03,3.17574931e-01,7.12395791e-01,7.12395791e-01,6.91451932e-02,2.76580773e-01,1.38204442e-07,1.65845331e-06,1.75763201e-10,2.28492161e-09,6.91868505e-07,8.99429057e-06,2.01417755e-06,2.81984857e-05,1.25890869e-10,1.88836304e-09,1.88150056e-04,2.63410078e-03,6.03912673e-05,9.05869010e-04,2.61550519e-04,4.18480831e-03,2.75320799e-07,4.68045358e-06,8.02248821e-16,1.44404788e-14,9.86572524e-05,1.67717329e-03,3.18029410e-08,5.72452937e-07,7.17611362e-05,1.43522272e-03
1.42194306e+00,1.24503814e-01,3.61867213e+03,3.17444208e-01,7.12395525e-01,7.12395525e-01,6.91454658e-02,2.76581863e-01,1.60353151e-07,1.92423781e-06,2.13841737e-10,2.77994259e-09,6.94033965e-07,9.02244154e-06,2.19627393e-06,3.07478350e-05,1.86679074e-10,2.80018611e-09,1.87994114e-04,2.63191760e-03,6.03746506e-05,9.05619759e-04,2.61452329e-04,4.18323726e-03,3.42640412e-07,5.82488701e-06,1.52273536e-15,2.74092365e-14,9.86617002e-05,1.67724890e-03,3.94102305e-08,7.09384150e-07,7.17611362e-05,1.43522272e-03
1.51513429e+00,1.20695712e-01,3.29668002e+03,3.17300294e-01,7.12395307e-01,7.12395307e-01,6.91457293e-02,2.76582917e-01,1.85471679e-07,2.22566015e-06,2.59725013e-10,3.37642517e-09,6.96657944e-07,9.05655327e-06,2.38485768e-06,3.33880075e-05,2.84479740e-10,4.26719610e-09,1.87826223e-04,2.62956713e-03,6.03537474e-05,9.05306210e-04,2.61382226e-04,4.18211562e-03,4.21268238e-07,7.16156005e-06,2.98734926e-15,5.37722866e-14,9.86323107e-05,1.67674928e-03,4.85071500e-08,8.73128700e-07,7.17611362e-05,1.43522272e-03
1.61443309e+00,1.16766125e-01,2.98505184e+03,3.17142987e-01,7.12395131e-01,7.12395131e-01,6.91459820e-02,2.76583928e-01,2.13685800e-07,2.56422960e-06,3.14262855e-10,4.08541711e-09,6.99379871e-07,9.09193832e-06,2.58067298e-06,3.61294218e-05,4.46411913e-10,6.69617870e-09,1.87646052e-04,2.62704473e-03,6.03286255e-05,9.04929382e-04,2.61333647e-04,4.18133835e-03,5.11177051e-07,8.69000987e-06,6.06977621e-15,1.09255972e-13,9.85752029e-05,1.67577845e-03,5.91708207e-08,1.06507477e-06,7.17611362e-05,1.43522272e-03
1.72023972e+00,1.12719691e-01,2.68534840e+03,3.16971658e-01,7.12394990e-01,7.12394990e-01,6.91462229e-02,2.76584892e-01,2.45056974e-07,2.94068369e-06,3.78146261e-10,4.91590139e-09,7.01935539e-07,9.12516201e-06,2.78488613e-06,3.89884058e-05,7.22757517e-10,1.08413628e-08,1.87453183e-04,2.62434456e-03,6.02993534e-05,9.04490301e-04,2.61301055e-04,4.18081689e-03,6.12047665e-07,1.04048103e-05,1.28043131e-14,2.30477635e-13,9.84954578e-05,1.67442278e-03,7.14027461e-08,1.28524943e-06,7.17611362e-05,1.43522272e-03
1.83298071e+00,1.08562256e-01,2.39904200e+03,3.16785729e-01,7.12394877e-01,7.12394877e-01,6.91464516e-02,2.76585806e-01,2.79563234e-07,3.35475880e-06,4.51860387e-10,5.87418503e-09,7.04154817e-07,9.15401262e-06,2.99891620e-06,4.19848268e-05,1.20922718e-09,1.81384077e-08,1.87247106e-04,2.62145949e-03,6.02660157e-05,9.03990235e-04,2.61279945e-04,4.18047912e-03,7.23432887e-07,1.22983591e-05,2.81114895e-14,5.06006811e-13,9.83971127e-05,1.67275092e-03,8.51212010e-08,1.53218162e-06,7.17611362e-05,1.43522272e-03
1.95311051e+00,1.04300956e-01,2.12748321e+03,3.16585226e-01,7.12394785e-01,7.12394785e-01,6.91466682e-02,2.76586673e-01,3.17062902e-07,3.80475483e-06,5.35668703e-10,6.96369315e-09,7.05952120e-07,9.17737756e-06,3.22426045e-06,4.51396464e-05,2.09195728e-09,3.13793592e-08,1.87027222e-04,2.61838111e-03,6.02287167e-05,9.03430751e-04,2.61266785e-04,4.18026857e-03,8.44924986e-07,1.43637248e-05,6.42842031e-14,1.15711566e-12,9.82832153e-05,1.67081466e-03,1.00167528e-07,1.80301551e-06,7.17611362e-05,1.43522272e-03
2.08111337e+00,9.99442879e-02,1.87186794e+03,3.16371409e-01,7.12394708e-01,7.12394708e-01,6.91468729e-02,2.76587492e-01,3.57218316e-07,4.28661979e-06,6.29634669e-10,8.18525069e-09,7.07310736e-07,9.19503956e-06,3.46236706e-06,4.84731388e-05,3.73675264e-09,5.60512896e-08,1.86792838e-04,2.61509973e-03,6.01875705e-05,9.02813557e-04,2.61258917e-04,4.18014268e-03,9.76276870e-07,1.65967068e-05,1.52426814e-13,2.74368265e-12,9.81559216e-05,1.66865067e-03,1.16325302e-07,2.09385544e-06,7.17611362e-05,1.43522272e-03
2.21750528e+00,9.55021673e-02,1.63320595e+03,3.16147615e-01,7.12394641e-01,7.12394641e-01,6.91470662e-02,2.76588265e-01,3.99345469e-07,4.79214563e-06,7.33677398e-10,9.53780618e-09,7.08263453e-07,9.20742489e-06,3.71457901e-06,5.20041062e-05,6.85440673e-09,1.02816101e-07,1.86543173e-04,2.61160443e-03,6.01426801e-05,9.02140202e-04,2.61254424e-04,4.18007078e-03,1.11745445e-06,1.89967256e-05,3.68583963e-13,6.63451133e-12,9.80166248e-05,1.66628262e-03,1.33347120e-07,2.40024815e-06,7.17611362e-05,1.43522272e-03
2.36283603e+00,9.09859735e-02,1.41229236e+03,3.15920486e-01,7.12394583e-01,7.12394583e-01,6.91472476e-02,2.76588990e-01,4.42170224e-07,5.30604268e-06,8.47648722e-10,1.10194334e-08,7.08872620e-07,9.21534406e-06,3.98214090e-06,5.57499726e-05,1.27589368e-08,1.91384053e-07,1.86277362e-04,2.60788307e-03,6.00941157e-05,9.01411736e-04,2.61251984e-04,4.18003175e-03,1.26862842e-06,2.15666831e-05,8.77049258e-13,1.57868866e-11,9.78660962e-05,1.66372364e-03,1.50981754e-07,2.71767157e-06,7.17611362e-05,1.43522272e-03
2.51769146e+00,8.64085717e-02,1.20968349e+03,3.15701160e-01,7.12394532e-01,7.12394532e-01,6.91474158e-02,2.76589663e-01,4.83580470e-07,5.80296564e-06,9.71414115e-10,1.26283835e-08,7.09212534e-07,9.21976295e-06,4.26624107e-06,5.97273750e-05,2.36271424e-08,3.54407135e-07,1.85994458e-04,2.60392241e-03,6.00418963e-05,9.00628444e-04,2.61250732e-04,4.18001171e-03,1.43013214e-06,2.43122464e-05,1.95214582e-12,3.51386247e-11,9.77046242e-05,1.66097861e-03,1.68995318e-07,3.04191573e-06,7.17611362e-05,1.43522272e-03
2.68269580e+00,8.17843115e-02,1.02567856e+03,3.15504792e-01,7.12394489e-01,7.12394489e-01,6.91475686e-02,2.76590275e-01,5.20699688e-07,6.24839625e-06,1.10492107e-09,1.43639740e-08,7.09356059e-07,9.22162877e-06,4.56806034e-06,6.39528448e-05,4.24328347e-08,6.36492521e-07,1.85693435e-04,2.59970809e-03,5.99859807e-05,8.99789710e-04,2.61250129e-04,4.18000206e-03,1.60241388e-06,2.72410359e-05,3.89101193e-12,7.00382147e-11,9.75321382e-05,1.65804635e-03,1.87183168e-07,3.36929702e-06,7.17611362e-05,1.43522272e-03
2.85851418e+00,7.71289971e-02,8.60308719e+02,3.15346342e-01,7.12394455e-01,7.12394455e-01,6.91477036e-02,2.76590814e-01,5.50679108e-07,6.60814929e-06,1.24824440e-09,1.62271772e-08,7.09365989e-07,9.22175785e-06,4.88880890e-06,6.84433245e-05,7.21583348e-08,1.08237502e-06,1.85373193e-04,2.59522470e-03,5.99262678e-05,8.98894018e-04,2.61249859e-04,4.17999774e-03,1.78600118e-06,3.03620201e-05,6.84246672e-12,1.23164401e-10,9.73483117e-05,1.65492130e-03,2.05372750e-07,3.69670950e-06,7.17611362e-05,1.43522272e-03
3.04585534e+00,7.24598237e-02,7.13334275e+02,3.15233793e-01,7.12394432e-01,7.12394432e-01,6.91478195e-02,2.76591278e-01,5.71987820e-07,6.86385384e-06,1.40160571e-09,1.82208742e-08,7.09290700e-07,9.22077910e-06,5.22974647e-06,7.32164506e-05,1.14504482e-07,1.71756723e-06,1.85032557e-04,2.59045580e-03,5.98626032e-05,8.97939047e-04,2.61249747e-04,4.17999595e-03,1.98148251e-06,3.36852027e-05,1.07604257e-11,1.93687662e-10,9.71526409e-05,1.65159489e-03,2.23420028e-07,4.02156051e-06,7.17611362e-05,1.43522272e-03
3.24547446e+00,6.77952781e-02,5.84251197e+02,3.15164363e-01,7.12394418e-01,7.12394418e-01,6.91479171e-02,2.76591668e-01,5.85138929e-07,7.02166715e-06,1.56537130e-09,2.03498268e-08,7.09163439e-07,9.21912471e-06,5.59218993e-06,7.82906590e-05,1.69162114e-07,2.53743170e-06,1.84670279e-04,2.58538390e-03,5.97947876e-05,8.96921815e-04,2.61249705e-04,4.17999528e-03,2.18950189e-06,3.72215321e-05,1.55320469e-11,2.79576844e-10,9.69444995e-05,1.64805649e-03,2.41202891e-07,4.34165203e-06,7.17611362e-05,1.43522272e-03
3.45817620e+00,6.31549964e-02,4.72307038e+02,3.15127301e-01,7.12394410e-01,7.12394410e-01,6.91479989e-02,2.76591995e-01,5.92160998e-07,7.10593198e-06,1.74003630e-09,2.26204719e-08,7.09004411e-07,9.21705735e-06,5.97751528e-06,8.36852139e-05,2.34336979e-07,3.51505468e-06,1.84285036e-04,2.57999050e-03,5.97225872e-05,8.95838808e-04,2.61249691e-04,4.17999505e-03,2.41075976e-06,4.09829160e-05,2.10958053e-11,3.79724496e-10,9.67231748e-05,1.64429397e-03,2.58614420e-07,4.65505957e-06,7.17611362e-05,1.43522272e-03
3.68481798e+00,5.85595805e-02,3.76526149e+02,3.15110151e-01,7.12394407e-01,7.12394407e-01,6.91480674e-02,2.76592270e-01,5.95411196e-07,7.14493435e-06,1.92620369e-09,2.50406480e-08,7.08824369e-07,9.21471679e-06,6.38715957e-06,8.94202340e-05,3.07932741e-07,4.61899111e-06,1.83875428e-04,2.57425599e-03,5.96457399e-05,8.94686098e-04,2.61249686e-04,4.17999498e-03,2.64601460e-06,4.49822483e-05,2.74590205e-11,4.94262369e-10,9.64878887e-05,1.64029411e-03,2.75557726e-07,4.96003907e-06,7.17611362e-05,1.43522272e-03
3.92631340e+00,5.40303666e-02,2.95743368e+02,3.15103253e-01,7.12394406e-01,7.12394406e-01,6.91481251e-02,2.76592501e-01,5.96718776e-07,7.16062531e-06,2.12456462e-09,2.76193401e-08,7.08628193e-07,9.21216651e-06,6.82262500e-06,9.55167499e-05,3.88404259e-07,5.82606388e-06,1.83439976e-04,2.56815967e-03,5.95639604e-05,8.93459405e-04,2.61249685e-04,4.17999497e-03,2.89608286e-06,4.92334087e-05,3.46685764e-11,6.24034375e-10,9.62378079e-05,1.63604273e-03,2.91942903e-07,5.25497226e-06,7.17611362e-05,1.43522272e-03
4.18363594e+00,4.95891498e-02,2.28644763e+02,3.15100842e-01,7.12394405e-01,7.12394405e-01,6.91481736e-02,2.76592694e-01,5.97176113e-07,7.16611336e-06,2.33588366e-09,3.03664876e-08,7.08417580e-07,9.20942854e-06,7.28548500e-06,1.01996790e-04,4.74964413e-07,7.12446620e-06,1.82977121e-04,2.56167969e-03,5.94769428e-05,8.92154142e-04,2.61249685e-04,4.17999496e-03,3.16183732e-06,5.37512344e-05,4.27867281e-11,7.70161107e-10,9.59720492e-05,1.63152484e-03,3.07685917e-07,5.53834650e-06,7.17611362e-05,1.43522272e-03
4.45782286e+00,4.52578626e-02,1.73813454e+02,3.15100112e-01,7.12394405e-01,7.12394405e-01,6.91482140e-02,2.76592856e-01,5.97314679e-07,7.16777615e-06,2.56098982e-09,3.32928676e-08,7.08192678e-07,9.20650482e-06,7.77739118e-06,1.08883476e-04,5.67407131e-07,8.51110697e-06,1.82485216e-04,2.55479302e-03,5.93843615e-05,8.90765423e-04,2.61249685e-04,4.17999496e-03,3.44420490e-06,5.85514834e-05,5.18808941e-11,9.33856094e-10,9.56896805e-05,1.62672457e-03,3.22708854e-07,5.80875937e-06,7.17611362e-05,1.43522272e-03
4.74997943e+00,4.10582130e-02,1.29778097e+02,3.15099922e-01,7.12394405e-01,7.12394405e-01,6.91482474e-02,2.76592989e-01,5.97350778e-07,7.16820933e-06,2.80077259e-09,3.64100437e-08,7.07952948e-07,9.20338832e-06,8.30007968e-06,1.16201115e-04,6.65861546e-07,9.98792319e-06,1.81962528e-04,2.54747539e-03,5.92858711e-05,8.89288066e-04,2.61249685e-04,4.17999496e-03,3.74416517e-06,6.36508079e-05,6.20206752e-11,1.11637215e-09,9.53897199e-05,1.62162524e-03,3.36940994e-07,6.06493789e-06,7.17611362e-05,1.43522272e-03
5.06128335e+00,3.70112868e-02,9.50613172e+01,3.15099879e-01,7.12394405e-01,7.12394405e-01,6.91482744e-02,2.76593098e-01,5.97358775e-07,7.16830530e-06,3.05618157e-09,3.97303604e-08,7.07697551e-07,9.20006816e-06,8.85537646e-06,1.23975270e-04,7.70619236e-07,1.15592885e-05,1.81407231e-04,2.53970123e-03,5.91811054e-05,8.87716581e-04,2.61249685e-04,4.17999496e-03,4.06274978e-06,6.90667463e-05,7.32770671e-11,1.31898721e-09,9.50711353e-05,1.61620930e-03,3.50320246e-07,6.30576442e-06,7.17611362e-05,1.43522272e-03
5.39298949e+00,3.31371233e-02,6.82253359e+01,3.15099872e-01,7.12394405e-01,7.12394405e-01,6.91482960e-02,2.76593184e-01,5.97360261e-07,7.16832313e-06,3.32822831e-09,4.32669680e-08,7.07425506e-07,9.19653158e-06,9.44520150e-06,1.32232821e-04,8.82045857e-07,1.32306878e-05,1.80817406e-04,2.53144368e-03,5.90696773e-05,8.86045159e-04,2.61249685e-04,4.17999496e-03,4.40104300e-06,7.48177311e-05,8.57221612e-11,1.54299890e-09,9.47328421e-05,1.61045832e-03,3.62794674e-07,6.53030413e-06,7.17611362e-05,1.43522272e-03
5.74643497e+00,2.94542745e-02,4.79122164e+01,3.15099870e-01,7.12394405e-01,7.12394405e-01,6.91483129e-02,2.76593252e-01,5.97360488e-07,7.16832585e-06,3.61798938e-09,4.70338620e-08,7.07135746e-07,9.19276469e-06,1.00715722e-05,1.41002011e-04,1.00054564e-06,1.50081846e-05,1.80191035e-04,2.52267449e-03,5.89511773e-05,8.84267659e-04,2.61249685e-04,4.17999496e-03,4.76018270e-06,8.09231059e-05,9.94289826e-11,1.78972169e-09,9.43737024e-05,1.60435294e-03,3.74323930e-07,6.73783074e-06,7.17611362e-05,1.43522272e-03
6.12304454e+00,2.59793637e-02,3.28765928e+01,3.15099870e-01,7.12394405e-01,7.12394405e-01,6.91483259e-02,2.76593304e-01,5.97360516e-07,7.16832619e-06,3.92661021e-09,5.10459327e-08,7.06827125e-07,9.18875262e-06,1.07366064e-05,1.50312489e-04,1.12655028e-06,1.68982542e-05,1.79526001e-04,2.51336401e-03,5.88251726e-05,8.82377589e-04,2.61249685e-04,4.17999496e-03,5.14136150e-06,8.74031455e-05,1.14471423e-10,2.06048561e-09,9.39925236e-05,1.59787290e-03,3.84880469e-07,6.92784845e-06,7.17611362e-05,1.43522272e-03
6.52433633e+00,2.27266578e-02,2.20093893e+01,3.15099870e-01,7.12394405e-01,7.12394405e-01,6.91483356e-02,2.76593343e-01,5.97360519e-07,7.16832622e-06,4.25530919e-09,5.53190194e-08,7.06498426e-07,9.18447954e-06,1.14425247e-05,1.60195346e-04,1.26051667e-06,1.89077500e-05,1.78820082e-04,2.50348115e-03,5.86912062e-05,8.80368093e-04,2.61249685e-04,4.17999496e-03,5.54582788e-06,9.42790739e-05,1.30924273e-10,2.35663692e-09,9.35880572e-05,1.59099697e-03,3.94450458e-07,7.10010825e-06,7.17611362e-05,1.43522272e-03
6.95192796e+00,1.97076729e-02,1.43518308e+01,3.15099870e-01,7.12394405e-01,7.12394405e-01,6.91483428e-02,2.76593371e-01,5.97360519e-07,7.16832623e-06,4.60538221e-09,5.98699688e-08,7.06148353e-07,9.17992859e-06,1.21916532e-05,1.70683145e-04,1.40292721e-06,2.10439082e-05,1.78070954e-04,2.49299336e-03,5.85487957e-05,8.78231935e-04,2.61249685e-04,4.17999496e-03,5.97488700e-06,1.01573079e-04,1.48863380e-10,2.67954083e-09,9.31589981e-05,1.58370297e-03,4.03034293e-07,7.25461727e-06,7.17611362e-05,1.43522272e-03
7.40754307e+00,1.69308321e-02,9.09989074e+00,3.15099870e-01,7.12394405e-01,7.12394405e-01,6.91483479e-02,2.76593392e-01,5.97360519e-07,7.16832623e-06,4.97820742e-09,6.47166965e-08,7.05775528e-07,9.17508186e-06,1.29864247e-05,1.81809946e-04,1.55429081e-06,2.33143622e-05,1.77276182e-04,2.48186655e-03,5.83974321e-05,8.75961481e-04,2.61249685e-04,4.17999496e-03,6.42990135e-06,1.09308323e-04,1.68365926e-10,3.03058667e-09,9.27039837e-05,1.57596772e-03,4.10646673e-07,7.39164011e-06,7.17611362e-05,1.43522272e-03
7.89301826e+00,1.44011963e-02,5.60011546e+00,3.15099870e-01,7.12394405e-01,7.12394405e-01,6.91483515e-02,2.76593406e-01,5.97360519e-07,7.16832623e-06,5.37525022e-09,6.98782529e-08,7.05378485e-07,9.16992030e-06,1.38293808e-05,1.93611331e-04,1.71514388e-06,2.57271581e-05,1.76433226e-04,2.47006517e-03,5.82365790e-05,8.73548685e-04,2.61249685e-04,4.17999496e-03,6.91229101e-06,1.17508947e-04,1.89510864e-10,3.41119555e-09,9.22215941e-05,1.56776710e-03,4.17316186e-07,7.51169135e-06,7.17611362e-05,1.43522272e-03
8.41031051e+00,1.21202854e-02,3.33841110e+00,3.15099870e-01,7.12394405e-01,7.12394405e-01,6.91483539e-02,2.76593416e-01,5.97360519e-07,7.16832623e-06,5.79806859e-09,7.53748917e-08,7.04955667e-07,9.16442367e-06,1.47231720e-05,2.06124407e-04,1.88605138e-06,2.82907707e-05,1.75539435e-04,2.45755209e-03,5.80656715e-05,8.70985072e-04,2.61249685e-04,4.17999496e-03,7.42353352e-06,1.26200070e-04,2.12379489e-10,3.82283080e-09,9.17103515e-05,1.55907598e-03,4.23084389e-07,7.61551900e-06,7.17611362e-05,1.43522272e-03
8.96150502e+00,1.00860071e-02,1.92379628e+00,3.15099870e-01,7.12394405e-01,7.12394405e-01,6.91483556e-02,2.76593422e-01,5.97360519e-07,7.16832623e-06,6.24831871e-09,8.12281433e-08,7.04505416e-07,9.15857041e-06,1.56705582e-05,2.19387815e-04,2.06760790e-06,3.10141184e-05,1.74592049e-04,2.44428869e-03,5.78841150e-05,8.68261725e-04,2.61249685e-04,4.17999496e-03,7.96516334e-06,1.35407777e-04,2.37056163e-10,4.26701093e-09,9.11687217e-05,1.54986827e-03,4.28004404e-07,7.70407928e-06,7.17611362e-05,1.43522272e-03
9.54882369e+00,1.00000000e-02,1.06927600e+00,3.15099870e-01,7.12394405e-01,7.12394405e-01,6.91483566e-02,2.76593426e-01,5.97360519e-07,7.16832623e-06,6.72776085e-09,8.74608911e-08,7.04025974e-07,9.15233767e-06,1.66744082e-05,2.33441715e-04,2.26043859e-06,3.39065788e-05,1.73588199e-04,2.43023479e-03,5.76912843e-05,8.65369264e-04,2.61249685e-04,4.17999496e-03,8.53877080e-06,1.45159104e-04,2.63629171e-10,4.74532508e-09,9.05951143e-05,1.54011694e-03,4.32139078e-07,7.77850340e-06,7.17611362e-05,1.43522272e-03
1.01746340e+01,1.00000000e-02,5.71878600e-01,3.15099870e-01,7.12394405e-01,7.12394405e-01,6.91483572e-02,2.76593429e-01,5.97360519e-07,7.16832623e-06,7.23826559e-09,9.40974527e-08,7.03515470e-07,9.14570110e-06,1.77376977e-05,2.48327768e-04,2.46520015e-06,3.69780023e-05,1.72524910e-04,2.41534873e-03,5.74865227e-05,8.62297841e-04,2.61249685e-04,4.17999496e-03,9.14600036e-06,1.55482006e-04,2.92191698e-10,5.25945056e-09,8.99878847e-05,1.52979404e-03,4.35558775e-07,7.84005795e-06,7.17611362e-05,1.43522272e-03
1.08414587e+01,1.00000000e-02,2.93565878e-01,3.15099870e-01,7.12394405e-01,7.12394405e-01,6.91483576e-02,2.76593430e-01,5.97360519e-07,7.16832623e-06,7.78182041e-09,1.01163665e-07,7.02971915e-07,9.13863489e-06,1.88635066e-05,2.64089093e-04,2.68258167e-06,4.02387251e-05,1.71399101e-04,2.39958741e-03,5.72691412e-05,8.59037118e-04,2.61249685e-04,4.17999496e-03,9.78854823e-06,1.66405320e-04,3.22842887e-10,5.81117197e-09,8.93453368e-05,1.51887073e-03,4.38338927e-07,7.89010069e-06,7.17611362e-05,1.43522272e-03
1.15519857e+01,1.00000000e-02,1.44253921e-01,3.15099870e-01,7.12394405e-01,7.12394405e-01,6.91483578e-02,2.76593431e-01,5.97360519e-07,7.16832623e-06,8.36053655e-09,1.08686975e-07,7.02393199e-07,9.13111158e-06,2.00550155e-05,2.80770217e-04,2.91330542e-06,4.36995813e-05,1.70207592e-04,2.38290628e-03,5.70384175e-05,8.55576262e-04,2.61249685e-04,4.17999496e-03,1.04681592e-05,1.77958707e-04,3.55688971e-10,6.40240147e-09,8.86657258e-05,1.50731734e-03,4.40557455e-07,7.93003418e-06,7.17611362e-05,1.43522272e-03
1.23090791e+01,1.00000000e-02,6.76590837e-02,3.15099870e-01,7.12394405e-01,7.12394405e-01,6.91483579e-02,2.76593432e-01,5.97360519e-07,7.16832623e-06,8.97665629e-09,1.16696532e-07,7.01777079e-07,9.12310202e-06,2.13154998e-05,2.98416997e-04,3.15812751e-06,4.73719126e-05,1.68947107e-04,2.36525950e-03,5.67935954e-05,8.51903930e-04,2.61249685e-04,4.17999496e-03,1.11866227e-05,1.90172586e-04,3.90844409e-10,7.03519936e-09,8.79472624e-05,1.49510346e-03,4.42292222e-07,7.96126000e-06,7.17611362e-05,1.43522272e-03
1.31157910e+01,1.00000000e-02,3.01978219e-02,3.15099870e-01,7.12394405e-01,7.12394405e-01,6.91483580e-02,2.76593432e-01,5.97360519e-07,7.16832623e-06,9.63256054e-09,1.25223287e-07,7.01121175e-07,9.11457527e-06,2.26483230e-05,3.17076522e-04,3.41783845e-06,5.12675767e-05,1.67614284e-04,2.34659998e-03,5.65338844e-05,8.48008266e-04,2.61249685e-04,4.17999496e-03,1.19457673e-05,2.03078045e-04,4.28433033e-10,7.71179460e-09,8.71881177e-05,1.48219800e-03,4.43618654e-07,7.98513577e-06,7.17611362e-05,1.43522272e-03
1.39753730e+01,1.00000000e-02,1.27839150e-02,3.15099870e-01,7.12394405e-01,7.12394405e-01,6.91483580e-02,2.76593432e-01,5.97360519e-07,7.16832623e-06,1.03307768e-08,1.34300098e-07,7.00422958e-07,9.10549846e-06,2.40569278e-05,3.36796989e-04,3.69326351e-06,5.53989527e-05,1.66205679e-04,2.32687951e-03,5.62584594e-05,8.43876890e-04,2.61249685e-04,4.17999496e-03,1.27474551e-05,2.16706736e-04,4.68589136e-10,8.43460446e-09,8.63864300e-05,1.46856931e-03,4.44607657e-07,8.00293783e-06,7.17611362e-05,1.43522272e-03
1.48912903e+01,1.00000000e-02,5.11547590e-03,3.15099870e-01,7.12394405e-01,7.12394405e-01,6.91483580e-02,2.76593432e-01,5.97360519e-07,7.16832623e-06,1.10739876e-08,1.43961838e-07,6.99679748e-07,9.09583672e-06,2.55448252e-05,3.57627553e-04,3.98526290e-06,5.97789435e-05,1.64717782e-04,2.30604895e-03,5.59664600e-05,8.39496899e-04,2.61249685e-04,4.17999496e-03,1.35935735e-05,2.31090749e-04,5.11458501e-10,9.20625302e-09,8.55403116e-05,1.45418530e-03,4.45323958e-07,8.01583125e-06,7.17611362e-05,1.43522272e-03
1.58672350e+01,1.00000000e-02,1.92769654e-03,3.15099870e-01,7.12394405e-01,7.12394405e-01,6.91483580e-02,2.76593432e-01,5.97360519e-07,7.16832623e-06,1.18650390e-08,1.54245508e-07,6.98888696e-07,9.08555305e-06,2.71155813e-05,3.79618139e-04,4.29473171e-06,6.44209756e-05,1.63147026e-04,2.28405836e-03,5.56569912e-05,8.34854867e-04,2.61249685e-04,4.17999496e-03,1.44860268e-05,2.46262456e-04,5.57199339e-10,1.00295881e-08,8.46478582e-05,1.43901359e-03,4.45824919e-07,8.02484854e-06,7.17611362e-05,1.43522272e-03
1.69071410e+01,1.00000000e-02,6.81417375e-04,3.15099870e-01,7.12394405e-01,7.12394405e-01,6.91483580e-02,2.76593432e-01,5.97360519e-07,7.16832623e-06,1.27069502e-08,1.65190353e-07,6.98046785e-07,9.07460820e-06,2.87728016e-05,4.02819222e-04,4.62259957e-06,6.93389935e-05,1.61489806e-04,2.26085728e-03,5.53291233e-05,8.29936849e-04,2.61249685e-04,4.17999496e-03,1.54267256e-05,2.62254336e-04,6.05983145e-10,1.09076966e-08,8.37071594e-05,1.42302171e-03,4.46159872e-07,8.03087769e-06,7.17611362e-05,1.43522272e-03
1.80152004e+01,1.00000000e-02,2.25003426e-04,3.15099870e-01,7.12394405e-01,7.12394405e-01,6.91483581e-02,2.76593432e-01,5.97360519e-07,7.16832623e-06,1.36029225e-08,1.76837993e-07,6.97150813e-07,9.06296056e-06,3.05201119e-05,4.27281567e-04,4.96983005e-06,7.45474507e-05,1.59742495e-04,2.23639493e-03,5.49818928e-05,8.24728392e-04,2.61249685e-04,4.17999496e-03,1.64175745e-05,2.79098767e-04,6.57995467e-10,1.18439184e-08,8.27163106e-05,1.40617728e-03,4.46369958e-07,8.03465924e-06,7.17611362e-05,1.43522272e-03
1.91958797e+01,1.00000000e-02,6.90918180e-05,3.15099870e-01,7.12394405e-01,7.12394405e-01,6.91483581e-02,2.76593432e-01,5.97360519e-07,7.16832623e-06,1.45563495e-08,1.89232543e-07,6.96197386e-07,9.05056601e-06,3.23611374e-05,4.53055923e-04,5.33741960e-06,8.00612941e-05,1.57901470e-04,2.21062058e-03,5.46143033e-05,8.19214549e-04,2.61249685e-04,4.17999496e-03,1.74604580e-05,2.96827785e-04,7.13436604e-10,1.28418589e-08,8.16734271e-05,1.38844826e-03,4.46488404e-07,8.03679126e-06,7.17611362e-05,1.43522272e-03
2.04539383e+01,1.00000000e-02,1.96362569e-05,3.15099870e-01,7.12394405e-01,7.12394405e-01,6.91483581e-02,2.76593432e-01,5.97360519e-07,7.16832623e-06,1.55708272e-08,2.02420754e-07,6.95182908e-07,9.03737780e-06,3.42994766e-05,4.80192673e-04,5.72639617e-06,8.58959426e-05,1.55963131e-04,2.18348383e-03,5.42253267e-05,8.13379900e-04,2.61249685e-04,4.17999496e-03,1.85572244e-05,3.15472814e-04,7.72522272e-10,1.39054009e-08,8.05766607e-05,1.36980323e-03,4.46541164e-07,8.03774096e-06,7.17611362e-05,1.43522272e-03
2.17944475e+01,1.00000000e-02,5.13905135e-06,3.15099870e-01,7.12394405e-01,7.12394405e-01,6.91483581e-02,2.76593432e-01,5.97360519e-07,7.16832623e-06,1.66501650e-08,2.16452145e-07,6.94103570e-07,9.02334641e-06,3.63386731e-05,5.08741424e-04,6.13781726e-06,9.20672589e-05,1.53923934e-04,2.15493508e-03,5.38139056e-05,8.07208584e-04,2.61249685e-04,4.17999496e-03,1.97096678e-05,3.35064352e-04,8.35484251e-10,1.50387165e-08,7.94242173e-05,1.35021169e-03,4.46547809e-07,8.03786056e-06,7.17611362e-05,1.43522272e-03
2.32228110e+01,1.00000000e-02,1.23183518e-06,3.15099870e-01,7.12394405e-01,7.12394405e-01,6.91483581e-02,2.76593432e-01,5.97360519e-07,7.16832623e-06,1.77983964e-08,2.31379153e-07,6.92955339e-07,9.00841940e-06,3.84821822e-05,5.38750551e-04,6.57276748e-06,9.85915122e-05,1.51780425e-04,2.12492595e-03,5.33789554e-05,8.00684331e-04,2.61249685e-04,4.17999496e-03,2.09195071e-05,3.55631620e-04,9.02571057e-10,1.62462790e-08,7.82143780e-05,1.32964443e-03,4.46522545e-07,8.03740581e-06,7.17611362e-05,1.43522272e-03
2.47447864e+01,1.00000000e-02,2.68885306e-07,3.15099870e-01,7.12394405e-01,7.12394405e-01,6.91483581e-02,2.76593432e-01,5.97360519e-07,7.16832623e-06,1.90197903e-08,2.47257274e-07,6.91733945e-07,8.99254128e-06,4.07333339e-05,5.70266675e-04,7.03235551e-06,1.05485333e-04,1.49529273e-04,2.09340983e-03,5.29193674e-05,7.93790510e-04,2.61249685e-04,4.17999496e-03,2.21883633e-05,3.77202175e-04,9.74048663e-10,1.75328759e-08,7.69455218e-05,1.30807387e-03,4.46475274e-07,8.03655493e-06,7.17611362e-05,1.43522272e-03
2.63665090e+01,1.00000000e-02,5.31204688e-08,3.15099870e-01,7.12394405e-01,7.12394405e-01,6.91483581e-02,2.76593432e-01,5.97360519e-07,7.16832623e-06,2.03188628e-08,2.64145217e-07,6.90434872e-07,8.97565334e-06,4.30952912e-05,6.03334077e-04,7.51771030e-06,1.12765655e-04,1.47167316e-04,2.06034242e-03,5.24340126e-05,7.86510189e-04,2.61249685e-04,4.17999496e-03,2.35177335e-05,3.99801470e-04,1.05020130e-09,1.89036234e-08,7.56161515e-05,1.28547458e-03,4.46412584e-07,8.03542652e-06,7.17611362e-05,1.43522272e-03
2.80945159e+01,1.00000000e-02,9.43621897e-09,3.15099870e-01,7.12394405e-01,7.12394405e-01,6.91483581e-02,2.76593432e-01,5.97360519e-07,7.16832623e-06,2.17003893e-08,2.82105061e-07,6.89053346e-07,8.95769350e-06,4.55710033e-05,6.37994046e-04,8.02997659e-06,1.20449649e-04,1.44691604e-04,2.02568245e-03,5.19217463e-05,7.78826194e-04,2.61249685e-04,4.17999496e-03,2.49089632e-05,4.23452374e-04,1.13133234e-09,2.03639822e-08,7.42249219e-05,1.26182367e-03,4.46338629e-07,8.03409533e-06,7.17611362e-05,1.43522272e-03
2.99357729e+01,1.00000000e-02,1.49675341e-09,3.15099870e-01,7.12394405e-01,7.12394405e-01,6.91483581e-02,2.76593432e-01,5.97360519e-07,7.16832623e-06,2.31694163e-08,3.01202412e-07,6.87584319e-07,8.93859615e-06,4.81631542e-05,6.74284159e-04,8.57030949e-06,1.28554642e-04,1.42099453e-04,1.98939234e-03,5.13814134e-05,7.70721201e-04,2.61249685e-04,4.17999496e-03,2.63632146e-05,4.48174648e-04,1.21776534e-09,2.19197761e-08,7.27706704e-05,1.23710140e-03,4.46255853e-07,8.03260535e-06,7.17611362e-05,1.43522272e-03
3.18977022e+01,1.00000000e-02,2.10423979e-10,3.15099870e-01,7.12394405e-01,7.12394405e-01,6.91483581e-02,2.76593432e-01,5.97360519e-07,7.16832623e-06,2.47312739e-08,3.21506561e-07,6.86022461e-07,8.91829200e-06,5.08741062e-05,7.12237486e-04,9.13986818e-06,1.37098023e-04,1.39388501e-04,1.95143902e-03,5.08118547e-05,7.62177820e-04,2.61249685e-04,4.17999496e-03,2.78814336e-05,4.73984371e-04,1.30984509e-09,2.35772116e-08,7.12524515e-05,1.21129168e-03,4.46165548e-07,8.03097986e-06,7.17611362e-05,1.43522272e-03
3.39882122e+01,1.00000000e-02,2.60134683e-11,3.15099870e-01,7.12394405e-01,7.12394405e-01,6.91483581e-02,2.76593432e-01,5.97360519e-07,7.16832623e-06,2.63915886e-08,3.43090651e-07,6.84362147e-07,8.89670791e-06,5.37058376e-05,7.51881726e-04,9.73980853e-06,1.46097128e-04,1.36556770e-04,1.91179478e-03,5.02119143e-05,7.53178715e-04,2.61249685e-04,4.17999496e-03,2.94643129e-05,5.00893319e-04,1.40793893e-09,2.53429007e-08,6.96695722e-05,1.18438273e-03,4.46068273e-07,8.02922891e-06,7.17611362e-05,1.43522272e-03
3.62157300e+01,1.00000000e-02,2.80413929e-12,3.15099870e-01,7.12394405e-01,7.12394405e-01,6.91483581e-02,2.76593432e-01,5.97360519e-07,7.16832623e-06,2.81562951e-08,3.66031836e-07,6.82597440e-07,8.87376672e-06,5.66598765e-05,7.93238271e-04,1.03712746e-05,1.55569119e-04,1.33602731e-04,1.87043823e-03,4.95804482e-05,7.43706724e-04,2.61249685e-04,4.17999496e-03,3.11122536e-05,5.28908311e-04,1.51243803e-09,2.72238845e-08,6.80216315e-05,1.15636773e-03,4.45964131e-07,8.02735436e-06,7.17611362e-05,1.43522272e-03
3.85892347e+01,1.00000000e-02,2.61215883e-13,3.15099870e-01,7.12394405e-01,7.12394405e-01,6.91483581e-02,2.76593432e-01,5.97360519e-07,7.16832623e-06,3.00316495e-08,3.90411443e-07,6.80722086e-07,8.84938711e-06,5.97372284e-05,8.36321198e-04,1.10353891e-05,1.65530836e-04,1.30525379e-04,1.82735530e-03,4.89163338e-05,7.33745007e-04,2.61249685e-04,4.17999496e-03,3.28253237e-05,5.58030503e-04,1.62375890e-09,2.92276603e-08,6.63085614e-05,1.12724554e-03,4.45852958e-07,8.02535324e-06,7.17611362e-05,1.43522272e-03
4.11182940e+01,1.00000000e-02,2.08277837e-14,3.15099870e-01,7.12394405e-01,7.12394405e-01,6.91483581e-02,2.76593432e-01,5.97360519e-07,7.16832623e-06,3.20242413e-08,4.16315136e-07,6.78729494e-07,8.82348342e-06,6.29383002e-05,8.81136202e-04,1.17332419e-05,1.75998628e-04,1.27324307e-04,1.78254030e-03,4.82184810e-05,7.23277215e-04,2.61249685e-04,4.17999496e-03,3.46032151e-05,5.88254656e-04,1.74234497e-09,3.13622095e-08,6.45306700e-05,1.09702139e-03,4.45734429e-07,8.02321972e-06,7.17611362e-05,1.43522272e-03
4.38131027e+01,1.00000000e-02,1.40702723e-15,3.15099870e-01,7.12394405e-01,7.12394405e-01,6.91483581e-02,2.76593432e-01,5.97360519e-07,7.16832623e-06,3.41410052e-08,4.43833068e-07,6.76612730e-07,8.79596549e-06,6.62628193e-05,9.27679470e-04,1.24658781e-05,1.86988171e-04,1.23999788e-04,1.73599703e-03,4.74858448e-05,7.12287672e-04,2.61249685e-04,4.17999496e-03,3.64451986e-05,6.19568375e-04,1.86866823e-09,3.36360281e-08,6.26886865e-05,1.06570767e-03,4.45608126e-07,8.02094627e-06,7.17611362e-05,1.43522272e-03
4.66845237e+01,1.00000000e-02,7.96636540e-17,3.15099870e-01,7.12394405e-01,7.12394405e-01,6.91483581e-02,2.76593432e-01,5.97360519e-07,7.16832623e-06,3.63892333e-08,4.73060033e-07,6.74364502e-07,8.76673852e-06,6.97097501e-05,9.75936501e-04,1.32342839e-05,1.98514258e-04,1.20552857e-04,1.68774000e-03,4.67174390e-05,7.00761585e-04,2.61249685e-04,4.17999496e-03,3.83500783e-05,6.51951332e-04,2.00323105e-09,3.60581590e-08,6.07838067e-05,1.03332471e-03,4.45473570e-07,8.01852427e-06,7.17611362e-05,1.43522272e-03
4.97441317e+01,1.00000000e-02,3.73670961e-18,3.15099870e-01,7.12394405e-01,7.12394405e-01,6.91483581e-02,2.76593432e-01,5.97360519e-07,7.16832623e-06,3.87765855e-08,5.04095612e-07,6.71977150e-07,8.73570294e-06,7.32772075e-05,1.02588090e-03,1.40393710e-05,2.10590565e-04,1.16985400e-04,1.63779560e-03,4.59123518e-05,6.88685278e-04,2.61249685e-04,4.17999496e-03,4.03161457e-05,6.85374478e-04,2.14656814e-09,3.86382265e-08,5.88177393e-05,9.99901569e-04,4.45330235e-07,8.01594424e-06,7.17611362e-05,1.43522272e-03
5.30042602e+01,1.00000000e-02,1.43427872e-19,3.15099870e-01,7.12394405e-01,7.12394405e-01,6.91483581e-02,2.76593432e-01,5.97360519e-07,7.16832623e-06,4.13111000e-08,5.37044300e-07,6.69442635e-07,8.70275426e-06,7.69623695e-05,1.07747317e-03,1.48819598e-05,2.23229397e-04,1.13300238e-04,1.58620333e-03,4.50697631e-05,6.76046446e-04,2.61249685e-04,4.17999496e-03,4.23411339e-05,7.19799276e-04,2.29924849e-09,4.13864729e-08,5.67927512e-05,9.65476770e-04,4.45177556e-07,8.01319600e-06,7.17611362e-05,1.43522272e-03
5.64780507e+01,1.00000000e-02,4.44616396e-21,3.15099870e-01,7.12394405e-01,7.12394405e-01,6.91483581e-02,2.76593432e-01,5.97360519e-07,7.16832623e-06,4.40012025e-08,5.72015632e-07,6.66752533e-07,8.66778292e-06,8.07613901e-05,1.13065946e-03,1.57627604e-05,2.36441405e-04,1.09501217e-04,1.53301704e-03,4.41889625e-05,6.62834438e-04,2.61249685e-04,4.17999496e-03,4.44221737e-05,7.55176953e-04,2.46187760e-09,4.43137968e-08,5.47117114e-05,9.30099093e-04,4.45014927e-07,8.01026868e-06,7.17611362e-05,1.43522272e-03
6.01795064e+01,1.00000000e-02,1.09764951e-22,3.15099870e-01,7.12394405e-01,7.12394405e-01,6.91483581e-02,2.76593432e-01,5.97360519e-07,7.16832623e-06,4.68557139e-08,6.09124281e-07,6.63898021e-07,8.63067428e-06,8.46693148e-05,1.18537041e-03,1.66823522e-05,2.50235283e-04,1.05593292e-04,1.47830609e-03,4.32693707e-05,6.49040560e-04,2.61249685e-04,4.17999496e-03,4.65557533e-05,7.91447806e-04,2.63509971e-09,4.74317947e-08,5.25781317e-05,8.93828240e-04,4.44841705e-07,8.00715069e-06,7.17611362e-05,1.43522272e-03
6.41235480e+01,1.00000000e-02,2.12612220e-24,3.15099870e-01,7.12394405e-01,7.12394405e-01,6.91483581e-02,2.76593432e-01,5.97360519e-07,7.16832623e-06,4.98838570e-08,6.48490141e-07,6.60869878e-07,8.59130842e-06,8.86799997e-05,1.24152000e-03,1.76411623e-05,2.64617434e-04,1.01582608e-04,1.42215651e-03,4.23105606e-05,6.34658409e-04,2.61249685e-04,4.17999496e-03,4.87376813e-05,8.28540582e-04,2.81960023e-09,5.07528042e-08,5.03962038e-05,8.56735464e-04,4.44657204e-07,8.00382968e-06,7.17611362e-05,1.43522272e-03
6.83260739e+01,1.00000000e-02,3.18019980e-26,3.15099870e-01,7.12394405e-01,7.12394405e-01,6.91483581e-02,2.76593432e-01,5.97360519e-07,7.16832623e-06,5.30952606e-08,6.90238388e-07,6.57658475e-07,8.54956017e-06,9.27860389e-05,1.29900454e-03,1.86394415e-05,2.79591623e-04,9.74765683e-05,1.36467196e-03,4.13122813e-05,6.19684220e-04,2.61249685e-04,4.17999496e-03,5.09630564e-05,8.66371958e-04,3.01610834e-09,5.42899501e-08,4.81708287e-05,8.18904088e-04,4.44460696e-07,8.00029253e-06,7.17611362e-05,1.43522272e-03
7.28040247e+01,1.00000000e-02,3.61164505e-28,3.15099870e-01,7.12394405e-01,7.12394405e-01,6.91483581e-02,2.76593432e-01,5.97360519e-07,7.16832623e-06,5.64999619e-08,7.34499504e-07,6.54253773e-07,8.50529905e-06,9.69787011e-05,1.35770181e-03,1.96772399e-05,2.95158598e-04,9.32839062e-05,1.30597469e-03,4.02744830e-05,6.04117245e-04,2.61249685e-04,4.17999496e-03,5.32262448e-05,9.04846161e-04,3.22539962e-09,5.80571931e-08,4.59076403e-05,7.80429885e-04,4.44251405e-07,7.99652529e-06,7.17611362e-05,1.43522272e-03
7.75754513e+01,1.00000000e-02,3.05844609e-30,3.15099870e-01,7.12394405e-01,7.12394405e-01,6.91483581e-02,2.76593432e-01,5.97360519e-07,7.16832623e-06,6.01084057e-08,7.81409274e-07,6.50645329e-07,8.45838928e-06,1.01247880e-04,1.41747032e-03,2.07543800e-05,3.11315700e-04,8.90147274e-05,1.24620618e-03,3.91973429e-05,5.87960143e-04,2.61249685e-04,4.17999496e-03,5.55208677e-05,9.43854750e-04,3.44829897e-09,6.20693814e-08,4.36130174e-05,7.41421296e-04,4.44028506e-07,7.99251310e-06,7.17611362e-05,1.43522272e-03
8.26595874e+01,1.00000000e-02,1.00000000e-30,3.15099870e-01,7.12394405e-01,7.12394405e-01,6.91483581e-02,2.76593432e-01,5.97360519e-07,7.16832623e-06,6.39314411e-08,8.31108734e-07,6.46822294e-07,8.40868982e-06,1.05582061e-04,1.47814886e-03,2.18704303e-05,3.28056454e-04,8.46805458e-05,1.18552764e-03,3.80812926e-05,5.71219389e-04,2.61249685e-04,4.17999496e-03,5.78398002e-05,9.83276603e-04,3.68568361e-09,6.63423050e-08,4.12940849e-05,7.01999443e-04,4.43791121e-07,7.98824018e-06,7.17611362e-05,1.43522272e-03
8.80769273e+01,1.00000000e-02,1.00000000e-30,3.15099870e-01,7.12394405e-01,7.12394405e-01,6.91483581e-02,2.76593432e-01,5.97360519e-07,7.16832623e-06,6.79803138e-08,8.83744079e-07,6.42773421e-07,8.35605448e-06,1.09968313e-04,1.53955638e-03,2.30246772e-05,3.45370157e-04,8.02942942e-05,1.12412012e-03,3.69270457e-05,5.53905686e-04,2.61249685e-04,4.17999496e-03,6.01751853e-05,1.02297815e-03,3.93848630e-09,7.08927534e-08,3.89586998e-05,6.62297896e-04,4.43538318e-07,7.98368973e-06,7.17611362e-05,1.43522272e-03
9.38493086e+01,1.00000000e-02,1.00000000e-30,3.15099870e-01,7.12394405e-01,7.12394405e-01,6.91483581e-02,2.76593432e-01,5.97360519e-07,7.16832623e-06,7.22666547e-08,9.39466510e-07,6.38487080e-07,8.30033205e-06,1.14392297e-04,1.60149215e-03,2.42160969e-05,3.63241454e-04,7.58703107e-05,1.06218435e-03,3.57356259e-05,5.36034389e-04,2.61249685e-04,4.17999496e-03,6.25184634e-05,1.06281388e-03,4.20769869e-09,7.57385764e-08,3.66154217e-05,6.22462168e-04,4.43269106e-07,7.97884390e-06,7.17611362e-05,1.43522272e-03
1.00000000e+02,1.00000000e-02,1.00000000e-30,3.15099870e-01,7.12394405e-01,7.12394405e-01,6.91483581e-02,2.76593432e-01,5.97360519e-07,7.16832623e-06,7.68024633e-08,9.98432023e-07,6.33951272e-07,8.24136653e-06,1.18838312e-04,1.66373636e-03,2.54433284e-05,3.81649925e-04,7.14242956e-05,9.99940138e-04,3.45083945e-05,5.17625918e-04,2.61249685e-04,4.17999496e-03,6.48604207e-05,1.10262715e-03,4.49437489e-09,8.08987481e-08,3.42734644e-05,5.82648894e-04,4.42982430e-07,7.97368373e-06,7.17611362e-05,1.43522272e-03
