time,t9,rho,R15_14,Y_h1,X_h1,Y_he4,X_he4,Y_c12,X_c12,Y_c13,X_c13,Y_n13,X_n13,Y_n14,X_n14,Y_n15,X_n15,Y_o14,X_o14,Y_o15,X_o15,Y_o16,X_o16,Y_o17,X_o17,Y_o18,X_o18,Y_f17,X_f17,Y_f18,X_f18,Y_ne20,X_ne20
0.00000000e+00,2.00000000e-01,1.50000000e+04,3.67647059e-03,7.12941125e-01,7.12941125e-01,6.91377283e-02,2.76550913e-01,1.89972106e-04,2.27966527e-03,2.13235956e-06,2.77206743e-05,0.00000000e+00,0.00000000e+00,5.71014320e-05,7.99420047e-04,2.09931735e-07,3.14897603e-06,0.00000000e+00,0.00000000e+00,0.00000000e+00,0.00000000e+00,3.62073936e-04,5.79318297e-03,1.37916336e-07,2.34457772e-06,7.25875455e-07,1.30657582e-05,0.00000000e+00,0.00000000e+00,0.00000000e+00,0.00000000e+00,7.17611355e-05,1.43522271e-03
1.00000000e-09,1.99999999e-01,1.49999999e+04,3.68357509e-03,7.12941124e-01,7.12941124e-01,6.91377292e-02,2.76550917e-01,1.89972303e-04,2.27966764e-03,2.13235888e-06,2.77206655e-05,1.96074480e-11,2.54896824e-10,5.71014280e-05,7.99419992e-04,2.10332658e-07,3.15498987e-06,2.36770753e-19,3.31479055e-18,4.73939543e-12,7.10909315e-11,3.62073935e-04,5.79318296e-03,1.37916229e-07,2.34457589e-06,7.25253819e-07,1.30545687e-05,4.70726985e-13,8.00235875e-12,2.15128379e-16,3.87231082e-15,7.17611355e-05,1.43522271e-03
1.06553795e-09,1.99999999e-01,1.49999998e+04,3.68404013e-03,7.12941124e-01,7.12941124e-01,6.91377292e-02,2.76550917e-01,1.89972316e-04,2.27966779e-03,2.13235884e-06,2.77206649e-05,2.08924807e-11,2.71602249e-10,5.71014277e-05,7.99419988e-04,2.10358901e-07,3.15538352e-06,2.68822682e-19,3.76351754e-18,5.05000568e-12,7.57500851e-11,3.62073935e-04,5.79318296e-03,1.37916222e-07,2.34457577e-06,7.25213097e-07,1.30538357e-05,5.01577466e-13,8.52681693e-12,2.29227437e-16,4.12609386e-15,7.17611355e-05,1.43522271e-03
1.13537112e-09,1.99999999e-01,1.49999998e+04,3.68453556e-03,7.12941124e-01,7.12941124e-01,6.91377293e-02,2.76550917e-01,1.89972330e-04,2.27966796e-03,2.13235879e-06,2.77206643e-05,2.22617318e-11,2.89402513e-10,5.71014275e-05,7.99419985e-04,2.10386859e-07,3.15580289e-06,3.05213517e-19,4.27298923e-18,5.38097267e-12,8.07145901e-11,3.62073935e-04,5.79318296e-03,1.37916214e-07,2.34457564e-06,7.25169709e-07,1.30530548e-05,5.34449825e-13,9.08564702e-12,2.44250516e-16,4.39650929e-15,7.17611355e-05,1.43522271e-03
1.20978102e-09,1.99999999e-01,1.49999998e+04,3.68506338e-03,7.12941123e-01,7.12941123e-01,6.91377294e-02,2.76550917e-01,1.89972345e-04,2.27966814e-03,2.13235874e-06,2.77206636e-05,2.37207209e-11,3.08369372e-10,5.71014272e-05,7.99419981e-04,2.10416645e-07,3.15624967e-06,3.46530621e-19,4.85142870e-18,5.73363057e-12,8.60044585e-11,3.62073935e-04,5.79318296e-03,1.37916206e-07,2.34457550e-06,7.25123479e-07,1.30522226e-05,5.69476570e-13,9.68110169e-12,2.60258175e-16,4.68464714e-15,7.17611355e-05,1.43522271e-03
1.28906759e-09,1.99999999e-01,1.49999998e+04,3.68562569e-03,7.12941123e-01,7.12941123e-01,6.91377294e-02,2.76550918e-01,1.89972360e-04,2.27966832e-03,2.13235869e-06,2.77206629e-05,2.52753293e-11,3.28579282e-10,5.71014269e-05,7.99419976e-04,2.10448376e-07,3.15672565e-06,3.93440870e-19,5.50817218e-18,6.10940094e-12,9.16410140e-11,3.62073935e-04,5.79318296e-03,1.37916198e-07,2.34457536e-06,7.25074224e-07,1.30513360e-05,6.06798896e-13,1.03155812e-11,2.77314940e-16,4.99166892e-15,7.17611355e-05,1.43522271e-03
1.37355044e-09,1.99999999e-01,1.49999998e+04,3.68622474e-03,7.12941123e-01,7.12941123e-01,6.91377295e-02,2.76550918e-01,1.89972377e-04,2.27966853e-03,2.13235863e-06,2.77206622e-05,2.69318237e-11,3.50113709e-10,5.71014265e-05,7.99419971e-04,2.10482181e-07,3.15723272e-06,4.46701414e-19,6.25381980e-18,6.50979852e-12,9.76469778e-11,3.62073935e-04,5.79318296e-03,1.37916189e-07,2.34457520e-06,7.25021744e-07,1.30503914e-05,6.46567251e-13,1.09916433e-11,2.95489567e-16,5.31881221e-15,7.17611355e-05,1.43522271e-03
1.46357012e-09,1.99999999e-01,1.49999998e+04,3.68686292e-03,7.12941123e-01,7.12941123e-01,6.91377296e-02,2.76550918e-01,1.89972395e-04,2.27966874e-03,2.13235857e-06,2.77206614e-05,2.86968815e-11,3.73059460e-10,5.71014262e-05,7.99419966e-04,2.10518194e-07,3.15777291e-06,5.07171901e-19,7.10040661e-18,6.93643733e-12,1.04046560e-10,3.62073935e-04,5.79318296e-03,1.37916179e-07,2.34457504e-06,7.24965828e-07,1.30493849e-05,6.88941943e-13,1.17120130e-11,3.14855320e-16,5.66739575e-15,7.17611355e-05,1.43522271e-03
1.55948950e-09,1.99999999e-01,1.49999998e+04,3.68754277e-03,7.12941123e-01,7.12941123e-01,6.91377297e-02,2.76550919e-01,1.89972414e-04,2.27966897e-03,2.13235850e-06,2.77206605e-05,3.05776178e-11,3.97509031e-10,5.71014258e-05,7.99419961e-04,2.10556559e-07,3.15834839e-06,5.75828348e-19,8.06159687e-18,7.39103718e-12,1.10865558e-10,3.62073935e-04,5.79318296e-03,1.37916168e-07,2.34457486e-06,7.24906253e-07,1.30483126e-05,7.34093784e-13,1.24795943e-11,3.35490260e-16,6.03882467e-15,7.17611355e-05,1.43522271e-03
1.66169525e-09,1.99999999e-01,1.49999998e+04,3.68826702e-03,7.12941123e-01,7.12941123e-01,6.91377297e-02,2.76550919e-01,1.89972434e-04,2.27966921e-03,2.13235843e-06,2.77206596e-05,3.25816138e-11,4.23560980e-10,5.71014254e-05,7.99419956e-04,2.10597429e-07,3.15896143e-06,6.53778898e-19,9.15290458e-18,7.87543055e-12,1.18131458e-10,3.62073935e-04,5.79318296e-03,1.37916157e-07,2.34457468e-06,7.24842779e-07,1.30471700e-05,7.82204785e-13,1.32974813e-11,3.57477567e-16,6.43459620e-15,7.17611355e-05,1.43522271e-03
1.77059935e-09,1.99999999e-01,1.49999997e+04,3.68903854e-03,7.12941123e-01,7.12941123e-01,6.91377298e-02,2.76550919e-01,1.89972456e-04,2.27966947e-03,2.13235836e-06,2.77206586e-05,3.47169479e-11,4.51320322e-10,5.71014250e-05,7.99419949e-04,2.10640966e-07,3.15961449e-06,7.42281707e-19,1.03919439e-17,8.39157008e-12,1.25873551e-10,3.62073935e-04,5.79318296e-03,1.37916146e-07,2.34457448e-06,7.24775150e-07,1.30459527e-05,8.33468881e-13,1.41689710e-11,3.80905872e-16,6.85630570e-15,7.17611355e-05,1.43522271e-03
1.88664080e-09,1.99999999e-01,1.49999997e+04,3.68986041e-03,7.12941123e-01,7.12941123e-01,6.91377299e-02,2.76550920e-01,1.89972479e-04,2.27966974e-03,2.13235828e-06,2.77206576e-05,3.69922276e-11,4.80898959e-10,5.71014245e-05,7.99419943e-04,2.10687344e-07,3.16031016e-06,8.42765245e-19,1.17987134e-17,8.94153632e-12,1.34123045e-10,3.62073935e-04,5.79318296e-03,1.37916133e-07,2.34457427e-06,7.24703097e-07,1.30446557e-05,8.88092721e-13,1.50975763e-11,4.05869615e-16,7.30565307e-15,7.17611355e-05,1.43522271e-03
2.01028738e-09,1.99999999e-01,1.49999997e+04,3.69073590e-03,7.12941123e-01,7.12941123e-01,6.91377300e-02,2.76550920e-01,1.89972503e-04,2.27967004e-03,2.13235819e-06,2.77206565e-05,3.94166248e-11,5.12416122e-10,5.71014240e-05,7.99419936e-04,2.10736748e-07,3.16105122e-06,9.56851359e-19,1.33959190e-17,9.52754621e-12,1.42913193e-10,3.62073935e-04,5.79318296e-03,1.37916120e-07,2.34457404e-06,7.24626329e-07,1.30432739e-05,9.46296496e-13,1.60870404e-11,4.32469424e-16,7.78444963e-15,7.17611355e-05,1.43522271e-03
2.14203749e-09,1.99999999e-01,1.49999997e+04,3.69166849e-03,7.12941123e-01,7.12941123e-01,6.91377301e-02,2.76550921e-01,1.89972529e-04,2.27967035e-03,2.13235810e-06,2.77206554e-05,4.19999123e-11,5.45998860e-10,5.71014235e-05,7.99419929e-04,2.10789374e-07,3.16184061e-06,1.08638145e-18,1.52093403e-17,1.01519620e-11,1.52279430e-10,3.62073935e-04,5.79318296e-03,1.37916106e-07,2.34457380e-06,7.24544539e-07,1.30418017e-05,1.00831483e-12,1.71413520e-11,4.60812522e-16,8.29462540e-15,7.17611355e-05,1.43522271e-03
2.28242224e-09,1.99999998e-01,1.49999997e+04,3.69266189e-03,7.12941123e-01,7.12941123e-01,6.91377303e-02,2.76550921e-01,1.89972557e-04,2.27967069e-03,2.13235801e-06,2.77206541e-05,4.47525035e-11,5.81782546e-10,5.71014229e-05,7.99419921e-04,2.10845431e-07,3.16268146e-06,1.23344618e-18,1.72682465e-17,1.08173007e-11,1.62259510e-10,3.62073935e-04,5.79318296e-03,1.37916091e-07,2.34457354e-06,7.24457399e-07,1.30402332e-05,1.07439771e-12,1.82647611e-11,4.91013161e-16,8.83823690e-15,7.17611355e-05,1.43522271e-03
2.43200751e-09,1.99999998e-01,1.49999996e+04,3.69372003e-03,7.12941122e-01,7.12941122e-01,6.91377304e-02,2.76550922e-01,1.89972587e-04,2.27967104e-03,2.13235791e-06,2.77206528e-05,4.76854944e-11,6.19911427e-10,5.71014224e-05,7.99419913e-04,2.10905141e-07,3.16357712e-06,1.40041923e-18,1.96058693e-17,1.15262443e-11,1.72893664e-10,3.62073935e-04,5.79318295e-03,1.37916074e-07,2.34457327e-06,7.24364559e-07,1.30385621e-05,1.14481153e-12,1.94617960e-11,5.23193079e-16,9.41747542e-15,7.17611355e-05,1.43522271e-03
2.59139630e-09,1.99999998e-01,1.49999996e+04,3.69484711e-03,7.12941122e-01,7.12941122e-01,6.91377305e-02,2.76550922e-01,1.89972618e-04,2.27967142e-03,2.13235780e-06,2.77206514e-05,5.08107079e-11,6.60539203e-10,5.71014217e-05,7.99419904e-04,2.10968742e-07,3.16453112e-06,1.58999564e-18,2.22599389e-17,1.22816506e-11,1.84224759e-10,3.62073935e-04,5.79318295e-03,1.37916057e-07,2.34457297e-06,7.24265648e-07,1.30367817e-05,1.21984013e-12,2.07372822e-11,5.57481992e-16,1.00346758e-14,7.17611355e-05,1.43522271e-03
2.76123110e-09,1.99999998e-01,1.49999996e+04,3.69604760e-03,7.12941122e-01,7.12941122e-01,6.91377307e-02,2.76550923e-01,1.89972652e-04,2.27967183e-03,2.13235768e-06,2.77206499e-05,5.41407421e-11,7.03829648e-10,5.71014211e-05,7.99419895e-04,2.11036484e-07,3.16554726e-06,1.80523522e-18,2.52732931e-17,1.30865646e-11,1.96298470e-10,3.62073935e-04,5.79318295e-03,1.37916039e-07,2.34457266e-06,7.24160269e-07,1.30348848e-05,1.29978595e-12,2.20963611e-11,5.94018117e-16,1.06923261e-14,7.17611355e-05,1.43522271e-03
2.94219653e-09,1.99999998e-01,1.49999996e+04,3.69732625e-03,7.12941122e-01,7.12941122e-01,6.91377308e-02,2.76550923e-01,1.89972688e-04,2.27967226e-03,2.13235756e-06,2.77206483e-05,5.76890205e-11,7.49957267e-10,5.71014203e-05,7.99419885e-04,2.11108636e-07,3.16662954e-06,2.04961206e-18,2.86945688e-17,1.39442311e-11,2.09163467e-10,3.62073934e-04,5.79318295e-03,1.37916020e-07,2.34457233e-06,7.24048001e-07,1.30328640e-05,1.38497125e-12,2.35445112e-11,6.32948732e-16,1.13930772e-14,7.17611355e-05,1.43522271e-03
3.13502206e-09,1.99999998e-01,1.49999995e+04,3.69868810e-03,7.12941122e-01,7.12941122e-01,6.91377310e-02,2.76550924e-01,1.89972726e-04,2.27967272e-03,2.13235743e-06,2.77206466e-05,6.14698465e-11,7.99108005e-10,5.71014196e-05,7.99419874e-04,2.11185483e-07,3.16778225e-06,2.32707048e-18,3.25789867e-17,1.48581073e-11,2.22871609e-10,3.62073934e-04,5.79318295e-03,1.37915999e-07,2.34457198e-06,7.23928394e-07,1.30307111e-05,1.47573942e-12,2.50875701e-11,6.74430764e-16,1.21397537e-14,7.17611355e-05,1.43522271e-03
3.34048498e-09,1.99999998e-01,1.49999995e+04,3.70013853e-03,7.12941122e-01,7.12941122e-01,6.91377311e-02,2.76550925e-01,1.89972767e-04,2.27967321e-03,2.13235729e-06,2.77206447e-05,6.54984609e-11,8.51479991e-10,5.71014188e-05,7.99419863e-04,2.11267328e-07,3.16900992e-06,2.64208879e-18,3.69892431e-17,1.58318770e-11,2.37478155e-10,3.62073934e-04,5.79318295e-03,1.37915977e-07,2.34457160e-06,7.23800971e-07,1.30284175e-05,1.57245635e-12,2.67317579e-11,7.18631425e-16,1.29353656e-14,7.17611355e-05,1.43522271e-03
3.55941352e-09,1.99999998e-01,1.49999995e+04,3.70168326e-03,7.12941121e-01,7.12941121e-01,6.91377313e-02,2.76550925e-01,1.89972811e-04,2.27967373e-03,2.13235714e-06,2.77206428e-05,6.97911033e-11,9.07284343e-10,5.71014179e-05,7.99419851e-04,2.11354493e-07,3.17031740e-06,2.99975152e-18,4.19965213e-17,1.68694655e-11,2.53041983e-10,3.62073934e-04,5.79318295e-03,1.37915953e-07,2.34457120e-06,7.23665220e-07,1.30259740e-05,1.67551191e-12,2.84837024e-11,7.65728887e-16,1.37831200e-14,7.17611355e-05,1.43522271e-03
3.79269019e-09,1.99999997e-01,1.49999994e+04,3.70332835e-03,7.12941121e-01,7.12941121e-01,6.91377315e-02,2.76550926e-01,1.89972857e-04,2.27967429e-03,2.13235698e-06,2.77206407e-05,7.43650777e-11,9.66746010e-10,5.71014170e-05,7.99419838e-04,2.11447322e-07,3.17170982e-06,3.40583149e-18,4.76816409e-17,1.79750554e-11,2.69625832e-10,3.62073934e-04,5.79318295e-03,1.37915928e-07,2.34457077e-06,7.23520601e-07,1.30233708e-05,1.78532152e-12,3.03504658e-11,8.15912997e-16,1.46864339e-14,7.17611355e-05,1.43522271e-03
4.04125533e-09,1.99999997e-01,1.49999994e+04,3.70508028e-03,7.12941121e-01,7.12941121e-01,6.91377317e-02,2.76550927e-01,1.89972907e-04,2.27967488e-03,2.13235681e-06,2.77206385e-05,7.92388221e-11,1.03010469e-09,5.71014160e-05,7.99419824e-04,2.11546177e-07,3.17319266e-06,3.86688302e-18,5.41363623e-17,1.91531034e-11,2.87296552e-10,3.62073934e-04,5.79318294e-03,1.37915901e-07,2.34457032e-06,7.23366536e-07,1.30205977e-05,1.90232782e-12,3.23395729e-11,8.69386045e-16,1.56489488e-14,7.17611355e-05,1.43522271e-03
4.30611093e-09,1.99999997e-01,1.49999994e+04,3.70694591e-03,7.12941121e-01,7.12941121e-01,6.91377319e-02,2.76550928e-01,1.89972959e-04,2.27967551e-03,2.13235663e-06,2.77206362e-05,8.44319832e-11,1.09761578e-09,5.71014149e-05,7.99419809e-04,2.11651448e-07,3.17477172e-06,4.39034767e-18,6.14648674e-17,2.04083583e-11,3.06125374e-10,3.62073934e-04,5.79318294e-03,1.37915873e-07,2.34456983e-06,7.23202410e-07,1.30176434e-05,2.02700247e-12,3.44590421e-11,9.26363578e-16,1.66745444e-14,7.17611355e-05,1.43522271e-03
4.58832461e-09,1.99999997e-01,1.49999993e+04,3.70893253e-03,7.12941121e-01,7.12941121e-01,6.91377322e-02,2.76550929e-01,1.89973015e-04,2.27967619e-03,2.13235644e-06,2.77206337e-05,8.99654948e-11,1.16955143e-09,5.71014138e-05,7.99419794e-04,2.11763546e-07,3.17645319e-06,4.98467439e-18,6.97854415e-17,2.17458798e-11,3.26188198e-10,3.62073934e-04,5.79318294e-03,1.37915842e-07,2.34456932e-06,7.23027568e-07,1.30144962e-05,2.15984805e-12,3.67174169e-11,9.87075268e-16,1.77673548e-14,7.17611355e-05,1.43522271e-03
4.88903400e-09,1.99999997e-01,1.49999993e+04,3.71104792e-03,7.12941120e-01,7.12941120e-01,6.91377324e-02,2.76550930e-01,1.89973075e-04,2.27967691e-03,2.13235623e-06,2.77206310e-05,9.58616631e-11,1.24620162e-09,5.71014126e-05,7.99419777e-04,2.11882908e-07,3.17824361e-06,5.65945588e-18,7.92323823e-17,2.31710598e-11,3.47565897e-10,3.62073934e-04,5.79318294e-03,1.37915810e-07,2.34456877e-06,7.22841314e-07,1.30111437e-05,2.30140005e-12,3.91238009e-11,1.05176584e-15,1.89317851e-14,7.17611355e-05,1.43522271e-03
5.20945127e-09,1.99999997e-01,1.49999992e+04,3.71330031e-03,7.12941120e-01,7.12941120e-01,6.91377327e-02,2.76550931e-01,1.89973139e-04,2.27967767e-03,2.13235601e-06,2.77206282e-05,1.02144256e-10,1.32787533e-09,5.71014114e-05,7.99419759e-04,2.12009999e-07,3.18014999e-06,6.42558340e-18,8.99581677e-17,2.46896431e-11,3.70344646e-10,3.62073933e-04,5.79318294e-03,1.37915775e-07,2.34456818e-06,7.22642906e-07,1.30075723e-05,2.45222908e-12,4.16878943e-11,1.12069606e-15,2.01725290e-14,7.17611355e-05,1.43522271e-03
5.55086803e-09,1.99999996e-01,1.49999992e+04,3.71569846e-03,7.12941120e-01,7.12941120e-01,6.91377330e-02,2.76550932e-01,1.89973207e-04,2.27967849e-03,2.13235578e-06,2.77206252e-05,1.08838600e-10,1.41490180e-09,5.71014100e-05,7.99419740e-04,2.12145314e-07,3.18217971e-06,7.29542260e-18,1.02135916e-16,2.63077511e-11,3.94616267e-10,3.62073933e-04,5.79318293e-03,1.37915739e-07,2.34456756e-06,7.22431555e-07,1.30037680e-05,2.61294313e-12,4.44200332e-11,1.19414377e-15,2.14945878e-14,7.17611355e-05,1.43522271e-03
5.91466054e-09,1.99999996e-01,1.49999991e+04,3.71825168e-03,7.12941119e-01,7.12941119e-01,6.91377333e-02,2.76550933e-01,1.89973280e-04,2.27967936e-03,2.13235553e-06,2.77206219e-05,1.15971679e-10,1.50763183e-09,5.71014086e-05,7.99419720e-04,2.12289377e-07,3.18434065e-06,8.28301307e-18,1.15962183e-16,2.80319066e-11,4.20478599e-10,3.62073933e-04,5.79318293e-03,1.37915699e-07,2.34456689e-06,7.22206420e-07,1.29997156e-05,2.78419004e-12,4.73312307e-11,1.27240504e-15,2.29032907e-14,7.17611355e-05,1.43522271e-03
6.30229527e-09,1.99999996e-01,1.49999991e+04,3.72096985e-03,7.12941119e-01,7.12941119e-01,6.91377336e-02,2.76550934e-01,1.89973358e-04,2.27968029e-03,2.13235527e-06,2.77206185e-05,1.23572249e-10,1.60643924e-09,5.71014071e-05,7.99419699e-04,2.12442745e-07,3.18664117e-06,9.40429496e-18,1.31660129e-16,2.98690596e-11,4.48035894e-10,3.62073933e-04,5.79318293e-03,1.37915658e-07,2.34456618e-06,7.21966608e-07,1.29953989e-05,2.96666013e-12,5.04332222e-11,1.35579533e-15,2.44043159e-14,7.17611355e-05,1.43522271e-03
6.71533479e-09,1.99999996e-01,1.49999990e+04,3.72386344e-03,7.12941119e-01,7.12941119e-01,6.91377340e-02,2.76550936e-01,1.89973440e-04,2.27968128e-03,2.13235499e-06,2.77206148e-05,1.31670948e-10,1.71172232e-09,5.71014054e-05,7.99419676e-04,2.12606010e-07,3.18909015e-06,1.06773663e-17,1.49483128e-16,3.18266157e-11,4.77399236e-10,3.62073933e-04,5.79318293e-03,1.37915613e-07,2.34456542e-06,7.21711166e-07,1.29908010e-05,3.16108893e-12,5.37385118e-11,1.44465077e-15,2.60037139e-14,7.17611355e-05,1.43522271e-03
7.15544407e-09,1.99999995e-01,1.49999989e+04,3.72694361e-03,7.12941118e-01,7.12941118e-01,6.91377343e-02,2.76550937e-01,1.89973528e-04,2.27968234e-03,2.13235469e-06,2.77206109e-05,1.40300422e-10,1.82390549e-09,5.71014037e-05,7.99419652e-04,2.12779799e-07,3.19169699e-06,1.21227750e-17,1.69718849e-16,3.39124660e-11,5.08686990e-10,3.62073933e-04,5.79318292e-03,1.37915566e-07,2.34456462e-06,7.21439083e-07,1.29859035e-05,3.36826019e-12,5.72604232e-11,1.53932954e-15,2.77079317e-14,7.17611355e-05,1.43522271e-03
7.62439721e-09,1.99999995e-01,1.49999989e+04,3.73022215e-03,7.12941118e-01,7.12941118e-01,6.91377347e-02,2.76550939e-01,1.89973622e-04,2.27968347e-03,2.13235437e-06,2.77206068e-05,1.49495459e-10,1.94344097e-09,5.71014018e-05,7.99419626e-04,2.12964779e-07,3.19447168e-06,1.37638506e-17,1.92693908e-16,3.61350184e-11,5.42025277e-10,3.62073932e-04,5.79318292e-03,1.37915515e-07,2.34456376e-06,7.21149281e-07,1.29806870e-05,3.58900902e-12,6.10131533e-11,1.64021327e-15,2.95238388e-14,7.17611355e-05,1.43522271e-03
8.12408458e-09,1.99999995e-01,1.49999988e+04,3.73371160e-03,7.12941118e-01,7.12941118e-01,6.91377351e-02,2.76550941e-01,1.89973723e-04,2.27968467e-03,2.13235403e-06,2.77206024e-05,1.59293125e-10,2.07081062e-09,5.71013999e-05,7.99419598e-04,2.13161656e-07,3.19742484e-06,1.56270809e-17,2.18779132e-16,3.85032323e-11,5.77548484e-10,3.62073932e-04,5.79318292e-03,1.37915461e-07,2.34456284e-06,7.20840613e-07,1.29751310e-05,3.82422528e-12,6.50118297e-11,1.74770861e-15,3.14587549e-14,7.17611355e-05,1.43522271e-03
8.65652043e-09,1.99999994e-01,1.49999987e+04,3.73742526e-03,7.12941117e-01,7.12941117e-01,6.91377356e-02,2.76550942e-01,1.89973829e-04,2.27968595e-03,2.13235367e-06,2.77205976e-05,1.69732914e-10,2.20652788e-09,5.71013978e-05,7.99419569e-04,2.13371180e-07,3.20056770e-06,1.77425392e-17,2.48395549e-16,4.10266539e-11,6.15399808e-10,3.62073932e-04,5.79318291e-03,1.37915404e-07,2.34456187e-06,7.20511862e-07,1.29692135e-05,4.07485712e-12,6.92725710e-11,1.86224885e-15,3.35204793e-14,7.17611355e-05,1.43522271e-03
9.22385104e-09,1.99999994e-01,1.49999986e+04,3.74137721e-03,7.12941117e-01,7.12941117e-01,6.91377361e-02,2.76550944e-01,1.89973943e-04,2.27968732e-03,2.13235328e-06,2.77205926e-05,1.80856912e-10,2.35113986e-09,5.71013955e-05,7.99419537e-04,2.13594144e-07,3.20391216e-06,2.01443702e-17,2.82021182e-16,4.37154551e-11,6.55731827e-10,3.62073932e-04,5.79318291e-03,1.37915343e-07,2.34456083e-06,7.20161731e-07,1.29629111e-05,4.34191485e-12,7.38125525e-11,1.98429569e-15,3.57173224e-14,7.17611355e-05,1.43522271e-03
9.82836333e-09,1.99999993e-01,1.49999985e+04,3.74558238e-03,7.12941116e-01,7.12941116e-01,6.91377366e-02,2.76550946e-01,1.89974065e-04,2.27968878e-03,2.13235287e-06,2.77205873e-05,1.92709961e-10,2.50522950e-09,5.71013931e-05,7.99419504e-04,2.13831391e-07,3.20747087e-06,2.28713404e-17,3.20198765e-16,4.65804747e-11,6.98707121e-10,3.62073931e-04,5.79318290e-03,1.37915278e-07,2.34455972e-06,7.19788839e-07,1.29561991e-05,4.62647500e-12,7.86500749e-11,2.11434107e-15,3.80581393e-14,7.17611355e-05,1.43522271e-03
1.04724941e-08,1.99999993e-01,1.49999984e+04,3.75005659e-03,7.12941115e-01,7.12941115e-01,6.91377371e-02,2.76550948e-01,1.89974195e-04,2.27969034e-03,2.13235243e-06,2.77205816e-05,2.05339843e-10,2.66941796e-09,5.71013906e-05,7.99419468e-04,2.14083813e-07,3.21125719e-06,2.59674645e-17,3.63544503e-16,4.96332616e-11,7.44498924e-10,3.62073931e-04,5.79318290e-03,1.37915208e-07,2.34455854e-06,7.19391722e-07,1.29490510e-05,4.92968462e-12,8.38046385e-11,2.25290919e-15,4.05523655e-14,7.17611355e-05,1.43522271e-03
1.11588399e-08,1.99999993e-01,1.49999983e+04,3.75481660e-03,7.12941115e-01,7.12941115e-01,6.91377377e-02,2.76550951e-01,1.89974333e-04,2.27969200e-03,2.13235196e-06,2.77205755e-05,2.18797470e-10,2.84436711e-09,5.71013879e-05,7.99419430e-04,2.14352353e-07,3.21528530e-06,2.94827155e-17,4.12758017e-16,5.28861216e-11,7.93291824e-10,3.62073931e-04,5.79318289e-03,1.37915135e-07,2.34455729e-06,7.18968819e-07,1.29414387e-05,5.25276597e-12,8.92970215e-11,2.40055858e-15,4.32100545e-14,7.17611355e-05,1.43522271e-03
1.18901674e-08,1.99999992e-01,1.49999982e+04,3.75988015e-03,7.12941114e-01,7.12941114e-01,6.91377383e-02,2.76550953e-01,1.89974481e-04,2.27969377e-03,2.13235146e-06,2.77205690e-05,2.33137093e-10,3.03078220e-09,5.71013850e-05,7.99419390e-04,2.14638012e-07,3.21957017e-06,3.34738313e-17,4.68633638e-16,5.63521670e-11,8.45282506e-10,3.62073931e-04,5.79318289e-03,1.37915056e-07,2.34455595e-06,7.18518474e-07,1.29333325e-05,5.59702140e-12,9.51493639e-11,2.55788439e-15,4.60419190e-14,7.17611355e-05,1.43522271e-03
1.26694246e-08,1.99999992e-01,1.49999981e+04,3.76526598e-03,7.12941114e-01,7.12941114e-01,6.91377389e-02,2.76550956e-01,1.89974639e-04,2.27969567e-03,2.13235093e-06,2.77205621e-05,2.48416516e-10,3.22941471e-09,5.71013819e-05,7.99419347e-04,2.14941845e-07,3.22412768e-06,3.80052304e-17,5.32073226e-16,6.00453697e-11,9.00680545e-10,3.62073930e-04,5.79318288e-03,1.37914972e-07,2.34455452e-06,7.18038924e-07,1.29247006e-05,5.96383862e-12,1.01385257e-10,2.72552075e-15,4.90593735e-14,7.17611355e-05,1.43522271e-03
1.34997528e-08,1.99999991e-01,1.49999980e+04,3.77099394e-03,7.12941113e-01,7.12941113e-01,6.91377396e-02,2.76550958e-01,1.89974807e-04,2.27969769e-03,2.13235036e-06,2.77205547e-05,2.64697335e-10,3.44106535e-09,5.71013786e-05,7.99419301e-04,2.15264972e-07,3.22897458e-06,4.31500521e-17,6.04100729e-16,6.39806168e-11,9.59709252e-10,3.62073930e-04,5.79318288e-03,1.37914882e-07,2.34455300e-06,7.17528298e-07,1.29155094e-05,6.35469627e-12,1.08029837e-10,2.90414337e-15,5.22745806e-14,7.17611355e-05,1.43522271e-03
1.43844989e-08,1.99999990e-01,1.49999978e+04,3.77708501e-03,7.12941112e-01,7.12941112e-01,6.91377404e-02,2.76550961e-01,1.89974987e-04,2.27969984e-03,2.13234976e-06,2.77205469e-05,2.82045180e-10,3.66658734e-09,5.71013751e-05,7.99419252e-04,2.15608574e-07,3.23412861e-06,4.89913363e-17,6.85878708e-16,6.81737716e-11,1.02260657e-09,3.62073930e-04,5.79318287e-03,1.37914787e-07,2.34455138e-06,7.16984606e-07,1.29057229e-05,6.77116992e-12,1.15109889e-10,3.09447222e-15,5.57004999e-14,7.17611355e-05,1.43522271e-03
1.53272295e-08,1.99999990e-01,1.49999977e+04,3.78356133e-03,7.12941111e-01,7.12941111e-01,6.91377411e-02,2.76550965e-01,1.89975179e-04,2.27970214e-03,2.13234912e-06,2.77205386e-05,3.00529985e-10,3.90688980e-09,5.71013714e-05,7.99419200e-04,2.15973899e-07,3.23960848e-06,5.56233646e-17,7.78727104e-16,7.26417366e-11,1.08962605e-09,3.62073929e-04,5.79318287e-03,1.37914686e-07,2.34454965e-06,7.16405735e-07,1.28953032e-05,7.21493838e-12,1.22653952e-10,3.29727445e-15,5.93509402e-14,7.17611355e-05,1.43522271e-03
1.63317447e-08,1.99999989e-01,1.49999976e+04,3.79044628e-03,7.12941110e-01,7.12941110e-01,6.91377420e-02,2.76550968e-01,1.89975383e-04,2.27970460e-03,2.13234844e-06,2.77205297e-05,3.20226265e-10,4.16294145e-09,5.71013674e-05,7.99419144e-04,2.16362264e-07,3.24543395e-06,6.31531813e-17,8.84144538e-16,7.74025223e-11,1.16103783e-09,3.62073929e-04,5.79318286e-03,1.37914577e-07,2.34454781e-06,7.15789441e-07,1.28842099e-05,7.68779049e-12,1.30692438e-10,3.51336751e-15,6.32406152e-14,7.17611355e-05,1.43522271e-03
1.74020937e-08,1.99999988e-01,1.49999974e+04,3.79776455e-03,7.12941110e-01,7.12941110e-01,6.91377429e-02,2.76550971e-01,1.89975602e-04,2.27970722e-03,2.13234771e-06,2.77205202e-05,3.41213421e-10,4.43577447e-09,5.71013632e-05,7.99419085e-04,2.16775057e-07,3.25162586e-06,7.17023219e-17,1.00383251e-15,8.24753195e-11,1.23712979e-09,3.62073928e-04,5.79318285e-03,1.37914462e-07,2.34454586e-06,7.15133339e-07,1.28724001e-05,8.19163234e-12,1.39257750e-10,3.74362238e-15,6.73852029e-14,7.17611355e-05,1.43522271e-03
1.85425913e-08,1.99999988e-01,1.49999972e+04,3.80554212e-03,7.12941109e-01,7.12941109e-01,6.91377438e-02,2.76550975e-01,1.89975835e-04,2.27971002e-03,2.13234693e-06,2.77205101e-05,3.63576057e-10,4.72648875e-09,5.71013587e-05,7.99419022e-04,2.17213745e-07,3.25820618e-06,8.14087742e-17,1.13972284e-15,8.78805767e-11,1.31820865e-09,3.62073928e-04,5.79318284e-03,1.37914339e-07,2.34454377e-06,7.14434899e-07,1.28598282e-05,8.72849493e-12,1.48384414e-10,3.98896714e-15,7.18014085e-14,7.17611355e-05,1.43522271e-03
1.97578347e-08,1.99999987e-01,1.49999970e+04,3.81380640e-03,7.12941107e-01,7.12941107e-01,6.91377448e-02,2.76550979e-01,1.89976084e-04,2.27971301e-03,2.13234610e-06,2.77204993e-05,3.87404324e-10,5.03625621e-09,5.71013539e-05,7.99418955e-04,2.17679869e-07,3.26519803e-06,9.24292058e-17,1.29400888e-15,9.36400825e-11,1.40460124e-09,3.62073927e-04,5.79318284e-03,1.37914208e-07,2.34454154e-06,7.13691436e-07,1.28464459e-05,9.30054237e-12,1.58109220e-10,4.25039067e-15,7.65070320e-14,7.17611355e-05,1.43522271e-03
2.10527227e-08,1.99999986e-01,1.49999968e+04,3.82258621e-03,7.12941106e-01,7.12941106e-01,6.91377459e-02,2.76550984e-01,1.89976351e-04,2.27971621e-03,2.13234522e-06,2.77204878e-05,4.12794278e-10,5.36632561e-09,5.71013488e-05,7.99418883e-04,2.18175051e-07,3.27262577e-06,1.04941493e-16,1.46918090e-15,9.97770536e-11,1.49665580e-09,3.62073927e-04,5.79318283e-03,1.37914069e-07,2.34453917e-06,7.12900099e-07,1.28322018e-05,9.91008059e-12,1.68471370e-10,4.52894666e-15,8.15210398e-14,7.17611355e-05,1.43522271e-03
2.24324750e-08,1.99999985e-01,1.49999966e+04,3.83191186e-03,7.12941105e-01,7.12941105e-01,6.91377471e-02,2.76550988e-01,1.89976635e-04,2.27971962e-03,2.13234428e-06,2.77204756e-05,4.39848275e-10,5.71802758e-09,5.71013433e-05,7.99418807e-04,2.18700999e-07,3.28051498e-06,1.19147591e-16,1.66806628e-15,1.06316228e-10,1.59474342e-09,3.62073926e-04,5.79318282e-03,1.37913920e-07,2.34453664e-06,7.12057865e-07,1.28170416e-05,1.05595667e-11,1.79512633e-10,4.82575783e-15,8.68636410e-14,7.17611355e-05,1.43522271e-03
2.39026535e-08,1.99999984e-01,1.49999964e+04,3.84181520e-03,7.12941104e-01,7.12941104e-01,6.91377483e-02,2.76550993e-01,1.89976939e-04,2.27972327e-03,2.13234328e-06,2.77204626e-05,4.68675378e-10,6.09277991e-09,5.71013375e-05,7.99418725e-04,2.19259503e-07,3.28889254e-06,1.35276796e-16,1.89387514e-15,1.13283965e-10,1.69925948e-09,3.62073925e-04,5.79318281e-03,1.37913762e-07,2.34453395e-06,7.11161528e-07,1.28009075e-05,1.12516187e-11,1.91277517e-10,5.14202050e-15,9.25563690e-14,7.17611355e-05,1.43522271e-03
2.54691844e-08,1.99999983e-01,1.49999962e+04,3.85232965e-03,7.12941103e-01,7.12941103e-01,6.91377496e-02,2.76550998e-01,1.89977264e-04,2.27972716e-03,2.13234221e-06,2.77204487e-05,4.99391798e-10,6.49209337e-09,5.71013313e-05,7.99418639e-04,2.19852443e-07,3.29778665e-06,1.53589442e-16,2.15025219e-15,1.20708353e-10,1.81062529e-09,3.62073925e-04,5.79318280e-03,1.37913593e-07,2.34453108e-06,7.10207689e-07,1.27837384e-05,1.19890263e-11,2.03813447e-10,5.47900934e-15,9.86221681e-14,7.17611355e-05,1.43522271e-03
2.71383825e-08,1.99999982e-01,1.49999959e+04,3.86349020e-03,7.12941101e-01,7.12941101e-01,6.91377510e-02,2.76551004e-01,1.89977611e-04,2.27973133e-03,2.13234107e-06,2.77204339e-05,5.32121363e-10,6.91757772e-09,5.71013247e-05,7.99418546e-04,2.20481789e-07,3.30722684e-06,1.74381107e-16,2.44133550e-15,1.28619317e-10,1.92928976e-09,3.62073924e-04,5.79318279e-03,1.37913413e-07,2.34452803e-06,7.09192744e-07,1.27654694e-05,1.27747621e-11,2.17170955e-10,5.83808257e-15,1.05085486e-13,7.17611355e-05,1.43522271e-03
2.89169765e-08,1.99999981e-01,1.49999957e+04,3.87533353e-03,7.12941100e-01,7.12941100e-01,6.91377525e-02,2.76551010e-01,1.89977982e-04,2.27973578e-03,2.13233986e-06,2.77204182e-05,5.66996020e-10,7.37094826e-09,5.71013177e-05,7.99418448e-04,2.21149602e-07,3.31724403e-06,1.97987383e-16,2.77182336e-15,1.37048749e-10,2.05573123e-09,3.62073923e-04,5.79318277e-03,1.37913222e-07,2.34452477e-06,7.08112879e-07,1.27460318e-05,1.36119933e-11,2.31403886e-10,6.22068740e-15,1.11972373e-13,7.17611355e-05,1.43522271e-03
3.08121359e-08,1.99999979e-01,1.49999954e+04,3.88789792e-03,7.12941098e-01,7.12941098e-01,6.91377540e-02,2.76551016e-01,1.89978378e-04,2.27974054e-03,2.13233857e-06,2.77204014e-05,6.04156361e-10,7.85403269e-09,5.71013102e-05,7.99418343e-04,2.21858035e-07,3.32787052e-06,2.24789289e-16,3.14705005e-15,1.46030625e-10,2.19045938e-09,3.62073923e-04,5.79318276e-03,1.37913018e-07,2.34452130e-06,7.06964050e-07,1.27253529e-05,1.45040949e-11,2.46569613e-10,6.62836585e-15,1.19310585e-13,7.17611355e-05,1.43522271e-03
3.28315001e-08,1.99999978e-01,1.49999951e+04,3.90122337e-03,7.12941096e-01,7.12941096e-01,6.91377557e-02,2.76551023e-01,1.89978803e-04,2.27974563e-03,2.13233719e-06,2.77203835e-05,6.43752195e-10,8.36877853e-09,5.71013023e-05,7.99418232e-04,2.22609334e-07,3.33914001e-06,2.55219428e-16,3.57307199e-15,1.55601154e-10,2.33401731e-09,3.62073922e-04,5.79318275e-03,1.37912800e-07,2.34451760e-06,7.05741981e-07,1.27033557e-05,1.54546629e-11,2.62729269e-10,7.06276100e-15,1.27129698e-13,7.17611355e-05,1.43522271e-03
3.49832094e-08,1.99999977e-01,1.49999948e+04,3.91535152e-03,7.12941094e-01,7.12941094e-01,6.91377575e-02,2.76551030e-01,1.89979256e-04,2.27975108e-03,2.13233573e-06,2.77203644e-05,6.85943151e-10,8.91726096e-09,5.71012938e-05,7.99418113e-04,2.23405838e-07,3.35108758e-06,2.89768963e-16,4.05676549e-15,1.65798912e-10,2.48698369e-09,3.62073921e-04,5.79318273e-03,1.37912568e-07,2.34451366e-06,7.04442145e-07,1.26799586e-05,1.64675291e-11,2.79947995e-10,7.52562358e-15,1.35461224e-13,7.17611355e-05,1.43522271e-03
3.72759372e-08,1.99999975e-01,1.49999944e+04,3.93032568e-03,7.12941092e-01,7.12941092e-01,6.91377594e-02,2.76551038e-01,1.89979742e-04,2.27975690e-03,2.13233416e-06,2.77203441e-05,7.30899321e-10,9.50169117e-09,5.71012847e-05,7.99417986e-04,2.24249981e-07,3.36374971e-06,3.28995549e-16,4.60593769e-15,1.76665008e-10,2.64997512e-09,3.62073920e-04,5.79318272e-03,1.37912321e-07,2.34450947e-06,7.03059755e-07,1.26550756e-05,1.75467764e-11,2.98295198e-10,8.01881901e-15,1.44338742e-13,7.17611355e-05,1.43522271e-03
3.97189257e-08,1.99999974e-01,1.49999940e+04,3.94619080e-03,7.12941090e-01,7.12941090e-01,6.91377614e-02,2.76551046e-01,1.89980261e-04,2.27976313e-03,2.13233250e-06,2.77203225e-05,7.78801946e-10,1.01244253e-08,5.71012751e-05,7.99417851e-04,2.25144283e-07,3.37716424e-06,3.73532332e-16,5.22945265e-15,1.88243242e-10,2.82364863e-09,3.62073919e-04,5.79318270e-03,1.37912058e-07,2.34450499e-06,7.01589751e-07,1.26286155e-05,1.86967552e-11,3.17844838e-10,8.54433496e-15,1.53798029e-13,7.17611355e-05,1.43522271e-03
4.23220227e-08,1.99999972e-01,1.49999937e+04,3.96299340e-03,7.12941088e-01,7.12941088e-01,6.91377636e-02,2.76551054e-01,1.89980817e-04,2.27976980e-03,2.13233072e-06,2.77202994e-05,8.29844147e-10,1.07879739e-08,5.71012648e-05,7.99417707e-04,2.26091355e-07,3.39137033e-06,4.24098170e-16,5.93737438e-15,2.00580286e-10,3.00870429e-09,3.62073918e-04,5.79318268e-03,1.37911778e-07,2.34450023e-06,7.00026788e-07,1.26004822e-05,1.99221011e-11,3.38675719e-10,9.10428929e-15,1.63877207e-13,7.17611355e-05,1.43522271e-03
4.50957214e-08,1.99999970e-01,1.49999932e+04,3.98078155e-03,7.12941086e-01,7.12941086e-01,6.91377659e-02,2.76551064e-01,1.89981412e-04,2.27977694e-03,2.13232883e-06,2.77202748e-05,8.84231706e-10,1.14950122e-08,5.71012538e-05,7.99417553e-04,2.27093892e-07,3.40640838e-06,4.81509236e-16,6.74112931e-15,2.13725870e-10,3.20588805e-09,3.62073916e-04,5.79318266e-03,1.37911479e-07,2.34449515e-06,6.98365223e-07,1.25705740e-05,2.12277536e-11,3.60871811e-10,9.70093866e-15,1.74616896e-13,7.17611355e-05,1.43522271e-03
4.80512025e-08,1.99999968e-01,1.49999928e+04,3.99960474e-03,7.12941083e-01,7.12941083e-01,6.91377684e-02,2.76551073e-01,1.89982049e-04,2.27978459e-03,2.13232682e-06,2.77202487e-05,9.42183891e-10,1.22483906e-08,5.71012421e-05,7.99417390e-04,2.28154665e-07,3.42231998e-06,5.46692193e-16,7.65369070e-15,2.27732984e-10,3.41599476e-09,3.62073915e-04,5.79318264e-03,1.37911161e-07,2.34448974e-06,6.96599103e-07,1.25387839e-05,2.26189757e-11,3.84522587e-10,1.03366875e-14,1.86060376e-13,7.17611355e-05,1.43522271e-03
5.12003798e-08,1.99999966e-01,1.49999923e+04,4.01951376e-03,7.12941080e-01,7.12941080e-01,6.91377710e-02,2.76551084e-01,1.89982732e-04,2.27979278e-03,2.13232467e-06,2.77202208e-05,1.00393435e-09,1.30511465e-08,5.71012297e-05,7.99417216e-04,2.29276520e-07,3.43914780e-06,6.20699149e-16,8.68978809e-15,2.42658089e-10,3.63987134e-09,3.62073914e-04,5.79318262e-03,1.37910822e-07,2.34448397e-06,6.94722150e-07,1.25049987e-05,2.41013754e-11,4.09723382e-10,1.10140979e-14,1.98253763e-13,7.17611355e-05,1.43522271e-03
5.45559478e-08,1.99999964e-01,1.49999918e+04,4.04056058e-03,7.12941078e-01,7.12941078e-01,6.91377737e-02,2.76551095e-01,1.89983463e-04,2.27980156e-03,2.13232239e-06,2.77201910e-05,1.06973203e-09,1.39065164e-08,5.71012164e-05,7.99417030e-04,2.30462363e-07,3.45693544e-06,7.04724643e-16,9.86614500e-15,2.58561349e-10,3.87842024e-09,3.62073912e-04,5.79318260e-03,1.37910460e-07,2.34447783e-06,6.92727750e-07,1.24690995e-05,2.56809284e-11,4.36575783e-10,1.17358997e-14,2.11246194e-13,7.17611355e-05,1.43522271e-03
5.81314328e-08,1.99999961e-01,1.49999913e+04,4.06279814e-03,7.12941075e-01,7.12941075e-01,6.91377767e-02,2.76551107e-01,1.89984247e-04,2.27981096e-03,2.13231995e-06,2.77201594e-05,1.13984223e-09,1.48179490e-08,5.71012023e-05,7.99416832e-04,2.31715152e-07,3.47572727e-06,8.00124922e-16,1.12017489e-14,2.75506869e-10,4.13260303e-09,3.62073911e-04,5.79318258e-03,1.37910075e-07,2.34447128e-06,6.90608943e-07,1.24309610e-05,2.73640018e-11,4.65188030e-10,1.25050015e-14,2.25090026e-13,7.17611355e-05,1.43522271e-03
6.19412478e-08,1.99999959e-01,1.49999907e+04,4.08628012e-03,7.12941071e-01,7.12941071e-01,6.91377799e-02,2.76551119e-01,1.89985087e-04,2.27982105e-03,2.13231736e-06,2.77201256e-05,1.21454761e-09,1.57891189e-08,5.71011873e-05,7.99416622e-04,2.33037883e-07,3.49556825e-06,9.08439841e-16,1.27181578e-14,2.93562955e-10,4.40344432e-09,3.62073909e-04,5.79318255e-03,1.37909665e-07,2.34446430e-06,6.88358404e-07,1.23904513e-05,2.91573801e-11,4.95675461e-10,1.33245025e-14,2.39841045e-13,7.17611355e-05,1.43522271e-03
6.60007502e-08,1.99999956e-01,1.49999901e+04,4.11106064e-03,7.12941068e-01,7.12941068e-01,6.91377832e-02,2.76551133e-01,1.89985988e-04,2.27983186e-03,2.13231459e-06,2.77200897e-05,1.29414936e-09,1.68239417e-08,5.71011712e-05,7.99416397e-04,2.34433575e-07,3.51650363e-06,1.03141771e-15,1.44398479e-14,3.12802390e-10,4.69203586e-09,3.62073908e-04,5.79318252e-03,1.37909228e-07,2.34445687e-06,6.85968440e-07,1.23474319e-05,3.10682924e-11,5.28160971e-10,1.41977051e-14,2.55558691e-13,7.17611355e-05,1.43522271e-03
7.03263041e-08,1.99999953e-01,1.49999895e+04,4.13719398e-03,7.12941064e-01,7.12941064e-01,6.91377868e-02,2.76551147e-01,1.89986955e-04,2.27984346e-03,2.13231164e-06,2.77200513e-05,1.37896846e-09,1.79265899e-08,5.71011541e-05,7.99416158e-04,2.35905248e-07,3.53857872e-06,1.17104352e-15,1.63946093e-14,3.33302728e-10,4.99954093e-09,3.62073906e-04,5.79318249e-03,1.37908762e-07,2.34444895e-06,6.83430974e-07,1.23017575e-05,3.31044417e-11,5.62775508e-10,1.51281277e-14,2.72306298e-13,7.17611355e-05,1.43522271e-03
7.49353460e-08,1.99999950e-01,1.49999888e+04,4.16473410e-03,7.12941060e-01,7.12941060e-01,6.91377906e-02,2.76551162e-01,1.89987992e-04,2.27985590e-03,2.13230850e-06,2.77200105e-05,1.46934687e-09,1.91015093e-08,5.71011359e-05,7.99415903e-04,2.37455901e-07,3.56183852e-06,1.32957099e-15,1.86139938e-14,3.55146604e-10,5.32719907e-09,3.62073904e-04,5.79318246e-03,1.37908265e-07,2.34444051e-06,6.80737537e-07,1.22532757e-05,3.52740356e-11,5.99658604e-10,1.61195193e-14,2.90151348e-13,7.17611355e-05,1.43522271e-03
7.98464550e-08,1.99999947e-01,1.49999880e+04,4.19373425e-03,7.12941056e-01,7.12941056e-01,6.91377947e-02,2.76551179e-01,1.89989105e-04,2.27986926e-03,2.13230515e-06,2.77199670e-05,1.56564901e-09,2.03534372e-08,5.71011165e-05,7.99415631e-04,2.39088486e-07,3.58632729e-06,1.50955892e-15,2.11338249e-14,3.78422069e-10,5.67633104e-09,3.62073902e-04,5.79318243e-03,1.37907736e-07,2.34443152e-06,6.77879258e-07,1.22018266e-05,3.75858197e-11,6.38958936e-10,1.71758747e-14,3.09165744e-13,7.17611355e-05,1.43522271e-03
8.50794280e-08,1.99999943e-01,1.49999872e+04,4.22424639e-03,7.12941051e-01,7.12941051e-01,6.91377990e-02,2.76551196e-01,1.89990300e-04,2.27988360e-03,2.13230159e-06,2.77199207e-05,1.66826319e-09,2.16874215e-08,5.71010959e-05,7.99415342e-04,2.40805875e-07,3.61208813e-06,1.71391255e-15,2.39947757e-14,4.03222945e-10,6.04834418e-09,3.62073900e-04,5.79318239e-03,1.37907173e-07,2.34442194e-06,6.74846859e-07,1.21472435e-05,4.00491130e-11,6.80834921e-10,1.83014498e-14,3.29426097e-13,7.17611355e-05,1.43522271e-03
9.06553593e-08,1.99999940e-01,1.49999864e+04,4.25632054e-03,7.12941047e-01,7.12941047e-01,6.91378036e-02,2.76551214e-01,1.89991583e-04,2.27989900e-03,2.13229779e-06,2.77198713e-05,1.77760317e-09,2.31088413e-08,5.71010738e-05,7.99415034e-04,2.42610824e-07,3.63916236e-06,1.94593039e-15,2.72430255e-14,4.29649202e-10,6.44473803e-09,3.62073897e-04,5.79318236e-03,1.37906572e-07,2.34441173e-06,6.71630650e-07,1.20893517e-05,4.26738449e-11,7.25455363e-10,1.95007799e-14,3.51014038e-13,7.17611355e-05,1.43522271e-03
9.65967258e-08,1.99999936e-01,1.49999855e+04,4.29000409e-03,7.12941042e-01,7.12941042e-01,6.91378084e-02,2.76551234e-01,1.89992962e-04,2.27991554e-03,2.13229374e-06,2.77198186e-05,1.89410985e-09,2.46234280e-08,5.71010504e-05,7.99414705e-04,2.44505932e-07,3.66758899e-06,2.20935752e-15,3.09310053e-14,4.57807361e-10,6.86711041e-09,3.62073895e-04,5.79318232e-03,1.37905932e-07,2.34440085e-06,6.68220523e-07,1.20279694e-05,4.54705956e-11,7.73000125e-10,2.07786967e-14,3.74016541e-13,7.17611355e-05,1.43522271e-03
1.02927477e-07,1.99999931e-01,1.49999846e+04,4.32534094e-03,7.12941036e-01,7.12941036e-01,6.91378136e-02,2.76551255e-01,1.89994444e-04,2.27993333e-03,2.13228943e-06,2.77197626e-05,2.01825302e-09,2.62372893e-08,5.71010253e-05,7.99414355e-04,2.46493592e-07,3.69740388e-06,2.50844603e-15,3.51182444e-14,4.87810925e-10,7.31716388e-09,3.62073892e-04,5.79318227e-03,1.37905250e-07,2.34438926e-06,6.64605957e-07,1.19629072e-05,4.84506389e-11,8.23660862e-10,2.21403488e-14,3.98526278e-13,7.17611355e-05,1.43522271e-03
1.09673133e-07,1.99999927e-01,1.49999835e+04,4.36237056e-03,7.12941031e-01,7.12941031e-01,6.91378192e-02,2.76551277e-01,1.89996037e-04,2.27995245e-03,2.13228483e-06,2.77197028e-05,2.15053330e-09,2.79569329e-08,5.71009987e-05,7.99413982e-04,2.48575935e-07,3.72863902e-06,2.84802362e-15,3.98723307e-14,5.19780835e-10,7.79671253e-09,3.62073889e-04,5.79318223e-03,1.37904524e-07,2.34437691e-06,6.60776014e-07,1.18939682e-05,5.16259873e-11,8.77641784e-10,2.35912216e-14,4.24641989e-13,7.17611355e-05,1.43522271e-03
1.16860886e-07,1.99999922e-01,1.49999825e+04,4.40112689e-03,7.12941024e-01,7.12941024e-01,6.91378251e-02,2.76551300e-01,1.89997751e-04,2.27997301e-03,2.13227993e-06,2.77196391e-05,2.29148412e-09,2.97892936e-08,5.71009703e-05,7.99413584e-04,2.50754770e-07,3.76132155e-06,3.23357162e-15,4.52700027e-14,5.53845959e-10,8.30768938e-09,3.62073886e-04,5.79318218e-03,1.37903750e-07,2.34436375e-06,6.56719350e-07,1.18209483e-05,5.50094405e-11,9.35160489e-10,2.51371600e-14,4.52468879e-13,7.17611355e-05,1.43522271e-03
1.24519708e-07,1.99999917e-01,1.49999813e+04,4.44163717e-03,7.12941018e-01,7.12941018e-01,6.91378313e-02,2.76551325e-01,1.89999595e-04,2.27999513e-03,2.13227471e-06,2.77195713e-05,2.44167391e-09,3.17417608e-08,5.71009400e-05,7.99413161e-04,2.53031514e-07,3.79547271e-06,3.67131340e-15,5.13983876e-14,5.90143607e-10,8.85215410e-09,3.62073883e-04,5.79318213e-03,1.37902925e-07,2.34434972e-06,6.52424224e-07,1.17436360e-05,5.86146373e-11,9.96448833e-10,2.67843914e-14,4.82119044e-13,7.17611355e-05,1.43522271e-03
1.32680475e-07,1.99999912e-01,1.49999801e+04,4.48392049e-03,7.12941011e-01,7.12941011e-01,6.91378380e-02,2.76551352e-01,1.90001579e-04,2.28001894e-03,2.13226915e-06,2.77194990e-05,2.60170836e-09,3.38222087e-08,5.71009078e-05,7.99412709e-04,2.55407111e-07,3.83110666e-06,4.16831486e-15,5.83564080e-14,6.28820091e-10,9.43230136e-09,3.62073880e-04,5.79318208e-03,1.37902046e-07,2.34433478e-06,6.47878515e-07,1.16618133e-05,6.24561099e-11,1.06175387e-09,2.85395509e-14,5.13711917e-13,7.17611355e-05,1.43522271e-03
1.41376081e-07,1.99999906e-01,1.49999788e+04,4.52798636e-03,7.12941004e-01,7.12941004e-01,6.91378451e-02,2.76551380e-01,1.90003714e-04,2.28004457e-03,2.13226323e-06,2.77194220e-05,2.77223290e-09,3.60390277e-08,5.71008735e-05,7.99412228e-04,2.57881945e-07,3.86822917e-06,4.73259850e-15,6.62563791e-14,6.70031308e-10,1.00504696e-08,3.62073876e-04,5.79318202e-03,1.37901110e-07,2.34431886e-06,6.43069739e-07,1.15752553e-05,6.65493434e-11,1.13133884e-09,3.04097084e-14,5.47374750e-13,7.17611355e-05,1.43522271e-03
1.50641580e-07,1.99999900e-01,1.49999774e+04,4.57383291e-03,7.12940996e-01,7.12940996e-01,6.91378526e-02,2.76551411e-01,1.90006014e-04,2.28007217e-03,2.13225691e-06,2.77193399e-05,2.95393530e-09,3.84011589e-08,5.71008369e-05,7.99411716e-04,2.60455744e-07,3.90683616e-06,5.37327297e-15,7.52258216e-14,7.13943376e-10,1.07091506e-08,3.62073872e-04,5.79318196e-03,1.37900112e-07,2.34430190e-06,6.37985078e-07,1.14837314e-05,7.09108374e-11,1.20548424e-09,3.24023960e-14,5.83243128e-13,7.17611355e-05,1.43522271e-03
1.60514320e-07,1.99999893e-01,1.49999759e+04,4.62144508e-03,7.12940988e-01,7.12940988e-01,6.91378606e-02,2.76551443e-01,1.90008492e-04,2.28010190e-03,2.13225019e-06,2.77192524e-05,3.14754841e-09,4.09181294e-08,5.71007979e-05,7.99411170e-04,2.63127468e-07,3.94691202e-06,6.10068005e-15,8.54095208e-14,7.60733295e-10,1.14109994e-08,3.62073868e-04,5.79318189e-03,1.37899048e-07,2.34428382e-06,6.32611416e-07,1.13870055e-05,7.55581729e-11,1.28448894e-09,3.45256394e-14,6.21461509e-13,7.17611355e-05,1.43522271e-03
1.71034100e-07,1.99999886e-01,1.49999743e+04,4.67079246e-03,7.12940979e-01,7.12940979e-01,6.91378692e-02,2.76551477e-01,1.90011161e-04,2.28013393e-03,2.13224302e-06,2.77191592e-05,3.35385320e-09,4.36000916e-08,5.71007563e-05,7.99410588e-04,2.65895192e-07,3.98842789e-06,6.92656169e-15,9.69718637e-14,8.10589666e-10,1.21588450e-08,3.62073864e-04,5.79318182e-03,1.37897915e-07,2.34426456e-06,6.26935376e-07,1.12848368e-05,8.05100832e-11,1.36867142e-09,3.67879894e-14,6.62183808e-13,7.17611355e-05,1.43522271e-03
1.82243324e-07,1.99999879e-01,1.49999727e+04,4.72182712e-03,7.12940969e-01,7.12940969e-01,6.91378782e-02,2.76551513e-01,1.90014038e-04,2.28016846e-03,2.13223538e-06,2.77190600e-05,3.57368184e-09,4.64578640e-08,5.71007120e-05,7.99409968e-04,2.68755977e-07,4.03133965e-06,7.86424952e-15,1.10099493e-13,8.63713450e-10,1.29557018e-08,3.62073859e-04,5.79318175e-03,1.37896708e-07,2.34424404e-06,6.20943374e-07,1.11769807e-05,8.57865292e-11,1.45837100e-09,3.91985563e-14,7.05574014e-13,7.17611355e-05,1.43522271e-03
1.94187178e-07,1.99999871e-01,1.49999709e+04,4.77448099e-03,7.12940960e-01,7.12940960e-01,6.91378878e-02,2.76551551e-01,1.90017139e-04,2.28020567e-03,2.13222724e-06,2.77189542e-05,3.80792112e-09,4.95029746e-08,5.71006648e-05,7.99409308e-04,2.71705720e-07,4.07558580e-06,8.92888013e-15,1.25004322e-13,9.20318776e-10,1.38047816e-08,3.62073854e-04,5.79318167e-03,1.37895422e-07,2.34422217e-06,6.14621681e-07,1.10631903e-05,9.14087800e-11,1.55394926e-09,4.17670471e-14,7.51806847e-13,7.17611355e-05,1.43522271e-03
2.06913808e-07,1.99999862e-01,1.49999690e+04,4.82866331e-03,7.12940949e-01,7.12940949e-01,6.91378981e-02,2.76551592e-01,1.90020483e-04,2.28024580e-03,2.13221857e-06,2.77188414e-05,4.05751601e-09,5.27477081e-08,5.71006146e-05,7.99408604e-04,2.74739009e-07,4.12108513e-06,1.01376395e-14,1.41926952e-13,9.80633807e-10,1.47095071e-08,3.62073849e-04,5.79318158e-03,1.37894051e-07,2.34419887e-06,6.07956489e-07,1.09432168e-05,9.73994985e-11,1.65579147e-09,4.45038034e-14,8.01068461e-13,7.17611355e-05,1.43522271e-03
2.20474515e-07,1.99999853e-01,1.49999669e+04,4.88425767e-03,7.12940938e-01,7.12940938e-01,6.91379089e-02,2.76551636e-01,1.90024089e-04,2.28028907e-03,2.13220933e-06,2.77187213e-05,4.32347348e-09,5.62051552e-08,5.71005610e-05,7.99407854e-04,2.77848951e-07,4.16773427e-06,1.15100403e-14,1.61140564e-13,1.04490166e-09,1.56735249e-08,3.62073843e-04,5.79318149e-03,1.37892591e-07,2.34417405e-06,6.00933998e-07,1.08168120e-05,1.03782833e-10,1.76430816e-09,4.74198440e-14,8.53557191e-13,7.17611355e-05,1.43522271e-03
2.34923963e-07,1.99999843e-01,1.49999648e+04,4.94111894e-03,7.12940926e-01,7.12940926e-01,6.91379205e-02,2.76551682e-01,1.90027979e-04,2.28033575e-03,2.13219949e-06,2.77185933e-05,4.60686661e-09,5.98892659e-08,5.71005039e-05,7.99407055e-04,2.81027000e-07,4.21540500e-06,1.30682372e-14,1.82955320e-13,1.11338137e-09,1.67007206e-08,3.62073837e-04,5.79318140e-03,1.37891035e-07,2.34414759e-06,5.93540514e-07,1.06837293e-05,1.10584514e-10,1.87993674e-09,5.05269082e-14,9.09484347e-13,7.17611355e-05,1.43522271e-03
2.50320398e-07,1.99999833e-01,1.49999625e+04,4.99907004e-03,7.12940913e-01,7.12940913e-01,6.91379327e-02,2.76551731e-01,1.90032174e-04,2.28038609e-03,2.13218899e-06,2.77184569e-05,4.90883888e-09,6.38149055e-08,5.71004431e-05,7.99406203e-04,2.84262766e-07,4.26394148e-06,1.48373845e-14,2.07723383e-13,1.18634897e-09,1.77952345e-08,3.62073831e-04,5.79318130e-03,1.37889377e-07,2.34411941e-06,5.85762556e-07,1.05437260e-05,1.17831959e-10,2.00314330e-09,5.38375035e-14,9.69075064e-13,7.17611355e-05,1.43522271e-03
2.66725884e-07,1.99999822e-01,1.49999600e+04,5.05789853e-03,7.12940900e-01,7.12940900e-01,6.91379457e-02,2.76551783e-01,1.90036700e-04,2.28044040e-03,2.13217782e-06,2.77183116e-05,5.23060887e-09,6.79979154e-08,5.71003783e-05,7.99405296e-04,2.87543821e-07,4.31315731e-06,1.68460423e-14,2.35844592e-13,1.26409856e-09,1.89614784e-08,3.62073824e-04,5.79318119e-03,1.37887610e-07,2.34408937e-06,5.77586982e-07,1.03965657e-05,1.25554382e-10,2.13442449e-09,5.73649555e-14,1.03256920e-12,7.17611355e-05,1.43522271e-03
2.84206552e-07,1.99999811e-01,1.49999574e+04,5.11735308e-03,7.12940885e-01,7.12940885e-01,6.91379594e-02,2.76551838e-01,1.90041582e-04,2.28049898e-03,2.13216591e-06,2.77181568e-05,5.57347514e-09,7.24551768e-08,5.71003092e-05,7.99404329e-04,2.90855500e-07,4.36283250e-06,1.91266376e-14,2.67772926e-13,1.34694353e-09,2.02041529e-08,3.62073817e-04,5.79318108e-03,1.37885728e-07,2.34405737e-06,5.69001134e-07,1.02420204e-05,1.33782910e-10,2.27430947e-09,6.11234613e-14,1.10022230e-12,7.17611355e-05,1.43522271e-03
3.02832867e-07,1.99999798e-01,1.49999546e+04,5.17713985e-03,7.12940870e-01,7.12940870e-01,6.91379740e-02,2.76551896e-01,1.90046847e-04,2.28056217e-03,2.13215321e-06,2.77179918e-05,5.93882151e-09,7.72046796e-08,5.71002356e-05,7.99403299e-04,2.94180688e-07,4.41271032e-06,2.17159882e-14,3.04023834e-13,1.43521778e-09,2.15282667e-08,3.62073810e-04,5.79318096e-03,1.37883722e-07,2.34402327e-06,5.59992997e-07,1.00798740e-05,1.42550713e-10,2.42336212e-09,6.51281461e-14,1.17230663e-12,7.17611355e-05,1.43522271e-03
3.22679912e-07,1.99999785e-01,1.49999516e+04,5.23691894e-03,7.12940854e-01,7.12940854e-01,6.91379895e-02,2.76551958e-01,1.90052526e-04,2.28063031e-03,2.13213969e-06,2.77178160e-05,6.32812268e-09,8.22655948e-08,5.71001572e-05,7.99402201e-04,2.97499618e-07,4.46249426e-06,2.46558970e-14,3.45182558e-13,1.52927713e-09,2.29391569e-08,3.62073802e-04,5.79318083e-03,1.37881585e-07,2.34398694e-06,5.50551376e-07,9.90992476e-06,1.51893133e-10,2.58218325e-09,6.93951245e-14,1.24911224e-12,7.17611355e-05,1.43522271e-03
3.43827692e-07,1.99999771e-01,1.49999484e+04,5.29630078e-03,7.12940837e-01,7.12940837e-01,6.91380059e-02,2.76552023e-01,1.90058649e-04,2.28070379e-03,2.13212528e-06,2.77176287e-05,6.74295021e-09,8.76583527e-08,5.71000737e-05,7.99401032e-04,3.00789664e-07,4.51184497e-06,2.79938273e-14,3.91913582e-13,1.62950068e-09,2.44425102e-08,3.62073793e-04,5.79318069e-03,1.37879308e-07,2.34394823e-06,5.40666091e-07,9.73198964e-06,1.61847827e-10,2.75141305e-09,7.39415642e-14,1.33094816e-12,7.17611355e-05,1.43522271e-03
3.66361454e-07,1.99999756e-01,1.49999450e+04,5.35484282e-03,7.12940819e-01,7.12940819e-01,6.91380232e-02,2.76552093e-01,1.90065250e-04,2.28078300e-03,2.13210993e-06,2.77174291e-05,7.18497889e-09,9.34047256e-08,5.70999847e-05,7.99399785e-04,3.04025150e-07,4.56037726e-06,3.17836695e-14,4.44971372e-13,1.73629238e-09,2.60443857e-08,3.62073784e-04,5.79318055e-03,1.37876881e-07,2.34390698e-06,5.30328198e-07,9.54590757e-06,1.72454921e-10,2.93173366e-09,7.87857551e-14,1.41814359e-12,7.17611355e-05,1.43522271e-03
3.90372033e-07,1.99999740e-01,1.49999414e+04,5.41204631e-03,7.12940800e-01,7.12940800e-01,6.91380415e-02,2.76552166e-01,1.90072362e-04,2.28086835e-03,2.13209357e-06,2.77172164e-05,7.65599354e-09,9.95279161e-08,5.70998898e-05,7.99398458e-04,3.07177165e-07,4.60765748e-06,3.60866110e-14,5.05212554e-13,1.85008267e-09,2.77512400e-08,3.62073774e-04,5.79318039e-03,1.37874296e-07,2.34386303e-06,5.19530222e-07,9.35154400e-06,1.83757172e-10,3.12387193e-09,8.39471825e-14,1.51104928e-12,7.17611355e-05,1.43522271e-03
4.15956216e-07,1.99999723e-01,1.49999376e+04,5.46735364e-03,7.12940780e-01,7.12940780e-01,6.91380609e-02,2.76552244e-01,1.90080023e-04,2.28096027e-03,2.13207614e-06,2.77169898e-05,8.15789627e-09,1.06052652e-07,5.70997888e-05,7.99397043e-04,3.10213408e-07,4.65320112e-06,4.09721253e-14,5.73609754e-13,1.97133016e-09,2.95699524e-08,3.62073764e-04,5.79318023e-03,1.37871541e-07,2.34381620e-06,5.08266413e-07,9.14879543e-06,1.95800137e-10,3.32860234e-09,8.94466045e-14,1.61003888e-12,7.17611355e-05,1.43522271e-03
4.43217134e-07,1.99999705e-01,1.49999335e+04,5.52014619e-03,7.12940759e-01,7.12940759e-01,6.91380813e-02,2.76552325e-01,1.90088269e-04,2.28105922e-03,2.13205756e-06,2.77167483e-05,8.69271419e-09,1.13005285e-07,5.70996811e-05,7.99395535e-04,3.13098064e-07,4.69647095e-06,4.65190935e-14,6.51267309e-13,2.10052354e-09,3.15078531e-08,3.62073753e-04,5.79318005e-03,1.37868606e-07,2.34376630e-06,4.96533018e-07,8.93759433e-06,2.08632360e-10,3.54675012e-09,9.53061355e-14,1.71551044e-12,7.17611355e-05,1.43522271e-03
4.72264677e-07,1.99999685e-01,1.49999292e+04,5.56974284e-03,7.12940737e-01,7.12940737e-01,6.91381029e-02,2.76552412e-01,1.90097139e-04,2.28116566e-03,2.13203777e-06,2.77164911e-05,9.26260766e-09,1.20413900e-07,5.70995663e-05,7.99393929e-04,3.15791718e-07,4.73687577e-06,5.28170791e-14,7.39439107e-13,2.23818351e-09,3.35727526e-08,3.62073742e-04,5.79317987e-03,1.37865478e-07,2.34371313e-06,4.84328578e-07,8.71791441e-06,2.22305564e-10,3.77919459e-09,1.01549334e-13,1.82788801e-12,7.17611355e-05,1.43522271e-03
5.03215936e-07,1.99999665e-01,1.49999245e+04,5.61539959e-03,7.12940713e-01,7.12940713e-01,6.91381257e-02,2.76552503e-01,1.90106673e-04,2.28128007e-03,2.13201669e-06,2.77162169e-05,9.86987906e-09,1.28308428e-07,5.70994441e-05,7.99392217e-04,3.18251330e-07,4.77376996e-06,5.99677747e-14,8.39548845e-13,2.38486489e-09,3.57729733e-08,3.62073729e-04,5.79317967e-03,1.37862146e-07,2.34365648e-06,4.71654230e-07,8.48977613e-06,2.36874864e-10,4.02687269e-09,1.08201297e-13,1.94762335e-12,7.17611355e-05,1.43522271e-03
5.36195677e-07,1.99999643e-01,1.49999196e+04,5.65631023e-03,7.12940688e-01,7.12940688e-01,6.91381496e-02,2.76552598e-01,1.90116910e-04,2.28140292e-03,2.13199422e-06,2.77159248e-05,1.05169822e-08,1.36720768e-07,5.70993138e-05,7.99390393e-04,3.20430274e-07,4.80645411e-06,6.80866449e-14,9.53213028e-13,2.54115884e-09,3.81173826e-08,3.62073716e-04,5.79317946e-03,1.37858595e-07,2.34359611e-06,4.58514026e-07,8.25325247e-06,2.52398986e-10,4.29078275e-09,1.15288760e-13,2.07519768e-12,7.17611355e-05,1.43522271e-03
5.71336843e-07,1.99999619e-01,1.49999143e+04,5.69160853e-03,7.12940662e-01,7.12940662e-01,6.91381748e-02,2.76552699e-01,1.90127892e-04,2.28153471e-03,2.13197027e-06,2.77156136e-05,1.12065321e-08,1.45684918e-07,5.70991750e-05,7.99388449e-04,3.22278456e-07,4.83417684e-06,7.73047922e-14,1.08226709e-12,2.70769527e-09,4.06154290e-08,3.62073702e-04,5.79317924e-03,1.37854812e-07,2.34353180e-06,4.44915268e-07,8.00847483e-06,2.68940503e-10,4.57198855e-09,1.22840203e-13,2.21112365e-12,7.17611355e-05,1.43522271e-03
6.08781089e-07,1.99999594e-01,1.49999087e+04,5.72037212e-03,7.12940635e-01,7.12940635e-01,6.91382013e-02,2.76552805e-01,1.90139658e-04,2.28167590e-03,2.13194476e-06,2.77152819e-05,1.19413161e-08,1.55237109e-07,5.70990270e-05,7.99386379e-04,3.23742537e-07,4.85613806e-06,8.77710752e-14,1.22879505e-12,2.88514536e-09,4.32771804e-08,3.62073687e-04,5.79317900e-03,1.37850780e-07,2.34346327e-06,4.30868834e-07,7.75563901e-06,2.86566091e-10,4.87162355e-09,1.30885963e-13,2.35594733e-12,7.17611355e-05,1.43522271e-03
6.48679353e-07,1.99999568e-01,1.49999027e+04,5.74162835e-03,7.12940606e-01,7.12940606e-01,6.91382291e-02,2.76552916e-01,1.90152246e-04,2.28182695e-03,2.13191758e-06,2.77149286e-05,1.27243046e-08,1.65415960e-07,5.70988694e-05,7.99384172e-04,3.24766264e-07,4.87149395e-06,9.96545143e-14,1.39516320e-12,3.07422426e-09,4.61133639e-08,3.62073672e-04,5.79317875e-03,1.37846485e-07,2.34339025e-06,4.16389513e-07,7.49501123e-06,3.05346795e-10,5.19089551e-09,1.39458358e-13,2.51025045e-12,7.17611355e-05,1.43522271e-03
6.91192469e-07,1.99999539e-01,1.49998963e+04,5.75436246e-03,7.12940575e-01,7.12940575e-01,6.91382582e-02,2.76553033e-01,1.90165693e-04,2.28198832e-03,2.13188862e-06,2.77145521e-05,1.35586636e-08,1.76262627e-07,5.70987015e-05,7.99381821e-04,3.25290931e-07,4.87936397e-06,1.13147023e-13,1.58405833e-12,3.27569397e-09,4.91354095e-08,3.62073655e-04,5.79317848e-03,1.37841908e-07,2.34331244e-06,4.01496326e-07,7.22693387e-06,3.25358313e-10,5.53109133e-09,1.48591813e-13,2.67465263e-12,7.17611355e-05,1.43522271e-03
7.36491807e-07,1.99999509e-01,1.49998895e+04,5.75752835e-03,7.12940544e-01,7.12940544e-01,6.91382886e-02,2.76553154e-01,1.90180033e-04,2.28216040e-03,2.13185776e-06,2.77141509e-05,1.44477674e-08,1.87820976e-07,5.70985225e-05,7.99379316e-04,3.25255997e-07,4.87883995e-06,1.28466510e-13,1.79853115e-12,3.49036642e-09,5.23554963e-08,3.62073637e-04,5.79317819e-03,1.37837032e-07,2.34322955e-06,3.86212833e-07,6.95183100e-06,3.46681307e-10,5.89358222e-09,1.58322994e-13,2.84981390e-12,7.17611355e-05,1.43522271e-03
7.84759970e-07,1.99999477e-01,1.49998823e+04,5.75006215e-03,7.12940511e-01,7.12940511e-01,6.91383204e-02,2.76553281e-01,1.90195296e-04,2.28234355e-03,2.13182488e-06,2.77137234e-05,1.53952122e-08,2.00137759e-07,5.70983319e-05,7.99376646e-04,3.24599851e-07,4.86899776e-06,1.45860402e-13,2.04204562e-12,3.71910674e-09,5.57866011e-08,3.62073618e-04,5.79317789e-03,1.37831836e-07,2.34314122e-06,3.70567408e-07,6.67021335e-06,3.69401723e-10,6.27982929e-09,1.68690960e-13,3.03643729e-12,7.17611355e-05,1.43522271e-03
8.36191530e-07,1.99999443e-01,1.49998746e+04,5.73089889e-03,7.12940476e-01,7.12940476e-01,6.91383535e-02,2.76553414e-01,1.90211506e-04,2.28253807e-03,2.13178984e-06,2.77132679e-05,1.64048312e-08,2.13262805e-07,5.70981287e-05,7.99373802e-04,3.23260767e-07,4.84891150e-06,1.65609639e-13,2.31853495e-12,3.96283672e-09,5.94425508e-08,3.62073598e-04,5.79317756e-03,1.37826300e-07,2.34304710e-06,3.54593479e-07,6.38268262e-06,3.93611138e-10,6.69138935e-09,1.79737313e-13,3.23527163e-12,7.17611355e-05,1.43522271e-03
8.90993810e-07,1.99999406e-01,1.49998664e+04,5.69899246e-03,7.12940440e-01,7.12940440e-01,6.91383879e-02,2.76553552e-01,1.90228681e-04,2.28274417e-03,2.13175251e-06,2.77127826e-05,1.74807094e-08,2.27249222e-07,5.70979122e-05,7.99370771e-04,3.21178034e-07,4.81767050e-06,1.88033224e-13,2.63246514e-12,4.22253856e-09,6.33380783e-08,3.62073576e-04,5.79317722e-03,1.37820402e-07,2.34294683e-06,3.38329712e-07,6.08993482e-06,4.19407133e-10,7.12992126e-09,1.91506361e-13,3.44711449e-12,7.17611355e-05,1.43522271e-03
9.49387718e-07,1.99999367e-01,1.49998576e+04,5.65333874e-03,7.12940403e-01,7.12940403e-01,6.91384236e-02,2.76553695e-01,1.90246831e-04,2.28296198e-03,2.13171273e-06,2.77122655e-05,1.86272010e-08,2.42153612e-07,5.70976816e-05,7.99367542e-04,3.18293277e-07,4.77439916e-06,2.13493372e-13,2.98890721e-12,4.49925877e-09,6.74888816e-08,3.62073553e-04,5.79317685e-03,1.37814117e-07,2.34283998e-06,3.21820139e-07,5.79276250e-06,4.46893681e-10,7.59719258e-09,2.04045298e-13,3.67281537e-12,7.17611355e-05,1.43522271e-03
1.01160864e-06,1.99999326e-01,1.49998483e+04,5.59300213e-03,7.12940364e-01,7.12940364e-01,6.91384606e-02,2.76553842e-01,1.90265959e-04,2.28319150e-03,2.13167034e-06,2.77117145e-05,1.98489465e-08,2.58036304e-07,5.70974358e-05,7.99364101e-04,3.14551969e-07,4.71827953e-06,2.42401371e-13,3.39361919e-12,4.79411246e-09,7.19116870e-08,3.62073529e-04,5.79317646e-03,1.37807420e-07,2.34272614e-06,3.05114189e-07,5.49205541e-06,4.76181568e-10,8.09508666e-09,2.17404390e-13,3.91327901e-12,7.17611355e-05,1.43522271e-03
1.07790740e-06,1.99999281e-01,1.49998383e+04,5.51714508e-03,7.12940324e-01,7.12940324e-01,6.91384988e-02,2.76553995e-01,1.90286052e-04,2.28343262e-03,2.13162518e-06,2.77111274e-05,2.11508919e-08,2.74961594e-07,5.70971739e-05,7.99360434e-04,3.09905106e-07,4.64857659e-06,2.75224229e-13,3.85313921e-12,5.10828776e-09,7.66243164e-08,3.62073503e-04,5.79317604e-03,1.37800285e-07,2.34260485e-06,2.88266642e-07,5.18879955e-06,5.07388842e-10,8.62561031e-09,2.31637166e-13,4.16946898e-12,7.17611355e-05,1.43522271e-03
1.14855124e-06,1.99999234e-01,1.49998277e+04,5.42506030e-03,7.12940283e-01,7.12940283e-01,6.91385380e-02,2.76554152e-01,1.90307087e-04,2.28368505e-03,2.13157706e-06,2.77105018e-05,2.25383082e-08,2.92998007e-07,5.70968948e-05,7.99356527e-04,3.04311048e-07,4.56466573e-06,3.12492230e-13,4.37489122e-12,5.44305061e-09,8.16457592e-08,3.62073475e-04,5.79317559e-03,1.37792683e-07,2.34247561e-06,2.71337452e-07,4.88407413e-06,5.40641283e-10,9.19090181e-09,2.46800637e-13,4.44241146e-12,7.17611355e-05,1.43522271e-03
1.22382494e-06,1.99999184e-01,1.49998164e+04,5.31620514e-03,7.12940241e-01,7.12940241e-01,6.91385783e-02,2.76554313e-01,1.90329028e-04,2.28394834e-03,2.13152579e-06,2.77098353e-05,2.40168135e-08,3.12218576e-07,5.70965975e-05,7.99352365e-04,2.97737477e-07,4.46606215e-06,3.54807501e-13,4.96730502e-12,5.79974992e-09,8.69962488e-08,3.62073445e-04,5.79317512e-03,1.37784583e-07,2.34233791e-06,2.54391456e-07,4.57904621e-06,5.76072915e-10,9.79323956e-09,2.62955516e-13,4.73319930e-12,7.17611355e-05,1.43522271e-03
1.30403192e-06,1.99999131e-01,1.49998044e+04,5.19023723e-03,7.12940198e-01,7.12940198e-01,6.91386195e-02,2.76554478e-01,1.90351820e-04,2.28422184e-03,2.13147116e-06,2.77091250e-05,2.55923947e-08,3.32701132e-07,5.70962806e-05,7.99347929e-04,2.90163420e-07,4.35245131e-06,4.02853756e-13,5.63995259e-12,6.17982291e-09,9.26973436e-08,3.62073413e-04,5.79317461e-03,1.37775953e-07,2.34219120e-06,2.37497938e-07,4.27496289e-06,6.13826544e-10,1.04350513e-08,2.80166458e-13,5.04299625e-12,7.17611355e-05,1.43522271e-03
1.38949549e-06,1.99999074e-01,1.49997916e+04,5.04705015e-03,7.12940153e-01,7.12940153e-01,6.91386614e-02,2.76554646e-01,1.90375391e-04,2.28450469e-03,2.13141295e-06,2.77083683e-05,2.72714324e-08,3.54528622e-07,5.70959431e-05,7.99343203e-04,2.81581290e-07,4.22371934e-06,4.57407348e-13,6.40370288e-12,6.58480094e-09,9.87720141e-08,3.62073379e-04,5.79317407e-03,1.37766758e-07,2.34203488e-06,2.20730032e-07,3.97314057e-06,6.54054333e-10,1.11189237e-08,2.98502309e-13,5.37304157e-12,7.17611355e-05,1.43522271e-03
1.48056018e-06,1.99999013e-01,1.49997779e+04,4.88680802e-03,7.12940109e-01,7.12940109e-01,6.91387040e-02,2.76554816e-01,1.90399651e-04,2.28479582e-03,2.13135092e-06,2.77075620e-05,2.90607261e-08,3.77789439e-07,5.70955833e-05,7.99338167e-04,2.71998841e-07,4.07998262e-06,5.19349823e-13,7.27089752e-12,7.01631569e-09,1.05244735e-07,3.62073343e-04,5.79317349e-03,1.37756961e-07,2.34186833e-06,2.04163971e-07,3.67495148e-06,6.96918414e-10,1.18476130e-08,3.18036381e-13,5.72465486e-12,7.17611355e-05,1.43522271e-03
1.57759306e-06,1.99998948e-01,1.49997634e+04,4.70997711e-03,7.12940063e-01,7.12940063e-01,6.91387469e-02,2.76554988e-01,1.90424491e-04,2.28509389e-03,2.13128484e-06,2.77067029e-05,3.09675215e-08,4.02577779e-07,5.70952001e-05,7.99332801e-04,2.61440983e-07,3.92161474e-06,5.89682175e-13,8.25555045e-12,7.47610568e-09,1.12141585e-07,3.62073304e-04,5.79317287e-03,1.37746522e-07,2.34169088e-06,1.87878170e-07,3.38180705e-06,7.42591544e-10,1.26240562e-08,3.38846733e-13,6.09924119e-12,7.17611355e-05,1.43522271e-03
1.68098528e-06,1.99998879e-01,1.49997479e+04,4.51735282e-03,7.12940017e-01,7.12940017e-01,6.91387901e-02,2.76555160e-01,1.90449779e-04,2.28539735e-03,2.13121442e-06,2.77057875e-05,3.29995396e-08,4.28994015e-07,5.70947916e-05,7.99327083e-04,2.49951298e-07,3.74926947e-06,6.69541031e-13,9.37357443e-12,7.96602329e-09,1.19490349e-07,3.62073263e-04,5.79317220e-03,1.37735401e-07,2.34150181e-06,1.71952131e-07,3.09513836e-06,7.91257798e-10,1.34513826e-08,3.61016475e-13,6.49829655e-12,7.17611355e-05,1.43522271e-03
1.79115361e-06,1.99998806e-01,1.49997313e+04,4.31007953e-03,7.12939971e-01,7.12939971e-01,6.91388333e-02,2.76555333e-01,1.90475366e-04,2.28570439e-03,2.13113940e-06,2.77048122e-05,3.51650073e-08,4.57145095e-07,5.70943565e-05,7.99320991e-04,2.37593178e-07,3.56389768e-06,7.60217028e-13,1.06430384e-11,8.48804220e-09,1.27320633e-07,3.62073218e-04,5.79317149e-03,1.37723551e-07,2.34130037e-06,1.56465209e-07,2.81637377e-06,8.43113314e-10,1.43329263e-08,3.84634096e-13,6.92341373e-12,7.17611355e-05,1.43522271e-03
1.90854214e-06,1.99998728e-01,1.49997137e+04,4.08966163e-03,7.12939925e-01,7.12939925e-01,6.91388762e-02,2.76555505e-01,1.90501081e-04,2.28601297e-03,2.13105946e-06,2.77037730e-05,3.74726904e-08,4.87144976e-07,5.70938928e-05,7.99314499e-04,2.24450441e-07,3.36675661e-06,8.63175681e-13,1.20844595e-11,9.04426534e-09,1.35663980e-07,3.62073170e-04,5.79317073e-03,1.37710926e-07,2.34108575e-06,1.41495227e-07,2.54691409e-06,8.98367078e-10,1.52722403e-08,4.09793799e-13,7.37628838e-12,7.17611355e-05,1.43522271e-03
2.03362408e-06,1.99998644e-01,1.49996950e+04,3.85796333e-03,7.12939879e-01,7.12939879e-01,6.91389187e-02,2.76555675e-01,1.90526736e-04,2.28632083e-03,2.13097428e-06,2.77026657e-05,3.99319280e-08,5.19115065e-07,5.70933987e-05,7.99307582e-04,2.10627309e-07,3.15940964e-06,9.80081067e-13,1.37211349e-11,9.63693331e-09,1.44554000e-07,3.62073119e-04,5.79316991e-03,1.37697475e-07,2.34085708e-06,1.27116975e-07,2.28810554e-06,9.57241771e-10,1.62731101e-08,4.36595869e-13,7.85872564e-12,7.17611355e-05,1.43522271e-03
2.16690364e-06,1.99998555e-01,1.49996750e+04,3.61719518e-03,7.12939834e-01,7.12939834e-01,6.91389603e-02,2.76555841e-01,1.90552128e-04,2.28662554e-03,2.13088353e-06,2.77014859e-05,4.25526698e-08,5.53184708e-07,5.70928723e-05,7.99300212e-04,1.96247633e-07,2.94371450e-06,1.11282273e-12,1.55795182e-11,1.02684334e-08,1.54026502e-07,3.62073065e-04,5.79316904e-03,1.37683145e-07,2.34061346e-06,1.13400638e-07,2.04121148e-06,1.01997466e-09,1.73395693e-08,4.65147060e-13,8.37264707e-12,7.17611355e-05,1.43522271e-03
2.30891806e-06,1.99998461e-01,1.49996537e+04,3.36988577e-03,7.12939790e-01,7.12939790e-01,6.91390010e-02,2.76556004e-01,1.90577041e-04,2.28692449e-03,2.13078683e-06,2.77002288e-05,4.53455153e-08,5.89491698e-07,5.70923113e-05,7.99292359e-04,1.81453262e-07,2.72179894e-06,1.26354620e-12,1.76896468e-11,1.09413094e-08,1.64119640e-07,3.62073006e-04,5.79316810e-03,1.37667876e-07,2.34035389e-06,1.00410190e-07,1.80738342e-06,1.08681856e-09,1.84759156e-08,4.95561000e-13,8.92009800e-12,7.17611355e-05,1.43522271e-03
2.46023982e-06,1.99998360e-01,1.49996310e+04,3.11883779e-03,7.12939747e-01,7.12939747e-01,6.91390403e-02,2.76556161e-01,1.90601250e-04,2.28721501e-03,2.13068380e-06,2.76988895e-05,4.83217555e-08,6.28182821e-07,5.70917136e-05,7.99283991e-04,1.66401527e-07,2.49602291e-06,1.43468769e-12,2.00856276e-11,1.16582712e-08,1.74874068e-07,3.62072943e-04,5.79316709e-03,1.37651609e-07,2.34007735e-06,8.82018068e-08,1.58763252e-06,1.15804286e-09,1.96867285e-08,5.27958631e-13,9.50325536e-12,7.17611355e-05,1.43522271e-03
2.62147890e-06,1.99998252e-01,1.49996068e+04,2.86706773e-03,7.12939705e-01,7.12939705e-01,6.91390781e-02,2.76556313e-01,1.90624528e-04,2.28749434e-03,2.13057403e-06,2.76974624e-05,5.14934177e-08,6.69414430e-07,5.70910768e-05,7.99275075e-04,1.51261782e-07,2.26892673e-06,1.62901341e-12,2.28061877e-11,1.24222065e-08,1.86333097e-07,3.62072876e-04,5.79316601e-03,1.37634278e-07,2.33978273e-06,7.68223658e-08,1.38280259e-06,1.23393456e-09,2.09768875e-08,5.62468666e-13,1.01244360e-11,7.17611355e-05,1.43522271e-03
2.79328525e-06,1.99998138e-01,1.49995810e+04,2.61773039e-03,7.12939664e-01,7.12939664e-01,6.91391141e-02,2.76556456e-01,1.90646649e-04,2.28775979e-03,2.13045707e-06,2.76959419e-05,5.48733128e-08,7.13353067e-07,5.70903982e-05,7.99265575e-04,1.36211083e-07,2.04316625e-06,1.84966429e-12,2.58953000e-11,1.32361918e-08,1.98542877e-07,3.62072803e-04,5.79316485e-03,1.37615814e-07,2.33946883e-06,6.63081053e-08,1.19354590e-06,1.31479951e-09,2.23515916e-08,5.99228081e-13,1.07861055e-11,7.17611355e-05,1.43522271e-03
2.97635144e-06,1.99998016e-01,1.49995536e+04,2.37402994e-03,7.12939626e-01,7.12939626e-01,6.91391481e-02,2.76556592e-01,1.90667394e-04,2.28800873e-03,2.13033245e-06,2.76943218e-05,5.84750859e-08,7.60176117e-07,5.70896751e-05,7.99255452e-04,1.21429098e-07,1.82143647e-06,2.10020666e-12,2.94028932e-11,1.41035051e-08,2.11552576e-07,3.62072726e-04,5.79316361e-03,1.37596142e-07,2.33913442e-06,5.66835058e-08,1.02030310e-06,1.40096356e-09,2.38163805e-08,6.38382627e-13,1.14908873e-11,7.17611355e-05,1.43522271e-03
3.17141542e-06,1.99997886e-01,1.49995243e+04,2.13912058e-03,7.12939589e-01,7.12939589e-01,6.91391798e-02,2.76556719e-01,1.90686562e-04,2.28823874e-03,2.13019967e-06,2.76925957e-05,6.23132699e-08,8.10072508e-07,5.70889047e-05,7.99244666e-04,1.07092417e-07,1.60638626e-06,2.38468986e-12,3.33856580e-11,1.50276387e-08,2.25414581e-07,3.62072643e-04,5.79316228e-03,1.37575185e-07,2.33877814e-06,4.79604732e-08,8.63288518e-07,1.49277392e-09,2.53771567e-08,6.80087388e-13,1.22415730e-11,7.17611355e-05,1.43522271e-03
3.37926348e-06,1.99997747e-01,1.49994931e+04,1.91600145e-03,7.12939554e-01,7.12939554e-01,6.91392091e-02,2.76556836e-01,1.90703969e-04,2.28844763e-03,2.13005820e-06,2.76907566e-05,6.64033432e-08,8.63243461e-07,5.70880838e-05,7.99233173e-04,9.33685425e-08,1.40052814e-06,2.70771156e-12,3.79079619e-11,1.60123137e-08,2.40184706e-07,3.62072553e-04,5.79316086e-03,1.37552857e-07,2.33839857e-06,4.01378798e-08,7.22481836e-07,1.59060055e-09,2.70402094e-08,7.24507351e-13,1.30411323e-11,7.17611355e-05,1.43522271e-03
3.60073348e-06,1.99997600e-01,1.49994599e+04,1.70741102e-03,7.12939522e-01,7.12939522e-01,6.91392359e-02,2.76556944e-01,1.90719462e-04,2.28863355e-03,2.12990747e-06,2.76887971e-05,7.07617911e-08,9.19903285e-07,5.70872091e-05,7.99220927e-04,8.04098404e-08,1.20614761e-06,3.07449201e-12,4.30428881e-11,1.70614945e-08,2.55922418e-07,3.62072458e-04,5.79315933e-03,1.37529071e-07,2.33799420e-06,3.32015222e-08,5.97627399e-07,1.69483764e-09,2.88122398e-08,7.71818032e-13,1.38927246e-11,7.17611355e-05,1.43522271e-03
3.83671818e-06,1.99997442e-01,1.49994245e+04,1.51572762e-03,7.12939492e-01,7.12939492e-01,6.91392601e-02,2.76557040e-01,1.90732919e-04,2.28879503e-03,2.12974687e-06,2.76867093e-05,7.54061712e-08,9.80280226e-07,5.70862770e-05,7.99207878e-04,6.83478472e-08,1.02521771e-06,3.49095818e-12,4.88734145e-11,1.81794049e-08,2.72691074e-07,3.62072356e-04,5.79315769e-03,1.37503730e-07,2.33756341e-06,2.71245243e-08,4.88241438e-07,1.80590518e-09,3.07003880e-08,8.22206119e-13,1.47997101e-11,7.17611355e-05,1.43522271e-03
4.08816882e-06,1.99997275e-01,1.49993868e+04,1.34288255e-03,7.12939464e-01,7.12939464e-01,6.91392816e-02,2.76557127e-01,1.90744252e-04,2.28893103e-03,2.12957577e-06,2.76844850e-05,8.03551832e-08,1.04461738e-06,5.70852839e-05,7.99193975e-04,5.72882918e-08,8.59324377e-07,3.96383945e-12,5.54937522e-11,1.93705451e-08,2.90558177e-07,3.62072246e-04,5.79315593e-03,1.37476734e-07,2.33710448e-06,2.18682011e-08,3.93627619e-07,1.92425070e-09,3.27122619e-08,8.75870163e-13,1.57656629e-11,7.17611355e-05,1.43522271e-03
4.35609903e-06,1.99997096e-01,1.49993466e+04,1.19029252e-03,7.12939438e-01,7.12939438e-01,6.91393006e-02,2.76557202e-01,1.90753416e-04,2.28904099e-03,2.12939346e-06,2.76821150e-05,8.56287440e-08,1.11317367e-06,5.70842258e-05,7.99179161e-04,4.73072230e-08,7.09608345e-07,4.50077605e-12,6.30108648e-11,2.06397096e-08,3.09595644e-07,3.62072129e-04,5.79315406e-03,1.37447975e-07,2.33661557e-06,1.73833640e-08,3.12900552e-07,2.05035102e-09,3.48559673e-08,9.33021304e-13,1.67943835e-11,7.17611355e-05,1.43522271e-03
4.64158883e-06,1.99996906e-01,1.49993038e+04,1.05881714e-03,7.12939414e-01,7.12939414e-01,6.91393170e-02,2.76557268e-01,1.90760402e-04,2.28912483e-03,2.12919923e-06,2.76795900e-05,9.12480670e-08,1.18622487e-06,5.70830983e-05,7.99163376e-04,3.84485619e-08,5.76728429e-07,5.11044235e-12,7.15461929e-11,2.19920064e-08,3.29880096e-07,3.62072003e-04,5.79315205e-03,1.37417338e-07,2.33609475e-06,1.36120265e-08,2.45016477e-07,2.18471420e-09,3.71401414e-08,9.93884044e-13,1.78899128e-11,7.17611355e-05,1.43522271e-03
4.94578905e-06,1.99996703e-01,1.49992581e+04,9.48745533e-04,7.12939393e-01,7.12939393e-01,6.91393310e-02,2.76557324e-01,1.90765242e-04,2.28918290e-03,2.12899229e-06,2.76768998e-05,9.72357477e-08,1.26406472e-06,5.70818969e-05,7.99146557e-04,3.07233226e-08,4.60849839e-07,5.80268658e-12,8.12376122e-11,2.34328776e-08,3.51493164e-07,3.62071869e-04,5.79314990e-03,1.37384701e-07,2.33553992e-06,1.04894324e-08,1.88809784e-07,2.32788156e-09,3.95739865e-08,1.05869705e-12,1.90565469e-11,7.17611355e-05,1.43522271e-03
5.26992593e-06,1.99996487e-01,1.49992095e+04,8.59814343e-04,7.12939373e-01,7.12939373e-01,6.91393427e-02,2.76557371e-01,1.90768001e-04,2.28921601e-03,2.12877181e-06,2.76740336e-05,1.03615855e-07,1.34700611e-06,5.70806169e-05,7.99128636e-04,2.41106176e-08,3.61659265e-07,6.58868970e-12,9.22416557e-11,2.49681211e-08,3.74521817e-07,3.62071725e-04,5.79314760e-03,1.37349934e-07,2.33494888e-06,7.94630919e-09,1.43033565e-07,2.48042989e-09,4.21673081e-08,1.12771402e-12,2.02988524e-11,7.17611355e-05,1.43522271e-03
5.61530608e-06,1.99996256e-01,1.49991577e+04,7.91256463e-04,7.12939354e-01,7.12939354e-01,6.91393524e-02,2.76557410e-01,1.90768774e-04,2.28922529e-03,2.12853692e-06,2.76709799e-05,1.10414026e-07,1.43538234e-06,5.70792529e-05,7.99109541e-04,1.85604198e-08,2.78406297e-07,7.48114548e-12,1.04736037e-10,2.66039139e-08,3.99058709e-07,3.62071572e-04,5.79314515e-03,1.37312899e-07,2.33431928e-06,5.91122307e-09,1.06402015e-07,2.64297373e-09,4.49305535e-08,1.20120458e-12,2.16216825e-11,7.17611355e-05,1.43522271e-03
5.98332173e-06,1.99996011e-01,1.49991025e+04,7.41877253e-04,7.12939337e-01,7.12939337e-01,6.91393602e-02,2.76557441e-01,1.90767680e-04,2.28921216e-03,2.12828665e-06,2.76677265e-05,1.17657573e-07,1.52954845e-06,5.70777996e-05,7.99089195e-04,1.39978909e-08,2.09968363e-07,8.49446515e-12,1.18922512e-10,2.83468366e-08,4.25202549e-07,3.62071408e-04,5.79314253e-03,1.37273448e-07,2.33364861e-06,4.31290600e-09,7.76323080e-08,2.81616788e-09,4.78748539e-08,1.27945523e-12,2.30301941e-11,7.17611355e-05,1.43522271e-03
6.37545637e-06,1.99995750e-01,1.49990437e+04,7.10152332e-04,7.12939321e-01,7.12939321e-01,6.91393664e-02,2.76557466e-01,1.90764852e-04,2.28917823e-03,2.12802002e-06,2.76642603e-05,1.25375591e-07,1.62988268e-06,5.70762511e-05,7.99067516e-04,1.03289397e-08,1.54934095e-07,9.64500955e-12,1.35030134e-10,3.02039000e-08,4.53058500e-07,3.62071233e-04,5.79313973e-03,1.37231424e-07,2.33293422e-06,3.08242011e-09,5.54835620e-08,3.00070998e-09,5.10120697e-08,1.36277034e-12,2.45298661e-11,7.17611355e-05,1.43522271e-03
6.79329072e-06,1.99995471e-01,1.49989810e+04,6.94338898e-04,7.12939306e-01,7.12939306e-01,6.91393712e-02,2.76557485e-01,1.90760431e-04,2.28912518e-03,2.12773596e-06,2.76605675e-05,1.33599074e-07,1.73678796e-06,5.70746012e-05,7.99044417e-04,7.44655053e-09,1.11698258e-07,1.09513527e-11,1.53318938e-10,3.21825728e-08,4.82738592e-07,3.62071047e-04,5.79313675e-03,1.37186662e-07,2.33217325e-06,2.15503921e-09,3.87907058e-08,3.19734340e-09,5.43548378e-08,1.45147322e-12,2.61265180e-11,7.17611355e-05,1.43522271e-03
7.23850907e-06,1.99995174e-01,1.49989143e+04,6.92591268e-04,7.12939291e-01,7.12939291e-01,6.91393748e-02,2.76557499e-01,1.90754556e-04,2.28905467e-03,2.12743333e-06,2.76566333e-05,1.42361043e-07,1.85069356e-06,5.70728432e-05,7.99019805e-04,5.23734972e-09,7.85602458e-08,1.24345811e-11,1.74084135e-10,3.42908117e-08,5.14362176e-07,3.62070848e-04,5.79313356e-03,1.37138983e-07,2.33136270e-06,1.47174940e-09,2.64914892e-08,3.40686012e-09,5.79166221e-08,1.54590722e-12,2.78263300e-11,7.17611355e-05,1.43522271e-03
7.71290612e-06,1.99994858e-01,1.49988431e+04,7.03071121e-04,7.12939276e-01,7.12939276e-01,6.91393776e-02,2.76557510e-01,1.90747356e-04,2.28896828e-03,2.12711092e-06,2.76524419e-05,1.51696674e-07,1.97205676e-06,5.70709700e-05,7.98993580e-04,3.58786774e-09,5.38180161e-08,1.41186332e-11,1.97660865e-10,3.65370931e-08,5.48056396e-07,3.62070635e-04,5.79313016e-03,1.37088197e-07,2.33049936e-06,9.80303915e-10,1.76454705e-08,3.63010401e-09,6.17117682e-08,1.64643686e-12,2.96358636e-11,7.17611355e-05,1.43522271e-03
8.21839418e-06,1.99994521e-01,1.49987673e+04,7.24043905e-04,7.12939261e-01,7.12939261e-01,6.91393795e-02,2.76557518e-01,1.90738948e-04,2.28886737e-03,2.12676743e-06,2.76479766e-05,1.61643443e-07,2.10136475e-06,5.70689741e-05,7.98965638e-04,2.39000776e-09,3.58501164e-08,1.60306851e-11,2.24429592e-10,3.89304467e-08,5.83956701e-07,3.62070409e-04,5.79312654e-03,1.37034106e-07,2.32957980e-06,6.35806465e-10,1.14445164e-08,3.86797415e-09,6.57555606e-08,1.75344909e-12,3.15620836e-11,7.17611355e-05,1.43522271e-03
8.75701089e-06,1.99994162e-01,1.49986865e+04,7.53954800e-04,7.12939246e-01,7.12939246e-01,6.91393810e-02,2.76557524e-01,1.90729426e-04,2.28875311e-03,2.12640151e-06,2.76432196e-05,1.72241270e-07,2.23913651e-06,5.70668475e-05,7.98935865e-04,1.54534541e-09,2.31801811e-08,1.82015881e-11,2.54822233e-10,4.14804919e-08,6.22207378e-07,3.62070168e-04,5.79312268e-03,1.36976494e-07,2.32860040e-06,4.00838188e-10,7.21508738e-09,4.12142849e-09,7.00642843e-08,1.86735451e-12,3.36123813e-11,7.17611355e-05,1.43522271e-03
9.33092744e-06,1.99993779e-01,1.49986004e+04,7.91480435e-04,7.12939231e-01,7.12939231e-01,6.91393820e-02,2.76557528e-01,1.90718864e-04,2.28862637e-03,2.12601167e-06,2.76381518e-05,1.83532685e-07,2.38592490e-06,5.70645816e-05,7.98904142e-04,9.68040536e-10,1.45206080e-08,2.06663651e-11,2.89329111e-10,4.41974757e-08,6.62962135e-07,3.62069910e-04,5.79311857e-03,1.36915134e-07,2.32755728e-06,2.45180667e-10,4.41325201e-09,4.39148766e-09,7.46552902e-08,1.98858875e-12,3.57945975e-11,7.17611355e-05,1.43522271e-03
9.94245730e-06,1.99993372e-01,1.49985087e+04,8.35555543e-04,7.12939215e-01,7.12939215e-01,6.91393827e-02,2.76557531e-01,1.90707312e-04,2.28848774e-03,2.12559638e-06,2.76327529e-05,1.95562988e-07,2.54231885e-06,5.70621673e-05,7.98870342e-04,5.86315997e-10,8.79473995e-09,2.34647750e-11,3.28506850e-10,4.70923137e-08,7.06384706e-07,3.62069636e-04,5.79311418e-03,1.36849785e-07,2.32644635e-06,1.45216693e-10,2.61390048e-09,4.67923909e-09,7.95470645e-08,2.11761381e-12,3.81170485e-11,7.17611355e-05,1.43522271e-03
1.05940656e-05,1.99992937e-01,1.49984110e+04,8.85376642e-04,7.12939198e-01,7.12939198e-01,6.91393831e-02,2.76557533e-01,1.90694797e-04,2.28833756e-03,2.12515397e-06,2.76270016e-05,2.08380437e-07,2.70894568e-06,5.70595948e-05,7.98834327e-04,3.42622389e-10,5.13933584e-09,2.66419519e-11,3.72987327e-10,5.01766336e-08,7.52649505e-07,3.62069344e-04,5.79310950e-03,1.36780189e-07,2.32526321e-06,8.31082213e-11,1.49594798e-09,4.98584136e-09,8.47593031e-08,2.25491952e-12,4.05885513e-11,7.17611355e-05,1.43522271e-03
1.12883789e-05,1.99992475e-01,1.49983068e+04,9.40387106e-04,7.12939180e-01,7.12939180e-01,6.91393835e-02,2.76557534e-01,1.90681324e-04,2.28817589e-03,2.12468267e-06,2.76208748e-05,2.22036431e-07,2.88647360e-06,5.70568539e-05,7.98795954e-04,1.92736905e-10,2.89105357e-09,3.02491318e-11,4.23487845e-10,5.34628212e-08,8.01942318e-07,3.62069032e-04,5.79310452e-03,1.36706073e-07,2.32400324e-06,4.58556154e-11,8.25401078e-10,5.31252886e-09,9.03129906e-08,2.40102504e-12,4.32184507e-11,7.17611355e-05,1.43522271e-03
1.20281961e-05,1.99991981e-01,1.49981959e+04,1.00024929e-03,7.12939161e-01,7.12939161e-01,6.91393838e-02,2.76557535e-01,1.90666881e-04,2.28800257e-03,2.12418062e-06,2.76143480e-05,2.36585718e-07,3.07561434e-06,5.70539335e-05,7.98755069e-04,1.04121106e-10,1.56181659e-09,3.43444766e-11,4.80822673e-10,5.69640696e-08,8.54461044e-07,3.62068700e-04,5.79309921e-03,1.36627146e-07,2.32266148e-06,2.43344908e-11,4.38020835e-10,5.66061675e-09,9.62304847e-08,2.55648042e-12,4.60166475e-11,7.17611355e-05,1.43522271e-03
1.28164995e-05,1.99991456e-01,1.49980776e+04,1.06480974e-03,7.12939141e-01,7.12939141e-01,6.91393840e-02,2.76557536e-01,1.90651437e-04,2.28781724e-03,2.12364581e-06,2.76073955e-05,2.52086608e-07,3.27712591e-06,5.70508218e-05,7.98711505e-04,5.38807374e-11,8.08211062e-10,3.89940096e-11,5.45916135e-10,6.06944316e-08,9.10416475e-07,3.62068347e-04,5.79309354e-03,1.36543098e-07,2.32123267e-06,1.23886861e-11,2.22996349e-10,6.03150619e-09,1.02535605e-07,2.72186819e-12,4.89936275e-11,7.17611355e-05,1.43522271e-03
1.36564666e-05,1.99990896e-01,1.49979517e+04,1.13406292e-03,7.12939119e-01,7.12939119e-01,6.91393842e-02,2.76557537e-01,1.90634951e-04,2.28761941e-03,2.12307611e-06,2.75999894e-05,2.68601203e-07,3.49181563e-06,5.70475064e-05,7.98665089e-04,2.66365476e-11,3.99548214e-10,4.42726770e-11,6.19817479e-10,6.46688755e-08,9.70033132e-07,3.62067969e-04,5.79308751e-03,1.36453603e-07,2.31971125e-06,6.03421861e-12,1.08615935e-10,6.42669002e-09,1.09253730e-07,2.89780505e-12,5.21604908e-11,7.17611355e-05,1.43522271e-03
1.45514834e-05,1.99990299e-01,1.49978174e+04,1.20811757e-03,7.12939097e-01,7.12939097e-01,6.91393844e-02,2.76557538e-01,1.90617368e-04,2.28740841e-03,2.12246926e-06,2.75921004e-05,2.86195639e-07,3.72054331e-06,5.70439739e-05,7.98615634e-04,1.25438178e-11,1.88157266e-10,5.02655529e-11,7.03717740e-10,6.89033438e-08,1.03355016e-06,3.62067568e-04,5.79308108e-03,1.36358310e-07,2.31809127e-06,2.80383186e-12,5.04689735e-11,6.84775868e-09,1.16411898e-07,3.08494351e-12,5.55289831e-11,7.17611356e-05,1.43522271e-03
1.55051578e-05,1.99989663e-01,1.49976744e+04,1.28716836e-03,7.12939072e-01,7.12939072e-01,6.91393846e-02,2.76557538e-01,1.90598625e-04,2.28718350e-03,2.12182285e-06,2.75836970e-05,3.04940350e-07,3.96422455e-06,5.70402101e-05,7.98562941e-04,5.61013347e-12,8.41520020e-11,5.70692059e-11,7.98968883e-10,7.34148170e-08,1.10122225e-06,3.62067139e-04,5.79307423e-03,1.36256848e-07,2.31636642e-06,1.23901934e-12,2.23023481e-11,7.29640663e-09,1.24038913e-07,3.28397372e-12,5.91115270e-11,7.17611356e-05,1.43522271e-03
1.65213341e-05,1.99988986e-01,1.49975220e+04,1.37147402e-03,7.12939047e-01,7.12939047e-01,6.91393848e-02,2.76557539e-01,1.90578651e-04,2.28694381e-03,2.12113432e-06,2.75747461e-05,3.24910339e-07,4.22383440e-06,5.70361998e-05,7.98506798e-04,2.37531405e-12,3.56297108e-11,6.47932512e-11,9.07105516e-10,7.82213798e-08,1.17332070e-06,3.62066683e-04,5.79306692e-03,1.36148825e-07,2.31453002e-06,5.19005316e-13,9.34209568e-12,7.77443908e-09,1.32165464e-07,3.49562521e-12,6.29212537e-11,7.17611356e-05,1.43522271e-03
1.76041084e-05,1.99988264e-01,1.49973596e+04,1.46134172e-03,7.12939019e-01,7.12939019e-01,6.91393850e-02,2.76557540e-01,1.90557369e-04,2.28668842e-03,2.12040093e-06,2.75652121e-05,3.46185473e-07,4.50041115e-06,5.70319271e-05,7.98446979e-04,9.48924501e-13,1.42338675e-11,7.35621103e-11,1.02986954e-09,8.33422931e-08,1.25013440e-06,3.62066196e-04,5.79305914e-03,1.36033821e-07,2.31257495e-06,2.05358262e-13,3.69644872e-12,8.28377929e-09,1.40824248e-07,3.72066869e-12,6.69720364e-11,7.17611356e-05,1.43522271e-03
1.87578456e-05,1.99987495e-01,1.49971866e+04,1.55711702e-03,7.12938990e-01,7.12938990e-01,6.91393852e-02,2.76557541e-01,1.90534694e-04,2.28641633e-03,2.11961979e-06,2.75550573e-05,3.68850797e-07,4.79506036e-06,5.70273746e-05,7.98383245e-04,3.56516149e-13,5.34774223e-12,8.35170092e-11,1.16923813e-09,8.87980692e-08,1.33197104e-06,3.62065678e-04,5.79305084e-03,1.35911392e-07,2.31049366e-06,7.64678359e-14,1.37642105e-12,8.82647618e-09,1.50050095e-07,3.95991792e-12,7.12785226e-11,7.17611356e-05,1.43522271e-03
1.99871964e-05,1.99986676e-01,1.49970022e+04,1.65917806e-03,7.12938958e-01,7.12938958e-01,6.91393854e-02,2.76557542e-01,1.90510537e-04,2.28612644e-03,2.11878781e-06,2.75442416e-05,3.92996860e-07,5.10895918e-06,5.70225242e-05,7.98315339e-04,1.25636393e-13,1.88454589e-12,9.48182441e-11,1.32745542e-09,9.46105526e-08,1.41915829e-06,3.62065125e-04,5.79304200e-03,1.35781067e-07,2.30827814e-06,2.66897996e-14,4.80416392e-13,9.40471257e-09,1.59880114e-07,4.21423154e-12,7.58561677e-11,7.17611356e-05,1.43522271e-03
2.12971163e-05,1.99985802e-01,1.49968058e+04,1.76793285e-03,7.12938925e-01,7.12938925e-01,6.91393857e-02,2.76557543e-01,1.90484801e-04,2.28581761e-03,2.11790171e-06,2.75327222e-05,4.18720073e-07,5.44336095e-06,5.70173563e-05,7.98242988e-04,4.15394038e-14,6.23091057e-13,1.07647754e-10,1.50706855e-09,1.00803006e-07,1.51204509e-06,3.62064536e-04,5.79303258e-03,1.35642345e-07,2.30591987e-06,8.69505878e-15,1.56511058e-13,1.00208139e-08,1.70353836e-07,4.48451488e-12,8.07212678e-11,7.17611356e-05,1.43522271e-03
2.26928856e-05,1.99984872e-01,1.49965965e+04,1.88381860e-03,7.12938890e-01,7.12938890e-01,6.91393859e-02,2.76557544e-01,1.90457384e-04,2.28548860e-03,2.11695798e-06,2.75204537e-05,4.46123078e-07,5.79960001e-06,5.70118502e-05,7.98165903e-04,1.30414848e-14,1.95622272e-13,1.22212036e-10,1.71096850e-09,1.07400201e-07,1.61100302e-06,3.62063908e-04,5.79302253e-03,1.35494696e-07,2.30340983e-06,2.63209189e-15,4.73776540e-14,1.06772575e-08,1.81513377e-07,4.77172180e-12,8.58909924e-11,7.17611356e-05,1.43522271e-03
2.41801308e-05,1.99983881e-01,1.49963734e+04,2.00730227e-03,7.12938852e-01,7.12938852e-01,6.91393862e-02,2.76557545e-01,1.90428175e-04,2.28513810e-03,2.11595291e-06,2.75073879e-05,4.75315146e-07,6.17909690e-06,5.70059838e-05,7.98083773e-04,4.11105943e-15,6.16658915e-14,1.38745459e-10,1.94243642e-09,1.14428515e-07,1.71642772e-06,3.62063239e-04,5.79301182e-03,1.35337556e-07,2.30073845e-06,7.36789745e-16,1.32622154e-14,1.13766825e-08,1.93403602e-07,5.07685647e-12,9.13834164e-11,7.17611356e-05,1.43522271e-03
2.57648471e-05,1.99982824e-01,1.49961358e+04,2.13888190e-03,7.12938812e-01,7.12938812e-01,6.91393865e-02,2.76557546e-01,1.90397059e-04,2.28476471e-03,2.11488256e-06,2.74934733e-05,5.06412602e-07,6.58336383e-06,5.69997335e-05,7.97996269e-04,1.55180011e-15,2.32770016e-14,1.57514013e-10,2.20519619e-09,1.21916033e-07,1.82874050e-06,3.62062526e-04,5.79300041e-03,1.35170329e-07,2.29789558e-06,1.89747870e-16,3.41546167e-15,1.21219002e-08,2.06072304e-07,5.40097507e-12,9.72175513e-11,7.17611356e-05,1.43522271e-03
2.74534223e-05,1.99981699e-01,1.49958826e+04,2.27908839e-03,7.12938769e-01,7.12938769e-01,6.91393868e-02,2.76557547e-01,1.90363911e-04,2.28436693e-03,2.11374272e-06,2.74786554e-05,5.39539267e-07,7.01401047e-06,5.69930743e-05,7.97903041e-04,9.03754769e-16,1.35563215e-14,1.78819576e-10,2.50347407e-09,1.29892661e-07,1.94838991e-06,3.62061765e-04,5.79298825e-03,1.34992380e-07,2.29487047e-06,4.47131381e-17,8.04836486e-16,1.29159057e-08,2.19570397e-07,5.74518743e-12,1.03413374e-10,7.17611356e-05,1.43522271e-03
2.92526634e-05,1.99980499e-01,1.49956127e+04,2.42848756e-03,7.12938723e-01,7.12938723e-01,6.91393872e-02,2.76557549e-01,1.90328599e-04,2.28394319e-03,2.11252894e-06,2.74628762e-05,5.74826936e-07,7.47275016e-06,5.69859795e-05,7.97803713e-04,7.82487089e-16,1.17373063e-14,2.03004737e-10,2.84206632e-09,1.38390235e-07,2.07585352e-06,3.62060955e-04,5.79297528e-03,1.34803041e-07,2.29165170e-06,9.58542888e-18,1.72537720e-16,1.37618893e-08,2.33952118e-07,6.11065853e-12,1.09991854e-10,7.17611356e-05,1.43522271e-03
3.11698230e-05,1.99979221e-01,1.49953253e+04,2.58768238e-03,7.12938674e-01,7.12938674e-01,6.91393875e-02,2.76557550e-01,1.90290983e-04,2.28349179e-03,2.11123645e-06,2.74460738e-05,6.12415879e-07,7.96140642e-06,5.69784207e-05,7.97697889e-04,7.95318172e-16,1.19297726e-14,2.30458283e-10,3.22641596e-09,1.47442651e-07,2.21163976e-06,3.62060091e-04,5.79296146e-03,1.34601600e-07,2.28822720e-06,1.85830983e-18,3.34495769e-17,1.46632495e-08,2.49275241e-07,6.49860985e-12,1.16974977e-10,7.17611356e-05,1.43522271e-03
3.32126293e-05,1.99977859e-01,1.49950189e+04,2.75731539e-03,7.12938622e-01,7.12938622e-01,6.91393879e-02,2.76557552e-01,1.90250912e-04,2.28301094e-03,2.10986022e-06,2.74281829e-05,6.52455377e-07,8.48191990e-06,5.69703674e-05,7.97585144e-04,8.41105631e-16,1.26165845e-14,2.61621408e-10,3.66269972e-09,1.57085991e-07,2.35628987e-06,3.62059170e-04,5.79294673e-03,1.34387305e-07,2.28458419e-06,3.24150466e-19,5.83470839e-18,1.56236064e-08,2.65601309e-07,6.91032057e-12,1.24385770e-10,7.17611356e-05,1.43522271e-03
3.53893170e-05,1.99976409e-01,1.49946925e+04,2.93807134e-03,7.12938567e-01,7.12938567e-01,6.91393883e-02,2.76557553e-01,1.90208228e-04,2.28249873e-03,2.10839490e-06,2.74091337e-05,6.95104287e-07,9.03635573e-06,5.69617876e-05,7.97465026e-04,8.96430457e-16,1.34464569e-14,2.96994769e-10,4.15792676e-09,1.67358668e-07,2.51038001e-06,3.62058189e-04,5.79293102e-03,1.34159361e-07,2.28070913e-06,5.10708758e-20,9.19275764e-19,1.66468162e-08,2.82995876e-07,7.34712847e-12,1.32248313e-10,7.17611356e-05,1.43522271e-03
3.77086603e-05,1.99974862e-01,1.49943448e+04,3.13067995e-03,7.12938508e-01,7.12938508e-01,6.91393887e-02,2.76557555e-01,1.90162760e-04,2.28195312e-03,2.10683478e-06,2.73888522e-05,7.40531643e-07,9.62691136e-06,5.69526468e-05,7.97337055e-04,9.56568216e-16,1.43485232e-14,3.37146469e-10,4.72005057e-09,1.78301564e-07,2.67452346e-06,3.62057142e-04,5.79291428e-03,1.33916925e-07,2.27658772e-06,7.83300631e-21,1.40994114e-19,1.77369865e-08,3.01528770e-07,7.81043059e-12,1.40587751e-10,7.17611356e-05,1.43522271e-03
4.01800086e-05,1.99973215e-01,1.49939742e+04,3.33591882e-03,7.12938446e-01,7.12938446e-01,6.91393892e-02,2.76557557e-01,1.90114329e-04,2.28137195e-03,2.10517383e-06,2.73672598e-05,7.88917288e-07,1.02559247e-05,5.69429084e-05,7.97200718e-04,1.02083486e-15,1.53125230e-14,3.82721131e-10,5.35809583e-09,1.89958196e-07,2.84937294e-06,3.62056027e-04,5.79289643e-03,1.33659107e-07,2.27220482e-06,1.82867953e-21,3.29162315e-20,1.88984922e-08,3.21274367e-07,8.30168350e-12,1.49430303e-10,7.17611356e-05,1.43522271e-03
4.28133240e-05,1.99971460e-01,1.49935794e+04,3.55461666e-03,7.12938379e-01,7.12938379e-01,6.91393897e-02,2.76557559e-01,1.90062742e-04,2.28075290e-03,2.10340563e-06,2.73442732e-05,8.40452549e-07,1.09258831e-05,5.69325336e-05,7.97055470e-04,1.08933486e-15,1.63400230e-14,4.34450164e-10,6.08230230e-09,2.02374876e-07,3.03562314e-06,3.62054838e-04,5.79287740e-03,1.33384967e-07,2.26754444e-06,1.14818381e-21,2.06673085e-20,2.01359935e-08,3.42311889e-07,8.82240323e-12,1.58803258e-10,7.17611356e-05,1.43522271e-03
4.56192215e-05,1.99969589e-01,1.49931587e+04,3.78765660e-03,7.12938308e-01,7.12938308e-01,6.91393902e-02,2.76557561e-01,1.90007795e-04,2.28009354e-03,2.10152336e-06,2.73198036e-05,8.95340950e-07,1.16394323e-05,5.69214807e-05,7.96900730e-04,1.16232072e-15,1.74348108e-14,4.93163421e-10,6.90428789e-09,2.15600889e-07,3.23401333e-06,3.62053570e-04,5.79285712e-03,1.33093511e-07,2.26258969e-06,1.13689579e-21,2.04641242e-20,2.14544536e-08,3.64725712e-07,9.37416464e-12,1.68734964e-10,7.17611357e-05,1.43522271e-03
4.86090118e-05,1.99967597e-01,1.49927104e+04,4.03597976e-03,7.12938232e-01,7.12938232e-01,6.91393907e-02,2.76557563e-01,1.89949270e-04,2.27939124e-03,2.09951978e-06,2.72937572e-05,9.53798962e-07,1.23993865e-05,5.69097057e-05,7.96735880e-04,1.24008242e-15,1.86012363e-14,5.59802399e-10,7.83723358e-09,2.29688679e-07,3.44533018e-06,3.62052218e-04,5.79283549e-03,1.32783691e-07,2.25732274e-06,1.20187324e-21,2.16337184e-20,2.28591591e-08,3.88605704e-07,9.95860022e-12,1.79254804e-10,7.17611357e-05,1.43522271e-03
5.17947468e-05,1.99965473e-01,1.49922328e+04,4.30058913e-03,7.12938151e-01,7.12938151e-01,6.91393913e-02,2.76557565e-01,1.89886937e-04,2.27864324e-03,2.09738723e-06,2.72660340e-05,1.01605680e-06,1.32087384e-05,5.68971616e-05,7.96560262e-04,1.32293156e-15,1.98439734e-14,6.35435210e-10,8.89609294e-09,2.44694046e-07,3.67041069e-06,3.62050777e-04,5.79281244e-03,1.32454400e-07,2.25172480e-06,1.27792387e-21,2.30026296e-20,2.43557399e-08,4.14047579e-07,1.05773983e-11,1.90393169e-10,7.17611357e-05,1.43522271e-03
5.51892683e-05,1.99963211e-01,1.49917239e+04,4.58255357e-03,7.12938065e-01,7.12938065e-01,6.91393919e-02,2.76557568e-01,1.89820548e-04,2.27784658e-03,2.09511757e-06,2.72365284e-05,1.08235927e-06,1.40706706e-05,5.68837982e-05,7.96373175e-04,1.41120033e-15,2.11680049e-14,7.21273548e-10,1.00978297e-08,2.60676356e-07,3.91014535e-06,3.62049241e-04,5.79278786e-03,1.32104473e-07,2.24577604e-06,1.35909253e-21,2.44636655e-20,2.59501924e-08,4.41153271e-07,1.12323003e-11,2.02181405e-10,7.17611357e-05,1.43522271e-03
5.88062599e-05,1.99960800e-01,1.49911817e+04,4.88301221e-03,7.12937974e-01,7.12937974e-01,6.91393926e-02,2.76557570e-01,1.89749844e-04,2.27699812e-03,2.09270216e-06,2.72051281e-05,1.15296666e-06,1.49885666e-05,5.68695623e-05,7.96173873e-04,1.50524254e-15,2.25786380e-14,8.18691909e-10,1.14616867e-08,2.77698763e-07,4.16548145e-06,3.62047603e-04,5.79276165e-03,1.31732682e-07,2.23945560e-06,1.44491554e-21,2.60084796e-20,2.76489022e-08,4.70031337e-07,1.19250974e-11,2.14651754e-10,7.17611357e-05,1.43522271e-03
6.26603016e-05,1.99958231e-01,1.49906039e+04,5.20317902e-03,7.12937876e-01,7.12937876e-01,6.91393933e-02,2.76557573e-01,1.89674544e-04,2.27609453e-03,2.09013185e-06,2.71717141e-05,1.22815565e-06,1.59660234e-05,5.68543972e-05,7.95961560e-04,1.60543501e-15,2.40815252e-14,9.29249378e-10,1.30094913e-08,2.95828440e-07,4.43742660e-06,3.62045857e-04,5.79273371e-03,1.31337736e-07,2.23274151e-06,1.53577586e-21,2.76439656e-20,2.94586697e-08,5.00797385e-07,1.26576260e-11,2.27837269e-10,7.17611357e-05,1.43522271e-03
6.67669294e-05,1.99955494e-01,1.49899883e+04,5.54434782e-03,7.12937773e-01,7.12937773e-01,6.91393940e-02,2.76557576e-01,1.89594354e-04,2.27513225e-03,2.08739695e-06,2.71361604e-05,1.30822034e-06,1.70068644e-05,5.68382424e-05,7.95735393e-04,1.71217908e-15,2.56826862e-14,1.05471431e-09,1.47660003e-08,3.15136831e-07,4.72705246e-06,3.62043995e-04,5.79270392e-03,1.30918276e-07,2.22561070e-06,1.63183553e-21,2.93730395e-20,3.13867366e-08,5.33574522e-07,1.34317618e-11,2.41771713e-10,7.17611357e-05,1.43522271e-03
7.11426971e-05,1.99952577e-01,1.49893324e+04,5.90789743e-03,7.12937662e-01,7.12937662e-01,6.91393948e-02,2.76557579e-01,1.89508959e-04,2.27410750e-03,2.08448719e-06,2.70983335e-05,1.39347327e-06,1.81151525e-05,5.68210336e-05,7.95494471e-04,1.82590211e-15,2.73885316e-14,1.19709227e-09,1.67592918e-08,3.35699909e-07,5.03549863e-06,3.62042010e-04,5.79267215e-03,1.30472876e-07,2.21803889e-06,1.73326322e-21,3.11987380e-20,3.34408142e-08,5.68493841e-07,1.42494129e-11,2.56489433e-10,7.17611357e-05,1.43522271e-03
7.58052437e-05,1.99949470e-01,1.49886335e+04,6.29529739e-03,7.12937544e-01,7.12937544e-01,6.91393956e-02,2.76557583e-01,1.89418024e-04,2.27301628e-03,2.08139168e-06,2.70580919e-05,1.48424654e-06,1.92952050e-05,5.68027026e-05,7.95237836e-04,1.94705922e-15,2.92058884e-14,1.35865772e-09,1.90212081e-08,3.57598456e-07,5.36397684e-06,3.62039893e-04,5.79263828e-03,1.30000039e-07,2.21000066e-06,1.84041560e-21,3.31274807e-20,3.56291135e-08,6.05694930e-07,1.51125115e-11,2.72025208e-10,7.17611357e-05,1.43522271e-03
8.07733640e-05,1.99946158e-01,1.49878889e+04,6.70811385e-03,7.12937419e-01,7.12937419e-01,6.91393965e-02,2.76557586e-01,1.89321194e-04,2.27185433e-03,2.07809893e-06,2.70152860e-05,1.58089292e-06,2.05516080e-05,5.67831764e-05,7.94964469e-04,2.07613507e-15,3.11420260e-14,1.54198986e-09,2.15878580e-08,3.80918353e-07,5.71377530e-06,3.62037635e-04,5.79260217e-03,1.29498195e-07,2.20146932e-06,1.95347859e-21,3.51626146e-20,3.79603774e-08,6.45326415e-07,1.60230034e-11,2.88414060e-10,7.17611357e-05,1.43522271e-03
8.60670847e-05,1.99942630e-01,1.49870955e+04,7.14801600e-03,7.12937285e-01,7.12937285e-01,6.91393975e-02,2.76557590e-01,1.89218092e-04,2.27061710e-03,2.07459674e-06,2.69697576e-05,1.68378713e-06,2.18892327e-05,5.67623775e-05,7.94673286e-04,2.21364570e-15,3.32046855e-14,1.75001319e-09,2.45001847e-08,4.05750890e-07,6.08626334e-06,3.62035229e-04,5.79256366e-03,1.28965704e-07,2.19241697e-06,2.07269099e-21,3.73084378e-20,4.04439142e-08,6.87546542e-07,1.69828358e-11,3.05691045e-10,7.17611358e-05,1.43522272e-03
9.17077451e-05,1.99938871e-01,1.49862501e+04,7.61678282e-03,7.12937143e-01,7.12937143e-01,6.91393984e-02,2.76557594e-01,1.89108316e-04,2.26929979e-03,2.07087224e-06,2.69213391e-05,1.79332705e-06,2.33132517e-05,5.67402237e-05,7.94363132e-04,2.36014061e-15,3.54021092e-14,1.98604353e-09,2.78046094e-08,4.32193086e-07,6.48289629e-06,3.62032662e-04,5.79252259e-03,1.28400848e-07,2.18281442e-06,2.19833782e-21,3.95700808e-20,4.30896344e-08,7.32523785e-07,1.79939438e-11,3.23890988e-10,7.17611358e-05,1.43522272e-03
9.77180827e-05,1.99934865e-01,1.49853494e+04,8.11631036e-03,7.12936992e-01,7.12936992e-01,6.91393995e-02,2.76557598e-01,1.88991440e-04,2.26789728e-03,2.06691182e-06,2.68698536e-05,1.90993512e-06,2.48291566e-05,5.67166271e-05,7.94032779e-04,2.51620486e-15,3.77430729e-14,2.25383997e-09,3.15537595e-08,4.60348039e-07,6.90522058e-06,3.62029925e-04,5.79247880e-03,1.27801835e-07,2.17263120e-06,2.33064515e-21,4.19516126e-20,4.59080883e-08,7.80437502e-07,1.90582330e-11,3.43048194e-10,7.17611358e-05,1.43522272e-03
1.04122326e-04,1.99930597e-01,1.49843898e+04,8.64861943e-03,7.12936831e-01,7.12936831e-01,6.91394006e-02,2.76557602e-01,1.88867012e-04,2.26640414e-03,2.06270110e-06,2.68151143e-05,2.03405968e-06,2.64427759e-05,5.66914945e-05,7.93680923e-04,2.68246135e-15,4.02369202e-14,2.55766373e-09,3.58072922e-08,4.90325279e-07,7.35487918e-06,3.62027007e-04,5.79243211e-03,1.27166798e-07,2.16183557e-06,2.46984403e-21,4.44571925e-20,4.89105072e-08,8.31478623e-07,2.01775611e-11,3.63196100e-10,7.17611358e-05,1.43522272e-03
1.10946289e-04,1.99926049e-01,1.49833673e+04,9.21586386e-03,7.12936659e-01,7.12936659e-01,6.91394018e-02,2.76557607e-01,1.88734550e-04,2.26481460e-03,2.05822491e-06,2.67569238e-05,2.16617650e-06,2.81602944e-05,5.66647266e-05,7.93306173e-04,2.85957323e-15,4.28935984e-14,2.90234475e-09,4.06328265e-08,5.22241151e-07,7.83361727e-06,3.62023894e-04,5.79238231e-03,1.26493793e-07,2.15039448e-06,2.61618549e-21,4.70913388e-20,5.21088463e-08,8.85850388e-07,2.13537154e-11,3.84366878e-10,7.17611358e-05,1.43522272e-03
1.18217482e-04,1.99921204e-01,1.49822779e+04,9.82033923e-03,7.12936477e-01,7.12936477e-01,6.91394030e-02,2.76557612e-01,1.88593545e-04,2.26312254e-03,2.05346724e-06,2.66950741e-05,2.30679024e-06,2.99882731e-05,5.66362180e-05,7.92907052e-04,3.04824646e-15,4.57236969e-14,3.29335698e-09,4.61069977e-08,5.56219212e-07,8.34328819e-06,3.62020576e-04,5.79232921e-03,1.25780802e-07,2.13827364e-06,2.76989443e-21,4.98580997e-20,5.55158308e-08,9.43769123e-07,2.25883883e-11,4.06590990e-10,7.17611358e-05,1.43522272e-03
1.25965213e-04,1.99916041e-01,1.49811171e+04,1.04644923e-02,7.12936282e-01,7.12936282e-01,6.91394043e-02,2.76557617e-01,1.88443456e-04,2.26132147e-03,2.04841120e-06,2.66293456e-05,2.45643613e-06,3.19336697e-05,5.66058564e-05,7.92481990e-04,3.24923256e-15,4.87384884e-14,3.73690349e-09,5.23166489e-08,5.92390649e-07,8.88585973e-06,3.62017037e-04,5.79227258e-03,1.25025733e-07,2.12543747e-06,2.93116346e-21,5.27609422e-20,5.91450041e-08,1.00546507e-06,2.38831485e-11,4.29896673e-10,7.17611358e-05,1.43522272e-03
1.34220715e-04,1.99910540e-01,1.49798804e+04,1.11509308e-02,7.12936075e-01,7.12936075e-01,6.91394057e-02,2.76557623e-01,1.88283707e-04,2.25940449e-03,2.04303902e-06,2.65595073e-05,2.61568158e-06,3.40038606e-05,5.65735225e-05,7.92029314e-04,3.46333144e-15,5.19499716e-14,4.24001276e-09,5.93601786e-08,6.30894713e-07,9.46342069e-06,3.62013263e-04,5.79221220e-03,1.24226424e-07,2.11184921e-06,3.10018691e-21,5.58033644e-20,6.30107798e-08,1.07118326e-06,2.52394090e-11,4.54309361e-10,7.17611359e-05,1.43522272e-03
1.43017266e-04,1.99904678e-01,1.49785627e+04,1.18824345e-02,7.12935855e-01,7.12935855e-01,6.91394072e-02,2.76557629e-01,1.88113690e-04,2.25736428e-03,2.03733199e-06,2.64853159e-05,2.78512792e-06,3.62066629e-05,5.65390894e-05,7.91547251e-04,3.69139453e-15,5.53709179e-14,4.81064738e-09,6.73490633e-08,6.71879183e-07,1.00781877e-05,3.62009238e-04,5.79214781e-03,1.23380642e-07,2.09747091e-06,3.27714442e-21,5.89885995e-20,6.71284960e-08,1.14118443e-06,2.66583912e-11,4.79851042e-10,7.17611359e-05,1.43522272e-03
1.52390324e-04,1.99898432e-01,1.49771589e+04,1.26619658e-02,7.12935621e-01,7.12935621e-01,6.91394088e-02,2.76557635e-01,1.87932759e-04,2.25519311e-03,2.03127042e-06,2.64065155e-05,2.96541219e-06,3.85503585e-05,5.65024224e-05,7.91033913e-04,3.93432796e-15,5.90149193e-14,5.45782697e-09,7.64095776e-08,7.15500841e-07,1.07325126e-05,3.62004946e-04,5.79207914e-03,1.22486092e-07,2.08226356e-06,3.46217001e-21,6.23190601e-20,7.15144735e-08,1.21574605e-06,2.81410852e-11,5.06539533e-10,7.17611359e-05,1.43522272e-03
1.62377674e-04,1.99891778e-01,1.49756631e+04,1.34926825e-02,7.12935371e-01,7.12935371e-01,6.91394104e-02,2.76557642e-01,1.87740228e-04,2.25288274e-03,2.02483364e-06,2.63228374e-05,3.15720902e-06,4.10437173e-05,5.64633781e-05,7.90487294e-04,4.19309606e-15,6.28964410e-14,6.19176692e-09,8.66847369e-08,7.61925973e-07,1.14288896e-05,3.62000370e-04,5.79200592e-03,1.21540420e-07,2.06618713e-06,3.65537355e-21,6.57967238e-20,7.61860769e-08,1.29516331e-06,2.96882044e-11,5.34387680e-10,7.17611359e-05,1.43522272e-03
1.73019574e-04,1.99884687e-01,1.49740695e+04,1.43779503e-02,7.12935105e-01,7.12935105e-01,6.91394122e-02,2.76557649e-01,1.87535372e-04,2.25042447e-03,2.01799995e-06,2.62339994e-05,3.36123252e-06,4.36960228e-05,5.64218045e-05,7.89905263e-04,4.46872502e-15,6.70308752e-14,7.02403501e-09,9.83364902e-08,8.11330889e-07,1.21699633e-05,3.61995490e-04,5.79192784e-03,1.20541217e-07,2.04920069e-06,3.85683247e-21,6.94229844e-20,8.11617795e-08,1.37975025e-06,3.13001374e-11,5.63402474e-10,7.17611359e-05,1.43522272e-03
1.84358922e-04,1.99877132e-01,1.49723716e+04,1.53213567e-02,7.12934823e-01,7.12934823e-01,6.91394140e-02,2.76557656e-01,1.87317423e-04,2.24780908e-03,2.01074660e-06,2.61397057e-05,3.57823826e-06,4.65170974e-05,5.63775398e-05,7.89285557e-04,4.76230669e-15,7.14346003e-14,7.96772827e-09,1.11548196e-07,8.63902466e-07,1.29585370e-05,3.61990286e-04,5.79184458e-03,1.19486034e-07,2.03126258e-06,4.06657088e-21,7.31982759e-20,8.64612325e-08,1.46984095e-06,3.29768936e-11,5.93584086e-10,7.17611359e-05,1.43522272e-03
1.96441428e-04,1.99869082e-01,1.49705627e+04,1.63267251e-02,7.12934522e-01,7.12934522e-01,6.91394160e-02,2.76557664e-01,1.87085566e-04,2.24502679e-03,2.00304975e-06,2.60396467e-05,3.80902529e-06,4.95173288e-05,5.63304123e-05,7.88625772e-04,5.07500277e-15,7.61250415e-14,9.03767231e-09,1.26527412e-07,9.19838708e-07,1.37975806e-05,3.61984738e-04,5.79175580e-03,1.18372383e-07,2.01233051e-06,4.28456527e-21,7.71221748e-20,9.21053372e-08,1.56579073e-06,3.47180450e-11,6.24924810e-10,7.17611360e-05,1.43522272e-03
2.09315797e-04,1.99860505e-01,1.49686355e+04,1.73981312e-02,7.12934203e-01,7.12934203e-01,6.91394180e-02,2.76557672e-01,1.86838940e-04,2.24206728e-03,1.99488449e-06,2.59334984e-05,4.05443820e-06,5.27076966e-05,5.62802398e-05,7.87923357e-04,5.40804910e-15,8.11207365e-14,1.02506463e-08,1.43509048e-07,9.79349330e-07,1.46902400e-05,3.61978822e-04,5.79166115e-03,1.17197754e-07,1.99236182e-06,4.51073289e-21,8.11931920e-20,9.81163221e-08,1.66797747e-06,3.65226625e-11,6.57407926e-10,7.17611360e-05,1.43522272e-03
2.23033925e-04,1.99851366e-01,1.49665822e+04,1.85399186e-02,7.12933862e-01,7.12933862e-01,6.91394202e-02,2.76557681e-01,1.86576634e-04,2.23891961e-03,1.98622480e-06,2.58209224e-05,4.31536921e-06,5.60997998e-05,5.62268287e-05,7.87175602e-04,5.76276030e-15,8.64414045e-14,1.16256362e-08,1.62758906e-07,1.04265636e-06,1.56398454e-05,3.61972514e-04,5.79156022e-03,1.15959629e-07,1.97131369e-06,4.74492118e-21,8.54085812e-20,1.04517824e-07,1.77680301e-06,3.83892485e-11,6.91006473e-10,7.17611360e-05,1.43522272e-03
2.37651111e-04,1.99841629e-01,1.49643947e+04,1.97567170e-02,7.12933500e-01,7.12933500e-01,6.91394224e-02,2.76557690e-01,1.86297685e-04,2.23557221e-03,1.97704353e-06,2.57015659e-05,4.59276032e-06,5.97058842e-05,5.61699738e-05,7.86379633e-04,6.14053460e-15,9.21080190e-14,1.31841204e-08,1.84577686e-07,1.10999474e-06,1.66499212e-05,3.61965789e-04,5.79145263e-03,1.14655492e-07,1.94914336e-06,4.98690264e-21,8.97642476e-20,1.11334975e-07,1.89269458e-06,4.03156638e-11,7.25681948e-10,7.17611360e-05,1.43522272e-03
2.53226278e-04,1.99831254e-01,1.49620641e+04,2.10534608e-02,7.12933116e-01,7.12933116e-01,6.91394249e-02,2.76557699e-01,1.86001073e-04,2.23201288e-03,1.96731245e-06,2.55750618e-05,4.88760542e-06,6.35388704e-05,5.61094573e-05,7.85532402e-04,6.54285903e-15,9.81428854e-14,1.49503913e-08,2.09305479e-07,1.18161301e-06,1.77241951e-05,3.61958620e-04,5.79133792e-03,1.13282853e-07,1.92580850e-06,5.23636283e-21,9.42545310e-20,1.18594491e-07,2.01610635e-06,4.22990517e-11,7.61382930e-10,7.17611360e-05,1.43522272e-03
2.69822209e-04,1.99820199e-01,1.49595812e+04,2.24354088e-02,7.12932706e-01,7.12932706e-01,6.91394274e-02,2.76557710e-01,1.85685725e-04,2.22822870e-03,1.95700217e-06,2.54410282e-05,5.20095243e-06,6.76123815e-05,5.60450482e-05,7.84630675e-04,6.97131483e-15,1.04569722e-13,1.69519166e-08,2.37326832e-07,1.25777388e-06,1.88666083e-05,3.61950978e-04,5.79121565e-03,1.11839265e-07,1.90126750e-06,5.49289140e-21,9.88720452e-20,1.26324769e-07,2.14752107e-06,4.43357581e-11,7.98043646e-10,7.17611360e-05,1.43522272e-03
2.87505804e-04,1.99808421e-01,1.49569361e+04,2.39081656e-02,7.12932271e-01,7.12932271e-01,6.91394300e-02,2.76557720e-01,1.85350504e-04,2.22420605e-03,1.94608226e-06,2.52990694e-05,5.53390542e-06,7.19407705e-05,5.59765019e-05,7.83671026e-04,7.42758324e-15,1.11413749e-13,1.92197461e-08,2.69076445e-07,1.33875498e-06,2.00813247e-05,3.61942832e-04,5.79108531e-03,1.10322349e-07,1.87547993e-06,5.75597173e-21,1.03607491e-19,1.34555986e-07,2.28745176e-06,4.64212493e-11,8.35582487e-10,7.17611360e-05,1.43522272e-03
3.06348345e-04,1.99795872e-01,1.49541181e+04,2.54777039e-02,7.12931809e-01,7.12931809e-01,6.91394329e-02,2.76557731e-01,1.84994213e-04,2.21993056e-03,1.93452119e-06,2.51487755e-05,5.88762672e-06,7.65391473e-05,5.59035589e-05,7.82649824e-04,7.91345158e-15,1.18701774e-13,2.17889689e-08,3.05045565e-07,1.42484944e-06,2.13727417e-05,3.61934150e-04,5.79094639e-03,1.08729819e-07,1.84840692e-06,6.02497024e-21,1.08449464e-19,1.43320208e-07,2.43644354e-06,4.85500280e-11,8.73900504e-10,7.17611361e-05,1.43522272e-03
3.26425788e-04,1.99782501e-01,1.49511160e+04,2.71503883e-02,7.12931317e-01,7.12931317e-01,6.91394358e-02,2.76557743e-01,1.84615591e-04,2.21538709e-03,1.92228643e-06,2.49897236e-05,6.26333887e-06,8.14234053e-05,5.58259446e-05,7.81563224e-04,8.43081966e-15,1.26462295e-13,2.46992269e-08,3.45789177e-07,1.51636666e-06,2.27454998e-05,3.61924897e-04,5.79079834e-03,1.07059511e-07,1.82001169e-06,6.29912598e-21,1.13384268e-19,1.52651499e-07,2.59507548e-06,5.07155500e-11,9.12879901e-10,7.17611361e-05,1.43522272e-03
3.47819065e-04,1.99768255e-01,1.49479178e+04,2.89330006e-02,7.12930794e-01,7.12930794e-01,6.91394389e-02,2.76557756e-01,1.84213307e-04,2.21055969e-03,1.90934445e-06,2.48214779e-05,6.66232663e-06,8.66102461e-05,5.57433683e-05,7.80407156e-04,8.98170656e-15,1.34725598e-13,2.79952903e-08,3.91934064e-07,1.61363289e-06,2.42044933e-05,3.61915036e-04,5.79064058e-03,1.05309417e-07,1.79026009e-06,6.57753996e-21,1.18395719e-19,1.62586039e-07,2.76396266e-06,5.29101422e-11,9.52382560e-10,7.17611361e-05,1.43522272e-03
3.70614414e-04,1.99753076e-01,1.49445107e+04,3.08327667e-02,7.12930239e-01,7.12930239e-01,6.91394422e-02,2.76557769e-01,1.83785963e-04,2.20543155e-03,1.89566084e-06,2.46435910e-05,7.08593871e-06,9.21172033e-05,5.56555223e-05,7.79177312e-04,9.56825779e-15,1.43523867e-13,3.17277036e-08,4.44187851e-07,1.71699197e-06,2.57548796e-05,3.61904530e-04,5.79047248e-03,1.03477718e-07,1.75912121e-06,6.85916512e-21,1.23464972e-19,1.73162247e-07,2.94375821e-06,5.51249244e-11,9.92248639e-10,7.17611361e-05,1.43522272e-03
3.94903723e-04,1.99736904e-01,1.49408812e+04,3.28573844e-02,7.12929649e-01,7.12929649e-01,6.91394456e-02,2.76557782e-01,1.83332086e-04,2.19998503e-03,1.88120037e-06,2.44556048e-05,7.53558952e-06,9.79626637e-05,5.55620814e-05,7.77869140e-04,1.01927528e-14,1.52891292e-13,3.59535095e-08,5.03349134e-07,1.82680600e-06,2.74020900e-05,3.61893337e-04,5.79029339e-03,1.01562826e-07,1.72656804e-06,7.14279680e-21,1.28570342e-19,1.84420912e-07,3.13515551e-06,5.73497381e-11,1.03229529e-09,7.17611361e-05,1.43522272e-03
4.20784904e-04,1.99719673e-01,1.49370149e+04,3.50150540e-02,7.12929022e-01,7.12929022e-01,6.91394492e-02,2.76557797e-01,1.82850132e-04,2.19420158e-03,1.86592710e-06,2.42570523e-05,8.01276053e-06,1.04165887e-04,5.54627020e-05,7.76477827e-04,1.08576131e-14,1.62864196e-13,4.07370584e-08,5.70318817e-07,1.94345591e-06,2.91518386e-05,3.61881413e-04,5.79010260e-03,9.95634238e-08,1.69257820e-06,7.42706429e-21,1.33687157e-19,1.96405325e-07,3.33889053e-06,5.95730846e-11,1.07231552e-09,7.17611361e-05,1.43522272e-03
4.48362284e-04,1.99701315e-01,1.49328962e+04,3.73145091e-02,7.12928356e-01,7.12928356e-01,6.91394530e-02,2.76557812e-01,1.82338477e-04,2.18806172e-03,1.84980451e-06,2.40474586e-05,8.51900159e-06,1.10747021e-04,5.53570210e-05,7.74998294e-04,1.15654102e-14,1.73481152e-13,4.61509138e-08,6.46112793e-07,2.06734215e-06,3.10101322e-05,3.61868712e-04,5.78989939e-03,9.74785113e-08,1.65713469e-06,7.71042383e-21,1.38787629e-19,2.09161424e-07,3.55574421e-06,6.17820762e-11,1.11207737e-09,7.17611361e-05,1.43522272e-03
4.77747029e-04,1.99681755e-01,1.49285089e+04,3.97650498e-02,7.12927649e-01,7.12927649e-01,6.91394569e-02,2.76557828e-01,1.81795421e-04,2.18154505e-03,1.83279566e-06,2.38263436e-05,9.05593177e-06,1.17727113e-04,5.52446557e-05,7.73425179e-04,1.23188748e-14,1.84783123e-13,5.22768641e-08,7.31876097e-07,2.19888526e-06,3.29832789e-05,3.61855186e-04,5.78968298e-03,9.53074543e-08,1.62022672e-06,7.99115344e-21,1.43840762e-19,2.22737940e-07,3.78654498e-06,6.39624039e-11,1.15132327e-09,7.17611361e-05,1.43522272e-03
5.09057590e-04,1.99660916e-01,1.49238354e+04,4.23765779e-02,7.12926899e-01,7.12926899e-01,6.91394611e-02,2.76557844e-01,1.81219182e-04,2.17463019e-03,1.81486338e-06,2.35932239e-05,9.62524002e-06,1.25128120e-04,5.51252021e-05,7.71752830e-04,1.31209062e-14,1.96813593e-13,5.92070506e-08,8.28898709e-07,2.33852640e-06,3.50778960e-05,3.61840783e-04,5.78945253e-03,9.30500350e-08,1.58185060e-06,8.26735020e-21,1.48812304e-19,2.37186550e-07,4.03217136e-06,6.60983273e-11,1.18976989e-09,7.17611361e-05,1.43522272e-03
5.42420181e-04,1.99638713e-01,1.49188572e+04,4.51596327e-02,7.12926102e-01,7.12926102e-01,6.91394654e-02,2.76557862e-01,1.80607899e-04,2.16729479e-03,1.79597046e-06,2.33476160e-05,1.02286852e-05,1.32972908e-04,5.49982351e-05,7.69975291e-04,1.39745814e-14,2.09618720e-13,6.70452250e-08,9.38633150e-07,2.48672782e-06,3.73009173e-05,3.61825448e-04,5.78920716e-03,9.07065062e-08,1.54201061e-06,8.53693059e-21,1.53664751e-19,2.52562043e-07,4.29355473e-06,6.81726901e-11,1.22710842e-09,7.17611361e-05,1.43522272e-03
5.77969288e-04,1.99615058e-01,1.49135547e+04,4.81254293e-02,7.12925257e-01,7.12925257e-01,6.91394700e-02,2.76557880e-01,1.79959625e-04,2.15951550e-03,1.77607992e-06,2.30890389e-05,1.08680961e-05,1.41285249e-04,5.48633071e-05,7.68086299e-04,1.48831658e-14,2.23247487e-13,7.59081481e-08,1.06271407e-06,2.64397330e-06,3.96595995e-05,3.61809123e-04,5.78894596e-03,8.82776461e-08,1.50071998e-06,8.79763432e-21,1.58357418e-19,2.68922480e-07,4.57168217e-06,7.01669668e-11,1.26300540e-09,7.17611362e-05,1.43522272e-03
6.15848211e-04,1.99589856e-01,1.49079066e+04,5.12858973e-02,7.12924361e-01,7.12924361e-01,6.91394747e-02,2.76557899e-01,1.79272333e-04,2.15126799e-03,1.75515526e-06,2.28170183e-05,1.15453698e-05,1.50089807e-04,5.47199476e-05,7.66079266e-04,1.58501240e-14,2.37751860e-13,8.59271448e-08,1.20298003e-06,2.81076845e-06,4.21615267e-05,3.61791746e-04,5.78866794e-03,8.57648146e-08,1.45800185e-06,9.04703263e-21,1.62846587e-19,2.86329373e-07,4.86759935e-06,7.20613460e-11,1.29710423e-09,7.17611362e-05,1.43522272e-03
6.56209641e-04,1.99563005e-01,1.49018908e+04,5.46537223e-02,7.12923410e-01,7.12923410e-01,6.91394797e-02,2.76557919e-01,1.78543909e-04,2.14252690e-03,1.73316081e-06,2.25310905e-05,1.22624710e-05,1.59412123e-04,5.45676626e-05,7.63947277e-04,1.68791307e-14,2.53186960e-13,9.72498282e-08,1.36149760e-06,2.98764093e-06,4.48146139e-05,3.61773254e-04,5.78837206e-03,8.31700100e-08,1.41389017e-06,9.28254134e-21,1.67085744e-19,3.04847860e-07,5.18241362e-06,7.38348563e-11,1.32902741e-09,7.17611362e-05,1.43522272e-03
6.99216276e-04,1.99534399e-01,1.48954834e+04,5.82423865e-02,7.12922402e-01,7.12922402e-01,6.91394849e-02,2.76557940e-01,1.77772159e-04,2.13326590e-03,1.71006207e-06,2.22308069e-05,1.30214291e-05,1.69278578e-04,5.44059343e-05,7.61683080e-04,1.79740829e-14,2.69611243e-13,1.10042010e-07,1.54058814e-06,3.17514054e-06,4.76271082e-05,3.61753577e-04,5.78805723e-03,8.04959243e-08,1.36843071e-06,9.50143966e-21,1.71025914e-19,3.24546891e-07,5.51729715e-06,7.54655381e-11,1.35837969e-09,7.17611362e-05,1.43522272e-03
7.45041477e-04,1.99503922e-01,1.48886591e+04,6.20662121e-02,7.12921334e-01,7.12921334e-01,6.91394903e-02,2.76557961e-01,1.76954805e-04,2.12345766e-03,1.68582611e-06,2.19157395e-05,1.38243352e-05,1.79716358e-04,5.42342201e-05,7.59279081e-04,1.91391120e-14,2.87086680e-13,1.24489813e-07,1.74285738e-06,3.37383920e-06,5.06075880e-05,3.61732643e-04,5.78772228e-03,7.77459965e-08,1.32168194e-06,9.70089519e-21,1.74616113e-19,3.45499420e-07,5.87349013e-06,7.69306683e-11,1.38475203e-09,7.17611362e-05,1.43522272e-03
7.93869969e-04,1.99471453e-01,1.48813909e+04,6.61404032e-02,7.12920202e-01,7.12920202e-01,6.91394959e-02,2.76557984e-01,1.76089490e-04,2.11307388e-03,1.66042203e-06,2.15854864e-05,1.46733379e-05,1.90753393e-04,5.40519531e-05,7.56727343e-04,2.03785970e-14,3.05678955e-13,1.40801998e-07,1.97122797e-06,3.58433065e-06,5.37649598e-05,3.61710374e-04,5.78736598e-03,7.49244620e-08,1.27371585e-06,9.87799571e-21,1.77803923e-19,3.67782595e-07,6.25230411e-06,7.82070406e-11,1.40772673e-09,7.17611362e-05,1.43522272e-03
8.45898580e-04,1.99436862e-01,1.48736504e+04,7.04810889e-02,7.12919003e-01,7.12919003e-01,6.91395018e-02,2.76558007e-01,1.75173779e-04,2.10208535e-03,1.63382141e-06,2.12396784e-05,1.55706380e-05,2.02418293e-04,5.38585414e-05,7.54019579e-04,2.16971782e-14,3.25457673e-13,1.59212531e-07,2.22897543e-06,3.80723009e-06,5.71084514e-05,3.61686690e-04,5.78698704e-03,7.20363965e-08,1.22461874e-06,1.00297882e-20,1.80536187e-19,3.91477962e-07,6.65512536e-06,7.92713036e-11,1.42688346e-09,7.17611362e-05,1.43522272e-03
9.01337039e-04,1.99400010e-01,1.48654069e+04,7.51053646e-02,7.12917734e-01,7.12917734e-01,6.91395079e-02,2.76558032e-01,1.74205165e-04,2.09046198e-03,1.60599889e-06,2.08779856e-05,1.65184818e-05,2.14740264e-04,5.36533684e-05,7.51147158e-04,2.30997712e-14,3.46496568e-13,1.79983401e-07,2.51976761e-06,4.04317349e-06,6.06476024e-05,3.61661505e-04,5.78658408e-03,6.90877523e-08,1.17449179e-06,1.01533251e-20,1.82759851e-19,4.16671664e-07,7.08341830e-06,8.01003604e-11,1.44180649e-09,7.17611362e-05,1.43522272e-03
9.60408821e-04,1.99360751e-01,1.48566283e+04,8.00313323e-02,7.12916391e-01,7.12916391e-01,6.91395142e-02,2.76558057e-01,1.73181069e-04,2.07817282e-03,1.57693272e-06,2.05001253e-05,1.75191537e-05,2.27748998e-04,5.34357933e-05,7.48101107e-04,2.45915822e-14,3.68873733e-13,2.03407703e-07,2.84770784e-06,4.29281670e-06,6.43922504e-05,3.61634728e-04,5.78615565e-03,6.60853854e-08,1.12345155e-06,1.02457186e-20,1.84422935e-19,4.43454647e-07,7.53872900e-06,8.06718257e-11,1.45209286e-09,7.17611362e-05,1.43522272e-03
1.02335205e-03,1.99318928e-01,1.48472800e+04,8.52781371e-02,7.12914970e-01,7.12914970e-01,6.91395208e-02,2.76558083e-01,1.72098851e-04,2.06518622e-03,1.54660538e-06,2.01058699e-05,1.85749659e-05,2.41474556e-04,5.32051514e-05,7.44872119e-04,2.61781236e-14,3.92671854e-13,2.29813013e-07,3.21738218e-06,4.55683419e-06,6.83525129e-05,3.61606264e-04,5.78570023e-03,6.30370703e-08,1.07163020e-06,1.03042016e-20,1.85475629e-19,4.71922862e-07,8.02268865e-06,8.09645395e-11,1.45736171e-09,7.17611362e-05,1.43522272e-03
1.09042044e-03,1.99274373e-01,1.48373255e+04,9.08660004e-02,7.12913468e-01,7.12913468e-01,6.91395277e-02,2.76558111e-01,1.70955818e-04,2.05146981e-03,1.51500427e-06,1.96950555e-05,1.96882478e-05,2.55947221e-04,5.29607549e-05,7.41450568e-04,2.78652308e-14,4.17978462e-13,2.59565057e-07,3.63391080e-06,4.83591758e-06,7.25387638e-05,3.61576012e-04,5.78521619e-03,5.99515007e-08,1.01917551e-06,1.03261953e-20,1.85871516e-19,5.02177475e-07,8.53701708e-06,8.09591291e-11,1.45726432e-09,7.17611362e-05,1.43522272e-03
1.16188436e-03,1.99226908e-01,1.48267259e+04,9.68162466e-02,7.12911880e-01,7.12911880e-01,6.91395347e-02,2.76558139e-01,1.69749226e-04,2.03699071e-03,1.48212239e-06,1.92675910e-05,2.08613328e-05,2.71197326e-04,5.27018944e-05,7.37826522e-04,2.96590792e-14,4.44886188e-13,2.93071698e-07,4.10300377e-06,5.13077368e-06,7.69616052e-05,3.61543865e-04,5.78470185e-03,5.68382735e-08,9.66250650e-07,1.03093827e-20,1.85568888e-19,5.34325067e-07,9.08352615e-06,8.06386114e-11,1.45149500e-09,7.17611362e-05,1.43522272e-03
1.23803188e-03,1.99176346e-01,1.48154400e+04,1.03151321e-01,7.12910203e-01,7.12910203e-01,6.91395420e-02,2.76558168e-01,1.68476300e-04,2.02171561e-03,1.44795908e-06,1.88234680e-05,2.20965430e-05,2.87255059e-04,5.24278406e-05,7.33989769e-04,3.15662029e-14,4.73493044e-13,3.30787245e-07,4.63102142e-06,5.44212215e-06,8.16318322e-05,3.61509712e-04,5.78415540e-03,5.37078537e-08,9.13033513e-07,1.02517857e-20,1.84532142e-19,5.68477835e-07,9.66412320e-06,7.99890189e-11,1.43980234e-09,7.17611362e-05,1.43522272e-03
1.31916996e-03,1.99122484e-01,1.48034239e+04,1.09894800e-01,7.12908432e-01,7.12908432e-01,6.91395496e-02,2.76558198e-01,1.67134242e-04,2.00561090e-03,1.41252078e-06,1.83627702e-05,2.33961721e-05,3.04150237e-04,5.21378460e-05,7.29929844e-04,3.35935143e-14,5.03902715e-13,3.73217093e-07,5.22503930e-06,5.77069275e-06,8.65603912e-05,3.61473435e-04,5.78357496e-03,5.05715182e-08,8.59715809e-07,1.01518446e-20,1.82733202e-19,6.04753783e-07,1.02808143e-05,7.90000344e-11,1.42200062e-09,7.17611362e-05,1.43522272e-03
1.40562565e-03,1.99065108e-01,1.47906311e+04,1.17071382e-01,7.12906564e-01,7.12906564e-01,6.91395574e-02,2.76558230e-01,1.65720243e-04,1.98864291e-03,1.37582182e-06,1.78856837e-05,2.47624654e-05,3.21912051e-04,5.18311476e-05,7.25636067e-04,3.57483243e-14,5.36224864e-13,4.20922702e-07,5.89291782e-06,6.11722205e-06,9.17583308e-05,3.61434909e-04,5.78295855e-03,4.74412762e-08,8.06501696e-07,1.00084969e-20,1.80152944e-19,6.43276907e-07,1.09357074e-05,7.76656099e-11,1.39798098e-09,7.17611362e-05,1.43522272e-03
1.49774748e-03,1.99003990e-01,1.47770119e+04,1.24706866e-01,7.12904593e-01,7.12904593e-01,6.91395654e-02,2.76558262e-01,1.64231506e-04,1.97077808e-03,1.33788516e-06,1.73925071e-05,2.61975979e-05,3.40568773e-04,5.15069704e-05,7.21097586e-04,3.80383643e-14,5.70575465e-13,4.74526895e-07,6.64337653e-06,6.48244959e-06,9.72367438e-05,3.61394006e-04,5.78230409e-03,4.43297656e-08,7.53606015e-07,9.82125273e-21,1.76782549e-19,6.84177368e-07,1.16310153e-05,7.59845454e-11,1.36772182e-09,7.17611362e-05,1.43522272e-03
1.59590678e-03,1.98938887e-01,1.47625141e+04,1.32828106e-01,7.12902517e-01,7.12902517e-01,6.91395737e-02,2.76558295e-01,1.62665263e-04,1.95198315e-03,1.29874318e-06,1.68836613e-05,2.77036491e-05,3.60147438e-04,5.11645308e-05,7.16303431e-04,4.04718102e-14,6.07077152e-13,5.34719490e-07,7.48607286e-06,6.86711344e-06,1.03006702e-04,3.61350587e-04,5.78160940e-03,4.12501230e-08,7.01252091e-07,9.59026320e-21,1.72624738e-19,7.27591647e-07,1.23690580e-05,7.39609971e-11,1.33129795e-09,7.17611362e-05,1.43522272e-03
1.70049924e-03,1.98869541e-01,1.47470816e+04,1.41462935e-01,7.12900330e-01,7.12900330e-01,6.91395823e-02,2.76558329e-01,1.61018793e-04,1.93222552e-03,1.25843843e-06,1.63596996e-05,2.92825750e-05,3.80673475e-04,5.08030411e-05,7.11242575e-04,4.30573069e-14,6.45859604e-13,6.02263218e-07,8.43168505e-06,7.27194520e-06,1.09079178e-04,3.61304512e-04,5.78087219e-03,3.82158293e-08,6.49669097e-07,9.31637836e-21,1.67694810e-19,7.73662682e-07,1.31522656e-05,7.16048858e-11,1.28888794e-09,7.17611362e-05,1.43522272e-03
1.81194647e-03,1.98795676e-01,1.47306556e+04,1.50640063e-01,7.12898029e-01,7.12898029e-01,6.91395910e-02,2.76558364e-01,1.59289454e-04,1.91147344e-03,1.21702429e-06,1.58213158e-05,3.09361780e-05,4.02170314e-04,5.04217150e-05,7.05904010e-04,4.58039963e-14,6.87059945e-13,6.77999916e-07,9.49199882e-06,7.69766421e-06,1.15464963e-04,3.61255629e-04,5.78009006e-03,3.52405297e-08,5.99089004e-07,9.00119020e-21,1.62021424e-19,8.22539981e-07,1.39831797e-05,6.89321705e-11,1.24077907e-09,7.17611362e-05,1.43522272e-03
1.93069773e-03,1.98717001e-01,1.47131731e+04,1.60388920e-01,7.12895609e-01,7.12895609e-01,6.91396000e-02,2.76558400e-01,1.57474702e-04,1.88969642e-03,1.17456562e-06,1.52693531e-05,3.26660729e-05,4.24658948e-04,5.00197733e-05,7.00276827e-04,4.87215466e-14,7.30823199e-13,7.62856943e-07,1.06799972e-05,8.14497116e-06,1.22174567e-04,3.61203783e-04,5.77926052e-03,3.23378320e-08,5.49743144e-07,8.64705731e-21,1.55647032e-19,8.74379704e-07,1.48644550e-05,6.59649584e-11,1.18736925e-09,7.17611362e-05,1.43522272e-03
2.05723170e-03,1.98633204e-01,1.46945677e+04,1.70739463e-01,7.12893066e-01,7.12893066e-01,6.91396093e-02,2.76558437e-01,1.55572128e-04,1.86686554e-03,1.13113925e-06,1.47048103e-05,3.44736500e-05,4.48157451e-04,4.95964511e-05,6.94350315e-04,5.18201850e-14,7.77302775e-13,8.57853757e-07,1.20099526e-05,8.61454087e-06,1.29218113e-04,3.61148810e-04,5.77838096e-03,2.95210850e-08,5.01858445e-07,8.25710710e-21,1.48627928e-19,9.29344714e-07,1.57988601e-05,6.27314223e-11,1.12916560e-09,7.17611362e-05,1.43522272e-03
2.19205845e-03,1.98543954e-01,1.46747689e+04,1.81721915e-01,7.12890396e-01,7.12890396e-01,6.91396188e-02,2.76558475e-01,1.53579487e-04,1.84295385e-03,1.08683442e-06,1.41288475e-05,3.63600360e-05,4.72680468e-04,4.91510052e-05,6.88114072e-04,5.51107340e-14,8.26661010e-13,9.64108576e-07,1.34975201e-05,9.10701439e-06,1.36605216e-04,3.61090542e-04,5.77744867e-03,2.68031419e-08,4.55653412e-07,7.83521272e-21,1.41033829e-19,9.87604578e-07,1.67892778e-05,5.92655035e-11,1.06677906e-09,7.17611362e-05,1.43522272e-03
2.33572147e-03,1.98448898e-01,1.46537018e+04,1.93366432e-01,7.12887595e-01,7.12887595e-01,6.91396285e-02,2.76558514e-01,1.51494736e-04,1.81793683e-03,1.04175300e-06,1.35427890e-05,3.83260508e-05,4.98238660e-04,4.86827230e-05,6.81558122e-04,5.86046515e-14,8.79069773e-13,1.08284503e-06,1.51598304e-05,9.62299026e-06,1.44344854e-04,3.61028802e-04,5.77646083e-03,2.41961153e-08,4.11333960e-07,7.38594230e-21,1.32946961e-19,1.04933553e-06,1.78387040e-05,5.56063851e-11,1.00091493e-09,7.17611362e-05,1.43522272e-03
2.48879987e-03,1.98347663e-01,1.46312873e+04,2.05702688e-01,7.12884660e-01,7.12884660e-01,6.91396384e-02,2.76558554e-01,1.49316070e-04,1.79179284e-03,9.96009556e-07,1.29481242e-05,4.03721629e-05,5.24838117e-04,4.81909323e-05,6.74673053e-04,6.23140759e-14,9.34711139e-13,1.21539865e-06,1.70155811e-05,1.01630150e-05,1.52445225e-04,3.60963406e-04,5.77541450e-03,2.17111298e-08,3.69089207e-07,6.91447948e-21,1.24460631e-19,1.11472035e-06,1.89502460e-05,5.17977341e-11,9.32359214e-10,7.17611362e-05,1.43522272e-03
2.65191071e-03,1.98239851e-01,1.46074415e+04,2.18759364e-01,7.12881587e-01,7.12881587e-01,6.91396486e-02,2.76558594e-01,1.47041967e-04,1.76450360e-03,9.49731235e-07,1.23465061e-05,4.24984414e-05,5.52479738e-04,4.76750118e-05,6.67450166e-04,6.62518775e-14,9.93778162e-13,1.36322314e-06,1.90851239e-05,1.07275730e-05,1.60913595e-04,3.60894167e-04,5.77430667e-03,1.93580818e-08,3.29087391e-07,6.42651566e-21,1.15677282e-19,1.18394825e-06,2.01271202e-05,4.78867202e-11,8.61960964e-10,7.17611362e-05,1.43522272e-03
2.82571150e-03,1.98125036e-01,1.45820757e+04,2.32563521e-01,7.12878372e-01,7.12878372e-01,6.91396590e-02,2.76558636e-01,1.44671228e-04,1.73605474e-03,9.03057350e-07,1.17397455e-05,4.47045068e-05,5.81158588e-04,4.71344026e-05,6.59881636e-04,7.04317167e-14,1.05647575e-12,1.52789604e-06,2.13905446e-05,1.13170755e-05,1.69756132e-04,3.60820887e-04,5.77313419e-03,1.71454138e-08,2.91472035e-07,5.92811589e-21,1.06706086e-19,1.25721454e-06,2.13726472e-05,4.39228365e-11,7.90611057e-10,7.17611362e-05,1.43522272e-03
3.01090284e-03,1.98002771e-01,1.45550960e+04,2.47139850e-01,7.12875014e-01,7.12875014e-01,6.91396697e-02,2.76558679e-01,1.42203027e-04,1.70643633e-03,8.56138739e-07,1.11298036e-05,4.69894793e-05,6.10863231e-04,4.65686205e-05,6.51960687e-04,7.48681114e-14,1.12302167e-12,1.71112390e-06,2.39557346e-05,1.19318487e-05,1.78977731e-04,3.60743366e-04,5.77189386e-03,1.50799146e-08,2.56358549e-07,5.42556257e-21,9.76601263e-20,1.33472039e-06,2.26902466e-05,3.99565601e-11,7.19218083e-10,7.17611362e-05,1.43522272e-03
3.20823125e-03,1.97872575e-01,1.45264030e+04,2.62509776e-01,7.12871510e-01,7.12871510e-01,6.91396806e-02,2.76558722e-01,1.39636956e-04,1.67564347e-03,8.09136815e-07,1.05187786e-05,4.93519276e-05,6.41575058e-04,4.59772698e-05,6.43681778e-04,7.95765147e-14,1.19364772e-12,1.91474636e-06,2.68064490e-05,1.25721223e-05,1.88581835e-04,3.60661397e-04,5.77058236e-03,1.31665542e-08,2.23831422e-07,4.92518233e-21,8.86532819e-20,1.41667234e-06,2.40834297e-05,3.60379062e-11,6.48682312e-10,7.17611362e-05,1.43522272e-03
3.41849215e-03,1.97733941e-01,1.44958917e+04,2.78690412e-01,7.12867857e-01,7.12867857e-01,6.91396917e-02,2.76558767e-01,1.36973073e-04,1.64367688e-03,7.62222309e-07,9.90889002e-06,5.17898161e-05,6.73267610e-04,4.53600568e-05,6.35040795e-04,8.45734050e-14,1.26860107e-12,2.14073909e-06,2.99703473e-05,1.32380163e-05,1.98570244e-04,3.60574769e-04,5.76919630e-03,1.14083620e-08,1.93942154e-07,4.43316368e-21,7.97969462e-20,1.50328176e-06,2.55557899e-05,3.22149409e-11,5.79868935e-10,7.17611362e-05,1.43522272e-03
3.64253312e-03,1.97586327e-01,1.44634513e+04,2.95693351e-01,7.12864053e-01,7.12864053e-01,6.91397031e-02,2.76558812e-01,1.34211957e-04,1.61054348e-03,7.15573697e-07,9.30245807e-06,5.43004549e-05,7.05905914e-04,4.47168045e-05,6.26035263e-04,8.98763923e-14,1.34814588e-12,2.39121527e-06,3.34770138e-05,1.39295281e-05,2.08942922e-04,3.60483265e-04,5.76773225e-03,9.80635668e-09,1.66708064e-07,3.95537395e-21,7.11967310e-20,1.59476421e-06,2.71109915e-05,2.85323273e-11,5.13581891e-10,7.17611362e-05,1.43522272e-03
3.88125727e-03,1.97429161e-01,1.44289648e+04,3.13523284e-01,7.12860100e-01,7.12860100e-01,6.91397148e-02,2.76558859e-01,1.31354750e-04,1.57625700e-03,6.69375303e-07,8.70187894e-06,5.68804501e-05,7.39445851e-04,4.40474675e-05,6.16664545e-04,9.55043417e-14,1.43256513e-12,2.66842508e-06,3.73579511e-05,1.46465200e-05,2.19697799e-04,3.60386667e-04,5.76618667e-03,8.35953355e-09,1.42112070e-07,3.49718488e-21,6.29493279e-20,1.69133858e-06,2.87527559e-05,2.50299831e-11,4.50539696e-10,7.17611362e-05,1.43522272e-03
4.13562692e-03,1.97261832e-01,1.43923085e+04,3.32176458e-01,7.12855994e-01,7.12855994e-01,6.91397267e-02,2.76558907e-01,1.28403211e-04,1.54083853e-03,6.23815092e-07,8.10959620e-06,5.95256587e-05,7.73833563e-04,4.33521473e-05,6.06930062e-04,1.01477520e-13,1.52216280e-12,2.97475299e-06,4.16465418e-05,1.53887056e-05,2.30830583e-04,3.60284753e-04,5.76455605e-03,7.06491287e-09,1.20103519e-07,3.06331655e-21,5.51396979e-20,1.79322617e-06,3.04848448e-05,2.17419254e-11,3.91354658e-10,7.17611362e-05,1.43522272e-03
4.40666743e-03,1.97083693e-01,1.43533523e+04,3.51638980e-01,7.12851738e-01,7.12851738e-01,6.91397389e-02,2.76558956e-01,1.25359759e-04,1.50431711e-03,5.79082182e-07,7.52806836e-06,6.22311480e-05,8.09004924e-04,4.26311070e-05,5.96835498e-04,1.07817769e-13,1.61726654e-12,3.31271241e-06,4.63779737e-05,1.61556377e-05,2.42334565e-04,3.60177300e-04,5.76283679e-03,5.91764952e-09,1.00600042e-07,2.65770838e-21,4.78387508e-20,1.90064949e-06,3.23110413e-05,1.86953722e-11,3.36516699e-10,7.17611362e-05,1.43522272e-03
4.69547138e-03,1.96894056e-01,1.43119591e+04,3.71885001e-01,7.12847332e-01,7.12847332e-01,6.91397514e-02,2.76559006e-01,1.22227516e-04,1.46673020e-03,5.35364100e-07,6.95973331e-06,6.49911618e-05,8.44885104e-04,4.18847858e-05,5.86387001e-04,1.14548709e-13,1.71823064e-12,3.68493718e-06,5.15891205e-05,1.69466964e-05,2.54200445e-04,3.60064085e-04,5.76102536e-03,4.91120150e-09,8.34904255e-08,2.28342499e-21,4.11016498e-20,2.01383096e-06,3.42351263e-05,1.59101532e-11,2.86382757e-10,7.17611362e-05,1.43522272e-03
5.00320295e-03,1.96692191e-01,1.42679844e+04,3.92874818e-01,7.12842779e-01,7.12842779e-01,6.91397642e-02,2.76559057e-01,1.19010346e-04,1.42812415e-03,4.92843855e-07,6.40697012e-06,6.77990947e-05,8.81388231e-04,4.11138128e-05,5.75593380e-04,1.21695981e-13,1.82543972e-12,4.09416952e-06,5.73183733e-05,1.77610777e-05,2.66416166e-04,3.59944887e-04,5.75911819e-03,4.03755119e-09,6.86383703e-08,1.94260228e-21,3.49668411e-20,2.13299134e-06,3.62608528e-05,1.33984654e-11,2.41172377e-10,7.17611362e-05,1.43522272e-03
5.33110262e-03,1.96477324e-01,1.42212763e+04,4.14552970e-01,7.12838080e-01,7.12838080e-01,6.91397773e-02,2.76559109e-01,1.15712883e-04,1.38855460e-03,4.51696868e-07,5.87205928e-06,7.06474764e-05,9.18417194e-04,4.03190195e-05,5.64466273e-04,1.29287537e-13,1.93931305e-12,4.54324398e-06,6.36054158e-05,1.85977844e-05,2.78966767e-04,3.59819489e-04,5.75711182e-03,3.28747003e-09,5.58869906e-08,1.63643655e-21,2.94558579e-20,2.25834796e-06,3.83919154e-05,1.11649828e-11,2.00969690e-10,7.17611362e-05,1.43522272e-03
5.68049216e-03,1.96248633e-01,1.41716754e+04,4.36846419e-01,7.12833239e-01,7.12833239e-01,6.91397906e-02,2.76559163e-01,1.12340559e-04,1.34808671e-03,4.12087867e-07,5.35714227e-06,7.35279696e-05,9.55863604e-04,3.95014502e-05,5.53020303e-04,1.37353976e-13,2.06030964e-12,5.03506695e-06,7.04909373e-05,1.94556179e-05,2.91834269e-04,3.59687678e-04,5.75500284e-03,2.65081467e-09,4.50638495e-08,1.36521659e-21,2.45738986e-20,2.39011270e-06,4.06319159e-05,9.20730587e-12,1.65731506e-10,7.17611362e-05,1.43522272e-03
6.05277998e-03,1.96005248e-01,1.41190140e+04,4.59662928e-01,7.12828262e-01,7.12828262e-01,6.91398043e-02,2.76559217e-01,1.08899615e-04,1.30679538e-03,3.74167831e-07,4.86418181e-06,7.64313799e-05,9.93607939e-04,3.86623712e-05,5.41273197e-04,1.45928957e-13,2.18893435e-12,5.57259132e-06,7.80162784e-05,2.03331722e-05,3.04997584e-04,3.59549249e-04,5.75278798e-03,2.11684061e-09,3.59862903e-08,1.12839561e-21,2.03111209e-20,2.52848967e-06,4.29843244e-05,7.51671181e-12,1.35300813e-10,7.17611362e-05,1.43522272e-03
6.44946677e-03,1.95746243e-01,1.40631167e+04,4.82889792e-01,7.12823154e-01,7.12823154e-01,6.91398183e-02,2.76559273e-01,1.05397104e-04,1.26476525e-03,3.38071079e-07,4.39492403e-06,7.93476843e-05,1.03151990e-03,3.78032761e-05,5.29245865e-04,1.55049673e-13,2.32574509e-12,6.15878593e-06,8.62230030e-05,2.12288308e-05,3.18432462e-04,3.59404009e-04,5.75046414e-03,1.67451819e-09,2.84668093e-08,9.24697018e-22,1.66445463e-20,2.67367269e-06,4.54524357e-05,6.07914469e-12,1.09424604e-10,7.17611362e-05,1.43522272e-03
6.87215161e-03,1.95470641e-01,1.40037995e+04,5.06393084e-01,7.12817921e-01,7.12817921e-01,6.91398325e-02,2.76559330e-01,1.01840884e-04,1.22209061e-03,3.03912621e-07,3.95086407e-06,8.22660758e-05,1.06945899e-03,3.69258894e-05,5.16962451e-04,1.64757431e-13,2.47136146e-12,6.79659964e-06,9.51523950e-05,2.21407659e-05,3.32111488e-04,3.59251775e-04,5.74802840e-03,1.31283609e-09,2.23182136e-08,7.52246011e-22,1.35404282e-20,2.82584238e-06,4.80393204e-05,4.87637055e-12,8.77746699e-11,7.17611362e-05,1.43522272e-03
7.32253834e-03,1.95177403e-01,1.39408701e+04,5.30017603e-01,7.12812571e-01,7.12812571e-01,6.91398470e-02,2.76559388e-01,9.82395945e-05,1.17887513e-03,2.71785875e-07,3.53321637e-06,8.51750283e-05,1.10727537e-03,3.60321653e-05,5.04450315e-04,1.75098326e-13,2.62647489e-12,7.48891968e-06,1.04844876e-04,2.30669410e-05,3.46004115e-04,3.59092384e-04,5.74547814e-03,1.02107820e-09,1.73583294e-08,6.08717365e-22,1.09569126e-20,2.98516301e-06,5.07477712e-05,3.88721337e-12,6.99698406e-11,7.17611362e-05,1.43522272e-03
7.80244249e-03,1.94865431e-01,1.38741275e+04,5.53587701e-01,7.12807113e-01,7.12807113e-01,6.91398619e-02,2.76559447e-01,9.46026147e-05,1.13523138e-03,2.41760854e-07,3.14289110e-06,8.80623822e-05,1.14481097e-03,3.51242839e-05,4.91739975e-04,1.86124055e-13,2.79186083e-12,8.23852444e-06,1.15339342e-04,2.40051172e-05,3.60076758e-04,3.58925689e-04,5.74281103e-03,7.89062630e-10,1.34140647e-08,4.91489446e-22,8.84681003e-21,3.15177903e-06,5.35802434e-05,3.08878864e-12,5.55981955e-11,7.17611362e-05,1.43522272e-03
8.31379858e-03,1.94533562e-01,1.38033624e+04,5.76909164e-01,7.12801556e-01,7.12801556e-01,6.91398769e-02,2.76559508e-01,9.09400137e-05,1.09128016e-03,2.13882907e-07,2.78047779e-06,9.09154515e-05,1.18190087e-03,3.42046418e-05,4.78864985e-04,1.97892877e-13,2.96839316e-12,9.04803074e-06,1.26672430e-04,2.49528629e-05,3.74292944e-04,3.58751570e-04,5.74002512e-03,6.07333984e-10,1.03246777e-08,3.97794843e-22,7.16030717e-21,3.32581121e-06,5.65387905e-05,2.45765857e-12,4.42378543e-11,7.17611362e-05,1.43522272e-03
8.85866790e-03,1.94180565e-01,1.37283566e+04,5.99772262e-01,7.12795912e-01,7.12795912e-01,6.91398922e-02,2.76559569e-01,8.72624773e-05,1.04714973e-03,1.88172090e-07,2.44623717e-06,9.37211523e-05,1.21837498e-03,3.32758390e-05,4.65861746e-04,2.10470758e-13,3.15706136e-12,9.91983597e-06,1.38877704e-04,2.59075675e-05,3.88613512e-04,3.58569933e-04,5.73711893e-03,4.67304090e-10,7.94416953e-09,3.24859361e-22,5.84746850e-21,3.50735258e-06,5.96249939e-05,1.97084743e-12,3.54752538e-11,7.17611362e-05,1.43522272e-03
9.43924684e-03,1.93805138e-01,1.36488836e+04,6.21956033e-01,7.12790192e-01,7.12790192e-01,6.91399078e-02,2.76559631e-01,8.35812204e-05,1.00297464e-03,1.64623203e-07,2.14010164e-06,9.64661533e-05,1.25405999e-03,3.23406617e-05,4.52769264e-04,2.23932732e-13,3.35899099e-12,1.08560557e-05,1.51984780e-04,2.68664588e-05,4.02996882e-04,3.58380716e-04,5.73409146e-03,3.61339933e-10,6.14277886e-09,2.70023107e-22,4.86041593e-21,3.69646399e-06,6.28398878e-05,1.60667367e-12,2.89201260e-11,7.17611362e-05,1.43522272e-03
1.00578757e-02,1.93405905e-01,1.35647083e+04,6.43233764e-01,7.12784409e-01,7.12784409e-01,6.91399235e-02,2.76559694e-01,7.99078836e-05,9.58894603e-04,1.43206521e-07,1.86168478e-06,9.91370452e-05,1.28878159e-03,3.14020595e-05,4.39628833e-04,2.38364536e-13,3.57546804e-12,1.18584575e-05,1.66018405e-04,2.78266250e-05,4.17399374e-04,3.58183895e-04,5.73094231e-03,2.82801267e-10,4.80762154e-09,2.30839779e-22,4.15511603e-21,3.89316934e-06,6.61838789e-05,1.34537648e-12,2.42167767e-11,7.17611362e-05,1.43522272e-03
1.07170483e-02,1.92981412e-01,1.34755875e+04,6.63379513e-01,7.12778576e-01,7.12778576e-01,6.91399393e-02,2.76559757e-01,7.62544138e-05,9.15052966e-04,1.23869196e-07,1.61029954e-06,1.01720529e-04,1.32236688e-03,3.04631190e-05,4.26483666e-04,2.53864543e-13,3.80796814e-12,1.29283921e-05,1.80997489e-04,2.87850392e-05,4.31775589e-04,3.57979486e-04,5.72767177e-03,2.26033367e-10,3.84256724e-09,2.05152828e-22,3.69275090e-21,4.09745071e-06,6.96566620e-05,1.16953425e-12,2.10516165e-11,7.17611362e-05,1.43522272e-03
1.14194217e-02,1.92530124e-01,1.33812702e+04,6.82175415e-01,7.12772707e-01,7.12772707e-01,6.91399553e-02,2.76559821e-01,7.26329313e-05,8.71595175e-04,1.06537275e-07,1.38498458e-06,1.04203620e-04,1.35464706e-03,2.95270333e-05,4.13378467e-04,2.70546095e-13,4.05819143e-12,1.40667234e-05,1.96934128e-04,2.97385888e-05,4.46078832e-04,3.57767554e-04,5.72428086e-03,1.86322644e-10,3.16748495e-09,1.91149485e-22,3.44069073e-21,4.30924306e-06,7.32571320e-05,1.06428938e-12,1.91572088e-11,7.17611362e-05,1.43522272e-03
1.21678272e-02,1.92050420e-01,1.32814979e+04,6.99419378e-01,7.12766817e-01,7.12766817e-01,6.91399714e-02,2.76559885e-01,6.90555850e-05,8.28667020e-04,9.11182712e-08,1.18453753e-06,1.06573861e-04,1.38546019e-03,2.85970682e-05,4.00358955e-04,2.88540295e-13,4.32810443e-12,1.52737586e-05,2.13832620e-04,3.06841061e-05,4.60261592e-04,3.57548215e-04,5.72077144e-03,1.59824200e-10,2.71701139e-09,1.87395697e-22,3.37312255e-21,4.52842897e-06,7.69832925e-05,1.01740749e-12,1.83133348e-11,7.17611362e-05,1.43522272e-03
1.29652816e-02,1.91540593e-01,1.31760052e+04,7.14932694e-01,7.12760922e-01,7.12760922e-01,6.91399875e-02,2.76559950e-01,6.55344000e-05,7.86412800e-04,7.75041527e-08,1.00755399e-06,1.08819540e-04,1.41465403e-03,2.76765253e-05,3.87471354e-04,3.07999366e-13,4.61999048e-12,1.65491807e-05,2.31688529e-04,3.16184028e-05,4.74276042e-04,3.57321644e-04,5.71714630e-03,1.43470748e-10,2.43900271e-09,1.92856526e-22,3.47141747e-21,4.75483319e-06,8.08321643e-05,1.01920667e-12,1.83457200e-11,7.17611362e-05,1.43522272e-03
1.38149996e-02,1.90998843e-01,1.30645206e+04,7.28567037e-01,7.12755038e-01,7.12755038e-01,6.91400036e-02,2.76560014e-01,6.20811186e-05,7.44973423e-04,6.55746470e-08,8.52470411e-07,1.10929920e-04,1.44208896e-03,2.67687032e-05,3.74761845e-04,3.29100712e-13,4.93651068e-12,1.78919851e-05,2.50487791e-04,3.25383050e-05,4.88074574e-04,3.57088078e-04,5.71340925e-03,1.34871885e-10,2.29282204e-09,2.06907609e-22,3.72433696e-21,4.98821720e-06,8.47996924e-05,1.06239563e-12,1.91231213e-11,7.17611362e-05,1.43522272e-03
1.47204064e-02,1.90423273e-01,1.29467674e+04,7.40210332e-01,7.12749180e-01,7.12749180e-01,6.91400196e-02,2.76560078e-01,5.87070414e-05,7.04484497e-04,5.52006959e-08,7.17609047e-07,1.12895447e-04,1.46764080e-03,2.58768582e-05,3.62276015e-04,3.52051845e-13,5.28077768e-12,1.93004229e-05,2.70205920e-04,3.34406899e-05,5.01610348e-04,3.56847824e-04,5.70956519e-03,1.32211528e-10,2.24759598e-09,2.29343886e-22,4.12818994e-21,5.22827392e-06,8.88806567e-05,1.14185874e-12,2.05534573e-11,7.17611362e-05,1.43522272e-03
1.56851516e-02,1.89811890e-01,1.28224647e+04,7.49791041e-01,7.12743366e-01,7.12743366e-01,6.91400356e-02,2.76560142e-01,5.54228707e-05,6.65074449e-04,4.62479257e-08,6.01223034e-07,1.14707956e-04,1.49120342e-03,2.50041642e-05,3.50058298e-04,3.77096378e-13,5.65644567e-12,2.07719529e-05,2.90807341e-04,3.43225221e-05,5.14837832e-04,3.56601262e-04,5.70562019e-03,1.34149757e-10,2.28054586e-09,2.60392071e-22,4.68705727e-21,5.47462270e-06,9.30685859e-05,1.25442111e-12,2.25795800e-11,7.17611362e-05,1.43522272e-03
1.67131243e-02,1.89162598e-01,1.26913284e+04,7.57280532e-01,7.12737610e-01,7.12737610e-01,6.91400514e-02,2.76560205e-01,5.22385616e-05,6.26862739e-04,3.85799860e-08,5.01539819e-07,1.16360861e-04,1.51269119e-03,2.41536738e-05,3.38151434e-04,4.04521364e-13,6.06782045e-12,2.23032049e-05,3.12244868e-04,3.51808894e-05,5.27713342e-04,3.56348849e-04,5.70158159e-03,1.39733579e-10,2.37547084e-09,3.00733574e-22,5.41320434e-21,5.72680464e-06,9.73556789e-05,1.39862107e-12,2.51751793e-11,7.17611362e-05,1.43522272e-03
1.78084683e-02,1.88473197e-01,1.25530733e+04,7.62693377e-01,7.12731930e-01,7.12731930e-01,6.91400670e-02,2.76560268e-01,4.91631850e-05,5.89958220e-04,3.20616333e-08,4.16801233e-07,1.17849310e-04,1.53204104e-03,2.33282817e-05,3.26595944e-04,4.34666315e-13,6.51999473e-12,2.38899559e-05,3.34459383e-04,3.60130366e-05,5.40195549e-04,3.56091126e-04,5.69745802e-03,1.48319412e-10,2.52143001e-09,3.51544923e-22,6.32780861e-21,5.98427863e-06,1.01732737e-04,1.57451029e-12,2.83411851e-11,7.17611362e-05,1.43522272e-03
1.89755988e-02,1.87741379e-01,1.24074142e+04,7.66085593e-01,7.12726342e-01,7.12726342e-01,6.91400823e-02,2.76560329e-01,4.62048074e-05,5.54457689e-04,2.65614536e-08,3.45298897e-07,1.19170319e-04,1.54921415e-03,2.25306898e-05,3.15429657e-04,4.67934362e-13,7.01901543e-12,2.55271225e-05,3.57379715e-04,3.68163972e-05,5.52245958e-04,3.55828720e-04,5.69325952e-03,1.59508567e-10,2.71164563e-09,4.14563432e-22,7.46214177e-21,6.24641806e-06,1.06189107e-04,1.78349518e-12,3.21029133e-11,7.17611362e-05,1.43522272e-03
2.02192206e-02,1.86964725e-01,1.22540684e+04,7.67551041e-01,7.12720861e-01,7.12720861e-01,6.91400974e-02,2.76560390e-01,4.33703901e-05,5.20444682e-04,2.19541457e-08,2.85403894e-07,1.20322857e-04,1.56419715e-03,2.17633769e-05,3.04687277e-04,5.04806116e-13,7.57209173e-12,2.72087699e-05,3.80922778e-04,3.75886218e-05,5.63829327e-04,3.55562343e-04,5.68899748e-03,1.73095859e-10,2.94262960e-09,4.92187339e-22,8.85937211e-21,6.51250869e-06,1.10712648e-04,2.02822800e-12,3.65081040e-11,7.17611362e-05,1.43522272e-03
2.15443469e-02,1.86140707e-01,1.20927577e+04,7.67216304e-01,7.12715502e-01,7.12715502e-01,6.91401122e-02,2.76560449e-01,4.06657127e-05,4.87988553e-04,1.81223286e-08,2.35590272e-07,1.21307900e-04,1.57700270e-03,2.10285722e-05,2.94400011e-04,5.45857014e-13,8.18785521e-12,2.89281395e-05,4.04993953e-04,3.83276032e-05,5.74914048e-04,3.55292798e-04,5.68468477e-03,1.89030691e-10,3.21352175e-09,5.87622079e-22,1.05771974e-20,6.78174767e-06,1.15289710e-04,2.31255163e-12,4.16259294e-11,7.17611362e-05,1.43522272e-03
2.29563192e-02,1.85266680e-01,1.19232110e+04,7.65234522e-01,7.12710279e-01,7.12710279e-01,6.91401266e-02,2.76560506e-01,3.80953214e-05,4.57143857e-04,1.49578424e-08,1.94451951e-07,1.22128432e-04,1.58766962e-03,2.03282328e-05,2.84595259e-04,5.91779146e-13,8.87668720e-12,3.06776965e-05,4.29487751e-04,3.90314973e-05,5.85472460e-04,3.55020976e-04,5.68033561e-03,2.07389340e-10,3.52561878e-09,7.05088192e-22,1.26915875e-20,7.05324420e-06,1.19905151e-04,2.64149981e-12,4.75469965e-11,7.17611362e-05,1.43522272e-03
2.44608294e-02,1.84339888e-01,1.17451678e+04,7.61778635e-01,7.12705207e-01,7.12705207e-01,6.91401406e-02,2.76560562e-01,3.56625061e-05,4.27950073e-04,1.23625900e-08,1.60713670e-07,1.22789403e-04,1.59626224e-03,1.96640262e-05,2.75296367e-04,6.43408887e-13,9.65113330e-12,3.24491969e-05,4.54288756e-04,3.96987393e-05,5.95481090e-04,3.54747852e-04,5.67596564e-03,2.28357202e-10,3.88207243e-09,8.50112554e-22,1.53020260e-20,7.32602191e-06,1.24542372e-04,3.02135341e-12,5.43843614e-11,7.17611362e-05,1.43522272e-03
2.60639420e-02,1.83357456e-01,1.15583808e+04,7.57034557e-01,7.12700298e-01,7.12700298e-01,6.91401542e-02,2.76560617e-01,3.33693028e-05,4.00431634e-04,1.02489003e-08,1.33235704e-07,1.23297640e-04,1.60286932e-03,1.90373180e-05,2.66522452e-04,7.01762135e-13,1.05264320e-11,3.42337740e-05,4.79272836e-04,4.03280568e-05,6.04920852e-04,3.54474485e-04,5.67159176e-03,2.52219542e-10,4.28773221e-09,1.02993328e-21,1.85387991e-20,7.59902335e-06,1.29183397e-04,3.45975318e-12,6.22755573e-11,7.17611362e-05,1.43522272e-03
2.77721193e-02,1.82316399e-01,1.13626199e+04,7.51194629e-01,7.12695563e-01,7.12695563e-01,6.91401673e-02,2.76560669e-01,3.12165262e-05,3.74598315e-04,8.53954610e-09,1.11014099e-07,1.23661707e-04,1.60760219e-03,1.84491630e-05,2.58288282e-04,7.68079531e-13,1.15211930e-11,3.60220442e-05,5.04308619e-04,4.09184775e-05,6.13777163e-04,3.54202006e-04,5.66723209e-03,2.79359728e-10,4.74911538e-09,1.25406230e-21,2.25731214e-20,7.87111674e-06,1.33808985e-04,3.96587093e-12,7.13856767e-11,7.17611362e-05,1.43522272e-03
2.95922471e-02,1.81213618e-01,1.11576764e+04,7.44451742e-01,7.12691015e-01,7.12691015e-01,6.91401800e-02,2.76560720e-01,2.92038240e-05,3.50445888e-04,7.16741559e-09,9.31764027e-08,1.23891728e-04,1.61059247e-03,1.79003011e-05,2.50604216e-04,8.43884926e-13,1.26582739e-11,3.78042301e-05,5.29259222e-04,4.14693345e-05,6.22040018e-04,3.53931612e-04,5.66290579e-03,3.10264007e-10,5.27448812e-09,1.53506888e-21,2.76312399e-20,8.14110530e-06,1.38398790e-04,4.55064219e-12,8.19115594e-11,7.17611362e-05,1.43522272e-03
3.15316623e-02,1.80045901e-01,1.09433676e+04,7.36994316e-01,7.12686663e-01,7.12686663e-01,6.91401922e-02,2.76560769e-01,2.73297548e-05,3.27957058e-04,6.07495264e-09,7.89743843e-08,1.23999173e-04,1.61198925e-03,1.73911561e-05,2.43476186e-04,9.31061509e-13,1.39659226e-11,3.95702987e-05,5.53984182e-04,4.19802675e-05,6.29704012e-04,3.53664553e-04,5.65863284e-03,3.45532300e-10,5.87404910e-09,1.88967699e-21,3.40141859e-20,8.40773925e-06,1.42931567e-04,5.22706579e-12,9.40871842e-11,7.17611362e-05,1.43522272e-03
3.35981829e-02,1.78809935e-01,1.07195414e+04,7.29002243e-01,7.12682515e-01,7.12682515e-01,6.91402039e-02,2.76560816e-01,2.55918848e-05,3.07102617e-04,5.21342721e-09,6.77745538e-08,1.23996606e-04,1.61195588e-03,1.69218377e-05,2.36905728e-04,1.03195170e-12,1.54792756e-11,4.13101130e-05,5.78341581e-04,4.24512216e-05,6.36768325e-04,3.53402117e-04,5.65443387e-03,3.85894771e-10,6.56021111e-09,2.34031307e-21,4.21256352e-20,8.66973063e-06,1.47385421e-04,6.01057769e-12,1.08190398e-10,7.17611362e-05,1.43522272e-03
3.58001389e-02,1.77502301e-01,1.04860816e+04,7.20643840e-01,7.12678579e-01,7.12678579e-01,6.91402151e-02,2.76560861e-01,2.39869007e-05,2.87842808e-04,4.54210612e-09,5.90473795e-08,1.23897416e-04,1.61066640e-03,1.64921465e-05,2.30890052e-04,1.14948928e-12,1.72423392e-11,4.30135931e-05,6.02190304e-04,4.28824436e-05,6.43236654e-04,3.53145614e-04,5.65032982e-03,4.32234162e-10,7.34798076e-09,2.91730733e-21,5.25115320e-20,8.92577082e-06,1.51738104e-04,6.91950854e-12,1.24551154e-10,7.17611362e-05,1.43522272e-03
3.81464066e-02,1.76119489e-01,1.02429138e+04,7.12073768e-01,7.12674861e-01,7.12674861e-01,6.91402259e-02,2.76560904e-01,2.25107270e-05,2.70128724e-04,4.02736908e-09,5.23557981e-08,1.23715524e-04,1.60830181e-03,1.61015792e-05,2.25422109e-04,1.28737557e-12,1.93106335e-11,4.46708857e-05,6.25392399e-04,4.32744768e-05,6.49117151e-04,3.52896353e-04,5.64634165e-03,4.85614136e-10,8.25544031e-09,3.66205368e-21,6.59169662e-20,9.17455104e-06,1.55967368e-04,7.97563639e-12,1.43561455e-10,7.17611362e-05,1.43522272e-03
4.06464440e-02,1.74657903e-01,9.99001168e+03,7.03431774e-01,7.12671367e-01,7.12671367e-01,6.91402362e-02,2.76560945e-01,2.11586550e-05,2.53903860e-04,3.64184104e-09,4.73439335e-08,1.23465090e-04,1.60504617e-03,1.57493373e-05,2.20490723e-04,1.45031641e-12,2.17547461e-11,4.62725341e-05,6.47815478e-04,4.36281536e-05,6.54422304e-04,3.52655621e-04,5.64248993e-03,5.47313884e-10,9.30433602e-09,4.63158993e-21,8.33686187e-20,9.41478509e-06,1.60051347e-04,9.20484606e-12,1.65687229e-10,7.17611362e-05,1.43522272e-03
4.33103286e-02,1.73113873e-01,9.72740262e+03,6.94842162e-01,7.12668099e-01,7.12668099e-01,6.91402461e-02,2.76560984e-01,1.99254661e-05,2.39105593e-04,3.36355549e-09,4.37262214e-08,1.23160213e-04,1.60108277e-03,1.54343363e-05,2.16080708e-04,1.64434380e-12,2.46651571e-11,4.78096511e-05,6.69335116e-04,4.39445873e-05,6.59168810e-04,3.52424656e-04,5.63879450e-03,6.18869318e-10,1.05207784e-08,5.90530665e-21,1.06295520e-19,9.64523436e-06,1.63968984e-04,1.06379076e-11,1.91482337e-10,7.17611362e-05,1.43522272e-03
4.61487988e-02,1.71483669e-01,9.45517503e+03,6.86413810e-01,7.12665060e-01,7.12665060e-01,6.91402556e-02,2.76561022e-01,1.88055549e-05,2.25666658e-04,3.17518922e-09,4.12774599e-08,1.22814643e-04,1.59659036e-03,1.51552171e-05,2.12173040e-04,1.87725653e-12,2.81588480e-11,4.92740850e-05,6.89837190e-04,4.42251609e-05,6.63377413e-04,3.52204625e-04,5.63527400e-03,7.02120829e-10,1.19360541e-08,7.59488097e-21,1.36707858e-19,9.86473438e-06,1.67700484e-04,1.23113827e-11,2.21604888e-10,7.17611362e-05,1.43522272e-03
4.91732965e-02,1.69763515e-01,9.17348481e+03,6.78240587e-01,7.12662250e-01,7.12662250e-01,6.91402648e-02,2.76561059e-01,1.77930432e-05,2.13516518e-04,3.06337463e-09,3.98238703e-08,1.22441509e-04,1.59173961e-03,1.49103605e-05,2.08745047e-04,2.15922972e-12,3.23884458e-11,5.06585784e-05,7.09220098e-04,4.44715134e-05,6.67072702e-04,3.51996589e-04,5.63194543e-03,7.99267129e-10,1.35875412e-08,9.85915393e-21,1.77464771e-19,1.00722221e-05,1.71227776e-04,1.42686633e-11,2.56835940e-10,7.17611362e-05,1.43522272e-03
5.23960135e-02,1.67949609e-01,8.88256233e+03,6.70402028e-01,7.12659669e-01,7.12659669e-01,6.91402736e-02,2.76561094e-01,1.68818830e-05,2.02582596e-04,3.01810012e-09,3.92353016e-08,1.22053069e-04,1.58668989e-03,1.46979046e-05,2.05770664e-04,2.50366698e-12,3.75550047e-11,5.19569141e-05,7.27396798e-04,4.46855231e-05,6.70282847e-04,3.51801484e-04,5.62882374e-03,9.12923773e-10,1.55197041e-08,1.29266791e-20,2.32680224e-19,1.02667633e-05,1.74534977e-04,1.65611372e-11,2.98100470e-10,7.17611362e-05,1.43522272e-03
5.58299409e-02,1.66038147e-01,8.58271925e+03,6.62964137e-01,7.12657313e-01,7.12657313e-01,6.91402822e-02,2.76561129e-01,1.60659450e-05,1.92791340e-04,3.03219731e-09,3.94185650e-08,1.21660491e-04,1.58158638e-03,1.45157672e-05,2.03220740e-04,2.92840450e-12,4.39260675e-11,5.31640452e-05,7.44296632e-04,4.48692854e-05,6.73039281e-04,3.51620088e-04,5.62592141e-03,1.04618366e-09,1.77851223e-08,1.71303262e-20,3.08345872e-19,1.04475787e-05,1.77608838e-04,1.92494591e-11,3.46490265e-10,7.17611362e-05,1.43522272e-03
5.94889208e-02,1.64025346e-01,8.27435517e+03,6.55980200e-01,7.12655178e-01,7.12655178e-01,6.91402906e-02,2.76561162e-01,1.53390934e-05,1.84069120e-04,3.10091152e-09,4.03118497e-08,1.21273673e-04,1.57655775e-03,1.43616741e-05,2.01063438e-04,3.45743201e-12,5.18614801e-11,5.42762029e-05,7.59866841e-04,4.50250849e-05,6.75376273e-04,3.51453001e-04,5.62324802e-03,1.20267480e-09,2.04454717e-08,2.29610871e-20,4.13299569e-19,1.06140678e-05,1.80439153e-04,2.24048844e-11,4.03287920e-10,7.17611362e-05,1.43522272e-03
6.33877027e-02,1.61907474e-01,7.95796389e+03,6.49491545e-01,7.12653259e-01,7.12653259e-01,6.91402988e-02,2.76561195e-01,1.46952478e-05,1.76342973e-04,3.22154770e-09,4.18801201e-08,1.20901096e-04,1.57171425e-03,1.42331957e-05,1.99264740e-04,4.12338203e-12,6.18507305e-11,5.52909788e-05,7.74073704e-04,4.51553594e-05,6.77330392e-04,3.51300625e-04,5.62081000e-03,1.38660821e-09,2.35723396e-08,3.11528984e-20,5.60752170e-19,1.07658290e-05,1.83019093e-04,2.61105894e-11,4.69990609e-10,7.17611362e-05,1.43522272e-03
6.75420029e-02,1.59680885e-01,7.63413908e+03,6.43528202e-01,7.12651548e-01,7.12651548e-01,6.91403070e-02,2.76561228e-01,1.41284235e-05,1.69541082e-04,3.39317295e-09,4.41112484e-08,1.20549730e-04,1.56714650e-03,1.41277881e-05,1.97789033e-04,4.97117633e-12,7.45676449e-11,5.62073790e-05,7.86903306e-04,4.52626587e-05,6.78939880e-04,3.51163144e-04,5.61861031e-03,1.60280624e-09,2.72477061e-08,4.28183276e-20,7.70729896e-19,1.09026749e-05,1.85345473e-04,3.04628649e-11,5.48331568e-10,7.17611362e-05,1.43522272e-03
7.19685673e-02,1.57342057e-01,7.30357919e+03,6.38109433e-01,7.12650036e-01,7.12650036e-01,6.91403151e-02,2.76561260e-01,1.36327655e-05,1.63593186e-04,3.61637417e-09,4.70128642e-08,1.20224986e-04,1.56292482e-03,1.40428452e-05,1.96599833e-04,6.06343871e-12,9.09515806e-11,5.70258404e-05,7.98361766e-04,4.53495927e-05,6.80243890e-04,3.51040522e-04,5.61664835e-03,1.85669862e-09,3.15638766e-08,5.96690212e-20,1.07404238e-18,1.10246411e-05,1.87418899e-04,3.55720212e-11,6.40296382e-10,7.17611362e-05,1.43522272e-03
7.66852397e-02,1.54887632e-01,6.96709118e+03,6.33244159e-01,7.12648713e-01,7.12648713e-01,6.91403233e-02,2.76561293e-01,1.32025636e-05,1.58430763e-04,3.89304755e-09,5.06096181e-08,1.19930714e-04,1.55909928e-03,1.39757542e-05,1.95660559e-04,7.48864289e-12,1.12329643e-10,5.77482147e-05,8.08475005e-04,4.54187769e-05,6.81281653e-04,3.50932496e-04,5.61491993e-03,2.15427236e-09,3.66226302e-08,8.43797973e-20,1.51883635e-18,1.11319886e-05,1.89243807e-04,4.15627983e-11,7.48130370e-10,7.17611362e-05,1.43522272e-03
8.17110332e-02,1.52314469e-01,6.62559295e+03,6.28931340e-01,7.12647566e-01,7.12647566e-01,6.91403317e-02,2.76561327e-01,1.28322653e-05,1.53987184e-04,4.22621180e-09,5.49407534e-08,1.19669255e-04,1.55570031e-03,1.39239563e-05,1.94935389e-04,9.37355944e-12,1.40603392e-10,5.83777044e-05,8.17287861e-04,4.54727710e-05,6.82091565e-04,3.50838582e-04,5.61341732e-03,2.50196177e-09,4.25333501e-08,1.21200719e-19,2.18161294e-18,1.12251969e-05,1.90828347e-04,4.85740300e-11,8.74332540e-10,7.17611362e-05,1.43522272e-03
8.70662068e-02,1.49619690e-01,6.28011400e+03,6.25160360e-01,7.12646583e-01,7.12646583e-01,6.91403403e-02,2.76561361e-01,1.25164754e-05,1.50197705e-04,4.61982831e-09,6.00577681e-08,1.19441539e-04,1.55274001e-03,1.38850069e-05,1.94390096e-04,1.19025646e-11,1.78538469e-10,5.89187649e-05,8.24862708e-04,4.55140202e-05,6.82710303e-04,3.50758096e-04,5.61212953e-03,2.90646999e-09,4.94099898e-08,1.77005647e-19,3.18610164e-18,1.13049497e-05,1.92184144e-04,5.67573092e-11,1.02163157e-09,7.17611362e-05,1.43522272e-03
9.27723476e-02,1.46800747e-01,5.93179417e+03,6.21911541e-01,7.12645750e-01,7.12645750e-01,6.91403492e-02,2.76561397e-01,1.22499593e-05,1.46999511e-04,5.07862096e-09,6.60220724e-08,1.19247233e-04,1.55021403e-03,1.38566319e-05,1.93992847e-04,1.53480826e-11,2.30221240e-10,5.93769564e-05,8.31277390e-04,4.55447984e-05,6.83171976e-04,3.50690167e-04,5.61104267e-03,3.37452208e-09,5.73668754e-08,2.63125519e-19,4.73625935e-18,1.13721119e-05,1.93325902e-04,6.62744139e-11,1.19293945e-09,7.17611362e-05,1.43522272e-03
9.88524571e-02,1.43855479e-01,5.58187996e+03,6.19156831e-01,7.12645054e-01,7.12645054e-01,6.91403584e-02,2.76561434e-01,1.20276419e-05,1.44331703e-04,5.60788469e-09,7.29025009e-08,1.19084914e-04,1.54810388e-03,1.38367757e-05,1.93714860e-04,2.01193833e-11,3.01790749e-10,5.97587652e-05,8.36622713e-04,4.55671618e-05,6.83507427e-04,3.50633776e-04,5.61014042e-03,3.91256506e-09,6.65136060e-08,3.98623961e-19,7.17523130e-18,1.14276995e-05,1.94270891e-04,7.72933629e-11,1.39128053e-09,7.17611362e-05,1.43522272e-03
1.05331045e-01,1.40782182e-01,5.23171822e+03,6.16860797e-01,7.12644479e-01,7.12644479e-01,6.91403682e-02,2.76561473e-01,1.18446161e-05,1.42135393e-04,6.21328246e-09,8.07726719e-08,1.18952287e-04,1.54637973e-03,1.38236363e-05,1.93530908e-04,2.68421594e-11,4.02632390e-10,6.00713828e-05,8.40999359e-04,4.55829135e-05,6.83743703e-04,3.50587790e-04,5.60940463e-03,4.52644794e-09,7.69496149e-08,6.16288528e-19,1.10931935e-17,1.14728422e-05,1.95038317e-04,8.99831257e-11,1.61969626e-09,7.17611362e-05,1.43522272e-03
1.12234225e-01,1.37579686e-01,4.88274689e+03,6.14981915e-01,7.12644012e-01,7.12644012e-01,6.91403784e-02,2.76561514e-01,1.16961532e-05,1.40353838e-04,6.90063130e-09,8.97082069e-08,1.18846412e-04,1.54500336e-03,1.38156843e-05,1.93419580e-04,3.64905386e-11,5.47358078e-10,6.03224671e-05,8.44514539e-04,4.55935859e-05,6.83903788e-04,3.50551000e-04,5.60881601e-03,5.22113168e-09,8.87592386e-08,9.73863203e-19,1.75295377e-17,1.15087426e-05,1.95648625e-04,1.04507270e-10,1.88113085e-09,7.17611362e-05,1.43522272e-03
1.19589826e-01,1.34247433e-01,4.53648252e+03,6.13474174e-01,7.12643638e-01,7.12643638e-01,6.91403892e-02,2.76561557e-01,1.15777239e-05,1.38932687e-04,7.67568834e-09,9.97839485e-08,1.18763935e-04,1.54393116e-03,1.38116659e-05,1.93363322e-04,5.06097622e-11,7.59146434e-10,6.05198872e-05,8.47278421e-04,4.56004375e-05,6.84006563e-04,3.50522172e-04,5.60835474e-03,6.00048852e-09,1.02008305e-07,1.57566125e-18,2.83619025e-17,1.15366329e-05,1.96122759e-04,1.21017101e-10,2.17830781e-09,7.17611362e-05,1.43522272e-03
1.27427499e-01,1.30785560e-01,4.19450450e+03,6.12288936e-01,7.12643344e-01,7.12643344e-01,6.91404007e-02,2.76561603e-01,1.14850277e-05,1.37820332e-04,8.54395229e-09,1.11071380e-07,1.18701319e-04,1.54311714e-03,1.38105894e-05,1.93348252e-04,7.16975252e-11,1.07546288e-09,6.06714674e-05,8.49400544e-04,4.56044677e-05,6.84067015e-04,3.50500079e-04,5.60800127e-03,6.86724545e-09,1.16743173e-07,2.61526756e-18,4.70748161e-17,1.15577318e-05,1.96481440e-04,1.39645148e-10,2.51361267e-09,7.17611362e-05,1.43522272e-03
1.35778836e-01,1.27194988e-01,3.85843571e+03,6.11376931e-01,7.12643117e-01,7.12643117e-01,6.91404129e-02,2.76561652e-01,1.14140276e-05,1.36968331e-04,9.51050073e-09,1.23636509e-07,1.18655042e-04,1.54251555e-03,1.38116992e-05,1.93363788e-04,1.03864835e-10,1.55797252e-09,6.07847467e-05,8.50986454e-04,4.56064423e-05,6.84096634e-04,3.50483553e-04,5.60773685e-03,7.82310412e-09,1.32992770e-07,4.46211007e-18,8.03179812e-17,1.15732051e-05,1.96744487e-04,1.60500002e-10,2.88900003e-09,7.17611362e-05,1.43522272e-03
1.44677502e-01,1.23477509e-01,3.52991990e+03,6.10690218e-01,7.12642946e-01,7.12642946e-01,6.91404257e-02,2.76561703e-01,1.13609892e-05,1.36331870e-04,1.05798852e-08,1.37538508e-07,1.18621777e-04,1.54208311e-03,1.38144404e-05,1.93402165e-04,1.53987813e-10,2.30981719e-09,6.08667671e-05,8.52134739e-04,4.56069289e-05,6.84103933e-04,3.50471509e-04,5.60754414e-03,8.86903271e-09,1.50773556e-07,7.84094330e-18,1.41136979e-16,1.15841319e-05,1.96930243e-04,1.83663500e-10,3.30594299e-09,7.17611362e-05,1.43522272e-03
1.54159369e-01,1.19635881e-01,3.21059574e+03,6.10183980e-01,7.12642820e-01,7.12642820e-01,6.91404393e-02,2.76561757e-01,1.13225171e-05,1.35870205e-04,1.17561026e-08,1.52829334e-07,1.18598517e-04,1.54178073e-03,1.38184209e-05,1.93457892e-04,2.33704349e-10,3.50556523e-09,6.09239030e-05,8.52934642e-04,4.56063350e-05,6.84095024e-04,3.50462975e-04,5.60740760e-03,1.00056840e-08,1.70096627e-07,1.42092698e-17,2.55766857e-16,1.15914782e-05,1.97055129e-04,2.09191011e-10,3.76543820e-09,7.17611362e-05,1.43522272e-03
1.64262658e-01,1.15673917e-01,2.90206809e+03,6.09817977e-01,7.12642729e-01,7.12642729e-01,6.91404536e-02,2.76561814e-01,1.12955855e-05,1.35547026e-04,1.30426534e-08,1.69554494e-07,1.18582664e-04,1.54157463e-03,1.38233734e-05,1.93527227e-04,3.62789630e-10,5.44184446e-09,6.09617421e-05,8.53464390e-04,4.56049450e-05,6.84074175e-04,3.50457111e-04,5.60731377e-03,1.12338610e-08,1.90975638e-07,2.65482488e-17,4.77868478e-16,1.15960797e-05,1.97133355e-04,2.37115049e-10,4.26807088e-09,7.17611362e-05,1.43522272e-03
1.75028096e-01,1.11596577e-01,2.60587689e+03,6.09557572e-01,7.12642665e-01,7.12642665e-01,6.91404685e-02,2.76561874e-01,1.12775555e-05,1.35330665e-04,1.44426852e-08,1.87754907e-07,1.18572067e-04,1.54143688e-03,1.38291225e-05,1.93607715e-04,5.74532202e-10,8.61798302e-09,6.09850211e-05,8.53790295e-04,4.56029532e-05,6.84044297e-04,3.50453212e-04,5.60725139e-03,1.25549426e-08,2.13434024e-07,5.09578370e-17,9.17241065e-16,1.15986345e-05,1.97176786e-04,2.67451817e-10,4.81413270e-09,7.17611362e-05,1.43522272e-03
1.86499079e-01,1.07410052e-01,2.32346454e+03,6.09374290e-01,7.12642622e-01,7.12642622e-01,6.91404840e-02,2.76561936e-01,1.12661764e-05,1.35194116e-04,1.59592073e-08,2.07469695e-07,1.18565028e-04,1.54134537e-03,1.38355582e-05,1.93697815e-04,9.23296563e-10,1.38494484e-08,6.09976163e-05,8.53966628e-04,4.56004893e-05,6.84007339e-04,3.50450711e-04,5.60721138e-03,1.39711941e-08,2.37510300e-07,9.95521811e-17,1.79193926e-15,1.15997040e-05,1.97194967e-04,3.00209704e-10,5.40377466e-09,7.17611362e-05,1.43522272e-03
1.98721847e-01,1.03121841e-01,2.05614267e+03,6.09245900e-01,7.12642593e-01,7.12642593e-01,6.91404999e-02,2.76562000e-01,1.12595700e-05,1.35114840e-04,1.75953491e-08,2.28739539e-07,1.18560263e-04,1.54128342e-03,1.38426159e-05,1.93796623e-04,1.49264600e-09,2.23896900e-08,6.10025840e-05,8.54036177e-04,4.55976386e-05,6.83964579e-04,3.50449169e-04,5.60718670e-03,1.54859290e-08,2.63260793e-07,1.94582577e-16,3.50248638e-15,1.15997221e-05,1.97195276e-04,3.35398335e-10,6.03717003e-09,7.17611362e-05,1.43522272e-03
2.11745669e-01,9.87408232e-02,1.80505942e+03,6.09156043e-01,7.12642575e-01,7.12642575e-01,6.91405163e-02,2.76562065e-01,1.12562035e-05,1.35074442e-04,1.93546299e-08,2.51610189e-07,1.18556852e-04,1.54123907e-03,1.38502627e-05,1.93903677e-04,2.39864029e-09,3.59796044e-08,6.10022390e-05,8.54031347e-04,4.55944551e-05,6.83916827e-04,3.50448257e-04,5.60717212e-03,1.71035261e-08,2.90759943e-07,3.71422571e-16,6.68560628e-15,1.15990103e-05,1.97183175e-04,3.73036746e-10,6.71466142e-09,7.17611362e-05,1.43522272e-03
2.25623046e-01,9.42773100e-02,1.57116870e+03,6.09093393e-01,7.12642565e-01,7.12642565e-01,6.91405328e-02,2.76562131e-01,1.12548620e-05,1.35058344e-04,2.12412051e-08,2.76135666e-07,1.18554167e-04,1.54120418e-03,1.38584879e-05,1.94018830e-04,3.77943399e-09,5.66915099e-08,6.09982598e-05,8.53975638e-04,4.55909710e-05,6.83864565e-04,3.50447743e-04,5.60716389e-03,1.88293450e-08,3.20098864e-07,6.74969393e-16,1.21494491e-14,1.15977953e-05,1.97162520e-04,4.13159529e-10,7.43687153e-09,7.17611362e-05,1.43522272e-03
2.40409918e-01,8.97430846e-02,1.35520267e+03,6.09050419e-01,7.12642559e-01,7.12642559e-01,6.91405494e-02,2.76562198e-01,1.12546303e-05,1.35055564e-04,2.32600634e-08,3.02380825e-07,1.18551809e-04,1.54117351e-03,1.38672973e-05,1.94142162e-04,5.76583349e-09,8.64875023e-08,6.09918063e-05,8.53885288e-04,4.55872025e-05,6.83808038e-04,3.50447467e-04,5.60715948e-03,2.06695953e-08,3.51383120e-07,1.14651739e-15,2.06373131e-14,1.15962288e-05,1.97135889e-04,4.55820354e-10,8.20476638e-09,7.17611362e-05,1.43522272e-03
2.56165892e-01,8.51514181e-02,1.15764907e+03,6.09021991e-01,7.12642556e-01,7.12642556e-01,6.91405660e-02,2.76562264e-01,1.12548789e-05,1.35058547e-04,2.54171585e-08,3.30423061e-07,1.18549534e-04,1.54114394e-03,1.38767088e-05,1.94273923e-04,8.44221884e-09,1.26633283e-07,6.09836368e-05,8.53770915e-04,4.55831545e-05,6.83747317e-04,3.50447327e-04,5.60715724e-03,2.26312118e-08,3.84730601e-07,1.80954590e-15,3.25718262e-14,1.15944058e-05,1.97104899e-04,5.01092840e-10,9.01967112e-09,7.17611362e-05,1.43522272e-03
2.72954479e-01,8.05170612e-02,9.78734771e+02,6.09004237e-01,7.12642556e-01,7.12642556e-01,6.91405825e-02,2.76562330e-01,1.12552358e-05,1.35062829e-04,2.77194738e-08,3.60353159e-07,1.18547208e-04,1.54111371e-03,1.38867493e-05,1.94414491e-04,1.18216158e-08,1.77324237e-07,6.09742155e-05,8.53639017e-04,4.55788231e-05,6.83682347e-04,3.50447260e-04,5.60715617e-03,2.47217661e-08,4.20270023e-07,2.66822075e-15,4.80279735e-14,1.15923813e-05,1.97070483e-04,5.49069278e-10,9.88324700e-09,7.17611362e-05,1.43522272e-03
2.90843356e-01,7.58562052e-02,8.18416942e+02,6.08993947e-01,7.12642557e-01,7.12642557e-01,6.91405990e-02,2.76562396e-01,1.12555310e-05,1.35066372e-04,3.01750307e-08,3.92275399e-07,1.18544761e-04,1.54108189e-03,1.38974529e-05,1.94564341e-04,1.58527733e-08,2.37791600e-07,6.09638024e-05,8.53493234e-04,4.55741986e-05,6.83612979e-04,3.50447230e-04,5.60715569e-03,2.69494243e-08,4.58140212e-07,3.71934160e-15,6.69481488e-14,1.15901831e-05,1.97033113e-04,5.99857964e-10,1.07974433e-08,7.17611362e-05,1.43522272e-03
3.09904634e-01,7.11864093e-02,6.76382768e+02,6.08988478e-01,7.12642558e-01,7.12642558e-01,6.91406157e-02,2.76562463e-01,1.12557223e-05,1.35068668e-04,3.27928592e-08,4.26307169e-07,1.18542156e-04,1.54104803e-03,1.39088591e-05,1.94724028e-04,2.04528955e-08,3.06793432e-07,6.09525238e-05,8.53335333e-04,4.55692667e-05,6.83539001e-04,3.50447218e-04,5.60715549e-03,2.93229437e-08,4.98490044e-07,4.96526368e-15,8.93747463e-14,1.15878217e-05,1.96992969e-04,6.53579929e-10,1.17644387e-08,7.17611362e-05,1.43522272e-03
3.30215148e-01,6.65264894e-02,5.52058487e+02,6.08985831e-01,7.12642560e-01,7.12642560e-01,6.91406325e-02,2.76562530e-01,1.12558269e-05,1.35069923e-04,3.55829502e-08,4.62578353e-07,1.18539376e-04,1.54101189e-03,1.39210118e-05,1.94894165e-04,2.55432047e-08,3.83148071e-07,6.09404232e-05,8.53165924e-04,4.55640100e-05,6.83460150e-04,3.50447213e-04,5.60715541e-03,3.18516932e-08,5.41478784e-07,6.41912431e-15,1.15544238e-13,1.15852976e-05,1.96950059e-04,7.10365720e-10,1.27865830e-08,7.17611362e-05,1.43522272e-03
3.51856773e-01,6.18963652e-02,4.44627901e+02,6.08984671e-01,7.12642562e-01,7.12642562e-01,6.91406495e-02,2.76562598e-01,1.12558766e-05,1.35070519e-04,3.85562104e-08,5.01230735e-07,1.18536409e-04,1.54097331e-03,1.39339587e-05,1.95075421e-04,3.10698625e-08,4.66047938e-07,6.09274959e-05,8.52984942e-04,4.55584084e-05,6.83376126e-04,3.50447212e-04,5.60715539e-03,3.45456841e-08,5.87276630e-07,8.10375373e-15,1.45867567e-13,1.15826052e-05,1.96904289e-04,7.70352595e-10,1.38663467e-08,7.17611362e-05,1.43522272e-03
3.74916744e-01,5.73168637e-02,3.53060008e+02,6.08984213e-01,7.12642564e-01,7.12642564e-01,6.91406668e-02,2.76562667e-01,1.12558972e-05,1.35070767e-04,4.17244301e-08,5.42417591e-07,1.18533243e-04,1.54093216e-03,1.39477512e-05,1.95268517e-04,3.70079921e-08,5.55119881e-07,6.09137101e-05,8.52791941e-04,4.55524401e-05,6.83286601e-04,3.50447211e-04,5.60715538e-03,3.74156062e-08,6.36065305e-07,1.00490030e-14,1.80882054e-13,1.15797358e-05,1.96855509e-04,8.33682296e-10,1.50062813e-08,7.17611362e-05,1.43522272e-03
3.99488019e-01,5.28094755e-02,2.76144778e+02,6.08984051e-01,7.12642566e-01,7.12642566e-01,6.91406844e-02,2.76562738e-01,1.12559048e-05,1.35070858e-04,4.51002727e-08,5.86303546e-07,1.18529869e-04,1.54088829e-03,1.39624443e-05,1.95474220e-04,4.33559019e-08,6.50338529e-07,6.08990191e-05,8.52586268e-04,4.55460813e-05,6.83191220e-04,3.50447211e-04,5.60715538e-03,4.04728627e-08,6.88038665e-07,1.22900720e-14,2.21221297e-13,1.15766787e-05,1.96803538e-04,9.00499323e-10,1.62089878e-08,7.17611362e-05,1.43522272e-03
4.25669645e-01,4.83960669e-02,2.12535498e+02,6.08984000e-01,7.12642568e-01,7.12642568e-01,6.91407023e-02,2.76562809e-01,1.12559072e-05,1.35070887e-04,4.86972858e-08,6.33064715e-07,1.18526272e-04,1.54084154e-03,1.39780964e-05,1.95693349e-04,5.01270206e-08,7.51905309e-07,6.08833676e-05,8.52367146e-04,4.55393067e-05,6.83089601e-04,3.50447211e-04,5.60715537e-03,4.37296083e-08,7.43403341e-07,1.48670680e-14,2.67607224e-13,1.15734220e-05,1.96748174e-04,9.70949567e-10,1.74770922e-08,7.17611362e-05,1.43522272e-03
4.53567162e-01,4.40985467e-02,1.60795579e+02,6.08983986e-01,7.12642569e-01,7.12642569e-01,6.91407204e-02,2.76562882e-01,1.12559079e-05,1.35070895e-04,5.25299302e-08,6.82889093e-07,1.18522439e-04,1.54079171e-03,1.39947699e-05,1.95926778e-04,5.73435236e-08,8.60152854e-07,6.08666942e-05,8.52133719e-04,4.55320893e-05,6.82981339e-04,3.50447211e-04,5.60715537e-03,4.71987898e-08,8.02379427e-07,1.78252517e-14,3.20854530e-13,1.15699528e-05,1.96689198e-04,1.04517912e-09,1.88132242e-08,7.17611362e-05,1.43522272e-03
4.83293024e-01,3.99384940e-02,1.19447297e+02,6.08983982e-01,7.12642571e-01,7.12642571e-01,6.91407389e-02,2.76562956e-01,1.12559081e-05,1.35070897e-04,5.66136254e-08,7.35977130e-07,1.18518356e-04,1.54073863e-03,1.40125311e-05,1.96175435e-04,6.50325184e-08,9.75487777e-07,6.08489330e-05,8.51885063e-04,4.55244000e-05,6.82866001e-04,3.50447211e-04,5.60715537e-03,5.08941910e-08,8.65201248e-07,2.12155601e-14,3.81880082e-13,1.15662574e-05,1.96626376e-04,1.12333314e-09,2.02199965e-08,7.17611362e-05,1.43522272e-03
5.14967058e-01,3.59367521e-02,8.70197321e+01,6.08983982e-01,7.12642572e-01,7.12642572e-01,6.91407576e-02,2.76563030e-01,1.12559081e-05,1.35070897e-04,6.09648036e-08,7.92542447e-07,1.18514005e-04,1.54068206e-03,1.40314507e-05,1.96440309e-04,7.32242054e-08,1.09836308e-06,6.08300135e-05,8.51620189e-04,4.55162083e-05,6.82743125e-04,3.50447211e-04,5.60715537e-03,5.48304826e-08,9.32118205e-07,2.50952432e-14,4.51714378e-13,1.15623211e-05,1.96559459e-04,1.20555459e-09,2.16999825e-08,7.17611362e-05,1.43522272e-03
5.48716944e-01,3.21129985e-02,6.20931727e+01,6.08983982e-01,7.12642573e-01,7.12642573e-01,6.91407766e-02,2.76563106e-01,1.12559081e-05,1.35070897e-04,6.56009736e-08,8.52812657e-07,1.18509368e-04,1.54062179e-03,1.40516037e-05,1.96722452e-04,8.19511795e-08,1.22926769e-06,6.08098605e-05,8.51338047e-04,4.55074813e-05,6.82612220e-04,3.50447211e-04,5.60715537e-03,5.90232765e-08,1.00339570e-06,2.95285741e-14,5.31514333e-13,1.15581283e-05,1.96488181e-04,1.29198291e-09,2.32556925e-08,7.17611362e-05,1.43522272e-03
5.84678728e-01,2.84853031e-02,4.33374953e+01,6.08983981e-01,7.12642574e-01,7.12642574e-01,6.91407959e-02,2.76563183e-01,1.12559081e-05,1.35070897e-04,7.05407892e-08,9.17030259e-07,1.18504429e-04,1.54055757e-03,1.40730702e-05,1.97022982e-04,9.12482678e-08,1.36872402e-06,6.07883940e-05,8.51037516e-04,4.54981842e-05,6.82472764e-04,3.50447211e-04,5.60715537e-03,6.34891844e-08,1.07931614e-06,3.45876298e-14,6.22577336e-13,1.15536624e-05,1.96412261e-04,1.38275255e-09,2.48895458e-08,7.17611362e-05,1.43522272e-03
6.22997373e-01,2.50696877e-02,2.95425545e+01,6.08983981e-01,7.12642575e-01,7.12642575e-01,6.91408154e-02,2.76563261e-01,1.12559081e-05,1.35070897e-04,7.58041235e-08,9.85453606e-07,1.18499165e-04,1.54048915e-03,1.40959352e-05,1.97343092e-04,1.01152579e-07,1.51728869e-06,6.07655290e-05,8.50717406e-04,4.54882799e-05,6.82324199e-04,3.50447211e-04,5.60715537e-03,6.82458799e-08,1.16017996e-06,4.03531455e-14,7.26356619e-13,1.15489057e-05,1.96331397e-04,1.47799118e-09,2.66038412e-08,7.17611362e-05,1.43522272e-03
6.63827344e-01,2.18797063e-02,1.96392878e+01,6.08983981e-01,7.12642576e-01,7.12642576e-01,6.91408351e-02,2.76563340e-01,1.12559081e-05,1.35070897e-04,8.14121487e-08,1.05835793e-06,1.18493557e-04,1.54041624e-03,1.41202892e-05,1.97684049e-04,1.11703626e-07,1.67555440e-06,6.07411749e-05,8.50376449e-04,4.54777289e-05,6.82165933e-04,3.50447211e-04,5.60715537e-03,7.33121644e-08,1.24630679e-06,4.69154457e-14,8.44478023e-13,1.15438394e-05,1.96245270e-04,1.57781791e-09,2.84007224e-08,7.17611362e-05,1.43522272e-03
7.07333228e-01,1.89260625e-02,1.27110691e+01,6.08983981e-01,7.12642577e-01,7.12642577e-01,6.91408551e-02,2.76563420e-01,1.12559081e-05,1.35070897e-04,8.73874204e-08,1.13603647e-06,1.18487582e-04,1.54033857e-03,1.41462287e-05,1.98047201e-04,1.22943475e-07,1.84415212e-06,6.07152355e-05,8.50013297e-04,4.54664890e-05,6.81997335e-04,3.50447211e-04,5.60715537e-03,7.87080371e-08,1.33803663e-06,5.43754560e-14,9.78758208e-13,1.15384436e-05,1.96153540e-04,1.68234117e-09,3.02821411e-08,7.17611362e-05,1.43522272e-03
7.53690398e-01,1.62162859e-02,7.99568083e+00,6.08983981e-01,7.12642577e-01,7.12642577e-01,6.91408753e-02,2.76563501e-01,1.12559081e-05,1.35070897e-04,9.37539675e-08,1.21880158e-06,1.18481215e-04,1.54025580e-03,1.41738559e-05,1.98433983e-04,1.34916902e-07,2.02375353e-06,6.06876082e-05,8.49626515e-04,4.54545156e-05,6.81817734e-04,3.50447211e-04,5.60715537e-03,8.44547687e-08,1.43573107e-06,6.28457989e-14,1.13122438e-12,1.15326968e-05,1.96055846e-04,1.79165643e-09,3.22498157e-08,7.17611362e-05,1.43522272e-03
8.03085722e-01,1.37544851e-02,4.87903892e+00,6.08983981e-01,7.12642578e-01,7.12642578e-01,6.91408957e-02,2.76563583e-01,1.12559081e-05,1.35070897e-04,1.00537389e-07,1.30698605e-06,1.18474432e-04,1.54016762e-03,1.42032800e-05,1.98845920e-04,1.47671574e-07,2.21507361e-06,6.06581842e-05,8.49214578e-04,4.54417609e-05,6.81626414e-04,3.50447211e-04,5.60715537e-03,9.05749796e-08,1.53977465e-06,7.24519762e-14,1.30413557e-12,1.15265766e-05,1.95951802e-04,1.90584369e-09,3.43051864e-08,7.17611362e-05,1.43522272e-03
8.55718314e-01,1.15411970e-02,2.88239728e+00,6.08983981e-01,7.12642578e-01,7.12642578e-01,6.91409163e-02,2.76563665e-01,1.12559081e-05,1.35070897e-04,1.07764954e-07,1.40094440e-06,1.18467204e-04,1.54007366e-03,1.42346167e-05,1.99284634e-04,1.61258222e-07,2.41887333e-06,6.06268474e-05,8.48775864e-04,4.54281743e-05,6.81422614e-04,3.50447211e-04,5.60715537e-03,9.70927226e-08,1.65057628e-06,8.33336400e-14,1.50000552e-12,1.15200589e-05,1.95841001e-04,2.02496482e-09,3.64493668e-08,7.17611362e-05,1.43522272e-03
9.11800339e-01,1.00000000e-02,1.64510151e+00,6.08983981e-01,7.12642578e-01,7.12642578e-01,6.91409370e-02,2.76563748e-01,1.12559081e-05,1.35070897e-04,1.15465714e-07,1.50105428e-06,1.18459504e-04,1.53997355e-03,1.42679894e-05,1.99751852e-04,1.75730841e-07,2.63596262e-06,6.05934747e-05,8.48308646e-04,4.54137017e-05,6.81205525e-04,3.50447211e-04,5.60715537e-03,1.04033569e-07,1.76857068e-06,9.56459519e-14,1.72162713e-12,1.15131180e-05,1.95723006e-04,2.14906065e-09,3.86830917e-08,7.17611362e-05,1.43522272e-03
9.71557865e-01,1.00000000e-02,9.05042689e-01,6.08983981e-01,7.12642578e-01,7.12642578e-01,6.91409578e-02,2.76563831e-01,1.12559081e-05,1.35070897e-04,1.23670615e-07,1.60771799e-06,1.18451299e-04,1.53986688e-03,1.43035291e-05,2.00249407e-04,1.91146892e-07,2.86720339e-06,6.05579351e-05,8.47811091e-04,4.53982856e-05,6.80974284e-04,3.50447211e-04,5.60715537e-03,1.11424703e-07,1.89421995e-06,1.09561031e-13,1.97209855e-12,1.15057269e-05,1.95597357e-04,2.27814786e-09,4.10066615e-08,7.17611362e-05,1.43522272e-03
1.03523178e+00,1.00000000e-02,4.78780861e-01,6.08983981e-01,7.12642579e-01,7.12642579e-01,6.91409786e-02,2.76563915e-01,1.12559081e-05,1.35070897e-04,1.32412623e-07,1.72136410e-06,1.18442557e-04,1.53975324e-03,1.43413750e-05,2.00779250e-04,2.07567521e-07,3.11351281e-06,6.05200892e-05,8.47281248e-04,4.53818650e-05,6.80727975e-04,3.50447211e-04,5.60715537e-03,1.19295015e-07,2.02801526e-06,1.25269485e-13,2.25485073e-12,1.14978566e-05,1.95463562e-04,2.41221578e-09,4.34198840e-08,7.17611362e-05,1.43522272e-03
1.10307874e+00,1.00000000e-02,2.42929994e-01,6.08983981e-01,7.12642579e-01,7.12642579e-01,6.91409995e-02,2.76563998e-01,1.12559081e-05,1.35070897e-04,1.41726854e-07,1.84244910e-06,1.18433243e-04,1.53963215e-03,1.43816752e-05,2.01343453e-04,2.25057788e-07,3.37586682e-06,6.04797889e-05,8.46717045e-04,4.53643747e-05,6.80465621e-04,3.50447211e-04,5.60715537e-03,1.27675207e-07,2.17047852e-06,1.42982029e-13,2.57367652e-12,1.14894764e-05,1.95321099e-04,2.55122296e-09,4.59220132e-08,7.17611362e-05,1.43522272e-03
1.17537227e+00,1.00000000e-02,1.17900153e-01,6.08983981e-01,7.12642579e-01,7.12642579e-01,6.91410203e-02,2.76564081e-01,1.12559081e-05,1.35070897e-04,1.51650715e-07,1.97145930e-06,1.18423319e-04,1.53950314e-03,1.44245871e-05,2.01944219e-04,2.43686913e-07,3.65530370e-06,6.04368771e-05,8.46116279e-04,4.53457456e-05,6.80186184e-04,3.50447211e-04,5.60715537e-03,1.36597898e-07,2.32216427e-06,1.62931169e-13,2.93276104e-12,1.14805537e-05,1.95169413e-04,2.69509371e-09,4.85116867e-08,7.17611362e-05,1.43522272e-03
1.25240375e+00,1.00000000e-02,5.45721246e-02,6.08983981e-01,7.12642579e-01,7.12642579e-01,6.91410410e-02,2.76564164e-01,1.12559081e-05,1.35070897e-04,1.62224050e-07,2.10891266e-06,1.18412745e-04,1.53936569e-03,1.44702778e-05,2.02583890e-04,2.63528535e-07,3.95292802e-06,6.03911863e-05,8.45476608e-04,4.53259040e-05,6.79888560e-04,3.50447211e-04,5.60715537e-03,1.46097739e-07,2.48366156e-06,1.85372958e-13,3.33671324e-12,1.14710539e-05,1.95007916e-04,2.84371458e-09,5.11868624e-08,7.17611362e-05,1.43522272e-03
1.33448373e+00,1.00000000e-02,2.40160765e-02,6.08983981e-01,7.12642579e-01,7.12642579e-01,6.91410615e-02,2.76564246e-01,1.12559081e-05,1.35070897e-04,1.73489302e-07,2.25536092e-06,1.18401480e-04,1.53921924e-03,1.45189250e-05,2.03264951e-04,2.84660982e-07,4.26991473e-06,6.03425391e-05,8.44795548e-04,4.53047715e-05,6.79571573e-04,3.50447211e-04,5.60715537e-03,1.56211529e-07,2.65559600e-06,2.10588801e-13,3.79059841e-12,1.14609401e-05,1.94835981e-04,2.99693082e-09,5.39447548e-08,7.17611362e-05,1.43522272e-03
1.42194306e+00,1.00000000e-02,1.00154627e-02,6.08983981e-01,7.12642579e-01,7.12642579e-01,6.91410816e-02,2.76564327e-01,1.12559081e-05,1.35070897e-04,1.85491675e-07,2.41139178e-06,1.18389478e-04,1.53906321e-03,1.45707174e-05,2.03990043e-04,3.07167563e-07,4.60751345e-06,6.02907468e-05,8.44070455e-04,4.52822649e-05,6.79233974e-04,3.50447211e-04,5.60715537e-03,1.66978344e-07,2.83863185e-06,2.38887299e-13,4.29997137e-12,1.14501733e-05,1.94652945e-04,3.15454297e-09,5.67817735e-08,7.17611362e-05,1.43522272e-03
1.51513429e+00,1.00000000e-02,3.94408834e-03,6.08983981e-01,7.12642579e-01,7.12642579e-01,6.91411014e-02,2.76564406e-01,1.12559081e-05,1.35070897e-04,1.98279320e-07,2.57763117e-06,1.18376690e-04,1.53889697e-03,1.46258551e-05,2.04761972e-04,3.31136876e-07,4.96705315e-06,6.02356090e-05,8.43298526e-04,4.52582956e-05,6.78874434e-04,3.50447211e-04,5.60715537e-03,1.78439664e-07,3.03347428e-06,2.70606110e-13,4.87090998e-12,1.14387119e-05,1.94458103e-04,3.31630361e-09,5.96934650e-08,7.17611362e-05,1.43522272e-03
1.61443309e+00,1.00000000e-02,1.46115887e-03,6.08983981e-01,7.12642579e-01,7.12642579e-01,6.91411208e-02,2.76564483e-01,1.12559081e-05,1.35070897e-04,2.11903522e-07,2.75474578e-06,1.18363066e-04,1.53871986e-03,1.46845510e-05,2.05583714e-04,3.56663127e-07,5.34994691e-06,6.01769131e-05,8.42476784e-04,4.52327694e-05,6.78491541e-04,3.50447211e-04,5.60715537e-03,1.90639510e-07,3.24087166e-06,3.06113806e-13,5.51004850e-12,1.14265121e-05,1.94250705e-04,3.48191439e-09,6.26744590e-08,7.17611362e-05,1.43522272e-03
1.72023972e+00,1.00000000e-02,5.07206790e-04,6.08983981e-01,7.12642579e-01,7.12642579e-01,6.91411396e-02,2.76564558e-01,1.12559081e-05,1.35070897e-04,2.26418900e-07,2.94344570e-06,1.18348551e-04,1.53853116e-03,1.47470308e-05,2.06458431e-04,3.83846473e-07,5.75769709e-06,6.01144334e-05,8.41602067e-04,4.52055860e-05,6.78083790e-04,3.50447211e-04,5.60715537e-03,2.03624590e-07,3.46161803e-06,3.45811699e-13,6.22461058e-12,1.14135270e-05,1.94029959e-04,3.65102347e-09,6.57184225e-08,7.17611362e-05,1.43522272e-03
1.83298071e+00,1.00000000e-02,1.64269592e-04,6.08983981e-01,7.12642579e-01,7.12642579e-01,6.91411577e-02,2.76564631e-01,1.12559081e-05,1.35070897e-04,2.41883627e-07,3.14448716e-06,1.18333086e-04,1.53833012e-03,1.48135340e-05,2.07389475e-04,4.12793382e-07,6.19190073e-06,6.00479302e-05,8.40671023e-04,4.51766391e-05,6.77649587e-04,3.50447211e-04,5.60715537e-03,2.17444448e-07,3.69655562e-06,3.90135609e-13,7.02244096e-12,1.13997071e-05,1.93795022e-04,3.82322354e-09,6.88180237e-08,7.17611362e-05,1.43522272e-03
1.95311051e+00,1.00000000e-02,4.94128710e-05,6.08983981e-01,7.12642579e-01,7.12642579e-01,6.91411751e-02,2.76564700e-01,1.12559081e-05,1.35070897e-04,2.58359658e-07,3.35867555e-06,1.18316610e-04,1.53811593e-03,1.48843146e-05,2.08380405e-04,4.43617015e-07,6.65425522e-06,5.99771495e-05,8.39680093e-04,4.51458155e-05,6.77187232e-04,3.50447211e-04,5.60715537e-03,2.32151617e-07,3.94657749e-06,4.39557536e-13,7.91203566e-12,1.13850000e-05,1.93545000e-04,3.99805044e-09,7.19649079e-08,7.17611362e-05,1.43522272e-03
2.08111337e+00,1.00000000e-02,1.37382283e-05,6.08983981e-01,7.12642579e-01,7.12642579e-01,6.91411917e-02,2.76564767e-01,1.12559081e-05,1.35070897e-04,2.75912968e-07,3.58686859e-06,1.18299056e-04,1.53788773e-03,1.49596423e-05,2.09434993e-04,4.76437622e-07,7.14656434e-06,5.99018218e-05,8.38625505e-04,4.51129949e-05,6.76694923e-04,3.50447211e-04,5.60715537e-03,2.47801784e-07,4.21263033e-06,4.94587211e-13,8.90256979e-12,1.13693498e-05,1.93278947e-04,4.17498272e-09,7.51496889e-08,7.17611362e-05,1.43522272e-03
2.21750528e+00,1.00000000e-02,3.51227258e-06,6.08983981e-01,7.12642579e-01,7.12642579e-01,6.91412073e-02,2.76564829e-01,1.12559081e-05,1.35070897e-04,2.94613822e-07,3.82997968e-06,1.18280356e-04,1.53764462e-03,1.50398028e-05,2.10557239e-04,5.11382969e-07,7.67074453e-06,5.98216614e-05,8.37503260e-04,4.50780495e-05,6.76170743e-04,3.50447211e-04,5.60715537e-03,2.64453958e-07,4.49571728e-06,5.55773474e-13,1.00039225e-11,1.13526976e-05,1.92995860e-04,4.35344215e-09,7.83619587e-08,7.17611362e-05,1.43522272e-03
2.36283603e+00,1.00000000e-02,8.21154317e-07,6.08983981e-01,7.12642579e-01,7.12642579e-01,6.91412221e-02,2.76564888e-01,1.12559081e-05,1.35070897e-04,3.14537037e-07,4.08898148e-06,1.18260432e-04,1.53738562e-03,1.51250987e-05,2.11751382e-04,5.48588773e-07,8.22883160e-06,5.97363655e-05,8.36309117e-04,4.50408437e-05,6.75612656e-04,3.50447211e-04,5.60715537e-03,2.82170642e-07,4.79690091e-06,6.23705462e-13,1.12266983e-11,1.13349810e-05,1.92694676e-04,4.53279545e-09,8.15903181e-08,7.17611362e-05,1.43522272e-03
2.51769146e+00,1.00000000e-02,1.74540490e-07,6.08983981e-01,7.12642579e-01,7.12642579e-01,6.91412358e-02,2.76564943e-01,1.12559081e-05,1.35070897e-04,3.35762286e-07,4.36490972e-06,1.18239207e-04,1.53710969e-03,1.52158509e-05,2.13021913e-04,5.88199177e-07,8.82298766e-06,5.96456133e-05,8.35038586e-04,4.50012333e-05,6.75018500e-04,3.50447211e-04,5.60715537e-03,3.01018016e-07,5.11730627e-06,6.99013557e-13,1.25822440e-11,1.13161336e-05,1.92374271e-04,4.71235733e-09,8.48224320e-08,7.17611362e-05,1.43522272e-03
2.68269580e+00,1.00000000e-02,3.35190309e-08,6.08983981e-01,7.12642579e-01,7.12642579e-01,6.91412484e-02,2.76564994e-01,1.12559081e-05,1.35070897e-04,3.58374403e-07,4.65886724e-06,1.18216595e-04,1.53681574e-03,1.53123991e-05,2.14373588e-04,6.30367233e-07,9.45550849e-06,5.95490650e-05,8.33686911e-04,4.49590653e-05,6.74385979e-04,3.50447211e-04,5.60715537e-03,3.21066123e-07,5.45812410e-06,7.82370063e-13,1.40826611e-11,1.12960855e-05,1.92033453e-04,4.89139506e-09,8.80451111e-08,7.17611362e-05,1.43522272e-03
2.85851418e+00,1.00000000e-02,5.77725999e-09,6.08983981e-01,7.12642579e-01,7.12642579e-01,6.91412600e-02,2.76565040e-01,1.12559081e-05,1.35070897e-04,3.82463712e-07,4.97202826e-06,1.18192506e-04,1.53650257e-03,1.54151029e-05,2.15811441e-04,6.75255415e-07,1.01288312e-05,5.94463612e-05,8.32249057e-04,4.49141771e-05,6.73712656e-04,3.50447211e-04,5.60715537e-03,3.42389058e-07,5.82061399e-06,8.74489602e-13,1.57408128e-11,1.12747625e-05,1.91670963e-04,5.06913465e-09,9.12444236e-08,7.17611362e-05,1.43522272e-03
3.04585534e+00,1.00000000e-02,8.87379901e-10,6.08983981e-01,7.12642579e-01,7.12642579e-01,6.91412704e-02,2.76565082e-01,1.12559081e-05,1.35070897e-04,4.08126384e-07,5.30564299e-06,1.18166843e-04,1.53616896e-03,1.55243428e-05,2.17340799e-04,7.23036158e-07,1.08455424e-05,5.93371214e-05,8.30719699e-04,4.48663963e-05,6.72995945e-04,3.50447211e-04,5.60715537e-03,3.65065163e-07,6.20610777e-06,9.76129188e-13,1.75703254e-11,1.12520864e-05,1.91285469e-04,5.24476872e-09,9.44058369e-08,7.17611362e-05,1.43522272e-03
3.24547446e+00,1.00000000e-02,1.20552100e-10,6.08983981e-01,7.12642579e-01,7.12642579e-01,6.91412798e-02,2.76565119e-01,1.12559081e-05,1.35070897e-04,4.35464803e-07,5.66104244e-06,1.18139505e-04,1.53581356e-03,1.56405211e-05,2.18967296e-04,7.73892417e-07,1.16083863e-05,5.92209430e-05,8.29093202e-04,4.48155401e-05,6.72233101e-04,3.50447211e-04,5.60715537e-03,3.89177227e-07,6.61601286e-06,1.08808801e-12,1.95855841e-11,1.12279744e-05,1.90875564e-04,5.41746621e-09,9.75143918e-08,7.17611362e-05,1.43522272e-03
3.45817620e+00,1.00000000e-02,1.43688774e-11,6.08983981e-01,7.12642579e-01,7.12642579e-01,6.91412881e-02,2.76565152e-01,1.12559081e-05,1.35070897e-04,4.64587966e-07,6.03964355e-06,1.18110381e-04,1.53543496e-03,1.57640633e-05,2.20696886e-04,8.28018257e-07,1.24202739e-05,5.90974009e-05,8.27363612e-04,4.47614142e-05,6.71421214e-04,3.50447211e-04,5.60715537e-03,4.14812689e-07,7.05181571e-06,1.21120687e-12,2.18017237e-11,1.12023389e-05,1.90439761e-04,5.58638378e-09,1.00554908e-07,7.17611362e-05,1.43522272e-03
3.68481798e+00,1.00000000e-02,1.48980728e-12,6.08983981e-01,7.12642579e-01,7.12642579e-01,6.91412953e-02,2.76565181e-01,1.12559081e-05,1.35070897e-04,4.95611900e-07,6.44295470e-06,1.18079358e-04,1.53503165e-03,1.58954185e-05,2.22535859e-04,8.85619459e-07,1.32842919e-05,5.89660457e-05,8.25524639e-04,4.47038130e-05,6.70557196e-04,3.50447211e-04,5.60715537e-03,4.42063840e-07,7.51508527e-06,1.34636744e-12,2.42346139e-11,1.11750878e-05,1.89976492e-04,5.75067889e-09,1.03512220e-07,7.17611362e-05,1.43522272e-03
3.92631340e+00,1.00000000e-02,1.33146211e-13,6.08983981e-01,7.12642579e-01,7.12642579e-01,6.91413016e-02,2.76565206e-01,1.12559081e-05,1.35070897e-04,5.28660112e-07,6.87258146e-06,1.18046309e-04,1.53460202e-03,1.60350612e-05,2.24490857e-04,9.46914157e-07,1.42037123e-05,5.88264030e-05,8.23569641e-04,4.46425183e-05,6.69637775e-04,3.50447211e-04,5.60715537e-03,4.71028027e-07,8.00747647e-06,1.49449118e-12,2.69008412e-11,1.11461236e-05,1.89484101e-04,5.90952439e-09,1.06371439e-07,7.17611362e-05,1.43522272e-03
4.18363594e+00,1.00000000e-02,1.01576033e-14,6.08983981e-01,7.12642579e-01,7.12642579e-01,6.91413069e-02,2.76565228e-01,1.12559081e-05,1.35070897e-04,5.63864058e-07,7.33023275e-06,1.18011105e-04,1.53414437e-03,1.61834919e-05,2.26568886e-04,1.01213350e-06,1.51820025e-05,5.86779723e-05,8.21491612e-04,4.45772990e-05,6.68659485e-04,3.50447211e-04,5.60715537e-03,5.01807861e-07,8.53073364e-06,1.65653823e-12,2.98176882e-11,1.11153437e-05,1.88960843e-04,6.06212436e-09,1.09118239e-07,7.17611362e-05,1.43522272e-03
4.45782286e+00,1.00000000e-02,6.54655112e-16,6.08983981e-01,7.12642579e-01,7.12642579e-01,6.91413114e-02,2.76565246e-01,1.12559081e-05,1.35070897e-04,6.01363644e-07,7.81772738e-06,1.17973606e-04,1.53365688e-03,1.63412383e-05,2.28777336e-04,1.08152234e-06,1.62228351e-05,5.85202258e-05,8.19283162e-04,4.45079102e-05,6.67618652e-04,3.50447211e-04,5.60715537e-03,5.34511412e-07,9.08669400e-06,1.83350624e-12,3.30031124e-11,1.10826402e-05,1.88404883e-04,6.20773075e-09,1.11739154e-07,7.17611362e-05,1.43522272e-03
4.74997943e+00,1.00000000e-02,3.52527242e-17,6.08983981e-01,7.12642579e-01,7.12642579e-01,6.91413151e-02,2.76565260e-01,1.12559081e-05,1.35070897e-04,6.41307764e-07,8.33700094e-06,1.17933662e-04,1.53313760e-03,1.65088565e-05,2.31123990e-04,1.15533992e-06,1.73300988e-05,5.83526077e-05,8.16936508e-04,4.44340926e-05,6.66511389e-04,3.50447211e-04,5.60715537e-03,5.69252407e-07,9.67729091e-06,2.02642924e-12,3.64757264e-11,1.10478992e-05,1.87814286e-04,6.34566042e-09,1.14221888e-07,7.17611362e-05,1.43522272e-03
5.06128335e+00,1.00000000e-02,1.56753392e-18,6.08983981e-01,7.12642579e-01,7.12642579e-01,6.91413181e-02,2.76565272e-01,1.12559081e-05,1.35070897e-04,6.83854857e-07,8.89011314e-06,1.17891115e-04,1.53258449e-03,1.66869317e-05,2.33617043e-04,1.23386064e-06,1.85079096e-05,5.81745325e-05,8.14443455e-04,4.43555719e-05,6.65333578e-04,3.50447211e-04,5.60715537e-03,6.06150420e-07,1.03045571e-05,2.23637688e-12,4.02547839e-11,1.10110012e-05,1.87187020e-04,6.47531200e-09,1.16555616e-07,7.17611362e-05,1.43522272e-03
5.39298949e+00,1.00000000e-02,5.68375689e-20,6.08983981e-01,7.12642579e-01,7.12642579e-01,6.91413205e-02,2.76565282e-01,1.12559081e-05,1.35070897e-04,7.29173507e-07,9.47925559e-06,1.17845796e-04,1.53199535e-03,1.68760795e-05,2.36265114e-04,1.31737475e-06,1.97606212e-05,5.79853846e-05,8.11795385e-04,4.42720578e-05,6.64080866e-04,3.50447211e-04,5.60715537e-03,6.45331052e-07,1.09706279e-05,2.46445402e-12,4.43601724e-11,1.09718205e-05,1.86520949e-04,6.59618182e-09,1.18731273e-07,7.17611362e-05,1.43522272e-03
5.74643497e+00,1.00000000e-02,1.65821670e-21,6.08983981e-01,7.12642579e-01,7.12642579e-01,6.91413224e-02,2.76565289e-01,1.12559081e-05,1.35070897e-04,7.77443078e-07,1.01067600e-05,1.17797526e-04,1.53136784e-03,1.70769471e-05,2.39077259e-04,1.40618917e-06,2.10928376e-05,5.77845171e-05,8.08983239e-04,4.41832433e-05,6.62748650e-04,3.50447211e-04,5.60715537e-03,6.86926091e-07,1.16777435e-05,2.71180104e-12,4.88124187e-11,1.09302255e-05,1.85813834e-04,6.70787827e-09,1.20741809e-07,7.17611362e-05,1.43522272e-03
6.12304454e+00,1.00000000e-02,3.83748507e-23,6.08983981e-01,7.12642579e-01,7.12642579e-01,6.91413238e-02,2.76565295e-01,1.12559081e-05,1.35070897e-04,8.28854381e-07,1.07751070e-05,1.17746115e-04,1.53069950e-03,1.72902134e-05,2.42062988e-04,1.50062825e-06,2.25094238e-05,5.75712508e-05,8.05997511e-04,4.40888042e-05,6.61332064e-04,3.50447211e-04,5.60715537e-03,7.31073668e-07,1.24282524e-05,2.97959495e-12,5.36327091e-11,1.08860779e-05,1.85063325e-04,6.81013380e-09,1.22582408e-07,7.17611362e-05,1.43522272e-03
6.52433633e+00,1.00000000e-02,6.93838824e-25,6.08983981e-01,7.12642579e-01,7.12642579e-01,6.91413249e-02,2.76565300e-01,1.12559081e-05,1.35070897e-04,8.83610383e-07,1.14869350e-05,1.17691359e-04,1.52998767e-03,1.75165907e-05,2.45232269e-04,1.60103455e-06,2.40155183e-05,5.73448735e-05,8.02828229e-04,4.39883980e-05,6.59825969e-04,3.50447211e-04,5.60715537e-03,7.77918378e-07,1.32246124e-05,3.26905160e-12,5.88429287e-11,1.08392332e-05,1.84266965e-04,6.90281376e-09,1.24250648e-07,7.17611362e-05,1.43522272e-03
6.95192796e+00,1.00000000e-02,9.64387861e-27,6.08983981e-01,7.12642579e-01,7.12642579e-01,6.91413257e-02,2.76565303e-01,1.12559081e-05,1.35070897e-04,9.41926961e-07,1.22450505e-05,1.17633042e-04,1.52922955e-03,1.77568247e-05,2.48595546e-04,1.70776965e-06,2.56165448e-05,5.71046394e-05,7.99464952e-04,4.38816629e-05,6.58224943e-04,3.50447211e-04,5.60715537e-03,8.27611384e-07,1.40693935e-05,3.58142910e-12,6.44657238e-11,1.07895402e-05,1.83422184e-04,6.98592149e-09,1.25746587e-07,7.17611362e-05,1.43522272e-03
7.40754307e+00,1.00000000e-02,1.01283908e-28,6.08983981e-01,7.12642579e-01,7.12642579e-01,6.91413262e-02,2.76565305e-01,1.12559081e-05,1.35070897e-04,1.00403369e-06,1.30524380e-05,1.17570936e-04,1.52842216e-03,1.80116958e-05,2.52163742e-04,1.82121497e-06,2.73182245e-05,5.68497683e-05,7.95896756e-04,4.37682175e-05,6.56523263e-04,3.50447211e-04,5.60715537e-03,8.80310487e-07,1.49652783e-05,3.91803272e-12,7.05245889e-11,1.07368411e-05,1.82526299e-04,7.05959897e-09,1.27072781e-07,7.17611362e-05,1.43522272e-03
7.89301826e+00,1.00000000e-02,1.00000000e-30,6.08983981e-01,7.12642579e-01,7.12642579e-01,6.91413266e-02,2.76565307e-01,1.12559081e-05,1.35070897e-04,1.07017468e-06,1.39122708e-05,1.17504795e-04,1.52756233e-03,1.82820190e-05,2.55948266e-04,1.94177253e-06,2.91265879e-05,5.65794452e-05,7.92112232e-04,4.36476600e-05,6.54714900e-04,3.50447211e-04,5.60715537e-03,9.36180158e-07,1.59150627e-05,4.28022122e-12,7.70439819e-11,1.06809714e-05,1.81576514e-04,7.12412286e-09,1.28234211e-07,7.17611362e-05,1.43522272e-03
8.41031051e+00,1.00000000e-02,1.00000000e-30,6.08983981e-01,7.12642579e-01,7.12642579e-01,6.91413269e-02,2.76565308e-01,1.12559081e-05,1.35070897e-04,1.14060947e-06,1.48279231e-05,1.17434360e-04,1.52664668e-03,1.85686442e-05,2.59961019e-04,2.06986577e-06,3.10479866e-05,5.62928200e-05,7.88099480e-04,4.35195667e-05,6.52793501e-04,3.50447211e-04,5.60715537e-03,9.95391525e-07,1.69216559e-05,4.66941485e-12,8.40494674e-11,1.06217601e-05,1.80569921e-04,7.17989554e-09,1.29238120e-07,7.17611362e-05,1.43522272e-03
8.96150502e+00,1.00000000e-02,1.00000000e-30,6.08983981e-01,7.12642579e-01,7.12642579e-01,6.91413271e-02,2.76565308e-01,1.12559081e-05,1.35070897e-04,1.21561395e-06,1.58029814e-05,1.17359355e-04,1.52567162e-03,1.88724565e-05,2.64214391e-04,2.20594034e-06,3.30891051e-05,5.59890076e-05,7.83846107e-04,4.33834922e-05,6.50752382e-04,3.50447211e-04,5.60715537e-03,1.05812231e-06,1.79880792e-05,5.08710488e-12,9.15678878e-11,1.05590293e-05,1.79503498e-04,7.22743154e-09,1.30093768e-07,7.17611362e-05,1.43522272e-03
9.54882369e+00,1.00000000e-02,1.00000000e-30,6.08983981e-01,7.12642579e-01,7.12642579e-01,6.91413272e-02,2.76565309e-01,1.12559081e-05,1.35070897e-04,1.29548136e-06,1.68412577e-05,1.17279488e-04,1.52463335e-03,1.91943759e-05,2.68721263e-04,2.35046477e-06,3.52569716e-05,5.56670883e-05,7.79339236e-04,4.32389677e-05,6.48584516e-04,3.50447211e-04,5.60715537e-03,1.12455669e-06,1.91174638e-05,5.53486456e-12,9.96275620e-11,1.04925949e-05,1.78374113e-04,7.26733959e-09,1.30812113e-07,7.17611362e-05,1.43522272e-03
1.01746340e+01,1.00000000e-02,1.00000000e-30,6.08983981e-01,7.12642579e-01,7.12642579e-01,6.91413273e-02,2.76565309e-01,1.12559081e-05,1.35070897e-04,1.38052330e-06,1.79468029e-05,1.17194446e-04,1.52352780e-03,1.95353566e-05,2.73494993e-04,2.50393126e-06,3.75589688e-05,5.53261075e-05,7.74565506e-04,4.30855012e-05,6.46282519e-04,3.50447211e-04,5.60715537e-03,1.19488514e-06,2.03130474e-05,6.01436146e-12,1.08258506e-10,1.04222665e-05,1.77178530e-04,7.30030136e-09,1.31405424e-07,7.17611362e-05,1.43522272e-03
1.08414587e+01,1.00000000e-02,1.00000000e-30,6.08983981e-01,7.12642579e-01,7.12642579e-01,6.91413273e-02,2.76565309e-01,1.12559081e-05,1.35070897e-04,1.47107086e-06,1.91239211e-05,1.17103899e-04,1.52235068e-03,1.98963864e-05,2.78549409e-04,2.66685626e-06,4.00028438e-05,5.49650778e-05,7.69511089e-04,4.29225762e-05,6.43838644e-04,3.50447211e-04,5.60715537e-03,1.26930410e-06,2.15781698e-05,6.52737082e-12,1.17492675e-10,1.03478475e-05,1.75913407e-04,7.32704754e-09,1.31886856e-07,7.17611362e-05,1.43522272e-03
1.15519857e+01,1.00000000e-02,1.00000000e-30,6.08983981e-01,7.12642579e-01,7.12642579e-01,6.91413273e-02,2.76565309e-01,1.12559081e-05,1.35070897e-04,1.56747573e-06,2.03771844e-05,1.17007494e-04,1.52109742e-03,2.02784851e-05,2.83898791e-04,2.83978110e-06,4.25967166e-05,5.45829791e-05,7.64161707e-04,4.27496514e-05,6.41244771e-04,3.50447211e-04,5.60715537e-03,1.34801567e-06,2.29162663e-05,7.07578969e-12,1.27364214e-10,1.02691359e-05,1.74575311e-04,7.34833297e-09,1.32269994e-07,7.17611362e-05,1.43522272e-03
1.23090791e+01,1.00000000e-02,1.00000000e-30,6.08983981e-01,7.12642579e-01,7.12642579e-01,6.91413274e-02,2.76565309e-01,1.12559081e-05,1.35070897e-04,1.67011144e-06,2.17114487e-05,1.16904858e-04,1.51976315e-03,2.06827032e-05,2.89557845e-04,3.02327250e-06,4.53490875e-05,5.41787610e-05,7.58502654e-04,4.25661600e-05,6.38492400e-04,3.50447211e-04,5.60715537e-03,1.43122706e-06,2.43308601e-05,7.66165149e-12,1.37909727e-10,1.01859245e-05,1.73160717e-04,7.36491185e-09,1.32568413e-07,7.17611362e-05,1.43522272e-03
1.31157910e+01,1.00000000e-02,1.00000000e-30,6.08983981e-01,7.12642579e-01,7.12642579e-01,6.91413274e-02,2.76565309e-01,1.12559081e-05,1.35070897e-04,1.77937461e-06,2.31318700e-05,1.16795595e-04,1.51834273e-03,2.11101193e-05,2.95541670e-04,3.21792293e-06,4.82688439e-05,5.37513449e-05,7.52518829e-04,4.23715096e-05,6.35572644e-04,3.50447211e-04,5.60715537e-03,1.51915010e-06,2.58255516e-05,8.28714070e-12,1.49168533e-10,1.00980015e-05,1.71666025e-04,7.37751464e-09,1.32795264e-07,7.17611362e-05,1.43522272e-03
1.39753730e+01,1.00000000e-02,1.00000000e-30,6.08983981e-01,7.12642579e-01,7.12642579e-01,6.91413274e-02,2.76565309e-01,1.12559081e-05,1.35070897e-04,1.89568630e-06,2.46439219e-05,1.16679283e-04,1.51683068e-03,2.15618373e-05,3.01865723e-04,3.42435091e-06,5.13652637e-05,5.32996268e-05,7.46194775e-04,4.21650816e-05,6.32476224e-04,3.50447211e-04,5.60715537e-03,1.61200041e-06,2.74040069e-05,8.95460740e-12,1.61182933e-10,1.00051512e-05,1.70087570e-04,7.38682798e-09,1.32962904e-07,7.17611362e-05,1.43522272e-03
1.48912903e+01,1.00000000e-02,1.00000000e-30,6.08983981e-01,7.12642579e-01,7.12642579e-01,6.91413274e-02,2.76565309e-01,1.12559081e-05,1.35070897e-04,2.01949335e-06,2.62534135e-05,1.16555476e-04,1.51522119e-03,2.20389834e-05,3.08545767e-04,3.64320116e-06,5.46480175e-05,5.28224808e-05,7.39514731e-04,4.19462313e-05,6.29193470e-04,3.50447211e-04,5.60715537e-03,1.70999662e-06,2.90699425e-05,9.66658135e-12,1.73998464e-10,9.90715498e-06,1.68421635e-04,7.39347845e-09,1.33082612e-07,7.17611362e-05,1.43522272e-03
1.58672350e+01,1.00000000e-02,1.00000000e-30,6.08983981e-01,7.12642579e-01,7.12642579e-01,6.91413274e-02,2.76565309e-01,1.12559081e-05,1.35070897e-04,2.15126989e-06,2.79665086e-05,1.16423700e-04,1.51350809e-03,2.25427009e-05,3.15597813e-04,3.87514455e-06,5.81271682e-05,5.23187633e-05,7.32462686e-04,4.17142880e-05,6.25714319e-04,3.50447211e-04,5.60715537e-03,1.81335927e-06,3.08271076e-05,1.04257855e-11,1.87664140e-10,9.80379233e-06,1.66664470e-04,7.39802116e-09,1.33164381e-07,7.17611362e-05,1.43522272e-03
1.69071410e+01,1.00000000e-02,1.00000000e-30,6.08983981e-01,7.12642579e-01,7.12642579e-01,6.91413274e-02,2.76565309e-01,1.12559081e-05,1.35070897e-04,2.29151886e-06,2.97897452e-05,1.16283451e-04,1.51168486e-03,2.30741461e-05,3.23038046e-04,4.12087782e-06,6.18131673e-05,5.17873180e-05,7.25022452e-04,4.14685547e-05,6.22028320e-04,3.50447211e-04,5.60715537e-03,1.92230964e-06,3.26792639e-05,1.12351492e-11,2.02232686e-10,9.69484195e-06,1.64812313e-04,7.40093328e-09,1.33216799e-07,7.17611362e-05,1.43522272e-03
1.80152004e+01,1.00000000e-02,1.00000000e-30,6.08983981e-01,7.12642579e-01,7.12642579e-01,6.91413274e-02,2.76565309e-01,1.12559081e-05,1.35070897e-04,2.44077354e-06,3.17300560e-05,1.16134196e-04,1.50974455e-03,2.36344819e-05,3.30882747e-04,4.38112315e-06,6.57168473e-05,5.12269822e-05,7.17177751e-04,4.12083094e-05,6.18124640e-04,3.50447211e-04,5.60715537e-03,2.03706832e-06,3.46301615e-05,1.20978202e-11,2.17760764e-10,9.58008327e-06,1.62861416e-04,7.40261244e-09,1.33247024e-07,7.17611362e-05,1.43522272e-03
1.91958797e+01,1.00000000e-02,1.00000000e-30,6.08983981e-01,7.12642579e-01,7.12642579e-01,6.91413274e-02,2.76565309e-01,1.12559081e-05,1.35070897e-04,2.59959924e-06,3.37947902e-05,1.15975370e-04,1.50767981e-03,2.42248707e-05,3.39148190e-04,4.65662738e-06,6.98494107e-05,5.06365934e-05,7.08912308e-04,4.09328051e-05,6.13992077e-04,3.50447211e-04,5.60715537e-03,2.15785357e-06,3.66835108e-05,1.30171773e-11,2.34309191e-10,9.45929802e-06,1.60808066e-04,7.40337944e-09,1.33260830e-07,7.17611362e-05,1.43522272e-03
2.04539383e+01,1.00000000e-02,1.00000000e-30,6.08983981e-01,7.12642579e-01,7.12642579e-01,6.91413274e-02,2.76565309e-01,1.12559081e-05,1.35070897e-04,2.76859504e-06,3.59917355e-05,1.15806374e-04,1.50548287e-03,2.48464666e-05,3.47850532e-04,4.94816094e-06,7.42224141e-05,5.00149976e-05,7.00209966e-04,4.06412716e-05,6.09619073e-04,3.50447211e-04,5.60715537e-03,2.28487947e-06,3.88429510e-05,1.39968419e-11,2.51943154e-10,9.33227212e-06,1.58648626e-04,7.40348447e-09,1.33262720e-07,7.17611362e-05,1.43522272e-03
2.17944475e+01,1.00000000e-02,1.00000000e-30,6.08983981e-01,7.12642579e-01,7.12642579e-01,6.91413274e-02,2.76565309e-01,1.12559081e-05,1.35070897e-04,2.94839549e-06,3.83291414e-05,1.15626574e-04,1.50314546e-03,2.55004058e-05,3.57005681e-04,5.25651641e-06,7.88477461e-05,4.93610584e-05,6.91054817e-04,4.03329161e-05,6.04993741e-04,3.50447211e-04,5.60715537e-03,2.41835380e-06,4.11120145e-05,1.50406910e-11,2.70732437e-10,9.19879780e-06,1.56379563e-04,7.40311566e-09,1.33256082e-07,7.17611362e-05,1.43522272e-03
2.32228110e+01,1.00000000e-02,1.00000000e-30,6.08983981e-01,7.12642579e-01,7.12642579e-01,6.91413274e-02,2.76565309e-01,1.12559081e-05,1.35070897e-04,3.13967251e-06,4.08157426e-05,1.15435297e-04,1.50065886e-03,2.61877965e-05,3.66629150e-04,5.58250670e-06,8.37376005e-05,4.86736677e-05,6.81431348e-04,4.00069258e-05,6.00103887e-04,3.50447211e-04,5.60715537e-03,2.55847563e-06,4.34940858e-05,1.61528693e-11,2.90751647e-10,9.05867596e-06,1.53997491e-04,7.40240909e-09,1.33243364e-07,7.17611362e-05,1.43522272e-03
2.47447864e+01,1.00000000e-02,1.00000000e-30,6.08983981e-01,7.12642579e-01,7.12642579e-01,6.91413274e-02,2.76565309e-01,1.12559081e-05,1.35070897e-04,3.34313723e-06,4.34607840e-05,1.15231832e-04,1.49801382e-03,2.69097065e-05,3.76735891e-04,5.92696275e-06,8.89044412e-05,4.79517577e-05,6.71324607e-04,3.96624698e-05,5.94937046e-04,3.50447211e-04,5.60715537e-03,2.70543272e-06,4.59923562e-05,1.73378036e-11,3.12080465e-10,8.91171888e-06,1.51499221e-04,7.40145891e-09,1.33226260e-07,7.17611362e-05,1.43522272e-03
2.63665090e+01,1.00000000e-02,1.00000000e-30,6.08983981e-01,7.12642579e-01,7.12642579e-01,6.91413274e-02,2.76565309e-01,1.12559081e-05,1.35070897e-04,3.55954198e-06,4.62740457e-05,1.15015427e-04,1.49520056e-03,2.76671502e-05,3.87340102e-04,6.29073070e-06,9.43609605e-05,4.71943140e-05,6.60720396e-04,3.92987018e-05,5.89480527e-04,3.50447211e-04,5.60715537e-03,2.85939846e-06,4.86097738e-05,1.86002177e-11,3.34803919e-10,8.75775314e-06,1.48881803e-04,7.40032706e-09,1.33205887e-07,7.17611362e-05,1.43522272e-03
2.80945159e+01,1.00000000e-02,1.00000000e-30,6.08983981e-01,7.12642579e-01,7.12642579e-01,6.91413274e-02,2.76565309e-01,1.12559081e-05,1.35070897e-04,3.78968223e-06,4.92658691e-05,1.14785287e-04,1.49220873e-03,2.84610733e-05,3.98455026e-04,6.67466851e-06,1.00120028e-04,4.64003909e-05,6.49605472e-04,3.89147640e-05,5.83721460e-04,3.50447211e-04,5.60715537e-03,3.02052866e-06,5.13489872e-05,1.99451485e-11,3.59012673e-10,8.59662293e-06,1.46142590e-04,7.39905172e-09,1.33182931e-07,7.17611362e-05,1.43522272e-03
2.99357729e+01,1.00000000e-02,1.00000000e-30,6.08983981e-01,7.12642579e-01,7.12642579e-01,6.91413274e-02,2.76565309e-01,1.12559081e-05,1.35070897e-04,4.03439868e-06,5.24471828e-05,1.14540571e-04,1.48902742e-03,2.92923366e-05,4.10092712e-04,7.07964194e-06,1.06194629e-04,4.55691276e-05,6.37967786e-04,3.85097906e-05,5.77646859e-04,3.50447211e-04,5.60715537e-03,3.18895795e-06,5.42122852e-05,2.13779641e-11,3.84803354e-10,8.42819364e-06,1.43279292e-04,7.39765436e-09,1.33157779e-07,7.17611362e-05,1.43522272e-03
3.18977022e+01,1.00000000e-02,1.00000000e-30,6.08983981e-01,7.12642579e-01,7.12642579e-01,6.91413274e-02,2.76565309e-01,1.12559081e-05,1.35070897e-04,4.29457923e-06,5.58295299e-05,1.14280390e-04,1.48564507e-03,3.01616975e-05,4.22263765e-04,7.50651976e-06,1.12597796e-04,4.46997667e-05,6.25796733e-04,3.80829127e-05,5.71243691e-04,3.50447211e-04,5.60715537e-03,3.36479588e-06,5.72015299e-05,2.29043834e-11,4.12278902e-10,8.25235572e-06,1.40290047e-04,7.39614516e-09,1.33130613e-07,7.17611362e-05,1.43522272e-03
3.39882122e+01,1.00000000e-02,1.00000000e-30,6.08983981e-01,7.12642579e-01,7.12642579e-01,6.91413274e-02,2.76565309e-01,1.12559081e-05,1.35070897e-04,4.57116114e-06,5.94250948e-05,1.14003808e-04,1.48204951e-03,3.10697906e-05,4.34977068e-04,7.95616829e-06,1.19342524e-04,4.37916736e-05,6.13083430e-04,3.76332642e-05,5.64498963e-04,3.50447211e-04,5.60715537e-03,3.54812267e-06,6.03180853e-05,2.45304972e-11,4.41548949e-10,8.06902893e-06,1.37173492e-04,7.39452698e-09,1.33101486e-07,7.17611362e-05,1.43522272e-03
3.62157300e+01,1.00000000e-02,1.00000000e-30,6.08983981e-01,7.12642579e-01,7.12642579e-01,6.91413274e-02,2.76565309e-01,1.12559081e-05,1.35070897e-04,4.86513307e-06,6.32467299e-05,1.13709836e-04,1.47822787e-03,3.20171058e-05,4.48239481e-04,8.42944502e-06,1.26441675e-04,4.28443584e-05,5.99821017e-04,3.71599875e-05,5.57399812e-04,3.50447211e-04,5.60715537e-03,3.73898477e-06,6.35627411e-05,2.62627909e-11,4.72730236e-10,7.87816682e-06,1.33928836e-04,7.39279816e-09,1.33070367e-07,7.17611362e-05,1.43522272e-03
3.85892347e+01,1.00000000e-02,1.00000000e-30,6.08983981e-01,7.12642579e-01,7.12642579e-01,6.91413274e-02,2.76565309e-01,1.12559081e-05,1.35070897e-04,5.17753718e-06,6.73079833e-05,1.13397432e-04,1.47416662e-03,3.30039656e-05,4.62055519e-04,8.92719131e-06,1.33907870e-04,4.18574985e-05,5.86004979e-04,3.66622412e-05,5.49933618e-04,3.50447211e-04,5.60715537e-03,3.93739007e-06,6.69356312e-05,2.81081696e-11,5.05947053e-10,7.67976153e-06,1.30555946e-04,7.39095421e-09,1.33037176e-07,7.17611362e-05,1.43522272e-03
4.11182940e+01,1.00000000e-02,1.00000000e-30,6.08983981e-01,7.12642579e-01,7.12642579e-01,6.91413274e-02,2.76565309e-01,1.12559081e-05,1.35070897e-04,5.50947116e-06,7.16231250e-05,1.13065498e-04,1.46985148e-03,3.40305005e-05,4.76427008e-04,9.45022412e-06,1.41753362e-04,4.08309636e-05,5.71633491e-04,3.61392084e-05,5.42088126e-04,3.50447211e-04,5.60715537e-03,4.14330287e-06,7.04361488e-05,3.00739840e-11,5.41331712e-10,7.47384872e-06,1.27055428e-04,7.38898895e-09,1.33001801e-07,7.17611362e-05,1.43522272e-03
4.38131027e+01,1.00000000e-02,1.00000000e-30,6.08983981e-01,7.12642579e-01,7.12642579e-01,6.91413274e-02,2.76565309e-01,1.12559081e-05,1.35070897e-04,5.86209024e-06,7.62071732e-05,1.12712879e-04,1.46526743e-03,3.50966231e-05,4.91352724e-04,9.99932671e-06,1.49989901e-04,3.97648410e-05,5.56707775e-04,3.55901058e-05,5.33851587e-04,3.50447211e-04,5.60715537e-03,4.35663873e-06,7.40628584e-05,3.21680586e-11,5.79025054e-10,7.26051286e-06,1.23428719e-04,7.38689507e-09,1.32964111e-07,7.17611362e-05,1.43522272e-03
4.66845237e+01,1.00000000e-02,1.00000000e-30,6.08983981e-01,7.12642579e-01,7.12642579e-01,6.91413274e-02,2.76565309e-01,1.12559081e-05,1.35070897e-04,6.23660915e-06,8.10759190e-05,1.12338360e-04,1.46039868e-03,3.62020013e-05,5.06828018e-04,1.05752382e-05,1.58628573e-04,3.86594629e-05,5.41232481e-04,3.50141943e-05,5.25212915e-04,3.50447211e-04,5.60715537e-03,4.57725915e-06,7.78134055e-05,3.43987214e-11,6.19176986e-10,7.03989245e-06,1.19678172e-04,7.38466448e-09,1.32923961e-07,7.17611362e-05,1.43522272e-03
4.97441317e+01,1.00000000e-02,1.00000000e-30,6.08983981e-01,7.12642579e-01,7.12642579e-01,6.91413274e-02,2.76565309e-01,1.12559081e-05,1.35070897e-04,6.63430392e-06,8.62459509e-05,1.11940666e-04,1.45522865e-03,3.73460304e-05,5.22844426e-04,1.11786420e-05,1.67679629e-04,3.75154337e-05,5.25216072e-04,3.44107906e-05,5.16161858e-04,3.50447211e-04,5.60715537e-03,4.80496623e-06,8.16844258e-05,3.67748361e-11,6.61947050e-10,6.81218537e-06,1.15807151e-04,7.38228838e-09,1.32881191e-07,7.17611362e-05,1.43522272e-03
5.30042602e+01,1.00000000e-02,1.00000000e-30,6.08983981e-01,7.12642579e-01,7.12642579e-01,6.91413274e-02,2.76565309e-01,1.12559081e-05,1.35070897e-04,7.05651357e-06,9.17346764e-05,1.11518456e-04,1.44973993e-03,3.85278057e-05,5.39389280e-04,1.18101528e-05,1.77152291e-04,3.63336585e-05,5.08671218e-04,3.37792797e-05,5.06689196e-04,3.50447211e-04,5.60715537e-03,5.03949742e-06,8.56714561e-05,3.93058351e-11,7.07505032e-10,6.57765418e-06,1.11820121e-04,7.37975739e-09,1.32835633e-07,7.17611362e-05,1.43522272e-03
5.64780507e+01,1.00000000e-02,1.00000000e-30,6.08983981e-01,7.12642579e-01,7.12642579e-01,6.91413274e-02,2.76565309e-01,1.12559081e-05,1.35070897e-04,7.50464169e-06,9.75603420e-05,1.11070328e-04,1.44391426e-03,3.97460937e-05,5.56445312e-04,1.24703028e-05,1.87054543e-04,3.51153705e-05,4.91615187e-04,3.31191297e-05,4.96786945e-04,3.50447211e-04,5.60715537e-03,5.28052044e-06,8.97688474e-05,4.20017557e-11,7.56031603e-10,6.33663116e-06,1.07722730e-04,7.37706147e-09,1.32787107e-07,7.17611362e-05,1.43522272e-03
6.01795064e+01,1.00000000e-02,1.00000000e-30,6.08983981e-01,7.12642579e-01,7.12642579e-01,6.91413274e-02,2.76565309e-01,1.12559081e-05,1.35070897e-04,7.98015773e-06,1.03742050e-04,1.10594812e-04,1.43773255e-03,4.09993055e-05,5.73990278e-04,1.31595266e-05,1.97392898e-04,3.38621586e-05,4.74070221e-04,3.24299059e-05,4.86448589e-04,3.50447211e-04,5.60715537e-03,5.52762854e-06,9.39696851e-05,4.48732777e-11,8.07718998e-10,6.08952306e-06,1.03521892e-04,7.37418995e-09,1.32735419e-07,7.17611362e-05,1.43522272e-03
6.41235480e+01,1.00000000e-02,1.00000000e-30,6.08983981e-01,7.12642579e-01,7.12642579e-01,6.91413274e-02,2.76565309e-01,1.12559081e-05,1.35070897e-04,8.48459803e-06,1.10299774e-04,1.10090371e-04,1.43117483e-03,4.22854710e-05,5.91996594e-04,1.38781439e-05,2.08172159e-04,3.25759931e-05,4.56063904e-04,3.17112886e-05,4.75669329e-04,3.50447211e-04,5.60715537e-03,5.78033628e-06,9.82657167e-05,4.79317633e-11,8.62771739e-10,5.83681532e-06,9.92258604e-05,7.37113147e-09,1.32680366e-07,7.17611362e-05,1.43522272e-03
6.83260739e+01,1.00000000e-02,1.00000000e-30,6.08983981e-01,7.12642579e-01,7.12642579e-01,6.91413274e-02,2.76565309e-01,1.12559081e-05,1.35070897e-04,9.01956660e-06,1.17254366e-04,1.09555403e-04,1.42422024e-03,4.36022152e-05,6.10431013e-04,1.46263430e-05,2.19395145e-04,3.12592490e-05,4.37629486e-04,3.09630895e-05,4.64446343e-04,3.50447211e-04,5.60715537e-03,6.03807599e-06,1.02647292e-04,5.11892998e-11,9.21407396e-10,5.57907560e-06,9.48442852e-05,7.36787393e-09,1.32621731e-07,7.17611362e-05,1.43522272e-03
7.28040247e+01,1.00000000e-02,1.00000000e-30,6.08983981e-01,7.12642579e-01,7.12642579e-01,6.91413274e-02,2.76565309e-01,1.12559081e-05,1.35070897e-04,9.58673548e-06,1.24627561e-04,1.08988234e-04,1.41684704e-03,4.49467380e-05,6.29254332e-04,1.54041611e-05,2.31062417e-04,2.99147262e-05,4.18806166e-04,3.01852714e-05,4.52779070e-04,3.50447211e-04,5.60715537e-03,6.30019520e-06,1.07103318e-04,5.46587444e-11,9.83857399e-10,5.31695640e-06,9.03882588e-05,7.36440448e-09,1.32559281e-07,7.17611362e-05,1.43522272e-03
7.75754513e+01,1.00000000e-02,1.00000000e-30,6.08983981e-01,7.12642579e-01,7.12642579e-01,6.91413274e-02,2.76565309e-01,1.12559081e-05,1.35070897e-04,1.01878446e-05,1.32441980e-04,1.08387125e-04,1.40903262e-03,4.63157985e-05,6.48421179e-04,1.62114655e-05,2.43171983e-04,2.85456656e-05,3.99639319e-04,2.93779670e-05,4.40669505e-04,3.50447211e-04,5.60715537e-03,6.56595509e-06,1.11621237e-04,5.83537714e-11,1.05036789e-09,5.05119650e-06,8.58703406e-05,7.36070946e-09,1.32492770e-07,7.17611362e-05,1.43522272e-03
8.26595874e+01,1.00000000e-02,1.00000000e-30,6.08983981e-01,7.12642579e-01,7.12642579e-01,6.91413274e-02,2.76565309e-01,1.12559081e-05,1.35070897e-04,1.08247013e-05,1.40721117e-04,1.07750268e-04,1.40075349e-03,4.77057045e-05,6.67879863e-04,1.70479327e-05,2.55718990e-04,2.71557597e-05,3.80180636e-04,2.85414998e-05,4.28122498e-04,3.50447211e-04,5.60715537e-03,6.83453050e-06,1.16187018e-04,6.22889228e-11,1.12120061e-09,4.78262110e-06,8.13045586e-05,7.35677431e-09,1.32421938e-07,7.17611362e-05,1.43522272e-03
8.80769273e+01,1.00000000e-02,1.00000000e-30,6.08983981e-01,7.12642579e-01,7.12642579e-01,6.91413274e-02,2.76565309e-01,1.12559081e-05,1.35070897e-04,1.14991788e-05,1.49489325e-04,1.07075791e-04,1.39198528e-03,4.91123085e-05,6.87572318e-04,1.79130277e-05,2.68695415e-04,2.57491557e-05,3.60488180e-04,2.76764048e-05,4.15146072e-04,3.50447211e-04,5.60715537e-03,7.10501142e-06,1.20785194e-04,6.64796609e-11,1.19663390e-09,4.51214017e-06,7.67063830e-05,7.35258357e-09,1.32346504e-07,7.17611362e-05,1.43522272e-03
9.38493086e+01,1.00000000e-02,1.00000000e-30,6.08983981e-01,7.12642579e-01,7.12642579e-01,6.91413274e-02,2.76565309e-01,1.12559081e-05,1.35070897e-04,1.22132148e-05,1.58771792e-04,1.06361755e-04,1.38270281e-03,5.05310125e-05,7.07434175e-04,1.88059834e-05,2.82089751e-04,2.43304517e-05,3.40626323e-04,2.67834491e-05,4.01751737e-04,3.50447211e-04,5.60715537e-03,7.37640649e-06,1.25398910e-04,7.09424243e-11,1.27696364e-09,4.24074510e-06,7.20926667e-05,7.34812080e-09,1.32266174e-07,7.17611362e-05,1.43522272e-03
1.00000000e+02,1.00000000e-02,1.00000000e-30,6.08983981e-01,7.12642579e-01,7.12642579e-01,6.91413274e-02,2.76565309e-01,1.12559081e-05,1.35070897e-04,1.29688081e-05,1.68594505e-04,1.05606161e-04,1.37288010e-03,5.19567817e-05,7.27394944e-04,1.97257795e-05,2.95886693e-04,2.29046824e-05,3.20665554e-04,2.58636530e-05,3.87954795e-04,3.50447211e-04,5.60715537e-03,7.64764858e-06,1.30010026e-04,7.56946873e-11,1.36250437e-09,3.96950301e-06,6.74815512e-05,7.34336854e-09,1.32180634e-07,7.17611362e-05,1.43522272e-03
