time,t9,rho,R15_14,Y_h1,X_h1,Y_he4,X_he4,Y_c12,X_c12,Y_c13,X_c13,Y_n13,X_n13,Y_n14,X_n14,Y_n15,X_n15,Y_o14,X_o14,Y_o15,X_o15,Y_o16,X_o16,Y_o17,X_o17,Y_o18,X_o18,Y_f17,X_f17,Y_f18,X_f18,Y_ne18,X_ne18,Y_ne20,X_ne20
0.00000000e+00,4.18000000e-01,4.00000000e+03,3.67647059e-03,7.12941125e-01,7.12941125e-01,6.91377283e-02,2.76550913e-01,1.89972106e-04,2.27966527e-03,2.13235956e-06,2.77206743e-05,0.00000000e+00,0.00000000e+00,5.71014320e-05,7.99420047e-04,2.09931735e-07,3.14897603e-06,0.00000000e+00,0.00000000e+00,0.00000000e+00,0.00000000e+00,3.62073936e-04,5.79318297e-03,1.37916336e-07,2.34457772e-06,7.25875455e-07,1.30657582e-05,0.00000000e+00,0.00000000e+00,0.00000000e+00,0.00000000e+00,0.00000000e+00,0.00000000e+00,7.17611355e-05,1.43522271e-03
1.00000000e-09,4.18000000e-01,4.00000000e+03,3.18640917e-03,7.12941082e-01,7.12941082e-01,6.91377669e-02,2.76551068e-01,1.90002946e-04,2.28003536e-03,2.13230715e-06,2.77199930e-05,2.90669748e-09,3.77870672e-08,5.71005041e-05,7.99407057e-04,1.80948837e-07,2.71423255e-06,6.19913827e-15,8.67879358e-14,9.96733273e-10,1.49509991e-08,3.62073905e-04,5.79318249e-03,1.37899860e-07,2.34429762e-06,7.21084212e-07,1.29795158e-05,3.36687490e-11,5.72368733e-10,4.93152058e-14,8.87673704e-13,2.22923891e-19,4.01263004e-18,7.17611355e-05,1.43522271e-03
1.07790740e-09,4.18000000e-01,4.00000000e+03,3.15177281e-03,7.12941079e-01,7.12941079e-01,6.91377697e-02,2.76551079e-01,1.90005145e-04,2.28006174e-03,2.13230307e-06,2.77199399e-05,3.13316939e-09,4.07312021e-08,5.71004318e-05,7.99406045e-04,1.78893203e-07,2.68339804e-06,7.20271125e-15,1.00837957e-13,1.07438549e-09,1.61157824e-08,3.62073903e-04,5.79318245e-03,1.37898577e-07,2.34427580e-06,7.20712270e-07,1.29728209e-05,3.62917935e-11,6.16960490e-10,5.31558398e-14,9.56805116e-13,2.59011782e-19,4.66221207e-18,7.17611355e-05,1.43522271e-03
1.16188436e-09,4.18000000e-01,4.00000000e+03,3.11497394e-03,7.12941076e-01,7.12941076e-01,6.91377727e-02,2.76551091e-01,1.90007485e-04,2.28008982e-03,2.13229867e-06,2.77198827e-05,3.37728797e-09,4.39047437e-08,5.71003538e-05,7.99404954e-04,1.76708027e-07,2.65062040e-06,8.36875419e-15,1.17162559e-13,1.15808728e-09,1.73713092e-08,3.62073901e-04,5.79318241e-03,1.37897193e-07,2.34425228e-06,7.20311565e-07,1.29656082e-05,3.91191926e-11,6.65026273e-10,5.72954634e-14,1.03131834e-12,3.00941737e-19,5.41695127e-18,7.17611355e-05,1.43522271e-03
1.25240375e-09,4.18000000e-01,4.00000000e+03,3.07592184e-03,7.12941072e-01,7.12941072e-01,6.91377758e-02,2.76551103e-01,1.90009971e-04,2.28011966e-03,2.13229393e-06,2.77198210e-05,3.64042844e-09,4.73255697e-08,5.71002699e-05,7.99403778e-04,1.74387657e-07,2.61581486e-06,9.72357016e-15,1.36129982e-13,1.24830993e-09,1.87246489e-08,3.62073898e-04,5.79318236e-03,1.37895702e-07,2.34422693e-06,7.19879891e-07,1.29578380e-05,4.21668669e-11,7.16836737e-10,6.17573338e-14,1.11163201e-12,3.49659496e-19,6.29387093e-18,7.17611355e-05,1.43522271e-03
1.34997528e-09,4.18000000e-01,4.00000000e+03,3.03452922e-03,7.12941068e-01,7.12941068e-01,6.91377792e-02,2.76551117e-01,1.90012611e-04,2.28015134e-03,2.13228881e-06,2.77197546e-05,3.92407321e-09,5.10129517e-08,5.71001793e-05,7.99402510e-04,1.71926601e-07,2.57889902e-06,1.12977207e-14,1.58168090e-13,1.34556144e-09,2.01834216e-08,3.62073895e-04,5.79318232e-03,1.37894094e-07,2.34419960e-06,7.19414877e-07,1.29494678e-05,4.54519775e-11,7.72683617e-10,6.65665143e-14,1.19819726e-12,4.06263898e-19,7.31275016e-18,7.17611355e-05,1.43522271e-03
1.45514834e-09,4.18000000e-01,4.00000000e+03,2.99071369e-03,7.12941064e-01,7.12941064e-01,6.91377828e-02,2.76551131e-01,1.90015411e-04,2.28018493e-03,2.13228330e-06,2.77196829e-05,4.22982025e-09,5.49876633e-08,5.71000817e-05,7.99401144e-04,1.69319607e-07,2.53979410e-06,1.31267153e-14,1.83774014e-13,1.45038939e-09,2.17558409e-08,3.62073892e-04,5.79318227e-03,1.37892362e-07,2.34417015e-06,7.18913972e-07,1.29404515e-05,4.89930225e-11,8.32881383e-10,7.17500139e-14,1.29150025e-12,4.72031666e-19,8.49656998e-18,7.17611355e-05,1.43522271e-03
1.56851516e-09,4.18000000e-01,4.00000000e+03,2.94439948e-03,7.12941060e-01,7.12941060e-01,6.91377867e-02,2.76551147e-01,1.90018376e-04,2.28022051e-03,2.13227736e-06,2.77196057e-05,4.55939209e-09,5.92720972e-08,5.70999765e-05,7.99399672e-04,1.66561757e-07,2.49842636e-06,1.52518125e-14,2.13525375e-13,1.56338402e-09,2.34507603e-08,3.62073888e-04,5.79318221e-03,1.37890494e-07,2.34413840e-06,7.18374432e-07,1.29307398e-05,5.28099411e-11,8.97768998e-10,7.73369378e-14,1.39206488e-12,5.48446206e-19,9.87203171e-18,7.17611355e-05,1.43522271e-03
1.69071410e-09,4.18000000e-01,4.00000000e+03,2.89551934e-03,7.12941055e-01,7.12941055e-01,6.91377907e-02,2.76551163e-01,1.90021511e-04,2.28025814e-03,2.13227095e-06,2.77195224e-05,4.91464554e-09,6.38903920e-08,5.70998632e-05,7.99398084e-04,1.63648577e-07,2.45472865e-06,1.77209507e-14,2.48093310e-13,1.68518153e-09,2.52777229e-08,3.62073884e-04,5.79318215e-03,1.37888481e-07,2.34410417e-06,7.17793312e-07,1.29202796e-05,5.69242258e-11,9.67711838e-10,8.33586499e-14,1.50045570e-12,6.37231065e-19,1.14701592e-17,7.17611355e-05,1.43522271e-03
1.82243324e-09,4.18000000e-01,4.00000000e+03,2.84401673e-03,7.12941051e-01,7.12941051e-01,6.91377951e-02,2.76551180e-01,1.90024823e-04,2.28029788e-03,2.13226405e-06,2.77194327e-05,5.29758215e-09,6.88685680e-08,5.70997409e-05,7.99396373e-04,1.60576151e-07,2.40864227e-06,2.05898297e-14,2.88257615e-13,1.81646769e-09,2.72470154e-08,3.62073880e-04,5.79318209e-03,1.37886311e-07,2.34406729e-06,7.17167445e-07,1.29090140e-05,6.13590436e-11,1.04310374e-09,8.98489464e-14,1.61728103e-12,7.40388802e-19,1.33269984e-17,7.17611355e-05,1.43522271e-03
1.96441428e-09,4.18000000e-01,4.00000000e+03,2.78984820e-03,7.12941045e-01,7.12941045e-01,6.91377996e-02,2.76551199e-01,1.90028316e-04,2.28033979e-03,2.13225661e-06,2.77193359e-05,5.71035951e-09,7.42346736e-08,5.70996092e-05,7.99394529e-04,1.57341260e-07,2.36011891e-06,2.39231673e-14,3.34924342e-13,1.95798171e-09,2.93697256e-08,3.62073876e-04,5.79318202e-03,1.37883972e-07,2.34402752e-06,7.16493429e-07,1.28968817e-05,6.61393665e-11,1.12436923e-09,9.68442443e-14,1.74319640e-12,8.60246161e-19,1.54844309e-17,7.17611355e-05,1.43522271e-03
2.11745669e-09,4.18000000e-01,4.00000000e+03,2.73298601e-03,7.12941040e-01,7.12941040e-01,6.91378045e-02,2.76551218e-01,1.90031992e-04,2.28038391e-03,2.13224859e-06,2.77192317e-05,6.15530338e-09,8.00189440e-08,5.70994672e-05,7.99392541e-04,1.53941525e-07,2.30912287e-06,2.77961596e-14,3.89146235e-13,2.11052034e-09,3.16578051e-08,3.62073871e-04,5.79318194e-03,1.37881451e-07,2.34398467e-06,7.15767612e-07,1.28838170e-05,7.12921117e-11,1.21196590e-09,1.04383783e-13,1.87890810e-12,9.99506551e-19,1.79911179e-17,7.17611355e-05,1.43522271e-03
2.28242224e-09,4.18000000e-01,4.00000000e+03,2.67342101e-03,7.12941034e-01,7.12941034e-01,6.91378096e-02,2.76551238e-01,1.90035856e-04,2.28043027e-03,2.13223994e-06,2.77191193e-05,6.63492087e-09,8.62539713e-08,5.70993141e-05,7.99390398e-04,1.50375564e-07,2.25563346e-06,3.22961775e-14,4.52146485e-13,2.27494244e-09,3.41241366e-08,3.62073866e-04,5.79318186e-03,1.37878733e-07,2.34393847e-06,7.14986072e-07,1.28697493e-05,7.68462939e-11,1.30638700e-09,1.12509844e-13,2.02517718e-12,1.16131102e-18,2.09035983e-17,7.17611355e-05,1.43522271e-03
2.46023982e-09,4.18000000e-01,4.00000000e+03,2.61116569e-03,7.12941028e-01,7.12941028e-01,6.91378150e-02,2.76551260e-01,1.90039908e-04,2.28047890e-03,2.13223063e-06,2.77189981e-05,7.15191450e-09,9.29748885e-08,5.70991491e-05,7.99388088e-04,1.46643166e-07,2.19964749e-06,3.75247378e-14,5.25346329e-13,2.45217374e-09,3.67826062e-08,3.62073861e-04,5.79318177e-03,1.37875804e-07,2.34388867e-06,7.14144599e-07,1.28546028e-05,8.28331877e-11,1.40816419e-09,1.21267979e-13,2.18282363e-12,1.34930909e-18,2.42875636e-17,7.17611355e-05,1.43522271e-03
2.65191071e-09,4.18000000e-01,4.00000000e+03,2.54625744e-03,7.12941022e-01,7.12941022e-01,6.91378207e-02,2.76551283e-01,1.90044150e-04,2.28052980e-03,2.13222058e-06,2.77188675e-05,7.70919747e-09,1.00219567e-07,5.70989713e-05,7.99385598e-04,1.42745468e-07,2.14118202e-06,4.35997937e-14,6.10397112e-13,2.64321210e-09,3.96481816e-08,3.62073855e-04,5.79318168e-03,1.37872647e-07,2.34383500e-06,7.13238679e-07,1.28382962e-05,8.92865048e-11,1.51787058e-09,1.30707271e-13,2.35273089e-12,1.56774111e-18,2.82193400e-17,7.17611355e-05,1.43522271e-03
2.85851418e-09,4.18000000e-01,4.00000000e+03,2.47876188e-03,7.12941015e-01,7.12941015e-01,6.91378267e-02,2.76551307e-01,1.90048579e-04,2.28058295e-03,2.13220975e-06,2.77187268e-05,8.30991011e-09,1.08028831e-07,5.70987796e-05,7.99382914e-04,1.38685145e-07,2.08027718e-06,5.06583965e-14,7.09217551e-13,2.84913310e-09,4.27369965e-08,3.62073848e-04,5.79318157e-03,1.37869244e-07,2.34377715e-06,7.12263468e-07,1.28207424e-05,9.62425827e-11,1.63612391e-09,1.40880598e-13,2.53585077e-12,1.82153385e-18,3.27876093e-17,7.17611355e-05,1.43522271e-03
3.08121359e-09,4.18000000e-01,4.00000000e+03,2.40877635e-03,7.12941007e-01,7.12941007e-01,6.91378330e-02,2.76551332e-01,1.90053194e-04,2.28063833e-03,2.13219808e-06,2.77185751e-05,8.95743752e-09,1.16446688e-07,5.70985729e-05,7.99380021e-04,1.34466596e-07,2.01699894e-06,5.88597872e-14,8.24037021e-13,3.07109609e-09,4.60664413e-08,3.62073842e-04,5.79318146e-03,1.37865576e-07,2.34371479e-06,7.11213774e-07,1.28018479e-05,1.03740590e-10,1.76359004e-09,1.51844927e-13,2.73320869e-12,2.11641166e-18,3.80954099e-17,7.17611355e-05,1.43522271e-03
3.32126293e-09,4.18000000e-01,4.00000000e+03,2.33643331e-03,7.12941000e-01,7.12941000e-01,6.91378397e-02,2.76551359e-01,1.90057991e-04,2.28069589e-03,2.13218550e-06,2.77184115e-05,9.65542870e-09,1.25520573e-07,5.70983502e-05,7.99376903e-04,1.30096137e-07,1.95144205e-06,6.83889901e-14,9.57445861e-13,3.31035073e-09,4.96552610e-08,3.62073834e-04,5.79318135e-03,1.37861622e-07,2.34364757e-06,7.10084033e-07,1.27815126e-05,1.11822748e-10,1.90098672e-09,1.63661629e-13,2.94590932e-12,2.45902557e-18,4.42624602e-17,7.17611355e-05,1.43522271e-03
3.58001389e-09,4.18000000e-01,4.00000000e+03,2.26190366e-03,7.12940992e-01,7.12940992e-01,6.91378466e-02,2.76551386e-01,1.90062961e-04,2.28075554e-03,2.13217194e-06,2.77182352e-05,1.04078171e-08,1.35301622e-07,5.70981101e-05,7.99373542e-04,1.25582180e-07,1.88373270e-06,7.94609870e-14,1.11245382e-12,3.56824404e-09,5.35236606e-08,3.62073826e-04,5.79318122e-03,1.37857360e-07,2.34357512e-06,7.08868287e-07,1.27596292e-05,1.20534565e-10,2.04908761e-09,1.76396812e-13,3.17514262e-12,2.85710329e-18,5.14278593e-17,7.17611355e-05,1.43522271e-03
3.85892347e-09,4.18000000e-01,4.00000000e+03,2.18539979e-03,7.12940984e-01,7.12940984e-01,6.91378539e-02,2.76551415e-01,1.90068098e-04,2.28081718e-03,2.13215733e-06,2.77180452e-05,1.12188427e-08,1.45844956e-07,5.70978513e-05,7.99369919e-04,1.20935404e-07,1.81403107e-06,9.23255684e-14,1.29255796e-12,3.84622793e-09,5.76934190e-08,3.62073817e-04,5.79318108e-03,1.37852767e-07,2.34349703e-06,7.07560156e-07,1.27360828e-05,1.29925097e-10,2.20872666e-09,1.90121691e-13,3.42219044e-12,3.31962357e-18,5.97532242e-17,7.17611355e-05,1.43522271e-03
4.15956216e-09,4.18000000e-01,4.00000000e+03,2.10717830e-03,7.12940975e-01,7.12940975e-01,6.91378614e-02,2.76551446e-01,1.90073390e-04,2.28088068e-03,2.13214157e-06,2.77178404e-05,1.20930762e-08,1.57209990e-07,5.70975724e-05,7.99366013e-04,1.16168898e-07,1.74253348e-06,1.07272969e-13,1.50182157e-12,4.14586741e-09,6.21880112e-08,3.62073808e-04,5.79318093e-03,1.37847815e-07,2.34341286e-06,7.06152815e-07,1.27107507e-05,1.40047221e-10,2.38080276e-09,2.04912971e-13,3.68843347e-12,3.85701863e-18,6.94263353e-17,7.17611355e-05,1.43522271e-03
4.48362284e-09,4.18000000e-01,4.00000000e+03,2.02754212e-03,7.12940966e-01,7.12940966e-01,6.91378693e-02,2.76551477e-01,1.90078824e-04,2.28094589e-03,2.13212459e-06,2.77176196e-05,1.30354442e-08,1.69460775e-07,5.70972717e-05,7.99361804e-04,1.11298274e-07,1.66947412e-06,1.24640418e-13,1.74496585e-12,4.46884939e-09,6.70327408e-08,3.62073798e-04,5.79318077e-03,1.37842478e-07,2.34332213e-06,7.04638967e-07,1.26835014e-05,1.50957932e-10,2.56628485e-09,2.20853267e-13,3.97535880e-12,4.48140952e-18,8.06653713e-17,7.17611355e-05,1.43522271e-03
4.83293024e-09,4.18000000e-01,4.00000000e+03,1.94684186e-03,7.12940956e-01,7.12940956e-01,6.91378775e-02,2.76551510e-01,1.90084385e-04,2.28101262e-03,2.13210628e-06,2.77173817e-05,1.40512576e-08,1.82666349e-07,5.70969476e-05,7.99357266e-04,1.06341736e-07,1.59512604e-06,1.44819745e-13,2.02747642e-12,4.81699214e-09,7.22548821e-08,3.62073787e-04,5.79318059e-03,1.37836726e-07,2.34322434e-06,7.03010813e-07,1.26541946e-05,1.62718668e-10,2.76621736e-09,2.38031558e-13,4.28456805e-12,5.20687950e-18,9.37238311e-17,7.17611355e-05,1.43522271e-03
5.20945127e-09,4.18000000e-01,4.00000000e+03,1.86547621e-03,7.12940946e-01,7.12940946e-01,6.91378860e-02,2.76551544e-01,1.90090053e-04,2.28108063e-03,2.13208655e-06,2.77171252e-05,1.51462410e-08,1.96901133e-07,5.70965983e-05,7.99352376e-04,1.01320091e-07,1.51980136e-06,1.68266224e-13,2.35572714e-12,5.19225557e-09,7.78838336e-08,3.62073775e-04,5.79318040e-03,1.37830526e-07,2.34311893e-06,7.01260027e-07,1.26226805e-05,1.75395652e-10,2.98172608e-09,2.56543668e-13,4.61778602e-12,6.04979170e-18,1.08896251e-16,7.17611355e-05,1.43522271e-03
5.61530608e-09,4.18000000e-01,4.00000000e+03,1.78389120e-03,7.12940936e-01,7.12940936e-01,6.91378948e-02,2.76551579e-01,1.90095808e-04,2.28114970e-03,2.13206528e-06,2.77168487e-05,1.63265653e-08,2.12245348e-07,5.70962217e-05,7.99347104e-04,9.62566955e-08,1.44385043e-06,1.95508846e-13,2.73712385e-12,5.59675223e-09,8.39512835e-08,3.62073763e-04,5.79318020e-03,1.37823842e-07,2.34300532e-06,6.99377724e-07,1.25887990e-05,1.89060266e-10,3.21402452e-09,2.76492783e-13,4.97687009e-12,7.02915817e-18,1.26524847e-16,7.17611355e-05,1.43522271e-03
6.05277998e-09,4.18000000e-01,4.00000000e+03,1.70257795e-03,7.12940925e-01,7.12940925e-01,6.91379040e-02,2.76551616e-01,1.90101628e-04,2.28121954e-03,2.13204236e-06,2.77165507e-05,1.75988819e-08,2.28785465e-07,5.70958158e-05,7.99341421e-04,9.11773184e-08,1.36765978e-06,2.27162254e-13,3.18027155e-12,6.03275919e-09,9.04913878e-08,3.62073749e-04,5.79317998e-03,1.37816639e-07,2.34288286e-06,6.97354434e-07,1.25523798e-05,2.03789453e-10,3.46442070e-09,2.97990012e-13,5.36382021e-12,8.16706869e-18,1.47007237e-16,7.17611355e-05,1.43522271e-03
6.52433633e-09,4.18000000e-01,4.00000000e+03,1.62206897e-03,7.12940913e-01,7.12940913e-01,6.91379134e-02,2.76551653e-01,1.90107487e-04,2.28128984e-03,2.13201765e-06,2.77162294e-05,1.89703609e-08,2.46614692e-07,5.70953783e-05,7.99335296e-04,8.61099112e-08,1.29164867e-06,2.63940609e-13,3.69516853e-12,6.50273084e-09,9.75409625e-08,3.62073734e-04,5.79317975e-03,1.37808875e-07,2.34275087e-06,6.95180069e-07,1.25132412e-05,2.19666152e-10,3.73432459e-09,3.21154984e-13,5.78078972e-12,9.48918908e-18,1.70805403e-16,7.17611355e-05,1.43522271e-03
7.03263041e-09,4.18000000e-01,4.00000000e+03,1.54293253e-03,7.12940902e-01,7.12940902e-01,6.91379230e-02,2.76551692e-01,1.90113358e-04,2.28136030e-03,2.13199101e-06,2.77158832e-05,2.04487308e-08,2.65833501e-07,5.70949067e-05,7.99328693e-04,8.10842767e-08,1.21626415e-06,3.06673709e-13,4.29343192e-12,7.00931272e-09,1.05139691e-07,3.62073718e-04,5.79317949e-03,1.37800506e-07,2.34260861e-06,6.92843897e-07,1.24711901e-05,2.36779763e-10,4.02525597e-09,3.46116490e-13,6.23009682e-12,1.10253400e-17,1.98456120e-16,7.17611355e-05,1.43522271e-03
7.58052437e-09,4.18000000e-01,4.00000000e+03,1.46576519e-03,7.12940889e-01,7.12940889e-01,6.91379330e-02,2.76551732e-01,1.90119214e-04,2.28143056e-03,2.13196230e-06,2.77155099e-05,2.20423222e-08,2.86550189e-07,5.70943983e-05,7.99321576e-04,7.61316260e-08,1.14197439e-06,3.56325706e-13,4.98855989e-12,7.55535640e-09,1.13330346e-07,3.62073701e-04,5.79317922e-03,1.37791487e-07,2.34245527e-06,6.90334511e-07,1.24260212e-05,2.55226649e-10,4.33885303e-09,3.73013170e-13,6.71423706e-12,1.28101697e-17,2.30583054e-16,7.17611355e-05,1.43522271e-03
8.17110332e-09,4.18000000e-01,4.00000000e+03,1.39118236e-03,7.12940877e-01,7.12940877e-01,6.91379432e-02,2.76551773e-01,1.90125024e-04,2.28150029e-03,2.13193135e-06,2.77151076e-05,2.37601147e-08,3.08881492e-07,5.70938504e-05,7.99313905e-04,7.12840228e-08,1.06926034e-06,4.14016865e-13,5.79623611e-12,8.14393547e-09,1.22159032e-07,3.62073682e-04,5.79317892e-03,1.37781765e-07,2.34229000e-06,6.87639803e-07,1.23775164e-05,2.75110682e-10,4.67688160e-09,4.01994252e-13,7.23589654e-12,1.48839352e-17,2.67910834e-16,7.17611355e-05,1.43522271e-03
8.80769273e-09,4.18000000e-01,4.00000000e+03,1.31980694e-03,7.12940864e-01,7.12940864e-01,6.91379537e-02,2.76551815e-01,1.90130761e-04,2.28156913e-03,2.13189800e-06,2.77146740e-05,2.56117873e-08,3.32953235e-07,5.70932597e-05,7.99305636e-04,6.65737181e-08,9.98605771e-07,4.81048835e-13,6.73468369e-12,8.77836288e-09,1.31675443e-07,3.62073662e-04,5.79317860e-03,1.37771286e-07,2.34211186e-06,6.84746936e-07,1.23254448e-05,2.96543827e-10,5.04124507e-09,4.33220342e-13,7.79796616e-12,1.72934108e-17,3.11281394e-16,7.17611355e-05,1.43522271e-03
9.49387718e-09,4.18000000e-01,4.00000000e+03,1.25225620e-03,7.12940850e-01,7.12940850e-01,6.91379644e-02,2.76551858e-01,1.90136395e-04,2.28163674e-03,2.13186204e-06,2.77142066e-05,2.76077730e-08,3.58901049e-07,5.70926231e-05,7.99296724e-04,6.20323823e-08,9.30485735e-07,5.58934019e-13,7.82507627e-12,9.46220953e-09,1.41933143e-07,3.62073641e-04,5.79317825e-03,1.37759992e-07,2.34191986e-06,6.81642321e-07,1.22695618e-05,3.19646771e-10,5.43399511e-09,4.66864272e-13,8.40355689e-12,2.00929427e-17,3.61672968e-16,7.17611355e-05,1.43522271e-03
1.02335205e-08,4.18000000e-01,4.00000000e+03,1.18912732e-03,7.12940836e-01,7.12940836e-01,6.91379754e-02,2.76551902e-01,1.90141899e-04,2.28170279e-03,2.13182329e-06,2.77137027e-05,2.97593171e-08,3.86871123e-07,5.70919369e-05,7.99287116e-04,5.76902583e-08,8.65353875e-07,6.49429697e-13,9.09201576e-12,1.01993244e-08,1.52989865e-07,3.62073618e-04,5.79317788e-03,1.37747819e-07,2.34171292e-06,6.78311595e-07,1.22096087e-05,3.44549603e-10,5.85734325e-09,5.03112001e-13,9.05601602e-12,2.33456747e-17,4.20222145e-16,7.17611355e-05,1.43522271e-03
1.10307874e-08,4.18000000e-01,4.00000000e+03,1.13098188e-03,7.12940822e-01,7.12940822e-01,6.91379867e-02,2.76551947e-01,1.90147248e-04,2.28176698e-03,2.13178151e-06,2.77131597e-05,3.20785410e-08,4.17021034e-07,5.70911972e-05,7.99276761e-04,5.35752543e-08,8.03628815e-07,7.54577670e-13,1.05640874e-11,1.09938560e-08,1.64907839e-07,3.62073593e-04,5.79317748e-03,1.37734699e-07,2.34148988e-06,6.74739606e-07,1.21453129e-05,3.71392547e-10,6.31367330e-09,5.42163593e-13,9.75894467e-12,2.71249730e-17,4.88249514e-16,7.17611355e-05,1.43522271e-03
1.18901674e-08,4.18000000e-01,4.00000000e+03,1.07833010e-03,7.12940807e-01,7.12940807e-01,6.91379982e-02,2.76551993e-01,1.90152421e-04,2.28182905e-03,2.13173648e-06,2.77125743e-05,3.45785100e-08,4.49520629e-07,5.70903999e-05,7.99265599e-04,4.97120218e-08,7.45680326e-07,8.76750325e-13,1.22745045e-11,1.18502759e-08,1.77754139e-07,3.62073566e-04,5.79317705e-03,1.37720558e-07,2.34124948e-06,6.70910395e-07,1.20763871e-05,4.00326752e-10,6.80555478e-09,5.84234244e-13,1.05162164e-11,3.15160802e-17,5.67289444e-16,7.17611355e-05,1.43522271e-03
1.28164995e-08,4.18000000e-01,4.00000000e+03,1.03161562e-03,7.12940792e-01,7.12940792e-01,6.91380099e-02,2.76552040e-01,1.90157400e-04,2.28188880e-03,2.13168795e-06,2.77119433e-05,3.72733066e-08,4.84552985e-07,5.70895405e-05,7.99253567e-04,4.61210591e-08,6.91815886e-07,1.01870415e-12,1.42618582e-11,1.27734040e-08,1.91601059e-07,3.62073537e-04,5.79317658e-03,1.37705317e-07,2.34099039e-06,6.66807193e-07,1.20025295e-05,4.31515142e-10,7.33575741e-09,6.29555396e-13,1.13319971e-11,3.66180386e-17,6.59124695e-16,7.17611355e-05,1.43522271e-03
1.38149996e-08,4.18000000e-01,4.00000000e+03,9.91201636e-04,7.12940775e-01,7.12940775e-01,6.91380220e-02,2.76552088e-01,1.90162170e-04,2.28194604e-03,2.13163564e-06,2.77112633e-05,4.01781102e-08,5.22315433e-07,5.70886142e-05,7.99240598e-04,4.28178940e-08,6.42268410e-07,1.18364195e-12,1.65709873e-11,1.37684349e-08,2.06526524e-07,3.62073505e-04,5.79317608e-03,1.37688890e-07,2.34071114e-06,6.62412420e-07,1.19234236e-05,4.65133335e-10,7.90726669e-09,6.78375915e-13,1.22107665e-11,4.25459238e-17,7.65826628e-16,7.17611355e-05,1.43522271e-03
1.48912903e-08,4.18000000e-01,4.00000000e+03,9.57359462e-04,7.12940759e-01,7.12940759e-01,6.91380344e-02,2.76552138e-01,1.90166725e-04,2.28200071e-03,2.13157925e-06,2.77105302e-05,4.33092825e-08,5.63020672e-07,5.70876157e-05,7.99226619e-04,3.98124022e-08,5.97186034e-07,1.37528503e-12,1.92539905e-11,1.48409681e-08,2.22614522e-07,3.62073472e-04,5.79317555e-03,1.37671187e-07,2.34041017e-06,6.57707694e-07,1.18387385e-05,5.01370628e-10,8.52330068e-09,7.30963349e-13,1.31573403e-11,4.94334403e-17,8.89801925e-16,7.17611355e-05,1.43522271e-03
1.60514320e-08,4.18000000e-01,4.00000000e+03,9.30260606e-04,7.12940741e-01,7.12940741e-01,6.91380471e-02,2.76552189e-01,1.90171063e-04,2.28205275e-03,2.13151847e-06,2.77097401e-05,4.66844589e-08,6.06897966e-07,5.70865394e-05,7.99211552e-04,3.71083217e-08,5.56624825e-07,1.59795724e-12,2.23714013e-11,1.59970386e-08,2.39955579e-07,3.62073436e-04,5.79317497e-03,1.37652106e-07,2.34008580e-06,6.52673849e-07,1.17481293e-05,5.40431070e-10,9.18732820e-09,7.87605277e-13,1.41768950e-11,5.74359372e-17,1.03384687e-15,7.17611355e-05,1.43522271e-03
1.73019574e-08,4.18000000e-01,4.00000000e+03,9.09973057e-04,7.12940723e-01,7.12940723e-01,6.91380603e-02,2.76552241e-01,1.90175185e-04,2.28210222e-03,2.13145295e-06,2.77088884e-05,5.03226486e-08,6.54194432e-07,5.70853793e-05,7.99195310e-04,3.47030078e-08,5.20545116e-07,1.85668242e-12,2.59935539e-11,1.72431511e-08,2.58647266e-07,3.62073397e-04,5.79317435e-03,1.37631542e-07,2.33973621e-06,6.47290969e-07,1.16512374e-05,5.82534604e-10,9.90308826e-09,8.48610734e-13,1.52749932e-11,6.67339123e-17,1.20121042e-15,7.17611355e-05,1.43522271e-03
1.86499079e-08,4.18000000e-01,4.00000000e+03,8.96462709e-04,7.12940704e-01,7.12940704e-01,6.91380739e-02,2.76552295e-01,1.90179102e-04,2.28214923e-03,2.13138234e-06,2.77079704e-05,5.42443413e-08,7.05176437e-07,5.70841289e-05,7.99177804e-04,3.25874781e-08,4.88812171e-07,2.15729781e-12,3.02021693e-11,1.85863166e-08,2.78794749e-07,3.62073355e-04,5.79317368e-03,1.37609379e-07,2.33935944e-06,6.41538430e-07,1.15476917e-05,6.27918306e-10,1.06746112e-08,9.14311731e-13,1.64576112e-11,7.75370830e-17,1.39566749e-15,7.17611355e-05,1.43522271e-03
2.01028738e-08,4.18000000e-01,4.00000000e+03,8.89600182e-04,7.12940684e-01,7.12940684e-01,6.91380880e-02,2.76552352e-01,1.90182828e-04,2.28219394e-03,2.13130622e-06,2.77069809e-05,5.84716223e-08,7.60131090e-07,5.70827810e-05,7.99158934e-04,3.07467628e-08,4.61201443e-07,2.50658565e-12,3.50921991e-11,2.00340917e-08,3.00511376e-07,3.62073310e-04,5.79317296e-03,1.37585493e-07,2.33895338e-06,6.35394965e-07,1.14371094e-05,6.76837727e-10,1.15062414e-08,9.85064873e-13,1.77311677e-11,9.00891166e-17,1.62160410e-15,7.17611355e-05,1.43522271e-03
2.16690364e-08,4.18000000e-01,4.00000000e+03,8.89173100e-04,7.12940663e-01,7.12940663e-01,6.91381026e-02,2.76552410e-01,1.90186381e-04,2.28223657e-03,2.13122418e-06,2.77059143e-05,6.30282975e-08,8.19367868e-07,5.70813282e-05,7.99138594e-04,2.91605631e-08,4.37408447e-07,2.91242624e-12,4.07739674e-11,2.15946210e-08,3.23919315e-07,3.62073262e-04,5.79317219e-03,1.37559751e-07,2.33851577e-06,6.28838747e-07,1.13190974e-05,7.29568324e-10,1.24026615e-08,1.06125306e-12,1.91025552e-11,1.04673126e-16,1.88411628e-15,7.17611355e-05,1.43522271e-03
2.33572147e-08,4.18000000e-01,3.99999999e+03,8.94903372e-04,7.12940641e-01,7.12940641e-01,6.91381179e-02,2.76552472e-01,1.90189781e-04,2.28227737e-03,2.13113575e-06,2.77047648e-05,6.79400269e-08,8.83220350e-07,5.70797622e-05,7.99116671e-04,2.78041921e-08,4.17062882e-07,3.38397565e-12,4.73756591e-11,2.32766826e-08,3.49150239e-07,3.62073210e-04,5.79317136e-03,1.37532009e-07,2.33804416e-06,6.21847490e-07,1.11932548e-05,7.86407013e-10,1.33689192e-08,1.14328733e-12,2.05791719e-11,1.21618057e-16,2.18912503e-15,7.17611355e-05,1.43522271e-03
2.51769146e-08,4.18000000e-01,3.99999999e+03,9.06468443e-04,7.12940618e-01,7.12940618e-01,6.91381339e-02,2.76552536e-01,1.90193052e-04,2.28231663e-03,2.13104044e-06,2.77035257e-05,7.32344694e-08,9.52048102e-07,5.70780743e-05,7.99093040e-04,2.66497391e-08,3.99746087e-07,3.93187227e-12,5.50462118e-11,2.50897376e-08,3.76346063e-07,3.62073155e-04,5.79317048e-03,1.37502113e-07,2.33753591e-06,6.14398585e-07,1.10591745e-05,8.47673844e-10,1.44104554e-08,1.23160872e-12,2.21689570e-11,1.41306105e-16,2.54350988e-15,7.17611355e-05,1.43522271e-03
2.71383825e-08,4.18000000e-01,3.99999999e+03,9.23525243e-04,7.12940593e-01,7.12940593e-01,6.91381507e-02,2.76552603e-01,1.90196217e-04,2.28235460e-03,2.13093770e-06,2.77021901e-05,7.89414384e-08,1.02623870e-06,5.70762549e-05,7.99067568e-04,2.56673834e-08,3.85010751e-07,4.56847679e-12,6.39586750e-11,2.70439829e-08,4.05659744e-07,3.62073095e-04,5.79316953e-03,1.37469894e-07,2.33698819e-06,6.06469249e-07,1.09164465e-05,9.13713800e-10,1.55331346e-08,1.32669036e-12,2.38804265e-11,1.64181335e-16,2.95526404e-15,7.17611355e-05,1.43522271e-03
2.92526634e-08,4.18000000e-01,3.99999999e+03,9.45734986e-04,7.12940567e-01,7.12940567e-01,6.91381684e-02,2.76552674e-01,1.90199295e-04,2.28239155e-03,2.13082697e-06,2.77007506e-05,8.50930697e-08,1.10620991e-06,5.70742938e-05,7.99040113e-04,2.48267527e-08,3.72401290e-07,5.30815100e-12,7.43141140e-11,2.91504088e-08,4.37256131e-07,3.62073032e-04,5.79316851e-03,1.37435173e-07,2.33639795e-06,5.98036726e-07,1.07646611e-05,9.84898741e-10,1.67432786e-08,1.42903954e-12,2.57227117e-11,1.90759704e-16,3.43367468e-15,7.17611355e-05,1.43522271e-03
3.15316623e-08,4.18000000e-01,3.99999999e+03,9.72787086e-04,7.12940539e-01,7.12940539e-01,6.91381870e-02,2.76552748e-01,1.90202306e-04,2.28242767e-03,2.13070761e-06,2.76991990e-05,9.17240024e-08,1.19241203e-06,5.70721800e-05,7.99010520e-04,2.40982259e-08,3.61473389e-07,6.16758176e-12,8.63461446e-11,3.14208597e-08,4.71312896e-07,3.62072963e-04,5.79316741e-03,1.37397758e-07,2.33576188e-06,5.89078505e-07,1.06034131e-05,1.06162950e-09,1.80477014e-08,1.53919998e-12,2.77055996e-11,2.21640690e-16,3.98953242e-15,7.17611355e-05,1.43522271e-03
3.39882122e-08,4.18000000e-01,3.99999999e+03,1.00442034e-03,7.12940510e-01,7.12940510e-01,6.91382066e-02,2.76552826e-01,1.90205260e-04,2.28246312e-03,2.13057897e-06,2.76975266e-05,9.88715733e-08,1.28533045e-06,5.70699016e-05,7.98978622e-04,2.34540756e-08,3.51811134e-07,7.16615736e-12,1.00326203e-10,3.38681015e-08,5.08021523e-07,3.62072890e-04,5.79316625e-03,1.37357439e-07,2.33507646e-06,5.79572592e-07,1.04323067e-05,1.14433812e-09,1.94537481e-08,1.65775418e-12,2.98395753e-11,2.57520818e-16,4.63537472e-15,7.17611355e-05,1.43522271e-03
3.66361454e-08,4.18000000e-01,3.99999999e+03,1.04043991e-03,7.12940479e-01,7.12940479e-01,6.91382273e-02,2.76552909e-01,1.90208163e-04,2.28249796e-03,2.13044031e-06,2.76957240e-05,1.06576027e-07,1.38548835e-06,5.70674458e-05,7.98944241e-04,2.28693644e-08,3.43040466e-07,8.32640488e-12,1.16569668e-10,3.65058922e-08,5.47588383e-07,3.62072812e-04,5.79316499e-03,1.37313992e-07,2.33433786e-06,5.69497813e-07,1.02509606e-05,1.23349034e-09,2.09693357e-08,1.78532587e-12,3.21358657e-11,2.99209370e-16,5.38576865e-15,7.17611355e-05,1.43522271e-03
3.94903723e-08,4.18000000e-01,3.99999999e+03,1.08072923e-03,7.12940445e-01,7.12940445e-01,6.91382491e-02,2.76552997e-01,1.90211015e-04,2.28253217e-03,2.13029086e-06,2.76937811e-05,1.14880743e-07,1.49344966e-06,5.70647987e-05,7.98907182e-04,2.23225468e-08,3.34838203e-07,9.67449825e-12,1.35442975e-10,3.93490593e-08,5.90235890e-07,3.62072728e-04,5.79316365e-03,1.37267175e-07,2.33354198e-06,5.58834175e-07,1.00590152e-05,1.32958814e-09,2.26029983e-08,1.92258254e-12,3.46064857e-11,3.47646636e-16,6.25763944e-15,7.17611355e-05,1.43522271e-03
4.25669645e-08,4.18000000e-01,3.99999999e+03,1.12525643e-03,7.12940410e-01,7.12940410e-01,6.91382722e-02,2.76553089e-01,1.90213803e-04,2.28256563e-03,2.13012977e-06,2.76916870e-05,1.23832477e-07,1.60982220e-06,5.70619456e-05,7.98867238e-04,2.17957513e-08,3.26936269e-07,1.12408486e-11,1.57371881e-10,4.24135825e-08,6.36203738e-07,3.62072639e-04,5.79316222e-03,1.37216729e-07,2.33268439e-06,5.47563265e-07,9.85613877e-06,1.43317264e-09,2.43639348e-08,2.07023812e-12,3.72642862e-11,4.03925125e-16,7.27065225e-15,7.17611355e-05,1.43522271e-03
4.58832461e-08,4.18000000e-01,3.99999999e+03,1.17407574e-03,7.12940373e-01,7.12940373e-01,6.91382964e-02,2.76553186e-01,1.90216508e-04,2.28259810e-03,2.12995615e-06,2.76894300e-05,1.33481624e-07,1.73526111e-06,5.70588703e-05,7.98824184e-04,2.12747676e-08,3.19121514e-07,1.30607903e-11,1.82851064e-10,4.57166833e-08,6.85750250e-07,3.62072543e-04,5.79316069e-03,1.37162374e-07,2.33176035e-06,5.35668707e-07,9.64203672e-06,1.54482709e-09,2.62620606e-08,2.22905571e-12,4.01230028e-11,4.69314206e-16,8.44765571e-15,7.17611355e-05,1.43522271e-03
4.94578905e-08,4.18000000e-01,3.99999999e+03,1.22732472e-03,7.12940333e-01,7.12940333e-01,6.91383220e-02,2.76553288e-01,1.90219100e-04,2.28262921e-03,2.12976902e-06,2.76869973e-05,1.43882503e-07,1.87047254e-06,5.70555555e-05,7.98777778e-04,2.07487914e-08,3.11231870e-07,1.51753775e-11,2.12455285e-10,4.92769209e-08,7.39153813e-07,3.62072441e-04,5.79315905e-03,1.37103808e-07,2.33076473e-06,5.23136672e-07,9.41646010e-06,1.66518021e-09,2.83080636e-08,2.39985038e-12,4.31973069e-11,5.45288738e-16,9.81519728e-15,7.17611355e-05,1.43522271e-03
5.33110262e-08,4.18000000e-01,3.99999999e+03,1.28521861e-03,7.12940290e-01,7.12940290e-01,6.91383488e-02,2.76553395e-01,1.90221540e-04,2.28265848e-03,2.12956733e-06,2.76843753e-05,1.55093658e-07,2.01621755e-06,5.70519828e-05,7.98727759e-04,2.02099966e-08,3.03149950e-07,1.76323105e-11,2.46852347e-10,5.31142958e-08,7.96714437e-07,3.62072331e-04,5.79315730e-03,1.37040707e-07,2.32969202e-06,5.09956440e-07,9.17921593e-06,1.79490968e-09,3.05134645e-08,2.58349208e-12,4.65028575e-11,6.33562334e-16,1.14041220e-14,7.17611355e-05,1.43522271e-03
5.74643497e-08,4.18000000e-01,3.99999999e+03,1.34804344e-03,7.12940246e-01,7.12940246e-01,6.91383770e-02,2.76553508e-01,1.90223776e-04,2.28268531e-03,2.12934995e-06,2.76815494e-05,1.67178186e-07,2.17331642e-06,5.70481318e-05,7.98673846e-04,1.96530258e-08,2.94795387e-07,2.04870110e-11,2.86818154e-10,5.72503617e-08,8.58755426e-07,3.62072214e-04,5.79315543e-03,1.36972723e-07,2.32853629e-06,4.96121012e-07,8.93017822e-06,1.93474597e-09,3.28906814e-08,2.78090854e-12,5.00563537e-11,7.36126016e-16,1.32502683e-14,7.17611355e-05,1.43522271e-03
6.19412478e-08,4.18000000e-01,3.99999999e+03,1.41614901e-03,7.12940198e-01,7.12940198e-01,6.91384065e-02,2.76553626e-01,1.90225746e-04,2.28270896e-03,2.12911566e-06,2.76785036e-05,1.80204092e-07,2.34265320e-06,5.70439812e-05,7.98615736e-04,1.90744659e-08,2.86116988e-07,2.38038720e-11,3.33254208e-10,6.17083453e-08,9.25625180e-07,3.62072089e-04,5.79315343e-03,1.36899480e-07,2.32729117e-06,4.81627772e-07,8.66929990e-06,2.08547647e-09,3.54531000e-08,2.99308821e-12,5.38755877e-11,8.55293116e-16,1.53952761e-14,7.17611355e-05,1.43522271e-03
6.67669294e-08,4.17999999e-01,3.99999998e+03,1.48994294e-03,7.12940148e-01,7.12940148e-01,6.91384374e-02,2.76553750e-01,1.90227377e-04,2.28272853e-03,2.12886314e-06,2.76752209e-05,1.94244666e-07,2.52518066e-06,5.70395074e-05,7.98553104e-04,1.84723767e-08,2.77085650e-07,2.76577099e-11,3.87207938e-10,6.65132759e-08,9.97699138e-07,3.62071956e-04,5.79315129e-03,1.36820575e-07,2.32594978e-06,4.66479196e-07,8.39662554e-06,2.24794991e-09,3.82151485e-08,3.22108321e-12,5.79794977e-11,9.93751461e-16,1.78875263e-14,7.17611355e-05,1.43522271e-03
7.19685673e-08,4.17999999e-01,3.99999998e+03,1.56988643e-03,7.12940095e-01,7.12940095e-01,6.91384696e-02,2.76553878e-01,1.90228582e-04,2.28274298e-03,2.12859099e-06,2.76716828e-05,2.09378894e-07,2.72192562e-06,5.70346855e-05,7.98485597e-04,1.78459046e-08,2.67688570e-07,3.21354511e-11,4.49896315e-10,7.16921243e-08,1.07538187e-06,3.62071813e-04,5.79314901e-03,1.36735574e-07,2.32450476e-06,4.50683589e-07,8.11230460e-06,2.42308115e-09,4.11923795e-08,3.46601221e-12,6.23882198e-11,1.15462399e-15,2.07832318e-14,7.17611356e-05,1.43522271e-03
7.75754513e-08,4.17999999e-01,3.99999998e+03,1.65649193e-03,7.12940039e-01,7.12940039e-01,6.91385030e-02,2.76554012e-01,1.90229260e-04,2.28275112e-03,2.12829767e-06,2.76678697e-05,2.25691893e-07,2.93399461e-06,5.70294882e-05,7.98412835e-04,1.71949952e-08,2.57924928e-07,3.73380918e-11,5.22733285e-10,7.72739535e-08,1.15910930e-06,3.62071661e-04,5.79314658e-03,1.36644009e-07,2.32294816e-06,4.34255845e-07,7.81660522e-06,2.61185629e-09,4.44015570e-08,3.72906325e-12,6.71231385e-11,1.34153920e-15,2.41477055e-14,7.17611356e-05,1.43522271e-03
8.36191530e-08,4.17999999e-01,3.99999998e+03,1.75032274e-03,7.12939980e-01,7.12939980e-01,6.91385378e-02,2.76554151e-01,1.90229298e-04,2.28275158e-03,2.12798154e-06,2.76637600e-05,2.43275391e-07,3.16258009e-06,5.70238866e-05,7.98334412e-04,1.65202022e-08,2.47803034e-07,4.33829747e-11,6.07361645e-10,8.32900792e-08,1.24935119e-06,3.62071498e-04,5.79314397e-03,1.36545380e-07,2.32127146e-06,4.17218217e-07,7.50992791e-06,2.81533830e-09,4.78607511e-08,4.01149638e-12,7.22069348e-11,1.55871296e-15,2.80568333e-14,7.17611356e-05,1.43522271e-03
9.01337039e-08,4.17999999e-01,3.99999998e+03,1.85199416e-03,7.12939918e-01,7.12939918e-01,6.91385737e-02,2.76554295e-01,1.90228565e-04,2.28274278e-03,2.12764084e-06,2.76593309e-05,2.62228231e-07,3.40896700e-06,5.70178490e-05,7.98249886e-04,1.58225724e-08,2.37338586e-07,5.04064336e-11,7.05690070e-10,8.97742444e-08,1.34661367e-06,3.62071324e-04,5.79314119e-03,1.36439146e-07,2.31946549e-06,3.99601064e-07,7.19281915e-06,3.03467292e-09,5.15894396e-08,4.31464613e-12,7.76636303e-11,1.81104366e-15,3.25987859e-14,7.17611356e-05,1.43522271e-03
9.71557865e-08,4.17999999e-01,3.99999998e+03,1.96217589e-03,7.12939853e-01,7.12939853e-01,6.91386107e-02,2.76554443e-01,1.90226914e-04,2.28272297e-03,2.12727365e-06,2.76545575e-05,2.82656918e-07,3.67453994e-06,5.70113417e-05,7.98158784e-04,1.51035892e-08,2.26553839e-07,5.85668662e-11,8.19936126e-10,9.67628057e-08,1.45144209e-06,3.62071138e-04,5.79313821e-03,1.36324729e-07,2.31752039e-06,3.81443562e-07,6.86598411e-06,3.27109516e-09,5.56086177e-08,4.63992371e-12,8.35186268e-11,2.10422261e-15,3.78760071e-14,7.17611356e-05,1.43522271e-03
1.04724941e-07,4.17999999e-01,3.99999998e+03,2.08159535e-03,7.12939785e-01,7.12939785e-01,6.91386487e-02,2.76554595e-01,1.90224180e-04,2.28269016e-03,2.12687793e-06,2.76494131e-05,3.04676211e-07,3.96079074e-06,5.70043281e-05,7.98060594e-04,1.43651507e-08,2.15477261e-07,6.80483027e-11,9.52676238e-10,1.04294935e-07,1.56442403e-06,3.62070940e-04,5.79313503e-03,1.36201505e-07,2.31542559e-06,3.62794337e-07,6.53029806e-06,3.52593626e-09,5.99409164e-08,4.98881883e-12,8.97987389e-11,2.44486249e-15,4.40075249e-14,7.17611356e-05,1.43522271e-03
1.12883789e-07,4.17999999e-01,3.99999997e+03,2.21104163e-03,7.12939713e-01,7.12939713e-01,6.91386877e-02,2.76554751e-01,1.90220178e-04,2.28264214e-03,2.12645147e-06,2.76438691e-05,3.28409752e-07,4.26932677e-06,5.69967690e-05,7.97954766e-04,1.36095672e-08,2.04143509e-07,7.90645522e-11,1.10690373e-09,1.12412836e-07,1.68619255e-06,3.62070727e-04,5.79313163e-03,1.36068806e-07,2.31316970e-06,3.43711991e-07,6.18681584e-06,3.80063115e-09,6.46107296e-08,5.36290105e-12,9.65322189e-11,2.84064644e-15,5.11316359e-14,7.17611356e-05,1.43522271e-03
1.21678272e-07,4.17999999e-01,3.99999997e+03,2.35136985e-03,7.12939638e-01,7.12939638e-01,6.91387274e-02,2.76554909e-01,1.90214704e-04,2.28257645e-03,2.12599187e-06,2.76378943e-05,3.53990747e-07,4.60187971e-06,5.69886219e-05,7.97840707e-04,1.28395655e-08,1.92593483e-07,9.18640181e-11,1.28609625e-09,1.21161978e-07,1.81742966e-06,3.62070499e-04,5.79312798e-03,1.35925913e-07,2.31074053e-06,3.24265474e-07,5.83677854e-06,4.09672656e-09,6.96443516e-08,5.76382060e-12,1.03748771e-10,3.30050136e-15,5.94090245e-14,7.17611356e-05,1.43522271e-03
1.31157910e-07,4.17999999e-01,3.99999997e+03,2.50350586e-03,7.12939560e-01,7.12939560e-01,6.91387676e-02,2.76555071e-01,1.90207531e-04,2.28249037e-03,2.12549658e-06,2.76314555e-05,3.81562697e-07,4.96031507e-06,5.69798412e-05,7.97717777e-04,1.20582911e-08,1.80874367e-07,1.06735293e-10,1.49429410e-09,1.30591342e-07,1.95887013e-06,3.62070254e-04,5.79312406e-03,1.35772056e-07,2.30812496e-06,3.04534256e-07,5.48161661e-06,4.41588971e-09,7.50701251e-08,6.19330842e-12,1.11479552e-10,3.83479929e-15,6.90263872e-14,7.17611356e-05,1.43522271e-03
1.41376081e-07,4.17999999e-01,3.99999997e+03,2.66845118e-03,7.12939479e-01,7.12939479e-01,6.91388083e-02,2.76555233e-01,1.90198412e-04,2.28238094e-03,2.12496283e-06,2.76245168e-05,4.11280183e-07,5.34664238e-06,5.69703778e-05,7.97585289e-04,1.12693041e-08,1.69039562e-07,1.24013653e-10,1.73619114e-09,1.40753698e-07,2.11130548e-06,3.62069991e-04,5.79311986e-03,1.35606408e-07,2.30530893e-06,2.84608251e-07,5.12294852e-06,4.75991770e-09,8.09186008e-08,6.65317534e-12,1.19757156e-10,4.45559131e-15,8.02006436e-14,7.17611357e-05,1.43522271e-03
1.52390324e-07,4.17999999e-01,3.99999996e+03,2.84728816e-03,7.12939394e-01,7.12939394e-01,6.91388492e-02,2.76555397e-01,1.90187076e-04,2.28224491e-03,2.12438765e-06,2.76170394e-05,4.43309704e-07,5.76302616e-06,5.69601786e-05,7.97442500e-04,1.04765633e-08,1.57148450e-07,1.44088608e-10,2.01724051e-09,1.51705889e-07,2.27558833e-06,3.62069709e-04,5.79311535e-03,1.35428080e-07,2.30227736e-06,2.64587444e-07,4.76257399e-06,5.13074763e-09,8.72227097e-08,7.14531027e-12,1.28615585e-10,5.17687937e-15,9.31838287e-14,7.17611357e-05,1.43522271e-03
1.64262658e-07,4.17999999e-01,3.99999996e+03,3.04118533e-03,7.12939305e-01,7.12939305e-01,6.91388902e-02,2.76555561e-01,1.90173231e-04,2.28207877e-03,2.12376783e-06,2.76089818e-05,4.77830588e-07,6.21179764e-06,5.69491865e-05,7.97288612e-04,9.68439782e-09,1.45265967e-07,1.67412663e-10,2.34377728e-09,1.63509142e-07,2.45263713e-06,3.62069405e-04,5.79311048e-03,1.35236122e-07,2.29901408e-06,2.44581164e-07,4.40246096e-06,5.53046752e-09,9.40179478e-08,7.67167703e-12,1.38090187e-10,6.01493210e-15,1.08268778e-13,7.17611357e-05,1.43522271e-03
1.77059935e-07,4.17999999e-01,3.99999996e+03,3.25140297e-03,7.12939213e-01,7.12939213e-01,6.91389308e-02,2.76555723e-01,1.90156560e-04,2.28187872e-03,2.12309993e-06,2.76002991e-05,5.15035956e-07,6.69546742e-06,5.69373402e-05,7.97122762e-04,8.89746238e-09,1.33461936e-07,1.94511497e-10,2.72316096e-09,1.76229407e-07,2.64344111e-06,3.62069078e-04,5.79310524e-03,1.35029514e-07,2.29550174e-06,2.24706972e-07,4.04472550e-06,5.96132803e-09,1.01342577e-07,8.23430977e-12,1.48217576e-10,6.98865173e-15,1.25795731e-13,7.17611357e-05,1.43522271e-03
1.90854214e-07,4.17999998e-01,3.99999996e+03,3.47929889e-03,7.12939118e-01,7.12939118e-01,6.91389710e-02,2.76555884e-01,1.90136728e-04,2.28164073e-03,2.12238023e-06,2.75909429e-05,5.55133767e-07,7.21673897e-06,5.69245733e-05,7.96944026e-04,8.12067651e-09,1.21810148e-07,2.25995783e-10,3.16394096e-09,1.89937714e-07,2.84906572e-06,3.62068723e-04,5.79309958e-03,1.34807163e-07,2.29172178e-06,2.05089108e-07,3.69160395e-06,6.42575518e-09,1.09237838e-07,8.83530657e-12,1.59035518e-10,8.12000043e-15,1.46160008e-13,7.17611357e-05,1.43522271e-03
2.05723170e-07,4.17999998e-01,3.99999995e+03,3.72633443e-03,7.12939019e-01,7.12939019e-01,6.91390104e-02,2.76556041e-01,1.90113375e-04,2.28136050e-03,2.12160473e-06,2.75808615e-05,5.98347937e-07,7.77852318e-06,5.69108145e-05,7.96751403e-04,7.35914520e-09,1.10387178e-07,2.62574910e-10,3.67604875e-09,2.04710561e-07,3.07065841e-06,3.62068340e-04,5.79309344e-03,1.34567900e-07,2.28765430e-06,1.85856501e-07,3.34541702e-06,6.92636395e-09,1.17748187e-07,9.47682105e-12,1.70582779e-10,9.43449567e-15,1.69820922e-13,7.17611358e-05,1.43522272e-03
2.21750528e-07,4.17999998e-01,3.99999995e+03,3.99408081e-03,7.12938917e-01,7.12938917e-01,6.91390487e-02,2.76556195e-01,1.90086125e-04,2.28103350e-03,2.12076913e-06,2.75699987e-05,6.44919532e-07,8.38395392e-06,5.68959870e-05,7.96543818e-04,6.61806220e-09,9.92709330e-08,3.05072928e-10,4.27102099e-09,2.20630326e-07,3.30945490e-06,3.62067924e-04,5.79308679e-03,1.34310472e-07,2.28327802e-06,1.67140320e-07,3.00852576e-06,7.46597305e-09,1.26921542e-07,1.01610516e-11,1.82898928e-10,1.09617857e-14,1.97312143e-13,7.17611358e-05,1.43522272e-03
2.39026535e-07,4.17999998e-01,3.99999994e+03,4.28422576e-03,7.12938811e-01,7.12938811e-01,6.91390858e-02,2.76556343e-01,1.90054582e-04,2.28065498e-03,2.11986880e-06,2.75582944e-05,6.95108058e-07,9.03640476e-06,5.68800081e-05,7.96320114e-04,5.90259609e-09,8.85389413e-08,3.54447040e-10,4.96225856e-09,2.37785718e-07,3.56678578e-06,3.62067473e-04,5.79307957e-03,1.34033539e-07,2.27857016e-06,1.49071098e-07,2.68327976e-06,8.04762077e-09,1.36809553e-07,1.08902276e-11,1.96024097e-10,1.27363185e-14,2.29253732e-13,7.17611358e-05,1.43522272e-03
2.57648471e-07,4.17999998e-01,3.99999994e+03,4.59858065e-03,7.12938701e-01,7.12938701e-01,6.91391214e-02,2.76556486e-01,1.90018334e-04,2.28022000e-03,2.11889875e-06,2.75456838e-05,7.49192837e-07,9.73950688e-06,5.68627886e-05,7.96079041e-04,5.21776179e-09,7.82664269e-08,4.11809096e-10,5.76532734e-09,2.56272252e-07,3.84408378e-06,3.62066981e-04,5.79307170e-03,1.33735671e-07,2.27350641e-06,1.31775487e-07,2.37195877e-06,8.67458207e-09,1.47467895e-07,1.16665933e-11,2.09998680e-10,1.47981181e-14,2.66366127e-13,7.17611358e-05,1.43522272e-03
2.77721193e-07,4.17999998e-01,3.99999994e+03,4.93908820e-03,7.12938587e-01,7.12938587e-01,6.91391552e-02,2.76556621e-01,1.89976956e-04,2.27972347e-03,2.11785363e-06,2.75320972e-05,8.07474482e-07,1.04971683e-05,5.68442327e-05,7.95819258e-04,4.56828107e-09,6.85242160e-08,4.78450526e-10,6.69830737e-09,2.76192761e-07,4.14289141e-06,3.62066445e-04,5.79306312e-03,1.33415338e-07,2.26806075e-06,1.15372738e-07,2.07670928e-06,9.35038704e-09,1.58956580e-07,1.24923870e-11,2.24862966e-10,1.71936883e-14,3.09486389e-13,7.17611359e-05,1.43522272e-03
2.99357729e-07,4.17999998e-01,3.99999993e+03,5.30783084e-03,7.12938469e-01,7.12938469e-01,6.91391869e-02,2.76556748e-01,1.89930011e-04,2.27916013e-03,2.11672767e-06,2.75174597e-05,8.70276482e-07,1.13135943e-05,5.68242370e-05,7.95539317e-04,3.95843657e-09,5.93765485e-08,5.55871295e-10,7.78219812e-09,2.97657951e-07,4.46486927e-06,3.62065859e-04,5.79305375e-03,1.33070908e-07,2.26220544e-06,9.99710078e-08,1.79947814e-06,1.00788407e-08,1.71340292e-07,1.33698171e-11,2.40656707e-10,1.99770605e-14,3.59587088e-13,7.17611359e-05,1.43522272e-03
3.22679912e-07,4.17999997e-01,3.99999993e+03,5.70704012e-03,7.12938347e-01,7.12938347e-01,6.91392165e-02,2.76556866e-01,1.89877053e-04,2.27852464e-03,2.11551465e-06,2.75016905e-05,9.37946898e-07,1.21933097e-05,5.68026902e-05,7.95237663e-04,3.39192675e-09,5.08789012e-08,6.45813502e-10,9.04138903e-09,3.20786991e-07,4.81180486e-06,3.62065219e-04,5.79304350e-03,1.32700641e-07,2.25591089e-06,8.56637030e-08,1.54194665e-06,1.08640446e-08,1.84688759e-07,1.43010331e-11,2.57418596e-10,2.32110129e-14,4.17798233e-13,7.17611359e-05,1.43522272e-03
3.47819065e-07,4.17999997e-01,3.99999992e+03,6.13910709e-03,7.12938219e-01,7.12938219e-01,6.91392437e-02,2.76556975e-01,1.89817628e-04,2.27781153e-03,2.11420791e-06,2.74847029e-05,1.01086018e-06,1.31411823e-05,5.67794727e-05,7.94912617e-04,2.87172893e-09,4.30759339e-08,7.50300392e-10,1.05042055e-08,3.45708141e-07,5.18562211e-06,3.62064517e-04,5.79303228e-03,1.32302680e-07,2.24914556e-06,7.25260157e-08,1.30546828e-06,1.17104197e-08,1.99077135e-07,1.52880923e-11,2.75185662e-10,2.69684866e-14,4.85432759e-13,7.17611359e-05,1.43522272e-03
3.74916744e-07,4.17999997e-01,3.99999991e+03,6.60659418e-03,7.12938087e-01,7.12938087e-01,6.91392685e-02,2.76557074e-01,1.89751274e-04,2.27701529e-03,2.11280027e-06,2.74664035e-05,1.08941909e-06,1.41624482e-05,5.67544555e-05,7.94562377e-04,2.39997929e-09,3.59996894e-08,8.71681609e-10,1.22035425e-08,3.72559435e-07,5.58839152e-06,3.62063749e-04,5.79301998e-03,1.31875052e-07,2.24187589e-06,6.06118959e-08,1.09101413e-06,1.26227313e-08,2.14586432e-07,1.63329198e-11,2.93992557e-10,3.13342300e-14,5.64016141e-13,7.17611360e-05,1.43522272e-03
4.04125533e-07,4.17999997e-01,3.99999991e+03,7.11224861e-03,7.12937948e-01,7.12937948e-01,6.91392908e-02,2.76557163e-01,1.89677524e-04,2.27613029e-03,2.11128402e-06,2.74466922e-05,1.17405684e-06,1.52627389e-05,5.67275000e-05,7.94185000e-04,1.97787926e-09,2.96681889e-08,1.01268574e-09,1.41776003e-08,4.01489406e-07,6.02234109e-06,3.62062906e-04,5.79300649e-03,1.31415656e-07,2.23406616e-06,4.99516856e-08,8.99130341e-07,1.36061159e-08,2.31303970e-07,1.74372637e-11,3.13870746e-10,3.64067111e-14,6.55320799e-13,7.17611360e-05,1.43522272e-03
4.35609903e-07,4.17999997e-01,3.99999990e+03,7.65901775e-03,7.12937803e-01,7.12937803e-01,6.91393105e-02,2.76557242e-01,1.89595904e-04,2.27515085e-03,2.10965085e-06,2.74254611e-05,1.26523925e-06,1.64481102e-05,5.66984568e-05,7.93778395e-04,1.60563659e-09,2.40845488e-08,1.17648124e-09,1.64707373e-08,4.32657861e-07,6.48986792e-06,3.62061982e-04,5.79299171e-03,1.30922263e-07,2.22567847e-06,4.05506315e-08,7.29911368e-07,1.46661102e-08,2.49323873e-07,1.86026426e-11,3.34847567e-10,4.23003373e-14,7.61406072e-13,7.17611360e-05,1.43522272e-03
4.69547138e-07,4.17999996e-01,3.99999989e+03,8.25006658e-03,7.12937651e-01,7.12937651e-01,6.91393277e-02,2.76557311e-01,1.89505931e-04,2.27407117e-03,2.10789187e-06,2.74025943e-05,1.36346715e-06,1.77250730e-05,5.66671654e-05,7.93340315e-04,1.28244883e-09,1.92367324e-08,1.36674717e-09,1.91344604e-08,4.66236714e-07,6.99355071e-06,3.62060969e-04,5.79297550e-03,1.30392504e-07,2.21667257e-06,3.23884680e-08,5.82992424e-07,1.58086820e-08,2.68747594e-07,1.98302872e-11,3.56945170e-10,4.91480369e-14,8.84664664e-13,7.17611361e-05,1.43522272e-03
5.06128335e-07,4.17999996e-01,3.99999988e+03,8.88879746e-03,7.12937491e-01,7.12937491e-01,6.91393426e-02,2.76557370e-01,1.89407107e-04,2.27288529e-03,2.10599749e-06,2.73779673e-05,1.46927896e-06,1.91006264e-05,5.66334528e-05,7.92868339e-04,1.00653420e-09,1.50980130e-08,1.58775523e-09,2.22285732e-08,5.02410871e-07,7.53616306e-06,3.62059859e-04,5.79295774e-03,1.29823874e-07,2.20700587e-06,2.54201957e-08,4.57563523e-07,1.70402641e-08,2.89684489e-07,2.11210735e-11,3.80179323e-10,5.71042560e-14,1.02787661e-12,7.17611361e-05,1.43522272e-03
5.45559478e-07,4.17999996e-01,3.99999987e+03,9.57887252e-03,7.12937321e-01,7.12937321e-01,6.91393552e-02,2.76557421e-01,1.89298921e-04,2.27158705e-03,2.10395743e-06,2.73514466e-05,1.58325332e-06,2.05822932e-05,5.65971332e-05,7.92359865e-04,7.75211673e-10,1.16281751e-08,1.84446491e-09,2.58225088e-08,5.41379180e-07,8.12068770e-06,3.62058643e-04,5.79293829e-03,1.29213721e-07,2.19663326e-06,1.95781046e-08,3.52405883e-07,1.83677902e-08,3.12252433e-07,2.24754489e-11,4.04558080e-10,6.63484427e-14,1.19427197e-12,7.17611361e-05,1.43522272e-03
5.88062599e-07,4.17999995e-01,3.99999986e+03,1.03242385e-02,7.12937142e-01,7.12937142e-01,6.91393657e-02,2.76557463e-01,1.89180833e-04,2.27017000e-03,2.10176065e-06,2.73228884e-05,1.70601206e-06,2.21781568e-05,5.65580067e-05,7.91812093e-04,5.85028153e-10,8.77542229e-09,2.14263386e-09,2.99968741e-08,5.83355444e-07,8.75033165e-06,3.62057314e-04,5.79291702e-03,1.28559243e-07,2.18550713e-06,1.47749864e-08,2.65949756e-07,1.97987342e-08,3.36578481e-07,2.38933504e-11,4.30080306e-10,7.70890935e-14,1.38760368e-12,7.17611361e-05,1.43522272e-03
6.33877027e-07,4.17999995e-01,3.99999985e+03,1.11291546e-02,7.12936952e-01,7.12936952e-01,6.91393744e-02,2.76557498e-01,1.89052276e-04,2.26862731e-03,2.09939529e-06,2.72921388e-05,1.83822321e-06,2.38969017e-05,5.65158581e-05,7.91222013e-04,4.31926244e-10,6.47889366e-09,2.48894588e-09,3.48452424e-08,6.28569494e-07,9.42854241e-06,3.62055862e-04,5.79289379e-03,1.27857489e-07,2.17357731e-06,1.09083708e-08,1.96350675e-07,2.13411519e-08,3.62799582e-07,2.53741148e-11,4.56734066e-10,8.95684560e-14,1.61223221e-12,7.17611361e-05,1.43522272e-03
6.83260739e-07,4.17999995e-01,3.99999984e+03,1.19982225e-02,7.12936749e-01,7.12936749e-01,6.91393815e-02,2.76557526e-01,1.88912641e-04,2.26695169e-03,2.09684863e-06,2.72590322e-05,1.98060430e-06,2.57478559e-05,5.64704563e-05,7.90586389e-04,3.11441753e-10,4.67162629e-09,2.89115934e-09,4.04762308e-08,6.77268346e-07,1.01590252e-05,3.62054278e-04,5.79286846e-03,1.27105352e-07,2.16079099e-06,7.86551378e-09,1.41579248e-07,2.30037268e-08,3.91063355e-07,2.69163818e-11,4.84494873e-10,1.04067992e-13,1.87322386e-12,7.17611362e-05,1.43522272e-03
7.36491807e-07,4.17999994e-01,3.99999983e+03,1.29364197e-02,7.12936532e-01,7.12936532e-01,6.91393871e-02,2.76557548e-01,1.88761270e-04,2.26513524e-03,2.09410704e-06,2.72233915e-05,2.13392580e-06,2.77410354e-05,5.64215529e-05,7.89901740e-04,2.18916623e-10,3.28374934e-09,3.35827920e-09,4.70159088e-08,7.29717415e-07,1.09457612e-05,3.62052554e-04,5.79284086e-03,1.26299573e-07,2.14709274e-06,5.52877531e-09,9.95179555e-08,2.47958185e-08,4.21528914e-07,2.85179903e-11,5.13323826e-10,1.20914726e-13,2.17646508e-12,7.17611362e-05,1.43522272e-03
7.93869969e-07,4.17999994e-01,3.99999982e+03,1.39491349e-02,7.12936300e-01,7.12936300e-01,6.91393916e-02,2.76557567e-01,1.88597447e-04,2.26316936e-03,2.09115586e-06,2.71850262e-05,2.29901480e-06,2.98871923e-05,5.63688806e-05,7.89164329e-04,1.49710843e-10,2.24566265e-09,3.90075646e-09,5.46105904e-08,7.86201820e-07,1.17930273e-05,3.62050678e-04,5.79281085e-03,1.25436737e-07,2.13242454e-06,3.78097110e-09,6.80574798e-08,2.67275155e-08,4.54367764e-07,3.01758685e-11,5.43165633e-10,1.40488620e-13,2.52879516e-12,7.17611362e-05,1.43522272e-03
8.55718314e-07,4.17999993e-01,3.99999980e+03,1.50422061e-02,7.12936052e-01,7.12936052e-01,6.91393952e-02,2.76557581e-01,1.88420387e-04,2.26104465e-03,2.08797943e-06,2.71437326e-05,2.47675887e-06,3.21978653e-05,5.63121526e-05,7.88370137e-04,9.93965227e-11,1.49094784e-09,4.53071926e-09,6.34300696e-08,8.47027760e-07,1.27054164e-05,3.62048642e-04,5.79277826e-03,1.24513281e-07,2.11672578e-06,2.51027397e-09,4.51849315e-08,2.88096923e-08,4.89764768e-07,3.18859206e-11,5.73946570e-10,1.63231141e-13,2.93816054e-12,7.17611362e-05,1.43522272e-03
9.22385104e-07,4.17999993e-01,3.99999979e+03,1.62219613e-02,7.12935785e-01,7.12935785e-01,6.91393981e-02,2.76557592e-01,1.88229231e-04,2.25875078e-03,2.08456094e-06,2.70992922e-05,2.66811017e-06,3.46854323e-05,5.62510607e-05,7.87514850e-04,6.39191484e-11,9.58787226e-10,5.26224066e-09,7.36713693e-08,9.12523975e-07,1.36878596e-05,3.62046433e-04,5.79274293e-03,1.23525494e-07,2.09993339e-06,1.61428650e-09,2.90571571e-08,3.10540698e-08,5.27919187e-07,3.36429108e-11,6.05572394e-10,1.89655219e-13,3.41379395e-12,7.17611362e-05,1.43522272e-03
9.94245730e-07,4.17999992e-01,3.99999977e+03,1.74952620e-02,7.12935499e-01,7.12935499e-01,6.91394005e-02,2.76557602e-01,1.88023035e-04,2.25627642e-03,2.08088239e-06,2.70514710e-05,2.87408974e-06,3.73631666e-05,5.61852739e-05,7.86593835e-04,3.97148648e-11,5.95722971e-10,6.11164888e-09,8.55630843e-08,9.83043295e-07,1.47456494e-05,3.62044042e-04,5.79270467e-03,1.22469524e-07,2.08198191e-06,1.00300290e-09,1.80540521e-08,3.34732822e-08,5.69045798e-07,3.54403488e-11,6.37926278e-10,2.20356816e-13,3.96642269e-12,7.17611362e-05,1.43522272e-03
1.07170483e-06,4.17999991e-01,3.99999975e+03,1.88695490e-02,7.12935191e-01,7.12935191e-01,6.91394025e-02,2.76557610e-01,1.87800763e-04,2.25360915e-03,2.07692452e-06,2.70000188e-05,3.09579199e-06,4.02452959e-05,5.61144368e-05,7.85602116e-04,2.37779267e-11,3.56668900e-10,7.09788648e-09,9.93704108e-08,1.05896427e-06,1.58844641e-05,3.62041455e-04,5.79266327e-03,1.21341395e-07,2.06280371e-06,6.00512530e-10,1.08092255e-08,3.60809472e-08,6.13376103e-07,3.72703789e-11,6.70866820e-10,2.56028361e-13,4.60851050e-12,7.17611362e-05,1.43522272e-03
1.15519857e-06,4.17999991e-01,3.99999973e+03,2.03528925e-02,7.12934860e-01,7.12934860e-01,6.91394043e-02,2.76557617e-01,1.87561284e-04,2.25073541e-03,2.07266674e-06,2.69446676e-05,3.33438947e-06,4.33470631e-05,5.60381682e-05,7.84534355e-04,1.36785398e-11,2.05178096e-10,8.24292640e-09,1.15400970e-07,1.14069290e-06,1.71103935e-05,3.62038659e-04,5.79261854e-03,1.20137011e-07,2.04232919e-06,3.45450521e-10,6.21810937e-09,3.88917431e-08,6.61159632e-07,3.91236784e-11,7.04226211e-10,2.97474370e-13,5.35453866e-12,7.17611362e-05,1.43522272e-03
1.24519708e-06,4.17999990e-01,3.99999971e+03,2.19540448e-02,7.12934504e-01,7.12934504e-01,6.91394060e-02,2.76557624e-01,1.87303367e-04,2.24764040e-03,2.06808702e-06,2.68851313e-05,3.59113781e-06,4.66847915e-05,5.59560591e-05,7.83384827e-04,7.53701343e-12,1.13055201e-10,9.57225338e-09,1.34011547e-07,1.22866444e-06,1.84299666e-05,3.62035639e-04,5.79257023e-03,1.18852182e-07,2.02048709e-06,1.90344954e-10,3.42620917e-09,4.19214910e-08,7.12665346e-07,4.09893697e-11,7.37808654e-10,3.45629586e-13,6.22133256e-12,7.17611362e-05,1.43522272e-03
1.34220715e-06,4.17999989e-01,3.99999969e+03,2.36824985e-02,7.12934120e-01,7.12934120e-01,6.91394076e-02,2.76557631e-01,1.87025674e-04,2.24430809e-03,2.06316185e-06,2.68211040e-05,3.86738082e-06,5.02759507e-05,5.58676708e-05,7.82147391e-04,3.96458453e-12,5.94687679e-11,1.11154211e-08,1.55615896e-07,1.32334530e-06,1.98501796e-05,3.62032381e-04,5.79251809e-03,1.17482640e-07,1.99720487e-06,1.00122372e-10,1.80220270e-09,4.51872440e-08,7.68183149e-07,4.28549525e-11,7.71389145e-10,4.01580060e-13,7.22844108e-12,7.17611362e-05,1.43522272e-03
1.44677502e-06,4.17999988e-01,3.99999967e+03,2.55485490e-02,7.12933708e-01,7.12933708e-01,6.91394093e-02,2.76557637e-01,1.86726759e-04,2.24072111e-03,2.05786610e-06,2.67522593e-05,4.16455591e-06,5.41392268e-05,5.57725331e-05,7.80815464e-04,1.98367277e-12,2.97550916e-11,1.29066968e-08,1.80693756e-07,1.42523506e-06,2.13785259e-05,3.62028865e-04,5.79246184e-03,1.16024069e-07,1.97240917e-06,5.00938146e-11,9.01688662e-10,4.87073832e-08,8.28025515e-07,4.47062635e-11,8.04712743e-10,4.66587640e-13,8.39857752e-12,7.17611362e-05,1.43522272e-03
1.55948950e-06,4.17999987e-01,3.99999964e+03,2.75633637e-02,7.12933263e-01,7.12933263e-01,6.91394110e-02,2.76557644e-01,1.86405064e-04,2.23686077e-03,2.05217300e-06,2.66782491e-05,4.48419953e-06,5.82945939e-05,5.56701425e-05,7.79381995e-04,9.40456380e-13,1.41068457e-11,1.49858064e-08,2.09801290e-07,1.53486850e-06,2.30230275e-05,3.62025074e-04,5.79240118e-03,1.14472139e-07,1.94602636e-06,2.37468964e-11,4.27444135e-10,5.25017206e-08,8.92529250e-07,4.65274704e-11,8.37494468e-10,5.42118426e-13,9.75813167e-12,7.17611362e-05,1.43522272e-03
1.68098528e-06,4.17999987e-01,3.99999961e+03,2.97390574e-02,7.12932785e-01,7.12932785e-01,6.91394127e-02,2.76557651e-01,1.86058911e-04,2.23270693e-03,2.04605402e-06,2.65987022e-05,4.82795290e-06,6.27633877e-05,5.55599596e-05,7.77839435e-04,4.20746727e-13,6.31120091e-12,1.73987960e-08,2.43583144e-07,1.65281783e-06,2.47922675e-05,3.62020986e-04,5.79233577e-03,1.12822542e-07,1.91798321e-06,1.06212110e-11,1.91181799e-10,5.65916105e-08,9.62057378e-07,4.83011098e-11,8.69419977e-10,6.29875833e-13,1.13377650e-11,7.17611362e-05,1.43522272e-03
1.81194647e-06,4.17999985e-01,3.99999958e+03,3.20887759e-02,7.12932271e-01,7.12932271e-01,6.91394146e-02,2.76557658e-01,1.85686502e-04,2.22823803e-03,2.03947875e-06,2.65132237e-05,5.19756780e-06,6.75683814e-05,5.54414072e-05,7.76179701e-04,1.76876735e-13,2.65315102e-12,2.01990276e-08,2.82786386e-07,1.77969487e-06,2.66954231e-05,3.62016579e-04,5.79226526e-03,1.11071042e-07,1.88820772e-06,4.46188209e-12,8.03138775e-11,6.10000700e-08,1.03700119e-06,5.00081761e-11,9.00147169e-10,7.31838996e-13,1.31731019e-11,7.17611362e-05,1.43522272e-03
1.95311051e-06,4.17999984e-01,3.99999955e+03,3.46267870e-02,7.12931718e-01,7.12931718e-01,6.91394166e-02,2.76557666e-01,1.85285911e-04,2.22343093e-03,2.03241489e-06,2.64213935e-05,5.59491246e-06,7.27338620e-05,5.53138680e-05,7.74394152e-04,6.95888924e-14,1.04383339e-12,2.34483283e-08,3.28276596e-07,1.91615340e-06,2.87423010e-05,3.62011828e-04,5.79218924e-03,1.09213528e-07,1.85662998e-06,1.75193576e-12,3.15348437e-11,6.57519077e-08,1.11778243e-06,5.16282710e-11,9.29308878e-10,8.50307405e-13,1.53055333e-11,7.17611362e-05,1.43522272e-03
2.10527227e-06,4.17999983e-01,3.99999951e+03,3.73685826e-02,7.12931122e-01,7.12931122e-01,6.91394187e-02,2.76557675e-01,1.84855077e-04,2.21826092e-03,2.02482810e-06,2.63227653e-05,6.02197751e-06,7.82857076e-05,5.51766822e-05,7.72473550e-04,2.55595872e-14,3.83393807e-13,2.72183182e-08,3.81056454e-07,2.06289149e-06,3.09433723e-05,3.62006706e-04,5.79210730e-03,1.07246075e-07,1.82318328e-06,6.39570282e-13,1.15122651e-11,7.08738635e-08,1.20485568e-06,5.31398212e-11,9.56516781e-10,9.87952744e-13,1.77831494e-11,7.17611362e-05,1.43522272e-03
2.26928856e-06,4.17999982e-01,3.99999948e+03,4.03309890e-02,7.12930482e-01,7.12930482e-01,6.91394209e-02,2.76557684e-01,1.84391799e-04,2.21270159e-03,2.01668197e-06,2.62168657e-05,6.48088190e-06,8.42514647e-05,5.50291450e-05,7.70408029e-04,8.79903150e-15,1.31985472e-13,3.15919410e-08,4.42287173e-07,2.22065396e-06,3.33098095e-05,3.62001186e-04,5.79201898e-03,1.05165019e-07,1.78780532e-06,2.15856101e-13,3.88540982e-12,7.63947586e-08,1.29871090e-06,5.45203695e-11,9.81366652e-10,1.14787914e-12,2.06618246e-11,7.17611362e-05,1.43522272e-03
2.44608294e-06,4.17999980e-01,3.99999944e+03,4.35322899e-02,7.12929793e-01,7.12929793e-01,6.91394232e-02,2.76557693e-01,1.83893729e-04,2.20672475e-03,2.00793791e-06,2.61031928e-05,6.97387873e-06,9.06604235e-05,5.48705044e-05,7.68187061e-04,2.92043475e-15,4.38065212e-14,3.66652304e-08,5.13313225e-07,2.39023482e-06,3.58535223e-05,3.61995236e-04,5.79192377e-03,1.02967036e-07,1.75043961e-06,6.69407529e-14,1.20493355e-12,8.23456571e-08,1.39987617e-06,5.57469456e-11,1.00344502e-09,1.33369316e-12,2.40064768e-11,7.17611362e-05,1.43522272e-03
2.63665090e-06,4.17999979e-01,3.99999939e+03,4.69923609e-02,7.12929052e-01,7.12929052e-01,6.91394257e-02,2.76557703e-01,1.83358363e-04,2.20030035e-03,1.99855508e-06,2.59812161e-05,7.50336096e-06,9.75436925e-05,5.46999585e-05,7.65799419e-04,1.03914109e-15,1.55871164e-14,4.25493452e-08,5.95690832e-07,2.57247968e-06,3.85871952e-05,3.61988822e-04,5.79182115e-03,1.00649235e-07,1.71103699e-06,1.89498394e-14,3.41097109e-13,8.87600411e-08,1.50892070e-06,5.67965148e-11,1.02233727e-09,1.54958509e-12,2.78925316e-11,7.17611362e-05,1.43522272e-03
2.84206552e-06,4.17999977e-01,3.99999934e+03,5.07328177e-02,7.12928255e-01,7.12928255e-01,6.91394283e-02,2.76557713e-01,1.82783033e-04,2.19339640e-03,1.98849037e-06,2.58503748e-05,8.07186673e-06,1.04934268e-04,5.45166531e-05,7.63233144e-04,5.01437152e-16,7.52155729e-15,4.93729128e-08,6.91220779e-07,2.76828825e-06,4.15243238e-05,3.61981909e-04,5.79171054e-03,9.82092573e-08,1.66955737e-06,4.86216386e-15,8.75189494e-14,9.56739977e-08,1.62645796e-06,5.76465048e-11,1.03763709e-09,1.80042345e-12,3.24076221e-11,7.17611362e-05,1.43522272e-03
3.06348345e-06,4.17999975e-01,3.99999929e+03,5.47771791e-02,7.12927399e-01,7.12927399e-01,6.91394310e-02,2.76557724e-01,1.82164903e-04,2.18597884e-03,1.97769832e-06,2.57100781e-05,8.68208440e-06,1.12867097e-04,5.43196793e-05,7.60475510e-04,3.74668020e-16,5.62002030e-15,5.72847271e-08,8.01986179e-07,2.97861669e-06,4.46792504e-05,3.61974457e-04,5.79159131e-03,9.56453916e-08,1.62597166e-06,1.12219250e-15,2.01994650e-14,1.03126422e-07,1.75314918e-06,5.82754004e-11,1.04895721e-09,2.09186475e-12,3.76535655e-11,7.17611362e-05,1.43522272e-03
3.30215148e-06,4.17999973e-01,3.99999924e+03,5.91510452e-02,7.12926478e-01,7.12926478e-01,6.91394339e-02,2.76557736e-01,1.81500958e-04,2.17801150e-03,1.96613108e-06,2.55597041e-05,9.33685695e-06,1.21379140e-04,5.41080708e-05,7.57512992e-04,3.61957849e-16,5.42936773e-15,6.64568502e-08,9.30395903e-07,3.20447994e-06,4.80671991e-05,3.61966425e-04,5.79146280e-03,9.29566918e-08,1.58026376e-06,2.31152037e-16,4.16073666e-15,1.11159236e-07,1.88970702e-06,5.86633928e-11,1.05594107e-09,2.43048098e-12,4.37486577e-11,7.17611362e-05,1.43522272e-03
3.55941352e-06,4.17999971e-01,3.99999918e+03,6.38822946e-02,7.12925489e-01,7.12925489e-01,6.91394369e-02,2.76557748e-01,1.80787998e-04,2.16945597e-03,1.95373845e-06,2.53985998e-05,1.00391857e-05,1.30509414e-04,5.38808022e-05,7.54331231e-04,3.78342714e-16,5.67514071e-15,7.70881773e-08,1.07923448e-06,3.44695385e-06,5.17043077e-05,3.61957767e-04,5.79132427e-03,9.01431086e-08,1.53243285e-06,4.22112143e-17,7.59801858e-16,1.19817623e-07,2.03689959e-06,5.87930648e-11,1.05827517e-09,2.82390780e-12,5.08303404e-11,7.17611362e-05,1.43522272e-03
3.83671818e-06,4.17999969e-01,3.99999912e+03,6.90012988e-02,7.12924427e-01,7.12924427e-01,6.91394401e-02,2.76557760e-01,1.80022630e-04,2.16027156e-03,1.94046782e-06,2.52260817e-05,1.07922330e-05,1.40299030e-04,5.36367863e-05,7.50915008e-04,4.02142324e-16,6.03213486e-15,8.94085277e-08,1.25171939e-06,3.70717722e-06,5.56076583e-05,3.61948435e-04,5.79117496e-03,8.72056264e-08,1.48249565e-06,6.86898551e-18,1.23641739e-16,1.29150279e-07,2.19555474e-06,5.86500843e-11,1.05570152e-09,3.28101665e-12,5.90582998e-11,7.17611362e-05,1.43522272e-03
4.13562692e-06,4.17999967e-01,3.99999905e+03,7.45411588e-02,7.12923286e-01,7.12923286e-01,6.91394434e-02,2.76557774e-01,1.79201263e-04,2.15041516e-03,1.92626427e-06,2.50414355e-05,1.15993241e-05,1.50791213e-04,5.33748723e-05,7.47248212e-04,4.28478952e-16,6.42718428e-15,1.03683338e-07,1.45156673e-06,3.98635351e-06,5.97953026e-05,3.61938377e-04,5.79101403e-03,8.41464065e-08,1.43048891e-06,1.09090911e-18,1.96363640e-17,1.39209689e-07,2.36656471e-06,5.82238745e-11,1.04802974e-09,3.81211474e-12,6.86180652e-11,7.17611362e-05,1.43522272e-03
4.45782286e-06,4.17999964e-01,3.99999897e+03,8.05379623e-02,7.12922061e-01,7.12922061e-01,6.91394468e-02,2.76557787e-01,1.78320105e-04,2.13984125e-03,1.91107060e-06,2.48439177e-05,1.24639468e-05,1.62031309e-04,5.30938445e-05,7.43313823e-04,4.56406247e-16,6.84609370e-15,1.20219038e-07,1.68306653e-06,4.28575224e-06,6.42862836e-05,3.61927535e-04,5.79084056e-03,8.09689320e-08,1.37647184e-06,2.71006876e-19,4.87812377e-18,1.50052420e-07,2.55089115e-06,5.75082251e-11,1.03514805e-09,4.42917734e-12,7.97251921e-11,7.17611362e-05,1.43522272e-03
4.80512025e-06,4.17999961e-01,3.99999889e+03,8.70310649e-02,7.12920746e-01,7.12920746e-01,6.91394504e-02,2.76557802e-01,1.77375150e-04,2.12850180e-03,1.89482744e-06,2.46327567e-05,1.33897504e-05,1.74066755e-04,5.27924206e-05,7.39093888e-04,4.85777505e-16,7.28666258e-15,1.39369201e-07,1.95116881e-06,4.60671003e-06,6.91006505e-05,3.61915849e-04,5.79065358e-03,7.76781531e-08,1.32052860e-06,1.67629837e-19,3.01733707e-18,1.61739437e-07,2.74957044e-06,5.65018034e-11,1.01703246e-09,5.14611776e-12,9.26301197e-11,7.17611362e-05,1.43522272e-03
5.17947468e-06,4.17999958e-01,3.99999881e+03,9.40633956e-02,7.12919335e-01,7.12919335e-01,6.91394541e-02,2.76557816e-01,1.76362186e-04,2.11634623e-03,1.87747343e-06,2.44071546e-05,1.43805415e-05,1.86947040e-04,5.24692513e-05,7.34569518e-04,5.16581181e-16,7.74871772e-15,1.61541575e-07,2.26158205e-06,4.95063109e-06,7.42594663e-05,3.61903253e-04,5.79045204e-03,7.42806265e-08,1.26277065e-06,1.51910217e-19,2.73438390e-18,1.74336445e-07,2.96371956e-06,5.52085286e-11,9.93753514e-10,5.97910088e-12,1.07623816e-10,7.17611362e-05,1.43522272e-03
5.58299409e-06,4.17999955e-01,3.99999871e+03,1.01681787e-01,7.12917821e-01,7.12917821e-01,6.91394579e-02,2.76557832e-01,1.75276784e-04,2.10332141e-03,1.85894542e-06,2.41662905e-05,1.54402779e-05,2.00723613e-04,5.21229197e-05,7.29720876e-04,5.48818329e-16,8.23227494e-15,1.87206104e-07,2.62088545e-06,5.31898706e-06,7.97848060e-05,3.61889676e-04,5.79023481e-03,7.07846436e-08,1.20333894e-06,1.44586335e-19,2.60255402e-18,1.87914254e-07,3.19454232e-06,5.36377725e-11,9.65479906e-10,6.94690747e-12,1.25044335e-10,7.17611362e-05,1.43522272e-03
6.01795064e-06,4.17999952e-01,3.99999861e+03,1.09937330e-01,7.12916198e-01,7.12916198e-01,6.91394618e-02,2.76557847e-01,1.74114304e-04,2.08937165e-03,1.83917871e-06,2.39093232e-05,1.65730592e-05,2.15449770e-04,5.17519422e-05,7.24527190e-04,5.82482329e-16,8.73723493e-15,2.16904067e-07,3.03665694e-06,5.71331621e-06,8.56997431e-05,3.61875042e-04,5.79000067e-03,6.72003425e-08,1.14240582e-06,1.37332289e-19,2.47198121e-18,2.02549180e-07,3.44333606e-06,5.18043607e-11,9.32478492e-10,8.07135744e-12,1.45284434e-10,7.17611362e-05,1.43522272e-03
6.48679353e-06,4.17999948e-01,3.99999850e+03,1.18885755e-01,7.12914459e-01,7.12914459e-01,6.91394659e-02,2.76557863e-01,1.72869894e-04,2.07443873e-03,1.81810739e-06,2.36353961e-05,1.77831140e-05,2.31180481e-04,5.13547694e-05,7.18966772e-04,6.17555024e-16,9.26332537e-15,2.51258481e-07,3.51761873e-06,6.13522157e-06,9.20283236e-05,3.61859269e-04,5.78974830e-03,6.35397944e-08,1.08017650e-06,1.29510909e-19,2.33119636e-18,2.18323469e-07,3.71149897e-06,4.97283562e-11,8.95110412e-10,9.37780150e-12,1.68800427e-10,7.17611362e-05,1.43522272e-03
6.99216276e-06,4.17999944e-01,3.99999839e+03,1.28587828e-01,7.12912595e-01,7.12912595e-01,6.91394700e-02,2.76557880e-01,1.71538497e-04,2.05846196e-03,1.79566481e-06,2.33436426e-05,1.90747824e-05,2.47972171e-04,5.09297890e-05,7.13017046e-04,6.54005087e-16,9.81007630e-15,2.90985903e-07,4.07380264e-06,6.58636818e-06,9.87955226e-05,3.61842268e-04,5.78947628e-03,5.98170575e-08,1.01688998e-06,1.21185905e-19,2.18134629e-18,2.35325754e-07,4.00053782e-06,4.74346275e-11,8.53823295e-10,1.08956924e-11,1.96122463e-10,7.17611362e-05,1.43522272e-03
7.53690398e-06,4.17999939e-01,3.99999826e+03,1.39109771e-01,7.12910599e-01,7.12910599e-01,6.91394742e-02,2.76557897e-01,1.70114859e-04,2.04137831e-03,1.77178401e-06,2.30331922e-05,2.04524946e-05,2.65882430e-04,5.04753290e-05,7.06654605e-04,6.91786654e-16,1.03767998e-14,3.36909813e-07,4.71673738e-06,7.06847892e-06,1.06027184e-04,3.61823943e-04,5.78918309e-03,5.60481882e-08,9.52819199e-07,1.12481257e-19,2.02466262e-18,2.53651554e-07,4.31207642e-06,4.49522133e-11,8.09139839e-10,1.26592484e-11,2.27866472e-10,7.17611362e-05,1.43522272e-03
8.12408458e-06,4.17999935e-01,3.99999813e+03,1.50523689e-01,7.12908463e-01,7.12908463e-01,6.91394784e-02,2.76557914e-01,1.68593543e-04,2.02312252e-03,1.74639835e-06,2.27031786e-05,2.19207431e-05,2.84969660e-04,4.99896626e-05,6.99855276e-04,7.30838069e-16,1.09625710e-14,3.89975743e-07,5.45966041e-06,7.58332903e-06,1.13749935e-04,3.61804192e-04,5.78886707e-03,5.22512006e-08,8.88270411e-07,1.03529932e-19,1.86353878e-18,2.73403806e-07,4.64786470e-06,4.23135200e-11,7.61643360e-10,1.47082245e-11,2.64748042e-10,7.17611362e-05,1.43522272e-03
8.75701089e-06,4.17999930e-01,3.99999798e+03,1.62907989e-01,7.12906178e-01,7.12906178e-01,6.91394827e-02,2.76557931e-01,1.66968943e-04,2.00362731e-03,1.71944223e-06,2.23527490e-05,2.34840486e-05,3.05292632e-04,4.94710152e-05,6.92594213e-04,7.71080731e-16,1.15662110e-14,4.51268343e-07,6.31775680e-06,8.13273880e-06,1.21991082e-04,3.61782903e-04,5.78852645e-03,4.84459649e-08,8.23581403e-07,9.44667426e-20,1.70040137e-18,2.94693436e-07,5.00978841e-06,3.95533948e-11,7.11961106e-10,1.70888076e-11,3.07598536e-10,7.17611362e-05,1.43522272e-03
9.43924684e-06,4.17999924e-01,3.99999782e+03,1.76347783e-01,7.12903735e-01,7.12903735e-01,6.91394871e-02,2.76557948e-01,1.65235308e-04,1.98282370e-03,1.69085192e-06,2.19810749e-05,2.51469191e-05,3.26909948e-04,4.89175729e-05,6.84846021e-04,8.12418127e-16,1.21862719e-14,5.22030576e-07,7.30842807e-06,8.71856445e-06,1.30778467e-04,3.61759958e-04,5.78815933e-03,4.46540342e-08,7.59118582e-07,8.54240678e-20,1.53763322e-18,3.17639980e-07,5.39987966e-06,3.67081364e-11,6.60746455e-10,1.98546568e-11,3.57383823e-10,7.17611362e-05,1.43522272e-03
1.01746340e-05,4.17999918e-01,3.99999765e+03,1.90935251e-01,7.12901125e-01,7.12901125e-01,6.91394914e-02,2.76557966e-01,1.63386770e-04,1.96064124e-03,1.66056648e-06,2.15873643e-05,2.69137999e-05,3.49879399e-04,4.83274928e-05,6.76584899e-04,8.54735103e-16,1.28210265e-14,6.03685260e-07,8.45159364e-06,9.34268673e-06,1.40140301e-04,3.61735227e-04,5.78776363e-03,4.08983947e-08,6.95272710e-07,7.65278564e-20,1.37750142e-18,3.42372249e-07,5.82032823e-06,3.38144981e-11,6.08660965e-10,2.30681125e-11,4.15226025e-10,7.17611362e-05,1.43522272e-03
1.09673133e-05,4.17999912e-01,3.99999747e+03,2.06769914e-01,7.12898337e-01,7.12898337e-01,6.91394957e-02,2.76557983e-01,1.61417378e-04,1.93700853e-03,1.62852894e-06,2.11708762e-05,2.87890154e-05,3.74257200e-04,4.76989162e-05,6.67784826e-04,8.97897433e-16,1.34684615e-14,6.97859140e-07,9.77002796e-06,1.00069971e-05,1.50104956e-04,3.61708571e-04,5.78733714e-03,3.72031304e-08,6.32453216e-07,6.78941245e-20,1.22209424e-18,3.69029045e-07,6.27349377e-06,3.09087467e-11,5.56357441e-10,2.68015996e-11,4.82428793e-10,7.17611362e-05,1.43522272e-03
1.18217482e-05,4.17999905e-01,3.99999727e+03,2.23958788e-01,7.12895363e-01,7.12895363e-01,6.91395000e-02,2.76558000e-01,1.59321140e-04,1.91185368e-03,1.59468745e-06,2.07309368e-05,3.07766991e-05,4.00097089e-04,4.70299848e-05,6.58419787e-04,9.41751774e-16,1.41262766e-14,8.06409709e-07,1.12897359e-05,1.07133809e-05,1.60700714e-04,3.61679842e-04,5.78687747e-03,3.35930030e-08,5.71081052e-07,5.96260888e-20,1.07326960e-18,3.97759932e-07,6.76191885e-06,2.80258184e-11,5.04464732e-10,3.11392587e-11,5.60506657e-10,7.17611362e-05,1.43522272e-03
1.27427499e-05,4.17999898e-01,3.99999706e+03,2.42616336e-01,7.12892192e-01,7.12892192e-01,6.91395042e-02,2.76558017e-01,1.57092076e-04,1.88510491e-03,1.55899677e-06,2.02669579e-05,3.28807139e-05,4.27449281e-04,4.63188590e-05,6.48464026e-04,9.86126074e-16,1.47918911e-14,9.31454968e-07,1.30403695e-05,1.14636981e-05,1.71955471e-04,3.61648877e-04,5.78638203e-03,3.00929473e-08,5.11580104e-07,5.18119870e-20,9.32615765e-19,4.28726066e-07,7.28834313e-06,2.51986006e-11,4.53574810e-10,3.61788402e-11,6.51219124e-10,7.17611362e-05,1.43522272e-03
1.37355044e-05,4.17999890e-01,3.99999683e+03,2.62864144e-01,7.12888813e-01,7.12888813e-01,6.91395084e-02,2.76558033e-01,1.54724276e-04,1.85669131e-03,1.52141975e-06,1.97784568e-05,3.51045580e-05,4.56359254e-04,4.55637406e-05,6.37892368e-04,1.03083050e-15,1.54624574e-14,1.07540628e-06,1.50556880e-05,1.22597594e-05,1.83896391e-04,3.61615503e-04,5.78584804e-03,2.67274890e-08,4.54367313e-07,4.45236229e-20,8.01425213e-19,4.62101090e-07,7.85571854e-06,2.24573511e-11,4.04232321e-10,4.20339051e-11,7.56610291e-10,7.17611362e-05,1.43522272e-03
1.48056018e-05,4.17999881e-01,3.99999659e+03,2.84830190e-01,7.12885217e-01,7.12885217e-01,6.91395124e-02,2.76558050e-01,1.52211972e-04,1.82654366e-03,1.48192912e-06,1.92650785e-05,3.74512585e-05,4.86866360e-04,4.47628980e-05,6.26680572e-04,1.07565895e-15,1.61348842e-14,1.24100450e-06,1.73740629e-05,1.31033003e-05,1.96549504e-04,3.61579532e-04,5.78527252e-03,2.35201004e-08,3.99841707e-07,3.78155855e-20,6.80680539e-19,4.98072094e-07,8.46722559e-06,1.98292429e-11,3.56926372e-10,4.88363804e-11,8.79054848e-10,7.17611362e-05,1.43522272e-03
1.59590678e-05,4.17999872e-01,3.99999632e+03,3.08647559e-01,7.12881392e-01,7.12881392e-01,6.91395163e-02,2.76558065e-01,1.49549620e-04,1.79459544e-03,1.44050927e-06,1.87266205e-05,3.99232496e-05,5.19002245e-04,4.39146963e-05,6.14805748e-04,1.12039126e-15,1.68058689e-14,1.43135937e-06,2.00390311e-05,1.39959494e-05,2.09939241e-04,3.61540764e-04,5.78465223e-03,2.04925130e-08,3.48372721e-07,3.17250780e-20,5.71051405e-19,5.36840649e-07,9.12629104e-06,1.73380151e-11,3.12084272e-10,5.67395287e-11,1.02131152e-09,7.17611362e-05,1.43522272e-03
1.72023972e-05,4.17999862e-01,3.99999603e+03,3.34452409e-01,7.12877329e-01,7.12877329e-01,6.91395201e-02,2.76558080e-01,1.46731994e-04,1.76078393e-03,1.39715832e-06,1.81630582e-05,4.25222356e-05,5.52789062e-04,4.30176308e-05,6.02246831e-04,1.16479603e-15,1.74719405e-14,1.64999237e-06,2.30998931e-05,1.49391941e-05,2.24087912e-04,3.61498981e-04,5.78398370e-03,1.76640149e-08,3.00288253e-07,2.62722582e-20,4.72900648e-19,5.78623925e-07,9.83660672e-06,1.50037001e-11,2.70066602e-10,6.59213961e-11,1.18658513e-09,7.17611362e-05,1.43522272e-03
1.85425913e-05,4.17999851e-01,3.99999573e+03,3.62380911e-01,7.12873018e-01,7.12873018e-01,6.91395238e-02,2.76558095e-01,1.43754294e-04,1.72505153e-03,1.35189019e-06,1.75745725e-05,4.52490371e-05,5.88237482e-04,4.20703649e-05,5.88985109e-04,1.20863425e-15,1.81295138e-14,1.90088276e-06,2.66123587e-05,1.59343408e-05,2.39015112e-04,3.61453949e-04,5.78326319e-03,1.50507681e-08,2.55863057e-07,2.14610345e-20,3.86298621e-19,6.23655882e-07,1.06021500e-05,1.28424087e-11,2.31163357e-10,7.65888176e-11,1.37859872e-09,7.17611362e-05,1.43522272e-03
1.99871964e-05,4.17999840e-01,3.99999539e+03,3.92564889e-01,7.12868447e-01,7.12868447e-01,6.91395273e-02,2.76558109e-01,1.40612267e-04,1.68734721e-03,1.30473682e-06,1.69615787e-05,4.81034213e-05,6.25344477e-04,4.10717730e-05,5.75004822e-04,1.25166356e-15,1.87749534e-14,2.18851679e-06,3.06392351e-05,1.69824709e-05,2.54737063e-04,3.61405416e-04,5.78248665e-03,1.26651858e-08,2.15308158e-07,1.72802470e-20,3.11044445e-19,6.72188563e-07,1.14272056e-05,1.08661538e-11,1.95590768e-10,8.89820694e-11,1.60167725e-09,7.17611362e-05,1.43522272e-03
2.15443469e-05,4.17999827e-01,3.99999503e+03,4.25125736e-01,7.12863608e-01,7.12863608e-01,6.91395306e-02,2.76558122e-01,1.37302340e-04,1.64762808e-03,1.25575042e-06,1.63247554e-05,5.10839150e-05,6.64090894e-04,4.00209866e-05,5.60293813e-04,1.29364324e-15,1.94046486e-14,2.51793960e-06,3.52511544e-05,1.80843923e-05,2.71265885e-04,3.61353110e-04,5.78164976e-03,1.05154115e-08,1.78761996e-07,1.37052188e-20,2.46693939e-19,7.24493479e-07,1.23163891e-05,9.08272237e-12,1.63489003e-10,1.03380272e-10,1.86084489e-09,7.17611362e-05,1.43522272e-03
2.32228110e-05,4.17999814e-01,3.99999465e+03,4.60166209e-01,7.12858491e-01,7.12858491e-01,6.91395338e-02,2.76558135e-01,1.33821773e-04,1.60586127e-03,1.20500569e-06,1.56650740e-05,5.41876011e-05,7.04438815e-04,3.89174458e-05,5.44844241e-04,1.33433978e-15,2.00150967e-14,2.89480937e-06,4.05273311e-05,1.92405869e-05,2.88608804e-04,3.61296738e-04,5.78074781e-03,8.60494539e-09,1.46284072e-07,1.06996425e-20,1.92593565e-19,7.80863095e-07,1.32746726e-05,7.49560816e-12,1.34920947e-10,1.20107664e-10,2.16193794e-09,7.17611362e-05,1.43522272e-03
2.50320398e-05,4.17999799e-01,3.99999423e+03,4.97759597e-01,7.12853088e-01,7.12853088e-01,6.91395369e-02,2.76558147e-01,1.30168815e-04,1.56202578e-03,1.15260203e-06,1.49838263e-05,5.74099016e-05,7.46328720e-04,3.77609539e-05,5.28653355e-04,1.37353291e-15,2.06029937e-14,3.32545290e-06,4.65563405e-05,2.04511533e-05,3.06767299e-04,3.61235986e-04,5.77977577e-03,6.93245457e-09,1.17851728e-07,8.21777794e-21,1.47920003e-19,8.41612436e-07,1.43074114e-05,6.10403512e-12,1.09872632e-10,1.39540891e-10,2.51173605e-09,7.17611362e-05,1.43522272e-03
2.69822209e-05,4.17999783e-01,3.99999378e+03,5.37935799e-01,7.12847393e-01,7.12847393e-01,6.91395398e-02,2.76558159e-01,1.26342888e-04,1.51611465e-03,1.09866547e-06,1.42826511e-05,6.07443451e-05,7.89676487e-04,3.65517363e-05,5.11724308e-04,1.41102201e-15,2.11653301e-14,3.81692159e-06,5.34369022e-05,2.17157462e-05,3.25736193e-04,3.61170513e-04,5.77872821e-03,5.49180186e-09,9.33606316e-08,6.20690023e-21,1.11724204e-19,9.07080804e-07,1.54203737e-05,4.90310316e-12,8.82558568e-11,1.62117472e-10,2.91811449e-09,7.17611362e-05,1.43522272e-03
2.90843356e-05,4.17999766e-01,3.99999330e+03,5.80663925e-01,7.12841397e-01,7.12841397e-01,6.91395426e-02,2.76558170e-01,1.22344764e-04,1.46813716e-03,1.04335049e-06,1.35635563e-05,6.41823270e-05,8.34370251e-04,3.52905010e-05,4.94067014e-04,1.44663251e-15,2.16994877e-14,4.37704638e-06,6.12786493e-05,2.30335138e-05,3.45502706e-04,3.61099955e-04,5.77759928e-03,4.27230647e-09,7.26292101e-08,4.60990656e-21,8.29783182e-20,9.77633630e-07,1.66197717e-05,3.88408104e-12,6.99134587e-11,1.88345619e-10,3.39022114e-09,7.17611362e-05,1.43522272e-03
3.13502206e-05,4.17999748e-01,3.99999277e+03,6.25831232e-01,7.12835096e-01,7.12835096e-01,6.91395453e-02,2.76558181e-01,1.18176766e-04,1.41812119e-03,9.86841352e-07,1.28289376e-05,6.77128611e-05,8.80267194e-04,3.39785022e-05,4.75699031e-04,1.48022227e-15,2.22033341e-14,5.01448988e-06,7.02028584e-05,2.44030323e-05,3.66045485e-04,3.61023917e-04,5.77638267e-03,3.25923968e-09,5.54070745e-08,3.36795266e-21,6.06231479e-20,1.05366446e-06,1.79122958e-05,3.03486024e-12,5.46274844e-11,2.18815659e-10,3.93868187e-09,7.17611362e-05,1.43522272e-03
3.37926348e-05,4.17999729e-01,3.99999221e+03,6.73218653e-01,7.12828487e-01,7.12828487e-01,6.91395480e-02,2.76558192e-01,1.13842968e-04,1.36611562e-03,9.29352991e-07,1.20815889e-05,7.13223330e-05,9.27190329e-04,3.26176033e-05,4.56646446e-04,1.51168737e-15,2.26753105e-14,5.73879343e-06,8.03431081e-05,2.58222417e-05,3.87333626e-04,3.60941974e-04,5.77507159e-03,2.43453330e-09,4.13870661e-08,2.42296470e-21,4.36133646e-20,1.13559709e-06,1.93051505e-05,2.34056368e-12,4.21301462e-11,2.54213284e-10,4.57583912e-09,7.17611362e-05,1.43522272e-03
3.64253312e-05,4.17999708e-01,3.99999160e+03,7.22473841e-01,7.12821568e-01,7.12821568e-01,6.91395506e-02,2.76558203e-01,1.09349393e-04,1.31219272e-03,8.71131234e-07,1.13247060e-05,7.49942594e-05,9.74925372e-04,3.12103385e-05,4.36944739e-04,1.54096716e-15,2.31145074e-14,6.56041635e-06,9.18458288e-05,2.72883824e-05,4.09325735e-04,3.60853671e-04,5.77365874e-03,1.77766061e-09,3.02202304e-08,1.71986999e-21,3.09576599e-20,1.22388785e-06,2.08060934e-05,1.78428449e-12,3.21171208e-11,2.95334937e-10,5.31602887e-09,7.17611362e-05,1.43522272e-03
3.92631340e-05,4.17999685e-01,3.99999095e+03,7.73083677e-01,7.12814339e-01,7.12814339e-01,6.91395533e-02,2.76558213e-01,1.04704213e-04,1.25645056e-03,8.12452245e-07,1.05618792e-05,7.87090632e-05,1.02321782e-03,2.97599720e-05,4.16639608e-04,1.56804819e-15,2.35207229e-14,7.49076400e-06,1.04870696e-04,2.87979360e-05,4.31969040e-04,3.60758515e-04,5.77213624e-03,1.26662867e-09,2.15326874e-08,1.20840440e-21,2.17512793e-20,1.31902807e-06,2.24234772e-05,1.34791050e-12,2.42623890e-11,3.43105682e-10,6.17590227e-09,7.17611362e-05,1.43522272e-03
4.23220227e-05,4.17999660e-01,3.99999024e+03,8.24349537e-01,7.12806801e-01,7.12806801e-01,6.91395559e-02,2.76558224e-01,9.99179309e-05,1.19901517e-03,7.53621029e-07,9.79707338e-06,8.24438758e-05,1.07177039e-03,2.82705499e-05,3.95787698e-04,1.59296655e-15,2.38944982e-14,8.54220089e-06,1.19590813e-04,3.03465740e-05,4.55198610e-04,3.60655977e-04,5.77049563e-03,8.79007639e-10,1.49431299e-08,8.44395806e-22,1.51991245e-20,1.42154672e-06,2.41662943e-05,1.01297606e-12,1.82335691e-11,3.98599946e-10,7.17479903e-09,7.17611362e-05,1.43522272e-03
4.56192215e-05,4.17999634e-01,3.99998948e+03,8.75370166e-01,7.12798961e-01,7.12798961e-01,6.91395587e-02,2.76558235e-01,9.50035480e-05,1.14004258e-03,6.94968853e-07,9.03459508e-06,8.61723789e-05,1.12024093e-03,2.67469433e-05,3.74457207e-04,1.61580837e-15,2.42371256e-14,9.72804408e-06,1.36192617e-04,3.19291158e-05,4.78936737e-04,3.60545486e-04,5.76872777e-03,5.92916002e-10,1.00795720e-08,5.90476893e-22,1.06285841e-20,1.53201324e-06,2.60442250e-05,7.61476190e-13,1.37065714e-11,4.63065606e-10,8.33518091e-09,7.17611362e-05,1.43522272e-03
4.91732965e-05,4.17999605e-01,3.99998866e+03,9.25038486e-01,7.12790824e-01,7.12790824e-01,6.91395615e-02,2.76558246e-01,8.99766970e-05,1.07972036e-03,6.36849467e-07,8.27904307e-06,8.98647006e-05,1.16824111e-03,2.51948795e-05,3.52728313e-04,1.63670825e-15,2.45506237e-14,1.10625320e-05,1.54875448e-04,3.35395010e-05,5.03092516e-04,3.60426428e-04,5.76682285e-03,3.87884120e-10,6.59403004e-09,4.16242205e-22,7.49235969e-21,1.65104055e-06,2.80676894e-05,5.76579669e-13,1.03784340e-11,5.37951945e-10,9.68313500e-09,7.17611362e-05,1.43522272e-03
5.30042602e-05,4.17999574e-01,3.99998778e+03,9.72059442e-01,7.12782401e-01,7.12782401e-01,6.91395644e-02,2.76558258e-01,8.48557368e-05,1.01826884e-03,5.79634040e-07,7.53524252e-06,9.34873834e-05,1.21533598e-03,2.36209548e-05,3.30693368e-04,1.65584518e-15,2.48376778e-14,1.25607631e-05,1.75850683e-04,3.51707805e-05,5.27561708e-04,3.60298142e-04,5.76477028e-03,2.45531883e-10,4.17404202e-09,2.97921295e-22,5.36258332e-21,1.77928835e-06,3.02479020e-05,4.43188448e-13,7.97739206e-12,6.24942106e-10,1.12489579e-08,7.17611362e-05,1.43522272e-03
5.71336843e-05,4.17999541e-01,3.99998683e+03,1.01499546e+00,7.12773705e-01,7.12773705e-01,6.91395675e-02,2.76558270e-01,7.96617921e-05,9.55941505e-04,5.23704761e-07,6.80816190e-06,9.70034416e-05,1.26104474e-03,2.20326280e-05,3.08456792e-04,1.67343615e-15,2.51015423e-14,1.42385977e-05,1.99340368e-04,3.68151293e-05,5.52226939e-04,3.60159918e-04,5.76255869e-03,1.50018463e-10,2.55031388e-09,2.17683273e-22,3.91829891e-21,1.91746656e-06,3.25969315e-05,3.48308725e-13,6.26955705e-12,7.25990766e-10,1.30678338e-08,7.17611362e-05,1.43522272e-03
6.15848211e-05,4.17999505e-01,3.99998580e+03,1.05234323e+00,7.12764751e-01,7.12764751e-01,6.91395708e-02,2.76558283e-01,7.44187279e-05,8.93024734e-04,4.69447137e-07,6.10281278e-06,1.00372527e-04,1.30484286e-03,2.04381869e-05,2.86134617e-04,1.68972718e-15,2.53459078e-14,1.61125181e-05,2.25575254e-04,3.84638870e-05,5.76958305e-04,3.60010989e-04,5.76017582e-03,8.82499338e-11,1.50024887e-09,1.62711124e-22,2.92880024e-21,2.06633905e-06,3.51277639e-05,2.81221969e-13,5.06199545e-12,8.43367860e-10,1.51806215e-08,7.17611362e-05,1.43522272e-03
6.63827344e-05,4.17999467e-01,3.99998470e+03,1.08264036e+00,7.12755559e-01,7.12755559e-01,6.91395743e-02,2.76558297e-01,6.91530433e-05,8.29836520e-04,4.17241091e-07,5.42413418e-06,1.03551227e-04,1.34616595e-03,1.88466859e-05,2.63853603e-04,1.70498225e-15,2.55747338e-14,1.81994389e-05,2.54792145e-04,4.01076299e-05,6.01614448e-04,3.59850530e-04,5.75760849e-03,4.98594122e-11,8.47610007e-10,1.24185014e-22,2.23533025e-21,2.22672768e-06,3.78543705e-05,2.33467937e-13,4.20242287e-12,9.79709325e-10,1.76347679e-08,7.17611362e-05,1.43522272e-03
7.15544407e-05,4.17999425e-01,3.99998351e+03,1.10459276e+00,7.12746149e-01,7.12746149e-01,6.91395780e-02,2.76558312e-01,6.38936734e-05,7.66724081e-04,3.67451066e-07,4.77686386e-06,1.06493500e-04,1.38441551e-03,1.72678487e-05,2.41749882e-04,1.71947032e-15,2.57920548e-14,2.05164635e-05,2.87230489e-04,4.17362777e-05,6.26044165e-04,3.59677657e-04,5.75484251e-03,2.69993559e-11,4.58989051e-10,9.62944031e-23,1.73329926e-21,2.39951649e-06,4.07917803e-05,1.98672350e-13,3.57610230e-12,1.13807599e-09,2.04853678e-08,7.17611362e-05,1.43522272e-03
7.71290612e-05,4.17999381e-01,3.99998222e+03,1.11720622e+00,7.12736545e-01,7.12736545e-01,6.91395820e-02,2.76558328e-01,5.86716861e-05,7.04060233e-04,3.20415440e-07,4.16540072e-06,1.09151292e-04,1.41896679e-03,1.57119342e-05,2.19967079e-04,1.73345123e-15,2.60017685e-14,2.30805804e-05,3.23128126e-04,4.33392388e-05,6.50088581e-04,3.59491414e-04,5.75186263e-03,1.40025492e-11,2.38043337e-10,7.53658485e-23,1.35658527e-21,2.58565632e-06,4.39561575e-05,1.72265850e-13,3.10078530e-12,1.32202190e-09,2.37963942e-08,7.17611362e-05,1.43522272e-03
8.31379858e-05,4.17999332e-01,3.99998084e+03,1.11990004e+00,7.12726775e-01,7.12726775e-01,6.91395862e-02,2.76558345e-01,5.35198663e-05,6.42238395e-04,2.76435674e-07,3.59366376e-06,1.11475308e-04,1.44917900e-03,1.41895631e-05,1.98653884e-04,1.74716115e-15,2.62074172e-14,2.59082967e-05,3.62716154e-04,4.49055949e-05,6.73583923e-04,3.59290776e-04,5.74865242e-03,6.97462270e-12,1.18568586e-10,5.91549816e-23,1.06478967e-21,2.78616967e-06,4.73648843e-05,1.51146070e-13,2.72062926e-12,1.53567361e-09,2.76421250e-08,7.17611362e-05,1.43522272e-03
8.96150502e-05,4.17999280e-01,3.99997934e+03,1.11258048e+00,7.12716866e-01,7.12716866e-01,6.91395907e-02,2.76558363e-01,4.84721814e-05,5.81666176e-04,2.35765716e-07,3.06495431e-06,1.13415986e-04,1.47440782e-03,1.27115052e-05,1.77961073e-04,1.76079860e-15,2.64119790e-14,2.90152067e-05,4.06212894e-04,4.64243250e-05,6.96364875e-04,3.59074639e-04,5.74519423e-03,3.37658061e-12,5.74018703e-11,4.63154620e-23,8.33678316e-22,3.00215585e-06,5.10366494e-05,1.33331067e-13,2.39995921e-12,1.78382216e-09,3.21087988e-08,7.17611362e-05,1.43522272e-03
9.65967258e-05,4.17999224e-01,3.99997773e+03,1.09565819e+00,7.12706850e-01,7.12706850e-01,6.91395955e-02,2.76558382e-01,4.35631284e-05,5.22757541e-04,1.98602280e-07,2.58182964e-06,1.14924643e-04,1.49402036e-03,1.12884292e-05,1.58038009e-04,1.77451221e-15,2.66176831e-14,3.24154975e-05,4.53816965e-04,4.78845653e-05,7.18268480e-04,3.58841816e-04,5.74146906e-03,1.64304829e-12,2.79318209e-11,3.60306491e-23,6.48551683e-22,3.23479658e-06,5.49915419e-05,1.17641864e-13,2.11755355e-12,2.07202974e-09,3.72965354e-08,7.17611362e-05,1.43522272e-03
1.04122326e-04,4.17999164e-01,3.99997600e+03,1.07000524e+00,7.12696757e-01,7.12696757e-01,6.91396006e-02,2.76558403e-01,3.88269704e-05,4.65923645e-04,1.65076656e-07,2.14599653e-06,1.15954788e-04,1.50741225e-03,9.93062120e-06,1.39028697e-04,1.78839114e-15,2.68258671e-14,3.61213956e-05,5.05699539e-04,4.92758994e-05,7.39138490e-04,3.58591031e-04,5.73745650e-03,8.64687888e-13,1.46996941e-11,2.77778764e-23,5.00001774e-22,3.48536186e-06,5.92511516e-05,1.03437625e-13,1.86187725e-12,2.40675349e-09,4.33215628e-08,7.17611363e-05,1.43522273e-03
1.12234225e-04,4.17999099e-01,3.99997413e+03,1.03686034e+00,7.12686620e-01,7.12686620e-01,6.91396061e-02,2.76558424e-01,3.42968762e-05,4.11562515e-04,1.35248728e-07,1.75823346e-06,1.16463588e-04,1.51402665e-03,8.64767947e-06,1.21067513e-04,1.80245941e-15,2.70368912e-14,4.01425648e-05,5.61995908e-04,5.05886695e-05,7.58830043e-04,3.58320912e-04,5.73313460e-03,5.45777433e-13,9.27821636e-12,2.11900004e-23,3.81420007e-22,3.75521622e-06,6.38386758e-05,9.04126286e-14,1.62742732e-12,2.79548894e-09,5.03188009e-08,7.17611363e-05,1.43522273e-03
1.20978102e-04,4.17999029e-01,3.99997211e+03,9.97701495e-01,7.12676470e-01,7.12676470e-01,6.91396119e-02,2.76558448e-01,3.00039891e-05,3.60047869e-04,1.09103812e-07,1.41834956e-06,1.16413437e-04,1.51337468e-03,7.44819815e-06,1.04274774e-04,1.81667478e-15,2.72501217e-14,4.44854684e-05,6.22796557e-04,5.18142967e-05,7.77214451e-04,3.58029985e-04,5.72847977e-03,4.33837068e-13,7.37523015e-12,1.59815054e-23,2.87667097e-22,4.04582544e-06,6.87790325e-05,7.84525913e-14,1.41214664e-12,3.24693646e-09,5.84448563e-08,7.17611363e-05,1.43522273e-03
1.30403192e-04,4.17998953e-01,3.99996994e+03,9.54109240e-01,7.12666339e-01,7.12666339e-01,6.91396181e-02,2.76558473e-01,2.59764582e-05,3.11717499e-04,8.65528087e-08,1.12518651e-06,1.15773575e-04,1.50505647e-03,6.33945486e-06,8.87523681e-05,1.83093277e-15,2.74639915e-14,4.91527157e-05,6.88138020e-04,5.29455927e-05,7.94183890e-04,3.57716667e-04,5.72346666e-03,4.09324619e-13,6.95851852e-12,1.19132814e-23,2.14439066e-22,4.35876357e-06,7.40989807e-05,6.75406144e-14,1.21573106e-12,3.77119415e-09,6.78814947e-08,7.17611363e-05,1.43522273e-03
1.40562565e-04,4.17998871e-01,3.99996760e+03,9.07641906e-01,7.12656256e-01,7.12656256e-01,6.91396248e-02,2.76558499e-01,2.22384777e-05,2.66861732e-04,6.74359507e-08,8.76667358e-07,1.14521697e-04,1.48878206e-03,5.32712109e-06,7.45796952e-05,1.84507584e-15,2.76761376e-14,5.41424179e-05,7.57993851e-04,5.39770457e-05,8.09655686e-04,3.57379254e-04,5.71806806e-03,4.19932366e-13,7.13885022e-12,8.77807798e-24,1.58005404e-22,4.69572048e-06,7.98272481e-05,5.77001863e-14,1.03860335e-12,4.37998145e-09,7.88396662e-08,7.17611363e-05,1.43522273e-03
1.51513429e-04,4.17998783e-01,3.99996507e+03,8.59737350e-01,7.12646249e-01,7.12646249e-01,6.91396318e-02,2.76558527e-01,1.88093846e-05,2.25712615e-04,5.15301791e-08,6.69892328e-07,1.12645460e-04,1.46439097e-03,4.41501540e-06,6.18102156e-05,1.85890722e-15,2.78836083e-14,5.94475824e-05,8.32266153e-04,5.49050606e-05,8.23575909e-04,3.57015920e-04,5.71225472e-03,4.44672402e-13,7.55943084e-12,6.39552054e-24,1.15119370e-22,5.05850974e-06,8.59946656e-05,4.89632258e-14,8.81338064e-13,5.08689830e-09,9.15641693e-08,7.17611363e-05,1.43522273e-03
1.63317447e-04,4.17998689e-01,3.99996235e+03,8.11647590e-01,7.12636344e-01,7.12636344e-01,6.91396392e-02,2.76558557e-01,1.57028754e-05,1.88434505e-04,3.85598520e-08,5.01278076e-07,1.10143794e-04,1.43186933e-03,3.60492060e-06,5.04688884e-05,1.87220838e-15,2.80831256e-14,6.50555804e-05,9.10778125e-04,5.57281302e-05,8.35921953e-04,3.56624703e-04,5.70599525e-03,4.75924753e-13,8.09072080e-12,4.61060953e-24,8.29909716e-23,5.44907706e-06,9.26343101e-05,4.13536256e-14,7.44365261e-13,5.90772537e-09,1.06339057e-07,7.17611363e-05,1.43522273e-03
1.76041084e-04,4.17998586e-01,3.99995942e+03,7.64405537e-01,7.12626565e-01,7.12626565e-01,6.91396471e-02,2.76558588e-01,1.29264008e-05,1.55116810e-04,2.82101743e-08,3.66732266e-07,1.07027938e-04,1.39136320e-03,2.89648394e-06,4.05507751e-05,1.88475848e-15,2.82713772e-14,7.09477250e-05,9.93268150e-04,5.64469222e-05,8.46703833e-04,3.56203498e-04,5.69925597e-03,5.11267800e-13,8.69155259e-12,3.29281310e-24,5.92706358e-23,5.86950907e-06,9.97816543e-05,3.48797502e-14,6.27835504e-13,6.86077195e-09,1.23493895e-07,7.17611363e-05,1.43522273e-03
1.89755988e-04,4.17998476e-01,3.99995626e+03,7.18818331e-01,7.12616931e-01,7.12616931e-01,6.91396555e-02,2.76558622e-01,1.04807966e-05,1.25769559e-04,2.01424349e-08,2.61851654e-07,1.03322076e-04,1.34318699e-03,2.28721624e-06,3.20210273e-05,1.89635413e-15,2.84453119e-14,7.70989962e-05,1.07938595e-03,5.70642647e-05,8.55963970e-04,3.55750045e-04,5.69200073e-03,5.50110886e-13,9.35188506e-12,2.33465798e-24,4.20238437e-23,6.32204264e-06,1.07474725e-04,2.95319412e-14,5.31574942e-13,7.96727881e-09,1.43411019e-07,7.17611363e-05,1.43522273e-03
2.04539383e-04,4.17998358e-01,3.99995285e+03,6.75479791e-01,7.12607461e-01,7.12607461e-01,6.91396643e-02,2.76558657e-01,8.36019813e-06,1.00322378e-04,1.40099116e-08,1.82128851e-07,9.90635179e-05,1.28782573e-03,1.77259912e-06,2.48163877e-05,1.90682709e-15,2.86024063e-14,8.34779497e-05,1.16869130e-03,5.75850229e-05,8.63775344e-04,3.55261923e-04,5.68419077e-03,5.92445121e-13,1.00715671e-11,1.64961404e-24,2.96930527e-23,6.80907460e-06,1.15754268e-04,2.52829209e-14,4.55092577e-13,9.25188464e-09,1.66533924e-07,7.17611363e-05,1.43522273e-03
2.20474515e-04,4.17998230e-01,3.99994918e+03,6.34794548e-01,7.12598171e-01,7.12598171e-01,6.91396737e-02,2.76558695e-01,6.55227167e-06,7.86272600e-05,9.47319526e-09,1.23151538e-07,9.43023438e-05,1.22593047e-03,1.34630150e-06,1.88482211e-05,1.91605832e-15,2.87408748e-14,9.00468395e-05,1.26065575e-03,5.80158677e-05,8.70238015e-04,3.54736534e-04,5.67578454e-03,6.38429967e-13,1.08533094e-11,1.16945145e-24,2.10501260e-23,7.33317200e-06,1.24663924e-04,2.20900530e-14,3.97620954e-13,1.07431661e-08,1.93376989e-07,7.17611363e-05,1.43522273e-03
2.37651111e-04,4.17998092e-01,3.99994522e+03,5.97007657e-01,7.12589075e-01,7.12589075e-01,6.91396835e-02,2.76558734e-01,5.03877172e-06,6.04652606e-05,6.21372465e-09,8.07784205e-08,8.91004901e-05,1.15830637e-03,1.00049632e-06,1.40069485e-05,1.92398662e-15,2.88597993e-14,9.67619763e-05,1.35466767e-03,5.83649447e-05,8.75474170e-04,3.54171096e-04,5.66673754e-03,6.88273501e-13,1.17006495e-11,8.41368088e-25,1.51446256e-23,7.89708267e-06,1.34250405e-04,1.98989321e-14,3.58180778e-13,1.24742625e-08,2.24536724e-07,7.17611363e-05,1.43522273e-03
2.56165892e-04,4.17997943e-01,3.99994095e+03,5.62235218e-01,7.12580187e-01,7.12580187e-01,6.91396939e-02,2.76558776e-01,3.79640884e-06,4.55569061e-05,3.94451707e-09,5.12787219e-08,8.35302729e-05,1.08589355e-03,7.26258346e-07,1.01676168e-05,1.93061112e-15,2.89591668e-14,1.03574334e-04,1.45004068e-03,5.86414665e-05,8.79621997e-04,3.53562630e-04,5.65700207e-03,7.42204047e-13,1.26174688e-11,6.25171133e-25,1.12530804e-23,8.50374636e-06,1.44563688e-04,1.86479498e-14,3.35663097e-13,1.44835989e-08,2.60704781e-07,7.17611363e-05,1.43522273e-03
2.76123110e-04,4.17997783e-01,3.99993635e+03,5.30493154e-01,7.12571519e-01,7.12571519e-01,6.91397048e-02,2.76558819e-01,2.79798157e-06,3.35757789e-05,2.41741501e-09,3.14263951e-08,7.76724043e-05,1.00974126e-03,5.14014276e-07,7.19619986e-06,1.93598765e-15,2.90398147e-14,1.10430405e-04,1.54602567e-03,5.88552548e-05,8.82828822e-04,3.52907945e-04,5.64652712e-03,8.00466806e-13,1.36079357e-11,4.90722420e-25,8.83300357e-24,9.15630616e-06,1.55657205e-04,1.82735021e-14,3.28923037e-13,1.68157223e-08,3.02683001e-07,7.17611363e-05,1.43522273e-03
2.97635144e-04,4.17997610e-01,3.99993139e+03,5.01722614e-01,7.12563085e-01,7.12563085e-01,6.91397163e-02,2.76558865e-01,2.01369893e-06,2.41643872e-05,1.42659222e-09,1.85456989e-08,7.16135859e-05,9.30976616e-04,3.54009616e-07,4.95613462e-06,1.94021960e-15,2.91032940e-14,1.17273278e-04,1.64182589e-03,5.90162702e-05,8.85244053e-04,3.52203631e-04,5.63525810e-03,8.63326347e-13,1.46765479e-11,4.15762805e-25,7.48373048e-24,9.85812032e-06,1.67588045e-04,1.87154726e-14,3.36878506e-13,1.95222675e-08,3.51400814e-07,7.17611364e-05,1.43522273e-03
3.20823125e-04,4.17997424e-01,3.99992605e+03,4.75811414e-01,7.12554901e-01,7.12554901e-01,6.91397282e-02,2.76558913e-01,1.41259703e-06,1.69511643e-05,8.08511492e-10,1.05106494e-08,6.54438086e-05,8.50769512e-04,2.36753733e-07,3.31455226e-06,1.94344505e-15,2.91516757e-14,1.24043929e-04,1.73661500e-03,5.91341673e-05,8.87012509e-04,3.51446041e-04,5.62313665e-03,9.31069955e-13,1.58281892e-11,3.84144479e-25,6.91460063e-24,1.06127744e-05,1.80417164e-04,1.99226109e-14,3.58606996e-13,2.26630745e-08,4.07935341e-07,7.17611364e-05,1.43522273e-03
3.45817620e-04,4.17997223e-01,3.99992028e+03,4.52611529e-01,7.12546981e-01,7.12546981e-01,6.91397407e-02,2.76558963e-01,9.63939776e-07,1.15672773e-05,4.38918544e-10,5.70594107e-09,5.92535101e-05,7.70295631e-04,1.53406454e-07,2.14769036e-06,1.94582184e-15,2.91873276e-14,1.30682657e-04,1.82955720e-03,5.92179108e-05,8.88268662e-04,3.50631277e-04,5.61010044e-03,1.00401064e-12,1.70681808e-11,3.84438252e-25,6.91988853e-24,1.14240934e-05,1.94209587e-04,2.18574480e-14,3.93434064e-13,2.63074785e-08,4.73534613e-07,7.17611364e-05,1.43522273e-03
3.72759372e-04,4.17997007e-01,3.99991407e+03,4.31952945e-01,7.12539344e-01,7.12539344e-01,6.91397537e-02,2.76559015e-01,6.38492843e-07,7.66191411e-06,2.27730733e-10,2.96049953e-09,5.31307533e-05,6.90699792e-04,9.60764979e-08,1.34507097e-06,1.94751293e-15,2.92126939e-14,1.37130636e-04,1.91982890e-03,5.92754825e-05,8.89132237e-04,3.49755181e-04,5.59608290e-03,1.08248941e-12,1.84023199e-11,4.08851446e-25,7.35932603e-24,1.22961546e-05,2.09034628e-04,2.45004649e-14,4.41008368e-13,3.05357993e-08,5.49644387e-07,7.17611364e-05,1.43522273e-03
4.01800086e-04,4.17996774e-01,3.99990738e+03,4.13654334e-01,7.12532007e-01,7.12532007e-01,6.91397672e-02,2.76559069e-01,4.09572917e-07,4.91487500e-06,1.12789739e-10,1.46626660e-09,4.71585827e-05,6.13061575e-04,5.80131669e-08,8.12184337e-07,1.94867363e-15,2.92301045e-14,1.43331505e-04,2.00664107e-03,5.93136956e-05,8.89705434e-04,3.48813316e-04,5.58101306e-03,1.16687685e-12,1.98369064e-11,4.52387296e-25,8.14297132e-24,1.32332998e-05,2.24966096e-04,2.78533482e-14,5.01360268e-13,3.54410599e-08,6.37939079e-07,7.17611364e-05,1.43522273e-03
4.33103286e-04,4.17996522e-01,3.99990016e+03,3.97531036e-01,7.12524990e-01,7.12524990e-01,6.91397811e-02,2.76559125e-01,2.53800744e-07,3.04560893e-06,5.33927545e-11,6.94105808e-10,4.14126912e-05,5.38364986e-04,3.36863776e-08,4.71609286e-07,1.94944217e-15,2.92416326e-14,1.49232952e-04,2.08926133e-03,5.93381214e-05,8.90071820e-04,3.47800954e-04,5.56481526e-03,1.25757397e-12,2.13787574e-11,5.12188689e-25,9.21939640e-24,1.42401477e-05,2.42082510e-04,3.19413069e-14,5.74943523e-13,4.11309696e-08,7.40357452e-07,7.17611365e-05,1.43522273e-03
4.66845237e-04,4.17996251e-01,3.99989239e+03,3.83400783e-01,7.12518310e-01,7.12518310e-01,6.91397955e-02,2.76559182e-01,1.51522268e-07,1.81826722e-06,2.43279803e-11,3.16263744e-10,3.59594940e-05,4.67473423e-04,1.87638782e-08,2.62694294e-07,1.94993402e-15,2.92490103e-14,1.54788217e-04,2.16703504e-03,5.93531178e-05,8.90296766e-04,3.46713060e-04,5.54740897e-03,1.35501259e-12,2.30352140e-11,5.87026681e-25,1.05664803e-23,1.53216062e-05,2.60467305e-04,3.68145701e-14,6.62662262e-13,4.77302081e-08,8.59143746e-07,7.17611365e-05,1.43522273e-03
5.03215936e-04,4.17995959e-01,3.99988400e+03,3.71087572e-01,7.12511983e-01,7.12511983e-01,6.91398103e-02,2.76559241e-01,8.69023867e-08,1.04282864e-06,1.08765497e-11,1.41395146e-10,3.08546646e-05,4.01110640e-04,1.00059633e-08,1.40083486e-07,1.95024001e-15,2.92536002e-14,1.59957463e-04,2.23940448e-03,5.93619397e-05,8.90429095e-04,3.45544281e-04,5.52870850e-03,1.45965545e-12,2.48141427e-11,6.76908008e-25,1.21843441e-23,1.64828839e-05,2.80209027e-04,4.25493067e-14,7.65887521e-13,5.53830588e-08,9.96895059e-07,7.17611365e-05,1.43522273e-03
5.42420181e-04,4.17995645e-01,3.99987497e+03,3.60424020e-01,7.12506019e-01,7.12506019e-01,6.91398253e-02,2.76559301e-01,4.77333673e-08,5.72800408e-07,4.97132591e-12,6.46272368e-11,2.61421469e-05,3.39847910e-04,5.10514839e-09,7.14720775e-08,1.95042746e-15,2.92564119e-14,1.64708954e-04,2.30592535e-03,5.93669032e-05,8.90503548e-04,3.44288928e-04,5.50862285e-03,1.57199619e-12,2.67239353e-11,7.82793221e-25,1.40902780e-23,1.77295012e-05,3.01401520e-04,4.92482833e-14,8.86469099e-13,6.42564381e-08,1.15661589e-06,7.17611366e-05,1.43522273e-03
5.84678728e-04,4.17995305e-01,3.99986522e+03,3.51252510e-01,7.12500425e-01,7.12500425e-01,6.91398406e-02,2.76559363e-01,2.50283543e-08,3.00340252e-07,2.47927930e-12,3.22306309e-11,2.18536264e-05,2.84097143e-04,2.50014814e-09,3.50020740e-08,1.95054340e-15,2.92581510e-14,1.69019991e-04,2.36627988e-03,5.93695744e-05,8.90543616e-04,3.42940966e-04,5.48705545e-03,1.69255935e-12,2.87735090e-11,9.06388806e-25,1.63149985e-23,1.90672999e-05,3.24144098e-04,5.70416048e-14,1.02674889e-12,7.45433811e-08,1.34178086e-06,7.17611366e-05,1.43522273e-03
6.30229527e-04,4.17994940e-01,3.99985472e+03,3.43425426e-01,7.12495200e-01,7.12495200e-01,6.91398561e-02,2.76559424e-01,1.24852750e-08,1.49823300e-07,1.43024973e-12,1.85932465e-11,1.80084264e-05,2.34109544e-04,1.19039308e-09,1.66655031e-08,1.95061873e-15,2.92592809e-14,1.72877554e-04,2.42028575e-03,5.93709563e-05,8.90564345e-04,3.41493997e-04,5.46390395e-03,1.82190048e-12,3.09723081e-11,1.05003896e-24,1.89007013e-23,2.05024521e-05,3.48541685e-04,6.60878531e-14,1.18958136e-12,8.64670474e-08,1.55640685e-06,7.17611367e-05,1.43522273e-03
6.79329072e-04,4.17994545e-01,3.99984341e+03,3.36804724e-01,7.12490335e-01,7.12490335e-01,6.91398717e-02,2.76559487e-01,5.90603230e-09,7.08723876e-08,9.54673172e-13,1.24107512e-11,1.46137912e-05,1.89979286e-04,5.70549537e-10,7.98769352e-09,1.95067257e-15,2.92600886e-14,1.76278595e-04,2.46790033e-03,5.93716559e-05,8.90574838e-04,3.39941256e-04,5.43906009e-03,1.96060626e-12,3.33303064e-11,1.21666361e-24,2.18999451e-23,2.20414670e-05,3.74704938e-04,7.65758787e-14,1.37836582e-12,1.00285321e-07,1.80513578e-06,7.17611367e-05,1.43522273e-03
7.32253834e-04,4.17994120e-01,3.99983121e+03,3.31261137e-01,7.12485813e-01,7.12485813e-01,6.91398872e-02,2.76559549e-01,2.64242295e-09,3.17090754e-08,6.98840089e-13,9.08492116e-12,1.16655237e-05,1.51651809e-04,2.96166367e-10,4.14632914e-09,1.95071605e-15,2.92607408e-14,1.79229960e-04,2.50921945e-03,5.93720186e-05,8.90580280e-04,3.38275592e-04,5.41240948e-03,2.10929468e-12,3.58580095e-11,1.40975264e-24,2.53755475e-23,2.36911954e-05,4.02750322e-04,8.87274204e-14,1.59709357e-12,1.16296088e-07,2.09332959e-06,7.17611368e-05,1.43522274e-03
7.89301826e-04,4.17993662e-01,3.99981806e+03,3.26673220e-01,7.12481608e-01,7.12481608e-01,6.91399025e-02,2.76559610e-01,1.11802777e-09,1.34163332e-08,5.30485126e-13,6.89630664e-12,9.14895629e-06,1.18936432e-04,1.83635148e-10,2.57089207e-09,1.95075527e-15,2.92613291e-14,1.81747892e-04,2.54447049e-03,5.93722291e-05,8.90583437e-04,3.36489468e-04,5.38383150e-03,2.26861500e-12,3.85664551e-11,1.63339670e-24,2.94011406e-23,2.54588320e-05,4.32800143e-04,1.02800658e-13,1.85041185e-12,1.34843283e-07,2.42717909e-06,7.17611368e-05,1.43522274e-03
8.50794280e-04,4.17993168e-01,3.99980388e+03,3.22926475e-01,7.12477685e-01,7.12477685e-01,6.91399175e-02,2.76559670e-01,4.50681084e-10,5.40817301e-09,4.03815482e-13,5.24960126e-12,7.04023435e-06,9.15230466e-05,1.41680033e-10,1.98352046e-09,1.95079343e-15,2.92619014e-14,1.83857126e-04,2.57399977e-03,5.93723796e-05,8.90585694e-04,3.34574951e-04,5.35319922e-03,2.43924765e-12,4.14672100e-11,1.89234696e-24,3.40622452e-23,2.73519135e-05,4.64982529e-04,1.19094749e-13,2.14370548e-12,1.56323811e-07,2.81382860e-06,7.17611369e-05,1.43522274e-03
9.17077451e-04,4.17992636e-01,3.99978860e+03,3.19912723e-01,7.12474004e-01,7.12474004e-01,6.91399321e-02,2.76559728e-01,1.78245428e-10,2.13894513e-09,3.03474843e-13,3.94517296e-12,5.30788816e-06,6.90025461e-05,1.28191617e-10,1.79468263e-09,1.95083216e-15,2.92624823e-14,1.85589593e-04,2.59825431e-03,5.93725131e-05,8.90587697e-04,3.32523709e-04,5.32037934e-03,2.62190364e-12,4.45723619e-11,2.19209777e-24,3.94577599e-23,2.93783136e-05,4.99431331e-04,1.37955369e-13,2.48319664e-12,1.81195465e-07,3.26151837e-06,7.17611370e-05,1.43522274e-03
9.88524571e-04,4.17992063e-01,3.99977214e+03,3.17529810e-01,7.12470517e-01,7.12470517e-01,6.91399459e-02,2.76559784e-01,7.51126785e-11,9.01352142e-10,2.23629215e-13,2.90717979e-12,3.91464671e-06,5.08904073e-05,1.25242050e-10,1.75338870e-09,1.95087234e-15,2.92630852e-14,1.86982788e-04,2.61775903e-03,5.93726488e-05,8.90589732e-04,3.30327014e-04,5.28523222e-03,2.81732372e-12,4.78945033e-11,2.53898917e-24,4.57018050e-23,3.15462326e-05,5.36285954e-04,1.59781297e-13,2.87606335e-12,2.09985961e-07,3.77974730e-06,7.17611371e-05,1.43522274e-03
1.06553795e-03,4.17991444e-01,3.99975438e+03,3.15681726e-01,7.12467172e-01,7.12467172e-01,6.91399590e-02,2.76559836e-01,3.91530669e-11,4.69836802e-10,1.61033931e-13,2.09344110e-12,2.81942326e-06,3.66525023e-05,1.25835644e-10,1.76169901e-09,1.95091455e-15,2.92637182e-14,1.88077897e-04,2.63309056e-03,5.93727950e-05,8.90591924e-04,3.27975749e-04,5.24761198e-03,3.02627696e-12,5.14467083e-11,2.94032787e-24,5.29259016e-23,3.38641814e-05,5.75691084e-04,1.85032066e-13,3.33057718e-12,2.43303241e-07,4.37945835e-06,7.17611372e-05,1.43522274e-03
1.14855124e-03,4.17990778e-01,3.99973525e+03,3.14279073e-01,7.12463918e-01,7.12463918e-01,6.91399710e-02,2.76559884e-01,2.77241223e-11,3.32689467e-10,1.13051096e-13,1.46966425e-12,1.97936611e-06,2.57317595e-05,1.27495225e-10,1.78493315e-09,1.95095920e-15,2.92643881e-14,1.88917814e-04,2.64484939e-03,5.93729555e-05,8.90594333e-04,3.25460414e-04,5.20736663e-03,3.24955872e-12,5.52424982e-11,3.40452715e-24,6.12814888e-23,3.63409587e-05,6.17796297e-04,2.14236770e-13,3.85626185e-12,2.81847201e-07,5.07324963e-06,7.17611373e-05,1.43522275e-03
1.23803188e-03,4.17990059e-01,3.99971462e+03,3.13239794e-01,7.12460699e-01,7.12460699e-01,6.91399817e-02,2.76559927e-01,2.45000637e-11,2.94000764e-10,7.72117716e-14,1.00375303e-12,1.35184966e-06,1.75740456e-05,1.29440737e-10,1.81217031e-09,1.95100671e-15,2.92651006e-14,1.89545178e-04,2.65363249e-03,5.93731330e-05,8.90596995e-04,3.22771151e-04,5.16433841e-03,3.48798795e-12,5.92957951e-11,3.94126685e-24,7.09428034e-23,3.89856203e-05,6.62755545e-04,2.48004119e-13,4.46407415e-12,3.26423020e-07,5.87561437e-06,7.17611375e-05,1.43522275e-03
1.33448373e-03,4.17989285e-01,3.99969239e+03,3.12490008e-01,7.12457463e-01,7.12457463e-01,6.91399909e-02,2.76559964e-01,2.37875001e-11,2.85450002e-10,5.11920063e-14,6.65496081e-13,8.96268686e-07,1.16514929e-05,1.31466878e-10,1.84053629e-09,1.95105746e-15,2.92658619e-14,1.90000598e-04,2.66000838e-03,5.93733296e-05,8.90599944e-04,3.19897758e-04,5.11836413e-03,3.74240364e-12,6.36208619e-11,4.56167501e-24,8.21101501e-23,4.18074396e-05,7.10726473e-04,2.87033856e-13,5.16660941e-12,3.77956264e-07,6.80321275e-06,7.17611377e-05,1.43522275e-03
1.43844989e-03,4.17988450e-01,3.99966843e+03,3.11964778e-01,7.12454162e-01,7.12454162e-01,6.91399984e-02,2.76559994e-01,2.37930969e-11,2.85517162e-10,3.28721460e-14,4.27337898e-13,5.75513991e-07,7.48168188e-06,1.33541541e-10,1.86958158e-09,1.95111187e-15,2.92666780e-14,1.90321184e-04,2.66449658e-03,5.93735477e-05,8.90603215e-04,3.16829733e-04,5.06927573e-03,4.01366034e-12,6.82322258e-11,5.27853416e-24,9.50136149e-23,4.48158566e-05,7.61869562e-04,3.32129710e-13,5.97833478e-12,4.37510010e-07,7.87518018e-06,7.17611379e-05,1.43522276e-03
1.55051578e-03,4.17987550e-01,3.99964260e+03,3.11608622e-01,7.12450751e-01,7.12450751e-01,6.91400039e-02,2.76560015e-01,2.40145501e-11,2.88174601e-10,2.03931886e-14,2.65111451e-13,3.57031746e-07,4.64141270e-06,1.35677306e-10,1.89948228e-09,1.95117035e-15,2.92675553e-14,1.90539489e-04,2.66755284e-03,5.93737898e-05,8.90606846e-04,3.13556311e-04,5.01690097e-03,4.30262259e-12,7.31445840e-11,6.10651405e-24,1.09917253e-22,4.80204160e-05,8.16347072e-04,3.84214011e-13,6.91585220e-12,5.06304156e-07,9.11347481e-06,7.17611381e-05,1.43522276e-03
1.67131243e-03,4.17986580e-01,3.99961475e+03,3.11375656e-01,7.12447189e-01,7.12447189e-01,6.91400071e-02,2.76560028e-01,2.43333336e-11,2.92000003e-10,1.21904445e-14,1.58475779e-13,2.13422292e-07,2.77448980e-06,1.37894867e-10,1.93052813e-09,1.95123336e-15,2.92685003e-14,1.90682909e-04,2.66956073e-03,5.93740590e-05,8.90610885e-04,3.10066518e-04,4.96106429e-03,4.61015806e-12,7.83726871e-11,7.06243398e-24,1.27123812e-22,5.14306905e-05,8.74321739e-04,4.44344166e-13,7.99819499e-12,5.85737184e-07,1.05432693e-05,7.17611383e-05,1.43522277e-03
1.80152004e-03,4.17985535e-01,3.99958474e+03,3.11229286e-01,7.12443442e-01,7.12443442e-01,6.91400078e-02,2.76560031e-01,2.47336645e-11,2.96803974e-10,7.00162977e-15,9.10211870e-14,1.22582340e-07,1.59357042e-06,1.40213893e-10,1.96299451e-09,1.95130135e-15,2.92695202e-14,1.90773549e-04,2.67082968e-03,5.93743590e-05,8.90615386e-04,3.06349243e-04,4.90158789e-03,4.93712944e-12,8.39312006e-11,8.16555779e-24,1.46980040e-22,5.50561892e-05,9.35955216e-04,5.13731174e-13,9.24716113e-12,6.77410601e-07,1.21933908e-05,7.17611386e-05,1.43522277e-03
1.94187178e-03,4.17984408e-01,3.99955239e+03,3.11141470e-01,7.12439477e-01,7.12439477e-01,6.91400057e-02,2.76560023e-01,2.52256699e-11,3.02708039e-10,3.85232673e-15,5.00802475e-14,6.74500007e-08,8.76850009e-07,1.42651177e-10,1.99711647e-09,1.95137481e-15,2.92706222e-14,1.90828467e-04,2.67159853e-03,5.93746940e-05,8.90620410e-04,3.02393315e-04,4.83829304e-03,5.28438459e-12,8.98345380e-11,9.43792428e-24,1.69882637e-22,5.89062480e-05,1.00140622e-03,5.93760370e-13,1.06876867e-11,7.83156330e-07,1.40968139e-05,7.17611389e-05,1.43522278e-03
2.09315797e-03,4.17983193e-01,3.99951752e+03,3.11091632e-01,7.12435270e-01,7.12435270e-01,6.91400005e-02,2.76560002e-01,2.58272105e-11,3.09926526e-10,2.02419337e-15,2.63145138e-14,3.54477487e-08,4.60820733e-07,1.45220534e-10,2.03308748e-09,1.95145428e-15,2.92718141e-14,1.90860240e-04,2.67204336e-03,5.93750688e-05,8.90626032e-04,2.98187602e-04,4.77100164e-03,5.65274505e-12,9.60966659e-11,1.09047164e-23,1.96284896e-22,6.29899015e-05,1.07082833e-03,6.86014587e-13,1.23482626e-11,9.05067269e-07,1.62912108e-05,7.17611393e-05,1.43522279e-03
2.25623046e-03,4.17981884e-01,3.99947994e+03,3.11065373e-01,7.12430796e-01,7.12430796e-01,6.91399921e-02,2.76559969e-01,2.65604505e-11,3.18725406e-10,1.01273854e-15,1.31656010e-14,1.77427748e-08,2.30656072e-07,1.47933133e-10,2.07106386e-09,1.95154030e-15,2.92731046e-14,1.90877700e-04,2.67228781e-03,5.93754891e-05,8.90632337e-04,2.93721131e-04,4.69953810e-03,6.04299266e-12,1.02730875e-10,1.25946721e-23,2.26704097e-22,6.73157324e-05,1.14436745e-03,7.92299929e-13,1.42613987e-11,1.04553128e-06,1.88195631e-05,7.17611397e-05,1.43522279e-03
2.43200751e-03,4.17980472e-01,3.99943942e+03,3.11053114e-01,7.12426037e-01,7.12426037e-01,6.91399802e-02,2.76559921e-01,2.74516673e-11,3.29420008e-10,4.81363383e-16,6.25772398e-15,8.44205641e-09,1.09746733e-07,1.50797885e-10,2.11117038e-09,1.95163351e-15,2.92745027e-14,1.90886740e-04,2.67241436e-03,5.93759618e-05,8.90639427e-04,2.88983218e-04,4.62373148e-03,6.45585397e-12,1.09749517e-10,1.45405391e-23,2.61729705e-22,7.18916984e-05,1.22215887e-03,9.14674313e-13,1.64641376e-11,1.20726883e-06,2.17308389e-05,7.17611402e-05,1.43522280e-03
2.62147890e-03,4.17978951e-01,3.99939575e+03,3.11048827e-01,7.12420975e-01,7.12420975e-01,6.91399645e-02,2.76559858e-01,2.85316995e-11,3.42380394e-10,2.17375684e-16,2.82588389e-15,3.82205651e-09,4.96867346e-08,1.53821813e-10,2.15350538e-09,1.95173457e-15,2.92760185e-14,1.90891081e-04,2.67247514e-03,5.93764947e-05,8.90647421e-04,2.83963628e-04,4.54341804e-03,6.89198249e-12,1.17163702e-10,1.67795781e-23,3.02032405e-22,7.67249334e-05,1.30432387e-03,1.05547897e-12,1.89986215e-11,1.39337448e-06,2.50807406e-05,7.17611408e-05,1.43522282e-03
2.82571150e-03,4.17977311e-01,3.99934868e+03,3.11048941e-01,7.12415593e-01,7.12415593e-01,6.91399450e-02,2.76559780e-01,2.98365210e-11,3.58038252e-10,9.39335885e-17,1.22113665e-15,1.66231497e-09,2.16100946e-08,1.57010336e-10,2.19814471e-09,1.95184422e-15,2.92776633e-14,1.90892945e-04,2.67250122e-03,5.93770971e-05,8.90656457e-04,2.78652754e-04,4.45844407e-03,7.35193848e-12,1.24982954e-10,1.93541132e-23,3.48374037e-22,8.18215220e-05,1.39096587e-03,1.21737302e-12,2.19127144e-11,1.60736241e-06,2.89325234e-05,7.17611414e-05,1.43522283e-03
3.04585534e-03,4.17975544e-01,3.99929794e+03,3.11051487e-01,7.12409877e-01,7.12409877e-01,6.91399213e-02,2.76559685e-01,3.14078490e-11,3.76894188e-10,3.99182591e-17,5.18937368e-16,7.17923309e-10,9.33300302e-09,1.60367445e-10,2.24514423e-09,1.95196329e-15,2.92794494e-14,1.90893574e-04,2.67251004e-03,5.93777800e-05,8.90666700e-04,2.73041824e-04,4.36866918e-03,7.83616606e-12,1.33214823e-10,2.23121351e-23,4.01618432e-22,8.71862450e-05,1.48216616e-03,1.40337118e-12,2.52606812e-11,1.85321608e-06,3.33578894e-05,7.17611421e-05,1.43522284e-03
3.28315001e-03,4.17973638e-01,3.99924325e+03,3.11055467e-01,7.12403814e-01,7.12403814e-01,6.91398934e-02,2.76559574e-01,3.32937542e-11,3.99525050e-10,1.79965495e-17,2.33955144e-16,3.35431809e-10,4.36061351e-09,1.63895768e-10,2.29454075e-09,1.95209270e-15,2.92813905e-14,1.90893624e-04,2.67251073e-03,5.93785563e-05,8.90678345e-04,2.67123126e-04,4.27397001e-03,8.34496790e-12,1.41864454e-10,2.57079533e-23,4.62743159e-22,9.28222960e-05,1.57797903e-03,1.61688463e-12,2.91039233e-11,2.13544192e-06,3.84379546e-05,7.17611430e-05,1.43522286e-03
3.53893170e-03,4.17971585e-01,3.99918430e+03,3.11060441e-01,7.12397390e-01,7.12397390e-01,6.91398612e-02,2.76559445e-01,3.55492473e-11,4.26590968e-10,9.90535399e-18,1.28769602e-16,1.95216242e-10,2.53781114e-09,1.67596538e-10,2.34635154e-09,1.95223348e-15,2.92835022e-14,1.90893413e-04,2.67250778e-03,5.93794414e-05,8.90691621e-04,2.60890266e-04,4.17424426e-03,8.87847697e-12,1.50934109e-10,2.96028989e-23,5.32852180e-22,9.87309681e-05,1.67842646e-03,1.86176502e-12,3.35117703e-11,2.45912715e-06,4.42642887e-05,7.17611439e-05,1.43522288e-03
3.81464066e-03,4.17969371e-01,3.99912076e+03,3.11066265e-01,7.12390596e-01,7.12390596e-01,6.91398247e-02,2.76559299e-01,3.82368111e-11,4.58841734e-10,7.36216097e-18,9.57080927e-17,1.52356112e-10,1.98062945e-09,1.71469479e-10,2.40057271e-09,1.95238679e-15,2.92858019e-14,1.90893088e-04,2.67250323e-03,5.93804533e-05,8.90706799e-04,2.54338451e-04,4.06941522e-03,9.43662575e-12,1.60422638e-10,3.40660757e-23,6.13189363e-22,1.04911310e-04,1.78349228e-03,2.14235140e-12,3.85623252e-11,2.83000138e-06,5.09400248e-05,7.17611450e-05,1.43522290e-03
4.11182940e-03,4.17966985e-01,3.99905227e+03,3.11072951e-01,7.12383420e-01,7.12383420e-01,6.91397837e-02,2.76559135e-01,4.14268331e-11,4.97121997e-10,6.90645875e-18,8.97839638e-17,1.46333730e-10,1.90233849e-09,1.75512625e-10,2.45717675e-09,1.95255394e-15,2.92883090e-14,1.90892711e-04,2.67249795e-03,5.93816135e-05,8.90724203e-04,2.47464789e-04,3.95943663e-03,1.00191128e-11,1.70324918e-10,3.91751530e-23,7.05152754e-22,1.11359757e-04,1.89311587e-03,2.46351978e-12,4.43433561e-11,3.25450149e-06,5.85810268e-05,7.17611462e-05,1.43522292e-03
4.43217134e-03,4.17964413e-01,3.99897844e+03,3.11080590e-01,7.12375856e-01,7.12375856e-01,6.91397384e-02,2.76558953e-01,4.51978916e-11,5.42374699e-10,7.21796907e-18,9.38335980e-17,1.54093552e-10,2.00321618e-09,1.79722104e-10,2.51610946e-09,1.95273640e-15,2.92910460e-14,1.90892307e-04,2.67249230e-03,5.93829476e-05,8.90744214e-04,2.40268625e-04,3.84429800e-03,1.06253672e-11,1.80631243e-10,4.50171943e-23,8.10309497e-22,1.18069730e-04,2.00718540e-03,2.83073487e-12,5.09532276e-11,3.73983939e-06,6.73171090e-05,7.17611476e-05,1.43522295e-03
4.77747029e-03,4.17961640e-01,3.99889887e+03,3.11089324e-01,7.12367895e-01,7.12367895e-01,6.91396888e-02,2.76558755e-01,4.96368349e-11,5.95642019e-10,7.84468989e-18,1.01980969e-16,1.67779968e-10,2.18113958e-09,1.84091883e-10,2.57728637e-09,1.95293586e-15,2.92940379e-14,1.90891888e-04,2.67248644e-03,5.93844858e-05,8.90767287e-04,2.32751884e-04,3.72403015e-03,1.12545106e-11,1.91326680e-10,5.16895123e-23,9.30411221e-22,1.25031219e-04,2.12553072e-03,3.25010335e-12,5.85018603e-11,4.29407155e-06,7.72932878e-05,7.17611492e-05,1.43522298e-03
5.14967058e-03,4.17958652e-01,3.99881309e+03,3.11099329e-01,7.12359533e-01,7.12359533e-01,6.91396350e-02,2.76558540e-01,5.48385789e-11,6.58062947e-10,8.65507259e-18,1.12515944e-16,1.85149753e-10,2.40694679e-09,1.88613507e-10,2.64058909e-09,1.95315424e-15,2.92973136e-14,1.90891462e-04,2.67248046e-03,5.93862643e-05,8.90793964e-04,2.24919434e-04,3.59871095e-03,1.19053183e-11,2.02390411e-10,5.93005296e-23,1.06740953e-21,1.32230352e-04,2.24791598e-03,3.72842749e-12,6.71116949e-11,4.92616877e-06,8.86710379e-05,7.17611510e-05,1.43522302e-03
5.55086803e-03,4.17955431e-01,3.99872064e+03,3.11110818e-01,7.12350769e-01,7.12350769e-01,6.91395773e-02,2.76558309e-01,6.09055630e-11,7.30866757e-10,9.62486543e-18,1.25123251e-16,2.05841574e-10,2.67594046e-09,1.93275814e-10,2.70586140e-09,1.95339373e-15,2.93009060e-14,1.90891034e-04,2.67247448e-03,5.93883258e-05,8.90824887e-04,2.16779461e-04,3.46847138e-03,1.25761794e-11,2.13795050e-10,6.79706418e-23,1.22347155e-21,1.39648949e-04,2.37403213e-03,4.27325877e-12,7.69186579e-11,5.64608584e-06,1.01629545e-04,7.17611530e-05,1.43522306e-03
5.98332173e-03,4.17951959e-01,3.99862098e+03,3.11124044e-01,7.12341602e-01,7.12341602e-01,6.91395159e-02,2.76558064e-01,6.79467646e-11,8.15361175e-10,1.07625486e-17,1.39913132e-16,2.30070610e-10,2.99091792e-09,1.98064670e-10,2.77290539e-09,1.95365685e-15,2.93048528e-14,1.90890615e-04,2.67246860e-03,5.93907215e-05,8.90860823e-04,2.08343837e-04,3.33350139e-03,1.32650570e-11,2.25505969e-10,7.78330406e-23,1.40099473e-21,1.47264087e-04,2.50348947e-03,4.89294886e-12,8.80730794e-11,6.46482731e-06,1.16366892e-04,7.17611553e-05,1.43522311e-03
6.44946677e-03,4.17948216e-01,3.99851357e+03,3.11139307e-01,7.12332037e-01,7.12332037e-01,6.91394511e-02,2.76557804e-01,7.60761990e-11,9.12914388e-10,1.20859250e-17,1.57117025e-16,2.58218000e-10,3.35683400e-09,2.02962701e-10,2.84147781e-09,1.95394650e-15,2.93091974e-14,1.90890214e-04,2.67246300e-03,5.93935122e-05,8.90902682e-04,1.99628475e-04,3.19405560e-03,1.39694505e-11,2.37480659e-10,8.90344761e-23,1.60262057e-21,1.55047678e-04,2.63581053e-03,5.59669664e-12,1.00740540e-10,7.39450787e-06,1.33101142e-04,7.17611579e-05,1.43522316e-03
6.95192796e-03,4.17944182e-01,3.99839779e+03,3.11156964e-01,7.12322079e-01,7.12322079e-01,6.91393831e-02,2.76557533e-01,8.54108438e-11,1.02493013e-09,1.36153762e-17,1.76999891e-16,2.90711509e-10,3.77924962e-09,2.07949048e-10,2.91128667e-09,1.95426600e-15,2.93139900e-14,1.90889847e-04,2.67245786e-03,5.93967700e-05,8.90951551e-04,1.90653671e-04,3.05045873e-03,1.46863601e-11,2.49668122e-10,1.01735932e-22,1.83124677e-21,1.62966084e-04,2.77042343e-03,6.39458965e-12,1.15102614e-10,8.44840486e-06,1.52071287e-04,7.17611609e-05,1.43522322e-03
7.49353460e-03,4.17939834e-01,3.99827299e+03,3.11177435e-01,7.12311740e-01,7.12311740e-01,6.91393126e-02,2.76557250e-01,9.60678922e-11,1.15281471e-09,1.53718448e-17,1.99833982e-16,3.27988463e-10,4.26385002e-09,2.12999167e-10,2.98198834e-09,1.95461923e-15,2.93192884e-14,1.90889532e-04,2.67245345e-03,5.94005813e-05,8.91008720e-04,1.81444388e-04,2.90311021e-03,1.54122563e-11,2.62008357e-10,1.16113158e-22,2.09003684e-21,1.70979778e-04,2.90665623e-03,7.29763634e-12,1.31357454e-10,9.64099828e-06,1.73537969e-04,7.17611642e-05,1.43522328e-03
8.07733640e-03,4.17935147e-01,3.99813847e+03,3.11201221e-01,7.12301033e-01,7.12301033e-01,6.91392398e-02,2.76556959e-01,1.08161330e-10,1.29793596e-09,1.73759128e-17,2.25886866e-16,3.70477435e-10,4.81620665e-09,2.18084662e-10,3.05318527e-09,1.95501065e-15,2.93251598e-14,1.90889292e-04,2.67245008e-03,5.94050484e-05,8.91075726e-04,1.72030495e-04,2.75248791e-03,1.61430560e-11,2.74431952e-10,1.32357016e-22,2.38242628e-21,1.79043089e-04,3.04373251e-03,8.31778644e-12,1.49720156e-10,1.09879948e-05,1.97783906e-04,7.17611680e-05,1.43522336e-03
8.70662068e-03,4.17930095e-01,3.99799348e+03,3.11228913e-01,7.12289976e-01,7.12289976e-01,6.91391653e-02,2.76556661e-01,1.21797796e-10,1.46157356e-09,1.96470217e-17,2.55411282e-16,4.18581959e-10,5.44156547e-09,2.23173198e-10,3.12442477e-09,1.95544545e-15,2.93316818e-14,1.90889153e-04,2.67244814e-03,5.94102930e-05,8.91154395e-04,1.62446911e-04,2.59915058e-03,1.68741078e-11,2.86859833e-10,1.50673592e-22,2.71212466e-21,1.87104041e-04,3.18076869e-03,9.46793636e-12,1.70422854e-10,1.25063310e-05,2.25113958e-04,7.17611722e-05,1.43522344e-03
9.38493086e-03,4.17924649e-01,3.99783720e+03,3.11261213e-01,7.12278590e-01,7.12278590e-01,6.91390896e-02,2.76556359e-01,1.37071781e-10,1.64486137e-09,2.22026202e-17,2.88634062e-16,4.72662572e-10,6.14461343e-09,2.28228480e-10,3.19519873e-09,1.95592966e-15,2.93389449e-14,1.90889151e-04,2.67244812e-03,5.94164597e-05,8.91246896e-04,1.52733662e-04,2.44373859e-03,1.76001889e-11,2.99203211e-10,1.71284009e-22,3.08311215e-21,1.95104327e-04,3.31677357e-03,1.07619155e-11,1.93714478e-10,1.42141516e-05,2.55854729e-04,7.17611769e-05,1.43522354e-03
1.01160864e-02,4.17918779e-01,3.99766875e+03,3.11298953e-01,7.12266901e-01,7.12266901e-01,6.91390135e-02,2.76556054e-01,1.54060224e-10,1.84872269e-09,2.50572128e-17,3.25743767e-16,5.33016760e-10,6.92921789e-09,2.33210350e-10,3.26494489e-09,1.95647030e-15,2.93470545e-14,1.90889327e-04,2.67245057e-03,5.94237202e-05,8.91355803e-04,1.42935789e-04,2.28697262e-03,1.83155154e-11,3.11363762e-10,1.94423871e-22,3.49962967e-21,2.02979441e-04,3.45065049e-03,1.22144494e-11,2.19860089e-10,1.61307558e-05,2.90353605e-04,7.17611823e-05,1.43522365e-03
1.09042044e-02,4.17912452e-01,3.99748719e+03,3.11343119e-01,7.12254938e-01,7.12254938e-01,6.91389375e-02,2.76555750e-01,1.72816680e-10,2.07380017e-09,2.82213284e-17,3.66877270e-16,5.99857243e-10,7.79814416e-09,2.38074983e-10,3.33304976e-09,1.95707552e-15,2.93561328e-14,1.90889728e-04,2.67245620e-03,5.94322775e-05,8.91484163e-04,1.33103122e-04,2.12964995e-03,1.90137707e-11,3.23234101e-10,2.20342289e-22,3.96616121e-21,2.10658990e-04,3.58120283e-03,1.38410961e-11,2.49139730e-10,1.82765077e-05,3.28977139e-04,7.17611882e-05,1.43522376e-03
1.17537227e-02,4.17905632e-01,3.99729149e+03,3.11394874e-01,7.12242734e-01,7.12242734e-01,6.91388623e-02,2.76555449e-01,1.93365262e-10,2.32038315e-09,3.17004472e-17,4.12105814e-16,6.73289419e-10,8.75276245e-09,2.42775235e-10,3.39885329e-09,1.95775484e-15,2.93663225e-14,1.90890415e-04,2.67246580e-03,5.94423721e-05,8.91635582e-04,1.23289870e-04,1.97263792e-03,1.96881519e-11,3.34698582e-10,2.49300419e-22,4.48740755e-21,2.18067235e-04,3.70714300e-03,1.56581515e-11,2.81846726e-10,2.06727051e-05,3.72108692e-04,7.17611948e-05,1.43522390e-03
1.26694246e-02,4.17898281e-01,3.99708055e+03,3.11455595e-01,7.12230324e-01,7.12230324e-01,6.91387887e-02,2.76555155e-01,2.15694592e-10,2.58833510e-09,3.54939241e-17,4.61421013e-16,7.53288782e-10,9.79275417e-09,2.47261134e-10,3.46165588e-09,1.95851932e-15,2.93777898e-14,1.90891452e-04,2.67248033e-03,5.94542879e-05,8.91814318e-04,1.13554011e-04,1.81686418e-03,2.03314395e-11,3.45634472e-10,2.81569420e-22,5.06824956e-21,2.25123870e-04,3.82710580e-03,1.76825181e-11,3.18285325e-10,2.33413998e-05,4.20145197e-04,7.17612022e-05,1.43522404e-03
1.36564666e-02,4.17890358e-01,3.99685320e+03,3.11526909e-01,7.12217746e-01,7.12217746e-01,6.91387176e-02,2.76554870e-01,2.39752191e-10,2.87702630e-09,3.95939871e-17,5.14721833e-16,8.39679952e-10,1.09158394e-08,2.51480532e-10,3.52072744e-09,1.95938185e-15,2.93907277e-14,1.90892919e-04,2.67250086e-03,5.94683593e-05,8.92025390e-04,1.03956479e-04,1.66330366e-03,2.09360895e-11,3.55913521e-10,3.17427838e-22,5.71370109e-21,2.31745058e-04,3.93966599e-03,1.99315376e-11,3.58767676e-10,2.63051682e-05,4.73493027e-04,7.17612103e-05,1.43522421e-03
1.47204064e-02,4.17881817e-01,3.99660814e+03,3.11610730e-01,7.12205039e-01,7.12205039e-01,6.91386497e-02,2.76554599e-01,2.65439621e-10,3.18527545e-09,4.39848622e-17,5.71803209e-16,9.32118419e-10,1.21175394e-08,2.55379924e-10,3.57531893e-09,1.96035742e-15,2.94053613e-14,1.90894903e-04,2.67252864e-03,5.94849798e-05,8.92274696e-04,9.45601258e-05,1.51296201e-03,2.14943499e-11,3.65403948e-10,3.57158329e-22,6.42884992e-21,2.37844745e-04,4.04336067e-03,2.24227811e-11,4.03610061e-10,2.95868262e-05,5.32562872e-04,7.17612194e-05,1.43522439e-03
1.58672350e-02,4.17872611e-01,3.99634401e+03,3.11709313e-01,7.12192243e-01,7.12192243e-01,6.91385860e-02,2.76554344e-01,2.92608820e-10,3.51130585e-09,4.86421083e-17,6.32347408e-16,1.03007677e-09,1.33909981e-08,2.58905438e-10,3.62467613e-09,1.96146344e-15,2.94219516e-14,1.90897505e-04,2.67256506e-03,5.95046106e-05,8.92569160e-04,8.54284746e-05,1.36685559e-03,2.19984026e-11,3.73972845e-10,4.01043720e-22,7.21878697e-21,2.43336242e-04,4.13671612e-03,2.51737983e-11,4.53128370e-10,3.32090888e-05,5.97763598e-04,7.17612293e-05,1.43522459e-03
1.71034100e-02,4.17862688e-01,3.99605932e+03,3.11825302e-01,7.12179399e-01,7.12179399e-01,6.91385274e-02,2.76554109e-01,3.21060071e-10,3.85272086e-09,5.35322340e-17,6.95919041e-16,1.13283690e-09,1.47268797e-08,2.62003972e-10,3.66805561e-09,1.96272012e-15,2.94408018e-14,1.90900834e-04,2.67261168e-03,5.95277919e-05,8.92916878e-04,7.66242688e-05,1.22598830e-03,2.24405271e-11,3.81488961e-10,4.49362420e-22,8.08852356e-21,2.48134057e-04,4.21827897e-03,2.82018243e-11,5.07632838e-10,3.71941732e-05,6.69495117e-04,7.17612403e-05,1.43522481e-03
1.84358922e-02,4.17851992e-01,3.99575248e+03,3.11961796e-01,7.12166543e-01,7.12166543e-01,6.91384749e-02,2.76553899e-01,3.50541965e-10,4.20650358e-09,5.86126644e-17,7.61964638e-16,1.23948958e-09,1.61133646e-08,2.64624469e-10,3.70474257e-09,1.96415085e-15,2.94622628e-14,1.90905013e-04,2.67267019e-03,5.95551534e-05,8.93327300e-04,6.82078583e-05,1.09132573e-03,2.28132842e-11,3.87825832e-10,5.02383202e-22,9.04289764e-21,2.52155950e-04,4.28665115e-03,3.15234482e-11,5.67422067e-10,4.15633508e-05,7.48140315e-04,7.17612522e-05,1.43522504e-03
1.98721847e-02,4.17840464e-01,3.99542175e+03,3.12122415e-01,7.12153711e-01,7.12153711e-01,6.91384295e-02,2.76553718e-01,3.80753700e-10,4.56904440e-09,6.38321170e-17,8.29817521e-16,1.34894278e-09,1.75362561e-08,2.66719281e-10,3.73406994e-09,1.96578269e-15,2.94867404e-14,1.90910174e-04,2.67274244e-03,5.95874280e-05,8.93811419e-04,6.02354671e-05,9.63767473e-04,2.31097149e-11,3.92865153e-10,5.60359448e-22,1.00864701e-20,2.55325143e-04,4.34052744e-03,3.51542464e-11,6.32776435e-10,4.63364526e-05,8.34056147e-04,7.17612653e-05,1.43522531e-03
2.14203749e-02,4.17828037e-01,3.99506529e+03,3.12311376e-01,7.12140934e-01,7.12140934e-01,6.91383925e-02,2.76553570e-01,4.11349926e-10,4.93619912e-09,6.91314220e-17,8.98708486e-16,1.45993926e-09,1.89792104e-08,2.68245593e-10,3.75543830e-09,1.96764683e-15,2.95147025e-14,1.90916458e-04,2.67283042e-03,5.96254655e-05,8.94381982e-04,5.27574124e-05,8.44118599e-04,2.33235467e-11,3.96500295e-10,6.23522948e-22,1.12234131e-20,2.57572624e-04,4.37873461e-03,3.91083890e-11,7.03951002e-10,5.15313377e-05,9.27564079e-04,7.17612796e-05,1.43522559e-03
2.30891806e-02,4.17814643e-01,3.99468110e+03,3.12533573e-01,7.12128236e-01,7.12128236e-01,6.91383648e-02,2.76553459e-01,4.41948220e-10,5.30337864e-09,7.44448048e-17,9.67782463e-16,1.57108397e-09,2.04240916e-08,2.69166827e-10,3.76833558e-09,1.96977917e-15,2.95466875e-14,1.90924014e-04,2.67293619e-03,5.96702483e-05,8.95053724e-04,4.58163591e-05,7.33061746e-04,2.34493996e-11,3.98639793e-10,6.92077418e-22,1.24573935e-20,2.58839425e-04,4.40027022e-03,4.33982274e-11,7.81168094e-10,5.71633384e-05,1.02894009e-03,7.17612950e-05,1.43522590e-03
2.48879987e-02,4.17800206e-01,3.99426701e+03,3.12794672e-01,7.12115638e-01,7.12115638e-01,6.91383479e-02,2.76553392e-01,4.72139112e-10,5.66566934e-09,7.97016160e-17,1.03612101e-15,1.68088084e-09,2.18514509e-08,2.69453976e-10,3.77235567e-09,1.97222087e-15,2.95833130e-14,1.90932995e-04,2.67306193e-03,5.97229078e-05,8.95843616e-04,3.94457087e-05,6.31131339e-04,2.34829801e-11,3.99210662e-10,7.66191909e-22,1.37914544e-20,2.59078786e-04,4.40433935e-03,4.80338756e-11,8.64609761e-10,6.32446958e-05,1.13840452e-03,7.17613116e-05,1.43522623e-03
2.68269580e-02,4.17784644e-01,3.99382072e+03,3.13101204e-01,7.12103150e-01,7.12103150e-01,6.91383431e-02,2.76553372e-01,5.01498409e-10,6.01798090e-09,8.48284643e-17,1.10277004e-15,1.78777802e-09,2.32411143e-08,2.69086773e-10,3.76721483e-09,1.97501904e-15,2.96252855e-14,1.90943560e-04,2.67320984e-03,5.97847426e-05,8.96771139e-04,3.36682323e-05,5.38691717e-04,2.34212542e-11,3.98161321e-10,8.45994313e-22,1.52278976e-20,2.58258056e-04,4.39038695e-03,5.30227979e-11,9.54410363e-10,6.97840056e-05,1.25611210e-03,7.17613295e-05,1.43522659e-03
2.89169765e-02,4.17767871e-01,3.99333971e+03,3.13460671e-01,7.12090776e-01,7.12090776e-01,6.91383517e-02,2.76553407e-01,5.29601374e-10,6.35521649e-09,8.97516760e-17,1.16677179e-15,1.89021993e-09,2.45728591e-08,2.68054628e-10,3.75276480e-09,1.97822738e-15,2.96734107e-14,1.90955866e-04,2.67338212e-03,5.98572378e-05,8.97858567e-04,2.84950549e-05,4.55920878e-04,2.32625851e-11,3.95463947e-10,9.31565198e-22,1.67681736e-20,2.56360219e-04,4.35812373e-03,5.83694171e-11,1.05064951e-09,7.67856898e-05,1.38214242e-03,7.17613487e-05,1.43522697e-03
3.11698230e-02,4.17749792e-01,3.99282129e+03,3.13881656e-01,7.12078512e-01,7.12078512e-01,6.91383754e-02,2.76553502e-01,5.56038140e-10,6.67245767e-09,9.43999742e-17,1.22719967e-15,1.98670388e-09,2.58271504e-08,2.66357252e-10,3.72900153e-09,1.98190695e-15,2.97286043e-14,1.90970069e-04,2.67358096e-03,5.99420850e-05,8.99131275e-04,2.39251006e-05,3.82801610e-04,2.30068264e-11,3.91116048e-10,1.02293219e-21,1.84127795e-20,2.53384908e-04,4.30754344e-03,6.40747574e-11,1.15334563e-09,8.42495173e-05,1.51649131e-03,7.17613691e-05,1.43522738e-03
3.35981829e-02,4.17730305e-01,3.99226255e+03,3.14373935e-01,7.12066345e-01,7.12066345e-01,6.91384159e-02,2.76553664e-01,5.80429569e-10,6.96515483e-09,9.87072415e-17,1.28319414e-15,2.07583825e-09,2.69858973e-08,2.64004919e-10,3.69606887e-09,1.98612692e-15,2.97919039e-14,1.90986319e-04,2.67380847e-03,6.00412037e-05,9.00618056e-04,1.99450631e-05,3.19121009e-04,2.26553620e-11,3.85141154e-10,1.12006508e-21,2.01611715e-20,2.49348832e-04,4.23893014e-03,7.01361333e-11,1.26245040e-09,9.21701846e-05,1.65906332e-03,7.17613908e-05,1.43522782e-03
3.62157300e-02,4.17709301e-01,3.99166038e+03,3.14948598e-01,7.12054257e-01,7.12054257e-01,6.91384750e-02,2.76553900e-01,6.02442643e-10,7.22931171e-09,1.02615206e-16,1.33399768e-15,2.15639907e-09,2.80331880e-08,2.61018312e-10,3.65425637e-09,1.99096537e-15,2.98644806e-14,1.91004760e-04,2.67406663e-03,6.01567635e-05,9.02351453e-04,1.65299763e-05,2.64479621e-04,2.22110857e-11,3.77588457e-10,1.22287183e-21,2.20116930e-20,2.44285522e-04,4.15285387e-03,7.65468962e-11,1.37784413e-09,1.00536976e-04,1.80966556e-03,7.17614138e-05,1.43522828e-03
3.90372033e-02,4.17686662e-01,3.99101139e+03,3.15618171e-01,7.12042224e-01,7.12042224e-01,6.91385548e-02,2.76554219e-01,6.21804344e-10,7.46165213e-09,1.06075874e-16,1.37898636e-15,2.22738095e-09,2.89559524e-08,2.57427952e-10,3.60399133e-09,1.99651015e-15,2.99476522e-14,1.91025521e-04,2.67435729e-03,6.02912067e-05,9.04368101e-04,1.36443694e-05,2.18309910e-04,2.16783199e-11,3.68531438e-10,1.33119559e-21,2.39615206e-20,2.38244414e-04,4.05015503e-03,8.32962435e-11,1.49933238e-09,1.09333504e-04,1.96800307e-03,7.17614379e-05,1.43522876e-03
4.20784904e-02,4.17662260e-01,3.99031196e+03,3.16396731e-01,7.12030218e-01,7.12030218e-01,6.91386576e-02,2.76554631e-01,6.38313002e-10,7.65975602e-09,1.09053531e-16,1.41769590e-15,2.28803881e-09,2.97445046e-08,2.53273227e-10,3.54582518e-09,2.00285973e-15,3.00428959e-14,1.91048722e-04,2.67468211e-03,6.04472713e-05,9.06709069e-04,1.12439840e-05,1.79903743e-04,2.10626761e-11,3.58065493e-10,1.44481269e-21,2.60066284e-20,2.31289275e-04,3.93191767e-03,9.03690924e-11,1.62664366e-09,1.18537546e-04,2.13367583e-03,7.17614632e-05,1.43522926e-03
4.53567162e-02,4.17635959e-01,3.98955818e+03,3.17300033e-01,7.12018210e-01,7.12018210e-01,6.91387861e-02,2.76555144e-01,6.51846118e-10,7.82215342e-09,1.11526135e-16,1.44983975e-15,2.33791679e-09,3.03929182e-08,2.48601099e-10,3.48041538e-09,2.01012410e-15,3.01518615e-14,1.91074468e-04,2.67504255e-03,6.06280140e-05,9.09420210e-04,9.27793507e-06,1.48446961e-04,2.03708674e-11,3.46304746e-10,1.56343163e-21,2.81417693e-20,2.23496105e-04,3.79943378e-03,9.77460149e-11,1.75942827e-09,1.28120953e-04,2.30617716e-03,7.17614895e-05,1.43522979e-03
4.88903400e-02,4.17607611e-01,3.98874583e+03,3.18345625e-01,7.12006171e-01,7.12006171e-01,6.91389429e-02,2.76555772e-01,6.62363784e-10,7.94836541e-09,1.13485957e-16,1.47531744e-15,2.37686092e-09,3.08991920e-08,2.43464554e-10,3.40850375e-09,2.01842567e-15,3.02763850e-14,1.91102849e-04,2.67543989e-03,6.08368335e-05,9.12552503e-04,7.69119694e-06,1.23059151e-04,1.96104850e-11,3.33378245e-10,1.68669292e-21,3.03604726e-20,2.14950638e-04,3.65416085e-03,1.05403228e-10,1.89725810e-09,1.38049644e-04,2.48489360e-03,7.17615168e-05,1.43523034e-03
5.26992593e-02,4.17577057e-01,3.98787037e+03,3.19552957e-01,7.11994078e-01,7.11994078e-01,6.91391314e-02,2.76556526e-01,6.69907214e-10,8.03888657e-09,1.14939372e-16,1.49421184e-15,2.40501413e-09,3.12651837e-08,2.37920950e-10,3.33089330e-09,2.02790017e-15,3.04185025e-14,1.91133941e-04,2.67587518e-03,6.10774921e-05,9.16162382e-04,6.42720716e-06,1.02835315e-04,1.87897575e-11,3.19425878e-10,1.81416960e-21,3.26550527e-20,2.05745665e-04,3.49767630e-03,1.13312629e-10,2.03962732e-09,1.48283658e-04,2.66910584e-03,7.17615450e-05,1.43523090e-03
5.68049216e-02,4.17544124e-01,3.98692693e+03,3.20943486e-01,7.11981912e-01,7.11981912e-01,6.91393552e-02,2.76557421e-01,6.74592171e-10,8.09510606e-09,1.15905766e-16,1.50677496e-15,2.42279242e-09,3.14963014e-08,2.32030367e-10,3.24842514e-09,2.03869752e-15,3.05804629e-14,1.91167807e-04,2.67634930e-03,6.13541369e-05,9.20312054e-04,5.43040298e-06,8.68864476e-05,1.79173123e-11,3.04594309e-10,1.94536829e-21,3.50166293e-20,1.95978367e-04,3.33163223e-03,1.21441866e-10,2.18595359e-09,1.58777255e-04,2.85799060e-03,7.17615740e-05,1.43523148e-03
6.12304454e-02,4.17508629e-01,3.98591024e+03,3.22540764e-01,7.11969662e-01,7.11969662e-01,6.91396182e-02,2.76558473e-01,6.76597670e-10,8.11917204e-09,1.16415615e-16,1.51340300e-15,2.43084380e-09,3.16009694e-08,2.25854108e-10,3.16195751e-09,2.05098273e-15,3.07647410e-14,1.91204500e-04,2.67686300e-03,6.16713184e-05,9.25069776e-04,4.64848349e-06,7.43757359e-05,1.70019571e-11,2.89033270e-10,2.07973074e-21,3.74351533e-20,1.85747891e-04,3.15771415e-03,1.29754440e-10,2.33557992e-09,1.69479072e-04,3.05062330e-03,7.17616036e-05,1.43523207e-03
6.60007502e-02,4.17470372e-01,3.98481463e+03,3.24370520e-01,7.11957329e-01,7.11957329e-01,6.91399249e-02,2.76559700e-01,6.76150805e-10,8.11380965e-09,1.16507884e-16,1.51460250e-15,2.42999306e-09,3.15899098e-08,2.19453445e-10,3.07234823e-09,2.06493666e-15,3.09740499e-14,1.91244063e-04,2.67741688e-03,6.20340072e-05,9.30510108e-04,4.03422945e-06,6.45476711e-05,1.60524983e-11,2.72892472e-10,2.21663564e-21,3.98994415e-20,1.75153326e-04,2.97760654e-03,1.38209827e-10,2.48777689e-09,1.80332302e-04,3.24598143e-03,7.17616338e-05,1.43523268e-03
7.11426971e-02,4.17429138e-01,3.98363400e+03,3.26460709e-01,7.11944921e-01,7.11944921e-01,6.91402803e-02,2.76561121e-01,6.73509061e-10,8.08210874e-09,1.16226972e-16,1.51095064e-15,2.42117720e-09,3.14753036e-08,2.12888695e-10,2.98044174e-09,2.08075681e-15,3.12113521e-14,1.91286533e-04,2.67801147e-03,6.24476068e-05,9.36714102e-04,3.54676355e-06,5.67482168e-05,1.50776064e-11,2.56319309e-10,2.35540104e-21,4.23972188e-20,1.64292190e-04,2.79296724e-03,1.46763641e-10,2.64174553e-09,1.91274935e-04,3.44294882e-03,7.17616643e-05,1.43523329e-03
7.66852397e-02,4.17384697e-01,3.98236178e+03,3.28841551e-01,7.11932460e-01,7.11932460e-01,6.91406896e-02,2.76562758e-01,6.68941832e-10,8.02730198e-09,1.15619502e-16,1.50305353e-15,2.40537786e-09,3.12699121e-08,2.06218635e-10,2.88706089e-09,2.09865796e-15,3.14798693e-14,1.91331947e-04,2.67864726e-03,6.29179620e-05,9.43769431e-04,3.15220081e-06,5.04352130e-05,1.40857303e-11,2.39457415e-10,2.49528743e-21,4.49151738e-20,1.53259469e-04,2.60541097e-03,1.55367838e-10,2.79662108e-09,2.02240064e-04,3.64032116e-03,7.17616949e-05,1.43523390e-03
8.26595874e-02,4.17336798e-01,3.98099090e+03,3.31545538e-01,7.11919977e-01,7.11919977e-01,6.91411589e-02,2.76564636e-01,6.62712957e-10,7.95255549e-09,1.14731272e-16,1.49150653e-15,2.38355746e-09,3.09862470e-08,1.99500223e-10,2.79300312e-09,2.11887269e-15,3.17830904e-14,1.91380336e-04,2.67932471e-03,6.34513627e-05,9.51770440e-04,2.82371083e-06,4.51793733e-05,1.30850577e-11,2.22445981e-10,2.63550187e-21,4.74390336e-20,1.42147140e-04,2.41650138e-03,1.63970994e-10,2.95147790e-09,2.13156292e-04,3.83681326e-03,7.17617256e-05,1.43523451e-03
8.90993810e-02,4.17285174e-01,3.97951375e+03,3.34607403e-01,7.11907515e-01,7.11907515e-01,6.91416945e-02,2.76566778e-01,6.55066009e-10,7.86079211e-09,1.13604661e-16,1.47686060e-15,2.35660526e-09,3.06358684e-08,1.92788565e-10,2.69903991e-09,2.14165183e-15,3.21247774e-14,1.91431735e-04,2.68004430e-03,6.40545404e-05,9.60818106e-04,2.54107892e-06,4.06572628e-05,1.20835094e-11,2.05419660e-10,2.77520369e-21,4.99536664e-20,1.31044076e-04,2.22774930e-03,1.72518683e-10,3.10533630e-09,2.23948273e-04,4.03106891e-03,7.17617561e-05,1.43523512e-03
9.60408821e-02,4.17229535e-01,3.97792213e+03,3.38064070e-01,7.11895121e-01,7.11895121e-01,6.91423033e-02,2.76569213e-01,6.46213597e-10,7.75456317e-09,1.12276733e-16,1.45959752e-15,2.32529799e-09,3.02288739e-08,1.86137002e-10,2.60591803e-09,2.16726463e-15,3.25089694e-14,1.91486176e-04,2.68080647e-03,6.47346591e-05,9.71019886e-04,2.28989983e-06,3.66383973e-05,1.10887527e-11,1.88508797e-10,2.91351229e-21,5.24432213e-20,1.20036137e-04,2.04061433e-03,1.80953982e-10,3.25717168e-09,2.34537432e-04,4.22167378e-03,7.17617862e-05,1.43523572e-03
1.03523178e-01,4.17169570e-01,3.97620723e+03,3.41954548e-01,7.11882853e-01,7.11882853e-01,6.91429926e-02,2.76571970e-01,6.36331373e-10,7.63597648e-09,1.10778134e-16,1.44011575e-15,2.29027775e-09,2.97736107e-08,1.79597210e-10,2.51436094e-09,2.19599889e-15,3.29399833e-14,1.91543690e-04,2.68161166e-03,6.54992972e-05,9.82489457e-04,2.06055913e-06,3.29689460e-05,1.01082159e-11,1.71839670e-10,3.04951741e-21,5.48913134e-20,1.09206271e-04,1.85650660e-03,1.89218137e-10,3.40592647e-09,2.44842906e-04,4.40717230e-03,7.17618158e-05,1.43523632e-03
1.11588399e-01,4.17104942e-01,3.97435955e+03,3.46319794e-01,7.11870769e-01,7.11870769e-01,6.91437702e-02,2.76575081e-01,6.25556691e-10,7.50668029e-09,1.09132820e-16,1.41872666e-15,2.25204677e-09,2.92766080e-08,1.73219197e-10,2.42506876e-09,2.22816081e-15,3.34224122e-14,1.91604302e-04,2.68246023e-03,6.63564225e-05,9.95346338e-04,1.84715270e-06,2.95544433e-05,9.14908796e-12,1.55534495e-10,3.18229222e-21,5.72812600e-20,9.86344489e-05,1.67678563e-03,1.97251412e-10,3.55052542e-09,2.54782708e-04,4.58608875e-03,7.17618445e-05,1.43523689e-03
1.20281961e-01,4.17035291e-01,3.97236888e+03,3.51202543e-01,7.11858932e-01,7.11858932e-01,6.91446442e-02,2.76578577e-01,6.13991256e-10,7.36789508e-09,1.07358463e-16,1.39566001e-15,2.21097691e-09,2.87426998e-08,1.67051121e-10,2.33871570e-09,2.26407478e-15,3.39611218e-14,1.91668033e-04,2.68335246e-03,6.73143592e-05,1.00971539e-03,1.64646668e-06,2.63434669e-05,8.21829216e-12,1.39710967e-10,3.31090949e-21,5.95963708e-20,8.83973033e-05,1.50275416e-03,2.04994118e-10,3.68989413e-09,2.64275151e-04,4.75695272e-03,7.17618723e-05,1.43523745e-03
1.29652816e-01,4.16960227e-01,3.97022425e+03,3.56647089e-01,7.11847401e-01,7.11847401e-01,6.91456232e-02,2.76582493e-01,6.01706621e-10,7.22047945e-09,1.05467375e-16,1.37107587e-15,2.16732951e-09,2.81752836e-08,1.61138879e-10,2.25594431e-09,2.30408293e-15,3.45612440e-14,1.91734888e-04,2.68428843e-03,6.83817470e-05,1.02572620e-03,1.45709997e-06,2.33135996e-05,7.32242615e-12,1.24481245e-10,3.43446049e-21,6.18202888e-20,7.85674036e-05,1.33564586e-03,2.12387822e-10,3.82298080e-09,2.73240482e-04,4.91832867e-03,7.17618990e-05,1.43523798e-03
1.39753730e-01,4.16879330e-01,3.96791382e+03,3.62699045e-01,7.11836236e-01,7.11836236e-01,6.91467159e-02,2.76586864e-01,5.88751208e-10,7.06501450e-09,1.03467707e-16,1.34508020e-15,2.12128092e-09,2.75766519e-08,1.55525475e-10,2.17735665e-09,2.34854468e-15,3.52281703e-14,1.91804856e-04,2.68526799e-03,6.95674946e-05,1.04351242e-03,1.27876821e-06,2.04602913e-05,6.46766884e-12,1.09950370e-10,3.55207642e-21,6.39373755e-20,6.92121783e-05,1.17660703e-03,2.19376697e-10,3.94878054e-09,2.81602706e-04,5.06884870e-03,7.17619243e-05,1.43523849e-03
1.50641580e-01,4.16792147e-01,3.96542491e+03,3.69405083e-01,7.11825487e-01,7.11825487e-01,6.91479314e-02,2.76591726e-01,5.75157651e-10,6.90189181e-09,1.01364708e-16,1.31774120e-15,2.07294919e-09,2.69483394e-08,1.50250192e-10,2.10350268e-09,2.39783628e-15,3.59675442e-14,1.91877905e-04,2.68629068e-03,7.08807291e-05,1.06321094e-03,1.11179058e-06,1.77886493e-05,5.65965932e-12,9.62142084e-11,3.66295137e-21,6.59331246e-20,6.03925441e-05,1.02667325e-03,2.25908972e-10,4.06636150e-09,2.89291521e-04,5.20724737e-03,7.17619482e-05,1.43523896e-03
1.62377674e-01,4.16698193e-01,3.96274383e+03,3.76812657e-01,7.11815200e-01,7.11815200e-01,6.91492790e-02,2.76597116e-01,5.60949497e-10,6.73139397e-09,9.91618831e-17,1.28910448e-15,2.02241854e-09,2.62914410e-08,1.45347655e-10,2.03486717e-09,2.45235036e-15,3.67852555e-14,1.91953976e-04,2.68735566e-03,7.23307424e-05,1.08496114e-03,9.56736464e-07,1.53077834e-05,4.90335736e-12,8.33570751e-11,3.76636599e-21,6.77945878e-20,5.21613576e-05,8.86743079e-04,2.31938415e-10,4.17489147e-09,2.96244273e-04,5.33239691e-03,7.17619703e-05,1.43523941e-03
1.75028096e-01,4.16596943e-01,3.95985591e+03,3.84969741e-01,7.11805408e-01,7.11805408e-01,6.91507680e-02,2.76603072e-01,5.46146769e-10,6.55376123e-09,9.68619653e-17,1.25920555e-15,1.96975959e-09,2.56068746e-08,1.40846851e-10,1.97185592e-09,2.51249580e-15,3.76874371e-14,1.92032975e-04,2.68846166e-03,7.39269391e-05,1.10890409e-03,8.14196897e-07,1.30271504e-05,4.20289806e-12,7.14492671e-11,3.86171049e-21,6.95107889e-20,4.45618312e-05,7.57551130e-04,2.37425756e-10,4.27366361e-09,3.02407819e-04,5.44334075e-03,7.17619908e-05,1.43523982e-03
1.88664080e-01,4.16487833e-01,3.95674536e+03,3.93924588e-01,7.11796136e-01,7.11796136e-01,6.91524080e-02,2.76609632e-01,5.30770191e-10,6.36924230e-09,9.44676498e-17,1.22807945e-15,1.91504481e-09,2.48955825e-08,1.36770213e-10,1.91478298e-09,2.57869781e-15,3.86804672e-14,1.92114776e-04,2.68960686e-03,7.56787876e-05,1.13518181e-03,6.84645377e-07,1.09543260e-05,3.56145420e-12,6.05447213e-11,3.94850563e-21,7.10731013e-20,3.76260663e-05,6.39643127e-04,2.42339979e-10,4.36211962e-09,3.07740186e-04,5.53932335e-03,7.17620094e-05,1.43524019e-03
2.03362408e-01,4.16370254e-01,3.95339521e+03,4.03725520e-01,7.11787395e-01,7.11787395e-01,6.91542085e-02,2.76616834e-01,5.14844220e-10,6.17813064e-09,9.19821287e-17,1.19576767e-15,1.85835955e-09,2.41586741e-08,1.33132854e-10,1.86385995e-09,2.65139853e-15,3.97709780e-14,1.92199207e-04,2.69078889e-03,7.75957784e-05,1.16393668e-03,5.68358584e-07,9.09373734e-06,2.98111981e-12,5.06790369e-11,4.02642006e-21,7.24755610e-20,3.13738558e-05,5.33355548e-04,2.46659373e-10,4.43986872e-09,3.12211883e-04,5.61981389e-03,7.17620262e-05,1.43524052e-03
2.19205845e-01,4.16243552e-01,3.94978724e+03,4.14420790e-01,7.11779181e-01,7.11779181e-01,6.91561791e-02,2.76624716e-01,4.98399107e-10,5.98078928e-09,8.94094593e-17,1.16232297e-15,1.79980959e-09,2.33975246e-08,1.29942044e-10,1.81918862e-09,2.73105825e-15,4.09658738e-14,1.92286054e-04,2.69200476e-03,7.96873922e-05,1.19531088e-03,4.65376122e-07,7.44601795e-06,2.46282746e-12,4.18680668e-11,4.09528279e-21,7.37150903e-20,2.58118889e-05,4.38802112e-04,2.50372262e-10,4.50670072e-09,3.15806771e-04,5.68452189e-03,7.17620410e-05,1.43524082e-03
2.36283603e-01,4.16107022e-01,3.94590186e+03,4.26058500e-01,7.11771479e-01,7.11771479e-01,6.91583295e-02,2.76633318e-01,4.81472290e-10,5.77766748e-09,8.67548185e-17,1.12781264e-15,1.73952621e-09,2.26138407e-08,1.27196988e-10,1.78075783e-09,2.81815731e-15,4.22723597e-14,1.92375053e-04,2.69325075e-03,8.19630809e-05,1.22944621e-03,3.75486350e-07,6.00778161e-06,2.00630915e-12,3.41072555e-11,4.15508935e-21,7.47916083e-20,2.09334672e-05,3.55868942e-04,2.53477329e-10,4.56259192e-09,3.18522384e-04,5.73340292e-03,7.17620540e-05,1.43524108e-03
2.54691844e-01,4.15959905e-01,3.94171806e+03,4.38686600e-01,7.11764258e-01,7.11764258e-01,6.91606692e-02,2.76642677e-01,4.64109330e-10,5.56931196e-09,8.40246849e-17,1.09232090e-15,1.67766964e-09,2.18097054e-08,1.24888956e-10,1.74844539e-09,2.91319887e-15,4.36979830e-14,1.92465890e-04,2.69452245e-03,8.44322615e-05,1.26648392e-03,2.98231047e-07,4.77169676e-06,1.61010851e-12,2.73718446e-11,4.20600069e-21,7.57080124e-20,1.67188036e-05,2.84219660e-04,2.55983483e-10,4.60770270e-09,3.20369624e-04,5.76665322e-03,7.17620652e-05,1.43524130e-03
2.74534223e-01,4.15801385e-01,3.93721329e+03,4.52352969e-01,7.11757477e-01,7.11757477e-01,6.91632079e-02,2.76652832e-01,4.46364554e-10,5.35637465e-09,8.12269762e-17,1.05595069e-15,1.61443145e-09,2.09876089e-08,1.23001801e-10,1.72202522e-09,3.01671254e-15,4.52506881e-14,1.92558192e-04,2.69581469e-03,8.71043255e-05,1.30656488e-03,2.32924972e-07,3.72679955e-06,1.27164763e-12,2.16180097e-11,4.24833446e-21,7.64700203e-20,1.31359350e-05,2.23310895e-04,2.57909241e-10,4.64236633e-09,3.21371820e-04,5.78469276e-03,7.17620747e-05,1.43524149e-03
2.95922471e-01,4.15630583e-01,3.93236332e+03,4.67105557e-01,7.11751081e-01,7.11751081e-01,6.91659555e-02,2.76663822e-01,4.28301475e-10,5.13961770e-09,7.83711582e-17,1.01882506e-15,1.55003614e-09,2.01504698e-08,1.21512831e-10,1.70117964e-09,3.12925900e-15,4.69388850e-14,1.92651534e-04,2.69712148e-03,8.99886591e-05,1.34982989e-03,1.78687693e-07,2.85900308e-06,9.87347878e-13,1.67849139e-11,4.28254861e-21,7.70858749e-20,1.01422249e-05,1.72417823e-04,2.59281628e-10,4.66706931e-09,3.21563179e-04,5.78813722e-03,7.17620826e-05,1.43524165e-03
3.18977022e-01,4.15446553e-01,3.92714219e+03,4.82992590e-01,7.11745009e-01,7.11745009e-01,6.91689217e-02,2.76675687e-01,4.09993018e-10,4.91991622e-09,7.54683302e-17,9.81088292e-16,1.48474207e-09,1.93016469e-08,1.20394021e-10,1.68551629e-09,3.25143543e-15,4.87715314e-14,1.92745434e-04,2.69843608e-03,9.30946746e-05,1.39642012e-03,1.34485181e-07,2.15176289e-06,7.52799180e-13,1.27975861e-11,4.30921805e-21,7.75659250e-20,7.68638187e-06,1.30668492e-04,2.60134663e-10,4.68242394e-09,3.20986685e-04,5.77776032e-03,7.17620890e-05,1.43524178e-03
3.43827692e-01,4.15248277e-01,3.92152207e+03,5.00062793e-01,7.11739192e-01,7.11739192e-01,6.91721165e-02,2.76688466e-01,3.91521558e-10,4.69825870e-09,7.25312908e-17,9.42906780e-16,1.41884175e-09,1.84449428e-08,1.19613484e-10,1.67458878e-09,3.38388183e-15,5.07582275e-14,1.92839352e-04,2.69975093e-03,9.64318447e-05,1.44647767e-03,9.91783849e-08,1.58685416e-06,5.62968729e-13,9.57046839e-12,4.32900571e-21,7.79221028e-20,5.71087968e-06,9.70849545e-05,2.60507491e-10,4.68913484e-09,3.19691600e-04,5.75444880e-03,7.17620942e-05,1.43524188e-03
3.70614414e-01,4.15034660e-01,3.91547310e+03,5.18365604e-01,7.11733558e-01,7.11733558e-01,6.91755500e-02,2.76702200e-01,3.72978710e-10,4.47574452e-09,6.95745749e-17,9.04469474e-16,1.35266124e-09,1.75845961e-08,1.19137099e-10,1.66791938e-09,3.52728803e-15,5.29093204e-14,1.92932695e-04,2.70105774e-03,1.00009735e-04,1.50014602e-03,7.15749616e-08,1.14519939e-06,4.12433272e-13,7.01136563e-12,4.34262997e-21,7.81673395e-20,4.15459340e-06,7.06280878e-05,2.60442320e-10,4.68796176e-09,3.17730744e-04,5.71915338e-03,7.17620983e-05,1.43524197e-03
3.99488019e-01,4.14804523e-01,3.90896332e+03,5.37951336e-01,7.11728033e-01,7.11728033e-01,6.91792325e-02,2.76716930e-01,3.54464886e-10,4.25357863e-09,6.66144650e-17,8.65988044e-16,1.28655874e-09,1.67252636e-08,1.18930188e-10,1.66502263e-09,3.68240118e-15,5.52360177e-14,1.93024823e-04,2.70234752e-03,1.03838026e-04,1.55757038e-03,5.04807711e-08,8.07692338e-07,2.95620733e-13,5.02555247e-12,4.35083064e-21,7.83149514e-20,2.95548518e-06,5.02432480e-05,2.59982281e-10,4.67968106e-09,3.15157727e-04,5.67283909e-03,7.17621014e-05,1.43524203e-03
4.30611093e-01,4.14556600e-01,3.90195850e+03,5.58871248e-01,7.11722545e-01,7.11722545e-01,6.91831746e-02,2.76732698e-01,3.36088565e-10,4.03306278e-09,6.36689684e-17,8.27696589e-16,1.22092223e-09,1.58719890e-08,1.18959128e-10,1.66542779e-09,3.85003377e-15,5.77505065e-14,1.93115050e-04,2.70361069e-03,1.07926515e-04,1.61889773e-03,3.47470373e-08,5.55952596e-07,2.07041721e-13,3.51970926e-12,4.35433608e-21,7.83780494e-20,2.05312434e-06,3.49031137e-05,2.59169390e-10,4.66504902e-09,3.12024386e-04,5.61643895e-03,7.17621037e-05,1.43524207e-03
4.64158883e-01,4.14289527e-01,3.89442201e+03,5.81177464e-01,7.11717028e-01,7.11717028e-01,6.91873869e-02,2.76749548e-01,3.17965267e-10,3.81558321e-09,6.07577598e-17,7.89850878e-16,1.15616600e-09,1.50301579e-08,1.19192765e-10,1.66869872e-09,4.03107176e-15,6.04660764e-14,1.93202654e-04,2.70483716e-03,1.12285098e-04,1.68427647e-03,2.33099488e-08,3.72959180e-07,1.41494823e-13,2.40541199e-12,4.35383382e-21,7.83690088e-20,1.39086780e-06,2.36447526e-05,2.58042746e-10,4.64476943e-09,3.08378579e-04,5.55081442e-03,7.17621054e-05,1.43524211e-03
5.00320295e-01,4.14001841e-01,3.88631467e+03,6.04922729e-01,7.11711418e-01,7.11711418e-01,6.91918803e-02,2.76767521e-01,3.00216223e-10,3.60259467e-09,5.79020874e-17,7.52727136e-16,1.09272613e-09,1.42054396e-08,1.19603563e-10,1.67444988e-09,4.22648298e-15,6.33972447e-14,1.93286892e-04,2.70601649e-03,1.16923707e-04,1.75385560e-03,1.52202853e-08,2.43524565e-07,9.42320322e-14,1.60194455e-12,4.34994658e-21,7.82990385e-20,9.17560433e-07,1.55985274e-05,2.56637092e-10,4.61946766e-09,3.04262510e-04,5.47672519e-03,7.17621067e-05,1.43524213e-03
5.39298949e-01,4.13691965e-01,3.87759462e+03,6.30159942e-01,7.11705660e-01,7.11705660e-01,6.91966655e-02,2.76786662e-01,2.82966746e-10,3.39560095e-09,5.51246433e-17,7.16620362e-16,1.03105498e-09,1.34037147e-08,1.20168409e-10,1.68235773e-09,4.43732565e-15,6.65598847e-14,1.93367006e-04,2.70713809e-03,1.21852217e-04,1.82778326e-03,9.66171844e-09,1.54587495e-07,6.10749328e-14,1.03827386e-12,4.34321510e-21,7.81778718e-20,5.88666903e-07,1.00073373e-05,2.54981815e-10,4.58967268e-09,2.99711678e-04,5.39481020e-03,7.17621075e-05,1.43524215e-03
5.81314328e-01,4.13358208e-01,3.86821711e+03,6.56941477e-01,7.11699706e-01,7.11699706e-01,6.92017532e-02,2.76807013e-01,2.66344342e-10,3.19613211e-09,5.24494036e-17,6.81842247e-16,9.71614676e-10,1.26309908e-08,1.20869076e-10,1.69216707e-09,4.66475704e-15,6.99713556e-14,1.93442242e-04,2.70819139e-03,1.27080312e-04,1.90620468e-03,5.95777647e-09,9.53244235e-08,3.84781313e-14,6.54128233e-13,4.33408838e-21,7.80135908e-20,3.66813885e-07,6.23583604e-06,2.53100423e-10,4.55580761e-09,2.94754453e-04,5.30558016e-03,7.17621081e-05,1.43524216e-03
6.26603016e-01,4.12998749e-01,3.85813443e+03,6.85318257e-01,7.11693517e-01,7.11693517e-01,6.92071538e-02,2.76828615e-01,2.50476585e-10,3.00571903e-09,4.99014436e-17,6.48718767e-16,9.14869784e-10,1.18933072e-08,1.21692343e-10,1.70369280e-09,4.91004264e-15,7.36506396e-14,1.93511865e-04,2.70916611e-03,1.32617298e-04,1.98925946e-03,3.56863172e-09,5.70981075e-08,2.35421133e-14,4.00215925e-13,4.32292107e-21,7.78125793e-20,2.21783961e-07,3.77032734e-06,2.51010464e-10,4.51818834e-09,2.89412271e-04,5.20942088e-03,7.17621085e-05,1.43524217e-03
6.75420029e-01,4.12611637e-01,3.84729565e+03,7.15338600e-01,7.11687058e-01,7.11687058e-01,6.92128771e-02,2.76851508e-01,2.35488846e-10,2.82586615e-09,4.75067410e-17,6.17587633e-16,8.61279462e-10,1.11966330e-08,1.22629836e-10,1.71681770e-09,5.17456583e-15,7.76184875e-14,1.93575179e-04,2.71005251e-03,1.38471885e-04,2.07707828e-03,2.07982346e-09,3.32771753e-08,1.39828453e-14,2.37708371e-13,4.30997704e-21,7.75795868e-20,1.30056437e-07,2.21095943e-06,2.48723839e-10,4.47702910e-09,2.83700318e-04,5.10660572e-03,7.17621087e-05,1.43524217e-03
7.28040247e-01,4.12194771e-01,3.83564656e+03,7.47046850e-01,7.11680305e-01,7.11680305e-01,6.92189322e-02,2.76875729e-01,2.21501945e-10,2.65802334e-09,4.52919810e-17,5.88795753e-16,8.11289337e-10,1.05467614e-08,1.23677677e-10,1.73148747e-09,5.45983864e-15,8.18975795e-14,1.93631546e-04,2.71084164e-03,1.44651929e-04,2.16977893e-03,1.18554403e-09,1.89687045e-08,8.06889965e-15,1.37171294e-13,4.29543768e-21,7.73178782e-20,7.40235146e-08,1.25839975e-06,2.46247403e-10,4.43245325e-09,2.77628588e-04,4.99731458e-03,7.17621089e-05,1.43524218e-03
7.84759970e-01,4.11745901e-01,3.82312941e+03,7.80481787e-01,7.11673235e-01,7.11673235e-01,6.92253269e-02,2.76901308e-01,2.08629848e-10,2.50355817e-09,4.32843858e-17,5.62697015e-16,7.65323504e-10,9.94920555e-09,1.24836009e-10,1.74770412e-09,5.76751384e-15,8.65127076e-14,1.93680405e-04,2.71152567e-03,1.51164126e-04,2.26746189e-03,6.69228463e-10,1.07076554e-08,4.53855748e-15,7.71554772e-14,4.27941316e-21,7.70294369e-20,4.10228884e-08,6.97389103e-07,2.43583741e-10,4.38450734e-09,2.71203164e-04,4.88165696e-03,7.17621090e-05,1.43524218e-03
8.45898580e-01,4.11262608e-01,3.80968283e+03,8.15674872e-01,7.11665834e-01,7.11665834e-01,6.92320678e-02,2.76928271e-01,1.96977518e-10,2.36373022e-09,4.15115899e-17,5.39650668e-16,7.23777081e-10,9.40910205e-09,1.26108499e-10,1.76551898e-09,6.09939908e-15,9.14909862e-14,1.93721296e-04,2.71209815e-03,1.58013696e-04,2.37020544e-03,3.83888165e-10,6.14221063e-09,2.50904312e-15,4.26537330e-14,4.26195509e-21,7.67151916e-20,2.23186261e-08,3.79416644e-07,2.40732028e-10,4.33317650e-09,2.64427580e-04,4.75969644e-03,7.17621091e-05,1.43524218e-03
9.11800339e-01,4.10742297e-01,3.79524162e+03,8.52648304e-01,7.11658090e-01,7.11658090e-01,6.92391596e-02,2.76956638e-01,1.86639057e-10,2.23966869e-09,4.00015934e-17,5.20020715e-16,6.87009786e-10,8.93112721e-09,1.27501880e-10,1.78502632e-09,6.45747336e-15,9.68621004e-14,1.93753875e-04,2.71255425e-03,1.65204022e-04,2.47806033e-03,2.34054204e-10,3.74486726e-09,1.38811917e-15,2.35980260e-14,4.24306882e-21,7.63752387e-20,1.21365829e-08,2.06321909e-07,2.37688868e-10,4.27839963e-09,2.57304149e-04,4.63147467e-03,7.17621092e-05,1.43524218e-03
9.82836333e-01,4.10182188e-01,3.77973663e+03,8.91412949e-01,7.11649997e-01,7.11649997e-01,6.92466049e-02,2.76986419e-01,1.77696263e-10,2.13235515e-09,3.87828248e-17,5.04176722e-16,6.55340993e-10,8.51943290e-09,1.29025591e-10,1.80635828e-09,6.84390677e-15,1.02658602e-13,1.93777936e-04,2.71289111e-03,1.72736277e-04,2.59104415e-03,1.60488223e-10,2.56781157e-09,7.95336974e-16,1.35207286e-14,4.22272469e-21,7.60090445e-20,6.82573183e-09,1.16037441e-07,2.34449064e-10,4.22008316e-09,2.49835187e-04,4.49703337e-03,7.17621093e-05,1.43524219e-03
1.05940656e+00,4.09579298e-01,3.76309461e+03,9.31966138e-01,7.11641550e-01,7.11641550e-01,6.92544036e-02,2.77017614e-01,1.70217723e-10,2.04261268e-09,3.78843506e-17,4.92496557e-16,6.29046732e-10,8.17760751e-09,1.30691540e-10,1.82968156e-09,7.26108399e-15,1.08916260e-13,1.93793424e-04,2.71310793e-03,1.80609030e-04,2.70913546e-03,1.28137793e-10,2.05020469e-09,4.97017967e-16,8.44930544e-15,4.20086733e-21,7.56156120e-20,4.18091463e-09,7.10755486e-08,2.31006273e-10,4.15811292e-09,2.42024096e-04,4.35643373e-03,7.17621094e-05,1.43524219e-03
1.14194217e+00,4.08930430e-01,3.74523811e+03,9.74289368e-01,7.11632747e-01,7.11632747e-01,6.92625530e-02,2.77050212e-01,1.64258558e-10,1.97110270e-09,3.73362754e-17,4.85371580e-16,6.08359020e-10,7.90866726e-09,1.32514000e-10,1.85519601e-09,7.71163257e-15,1.15674489e-13,1.93800448e-04,2.71320627e-03,1.88817845e-04,2.83226767e-03,1.17265518e-10,1.87624829e-09,3.56141072e-16,6.05439822e-15,4.17742295e-21,7.51936131e-20,2.93186843e-09,4.98417632e-08,2.27353548e-10,4.09236387e-09,2.33876278e-04,4.20977300e-03,7.17621095e-05,1.43524219e-03
1.23090791e+00,4.08232162e-01,3.72608534e+03,1.01834595e+00,7.11623593e-01,7.11623593e-01,6.92710467e-02,2.77084187e-01,1.59860878e-10,1.91833053e-09,3.71703761e-17,4.83214889e-16,5.93467820e-10,7.71508166e-09,1.34509647e-10,1.88313506e-09,8.19845706e-15,1.22976856e-13,1.93799292e-04,2.71319008e-03,1.97354860e-04,2.96032290e-03,1.17324922e-10,1.87719876e-09,2.96141117e-16,5.03439898e-15,4.15230474e-21,7.47414853e-20,2.38182843e-09,4.04910833e-08,2.23483773e-10,4.02270792e-09,2.25399910e-04,4.05719837e-03,7.17621096e-05,1.43524219e-03
1.32680475e+00,4.07480829e-01,3.70555010e+03,1.06407861e+00,7.11614092e-01,7.11614092e-01,6.92798749e-02,2.77119500e-01,1.57055007e-10,1.88466009e-09,3.74210248e-17,4.86473322e-16,5.84525866e-10,7.59883625e-09,1.36697717e-10,1.91376804e-09,8.72478012e-15,1.30871702e-13,1.93790419e-04,2.71306586e-03,2.06208384e-04,3.09312576e-03,1.22992617e-10,1.96788188e-09,2.76345338e-16,4.69787075e-15,4.12541669e-21,7.42575004e-20,2.16750915e-09,3.68476556e-08,2.19390012e-10,3.94902022e-09,2.16606597e-04,3.89891875e-03,7.17621098e-05,1.43524220e-03
1.43017266e+00,4.06672510e-01,3.68354173e+03,1.11140717e+00,7.11604253e-01,7.11604253e-01,6.92890234e-02,2.77156094e-01,1.55861495e-10,1.87033794e-09,3.81264585e-17,4.95643960e-16,5.81656387e-10,7.56153303e-09,1.39100287e-10,1.94740402e-09,9.29419256e-15,1.39412888e-13,1.93774472e-04,2.71284261e-03,2.15362493e-04,3.23043739e-03,1.31754322e-10,2.10806916e-09,2.76300716e-16,4.69711217e-15,4.09665621e-21,7.37398117e-20,2.10928255e-09,3.58578034e-08,2.15065800e-10,3.87118440e-09,2.07511919e-04,3.73521455e-03,7.17621099e-05,1.43524220e-03
1.54159369e+00,4.05803012e-01,3.65996511e+03,1.16022632e+00,7.11594090e-01,7.11594090e-01,6.92984739e-02,2.77193896e-01,1.56293867e-10,1.87552640e-09,3.93304701e-17,5.11296111e-16,5.84963749e-10,7.60452874e-09,1.41742671e-10,1.98439739e-09,9.91071423e-15,1.48660713e-13,1.93752274e-04,2.71253184e-03,2.24796652e-04,3.37194978e-03,1.42525824e-10,2.28041319e-09,2.86367078e-16,4.86824032e-15,4.06591592e-21,7.31864866e-20,2.12325288e-09,3.60952990e-08,2.10505394e-10,3.78909710e-09,1.98135890e-04,3.56644602e-03,7.17621101e-05,1.43524220e-03
1.66169525e+00,4.04867857e-01,3.63472067e+03,1.21040355e+00,7.11583619e-01,7.11583619e-01,6.93082030e-02,2.77232812e-01,1.58362084e-10,1.90034501e-09,4.10846118e-17,5.34099953e-16,5.94546849e-10,7.72910904e-09,1.44653924e-10,2.02515494e-09,1.05788684e-14,1.58683027e-13,1.93724817e-04,2.71214744e-03,2.34485381e-04,3.51728072e-03,1.54913568e-10,2.47861709e-09,3.02408042e-16,5.14093671e-15,4.03308505e-21,7.25955308e-20,2.17274791e-09,3.69367145e-08,2.05704014e-10,3.70267225e-09,1.88503343e-04,3.39306018e-03,7.17621103e-05,1.43524221e-03
1.79115361e+00,4.03862258e-01,3.60770447e+03,1.26177747e+00,7.11572861e-01,7.11572861e-01,6.93181826e-02,2.77272730e-01,1.62076631e-10,1.94491958e-09,4.34510306e-17,5.64863398e-16,6.10515091e-10,7.93669619e-09,1.47867485e-10,2.07014480e-09,1.13037736e-14,1.69556604e-13,1.93693256e-04,2.71170559e-03,2.44397974e-04,3.66596961e-03,1.68842851e-10,2.70148561e-09,3.22977708e-16,5.49062103e-15,3.99805052e-21,7.19649093e-20,2.24316459e-09,3.81337980e-08,2.00658074e-10,3.61184533e-09,1.78644235e-04,3.21559622e-03,7.17621105e-05,1.43524221e-03
1.93069773e+00,4.02781113e-01,3.57880834e+03,1.31415648e+00,7.11561844e-01,7.11561844e-01,6.93283792e-02,2.77313517e-01,1.67453150e-10,2.00943780e-09,4.65061013e-17,6.04579317e-16,6.33006749e-10,8.22908774e-09,1.51421955e-10,2.11990737e-09,1.20912559e-14,1.81368839e-13,1.93658898e-04,2.71122457e-03,2.54498293e-04,3.81747440e-03,1.84382815e-10,2.95012504e-09,3.47927605e-16,5.91476929e-15,3.96069812e-21,7.12925661e-20,2.32971599e-09,3.96051719e-08,1.95365420e-10,3.51657757e-09,1.68593854e-04,3.03468937e-03,7.17621108e-05,1.43524222e-03
2.08111337e+00,4.01618980e-01,3.54792013e+03,1.36731803e+00,7.11550596e-01,7.11550596e-01,6.93387541e-02,2.77355017e-01,1.74517567e-10,2.09421080e-09,5.03450831e-17,6.54486080e-16,6.62209588e-10,8.60872464e-09,1.55362057e-10,2.17506880e-09,1.29479900e-14,1.94219850e-13,1.93623182e-04,2.71072454e-03,2.64744679e-04,3.97117019e-03,2.01669733e-10,3.22671573e-09,3.77771964e-16,6.42212339e-15,3.92091364e-21,7.05764456e-20,2.43183235e-09,4.13411499e-08,1.89825582e-10,3.41686048e-09,1.58392929e-04,2.85107272e-03,7.17621112e-05,1.43524222e-03
2.24324750e+00,4.00370064e-01,3.51492398e+03,1.42100863e+00,7.11539153e-01,7.11539153e-01,6.93492636e-02,2.77397054e-01,1.83311685e-10,2.19974021e-09,5.50881190e-17,7.16145547e-16,6.98383750e-10,9.07898875e-09,1.59739814e-10,2.23635739e-09,1.38816728e-14,2.08225092e-13,1.93587669e-04,2.71022736e-03,2.75089974e-04,4.12634961e-03,2.20876174e-10,3.53401878e-09,4.13436033e-16,7.02841257e-15,3.87858438e-21,6.98145188e-20,2.55076880e-09,4.33630695e-08,1.84040027e-10,3.31272049e-09,1.48087600e-04,2.66557680e-03,7.17621115e-05,1.43524223e-03
2.41801308e+00,3.99028196e-01,3.47970077e+03,1.47494464e+00,7.11527555e-01,7.11527555e-01,6.93598588e-02,2.77439435e-01,1.93899261e-10,2.32679113e-09,6.08880348e-17,7.91544452e-16,7.41887158e-10,9.64453306e-09,1.64615995e-10,2.30462393e-09,1.49012421e-14,2.23518632e-13,1.93554023e-04,2.70975633e-03,2.85481713e-04,4.28222570e-03,2.42200357e-10,3.87520570e-09,4.56192126e-16,7.75526614e-15,3.83360070e-21,6.90048126e-20,2.68866167e-09,4.57072484e-08,1.78012428e-10,3.20422370e-09,1.37729238e-04,2.47912629e-03,7.17621120e-05,1.43524224e-03
2.60639420e+00,3.97586823e-01,3.44212860e+03,1.52881418e+00,7.11515844e-01,7.11515844e-01,6.93704863e-02,2.77481945e-01,2.06372705e-10,2.47647246e-09,6.79405833e-17,8.83227583e-16,7.93204024e-10,1.03116523e-08,1.70061916e-10,2.38086683e-09,1.60171510e-14,2.40257266e-13,1.93523995e-04,2.70933593e-03,2.95862487e-04,4.43793731e-03,2.65864046e-10,4.25382473e-09,5.07691116e-16,8.63074896e-15,3.78585807e-21,6.81454452e-20,2.84820008e-09,4.84194014e-08,1.71748927e-10,3.09148069e-09,1.27374087e-04,2.29273357e-03,7.17621125e-05,1.43524225e-03
2.80945159e+00,3.96038986e-01,3.40208348e+03,1.58228005e+00,7.11504068e-01,7.11504068e-01,6.93810888e-02,2.77524355e-01,2.20860593e-10,2.65032712e-09,7.64980655e-17,9.94474852e-16,8.52977426e-10,1.10887065e-08,1.76161673e-10,2.46626342e-09,1.72417143e-14,2.58625714e-13,1.93499400e-04,2.70899160e-03,3.06170519e-04,4.59255778e-03,2.92114183e-10,4.67382693e-09,5.70052168e-16,9.69088685e-15,3.73525931e-21,6.72346676e-20,3.03254592e-09,5.15532806e-08,1.65258406e-10,2.97465131e-09,1.17082698e-04,2.10748856e-03,7.17621131e-05,1.43524226e-03
3.02832867e+00,3.94377310e-01,3.35944013e+03,1.63498404e+00,7.11492276e-01,7.11492276e-01,6.93916055e-02,2.77566422e-01,2.37536359e-10,2.85043631e-09,8.68876675e-17,1.12953968e-15,9.22047505e-10,1.19866176e-08,1.83014946e-10,2.56220925e-09,1.85895478e-14,2.78843217e-13,1.93482105e-04,2.70874947e-03,3.16340453e-04,4.74510679e-03,3.21226546e-10,5.13962473e-09,6.46002320e-16,1.09820394e-14,3.68171734e-21,6.62709122e-20,3.24535390e-09,5.51710163e-08,1.58552735e-10,2.85394924e-09,1.06919147e-04,1.92454465e-03,7.17621137e-05,1.43524227e-03
3.26425788e+00,3.92593983e-01,3.31407295e+03,1.68655249e+00,7.11480519e-01,7.11480519e-01,6.94019737e-02,2.77607895e-01,2.56628674e-10,3.07954408e-09,9.95364575e-17,1.29397395e-15,1.00149747e-09,1.30194671e-08,1.90740548e-10,2.67036767e-09,2.00781292e-14,3.01171938e-13,1.93474007e-04,2.70863609e-03,3.26304390e-04,4.89456585e-03,3.53511031e-10,5.65617650e-09,7.39073300e-16,1.25642461e-14,3.62515830e-21,6.52528493e-20,3.49083598e-09,5.93442116e-08,1.51647010e-10,2.72964618e-09,9.69500211e-05,1.74510038e-03,7.17621145e-05,1.43524229e-03
3.51856773e+00,3.90680752e-01,3.26585719e+03,1.73660323e+00,7.11468851e-01,7.11468851e-01,6.94121296e-02,2.77648518e-01,2.78434221e-10,3.34121065e-09,1.15005890e-16,1.49507657e-15,1.09271048e-09,1.42052363e-08,1.99480920e-10,2.79273288e-09,2.17285167e-14,3.25927751e-13,1.93477012e-04,2.70867817e-03,3.35993151e-04,5.03989726e-03,3.89318757e-10,6.22910011e-09,8.53874276e-16,1.45158627e-14,3.56552511e-21,6.41794520e-20,3.77385292e-09,6.41554997e-08,1.44559747e-10,2.60207545e-09,8.72431653e-05,1.57037697e-03,7.17621153e-05,1.43524231e-03
3.79269019e+00,3.88628906e-01,3.21467036e+03,1.78475378e+00,7.11457320e-01,7.11457320e-01,6.94220099e-02,2.77688040e-01,3.03333856e-10,3.64000627e-09,1.34040013e-16,1.74252016e-15,1.19744148e-09,1.55667393e-08,2.09407906e-10,2.93171068e-09,2.35662760e-14,3.53494140e-13,1.93493016e-04,2.70890223e-03,3.45337767e-04,5.18006650e-03,4.29051442e-10,6.86482308e-09,9.96470739e-16,1.69400026e-14,3.50278165e-21,6.30500698e-20,4.10003037e-09,6.97005163e-08,1.37313043e-10,2.47163477e-09,7.78662119e-05,1.40159181e-03,7.17621163e-05,1.43524233e-03
4.08816882e+00,3.86429273e-01,3.16039379e+03,1.83063070e+00,7.11445975e-01,7.11445975e-01,6.94315537e-02,2.77726215e-01,3.31813469e-10,3.98176163e-09,1.57633654e-16,2.04923751e-15,1.31790966e-09,1.71328256e-08,2.20730191e-10,3.09022268e-09,2.56226832e-14,3.84340248e-13,1.93523884e-04,2.70933437e-03,3.54271167e-04,5.31406751e-03,4.73173783e-10,7.57078053e-09,1.17491487e-15,1.99735528e-14,3.43691734e-21,6.18645121e-20,4.47590273e-09,7.60903464e-08,1.29932666e-10,2.33878799e-09,6.88849127e-05,1.23992843e-03,7.17621174e-05,1.43524235e-03
4.40666743e+00,3.84072213e-01,3.10291450e+03,1.87387980e+00,7.11434860e-01,7.11434860e-01,6.94407039e-02,2.77762815e-01,3.64491358e-10,4.37389629e-09,1.87130051e-16,2.43269066e-15,1.45691903e-09,1.89399474e-08,2.33702996e-10,3.27184195e-09,2.79362973e-14,4.19044460e-13,1.93571422e-04,2.70999991e-03,3.62730015e-04,5.44095023e-03,5.22229741e-10,8.35567585e-09,1.39999465e-15,2.37999091e-14,3.36795234e-21,6.06231421e-20,4.90909138e-09,8.34545534e-08,1.22448077e-10,2.20406539e-09,6.03613213e-05,1.08650378e-03,7.17621187e-05,1.43524237e-03
4.74997943e+00,3.81547619e-01,3.04212733e+03,1.91417685e+00,7.11424012e-01,7.11424012e-01,6.94494092e-02,2.77797637e-01,4.02154590e-10,4.82585509e-09,2.24362396e-16,2.91671115e-15,1.61801737e-09,2.10342258e-08,2.48640794e-10,3.48097112e-09,3.05550302e-14,4.58325453e-13,1.93637361e-04,2.71092306e-03,3.70656629e-04,5.55984944e-03,5.76863982e-10,9.22982371e-09,1.68630222e-15,2.86671377e-14,3.29594340e-21,5.93269813e-20,5.40852578e-09,9.19449383e-08,1.14892361e-10,2.06806249e-09,5.23518910e-05,9.42334039e-04,7.17621200e-05,1.43524240e-03
5.12003798e+00,3.78844921e-01,2.97793732e+03,1.95123833e+00,7.11413459e-01,7.11413459e-01,6.94576262e-02,2.77830505e-01,4.45807808e-10,5.34969370e-09,2.71861737e-16,3.53420259e-15,1.80570779e-09,2.34742013e-08,2.65934165e-10,3.72307832e-09,3.35388935e-14,5.03083402e-13,1.93723330e-04,2.71212661e-03,3.78000904e-04,5.67001356e-03,6.37850068e-10,1.02056011e-08,2.05377234e-15,3.49141298e-14,3.22099030e-21,5.79778255e-20,5.98471849e-09,1.01740214e-07,1.07302045e-10,1.93143681e-09,4.49055723e-05,8.08300302e-04,7.17621216e-05,1.43524243e-03
5.51892683e+00,3.75953099e-01,2.91026243e+03,1.98483158e+00,7.11403221e-01,7.11403221e-01,6.94653211e-02,2.77861284e-01,4.96739305e-10,5.96087166e-09,3.33166448e-16,4.33116382e-15,2.02573237e-09,2.63345208e-08,2.86072348e-10,4.00501288e-09,3.69636777e-14,5.54455166e-13,1.93830833e-04,2.71363166e-03,3.84722126e-04,5.77083189e-03,7.06127542e-10,1.12980407e-08,2.52992046e-15,4.30086479e-14,3.14324298e-21,5.65783737e-20,6.65010752e-09,1.13051828e-07,9.97168124e-11,1.79490262e-09,3.80620098e-05,6.85116177e-04,7.17621233e-05,1.43524247e-03
5.94889208e+00,3.72860698e-01,2.83903647e+03,2.01478376e+00,7.11393303e-01,7.11393303e-01,6.94724711e-02,2.77889884e-01,5.56611304e-10,6.67933564e-09,4.13289413e-16,5.37276237e-15,2.28545553e-09,2.97109219e-08,3.09673726e-10,4.33543217e-09,4.09259252e-14,6.13888879e-13,1.93961237e-04,2.71545732e-03,3.90790575e-04,5.86185862e-03,7.82850763e-10,1.25256122e-08,3.15313126e-15,5.36032314e-14,3.06290955e-21,5.51323719e-20,7.41948231e-09,1.26131199e-07,9.21790723e-11,1.65922330e-09,3.18499546e-05,5.73299182e-04,7.17621252e-05,1.43524250e-03
6.41235480e+00,3.69555857e-01,2.76421243e+03,2.04098890e+00,7.11383700e-01,7.11383700e-01,6.94790657e-02,2.77916263e-01,6.27584389e-10,7.53101267e-09,5.19433759e-16,6.75263887e-15,2.59438619e-09,3.37270205e-08,3.37527502e-10,4.72538503e-09,4.55497215e-14,6.83245822e-13,1.94115749e-04,2.71762049e-03,3.96188778e-04,5.94283167e-03,8.69453364e-10,1.39112538e-08,3.97754030e-15,6.76181851e-14,2.98026527e-21,5.36447748e-20,8.31051250e-09,1.41278713e-07,8.47334065e-11,1.52520132e-09,2.62860094e-05,4.73148170e-04,7.17621273e-05,1.43524255e-03
6.91192469e+00,3.66026341e-01,2.68576598e+03,2.06341236e+00,7.11374390e-01,7.11374390e-01,6.94851078e-02,2.77940431e-01,7.12490673e-10,8.54988808e-09,6.62106404e-16,8.60738325e-15,2.96489475e-09,3.85436317e-08,3.70651339e-10,5.18911875e-09,5.09960741e-14,7.64941112e-13,1.94295413e-04,2.72013578e-03,4.00912322e-04,6.01368483e-03,9.67733646e-10,1.54837383e-08,5.08035418e-15,8.63660210e-14,2.89566296e-21,5.21219332e-20,9.34440123e-09,1.58854821e-07,7.74258771e-11,1.39366579e-09,2.13738232e-05,3.84728818e-04,7.17621296e-05,1.43524259e-03
7.45041477e+00,3.62259591e-01,2.60369929e+03,2.08209228e+00,7.11365340e-01,7.11365340e-01,6.94906136e-02,2.77962454e-01,8.15077202e-10,9.78092642e-09,8.56878932e-16,1.11394261e-14,3.41320616e-09,4.43716800e-08,4.10372090e-10,5.74520926e-09,5.74760187e-14,8.62140280e-13,1.94501103e-04,2.72301545e-03,4.04970099e-04,6.07455149e-03,1.07996828e-09,1.72794926e-08,6.57293711e-15,1.11739931e-13,2.80954540e-21,5.05718171e-20,1.05466861e-08,1.79293664e-07,7.03032102e-11,1.26545778e-09,1.71038315e-05,3.07868967e-04,7.17621321e-05,1.43524264e-03
8.03085722e+00,3.58242783e-01,2.51804505e+03,2.09713744e+00,7.11356500e-01,7.11356500e-01,6.94956124e-02,2.77982450e-01,9.40351765e-10,1.12842212e-08,1.12722011e-15,1.46538615e-14,3.96078822e-09,5.14902469e-08,4.58440384e-10,6.41816537e-09,6.52691658e-14,9.79037487e-13,1.94733531e-04,2.72626944e-03,4.08383941e-04,6.12575911e-03,1.20906470e-09,1.93450352e-08,8.61776561e-15,1.46502015e-13,2.72246090e-21,4.90042963e-20,1.19482102e-08,2.03119573e-07,6.34118733e-11,1.14141372e-09,1.34536143e-05,2.42165058e-04,7.17621348e-05,1.43524270e-03
8.65652043e+00,3.53962901e-01,2.42887062e+03,2.10872165e+00,7.11347808e-01,7.11347808e-01,6.95001456e-02,2.78000582e-01,1.09507975e-09,1.31409570e-08,1.50913522e-15,1.96187579e-14,4.63631182e-09,6.02720536e-08,5.17195614e-10,7.24073859e-09,7.47503068e-14,1.12125460e-12,1.94993256e-04,2.72990558e-03,4.11187590e-04,6.16781385e-03,1.35876677e-09,2.17402683e-08,1.14545996e-14,1.94728194e-13,2.63508400e-21,4.74315120e-20,1.35862781e-08,2.30966728e-07,5.67970730e-11,1.02234731e-09,1.03888974e-05,1.87000154e-04,7.17621378e-05,1.43524276e-03
9.33092744e+00,3.49406827e-01,2.33628224e+03,2.11707461e+00,7.11339190e-01,7.11339190e-01,6.95042654e-02,2.78017061e-01,1.28850639e-09,1.54620767e-08,2.05891103e-15,2.67658434e-14,5.47844843e-09,7.12198296e-08,5.89807174e-10,8.25730043e-09,8.64281328e-14,1.29642199e-12,1.95280700e-04,2.73392980e-03,4.13425060e-04,6.20137590e-03,1.53393488e-09,2.45429581e-08,1.54412365e-14,2.62501021e-13,2.54824447e-21,4.58684005e-20,1.55059989e-08,2.63601981e-07,5.05017176e-11,9.09030916e-10,7.86517404e-06,1.41573133e-04,7.17621409e-05,1.43524282e-03
1.00578757e+01,3.44561456e-01,2.24042921e+03,2.12246991e+00,7.11330560e-01,7.11330560e-01,6.95080322e-02,2.78032129e-01,1.53341953e-09,1.84010343e-08,2.86630965e-15,3.72620254e-14,6.53990932e-09,8.50188212e-08,6.80633022e-10,9.52886231e-09,1.01002454e-13,1.51503680e-12,1.95596178e-04,2.73834649e-03,4.15148445e-04,6.22722668e-03,1.74093061e-09,2.78548898e-08,2.11174944e-14,3.58997404e-13,2.46297032e-21,4.43334658e-20,1.77617819e-08,3.01950292e-07,4.45653936e-11,8.02177084e-10,5.82986471e-06,1.04937565e-04,7.17621443e-05,1.43524289e-03
1.08414587e+01,3.39413815e-01,2.14150796e+03,2.12521090e+00,7.11321827e-01,7.11321827e-01,6.95115125e-02,2.78046050e-01,1.84773305e-09,2.21727966e-08,4.07753345e-15,5.30079348e-14,7.89335132e-09,1.02613567e-07,7.95762175e-10,1.11406705e-08,1.19450150e-13,1.79175226e-12,1.95939912e-04,2.74315877e-03,4.16415328e-04,6.24622992e-03,1.98814982e-09,3.18103971e-08,2.93064204e-14,4.98209147e-13,2.38055447e-21,4.28499804e-20,2.04188972e-08,3.47121253e-07,3.90234288e-11,7.02421719e-10,4.22487918e-06,7.60478253e-05,7.17621478e-05,1.43524296e-03
1.16860886e+01,3.33951227e-01,2.03976566e+03,2.12561554e+00,7.11312892e-01,7.11312892e-01,6.95147764e-02,2.78059105e-01,2.25687646e-09,2.70825176e-08,5.93612607e-15,7.71696389e-14,9.64013131e-09,1.25321707e-07,9.43851278e-10,1.32139179e-08,1.43156558e-13,2.14734837e-12,1.96312062e-04,2.74836886e-03,4.17285975e-04,6.25928963e-03,2.28676790e-09,3.65882864e-08,4.12754959e-14,7.01683430e-13,2.30266104e-21,4.14478986e-20,2.35549129e-08,4.00433519e-07,3.39061085e-11,6.10309953e-10,2.98939418e-06,5.38090952e-05,7.17621516e-05,1.43524303e-03
1.25965213e+01,3.28161477e-01,1.93550341e+03,2.12400139e+00,7.11303657e-01,7.11303657e-01,6.95178942e-02,2.78071577e-01,2.79744831e-09,3.35693797e-08,8.85763301e-15,1.15149229e-13,1.19234802e-08,1.55005243e-07,1.13744153e-09,1.59241814e-08,1.74120053e-13,2.61180080e-12,1.96712733e-04,2.75397827e-03,4.17820535e-04,6.26730802e-03,2.65178972e-09,4.24286356e-08,5.89950777e-14,1.00291632e-12,2.23149946e-21,4.01669903e-20,2.72606605e-08,4.63431229e-07,2.92381276e-11,5.26286297e-10,2.06263376e-06,3.71274076e-05,7.17621555e-05,1.43524311e-03
1.35778836e+01,3.22033025e-01,1.82907866e+03,2.12067207e+00,7.11294018e-01,7.11294018e-01,6.95209346e-02,2.78083738e-01,3.52287620e-09,4.22745144e-08,1.35695433e-14,1.76404063e-13,1.49486557e-08,1.94332524e-07,1.39507853e-09,1.95310994e-08,2.15277014e-13,3.22915521e-12,1.97141983e-04,2.75998776e-03,4.18076456e-04,6.27114683e-03,3.10353794e-09,4.96566070e-08,8.55554849e-14,1.45444324e-12,2.17011626e-21,3.90620926e-20,3.16401549e-08,5.37882634e-07,2.50383735e-11,4.50690723e-10,1.38643284e-06,2.49557911e-05,7.17621597e-05,1.43524319e-03
1.46357012e+01,3.15555231e-01,1.72090659e+03,2.11590629e+00,7.11283878e-01,7.11283878e-01,6.95239624e-02,2.78095850e-01,4.51230407e-09,5.41476488e-08,2.13811926e-14,2.77955504e-13,1.90143239e-08,2.47186210e-07,1.74480795e-09,2.44273113e-08,2.71029028e-13,4.06543542e-12,1.97599792e-04,2.76639708e-03,4.18106333e-04,6.27159499e-03,3.66977049e-09,5.87163278e-08,1.25845111e-13,2.13936689e-12,2.12289158e-21,3.82120485e-20,3.68085721e-08,6.25745726e-07,2.13201044e-11,3.83761879e-10,9.07384274e-07,1.63329169e-05,7.17621640e-05,1.43524328e-03
1.57759306e+01,3.08718617e-01,1.61146028e+03,2.10995019e+00,7.11273138e-01,7.11273138e-01,6.95270372e-02,2.78108149e-01,5.88473922e-09,7.06168707e-08,3.47206491e-14,4.51368438e-13,2.45623723e-08,3.19310840e-07,2.23009346e-09,3.12213085e-08,3.48117820e-13,5.22176729e-12,1.98086014e-04,2.77320420e-03,4.17956328e-04,6.26934492e-03,4.38869232e-09,7.02190771e-08,1.87663043e-13,3.19027174e-12,2.09639930e-21,3.77351874e-20,4.28870133e-08,7.29079226e-07,1.80915886e-11,3.25648595e-10,5.78419750e-07,1.04115555e-05,7.17621685e-05,1.43524337e-03
1.70049924e+01,3.01515163e-01,1.50126935e+03,2.10301378e+00,7.11261705e-01,7.11261705e-01,6.95302122e-02,2.78120849e-01,7.82189295e-09,9.38627154e-08,5.82389670e-14,7.57106572e-13,3.22585952e-08,4.19361738e-07,2.92012537e-09,4.08817552e-08,4.57112908e-13,6.85669362e-12,1.98600270e-04,2.78040379e-03,4.17665247e-04,6.26497870e-03,5.31321148e-09,8.50113837e-08,2.83566448e-13,4.82062962e-12,2.10092163e-21,3.78165894e-20,4.99924189e-08,8.49871122e-07,1.53572245e-11,2.76430040e-10,3.59742813e-07,6.47537063e-06,7.17621731e-05,1.43524346e-03
1.83298071e+01,2.93938625e-01,1.39091670e+03,2.09527135e+00,7.11249488e-01,7.11249488e-01,6.95335342e-02,2.78134137e-01,1.06056124e-08,1.27267349e-07,1.01164948e-13,1.31514432e-12,4.31261558e-08,5.60640026e-07,3.92834554e-09,5.49968375e-08,6.15007701e-13,9.22511551e-12,1.99141766e-04,2.78798472e-03,4.17264267e-04,6.25896400e-03,6.51685811e-09,1.04269730e-07,4.33985885e-13,7.37776004e-12,2.15316264e-21,3.87569275e-20,5.82208344e-08,9.89754185e-07,1.31190940e-11,2.36143692e-10,2.19110968e-07,3.94399742e-06,7.17621779e-05,1.43524356e-03
1.97578347e+01,2.85984890e-01,1.28103327e+03,2.08686593e+00,7.11236400e-01,7.11236400e-01,6.95370444e-02,2.78148178e-01,1.46802330e-08,1.76162797e-07,1.82525986e-13,2.37283781e-12,5.87710868e-08,7.64024128e-07,5.44688771e-09,7.62564279e-08,8.49877854e-13,1.27481678e-11,1.99708984e-04,2.79592578e-03,4.16777241e-04,6.25165862e-03,8.10175983e-09,1.29628157e-07,6.72582475e-13,1.14339021e-11,2.28119522e-21,4.10615140e-20,6.76225821e-08,1.14958390e-06,1.13787864e-11,2.04818155e-10,1.31538783e-07,2.36769810e-06,7.17621828e-05,1.43524366e-03
2.12971163e+01,2.77652356e-01,1.17229047e+03,2.07791762e+00,7.11222358e-01,7.11222358e-01,6.95407784e-02,2.78163114e-01,2.07583638e-08,2.49100366e-07,3.43217379e-13,4.46182592e-12,8.17712875e-08,1.06302674e-06,7.81302575e-09,1.09382360e-07,1.20949312e-12,1.81423968e-11,2.00299177e-04,2.80418848e-03,4.16221423e-04,6.24332134e-03,1.02087786e-08,1.63340457e-07,1.05567995e-12,1.79465592e-11,2.53364114e-21,4.56055406e-20,7.81692238e-08,1.32887680e-06,1.01391320e-11,1.82504376e-10,7.85526878e-08,1.41394838e-06,7.17621877e-05,1.43524375e-03
2.29563192e+01,2.68942335e-01,1.06539011e+03,2.06853574e+00,7.11207280e-01,7.11207280e-01,6.95447682e-02,2.78179073e-01,3.00041883e-08,3.60050260e-07,6.75172187e-13,8.77723843e-12,1.16360558e-07,1.51268725e-06,1.16426659e-08,1.62997322e-07,1.77775400e-12,2.66663101e-11,2.00907484e-04,2.81270478e-03,4.15608393e-04,6.23412590e-03,1.30290446e-08,2.08464714e-07,1.67933243e-12,2.85486512e-11,2.99701654e-21,5.39462976e-20,8.97149846e-08,1.52515474e-06,9.40520697e-12,1.69293726e-10,4.71610136e-08,8.48898244e-07,7.17621928e-05,1.43524386e-03
2.47447864e+01,2.59859484e-01,9.61051941e+02,2.05883560e+00,7.11191087e-01,7.11191087e-01,6.95490428e-02,2.78196171e-01,4.43588676e-08,5.32306412e-07,1.39523106e-12,1.81380037e-11,1.69650527e-07,2.20545685e-06,1.81105468e-08,2.53547656e-07,2.70714981e-12,4.06072472e-11,2.01525396e-04,2.82135555e-03,4.14944945e-04,6.22417417e-03,1.68142280e-08,2.69027647e-07,2.71119270e-12,4.60902759e-11,3.82909151e-21,6.89236471e-20,1.01959807e-07,1.73331672e-06,9.18353838e-12,1.65303691e-10,2.87059891e-08,5.16707804e-07,7.17621978e-05,1.43524396e-03
2.66725884e+01,2.50412236e-01,8.59998678e+02,2.04896122e+00,7.11173708e-01,7.11173708e-01,6.95536296e-02,2.78214519e-01,6.71339262e-08,8.05607114e-07,3.04140696e-12,3.95382905e-11,2.53833045e-07,3.29982959e-06,2.95666592e-08,4.13933229e-07,4.28522107e-12,6.42783161e-11,2.02138020e-04,2.82993228e-03,4.14233540e-04,6.21350310e-03,2.18796644e-08,3.50074631e-07,4.45219278e-12,7.56872773e-11,5.32420718e-21,9.58357292e-20,1.14426874e-07,1.94525685e-06,9.47798750e-12,1.70603775e-10,1.77422021e-08,3.19359637e-07,7.17622028e-05,1.43524406e-03
2.87505804e+01,2.40613247e-01,7.62938880e+02,2.03911576e+00,7.11155084e-01,7.11155084e-01,6.95585558e-02,2.78234223e-01,1.04123671e-07,1.24948405e-06,7.01969945e-12,9.12560929e-11,3.90133091e-07,5.07173018e-06,5.09602582e-08,7.13443615e-07,7.07598174e-12,1.06139726e-10,2.02719156e-04,2.83806818e-03,4.13471733e-04,6.20207599e-03,2.85905623e-08,4.57448996e-07,7.46098177e-12,1.26836690e-10,8.04348739e-21,1.44782773e-19,1.26472183e-07,2.15002712e-06,1.02804422e-11,1.85047959e-10,1.10463963e-08,1.98835134e-07,7.17622078e-05,1.43524416e-03
3.09904634e+01,2.30479826e-01,6.70548045e+02,2.02959652e+00,7.11135179e-01,7.11135179e-01,6.95638487e-02,2.78255395e-01,1.65743681e-07,1.98892418e-06,1.71957428e-11,2.23544657e-10,6.15696273e-07,8.00405155e-06,9.32892753e-08,1.30604985e-06,1.22332715e-11,1.83499072e-10,2.03222585e-04,2.84511619e-03,4.12649180e-04,6.18973769e-03,3.73197998e-08,5.97116796e-07,1.28172319e-11,2.17892943e-10,1.30795471e-20,2.35431848e-19,1.37343190e-07,2.33483424e-06,1.15549207e-11,2.07988572e-10,6.81853552e-09,1.22733639e-07,7.17622127e-05,1.43524425e-03
3.34048498e+01,2.20034346e-01,5.83448565e+02,2.02080776e+00,7.11114017e-01,7.11114017e-01,6.95695363e-02,2.78278145e-01,2.71213443e-07,3.25456132e-06,4.46914515e-11,5.80988870e-10,9.94653010e-07,1.29304891e-05,1.82273323e-07,2.55182652e-06,2.22249985e-11,3.33374977e-10,2.03567413e-04,2.84994378e-03,4.11738925e-04,6.17608387e-03,4.83714919e-08,7.73943871e-07,2.27094297e-11,3.86060306e-10,2.26076997e-20,4.06938595e-19,1.46291906e-07,2.48696240e-06,1.32161808e-11,2.37891254e-10,4.09276933e-09,7.36698479e-08,7.17622173e-05,1.43524435e-03
3.60073348e+01,2.09304608e-01,5.02189371e+02,2.01314490e+00,7.11091729e-01,7.11091729e-01,6.95756478e-02,2.78302591e-01,4.56744080e-07,5.48092896e-06,1.22596721e-10,1.59375737e-09,1.63261947e-06,2.12240532e-05,3.80286072e-07,5.32400501e-06,4.25813936e-11,6.38720904e-10,2.03616374e-04,2.85062924e-03,4.10674794e-04,6.16012190e-03,6.18812491e-08,9.90099985e-07,4.18250784e-11,7.11026332e-10,4.10738709e-20,7.39329677e-19,1.52722974e-07,2.59629055e-06,1.51101469e-11,2.71982645e-10,2.34502381e-09,4.22104286e-08,7.17622217e-05,1.43524443e-03
3.88125727e+01,1.98324150e-01,4.27226274e+02,2.00646517e+00,7.11068652e-01,7.11068652e-01,6.95822119e-02,2.78328847e-01,7.91073759e-07,9.49288511e-06,3.50613635e-10,4.55797726e-09,2.68597599e-06,3.49176879e-05,8.37684247e-07,1.17275795e-05,8.63044995e-11,1.29456749e-09,2.03152368e-04,2.84413315e-03,4.09298849e-04,6.13948273e-03,7.77257335e-08,1.24361174e-06,8.08362743e-11,1.37421666e-09,7.78969356e-20,1.40214484e-18,1.56328401e-07,2.65758281e-06,1.70137083e-11,3.06246750e-10,1.26272444e-09,2.27290399e-08,7.17622257e-05,1.43524451e-03
4.18363594e+01,1.87132463e-01,3.58904204e+02,1.99881180e+00,7.11045464e-01,7.11045464e-01,6.95892546e-02,2.78357019e-01,1.40230664e-06,1.68276796e-05,1.02359723e-09,1.33067640e-08,4.34040518e-06,5.64252674e-05,1.88243428e-06,2.63540799e-05,1.85490090e-10,2.78235135e-09,2.01874065e-04,2.82623691e-03,4.07270709e-04,6.10906064e-03,9.54802871e-08,1.52768459e-06,1.65589068e-10,2.81501415e-09,1.54158631e-19,2.77485536e-18,1.57149994e-07,2.67154991e-06,1.86803674e-11,3.36246613e-10,6.31180439e-10,1.13612479e-08,7.17622293e-05,1.43524459e-03
4.50957214e+01,1.75775093e-01,2.97442589e+02,1.98529321e+00,7.11023235e-01,7.11023235e-01,6.95967941e-02,2.78387176e-01,2.51494842e-06,3.01793810e-05,2.96247311e-09,3.85121504e-08,6.72166034e-06,8.73815844e-05,4.06229363e-06,5.68721109e-05,4.23425492e-10,6.35138238e-09,1.99447311e-04,2.79226236e-03,4.04025813e-04,6.06038719e-03,1.14429677e-07,1.83087484e-06,3.61793903e-10,6.15049635e-09,3.21303139e-19,5.78345650e-18,1.55536566e-07,2.64412163e-06,1.99525283e-11,3.59145509e-10,2.90069713e-10,5.22125483e-09,7.17622325e-05,1.43524465e-03
4.86090118e+01,1.64303606e-01,2.42925123e+02,1.96043926e+00,7.11003104e-01,7.11003104e-01,6.96048345e-02,2.78419338e-01,4.47649240e-06,5.37179087e-05,8.21028754e-09,1.06733738e-07,9.74345840e-06,1.26664959e-04,7.90600556e-06,1.10684078e-04,1.02840398e-09,1.54260597e-08,1.95628341e-04,2.73879678e-03,3.99015696e-04,5.98523544e-03,1.33555205e-07,2.13688329e-06,8.36635452e-10,1.42228027e-08,7.21984115e-19,1.29957141e-17,1.52015779e-07,2.58426824e-06,2.09248193e-11,3.76646747e-10,1.21603538e-10,2.18886368e-09,7.17622352e-05,1.43524470e-03
5.23960135e+01,1.52775379e-01,1.95295060e+02,1.92363536e+00,7.10985664e-01,7.10985664e-01,6.96133667e-02,2.78453467e-01,7.72234510e-06,9.26681413e-05,2.10290594e-08,2.73377772e-07,1.30120735e-05,1.69156956e-04,1.34704487e-05,1.88586281e-04,2.66779920e-09,4.00169880e-08,1.90394525e-04,2.66552335e-03,3.92159205e-04,5.88238807e-03,1.51357503e-07,2.42172005e-06,1.96842880e-09,3.34632896e-08,1.82037981e-18,3.27668366e-17,1.47142609e-07,2.50142435e-06,2.20394939e-11,3.96710890e-10,4.61768366e-11,8.31183058e-10,7.17622375e-05,1.43524475e-03
5.64780507e+01,1.41253189e-01,1.54356858e+02,1.87933996e+00,7.10970739e-01,7.10970739e-01,6.96223767e-02,2.78489507e-01,1.26344584e-05,1.51613501e-04,4.82785592e-08,6.27621269e-07,1.59513929e-05,2.07368107e-04,2.03017342e-05,2.84224278e-04,7.44565367e-09,1.11684805e-07,1.83963789e-04,2.57549305e-03,3.83876914e-04,5.75815371e-03,1.65770545e-07,2.65232872e-06,4.36614753e-09,7.42245080e-08,5.37109993e-18,9.66797988e-17,1.41387166e-07,2.40358182e-06,2.38008669e-11,4.28415605e-10,1.57697286e-11,2.83855114e-10,7.17622393e-05,1.43524479e-03
6.08781089e+01,1.29804577e-01,1.19784649e+02,1.83178610e+00,7.10957715e-01,7.10957715e-01,6.96318508e-02,2.78527403e-01,1.93504235e-05,2.32205082e-04,9.75144213e-08,1.26768748e-06,1.81126723e-05,2.35464740e-04,2.78706131e-05,3.90188584e-04,2.25921288e-08,3.38881932e-07,1.76672846e-04,2.47341985e-03,3.74657273e-04,5.61985909e-03,1.75390905e-07,2.80625448e-06,8.47773627e-09,1.44121517e-07,1.88386833e-17,3.39096299e-16,1.35088163e-07,2.29649877e-06,2.60806075e-11,4.69450934e-10,4.80439419e-12,8.64790955e-11,7.17622404e-05,1.43524481e-03
6.56209641e+01,1.18500970e-01,9.11374484e+01,1.78258738e+00,7.10945907e-01,7.10945907e-01,6.96417627e-02,2.78567051e-01,2.76777219e-05,3.32132663e-04,1.73009868e-07,2.24912829e-06,1.93920887e-05,2.52097153e-04,3.58538673e-05,5.01954142e-04,7.53855592e-08,1.13078339e-06,1.68825934e-04,2.36356307e-03,3.64784245e-04,5.47176367e-03,1.81144776e-07,2.89831642e-06,1.40881097e-08,2.39497865e-07,7.84457505e-17,1.41202351e-15,1.28458285e-07,2.18379084e-06,2.81043196e-11,5.05877753e-10,1.29327567e-12,2.32789620e-11,7.17622410e-05,1.43524482e-03
7.07333228e+01,1.07416540e-01,6.78804361e+01,1.73225316e+00,7.10934783e-01,7.10934783e-01,6.96520035e-02,2.78608014e-01,3.71485438e-05,4.45782526e-04,2.73464609e-07,3.55503992e-06,1.99769541e-05,2.59700403e-04,4.41071567e-05,6.17500194e-04,2.77441115e-07,4.16161672e-06,1.60625199e-04,2.24875278e-03,3.54370828e-04,5.31556242e-03,1.85114349e-07,2.96182959e-06,2.05653809e-08,3.49611476e-07,3.90430427e-16,7.02774768e-15,1.21617082e-07,2.06749039e-06,2.93657237e-11,5.28583026e-10,3.04044135e-13,5.47279444e-12,7.17622412e-05,1.43524482e-03
7.62439721e+01,9.66268013e-02,4.94110355e+01,1.68273520e+00,7.10924314e-01,7.10924314e-01,6.96621201e-02,2.78648480e-01,4.69511436e-05,5.63413723e-04,3.93957130e-07,5.12144270e-06,2.01428959e-05,2.61857647e-04,5.25653791e-05,7.35915307e-04,1.08177185e-06,1.62265778e-05,1.52184054e-04,2.13057676e-03,3.43457307e-04,5.15185961e-03,1.88547852e-07,3.01676564e-06,2.74310464e-08,4.66327788e-07,2.17468927e-15,3.91444068e-14,1.14631047e-07,1.94872780e-06,2.99556679e-11,5.39202023e-10,6.15630821e-14,1.10813548e-12,7.17622413e-05,1.43524483e-03
8.21839418e+01,8.62069672e-02,3.50879703e+01,1.64064020e+00,7.10915584e-01,7.10915584e-01,6.96707312e-02,2.78682925e-01,5.54563889e-05,6.65476667e-04,5.29591627e-07,6.88469115e-06,2.01052253e-05,2.61367929e-04,6.11870782e-05,8.56619095e-04,3.86576145e-06,5.79864217e-05,1.43567226e-04,2.00994117e-03,3.32062382e-04,4.98093573e-03,1.91497784e-07,3.06396454e-06,3.44743908e-08,5.86064643e-07,9.74380084e-15,1.75388415e-13,1.07544014e-07,1.82824825e-06,3.01702002e-11,5.43063604e-10,1.05600842e-14,1.90081516e-13,7.17622413e-05,1.43524483e-03
8.85866790e+01,7.62300862e-02,2.42610939e+01,1.61503861e+00,7.10910312e-01,7.10910312e-01,6.96759702e-02,2.78703881e-01,6.06665927e-05,7.27999113e-04,6.77442907e-07,8.80675779e-06,1.99841332e-05,2.59793732e-04,6.99344842e-05,9.79082779e-04,1.04875724e-05,1.57313586e-04,1.34821050e-04,1.88749470e-03,3.20200522e-04,4.80300782e-03,1.93379684e-07,3.09407494e-06,4.16091008e-08,7.07354713e-07,2.61398910e-14,4.70518037e-13,1.00393418e-07,1.70668811e-06,3.02243695e-11,5.44038651e-10,1.50510296e-15,2.70918533e-14,7.17622413e-05,1.43524483e-03
9.54882369e+01,6.67650158e-02,1.62996401e+01,1.60531085e+00,7.10908314e-01,7.10908314e-01,6.96779610e-02,2.78711844e-01,6.26512208e-05,7.51814649e-04,8.36465632e-07,1.08740532e-05,1.98308467e-05,2.57801007e-04,7.87673515e-05,1.10274292e-03,2.08086544e-05,3.12129817e-04,1.25988453e-04,1.76383834e-03,3.07888059e-04,4.61832089e-03,1.94131380e-07,3.10610209e-06,4.87807321e-08,8.29272446e-07,4.75167950e-14,8.55302310e-13,9.32169852e-08,1.58468875e-06,3.02218508e-11,5.43993315e-10,1.74263426e-16,3.13674166e-15,7.17622413e-05,1.43524483e-03
1.02927477e+02,5.78743055e-02,1.06166750e+01,1.60298883e+00,7.10907837e-01,7.10907837e-01,6.96784362e-02,2.78713745e-01,6.31253800e-05,7.57504560e-04,1.00668795e-06,1.30869434e-05,1.96615941e-05,2.55600723e-04,8.76413481e-05,1.22697887e-03,3.30754283e-05,4.96131425e-04,1.17114507e-04,1.63960309e-03,2.95145921e-04,4.42718881e-03,1.94318238e-07,3.10909180e-06,5.59418180e-08,9.51010906e-07,7.11202413e-14,1.28016434e-12,8.60548267e-08,1.46293205e-06,3.02020933e-11,5.43637680e-10,1.59653340e-17,2.87376013e-16,7.17622413e-05,1.43524483e-03
1.10946289e+02,4.96120815e-02,6.68795730e+00,1.60261880e+00,7.10907761e-01,7.10907761e-01,6.96785119e-02,2.78714048e-01,6.32009670e-05,7.58411604e-04,1.18858329e-06,1.54515828e-05,1.94798282e-05,2.53237767e-04,9.65079978e-05,1.35111197e-03,4.61446124e-05,6.92169187e-04,1.08247865e-04,1.51547011e-03,2.82000982e-04,4.23001473e-03,1.94348868e-07,3.10958189e-06,6.30467879e-08,1.07179539e-06,9.65815808e-14,1.73846846e-12,7.89496946e-08,1.34214481e-06,3.01771673e-11,5.43189012e-10,1.12262695e-18,2.02072851e-17,7.17622413e-05,1.43524483e-03
1.19589826e+02,4.20220494e-02,4.06408546e+00,1.60257814e+00,7.10907753e-01,7.10907753e-01,6.96785202e-02,2.78714081e-01,6.32092726e-05,7.58511271e-04,1.38277329e-06,1.79760528e-05,1.92856516e-05,2.50713471e-04,1.05315154e-04,1.47441216e-03,5.96504558e-05,8.94756837e-04,9.94407092e-05,1.39216993e-03,2.68486815e-04,4.02730223e-03,1.94352299e-07,3.10963679e-06,7.00499125e-08,1.19084851e-06,1.24004403e-13,2.23207925e-12,7.19465550e-08,1.22309144e-06,3.01497879e-11,5.42696183e-10,5.84891050e-20,1.05280389e-18,7.17622413e-05,1.43524483e-03
1.28906759e+02,3.51357387e-02,2.37562787e+00,1.60257509e+00,7.10907752e-01,7.10907752e-01,6.96785208e-02,2.78714083e-01,6.32098970e-05,7.58518764e-04,1.58992572e-06,2.06690344e-05,1.90785002e-05,2.48020503e-04,1.14007709e-04,1.59610793e-03,7.34924836e-05,1.10238725e-03,9.07481542e-05,1.27047416e-03,2.54644162e-04,3.81966243e-03,1.94352561e-07,3.10964098e-06,7.69045990e-08,1.30737818e-06,1.53535874e-13,2.76364573e-12,6.50918677e-08,1.10656175e-06,3.01202578e-11,5.42164641e-10,2.16889130e-21,3.90400433e-20,7.17622413e-05,1.43524483e-03
1.38949549e+02,2.89711245e-02,1.33176379e+00,1.60257493e+00,7.10907752e-01,7.10907752e-01,6.96785209e-02,2.78714084e-01,6.32099281e-05,7.58519137e-04,1.81072579e-06,2.35394352e-05,1.88577002e-05,2.45150103e-04,1.22528492e-04,1.71539889e-03,8.76153645e-05,1.31423047e-03,8.22273712e-05,1.15118320e-03,2.40521250e-04,3.60781875e-03,1.94352575e-07,3.10964119e-06,8.35637883e-08,1.42058440e-06,1.85335678e-13,3.33604220e-12,5.84326785e-08,9.93355534e-07,3.00884580e-11,5.41592243e-10,5.47514793e-23,9.85526628e-22,7.17622413e-05,1.43524483e-03
1.49774748e+02,2.35317509e-02,7.13664133e-01,1.60257493e+00,7.10907752e-01,7.10907752e-01,6.96785209e-02,2.78714084e-01,6.32099290e-05,7.58519148e-04,2.04586693e-06,2.65962701e-05,1.86225591e-05,2.42093268e-04,1.30819360e-04,1.83147104e-03,1.01962647e-04,1.52943971e-03,7.39365034e-05,1.03511105e-03,2.26173966e-04,3.39260949e-03,1.94352575e-07,3.10964120e-06,8.99809087e-08,1.52967545e-06,2.19575325e-13,3.95235585e-12,5.20155581e-08,8.84264487e-07,3.00542183e-11,5.40975930e-10,8.98543814e-25,1.61737887e-23,7.17622413e-05,1.43524483e-03
1.61443309e+02,1.88064675e-02,3.64294680e-01,1.60257493e+00,7.10907752e-01,7.10907752e-01,6.96785209e-02,2.78714084e-01,6.32099290e-05,7.58519148e-04,2.29604480e-06,2.98485824e-05,1.83723812e-05,2.38840956e-04,1.38822474e-04,1.94351464e-03,1.16470759e-04,1.74706139e-03,6.59333891e-05,9.23067447e-04,2.11665854e-04,3.17498781e-03,1.94352575e-07,3.10964120e-06,9.61110531e-08,1.63388790e-06,2.56438861e-13,4.61589949e-12,4.58854137e-08,7.80052032e-07,3.00173548e-11,5.40312386e-10,9.20325024e-27,1.65658504e-25,7.17622413e-05,1.43524483e-03
1.74020937e+02,1.47698526e-02,1.76465426e-01,1.60257493e+00,7.10907752e-01,7.10907752e-01,6.96785209e-02,2.78714084e-01,6.32099290e-05,7.58519148e-04,2.56195082e-06,3.33053606e-05,1.81064752e-05,2.35384177e-04,1.46481743e-04,2.05074441e-03,1.31068709e-04,1.96603064e-03,5.82741201e-05,8.15837681e-04,1.97067904e-04,2.95601856e-03,1.94352575e-07,3.10964120e-06,1.01912258e-07,1.73250839e-06,2.96123703e-13,5.33022666e-12,4.00842084e-08,6.81431543e-07,2.99776699e-11,5.39598059e-10,5.72529418e-29,1.03055295e-27,7.17622413e-05,1.43524483e-03
1.87578456e+02,1.13833526e-02,8.07870422e-02,1.60257493e+00,7.10907752e-01,7.10907752e-01,6.96785209e-02,2.78714084e-01,6.32099290e-05,7.58519148e-04,2.84426459e-06,3.69754397e-05,1.78241614e-05,2.31714098e-04,1.53744386e-04,2.15242141e-03,1.45678515e-04,2.18517773e-03,5.10114773e-05,7.14160682e-04,1.82458098e-04,2.73687147e-03,1.94352575e-07,3.10964120e-06,1.07346829e-07,1.82489609e-06,3.38841534e-13,6.09914761e-12,3.46496381e-08,5.89043847e-07,2.99349521e-11,5.38829138e-10,2.28881673e-31,4.11987011e-30,7.17622413e-05,1.43524483e-03
2.02192206e+02,1.00000000e-02,3.48007345e-02,1.60257493e+00,7.10907752e-01,7.10907752e-01,6.96785209e-02,2.78714084e-01,6.32099290e-05,7.58519148e-04,3.14364515e-06,4.08673869e-05,1.75247808e-05,2.27822151e-04,1.60562565e-04,2.24787591e-03,1.60215938e-04,2.40323907e-03,4.41932986e-05,6.18706181e-04,1.67920675e-04,2.51881013e-03,1.94352575e-07,3.10964120e-06,1.12382640e-07,1.91050488e-06,3.84819232e-13,6.92674618e-12,2.96138268e-08,5.03435056e-07,2.98889744e-11,5.38001539e-10,5.36277231e-34,9.65299015e-33,7.17622413e-05,1.43524483e-03
2.17944475e+02,1.00000000e-02,1.40391309e-02,1.60257493e+00,7.10907752e-01,7.10907752e-01,6.96785209e-02,2.78714084e-01,6.32099290e-05,7.58519148e-04,3.46072074e-06,4.49893696e-05,1.72077053e-05,2.23700168e-04,1.66895009e-04,2.33653013e-03,1.74591522e-04,2.61887282e-03,3.78608540e-05,5.30051956e-04,1.53545092e-04,2.30317638e-03,1.94352575e-07,3.10964120e-06,1.16994352e-07,1.98890398e-06,4.34299851e-13,7.81739732e-12,2.50021148e-08,4.25035952e-07,2.98394938e-11,5.37110888e-10,6.56862859e-36,1.18235315e-34,7.17622413e-05,1.43524483e-03
2.34923963e+02,1.00000000e-02,5.27687962e-03,1.60257493e+00,7.10907752e-01,7.10907752e-01,6.96785209e-02,2.78714084e-01,6.32099290e-05,7.58519148e-04,3.79607722e-06,4.93490039e-05,1.68723488e-05,2.19340534e-04,1.72708547e-04,2.41791966e-03,1.88711957e-04,2.83067935e-03,3.20473166e-05,4.48662432e-04,1.39424656e-04,2.09136985e-03,1.94352575e-07,3.10964120e-06,1.21164447e-07,2.05979559e-06,4.87543645e-13,8.77578562e-12,2.08320202e-08,3.54144343e-07,2.97862500e-11,5.36152500e-10,1.82180041e-36,3.27924074e-35,7.17622413e-05,1.43524483e-03
2.53226278e+02,1.00000000e-02,1.83783443e-03,1.60257493e+00,7.10907752e-01,7.10907752e-01,6.96785209e-02,2.78714084e-01,6.32099290e-05,7.58519148e-04,4.15024491e-06,5.39531838e-05,1.65181811e-05,2.14736354e-04,1.77979442e-04,2.49171219e-03,2.02481782e-04,3.03722673e-03,2.67764215e-05,3.74869901e-04,1.25654831e-04,1.88482247e-03,1.94352575e-07,3.10964120e-06,1.24884015e-07,2.12302826e-06,5.44829134e-13,9.80692442e-12,1.71124514e-08,2.90911674e-07,2.97289645e-11,5.35121361e-10,5.21019604e-37,9.37835286e-36,7.17622413e-05,1.43524483e-03
2.72954479e+02,1.00000000e-02,5.89587782e-04,1.60257493e+00,7.10907752e-01,7.10907752e-01,6.96785209e-02,2.78714084e-01,6.32099290e-05,7.58519148e-04,4.52368375e-06,5.88078888e-05,1.61447422e-05,2.09881649e-04,1.82694438e-04,2.55772213e-03,2.15805395e-04,3.23708092e-03,2.20614258e-05,3.08859961e-04,1.12331219e-04,1.68496828e-03,1.94352575e-07,3.10964120e-06,1.28153210e-07,2.17860456e-06,6.06454211e-13,1.09161758e-11,1.38432571e-08,2.35335370e-07,2.96673394e-11,5.34012110e-10,1.35214167e-37,2.43385500e-36,7.17622413e-05,1.43524483e-03
2.94219653e+02,1.00000000e-02,1.73110405e-04,1.60257493e+00,7.10907752e-01,7.10907752e-01,6.96785209e-02,2.78714084e-01,6.32099290e-05,7.58519148e-04,4.91676698e-06,6.39179708e-05,1.57516590e-05,2.04771567e-04,1.86851407e-04,2.61591970e-03,2.28589351e-04,3.42884027e-03,1.79044559e-05,2.50662383e-04,9.95472619e-05,1.49320893e-03,1.94352575e-07,3.10964120e-06,1.30981299e-07,2.22668209e-06,6.72737287e-13,1.21092712e-11,1.10151674e-08,1.87257846e-07,2.96010564e-11,5.32819014e-10,3.15900194e-38,5.68620349e-37,7.17622413e-05,1.43524483e-03
3.17141542e+02,1.00000000e-02,4.61991067e-05,1.60257493e+00,7.10907752e-01,7.10907752e-01,6.96785209e-02,2.78714084e-01,6.32099290e-05,7.58519148e-04,5.32976307e-06,6.92869199e-05,1.53386629e-05,1.99402618e-04,1.90459531e-04,2.66643344e-03,2.40744896e-04,3.61117344e-03,1.42963320e-05,2.00148648e-04,8.73917176e-05,1.31087576e-03,1.94352575e-07,3.10964120e-06,1.33386295e-07,2.26756701e-06,7.44018469e-13,1.33923324e-11,8.61017202e-09,1.46372924e-07,2.95297752e-11,5.31535953e-10,6.58993000e-39,1.18618740e-37,7.17622413e-05,1.43524483e-03
3.41849215e+02,1.00000000e-02,1.11237013e-05,1.60257493e+00,7.10907752e-01,7.10907752e-01,6.96785209e-02,2.78714084e-01,6.32099290e-05,7.58519148e-04,5.76281621e-06,7.49166107e-05,1.49056098e-05,1.93772927e-04,1.93538941e-04,2.70954517e-03,2.52190621e-04,3.78285931e-03,1.12169227e-05,1.57036918e-04,7.59459928e-05,1.13918989e-03,1.94352575e-07,3.10964120e-06,1.35394124e-07,2.30170011e-06,8.20660765e-13,1.47718938e-11,6.60234292e-09,1.12239830e-07,2.94531329e-11,5.30156392e-10,1.21669821e-39,2.19005678e-38,7.17622413e-05,1.43524483e-03
3.68481798e+02,1.00000000e-02,2.39711214e-06,1.60257493e+00,7.10907752e-01,7.10907752e-01,6.96785209e-02,2.78714084e-01,6.32099290e-05,7.58519148e-04,6.21592531e-06,8.08070291e-05,1.44525007e-05,1.87882509e-04,1.96119812e-04,2.74567737e-03,2.62855163e-04,3.94282744e-03,8.63605128e-06,1.20904718e-04,6.52814505e-05,9.79221757e-04,1.94352575e-07,3.10964120e-06,1.37037393e-07,2.32963569e-06,9.03051309e-13,1.62549236e-11,4.95907336e-09,8.43042472e-08,2.93707423e-11,5.28673362e-10,1.96935669e-40,3.54484204e-39,7.17622413e-05,1.43524483e-03
3.97189257e+02,1.00000000e-02,4.58350120e-07,1.60257493e+00,7.10907752e-01,7.10907752e-01,6.96785209e-02,2.78714084e-01,6.32099290e-05,7.58519148e-04,6.68892194e-06,8.69559852e-05,1.39795041e-05,1.81733553e-04,1.98240935e-04,2.77537309e-03,2.72679784e-04,4.09019676e-03,6.51492844e-06,9.12089982e-05,5.54568295e-05,8.31852442e-04,1.94352575e-07,3.10964120e-06,1.38353801e-07,2.35201462e-06,9.91602597e-13,1.78488467e-11,3.64266548e-09,6.19253131e-08,2.92821910e-11,5.27079439e-10,2.76600059e-41,4.97880107e-40,7.17622413e-05,1.43524483e-03
4.28133240e+02,1.00000000e-02,7.70425382e-08,1.60257493e+00,7.10907752e-01,7.10907752e-01,6.96785209e-02,2.78714084e-01,6.32099290e-05,7.58519148e-04,7.18144728e-06,9.33588146e-05,1.34869787e-05,1.75330723e-04,1.99947827e-04,2.79926957e-03,2.81620681e-04,4.22431022e-03,4.80803684e-06,6.73125158e-05,4.65159319e-05,6.97738979e-04,1.94352575e-07,3.10964120e-06,1.39384306e-07,2.36953320e-06,1.08675372e-12,1.95615670e-11,2.61216084e-09,4.44067343e-08,2.91870399e-11,5.25366719e-10,3.33400148e-42,6.00120267e-41,7.17622413e-05,1.43524483e-03
4.61487988e+02,1.00000000e-02,1.12700832e-08,1.60257493e+00,7.10907752e-01,7.10907752e-01,6.96785209e-02,2.78714084e-01,6.32099290e-05,7.58519148e-04,7.69292877e-06,1.00008074e-04,1.29754972e-05,1.68681464e-04,2.01290517e-04,2.81806724e-03,2.89650866e-04,4.34476299e-03,3.46534659e-06,4.85148522e-05,3.84857477e-05,5.77286215e-04,1.94352575e-07,3.10964120e-06,1.40171188e-07,2.38291020e-06,1.18897159e-12,2.14014887e-11,1.82527877e-09,3.10297391e-08,2.90848220e-11,5.23526797e-10,3.40793763e-43,6.13428773e-42,7.17622413e-05,1.43524483e-03
4.97441317e+02,1.00000000e-02,1.41933952e-09,1.60257493e+00,7.10907752e-01,7.10907752e-01,6.96785209e-02,2.78714084e-01,6.32099290e-05,7.58519148e-04,8.22255689e-06,1.06893240e-04,1.24458691e-05,1.61796298e-04,2.02321163e-04,2.83249629e-03,2.96761434e-04,4.45142152e-03,2.43470020e-06,3.40858027e-05,3.13751789e-05,4.70627683e-04,1.94352575e-07,3.10964120e-06,1.40756156e-07,2.39285465e-06,1.29875213e-12,2.33775383e-11,1.24031099e-09,2.10852868e-08,2.89750415e-11,5.21550747e-10,2.91643612e-44,5.24958501e-43,7.17622413e-05,1.43524483e-03
5.36195677e+02,1.00000000e-02,1.52104201e-10,1.60257493e+00,7.10907752e-01,7.10907752e-01,6.96785209e-02,2.78714084e-01,6.32099290e-05,7.58519148e-04,8.76926281e-06,1.14000417e-04,1.18991632e-05,1.54689121e-04,2.03091681e-04,2.84328353e-03,3.02962103e-04,4.54443154e-03,1.66418271e-06,2.32985580e-05,2.51745107e-05,3.77617660e-04,1.94352575e-07,3.10964120e-06,1.41178644e-07,2.40003695e-06,1.41662137e-12,2.54991847e-11,8.17822818e-10,1.39029879e-08,2.88571723e-11,5.19429101e-10,2.06079941e-45,3.70943895e-44,7.17622413e-05,1.43524483e-03
5.77969288e+02,1.00000000e-02,1.36971503e-11,1.60257493e+00,7.10907752e-01,7.10907752e-01,6.96785209e-02,2.78714084e-01,6.32099290e-05,7.58519148e-04,9.33169789e-06,1.21312073e-04,1.13367281e-05,1.47377465e-04,2.03651574e-04,2.85112204e-03,3.08280879e-04,4.62421318e-03,1.10428902e-06,1.54600463e-05,1.98557345e-05,2.97836017e-04,1.94352575e-07,3.10964120e-06,1.41474435e-07,2.40506540e-06,1.54313659e-12,2.77764586e-11,5.22031414e-10,8.87453403e-09,2.87306571e-11,5.17151827e-10,1.18457390e-46,2.13223302e-45,7.17622413e-05,1.43524483e-03
6.22997373e+02,1.00000000e-02,1.02250677e-12,1.60257493e+00,7.10907752e-01,7.10907752e-01,6.96785209e-02,2.78714084e-01,6.32099290e-05,7.58519148e-04,9.90821590e-06,1.28806807e-04,1.07602101e-05,1.39882731e-04,2.04046142e-04,2.85664599e-03,3.12762837e-04,4.69144255e-03,7.09721189e-07,9.93609665e-06,1.53737765e-05,2.30606647e-04,1.94352575e-07,3.10964120e-06,1.41674697e-07,2.40846985e-06,1.67888717e-12,3.02199691e-11,3.21769611e-10,5.47008338e-09,2.85949065e-11,5.14708316e-10,5.45063212e-48,9.81113782e-47,7.17622413e-05,1.43524483e-03
6.71533479e+02,1.00000000e-02,6.23596002e-14,1.60257493e+00,7.10907752e-01,7.10907752e-01,6.96785209e-02,2.78714084e-01,6.32099290e-05,7.58519148e-04,1.04968594e-05,1.36459173e-04,1.01715666e-05,1.32230365e-04,2.04315172e-04,2.86041240e-03,3.16468000e-04,4.74702001e-03,4.40691771e-07,6.16968480e-06,1.16686129e-05,1.75029194e-04,1.94352575e-07,3.10964120e-06,1.41805472e-07,2.41069303e-06,1.82449551e-12,3.28409192e-11,1.90994571e-10,3.24690771e-09,2.84492981e-11,5.12087366e-10,1.97314974e-49,3.55166952e-48,7.17622413e-05,1.43524483e-03
7.23850907e+02,1.00000000e-02,3.05845036e-15,1.60257493e+00,7.10907752e-01,7.10907752e-01,6.96785209e-02,2.78714084e-01,6.32099290e-05,7.58519148e-04,1.10953516e-05,1.44239570e-04,9.57307444e-06,1.24449968e-04,2.04492194e-04,2.86289072e-03,3.19468440e-04,4.79202659e-03,2.63668919e-07,3.69136486e-06,8.66817375e-06,1.30022606e-04,1.94352575e-07,3.10964120e-06,1.41887612e-07,2.41208940e-06,1.98061757e-12,3.56511163e-11,1.08855181e-10,1.85053807e-09,2.82931761e-11,5.09277169e-10,5.51548450e-51,9.92787210e-50,7.17622413e-05,1.43524483e-03
7.80244249e+02,1.00000000e-02,1.18600755e-16,1.60257493e+00,7.10907752e-01,7.10907752e-01,6.96785209e-02,2.78714084e-01,6.32099290e-05,7.58519148e-04,1.17010945e-05,1.52114228e-04,8.96733151e-06,1.16575310e-04,2.04604297e-04,2.86446015e-03,3.21844757e-04,4.82767136e-03,1.51566654e-07,2.12193315e-06,6.29185615e-06,9.43778423e-05,1.94352575e-07,3.10964120e-06,1.41937085e-07,2.41293044e-06,2.14794336e-12,3.86629805e-11,5.93819410e-11,1.00949300e-09,2.81258503e-11,5.06265305e-10,1.16680326e-52,2.10024587e-51,7.17622413e-05,1.43524483e-03
8.41031051e+02,1.00000000e-02,3.57037535e-18,1.60257493e+00,7.10907752e-01,7.10907752e-01,6.96785209e-02,2.78714084e-01,6.32099290e-05,7.58519148e-04,1.23111766e-05,1.60045296e-04,8.35724940e-06,1.08644242e-04,2.04672416e-04,2.86541382e-03,3.23682213e-04,4.85523320e-03,8.34478538e-08,1.16826995e-06,4.45440033e-06,6.68160049e-05,1.94352575e-07,3.10964120e-06,1.41965567e-07,2.41341464e-06,2.32719702e-12,4.18895464e-11,3.08997451e-11,5.25295667e-10,2.79465966e-11,5.03038739e-10,1.82780457e-54,3.29004822e-53,7.17622413e-05,1.43524483e-03
9.06553593e+02,1.00000000e-02,8.18114402e-20,1.60257493e+00,7.10907752e-01,7.10907752e-01,6.96785209e-02,2.78714084e-01,6.32099290e-05,7.58519148e-04,1.29223894e-05,1.67991062e-04,7.74603659e-06,1.00698476e-04,2.04712007e-04,2.86596810e-03,3.25066783e-04,4.87600174e-03,4.38565025e-08,6.13991035e-07,3.06983060e-06,4.60474590e-05,1.94352575e-07,3.10964120e-06,1.41981186e-07,2.41368016e-06,2.51913668e-12,4.53444603e-11,1.52810480e-11,2.59777816e-10,2.77546570e-11,4.99583825e-10,2.07077899e-56,3.72740218e-55,7.17622413e-05,1.43524483e-03
9.77180827e+02,1.00000000e-02,1.39686317e-21,1.60257493e+00,7.10907752e-01,7.10907752e-01,6.96785209e-02,2.78714084e-01,6.32099290e-05,7.58519148e-04,1.35312560e-05,1.75906328e-04,7.13717002e-06,9.27832102e-05,2.04733941e-04,2.86627518e-03,3.26081462e-04,4.89122192e-03,2.19223389e-08,3.06912744e-07,2.05515178e-06,3.08272766e-05,1.94352575e-07,3.10964120e-06,1.41989313e-07,2.41381832e-06,2.72455381e-12,4.90419686e-11,7.15363974e-12,1.21611876e-10,2.75492398e-11,4.95886317e-10,1.65550787e-58,2.97991416e-57,7.17622413e-05,1.43524483e-03
1.05331045e+03,1.00000000e-02,1.73692028e-23,1.60257493e+00,7.10907752e-01,7.10907752e-01,6.96785209e-02,2.78714084e-01,6.32099290e-05,7.58519148e-04,1.41340720e-05,1.83742936e-04,6.53435401e-06,8.49466022e-05,2.04745481e-04,2.86643674e-03,3.26803103e-04,4.90204654e-03,1.03819333e-08,1.45347066e-07,1.33351048e-06,2.00026572e-05,1.94352575e-07,3.10964120e-06,1.41993310e-07,2.41388627e-06,2.94427217e-12,5.29968991e-11,3.15660862e-12,5.36623465e-11,2.73295215e-11,4.91931386e-10,9.08324959e-61,1.63498493e-59,7.17622413e-05,1.43524483e-03
1.13537112e+03,1.00000000e-02,1.53448685e-25,1.60257493e+00,7.10907752e-01,7.10907752e-01,6.96785209e-02,2.78714084e-01,6.32099290e-05,7.58519148e-04,1.47269602e-05,1.91450483e-04,5.94146580e-06,7.72390554e-05,2.04751225e-04,2.86651715e-03,3.27300020e-04,4.90950030e-03,4.63852776e-09,6.49393886e-08,8.36593062e-07,1.25488959e-05,1.94352575e-07,3.10964120e-06,1.41995160e-07,2.41391772e-06,3.17914617e-12,5.72246311e-11,1.30687309e-12,2.22168426e-11,2.70946475e-11,4.87703654e-10,3.32219031e-63,5.97994255e-62,7.17622413e-05,1.43524483e-03
1.22382494e+03,1.00000000e-02,9.37861993e-28,1.60257493e+00,7.10907752e-01,7.10907752e-01,6.96785209e-02,2.78714084e-01,6.32099290e-05,7.58519148e-04,1.53059389e-05,1.98977205e-04,5.36248712e-06,6.97123326e-05,2.04753917e-04,2.86655484e-03,3.27630489e-04,4.91445734e-03,1.94635682e-09,2.72489955e-08,5.06124341e-07,7.59186512e-06,1.94352575e-07,3.10964120e-06,1.41995962e-07,2.41393135e-06,3.43005854e-12,6.17410537e-11,5.05136308e-13,8.58731724e-12,2.68437351e-11,4.83187232e-10,7.84840845e-66,1.41271352e-64,7.17622413e-05,1.43524483e-03
1.31916996e+03,1.00000000e-02,3.85337619e-30,1.60257493e+00,7.10907752e-01,7.10907752e-01,6.96785209e-02,2.78714084e-01,6.32099290e-05,7.58519148e-04,1.58670036e-05,2.06271047e-04,4.80142240e-06,6.24184911e-05,2.04755100e-04,2.86657140e-03,3.27842174e-04,4.91763260e-03,7.63275497e-10,1.06858570e-08,2.94439686e-07,4.41659529e-06,1.94352575e-07,3.10964120e-06,1.41996285e-07,2.41393685e-06,3.69791728e-12,6.65625110e-11,1.81309912e-13,3.08226850e-12,2.65758764e-11,4.78365775e-10,1.15743001e-68,2.08337401e-67,7.17622413e-05,1.43524483e-03
1.42194306e+03,1.00000000e-02,1.00000000e-30,1.60257493e+00,7.10907752e-01,7.10907752e-01,6.96785209e-02,2.78714084e-01,6.32099290e-05,7.58519148e-04,1.64062214e-05,2.13280878e-04,4.26220461e-06,5.54086599e-05,2.04755585e-04,2.86657819e-03,3.27972401e-04,4.91958601e-03,2.78270793e-10,3.89579111e-09,1.64212762e-07,2.46319143e-06,1.94352575e-07,3.10964120e-06,1.41996407e-07,2.41393891e-06,3.98365170e-12,7.17057306e-11,6.00850929e-14,1.02144658e-12,2.62901419e-11,4.73222555e-10,8.53527804e-70,1.53635005e-68,7.17622413e-05,1.43524483e-03
1.53272295e+03,1.00000000e-02,1.00000000e-30,1.60257493e+00,7.10907752e-01,7.10907752e-01,6.96785209e-02,2.78714084e-01,6.32099290e-05,7.58519148e-04,1.69198347e-05,2.19957852e-04,3.74859126e-06,4.87316863e-05,2.04755770e-04,2.86658077e-03,3.28049103e-04,4.92073654e-03,9.37807841e-11,1.31293098e-09,8.75106625e-08,1.31265994e-06,1.94352575e-07,3.10964120e-06,1.41996448e-07,2.41393962e-06,4.28820746e-12,7.71877343e-11,1.82701998e-14,3.10593397e-13,2.59855862e-11,4.67740551e-10,2.59533984e-70,4.67161172e-69,7.17622413e-05,1.43524483e-03
1.65213341e+03,1.00000000e-02,1.00000000e-30,1.60257493e+00,7.10907752e-01,7.10907752e-01,6.96785209e-02,2.78714084e-01,6.32099290e-05,7.58519148e-04,1.74043724e-05,2.26256841e-04,3.26405359e-06,4.24326967e-05,2.04755834e-04,2.86658168e-03,3.28092210e-04,4.92138314e-03,2.90375687e-11,4.06525961e-10,4.44037213e-08,6.66055820e-07,1.94352575e-07,3.10964120e-06,1.41996462e-07,2.41393985e-06,4.61254046e-12,8.30257282e-11,5.06337298e-15,8.60773407e-14,2.56612532e-11,4.61902557e-10,7.19268194e-71,1.29468275e-69,7.17622413e-05,1.43524483e-03
1.78084683e+03,1.00000000e-02,1.00000000e-30,1.60257493e+00,7.10907752e-01,7.10907752e-01,6.96785209e-02,2.78714084e-01,6.32099290e-05,7.58519148e-04,1.78567621e-05,2.32137908e-04,2.81166385e-06,3.65516300e-05,2.04755855e-04,2.86658197e-03,3.28115242e-04,4.92172864e-03,8.20615689e-12,1.14886196e-10,2.13709096e-08,3.20563644e-07,1.94352575e-07,3.10964120e-06,1.41996465e-07,2.41393991e-06,4.95760943e-12,8.92369698e-11,1.26975080e-15,2.15857636e-14,2.53161842e-11,4.55691316e-10,1.80372129e-71,3.24669832e-70,7.17622413e-05,1.43524483e-03
1.91958797e+03,1.00000000e-02,1.00000000e-30,1.60257493e+00,7.10907752e-01,7.10907752e-01,6.96785209e-02,2.78714084e-01,6.32099290e-05,7.58519148e-04,1.82744401e-05,2.37567721e-04,2.39398591e-06,3.11218168e-05,2.04755861e-04,2.86658206e-03,3.28126897e-04,4.92190346e-03,2.10165834e-12,2.94232168e-11,9.71591099e-09,1.45738665e-07,1.94352575e-07,3.10964120e-06,1.41996466e-07,2.41393993e-06,5.32436715e-12,9.58386087e-11,2.85888242e-16,4.86010011e-15,2.49494265e-11,4.49089677e-10,4.06113316e-72,7.31003969e-71,7.17622413e-05,1.43524483e-03
2.06913808e+03,1.00000000e-02,1.00000000e-30,1.60257493e+00,7.10907752e-01,7.10907752e-01,6.96785209e-02,2.78714084e-01,6.32099290e-05,7.58519148e-04,1.86554500e-05,2.42520850e-04,2.01297597e-06,2.61686875e-05,2.04755863e-04,2.86658208e-03,3.28132459e-04,4.92198689e-03,4.84056529e-13,6.77679140e-12,4.15406471e-09,6.23109706e-08,1.94352575e-07,3.10964120e-06,1.41996467e-07,2.41393993e-06,5.71374997e-12,1.02847499e-10,5.73095839e-17,9.74262926e-16,2.45600437e-11,4.42080786e-10,8.14100818e-73,1.46538147e-71,7.17622413e-05,1.43524483e-03
2.23033925e+03,1.00000000e-02,1.00000000e-30,1.60257493e+00,7.10907752e-01,7.10907752e-01,6.96785209e-02,2.78714084e-01,6.32099290e-05,7.58519148e-04,1.89985259e-05,2.46980837e-04,1.66990008e-06,2.17087011e-05,2.04755863e-04,2.86658209e-03,3.28134951e-04,4.92202427e-03,9.94377087e-14,1.39212792e-12,1.66231892e-09,2.49347838e-08,1.94352575e-07,3.10964120e-06,1.41996467e-07,2.41393993e-06,6.12666569e-12,1.10279982e-10,1.01363411e-17,1.72317798e-16,2.41471280e-11,4.34648303e-10,1.43989940e-73,2.59181893e-72,7.17622413e-05,1.43524483e-03
2.40409918e+03,1.00000000e-02,1.00000000e-30,1.60257493e+00,7.10907752e-01,7.10907752e-01,6.96785209e-02,2.78714084e-01,6.32099290e-05,7.58519148e-04,1.93031503e-05,2.50940954e-04,1.36527565e-06,1.77485834e-05,2.04755863e-04,2.86658209e-03,3.28135994e-04,4.92203991e-03,1.80574625e-14,2.52804476e-13,6.19394084e-10,9.29091125e-09,1.94352575e-07,3.10964120e-06,1.41996467e-07,2.41393993e-06,6.56397952e-12,1.18151631e-10,1.56646842e-18,2.66299632e-17,2.37098141e-11,4.26776654e-10,2.22521809e-74,4.00539256e-73,7.17622413e-05,1.43524483e-03
2.59139630e+03,1.00000000e-02,1.00000000e-30,1.60257493e+00,7.10907752e-01,7.10907752e-01,6.96785209e-02,2.78714084e-01,6.32099290e-05,7.58519148e-04,1.95695830e-05,2.54404579e-04,1.09884296e-06,1.42849585e-05,2.04755863e-04,2.86658209e-03,3.28136400e-04,4.92204599e-03,2.87105240e-15,4.01947336e-14,2.13706217e-10,3.20559326e-09,1.94352575e-07,3.10964120e-06,1.41996467e-07,2.41393993e-06,7.02649805e-12,1.26476965e-10,2.09306272e-19,3.55820662e-18,2.32472956e-11,4.18451321e-10,2.97326198e-75,5.35187157e-74,7.17622413e-05,1.43524483e-03
2.79328525e+03,1.00000000e-02,1.00000000e-30,1.60257493e+00,7.10907752e-01,7.10907752e-01,6.96785209e-02,2.78714084e-01,6.32099290e-05,7.58519148e-04,1.97988542e-05,2.57385105e-04,8.69571789e-07,1.13044333e-05,2.04755863e-04,2.86658209e-03,3.28136545e-04,4.92204818e-03,3.95555513e-16,5.53777718e-15,6.78675799e-11,1.01801370e-09,1.94352575e-07,3.10964120e-06,1.41996467e-07,2.41393993e-06,7.51495099e-12,1.35269118e-10,2.39078708e-20,4.06433804e-19,2.27588426e-11,4.09659168e-10,3.39618888e-76,6.11313999e-75,7.17622413e-05,1.43524483e-03
3.01090284e+03,1.00000000e-02,1.00000000e-30,1.60257493e+00,7.10907752e-01,7.10907752e-01,6.96785209e-02,2.78714084e-01,6.32099290e-05,7.58519148e-04,1.99927204e-05,2.59905365e-04,6.75705584e-07,8.78417259e-06,2.04755863e-04,2.86658209e-03,3.28136594e-04,4.92204890e-03,4.66990908e-17,6.53787272e-16,1.97104990e-11,2.95657485e-10,1.94352575e-07,3.10964120e-06,1.41996467e-07,2.41393993e-06,8.02997088e-12,1.44539476e-10,2.30617336e-21,3.92049472e-20,2.22438228e-11,4.00388810e-10,3.27599242e-77,5.89678635e-76,7.17622413e-05,1.43524483e-03
3.24547446e+03,1.00000000e-02,1.00000000e-30,1.60257493e+00,7.10907752e-01,7.10907752e-01,6.96785209e-02,2.78714084e-01,6.32099290e-05,7.58519148e-04,2.01535828e-05,2.61996576e-04,5.14843198e-07,6.69296157e-06,2.04755863e-04,2.86658209e-03,3.28136608e-04,4.92204912e-03,4.66787473e-18,6.53502462e-17,5.19875476e-12,7.79813214e-11,1.94352575e-07,3.10964120e-06,1.41996467e-07,2.41393993e-06,8.57207039e-12,1.54297267e-10,1.85402861e-22,3.15184864e-21,2.17017233e-11,3.90631019e-10,2.63370646e-78,4.74067162e-77,7.17622413e-05,1.43524483e-03
3.49832094e+03,1.00000000e-02,1.00000000e-30,1.60257493e+00,7.10907752e-01,7.10907752e-01,6.96785209e-02,2.78714084e-01,6.32099290e-05,7.58519148e-04,2.02843714e-05,2.63696828e-04,3.84054579e-07,4.99270953e-06,2.04755863e-04,2.86658209e-03,3.28136612e-04,4.92204918e-03,3.89950161e-19,5.45930226e-18,1.23597161e-12,1.85395742e-11,1.94352575e-07,3.10964120e-06,1.41996467e-07,2.41393993e-06,9.14161749e-12,1.64549115e-10,1.22476194e-23,2.08209530e-22,2.11321761e-11,3.80379171e-10,1.73981319e-79,3.13166375e-78,7.17622413e-05,1.43524483e-03
3.77086603e+03,1.00000000e-02,1.00000000e-30,1.60257493e+00,7.10907752e-01,7.10907752e-01,6.96785209e-02,2.78714084e-01,6.32099290e-05,7.58519148e-04,2.03884024e-05,2.65049231e-04,2.80023645e-07,3.64030738e-06,2.04755863e-04,2.86658209e-03,3.28136613e-04,4.92204920e-03,2.68477023e-20,3.75867832e-19,2.62731452e-13,3.94097178e-12,1.94352575e-07,3.10964120e-06,1.41996467e-07,2.41393993e-06,9.73880850e-12,1.75298553e-10,6.54715104e-25,1.11301568e-23,2.05349851e-11,3.69629733e-10,9.30043574e-81,1.67407843e-79,7.17622413e-05,1.43524483e-03
4.06464440e+03,1.00000000e-02,1.00000000e-30,1.60257493e+00,7.10907752e-01,7.10907752e-01,6.96785209e-02,2.78714084e-01,6.32099290e-05,7.58519148e-04,2.04692176e-05,2.66099828e-04,1.99208425e-07,2.58970952e-06,2.04755863e-04,2.86658209e-03,3.28136613e-04,4.92204920e-03,1.50061212e-21,2.10085696e-20,4.95020436e-14,7.42530654e-13,1.94352575e-07,3.10964120e-06,1.41996467e-07,2.41393993e-06,1.03636392e-11,1.86545505e-10,2.78582869e-26,4.73590877e-25,1.99101545e-11,3.58382781e-10,3.95735802e-82,7.12324444e-81,7.17622413e-05,1.43524483e-03
4.38131027e+03,1.00000000e-02,1.00000000e-30,1.60257493e+00,7.10907752e-01,7.10907752e-01,6.96785209e-02,2.78714084e-01,6.32099290e-05,7.58519148e-04,2.05304196e-05,2.66895455e-04,1.38006394e-07,1.79408312e-06,2.04755863e-04,2.86658209e-03,3.28136613e-04,4.92204920e-03,6.69946448e-23,9.37925028e-22,8.18954925e-15,1.22843239e-13,1.94352575e-07,3.10964120e-06,1.41996467e-07,2.41393993e-06,1.10158741e-11,1.98285734e-10,9.26910848e-28,1.57574844e-26,1.92579195e-11,3.46642552e-10,1.31670626e-83,2.37007127e-82,7.17622413e-05,1.43524483e-03
4.72264677e+03,1.00000000e-02,1.00000000e-30,1.60257493e+00,7.10907752e-01,7.10907752e-01,6.96785209e-02,2.78714084e-01,6.32099290e-05,7.58519148e-04,2.05755140e-05,2.67481682e-04,9.29119579e-08,1.20785545e-06,2.04755863e-04,2.86658209e-03,3.28136613e-04,4.92204920e-03,2.34757317e-24,3.28660244e-23,1.17766812e-15,1.76650219e-14,1.94352575e-07,3.10964120e-06,1.41996467e-07,2.41393993e-06,1.16950152e-11,2.10510274e-10,2.36581711e-29,4.02188910e-28,1.85787784e-11,3.34418012e-10,3.36071826e-85,6.04929286e-84,7.17622413e-05,1.43524483e-03
5.09057590e+03,1.00000000e-02,1.00000000e-30,1.60257493e+00,7.10907752e-01,7.10907752e-01,6.96785209e-02,2.78714084e-01,6.32099290e-05,7.58519148e-04,2.06077723e-05,2.67901040e-04,6.06537107e-08,7.88498239e-07,2.04755863e-04,2.86658209e-03,3.28136613e-04,4.92204920e-03,6.33593382e-26,8.87030735e-25,1.45602703e-16,2.18404055e-15,1.94352575e-07,3.10964120e-06,1.41996467e-07,2.41393993e-06,1.24002694e-11,2.23204849e-10,4.53747336e-31,7.71370471e-30,1.78735242e-11,3.21723436e-10,6.44562484e-87,1.16021247e-85,7.17622413e-05,1.43524483e-03
5.48716944e+03,1.00000000e-02,1.00000000e-30,1.60257493e+00,7.10907752e-01,7.10907752e-01,6.96785209e-02,2.78714084e-01,6.32099290e-05,7.58519148e-04,2.06301247e-05,2.68191621e-04,3.83013057e-08,4.97916974e-07,2.04755863e-04,2.86658209e-03,3.28136613e-04,4.92204920e-03,1.29054668e-27,1.80676535e-26,1.52963218e-17,2.29444826e-16,1.94352575e-07,3.10964120e-06,1.41996467e-07,2.41393993e-06,1.31305165e-11,2.36349298e-10,6.39523649e-33,1.08719020e-31,1.71432771e-11,3.08578988e-10,9.08463630e-89,1.63523453e-87,7.17622413e-05,1.43524483e-03
5.91466054e+03,1.00000000e-02,1.00000000e-30,1.60257493e+00,7.10907752e-01,7.10907752e-01,6.96785209e-02,2.78714084e-01,6.32099290e-05,7.58519148e-04,2.06450906e-05,2.68386177e-04,2.33354433e-08,3.03360762e-07,2.04755863e-04,2.86658209e-03,3.28136613e-04,4.92204920e-03,1.94084305e-29,2.71718027e-28,1.34823604e-18,2.02235405e-17,1.94352575e-07,3.10964120e-06,1.41996467e-07,2.41393993e-06,1.38842787e-11,2.49917017e-10,6.46683160e-35,1.09936137e-33,1.63895149e-11,2.95011268e-10,9.18633942e-91,1.65354110e-89,7.17622413e-05,1.43524483e-03
6.37545637e+03,1.00000000e-02,1.00000000e-30,1.60257493e+00,7.10907752e-01,7.10907752e-01,6.96785209e-02,2.78714084e-01,6.32099290e-05,7.58519148e-04,2.06547470e-05,2.68511711e-04,1.36789581e-08,1.77826456e-07,2.04755863e-04,2.86658209e-03,3.28136613e-04,4.92204920e-03,2.10503066e-31,2.94704293e-30,9.83490584e-20,1.47523588e-18,1.94352575e-07,3.10964120e-06,1.41996467e-07,2.41393993e-06,1.46596922e-11,2.63874459e-10,4.57277222e-37,7.77371278e-36,1.56141015e-11,2.81053827e-10,6.49576800e-93,1.16923824e-91,7.17622413e-05,1.43524483e-03
6.87215161e+03,1.00000000e-02,1.00000000e-30,1.60257493e+00,7.10907752e-01,7.10907752e-01,6.96785209e-02,2.78714084e-01,6.32099290e-05,7.58519148e-04,2.06607344e-05,2.68589547e-04,7.69162929e-09,9.99911807e-08,2.04755863e-04,2.86658209e-03,3.28136613e-04,4.92204920e-03,1.60190448e-33,2.24266628e-32,5.85001355e-21,8.77502033e-20,1.94352575e-07,3.10964120e-06,1.41996467e-07,2.41393993e-06,1.54544825e-11,2.78180686e-10,2.19160041e-39,3.72572070e-38,1.48193111e-11,2.66747600e-10,3.11323790e-95,5.60382823e-94,7.17622413e-05,1.43524483e-03
7.40754307e+03,1.00000000e-02,1.00000000e-30,1.60257493e+00,7.10907752e-01,7.10907752e-01,6.96785209e-02,2.78714084e-01,6.32099290e-05,7.58519148e-04,2.06642907e-05,2.68635779e-04,4.13526950e-09,5.37585035e-08,2.04755863e-04,2.86658209e-03,3.28136613e-04,4.92204920e-03,8.23461045e-36,1.15284546e-34,2.79113201e-22,4.18669802e-21,1.94352575e-07,3.10964120e-06,1.41996467e-07,2.41393993e-06,1.62659465e-11,2.92787038e-10,6.78489436e-42,1.15343204e-40,1.40078471e-11,2.52141248e-10,9.63815766e-98,1.73486838e-96,7.17622413e-05,1.43524483e-03
7.98464550e+03,1.00000000e-02,1.00000000e-30,1.60257493e+00,7.10907752e-01,7.10907752e-01,6.96785209e-02,2.78714084e-01,6.32099290e-05,7.58519148e-04,2.06663077e-05,2.68662000e-04,2.11832390e-09,2.75382107e-08,2.04755863e-04,2.86658209e-03,3.28136613e-04,4.92204920e-03,2.83860676e-38,3.97404947e-37,1.05125359e-23,1.57688038e-22,1.94352575e-07,3.10964120e-06,1.41996467e-07,2.41393993e-06,1.70909404e-11,3.07636927e-10,1.36492658e-44,2.32037519e-43,1.31828533e-11,2.37291359e-10,1.93892151e-100,3.49005872e-99,7.17622413e-05,1.43524483e-03
8.60670847e+03,1.00000000e-02,1.00000000e-30,1.60257493e+00,7.10907752e-01,7.10907752e-01,6.96785209e-02,2.78714084e-01,6.32099290e-05,7.58519148e-04,2.06673960e-05,2.68676148e-04,1.03002560e-09,1.33903328e-08,2.04755863e-04,2.86658209e-03,3.28136613e-04,4.92204920e-03,6.26367420e-41,8.76914389e-40,3.06647756e-25,4.59971634e-24,1.94352575e-07,3.10964120e-06,1.41996467e-07,2.41393993e-06,1.79258781e-11,3.22665805e-10,1.67958410e-47,2.85529297e-46,1.23479156e-11,2.22262480e-10,2.38590249e-103,4.29462448e-102,7.17622413e-05,1.43524483e-03
9.27723476e+03,1.00000000e-02,1.00000000e-30,1.60257493e+00,7.10907752e-01,7.10907752e-01,6.96785209e-02,2.78714084e-01,6.32099290e-05,7.58519148e-04,2.06679525e-05,2.68683383e-04,4.73486219e-10,6.15532084e-09,2.04755863e-04,2.86658209e-03,3.28136613e-04,4.92204920e-03,8.57993541e-44,1.20119096e-42,6.79058527e-27,1.01858779e-25,1.94352575e-07,3.10964120e-06,1.41996467e-07,2.41393993e-06,1.87667414e-11,3.37801345e-10,1.22674377e-50,2.08546440e-49,1.15070523e-11,2.07126941e-10,1.74262843e-106,3.13673118e-105,7.17622413e-05,1.43524483e-03
1.00000000e+04,1.00000000e-02,1.00000000e-30,1.60257493e+00,7.10907752e-01,7.10907752e-01,6.96785209e-02,2.78714084e-01,6.32099290e-05,7.58519148e-04,2.06682211e-05,2.68686875e-04,2.04865863e-10,2.66325622e-09,2.04755863e-04,2.86658209e-03,3.28136613e-04,4.92204920e-03,7.01146673e-47,9.81605342e-46,1.11738329e-28,1.67607493e-27,1.94352575e-07,3.10964120e-06,1.41996467e-07,2.41393993e-06,1.96091033e-11,3.52963859e-10,5.07839437e-54,8.63327042e-53,1.06646903e-11,1.91964426e-10,7.21401995e-110,1.29852359e-108,7.17622413e-05,1.43524483e-03
