time,t9,rho,b10,b11,b12,b13,b14,b8,be10,be11,be12,be7,be9,c10,c11,c12,c13,c14,c15,c16,c9,f14,f15,f16,f17,f18,f19,f20,f21,f22,f23,h1,h2,h3,he3,he4,he6,li6,li7,li8,li9,n,n11,n12,n13,n14,n15,n16,n17,n18,ne16,ne17,ne18,ne19,ne20,ne21,ne22,ne23,ne24,ne25,o12,o13,o14,o15,o16,o17,o18,o19,o20,o21
0.00000000e+00,2.00000000e-01,1.50000000e+04,0.00000000e+00,0.00000000e+00,0.00000000e+00,0.00000000e+00,0.00000000e+00,0.00000000e+00,0.00000000e+00,0.00000000e+00,0.00000000e+00,0.00000000e+00,0.00000000e+00,0.00000000e+00,0.00000000e+00,1.89972106e-04,2.13235956e-06,0.00000000e+00,0.00000000e+00,0.00000000e+00,0.00000000e+00,0.00000000e+00,0.00000000e+00,0.00000000e+00,0.00000000e+00,0.00000000e+00,0.00000000e+00,0.00000000e+00,0.00000000e+00,0.00000000e+00,0.00000000e+00,7.12941125e-01,0.00000000e+00,0.00000000e+00,1.14787684e-05,6.91377283e-02,0.00000000e+00,0.00000000e+00,0.00000000e+00,0.00000000e+00,0.00000000e+00,0.00000000e+00,0.00000000e+00,0.00000000e+00,0.00000000e+00,5.71014320e-05,2.09931735e-07,0.00000000e+00,0.00000000e+00,0.00000000e+00,0.00000000e+00,0.00000000e+00,0.00000000e+00,0.00000000e+00,7.17611355e-05,1.71411363e-07,5.27977883e-06,0.00000000e+00,0.00000000e+00,0.00000000e+00,0.00000000e+00,0.00000000e+00,0.00000000e+00,0.00000000e+00,3.62073936e-04,1.37916336e-07,7.25875455e-07,0.00000000e+00,0.00000000e+00,0.00000000e+00
1.00000000e-09,2.00000000e-01,1.49999999e+04,1.58279025e-35,9.72811660e-37,1.47054448e-57,3.96517408e-79,4.94416080e-103,5.28869623e-21,1.18441862e-51,8.42042481e-74,4.20957867e-96,5.63180398e-14,3.56253882e-30,7.69466120e-61,2.33664760e-27,1.89972303e-04,2.13235888e-06,8.34182562e-24,1.48953618e-45,2.58886151e-68,8.27369384e-29,0.00000000e+00,3.63864547e-64,1.89951744e-33,4.70726990e-13,2.15128381e-16,3.51263203e-12,5.46775295e-31,4.11231079e-50,1.73349968e-73,8.93446176e-97,7.12941124e-01,1.20163886e-20,3.02676085e-21,1.14787681e-05,6.91377292e-02,1.59416361e-72,1.02167988e-30,2.28579711e-27,2.46718578e-48,1.19949108e-69,5.86118389e-20,0.00000000e+00,2.84023513e-36,1.96074482e-11,5.71014280e-05,2.10332658e-07,4.92140603e-29,2.88698724e-51,2.76874873e-74,7.08087032e-209,1.26151698e-229,1.38260174e-23,4.97433150e-26,7.17611355e-05,1.71411363e-07,5.27977883e-06,1.92407613e-26,4.77398090e-48,7.75733274e-70,9.26282932e-250,7.92781157e-44,2.36770758e-19,4.73939550e-12,3.62073935e-04,1.37916229e-07,7.25253819e-07,2.47076223e-28,2.22734929e-48,8.95681906e-71
1.06553795e-09,2.00000000e-01,1.49999999e+04,1.88669296e-35,1.22000934e-36,2.04446447e-57,6.04738766e-79,8.09202477e-103,6.00463201e-21,1.48239163e-51,1.17995949e-73,6.49526215e-96,6.00090082e-14,3.96572046e-30,1.10254184e-60,2.65296249e-27,1.89972316e-04,2.13235884e-06,9.38183998e-24,1.88284392e-45,3.65690605e-68,1.00093408e-28,0.00000000e+00,4.40144675e-64,2.15629344e-33,5.01577472e-13,2.29227439e-16,3.74273698e-12,6.54529483e-31,5.52020557e-50,2.57717386e-73,1.44292163e-96,7.12941124e-01,1.35010540e-20,3.40396745e-21,1.14787681e-05,6.91377292e-02,1.88884889e-72,1.21214764e-30,2.74483871e-27,3.29758926e-48,1.77783157e-69,6.15760665e-20,0.00000000e+00,3.43605742e-36,2.08924809e-11,5.71014277e-05,2.10358901e-07,5.53538695e-29,3.64963014e-51,3.91128541e-74,9.67900541e-209,1.90073097e-229,1.56976609e-23,5.64771210e-26,7.17611355e-05,1.71411363e-07,5.27977883e-06,2.16395971e-26,6.03476071e-48,1.09579569e-69,1.19283816e-249,1.02091896e-43,2.68822687e-19,5.05000575e-12,3.62073935e-04,1.37916222e-07,7.25213097e-07,2.77869926e-28,2.81549553e-48,1.26520522e-70
1.13537112e-09,2.00000000e-01,1.49999999e+04,2.24672092e-35,1.53262929e-36,2.84400822e-57,9.22157370e-79,1.33587345e-102,6.81748461e-21,1.85274841e-51,1.64937814e-73,9.98754661e-96,6.39418752e-14,4.40914981e-30,1.57735954e-60,3.01209734e-27,1.89972330e-04,2.13235879e-06,1.05455748e-23,2.37814723e-45,5.15449564e-68,1.21090920e-28,0.00000000e+00,5.32411982e-64,2.44775329e-33,5.34449831e-13,2.44250519e-16,3.98790822e-12,7.82987450e-31,7.40230644e-50,3.82109124e-73,2.33214621e-96,7.12941124e-01,1.51615159e-20,3.82601479e-21,1.14787680e-05,6.91377293e-02,2.23499340e-72,1.43645560e-30,3.29448389e-27,4.40189230e-48,2.62715714e-69,6.46357811e-20,0.00000000e+00,4.15687157e-36,2.22617320e-11,5.71014275e-05,2.10386859e-07,6.22248776e-29,4.61016478e-51,5.51345984e-74,1.32283000e-208,2.85961163e-229,1.78226709e-23,6.41224893e-26,7.17611355e-05,1.71411363e-07,5.27977883e-06,2.43237991e-26,7.62257397e-48,1.54459543e-69,1.53639511e-249,1.31496063e-43,3.05213523e-19,5.38097276e-12,3.62073935e-04,1.37916214e-07,7.25169709e-07,3.12324772e-28,3.55617262e-48,1.78334648e-70
1.20978102e-09,2.00000000e-01,1.49999999e+04,2.67308531e-35,1.92735027e-36,3.98423832e-57,1.44875307e-78,2.37362719e-102,7.74037373e-21,2.30976633e-51,2.30844498e-73,1.57570696e-95,6.81324941e-14,4.89562639e-30,2.27580193e-60,3.41984875e-27,1.89972345e-04,2.13235874e-06,1.18465119e-23,2.99864924e-45,7.29239546e-68,1.46493297e-28,0.00000000e+00,6.44016034e-64,2.77857623e-33,5.69476577e-13,2.60258178e-16,4.24913124e-12,9.36080914e-31,9.91992973e-50,5.75236617e-73,3.97174933e-96,7.12941123e-01,1.70168824e-20,4.29778227e-21,1.14787680e-05,6.91377294e-02,2.64161935e-72,1.70057770e-30,3.95241560e-27,5.86724307e-48,3.93519855e-69,6.77876871e-20,0.00000000e+00,5.02889866e-36,2.37207212e-11,5.71014272e-05,2.10416645e-07,6.99069348e-29,5.81367008e-51,7.80100406e-74,1.81425263e-208,4.40088570e-229,2.02353458e-23,7.28028190e-26,7.17611355e-05,1.71411363e-07,5.27977883e-06,2.73244640e-26,9.61186141e-48,2.18532317e-69,1.97915190e-249,1.69390506e-43,3.46530629e-19,5.73363066e-12,3.62073935e-04,1.37916206e-07,7.25123479e-07,3.50839277e-28,4.48408637e-48,2.52303412e-70
1.28906759e-09,2.00000000e-01,1.49999999e+04,3.17683710e-35,2.42690143e-36,5.57532558e-57,2.24651267e-78,4.05269535e-102,8.78819509e-21,2.87488013e-51,3.22080457e-73,2.44921101e-95,7.25977575e-14,5.42836114e-30,3.27049455e-60,3.88279801e-27,1.89972360e-04,2.13235869e-06,1.32996344e-23,3.77767352e-45,1.02831518e-67,1.77224605e-28,0.00000000e+00,7.79007713e-64,3.15407159e-33,6.06798904e-13,2.77314943e-16,4.52745583e-12,1.11826372e-30,1.32777008e-49,8.58870010e-73,6.56607702e-96,7.12941123e-01,1.90883855e-20,4.82469175e-21,1.14787680e-05,6.91377294e-02,3.11757328e-72,2.01063137e-30,4.73920320e-27,7.80957485e-48,5.84849715e-69,7.10271744e-20,0.00000000e+00,6.08386056e-36,2.52753296e-11,5.71014269e-05,2.10448376e-07,7.84887897e-29,7.32485399e-51,1.10013977e-73,2.48617112e-208,6.70252465e-229,2.29746273e-23,8.26582140e-26,7.17611355e-05,1.71411363e-07,5.27977883e-06,3.06761509e-26,1.21095060e-47,3.08168513e-69,2.54989855e-249,2.18239293e-43,3.93440880e-19,6.10940104e-12,3.62073935e-04,1.37916198e-07,7.25074224e-07,3.93856306e-28,5.64907490e-48,3.55780792e-70
1.37355044e-09,2.00000000e-01,1.49999999e+04,3.77094211e-35,3.05958767e-36,7.78623664e-57,3.43555392e-78,6.68576562e-102,9.97786084e-21,3.57264760e-51,4.47845347e-73,3.75012482e-95,7.73556650e-14,6.01049010e-30,4.67752760e-60,4.40841733e-27,1.89972377e-04,2.13235863e-06,1.49212657e-23,4.75514838e-45,1.44459414e-67,2.14402761e-28,0.00000000e+00,9.42286151e-64,3.58026341e-33,6.46567260e-13,2.95489572e-16,4.82400030e-12,1.33480911e-30,1.77489249e-49,1.27081597e-72,1.05664334e-95,7.12941123e-01,2.13991525e-20,5.41264818e-21,1.14787680e-05,6.91377295e-02,3.67323595e-72,2.37377384e-30,5.67932773e-27,1.03803680e-47,8.61774072e-69,7.43486944e-20,0.00000000e+00,7.36013405e-36,2.69318241e-11,5.71014265e-05,2.10482181e-07,8.80671706e-29,9.22128170e-51,1.54563564e-73,3.40250324e-208,1.00927831e-228,2.60847284e-23,9.38477440e-26,7.17611355e-05,1.71411363e-07,5.27977883e-06,3.44165100e-26,1.52435985e-47,4.32936088e-69,3.28570234e-249,2.81214930e-43,4.46701426e-19,6.50979864e-12,3.62073935e-04,1.37916189e-07,7.25021744e-07,4.41858221e-28,7.11085793e-48,4.99810469e-70
1.46357012e-09,2.00000000e-01,1.49999999e+04,4.47092280e-35,3.85997337e-36,1.08930389e-56,5.30249865e-78,1.13792410e-101,1.13285725e-20,4.42997085e-51,6.21415271e-73,5.76933815e-95,8.24253959e-14,6.64481104e-30,6.69967996e-60,5.00519046e-27,1.89972395e-04,2.13235857e-06,1.67290324e-23,5.97732001e-45,2.02764932e-67,2.59380181e-28,0.00000000e+00,1.13977615e-63,4.06398632e-33,6.88941952e-13,3.14855324e-16,5.13995591e-12,1.59202657e-30,2.36931083e-49,1.88480432e-72,1.72950026e-95,7.12941123e-01,2.39741546e-20,6.06802554e-21,1.14787680e-05,6.91377296e-02,4.32132486e-72,2.79866445e-30,6.80207993e-27,1.37710427e-47,1.27170094e-68,7.77459190e-20,0.00000000e+00,8.90414574e-36,2.86968819e-11,5.71014262e-05,2.10518194e-07,9.87465943e-29,1.15928429e-50,2.16969559e-73,4.66085001e-208,1.52940943e-228,2.96158473e-23,1.06552012e-25,7.17611355e-05,1.71411363e-07,5.27977883e-06,3.85861984e-26,1.91625377e-47,6.07699535e-69,4.23421812e-249,3.62396089e-43,5.07171915e-19,6.93643747e-12,3.62073935e-04,1.37916179e-07,7.24965828e-07,4.95365748e-28,8.93861207e-48,7.01546154e-70
1.55948950e-09,1.99999999e-01,1.49999999e+04,5.29443887e-35,4.87210352e-36,1.52636632e-56,8.22916238e-78,1.95920760e-101,1.28621311e-20,5.47950423e-51,8.60496130e-73,8.89552319e-95,8.78273865e-14,7.33407523e-30,9.60778014e-60,5.68274958e-27,1.89972414e-04,2.13235850e-06,1.87421497e-23,7.50202075e-45,2.84366181e-67,3.13792996e-28,0.00000000e+00,1.37864278e-63,4.61299427e-33,7.34093795e-13,3.35490265e-16,5.47659161e-12,1.89726140e-30,3.15829911e-49,2.79947255e-72,2.85053146e-95,7.12941123e-01,2.68406087e-20,6.79776980e-21,1.14787679e-05,6.91377297e-02,5.07586458e-72,3.29495864e-30,8.14199335e-27,1.82324704e-47,1.87809430e-68,8.12113354e-20,0.00000000e+00,1.07720620e-35,3.05776182e-11,5.71014258e-05,2.10556559e-07,1.10641041e-28,1.45519731e-50,3.04321997e-73,6.39065055e-208,2.32703348e-228,3.36249778e-23,1.20976070e-25,7.17611355e-05,1.71411363e-07,5.27977883e-06,4.32295363e-26,2.40519187e-47,8.52303365e-69,5.45691348e-249,4.67043651e-43,5.75828365e-19,7.39103733e-12,3.62073935e-04,1.37916168e-07,7.24906253e-07,5.54946402e-28,1.12188472e-47,9.83888480e-70
1.66169525e-09,1.99999999e-01,1.49999999e+04,6.26106011e-35,6.15284575e-36,2.13643429e-56,1.26653163e-77,3.29248035e-101,1.46032885e-20,6.76232263e-51,1.18819926e-72,1.35940286e-94,9.35834124e-14,8.08117933e-30,1.37410618e-59,6.45203083e-27,1.89972434e-04,2.13235843e-06,2.09816512e-23,9.40339456e-45,3.97764064e-67,3.79620593e-28,0.00000000e+00,1.66755078e-63,5.23608374e-33,7.82204797e-13,3.57477573e-16,5.83525909e-12,2.25895224e-30,4.20395993e-49,4.13595963e-72,4.61867277e-95,7.12941123e-01,3.00283029e-20,7.60948192e-21,1.14787679e-05,6.91377297e-02,5.95146222e-72,3.87296250e-30,9.73949648e-27,2.40965065e-47,2.75942732e-68,8.47359442e-20,0.00000000e+00,1.30318329e-35,3.25816143e-11,5.71014254e-05,2.10597429e-07,1.23875316e-28,1.82428348e-50,4.25726698e-73,8.75742548e-208,3.51751101e-228,3.81768287e-23,1.37352727e-25,7.17611355e-05,1.71411363e-07,5.27977883e-06,4.83950391e-26,3.01496919e-47,1.19223616e-68,7.03314595e-249,6.01949656e-43,6.53778919e-19,7.87543073e-12,3.62073935e-04,1.37916157e-07,7.24842779e-07,6.21221309e-28,1.40624732e-47,1.37625263e-69
1.77059935e-09,1.99999999e-01,1.49999999e+04,7.39400681e-35,7.77186604e-36,2.99161092e-56,1.95739727e-77,5.61734977e-101,1.65801476e-20,8.32379500e-51,1.63594482e-72,2.07784718e-94,9.97166763e-14,8.88832631e-30,1.96570435e-59,7.32545077e-27,1.89972456e-04,2.13235836e-06,2.34700288e-23,1.17678656e-44,5.55403217e-67,4.59257563e-28,0.00000000e+00,2.01697815e-63,5.94323340e-33,8.33468896e-13,3.80905879e-16,6.21739811e-12,2.68714045e-30,5.58637631e-49,6.10886465e-72,7.53523627e-95,7.12941123e-01,3.35690858e-20,8.51128537e-21,1.14787679e-05,6.91377298e-02,6.96584812e-72,4.54502193e-30,1.16427602e-26,3.17743400e-47,4.05027442e-68,8.83100144e-20,0.00000000e+00,1.57656617e-35,3.47169484e-11,5.71014250e-05,2.10640966e-07,1.38582981e-28,2.28335619e-50,5.94522464e-73,1.20070990e-207,5.33224979e-228,4.33448688e-23,1.55946308e-25,7.17611355e-05,1.71411363e-07,5.27977883e-06,5.41345849e-26,3.77332947e-47,1.66482168e-68,9.06506942e-249,7.75857247e-43,7.42281732e-19,8.39157028e-12,3.62073935e-04,1.37916146e-07,7.24775150e-07,6.94854382e-28,1.75987849e-47,1.92170367e-69
1.88664080e-09,1.99999999e-01,1.49999999e+04,8.71949054e-35,9.81721615e-36,4.18990590e-56,3.03012837e-77,9.61032833e-101,1.88246154e-20,1.02170585e-50,2.24575802e-72,3.17226603e-94,1.06251902e-13,9.75744273e-30,2.81194603e-59,8.31710681e-27,1.89972479e-04,2.13235828e-06,2.62315974e-23,1.47015008e-44,7.74108116e-67,5.55600835e-28,0.00000000e+00,2.43959530e-63,6.74576231e-33,8.88092738e-13,4.05869623e-16,6.62454224e-12,3.19347067e-30,7.41035401e-49,9.01501702e-72,1.23054649e-94,7.12941123e-01,3.74973819e-20,9.51195791e-21,1.14787678e-05,6.91377299e-02,8.13843976e-72,5.32478391e-30,1.39084037e-26,4.17986774e-47,5.93637288e-68,9.19225571e-20,0.00000000e+00,1.90729966e-35,3.69922282e-11,5.71014245e-05,2.10687344e-07,1.54908502e-28,2.85305776e-50,8.28744155e-73,1.64706878e-207,8.09355318e-228,4.92125123e-23,1.77056921e-25,7.17611355e-05,1.71411363e-07,5.27977883e-06,6.05042571e-26,4.71432773e-47,2.32052144e-68,1.16843659e-248,1.00003683e-42,8.42765275e-19,8.94153654e-12,3.62073935e-04,1.37916133e-07,7.24703097e-07,7.76563131e-28,2.19864726e-47,2.67846381e-69
2.01028738e-09,1.99999999e-01,1.49999998e+04,1.02666490e-34,1.24005870e-35,5.86276308e-56,4.66972557e-77,1.62285169e-100,2.13729182e-20,1.25047330e-50,3.07341409e-72,4.81637386e-94,1.13215432e-13,1.06902793e-29,4.01589344e-59,9.44300476e-27,1.89972503e-04,2.13235819e-06,2.92926733e-23,1.83353120e-44,1.07636138e-66,6.72155071e-28,0.00000000e+00,2.95072331e-63,7.65650924e-33,9.46296514e-13,4.32469433e-16,7.05832492e-12,3.79134942e-30,9.81293464e-49,1.32570473e-71,1.99095214e-94,7.12941123e-01,4.18504437e-20,1.06209953e-20,1.14787678e-05,6.91377300e-02,9.48985184e-72,6.22696288e-30,1.66027100e-26,5.48612043e-47,8.66905824e-68,9.55611376e-20,0.00000000e+00,2.30741488e-35,3.94166255e-11,5.71014240e-05,2.10736748e-07,1.73008312e-28,3.55889384e-50,1.15249322e-72,2.25896520e-207,1.22428768e-227,5.58744653e-23,2.01025299e-25,7.17611355e-05,1.71411363e-07,5.27977883e-06,6.75647555e-26,5.88003446e-47,3.22676908e-68,1.50608187e-248,1.28901980e-42,9.56851396e-19,9.52754647e-12,3.62073935e-04,1.37916120e-07,7.24626329e-07,8.67123919e-28,2.74215573e-47,3.72433622e-69
2.14203749e-09,1.99999999e-01,1.49999998e+04,1.20693060e-34,1.56597724e-35,8.20127373e-56,7.21886811e-77,2.77186775e-100,2.42661862e-20,1.52576225e-50,4.19074221e-72,7.30543148e-94,1.20635338e-13,1.16875354e-29,5.73536923e-59,1.07213172e-26,1.89972529e-04,2.13235810e-06,3.26811685e-23,2.28243435e-44,1.49320082e-66,8.13160132e-28,0.00000000e+00,3.56888790e-63,8.69003576e-33,1.00831485e-12,4.60812532e-16,7.52048594e-12,4.49655024e-30,1.29682029e-48,1.94755694e-71,3.23704999e-94,7.12941123e-01,4.66677752e-20,1.18484617e-20,1.14787678e-05,6.91377301e-02,1.10441577e-71,7.26862365e-30,1.98040830e-26,7.18088154e-47,1.26360425e-67,9.92127361e-20,0.00000000e+00,2.79146679e-35,4.19999131e-11,5.71014235e-05,2.10789374e-07,1.93048487e-28,4.43106385e-50,1.59906240e-72,3.09980245e-207,1.85656357e-227,6.34382543e-23,2.28238299e-25,7.17611355e-05,1.71411363e-07,5.27977883e-06,7.53804601e-26,7.32025014e-47,4.47668390e-68,1.94132964e-248,1.66153874e-42,1.08638149e-18,1.01519623e-11,3.62073935e-04,1.37916106e-07,7.24544539e-07,9.67359762e-28,3.41360458e-47,5.16674002e-69
2.28242224e-09,1.99999999e-01,1.49999998e+04,1.41648395e-34,1.97686080e-35,1.14632428e-55,1.11450939e-76,4.71272788e-100,2.75511174e-20,1.85561043e-50,5.69340334e-72,1.10433433e-93,1.28541528e-13,1.27495205e-29,8.18424239e-59,1.21726767e-26,1.89972557e-04,2.13235801e-06,3.64271024e-23,2.83572005e-44,2.06634088e-66,9.83745312e-28,0.00000000e+00,4.31648893e-63,9.86285624e-33,1.07439773e-12,4.91013173e-16,8.01287826e-12,5.32718547e-30,1.71032503e-48,2.85441782e-71,5.24448807e-94,7.12941123e-01,5.19918563e-20,1.32051746e-20,1.14787677e-05,6.91377303e-02,1.28269284e-71,8.46808342e-30,2.36040882e-26,9.37337183e-47,1.83658554e-67,1.02862985e-19,0.00000000e+00,3.37706371e-35,4.47525044e-11,5.71014229e-05,2.10845431e-07,2.15207753e-28,5.50632214e-50,2.21319961e-72,4.25444094e-207,2.81327365e-227,7.20259618e-23,2.59135149e-25,7.17611355e-05,1.71411363e-07,5.27977883e-06,8.40206125e-26,9.09556875e-47,6.19542048e-68,2.50238904e-248,2.14173732e-42,1.23344623e-18,1.08173010e-11,3.62073935e-04,1.37916091e-07,7.24457399e-07,1.07815551e-27,4.24121881e-47,7.15004619e-69
2.43200751e-09,1.99999999e-01,1.49999998e+04,1.65949417e-34,2.49442511e-35,1.60034764e-55,1.71851483e-76,8.01187407e-100,3.12807315e-20,2.24918995e-50,7.70407578e-72,1.66261781e-93,1.36965875e-13,1.38757775e-29,1.16664881e-58,1.38205089e-26,1.89972587e-04,2.13235791e-06,4.05624600e-23,3.51613660e-44,2.85148517e-66,1.19011594e-27,0.00000000e+00,5.22060972e-63,1.11936985e-32,1.14481156e-12,5.23193092e-16,8.53747536e-12,6.30416313e-30,2.25088387e-48,4.17185065e-71,8.47656563e-94,7.12941122e-01,5.78679390e-20,1.47026507e-20,1.14787677e-05,6.91377304e-02,1.48657667e-71,9.84528306e-30,2.81099118e-26,1.22003266e-46,2.66025499e-67,1.06496577e-19,0.00000000e+00,4.08550790e-35,4.76854954e-11,5.71014224e-05,2.10905141e-07,2.39676696e-28,6.82902022e-50,3.05468078e-72,5.83983206e-207,4.26044255e-227,8.17761970e-23,2.94214536e-25,7.17611355e-05,1.71411363e-07,5.27977883e-06,9.35589869e-26,1.12790918e-46,8.55013294e-68,3.22562802e-248,2.76074225e-42,1.40041930e-18,1.15262447e-11,3.62073935e-04,1.37916074e-07,7.24364559e-07,1.20045353e-27,5.25904509e-47,9.86705333e-69
2.59139630e-09,1.99999999e-01,1.49999998e+04,1.94060965e-34,3.14571071e-35,2.23117511e-55,2.64472726e-76,1.35694814e-99,3.55152252e-20,2.71663922e-50,1.03814275e-71,2.49254493e-93,1.45942335e-13,1.50648681e-29,1.66115254e-58,1.56914107e-26,1.89972618e-04,2.13235780e-06,4.51211643e-23,4.35079111e-44,3.92360360e-66,1.43977912e-27,0.00000000e+00,6.31399492e-63,1.27037986e-32,1.21984016e-12,5.57482006e-16,9.09637901e-12,7.45161519e-30,2.95572045e-48,6.07958317e-71,1.36493339e-93,7.12941122e-01,6.43440084e-20,1.63530942e-20,1.14787676e-05,6.91377305e-02,1.71908571e-71,1.14220312e-29,3.34468980e-26,1.58321415e-46,3.83978715e-67,1.10097486e-19,0.00000000e+00,4.94257043e-35,5.08107091e-11,5.71014217e-05,2.10968742e-07,2.66657642e-28,8.45203974e-50,4.20398232e-72,8.01669289e-207,6.44523159e-227,9.28463323e-23,3.34042652e-25,7.17611355e-05,1.71411363e-07,5.27977883e-06,1.04073829e-25,1.39579539e-46,1.17658221e-67,4.15792897e-248,3.55867936e-42,1.58999571e-18,1.22816510e-11,3.62073935e-04,1.37916057e-07,7.24265648e-07,1.33525273e-27,6.50765919e-47,1.35772568e-68
2.76123110e-09,1.99999999e-01,1.49999998e+04,2.26496871e-34,3.96435413e-35,3.10583348e-55,4.06379586e-76,2.29670375e-99,4.03229442e-20,3.26921226e-50,1.39270475e-71,3.71993565e-93,1.55507093e-13,1.63143094e-29,2.36261647e-58,1.78155794e-26,1.89972652e-04,2.13235768e-06,5.01390889e-23,5.37206186e-44,5.38219016e-66,1.74181675e-27,0.00000000e+00,7.63623246e-63,1.44172350e-32,1.29978598e-12,5.94018134e-16,9.69182752e-12,8.79729867e-30,3.87223485e-48,8.83270317e-71,2.19234340e-93,7.12941122e-01,7.14707968e-20,1.81693980e-20,1.14787676e-05,6.91377307e-02,1.98345613e-71,1.32218419e-29,3.97613319e-26,2.04801889e-46,5.52138859e-67,1.13649117e-19,0.00000000e+00,5.97942867e-35,5.41407435e-11,5.71014211e-05,2.11036484e-07,2.96364767e-28,1.04385827e-49,5.76794691e-72,1.10063114e-206,9.74478242e-227,1.05415044e-22,3.79262337e-25,7.17611355e-05,1.71411363e-07,5.27977883e-06,1.15647881e-25,1.72362650e-46,1.61411459e-67,5.35972495e-248,4.58727237e-42,1.80523532e-18,1.30865651e-11,3.62073935e-04,1.37916039e-07,7.24160269e-07,1.48360889e-27,8.03553391e-47,1.86250626e-68
2.94219653e-09,1.99999999e-01,1.49999998e+04,2.63821375e-34,4.99213065e-35,4.31592082e-55,6.23173945e-76,3.87825168e-99,4.57814859e-20,3.91916230e-50,1.85965113e-71,5.52519449e-93,1.65698706e-13,1.76204977e-29,3.35629301e-58,2.02273002e-26,1.89972688e-04,2.13235756e-06,5.56540726e-23,6.61839353e-44,7.35931147e-66,2.10721599e-27,0.00000000e+00,9.23518156e-63,1.63613067e-32,1.38497129e-12,6.32948751e-16,1.03262045e-11,1.03730627e-29,5.06066663e-48,1.27915293e-70,3.50984783e-93,7.12941122e-01,7.93018034e-20,2.01651467e-20,1.14787675e-05,6.91377308e-02,2.28314664e-71,1.52698897e-29,4.72235756e-26,2.64052655e-46,7.90808031e-67,1.17134475e-19,0.00000000e+00,7.23380047e-35,5.76890220e-11,5.71014203e-05,2.11108636e-07,3.29024232e-28,1.28637431e-49,7.88844894e-72,1.51124123e-206,1.47214037e-226,1.19685197e-22,4.30603453e-25,7.17611355e-05,1.71411363e-07,5.27977883e-06,1.28368422e-25,2.12376836e-46,2.20726081e-67,6.90892305e-248,5.91320077e-42,2.04961217e-18,1.39442317e-11,3.62073934e-04,1.37916020e-07,7.24048001e-07,1.64663492e-27,9.90023328e-47,2.54676608e-68
3.13502206e-09,1.99999999e-01,1.49999998e+04,3.06649946e-34,6.28081351e-35,5.98598426e-55,9.53392680e-76,6.53399452e-99,5.19789521e-20,4.67965554e-50,2.47107647e-71,8.16379403e-93,1.76558256e-13,1.89786216e-29,4.76184186e-58,2.29654997e-26,1.89972726e-04,2.13235743e-06,6.17058837e-23,8.13530063e-44,1.00290255e-65,2.54926886e-27,0.00000000e+00,1.11686983e-62,1.85669607e-32,1.47573946e-12,6.74430785e-16,1.10020484e-11,1.22153700e-29,6.59730404e-48,1.84615938e-70,5.59919831e-93,7.12941122e-01,8.78932406e-20,2.23546000e-20,1.14787675e-05,6.91377310e-02,2.62182118e-71,1.75928938e-29,5.60316950e-26,3.39277602e-46,1.12788283e-66,1.20536431e-19,0.00000000e+00,8.75131615e-35,6.14698482e-11,5.71014196e-05,2.11185483e-07,3.64874018e-28,1.58164882e-49,1.07525493e-71,2.07522723e-206,2.22192887e-226,1.35887116e-22,4.88894662e-25,7.17611355e-05,1.71411363e-07,5.27977883e-06,1.42327179e-25,2.61086634e-46,3.00828881e-67,8.90594506e-248,7.62241417e-42,2.32707062e-18,1.48581079e-11,3.62073934e-04,1.37915999e-07,7.23928394e-07,1.82549967e-27,1.21699195e-46,3.47076567e-68
3.34048498e-09,1.99999999e-01,1.49999997e+04,3.55648828e-34,7.89443665e-35,8.28488965e-55,1.45461417e-75,1.09780762e-98,5.90153712e-20,5.56461258e-50,3.26697009e-71,1.19950304e-92,1.88129518e-13,2.03826288e-29,6.74685522e-58,2.60743737e-26,1.89972767e-04,2.13235729e-06,6.83362026e-23,9.97644856e-44,1.36198489e-65,3.08405576e-27,0.00000000e+00,1.35067204e-62,2.10692762e-32,1.57245640e-12,7.18631449e-16,1.17220620e-11,1.43658686e-29,8.57841351e-48,2.65490193e-70,8.89642492e-93,7.12941122e-01,9.73040062e-20,2.47526823e-20,1.14787674e-05,6.91377311e-02,3.00333354e-71,2.02189442e-29,6.64155043e-26,4.34386832e-46,1.60150830e-66,1.23837965e-19,0.00000000e+00,1.05871784e-34,6.54984629e-11,5.71014188e-05,2.11267328e-07,4.04163878e-28,1.94018004e-49,1.46059428e-71,2.84989336e-206,3.35000429e-226,1.54282307e-22,5.55076805e-25,7.17611355e-05,1.71411363e-07,5.27977883e-06,1.57620289e-25,3.20219571e-46,4.08583469e-67,1.14802425e-247,9.82570846e-42,2.64208896e-18,1.58318777e-11,3.62073934e-04,1.37915977e-07,7.23800971e-07,2.02142728e-27,1.49249783e-46,4.71362683e-68
3.55941352e-09,1.99999999e-01,1.49999997e+04,4.11534649e-34,9.91199771e-35,1.14408632e-54,2.21249397e-75,1.83787245e-98,6.70043118e-20,6.58847300e-50,4.29666367e-71,1.75205573e-92,2.00459137e-13,2.18251576e-29,9.54569498e-58,2.96041013e-26,1.89972811e-04,2.13235714e-06,7.55885547e-23,1.22048393e-43,1.84303236e-65,3.73103047e-27,0.00000000e+00,1.63337855e-62,2.39080123e-32,1.67551197e-12,7.65728914e-16,1.24891234e-11,1.68720486e-29,1.11250007e-47,3.80358632e-70,1.40720760e-92,7.12941121e-01,1.07595585e-19,2.73749541e-20,1.14787673e-05,6.91377313e-02,3.43172020e-71,2.31773826e-29,7.86412040e-26,5.54119964e-46,2.26353500e-66,1.27022520e-19,0.00000000e+00,1.28081706e-34,6.97911055e-11,5.71014179e-05,2.11354493e-07,4.47155004e-28,2.37430323e-49,1.97697651e-71,3.91394193e-206,5.04447977e-226,1.75167675e-22,6.30218082e-25,7.17611355e-05,1.71411363e-07,5.27977883e-06,1.74348145e-25,3.91804659e-46,5.52958804e-67,1.47986839e-247,1.26659043e-41,2.99975172e-18,1.68694663e-11,3.62073934e-04,1.37915953e-07,7.23665220e-07,2.23569497e-27,1.82598027e-46,6.37872736e-68
3.79269019e-09,1.99999999e-01,1.49999997e+04,4.75070562e-34,1.24307541e-34,1.57610894e-54,3.35386357e-75,3.06450325e-98,7.60747167e-20,7.76591554e-50,5.62046742e-71,2.54337475e-92,2.13596812e-13,2.32976236e-29,1.34854512e-57,3.36116543e-26,1.89972857e-04,2.13235698e-06,8.35083042e-23,1.48942068e-43,2.48484504e-65,4.51372774e-27,0.00000000e+00,1.97520739e-62,2.71282270e-32,1.78532158e-12,8.15913028e-16,1.33062971e-11,1.97879200e-29,1.43886531e-47,5.42800646e-70,2.21517828e-92,7.12941121e-01,1.18832037e-19,3.02376049e-20,1.14787673e-05,6.91377315e-02,3.91115942e-71,2.64984471e-29,9.30164758e-26,7.04189028e-46,3.18391280e-66,1.30074256e-19,0.00000000e+00,1.54950857e-34,7.43650802e-11,5.71014170e-05,2.11447322e-07,4.94120054e-28,2.89846825e-49,2.66615914e-71,5.37545590e-206,7.58562438e-226,1.98880319e-22,7.15531298e-25,7.17611355e-05,1.71411363e-07,5.27977883e-06,1.92615382e-25,4.78217736e-46,7.45614398e-67,1.90763749e-247,1.63271083e-41,3.40583174e-18,1.79750564e-11,3.62073934e-04,1.37915928e-07,7.23520601e-07,2.46963271e-27,2.22848942e-46,8.60043773e-68
4.04125533e-09,1.99999999e-01,1.49999997e+04,5.47063145e-34,1.55701195e-34,2.16576314e-54,5.06565857e-75,5.08765959e-98,8.63729832e-20,9.11147994e-50,7.31134255e-71,3.66852050e-92,2.27595503e-13,2.47902368e-29,1.90219913e-57,3.81617168e-26,1.89972907e-04,2.13235681e-06,9.21425841e-23,1.81304858e-43,3.33760672e-65,5.46061947e-27,0.00000000e+00,2.38850826e-62,3.07809772e-32,1.90232789e-12,8.69386081e-16,1.41768458e-11,2.31748120e-29,1.85585371e-47,7.71508574e-70,3.46944268e-92,7.12941121e-01,1.31079892e-19,3.33574222e-20,1.14787672e-05,6.91377317e-02,4.44595690e-71,3.02130718e-29,1.09896326e-25,8.91428812e-46,4.45642752e-66,1.32978434e-19,0.00000000e+00,1.87456660e-34,7.92388250e-11,5.71014160e-05,2.11546177e-07,5.45342811e-28,3.52953292e-49,3.58218054e-71,7.38290043e-206,1.13904179e-225,2.25802970e-22,8.12393436e-25,7.17611355e-05,1.71411363e-07,5.27977883e-06,2.12530716e-25,5.82229307e-46,1.00163482e-66,2.45906020e-247,2.10466474e-41,3.86688331e-18,1.91531045e-11,3.62073934e-04,1.37915901e-07,7.23366536e-07,2.72462094e-27,2.71290774e-46,1.15525741e-67
4.30611093e-09,1.99999999e-01,1.49999997e+04,6.28356674e-34,1.94763373e-34,2.96811166e-54,7.62200755e-75,8.40756109e-98,9.80653265e-20,1.06390989e-49,9.45665324e-71,5.25659873e-92,2.42511639e-13,2.62921318e-29,2.67895456e-57,4.33277296e-26,1.89972959e-04,2.13235663e-06,1.01540270e-22,2.20134621e-43,4.46590506e-65,6.60615037e-27,0.00000000e+00,2.88820637e-62,3.49241101e-32,2.02700256e-12,9.26363618e-16,1.51042431e-11,2.71022337e-29,2.38698982e-47,1.09208009e-69,5.40541905e-92,7.12941121e-01,1.44408107e-19,3.67517749e-20,1.14787671e-05,6.91377319e-02,5.04051636e-71,3.43525704e-29,1.29689561e-25,1.12396551e-45,6.20594791e-66,1.35721748e-19,0.00000000e+00,2.26781579e-34,8.44319864e-11,5.71014149e-05,2.11651448e-07,6.01118108e-28,4.28709375e-49,4.79462993e-71,1.01402042e-205,1.70782149e-225,2.56370171e-22,9.22367883e-25,7.17611355e-05,1.71411363e-07,5.27977883e-06,2.34206878e-25,7.07058412e-46,1.34044013e-66,3.16988062e-247,2.71304521e-41,4.39034803e-18,2.04083594e-11,3.62073934e-04,1.37915873e-07,7.23202410e-07,3.00208948e-27,3.29419917e-46,1.54588735e-67
4.58832461e-09,1.99999998e-01,1.49999997e+04,7.19828063e-34,2.43279762e-34,4.05648503e-54,1.14230141e-74,1.38233700e-97,1.11340462e-19,1.23616526e-49,1.21596539e-70,7.48159036e-92,2.58405347e-13,2.77914363e-29,3.76692036e-57,4.91930752e-26,1.89973015e-04,2.13235644e-06,1.11751898e-22,2.66585718e-43,5.95244669e-65,7.99199096e-27,0.00000000e+00,3.49233827e-62,3.96231572e-32,2.15984815e-12,9.87075313e-16,1.60921871e-11,3.16488874e-29,3.06141011e-47,1.53942040e-69,8.37630840e-92,7.12941121e-01,1.58887949e-19,4.04385775e-20,1.14787670e-05,6.91377322e-02,5.69933302e-71,3.89484650e-29,1.52866156e-25,1.41138264e-45,8.59770315e-66,1.38292757e-19,0.00000000e+00,2.74356141e-34,8.99654985e-11,5.71014138e-05,2.11763546e-07,6.61751443e-28,5.19384764e-49,6.39267529e-71,1.39274817e-205,2.55665459e-225,2.91075287e-22,1.04722966e-24,7.17611355e-05,1.71411363e-07,5.27977883e-06,2.57760435e-25,8.56431483e-46,1.78690670e-66,4.08617558e-247,3.49728910e-41,4.98467482e-18,2.17458812e-11,3.62073934e-04,1.37915842e-07,7.23027568e-07,3.30351492e-27,3.98968114e-46,2.06058847e-67
4.88903400e-09,1.99999998e-01,1.49999996e+04,8.22377665e-34,3.03424949e-34,5.52813519e-54,1.70496750e-74,2.26068723e-97,1.26412651e-19,1.42903340e-49,1.55411133e-70,1.05754356e-91,2.75340695e-13,2.92755354e-29,5.28829204e-57,5.58524239e-26,1.89973075e-04,2.13235623e-06,1.22829687e-22,3.21989154e-43,7.90263064e-65,9.66855338e-27,0.00000000e+00,4.22269902e-62,4.49523444e-32,2.30140016e-12,1.05176589e-15,1.71446143e-11,3.69037372e-29,3.91509471e-47,2.16086597e-69,1.29088533e-91,7.12941120e-01,1.74593011e-19,4.44362887e-20,1.14787669e-05,6.91377324e-02,6.42696282e-71,4.40321310e-29,1.79965324e-25,1.76492110e-45,1.18486777e-65,1.40682169e-19,0.00000000e+00,3.31910972e-34,9.58616673e-11,5.71014126e-05,2.11882908e-07,7.27559200e-28,6.27599841e-49,8.49002698e-71,1.91294907e-205,3.82132683e-225,3.30478474e-22,1.18899407e-24,7.17611355e-05,1.71411363e-07,5.27977883e-06,2.83311831e-25,1.03464837e-45,2.37274782e-66,5.26734099e-247,4.50823300e-41,5.65945640e-18,2.31710613e-11,3.62073934e-04,1.37915810e-07,7.22841314e-07,3.63042093e-27,4.81932950e-46,2.73588424e-67
5.20945127e-09,1.99999998e-01,1.49999996e+04,9.36917566e-34,3.77839900e-34,7.51152842e-54,2.53411924e-74,3.67716337e-97,1.43525159e-19,1.64339561e-49,1.97407535e-70,1.48442595e-91,2.93385950e-13,3.07314579e-29,7.41227475e-57,6.34132617e-26,1.89973139e-04,2.13235601e-06,1.34827637e-22,3.87874762e-43,1.04501775e-64,1.16968252e-26,0.00000000e+00,5.10562328e-62,5.09957321e-32,2.45222920e-12,1.12069611e-15,1.82657151e-11,4.29671944e-29,4.99234727e-47,3.02028920e-69,1.97835409e-91,7.12941120e-01,1.91599350e-19,4.87639388e-20,1.14787669e-05,6.91377327e-02,7.22799052e-71,4.96343923e-29,2.11604441e-25,2.19769066e-45,1.62418690e-65,1.42883003e-19,0.00000000e+00,4.01539750e-34,1.02144261e-10,5.71014114e-05,2.12009999e-07,7.98869333e-28,7.56370652e-49,1.12310547e-70,2.62747080e-205,5.70255960e-225,3.75215714e-22,1.34994924e-24,7.17611355e-05,1.71411363e-07,5.27977883e-06,3.10985620e-25,1.24665528e-45,3.13821416e-66,6.78994197e-247,5.81140869e-41,6.42558403e-18,2.46896448e-11,3.62073933e-04,1.37915775e-07,7.22642906e-07,3.98438083e-27,5.80611506e-46,3.61812148e-67
5.55086803e-09,1.99999998e-01,1.49999996e+04,1.06436341e-33,4.69721538e-34,1.01757479e-53,3.75040829e-74,5.94803883e-97,1.62954183e-19,1.87984128e-49,2.49178802e-70,2.06884945e-91,3.12613852e-13,3.21460621e-29,1.03728673e-56,7.19976254e-26,1.89973207e-04,2.13235578e-06,1.47801511e-22,4.65995727e-43,1.37639291e-64,1.41505879e-26,0.00000000e+00,6.17292840e-62,5.78485026e-32,2.61294327e-12,1.19414383e-15,1.94599497e-11,4.99525593e-29,6.34753393e-47,4.20350824e-69,3.01499024e-91,7.12941120e-01,2.09985451e-19,5.34411129e-20,1.14787668e-05,6.91377330e-02,8.10703896e-71,5.57854940e-29,2.48489279e-25,2.72487083e-45,2.21439844e-65,1.44890976e-19,0.00000000e+00,4.85775370e-34,1.08838605e-10,5.71014100e-05,2.12145314e-07,8.76021408e-28,9.09158806e-49,1.47981897e-70,3.60890250e-205,8.49647410e-225,4.26009083e-22,1.53269303e-24,7.17611355e-05,1.71411363e-07,5.27977883e-06,3.40910423e-25,1.49812563e-45,4.13415002e-66,8.75267594e-247,7.49129105e-41,7.29542337e-18,2.63077531e-11,3.62073933e-04,1.37915739e-07,7.22431555e-07,4.36701673e-27,6.97637621e-46,4.76583281e-67
5.91466054e-09,1.99999998e-01,1.49999996e+04,1.20561950e-33,5.82928610e-34,1.37424371e-53,5.52641444e-74,9.56756585e-97,1.85013306e-19,2.13859449e-49,3.12520437e-70,2.86264342e-91,3.33101910e-13,3.35065811e-29,1.44932308e-56,8.17440723e-26,1.89973280e-04,2.13235553e-06,1.61809065e-22,5.58356355e-43,1.80561886e-64,1.71191009e-26,0.00000000e+00,7.46305251e-62,6.56184129e-32,2.78419020e-12,1.27240511e-15,2.07320651e-11,5.79875217e-29,8.04721356e-47,5.82527242e-69,4.56908880e-91,7.12941119e-01,2.29832540e-19,5.84880218e-20,1.14787666e-05,6.91377333e-02,9.06873304e-71,6.25147248e-29,2.91425027e-25,3.36395798e-45,3.00269499e-65,1.46704479e-19,0.00000000e+00,5.87682084e-34,1.15971685e-10,5.71014086e-05,2.12289377e-07,9.59368070e-28,1.08992821e-48,1.94210142e-70,4.95694732e-205,1.26394879e-224,4.83678408e-22,1.74017498e-24,7.17611355e-05,1.71411363e-07,5.27977883e-06,3.73219456e-25,1.79555181e-45,5.42451724e-66,1.12827702e-246,9.65677378e-41,8.28301399e-18,2.80319088e-11,3.62073933e-04,1.37915699e-07,7.22206420e-07,4.78000585e-27,8.36024152e-46,6.25263564e-67
6.30229527e-09,1.99999998e-01,1.49999995e+04,1.36156747e-33,7.22103574e-34,1.85010724e-53,8.10778815e-74,1.53034296e-96,2.10058563e-19,2.41945604e-49,3.89427316e-70,3.93227741e-91,3.54932711e-13,3.48010007e-29,2.02191664e-56,9.28099166e-26,1.89973358e-04,2.13235527e-06,1.76910228e-22,6.67242394e-43,2.35928621e-64,2.07103481e-26,0.00000000e+00,9.02242803e-62,7.44274325e-32,2.96666031e-12,1.35579541e-15,2.20871131e-11,6.72159466e-29,1.01726631e-46,8.03839653e-69,6.88558002e-91,7.12941119e-01,2.51224827e-19,6.39255553e-20,1.14787665e-05,6.91377336e-02,1.01177095e-70,6.98504719e-29,3.41328757e-25,4.13500109e-45,4.04945242e-65,1.48324666e-19,0.00000000e+00,7.10966969e-34,1.23572256e-10,5.71014071e-05,2.12442745e-07,1.04927628e-27,1.30320736e-48,2.53873346e-70,6.80855294e-205,1.87740366e-224,5.49154493e-22,1.97574390e-24,7.17611355e-05,1.71411363e-07,5.27977883e-06,4.08050949e-25,2.14634574e-45,7.08946746e-66,1.45442291e-246,1.24482285e-40,9.40429607e-18,2.98690621e-11,3.62073933e-04,1.37915658e-07,7.21966607e-07,5.22508543e-27,9.99209242e-46,8.17075951e-67
6.71533479e-09,1.99999998e-01,1.49999995e+04,1.53305598e-33,8.92812994e-34,2.48283316e-53,1.18425716e-73,2.43406309e-96,2.38494182e-19,2.72175915e-49,4.82081766e-70,5.36219123e-91,3.78194257e-13,3.60183984e-29,2.81650370e-56,1.05373769e-25,1.89973440e-04,2.13235499e-06,1.93167316e-22,7.95255480e-43,3.07057179e-64,2.50549665e-26,0.00000000e+00,1.09071389e-61,8.44135906e-32,3.16108913e-12,1.44465087e-15,2.35304698e-11,7.77999435e-29,1.28229010e-46,1.10456017e-68,1.03189757e-90,7.12941119e-01,2.74249798e-19,6.97753445e-20,1.14787664e-05,6.91377340e-02,1.12586413e-70,7.78204237e-29,3.99243349e-25,5.06085869e-45,5.43145619e-65,1.49755503e-19,0.00000000e+00,8.60114782e-34,1.31670956e-10,5.71014054e-05,2.12606010e-07,1.14612877e-27,1.55416035e-48,3.30565901e-70,9.35182458e-205,2.78446840e-224,6.23494148e-22,2.24320194e-24,7.17611355e-05,1.71411363e-07,5.27977883e-06,4.45548638e-25,2.55895339e-45,9.22906000e-66,1.87484655e-246,1.60466040e-40,1.06773676e-17,3.18266186e-11,3.62073933e-04,1.37915613e-07,7.21711166e-07,5.70405850e-27,1.19110895e-45,1.06353128e-66
7.15544407e-09,1.99999998e-01,1.49999995e+04,1.72089022e-33,1.10170895e-33,3.32125640e-53,1.72216476e-73,3.84978027e-96,2.70779111e-19,3.04433476e-49,5.92833826e-70,7.25862184e-91,4.02980314e-13,3.71493259e-29,3.91767451e-56,1.19638418e-25,1.89973528e-04,2.13235469e-06,2.10645344e-22,9.45352285e-43,3.98072656e-64,3.03109978e-26,0.00000000e+00,1.31849196e-61,9.57330574e-32,3.36826042e-12,1.53932965e-15,2.50678555e-11,8.99222213e-29,1.61183294e-46,1.51148257e-68,1.53797319e-90,7.12941118e-01,2.98998640e-19,7.60598585e-20,1.14787663e-05,6.91377343e-02,1.24962643e-70,8.64518240e-29,4.66352906e-25,6.16749093e-45,7.24580895e-65,1.51003678e-19,0.00000000e+00,1.04055110e-33,1.40300431e-10,5.71014037e-05,2.12779799e-07,1.25032609e-27,1.84866791e-48,4.28761560e-70,1.28451349e-204,4.12387963e-224,7.07897245e-22,2.54686594e-24,7.17611355e-05,1.71411363e-07,5.27977883e-06,4.85862484e-25,3.04298533e-45,1.19677791e-65,2.41680041e-246,2.06851556e-40,1.21227766e-17,3.39124692e-11,3.62073933e-04,1.37915566e-07,7.21439082e-07,6.21880244e-27,1.41617719e-45,1.37894642e-66
7.62439721e-09,1.99999997e-01,1.49999994e+04,1.92582233e-33,1.35671345e-33,4.42846155e-53,2.49343390e-73,6.05506699e-96,3.07434425e-19,3.38549309e-49,7.24172191e-70,9.75395526e-91,4.29390796e-13,3.81861803e-29,5.44181181e-56,1.35834107e-25,1.89973622e-04,2.13235437e-06,2.29412428e-22,1.12088927e-42,5.14088014e-64,3.66696374e-26,0.00000000e+00,1.59375666e-61,1.08562488e-31,3.58900929e-12,1.64021340e-15,2.67053562e-11,1.03788800e-28,2.02051219e-46,2.05990090e-68,2.27992584e-90,7.12941118e-01,3.25566789e-19,8.28025309e-20,1.14787661e-05,6.91377347e-02,1.38354133e-70,9.57718185e-29,5.43999864e-25,7.48429280e-45,9.61465999e-65,1.52078384e-19,0.00000000e+00,1.25883970e-33,1.49495469e-10,5.71014018e-05,2.12964779e-07,1.36228918e-27,2.19342042e-48,5.54011556e-70,1.76433718e-204,6.09923643e-224,8.03726082e-22,2.89163712e-24,7.17611355e-05,1.71411363e-07,5.27977883e-06,5.29149601e-25,3.60936626e-45,1.54600195e-65,3.11541470e-246,2.66645655e-40,1.37638526e-17,3.61350222e-11,3.62073932e-04,1.37915515e-07,7.21149280e-07,6.77128019e-27,1.67947437e-45,1.78107324e-66
8.12408458e-09,1.99999997e-01,1.49999994e+04,2.14854328e-33,1.66722805e-33,5.88565372e-53,3.59445434e-73,9.47136761e-96,3.49051735e-19,3.74302214e-49,8.78685559e-70,1.30116279e-90,4.57532164e-13,3.91235569e-29,7.54894120e-56,1.54222245e-25,1.89973723e-04,2.13235403e-06,2.49540287e-22,1.32567378e-42,6.61423324e-64,4.43621896e-26,0.00000000e+00,1.92638462e-61,1.23101662e-31,3.82422558e-12,1.74770875e-15,2.84494467e-11,1.19632114e-28,2.52605214e-46,2.79616545e-68,3.36207698e-90,7.12941118e-01,3.54054623e-19,9.00279209e-20,1.14787660e-05,6.91377351e-02,1.52810651e-70,1.05807910e-28,6.33703955e-25,9.04447604e-45,1.26909373e-64,1.52990946e-19,0.00000000e+00,1.52292132e-33,1.59293136e-10,5.71013999e-05,2.13161656e-07,1.48246271e-27,2.59602449e-48,7.13185777e-70,2.42339914e-204,9.00911690e-224,9.12527375e-22,3.28308017e-24,7.17611355e-05,1.71411363e-07,5.27977883e-06,5.75575411e-25,4.27050625e-45,1.98967584e-65,4.01597455e-246,3.43724334e-40,1.56270832e-17,3.85032365e-11,3.62073932e-04,1.37915461e-07,7.20840613e-07,7.36355426e-27,1.98674583e-45,2.29186324e-66
8.65652043e-09,1.99999997e-01,1.49999994e+04,2.38967814e-33,2.04437044e-33,7.79700386e-53,5.15946645e-73,1.47353800e-95,3.96302736e-19,4.11421068e-49,1.05901320e-69,1.72315858e-90,4.87517856e-13,3.99584812e-29,1.04589902e-55,1.75099633e-25,1.89973829e-04,2.13235367e-06,2.71104801e-22,1.56402246e-42,8.47872022e-64,5.36684812e-26,0.00000000e+00,2.32829999e-61,1.39576449e-31,4.07485746e-12,1.86224901e-15,3.03070144e-11,1.37714590e-28,3.14992338e-46,3.78098415e-68,4.93259421e-90,7.12941117e-01,3.84568229e-19,9.77618919e-20,1.14787658e-05,6.91377356e-02,1.68383921e-70,1.16588607e-28,7.37183302e-25,1.08855030e-44,1.66652962e-64,1.53754390e-19,0.00000000e+00,1.84240253e-33,1.69732927e-10,5.71013978e-05,2.13371180e-07,1.61131858e-27,3.06512546e-48,9.14766270e-70,3.32865389e-204,1.32911295e-223,1.03605722e-21,3.72751308e-24,7.17611355e-05,1.71411363e-07,5.27977883e-06,6.25314936e-25,5.04049714e-45,2.55136702e-65,5.17685543e-246,4.43084023e-40,1.77425421e-17,4.10266587e-11,3.62073932e-04,1.37915404e-07,7.20511862e-07,7.99780231e-27,2.34451186e-45,2.93839697e-66
9.22385104e-09,1.99999997e-01,1.49999993e+04,2.64978580e-33,2.50123990e-33,1.02956927e-52,7.37470698e-73,2.28044158e-95,4.49950048e-19,4.49589982e-49,1.26778479e-69,2.26562751e-90,5.19468745e-13,4.06904549e-29,1.44741012e-55,1.98803247e-25,1.89973943e-04,2.13235328e-06,2.94186574e-22,1.84082847e-42,1.08302414e-63,6.49270407e-26,0.00000000e+00,2.81389705e-61,1.58242152e-31,4.34191524e-12,1.98429587e-15,3.22853848e-11,1.58332777e-28,3.91811501e-46,5.09368524e-68,7.20111432e-90,7.12941117e-01,4.17220177e-19,1.06031789e-19,1.14787657e-05,6.91377361e-02,1.85128318e-70,1.28144259e-28,8.56377960e-25,1.30495851e-44,2.17745329e-64,1.54383034e-19,0.00000000e+00,2.22890517e-33,1.80856927e-10,5.71013955e-05,2.13594144e-07,1.74935972e-27,3.61054877e-48,1.16920437e-69,4.57206691e-204,1.95863352e-223,1.17630943e-21,4.23210907e-24,7.17611355e-05,1.71411363e-07,5.27977883e-06,6.78554098e-25,5.93533893e-45,3.26009903e-65,6.67330710e-246,5.71165461e-40,2.01443737e-17,4.37154606e-11,3.62073932e-04,1.37915343e-07,7.20161730e-07,8.67633277e-27,2.76017119e-45,3.75401331e-66
9.82836333e-09,1.99999997e-01,1.49999993e+04,2.92936135e-33,3.05321388e-33,1.35514236e-52,1.04975994e-72,3.51114104e-95,5.10859524e-19,4.88455690e-49,1.50755122e-69,2.95771226e-90,5.53513626e-13,4.13214159e-29,2.00092590e-55,2.25715683e-25,1.89974065e-04,2.13235287e-06,3.18871582e-22,2.16163851e-42,1.37865922e-63,7.85474122e-26,0.00000000e+00,3.40054943e-61,1.79387251e-31,4.62647544e-12,2.11434128e-15,3.43923486e-11,1.81822094e-28,4.86206934e-46,6.83771955e-68,1.04632219e-89,7.12941116e-01,4.52130395e-19,1.14866640e-19,1.14787655e-05,6.91377366e-02,2.03101634e-70,1.40507889e-28,9.93475986e-25,1.55842674e-44,2.83117747e-64,1.54891983e-19,0.00000000e+00,2.69648920e-33,1.92709978e-10,5.71013931e-05,2.13831392e-07,1.89712424e-27,4.24346276e-48,1.48935583e-69,6.27995747e-204,2.88335197e-223,1.33554775e-21,4.80501246e-24,7.17611355e-05,1.71411363e-07,5.27977883e-06,7.35491202e-25,6.97320013e-45,4.15155235e-65,8.60233137e-246,7.36271209e-40,2.28713446e-17,4.65804809e-11,3.62073931e-04,1.37915278e-07,7.19788839e-07,9.40160258e-27,3.24212003e-45,4.77968336e-66
1.04724941e-08,1.99999997e-01,1.49999992e+04,3.22884086e-33,3.71827754e-33,1.77797227e-52,1.48827220e-72,5.37920891e-95,5.80014223e-19,5.27636806e-49,1.78071098e-69,3.83413933e-90,5.89789734e-13,4.18555708e-29,2.76343396e-55,2.56271332e-25,1.89974195e-04,2.13235243e-06,3.45251790e-22,2.53274209e-42,1.74922403e-63,9.50250534e-26,0.00000000e+00,4.10922366e-61,2.03337620e-31,4.92968512e-12,2.25290943e-15,3.66361899e-11,2.08562275e-28,6.01981550e-46,9.14776063e-68,1.51344013e-89,7.12941115e-01,4.89427023e-19,1.24297349e-19,1.14787653e-05,6.91377371e-02,2.22365762e-70,1.53715924e-28,1.15094246e-24,1.85431202e-44,3.66388114e-64,1.55296699e-19,0.00000000e+00,3.26216406e-33,2.05339862e-10,5.71013906e-05,2.14083813e-07,2.05518965e-27,4.97656818e-48,1.89101110e-69,8.62583151e-204,4.24070019e-223,1.51634232e-21,5.45547000e-24,7.17611355e-05,1.71411363e-07,5.27977883e-06,7.96338375e-25,8.17472024e-45,5.26952672e-65,1.10889698e-245,9.49103836e-40,2.59674696e-17,4.96332686e-11,3.62073931e-04,1.37915208e-07,7.19391721e-07,1.01762342e-26,3.79989014e-45,6.06568255e-66
1.11588399e-08,1.99999996e-01,1.49999992e+04,3.54860818e-33,4.51738806e-33,2.32534165e-52,2.10168287e-72,8.20169836e-95,6.58530276e-19,5.66734518e-49,2.08943102e-69,4.93594303e-90,6.28443297e-13,4.22991521e-29,3.81318583e-55,2.90963389e-25,1.89974333e-04,2.13235196e-06,3.73425846e-22,2.96127344e-42,2.21241427e-63,1.14959358e-25,0.00000000e+00,4.96521815e-61,2.30461246e-31,5.25276654e-12,2.40055885e-15,3.90257167e-11,2.38983578e-28,7.43734408e-46,1.21988742e-67,2.17970685e-89,7.12941115e-01,5.29247345e-19,1.34356902e-19,1.14787651e-05,6.91377377e-02,2.42987416e-70,1.67808894e-28,1.33155157e-24,2.19865261e-44,4.72010744e-64,1.55612491e-19,0.00000000e+00,3.94650752e-33,2.18797492e-10,5.71013879e-05,2.14352354e-07,2.22417744e-27,5.82431552e-48,2.39354282e-69,1.18480082e-203,6.23183023e-223,1.72161126e-21,6.19398021e-24,7.17611355e-05,1.71411363e-07,5.27977883e-06,8.61323153e-25,9.56335609e-45,6.66772455e-65,1.42944090e-245,1.22345970e-39,2.94827217e-17,5.28861295e-11,3.62073931e-04,1.37915135e-07,7.18968818e-07,1.10030344e-26,4.44430677e-45,7.67362872e-66
1.18901674e-08,1.99999996e-01,1.49999991e+04,3.88900451e-33,5.47487526e-33,3.03167408e-52,2.95659346e-72,1.24475226e-94,7.47674900e-19,6.05344744e-49,2.43556187e-69,6.31122084e-90,6.69630130e-13,4.26600740e-29,5.25762861e-55,3.30351815e-25,1.89974481e-04,2.13235146e-06,4.03499835e-22,3.45532684e-42,2.78988242e-63,1.39075458e-25,0.00000000e+00,5.99905299e-61,2.61173529e-31,5.59702205e-12,2.55788470e-15,4.15702920e-11,2.73573835e-28,9.17027233e-46,1.62183625e-67,3.12656626e-89,7.12941114e-01,5.71738818e-19,1.45080600e-19,1.14787649e-05,6.91377383e-02,2.65038918e-70,1.82832180e-28,1.53842197e-24,2.59825436e-44,6.05458301e-64,1.55853944e-19,0.00000000e+00,4.77441422e-33,2.33137117e-10,5.71013850e-05,2.14638012e-07,2.40475823e-27,6.80315286e-48,3.02069575e-69,1.62738312e-203,9.15113575e-223,1.95466768e-21,7.03246277e-24,7.17611355e-05,1.71411363e-07,5.27977883e-06,9.30690231e-25,1.11657758e-44,8.41192492e-65,1.84264288e-245,1.57712325e-39,3.34738388e-17,5.63521761e-11,3.62073931e-04,1.37915056e-07,7.18518473e-07,1.18850146e-26,5.18766803e-45,9.67896484e-66
1.26694246e-08,1.99999996e-01,1.49999990e+04,4.25033985e-33,6.61887898e-33,3.94025977e-52,4.14384470e-72,1.88077109e-94,8.48886847e-19,6.43071215e-49,2.82055295e-69,8.01589374e-90,7.13516256e-13,4.29474246e-29,7.24429920e-55,3.75072377e-25,1.89974639e-04,2.13235093e-06,4.35587934e-22,4.02408852e-42,3.50809771e-63,1.68250603e-25,0.00000000e+00,7.24754116e-61,2.95943214e-31,5.96383935e-12,2.72552110e-15,4.42798680e-11,3.12886458e-28,1.12858608e-45,2.15010537e-67,4.46766650e-89,7.12941114e-01,6.17059948e-19,1.56506244e-19,1.14787647e-05,6.91377389e-02,2.88598913e-70,1.98836607e-28,1.77505598e-24,3.06078731e-44,7.73441911e-64,1.56034575e-19,0.00000000e+00,5.77600130e-33,2.48416544e-10,5.71013819e-05,2.14941846e-07,2.59765627e-27,7.93181065e-48,3.80154926e-69,2.23529235e-203,1.34294446e-222,2.21927321e-21,7.98445092e-24,7.17611355e-05,1.71411363e-07,5.27977883e-06,1.00470296e-24,1.30123106e-44,1.05826295e-64,2.37528706e-245,2.03301988e-39,3.80052395e-17,6.00453799e-11,3.62073930e-04,1.37914972e-07,7.18038923e-07,1.28254082e-26,6.04395021e-45,1.21739784e-65
1.34997528e-08,1.99999996e-01,1.49999990e+04,4.63290376e-33,7.98182472e-33,5.10535768e-52,5.78695204e-72,2.82971456e-94,9.63799624e-19,6.79538425e-49,3.24537146e-69,1.01144549e-89,7.60278580e-13,4.31709404e-29,9.97578931e-55,4.25846910e-25,1.89974807e-04,2.13235036e-06,4.69813057e-22,4.67798639e-42,4.39939077e-63,2.03546068e-25,0.00000000e+00,8.75507742e-61,3.35299028e-31,6.35469711e-12,2.90414376e-15,4.71650208e-11,3.57549531e-28,1.38654561e-45,2.84290387e-67,6.36129897e-89,7.12941113e-01,6.65381143e-19,1.68674308e-19,1.14787644e-05,6.91377396e-02,3.13752991e-70,2.15878812e-28,2.04538281e-24,3.59489261e-44,9.84177192e-64,1.56166554e-19,0.00000000e+00,6.98770394e-33,2.64697367e-10,5.71013786e-05,2.15264973e-07,2.80365412e-27,9.23162763e-48,4.77169031e-69,3.07028652e-203,1.96972455e-222,2.51969867e-21,9.06530989e-24,7.17611355e-05,1.71411363e-07,5.27977883e-06,1.08364486e-24,1.51374706e-44,1.32782833e-64,3.06189991e-245,2.62070202e-39,4.31500630e-17,6.39806285e-11,3.62073930e-04,1.37914882e-07,7.17528297e-07,1.38276875e-26,7.02904193e-45,1.52714744e-65
1.43844989e-08,1.99999995e-01,1.49999989e+04,5.03697145e-33,9.60093919e-33,6.59474345e-52,8.05334676e-72,4.24014132e-94,1.09426785e-18,7.14402066e-49,3.71043249e-69,1.26806896e-89,8.10105602e-13,4.33405440e-29,1.37303048e-54,4.83494966e-25,1.89974987e-04,2.13234976e-06,5.06307390e-22,5.42886043e-42,5.50322359e-63,2.46245761e-25,0.00000000e+00,1.05751890e-60,3.79837102e-31,6.77117086e-12,3.09447267e-15,5.02369877e-11,4.08276068e-28,1.70074515e-45,3.74971485e-67,9.02757499e-89,7.12941112e-01,7.16885406e-19,1.81628068e-19,1.14787642e-05,6.91377404e-02,3.40594109e-70,2.34021305e-28,2.35380609e-24,4.21029986e-44,1.24770572e-63,1.56260692e-19,0.00000000e+00,8.45360089e-33,2.82045217e-10,5.71013751e-05,2.15608575e-07,3.02359670e-27,1.07269240e-47,5.97464384e-69,4.21719343e-203,2.88771386e-222,2.86079305e-21,1.02924849e-23,7.17611355e-05,1.71411363e-07,5.27977883e-06,1.16782083e-24,1.75805334e-44,1.66191978e-64,3.94698822e-245,3.37826481e-39,4.89913496e-17,6.81737848e-11,3.62073930e-04,1.37914787e-07,7.16984605e-07,1.48955760e-26,8.16101087e-45,1.91092450e-65
1.53272295e-08,1.99999995e-01,1.49999989e+04,5.46281021e-33,1.15188055e-32,8.49278657e-52,1.11692941e-71,6.32882465e-94,1.24239721e-18,7.47359718e-49,4.21553068e-69,1.57983571e-89,8.63198175e-13,4.34659125e-29,1.88899121e-54,5.48947048e-25,1.89975179e-04,2.13234912e-06,5.45213085e-22,6.29015376e-42,6.86773097e-63,2.97902920e-25,0.00000000e+00,1.27724003e-60,4.30229261e-31,7.21493945e-12,3.29727496e-15,5.35077064e-11,4.65875633e-28,2.08308681e-45,4.93458465e-67,1.27721327e-88,7.12941111e-01,7.71769246e-19,1.95413778e-19,1.14787639e-05,6.91377411e-02,3.69223196e-70,2.53332678e-28,2.70525560e-24,4.91795078e-44,1.57628270e-63,1.56326186e-19,0.00000000e+00,1.02270179e-32,3.00530026e-10,5.71013714e-05,2.15973899e-07,3.25839637e-27,1.24454239e-47,7.46361522e-69,5.79252835e-203,4.23192468e-222,3.24806175e-21,1.16857826e-23,7.17611355e-05,1.71411363e-07,5.27977883e-06,1.25755874e-24,2.03862096e-44,2.07523235e-64,5.08792402e-245,4.35481551e-39,5.56233806e-17,7.26417516e-11,3.62073929e-04,1.37914686e-07,7.16405734e-07,1.60330668e-26,9.46040453e-45,2.38555034e-65
1.63317447e-08,1.99999995e-01,1.49999988e+04,5.91068407e-33,1.37839576e-32,1.09041449e-51,1.54396272e-71,9.41109626e-94,1.41057840e-18,7.78160287e-49,4.75978243e-69,1.95617910e-89,9.19770314e-13,4.35560382e-29,2.59793382e-54,6.23259624e-25,1.89975383e-04,2.13234844e-06,5.86682929e-22,7.27712784e-42,8.55158884e-63,3.60396619e-25,0.00000000e+00,1.54244740e-60,4.87232269e-31,7.68779171e-12,3.51336809e-15,5.69898560e-11,5.31267422e-28,2.54796843e-45,6.48036684e-67,1.80188381e-88,7.12941110e-01,8.30243537e-19,2.10080828e-19,1.14787636e-05,6.91377420e-02,3.99749709e-70,2.73887731e-28,3.10524371e-24,5.73012893e-44,1.98484328e-63,1.56370497e-19,0.00000000e+00,1.23724675e-32,3.20226312e-10,5.71013674e-05,2.16362264e-07,3.50903807e-27,1.44187358e-47,9.30361005e-69,7.95633099e-203,6.19994448e-222,3.68775544e-21,1.32676911e-23,7.17611355e-05,1.71411363e-07,5.27977883e-06,1.35321101e-24,2.36053956e-44,2.58570488e-64,6.55866349e-245,5.61365685e-39,6.31532007e-17,7.74025394e-11,3.62073929e-04,1.37914577e-07,7.15789439e-07,1.72444380e-26,1.09505898e-44,2.97154787e-65
1.74020937e-08,1.99999994e-01,1.49999987e+04,6.38085192e-33,1.64515144e-32,1.39581759e-51,2.12737634e-71,1.39442521e-93,1.60152572e-18,8.06609647e-49,5.34158931e-69,2.40763845e-89,9.80050061e-13,4.36189024e-29,3.57192655e-54,7.07632187e-25,1.89975602e-04,2.13234771e-06,6.30880858e-22,8.40710484e-42,1.06262774e-62,4.36000112e-25,0.00000000e+00,1.86251048e-60,5.51698128e-31,8.19163373e-12,3.74362304e-15,6.06969002e-11,6.05494981e-28,3.11280691e-45,8.49419574e-67,2.53548636e-88,7.12941110e-01,8.92534153e-19,2.25681834e-19,1.14787633e-05,6.91377429e-02,4.32291956e-70,2.95767329e-28,3.55992692e-24,6.66059794e-44,2.49156160e-63,1.56399553e-19,0.00000000e+00,1.49679963e-32,3.41213474e-10,5.71013632e-05,2.16775058e-07,3.77658361e-27,1.66828988e-47,1.15740123e-68,1.09284240e-202,9.08094474e-222,4.18697094e-21,1.50637423e-23,7.17611355e-05,1.71411363e-07,5.27977883e-06,1.45515579e-24,2.72960276e-44,3.21522413e-64,8.45454071e-245,7.23639044e-39,7.17023454e-17,8.24753389e-11,3.62073928e-04,1.37914462e-07,7.15133337e-07,1.85342646e-26,1.26581373e-44,3.69394172e-65
1.85425913e-08,1.99999994e-01,1.49999986e+04,6.87355858e-33,1.95838554e-32,1.78141786e-51,2.92198780e-71,2.05894581e-93,1.81832089e-18,8.32572749e-49,5.95862068e-69,2.94589497e-89,1.04428040e-12,4.36613541e-29,4.90995414e-54,8.03426612e-25,1.89975835e-04,2.13234693e-06,6.77982481e-22,9.69974062e-42,1.31788223e-62,5.27463531e-25,0.00000000e+00,2.24871534e-60,6.24585543e-31,8.72849651e-12,3.98896789e-15,6.46431323e-11,6.89742828e-28,3.79867095e-45,1.11145458e-66,3.55928019e-88,7.12941109e-01,9.58882595e-19,2.42272717e-19,1.14787629e-05,6.91377438e-02,4.66977362e-70,3.19058194e-28,4.07617239e-24,7.72474995e-44,3.11852008e-63,1.56418021e-19,0.00000000e+00,1.81080235e-32,3.63576118e-10,5.71013587e-05,2.17213746e-07,4.06217617e-27,1.92790037e-47,1.43717201e-68,1.50107452e-202,1.32981243e-221,4.75376578e-21,1.71029248e-23,7.17611355e-05,1.71411363e-07,5.27977883e-06,1.56379811e-24,3.15240495e-44,3.99048003e-64,1.08984472e-244,9.32820650e-39,8.14088026e-17,8.78805987e-11,3.62073928e-04,1.37914339e-07,7.14434898e-07,1.99074289e-26,1.46132561e-44,4.58322899e-65
1.97578347e-08,1.99999993e-01,1.49999985e+04,7.38902255e-33,2.32513380e-32,2.26675949e-51,4.00096303e-71,3.02997695e-93,2.06446280e-18,8.55973916e-49,6.60781246e-69,3.58379416e-89,1.11272025e-12,4.36891050e-29,6.74797504e-54,9.12189142e-25,1.89976084e-04,2.13234610e-06,7.28175703e-22,1.11773321e-41,1.63151142e-62,6.38113912e-25,0.00000000e+00,2.71465304e-60,7.06972655e-31,9.30054415e-12,4.25039152e-15,6.88437227e-11,7.85355287e-28,4.63104588e-45,1.45203359e-66,4.98562206e-88,7.12941107e-01,1.02954676e-18,2.59912805e-19,1.14787626e-05,6.91377448e-02,5.03942859e-70,3.43852909e-28,4.66162948e-24,8.93976702e-44,3.89250905e-63,1.56429476e-19,0.00000000e+00,2.19067762e-32,3.87404392e-10,5.71013539e-05,2.17679870e-07,4.36704564e-27,2.22539008e-47,1.78149608e-68,2.06180214e-202,1.94708268e-221,5.39728825e-21,1.94181508e-23,7.17611355e-05,1.71411363e-07,5.27977883e-06,1.67957141e-24,3.63645115e-44,4.94400437e-64,1.40487978e-244,1.20247026e-38,9.24292402e-17,9.36401075e-11,3.62073927e-04,1.37914208e-07,7.13691434e-07,2.13691344e-26,1.68502850e-44,5.67655689e-65
2.10527227e-08,1.99999993e-01,1.49999984e+04,7.92742643e-33,2.75330474e-32,2.87573114e-51,5.46164616e-71,4.44448705e-93,2.34392390e-18,8.76797409e-49,7.28538359e-69,4.33534933e-89,1.18564549e-12,4.37066440e-29,9.27273587e-54,1.03567535e-24,1.89976351e-04,2.13234522e-06,7.81661495e-22,1.28651629e-41,2.01639237e-62,7.71976221e-25,0.00000000e+00,3.27668549e-60,8.00071170e-31,9.91008262e-12,4.52894762e-15,7.33147688e-11,8.93857819e-28,5.64075771e-45,1.89426682e-66,6.96974556e-88,7.12941106e-01,1.10480187e-18,2.78664977e-19,1.14787622e-05,6.91377459e-02,5.43335459e-70,3.70250123e-28,5.32480605e-24,1.03247906e-43,4.84598103e-63,1.56436390e-19,0.00000000e+00,2.65024446e-32,4.12794356e-10,5.71013488e-05,2.18175052e-07,4.69251492e-27,2.56610051e-47,2.20479267e-68,2.83199013e-202,2.85055104e-221,6.12792505e-21,2.20467883e-23,7.17611355e-05,1.71411363e-07,5.27977883e-06,1.80293923e-24,4.19028143e-44,6.11543093e-64,1.81097988e-244,1.55006736e-38,1.04941535e-16,9.97770819e-11,3.62073927e-04,1.37914069e-07,7.12900097e-07,2.29249224e-26,1.94082487e-44,7.01914983e-65
2.24324750e-08,1.99999993e-01,1.49999983e+04,8.48889943e-33,3.25175896e-32,3.63741893e-51,7.43313341e-71,6.49872835e-93,2.66121438e-18,8.95083361e-49,7.98688123e-69,5.21572511e-89,1.26335008e-12,4.37173246e-29,1.27407440e-53,1.17587847e-24,1.89976635e-04,2.13234428e-06,8.38654553e-22,1.47918906e-41,2.48817541e-62,9.33919760e-25,0.00000000e+00,3.95450429e-60,9.05242010e-31,1.05595690e-11,4.82575893e-15,7.80733462e-11,1.01698098e-27,6.86508905e-45,2.46799561e-66,9.72597254e-88,7.12941105e-01,1.18494128e-18,2.98595737e-19,1.14787618e-05,6.91377471e-02,5.85312620e-70,3.98354624e-28,6.07515016e-24,1.19010942e-43,6.01818769e-63,1.56440416e-19,0.00000000e+00,3.20622094e-32,4.39848364e-10,5.71013433e-05,2.18701000e-07,5.04000585e-27,2.95612094e-47,2.72464077e-68,3.88988265e-202,4.17288312e-221,6.95746894e-21,2.50312633e-23,7.17611355e-05,1.71411363e-07,5.27977883e-06,1.93439681e-24,4.82361156e-44,7.55302356e-64,2.33446844e-244,1.99814423e-38,1.19147642e-16,1.06316260e-10,3.62073926e-04,1.37913920e-07,7.12057863e-07,2.45806851e-26,2.23314835e-44,8.66603765e-65
2.39026535e-08,1.99999992e-01,1.49999982e+04,9.07349770e-33,3.83039135e-32,4.58709995e-51,1.00860718e-70,9.47304061e-93,3.02145492e-18,9.10921389e-49,8.70725549e-69,6.24119780e-89,1.34614724e-12,4.37235041e-29,1.75043265e-53,1.33506159e-24,1.89976939e-04,2.13234328e-06,8.99384024e-22,1.69899830e-41,3.06587061e-62,1.12983528e-24,0.00000000e+00,4.77180042e-60,1.02401262e-30,1.12516213e-11,5.14202174e-15,8.31375629e-11,1.15668758e-27,8.34912709e-45,3.21174212e-66,1.35500160e-87,7.12941104e-01,1.27027729e-18,3.19775306e-19,1.14787614e-05,6.91377483e-02,6.30042686e-70,4.28277455e-28,6.92313638e-24,1.36922737e-43,7.45653046e-63,1.56442640e-19,0.00000000e+00,3.87883232e-32,4.68675478e-10,5.71013375e-05,2.19259504e-07,5.41104576e-27,3.40239272e-47,3.36246354e-68,5.34295207e-202,6.10825701e-221,7.89930907e-21,2.84197451e-23,7.17611355e-05,1.71411363e-07,5.27977883e-06,2.07447268e-24,5.54749288e-44,9.31552950e-64,3.00927796e-244,2.57574660e-38,1.35276857e-16,1.13284002e-10,3.62073925e-04,1.37913762e-07,7.11161525e-07,2.63426801e-26,2.56703464e-44,1.06841488e-64
2.54691844e-08,1.99999992e-01,1.49999981e+04,9.68117697e-33,4.50021866e-32,5.76738972e-51,1.36452978e-70,1.37666770e-92,3.43045931e-18,9.24441605e-49,9.44094475e-69,7.42910462e-89,1.43437073e-12,4.37269267e-29,2.40474259e-53,1.51579416e-24,1.89977264e-04,2.13234221e-06,9.64094258e-22,1.94962087e-41,3.77255666e-62,1.36684925e-24,0.00000000e+00,5.75706656e-60,1.15809605e-30,1.19890293e-11,5.47901075e-15,8.85266159e-11,1.31520339e-27,1.01473928e-44,4.17522226e-66,1.88496581e-87,7.12941103e-01,1.36114202e-18,3.42277689e-19,1.14787609e-05,6.91377496e-02,6.77705306e-70,4.60136202e-28,7.88035673e-24,1.57244565e-43,9.21816285e-63,1.56443888e-19,0.00000000e+00,4.69254684e-32,4.99391912e-10,5.71013313e-05,2.19852445e-07,5.80727441e-27,3.91282815e-47,4.14436034e-68,7.33881723e-202,8.94085296e-221,8.96864711e-21,3.22669235e-23,7.17611355e-05,1.71411363e-07,5.27977883e-06,2.22373047e-24,6.37449378e-44,1.14744279e-63,3.87914945e-244,3.32031645e-38,1.53589516e-16,1.20708394e-10,3.62073925e-04,1.37913593e-07,7.10207686e-07,2.82175436e-26,2.94820180e-44,1.31548465e-64
2.71383825e-08,1.99999991e-01,1.49999980e+04,1.03117750e-32,5.27346902e-32,7.22956514e-51,1.84060642e-70,1.99465136e-92,3.89482827e-18,9.35808473e-49,1.01819791e-68,8.79777047e-89,1.52837617e-12,4.37288190e-29,3.30347720e-53,1.72099349e-24,1.89977611e-04,2.13234107e-06,1.03304582e-21,2.23521917e-41,4.63623748e-62,1.65358310e-24,0.00000000e+00,6.94455751e-60,1.30941202e-30,1.27747655e-11,5.83808417e-15,9.42608490e-11,1.49505216e-27,1.23258099e-44,5.42258407e-66,2.61869366e-87,7.12941101e-01,1.45788860e-18,3.66180820e-19,1.14787604e-05,6.91377510e-02,7.28492202e-70,4.94055542e-28,8.95961515e-24,1.80265263e-43,1.13718893e-62,1.56444684e-19,0.00000000e+00,5.67696587e-32,5.32121493e-10,5.71013247e-05,2.20481791e-07,6.23045290e-27,4.49644662e-47,5.10211822e-68,1.00802402e-201,1.30865799e-220,1.01827426e-20,3.66348915e-23,7.17611355e-05,1.71411363e-07,5.27977883e-06,2.38277120e-24,7.31890655e-44,1.41166571e-63,5.00046765e-244,4.28011917e-38,1.74381196e-16,1.28619364e-10,3.62073924e-04,1.37913413e-07,7.09192741e-07,3.02123115e-26,3.38314136e-44,1.61769998e-64
2.89169765e-08,1.99999990e-01,1.49999978e+04,1.09649955e-32,6.16367373e-32,9.03507702e-51,2.47547991e-70,2.88149595e-92,4.42205599e-18,9.45214008e-49,1.09241069e-68,1.03664131e-88,1.62854249e-12,4.37298957e-29,4.53794171e-53,1.95397185e-24,1.89977982e-04,2.13233986e-06,1.10651656e-21,2.56050326e-41,5.69087610e-62,2.00046677e-24,0.00000000e+00,8.37543919e-60,1.48011000e-30,1.36119971e-11,6.22068922e-15,1.00361814e-10,1.69909508e-27,1.49640827e-44,7.03658028e-66,3.63361427e-87,7.12941100e-01,1.56089243e-18,3.91566685e-19,1.14787599e-05,6.91377525e-02,7.82607950e-70,5.30167737e-28,1.01750253e-23,2.06303394e-43,1.40004145e-62,1.56445237e-19,0.00000000e+00,6.86790072e-32,5.66996167e-10,5.71013177e-05,2.21149604e-07,6.68247303e-27,5.16352958e-47,6.27444092e-68,1.38457250e-201,1.91541482e-220,1.15611914e-20,4.15941475e-23,7.17611355e-05,1.71411363e-07,5.27977883e-06,2.55223575e-24,8.39698182e-44,1.73479216e-63,6.44591581e-244,5.51737233e-38,1.97987491e-16,1.37048802e-10,3.62073923e-04,1.37913222e-07,7.08112875e-07,3.23344399e-26,3.87922128e-44,1.98707014e-64
3.08121359e-08,1.99999990e-01,1.49999977e+04,1.16403881e-32,7.18576114e-32,1.12572666e-50,3.31955533e-70,4.15043602e-92,5.02065102e-18,9.52868208e-49,1.16609465e-68,1.21550297e-88,1.73527347e-12,4.37304676e-29,6.23355369e-53,2.21848992e-24,1.89978378e-04,2.13233857e-06,1.18480261e-21,2.93080037e-41,6.97764209e-62,2.42011811e-24,0.00000000e+00,1.00991623e-59,1.67259459e-30,1.45040992e-11,6.62836792e-15,1.06852331e-10,1.93057532e-27,1.81585677e-44,9.12394310e-66,5.03635773e-87,7.12941098e-01,1.67055229e-18,4.18521413e-19,1.14787594e-05,6.91377540e-02,8.40270670e-70,5.68612979e-28,1.15421109e-23,2.35709365e-43,1.72030024e-62,1.56445607e-19,0.00000000e+00,8.30867549e-32,6.04156528e-10,5.71013102e-05,2.21858037e-07,7.16536699e-27,5.92579706e-47,7.70844174e-68,1.90178260e-201,2.80345820e-220,1.31262423e-20,4.72247330e-23,7.17611355e-05,1.71411363e-07,5.27977883e-06,2.73280719e-24,9.62719406e-44,2.12966983e-63,8.30918687e-244,7.11227879e-38,2.24789420e-16,1.46030686e-10,3.62073923e-04,1.37913018e-07,7.06964046e-07,3.45918230e-26,4.44480198e-44,2.43817641e-64
3.28315001e-08,1.99999989e-01,1.49999975e+04,1.23373215e-32,8.35616021e-32,1.39833051e-50,4.43833745e-70,5.96088155e-92,5.70027357e-18,9.58995398e-49,1.23860709e-68,1.41843039e-88,1.84899934e-12,4.37307801e-29,8.56270346e-53,2.51881750e-24,1.89978803e-04,2.13233719e-06,1.26821950e-21,3.35213316e-41,8.54641670e-62,2.92780185e-24,0.00000000e+00,1.21751035e-59,1.88955320e-30,1.54546678e-11,7.06276335e-15,1.13756559e-10,2.19316842e-27,2.20257419e-44,1.18223076e-65,6.97381175e-87,7.12941096e-01,1.78729160e-18,4.47135343e-19,1.14787588e-05,6.91377557e-02,9.01712755e-70,6.09539922e-28,1.30779065e-23,2.68867915e-43,2.10986066e-62,1.56445890e-19,0.00000000e+00,1.00517031e-31,6.43752385e-10,5.71013023e-05,2.22609336e-07,7.68131772e-27,6.79660956e-47,9.46145813e-68,2.61223743e-201,4.10352479e-220,1.49031558e-20,5.36175245e-23,7.17611355e-05,1.71411363e-07,5.27977883e-06,2.92521335e-24,1.10305437e-43,2.61190948e-63,1.07110564e-243,9.16822586e-38,2.55219586e-16,1.55601223e-10,3.62073922e-04,1.37912800e-07,7.05741976e-07,3.69928122e-26,5.08936785e-44,2.98871633e-64
3.49832094e-08,1.99999988e-01,1.49999974e+04,1.30549685e-32,9.69287705e-32,1.73163573e-50,5.91672408e-70,8.53618517e-92,6.47189139e-18,9.63806822e-49,1.30933478e-68,1.64754058e-88,1.97017850e-12,4.37309690e-29,1.17619938e-52,2.85980246e-24,1.89979256e-04,2.13233573e-06,1.35710346e-21,3.83130764e-41,1.04576084e-61,3.54198479e-24,0.00000000e+00,1.46745235e-59,2.13398630e-30,1.64675347e-11,7.52562624e-15,1.21100053e-10,2.49103956e-27,2.67063938e-44,1.53091339e-65,9.64795082e-87,7.12941094e-01,1.91155978e-18,4.77503129e-19,1.14787581e-05,6.91377575e-02,9.67181835e-70,6.53106186e-28,1.48010591e-23,3.06200470e-43,2.58295444e-62,1.56446181e-19,0.00000000e+00,1.21603921e-31,6.85943367e-10,5.71012938e-05,2.23405841e-07,8.23267104e-27,7.79119901e-47,1.16032578e-67,3.58810613e-201,6.00647571e-220,1.69206120e-20,6.08756998e-23,7.17611355e-05,1.71411363e-07,5.27977883e-06,3.13022975e-24,1.26309010e-43,3.20047394e-63,1.38072109e-243,1.18184872e-37,2.89769154e-16,1.65798991e-10,3.62073921e-04,1.37912568e-07,7.04442139e-07,3.95462385e-26,5.82367628e-44,3.66016213e-64
3.72759372e-08,1.99999988e-01,1.49999972e+04,1.37922910e-32,1.12155982e-31,2.13779870e-50,7.86434194e-70,1.21885353e-91,7.34795670e-18,9.67503222e-49,1.37770053e-68,1.90499136e-88,2.09929944e-12,4.37310898e-29,1.61563480e-52,3.24694899e-24,1.89979742e-04,2.13233416e-06,1.45181279e-21,4.37601174e-41,1.27843415e-61,4.28500752e-24,0.00000000e+00,1.76829032e-59,2.40924031e-30,1.75467827e-11,8.01882203e-15,1.28909840e-10,2.82890821e-27,3.23706842e-44,1.98131964e-65,1.33365743e-86,7.12941092e-01,2.04383390e-18,5.09723841e-19,1.14787575e-05,6.91377594e-02,1.03694185e-69,6.99479069e-28,1.67319263e-23,3.48167516e-43,3.15658196e-62,1.56446490e-19,0.00000000e+00,1.47114534e-31,7.30899566e-10,5.71012847e-05,2.24249984e-07,8.82194890e-27,8.92693272e-47,1.42187196e-67,4.92849683e-201,8.79147524e-220,1.92111733e-20,6.91164037e-23,7.17611355e-05,1.71411363e-07,5.27977883e-06,3.34868287e-24,1.44553967e-43,3.91839196e-63,1.77983393e-243,1.52348624e-37,3.28995780e-16,1.76665097e-10,3.62073920e-04,1.37912321e-07,7.03059748e-07,4.22614367e-26,6.65992612e-44,4.47855726e-64
3.97189257e-08,1.99999987e-01,1.49999970e+04,1.45480237e-32,1.29457911e-31,2.63108022e-50,1.04222366e-69,1.73530728e-91,8.34260718e-18,9.70278086e-49,1.44316844e-68,2.19297409e-88,2.23688263e-12,4.37311773e-29,2.21921123e-52,3.68650647e-24,1.89980261e-04,2.13233250e-06,1.55272930e-21,4.99492531e-41,1.56150925e-61,5.18389698e-24,0.00000000e+00,2.13027273e-59,2.71904317e-30,1.86967624e-11,8.54433839e-15,1.37214485e-10,3.21212112e-27,3.92242554e-44,2.56293776e-65,1.84217821e-86,7.12941090e-01,2.18462011e-18,5.43901016e-19,1.14787567e-05,6.91377614e-02,1.11127407e-69,7.48836101e-28,1.88926699e-23,3.95270612e-43,3.85101834e-62,1.56446793e-19,0.00000000e+00,1.77976911e-31,7.78802224e-10,5.71012751e-05,2.25144287e-07,9.45186326e-27,1.02236144e-46,1.74110918e-67,6.76955341e-201,1.28671909e-219,2.18118102e-20,7.84726383e-23,7.17611355e-05,1.71411363e-07,5.27977883e-06,3.58145341e-24,1.65348648e-43,4.79362301e-63,2.29431403e-243,1.96388135e-37,3.73532611e-16,1.88243343e-10,3.62073919e-04,1.37912058e-07,7.01589743e-07,4.51482671e-26,7.61194757e-44,5.47547893e-64
4.23220227e-08,1.99999986e-01,1.49999968e+04,1.53206588e-32,1.49067944e-31,3.22812021e-50,1.37713478e-69,2.46360185e-91,9.47189398e-18,9.72309453e-49,1.50525575e-68,2.51370880e-88,2.38348266e-12,4.37312596e-29,3.04839789e-52,4.18557035e-24,1.89980817e-04,2.13233072e-06,1.66025981e-21,5.69784328e-41,1.90568582e-61,6.27134950e-24,0.00000000e+00,2.56567812e-59,3.06754310e-30,1.99221093e-11,9.10429319e-15,1.46044163e-10,3.64673469e-27,4.75156022e-44,3.31380874e-65,2.54303373e-86,7.12941088e-01,2.33445521e-18,5.80142686e-19,1.14787560e-05,6.91377636e-02,1.19047817e-69,8.01365536e-28,2.13073492e-23,4.48054460e-43,4.69039713e-62,1.56447091e-19,0.00000000e+00,2.15313785e-31,8.29844463e-10,5.71012648e-05,2.26091359e-07,1.01253311e-26,1.17038281e-46,2.13059551e-67,9.29876776e-201,1.88345022e-219,2.47644980e-20,8.90954096e-23,7.17611355e-05,1.71411363e-07,5.27977883e-06,3.82947975e-24,1.89043454e-43,5.86010519e-63,2.95754164e-243,2.53161000e-37,4.24098508e-16,2.00580401e-10,3.62073918e-04,1.37911778e-07,7.00026779e-07,4.82171381e-26,8.69541671e-44,6.68920098e-64
4.50957214e-08,1.99999985e-01,1.49999966e+04,1.61083591e-32,1.71240788e-31,3.94774799e-50,1.81460973e-69,3.49533725e-91,1.07540407e-17,9.73650500e-49,1.56349335e-68,2.86965795e-88,2.53969046e-12,4.37313363e-29,4.19537763e-52,4.75219671e-24,1.89981412e-04,2.13232883e-06,1.77483779e-21,6.49581610e-41,2.32387099e-61,7.58691981e-24,0.00000000e+00,3.08913778e-59,3.45936006e-30,2.12277629e-11,9.70094308e-15,1.55430726e-10,4.13960840e-27,5.75447733e-44,4.28453061e-65,3.51529553e-86,7.12941086e-01,2.49390842e-18,6.18561390e-19,1.14787552e-05,6.91377659e-02,1.27487348e-69,8.57266898e-28,2.40022627e-23,5.07114931e-43,5.70306857e-62,1.56447398e-19,0.00000000e+00,2.60483432e-31,8.84232064e-10,5.71012538e-05,2.27093897e-07,1.08454910e-26,1.33933273e-46,2.60562075e-67,1.27973109e-200,2.77267686e-219,2.81168942e-20,1.01156164e-22,7.17611355e-05,1.71411363e-07,5.27977883e-06,4.09376176e-24,2.16036566e-43,7.15902519e-63,3.81395956e-243,3.26471965e-37,4.81509645e-16,2.13726000e-10,3.62073916e-04,1.37911479e-07,6.98365213e-07,5.14790294e-26,9.92809846e-44,8.16606214e-64
4.80512025e-08,1.99999984e-01,1.49999964e+04,1.69090927e-32,1.96249872e-31,4.81225612e-50,2.38408251e-69,4.94846079e-91,1.22097376e-17,9.74446669e-49,1.61752142e-68,3.26311566e-88,2.70613570e-12,4.37314134e-29,5.77839837e-52,5.39553233e-24,1.89982049e-04,2.13232682e-06,1.89692512e-21,7.40129811e-41,2.83168756e-61,9.17846011e-24,0.00000000e+00,3.71823401e-59,3.89961167e-30,2.26189863e-11,1.03366926e-14,1.65407781e-10,4.69850961e-27,6.96744868e-44,5.53862382e-65,4.86043304e-86,7.12941083e-01,2.66358303e-18,6.59274169e-19,1.14787543e-05,6.91377684e-02,1.36480024e-69,9.16751697e-28,2.70055212e-23,5.73089197e-43,6.92298875e-62,1.56447724e-19,0.00000000e+00,3.15129080e-31,9.42184298e-10,5.71012421e-05,2.28154671e-07,1.16157211e-26,1.53214933e-46,3.18476080e-67,1.76258556e-200,4.08866794e-219,3.19231076e-20,1.14849557e-22,7.17611355e-05,1.71411363e-07,5.27977883e-06,4.37536488e-24,2.46780435e-43,8.74035614e-63,4.91935849e-243,4.21097297e-37,5.46692688e-16,2.27733131e-10,3.62073915e-04,1.37911161e-07,6.96599092e-07,5.49455153e-26,1.13301191e-43,9.96223401e-64
5.12003798e-08,1.99999983e-01,1.49999962e+04,1.77207953e-32,2.24383676e-31,5.84882607e-50,3.12187700e-69,6.96270723e-91,1.38624749e-17,9.75150491e-49,1.66721885e-68,3.69573497e-88,2.88348931e-12,4.37315328e-29,7.93704153e-52,6.12596233e-24,1.89982732e-04,2.13232467e-06,2.02701397e-21,8.42831224e-41,3.44808463e-61,1.11038611e-23,0.00000000e+00,4.47420968e-59,4.39393869e-30,2.41013874e-11,1.10141036e-14,1.76010757e-10,5.33223185e-27,8.43435402e-44,7.15325169e-65,6.69825021e-86,7.12941080e-01,2.84411832e-18,7.02402523e-19,1.14787534e-05,6.91377710e-02,1.46062101e-69,9.80044087e-28,3.03465200e-23,6.46643542e-43,8.39134170e-62,1.56448094e-19,0.00000000e+00,3.81238672e-31,1.00393481e-09,5.71012297e-05,2.29276526e-07,1.24396576e-26,1.75218582e-46,3.89055242e-67,2.42101466e-200,5.98269677e-219,3.62445721e-20,1.30396590e-22,7.17611355e-05,1.71411363e-07,5.27977883e-06,4.67542431e-24,2.81789152e-43,1.06647206e-62,6.34146845e-243,5.42835349e-37,6.20699748e-16,2.42658257e-10,3.62073914e-04,1.37910822e-07,6.94722137e-07,5.86287877e-26,1.29242735e-43,1.21458559e-63
5.45559478e-08,1.99999982e-01,1.49999959e+04,1.85405456e-32,2.55966145e-31,7.08453359e-50,4.07654260e-69,9.79551949e-91,1.57389224e-17,9.75406328e-49,1.71214269e-68,4.17076259e-88,3.07246616e-12,4.37316421e-29,1.09315739e-51,6.95527792e-24,1.89983463e-04,2.13232239e-06,2.16562878e-21,9.59267149e-41,4.19571366e-61,1.34331547e-23,0.00000000e+00,5.38186020e-59,4.94866370e-30,2.56809420e-11,1.17359061e-14,1.87276977e-10,6.05073090e-27,1.02080265e-43,9.24115561e-65,9.25218893e-86,7.12941078e-01,3.03619139e-18,7.48072261e-19,1.14787524e-05,6.91377737e-02,1.56272214e-69,1.04738141e-27,3.40588043e-23,7.28539497e-43,1.01542133e-61,1.56448472e-19,0.00000000e+00,4.61217251e-31,1.06973256e-09,5.71012164e-05,2.30462369e-07,1.33212178e-26,2.00326480e-46,4.75054106e-67,3.33440175e-200,8.81916183e-219,4.11510374e-20,1.48048185e-22,7.17611355e-05,1.71411363e-07,5.27977883e-06,4.99514980e-24,3.21646826e-43,1.30056492e-62,8.17956917e-243,7.00186053e-37,7.04725367e-16,2.58561539e-10,3.62073912e-04,1.37910460e-07,6.92727736e-07,6.25416788e-26,1.47363789e-43,1.47991017e-63
5.81314328e-08,1.99999981e-01,1.49999956e+04,1.93659905e-32,2.91320096e-31,8.55578113e-50,5.30573938e-69,1.37012891e-90,1.78693592e-17,9.75754552e-49,1.75261687e-68,4.68929177e-88,3.27382803e-12,4.37317733e-29,1.50158685e-51,7.89686668e-24,1.89984247e-04,2.13231995e-06,2.31332833e-21,1.09121360e-40,5.10222973e-61,1.62510663e-23,0.00000000e+00,6.47164452e-59,5.57065563e-30,2.73640173e-11,1.25050088e-14,1.99245727e-10,6.86527197e-27,1.23525248e-43,1.19281864e-64,1.27402735e-85,7.12941075e-01,3.24051910e-18,7.96413447e-19,1.14787513e-05,6.91377767e-02,1.67151527e-69,1.11901499e-27,3.81751685e-23,8.19520872e-43,1.22696358e-61,1.56448884e-19,0.00000000e+00,5.57974358e-31,1.13984282e-09,5.71012023e-05,2.31715159e-07,1.42646192e-26,2.28975363e-46,5.79801390e-67,4.58018121e-200,1.29062026e-218,4.67216959e-20,1.68089225e-22,7.17611355e-05,1.71411363e-07,5.27977883e-06,5.33583026e-24,3.67017079e-43,1.58523110e-62,1.05442345e-242,9.02615905e-37,8.00125799e-16,2.75507085e-10,3.62073911e-04,1.37910075e-07,6.90608926e-07,6.66976816e-26,1.67956564e-43,1.80218908e-63
6.19412478e-08,1.99999979e-01,1.49999954e+04,2.01938669e-32,3.30807180e-31,1.02992610e-49,6.88448161e-69,1.91120096e-90,2.02881622e-17,9.76062370e-49,1.78847932e-68,5.25406713e-88,3.48838656e-12,4.37319124e-29,2.06325414e-51,8.96592881e-24,1.89985087e-04,2.13231736e-06,2.47070804e-21,1.24067054e-40,6.20071221e-61,1.96600904e-23,0.00000000e+00,7.77919525e-59,6.26758486e-30,2.91573976e-11,1.33245109e-14,2.11958323e-10,7.78860381e-27,1.49449990e-43,1.53932104e-64,1.75424188e-85,7.12941071e-01,3.45786010e-18,8.47560094e-19,1.14787502e-05,6.91377799e-02,1.78743906e-69,1.19521081e-27,4.27327613e-23,9.20431252e-43,1.48029823e-61,1.56449318e-19,0.00000000e+00,6.75029988e-31,1.21454828e-09,5.71011873e-05,2.33037891e-07,1.52744075e-26,2.61663285e-46,7.07361846e-67,6.29335339e-200,1.89083587e-218,5.30464598e-20,1.90843156e-22,7.17611355e-05,1.71411363e-07,5.27977883e-06,5.69883917e-24,4.18653850e-43,1.93128267e-62,1.35931069e-242,1.16362193e-36,9.08440901e-16,2.93563200e-10,3.62073909e-04,1.37909665e-07,6.88358386e-07,7.11109710e-26,1.91351829e-43,2.19347289e-63
6.60007502e-08,1.99999978e-01,1.49999950e+04,2.10210733e-32,3.74796008e-31,1.23586342e-49,8.90557204e-69,2.65585124e-90,2.30343610e-17,9.76338367e-49,1.82007199e-68,5.86699061e-88,3.71700663e-12,4.37320474e-29,2.83231479e-51,1.01797225e-23,1.89985988e-04,2.13231459e-06,2.63840237e-21,1.40988362e-40,7.53121102e-61,2.37842230e-23,0.00000000e+00,9.34743505e-59,7.04783591e-30,3.10683124e-11,1.41977145e-14,2.25458174e-10,8.83514754e-27,1.80787430e-43,1.98560308e-64,2.41235661e-85,7.12941068e-01,3.68901684e-18,9.01649976e-19,1.14787490e-05,6.91377832e-02,1.91096092e-69,1.27625017e-27,4.77693584e-23,1.03212838e-42,1.78328343e-61,1.56449767e-19,0.00000000e+00,8.16642579e-31,1.29415013e-09,5.71011712e-05,2.34433584e-07,1.63554800e-26,2.98959081e-46,8.62666820e-67,8.63909584e-200,2.76297164e-218,6.02274132e-20,2.16677210e-22,7.17611355e-05,1.71411363e-07,5.27977883e-06,6.08564002e-24,4.77413644e-43,2.35182756e-62,1.75198615e-242,1.49978621e-36,1.03141899e-15,3.12802669e-10,3.62073908e-04,1.37909228e-07,6.85968419e-07,7.57964227e-26,2.17923801e-43,2.66836369e-63
7.03263041e-08,1.99999977e-01,1.49999947e+04,2.18441467e-32,4.23679999e-31,1.47817697e-49,1.14846023e-68,3.67888597e-90,2.61522671e-17,9.76617995e-49,1.84759686e-68,6.53031873e-88,3.96060977e-12,4.37321827e-29,3.88705906e-51,1.15578426e-23,1.89986955e-04,2.13231164e-06,2.81708734e-21,1.60137527e-40,9.14189885e-61,2.87734682e-23,0.00000000e+00,1.12272936e-58,7.92064673e-30,3.31044643e-11,1.51281384e-14,2.39790844e-10,1.00212140e-26,2.18663301e-43,2.56050521e-64,3.31553548e-85,7.12941064e-01,3.93483772e-18,9.58824239e-19,1.14787478e-05,6.91377868e-02,2.04257887e-69,1.36243053e-27,5.33251658e-23,1.15552554e-42,2.14506293e-61,1.56450234e-19,0.00000000e+00,9.87963984e-31,1.37896933e-09,5.71011541e-05,2.35905259e-07,1.75131152e-26,3.41512097e-46,1.05171759e-66,1.18561957e-199,4.03582076e-218,6.83804593e-20,2.46008322e-22,7.17611355e-05,1.71411363e-07,5.27977883e-06,6.49779220e-24,5.44269458e-43,2.86275509e-62,2.25790576e-242,1.93290435e-36,1.17104507e-15,3.33303045e-10,3.62073906e-04,1.37908762e-07,6.83430951e-07,8.07696296e-26,2.48095776e-43,3.24450759e-63
7.49353460e-08,1.99999975e-01,1.49999944e+04,2.26592744e-32,4.77874293e-31,1.76204914e-49,1.47659217e-68,5.08257343e-90,2.96921886e-17,9.76727080e-49,1.87110897e-68,7.24691794e-88,4.22017790e-12,4.37323207e-29,5.33592491e-51,1.31225371e-23,1.89987992e-04,2.13230850e-06,3.00748329e-21,1.81797626e-40,1.10907367e-60,3.48092946e-23,0.00000000e+00,1.34792378e-58,8.89616748e-30,3.52740613e-11,1.61195315e-14,2.55004100e-10,1.13652466e-26,2.64436182e-43,3.30146455e-64,4.55677288e-85,7.12941060e-01,4.19621918e-18,1.01922698e-18,1.14787464e-05,6.91377906e-02,2.18282361e-69,1.45406615e-27,5.94427005e-23,1.29158888e-42,2.57627198e-61,1.56450722e-19,0.00000000e+00,1.19522691e-30,1.46934786e-09,5.71011359e-05,2.37455913e-07,1.87530033e-26,3.90063774e-46,1.28181474e-66,1.62753890e-199,5.89758681e-218,7.76371909e-20,2.79309868e-22,7.17611355e-05,1.71411363e-07,5.27977883e-06,6.93695733e-24,6.20326579e-43,3.48332376e-62,2.91015373e-242,2.49130412e-36,1.32957286e-15,3.55146963e-10,3.62073904e-04,1.37908265e-07,6.80737510e-07,8.60469164e-26,2.82346404e-43,3.94323098e-63
7.98464550e-08,1.99999973e-01,1.49999940e+04,2.34630640e-32,5.37794343e-31,2.09361250e-49,1.89238408e-68,6.99998537e-90,3.37112418e-17,9.77047877e-49,1.89144488e-68,8.01793685e-88,4.49675731e-12,4.37324591e-29,7.32676367e-51,1.48990662e-23,1.89989105e-04,2.13230515e-06,3.21035776e-21,2.06285851e-40,1.34476485e-60,4.21112362e-23,0.00000000e+00,1.61756335e-58,9.98543857e-30,3.75858489e-11,1.71758885e-14,2.71147967e-10,1.28880929e-26,3.19747048e-43,4.25579389e-64,6.26266649e-85,7.12941056e-01,4.47410791e-18,1.08300477e-18,1.14787450e-05,6.91377947e-02,2.33226061e-69,1.55148893e-27,6.61641298e-23,1.44127653e-42,3.08956992e-61,1.56451230e-19,0.00000000e+00,1.44597162e-30,1.56565014e-09,5.71011165e-05,2.39088499e-07,2.00812771e-26,4.45461206e-46,1.56182541e-66,2.23476169e-199,8.63400742e-218,8.81470150e-20,3.17119298e-22,7.17611355e-05,1.71411363e-07,5.27977883e-06,7.40490594e-24,7.06840541e-43,4.23687291e-62,3.75060955e-242,3.21084526e-36,1.50956119e-15,3.78422477e-10,3.62073902e-04,1.37907736e-07,6.77879227e-07,9.16453520e-26,3.21216710e-43,4.79033108e-63
8.50794280e-08,1.99999972e-01,1.49999936e+04,2.42514359e-32,6.03882311e-31,2.47900476e-49,2.41793192e-68,9.61223374e-90,3.82742725e-17,9.77203578e-49,1.90846678e-68,8.84708544e-88,4.79146285e-12,4.37326103e-29,1.00575438e-50,1.69161105e-23,1.89990300e-04,2.13230159e-06,3.42652862e-21,2.33957605e-40,1.62966332e-60,5.09448745e-23,0.00000000e+00,1.94020064e-58,1.12005719e-29,4.00491461e-11,1.83014656e-14,2.88274757e-10,1.46133132e-26,3.86575509e-43,5.48502792e-64,8.60283504e-85,7.12941051e-01,4.76950302e-18,1.15030601e-18,1.14787434e-05,6.91377990e-02,2.49149242e-69,1.65504916e-27,7.35348039e-23,1.60561939e-42,3.69945229e-61,1.56451767e-19,0.00000000e+00,1.74932035e-30,1.66826447e-09,5.71010959e-05,2.40805889e-07,2.15045482e-26,5.08671909e-46,1.90254084e-66,3.06766764e-199,1.26216880e-217,1.00079564e-19,3.60046810e-22,7.17611355e-05,1.71411363e-07,5.27977883e-06,7.90352461e-24,8.05237497e-43,5.15168437e-62,4.83377284e-242,4.13819423e-36,1.71391530e-15,4.03223408e-10,3.62073900e-04,1.37907173e-07,6.74846825e-07,9.75827561e-26,3.65318053e-43,5.81696408e-63
9.06553593e-08,1.99999970e-01,1.49999932e+04,2.50204789e-32,6.76585137e-31,2.92507156e-49,3.07997896e-68,1.31609012e-89,4.34549013e-17,9.77108752e-49,1.92237618e-68,9.73750134e-88,5.10548241e-12,4.37327796e-29,1.38044004e-50,1.92062340e-23,1.89991583e-04,2.13229779e-06,3.65686730e-21,2.65210579e-40,1.97387163e-60,6.16314981e-23,0.00000000e+00,2.32599767e-58,1.25547399e-29,4.26738825e-11,1.95007977e-14,3.06439103e-10,1.65675248e-26,4.67310380e-43,7.06826842e-64,1.18135144e-84,7.12941047e-01,5.08345822e-18,1.22128018e-18,1.14787418e-05,6.91378036e-02,2.66116108e-69,1.76511624e-27,8.16003378e-23,1.78565447e-42,4.42284274e-61,1.56452337e-19,0.00000000e+00,2.11630917e-30,1.77760462e-09,5.71010738e-05,2.42610840e-07,2.30299433e-26,5.80801379e-46,2.31708248e-66,4.21047594e-199,1.84390946e-217,1.13627433e-19,4.08785198e-22,7.17611355e-05,1.71411363e-07,5.27977883e-06,8.43482358e-24,9.17137368e-43,6.26202570e-62,6.22984112e-242,5.33346149e-36,1.94593371e-15,4.29649727e-10,3.62073897e-04,1.37906572e-07,6.71630611e-07,1.03877704e-25,4.15340994e-43,7.06076760e-63
9.65967258e-08,1.99999968e-01,1.49999928e+04,2.57665950e-32,7.56348863e-31,3.43943563e-49,3.91070773e-68,1.79678400e-89,4.93367113e-17,9.77082943e-49,1.93393522e-68,1.06914280e-87,5.44008176e-12,4.37329527e-29,1.89521367e-50,2.18064098e-23,1.89992962e-04,2.13229374e-06,3.90230240e-21,3.00489352e-40,2.38953170e-60,7.45597861e-23,0.00000000e+00,2.78701354e-58,1.40622320e-29,4.54706383e-11,2.07787170e-14,3.25697973e-10,1.87807885e-26,5.64833656e-43,9.10728819e-64,1.62234202e-84,7.12941042e-01,5.41708403e-18,1.29607701e-18,1.14787401e-05,6.91378084e-02,2.84195075e-69,1.88207951e-27,9.04059692e-23,1.98241028e-42,5.27942948e-61,1.56452930e-19,0.00000000e+00,2.56028950e-30,1.89411149e-09,5.71010504e-05,2.44505950e-07,2.46651433e-26,6.63112963e-46,2.82140720e-66,5.78054720e-199,2.69635407e-217,1.29009289e-19,4.64121031e-22,7.17611355e-05,1.71411363e-07,5.27977883e-06,9.00094488e-24,1.04438012e-42,7.60941305e-62,8.02932245e-242,6.87415270e-36,2.20936154e-15,4.57807957e-10,3.62073895e-04,1.37905932e-07,6.68220480e-07,1.10549525e-25,4.72065249e-43,8.56719362e-63
1.02927477e-07,1.99999966e-01,1.49999923e+04,2.64855379e-32,8.43640513e-31,4.02945331e-49,4.95009743e-68,2.44609307e-89,5.60145956e-17,9.76864975e-49,1.94234524e-68,1.17144311e-87,5.79660958e-12,4.37331430e-29,2.60135347e-50,2.47586176e-23,1.89994444e-04,2.13228943e-06,4.16382335e-21,3.40290498e-40,2.89121836e-60,9.01999429e-23,0.00000000e+00,3.33748463e-58,1.57385911e-29,4.84506874e-11,2.21403718e-14,3.46110665e-10,2.12870430e-26,6.82621399e-43,1.17332428e-63,2.22705733e-84,7.12941036e-01,5.77154988e-18,1.37484548e-18,1.14787382e-05,6.91378136e-02,3.03459039e-69,2.00634895e-27,9.99993764e-23,2.19697129e-42,6.29172547e-61,1.56453555e-19,0.00000000e+00,3.09741394e-30,2.01825489e-09,5.71010253e-05,2.46493612e-07,2.64184252e-26,7.57050534e-46,3.43492947e-66,7.93427386e-199,3.93765396e-217,1.46473400e-19,5.26947344e-22,7.17611355e-05,1.71411363e-07,5.27977883e-06,9.60417092e-24,1.18905560e-42,9.24413999e-62,1.03489606e-241,8.86024200e-36,2.50845089e-15,4.87811603e-10,3.62073892e-04,1.37905250e-07,6.64605908e-07,1.17618294e-25,5.36370840e-43,1.03911088e-62
1.09673133e-07,1.99999963e-01,1.49999918e+04,2.71743090e-32,9.38890402e-31,4.70383846e-49,6.24513306e-68,3.32017168e-89,6.35962876e-17,9.76701132e-49,1.94899663e-68,1.28084158e-87,6.17650296e-12,4.37333376e-29,3.57161801e-50,2.81105214e-23,1.89996037e-04,2.13228483e-06,4.44248442e-21,3.85167840e-40,3.49643709e-60,1.09120798e-22,0.00000000e+00,3.99431196e-58,1.76005191e-29,5.16260424e-11,2.35912477e-14,3.67738797e-10,2.41245900e-26,8.24866194e-43,1.51144649e-63,3.05748407e-84,7.12941031e-01,6.14808625e-18,1.45773266e-18,1.14787362e-05,6.91378192e-02,3.23985680e-69,2.13835595e-27,1.10424307e-22,2.43033182e-42,7.48610114e-61,1.56454205e-19,0.00000000e+00,3.74722391e-30,2.15053542e-09,5.71009987e-05,2.48575957e-07,2.82987050e-26,8.64264809e-46,4.18125553e-66,1.08935564e-198,5.75689512e-217,1.66301644e-19,5.98278048e-22,7.17611355e-05,1.71411363e-07,5.27977883e-06,1.02469337e-23,1.35353741e-42,1.12271280e-61,1.33390497e-241,1.14204419e-35,2.84802951e-15,5.19781605e-10,3.62073889e-04,1.37904524e-07,6.60775958e-07,1.25104818e-25,6.09250544e-43,1.25987395e-62
1.16860886e-07,1.99999961e-01,1.49999912e+04,2.78290908e-32,1.04255315e-30,5.47067131e-49,7.85334638e-68,4.49351329e-89,7.22040981e-17,9.76639624e-49,1.95326940e-68,1.39792574e-87,6.58129317e-12,4.37335336e-29,4.90327132e-50,3.19162396e-23,1.89997751e-04,2.13227993e-06,4.73940901e-21,4.35738609e-40,4.22617165e-60,1.32010489e-22,0.00000000e+00,4.77738913e-58,1.96661094e-29,5.50095031e-11,2.51371897e-14,3.90646263e-10,2.73366394e-26,9.96622697e-43,1.94679061e-63,4.19646985e-84,7.12941024e-01,6.54798662e-18,1.54488243e-18,1.14787341e-05,6.91378251e-02,3.45857769e-69,2.27855398e-27,1.21726949e-22,2.68354249e-42,8.89244049e-61,1.56454876e-19,0.00000000e+00,4.53336076e-30,2.29148653e-09,5.71009703e-05,2.50754794e-07,3.03155839e-26,9.86642931e-46,5.08911409e-66,1.49550321e-198,8.41049827e-217,1.88814054e-19,6.79264293e-22,7.17611355e-05,1.71411363e-07,5.27977883e-06,1.09318248e-23,1.54052141e-42,1.36321667e-61,1.71935178e-241,1.47208370e-35,3.23357874e-15,5.53846832e-10,3.62073886e-04,1.37903750e-07,6.56719287e-07,1.33030613e-25,6.91823839e-43,1.52699773e-62
1.24519708e-07,1.99999958e-01,1.49999907e+04,2.84474328e-32,1.15503053e-30,6.33905077e-49,9.84257905e-68,6.06291083e-89,8.19768869e-17,9.76637080e-49,1.95631559e-68,1.52297918e-87,7.01261180e-12,4.37337369e-29,6.73263943e-50,3.62372187e-23,1.89999595e-04,2.13227471e-06,5.05579411e-21,4.92689548e-40,5.10558825e-60,1.59701488e-22,0.00000000e+00,5.71025321e-58,2.19546996e-29,5.86147082e-11,2.67844251e-14,4.14899173e-10,3.09719169e-26,1.20398476e-42,2.50721261e-63,5.75983589e-84,7.12941018e-01,6.97260939e-18,1.63643396e-18,1.14787319e-05,6.91378313e-02,3.69163500e-69,2.42741928e-27,1.33948378e-22,2.95753683e-42,1.05454832e-60,1.56455574e-19,0.00000000e+00,5.48442587e-30,2.44167664e-09,5.71009400e-05,2.53031541e-07,3.24793949e-26,1.12634299e-45,6.19344695e-66,2.05344623e-198,1.22958279e-216,2.14373988e-19,7.71213040e-22,7.17611355e-05,1.71411363e-07,5.27977883e-06,1.16616054e-23,1.75306937e-42,1.65486256e-61,2.21621186e-241,1.89753346e-35,3.67132201e-15,5.90144598e-10,3.62073883e-04,1.37902925e-07,6.52424153e-07,1.41417872e-25,7.85352426e-43,1.85011899e-62
1.32680475e-07,1.99999956e-01,1.49999900e+04,2.90265793e-32,1.27672598e-30,7.31757579e-49,1.22940154e-67,8.15547620e-89,9.30723017e-17,9.76742202e-49,1.95830511e-68,1.65649573e-87,7.47219738e-12,4.37339454e-29,9.24453999e-50,4.11432264e-23,1.90001579e-04,2.13226915e-06,5.39291518e-21,5.56783998e-40,6.16482125e-60,1.93200868e-22,0.00000000e+00,6.82058010e-58,2.44870716e-29,6.24561905e-11,2.85395892e-14,4.40565763e-10,3.50853440e-26,1.45429637e-42,3.22856075e-63,7.90444075e-84,7.12941011e-01,7.42337962e-18,1.73252008e-18,1.14787295e-05,6.91378380e-02,3.93996853e-69,2.58545145e-27,1.47129672e-22,3.25324890e-42,1.24846438e-60,1.56456298e-19,0.00000000e+00,6.63502146e-30,2.60171146e-09,5.71009078e-05,2.55407140e-07,3.48012526e-26,1.28583291e-45,7.53677935e-66,2.81954916e-198,1.79732877e-216,2.43393992e-19,8.75608147e-22,7.17611355e-05,1.71411363e-07,5.27977883e-06,1.24392178e-23,1.99465857e-42,2.00847359e-61,2.85668809e-241,2.44597534e-35,4.16832527e-15,6.28821216e-10,3.62073880e-04,1.37902046e-07,6.47878435e-07,1.50289423e-25,8.91257568e-43,2.24085606e-62
1.41376081e-07,1.99999953e-01,1.49999894e+04,2.95647325e-32,1.40799424e-30,8.41505174e-49,1.53034426e-67,1.09357695e-88,1.05669319e-16,9.76817111e-49,1.95981517e-68,1.79888487e-87,7.96190236e-12,4.37341653e-29,1.26944999e-49,4.67134779e-23,1.90003714e-04,2.13226323e-06,5.75213126e-21,6.28869082e-40,7.43994607e-60,2.33726927e-22,0.00000000e+00,8.14096334e-58,2.72853617e-29,6.65494349e-11,3.04097518e-14,4.67716278e-10,3.97387968e-26,1.75640656e-42,4.15690529e-63,1.08466778e-83,7.12941004e-01,7.90179056e-18,1.83326539e-18,1.14787269e-05,6.91378451e-02,4.20457966e-69,2.75317402e-27,1.61307191e-22,3.57150507e-42,1.47551440e-60,1.56457049e-19,0.00000000e+00,8.02700958e-30,2.77223643e-09,5.71008735e-05,2.57881977e-07,3.72931017e-26,1.46793545e-45,9.17085564e-66,3.87173976e-198,2.62778339e-216,2.76342456e-19,9.94134316e-22,7.17611355e-05,1.71411363e-07,5.27977883e-06,1.32677972e-23,2.26923816e-42,2.43715633e-61,3.68228475e-241,3.15295981e-35,4.73261111e-15,6.70032586e-10,3.62073876e-04,1.37901110e-07,6.43069649e-07,1.59668672e-25,1.01113937e-42,2.71321252e-62
1.50641580e-07,1.99999950e-01,1.49999887e+04,3.00619648e-32,1.54910481e-30,9.64042459e-49,1.89842553e-67,1.46136562e-88,1.19971130e-16,9.77082967e-49,1.96125543e-68,1.95068979e-87,8.48370059e-12,4.37343854e-29,1.74421358e-49,5.30379162e-23,1.90006014e-04,2.13225691e-06,6.13489048e-21,7.09883322e-40,8.97413337e-60,2.82753480e-22,0.00000000e+00,9.70981541e-58,3.03729429e-29,7.09109413e-11,3.24024453e-14,4.96422811e-10,4.50019505e-26,2.12097530e-42,5.35142573e-63,1.48898766e-83,7.12940996e-01,8.40940499e-18,1.93878428e-18,1.14787242e-05,6.91378526e-02,4.48653543e-69,2.93113487e-27,1.76508612e-22,3.91293278e-42,1.74091496e-60,1.56457821e-19,0.00000000e+00,9.71103540e-30,2.95393930e-09,5.71008369e-05,2.60455779e-07,3.99677671e-26,1.67587967e-45,1.11586286e-65,5.31968730e-198,3.85341329e-216,3.13751180e-19,1.12870427e-21,7.17611355e-05,1.71411363e-07,5.27977883e-06,1.41506842e-23,2.58129307e-42,2.95678151e-61,4.74652132e-241,4.06433229e-35,5.37328822e-15,7.13944827e-10,3.62073872e-04,1.37900112e-07,6.37984977e-07,1.69579536e-25,1.14679818e-42,3.28406118e-62
1.60514320e-07,1.99999946e-01,1.49999880e+04,3.05163995e-32,1.70037165e-30,1.10010443e-48,2.34684913e-67,1.94660143e-88,1.36208413e-16,9.77274350e-49,1.96262958e-68,2.11243770e-87,9.03969524e-12,4.37346164e-29,2.39632832e-49,6.02186649e-23,1.90008492e-04,2.13225019e-06,6.54273583e-21,8.00865666e-40,1.08189257e-59,3.42063452e-22,0.00000000e+00,1.15719458e-57,3.37749433e-29,7.55582909e-11,3.45256954e-14,5.26759112e-10,5.09532221e-26,2.56083886e-42,6.88827259e-63,2.04356635e-83,7.12940988e-01,8.94785622e-18,2.04917849e-18,1.14787213e-05,6.91378606e-02,4.78697280e-69,3.11990663e-27,1.92766110e-22,4.27826390e-42,2.05045721e-60,1.56458618e-19,0.00000000e+00,1.17483701e-29,3.14755295e-09,5.71007979e-05,2.63127507e-07,4.28390048e-26,1.91335874e-45,1.35767693e-65,7.30850359e-198,5.64656858e-216,3.56223951e-19,1.28148962e-21,7.17611355e-05,1.71411363e-07,5.27977883e-06,1.50914386e-23,2.93591665e-42,3.58656607e-61,6.11835429e-241,5.23916305e-35,6.10069850e-15,7.60734943e-10,3.62073868e-04,1.37899048e-07,6.32611302e-07,1.80046359e-25,1.30025848e-42,3.97372095e-62
1.71034100e-07,1.99999943e-01,1.49999872e+04,3.09261250e-32,1.86207996e-30,1.25032142e-48,2.89098534e-67,2.58489890e-88,1.54643054e-16,9.77096903e-49,1.96349838e-68,2.28474325e-87,9.63212733e-12,4.37348685e-29,3.29101753e-49,6.83716782e-23,1.90011161e-04,2.13224302e-06,6.97731145e-21,9.02963887e-40,1.30358587e-59,4.13813696e-22,0.00000000e+00,1.37797938e-57,3.75179997e-29,8.05102172e-11,3.67880529e-14,5.58800339e-10,5.76808159e-26,3.09145057e-42,8.86531278e-63,2.80333494e-83,7.12940979e-01,9.51884875e-18,2.16453469e-18,1.14787182e-05,6.91378692e-02,5.10710329e-69,3.32008687e-27,2.10108873e-22,4.66816278e-42,2.41067898e-60,1.56459446e-19,0.00000000e+00,1.42131406e-29,3.35385836e-09,5.71007563e-05,2.65895234e-07,4.59215489e-26,2.18459725e-45,1.65186181e-65,1.00370925e-197,8.25841341e-216,4.04446292e-19,1.45495588e-21,7.17611355e-05,1.71411363e-07,5.27977883e-06,1.60938532e-23,3.33889310e-42,4.34977734e-61,7.88667303e-241,6.75360183e-35,6.92658400e-15,8.10591537e-10,3.62073864e-04,1.37897915e-07,6.26935247e-07,1.91093808e-25,1.47379513e-42,4.80665294e-62
1.82243324e-07,1.99999939e-01,1.49999863e+04,3.12958178e-32,2.03424123e-30,1.41546905e-48,3.54878335e-67,3.42048518e-88,1.75572365e-16,9.77102480e-49,1.96504392e-68,2.46821368e-87,1.02633847e-11,4.37351186e-29,4.52187383e-49,7.76286141e-23,1.90014038e-04,2.13223538e-06,7.44036924e-21,1.01744243e-39,1.56984606e-59,5.00613416e-22,0.00000000e+00,1.63952562e-57,4.16293650e-29,8.57866813e-11,3.91986285e-14,5.92622779e-10,6.52838818e-26,3.73141186e-42,1.14080249e-62,3.84665813e-83,7.12940969e-01,1.01241586e-17,2.28492202e-18,1.14787150e-05,6.91378782e-02,5.44821783e-69,3.53229823e-27,2.28538651e-22,5.08266433e-42,2.82921621e-60,1.56460289e-19,0.00000000e+00,1.71950267e-29,3.57368770e-09,5.71007120e-05,2.68756023e-07,4.92311536e-26,2.49442910e-45,2.00977012e-65,1.37908624e-197,1.21053667e-215,4.59196526e-19,1.65190227e-21,7.17611355e-05,1.71411363e-07,5.27977883e-06,1.71619696e-23,3.79679113e-42,5.27458513e-61,1.01660930e-240,8.70584782e-35,7.86427651e-15,8.63715574e-10,3.62073859e-04,1.37896708e-07,6.20943230e-07,2.02746753e-25,1.66996254e-42,5.81229874e-62
1.94187178e-07,1.99999935e-01,1.49999854e+04,3.16215187e-32,2.21713947e-30,1.59584534e-48,4.34061410e-67,4.51190224e-88,1.99333874e-16,9.76966520e-49,1.96554265e-68,2.66371064e-87,1.09360117e-11,4.37353757e-29,6.21057817e-49,8.81389623e-23,1.90017139e-04,2.13222724e-06,7.93377586e-21,1.14569508e-39,1.88941718e-59,6.05619023e-22,0.00000000e+00,1.94896580e-57,4.61389523e-29,9.14089527e-11,4.17671290e-14,6.28303486e-10,7.38738085e-26,4.50309733e-42,1.46780125e-62,5.27558291e-83,7.12940960e-01,1.07656328e-17,2.41038864e-18,1.14787115e-05,6.91378879e-02,5.81169195e-69,3.75718830e-27,2.48083997e-22,5.52242098e-42,3.31425385e-60,1.56461150e-19,0.00000000e+00,2.08025250e-29,3.80792777e-09,5.71006648e-05,2.71705769e-07,5.27846410e-26,2.84838118e-45,2.44524269e-65,1.89408796e-197,1.77094044e-215,5.21358337e-19,1.87550688e-21,7.17611355e-05,1.71411363e-07,5.27977883e-06,1.83000943e-23,4.31707018e-42,6.39509366e-61,1.31043132e-240,1.12224463e-34,8.92891278e-15,9.20321187e-10,3.62073854e-04,1.37895422e-07,6.14621518e-07,2.15030123e-25,1.89162697e-42,7.02606214e-62
2.06913808e-07,1.99999931e-01,1.49999845e+04,3.19063003e-32,2.41074961e-30,1.79184397e-48,5.29002759e-67,5.93175138e-88,2.26310764e-16,9.76776478e-49,1.96539088e-68,2.87203738e-87,1.16527194e-11,4.37356377e-29,8.52983893e-49,1.00072460e-22,1.90020483e-04,2.13221857e-06,8.45952031e-21,1.28925140e-39,2.27272653e-59,7.32648887e-22,0.00000000e+00,2.31468506e-57,5.10771264e-29,9.73996945e-11,4.45038965e-14,6.65919880e-10,8.35756398e-26,5.43342111e-42,1.88824244e-62,7.23415153e-83,7.12940949e-01,1.14451891e-17,2.54095924e-18,1.14787077e-05,6.91378981e-02,6.19899135e-69,3.99542937e-27,2.68742825e-22,5.98738276e-42,3.87522639e-60,1.56462026e-19,0.00000000e+00,2.51668970e-29,4.05752356e-09,5.71006146e-05,2.74739061e-07,5.65999268e-26,3.25277648e-45,2.97511823e-65,2.60138023e-197,2.59089956e-215,5.91935033e-19,2.12937789e-21,7.17611355e-05,1.71411363e-07,5.27977883e-06,1.95128161e-23,4.90820118e-42,7.75258933e-61,1.68917407e-240,1.44665516e-34,1.01376790e-14,9.80636545e-10,3.62073849e-04,1.37894051e-07,6.07956306e-07,2.27968741e-25,2.14200179e-42,8.49051700e-62
2.20474515e-07,1.99999927e-01,1.49999835e+04,3.21524297e-32,2.61502606e-30,2.00370271e-48,6.42363485e-67,7.77230885e-88,2.56938044e-16,9.76710188e-49,1.96491823e-68,3.09415110e-87,1.24163965e-11,4.37359008e-29,1.17147769e-48,1.13621833e-22,1.90024090e-04,2.13220933e-06,9.01972193e-21,1.44978879e-39,2.73217224e-59,8.86322144e-22,0.00000000e+00,2.74641994e-57,5.64758538e-29,1.03783056e-10,4.74199496e-14,7.05549266e-10,9.45296503e-26,6.55473891e-42,2.42873358e-62,9.91804076e-83,7.12940938e-01,1.21648138e-17,2.67663135e-18,1.14787038e-05,6.91379089e-02,6.61167780e-69,4.24771787e-27,2.90510615e-22,6.47744571e-42,4.52259485e-60,1.56462912e-19,0.00000000e+00,3.04469462e-29,4.32348205e-09,5.71005610e-05,2.77849007e-07,6.06960499e-26,3.71484487e-45,3.61990700e-65,3.57266005e-197,3.78970091e-215,6.72065739e-19,2.41761183e-21,7.17611355e-05,1.71411363e-07,5.27977883e-06,2.08050243e-23,5.57980357e-42,9.39705149e-61,2.17738145e-240,1.86484868e-34,1.15100880e-14,1.04490476e-09,3.62073843e-04,1.37892591e-07,6.00933793e-07,2.41587126e-25,2.42468657e-42,1.02568214e-61
2.34923963e-07,1.99999922e-01,1.49999824e+04,3.23608599e-32,2.82990802e-30,2.23141040e-48,7.77153519e-67,1.01499520e-87,2.91709556e-16,9.76766260e-49,1.96376631e-68,3.33106705e-87,1.32301209e-11,4.37361643e-29,1.60876013e-48,1.29005914e-22,1.90027979e-04,2.13219949e-06,9.61663892e-21,1.62914242e-39,3.28248416e-59,1.07222661e-21,0.00000000e+00,3.25546796e-57,6.23686232e-29,1.10584767e-10,5.05270281e-14,7.47268282e-10,1.06893077e-25,7.90593424e-42,3.12342804e-62,1.35945472e-82,7.12940926e-01,1.29265601e-17,2.81737204e-18,1.14786995e-05,6.91379205e-02,7.05141541e-69,4.51477359e-27,3.13381067e-22,6.99246706e-42,5.26793103e-60,1.56463803e-19,0.00000000e+00,3.68347974e-29,4.60687634e-09,5.71005039e-05,2.81027059e-07,6.50931851e-26,4.24285177e-45,4.40458861e-65,4.90617927e-197,5.54139490e-215,7.63043787e-19,2.74485964e-21,7.17611355e-05,1.71411363e-07,5.27977883e-06,2.21819289e-23,6.34280087e-42,1.13889805e-60,2.80668972e-240,2.40393725e-34,1.30682950e-14,1.11338490e-09,3.62073837e-04,1.37891035e-07,5.93540284e-07,2.55909277e-25,2.74370971e-42,1.23864202e-61
2.50320398e-07,1.99999917e-01,1.49999812e+04,3.25365992e-32,3.05511569e-30,2.47492491e-48,9.36768684e-67,1.32096151e-87,3.31185930e-16,9.76847747e-49,1.96299759e-68,3.58365736e-87,1.40971723e-11,4.37364312e-29,2.20932617e-48,1.46473177e-22,1.90032174e-04,2.13218899e-06,1.02526774e-20,1.82931449e-39,3.94115366e-59,1.29712189e-21,0.00000000e+00,3.85496947e-57,6.87897073e-29,1.17832246e-10,5.38376397e-14,7.91152262e-10,1.20842021e-25,9.53371840e-42,4.01612950e-62,1.86314078e-82,7.12940913e-01,1.37325444e-17,2.96311450e-18,1.14786950e-05,6.91379327e-02,7.51997734e-69,4.79733857e-27,3.37326199e-22,7.53180838e-42,6.12419158e-60,1.56464698e-19,0.00000000e+00,4.45628893e-29,4.90884993e-09,5.71004431e-05,2.84262827e-07,6.98126380e-26,4.84624493e-45,5.35957726e-65,6.73761433e-197,8.10329550e-215,8.66337584e-19,3.11640168e-21,7.17611355e-05,1.71411363e-07,5.27977883e-06,2.36490813e-23,7.20959733e-42,1.38016097e-60,3.61787800e-240,3.09887156e-34,1.48374544e-14,1.18635297e-09,3.62073831e-04,1.37889377e-07,5.85762298e-07,2.70958416e-25,3.10357508e-42,1.49530783e-61
2.66725884e-07,1.99999911e-01,1.49999800e+04,3.26820400e-32,3.29039647e-30,2.73393934e-48,1.12499701e-66,1.71327918e-87,3.76003606e-16,9.76953852e-49,1.96271187e-68,3.85295042e-87,1.50210453e-11,4.37366996e-29,3.03404243e-48,1.66305756e-22,1.90036700e-04,2.13217782e-06,1.09304012e-20,2.05248572e-39,4.72891148e-59,1.56918509e-21,0.00000000e+00,4.56010798e-57,7.57750675e-29,1.25554707e-10,5.73651102e-14,8.37274520e-10,1.36573540e-25,1.14941767e-41,5.16304099e-62,2.55299368e-82,7.12940900e-01,1.45849426e-17,3.11375420e-18,1.14786902e-05,6.91379457e-02,8.01925297e-69,5.09617563e-27,3.62320073e-22,8.09488061e-42,7.10562159e-60,1.56465591e-19,0.00000000e+00,5.39124339e-29,5.23062142e-09,5.71003783e-05,2.87543884e-07,7.48768272e-26,5.53581774e-45,6.52191922e-65,9.25255999e-197,1.18487874e-214,9.83614316e-19,3.53823294e-21,7.17611355e-05,1.71411363e-07,5.27977883e-06,2.52123966e-23,8.19427859e-42,1.67235821e-60,4.66350998e-240,3.99470641e-34,1.68461269e-14,1.26410311e-09,3.62073824e-04,1.37887610e-07,5.77586693e-07,2.86756701e-25,3.50931295e-42,1.80452929e-61
2.84206552e-07,1.99999905e-01,1.49999787e+04,3.28027901e-32,3.53528956e-30,3.00797013e-48,1.34609965e-66,2.21436897e-87,4.26885085e-16,9.76957618e-49,1.96293165e-68,4.13979195e-87,1.60054634e-11,4.37369663e-29,4.16687995e-48,1.88824004e-22,1.90041582e-04,2.13216591e-06,1.16525421e-20,2.30102338e-39,5.67031764e-59,1.89830802e-21,0.00000000e+00,5.38848127e-57,8.33613171e-29,1.33783280e-10,6.11236368e-14,8.85705529e-10,1.54307932e-25,1.38546233e-41,6.63620220e-62,3.49787748e-82,7.12940885e-01,1.54859844e-17,3.26914560e-18,1.14786851e-05,6.91379594e-02,8.55125545e-69,5.41206651e-27,3.88316020e-22,8.68062126e-42,8.22811288e-60,1.56466473e-19,0.00000000e+00,6.52236523e-29,5.57348938e-09,5.71003092e-05,2.90855565e-07,8.03092329e-26,6.32389753e-45,7.93671976e-65,1.27070555e-196,1.73296922e-214,1.11676686e-18,4.01715966e-21,7.17611355e-05,1.71411363e-07,5.27977883e-06,2.68781777e-23,9.31283931e-42,2.02621896e-60,6.01133826e-240,5.14952177e-34,1.91267400e-14,1.34694869e-09,3.62073817e-04,1.37885728e-07,5.69000812e-07,3.03324907e-25,3.96653512e-42,2.17691826e-61
3.02832867e-07,1.99999899e-01,1.49999773e+04,3.29001434e-32,3.78942661e-30,3.29634707e-48,1.60473901e-66,2.85213355e-87,4.84650557e-16,9.76957401e-49,1.96381672e-68,4.44549330e-87,1.70543941e-11,4.37372308e-29,5.72272594e-48,2.14391673e-22,1.90046847e-04,2.13215321e-06,1.24220108e-20,2.57749306e-39,6.79440619e-59,2.29645668e-21,0.00000000e+00,6.36034220e-57,9.15871211e-29,1.42551133e-10,6.51283454e-14,9.36512008e-10,1.74291230e-25,1.66958009e-41,8.52798892e-62,4.79163183e-82,7.12940870e-01,1.64379469e-17,3.42909820e-18,1.14786796e-05,6.91379740e-02,9.11812983e-69,5.74580954e-27,4.15275592e-22,9.28815966e-42,9.50887432e-60,1.56467339e-19,0.00000000e+00,7.89081581e-29,5.93883768e-09,5.71002356e-05,2.94180753e-07,8.61343285e-26,7.22455283e-45,9.65891792e-65,1.74514014e-196,2.53483228e-214,1.26794431e-18,4.56090920e-21,7.17611355e-05,1.71411363e-07,5.27977883e-06,2.86531405e-23,1.05834418e-41,2.45472923e-60,7.74869558e-240,6.63818977e-34,2.17161120e-14,1.43522365e-09,3.62073810e-04,1.37883722e-07,5.59992637e-07,3.20682060e-25,4.48149486e-42,2.62519003e-61
3.22679912e-07,1.99999892e-01,1.49999758e+04,3.29796231e-32,4.05217943e-30,3.59819492e-48,1.90613662e-66,3.66073617e-87,5.50231099e-16,9.76925924e-49,1.96419460e-68,4.77106590e-87,1.81720649e-11,4.37374858e-29,7.85958658e-48,2.43421797e-22,1.90052526e-04,2.13213969e-06,1.32419086e-20,2.88466513e-39,8.13548209e-59,2.77810615e-21,0.00000000e+00,7.49908901e-57,1.00491674e-28,1.51893609e-10,6.93953508e-14,9.89755909e-10,1.96797918e-25,2.01145152e-41,1.09567486e-61,6.56276911e-82,7.12940854e-01,1.74431464e-17,3.59337349e-18,1.14786738e-05,6.91379895e-02,9.72216171e-69,6.09821683e-27,4.43134470e-22,9.91603398e-42,1.09671414e-59,1.56468178e-19,0.00000000e+00,9.54639397e-29,6.32814104e-09,5.71001572e-05,2.97499681e-07,9.23774625e-26,8.25383153e-45,1.17554007e-64,2.39673616e-196,3.70759524e-214,1.43958672e-18,5.17825459e-21,7.17611355e-05,1.71411363e-07,5.27977883e-06,3.05444408e-23,1.20267097e-41,2.97360608e-60,9.98814907e-240,8.55722738e-34,2.46560468e-14,1.52928379e-09,3.62073802e-04,1.37881585e-07,5.50550973e-07,3.38845043e-25,5.06115121e-42,3.16457149e-61
3.43827692e-07,1.99999885e-01,1.49999742e+04,3.30432458e-32,4.32297229e-30,3.91250282e-48,2.25598645e-66,4.68229298e-87,6.24683661e-16,9.76875329e-49,1.96455923e-68,5.11794884e-87,1.93629803e-11,4.37377333e-29,1.07946391e-47,2.76383373e-22,1.90058650e-04,2.13212528e-06,1.41155400e-20,3.22552373e-39,9.73400981e-59,3.36076661e-21,0.00000000e+00,8.83161343e-57,1.10116003e-28,1.61848368e-10,7.39418211e-14,1.04549328e-09,2.22133869e-25,2.42267619e-41,1.40740669e-61,8.98701142e-82,7.12940837e-01,1.85039288e-17,3.76168171e-18,1.14786676e-05,6.91380059e-02,1.03657864e-68,6.47011081e-27,4.71832727e-22,1.05628868e-41,1.26239120e-59,1.56468982e-19,0.00000000e+00,1.15493489e-28,6.74297105e-09,5.71000737e-05,3.00789724e-07,9.90647057e-26,9.43002426e-45,1.43076009e-64,3.29170990e-196,5.42382397e-214,1.63446442e-18,5.87915602e-21,7.17611355e-05,1.71411363e-07,5.27977883e-06,3.25597034e-23,1.36660609e-41,3.60187151e-60,1.28747950e-239,1.10310575e-33,2.79940086e-14,1.62950824e-09,3.62073793e-04,1.37879307e-07,5.40665642e-07,3.57828152e-25,5.71323811e-42,3.81328381e-61
3.66361454e-07,1.99999878e-01,1.49999725e+04,3.30958984e-32,4.60101349e-30,4.23799750e-48,2.66060038e-66,5.96810506e-87,7.09208064e-16,9.76921191e-49,1.96398810e-68,5.48768525e-87,2.06319398e-11,4.37379692e-29,1.48261264e-47,3.13808942e-22,1.90065250e-04,2.13210993e-06,1.50464261e-20,3.60327287e-39,1.16376618e-58,4.06561960e-21,0.00000000e+00,1.03888649e-56,1.20501942e-28,1.72455536e-10,7.87860468e-14,1.10377304e-09,2.50639527e-25,2.91714484e-41,1.80740247e-61,1.23045277e-81,7.12940819e-01,1.96226580e-17,3.93367916e-18,1.14786610e-05,6.91380232e-02,1.10515986e-68,6.86232026e-27,5.01288599e-22,1.12268626e-41,1.45024035e-59,1.56469742e-19,0.00000000e+00,1.39725731e-28,7.18500256e-09,5.70999847e-05,3.04025205e-07,1.06222644e-25,1.07739594e-44,1.74146375e-64,4.52099227e-196,7.93489860e-214,1.85572277e-18,6.67492151e-21,7.17611355e-05,1.71411363e-07,5.27977883e-06,3.47070526e-23,1.55280866e-41,4.36254676e-60,1.65956544e-239,1.42200745e-33,3.17838888e-14,1.73630096e-09,3.62073784e-04,1.37876881e-07,5.30327699e-07,3.77642610e-25,6.44633828e-42,4.59311499e-61
3.90372033e-07,1.99999870e-01,1.49999707e+04,3.31393885e-32,4.88555187e-30,4.57341227e-48,3.12676990e-66,7.58090784e-87,8.05166300e-16,9.76962641e-49,1.96337245e-68,5.88168286e-87,2.19840574e-11,4.37381912e-29,2.03637163e-47,3.56303210e-22,1.90072363e-04,2.13209357e-06,1.60383183e-20,4.02134310e-39,1.39025096e-58,4.91828766e-21,0.00000000e+00,1.22063194e-56,1.31693495e-28,1.83757870e-10,8.39475136e-14,1.16463561e-09,2.82693331e-25,3.51148124e-41,2.32050163e-61,1.68433726e-81,7.12940800e-01,2.08017023e-17,4.10896583e-18,1.14786540e-05,6.91380415e-02,1.17823630e-68,7.27567555e-27,5.31423627e-22,1.19061853e-41,1.66275261e-59,1.56470445e-19,0.00000000e+00,1.69042565e-28,7.65602042e-09,5.70998898e-05,3.07177211e-07,1.13878113e-25,1.23093299e-44,2.11971363e-64,6.20948365e-196,1.16096586e-213,2.10693292e-18,7.57838917e-21,7.17611355e-05,1.71411363e-07,5.27977883e-06,3.69951452e-23,1.76429803e-41,5.28349248e-60,2.13917893e-239,1.83310474e-33,3.60868763e-14,1.85009241e-09,3.62073774e-04,1.37874296e-07,5.19529667e-07,3.98296044e-25,7.26996151e-42,5.53009719e-61
4.15956216e-07,1.99999861e-01,1.49999688e+04,3.31762939e-32,5.17571094e-30,4.91733645e-48,3.66190430e-66,9.59680683e-87,9.14104435e-16,9.77008079e-49,1.96296946e-68,6.30153991e-87,2.34247823e-11,4.37383958e-29,2.79701293e-47,4.04552825e-22,1.90080023e-04,2.13207614e-06,1.70952137e-20,4.48339501e-39,1.65944157e-58,5.94976520e-21,0.00000000e+00,1.43246570e-56,1.43736224e-28,1.95800930e-10,8.94469804e-14,1.22811147e-09,3.18715380e-25,4.22556670e-41,2.97847948e-61,2.30516020e-81,7.12940780e-01,2.20434190e-17,4.28708395e-18,1.14786465e-05,6.91380609e-02,1.25610255e-68,7.71100314e-27,5.62146273e-22,1.25987824e-41,1.90265058e-59,1.56471078e-19,0.00000000e+00,2.04510967e-28,8.15792679e-09,5.70997888e-05,3.10213441e-07,1.22057861e-25,1.40630556e-44,2.58018458e-64,8.52874353e-196,1.69875788e-213,2.39214943e-18,8.60413426e-21,7.17611355e-05,1.71411363e-07,5.27977883e-06,3.94332048e-23,2.00450261e-41,6.39842523e-60,2.75739134e-239,2.36305269e-33,4.09724463e-14,1.97134122e-09,3.62073764e-04,1.37871541e-07,5.08265796e-07,4.19791915e-25,8.19462732e-42,6.65530770e-61
4.43217134e-07,1.99999852e-01,1.49999668e+04,3.32083729e-32,5.47056145e-30,5.26833907e-48,4.27398461e-66,1.21079712e-86,1.03777746e-15,9.76991927e-49,1.96330410e-68,6.74876192e-87,2.49599205e-11,4.37385777e-29,3.84182535e-47,4.59337493e-22,1.90088269e-04,2.13205756e-06,1.82213712e-20,4.99332222e-39,1.97906217e-58,7.19754454e-21,0.00000000e+00,1.67904440e-56,1.56677842e-28,2.08633259e-10,9.53065623e-14,1.29421959e-09,3.59171347e-25,5.08316151e-41,3.82196530e-61,3.15408767e-81,7.12940759e-01,2.33501362e-17,4.46751714e-18,1.14786385e-05,6.91380813e-02,1.33907245e-68,8.16911928e-27,5.93359080e-22,1.33024489e-41,2.17285905e-59,1.56471628e-19,0.00000000e+00,2.47421839e-28,8.69274884e-09,5.70996811e-05,3.13098080e-07,1.30788134e-25,1.60656810e-44,3.14072324e-64,1.17144010e-195,2.48579407e-213,2.71597573e-18,9.76870416e-21,7.17611355e-05,1.71411363e-07,5.27977883e-06,4.20310592e-23,2.27731523e-41,7.74814740e-60,3.55425160e-239,3.04621309e-33,4.65194819e-14,2.10053610e-09,3.62073753e-04,1.37868606e-07,4.96532334e-07,4.42128908e-25,9.23195148e-42,8.00581358e-61
4.72264677e-07,1.99999843e-01,1.49999646e+04,3.32367921e-32,5.76911421e-30,5.62493422e-48,4.97160978e-66,1.52255291e-86,1.17817749e-15,9.76981166e-49,1.96371613e-68,7.22525169e-87,2.65956585e-11,4.37387334e-29,5.27697110e-47,5.21542593e-22,1.90097139e-04,2.13203777e-06,1.94213286e-20,5.55525267e-39,2.35815720e-58,8.70697784e-21,0.00000000e+00,1.96569256e-56,1.70568575e-28,2.22306585e-10,1.01549819e-13,1.36296576e-09,4.04576632e-25,6.11264049e-41,4.90288310e-61,4.31458912e-81,7.12940737e-01,2.47241323e-17,4.64969062e-18,1.14786300e-05,6.91381029e-02,1.42748040e-68,8.65082276e-27,6.24957855e-22,1.40148288e-41,2.47653188e-59,1.56472080e-19,0.00000000e+00,2.99337010e-28,9.26264699e-09,5.70995663e-05,3.15791712e-07,1.40094165e-25,1.83518095e-44,3.82302411e-64,1.60901033e-195,3.63763362e-213,3.08363842e-18,1.10908851e-20,7.17611355e-05,1.71411363e-07,5.27977883e-06,4.47991802e-23,2.58715600e-41,9.38203524e-60,4.58137958e-239,3.92688280e-33,5.28175489e-14,2.23819777e-09,3.62073742e-04,1.37865478e-07,4.84327821e-07,4.65300286e-25,1.03947359e-41,9.62578470e-61
5.03215936e-07,1.99999832e-01,1.49999623e+04,3.32627080e-32,6.07029571e-30,5.98556727e-48,5.76402858e-66,1.90830330e-86,1.33756581e-15,9.76984579e-49,1.96388961e-68,7.73302533e-87,2.83385880e-11,4.37388585e-29,7.24827498e-47,5.92173513e-22,1.90106673e-04,2.13201668e-06,2.06999205e-20,6.17354762e-39,2.80730057e-58,1.05329244e-20,0.00000000e+00,2.29849441e-56,1.85461304e-28,2.36876023e-10,1.08201847e-13,1.43434081e-09,4.55500741e-25,7.34786245e-41,6.28755575e-61,5.90053050e-81,7.12940713e-01,2.61676123e-17,4.83297268e-18,1.14786209e-05,6.91381257e-02,1.52168269e-68,9.15688674e-27,6.56829439e-22,1.47333639e-41,2.81705969e-59,1.56472416e-19,0.00000000e+00,3.62146110e-28,9.86992372e-09,5.70994440e-05,3.18251296e-07,1.49999567e-25,2.09605744e-44,4.65344521e-64,2.21004032e-195,5.32339441e-213,3.50107161e-18,1.25920052e-20,7.17611355e-05,1.71411363e-07,5.27977883e-06,4.77487251e-23,2.93904372e-41,1.13598394e-59,5.90530881e-239,5.06216646e-33,5.99683431e-14,2.38488108e-09,3.62073729e-04,1.37862145e-07,4.71653392e-07,4.89293209e-25,1.16970608e-41,1.15678027e-60
5.36195677e-07,1.99999821e-01,1.49999598e+04,3.32867161e-32,6.37298234e-30,6.34868498e-48,6.66113374e-66,2.38405496e-86,1.51850912e-15,9.77000440e-49,1.96369723e-68,8.27410906e-87,3.01957325e-11,4.37389479e-29,9.95604295e-47,6.72371920e-22,1.90116911e-04,2.13199421e-06,2.20622980e-20,6.85280019e-39,3.33883361e-58,1.27417429e-20,0.00000000e+00,2.68439413e-56,2.01412283e-28,2.52400302e-10,1.15289385e-13,1.50831881e-09,5.12571877e-25,8.82919629e-41,8.06065114e-61,8.06716758e-81,7.12940688e-01,2.76826822e-17,5.01667724e-18,1.14786112e-05,6.91381496e-02,1.62205890e-68,9.68804952e-27,6.88855022e-22,1.54553695e-41,3.19807490e-59,1.56472619e-19,0.00000000e+00,4.38135375e-28,1.05170329e-08,5.70993138e-05,3.20430203e-07,1.60525607e-25,2.39361442e-44,5.66399160e-64,3.03559271e-195,7.79073295e-213,3.97501268e-18,1.42962779e-20,7.17611355e-05,1.71411363e-07,5.27977883e-06,5.08915820e-23,3.33867689e-41,1.37538630e-59,7.61179451e-239,6.52567997e-33,6.80873325e-14,2.54117722e-09,3.62073716e-04,1.37858595e-07,4.58513102e-07,5.14088026e-25,1.31543790e-41,1.38943968e-60
5.71336843e-07,1.99999810e-01,1.49999571e+04,3.33104057e-32,6.67592243e-30,6.71251764e-48,7.67356534e-66,2.96891656e-86,1.72392085e-15,9.77011259e-49,1.96340069e-68,8.85072440e-87,3.21745759e-11,4.37389967e-29,1.36754216e-46,7.63434255e-22,1.90127893e-04,2.13197027e-06,2.35139493e-20,7.59782953e-39,3.96713900e-58,1.54137017e-20,0.00000000e+00,3.13131921e-56,2.18480636e-28,2.68941998e-10,1.22840912e-13,1.58485521e-09,5.76481723e-25,1.06047307e-40,1.03301893e-60,1.10261293e-80,7.12940662e-01,2.92713187e-17,5.20006836e-18,1.14786009e-05,6.91381748e-02,1.72901346e-68,1.02450043e-26,7.20902646e-22,1.61778618e-41,3.62348196e-59,1.56472671e-19,0.00000000e+00,5.30070913e-28,1.12065897e-08,5.70991749e-05,3.22278340e-07,1.71690360e-25,2.73282616e-44,6.89349600e-64,4.16954305e-195,1.14018059e-212,4.51311108e-18,1.62311926e-20,7.17611355e-05,1.71411363e-07,5.27977883e-06,5.42404174e-23,3.79252574e-41,1.66515972e-59,9.81136581e-239,8.41232484e-33,7.73056241e-14,2.70771614e-09,3.62073702e-04,1.37854811e-07,4.44914249e-07,5.39657545e-25,1.47836093e-41,1.66798439e-60
6.08781089e-07,1.99999797e-01,1.49999543e+04,3.33343727e-32,6.97785250e-30,7.07537494e-48,8.81261553e-66,3.68566938e-86,1.95710783e-15,9.77005863e-49,1.96336573e-68,9.46504499e-87,3.42830918e-11,4.37389988e-29,1.87843523e-46,8.66832726e-22,1.90139659e-04,2.13194476e-06,2.50607218e-20,8.41367788e-39,4.70894822e-58,1.86458929e-20,0.00000000e+00,3.64830543e-56,2.36729825e-28,2.86567788e-10,1.30886768e-13,1.66388486e-09,6.47990372e-25,1.27316970e-40,1.32339005e-60,1.50657068e-80,7.12940635e-01,3.09353375e-17,5.38236580e-18,1.14785899e-05,6.91382013e-02,1.84297723e-68,1.08283876e-26,7.52838522e-22,1.68978173e-41,4.09743746e-59,1.56472551e-19,0.00000000e+00,6.41299441e-28,1.19413815e-08,5.70990270e-05,3.23742365e-07,1.83507731e-25,3.11928055e-44,8.38903925e-64,5.72710006e-195,1.66868170e-212,5.12405173e-18,1.84279573e-20,7.17611355e-05,1.71411363e-07,5.27977883e-06,5.78087273e-23,4.30793666e-41,2.01589097e-59,1.26464815e-238,1.08444434e-32,8.77720817e-14,2.88516906e-09,3.62073687e-04,1.37850780e-07,4.30867714e-07,5.65966302e-25,1.66032296e-41,2.00122711e-60
6.48679353e-07,1.99999784e-01,1.49999513e+04,3.33590579e-32,7.27746594e-30,7.43554690e-48,1.00902789e-65,4.56138305e-86,2.22182341e-15,9.76996339e-49,1.96355262e-68,1.01195788e-86,3.65297766e-11,4.37389485e-29,2.58019778e-46,9.84239158e-22,1.90152248e-04,2.13191758e-06,2.67088452e-20,9.30560413e-39,5.58369353e-58,2.25557577e-20,0.00000000e+00,4.24564990e-56,2.56227789e-28,3.05348722e-10,1.39459272e-13,1.74532020e-09,7.27931379e-25,1.52781408e-40,1.69472798e-60,2.05784405e-80,7.12940606e-01,3.26763568e-17,5.56275267e-18,1.14785783e-05,6.91382291e-02,1.96440926e-68,1.14387668e-26,7.84524112e-22,1.76121059e-41,4.62436581e-59,1.56472238e-19,0.00000000e+00,7.75870184e-28,1.27243789e-08,5.70988694e-05,3.24766022e-07,1.95986334e-25,3.55923734e-44,1.02076489e-63,7.86651138e-195,2.44217557e-212,5.81769520e-18,2.09220019e-20,7.17611355e-05,1.71411363e-07,5.27977883e-06,6.16108908e-23,4.89325076e-41,2.44039016e-59,1.63007523e-238,1.39797540e-32,9.96557320e-14,3.07425116e-09,3.62073672e-04,1.37846485e-07,4.16388284e-07,5.92969818e-25,1.86333661e-41,2.39961082e-60
6.91192469e-07,1.99999770e-01,1.49999482e+04,3.33845209e-32,7.57343905e-30,7.79134658e-48,1.15192367e-65,5.62813877e-86,2.52232767e-15,9.76989994e-49,1.96378055e-68,1.08170142e-86,3.89236830e-11,4.37388394e-29,3.54413957e-46,1.11755209e-21,1.90165695e-04,2.13188862e-06,2.84649569e-20,1.02790775e-38,6.61390664e-58,2.72853497e-20,0.00000000e+00,4.93508240e-56,2.77047445e-28,3.25360501e-10,1.48592850e-13,1.82904934e-09,8.17216866e-25,1.83248827e-40,2.16937861e-60,2.80985390e-80,7.12940575e-01,3.44957582e-17,5.74038482e-18,1.14785658e-05,6.91382582e-02,2.09379859e-68,1.20766264e-26,8.15818785e-22,1.83175506e-41,5.20894959e-59,1.56471709e-19,0.00000000e+00,9.38682376e-28,1.35587479e-08,5.70987015e-05,3.25290607e-07,2.09128234e-25,4.05968712e-44,1.24183280e-63,1.08051416e-194,3.57422166e-212,6.60523689e-18,2.37535490e-20,7.17611355e-05,1.71411363e-07,5.27977883e-06,6.56622285e-23,5.55793848e-41,2.95415746e-59,2.10108256e-238,1.80215809e-32,1.13148496e-13,3.27572451e-09,3.62073655e-04,1.37841908e-07,4.01494981e-07,6.20613893e-25,2.08958764e-41,2.87549411e-60
7.36491807e-07,1.99999755e-01,1.49999448e+04,3.34104195e-32,7.86445528e-30,8.14116131e-48,1.31128320e-65,6.92385113e-86,2.86345567e-15,9.76988859e-49,1.96365735e-68,1.15602608e-86,4.14744566e-11,4.37386651e-29,4.86821208e-46,1.26892753e-21,1.90180035e-04,2.13185776e-06,3.03361283e-20,1.13397727e-38,7.82566884e-58,3.30064913e-20,0.00000000e+00,5.72995762e-56,2.99267542e-28,3.46683791e-10,1.58324172e-13,1.91493435e-09,9.16842631e-25,2.19678132e-40,2.77577439e-60,3.83525826e-80,7.12940544e-01,3.63946440e-17,5.91440189e-18,1.14785525e-05,6.91382886e-02,2.23166621e-68,1.27423530e-26,8.46582324e-22,1.90109845e-41,5.85611388e-59,1.56470941e-19,0.00000000e+00,1.13566373e-27,1.44478631e-08,5.70985225e-05,3.25255574e-07,2.22927547e-25,4.62840929e-44,1.51044725e-63,1.48415570e-194,5.23103078e-212,7.49938767e-18,2.69682614e-20,7.17611355e-05,1.71411363e-07,5.27977883e-06,6.99790637e-23,6.31275242e-41,3.57594765e-59,2.70817023e-238,2.32320430e-32,1.28468293e-13,3.49040110e-09,3.62073637e-04,1.37837031e-07,3.86211364e-07,6.48833926e-25,2.34144247e-41,3.44348216e-60
7.84759970e-07,1.99999738e-01,1.49999411e+04,3.34369110e-32,8.14917634e-30,8.48334347e-48,1.48851033e-65,8.49319621e-86,3.25069500e-15,9.76976293e-49,1.96346386e-68,1.23522111e-86,4.41923749e-11,4.37384188e-29,6.68696290e-46,1.44081392e-21,1.90195298e-04,2.13182487e-06,3.23298930e-20,1.24935654e-38,9.24912116e-58,3.99270088e-20,0.00000000e+00,6.64547945e-56,3.22972805e-28,3.69404543e-10,1.68692298e-13,2.00280967e-09,1.02789317e-24,2.63205733e-40,3.55006434e-60,5.23282182e-80,7.12940511e-01,3.83737913e-17,6.08394023e-18,1.14785384e-05,6.91383204e-02,2.37856718e-68,1.34362189e-26,8.76672285e-22,1.96891892e-41,6.57102743e-59,1.56469910e-19,0.00000000e+00,1.37398640e-27,1.53953209e-08,5.70983318e-05,3.24599311e-07,2.37368899e-25,5.27402738e-44,1.83667404e-63,2.03858623e-194,7.65587857e-212,8.51457907e-18,3.06179786e-20,7.17611355e-05,1.71411363e-07,5.27977883e-06,7.45787878e-23,7.16990079e-41,4.32845307e-59,3.49064752e-238,2.99490574e-32,1.45862558e-13,3.71914611e-09,3.62073618e-04,1.37831836e-07,3.70565808e-07,6.77554296e-25,2.62145449e-41,4.12080979e-60
8.36191530e-07,1.99999721e-01,1.49999373e+04,3.34644022e-32,8.42627216e-30,8.81623205e-48,1.68507876e-65,1.03886961e-85,3.69027365e-15,9.76958359e-49,1.96347099e-68,1.31959676e-86,4.70883883e-11,4.37380934e-29,9.18520869e-46,1.63599187e-21,1.90211508e-04,2.13178983e-06,3.44542774e-20,1.37465298e-38,1.09190411e-57,4.82982745e-20,0.00000000e+00,7.69895531e-56,3.48254225e-28,3.93614340e-10,1.79738831e-13,2.09248072e-09,1.15154656e-24,3.15176817e-40,4.53817107e-60,7.13671353e-80,7.12940476e-01,4.04336027e-17,6.24814746e-18,1.14785233e-05,6.91383535e-02,2.53509277e-68,1.41583656e-26,9.05947077e-22,2.03489649e-41,7.35911399e-59,1.56468591e-19,0.00000000e+00,1.66232833e-27,1.64049545e-08,5.70981287e-05,3.23260090e-07,2.52425778e-25,6.00605899e-44,2.23264451e-63,2.80013705e-194,1.12048192e-211,9.66719616e-18,3.47615510e-20,7.17611355e-05,1.71411363e-07,5.27977883e-06,7.94799304e-23,8.14324433e-41,5.23912992e-59,4.49917666e-238,3.86082600e-32,1.65612248e-13,3.96288143e-09,3.62073598e-04,1.37826299e-07,3.54591740e-07,7.06687832e-25,2.93236885e-41,4.92778336e-60
8.90993810e-07,1.99999703e-01,1.49999332e+04,3.34930710e-32,8.69446990e-30,9.13823719e-48,1.90252996e-65,1.26719608e-85,4.18925973e-15,9.76941708e-49,1.96352704e-68,1.40949808e-86,5.01741647e-11,4.37376819e-29,1.26168166e-45,1.85761919e-21,1.90228683e-04,2.13175250e-06,3.67178323e-20,1.51049389e-38,1.28754938e-57,5.84243258e-20,0.00000000e+00,8.91008373e-56,3.75209560e-28,4.19410768e-10,1.91508084e-13,2.18372281e-09,1.28907904e-24,3.77181721e-40,5.79838371e-60,9.72907921e-80,7.12940440e-01,4.25740549e-17,6.40619841e-18,1.14785072e-05,6.91383879e-02,2.70187289e-68,1.49087849e-26,9.34270954e-22,2.09872434e-41,8.22605983e-59,1.56466959e-19,0.00000000e+00,2.01118942e-27,1.74808495e-08,5.70979122e-05,3.21177196e-07,2.68058778e-25,6.83495739e-44,2.71295555e-63,3.84618387e-194,1.63989452e-211,1.09758420e-17,3.94657880e-20,7.17611355e-05,1.71411363e-07,5.27977883e-06,8.47022330e-23,9.24851985e-41,6.34119771e-59,5.79905075e-238,4.97712673e-32,1.88036380e-13,4.22258931e-09,3.62073576e-04,1.37820401e-07,3.38327829e-07,7.36135390e-25,3.27712530e-41,5.88828889e-60
9.49387718e-07,1.99999684e-01,1.49999288e+04,3.35227014e-32,8.95259456e-30,9.44792301e-48,2.14247005e-65,1.54150954e-85,4.75567460e-15,9.76919768e-49,1.96342032e-68,1.50529159e-86,5.34621357e-11,4.37371770e-29,1.73305032e-45,2.10928223e-21,1.90246834e-04,2.13171272e-06,3.91296674e-20,1.65752708e-38,1.51645662e-57,7.06728946e-20,0.00000000e+00,1.03012803e-55,4.03943998e-28,4.46897808e-10,2.04047255e-13,2.27628049e-09,1.44186927e-24,4.51098172e-40,7.40462234e-60,1.32570259e-79,7.12940403e-01,4.47946440e-17,6.55731188e-18,1.14784901e-05,6.91384236e-02,2.87957856e-68,1.56873002e-26,9.61518179e-22,2.16011832e-41,9.17780185e-59,1.56464987e-19,0.00000000e+00,2.43327427e-27,1.86273600e-08,5.70976815e-05,3.18292255e-07,2.84213796e-25,7.77214065e-44,3.29513893e-63,5.28300880e-194,2.40009002e-211,1.24616379e-17,4.48065340e-20,7.17611355e-05,1.71411363e-07,5.27977883e-06,9.02667289e-23,1.05035940e-40,7.67484843e-59,7.47441792e-238,6.41621133e-32,2.13497190e-13,4.49931640e-09,3.62073553e-04,1.37814116e-07,3.21818104e-07,7.65785573e-25,3.65885862e-41,7.03037448e-60
1.01160864e-06,1.99999663e-01,1.49999241e+04,3.35531433e-32,9.19957613e-30,9.74399948e-48,2.40656854e-65,1.87022824e-85,5.39862113e-15,9.76891609e-49,1.96329010e-68,1.60735760e-86,5.69655473e-11,4.37365712e-29,2.38052721e-45,2.39505402e-21,1.90265962e-04,2.13167034e-06,4.16994875e-20,1.81642196e-38,1.78391958e-57,8.54887434e-20,0.00000000e+00,1.18980500e-55,4.34570632e-28,4.76186254e-10,2.17406610e-13,2.36986721e-09,1.61140209e-24,5.39140221e-40,9.45054233e-60,1.80555459e-79,7.12940364e-01,4.70943297e-17,6.70076795e-18,1.14784719e-05,6.91384606e-02,3.06892457e-68,1.64935469e-26,9.87573929e-22,2.21881887e-41,1.02205049e-58,1.56462649e-19,0.00000000e+00,2.94395517e-27,1.98491271e-08,5.70974357e-05,3.14550734e-07,3.00820217e-25,8.83000403e-44,4.00020959e-63,7.25659953e-194,3.51268776e-211,1.41485643e-17,5.08698890e-20,7.17611355e-05,1.71411363e-07,5.27977883e-06,9.61958269e-23,1.19287513e-40,9.28870920e-59,9.63372458e-238,8.27142252e-32,2.42405990e-13,4.79417789e-09,3.62073529e-04,1.37807419e-07,3.05111999e-07,7.95514629e-25,4.08089620e-41,8.38691539e-60
1.07790740e-06,1.99999641e-01,1.49999192e+04,3.35845291e-32,9.43446174e-30,1.00252981e-47,2.69655972e-65,2.26315809e-85,6.12842922e-15,9.76859844e-49,1.96323528e-68,1.71610391e-86,6.06985127e-11,4.37358571e-29,3.26990940e-45,2.71956043e-21,1.90286055e-04,2.13162517e-06,4.44376313e-20,1.98787134e-38,2.09601077e-57,1.03409793e-19,0.00000000e+00,1.37294119e-55,4.67210706e-28,5.07394162e-10,2.31639687e-13,2.46416570e-09,1.79927165e-24,6.43914802e-40,1.20546877e-59,2.45784287e-79,7.12940324e-01,4.94714781e-17,6.83592533e-18,1.14784524e-05,6.91384988e-02,3.27067238e-68,1.73269523e-26,1.01233570e-21,2.27459417e-41,1.13605609e-58,1.56459921e-19,0.00000000e+00,3.56183253e-27,2.11510970e-08,5.70971738e-05,3.09903630e-07,3.17789157e-25,1.00219104e-43,4.85330256e-63,9.96748323e-194,5.14105101e-211,1.60638478e-17,5.77535953e-20,7.17611355e-05,1.71411363e-07,5.27977883e-06,1.02513401e-22,1.35470213e-40,1.12416116e-58,1.24167294e-237,1.06630990e-31,2.75229818e-13,5.10836204e-09,3.62073503e-04,1.37800284e-07,2.88264292e-07,8.25186549e-25,4.54675222e-41,9.99637063e-60
1.14855124e-06,1.99999617e-01,1.49999139e+04,3.36169380e-32,9.65645652e-30,1.02908253e-47,3.01424431e-65,2.73169854e-85,6.95682081e-15,9.76822679e-49,1.96312976e-68,1.83196938e-86,6.46760691e-11,4.37350274e-29,4.49157738e-45,3.08805535e-21,1.90307091e-04,2.13157705e-06,4.73551130e-20,2.17259385e-38,2.45968721e-57,1.25086622e-19,0.00000000e+00,1.58283823e-55,5.01993960e-28,5.40647323e-10,2.46803499e-13,2.55882886e-09,2.00718389e-24,7.68486950e-40,1.53669521e-59,3.34399013e-79,7.12940283e-01,5.19238043e-17,6.96223810e-18,1.14784317e-05,6.91385381e-02,3.48563309e-68,1.81867154e-26,1.03571750e-21,2.32724961e-41,1.26046095e-58,1.56456774e-19,0.00000000e+00,4.30941296e-27,2.25385412e-08,5.70968947e-05,3.04309300e-07,3.35011839e-25,1.13621526e-43,5.88440872e-63,1.36911025e-193,7.52427081e-211,1.82384004e-17,6.55686097e-20,7.17611355e-05,1.71411363e-07,5.27977883e-06,1.09244888e-22,1.53845493e-40,1.36047319e-58,1.60035415e-237,1.37463841e-31,3.12498991e-13,5.44313496e-09,3.62073475e-04,1.37792682e-07,2.71334941e-07,8.54653421e-25,5.06011786e-41,1.19036401e-59
1.22382494e-06,1.99999592e-01,1.49999082e+04,3.36501804e-32,9.86496413e-30,1.05398484e-47,3.36149024e-65,3.28907621e-85,7.89709700e-15,9.76779676e-49,1.96297683e-68,1.95541843e-86,6.89142384e-11,4.37340747e-29,6.16968037e-45,3.50650605e-21,1.90329032e-04,2.13152578e-06,5.04636656e-20,2.37133727e-38,2.88291016e-57,1.51306050e-19,0.00000000e+00,1.82325212e-55,5.39059226e-28,5.76079773e-10,2.62958765e-13,2.65348143e-09,2.23695806e-24,9.16454821e-40,1.95766684e-59,4.54706577e-79,7.12940241e-01,5.44483165e-17,7.07927099e-18,1.14784097e-05,6.91385783e-02,3.71467069e-68,1.90717873e-26,1.05765394e-21,2.37663716e-41,1.39595471e-58,1.56453184e-19,0.00000000e+00,5.21392998e-27,2.40170780e-08,5.70965974e-05,2.97735426e-07,3.52358216e-25,1.28658814e-43,7.12921941e-63,1.88058038e-193,1.10122687e-210,2.07073187e-17,7.44408899e-20,7.17611355e-05,1.71411363e-07,5.27977883e-06,1.16417385e-22,1.74710181e-40,1.64641802e-58,2.06262654e-237,1.77212936e-31,3.54815682e-13,5.79984568e-09,3.62073445e-04,1.37784582e-07,2.54388784e-07,8.83756050e-25,5.62484708e-41,1.41610314e-59
1.30403192e-06,1.99999565e-01,1.49999022e+04,3.36841881e-32,1.00595903e-29,1.07718854e-47,3.74023605e-65,3.95060810e-85,8.96435019e-15,9.76731247e-49,1.96284765e-68,2.08694486e-86,7.34300914e-11,4.37329916e-29,8.47475360e-45,3.98169018e-21,1.90351825e-04,2.13147115e-06,5.37757885e-20,2.58488269e-38,3.37478039e-57,1.83019645e-19,0.00000000e+00,2.09845538e-55,5.78554941e-28,6.13834331e-10,2.80170146e-13,2.74772246e-09,2.49052738e-24,1.09203577e-39,2.49227211e-59,6.17931633e-79,7.12940198e-01,5.70412617e-17,7.18671228e-18,1.14783862e-05,6.91386195e-02,3.95870550e-68,1.99808524e-26,1.07810076e-21,2.42265639e-41,1.54325194e-58,1.56449125e-19,0.00000000e+00,6.30833719e-27,2.55926950e-08,5.70962805e-05,2.90161035e-07,3.69675943e-25,1.45489917e-43,8.63008919e-63,2.58312827e-193,1.61171757e-210,2.35104500e-17,8.45134206e-20,7.17611355e-05,1.71411363e-07,5.27977883e-06,1.24059763e-22,1.98401263e-40,1.99241316e-58,2.65840066e-237,2.28456966e-31,4.02863654e-13,6.17993163e-09,3.62073413e-04,1.37775951e-07,2.37495105e-07,9.12324888e-25,6.24493734e-41,1.68293451e-59
1.38949549e-06,1.99999537e-01,1.49998958e+04,3.37189935e-32,1.02401561e-29,1.09866969e-47,4.15249799e-65,4.73400076e-85,1.01757047e-14,9.76676467e-49,1.96268193e-68,2.22707621e-86,7.82418163e-11,4.37317709e-29,1.16410502e-44,4.52130608e-21,1.90375396e-04,2.13141294e-06,5.73047965e-20,2.81404954e-38,3.94569163e-57,2.21378197e-19,0.00000000e+00,2.41330784e-55,6.20639580e-28,6.54063173e-10,2.98506496e-13,2.84112864e-09,2.76993857e-24,1.30016489e-39,3.17061675e-59,8.39227579e-79,7.12940153e-01,5.96980764e-17,7.28438408e-18,1.14783611e-05,6.91386615e-02,4.21871780e-68,2.09123107e-26,1.09703622e-21,2.46525769e-41,1.70309433e-58,1.56444572e-19,0.00000000e+00,7.63251026e-27,2.72717734e-08,5.70959429e-05,2.81578537e-07,3.86789839e-25,1.64279602e-43,1.04371246e-62,3.54813936e-193,2.35885123e-210,2.66930357e-17,9.59485132e-20,7.17611355e-05,1.71411363e-07,5.27977883e-06,1.32202778e-22,2.25301308e-40,2.41106145e-58,3.42622039e-237,2.94520520e-31,4.57419323e-13,6.58492438e-09,3.62073379e-04,1.37766756e-07,2.20727043e-07,9.40181303e-25,6.92450483e-41,1.99790866e-59
1.48056018e-06,1.99999506e-01,1.49998890e+04,3.37544726e-32,1.04067222e-29,1.11843351e-47,4.60037928e-65,5.65969099e-85,1.15505893e-14,9.76615342e-49,1.96249232e-68,2.37637324e-86,8.33687921e-11,4.37304053e-29,1.59903495e-44,5.13409799e-21,1.90399657e-04,2.13135091e-06,6.10648735e-20,3.05970148e-38,4.60750435e-57,2.67773397e-19,0.00000000e+00,2.77333688e-55,6.65482224e-28,6.96928451e-10,3.18041134e-13,2.93325859e-09,3.07735037e-24,1.54660744e-39,4.03059673e-59,1.13903209e-78,7.12940109e-01,6.24133425e-17,7.37224833e-18,1.14783344e-05,6.91387040e-02,4.49575176e-68,2.18642629e-26,1.11446348e-21,2.50444759e-41,1.87625493e-58,1.56439500e-19,0.00000000e+00,9.23470161e-27,2.90611133e-08,5.70955832e-05,2.71995693e-07,4.03501995e-25,1.85196260e-43,1.26094050e-62,4.87366891e-193,3.45232560e-210,3.03064411e-17,1.08930416e-19,7.17611355e-05,1.71411363e-07,5.27977883e-06,1.40879200e-22,2.55844629e-40,2.91760924e-58,4.41575382e-237,3.79689881e-31,5.19364310e-13,7.01645584e-09,3.62073343e-04,1.37756958e-07,2.04160832e-07,9.67139193e-25,7.66775381e-41,2.36918124e-59
1.57759306e-06,1.99999474e-01,1.49998817e+04,3.37905109e-32,1.05595884e-29,1.13651503e-47,5.08608111e-65,6.75123313e-85,1.31110468e-14,9.76547421e-49,1.96229572e-68,2.53543307e-86,8.88316659e-11,4.37288879e-29,2.19646614e-44,5.82999851e-21,1.90424497e-04,2.13128482e-06,6.50711287e-20,3.32275281e-38,5.37374332e-57,3.23888222e-19,0.00000000e+00,3.18482858e-55,7.13263224e-28,7.42602939e-10,3.38852127e-13,3.02365801e-09,3.41503070e-24,1.83808699e-39,5.11985488e-59,1.54488269e-78,7.12940063e-01,6.51807513e-17,7.45040925e-18,1.14783060e-05,6.91387470e-02,4.79091954e-68,2.28344970e-26,1.13041055e-21,2.54028873e-41,2.06354100e-58,1.56433884e-19,0.00000000e+00,1.11733011e-26,3.09679612e-08,5.70951999e-05,2.61437411e-07,4.19592652e-25,2.08409106e-43,1.52163378e-62,6.69440630e-193,5.05268669e-210,3.44089846e-17,1.23668278e-19,7.17611355e-05,1.71411363e-07,5.27977883e-06,1.50123935e-22,2.90524284e-40,3.53050054e-58,5.69100233e-237,4.89491265e-31,5.89699703e-13,7.47626480e-09,3.62073304e-04,1.37746520e-07,1.87874890e-07,9.93006972e-25,8.47893955e-41,2.80616169e-59
1.68098528e-06,1.99999440e-01,1.49998739e+04,3.38270473e-32,1.06992845e-29,1.15297600e-47,5.61191849e-65,8.03573894e-85,1.48820838e-14,9.76472453e-49,1.96206663e-68,2.70489200e-86,9.46524363e-11,4.37272114e-29,3.01711517e-44,6.62029039e-21,1.90449786e-04,2.13121441e-06,6.93396566e-20,3.60417569e-38,6.25982187e-57,3.91757855e-19,0.00000000e+00,3.65493128e-55,7.64174855e-28,7.91270737e-10,3.61022599e-13,3.11186590e-09,3.78535289e-24,2.18243084e-39,6.49821125e-59,2.09384476e-78,7.12940017e-01,6.79930785e-17,7.51911055e-18,1.14782757e-05,6.91387901e-02,5.10540572e-68,2.38204805e-26,1.14492933e-21,2.57289761e-41,2.26579844e-58,1.56427700e-19,0.00000000e+00,1.35189669e-26,3.30000389e-08,5.70947915e-05,2.49947279e-07,4.34822050e-25,2.34084679e-43,1.83391465e-62,9.19536229e-193,7.39490011e-210,3.90668786e-17,1.40399508e-19,7.17611355e-05,1.71411363e-07,5.27977883e-06,1.59974175e-22,3.29900007e-40,4.27204739e-58,7.33443483e-237,6.31049586e-31,6.69562237e-13,7.96620395e-09,3.62073263e-04,1.37735398e-07,1.71948723e-07,1.01758991e-24,9.36232477e-41,3.31967626e-59
1.79115361e-06,1.99999403e-01,1.49998657e+04,3.38639423e-32,1.08265665e-29,1.16790548e-47,6.18033956e-65,9.54438050e-85,1.68920685e-14,9.76390109e-49,1.96182221e-68,2.88542688e-86,1.00854542e-10,4.37253686e-29,4.14438560e-44,7.51779044e-21,1.90475373e-04,2.13113938e-06,7.38876013e-20,3.90500774e-38,7.28329674e-57,4.73843319e-19,0.00000000e+00,4.19177308e-55,8.18422041e-28,8.43128004e-10,3.84641047e-13,3.19742154e-09,4.19079062e-24,2.58873488e-39,8.24067626e-59,2.83575483e-78,7.12939971e-01,7.08421711e-17,7.57872765e-18,1.14782434e-05,6.91388333e-02,5.44047200e-68,2.48193548e-26,1.15809504e-21,2.60244332e-41,2.48391872e-58,1.56420923e-19,0.00000000e+00,1.63572048e-26,3.51655743e-08,5.70943563e-05,2.37588695e-07,4.48933359e-25,2.62382648e-43,2.20724857e-62,1.26306702e-192,1.08228470e-209,4.43552985e-17,1.59393592e-19,7.17611355e-05,1.71411363e-07,5.27977883e-06,1.70469538e-22,3.74607220e-40,5.16924050e-58,9.45231378e-237,8.13551056e-31,7.60242686e-13,8.48824731e-09,3.62073218e-04,1.37723548e-07,1.56461689e-07,1.04069283e-24,1.03221295e-40,3.92214576e-59
1.90854214e-06,1.99999364e-01,1.49998569e+04,3.39010732e-32,1.09423942e-29,1.18141743e-47,6.79394820e-65,1.13129644e-84,1.91731801e-14,9.76300082e-49,1.96155022e-68,3.07775882e-86,1.07462954e-10,4.37233523e-29,5.69284545e-44,8.53705864e-21,1.90501089e-04,2.13105944e-06,7.87332246e-20,4.22635992e-38,8.46415819e-57,5.73120498e-19,0.00000000e+00,4.80459541e-55,8.76223176e-28,8.98383757e-10,4.09801689e-13,3.27987234e-09,4.63391199e-24,3.06754993e-39,1.04411803e-58,3.83754640e-78,7.12939925e-01,7.37189507e-17,7.62975512e-18,1.14782090e-05,6.91388762e-02,5.79746215e-68,2.58279371e-26,1.17000382e-21,2.62914210e-41,2.71884564e-58,1.56413528e-19,0.00000000e+00,1.97914902e-26,3.74733342e-08,5.70938926e-05,2.24445483e-07,4.61656833e-25,2.93450888e-43,2.65261667e-62,1.73494123e-192,1.58398104e-209,5.03595954e-17,1.80956419e-19,7.17611355e-05,1.71411363e-07,5.27977883e-06,1.81652232e-22,4.25367263e-40,6.25472991e-58,1.21815562e-236,1.04883967e-30,8.63206723e-13,9.04449821e-09,3.62073170e-04,1.37710922e-07,1.41491612e-07,1.06212309e-24,1.13624742e-40,4.62777757e-59
2.03362408e-06,1.99999322e-01,1.49998475e+04,3.39383068e-32,1.10479048e-29,1.19364653e-47,7.45553093e-65,1.33825889e-84,2.17619193e-14,9.76202045e-49,1.96125656e-68,3.28265521e-86,1.14504278e-10,4.37211550e-29,7.81987283e-44,9.69463579e-21,1.90526744e-04,2.13097426e-06,8.38959780e-20,4.56942442e-38,9.82515995e-57,6.93187737e-19,0.00000000e+00,5.50390456e-55,9.37810966e-28,9.57260707e-10,4.36604825e-13,3.35878233e-09,5.11737279e-24,3.63109180e-39,1.32171812e-58,5.18901205e-78,7.12939879e-01,7.66134342e-17,7.67278981e-18,1.14781723e-05,6.91389187e-02,6.17780737e-68,2.68427273e-26,1.18076986e-21,2.65325087e-41,2.97158363e-58,1.56405490e-19,0.00000000e+00,2.39470465e-26,3.99326591e-08,5.70933985e-05,2.10621875e-07,4.72715274e-25,3.27419879e-43,3.18269737e-62,2.38310955e-192,2.31823584e-209,5.71766737e-17,2.05435199e-19,7.17611355e-05,1.71411363e-07,5.27977883e-06,1.93567222e-22,4.82998994e-40,7.56801089e-58,1.56985713e-236,1.35218638e-30,9.80118625e-13,9.63719770e-09,3.62073119e-04,1.37697471e-07,1.27113288e-07,1.08169386e-24,1.24873170e-40,5.45277172e-59
2.16690364e-06,1.99999278e-01,1.49998375e+04,3.39754829e-32,1.11443832e-29,1.20474543e-47,8.16808757e-65,1.58003978e-84,2.46996856e-14,9.76095667e-49,1.96093635e-68,3.50093318e-86,1.22006862e-10,4.37187688e-29,1.07416536e-43,1.10093137e-20,1.90552137e-04,2.13088350e-06,8.93965806e-20,4.93548258e-38,1.13921946e-56,8.38395890e-19,0.00000000e+00,6.30164385e-55,1.00343336e-27,1.01999616e-09,4.65157225e-13,3.43374109e-09,5.64390916e-24,4.29347778e-39,1.67153475e-58,7.01046696e-78,7.12939834e-01,7.95147766e-17,7.70850971e-18,1.14781333e-05,6.91389603e-02,6.58303190e-68,2.78599232e-26,1.19052207e-21,2.67505970e-41,3.24320753e-58,1.56396783e-19,0.00000000e+00,2.89754199e-26,4.25534999e-08,5.70928720e-05,1.96241732e-07,4.81830829e-25,3.64396503e-43,3.81205389e-62,3.27343836e-192,3.39284787e-209,6.49165549e-17,2.33224033e-19,7.17611355e-05,1.71411363e-07,5.27977883e-06,2.06262407e-22,5.48431971e-40,9.15685827e-58,2.02306450e-236,1.74328088e-30,1.11286817e-12,1.02687336e-08,3.62073065e-04,1.37683139e-07,1.13396903e-07,1.09922752e-24,1.37003847e-40,6.41553965e-59
2.30891806e-06,1.99999230e-01,1.49998268e+04,3.40124461e-32,1.12332226e-29,1.21487946e-47,8.93486546e-65,1.86204457e-84,2.80334317e-14,9.75980592e-49,1.96059089e-68,3.73346250e-86,1.30000905e-10,4.37161855e-29,1.47551579e-43,1.25024424e-20,1.90577050e-04,2.13078680e-06,9.52571006e-20,5.32591264e-38,1.31947206e-56,1.01400551e-18,0.00000000e+00,7.21138906e-55,1.07335453e-27,1.08684297e-09,4.95572538e-13,3.50437282e-09,6.21633020e-24,5.07099217e-39,2.11185547e-58,9.46292668e-78,7.12939790e-01,8.24113358e-17,7.73765022e-18,1.14780917e-05,6.91390010e-02,7.01475907e-68,2.88754430e-26,1.19939991e-21,2.69488237e-41,3.53487288e-58,1.56387377e-19,0.00000000e+00,3.50600166e-26,4.53464579e-08,5.70923110e-05,1.81446916e-07,4.88733105e-25,4.04457369e-43,4.55732325e-62,4.49640377e-192,4.96558342e-209,7.37041531e-17,2.64770237e-19,7.17611355e-05,1.71411363e-07,5.27977883e-06,2.19788815e-22,6.22721393e-40,1.10790611e-57,2.60706019e-236,2.24751062e-30,1.26360118e-12,1.09416502e-08,3.62073006e-04,1.37667870e-07,1.00406436e-07,1.11455925e-24,1.50050992e-40,7.53693430e-59
2.46023982e-06,1.99999180e-01,1.49998155e+04,3.40490194e-32,1.13158882e-29,1.22422240e-47,9.75939709e-65,2.19046942e-84,3.18164047e-14,9.75856444e-49,1.96021752e-68,3.98116905e-86,1.38518584e-10,4.37133962e-29,2.02683297e-43,1.41982793e-20,1.90601260e-04,2.13068377e-06,1.01501043e-19,5.74219698e-38,1.52662484e-56,1.22637683e-18,0.00000000e+00,8.24857034e-55,1.14785596e-27,1.15807057e-09,5.27971727e-13,3.57034534e-09,6.83751067e-24,5.98238395e-39,2.66544830e-58,1.27616034e-77,7.12939747e-01,8.52907644e-17,7.76097896e-18,1.14780473e-05,6.91390404e-02,7.47471764e-68,2.98849577e-26,1.20754932e-21,2.71304722e-41,3.84782749e-58,1.56377243e-19,0.00000000e+00,4.24228054e-26,4.83228258e-08,5.70917133e-05,1.66394770e-07,4.93168423e-25,4.47641891e-43,5.43740187e-62,6.17628707e-192,7.26733618e-209,8.36812908e-17,3.00581521e-19,7.17611355e-05,1.71411363e-07,5.27977883e-06,2.34200804e-22,7.07065073e-40,1.34045206e-57,3.35956909e-236,2.89761008e-30,1.43475420e-12,1.16586581e-08,3.62072943e-04,1.37651602e-07,8.81980626e-08,1.12754046e-24,1.64044996e-40,8.84048917e-59
2.62147890e-06,1.99999126e-01,1.49998034e+04,3.40850252e-32,1.13938769e-29,1.23295156e-47,1.06455409e-64,2.57241579e-84,3.61089853e-14,9.75722812e-49,1.95981600e-68,4.24503833e-86,1.47594178e-10,4.37103914e-29,2.78415600e-43,1.61243868e-20,1.90624538e-04,2.13057399e-06,1.08153442e-19,6.18592931e-38,1.76448921e-56,1.48319928e-18,0.00000000e+00,9.43072418e-55,1.22723750e-27,1.23396603e-09,5.62483530e-13,3.63137859e-09,7.51038447e-24,7.04919997e-39,3.36061647e-58,1.71937753e-77,7.12939705e-01,8.81401280e-17,7.77927009e-18,1.14780001e-05,6.91390781e-02,7.96474861e-68,3.08839323e-26,1.21511833e-21,2.72988718e-41,4.18342349e-58,1.56366348e-19,0.00000000e+00,5.13324337e-26,5.14946330e-08,5.70910764e-05,1.51254662e-07,4.94910023e-25,4.93945365e-43,6.47362111e-62,8.48380620e-192,1.06360230e-208,9.50089873e-17,3.41234132e-19,7.17611355e-05,1.71411363e-07,5.27977883e-06,2.49556280e-22,8.02822690e-40,1.62177869e-57,4.32919062e-236,3.73578766e-30,1.62909388e-12,1.24226458e-08,3.62072876e-04,1.37634271e-07,7.68186633e-08,1.13804212e-24,1.79011613e-40,1.03526634e-58
2.79328525e-06,1.99999069e-01,1.49997905e+04,3.41202745e-32,1.14686814e-29,1.24124336e-47,1.15975250e-64,3.01602274e-84,4.09796381e-14,9.75579252e-49,1.95938454e-68,4.52611926e-86,1.57264210e-10,4.37071608e-29,3.82446604e-43,1.83120832e-20,1.90646658e-04,2.13045702e-06,1.15240960e-19,6.65882129e-38,2.03739979e-56,1.79376896e-18,0.00000000e+00,1.07777795e-54,1.31181865e-27,1.31483523e-09,5.99244950e-13,3.68725218e-09,8.23793926e-24,8.29615747e-39,4.23249009e-58,2.31424083e-77,7.12939664e-01,9.09460523e-17,7.79328013e-18,1.14779497e-05,6.91391141e-02,8.48681245e-68,3.18676779e-26,1.22225312e-21,2.74573083e-41,4.54313012e-58,1.56354656e-19,0.00000000e+00,6.21140515e-26,5.48746929e-08,5.70903977e-05,1.36203662e-07,4.93768812e-25,5.43312422e-43,7.68990595e-62,1.16534674e-191,1.55661890e-208,1.07870057e-16,3.87382083e-19,7.17611355e-05,1.71411363e-07,5.27977883e-06,2.65916926e-22,9.11537639e-40,1.96211276e-57,5.57853086e-236,4.81646857e-30,1.84976165e-12,1.32366906e-08,3.62072803e-04,1.37615805e-07,6.63044769e-08,1.14595784e-24,1.94971139e-40,1.21030888e-58
2.97635144e-06,1.99999008e-01,1.49997768e+04,3.41545768e-32,1.15417578e-29,1.24926941e-47,1.26199936e-64,3.53061940e-84,4.65059870e-14,9.75425279e-49,1.95892188e-68,4.82552814e-86,1.67567589e-10,4.37036931e-29,5.25351324e-43,2.07969575e-20,1.90667404e-04,2.13033239e-06,1.22791994e-19,7.16270912e-38,2.35028563e-56,2.16932373e-18,0.00000000e+00,1.23123823e-54,1.40193980e-27,1.40100412e-09,6.38401773e-13,3.73781176e-09,9.02321278e-24,9.75156001e-39,5.32460508e-58,3.11173343e-77,7.12939626e-01,9.36948989e-17,7.80372640e-18,1.14778961e-05,6.91391481e-02,9.04299677e-68,3.28314125e-26,1.22909431e-21,2.76089420e-41,4.92854692e-58,1.56342129e-19,0.00000000e+00,7.51612071e-26,5.84766529e-08,5.70896746e-05,1.21421452e-07,4.89604208e-25,5.95631243e-43,9.11290873e-62,1.60074010e-191,2.27816044e-208,1.22472061e-16,4.39767644e-19,7.17611355e-05,1.71411363e-07,5.27977883e-06,2.83348448e-22,1.03496183e-39,2.37382372e-57,7.18823580e-236,6.20983215e-30,2.10032446e-12,1.41040714e-08,3.62072726e-04,1.37596133e-07,5.66799843e-08,1.15120637e-24,2.11937585e-40,1.41248148e-58
3.17141542e-06,1.99998943e-01,1.49997621e+04,3.41877385e-32,1.16144999e-29,1.25719337e-47,1.37180563e-64,4.12690121e-84,5.27760325e-14,9.75260359e-49,1.95842644e-68,5.14445294e-86,1.78545767e-10,4.36999760e-29,7.21656920e-43,2.36194528e-20,1.90686571e-04,2.13019961e-06,1.30836785e-19,7.69955994e-38,2.70875123e-56,2.62344827e-18,0.00000000e+00,1.40602645e-54,1.49796358e-27,1.49281997e-09,6.80109117e-13,3.78297357e-09,9.86929144e-24,1.14477616e-38,6.69083018e-58,4.17963363e-77,7.12939589e-01,9.63729681e-17,7.81126910e-18,1.14778389e-05,6.91391798e-02,9.63552444e-68,3.37703330e-26,1.23577413e-21,2.77567414e-41,5.34141740e-58,1.56328723e-19,0.00000000e+00,9.09502494e-26,6.23150491e-08,5.70889041e-05,1.07084635e-07,4.82334465e-25,6.50729007e-43,1.07721100e-61,2.19881044e-191,3.33415092e-208,1.39050653e-16,4.99233216e-19,7.17611355e-05,1.71411363e-07,5.27977883e-06,3.01920837e-22,1.17508381e-39,2.87187239e-57,9.26218472e-236,8.00637390e-30,2.38483239e-12,1.50282816e-08,3.62072643e-04,1.37575174e-07,4.79570902e-08,1.15373359e-24,2.29917864e-40,1.64545443e-58
3.37926348e-06,1.99998874e-01,1.49997466e+04,3.42195680e-32,1.16882214e-29,1.26516872e-47,1.48973407e-64,4.81713344e-84,5.98895291e-14,9.75083909e-49,1.95789645e-68,5.48415775e-86,1.90242908e-10,4.36959961e-29,9.91319874e-43,2.68255317e-20,1.90703978e-04,2.13005813e-06,1.39407537e-19,8.27147832e-38,3.11916834e-56,3.17256318e-18,0.00000000e+00,1.60506622e-54,1.60027633e-27,1.59065284e-09,7.24532011e-13,3.82272699e-09,1.07793115e-23,1.34216846e-38,8.39771475e-58,5.60792013e-77,7.12939554e-01,9.89667277e-17,7.81649821e-18,1.14777780e-05,6.91392091e-02,1.02667623e-67,3.46796950e-26,1.24241416e-21,2.79034341e-41,5.78364293e-58,1.56314391e-19,0.00000000e+00,1.10057767e-25,6.64053635e-08,5.70880831e-05,9.33607209e-08,4.71945793e-25,7.08369060e-43,1.26998790e-61,3.02034211e-191,4.87960985e-208,1.57873385e-16,5.66734824e-19,7.17611355e-05,1.71411363e-07,5.27977883e-06,3.21708645e-22,1.33416071e-39,3.47435344e-57,1.19341768e-235,1.03227892e-29,2.70788401e-12,1.60130436e-08,3.62072553e-04,1.37552845e-07,4.01346654e-08,1.15351371e-24,2.48911002e-40,1.91328546e-58
3.60073348e-06,1.99998800e-01,1.49997299e+04,3.42498784e-32,1.17641464e-29,1.27333759e-47,1.61640480e-64,5.61538660e-84,6.79595437e-14,9.74895293e-49,1.95733005e-68,5.84598757e-86,2.02706058e-10,4.36917389e-29,1.36175535e-42,3.04674327e-20,1.90719471e-04,2.12990739e-06,1.48538546e-19,8.88071301e-38,3.58878028e-56,3.83651606e-18,0.00000000e+00,1.83167913e-54,1.70928964e-27,1.69489700e-09,7.71846018e-13,3.85713479e-09,1.17564632e-23,1.57153966e-38,1.05273447e-57,7.51587213e-77,7.12939522e-01,1.01463063e-16,7.81992541e-18,1.14777131e-05,6.91392359e-02,1.09392303e-67,3.55549003e-26,1.24912413e-21,2.80514783e-41,6.25729717e-58,1.56299081e-19,0.00000000e+00,1.33181708e-25,7.07640851e-08,5.70872083e-05,8.04020849e-08,4.58499537e-25,7.68250292e-43,1.49314863e-61,4.14883297e-191,7.14140713e-208,1.79244024e-16,6.43357407e-19,7.17611355e-05,1.71411363e-07,5.27977883e-06,3.42791282e-22,1.51475444e-39,4.20315132e-57,1.53765397e-235,1.33095621e-29,3.07470065e-12,1.70623232e-08,3.62072458e-04,1.37529057e-07,3.31985033e-08,1.15054965e-24,2.68907386e-40,2.22043942e-58
3.83671818e-06,1.99998721e-01,1.49997122e+04,3.42784907e-32,1.18434085e-29,1.28183058e-47,1.75250143e-64,6.53780870e-84,7.71142177e-14,9.74693816e-49,1.95672517e-68,6.23137330e-86,2.15985341e-10,4.36871883e-29,1.87062521e-42,3.46045307e-20,1.90732927e-04,2.12974678e-06,1.58266331e-19,9.52966404e-38,4.12582017e-56,4.63929521e-18,0.00000000e+00,2.08963861e-54,1.82544203e-27,1.80597258e-09,8.22237877e-13,3.88633073e-09,1.28039981e-23,1.83767546e-38,1.31808114e-57,1.00613805e-76,7.12939492e-01,1.03849542e-16,7.82198098e-18,1.14776439e-05,6.91392601e-02,1.16556113e-67,3.63915903e-26,1.25600142e-21,2.82030523e-41,6.76464102e-58,1.56282738e-19,0.00000000e+00,1.61166949e-25,7.54087758e-08,5.70862762e-05,6.83402658e-08,4.42136667e-25,8.30009143e-43,1.75050651e-61,5.69898243e-191,1.04515639e-207,2.03507451e-16,7.30332164e-19,7.17611355e-05,1.71411363e-07,5.27977883e-06,3.65253329e-22,1.71977282e-39,5.08473337e-57,1.98112115e-235,1.71607531e-29,3.49121061e-12,1.81803458e-08,3.62072355e-04,1.37503714e-07,2.71217242e-08,1.14487248e-24,2.89888059e-40,2.57180472e-58
4.08816882e-06,1.99998637e-01,1.49996934e+04,3.43052379e-32,1.19270575e-29,1.29076752e-47,1.89877763e-64,7.60294049e-84,8.74987597e-14,9.74478725e-49,1.95607957e-68,6.64183710e-86,2.30134153e-10,4.36823271e-29,2.56966828e-42,3.93043164e-20,1.90744259e-04,2.12957567e-06,1.68629779e-19,1.02208905e-37,4.73964501e-56,5.60989173e-18,0.00000000e+00,2.38323117e-54,1.94920061e-27,1.92432722e-09,8.75906201e-13,3.91051458e-09,1.39252394e-23,2.14601222e-38,1.64824178e-57,1.34531393e-76,7.12939464e-01,1.06114692e-16,7.82301545e-18,1.14775702e-05,6.91392817e-02,1.24187614e-67,3.71857422e-26,1.26313147e-21,2.83600632e-41,7.30813835e-58,1.56265300e-19,0.00000000e+00,1.95036273e-25,8.03581406e-08,5.70852830e-05,5.72809911e-08,4.23078899e-25,8.93224600e-43,2.04615176e-61,7.82835173e-191,1.52959867e-207,2.31055230e-16,8.29056227e-19,7.17611355e-05,1.71411363e-07,5.27977883e-06,3.89184875e-22,1.95251617e-39,6.15110875e-57,2.55240059e-235,2.21266239e-29,3.96414486e-12,1.93716134e-08,3.62072246e-04,1.37476716e-07,2.18656380e-08,1.13653991e-24,3.11824056e-40,2.97270525e-58
4.35609903e-06,1.99998548e-01,1.49996733e+04,3.43299685e-32,1.20160737e-29,1.30025911e-47,2.05606456e-64,8.83208065e-84,9.92776979e-14,9.74249202e-49,1.95539083e-68,7.07899805e-86,2.45209376e-10,4.36771368e-29,3.52996273e-42,4.46435116e-20,1.90753422e-04,2.12939335e-06,1.79670295e-19,1.09571189e-37,5.44088780e-56,6.78334053e-18,0.00000000e+00,2.71732592e-54,2.08106307e-27,2.05043790e-09,9.33062198e-13,3.92994467e-09,1.51235954e-23,2.50271707e-38,2.05847731e-57,1.79665822e-76,7.12939438e-01,1.08248270e-16,7.82330493e-18,1.14774917e-05,6.91393006e-02,1.32317211e-67,3.79337653e-26,1.27058879e-21,2.85241694e-41,7.89047272e-58,1.56246700e-19,0.00000000e+00,2.36027874e-25,8.56321018e-08,5.70842247e-05,4.73003037e-08,4.01625906e-25,9.57426349e-43,2.38443687e-61,1.07533823e-190,2.23857874e-207,2.62331922e-16,9.41114969e-19,7.17611355e-05,1.71411363e-07,5.27977883e-06,4.14681870e-22,2.21673024e-39,7.44098774e-57,3.28829724e-235,2.85299228e-29,4.50114557e-12,2.06409224e-08,3.62072128e-04,1.37447954e-07,1.73810508e-08,1.12563392e-24,3.34675796e-40,3.42890658e-58
4.64158883e-06,1.99998453e-01,1.49996519e+04,3.43525500e-32,1.21113859e-29,1.31040903e-47,2.22527910e-64,1.02497093e-83,1.12637426e-13,9.74004371e-49,1.95465631e-68,7.54457803e-86,2.61271609e-10,4.36715974e-29,4.84915582e-42,5.07093381e-20,1.90760407e-04,2.12919910e-06,1.91431961e-19,1.17412522e-37,6.24162993e-56,8.20197731e-18,0.00000000e+00,3.09745336e-54,2.22155955e-27,2.18481284e-09,9.93930446e-13,3.94492810e-09,1.64025752e-23,2.91477713e-38,2.56749529e-57,2.39646830e-76,7.12939414e-01,1.10241532e-16,7.82305935e-18,1.14774081e-05,6.91393170e-02,1.40977267e-67,3.86325936e-26,1.27843841e-21,2.86968142e-41,8.51456566e-58,1.56226868e-19,0.00000000e+00,2.85640798e-25,9.12518794e-08,5.70830971e-05,3.84421136e-08,3.78148324e-25,1.02210610e-42,2.76995726e-61,1.47714010e-190,3.27616554e-207,2.97842259e-16,1.06830730e-18,7.17611355e-05,1.71411363e-07,5.27977883e-06,4.41846503e-22,2.51666619e-39,9.00118333e-57,4.23620251e-235,3.67868915e-29,5.11088941e-12,2.19933834e-08,3.62072003e-04,1.37417315e-07,1.36099700e-08,1.11225755e-24,3.58392512e-40,3.94661502e-58
4.94578905e-06,1.99998351e-01,1.49996291e+04,3.43728721e-32,1.22138943e-29,1.32131657e-47,2.40743328e-64,1.18839794e-83,1.27789078e-13,9.73743284e-49,1.95387322e-68,8.04040811e-86,2.78385406e-10,4.36656874e-29,6.66139709e-42,5.76009628e-20,1.90765245e-04,2.12899214e-06,2.03961714e-19,1.25763801e-37,7.15559664e-56,9.91695606e-18,0.00000000e+00,3.52989496e-54,2.37125484e-27,2.32799356e-09,1.05874970e-12,3.95580916e-09,1.77658056e-23,3.39009908e-38,3.19819393e-57,3.19250603e-76,7.12939393e-01,1.12087471e-16,7.82243236e-18,1.14773189e-05,6.91393310e-02,1.50202229e-67,3.92797707e-26,1.28673774e-21,2.88792660e-41,9.18359653e-58,1.56205725e-19,0.00000000e+00,3.45689972e-25,9.72400762e-08,5.70818955e-05,3.07174195e-08,3.53076497e-25,1.08673182e-42,3.20752834e-61,2.02908503e-190,4.79465978e-207,3.38159289e-16,1.21267434e-18,7.17611355e-05,1.71411363e-07,5.27977883e-06,4.70787610e-22,2.85714867e-39,1.08883056e-56,5.45713495e-235,4.74343637e-29,5.80322747e-12,2.34344409e-08,3.62071869e-04,1.37384675e-07,1.04876332e-08,1.09653106e-24,3.82911717e-40,4.53246770e-58
5.26992593e-06,1.99998243e-01,1.49996048e+04,3.43908495e-32,1.23244936e-29,1.33307938e-47,2.60364504e-64,1.37672885e-83,1.44971776e-13,9.73464929e-49,1.95303853e-68,8.56843514e-86,2.96619533e-10,4.36593836e-29,9.15098571e-42,6.54311432e-20,1.90768003e-04,2.12877165e-06,2.17309518e-19,1.34657892e-37,8.19837866e-56,1.19900810e-17,0.00000000e+00,4.02178472e-54,2.53075058e-27,2.48055705e-09,1.12777376e-12,3.96295641e-09,1.92170493e-23,3.93762022e-38,3.97855943e-57,4.24752426e-76,7.12939373e-01,1.13781026e-16,7.82153174e-18,1.14772240e-05,6.91393427e-02,1.60028760e-67,3.98735221e-26,1.29553841e-21,2.90726609e-41,9.90102477e-58,1.56183188e-19,0.00000000e+00,4.18372882e-25,1.03620769e-07,5.70806153e-05,2.41053149e-08,3.26885319e-25,1.15076436e-42,3.70216047e-61,2.78728176e-190,7.01694632e-207,3.83933620e-16,1.37653197e-18,7.17611355e-05,1.71411363e-07,5.27977883e-06,5.01621093e-22,3.24365304e-39,1.31708099e-56,7.02965254e-235,6.11647258e-29,6.58934410e-12,2.49698960e-08,3.62071725e-04,1.37349904e-07,7.94476170e-09,1.07858759e-24,4.08158689e-40,5.19351191e-58
5.61530608e-06,1.99998128e-01,1.49995789e+04,3.44064239e-32,1.24440977e-29,1.34579630e-47,2.81515065e-64,1.59369431e-83,1.64456298e-13,9.73168222e-49,1.95214900e-68,9.13072879e-86,3.16047245e-10,4.36526615e-29,1.25711214e-41,7.43281012e-20,1.90768774e-04,2.12853673e-06,2.31528563e-19,1.44129755e-37,9.38768332e-56,1.44960174e-17,0.00000000e+00,4.58122446e-54,2.70068770e-27,2.64311810e-09,1.20127236e-12,3.96674924e-09,2.07602225e-23,4.56743210e-38,4.94274698e-57,5.64384809e-76,7.12939354e-01,1.15319245e-16,7.82042952e-18,1.14771228e-05,6.91393524e-02,1.70495876e-67,4.04128128e-26,1.30488812e-21,2.92780437e-41,1.06706146e-57,1.56159170e-19,0.00000000e+00,5.06350345e-25,1.10419606e-07,5.70792511e-05,1.85557510e-08,3.00075846e-25,1.21367577e-42,4.25903396e-61,3.82880889e-190,1.02692046e-206,4.35903916e-16,1.56250763e-18,7.17611355e-05,1.71411363e-07,5.27977883e-06,5.34470385e-22,3.68239292e-39,1.59314726e-56,9.05488602e-235,7.88710189e-29,7.48193721e-12,2.66059290e-08,3.62071572e-04,1.37312865e-07,5.90991609e-09,1.05856877e-24,4.34045962e-40,5.93717134e-58
5.98332173e-06,1.99998006e-01,1.49995513e+04,3.44195655e-32,1.25736632e-29,1.35957005e-47,3.04331897e-64,1.84359341e-83,1.86549214e-13,9.72852005e-49,1.95120119e-68,9.72948897e-86,3.36746573e-10,4.36454948e-29,1.72696676e-41,8.44376584e-20,1.90767679e-04,2.12828644e-06,2.46675471e-19,1.54216557e-37,1.07436192e-55,1.75249601e-17,0.00000000e+00,5.21741474e-54,2.88174890e-27,2.81633178e-09,1.27953212e-12,3.96756455e-09,2.23994099e-23,5.29091834e-38,6.13238126e-57,7.48931712e-76,7.12939337e-01,1.16701384e-16,7.81917110e-18,1.14770149e-05,6.91393602e-02,1.81645095e-67,4.08973822e-26,1.31483234e-21,2.94964055e-41,1.14964627e-57,1.56133574e-19,0.00000000e+00,6.12844374e-25,1.17663908e-07,5.70777976e-05,1.39938668e-08,2.73154718e-25,1.27496818e-42,4.88347646e-61,5.25955284e-190,1.50287769e-206,4.94908816e-16,1.77358218e-18,7.17611355e-05,1.71411363e-07,5.27977883e-06,5.69466925e-22,4.18041955e-39,1.92703837e-56,1.16630135e-234,1.01705131e-28,8.49542302e-12,2.83491244e-08,3.62071408e-04,1.37273409e-07,4.31182334e-09,1.03662031e-24,4.60472813e-40,6.77119698e-58
6.37545637e-06,1.99997875e-01,1.49995218e+04,3.44302732e-32,1.27142116e-29,1.37450978e-47,3.28966806e-64,2.13138408e-83,2.11597552e-13,9.72515042e-49,1.95019142e-68,1.03670536e-85,3.58800638e-10,4.36378554e-29,2.37245505e-41,9.59256682e-20,1.90764849e-04,2.12801978e-06,2.62810506e-19,1.64957814e-37,1.22890187e-55,2.11858522e-17,0.00000000e+00,5.94080331e-54,3.07466147e-27,3.00089608e-09,1.36285757e-12,3.96576437e-09,2.41388775e-23,6.12090770e-38,7.59811930e-57,9.92498150e-76,7.12939321e-01,1.17928946e-16,7.81778282e-18,1.14769000e-05,6.91393664e-02,1.93520596e-67,4.13277572e-26,1.32541568e-21,2.97287157e-41,1.23830294e-57,1.56106301e-19,0.00000000e+00,7.41756773e-25,1.25382783e-07,5.70762488e-05,1.03255487e-08,2.46612732e-25,1.33419220e-42,5.58094548e-61,7.22497593e-190,2.19942177e-206,5.61900461e-16,2.01313719e-18,7.17611355e-05,1.71411363e-07,5.27977883e-06,6.06750677e-22,4.74573437e-39,2.33085637e-56,1.50215879e-234,1.31152880e-28,9.64616842e-12,3.02064974e-08,3.62071233e-04,1.37231381e-07,3.08154161e-09,1.01288807e-24,4.87324737e-40,7.70359971e-58
6.79329072e-06,1.99997736e-01,1.49994905e+04,3.44385743e-32,1.28668509e-29,1.39073346e-47,3.55588432e-64,2.46278892e-83,2.39994063e-13,9.72156014e-49,1.94911576e-68,1.10459070e-85,3.82297982e-10,4.36297131e-29,3.25923975e-41,1.08980787e-19,1.90760427e-04,2.12773569e-06,2.79997810e-19,1.76395526e-37,1.40498035e-55,2.56102697e-17,0.00000000e+00,6.76325374e-54,3.28020007e-27,3.19755468e-09,1.45157217e-12,3.96168512e-09,2.59830806e-23,7.07184416e-38,9.40152604e-57,1.31350544e-75,7.12939306e-01,1.19005640e-16,7.81627805e-18,1.14767776e-05,6.91393712e-02,2.06169381e-67,4.17052383e-26,1.33668316e-21,2.99759484e-41,1.33351736e-57,1.56077241e-19,0.00000000e+00,8.97812844e-25,1.33607239e-07,5.70745986e-05,7.44376062e-09,2.20904046e-25,1.39096350e-42,6.35701867e-61,9.92490994e-190,3.21878014e-206,6.37959855e-16,2.28500864e-18,7.17611355e-05,1.71411363e-07,5.27977883e-06,6.46470675e-22,5.38741677e-39,2.81923345e-56,1.93462462e-234,1.69130896e-28,1.09527548e-11,3.21855217e-08,3.62071046e-04,1.37186612e-07,2.15434189e-09,9.87514664e-25,5.14472908e-40,8.74256170e-58
7.23850907e-06,1.99997587e-01,1.49994571e+04,3.44445223e-32,1.30327952e-29,1.40837009e-47,3.84384470e-64,2.84441909e-83,2.72183154e-13,9.71773517e-49,1.94797004e-68,1.17686882e-85,4.07332913e-10,4.36210361e-29,4.47753709e-41,1.23817635e-19,1.90754549e-04,2.12743302e-06,2.98305645e-19,1.88574327e-37,1.60553987e-55,3.09571050e-17,0.00000000e+00,7.69823665e-54,3.49918988e-27,3.40710001e-09,1.54601946e-12,3.95562891e-09,2.79366661e-23,8.15997521e-38,1.16173225e-56,1.73597632e-75,7.12939291e-01,1.19937262e-16,7.81466165e-18,1.14766472e-05,6.91393748e-02,2.19641450e-67,4.20318577e-26,1.34868105e-21,3.02391019e-41,1.43581917e-57,1.56046279e-19,0.00000000e+00,1.08673557e-24,1.42370313e-07,5.70728402e-05,5.23511198e-09,1.96427577e-25,1.44497651e-42,7.21739452e-61,1.36338803e-189,4.71055276e-206,7.24314304e-16,2.59354774e-18,7.17611355e-05,1.71411363e-07,5.27977883e-06,6.88785605e-22,6.11576896e-39,3.40986021e-56,2.49144790e-234,2.18111641e-28,1.24362773e-11,3.42941597e-08,3.62070847e-04,1.37138926e-07,1.47120872e-09,9.60637007e-25,5.41773636e-40,9.89632340e-58
7.71290612e-06,1.99997429e-01,1.49994215e+04,3.44481948e-32,1.32133849e-29,1.42756189e-47,4.15564240e-64,3.28391968e-83,3.08667565e-13,9.71366053e-49,1.94674981e-68,1.25382004e-85,4.34005888e-10,4.36117901e-29,6.15130010e-41,1.40680395e-19,1.90747348e-04,2.12711056e-06,3.17806653e-19,2.01541637e-37,1.83392015e-55,3.74182164e-17,0.00000000e+00,8.76104677e-54,3.73250984e-27,3.63037637e-09,1.64656417e-12,3.94785758e-09,3.00044690e-23,9.40355996e-38,1.43360772e-56,2.29119196e-75,7.12939276e-01,1.20731500e-16,7.81293309e-18,1.14765082e-05,6.91393776e-02,2.33989993e-67,4.23103106e-26,1.36145758e-21,3.05192151e-41,1.54578614e-57,1.56013292e-19,0.00000000e+00,1.31545674e-24,1.51707198e-07,5.70709666e-05,3.58612067e-09,1.73511959e-25,1.49601396e-42,8.16790530e-61,1.87290291e-189,6.89366271e-206,8.22357212e-16,2.94368979e-18,7.17611355e-05,1.71411363e-07,5.27977883e-06,7.33864420e-22,6.94248007e-39,4.12412396e-56,3.20833325e-234,2.81284748e-28,1.41206853e-11,3.65408941e-08,3.62070635e-04,1.37088133e-07,9.79895041e-10,9.32384755e-25,5.69067853e-40,1.11730425e-57
8.21839418e-06,1.99997261e-01,1.49993836e+04,3.44496892e-32,1.34101064e-29,1.44846641e-47,4.49361676e-64,3.79014071e-83,3.50015893e-13,9.70932027e-49,1.94545034e-68,1.33574204e-85,4.62423904e-10,4.36019387e-29,8.45083786e-41,1.59846923e-19,1.90738937e-04,2.12676703e-06,3.38578129e-19,2.15347835e-37,2.09391123e-55,4.52252389e-17,0.00000000e+00,9.96904925e-54,3.98109616e-27,3.86828337e-09,1.75359348e-12,3.93858923e-09,3.21915011e-23,1.08230984e-37,1.76674234e-56,3.01982517e-75,7.12939261e-01,1.21397664e-16,7.81108856e-18,1.14763601e-05,6.91393795e-02,2.49271581e-67,4.25438618e-26,1.37506352e-21,3.08173779e-41,1.66404902e-57,1.55978150e-19,0.00000000e+00,1.59237286e-24,1.61655391e-07,5.70689703e-05,2.38868229e-09,1.52405190e-25,1.54395176e-42,9.21454387e-61,2.57284779e-189,1.00884771e-205,9.33670556e-16,3.34103227e-18,7.17611355e-05,1.71411363e-07,5.27977883e-06,7.81886994e-22,7.88081242e-39,4.98788000e-56,4.13121616e-234,3.62765246e-28,1.60331678e-11,3.89347621e-08,3.62070409e-04,1.37034033e-07,6.35505389e-10,9.02879784e-25,5.96180661e-40,1.25806215e-57
8.75701089e-06,1.99997081e-01,1.49993432e+04,3.44491187e-32,1.36246132e-29,1.47125877e-47,4.86038788e-64,4.37333857e-83,3.96871063e-13,9.70469738e-49,1.94406658e-68,1.42295085e-85,4.92700925e-10,4.35914430e-29,1.16101560e-40,1.81633428e-19,1.90729413e-04,2.12640105e-06,3.60702313e-19,2.30046424e-37,2.38981364e-55,5.46577933e-17,0.00000000e+00,1.13419591e-53,4.24594597e-27,4.12177957e-09,1.86751826e-12,3.92799745e-09,3.45029331e-23,1.24415834e-37,2.17439002e-56,3.97468275e-75,7.12939246e-01,1.21946362e-16,7.80912225e-18,1.14762023e-05,6.91393810e-02,2.65546375e-67,4.27362295e-26,1.38955252e-21,3.11347405e-41,1.79129702e-57,1.55940713e-19,0.00000000e+00,1.92765547e-24,1.72254835e-07,5.70668431e-05,1.54436991e-09,1.33269625e-25,1.58875868e-42,1.03635047e-60,3.53440350e-189,1.47638092e-205,1.06005040e-15,3.79192319e-18,7.17611355e-05,1.71411363e-07,5.27977883e-06,8.33044822e-22,8.94581241e-39,6.03238344e-56,5.31918704e-234,4.67862305e-28,1.82045916e-11,4.14853912e-08,3.62070167e-04,1.36976411e-07,4.00622690e-10,8.72236628e-25,6.22921002e-40,1.41265004e-57
9.33092744e-06,1.99996890e-01,1.49993002e+04,3.44466066e-32,1.38587483e-29,1.49613401e-47,5.25889687e-64,5.04541377e-83,4.49959840e-13,9.69977377e-49,1.94259318e-68,1.51578193e-85,5.24958330e-10,4.35802615e-29,1.59507861e-40,2.06399819e-19,1.90718849e-04,2.12601115e-06,3.84266694e-19,2.45694215e-37,2.72650638e-55,6.60533805e-17,0.00000000e+00,1.29021585e-53,4.52812132e-27,4.39188626e-09,1.98877444e-12,3.91621287e-09,3.69440693e-23,1.42847759e-37,2.67255311e-56,5.22422547e-75,7.12939231e-01,1.22389118e-16,7.80702703e-18,1.14760342e-05,6.91393820e-02,2.82878345e-67,4.28914547e-26,1.40498148e-21,3.14725193e-41,1.92828383e-57,1.55900832e-19,0.00000000e+00,2.33362734e-24,1.83548084e-07,5.70645766e-05,9.67345407e-10,1.16182491e-25,1.63049089e-42,1.16212387e-60,4.85536115e-189,2.16056958e-205,1.20353589e-15,4.30356124e-18,7.17611355e-05,1.71411363e-07,5.27977883e-06,8.87541754e-22,1.01545498e-38,7.29541497e-56,6.84824813e-234,6.03426142e-28,2.06699987e-11,4.42030379e-08,3.62069910e-04,1.36915041e-07,2.45031015e-10,8.40563743e-25,6.49081526e-40,1.58174110e-57
9.94245730e-06,1.99996686e-01,1.49992543e+04,3.44422812e-32,1.41145686e-29,1.52330970e-47,5.69245279e-64,5.82019231e-83,5.10103534e-13,9.69453017e-49,1.94102444e-68,1.61459122e-85,5.59325395e-10,4.35683500e-29,2.19145325e-40,2.34555802e-19,1.90707295e-04,2.12559579e-06,4.09364341e-19,2.62351520e-37,3.10952402e-55,7.98193010e-17,0.00000000e+00,1.46750560e-53,4.82875334e-27,4.67969164e-09,2.11782436e-12,3.90332644e-09,3.95203141e-23,1.63815056e-37,3.28052735e-56,6.85707935e-75,7.12939215e-01,1.22737977e-16,7.80479490e-18,1.14758550e-05,6.91393827e-02,3.01335506e-67,4.30137603e-26,1.42141077e-21,3.18320032e-41,2.07583440e-57,1.55858348e-19,0.00000000e+00,2.82521879e-24,1.95580471e-07,5.70621616e-05,5.85837344e-10,1.01141557e-25,1.66928192e-42,1.29945201e-60,6.67007168e-189,3.16180357e-205,1.36644208e-15,4.88410909e-18,7.17611355e-05,1.71411363e-07,5.27977883e-06,9.45594780e-22,1.15263887e-38,8.82264073e-56,8.81613958e-234,7.78295822e-28,2.34691709e-11,4.70986285e-08,3.62069636e-04,1.36849679e-07,1.45116062e-10,8.07965422e-25,6.74438734e-40,1.76590914e-57
1.05940656e-05,1.99996469e-01,1.49992055e+04,3.44362704e-32,1.43943736e-29,1.55302887e-47,6.16478724e-64,6.71375928e-83,5.78230015e-13,9.68894609e-49,1.93935430e-68,1.71975634e-85,5.95939804e-10,4.35556614e-29,3.01084750e-40,2.66567837e-19,1.90694777e-04,2.12515329e-06,4.36094243e-19,2.80082348e-37,3.54514381e-55,9.64470124e-17,0.00000000e+00,1.66894952e-53,5.14904669e-27,4.98635516e-09,2.25515825e-12,3.88939407e-09,4.22371326e-23,1.87639967e-37,4.02154938e-56,8.98780833e-75,7.12939198e-01,1.23005099e-16,7.80241713e-18,1.14756642e-05,6.91393831e-02,3.20990158e-67,4.31074093e-26,1.43890455e-21,3.22145576e-41,2.23485243e-57,1.55813095e-19,0.00000000e+00,3.42052100e-24,2.08400284e-07,5.70595884e-05,3.42304574e-10,8.80751333e-26,1.70532882e-42,1.44905240e-60,9.16311622e-189,4.62698467e-205,1.55139734e-15,5.54282175e-18,7.17611355e-05,1.71411363e-07,5.27977883e-06,1.00743486e-21,1.30832948e-38,1.06692548e-55,1.13485374e-233,1.00387738e-27,2.66472700e-11,5.01838028e-08,3.62069343e-04,1.36780068e-07,8.30428365e-11,7.74544105e-25,6.98753495e-40,1.96559566e-57
1.12883789e-05,1.99996237e-01,1.49991534e+04,3.44286957e-32,1.47007356e-29,1.58556318e-47,6.68011824e-64,7.74485525e-83,6.55387199e-13,9.68299970e-49,1.93757632e-68,1.83167777e-85,6.34948188e-10,4.35421455e-29,4.13668167e-40,3.02967086e-19,1.90681302e-04,2.12468191e-06,4.64561678e-19,2.98954613e-37,4.04048425e-55,1.16529418e-16,0.00000000e+00,1.89782175e-53,5.49028433e-27,5.31311222e-09,2.40129569e-12,3.87444197e-09,4.51000035e-23,2.14682204e-37,4.92356469e-56,1.17642895e-74,7.12939180e-01,1.23202373e-16,7.79988436e-18,1.14754608e-05,6.91393835e-02,3.41919145e-67,4.31765701e-26,1.45753095e-21,3.26216295e-41,2.40632882e-57,1.55764891e-19,0.00000000e+00,4.14145732e-24,2.22058963e-07,5.70568467e-05,1.92533878e-10,7.68552270e-26,1.73887572e-42,1.61169093e-60,1.25880890e-188,6.77107328e-205,1.76138568e-15,6.29019175e-18,7.17611355e-05,1.71411363e-07,5.27977883e-06,1.07330782e-21,1.48501832e-38,1.29019629e-55,1.46070117e-233,1.29489024e-27,3.02555654e-11,5.34709604e-08,3.62069032e-04,1.36705936e-07,4.58146574e-11,7.40402858e-25,7.21772040e-40,2.18107282e-57
1.20281961e-05,1.99995991e-01,1.49990979e+04,3.44196682e-32,1.50365358e-29,1.62121670e-47,7.24322484e-64,8.93534850e-83,7.42758170e-13,9.67666781e-49,1.93568368e-68,1.95078009e-85,6.76506702e-10,4.35277487e-29,5.68358841e-40,3.44358490e-19,1.90666855e-04,2.12417975e-06,4.94878590e-19,3.19040357e-37,4.60361662e-55,1.40781679e-16,0.00000000e+00,2.15783871e-53,5.85383255e-27,5.66127906e-09,2.55678724e-12,3.85847201e-09,4.81143658e-23,2.45342731e-37,6.02013687e-56,1.53771199e-74,7.12939161e-01,1.23341074e-16,7.79718658e-18,1.14752441e-05,6.91393838e-02,3.64204129e-67,4.32251955e-26,1.47736237e-21,3.30547521e-41,2.59135095e-57,1.55713547e-19,0.00000000e+00,5.01459770e-24,2.36611297e-07,5.70539253e-05,1.03996618e-10,6.73124913e-26,1.77019610e-42,1.78819067e-60,1.72934055e-188,9.90861500e-205,1.99979493e-15,7.13811351e-18,7.17611355e-05,1.71411363e-07,5.27977883e-06,1.14347526e-21,1.68553129e-38,1.56013779e-55,1.87992416e-233,1.67033099e-27,3.43522597e-11,5.69733099e-08,3.62068700e-04,1.36626990e-07,2.43098146e-11,7.05647761e-25,7.43227509e-40,2.41240212e-57
1.28164995e-05,1.99995728e-01,1.49990388e+04,3.44092841e-32,1.54050043e-29,1.66033000e-47,7.85953462e-64,1.03107988e-82,8.41678125e-13,9.66992576e-49,1.93366911e-68,2.07751328e-85,7.20781643e-10,4.35124142e-29,7.80909502e-40,3.91431127e-19,1.90651408e-04,2.12364482e-06,5.27164005e-19,3.40415968e-37,5.24369093e-55,1.70066257e-16,0.00000000e+00,2.45321868e-53,6.24114628e-27,6.03225815e-09,2.72221597e-12,3.84146689e-09,5.12855580e-23,2.80067809e-37,7.35152176e-56,2.00715952e-74,7.12939141e-01,1.23431577e-16,7.79431313e-18,1.14750132e-05,6.91393840e-02,3.87931875e-67,4.32569228e-26,1.49847566e-21,3.35155487e-41,2.79111318e-57,1.55658858e-19,0.00000000e+00,6.07214684e-24,2.52115646e-07,5.70508125e-05,5.38076580e-11,5.92515858e-26,1.79957508e-42,1.97944048e-60,2.37577630e-188,1.44998684e-204,2.27047131e-15,8.10006924e-18,7.17611355e-05,1.71411363e-07,5.27977883e-06,1.21821558e-21,1.91307335e-38,1.88649122e-55,2.41921247e-233,2.15471802e-27,3.90034251e-11,6.07049220e-08,3.62068346e-04,1.36542922e-07,1.23744238e-11,6.70390042e-25,7.62842179e-40,2.65938940e-57
1.36564666e-05,1.99995448e-01,1.49989758e+04,3.43976219e-32,1.58097657e-29,1.70328490e-47,8.53522630e-64,1.19011321e-82,9.53653344e-13,9.66274733e-49,1.93152491e-68,2.21235407e-85,7.67950100e-10,4.34960813e-29,1.07296802e-39,4.44970063e-19,1.90634918e-04,2.12307499e-06,5.61544453e-19,3.63162426e-37,5.97107844e-55,2.05423047e-16,0.00000000e+00,2.78874934e-53,6.65377489e-27,6.42754376e-09,2.89819921e-12,3.82339461e-09,5.46187507e-23,3.19353288e-37,8.96593382e-56,2.61629349e-74,7.12939119e-01,1.23483144e-16,7.79125265e-18,1.14747672e-05,6.91393842e-02,4.13194551e-67,4.32749998e-26,1.52095248e-21,3.40057383e-41,3.00692840e-57,1.55600609e-19,0.00000000e+00,7.35314354e-24,2.68634168e-07,5.70474958e-05,2.65955843e-11,5.24657118e-26,1.82729298e-42,2.18640330e-60,3.26388663e-188,2.12182953e-204,2.57778147e-15,9.19133925e-18,7.17611355e-05,1.71411363e-07,5.27977883e-06,1.29782498e-21,2.17127904e-38,2.28102699e-55,3.11285950e-233,2.77969889e-27,4.42840673e-11,6.46807849e-08,3.62067969e-04,1.36453403e-07,6.02633208e-12,6.34747770e-25,7.80330406e-40,2.92153679e-57
1.45514834e-05,1.99995150e-01,1.49989087e+04,3.43847408e-32,1.62548912e-29,1.75050983e-47,9.27735034e-64,1.37414502e-82,1.08038240e-12,9.65510469e-49,1.92924292e-68,2.35580732e-85,8.18200648e-10,4.34786855e-29,1.47428435e-39,5.05869884e-19,1.90617330e-04,2.12246799e-06,5.98154422e-19,3.87365540e-37,6.79753254e-55,2.48105604e-16,0.00000000e+00,3.16986436e-53,7.09336813e-27,6.84872798e-09,3.08539019e-12,3.80421221e-09,5.81188706e-23,3.63749133e-37,1.09210356e-55,3.40556010e-74,7.12939097e-01,1.23503798e-16,7.78799308e-18,1.14745051e-05,6.91393844e-02,4.40090049e-67,4.32822383e-26,1.54487948e-21,3.45271399e-41,3.24024110e-57,1.55538570e-19,0.00000000e+00,8.90491640e-24,2.86233061e-07,5.70439618e-05,1.25219558e-11,4.67493402e-26,1.85361117e-42,2.41012376e-60,4.48403797e-188,3.10493034e-204,2.92668290e-15,1.04292397e-17,7.17611356e-05,1.71411363e-07,5.27977883e-06,1.38261865e-21,2.46426983e-38,2.75796617e-55,4.00491914e-233,3.58612653e-27,5.02793320e-11,6.89168643e-08,3.62067567e-04,1.36358083e-07,2.79967166e-12,5.98847047e-25,7.95402393e-40,3.19799254e-57
1.55051578e-05,1.99994832e-01,1.49988372e+04,3.43706789e-32,1.67449576e-29,1.80248594e-47,1.00939709e-63,1.58730041e-82,1.22377987e-12,9.64696825e-49,1.92681447e-68,2.50840747e-85,8.71734087e-10,4.34601584e-29,2.02574413e-39,5.75150178e-19,1.90598582e-04,2.12182141e-06,6.37136838e-19,4.13116204e-37,7.73637049e-55,2.99624697e-16,0.00000000e+00,3.60273031e-53,7.56168264e-27,7.29750711e-09,3.28447985e-12,3.78386861e-09,6.17905173e-23,4.13864146e-37,1.32856850e-55,4.42677615e-74,7.12939072e-01,1.23500261e-16,7.78452156e-18,1.14742258e-05,6.91393846e-02,4.68722310e-67,4.32809961e-26,1.57034866e-21,3.50816772e-41,3.49264178e-57,1.55472495e-19,0.00000000e+00,1.07848512e-23,3.04982832e-07,5.70401964e-05,5.59905791e-12,4.19084748e-26,1.87876087e-42,2.65173478e-60,6.16039264e-188,4.54347103e-204,3.32280382e-15,1.18333915e-17,7.17611356e-05,1.71411363e-07,5.27977883e-06,1.47293186e-21,2.79671891e-38,3.33448929e-55,5.15197115e-233,4.62674114e-27,5.70858748e-11,7.34301664e-08,3.62067138e-04,1.36256591e-07,1.23693230e-12,5.62822620e-25,8.07768779e-40,3.48750030e-57
1.65213341e-05,1.99994493e-01,1.49987610e+04,3.43554545e-32,1.72851151e-29,1.85975398e-47,1.09943330e-63,1.83443686e-82,1.38600277e-12,9.63830661e-49,1.92423037e-68,2.67072001e-85,9.28764226e-10,4.34404268e-29,2.78353850e-39,6.53973230e-19,1.90578603e-04,2.12113268e-06,6.78643564e-19,4.40510661e-37,8.80267867e-55,3.61800646e-16,0.00000000e+00,4.09434510e-53,8.06058875e-27,7.77568852e-09,3.49619863e-12,3.76230679e-09,6.56378691e-23,4.70370847e-37,1.61419804e-55,5.74622094e-74,7.12939046e-01,1.23477988e-16,7.78082444e-18,1.14739282e-05,6.91393848e-02,4.99201681e-67,4.32731846e-26,1.59745764e-21,3.56713842e-41,3.76588316e-57,1.55402125e-19,0.00000000e+00,1.30625366e-23,3.24958565e-07,5.70361843e-05,2.37000484e-12,3.77681285e-26,1.90293536e-42,2.91246320e-60,8.46355069e-188,6.64840927e-204,3.77253395e-15,1.34260239e-17,7.17611356e-05,1.71411363e-07,5.27977883e-06,1.56912129e-21,3.17392459e-38,4.03135023e-55,6.62666529e-233,5.96963518e-27,6.48134156e-11,7.82388054e-08,3.62066682e-04,1.36148533e-07,5.18012866e-13,5.26817928e-25,8.17146106e-40,3.78834968e-57
1.76041084e-05,1.99994132e-01,1.49986797e+04,3.43390659e-32,1.78811640e-29,1.92292225e-47,1.19890603e-63,2.12128603e-82,1.56948003e-12,9.62908643e-49,1.92148091e-68,2.84334300e-85,9.89518721e-10,4.34194131e-29,3.82489627e-39,7.43664276e-19,1.90557314e-04,2.12039908e-06,7.22835929e-19,4.69650771e-37,1.00135441e-54,4.36826173e-16,0.00000000e+00,4.65264968e-53,8.59207775e-27,8.28519783e-09,3.72131825e-12,3.73946522e-09,6.96645798e-23,5.34010456e-37,1.95876449e-55,7.44853553e-74,7.12939019e-01,1.23441239e-16,7.77688719e-18,1.14736112e-05,6.91393850e-02,5.31645274e-67,4.32602979e-26,1.62630996e-21,3.62984100e-41,4.06189820e-57,1.55327183e-19,0.00000000e+00,1.58223710e-23,3.46240219e-07,5.70319095e-05,9.46524546e-13,3.41769978e-26,1.92628561e-42,3.19363421e-60,1.16279216e-187,9.72839773e-204,4.28312745e-15,1.52323180e-17,7.17611356e-05,1.71411363e-07,5.27977883e-06,1.67156629e-21,3.60189340e-38,4.87361704e-55,8.52226188e-233,7.70273027e-27,7.35865032e-11,8.33620755e-08,3.62066195e-04,1.36033489e-07,2.04912476e-13,4.90984584e-25,8.23263109e-40,4.09833053e-57
1.87578456e-05,1.99993747e-01,1.49985932e+04,3.43214938e-32,1.85396422e-29,1.99267545e-47,1.30903879e-63,2.45462582e-82,1.77694534e-12,9.61927233e-49,1.91855576e-68,3.02690860e-85,1.05423995e-09,4.33970350e-29,5.25596376e-39,8.45734672e-19,1.90534632e-04,2.11961769e-06,7.69885282e-19,5.00644289e-37,1.13883158e-54,5.27341864e-16,0.00000000e+00,5.28665461e-53,9.15826958e-27,8.82808671e-09,3.96065363e-12,3.71527890e-09,7.38736632e-23,6.05597898e-37,2.37388009e-55,9.64162959e-74,7.12938990e-01,1.23393213e-16,7.77269436e-18,1.14732734e-05,6.91393852e-02,5.66177348e-67,4.32434575e-26,1.65701547e-21,3.69650241e-41,4.38282026e-57,1.55247374e-19,0.00000000e+00,1.91667278e-23,3.68912943e-07,5.70273547e-05,3.55496820e-13,3.10095665e-26,1.94891916e-42,3.49667471e-60,1.59755960e-187,1.42350154e-203,4.86281988e-15,1.72807944e-17,7.17611356e-05,1.71411363e-07,5.27977883e-06,1.78067030e-21,4.08743404e-38,5.89156553e-55,1.09584467e-232,9.93956268e-27,8.35465169e-11,8.88205270e-08,3.62065676e-04,1.35911016e-07,7.62794005e-14,4.55481332e-25,8.25867805e-40,4.41469395e-57
1.99871964e-05,1.99993338e-01,1.49985010e+04,3.43027026e-32,1.92679256e-29,2.06978495e-47,1.43124388e-63,2.84248915e-82,2.01147361e-12,9.60882677e-49,1.91544403e-68,3.22208469e-85,1.12318599e-09,4.33732045e-29,7.22263772e-39,9.61908422e-19,1.90510466e-04,2.11878542e-06,8.19973581e-19,5.33605148e-37,1.29488992e-54,6.36526714e-16,0.00000000e+00,6.00658356e-53,9.76142105e-27,9.40654107e-09,4.21506468e-12,3.68967999e-09,7.82673654e-23,6.86026718e-37,2.87331839e-55,1.24628413e-73,7.12938958e-01,1.23336201e-16,7.76822954e-18,1.14729135e-05,6.91393854e-02,6.02929714e-67,4.32234665e-26,1.68969060e-21,3.76736214e-41,4.73100555e-57,1.55162386e-19,0.00000000e+00,2.32198022e-23,3.93067406e-07,5.70225015e-05,1.25231156e-13,2.81660418e-26,1.97090185e-42,3.82311566e-60,2.19491500e-187,2.08289332e-203,5.52096092e-15,1.96037504e-17,7.17611356e-05,1.71411363e-07,5.27977883e-06,1.89686234e-21,4.63826370e-38,7.12175707e-55,1.40887745e-232,1.28267607e-26,9.48539388e-11,9.46360476e-08,3.62065123e-04,1.35780641e-07,2.66151394e-14,4.20472524e-25,8.24735248e-40,4.73412341e-57
2.12971163e-05,1.99992901e-01,1.49984028e+04,3.42826425e-32,2.00743422e-29,2.15512037e-47,1.56715512e-63,3.29441841e-82,2.27652149e-12,9.59770995e-49,1.91213416e-68,3.42957639e-85,1.19663156e-09,4.33478285e-29,9.92545854e-39,1.09415255e-18,1.90484721e-04,2.11789899e-06,8.73293995e-19,5.68653746e-37,1.47200881e-54,7.68206715e-16,0.00000000e+00,6.82403593e-53,1.04039345e-26,1.00228899e-08,4.48545819e-12,3.66259826e-09,8.28470245e-23,7.76273796e-37,3.47338528e-55,1.60866512e-73,7.12938925e-01,1.23271752e-16,7.76347527e-18,1.14725300e-05,6.91393857e-02,6.42042142e-67,4.32008676e-26,1.72445876e-21,3.84267278e-41,5.10905827e-57,1.55071886e-19,0.00000000e+00,2.81322858e-23,4.18800153e-07,5.70173306e-05,4.13892010e-14,2.55706265e-26,1.99226170e-42,4.17459368e-60,3.01567250e-187,3.04766997e-203,6.26816499e-15,2.22377545e-17,7.17611356e-05,1.71411363e-07,5.27977883e-06,2.02059852e-21,5.26312832e-38,8.60833829e-55,1.81101930e-232,1.65537099e-26,1.07690932e-10,1.00831949e-07,3.62064534e-04,1.35641862e-07,8.66744884e-15,3.86126138e-25,8.19675823e-40,5.05272008e-57
2.26928856e-05,1.99992436e-01,1.49982981e+04,3.42612515e-32,2.09683028e-29,2.24966272e-47,1.71866656e-63,3.82177593e-82,2.57597221e-12,9.58587966e-49,1.90861395e-68,3.65012773e-85,1.27486914e-09,4.33208079e-29,1.36400865e-38,1.24471188e-18,1.90457293e-04,2.11695490e-06,9.30051554e-19,6.05917244e-37,1.67299389e-54,9.26985022e-16,0.00000000e+00,7.75217114e-53,1.10883670e-26,1.06796144e-08,4.77278966e-12,3.63396143e-09,8.76129159e-23,8.77403684e-37,4.19334553e-55,2.07343157e-73,7.12938889e-01,1.23200829e-16,7.75841301e-18,1.14721215e-05,6.91393859e-02,6.83662799e-67,4.31759992e-26,1.76145073e-21,3.92270052e-41,5.51985860e-57,1.54975520e-19,0.00000000e+00,3.40870479e-23,4.46213980e-07,5.70118210e-05,1.29897720e-14,2.31686574e-26,2.01299450e-42,4.55285197e-60,4.14339788e-187,4.45923089e-203,7.11648230e-15,2.52242034e-17,7.17611356e-05,1.71411363e-07,5.27977883e-06,2.15236374e-21,5.97193850e-38,1.04046081e-54,2.32752235e-232,2.13650488e-26,1.22264267e-10,1.07433057e-07,3.62063906e-04,1.35494148e-07,2.62260483e-15,3.52611407e-25,8.10543847e-40,5.36600647e-57
2.41801308e-05,1.99991940e-01,1.49981866e+04,3.42384570e-32,2.19604499e-29,2.35451952e-47,1.88797862e-63,4.43812399e-82,2.91418532e-12,9.57329115e-49,1.90487048e-68,3.88452321e-85,1.35821009e-09,4.32920374e-29,1.87454549e-38,1.41614891e-18,1.90428072e-04,2.11594942e-06,9.90463814e-19,6.45529853e-37,1.90101915e-54,1.11839787e-15,0.00000000e+00,8.80591747e-53,1.18174402e-26,1.13793584e-08,5.07806509e-12,3.60369540e-09,9.25640835e-23,9.90572376e-37,5.05591078e-55,2.66858645e-73,7.12938852e-01,1.23123958e-16,7.75302307e-18,1.14716862e-05,6.91393862e-02,7.27948700e-67,4.31490452e-26,1.80080499e-21,4.00772566e-41,5.96659394e-57,1.54872913e-19,0.00000000e+00,4.13060439e-23,4.75418332e-07,5.70059506e-05,4.09455698e-15,2.09231169e-26,2.03307016e-42,4.95974094e-60,5.69292203e-187,6.52442629e-203,8.07959299e-15,2.86099503e-17,7.17611356e-05,1.71411363e-07,5.27977883e-06,2.29267339e-21,6.77592320e-38,1.25749061e-54,2.99075303e-232,2.75768257e-26,1.38808639e-10,1.14465813e-07,3.62063237e-04,1.35336934e-07,7.33775366e-16,3.20096082e-25,7.97246201e-40,5.66895322e-57
2.57648471e-05,1.99991412e-01,1.49980678e+04,3.42141773e-32,2.30628290e-29,2.47094186e-47,2.07765283e-63,5.15969088e-82,3.29605148e-12,9.55989701e-49,1.90089011e-68,4.13358942e-85,1.44698584e-09,4.32614051e-29,2.57624814e-38,1.61138949e-18,1.90396942e-04,2.11487860e-06,1.05476155e-18,6.87633135e-37,2.15967426e-54,1.34910123e-15,0.00000000e+00,1.00022086e-52,1.25940506e-26,1.21249383e-08,5.40234271e-12,3.57172458e-09,9.76981568e-23,1.11703026e-36,6.08779502e-55,3.42949949e-73,7.12938811e-01,1.23041347e-16,7.74728451e-18,1.14712224e-05,6.91393865e-02,7.75066167e-67,4.31200784e-26,1.84266817e-21,4.09804314e-41,6.45279374e-57,1.54763666e-19,0.00000000e+00,5.00587144e-23,5.06529729e-07,5.69996959e-05,1.54689077e-15,1.88109531e-26,2.05243960e-42,5.39721870e-60,7.82204091e-187,9.54584100e-203,9.17302749e-15,3.24480132e-17,7.17611356e-05,1.71411363e-07,5.27977883e-06,2.44207519e-21,7.68780334e-38,1.51968891e-54,3.84218110e-232,3.55973927e-26,1.57590438e-10,1.21958375e-07,3.62062523e-04,1.35169624e-07,1.88866743e-16,2.88743407e-25,7.79750672e-40,5.95603317e-57
2.74534223e-05,1.99990849e-01,1.49979411e+04,3.41883222e-32,2.42890830e-29,2.60034390e-47,2.29067693e-63,6.00594390e-82,3.72705291e-12,9.54564705e-49,1.89665844e-68,4.39819657e-85,1.54154919e-09,4.32287922e-29,3.54072964e-38,1.83377517e-18,1.90363778e-04,2.11373822e-06,1.12318952e-18,7.32376295e-37,2.45301791e-54,1.62709416e-15,0.00000000e+00,1.13602518e-52,1.34212806e-26,1.29193549e-08,5.74673468e-12,3.53797214e-09,1.03011153e-22,1.25812398e-36,7.32034313e-55,4.40075025e-73,7.12938768e-01,1.22952979e-16,7.74117510e-18,1.14707283e-05,6.91393868e-02,8.25191317e-67,4.30890930e-26,1.88719543e-21,4.19396299e-41,6.98236845e-57,1.54647355e-19,0.00000000e+00,6.06722035e-23,5.39672216e-07,5.69930316e-05,9.02335997e-16,1.68195495e-26,2.07104132e-42,5.86735164e-60,1.07475945e-186,1.39660835e-202,1.04144166e-14,3.67983725e-17,7.17611356e-05,1.71411363e-07,5.27977883e-06,2.60115111e-21,8.72198794e-38,1.83642726e-54,4.93491935e-232,4.59544316e-26,1.78912021e-10,1.29940726e-07,3.62061762e-04,1.34991581e-07,4.44774793e-17,2.58708871e-25,7.58093575e-40,6.22130709e-57
2.92526634e-05,1.99990249e-01,1.49978062e+04,3.41607940e-32,2.56546764e-29,2.74432517e-47,2.53054250e-63,7.00029532e-82,4.21332994e-12,9.53048811e-49,1.89216026e-68,4.67926000e-85,1.64227564e-09,4.31940725e-29,4.86644404e-38,2.08712328e-18,1.90328448e-04,2.11252383e-06,1.19600715e-18,7.79916466e-37,2.78563759e-54,1.96198575e-15,0.00000000e+00,1.29018311e-52,1.43024102e-26,1.37658053e-08,6.11240855e-12,3.50236038e-09,1.08497266e-22,1.41529683e-36,8.79023750e-55,5.63840056e-73,7.12938723e-01,1.22858687e-16,7.73467126e-18,1.14702018e-05,6.91393872e-02,8.78510556e-67,4.30560306e-26,1.93455088e-21,4.29581077e-41,7.55965276e-57,1.54523530e-19,0.00000000e+00,7.35437880e-23,5.74977842e-07,5.69859310e-05,7.82014909e-16,1.49435779e-26,2.08880761e-42,6.37231531e-60,1.47675639e-186,2.04325523e-202,1.18237756e-14,4.17288699e-17,7.17611356e-05,1.71411363e-07,5.27977883e-06,2.77051940e-21,9.89479564e-38,2.21901332e-54,6.33696417e-232,5.93299146e-26,2.03116558e-10,1.38444797e-07,3.62060951e-04,1.34802135e-07,9.52809573e-18,2.30136822e-25,7.32386236e-40,6.45854406e-57
3.11698230e-05,1.99989610e-01,1.49976624e+04,3.41314879e-32,2.71771506e-29,2.90469582e-47,2.80133737e-63,8.17097415e-82,4.76175392e-12,9.51436393e-49,1.88737955e-68,4.97774167e-85,1.74956486e-09,4.31571120e-29,6.68875214e-38,2.37579580e-18,1.90290811e-04,2.11123065e-06,1.27348942e-18,8.30418994e-37,3.16271684e-54,2.36531411e-15,0.00000000e+00,1.46516514e-52,1.52409293e-26,1.46676954e-08,6.50058873e-12,3.46481111e-09,1.14148643e-22,1.59008733e-36,1.05402865e-54,7.21278570e-73,7.12938674e-01,1.22758203e-16,7.72774792e-18,1.14696409e-05,6.91393875e-02,9.35221091e-67,4.30207969e-26,1.98490807e-21,4.40392805e-41,8.18945395e-57,1.54391714e-19,0.00000000e+00,8.91560049e-23,6.12587165e-07,5.69783655e-05,7.95064118e-16,1.31823601e-26,2.10566999e-42,6.91439584e-60,2.02914396e-186,2.98921420e-202,1.34238263e-14,4.73162186e-17,7.17611356e-05,1.71411363e-07,5.27977883e-06,2.95083671e-21,1.12247047e-37,2.68108853e-54,8.13532794e-232,7.66053403e-26,2.30593539e-10,1.47504588e-07,3.62060087e-04,1.34600573e-07,1.84569979e-18,2.03157061e-25,7.02819809e-40,6.66137872e-57
3.32126293e-05,1.99988929e-01,1.49975093e+04,3.41002916e-32,2.88764174e-29,3.08350555e-47,3.10785599e-63,9.55210484e-82,5.38000713e-12,9.49721501e-49,1.88229940e-68,5.29465145e-85,1.86384221e-09,4.31177685e-29,9.19376437e-38,2.70477837e-18,1.90250717e-04,2.10985365e-06,1.35592760e-18,8.84057702e-37,3.59011064e-54,2.85092711e-15,0.00000000e+00,1.66377274e-52,1.62405507e-26,1.56286540e-08,6.91255762e-12,3.42524615e-09,1.19955146e-22,1.78412547e-36,1.26202965e-54,9.21192812e-73,7.12938622e-01,1.22651188e-16,7.72037849e-18,1.14690433e-05,6.91393879e-02,9.95531447e-67,4.29832736e-26,2.03845034e-21,4.51867271e-41,8.87710558e-57,1.54251398e-19,0.00000000e+00,1.08095062e-22,6.52649793e-07,5.69703049e-05,8.40878922e-16,1.15377795e-26,2.12156384e-42,7.49599195e-60,2.78819565e-186,4.37297155e-202,1.52403629e-14,5.36471404e-17,7.17611356e-05,1.71411363e-07,5.27977883e-06,3.14280035e-21,1.27326350e-37,3.23910667e-54,1.04413048e-231,9.89202735e-26,2.61785010e-10,1.57156299e-07,3.62059166e-04,1.34386141e-07,3.21659569e-19,1.77881524e-25,6.69667962e-40,6.82350522e-57
3.53893170e-05,1.99988204e-01,1.49973460e+04,3.40670860e-32,3.07750948e-29,3.28307647e-47,3.45573107e-63,1.11850446e-81,6.07666995e-12,9.47897847e-49,1.87690203e-68,5.63104843e-85,1.98556041e-09,4.30758911e-29,1.26373789e-37,3.07977099e-18,1.90208007e-04,2.10838744e-06,1.44363015e-18,9.41015143e-37,4.07442993e-54,3.43543643e-15,0.00000000e+00,1.88918244e-52,1.73052242e-26,1.66525469e-08,7.34965664e-12,3.38358781e-09,1.25904114e-22,1.99912611e-36,1.50880273e-54,1.17456936e-72,7.12938567e-01,1.22537257e-16,7.71253478e-18,1.14684067e-05,6.91393883e-02,1.05966201e-66,4.29433248e-26,2.09537136e-21,4.64041932e-41,9.62852734e-57,1.54102045e-19,0.00000000e+00,1.31073256e-22,6.95324951e-07,5.69617166e-05,8.96183714e-16,1.00127134e-26,2.13643222e-42,8.11961776e-60,3.83124498e-186,6.39705538e-202,1.73026673e-14,6.08196434e-17,7.17611356e-05,1.71411363e-07,5.27977883e-06,3.34715059e-21,1.44422665e-37,3.91290976e-54,1.33971760e-231,1.27748116e-25,2.97192653e-10,1.67438476e-07,3.62058183e-04,1.34158041e-07,5.06319732e-20,1.54401218e-25,6.33286916e-40,6.93890557e-57
3.77086603e-05,1.99987431e-01,1.49971721e+04,3.40317443e-32,3.28988919e-29,3.50604068e-47,3.85159093e-63,1.31200449e-81,6.86131580e-12,9.45958783e-49,1.87116871e-68,5.98804193e-85,2.11520120e-09,4.30313197e-29,1.73714656e-37,3.50729212e-18,1.90162509e-04,2.10682632e-06,1.53692354e-18,1.00148283e-36,4.62313630e-54,4.13875874e-15,0.00000000e+00,2.14499565e-52,1.84391507e-26,1.77434925e-08,7.81328688e-12,3.33975955e-09,1.31980104e-22,2.23687893e-36,1.80102260e-54,1.49508259e-72,7.12938508e-01,1.22415983e-16,7.70418685e-18,1.14677284e-05,6.91393887e-02,1.12784556e-66,4.29008015e-26,2.15587554e-21,4.76955932e-41,1.04502916e-56,1.53943084e-19,0.00000000e+00,1.58956266e-22,7.40782093e-07,5.69525661e-05,9.56288035e-16,8.60991683e-27,2.15022887e-42,8.78790661e-60,5.26456800e-186,9.35763120e-202,1.96439803e-14,6.89444567e-17,7.17611356e-05,1.71411363e-07,5.27977883e-06,3.56467318e-21,1.63803978e-37,4.72642078e-54,1.71847409e-231,1.64994199e-25,3.37385816e-10,1.78392156e-07,3.62057136e-04,1.33915429e-07,7.76442509e-21,1.32783541e-25,5.94112419e-40,7.00210707e-57
4.01800086e-05,1.99986607e-01,1.49969868e+04,3.39941318e-32,3.52770504e-29,3.75538294e-47,4.30324757e-63,1.54183187e-81,7.74461412e-12,9.43897291e-49,1.86507977e-68,6.36679245e-85,2.25327726e-09,4.29838846e-29,2.38798798e-37,3.99479813e-18,1.90114044e-04,2.10516423e-06,1.63615321e-18,1.06566144e-36,5.24464787e-54,4.98475986e-15,0.00000000e+00,2.43529513e-52,1.96467985e-26,1.89058786e-08,8.30490944e-12,3.29368667e-09,1.38164643e-22,2.49923429e-36,2.14637295e-54,1.89970117e-72,7.12938445e-01,1.22286909e-16,7.69530298e-18,1.14670057e-05,6.91393892e-02,1.20032782e-66,4.28555431e-26,2.22017849e-21,4.90650124e-41,1.13496971e-56,1.53773909e-19,0.00000000e+00,1.92796408e-22,7.89201539e-07,5.69428169e-05,1.02051462e-15,7.33127390e-27,2.16292051e-42,9.50361591e-60,7.23421580e-186,1.36877623e-201,2.23020364e-14,7.81466406e-17,7.17611356e-05,1.71411363e-07,5.27977883e-06,3.79620186e-21,1.85773504e-37,5.70847652e-54,2.20361623e-231,2.13122797e-25,3.83010624e-10,1.90061027e-07,3.62056020e-04,1.33657413e-07,1.81913090e-21,1.13070139e-25,5.52653322e-40,7.00845974e-57
4.28133240e-05,1.99985729e-01,1.49967893e+04,3.39541059e-32,3.79428514e-29,4.03448946e-47,4.81992158e-63,1.81546184e-81,8.73844174e-12,9.41705964e-49,1.85861455e-68,6.76851235e-85,2.40033411e-09,4.29334056e-29,3.28279975e-37,4.55082051e-18,1.90062419e-04,2.10339474e-06,1.74168442e-18,1.13376099e-36,5.94845777e-54,6.00202097e-15,0.00000000e+00,2.76470877e-52,2.09329188e-26,2.01443793e-08,8.82604537e-12,3.24529710e-09,1.44435978e-22,2.78808423e-36,2.55366217e-54,2.40941424e-72,7.12938378e-01,1.22149545e-16,7.68584954e-18,1.14662358e-05,6.91393897e-02,1.27736801e-66,4.28073782e-26,2.28850748e-21,5.05167073e-41,1.23348515e-56,1.53593877e-19,0.00000000e+00,2.33873142e-22,8.40775155e-07,5.69324296e-05,1.08896864e-15,6.17733222e-27,2.17448838e-42,1.02696332e-59,9.94090124e-186,2.00206373e-201,2.53196709e-14,8.85673919e-17,7.17611356e-05,1.71411363e-07,5.27977883e-06,4.04262111e-21,2.10674239e-37,6.89382859e-54,2.82477421e-231,2.75321627e-25,4.34800304e-10,2.02491598e-07,3.62054830e-04,1.33383047e-07,1.14682373e-21,9.52754618e-26,5.09481571e-40,6.95442143e-57
4.56192215e-05,1.99984794e-01,1.49965789e+04,3.39115154e-32,4.09341956e-29,4.34720333e-47,5.41251140e-63,2.14204533e-81,9.85600286e-12,9.39376991e-49,1.85175137e-68,7.19446625e-85,2.55695225e-09,4.28796920e-29,4.51308514e-37,5.18512341e-18,1.90007428e-04,2.10151100e-06,1.85390324e-18,1.20600094e-36,6.74526624e-54,7.22474886e-15,0.00000000e+00,3.13848180e-52,2.23025637e-26,2.14639742e-08,9.37827513e-12,3.19452230e-09,1.50768832e-22,3.10533782e-36,3.03294190e-54,3.05009490e-72,7.12938307e-01,1.22003373e-16,7.67579088e-18,1.14654156e-05,6.91393902e-02,1.35923940e-66,4.27561245e-26,2.36110195e-21,5.20551051e-41,1.34147617e-56,1.53402309e-19,0.00000000e+00,2.83742440e-22,8.95707077e-07,5.69213628e-05,1.16190205e-15,5.14704939e-27,2.18492921e-42,1.10889837e-59,1.36604564e-185,2.92819681e-201,2.87455087e-14,1.00366067e-16,7.17611357e-05,1.71411363e-07,5.27977883e-06,4.30486889e-21,2.38894088e-37,8.32434599e-54,3.61974007e-231,3.55714924e-25,4.93586906e-10,2.15733376e-07,3.62053561e-04,1.33091336e-07,1.13648542e-21,7.93861285e-26,4.65218614e-40,6.83783431e-57
4.86090118e-05,1.99983798e-01,1.49963548e+04,3.38661999e-32,4.42942708e-29,4.69788780e-47,6.09391561e-63,2.53281153e-81,1.11119578e-11,9.36902138e-49,1.84446751e-68,7.64597109e-85,2.72374931e-09,4.28225417e-29,6.20468542e-37,5.90888451e-18,1.89948854e-04,2.09950577e-06,1.97321745e-18,1.28261030e-36,7.64712808e-54,8.69385619e-15,0.00000000e+00,3.56255841e-52,2.37611040e-26,2.28699678e-08,9.96323741e-12,3.14129824e-09,1.57134179e-22,3.45289005e-36,3.59562517e-54,3.85351930e-72,7.12938231e-01,1.21847840e-16,7.66508927e-18,1.14645418e-05,6.91393907e-02,1.44622984e-66,4.27015888e-26,2.43821389e-21,5.36848015e-41,1.45994351e-56,1.53198483e-19,0.00000000e+00,3.44296956e-22,9.54214470e-07,5.69095718e-05,1.23960400e-15,4.23769752e-27,2.19425547e-42,1.19648389e-59,1.87719443e-185,4.28249994e-201,3.26347466e-14,1.13722444e-16,7.17611357e-05,1.71411363e-07,5.27977883e-06,4.58393959e-21,2.70871628e-37,1.00504591e-53,4.63668350e-231,4.59639513e-25,5.60314582e-10,2.29839057e-07,3.62052208e-04,1.32781227e-07,1.20152094e-21,6.53612042e-26,4.20518481e-40,6.65817347e-57
5.17947468e-05,1.99982736e-01,1.49961159e+04,3.38179897e-32,4.80723163e-29,5.09149821e-47,6.87941898e-63,3.00157182e-81,1.25225605e-11,9.34272737e-49,1.83673920e-68,8.12439590e-85,2.90138246e-09,4.27617405e-29,8.53067224e-37,6.73490281e-18,1.89886464e-04,2.09737134e-06,2.10005754e-18,1.36382761e-36,8.66761680e-54,1.04582420e-14,0.00000000e+00,4.04367398e-52,2.53142485e-26,2.43680110e-08,1.05826274e-11,3.08556649e-09,1.63499043e-22,3.83258352e-36,4.25459924e-54,4.85855877e-72,7.12938151e-01,1.21682363e-16,7.65370471e-18,1.14636110e-05,6.91393913e-02,1.53864228e-66,4.26435663e-26,2.52010830e-21,5.54105576e-41,1.58999906e-56,1.52981636e-19,0.00000000e+00,4.17839389e-22,1.01652834e-06,5.68970096e-05,1.32238508e-15,3.44488735e-27,2.20249509e-42,1.29005274e-59,2.57962881e-185,6.26277480e-201,3.70500401e-14,1.28839256e-16,7.17611357e-05,1.71411363e-07,5.27977883e-06,4.88088708e-21,3.07102592e-37,1.21328928e-53,5.93695779e-231,5.94002559e-25,6.36054658e-10,2.44864729e-07,3.62050766e-04,1.32451610e-07,1.27751351e-21,5.31334454e-26,3.76048020e-40,6.41674614e-57
5.51892683e-05,1.99981604e-01,1.49958614e+04,3.37667051e-32,5.23245013e-29,5.53366392e-47,7.78715500e-63,3.56535183e-81,1.41058046e-11,9.31479666e-49,1.82854161e-68,8.63116102e-85,3.09055087e-09,4.26970618e-29,1.17290852e-36,7.67783720e-18,1.89820012e-04,2.09509955e-06,2.23487766e-18,1.44990093e-36,9.82200712e-54,1.25763079e-14,0.00000000e+00,4.58945939e-52,2.69680646e-26,2.59641237e-08,1.12381942e-11,3.02727547e-09,1.69826329e-22,4.24616182e-36,5.02432726e-54,6.11256068e-72,7.12938065e-01,1.21506323e-16,7.64159493e-18,1.14626193e-05,6.91393919e-02,1.63679533e-66,4.25818402e-26,2.60706367e-21,5.72372937e-41,1.73287823e-56,1.52750959e-19,0.00000000e+00,5.07171936e-22,1.08289438e-06,5.68836257e-05,1.41057633e-15,2.76268131e-27,2.20969061e-42,1.38995466e-59,3.54493560e-185,9.15812308e-201,4.20625108e-14,1.45945016e-16,7.17611357e-05,1.71411363e-07,5.27977883e-06,5.19682782e-21,3.48147152e-37,1.46447453e-53,7.59864864e-231,7.67745269e-25,7.22022709e-10,2.60870082e-07,3.62049228e-04,1.32101314e-07,1.35863029e-21,4.26114490e-26,3.32465251e-40,6.11681909e-57
5.88062599e-05,1.99980399e-01,1.49955902e+04,3.37121561e-32,5.71149330e-29,6.03078146e-47,8.83866014e-63,4.24518489e-81,1.58815781e-11,9.28513337e-49,1.81984880e-68,9.16773688e-85,3.29199841e-09,4.26282657e-29,1.61273300e-36,8.75448038e-18,1.89749235e-04,2.09268172e-06,2.37815656e-18,1.54108763e-36,1.11274777e-53,1.51177500e-14,0.00000000e+00,5.20855874e-52,2.87289994e-26,2.76647182e-08,1.19317374e-11,2.96638173e-09,1.76074707e-22,4.69521421e-36,5.92093034e-54,7.67293016e-72,7.12937973e-01,1.21319066e-16,7.62871515e-18,1.14615628e-05,6.91393926e-02,1.74102370e-66,4.25161809e-26,2.69937229e-21,5.91700824e-41,1.88995347e-56,1.52505596e-19,0.00000000e+00,6.15705396e-22,1.15357388e-06,5.68693665e-05,1.50453028e-15,2.18378596e-27,2.21589772e-42,1.49655761e-59,4.87148932e-185,1.33910348e-200,4.77528889e-14,1.65297171e-16,7.17611357e-05,1.71411363e-07,5.27977883e-06,5.53294414e-21,3.94638094e-37,1.76739806e-53,9.72105771e-231,9.92444012e-25,8.19597925e-10,2.77918637e-07,3.62047588e-04,1.31729106e-07,1.44437755e-21,3.36827926e-26,2.90396457e-40,5.76365488e-57
6.26603016e-05,1.99979114e-01,1.49953012e+04,3.36541413e-32,6.25168128e-29,6.59012044e-47,1.00595383e-62,5.06710937e-81,1.78718254e-11,9.25363678e-49,1.81063377e-68,9.73564218e-85,3.50651645e-09,4.25550986e-29,2.21757112e-36,9.98407354e-18,1.89673854e-04,2.09010868e-06,2.53039853e-18,1.63765424e-36,1.26033356e-53,1.81656759e-14,0.00000000e+00,5.91076240e-52,3.06039022e-26,2.94766253e-08,1.26651026e-11,2.90285138e-09,1.82198548e-22,5.18111071e-36,6.96223954e-54,9.60891955e-72,7.12937875e-01,1.21119899e-16,7.61501806e-18,1.14604374e-05,6.91393933e-02,1.85167866e-66,4.24463455e-26,2.79734071e-21,6.12141376e-41,2.06274926e-56,1.52244642e-19,0.00000000e+00,7.47592259e-22,1.22884468e-06,5.68541748e-05,1.60462228e-15,1.69983029e-27,2.22118310e-42,1.61024933e-59,6.69446304e-185,1.95787125e-200,5.42128103e-14,1.87185613e-16,7.17611357e-05,1.71411363e-07,5.27977883e-06,5.89048758e-21,4.47289995e-37,2.13264144e-53,1.24303610e-230,1.28308973e-24,9.30345066e-10,2.96077986e-07,3.62045840e-04,1.31333688e-07,1.53516080e-21,2.62183956e-26,2.50412566e-40,5.36443527e-57
6.67669294e-05,1.99977746e-01,1.49949933e+04,3.35924484e-32,6.86137649e-29,7.21994379e-47,1.14802569e-62,6.06342307e-81,2.01007171e-11,9.22020127e-49,1.80086840e-68,1.03364414e-84,3.73494690e-09,4.24772922e-29,3.04937064e-36,1.13886674e-17,1.89593571e-04,2.08737068e-06,2.69213437e-18,1.73987598e-36,1.42712651e-53,2.18190999e-14,0.00000000e+00,6.70715713e-52,3.26000483e-26,3.14071212e-08,1.34401756e-11,2.83666164e-09,1.88147938e-22,5.70492669e-36,8.16780943e-54,1.20036104e-71,7.12937772e-01,1.20908090e-16,7.60045365e-18,1.14592385e-05,6.91393940e-02,1.96912850e-66,4.23720773e-26,2.90128999e-21,6.33748020e-41,2.25295851e-56,1.51967141e-19,0.00000000e+00,9.07889068e-22,1.30900217e-06,5.68379900e-05,1.71125197e-15,1.30155657e-27,2.22562298e-42,1.73143870e-59,9.19962281e-185,2.86232570e-200,6.15462873e-14,2.11936589e-16,7.17611357e-05,1.71411363e-07,5.27977883e-06,6.27078240e-21,5.06909502e-37,2.57292901e-53,1.58867313e-230,1.65909897e-24,1.05603934e-09,3.15420045e-07,3.62043976e-04,1.30913695e-07,1.63113490e-21,2.00754905e-26,2.13011659e-40,4.92807499e-57
7.11426971e-05,1.99976287e-01,1.49946652e+04,3.35268526e-32,7.55013592e-29,7.92964428e-47,1.31371018e-62,7.27426325e-81,2.25948254e-11,9.18471611e-49,1.79052353e-68,1.09717414e-84,3.97818540e-09,4.23945632e-29,4.19332772e-36,1.29935370e-17,1.89508070e-04,2.08445740e-06,2.86392222e-18,1.84803638e-36,1.61556019e-53,2.61958797e-14,0.00000000e+00,7.61029551e-52,3.47251637e-26,3.34639562e-08,1.42588757e-11,2.76780247e-09,1.93868782e-22,6.26735847e-36,9.55886749e-54,1.49560939e-71,7.12937661e-01,1.20682864e-16,7.58496910e-18,1.14579613e-05,6.91393948e-02,2.09375884e-66,4.22931049e-26,3.01155607e-21,6.56575304e-41,2.46246058e-56,1.51672082e-19,0.00000000e+00,1.10275457e-21,1.39436037e-06,5.68207472e-05,1.82484482e-15,9.79308162e-28,2.22929907e-42,1.86055782e-59,1.26421762e-184,4.18417052e-200,6.98713791e-14,2.39917040e-16,7.17611357e-05,1.71411363e-07,5.27977883e-06,6.67522904e-21,5.74406848e-37,3.10355561e-53,2.02933155e-230,2.14562482e-24,1.19869461e-09,3.36021327e-07,3.62041988e-04,1.30467692e-07,1.73245576e-21,1.51051498e-26,1.78595378e-40,4.46488433e-57
7.58052437e-05,1.99974733e-01,1.49943157e+04,3.34571167e-32,8.32888601e-29,8.72989914e-47,1.50733215e-62,8.74959716e-81,2.53833044e-11,9.14706545e-49,1.77956895e-68,1.16431875e-84,4.23718474e-09,4.23066124e-29,5.76662486e-36,1.48276568e-17,1.89417015e-04,2.08135792e-06,3.04634843e-18,1.96242657e-36,1.82836354e-53,3.14361694e-14,0.00000000e+00,8.63438704e-52,3.69874511e-26,3.56553858e-08,1.51231471e-11,2.69627828e-09,1.99303007e-22,6.86862782e-36,1.11581955e-53,1.85837758e-71,7.12937543e-01,1.20443404e-16,7.56850866e-18,1.14566008e-05,6.91393956e-02,2.22597291e-66,4.22091415e-26,3.12848994e-21,6.80678701e-41,2.69334099e-56,1.51358397e-19,0.00000000e+00,1.33969152e-21,1.48525304e-06,5.68023774e-05,1.94585378e-15,7.23280988e-28,2.23229643e-42,1.99806358e-59,1.73727425e-184,6.11570890e-200,7.93220855e-14,2.71539415e-16,7.17611357e-05,1.71411363e-07,5.27977883e-06,7.10530781e-21,6.50808734e-37,3.74289812e-53,2.59074990e-230,2.77525804e-24,1.36059536e-09,3.57963221e-07,3.62039868e-04,1.29994175e-07,1.83949276e-21,1.11561702e-26,1.47458342e-40,3.98613511e-57
8.07733640e-05,1.99973077e-01,1.49939432e+04,3.33829905e-32,9.21012318e-29,9.63284535e-47,1.73404977e-62,1.05517315e-80,2.84980739e-11,9.10712818e-49,1.76797340e-68,1.23524584e-84,4.51295849e-09,4.22131240e-29,7.93046322e-36,1.69242473e-17,1.89320050e-04,2.07806065e-06,3.24002831e-18,2.08334448e-36,2.06859412e-53,3.77064718e-14,0.00000000e+00,9.79551363e-52,3.93956175e-26,3.79902032e-08,1.60349489e-11,2.62210972e-09,2.04388907e-22,7.50837655e-36,1.29899198e-53,2.30247521e-71,7.12937417e-01,1.20188846e-16,7.55101352e-18,1.14551516e-05,6.91393965e-02,2.36619183e-66,4.21198846e-26,3.25245781e-21,7.06114365e-41,2.94791290e-56,1.51024960e-19,0.00000000e+00,1.62784169e-21,1.58203484e-06,5.67828073e-05,2.07476104e-15,5.23724107e-28,2.23470175e-42,2.14443924e-59,2.38730534e-184,8.93778994e-200,9.00504968e-14,3.07267001e-16,7.17611357e-05,1.71411363e-07,5.27977883e-06,7.56258255e-21,7.37272731e-37,4.51302656e-53,3.30550273e-230,3.59023484e-24,1.54433287e-09,3.81332298e-07,3.62037607e-04,1.29491565e-07,1.95242550e-21,8.07816600e-27,1.19783410e-40,3.50356335e-57
8.60670847e-05,1.99971313e-01,1.49935464e+04,3.33042098e-32,1.02081438e-28,1.06522776e-46,2.00001883e-62,1.27584791e-80,3.19740038e-11,9.06477791e-49,1.75570467e-68,1.31012595e-84,4.80658489e-09,4.21137649e-29,1.09065631e-35,1.93213998e-17,1.89216793e-04,2.07455336e-06,3.44560687e-18,2.21109380e-36,2.33967451e-53,4.52043829e-14,0.00000000e+00,1.11118724e-51,4.19589025e-26,4.04777739e-08,1.69962427e-11,2.54533553e-09,2.09061611e-22,8.18555448e-36,1.50791764e-53,2.84401677e-71,7.12937284e-01,1.19918281e-16,7.53242168e-18,1.14536079e-05,6.91393975e-02,2.51485465e-66,4.20250147e-26,3.38384122e-21,7.32938843e-41,3.22874051e-56,1.50670582e-19,0.00000000e+00,1.97834615e-21,1.68508263e-06,5.67619587e-05,2.21207986e-15,3.71349421e-28,2.23659969e-42,2.30019639e-59,3.28048278e-184,1.30603049e-199,1.02229232e-13,3.47619807e-16,7.17611358e-05,1.71411363e-07,5.27977883e-06,8.04870439e-21,8.35103346e-37,5.44043348e-53,4.21477076e-230,4.64530125e-24,1.75284631e-09,4.06220631e-07,3.62035196e-04,1.28958207e-07,2.07148388e-21,5.72788734e-27,9.56361881e-41,3.02876327e-57
9.17077451e-05,1.99969433e-01,1.49931235e+04,3.32204967e-32,1.13393078e-28,1.18038720e-46,2.31258945e-62,1.54671536e-80,3.58490982e-11,9.01988290e-49,1.74272965e-68,1.38913162e-84,5.11921094e-09,4.20081843e-29,1.49999107e-35,2.20627942e-17,1.89106843e-04,2.07082308e-06,3.66375935e-18,2.34598279e-36,2.64543217e-53,5.41641420e-14,0.00000000e+00,1.26040489e-51,4.46871082e-26,4.31280733e-08,1.80089788e-11,2.46601443e-09,2.13253718e-22,8.89829950e-36,1.74516452e-53,3.50163838e-71,7.12937141e-01,1.19630747e-16,7.51266784e-18,1.14519636e-05,6.91393985e-02,2.67241843e-66,4.19241954e-26,3.52303697e-21,7.61208738e-41,3.53866440e-56,1.50294012e-19,0.00000000e+00,2.40478475e-21,1.79479672e-06,5.67397483e-05,2.35835655e-15,2.57473159e-28,2.23807142e-42,2.46587650e-59,4.50770136e-184,1.90815108e-199,1.16054205e-13,3.93181059e-16,7.17611358e-05,1.71411363e-07,5.27977883e-06,8.56541544e-21,9.45769954e-37,6.55690382e-53,5.37055093e-230,6.01143188e-24,1.98946916e-09,4.32726126e-07,3.62032625e-04,1.28392375e-07,2.19695711e-21,3.97140344e-27,7.49718886e-41,2.57262581e-57
9.77180827e-05,1.99967430e-01,1.49926729e+04,3.31315581e-32,1.26223407e-28,1.31054381e-46,2.68054152e-62,1.87996137e-80,4.01646751e-11,8.97230615e-49,1.72901438e-68,1.47243645e-84,5.45205683e-09,4.18960125e-29,2.06299876e-35,2.51985207e-17,1.88989769e-04,2.06685612e-06,3.89519171e-18,2.48832274e-36,2.99014276e-53,6.48631071e-14,0.00000000e+00,1.42953256e-51,4.75906302e-26,4.59517254e-08,1.90750795e-11,2.38422695e-09,2.16896104e-22,9.64381590e-36,2.01329108e-53,4.29667773e-71,7.12936990e-01,1.19325234e-16,7.49168326e-18,1.14502122e-05,6.91393995e-02,2.83935803e-66,4.18170719e-26,3.67045700e-21,7.90980307e-41,3.88082896e-56,1.49893931e-19,0.00000000e+00,2.92371278e-21,1.91160227e-06,5.67160875e-05,2.51417254e-15,1.74283931e-28,2.23919205e-42,2.64205268e-59,6.19379237e-184,2.78742031e-199,1.31747763e-13,4.44604336e-16,7.17611358e-05,1.71411363e-07,5.27977883e-06,9.11455263e-21,1.07092675e-36,7.90055133e-53,6.83841503e-230,7.78065686e-24,2.25798187e-09,4.60952887e-07,3.62029883e-04,1.27792261e-07,2.32906849e-21,2.68823719e-27,5.76438036e-41,2.14474993e-57
1.04122326e-04,1.99965296e-01,1.49921929e+04,3.30370859e-32,1.40786798e-28,1.45772026e-46,3.11436639e-62,2.29086304e-80,4.49655397e-11,8.92190538e-49,1.71452417e-68,1.56021412e-84,5.80642060e-09,4.17768608e-29,2.83737258e-35,2.87860197e-17,1.88865115e-04,2.06263800e-06,4.14064097e-18,2.63842618e-36,3.37857728e-53,7.76292970e-14,0.00000000e+00,1.62120274e-51,5.06804904e-26,4.89600451e-08,2.01964201e-11,2.30007725e-09,2.19918906e-22,1.04182530e-35,2.31476353e-53,5.25328971e-71,7.12936828e-01,1.19000677e-16,7.46939568e-18,1.14483467e-05,6.91394006e-02,3.01616589e-66,4.17032710e-26,3.82652815e-21,8.22309002e-41,4.25871185e-56,1.49468952e-19,0.00000000e+00,3.55531583e-21,2.03595074e-06,5.66908821e-05,2.68014664e-15,1.15005849e-28,2.24002880e-42,2.82933129e-59,8.51016843e-184,4.07113311e-199,1.49562249e-13,5.02621400e-16,7.17611358e-05,1.71411363e-07,5.27977883e-06,9.69805138e-21,1.21243494e-36,9.51705193e-53,8.70094302e-230,1.00723288e-23,2.56267149e-09,4.91011582e-07,3.62026959e-04,1.27155983e-07,2.46804227e-21,1.77388076e-27,4.34183635e-41,1.75294218e-57
1.10946289e-04,1.99963021e-01,1.49916813e+04,3.29367560e-32,1.57328695e-28,1.62421278e-46,3.62660357e-62,2.79859244e-80,5.03001479e-11,8.86853316e-49,1.69922371e-68,1.65263718e-84,6.18368312e-09,4.16503205e-29,3.90245629e-35,3.28911589e-17,1.88732399e-04,2.05815343e-06,4.40087525e-18,2.79660484e-36,3.81605300e-53,9.28501591e-14,0.00000000e+00,1.83839116e-51,5.39683704e-26,5.21650824e-08,2.13748065e-11,2.21369489e-09,2.22252710e-22,1.12165897e-35,2.65185182e-53,6.39846458e-71,7.12936656e-01,1.18655956e-16,7.44572916e-18,1.14463597e-05,6.91394018e-02,3.20335152e-66,4.15824002e-26,3.99169167e-21,8.55248937e-41,4.67615558e-56,1.49017617e-19,0.00000000e+00,4.32420901e-21,2.16832140e-06,5.66640316e-05,2.85693732e-15,7.39588103e-29,2.24064008e-42,3.02835332e-59,1.16921671e-183,5.94489715e-199,1.69784035e-13,5.68050768e-16,7.17611358e-05,1.71411363e-07,5.27977883e-06,1.03179493e-20,1.37238740e-36,1.14611101e-52,1.10619876e-229,1.30412603e-23,2.90839913e-09,5.23019847e-07,3.62023840e-04,1.26481581e-07,2.61412291e-21,1.14072609e-27,3.19965978e-41,1.40282643e-57
1.18217482e-04,1.99960598e-01,1.49911363e+04,3.28302283e-32,1.76130149e-28,1.81262682e-46,4.23224286e-62,3.42723137e-80,5.62207555e-11,8.81203706e-49,1.68307724e-68,1.74987571e-84,6.58531342e-09,4.15159621e-29,5.36736033e-35,3.75894634e-17,1.88591105e-04,2.05338628e-06,4.67669375e-18,2.96316710e-36,4.30848829e-53,1.10982741e-13,0.00000000e+00,2.08446048e-51,5.74666464e-26,5.55796701e-08,2.26119506e-11,2.12523633e-09,2.23829921e-22,1.20325301e-35,3.02650384e-53,7.76190299e-71,7.12936473e-01,1.18289895e-16,7.42060401e-18,1.14442434e-05,6.91394030e-02,3.40144087e-66,4.14540468e-26,4.16640265e-21,8.89852274e-41,5.13740116e-56,1.48538392e-19,0.00000000e+00,5.26041226e-21,2.30922292e-06,5.66354292e-05,3.04524523e-15,4.63507590e-29,2.24107685e-42,3.23979525e-59,1.60628289e-183,8.67922042e-199,1.92738106e-13,6.41807052e-16,7.17611358e-05,1.71411363e-07,5.27977883e-06,1.09763898e-20,1.55313594e-36,1.37981999e-52,1.40519577e-229,1.68882910e-23,3.30067640e-09,5.57102702e-07,3.62020514e-04,1.25767017e-07,2.76753635e-21,7.14861340e-28,2.30402467e-41,1.09776421e-57
1.25965213e-04,1.99958016e-01,1.49905556e+04,3.27171459e-32,1.97512993e-28,2.02591695e-46,4.94920407e-62,4.20705165e-80,6.27835509e-11,8.75225989e-49,1.66604866e-68,1.85209573e-84,7.01287434e-09,4.13733356e-29,7.38211352e-35,4.29675220e-17,1.88440688e-04,2.04831952e-06,4.96892637e-18,3.13841524e-36,4.86246133e-53,1.32565464e-13,0.00000000e+00,2.36320947e-51,6.11884253e-26,5.92174739e-08,2.39094416e-11,2.03488637e-09,2.24586339e-22,1.28584189e-35,3.44019544e-53,9.37570566e-71,7.12936278e-01,1.17901259e-16,7.39393671e-18,1.14419895e-05,6.91394044e-02,3.61097540e-66,4.13177780e-26,4.35112915e-21,9.26168527e-41,5.64712377e-56,1.48029673e-19,0.00000000e+00,6.40054020e-21,2.45919499e-06,5.66049613e-05,3.24581584e-15,2.82267098e-29,2.24138279e-42,3.46437010e-59,2.20654815e-183,1.26681838e-198,2.18793254e-13,7.24911117e-16,7.17611358e-05,1.71411363e-07,5.27977883e-06,1.16756253e-20,1.75732159e-36,1.66066296e-52,1.78343502e-229,2.18740103e-23,3.74575188e-09,5.93392988e-07,3.62016967e-04,1.25010178e-07,2.92847069e-21,4.35284635e-28,1.61920793e-41,8.38889655e-58
1.34220715e-04,1.99955265e-01,1.49899368e+04,3.25971349e-32,2.21845752e-28,2.26743130e-46,5.79890894e-62,5.17613019e-80,7.00487672e-11,8.68903995e-49,1.64810180e-68,1.95945748e-84,7.46802857e-09,4.12219689e-29,1.01529813e-34,4.91245917e-17,1.88280568e-04,2.04293522e-06,5.27843302e-18,3.32264206e-36,5.48527275e-53,1.58231719e-13,0.00000000e+00,2.67892804e-51,6.51475823e-26,6.30930461e-08,2.52687135e-11,1.94285917e-09,2.24462884e-22,1.36851875e-35,3.89375602e-53,1.12738242e-70,7.12936071e-01,1.17488751e-16,7.36563976e-18,1.14395890e-05,6.91394058e-02,3.83251091e-66,4.11731396e-26,4.54635121e-21,9.64243776e-41,6.21047025e-56,1.47489774e-19,0.00000000e+00,7.78925365e-21,2.61881013e-06,5.65725067e-05,3.45944220e-15,1.66004966e-29,2.24159274e-42,3.70282885e-59,3.03083696e-183,1.84856591e-198,2.48367966e-13,8.18501077e-16,7.17611359e-05,1.71411363e-07,5.27977883e-06,1.24180208e-20,1.98790791e-36,1.99799869e-52,2.26138064e-229,2.83365768e-23,4.25070897e-09,6.32031835e-07,3.62013183e-04,1.24208879e-07,3.09710888e-21,2.55936111e-28,1.10912471e-41,6.25182548e-58
1.43017266e-04,1.99952333e-01,1.49892775e+04,3.24698037e-32,2.49550397e-28,2.54096088e-46,6.80696166e-62,6.38238481e-80,7.80807698e-11,8.62221144e-49,1.62920058e-68,2.07211343e-84,7.95254507e-09,4.10613681e-29,1.39635019e-34,5.61744290e-17,1.88110130e-04,2.03721448e-06,5.60610264e-18,3.51612723e-36,6.18501181e-53,1.88725532e-13,0.00000000e+00,3.03645899e-51,6.93587987e-26,6.72218821e-08,2.66910090e-11,1.84939902e-09,2.23407475e-22,1.45023381e-35,4.38717264e-53,1.34912091e-70,7.12935850e-01,1.17051018e-16,7.33562169e-18,1.14370326e-05,6.91394072e-02,4.06661608e-66,4.10196561e-26,4.75255941e-21,1.00411977e-40,6.83309823e-56,1.46916934e-19,0.00000000e+00,9.48102975e-21,2.78867541e-06,5.65379367e-05,3.68696792e-15,9.41412626e-30,2.24173271e-42,3.95596134e-59,4.16257586e-183,2.69669463e-198,2.81937110e-13,9.23844141e-16,7.17611359e-05,1.71411363e-07,5.27977883e-06,1.32060564e-20,2.24821780e-36,2.40300295e-52,2.86460171e-229,3.67148606e-23,4.82357665e-09,6.73169144e-07,3.62009148e-04,1.23360861e-07,3.27362609e-21,1.45072084e-28,7.39210798e-42,4.53693014e-58
1.52390324e-04,1.99949210e-01,1.49885751e+04,3.23347433e-32,2.81110043e-28,2.85079432e-46,8.00395770e-62,7.88613890e-80,8.69481172e-11,8.55160489e-49,1.60930933e-68,2.19020611e-84,8.46830589e-09,4.08910170e-29,1.92033637e-34,6.42473754e-17,1.87928721e-04,2.03113743e-06,5.95285177e-18,3.71913291e-36,6.97062600e-53,2.24919585e-13,0.00000000e+00,3.44126720e-51,7.38376014e-26,7.16204812e-08,2.81773390e-11,1.75478055e-09,2.21377017e-22,1.52979766e-35,4.91937778e-53,1.60625884e-70,7.12935615e-01,1.16586638e-16,7.30378696e-18,1.14343101e-05,6.91394088e-02,4.31387068e-66,4.08568302e-26,4.97025330e-21,1.04583292e-40,7.52121661e-56,1.46309308e-19,0.00000000e+00,1.15423200e-20,2.96943439e-06,5.65011144e-05,3.92929027e-15,5.19987405e-30,2.24182249e-42,4.22459657e-59,5.71615418e-183,3.93272211e-198,3.20039503e-13,1.04234934e-15,7.17611359e-05,1.71411363e-07,5.27977883e-06,1.40423304e-20,2.54197390e-36,2.88900986e-52,3.62498681e-229,4.75784947e-23,5.47345462e-09,7.16964102e-07,3.62004844e-04,1.22463800e-07,3.45815071e-21,8.00536414e-29,4.78522540e-42,3.20039823e-58
1.62377674e-04,1.99945881e-01,1.49878266e+04,3.21915267e-32,3.17077715e-28,3.20177818e-46,9.42644347e-62,9.76334904e-80,9.67235920e-11,8.47704776e-49,1.58839306e-68,2.31386563e-84,9.01731346e-09,4.07103766e-29,2.64080318e-34,7.34927332e-17,1.87735649e-04,2.02468315e-06,6.31962265e-18,3.93189901e-36,7.85199344e-53,2.67835884e-13,0.00000000e+00,3.89951689e-51,7.86004032e-26,7.63064105e-08,2.97284378e-11,1.65930857e-09,2.18339451e-22,1.60589033e-35,5.48802828e-53,1.90208253e-70,7.12935365e-01,1.16094131e-16,7.27003595e-18,1.14314110e-05,6.91394105e-02,4.57486333e-66,4.06841421e-26,5.19993935e-21,1.08941321e-40,8.28162693e-56,1.45664976e-19,0.00000000e+00,1.40541800e-20,3.16176905e-06,5.64618940e-05,4.18736348e-15,2.80312070e-30,2.24187815e-42,4.50960281e-59,7.84835749e-183,5.73331993e-198,3.63286502e-13,1.17558108e-15,7.17611359e-05,1.71411363e-07,5.27977883e-06,1.49295611e-20,2.87334291e-36,3.47191403e-52,4.58222834e-229,6.16668987e-23,6.21065500e-09,7.63585717e-07,3.62000253e-04,1.21515310e-07,3.65078009e-21,4.30708988e-29,3.00527577e-42,2.19058547e-58
1.73019574e-04,1.99942335e-01,1.49870291e+04,3.20397089e-32,3.58086340e-28,3.59938332e-46,1.11180528e-61,1.21096627e-79,1.07484201e-10,8.39836511e-49,1.56641782e-68,2.44320700e-84,9.60169833e-09,4.05188856e-29,3.63130982e-34,8.40814666e-17,1.87530180e-04,2.01782970e-06,6.70738082e-18,4.15463770e-36,8.83999763e-53,3.18669416e-13,0.00000000e+00,4.41815811e-51,8.36645428e-26,8.12983732e-08,3.13447128e-11,1.56331709e-09,2.14275780e-22,1.67707757e-35,6.08928300e-53,2.23948132e-70,7.12935098e-01,1.15571951e-16,7.23426496e-18,1.14283238e-05,6.91394122e-02,4.85018897e-66,4.05010500e-26,5.44212852e-21,1.13488293e-40,9.12176506e-56,1.44981931e-19,0.00000000e+00,1.71154739e-20,3.36640179e-06,5.64201205e-05,4.46220224e-15,1.43455006e-30,2.24191152e-42,4.81188831e-59,1.07739906e-182,8.35518279e-198,4.12371744e-13,1.32527355e-15,7.17611359e-05,1.71411363e-07,5.27977883e-06,1.58705887e-20,3.24698409e-36,4.17064377e-52,5.78563128e-229,7.99399463e-23,7.04686233e-09,8.13213382e-07,3.61995357e-04,1.20512949e-07,3.85158410e-21,2.19481147e-29,1.82858870e-42,1.45264079e-58
1.84358922e-04,1.99938556e-01,1.49861795e+04,3.18788271e-32,4.04860108e-28,4.04977743e-46,1.31308504e-61,1.50455131e-79,1.19311143e-10,8.31538037e-49,1.54335106e-68,2.57832726e-84,1.02237273e-08,4.03159595e-29,4.99287863e-34,9.62092719e-17,1.87311536e-04,2.01055403e-06,7.11711205e-18,4.38752733e-36,9.94660338e-53,3.78815172e-13,0.00000000e+00,5.00502314e-51,8.90483267e-26,8.66162813e-08,3.30261909e-11,1.46716782e-09,2.09181995e-22,1.74183531e-35,6.71759215e-53,2.62068857e-70,7.12934815e-01,1.15018488e-16,7.19636620e-18,1.14250364e-05,6.91394141e-02,5.14044574e-66,4.03069894e-26,5.69733341e-21,1.18225528e-40,1.00497425e-55,1.44258088e-19,0.00000000e+00,2.08467752e-20,3.58409757e-06,5.63756291e-05,4.75488536e-15,6.89787415e-31,2.24193008e-42,5.13240158e-59,1.47872085e-182,1.21710205e-197,4.68082174e-13,1.49334584e-15,7.17611359e-05,1.71411363e-07,5.27977883e-06,1.68683764e-20,3.66810203e-36,5.00771649e-52,7.29630979e-229,1.03643739e-22,7.99531454e-09,8.66037457e-07,3.61990135e-04,1.19454227e-07,4.06057554e-21,1.04475924e-29,1.07481025e-42,9.31657119e-59
1.96441428e-04,1.99934530e-01,1.49852741e+04,3.17084005e-32,4.58227376e-28,4.55990418e-46,1.55269155e-61,1.87225065e-79,1.32289754e-10,8.22791633e-49,1.51916207e-68,2.71930223e-84,1.08858124e-08,4.01009916e-29,6.86420293e-34,1.10100063e-16,1.87078892e-04,2.00283199e-06,7.54981867e-18,4.63070572e-36,1.11849331e-52,4.49898937e-13,0.00000000e+00,5.66893405e-51,9.47710698e-26,9.22813317e-08,3.47724579e-11,1.37124778e-09,2.03070808e-22,1.79858259e-35,7.36551911e-53,3.04697450e-70,7.12934513e-01,1.14432067e-16,7.15622791e-18,1.14215362e-05,6.91394160e-02,5.44623148e-66,4.01013737e-26,5.96606489e-21,1.23153293e-40,1.10743866e-55,1.43491282e-19,0.00000000e+00,2.53951155e-20,3.81566604e-06,5.63282446e-05,5.06655969e-15,3.34831802e-31,2.24193878e-42,5.47213115e-59,2.02906177e-182,1.77215756e-197,5.31310562e-13,1.68191778e-15,7.17611360e-05,1.71411363e-07,5.27977883e-06,1.79260108e-20,4.14250412e-36,6.00988932e-52,9.18984449e-229,1.34395980e-22,9.07100731e-09,9.22259892e-07,3.61984566e-04,1.18336616e-07,4.27771666e-21,4.95988456e-30,6.08431821e-43,5.76467218e-59
2.09315797e-04,1.99930240e-01,1.49843095e+04,3.15279310e-32,5.19135337e-28,5.13756885e-46,1.83802054e-61,2.33314174e-79,1.46509413e-10,8.13579622e-49,1.49382246e-68,2.86618316e-84,1.15905196e-08,3.98733531e-29,9.43562256e-34,1.26009922e-16,1.86831374e-04,1.99463832e-06,8.00651501e-18,4.88426265e-36,1.25693416e-52,5.33812308e-13,0.00000000e+00,6.41982229e-51,1.00853137e-25,9.83160889e-08,3.65825948e-11,1.27596609e-09,1.95973075e-22,1.84572372e-35,8.02361274e-53,3.51829613e-70,7.12934192e-01,1.13810953e-16,7.11373439e-18,1.14178094e-05,6.91394181e-02,5.76813956e-66,3.98835939e-26,6.24882811e-21,1.28270630e-40,1.22052780e-55,1.42679266e-19,0.00000000e+00,3.09397606e-20,4.06196373e-06,5.62777805e-05,5.39844416e-15,1.72648823e-31,2.24194140e-42,5.83210507e-59,2.78349356e-182,2.57907329e-197,6.03069678e-13,1.89332625e-15,7.17611360e-05,1.71411363e-07,5.27977883e-06,1.90467013e-20,4.67666259e-36,7.20891953e-52,1.15594858e-228,1.74296764e-22,1.02909249e-08,9.82094861e-07,3.61978626e-04,1.17157559e-07,4.50291062e-21,2.44540448e-30,3.32545239e-43,3.43350128e-59
2.23033925e-04,1.99925669e-01,1.49832818e+04,3.13369034e-32,5.88666657e-28,5.79153072e-46,2.17787410e-61,2.91121768e-79,1.62063443e-10,8.03884498e-49,1.46730668e-68,3.01899305e-84,1.23405791e-08,3.96323937e-29,1.29682470e-33,1.44231582e-16,1.86568058e-04,1.98594659e-06,8.48822209e-18,5.14823163e-36,1.41154880e-52,6.32752457e-13,0.00000000e+00,7.26886178e-51,1.07315983e-25,1.04744570e-07,3.84551079e-11,1.18174987e-09,1.87938872e-22,1.88169817e-35,8.68035947e-53,4.03292026e-70,7.12933850e-01,1.13153348e-16,7.06876618e-18,1.14138416e-05,6.91394202e-02,6.10675423e-66,3.96530199e-26,6.54611794e-21,1.33575181e-40,1.34527845e-55,1.41819721e-19,0.00000000e+00,3.76992322e-20,4.32389635e-06,5.62240389e-05,5.75183417e-15,7.93348510e-32,2.24194058e-42,6.21339039e-59,3.81729947e-182,3.75137804e-197,6.84508355e-13,2.13014194e-15,7.17611360e-05,1.71411363e-07,5.27977883e-06,2.02337790e-20,5.27778153e-36,8.64245094e-52,1.45199973e-228,2.26072313e-22,1.16743010e-08,1.04576943e-06,3.61972292e-04,1.15914487e-07,4.73598830e-21,9.92673778e-31,1.75433764e-43,1.96675773e-59
2.37651111e-04,1.99920799e-01,1.49821868e+04,3.11347864e-32,6.68058342e-28,6.53160197e-46,2.58271625e-61,3.63663245e-79,1.79048983e-10,7.93689065e-49,1.43959259e-68,3.17772281e-84,1.31388955e-08,3.93774425e-29,1.78200972e-33,1.65099498e-16,1.86287965e-04,1.97672921e-06,8.99596123e-18,5.42258097e-36,1.58404022e-52,7.49267171e-13,0.00000000e+00,8.22861645e-51,1.14182193e-25,1.11592340e-07,4.03878547e-11,1.08903917e-09,1.79037982e-22,1.90503951e-35,9.32222998e-53,4.58703632e-70,7.12933487e-01,1.12457394e-16,7.02120027e-18,1.14096175e-05,6.91394225e-02,6.46264521e-66,3.94090005e-26,6.85841370e-21,1.39062989e-40,1.48280900e-55,1.40910249e-19,0.00000000e+00,4.59398393e-20,4.60242112e-06,5.61668092e-05,6.12810610e-15,3.83740119e-32,2.24193749e-42,6.61709243e-59,5.23331784e-182,5.45333201e-197,7.76929697e-13,2.39518606e-15,7.17611360e-05,1.71411363e-07,5.27977883e-06,2.14906939e-20,5.95386862e-36,1.03550444e-51,1.82122512e-228,2.93261393e-22,1.32429124e-08,1.11352426e-06,3.61965537e-04,1.14604831e-07,4.97670301e-21,3.46968732e-31,8.80403232e-44,1.08059241e-59
2.53226278e-04,1.99915609e-01,1.49810200e+04,3.09210333e-32,7.58723115e-28,7.36875269e-46,3.06497100e-61,4.54724967e-79,1.97566878e-10,7.82976605e-49,1.41066204e-68,3.34232727e-84,1.39885583e-08,3.91078092e-29,2.44818113e-33,1.88995580e-16,1.85990059e-04,1.96695743e-06,9.53074666e-18,5.70720403e-36,1.77625433e-52,8.86305778e-13,0.00000000e+00,9.31320369e-51,1.21475520e-25,1.18886602e-07,4.23779658e-11,9.98281039e-10,1.69359721e-22,1.91444123e-35,9.93385052e-53,5.17438613e-70,7.12933100e-01,1.11721178e-16,6.97091030e-18,1.14051206e-05,6.91394249e-02,6.83636177e-66,3.91508646e-26,7.18617302e-21,1.44728297e-40,1.63432152e-55,1.39948386e-19,0.00000000e+00,5.59860369e-20,4.89854906e-06,5.61058677e-05,6.52872208e-15,2.98308112e-32,2.24193288e-42,7.04435319e-59,7.17191545e-182,7.92234250e-197,8.81811698e-13,2.69154707e-15,7.17611360e-05,1.71411363e-07,5.27977883e-06,2.28210111e-20,6.71381180e-36,1.23993720e-51,2.28086967e-228,3.80457003e-22,1.50214114e-08,1.18561430e-06,3.61958333e-04,1.13226041e-07,5.22471920e-21,2.00531038e-31,4.21550217e-44,5.66811100e-60
2.69822209e-04,1.99910079e-01,1.49797770e+04,3.06950832e-32,8.62273627e-28,8.31522185e-46,3.63936832e-61,5.69056389e-79,2.17721560e-10,7.71731062e-49,1.38050159e-68,3.51272101e-84,1.48928540e-08,3.88227856e-29,3.36253712e-33,2.16355685e-16,1.85673244e-04,1.95660133e-06,1.00935769e-17,6.00190870e-36,1.99018469e-52,1.04727671e-12,0.00000000e+00,1.05384751e-50,1.29220923e-25,1.26656311e-07,4.44217621e-11,9.09922697e-10,1.59012121e-22,1.90882517e-35,1.04983283e-52,5.78595432e-70,7.12932689e-01,1.10942731e-16,6.91776692e-18,1.14003338e-05,6.91394275e-02,7.22842589e-66,3.88779226e-26,7.52982500e-21,1.50563320e-40,1.80110299e-55,1.38931602e-19,0.00000000e+00,6.82329933e-20,5.21334741e-06,5.60409770e-05,6.95523505e-15,2.16848066e-32,2.24192740e-42,7.49634958e-59,9.82451594e-182,1.15011298e-196,1.00083060e-12,3.02259663e-15,7.17611360e-05,1.71411363e-07,5.27977883e-06,2.42284056e-20,7.56746048e-36,1.48375974e-51,2.85198323e-228,4.93619617e-22,1.70376998e-08,1.26230957e-06,3.61950652e-04,1.11775606e-07,5.47960233e-21,5.93881608e-32,1.97353531e-44,2.83938987e-60
2.87505804e-04,1.99904188e-01,1.49784526e+04,3.04563628e-32,9.80549863e-28,9.38463312e-46,4.32334456e-61,7.12607712e-79,2.39620976e-10,7.59937237e-49,1.34910320e-68,3.68877410e-84,1.58552777e-08,3.85216476e-29,4.61705222e-33,2.47676938e-16,1.85336364e-04,1.94562984e-06,1.06854248e-17,6.30640626e-36,2.22797571e-52,1.23611244e-12,0.00000000e+00,1.19222158e-50,1.37444597e-25,1.34932275e-07,4.65146703e-11,8.24403889e-10,1.48120295e-22,1.88741118e-35,1.09977384e-52,6.40976210e-70,7.12932251e-01,1.10120039e-16,6.86163817e-18,1.13952386e-05,6.91394302e-02,7.63932487e-66,3.85894683e-26,7.88976228e-21,1.56558015e-40,1.98452521e-55,1.37857310e-19,0.00000000e+00,8.31618267e-20,5.54794199e-06,5.59718846e-05,7.40929402e-15,1.82836256e-32,2.24192125e-42,7.97429119e-59,1.34519206e-181,1.66838104e-196,1.13588736e-12,3.39200467e-15,7.17611360e-05,1.71411363e-07,5.27977883e-06,2.57166551e-20,8.52571112e-36,1.77429639e-51,3.56018312e-228,6.40482971e-22,1.93233507e-08,1.34389588e-06,3.61942461e-04,1.10251080e-07,5.74080885e-21,0.00000000e+00,8.71797933e-45,1.36403480e-60
3.06348345e-04,1.99897910e-01,1.49770415e+04,3.02042879e-32,1.11565016e-27,1.05921148e-45,5.13750351e-61,8.92822905e-79,2.63376542e-10,7.47581023e-49,1.31646493e-68,3.87030794e-84,1.68795458e-08,3.82036572e-29,6.33752122e-33,2.83526014e-16,1.84978195e-04,1.93401075e-06,1.13072262e-17,6.62029942e-36,2.49192395e-52,1.45734265e-12,0.00000000e+00,1.34843638e-50,1.46174006e-25,1.43747271e-07,4.86511360e-11,7.42148609e-10,1.36824002e-22,1.84978307e-35,1.14137797e-52,7.03081983e-70,7.12931786e-01,1.09251045e-16,6.80238991e-18,1.13898155e-05,6.91394330e-02,8.06950298e-66,3.82847802e-26,8.26633229e-21,1.62699835e-40,2.18604331e-55,1.36722875e-19,0.00000000e+00,1.01358063e-19,5.90351960e-06,5.58983227e-05,7.89264964e-15,2.14815189e-32,2.24191451e-42,8.47941727e-59,1.84090807e-181,2.41817857e-196,1.28913760e-12,3.80375275e-15,7.17611361e-05,1.71411363e-07,5.27977883e-06,2.72896313e-20,9.60059666e-36,2.12016167e-51,4.43654731e-228,8.31079501e-22,2.19140835e-08,1.43067568e-06,3.61933728e-04,1.08650101e-07,6.00767478e-21,1.24816009e-32,3.49232159e-45,6.16269112e-61
3.26425788e-04,1.99891221e-01,1.49755380e+04,2.99382658e-32,1.26996625e-27,1.19544224e-45,6.10614508e-61,1.11899977e-78,2.89103180e-10,7.34649650e-49,1.28259178e-68,4.05709102e-84,1.79696091e-08,3.78680658e-29,8.69585679e-33,3.24548468e-16,1.84597448e-04,1.92171076e-06,1.19598669e-17,6.94306987e-36,2.78447696e-52,1.71617669e-12,0.00000000e+00,1.52472507e-50,1.55437907e-25,1.53136176e-07,5.08245359e-11,6.63556405e-10,1.25274294e-22,1.79594782e-35,1.17285950e-52,7.63128211e-70,7.12931291e-01,1.08333655e-16,6.73988645e-18,1.13840440e-05,6.91394360e-02,8.51935253e-66,3.79631247e-26,8.65982722e-21,1.68973482e-40,2.40719231e-55,1.35525620e-19,0.00000000e+00,1.23533982e-19,6.28133032e-06,5.58200071e-05,8.40715996e-15,2.12078181e-32,2.24190729e-42,9.01299311e-59,2.51785269e-181,3.50177542e-196,1.46302550e-12,4.26214516e-15,7.17611361e-05,1.71411363e-07,5.27977883e-06,2.89512888e-20,1.08053790e-35,2.53146830e-51,5.51865500e-228,1.07842032e-21,2.48502997e-08,1.52296879e-06,3.61924418e-04,1.06970431e-07,6.27940525e-21,0.00000000e+00,1.47675936e-45,2.62883357e-61
3.47819065e-04,1.99884094e-01,1.49739362e+04,2.96576977e-32,1.44622300e-27,1.34900616e-45,7.25786802e-61,1.40273065e-78,3.16919429e-10,7.21131956e-49,1.24749647e-68,4.24883495e-84,1.91296669e-08,3.75141167e-29,1.19267906e-32,3.71479276e-16,1.84192762e-04,1.90869551e-06,1.26441683e-17,7.27406538e-36,3.10822916e-52,2.01859639e-12,0.00000000e+00,1.72358655e-50,1.65266371e-25,1.63136088e-07,5.30270925e-11,5.88993428e-10,1.13629558e-22,1.72637944e-35,1.19257334e-52,8.19087111e-70,7.12930765e-01,1.07365749e-16,6.67399115e-18,1.13779019e-05,6.91394391e-02,8.98920393e-66,3.76237586e-26,9.07047304e-21,1.75360644e-40,2.64958163e-55,1.34262843e-19,0.00000000e+00,1.50555640e-19,6.68268983e-06,5.57366361e-05,8.95479653e-15,2.20042998e-32,2.24189958e-42,9.57630573e-59,3.44154046e-181,5.06595247e-196,1.66032226e-12,4.77181694e-15,7.17611361e-05,1.71411363e-07,5.27977883e-06,3.07056517e-20,1.21546438e-35,3.02006369e-51,6.85179048e-228,1.39937478e-21,2.81776843e-08,1.62111330e-06,3.61914492e-04,1.05209976e-07,6.55506343e-21,0.00000000e+00,5.28726243e-46,1.09197538e-61
3.70614414e-04,1.99876500e-01,1.49722297e+04,2.93619822e-32,1.64752321e-27,1.52194108e-45,8.62625326e-61,1.75843954e-78,3.46947658e-10,7.07018677e-49,1.21120022e-68,4.44519075e-84,2.03641810e-08,3.71410499e-29,1.63505206e-32,4.25154721e-16,1.83762700e-04,1.89492964e-06,1.33608705e-17,7.61248647e-36,3.46591405e-52,2.37146067e-12,0.00000000e+00,1.94781417e-50,1.75690797e-25,1.73786467e-07,5.52497910e-11,5.18783567e-10,1.02050926e-22,1.64204424e-35,1.19912026e-52,8.68759751e-70,7.12930206e-01,1.06345190e-16,6.60456721e-18,1.13713661e-05,6.91394424e-02,9.47931518e-66,3.72659330e-26,9.49841721e-21,1.81839747e-40,2.91488684e-55,1.32931825e-19,0.00000000e+00,1.83475530e-19,7.10898163e-06,5.56478898e-05,9.53765072e-15,2.40371895e-32,2.24189135e-42,1.01706586e-58,4.70080091e-181,7.32100235e-196,1.88416946e-12,5.33773785e-15,7.17611361e-05,1.71411363e-07,5.27977883e-06,3.25567975e-20,1.36643959e-35,3.59979734e-51,8.49032685e-228,1.81580738e-21,3.19478834e-08,1.72546636e-06,3.61903912e-04,1.03366835e-07,6.83356020e-21,0.00000000e+00,1.72478377e-46,4.02682042e-62
3.94903723e-04,1.99868409e-01,1.49704114e+04,2.90505183e-32,1.87739839e-27,1.71648387e-45,1.02506336e-60,2.20403383e-78,3.79314410e-10,6.92302771e-49,1.17373364e-68,4.64574554e-84,2.16778911e-08,3.67481056e-29,2.24033711e-32,4.86525794e-16,1.83305751e-04,1.88037689e-06,1.41106144e-17,7.95737307e-36,3.86039219e-52,2.78262319e-12,0.00000000e+00,2.20052701e-50,1.86743915e-25,1.85129283e-07,5.74823037e-11,4.53200063e-10,9.06971680e-23,1.54440373e-35,1.19145524e-52,9.09878671e-70,7.12929611e-01,1.05269835e-16,6.53147853e-18,1.13644121e-05,6.91394458e-02,9.98986051e-66,3.68888966e-26,9.94371517e-21,1.88385702e-40,3.20483856e-55,1.31529850e-19,0.00000000e+00,2.23572019e-19,7.56165910e-06,5.55534292e-05,1.01579404e-14,2.43205776e-32,2.24188259e-42,1.07973655e-58,6.41589694e-181,1.05676359e-195,2.13812830e-12,5.96521126e-15,7.17611361e-05,1.71411363e-07,5.27977883e-06,3.45088386e-20,1.53521549e-35,4.28682149e-51,1.04993052e-227,2.35604651e-21,3.62192657e-08,1.83640505e-06,3.61892634e-04,1.01439327e-07,7.11364438e-21,0.00000000e+00,7.95204617e-47,1.48480483e-62
4.20784904e-04,1.99859788e-01,1.49684743e+04,2.87227098e-32,2.13986614e-27,1.93508145e-45,1.21769544e-60,2.76169080e-78,4.14150870e-10,6.76979745e-49,1.13513747e-68,4.85001981e-84,2.30758298e-08,3.63345300e-29,3.06792310e-32,5.56673312e-16,1.82820324e-04,1.86500017e-06,1.48939209e-17,8.30759124e-36,4.29463411e-52,3.26106514e-12,0.00000000e+00,2.48520373e-50,1.98459787e-25,1.97209166e-07,5.97129224e-11,3.92457904e-10,7.97194680e-23,1.43538907e-35,1.16899019e-52,9.40240322e-70,7.12928979e-01,1.04137549e-16,6.45459077e-18,1.13570136e-05,6.91394494e-02,1.05209183e-65,3.64919011e-26,1.04063156e-20,1.94969669e-40,3.52120778e-55,1.30054222e-19,0.00000000e+00,2.72396922e-19,8.04224749e-06,5.54528948e-05,1.08180166e-14,2.63851505e-32,2.24187326e-42,1.14577434e-58,8.74938586e-181,1.52349718e-195,2.42623520e-12,6.65986676e-15,7.17611361e-05,1.71411363e-07,5.27977883e-06,3.65658997e-20,1.72370466e-35,5.09992707e-51,1.29562213e-227,3.05678052e-21,4.10577769e-08,1.95432721e-06,3.61880615e-04,9.94260452e-08,7.39389402e-21,0.00000000e+00,5.55727268e-48,4.88709342e-63
4.48362284e-04,1.99850602e-01,1.49664105e+04,2.83779699e-32,2.43949512e-27,2.18040072e-45,1.44587285e-60,3.45880185e-78,4.51593482e-10,6.61048016e-49,1.09546336e-68,5.05746542e-84,2.45633391e-08,3.58995810e-29,4.19854553e-32,6.36824964e-16,1.82304746e-04,1.84876173e-06,1.57111685e-17,8.66182040e-36,4.77169753e-52,3.81704474e-12,0.00000000e+00,2.80571901e-50,2.10873785e-25,2.10073569e-07,6.19285042e-11,3.36707424e-10,6.92562795e-23,1.31734610e-35,1.13168068e-52,9.57860848e-70,7.12928308e-01,1.02946219e-16,6.37377241e-18,1.13491430e-05,6.91394532e-02,1.10724587e-65,3.60742063e-26,1.08860445e-20,2.01558841e-40,3.86578736e-55,1.28502286e-19,0.00000000e+00,3.31832854e-19,8.55234565e-06,5.53459061e-05,1.15203711e-14,2.72338006e-32,2.24186334e-42,1.21531041e-58,1.19206110e-180,2.19340077e-195,2.75306463e-12,7.42764508e-15,7.17611361e-05,1.71411363e-07,5.27977883e-06,3.87320925e-20,1.93398913e-35,6.06091625e-51,1.59530303e-227,3.96550359e-21,4.65379002e-08,2.07965231e-06,3.61867806e-04,9.73258951e-08,7.67270926e-21,0.00000000e+00,1.32513988e-47,1.43887392e-63
4.77747029e-04,1.99840814e-01,1.49642117e+04,2.80157264e-32,2.78147846e-27,2.45533679e-45,1.71580851e-60,4.32909872e-78,4.91784715e-10,6.44509274e-49,1.05477461e-68,5.26746442e-84,2.61460872e-08,3.54425344e-29,5.74181277e-32,7.28374538e-16,1.81757258e-04,1.83162326e-06,1.65625684e-17,9.01854131e-36,5.29469795e-52,4.46226609e-12,0.00000000e+00,3.16638274e-50,2.24022572e-25,2.23772944e-07,6.41144341e-11,2.86029513e-10,5.94285479e-23,1.19295139e-35,1.08008662e-52,9.61144501e-70,7.12927595e-01,1.01693774e-16,6.28889612e-18,1.13407712e-05,6.91394572e-02,1.16443303e-65,3.56350861e-26,1.13825876e-20,2.08116262e-40,4.24036921e-55,1.26871450e-19,0.00000000e+00,4.04162291e-19,9.09362755e-06,5.52320602e-05,1.22676434e-14,2.90530684e-32,2.24185278e-42,1.28847448e-58,1.62249814e-180,3.15326229e-195,3.12380035e-12,8.27477396e-15,7.17611361e-05,1.71411363e-07,5.27977883e-06,4.10114868e-20,2.16832823e-35,7.19501249e-51,1.95983729e-227,5.14366863e-21,5.27437316e-08,2.21282229e-06,3.61854156e-04,9.51381489e-08,7.94830700e-21,0.00000000e+00,0.00000000e+00,4.62274950e-64
5.09057590e-04,1.99830386e-01,1.49618692e+04,2.76354274e-32,3.17171698e-27,2.76301904e-45,2.03469115e-60,5.41398789e-78,5.34873965e-10,6.27368872e-49,1.01314675e-68,5.47932911e-84,2.78300855e-08,3.49626918e-29,7.84631736e-32,8.32903598e-16,1.81176016e-04,1.81354606e-06,1.74481375e-17,9.37602532e-36,5.86677203e-52,5.21006977e-12,0.00000000e+00,3.57198165e-50,2.37944048e-25,2.38360915e-07,6.62546090e-11,2.40432749e-10,5.03356627e-23,1.06510133e-35,1.01539624e-52,9.49049806e-70,7.12926837e-01,1.00378200e-16,6.19984012e-18,1.13318672e-05,6.91394614e-02,1.22362469e-65,3.51738350e-26,1.18954725e-20,2.14600681e-40,4.64671673e-55,1.25159211e-19,0.00000000e+00,4.92150682e-19,9.66784350e-06,5.51109308e-05,1.30626288e-14,3.02081088e-32,2.24184154e-42,1.36539371e-58,2.20595421e-180,4.52604001e-195,3.54431568e-12,9.20773329e-15,7.17611361e-05,1.71411363e-07,5.27977883e-06,4.34080766e-20,2.42916540e-35,8.53130748e-51,2.40200196e-227,6.67074816e-21,5.97701867e-08,2.35430236e-06,3.61839614e-04,9.28624964e-08,8.21871834e-21,0.00000000e+00,0.00000000e+00,1.25908588e-64
5.42420181e-04,1.99819275e-01,1.49593736e+04,2.72365481e-32,3.61691326e-27,3.10681432e-45,2.41080786e-60,6.76411963e-78,5.81018595e-10,6.09636207e-49,9.70668084e-69,5.69230318e-84,2.96217070e-08,3.44593884e-29,1.07131894e-31,9.52205930e-16,1.80559084e-04,1.79449132e-06,1.83676692e-17,9.73232547e-36,6.49103296e-52,6.07564824e-12,0.00000000e+00,4.02782353e-50,2.52677299e-25,2.53894478e-07,6.83314482e-11,1.99852792e-10,4.20523649e-23,9.36780526e-36,9.39405844e-53,9.21234649e-70,7.12926033e-01,9.89975670e-17,6.10648983e-18,1.13223983e-05,6.91394658e-02,1.28477742e-65,3.46897765e-26,1.24240485e-20,2.20966468e-40,5.08653227e-55,1.23363189e-19,0.00000000e+00,5.99146349e-19,1.02768210e-05,5.49820675e-05,1.39082858e-14,3.19364442e-32,2.24182959e-42,1.44619153e-58,2.99567735e-180,6.48545371e-195,4.02126440e-12,1.02332079e-14,7.17611361e-05,1.71411363e-07,5.27977883e-06,4.59257433e-20,2.71913340e-35,1.01032433e-50,2.93675215e-227,8.64946042e-21,6.77243499e-08,2.50458183e-06,3.61824120e-04,9.04991013e-08,8.48178892e-21,0.00000000e+00,0.00000000e+00,4.54156806e-66
5.77969288e-04,1.99807436e-01,1.49567149e+04,2.68185981e-32,4.12467827e-27,3.49032650e-45,2.85367388e-60,8.44121742e-78,6.30385086e-10,5.91325113e-49,9.27440073e-69,5.90556442e-84,3.15277042e-08,3.39320024e-29,1.46142191e-31,1.08831511e-15,1.79904437e-04,1.77442025e-06,1.93207016e-17,1.00852698e-35,7.17051729e-52,7.07628953e-12,0.00000000e+00,4.53978365e-50,2.68262508e-25,2.70434195e-07,7.03259356e-11,1.64154199e-10,3.46268808e-23,8.10917566e-36,8.54450286e-53,8.78159828e-70,7.12925178e-01,9.75500475e-17,6.00873956e-18,1.13123300e-05,6.91394704e-02,1.34783161e-65,3.41822707e-26,1.29674667e-20,2.27163593e-40,5.56141927e-55,1.21481153e-19,0.00000000e+00,7.29200493e-19,1.09224652e-05,5.48449940e-05,1.48077449e-14,3.34384031e-32,2.24181687e-42,1.53098622e-58,4.06291062e-180,9.27620917e-195,4.56218334e-12,1.13580262e-14,7.17611362e-05,1.71411363e-07,5.27977883e-06,4.85682131e-20,3.04105752e-35,1.19491259e-50,3.58150402e-227,1.12124892e-20,7.67269851e-08,2.66417482e-06,3.61807615e-04,8.80486585e-08,8.73518334e-21,0.00000000e+00,0.00000000e+00,3.93033814e-65
6.15848211e-04,1.99794823e-01,1.49538824e+04,2.63811288e-32,4.70365199e-27,3.91739147e-45,3.37416765e-60,1.05201909e-77,6.83150270e-10,5.72454238e-49,8.83577502e-69,6.11822897e-84,3.35552290e-08,3.33799649e-29,1.99160260e-31,1.24353557e-15,1.79209957e-04,1.75329447e-06,2.03064839e-17,1.04324579e-35,7.90812266e-52,8.23165285e-12,0.00000000e+00,5.11435304e-50,2.84740855e-25,2.88044408e-07,7.22177001e-11,1.33134756e-10,2.80803990e-23,6.90238935e-36,7.63284992e-53,8.21131817e-70,7.12924271e-01,9.60339476e-17,5.90649450e-18,1.13016257e-05,6.91394752e-02,1.41271021e-65,3.36507240e-26,1.35246589e-20,2.33137689e-40,6.07283908e-55,1.19511059e-19,0.00000000e+00,8.87211182e-19,1.16067586e-05,5.46992080e-05,1.57643165e-14,3.50062329e-32,2.24180333e-42,1.61988945e-58,5.50273180e-180,1.32419010e-194,5.17560826e-12,1.25890835e-14,7.17611362e-05,1.71411363e-07,5.27977883e-06,5.13390109e-20,3.39795616e-35,1.41126641e-50,4.35643153e-227,1.45311166e-20,8.69142215e-08,2.83362100e-06,3.61790035e-04,8.55124531e-08,8.97639386e-21,0.00000000e+00,0.00000000e+00,0.00000000e+00
6.56209641e-04,1.99781383e-01,1.49508649e+04,2.59237426e-32,5.36364007e-27,4.39206660e-45,3.98466817e-60,1.30915501e-77,7.39502625e-10,5.53047414e-49,8.39208488e-69,6.32935743e-84,3.57118521e-08,3.28027705e-29,2.71122027e-31,1.42047764e-15,1.78473429e-04,1.73107621e-06,2.13239406e-17,1.07712606e-35,8.70653639e-52,9.56408071e-12,0.00000000e+00,5.75868823e-50,3.02154383e-25,3.06793464e-07,7.39851388e-11,1.06532266e-10,2.24079524e-23,5.77132864e-36,6.68925526e-53,7.52269779e-70,7.12923309e-01,9.44477338e-17,5.79967269e-18,1.12902469e-05,6.91394802e-02,1.47931749e-65,3.30945996e-26,1.40943155e-20,2.38830224e-40,6.62206251e-55,1.17451092e-19,0.00000000e+00,1.07909599e-18,1.23317609e-05,5.45441793e-05,1.67814998e-14,3.67004901e-32,2.24178893e-42,1.71300459e-58,7.44168197e-180,1.88633179e-194,5.87120466e-12,1.39332471e-14,7.17611362e-05,1.71411363e-07,5.27977883e-06,5.42414083e-20,3.79303830e-35,1.66435252e-50,5.28477082e-227,1.88263028e-20,9.84394371e-08,3.01348623e-06,3.61771312e-04,8.28924206e-08,9.20275455e-21,0.00000000e+00,0.00000000e+00,0.00000000e+00
6.99216276e-04,1.99767064e-01,1.49476503e+04,2.54461019e-32,6.11576856e-27,4.91861345e-45,4.69919094e-60,1.62641303e-77,7.99643591e-10,5.33133994e-49,7.94474214e-69,6.53796268e-84,3.80055837e-08,3.21999895e-29,3.68659351e-31,1.62209697e-15,1.77692547e-04,1.70772875e-06,2.23716345e-17,1.10988254e-35,9.56815484e-52,1.10989522e-11,0.00000000e+00,6.48066178e-50,3.20545838e-25,3.26753942e-07,7.56055899e-11,8.40335539e-11,1.75806315e-23,4.73535077e-36,5.74457055e-53,6.74390029e-70,7.12922288e-01,9.27900650e-17,5.68820736e-18,1.12781530e-05,6.91394854e-02,1.54753799e-65,3.25134278e-26,1.46748648e-20,2.44178777e-40,7.21011642e-55,1.15299703e-19,0.00000000e+00,1.31199874e-18,1.30996069e-05,5.43793496e-05,1.78629912e-14,3.83769730e-32,2.24177359e-42,1.81042488e-58,1.00476849e-179,2.68107443e-194,6.65991537e-12,1.53972441e-14,7.17611362e-05,1.71411363e-07,5.27977883e-06,5.72783676e-20,4.22969712e-35,1.95978942e-50,6.39312331e-227,2.43828926e-20,1.11475356e-07,3.20436308e-06,3.61751373e-04,8.01912056e-08,9.41146132e-21,0.00000000e+00,0.00000000e+00,0.00000000e+00
7.45041477e-04,1.99751807e-01,1.49442258e+04,2.49479392e-32,6.97265896e-27,5.50147259e-45,5.53351735e-60,2.01681246e-77,8.63788878e-10,5.12749153e-49,7.49528390e-69,6.74301982e-84,4.04448944e-08,3.15712802e-29,5.00663381e-31,1.85173900e-15,1.76864909e-04,1.68321679e-06,2.34477275e-17,1.14120856e-35,1.04949941e-51,1.28650829e-11,0.00000000e+00,7.28891267e-50,3.39958473e-25,3.48002908e-07,7.70555600e-11,6.52853266e-11,1.35489527e-23,3.80846912e-36,4.82831158e-53,5.90811937e-70,7.12921205e-01,9.10598260e-17,5.57204921e-18,1.12653010e-05,6.91394909e-02,1.61723553e-65,3.19068185e-26,1.52644508e-20,2.49117460e-40,7.83772597e-55,1.13055654e-19,0.00000000e+00,1.59453689e-18,1.39125048e-05,5.42041309e-05,1.90126933e-14,4.00688365e-32,2.24175728e-42,1.91223145e-58,1.35428818e-179,3.80149586e-194,7.55412701e-12,1.69875277e-14,7.17611362e-05,1.71411363e-07,5.27977883e-06,6.04524802e-20,4.71149897e-35,2.30390214e-50,7.71174616e-227,3.15678136e-20,1.26216383e-07,3.40687132e-06,3.61730142e-04,7.74122198e-08,9.59959860e-21,0.00000000e+00,0.00000000e+00,0.00000000e+00
7.93869969e-04,1.99735552e-01,1.49405778e+04,2.44290677e-32,7.94862640e-27,6.14522886e-45,6.50531102e-60,2.49584015e-77,9.32169732e-10,4.91934135e-49,7.04536400e-69,6.94347791e-84,4.30387371e-08,3.09164022e-29,6.79026630e-31,2.11318887e-15,1.75988016e-04,1.65750691e-06,2.45499408e-17,1.17077770e-35,1.14885928e-51,1.48951776e-11,0.00000000e+00,8.19289550e-50,3.60435815e-25,3.70622163e-07,7.83110114e-11,4.99063502e-11,1.02471074e-23,2.99893430e-36,3.96670800e-53,5.05101469e-70,7.12920056e-01,8.92561643e-17,5.45116898e-18,1.12516459e-05,6.91394966e-02,1.68825250e-65,3.12744735e-26,1.58609135e-20,2.53577481e-40,8.50525342e-55,1.10718072e-19,0.00000000e+00,1.93709721e-18,1.47727330e-05,5.40179053e-05,2.02347240e-14,4.17922040e-32,2.24173991e-42,2.01849116e-58,1.82201473e-179,5.37630026e-194,8.56785772e-12,1.87101248e-14,7.17611362e-05,1.71411363e-07,5.27977883e-06,6.37659002e-20,5.24216715e-35,2.70377359e-50,9.27481506e-227,4.08533611e-20,1.42881201e-07,3.62165820e-06,3.61707537e-04,7.45596953e-08,9.76417335e-21,0.00000000e+00,0.00000000e+00,0.00000000e+00
8.45898580e-04,1.99718232e-01,1.49366916e+04,2.38893925e-32,9.05990386e-27,6.85456580e-45,7.63421313e-60,3.08180636e-77,1.00503415e-09,4.70736445e-49,6.59674115e-69,7.13827370e-84,4.57965691e-08,3.02352308e-29,9.19616958e-31,2.41072772e-15,1.75059279e-04,1.63056801e-06,2.56755155e-17,1.19824609e-35,1.25499087e-51,1.72263420e-11,0.00000000e+00,9.20292705e-50,3.82021387e-25,3.94698519e-07,7.93477113e-11,3.75003169e-11,7.59774459e-24,2.30925079e-36,3.18104920e-53,4.20780024e-70,7.12918838e-01,8.73785280e-17,5.32556007e-18,1.12371401e-05,6.91395025e-02,1.76040940e-65,3.06162002e-26,1.64617697e-20,2.57487876e-40,9.21263487e-55,1.08286490e-19,0.00000000e+00,2.35218878e-18,1.56826357e-05,5.38200237e-05,2.15334253e-14,4.35341997e-32,2.24172142e-42,2.12925434e-58,2.44642200e-179,7.58264844e-194,9.71696864e-12,2.05704619e-14,7.17611362e-05,1.71411363e-07,5.27977883e-06,6.72202742e-20,5.82555933e-35,3.16728999e-50,1.11206404e-226,5.28469625e-20,1.61715652e-07,3.84939868e-06,3.61683472e-04,7.16387345e-08,9.90215676e-21,0.00000000e+00,0.00000000e+00,0.00000000e+00
9.01337039e-04,1.99699780e-01,1.49325518e+04,2.33289221e-32,1.03248956e-26,7.63420751e-45,8.94190709e-60,3.79621695e-77,1.08264799e-09,4.49209944e-49,6.15126335e-69,7.32634705e-84,4.87283749e-08,2.95277714e-29,1.24355098e-30,2.74919573e-15,1.74076016e-04,1.60237196e-06,2.68211723e-17,1.22325547e-35,1.36792108e-51,1.99006615e-11,0.00000000e+00,1.03302286e-49,4.04758387e-25,4.20324075e-07,8.01416466e-11,2.76686932e-11,5.51691003e-24,1.73661719e-36,2.48651399e-53,3.41034332e-70,7.12917548e-01,8.54267061e-17,5.19524123e-18,1.12217336e-05,6.91395087e-02,1.83350473e-65,2.99319257e-26,1.70641961e-20,2.60776416e-40,9.95931660e-55,1.05760906e-19,0.00000000e+00,2.85486395e-18,1.66446178e-05,5.36098058e-05,2.29133723e-14,4.52826202e-32,2.24170173e-42,2.24455236e-58,3.27785617e-179,1.06632190e-193,1.10194021e-11,2.25731722e-14,7.17611362e-05,1.71411363e-07,5.27977883e-06,7.08166654e-20,6.46563819e-35,3.70317710e-50,1.32918143e-226,6.83291775e-20,1.82995925e-07,4.09079537e-06,3.61657854e-04,6.86553512e-08,1.00105341e-20,0.00000000e+00,0.00000000e+00,0.00000000e+00
9.60408821e-04,1.99680120e-01,1.49281420e+04,2.27477808e-32,1.17644635e-26,8.48884631e-45,1.04521411e-59,4.66415035e-77,1.16529608e-09,4.27414861e-49,5.71084869e-69,7.50665776e-84,5.18446893e-08,2.87941748e-29,1.67885202e-30,3.13406302e-15,1.73035460e-04,1.57289409e-06,2.79830734e-17,1.24543721e-35,1.48759705e-51,2.29658543e-11,0.00000000e+00,1.15869616e-49,4.28689308e-25,4.47596515e-07,8.06695039e-11,2.00228300e-11,3.91876578e-24,1.27373060e-36,1.89161431e-53,2.68465686e-70,7.12916181e-01,8.34008700e-17,5.06025938e-18,1.12053739e-05,6.91395151e-02,1.90731513e-65,2.92217110e-26,1.76650156e-20,2.63370697e-40,1.07441931e-54,1.03141837e-19,0.00000000e+00,3.46321980e-18,1.76611377e-05,5.33865391e-05,2.43793820e-14,4.70282642e-32,2.24168077e-42,2.36439502e-58,4.38192596e-179,1.49487120e-193,1.24954499e-11,2.47218845e-14,7.17611362e-05,1.71411363e-07,5.27977883e-06,7.45554750e-20,7.16643413e-35,4.32102346e-50,1.58352606e-226,8.83021584e-20,2.07032091e-07,4.34657836e-06,3.61630588e-04,6.56165035e-08,1.00863624e-20,0.00000000e+00,0.00000000e+00,0.00000000e+00
1.02335205e-03,1.99659173e-01,1.49234446e+04,2.21462204e-32,1.34022508e-26,9.42305451e-45,1.21906953e-59,5.71462304e-77,1.25328312e-09,4.05417689e-49,5.27746230e-69,7.67820367e-84,5.51566207e-08,2.80347525e-29,2.26259928e-30,3.57150904e-15,1.71934759e-04,1.54211390e-06,2.91567869e-17,1.26441708e-35,1.61387541e-51,2.64760094e-11,0.00000000e+00,1.29862545e-49,4.53855505e-25,4.76619413e-07,8.09092110e-11,1.41946729e-11,2.71976597e-24,9.09855044e-37,1.39829970e-53,2.04912468e-70,7.12914733e-01,8.13016162e-17,4.92069238e-18,1.11880058e-05,6.91395218e-02,1.98159613e-65,2.84857665e-26,1.82606872e-20,2.65199419e-40,1.15655498e-54,1.00430368e-19,0.00000000e+00,4.19899451e-18,1.87346995e-05,5.31494793e-05,2.59365221e-14,4.87612130e-32,2.24165845e-42,2.48876799e-58,5.84374895e-179,2.08872703e-193,1.41680548e-11,2.70189976e-14,7.17611362e-05,1.71411363e-07,5.27977883e-06,7.84363603e-20,7.93199949e-35,5.03128634e-50,1.88021564e-226,1.14051372e-19,2.34171995e-07,4.61750474e-06,3.61601569e-04,6.25301144e-08,1.01268366e-20,0.00000000e+00,0.00000000e+00,0.00000000e+00
1.09042044e-03,1.99636857e-01,1.49184410e+04,2.15246326e-32,1.52650474e-26,1.04411789e-44,1.41852794e-59,6.98092182e-77,1.34693465e-09,3.83290945e-49,4.85308981e-69,7.84003934e-84,5.86758746e-08,2.72499920e-29,3.04370036e-30,4.06851149e-15,1.70770982e-04,1.51001576e-06,3.03372538e-17,1.27982111e-35,1.74651224e-51,3.04924168e-11,0.00000000e+00,1.45422173e-49,4.80296696e-25,5.07502547e-07,8.08405347e-11,9.84551769e-12,1.84204016e-24,6.32027732e-37,1.00267729e-53,1.51368792e-70,7.12913200e-01,7.91300094e-17,4.77665179e-18,1.11695715e-05,6.91395287e-02,2.05608325e-65,2.77244665e-26,1.88473010e-20,2.66193844e-40,1.24210127e-54,9.76282133e-20,0.00000000e+00,5.08827598e-18,1.98678425e-05,5.28978496e-05,2.75901197e-14,5.04704424e-32,2.24163468e-42,2.61763002e-58,7.77322484e-179,2.90825715e-193,1.60631497e-11,2.94654441e-14,7.17611362e-05,1.71411363e-07,5.27977883e-06,8.24581499e-20,8.76635354e-35,5.84527535e-50,2.22476897e-226,1.47224113e-19,2.64805553e-07,4.90435786e-06,3.61570688e-04,5.94050778e-08,1.01293620e-20,0.00000000e+00,0.00000000e+00,0.00000000e+00
1.16188436e-03,1.99613080e-01,1.49131113e+04,2.08835610e-32,1.73832016e-26,1.15472165e-44,1.64653434e-59,8.50087483e-77,1.44659794e-09,3.61112804e-49,4.43970741e-69,7.99129479e-84,6.24147768e-08,2.64405722e-29,4.08644978e-30,4.63294578e-15,1.69541132e-04,1.47658959e-06,3.15187611e-17,1.29128227e-35,1.88515413e-51,3.50845046e-11,0.00000000e+00,1.62699402e-49,5.08050394e-25,5.40362238e-07,8.04457248e-11,6.67242624e-12,1.21583847e-24,4.26268760e-37,6.96214950e-54,1.08006160e-70,7.12911578e-01,7.68876250e-17,4.62828560e-18,1.11500103e-05,6.91395359e-02,2.13049371e-65,2.69383648e-26,1.94205784e-20,2.66289431e-40,1.33075093e-54,9.47377686e-20,0.00000000e+00,6.16234218e-18,2.10631295e-05,5.26308418e-05,2.93457688e-14,5.21438189e-32,2.24160935e-42,2.75091022e-58,1.03115220e-178,4.03426215e-193,1.82100389e-11,3.20604498e-14,7.17611362e-05,1.71411363e-07,5.27977883e-06,8.66187591e-20,9.67341776e-35,6.77510832e-50,2.62306126e-226,1.89929234e-19,2.99369462e-07,5.20794632e-06,3.61537829e-04,5.62512479e-08,1.00916335e-20,0.00000000e+00,0.00000000e+00,0.00000000e+00
1.23803188e-03,1.99587748e-01,1.49074344e+04,2.02237126e-32,1.97910850e-26,1.27446701e-44,1.90617868e-59,1.03170270e-76,1.55264284e-09,3.38966560e-49,4.03924913e-69,8.13119384e-84,6.63862965e-08,2.56073777e-29,5.47507135e-30,5.27369612e-15,1.68242146e-04,1.44183174e-06,3.26949215e-17,1.29844814e-35,2.02933097e-51,4.03308919e-11,0.00000000e+00,1.81854729e-49,5.37151264e-25,5.75321683e-07,7.97101906e-11,4.41211827e-12,7.80999232e-25,2.78671698e-37,4.67233397e-54,7.42874329e-71,7.12909863e-01,7.45765912e-17,4.47578067e-18,1.11292589e-05,6.91395433e-02,2.20452866e-65,2.61282088e-26,1.99758807e-20,2.65427616e-40,1.42212436e-54,9.17621612e-20,0.00000000e+00,7.45865656e-18,2.23231328e-05,5.23476163e-05,3.12093389e-14,5.37686338e-32,2.24158237e-42,2.88850529e-58,1.36389720e-178,5.57415178e-193,2.06418258e-11,3.48012959e-14,7.17611362e-05,1.71411363e-07,5.27977883e-06,9.09151045e-20,1.06569411e-34,7.83363373e-50,3.08125507e-226,2.44863662e-19,3.38352374e-07,5.52910250e-06,3.61502869e-04,5.30794085e-08,1.00117192e-20,0.00000000e+00,0.00000000e+00,0.00000000e+00
1.31916996e-03,1.99560760e-01,1.49013878e+04,1.95459684e-32,2.25276163e-26,1.40363846e-44,2.20065463e-59,1.24766788e-76,1.66546268e-09,3.16939934e-49,3.65357190e-69,8.25907101e-84,7.06040684e-08,2.47515123e-29,7.31948181e-30,6.00077937e-15,1.66870913e-04,1.40574571e-06,3.38586607e-17,1.30098942e-35,2.17845104e-51,4.63205729e-11,0.00000000e+00,2.03057782e-49,5.67630398e-25,6.12511314e-07,7.86231902e-11,2.84236956e-12,4.87499537e-25,1.76281019e-37,3.02466529e-54,4.91473372e-71,7.12908049e-01,7.21996279e-17,4.31936514e-18,1.11072510e-05,6.91395510e-02,2.27787604e-65,2.52949535e-26,2.05082241e-20,2.63557713e-40,1.51576896e-54,8.87053006e-20,0.00000000e+00,9.02204488e-18,2.36504175e-05,5.20473037e-05,3.31869815e-14,5.53308843e-32,2.24155360e-42,3.03027691e-58,1.79845636e-178,7.66966030e-193,2.33958928e-11,3.76830940e-14,7.17611362e-05,1.71411363e-07,5.27977883e-06,9.53430210e-20,1.17204151e-34,9.03431380e-50,3.60570254e-226,3.15472628e-19,3.82300547e-07,5.86868074e-06,3.61465677e-04,4.99012201e-08,9.88814573e-21,0.00000000e+00,0.00000000e+00,0.00000000e+00
1.40562565e-03,1.99532007e-01,1.48949477e+04,1.88513933e-32,2.56368504e-26,1.54243615e-44,2.53320493e-59,1.50317410e-76,1.78547520e-09,2.95124207e-49,3.28441934e-69,8.37438652e-84,7.50824140e-08,2.38743114e-29,9.76255764e-30,6.82548313e-15,1.65424285e-04,1.36834309e-06,3.50022166e-17,1.29860918e-35,2.33179905e-51,5.31542478e-11,0.00000000e+00,2.26486558e-49,5.99514505e-25,6.52069159e-07,7.71785104e-11,1.78114888e-12,2.95227834e-25,1.07702086e-37,1.88483794e-54,3.12044524e-71,7.12906133e-01,6.97600835e-17,4.15931032e-18,1.10839173e-05,6.91395589e-02,2.35021407e-65,2.44397743e-26,2.10123060e-20,2.60638888e-40,1.61116062e-54,8.55719210e-20,0.00000000e+00,1.09060842e-17,2.50475225e-05,5.17290059e-05,3.52851370e-14,5.68154256e-32,2.24152295e-42,3.17604911e-58,2.36372036e-178,1.05063414e-192,2.65144392e-11,4.06985840e-14,7.17611362e-05,1.71411363e-07,5.27977883e-06,9.98971831e-20,1.28669795e-34,1.03910625e-49,4.20281517e-226,4.06152298e-19,4.31824005e-07,6.22755505e-06,3.61426117e-04,4.67291425e-08,9.71998397e-21,0.00000000e+00,0.00000000e+00,0.00000000e+00
1.49774748e-03,1.99501373e-01,1.48880885e+04,1.81412436e-32,2.91686431e-26,1.69095551e-44,2.90705169e-59,1.80383532e-76,1.91312356e-09,2.73613185e-49,2.93338528e-69,8.47673840e-84,7.98363622e-08,2.29773520e-29,1.29892331e-29,7.76051926e-15,1.63899089e-04,1.32964433e-06,3.61171497e-17,1.29105255e-35,2.48853777e-51,6.09458155e-11,0.00000000e+00,2.52326291e-49,6.32825010e-25,6.94141218e-07,7.53751078e-11,1.08389033e-12,1.73168051e-25,6.34323359e-38,1.12818021e-54,1.89682986e-71,7.12904108e-01,6.72619667e-17,3.99593233e-18,1.10591859e-05,6.91395671e-02,2.42121529e-65,2.35640781e-26,2.14825408e-20,2.56642150e-40,1.70770775e-54,8.23676191e-20,0.00000000e+00,1.31747390e-17,2.65169391e-05,5.13917985e-05,3.75105403e-14,5.82065658e-32,2.24149026e-42,3.32560600e-58,3.09588636e-178,1.43250569e-192,3.00450837e-11,4.38379679e-14,7.17611362e-05,1.71411363e-07,5.27977883e-06,1.04571032e-19,1.40993183e-34,1.19180335e-49,4.87889795e-226,5.22505582e-19,4.87603226e-07,6.60661628e-06,3.61384041e-04,4.35763305e-08,9.50692993e-21,0.00000000e+00,0.00000000e+00,0.00000000e+00
1.59590678e-03,1.99468738e-01,1.48807833e+04,1.74169740e-32,3.31793969e-26,1.84916507e-44,3.32531073e-59,2.15562124e-76,2.04887738e-09,2.52501995e-49,2.60187827e-69,8.56587106e-84,8.48816674e-08,2.20624608e-29,1.72378053e-29,8.82019438e-15,1.62292149e-04,1.28967971e-06,3.71943694e-17,1.27811688e-35,2.64771376e-51,6.98240479e-11,0.00000000e+00,2.80767890e-49,6.67577055e-25,7.38881843e-07,7.32176796e-11,6.39405743e-13,9.82038552e-26,3.59406194e-38,6.47139473e-55,1.10114940e-71,7.12901972e-01,6.47099722e-17,3.82959316e-18,1.10329817e-05,6.91395756e-02,2.49055121e-65,2.26695125e-26,2.19131077e-20,2.51552293e-40,1.80475802e-54,7.90988819e-20,0.00000000e+00,1.59042852e-17,2.80610858e-05,5.10347332e-05,3.98702259e-14,5.94878242e-32,2.24145540e-42,3.47868968e-58,4.03996460e-178,1.94356074e-192,3.40415382e-11,4.70887927e-14,7.17611362e-05,1.71411363e-07,5.27977883e-06,1.09356709e-19,1.54195492e-34,1.36293538e-49,5.63994560e-226,6.71664496e-19,5.50396387e-07,7.00676874e-06,3.61339296e-04,4.04565024e-08,9.24937859e-21,0.00000000e+00,0.00000000e+00,0.00000000e+00
1.70049924e-03,1.99433969e-01,1.48730032e+04,1.66802407e-32,3.77329016e-26,2.01688287e-44,3.79088959e-59,2.56475559e-76,2.19323390e-09,2.31885732e-49,2.29108836e-69,8.64167978e-84,9.02348261e-08,2.11317191e-29,2.28138654e-29,1.00205990e-14,1.60600304e-04,1.24849008e-06,3.82241769e-17,1.25966175e-35,2.80826774e-51,7.99344664e-11,0.00000000e+00,3.12005857e-49,7.03778407e-25,7.86454127e-07,7.07171299e-11,3.64984572e-13,5.37422180e-26,1.95490445e-38,3.54887477e-55,6.08873328e-72,7.12899717e-01,6.21095003e-17,3.66070117e-18,1.10052267e-05,6.91395843e-02,2.55789742e-65,2.17579722e-26,2.22980116e-20,2.45369699e-40,1.90160809e-54,7.57731055e-20,0.00000000e+00,1.91855661e-17,2.96822804e-05,5.06568413e-05,4.23715316e-14,6.06422636e-32,2.24141822e-42,3.63499852e-58,5.25146629e-178,2.62325368e-192,3.85643611e-11,5.04358962e-14,7.17611362e-05,1.71411363e-07,5.27977883e-06,1.14245009e-19,1.68291058e-34,1.55388003e-49,6.49140059e-226,8.62695642e-19,6.21047170e-07,7.42892616e-06,3.61291719e-04,3.73837792e-08,8.94848537e-21,0.00000000e+00,0.00000000e+00,0.00000000e+00
1.81194647e-03,1.99396929e-01,1.48647178e+04,1.59329030e-32,4.29012769e-26,2.19375183e-44,4.30636950e-59,3.03757514e-76,2.34671926e-09,2.11857966e-49,2.00195769e-69,8.70421045e-84,9.59130907e-08,2.01874642e-29,3.01073099e-29,1.13798169e-14,1.58820430e-04,1.20612777e-06,3.91963275e-17,1.23561874e-35,2.96904982e-51,9.14414417e-11,0.00000000e+00,3.46235625e-49,7.41428255e-25,8.37030299e-07,6.78908919e-11,2.01204979e-13,2.83241090e-26,1.01850413e-38,1.85594552e-55,3.19795111e-72,7.12897340e-01,5.94666660e-17,3.48971087e-18,1.09758404e-05,6.91395932e-02,2.62293918e-65,2.08316026e-26,2.26311573e-20,2.38111929e-40,1.99751624e-54,7.23986004e-20,0.00000000e+00,2.31266337e-17,3.13827086e-05,5.02571378e-05,4.50221013e-14,6.16526493e-32,2.24137856e-42,3.79418599e-58,6.79824306e-178,3.52129533e-192,4.36817979e-11,5.38614307e-14,7.17611362e-05,1.71411363e-07,5.27977883e-06,1.19225335e-19,1.83286175e-34,1.76594202e-49,7.43787478e-226,1.10710919e-18,7.00493138e-07,7.87400694e-06,3.61241137e-04,3.43724972e-08,8.60621109e-21,0.00000000e+00,0.00000000e+00,0.00000000e+00
1.93069773e-03,1.99357468e-01,1.48558944e+04,1.51770211e-32,4.87660324e-26,2.37921485e-44,4.87387266e-59,3.58034558e-76,2.50988975e-09,1.92509155e-49,1.73515619e-69,8.75365441e-84,1.01934481e-07,1.92322868e-29,3.96129056e-29,1.29181563e-14,1.56949468e-04,1.16265731e-06,4.01001141e-17,1.20600025e-35,3.12883975e-51,1.04530543e-10,0.00000000e+00,3.83650215e-49,7.80515920e-25,8.90792123e-07,6.47630723e-11,1.06902084e-13,1.43459028e-26,5.07088325e-39,9.23163966e-56,1.59083652e-72,7.12894835e-01,5.67882996e-17,3.31712185e-18,1.09447390e-05,6.91396024e-02,2.68537718e-65,1.98928000e-26,2.29064373e-20,2.29814980e-40,2.09171780e-54,6.89845834e-20,0.00000000e+00,2.78558316e-17,3.31643889e-05,4.98346260e-05,4.78298866e-14,6.25017069e-32,2.24133623e-42,3.95585996e-58,8.76242072e-178,4.69959403e-192,4.94707184e-11,5.73449761e-14,7.17611362e-05,1.71411363e-07,5.27977883e-06,1.24285679e-19,1.99177887e-34,2.00030959e-49,8.48283938e-226,1.41949645e-18,7.89774679e-07,8.34292872e-06,3.61187368e-04,3.14369929e-08,8.22534579e-21,0.00000000e+00,0.00000000e+00,0.00000000e+00
2.05723170e-03,1.99315430e-01,1.48464984e+04,1.44148504e-32,5.54192567e-26,2.57249028e-44,5.49491752e-59,4.19903225e-76,2.68333327e-09,1.73924981e-49,1.49106386e-69,8.79033836e-84,1.08317791e-07,1.82690243e-29,5.19548723e-29,1.46584052e-14,1.54984454e-04,1.11815608e-06,4.09244733e-17,1.17090726e-35,3.28637199e-51,1.19411161e-10,0.00000000e+00,4.24436135e-49,8.21019450e-25,9.47931294e-07,6.13643824e-11,5.46248594e-14,6.96717548e-27,2.40673017e-39,4.35548918e-56,7.47266109e-73,7.12892198e-01,5.40819344e-17,3.14347688e-18,1.09118364e-05,6.91396119e-02,2.74493358e-65,1.89442067e-26,2.31178344e-20,2.20534128e-40,2.18344316e-54,6.55411526e-20,0.00000000e+00,3.35253848e-17,3.50291334e-05,4.93883041e-05,5.08031466e-14,6.31724121e-32,2.24129105e-42,4.11958271e-58,1.12423352e-177,6.23427606e-192,5.60176604e-11,6.08637537e-14,7.17611362e-05,1.71411363e-07,5.27977883e-06,1.29412624e-19,2.15952814e-34,2.25800619e-49,9.62829170e-226,1.81832664e-18,8.90044506e-07,8.83660203e-06,3.61130221e-04,2.85913661e-08,7.80950704e-21,0.00000000e+00,0.00000000e+00,0.00000000e+00
2.19205845e-03,1.99270647e-01,1.48364933e+04,1.36488314e-32,6.29649505e-26,2.77254887e-44,6.17026586e-59,4.89902631e-76,2.86767074e-09,1.56184668e-49,1.26976077e-69,8.81470950e-84,1.15082592e-07,1.73007479e-29,6.79158997e-29,1.66261118e-14,1.52922549e-04,1.07271492e-06,4.16581173e-17,1.13053515e-35,3.44036507e-51,1.36319440e-10,0.00000000e+00,4.68768442e-49,8.62904136e-25,1.00864984e-06,5.77318285e-11,2.67843138e-14,3.23681185e-27,1.08614043e-39,1.94353573e-56,3.30407598e-73,7.12889423e-01,5.13557812e-17,2.96935898e-18,1.08770436e-05,6.91396216e-02,2.80135783e-65,1.79887028e-26,2.32595370e-20,2.10344252e-40,2.27193765e-54,6.20792444e-20,0.00000000e+00,4.03155663e-17,3.69785052e-05,4.89171712e-05,5.39504472e-14,6.36483169e-32,2.24124282e-42,4.28487176e-58,1.43543346e-177,8.21765846e-192,6.34199901e-11,6.43929487e-14,7.17611362e-05,1.71411363e-07,5.27977883e-06,1.34591367e-19,2.33586065e-34,2.53983841e-49,1.08744111e-225,2.32694020e-18,1.00257767e-06,9.35592312e-06,3.61069494e-04,2.58492231e-08,7.36310923e-21,0.00000000e+00,0.00000000e+00,0.00000000e+00
2.33572147e-03,1.99222940e-01,1.48258398e+04,1.28815758e-32,7.15205225e-26,2.97809341e-44,6.89976744e-59,5.68483029e-76,3.06355771e-09,1.39359333e-49,1.07102566e-69,8.82731646e-84,1.22249233e-07,1.63307452e-29,8.84709107e-29,1.88498929e-14,1.50761079e-04,1.02643852e-06,4.22896893e-17,1.08517735e-35,3.58955449e-51,1.55521538e-10,0.00000000e+00,5.16804883e-49,9.06120928e-25,1.07316049e-06,5.39081415e-11,1.25730930e-14,1.43493704e-27,4.64839605e-40,8.17798185e-57,1.37063079e-73,7.12886505e-01,4.86186884e-17,2.79538744e-18,1.08402694e-05,6.91396315e-02,2.85443238e-65,1.70293916e-26,2.33260676e-20,1.99339539e-40,2.35648270e-54,5.86105710e-20,0.00000000e+00,4.84395206e-17,3.90137714e-05,4.84202361e-05,5.72806577e-14,6.39139117e-32,2.24119132e-42,4.45120147e-58,1.82342583e-177,1.07599908e-191,7.17871893e-11,6.79061432e-14,7.17611362e-05,1.71411363e-07,5.27977883e-06,1.39805768e-19,2.52040276e-34,2.84634141e-49,1.22192210e-225,2.97478401e-18,1.12878207e-06,9.90176591e-06,3.61004973e-04,2.32234079e-08,6.89130094e-21,0.00000000e+00,0.00000000e+00,0.00000000e+00
2.48879987e-03,1.99172118e-01,1.48144966e+04,1.21158477e-32,8.12184631e-26,3.18754234e-44,7.68220913e-59,6.55971084e-76,3.27168586e-09,1.23510419e-49,8.94343766e-70,8.82878693e-84,1.29838831e-07,1.53624966e-29,1.14825705e-28,2.13617718e-14,1.48497571e-04,9.79445644e-07,4.28079454e-17,1.03522621e-35,3.73272793e-51,1.77317265e-10,0.00000000e+00,5.68679066e-49,9.50604786e-25,1.14168711e-06,4.99409394e-11,5.63662264e-15,6.05445450e-28,1.88137136e-40,3.23479085e-57,5.31617723e-74,7.12883440e-01,4.58800866e-17,2.62221269e-18,1.08014204e-05,6.91396417e-02,2.90397779e-65,1.60695803e-26,2.33124217e-20,1.87632521e-40,2.43641736e-54,5.51475368e-20,0.00000000e+00,5.81488263e-17,4.11358523e-05,4.78965255e-05,6.08029472e-14,6.39550170e-32,2.24113633e-42,4.61800569e-58,2.30383486e-177,1.39907191e-191,8.12422833e-11,7.13758563e-14,7.17611362e-05,1.71411363e-07,5.27977883e-06,1.45038430e-19,2.71264840e-34,3.17772405e-49,1.36582787e-225,3.79894287e-18,1.27020931e-06,1.04749728e-05,3.60936435e-04,2.07257283e-08,6.39986928e-21,0.00000000e+00,0.00000000e+00,0.00000000e+00
2.65191071e-03,1.99117980e-01,1.48024195e+04,1.13545400e-32,9.22082193e-26,3.39901897e-44,8.51517726e-59,7.52533123e-76,3.49278473e-09,1.08688287e-49,7.38924010e-70,8.81980277e-84,1.37873257e-07,1.43996452e-29,1.48460340e-28,2.41975463e-14,1.46129800e-04,9.31869179e-07,4.32019602e-17,9.81170724e-36,3.86876135e-51,2.02044123e-10,0.00000000e+00,6.24492608e-49,9.96272967e-25,1.21446499e-06,4.58816295e-11,2.40725333e-15,2.42476121e-28,7.18039670e-41,1.19891942e-57,1.92106817e-74,7.12880222e-01,4.31499159e-17,2.45051013e-18,1.07604009e-05,6.91396522e-02,2.94985717e-65,1.51127546e-26,2.32142149e-20,1.75352369e-40,2.51115901e-54,5.17031331e-20,0.00000000e+00,6.97398889e-17,4.33452664e-05,4.73450953e-05,6.45267784e-14,6.37591982e-32,2.24107760e-42,4.78468142e-58,2.89432875e-177,1.80589606e-191,9.19234188e-11,7.47741829e-14,7.17611362e-05,1.71411363e-07,5.27977883e-06,1.50270815e-19,2.91195375e-34,3.53381590e-49,1.51844182e-225,4.84603288e-18,1.42856595e-06,1.10763449e-05,3.60863645e-04,1.83666858e-08,5.89511157e-21,0.00000000e+00,0.00000000e+00,0.00000000e+00
2.82571150e-03,1.99060311e-01,1.47895617e+04,1.06006452e-32,1.04658292e-25,3.61034803e-44,9.39494299e-59,8.58138080e-76,3.72762341e-09,9.49310129e-50,6.03725076e-70,8.80107420e-84,1.46375121e-07,1.34459611e-29,1.91176708e-28,2.73971910e-14,1.43655835e-04,8.83855862e-07,4.34613552e-17,9.23590721e-36,3.99665407e-51,2.30081793e-10,0.00000000e+00,6.84306248e-49,1.04302328e-24,1.29174125e-06,4.17840752e-11,9.76911157e-16,9.19187335e-29,2.57648569e-41,4.14978310e-58,6.44393489e-75,7.12876847e-01,4.04385369e-17,2.28097276e-18,1.07171138e-05,6.91396629e-02,2.99197967e-65,1.41625472e-26,2.30278353e-20,1.62642452e-40,2.58022219e-54,4.82908107e-20,0.00000000e+00,8.35612599e-17,4.56420719e-05,4.67650414e-05,6.84619010e-14,6.33161938e-32,2.24101488e-42,4.95059355e-58,3.61449965e-177,2.31328212e-191,1.03985607e-10,7.80735113e-14,7.17611362e-05,1.71411363e-07,5.27977883e-06,1.55483386e-19,3.11753503e-34,3.91401902e-49,1.67875739e-225,6.17453457e-18,1.60572488e-06,1.17066303e-05,3.60786354e-04,1.61552204e-08,5.38367689e-21,0.00000000e+00,0.00000000e+00,0.00000000e+00
3.01090284e-03,1.98998880e-01,1.47758736e+04,9.85722312e-33,1.18758580e-25,3.81906112e-44,1.03163815e-58,9.72522330e-76,3.97701224e-09,8.22634657e-50,4.87489622e-70,8.77331401e-84,1.55367735e-07,1.25052996e-29,2.45149246e-28,3.10052930e-14,1.41074090e-04,8.35565771e-07,4.35765463e-17,8.63147407e-36,4.11556115e-51,2.61857105e-10,0.00000000e+00,7.48129966e-49,1.09073232e-24,1.37377513e-06,3.77030692e-11,3.75838621e-16,3.28904316e-29,8.66514959e-42,1.33676163e-58,1.99881596e-75,7.12873311e-01,3.77566246e-17,2.11430278e-18,1.06714606e-05,6.91396739e-02,3.03030279e-65,1.32227009e-26,2.27505961e-20,1.49657167e-40,2.64323437e-54,4.49243309e-20,0.00000000e+00,1.00021978e-16,4.80258046e-05,4.61555131e-05,7.26183438e-14,6.26183439e-32,2.24094787e-42,5.11508077e-58,4.48558012e-177,2.93971506e-191,1.17602641e-10,8.12472969e-14,7.17611362e-05,1.71411363e-07,5.27977883e-06,1.60655792e-19,3.32846976e-34,4.31726758e-49,1.84547161e-225,7.85765783e-18,1.80373669e-06,1.23665126e-05,3.60704304e-04,1.40984800e-08,4.87238221e-21,0.00000000e+00,0.00000000e+00,0.00000000e+00
3.20823125e-03,1.98933444e-01,1.47613023e+04,9.12736222e-33,1.34723000e-25,4.02241296e-44,1.12729358e-58,1.09515896e-75,4.24180473e-09,7.06967073e-50,3.88785164e-70,8.73721335e-84,1.64875079e-07,1.15815530e-29,3.12977010e-28,3.50715238e-14,1.38383377e-04,7.87171470e-07,4.35390059e-17,8.00570172e-36,4.22482086e-51,2.97849544e-10,0.00000000e+00,8.15912162e-49,1.13925375e-24,1.46083830e-06,3.36926763e-11,1.36867091e-16,1.10808358e-29,2.72293377e-42,3.99334583e-59,5.71094275e-76,7.12869610e-01,3.51150458e-17,1.95120220e-18,1.06233417e-05,6.91396852e-02,3.06483339e-65,1.22970251e-26,2.23808842e-20,1.36558125e-40,2.69994755e-54,4.16175966e-20,0.00000000e+00,1.19601036e-16,5.04954123e-05,4.55157270e-05,7.70064057e-14,6.16610066e-32,2.24087630e-42,5.27746253e-58,5.52995421e-177,3.70493297e-191,1.32969206e-10,8.42708567e-14,7.17611362e-05,1.71411363e-07,5.27977883e-06,1.65767085e-19,3.54370214e-34,4.74199858e-49,2.01699255e-225,9.98684691e-18,2.02484098e-06,1.30565976e-05,3.60617223e-04,1.22016275e-08,4.36801018e-21,0.00000000e+00,0.00000000e+00,0.00000000e+00
3.41849215e-03,1.98863743e-01,1.47457918e+04,8.41413820e-33,1.52792410e-25,4.21740997e-44,1.22566354e-58,1.22523430e-75,4.52289936e-09,6.02277666e-50,3.06049831e-70,8.69342025e-84,1.74921753e-07,1.06785983e-29,3.97734513e-28,3.96511476e-14,1.35582965e-04,7.38856809e-07,4.33415337e-17,7.36639909e-36,4.32397564e-51,3.38597327e-10,0.00000000e+00,8.87528057e-49,1.18841662e-24,1.55321506e-06,2.98045197e-11,4.72486568e-17,3.51028883e-30,7.97076067e-43,1.10232536e-59,1.49697660e-76,7.12865739e-01,3.25247209e-17,1.79236267e-18,1.05726573e-05,6.91396967e-02,3.09562724e-65,1.13893478e-26,2.19182990e-20,1.23509795e-40,2.75024482e-54,3.83844644e-20,0.00000000e+00,1.42858059e-16,5.30491876e-05,4.48449828e-05,8.16366470e-14,6.04429440e-32,2.24079985e-42,5.43704720e-58,6.77042522e-177,4.62927366e-191,1.50303188e-10,8.71221491e-14,7.17611362e-05,1.71411363e-07,5.27977883e-06,1.70795968e-19,3.76205280e-34,5.18613684e-49,2.19146317e-225,1.26760508e-17,2.27147709e-06,1.37773987e-05,3.60524825e-04,1.04676948e-08,3.87709753e-21,0.00000000e+00,0.00000000e+00,0.00000000e+00
3.64253312e-03,1.98789500e-01,1.47292827e+04,7.72056865e-33,1.73237871e-25,4.40085243e-44,1.32581791e-58,1.36163449e-75,4.82124157e-09,5.08398128e-50,2.37640849e-70,8.64252180e-84,1.85532916e-07,9.80024007e-30,5.03017708e-28,4.48055666e-14,1.32672636e-04,6.90815337e-07,4.29785288e-17,6.72169228e-36,4.41278472e-51,3.84704098e-10,0.00000000e+00,9.62767531e-49,1.23802385e-24,1.65120258e-06,2.60861032e-11,1.56501506e-17,1.04897453e-30,2.16834598e-43,2.80173125e-60,3.58531149e-77,7.12861697e-01,2.99964735e-17,1.63845458e-18,1.05193071e-05,6.91397086e-02,3.12278704e-65,1.05034626e-26,2.13637740e-20,1.10674779e-40,2.79414116e-54,3.52385419e-20,0.00000000e+00,1.70445302e-16,5.56846980e-05,4.41426796e-05,8.65198806e-14,5.89666605e-32,2.24071820e-42,5.59314108e-58,8.22921081e-177,5.73276610e-191,1.69848200e-10,8.97824944e-14,7.17611362e-05,1.71411363e-07,5.27977883e-06,1.75721077e-19,3.98223320e-34,5.64709717e-49,2.36680318e-225,1.60669037e-17,2.54629428e-06,1.45293226e-05,3.60426814e-04,8.89749554e-09,3.40572487e-21,0.00000000e+00,0.00000000e+00,0.00000000e+00
3.88125727e-03,1.98710423e-01,1.47117121e+04,7.04956545e-33,1.96364288e-25,4.56939128e-44,1.42670864e-58,1.50294482e-75,5.13782575e-09,4.25027423e-50,1.81883354e-70,8.58503076e-84,1.96734212e-07,8.95014998e-30,6.32980401e-28,5.06029039e-14,1.29652750e-04,6.43248347e-07,4.24462532e-17,6.07980237e-36,4.49122759e-51,4.36846304e-10,0.00000000e+00,1.04132270e-48,1.28785080e-24,1.75511099e-06,2.25792630e-11,5.21564044e-18,2.94024929e-31,5.43160106e-44,6.52243983e-61,7.81089946e-78,7.12857479e-01,2.75408681e-17,1.49011586e-18,1.04631920e-05,6.91397207e-02,3.14645896e-65,9.64307155e-27,2.07196760e-20,9.82089210e-41,2.83177841e-54,3.21929732e-20,0.00000000e+00,2.03121025e-16,5.83987157e-05,4.34083341e-05,9.16671650e-14,5.72386748e-32,2.24063098e-42,5.74505845e-58,9.92665371e-177,7.03396423e-191,1.91876328e-10,9.22371943e-14,7.17611362e-05,1.71411363e-07,5.27977883e-06,1.80521292e-19,4.20286471e-34,6.12180615e-49,2.54076927e-225,2.03349785e-17,2.85216073e-06,1.53126527e-05,3.60322879e-04,7.48960280e-09,2.95931952e-21,0.00000000e+00,0.00000000e+00,0.00000000e+00
4.13562692e-03,1.98626198e-01,1.46930129e+04,6.40388561e-33,2.22514459e-25,4.71959979e-44,1.52719216e-58,1.64746374e-75,5.47369740e-09,3.51741699e-50,1.37117275e-70,8.52137694e-84,2.08551687e-07,8.13180518e-30,7.92355200e-28,5.71186223e-14,1.26524304e-04,5.96362514e-07,4.17430779e-17,5.44880766e-36,4.55949750e-51,4.95781277e-10,0.00000000e+00,1.12277567e-48,1.33764421e-24,1.86526344e-06,1.93188452e-11,2.00710604e-18,8.90555020e-32,1.28392611e-44,1.38918683e-61,1.54115350e-78,7.12853083e-01,2.51680411e-17,1.34794061e-18,1.04042136e-05,6.91397332e-02,3.16682775e-65,8.81172640e-27,1.99898731e-20,8.62564821e-41,2.86341438e-54,2.92602179e-20,0.00000000e+00,2.41764314e-16,6.11871480e-05,4.26415991e-05,9.70897995e-14,5.52697046e-32,2.24053784e-42,5.89213218e-58,1.18796618e-176,8.54855004e-191,2.16691115e-10,9.44760093e-14,7.17611362e-05,1.71411363e-07,5.27977883e-06,1.85176067e-19,4.42250214e-34,6.60674498e-49,2.71103271e-225,2.56972981e-17,3.19217120e-06,1.61275335e-05,3.60212697e-04,6.24039792e-09,2.54248334e-21,0.00000000e+00,0.00000000e+00,0.00000000e+00
4.40666743e-03,1.98536492e-01,1.46731144e+04,5.78608213e-33,2.52073590e-25,4.84805983e-44,1.62605860e-58,1.79323300e-75,5.82995531e-09,2.88007947e-50,1.01739789e-70,8.45190336e-84,2.21011685e-07,7.34842595e-30,9.86451978e-28,6.44361771e-14,1.23288999e-04,5.50367172e-07,4.08696995e-17,4.83640095e-36,4.61798539e-51,5.62356092e-10,0.00000000e+00,1.20658699e-48,1.38712133e-24,1.98199607e-06,1.63316960e-11,1.10000723e-18,3.39006545e-32,3.05367201e-45,2.74015446e-62,2.75213306e-79,7.12848508e-01,2.28875279e-17,1.21246798e-18,1.03422759e-05,6.91397459e-02,3.18411071e-65,8.01276756e-27,1.91797666e-20,7.49456506e-41,2.88940684e-54,2.64518297e-20,0.00000000e+00,2.87391375e-16,6.40449691e-05,4.18422831e-05,1.02799322e-13,5.30747471e-32,2.24043837e-42,6.03372487e-58,1.40999275e-176,1.02877695e-190,2.44630781e-10,9.64934588e-14,7.17611362e-05,1.71411363e-07,5.27977883e-06,1.89665778e-19,4.63966136e-34,7.09801387e-49,2.87527138e-225,3.24213033e-17,3.56965266e-06,1.69739528e-05,3.60095931e-04,5.14419235e-09,2.15885642e-21,0.00000000e+00,0.00000000e+00,0.00000000e+00
4.69547138e-03,1.98440951e-01,1.46519414e+04,5.19845608e-33,2.85474312e-25,4.95146124e-44,1.72206708e-58,1.93808387e-75,6.20775389e-09,2.33200944e-50,7.42418528e-71,8.37686687e-84,2.34140728e-07,6.60291527e-30,1.22112594e-27,7.26477017e-14,1.19949293e-04,5.05471237e-07,3.98293156e-17,4.24965410e-36,4.66725497e-51,6.37517230e-10,0.00000000e+00,1.29208544e-48,1.43596950e-24,2.10565788e-06,1.36360320e-11,8.73978986e-19,1.95225271e-32,8.73544863e-46,5.24893543e-63,4.48632821e-80,7.12843754e-01,2.07080920e-17,1.08417154e-18,1.02772854e-05,6.91397590e-02,3.19855055e-65,7.24926427e-27,1.82962795e-20,6.43846264e-41,2.91019333e-54,2.37782396e-20,0.00000000e+00,3.41173300e-16,6.69661553e-05,4.10103705e-05,1.08807516e-13,5.06730374e-32,2.24033218e-42,6.16924012e-58,1.65920191e-176,1.22568059e-190,2.76071694e-10,9.82889211e-14,7.17611362e-05,1.71411363e-07,5.27977883e-06,1.93972069e-19,4.85285020e-34,7.59141711e-49,3.03127134e-225,4.08354952e-17,3.98816762e-06,1.78517253e-05,3.59972231e-04,4.19341995e-09,1.81102595e-21,0.00000000e+00,0.00000000e+00,0.00000000e+00
5.00320295e-03,1.98339200e-01,1.46294144e+04,4.64301154e-33,3.23202270e-25,5.02671232e-44,1.81398572e-58,2.07969848e-75,6.60830569e-09,1.86622723e-50,5.32370038e-71,8.29644261e-84,2.47965389e-07,5.89780192e-30,1.50270680e-27,8.18547184e-14,1.16508470e-04,4.61879841e-07,3.86277472e-17,3.69480232e-36,4.70801071e-51,7.22321103e-10,0.00000000e+00,1.37845998e-48,1.48384628e-24,2.23661047e-06,1.12412364e-11,8.34148525e-19,1.53660426e-32,3.92029155e-46,1.17285973e-63,7.04845442e-81,7.12838818e-01,1.86375593e-17,9.63449758e-19,1.02091524e-05,6.91397725e-02,3.21040774e-65,6.52395661e-27,1.73477967e-20,5.46585345e-41,2.92626823e-54,2.12485527e-20,0.00000000e+00,4.04455230e-16,6.99436266e-05,4.01460415e-05,1.15126417e-13,4.80878714e-32,2.24021882e-42,6.29813370e-58,1.93514857e-176,1.44532352e-190,3.11432079e-10,9.98665192e-14,7.17611362e-05,1.71411363e-07,5.27977883e-06,1.98078207e-19,5.06060182e-34,8.08256656e-49,3.17703148e-225,5.13419755e-17,4.45151438e-06,1.87604749e-05,3.59841236e-04,3.37889347e-09,1.50048647e-21,0.00000000e+00,0.00000000e+00,0.00000000e+00
5.33110262e-03,1.98230837e-01,1.46054491e+04,4.12141501e-33,3.65802317e-25,5.07105774e-44,1.90063416e-58,2.21568363e-75,7.03288400e-09,1.47523771e-50,3.74818058e-71,8.21073147e-84,2.62512127e-07,5.23518922e-30,1.83788081e-27,9.21688721e-14,1.12970686e-04,4.19790731e-07,3.72734977e-17,3.17706076e-36,4.74106072e-51,8.17945472e-10,0.00000000e+00,1.46475478e-48,1.53038000e-24,2.37522762e-06,9.14809385e-12,8.40750694e-19,1.35385157e-32,2.61512256e-46,4.22674034e-64,1.32570997e-81,7.12833703e-01,1.66826651e-17,8.50617618e-19,1.01377916e-05,6.91397863e-02,3.21995249e-65,5.83920189e-27,1.63440542e-20,4.58273546e-41,2.93815861e-54,1.88703644e-20,0.00000000e+00,4.78776817e-16,7.29691949e-05,3.92496923e-05,1.21768340e-13,4.53462854e-32,2.24009782e-42,6.41992420e-58,2.23631655e-176,1.68657399e-190,3.51175962e-10,1.01234799e-13,7.17611362e-05,1.71411363e-07,5.27977883e-06,2.01969410e-19,5.26150927e-34,8.56699988e-49,3.31086312e-225,6.44311096e-17,4.96372373e-06,1.96996187e-05,3.59702571e-04,2.69011472e-09,1.22765426e-21,0.00000000e+00,0.00000000e+00,0.00000000e+00
5.68049216e-03,1.98115438e-01,1.45799565e+04,3.63496083e-33,4.13885404e-25,5.08219954e-44,1.98092642e-58,2.34365336e-75,7.48282578e-09,1.15124947e-50,2.58876544e-71,8.11976968e-84,2.77807122e-07,4.61671150e-30,2.23351803e-27,1.03712676e-13,1.09341022e-04,3.79390537e-07,3.57777367e-17,2.70048415e-36,4.76727717e-51,9.25701790e-10,0.00000000e+00,1.54986819e-48,1.57517117e-24,2.52189475e-06,7.34944390e-12,8.57474952e-19,1.22036520e-32,2.01495270e-46,2.40894537e-64,4.28115050e-82,7.12828410e-01,1.48489184e-17,7.45900062e-19,1.00631234e-05,6.91398005e-02,3.22745686e-65,5.19692699e-27,1.52959752e-20,3.79250080e-41,2.94640040e-54,1.66496032e-20,0.00000000e+00,5.65893755e-16,7.60335226e-05,3.83219543e-05,1.28745910e-13,4.24785887e-32,2.23996871e-42,6.53420272e-58,2.55999224e-176,1.94732724e-190,3.95817351e-10,1.02406215e-13,7.17611362e-05,1.71411363e-07,5.27977883e-06,2.05633155e-19,5.45425994e-34,9.04030848e-49,3.43147595e-225,8.06985240e-17,5.52905126e-06,2.06683506e-05,3.59555850e-04,2.11562387e-09,9.91934411e-22,0.00000000e+00,0.00000000e+00,0.00000000e+00
6.05277998e-03,1.97992549e-01,1.45528420e+04,3.18454417e-33,4.68136219e-25,5.05841562e-44,2.05391115e-58,2.46131538e-75,7.95953474e-09,8.86391472e-51,1.75243392e-71,8.02353964e-84,2.93876076e-07,4.04350017e-30,2.69643992e-27,1.16620259e-13,1.05625527e-04,3.40851005e-07,3.41542035e-17,2.26787936e-36,4.78755696e-51,1.04704851e-09,0.00000000e+00,1.63255689e-48,1.61779453e-24,2.67700821e-06,5.83119937e-12,8.75761065e-19,1.09839346e-32,1.58887649e-46,1.61082341e-64,2.18251963e-82,7.12822940e-01,1.31404885e-17,6.49427376e-19,9.98507494e-06,6.91398151e-02,3.23318732e-65,4.59858890e-27,1.42154545e-20,3.09596623e-41,2.95151670e-54,1.45904080e-20,0.00000000e+00,6.67800103e-16,7.91260946e-05,3.73637116e-05,1.36072112e-13,3.95177541e-32,2.23983095e-42,6.64064142e-58,2.90220590e-176,2.22448480e-190,4.45924605e-10,1.03396468e-13,7.17611362e-05,1.71411363e-07,5.27977883e-06,2.09059441e-19,5.63766837e-34,9.49826907e-49,3.53804181e-225,1.00864617e-16,6.15196479e-06,2.16656271e-05,3.59400676e-04,1.64337062e-09,7.91835289e-22,0.00000000e+00,0.00000000e+00,0.00000000e+00
6.44946677e-03,1.97861691e-01,1.45240060e+04,2.77064290e-33,5.29321657e-25,4.99866931e-44,2.11880653e-58,2.56655583e-75,8.46448484e-09,6.72916946e-51,1.16162937e-71,7.92198105e-84,3.10743995e-07,3.51616107e-30,3.23312501e-27,1.31038103e-13,1.01831243e-04,3.04325319e-07,3.24190227e-17,1.88077317e-36,4.80278495e-51,1.18360533e-09,0.00000000e+00,1.71144618e-48,1.65780199e-24,2.84097430e-06,4.57364920e-12,8.93890512e-19,9.81898641e-33,1.24325790e-46,1.09633052e-64,1.26502094e-82,7.12817298e-01,1.15601207e-17,5.61232881e-19,9.90358097e-06,6.91398300e-02,3.23739820e-65,4.04514500e-27,1.31150954e-20,2.49152296e-41,2.95399917e-54,1.26950456e-20,0.00000000e+00,7.86750967e-16,8.22352046e-05,3.63761177e-05,1.43760365e-13,3.64986783e-32,2.23968400e-42,6.73900026e-58,3.25776366e-176,2.51401086e-190,5.02124985e-10,1.04223727e-13,7.17611362e-05,1.71411363e-07,5.27977883e-06,2.12241014e-19,5.81070606e-34,9.93697216e-49,3.63022927e-225,1.25796709e-16,6.83712598e-06,2.26901544e-05,3.59236642e-04,1.26108830e-09,6.25121031e-22,0.00000000e+00,0.00000000e+00,0.00000000e+00
6.87215161e-03,1.97722351e-01,1.44933430e+04,2.39330943e-33,5.98300202e-25,4.90270311e-44,2.17502703e-58,2.65751692e-75,8.99922409e-09,5.03385926e-51,7.53286580e-72,7.81500188e-84,3.28434955e-07,3.03476457e-30,3.84935616e-27,1.47125754e-13,9.79662318e-05,2.69944666e-07,3.05904336e-17,1.53944373e-36,4.81380261e-51,1.33716844e-09,0.00000000e+00,1.78504752e-48,1.69472657e-24,3.01420813e-06,3.55294217e-12,9.11700059e-19,8.70910240e-33,9.59245911e-47,7.34539374e-65,7.33325056e-83,7.12811488e-01,1.01090833e-17,4.81253095e-19,9.81858532e-06,6.91398453e-02,3.24032615e-65,3.53703478e-27,1.20079060e-20,1.97539459e-41,2.95429373e-54,1.09638730e-20,0.00000000e+00,9.25284980e-16,8.53479612e-05,3.53606089e-05,1.51824612e-13,3.34573331e-32,2.23952727e-42,6.82913186e-58,3.62038857e-176,2.81107220e-190,5.65109335e-10,1.04907801e-13,7.17611362e-05,1.71411363e-07,5.27977883e-06,2.15173510e-19,5.97252669e-34,1.03529404e-48,3.70820431e-225,1.56533852e-16,7.58936555e-06,2.37403780e-05,3.59063332e-04,9.56651372e-10,4.88990273e-22,0.00000000e+00,0.00000000e+00,0.00000000e+00
7.32253834e-03,1.97573988e-01,1.44607417e+04,2.05217331e-33,6.76032322e-25,4.77110945e-44,2.22220012e-58,2.73266202e-75,9.56537890e-09,3.70818895e-51,4.77419251e-72,7.70248853e-84,3.46971832e-07,2.59884934e-30,4.54981847e-27,1.65056480e-13,9.40395740e-05,2.37815166e-07,2.86884339e-17,1.24299975e-36,4.82138320e-51,1.50972667e-09,0.00000000e+00,1.85178405e-48,1.72808728e-24,3.19713218e-06,2.74263895e-12,9.29359620e-19,7.66310864e-33,7.28833222e-47,4.81433184e-65,4.14287136e-83,7.12805516e-01,8.78715134e-18,4.09330463e-19,9.73004204e-06,6.91398610e-02,3.24218593e-65,3.07417420e-27,1.09069642e-20,1.54198397e-41,2.95279084e-54,9.39534771e-21,0.00000000e+00,1.08624588e-15,8.84503145e-05,3.43189144e-05,1.60279448e-13,3.04298359e-32,2.23936013e-42,6.91098400e-58,3.98297878e-176,3.11025858e-190,6.35636821e-10,1.05469325e-13,7.17611362e-05,1.71411363e-07,5.27977883e-06,2.17855550e-19,6.12248548e-34,1.07432303e-48,3.77259587e-225,1.94314226e-16,8.41365130e-06,2.48144748e-05,3.58880322e-04,7.18398629e-10,3.80267399e-22,0.00000000e+00,0.00000000e+00,0.00000000e+00
7.80244249e-03,1.97416023e-01,1.44260845e+04,1.74645483e-33,7.63591969e-25,4.60537176e-44,2.26017112e-58,2.79082432e-75,1.01646590e-08,2.68816407e-51,2.95432985e-72,7.58431497e-84,3.66376022e-07,2.20744014e-30,5.33766493e-27,1.85017868e-13,9.00613609e-05,2.08015329e-07,2.67343469e-17,9.89525270e-37,4.82621298e-51,1.70347859e-09,0.00000000e+00,1.91002491e-48,1.75739508e-24,3.39017458e-06,2.11522081e-12,9.47111726e-19,6.68881950e-33,5.45095084e-47,3.08245585e-65,2.27039431e-83,7.12799388e-01,7.59262842e-18,3.45218652e-19,9.63791663e-06,6.91398770e-02,3.24316765e-65,2.65596339e-27,9.82506542e-21,1.18428318e-41,2.94982053e-54,7.98608946e-21,0.00000000e+00,1.27280225e-15,9.15271078e-05,3.32530632e-05,1.69140276e-13,2.74514767e-32,2.23918193e-42,6.98459965e-58,4.33797768e-176,3.40586910e-190,7.14539677e-10,1.05928993e-13,7.17611362e-05,1.71411363e-07,5.27977883e-06,2.20288740e-19,6.26015189e-34,1.11055117e-48,3.82442907e-225,2.40604811e-16,9.31504841e-06,2.59103493e-05,3.58687184e-04,5.35406522e-10,2.95592520e-22,0.00000000e+00,0.00000000e+00,0.00000000e+00
8.31379858e-03,1.97247845e-01,1.43892472e+04,1.47498970e-33,8.62179302e-25,4.40787000e-44,2.28899601e-58,2.83123606e-75,1.07988628e-08,1.91641923e-51,1.78321467e-72,7.46035078e-84,3.86667128e-07,1.85907951e-30,6.21407461e-27,2.07212303e-13,8.60426626e-05,1.80594163e-07,2.47503256e-17,7.76241847e-37,4.82888268e-51,1.92085036e-09,0.00000000e+00,1.95812851e-48,1.78215992e-24,3.59376710e-06,1.64345567e-12,9.65218999e-19,5.79160828e-33,4.01256397e-47,1.92114763e-65,1.21052360e-83,7.12793112e-01,6.52240681e-18,2.88590276e-19,9.54218734e-06,6.91398934e-02,3.24343529e-65,2.28130793e-27,8.77436642e-21,8.94316665e-42,2.94565156e-54,6.73099021e-21,0.00000000e+00,1.48846442e-15,9.45621556e-05,3.21653856e-05,1.78423510e-13,2.45557425e-32,2.23899196e-42,7.05011439e-58,4.67783349e-176,3.69223933e-190,8.02727833e-10,1.06306914e-13,7.17611362e-05,1.71411363e-07,5.27977883e-06,2.22477599e-19,6.38531469e-34,1.14381199e-48,3.86503239e-225,2.97132833e-16,1.02986713e-05,2.70256330e-05,3.58483484e-04,3.97701686e-10,2.31597486e-22,0.00000000e+00,0.00000000e+00,0.00000000e+00
8.85866790e-03,1.97068803e-01,1.43500993e+04,1.23626395e-33,9.73134768e-25,4.18184647e-44,2.30892261e-58,2.85353750e-75,1.14698844e-08,1.34267608e-51,1.04880954e-72,7.33046821e-84,4.07862629e-07,1.55187268e-30,7.17783613e-27,2.31857334e-13,8.19954779e-05,1.55570063e-07,2.27588082e-17,5.99722386e-37,4.82988437e-51,2.16451436e-09,0.00000000e+00,1.99449447e-48,1.80189882e-24,3.80834272e-06,1.30154394e-12,9.83952685e-19,4.97440078e-33,2.91406568e-47,1.06664367e-65,6.67875217e-84,7.12786698e-01,5.57206600e-18,2.39046814e-19,9.44284645e-06,6.91399101e-02,3.24312662e-65,1.94865354e-27,7.76604352e-21,6.63586634e-42,2.94049432e-54,5.62337175e-21,0.00000000e+00,1.73709704e-15,9.75383514e-05,3.10585105e-05,1.88146826e-13,2.17733867e-32,2.23878949e-42,7.10775114e-58,4.99550890e-176,3.96407616e-190,9.01193332e-10,1.06622104e-13,7.17611362e-05,1.71411363e-07,5.27977883e-06,2.24429404e-19,6.49797934e-34,1.17400793e-48,3.89592883e-225,3.65918130e-16,1.13696270e-05,2.81576889e-05,3.58268788e-04,2.96406357e-10,1.85057636e-22,0.00000000e+00,0.00000000e+00,0.00000000e+00
9.43924684e-03,1.96878205e-01,1.43085029e+04,1.02845825e-33,1.09795466e-24,3.93132974e-44,2.32036169e-58,2.85776620e-75,1.21797203e-08,9.23852966e-52,6.00482900e-73,7.19454820e-84,4.29977523e-07,1.28354391e-30,8.22499540e-27,2.59185850e-13,7.79326604e-05,1.32930559e-07,2.07819486e-17,4.56095588e-37,4.82961487e-51,2.43740843e-09,0.00000000e+00,2.01762352e-48,1.81614500e-24,4.03433293e-06,1.06599506e-12,1.00358975e-18,4.23793451e-33,2.12639634e-47,1.33745385e-67,7.39589338e-84,7.12780155e-01,4.73600614e-18,1.96130339e-19,9.33990155e-06,6.91399271e-02,3.24235414e-65,1.65603292e-27,6.80998061e-21,4.83490927e-42,2.93450617e-54,4.65518486e-21,0.00000000e+00,2.02292598e-15,1.00437807e-04,2.99353556e-05,1.98329464e-13,1.91316138e-32,2.23857392e-42,7.15781254e-58,5.28498700e-176,4.21676395e-190,1.01101436e-09,1.06892149e-13,7.17611362e-05,1.71411363e-07,5.27977883e-06,2.26153959e-19,6.59835778e-34,1.20110965e-48,3.91872249e-225,4.49305207e-16,1.25329490e-05,2.93036207e-05,3.58042664e-04,2.23815874e-10,1.53012297e-22,0.00000000e+00,0.00000000e+00,0.00000000e+00
1.00578757e-02,1.96675319e-01,1.42643130e+04,8.49499826e-34,1.23830837e-24,3.66101739e-44,2.32385061e-58,2.84432902e-75,1.29304788e-08,6.23868408e-52,3.34335814e-73,7.05248583e-84,4.53023951e-07,1.05150263e-30,9.34861049e-27,2.89446050e-13,7.38678227e-05,1.12632987e-07,1.88410443e-17,3.41262466e-37,4.82838281e-51,2.74275542e-09,0.00000000e+00,2.02618349e-48,1.82445782e-24,4.27216446e-06,9.16215937e-13,1.02441284e-18,3.58108294e-33,1.27062071e-47,1.23709436e-64,0.00000000e+00,7.12773495e-01,4.00761230e-18,1.59336638e-19,9.23337674e-06,6.91399444e-02,3.24120701e-65,1.40112350e-27,5.91450443e-21,3.45688607e-42,2.92779853e-54,3.81724301e-21,0.00000000e+00,2.35053774e-15,1.03242022e-04,2.87991126e-05,2.08992604e-13,1.66536926e-32,2.23834469e-42,7.20067094e-58,5.54171165e-176,4.44660814e-190,1.13335874e-09,1.07133028e-13,7.17611362e-05,1.71411363e-07,5.27977883e-06,2.27663290e-19,6.68685118e-34,1.22515252e-48,3.93499243e-225,5.49993268e-16,1.37935231e-05,3.04602877e-05,3.57804682e-04,1.73412446e-10,1.32850699e-22,0.00000000e+00,0.00000000e+00,0.00000000e+00
1.07170483e-02,1.96459366e-01,1.42173772e+04,6.97120263e-34,1.39605742e-24,3.37612097e-44,2.32001268e-58,2.81396024e-75,1.37243896e-08,4.13196059e-52,1.80851153e-73,6.90419516e-84,4.77010801e-07,8.52916450e-31,1.05386561e-26,3.22901148e-13,6.98152154e-05,9.46060876e-08,1.69559880e-17,2.51091581e-37,4.82642046e-51,3.08408293e-09,0.00000000e+00,2.01907921e-48,1.82643356e-24,4.52225570e-06,8.34821100e-13,1.04671233e-18,3.00122552e-33,0.00000000e+00,3.24023934e-63,0.00000000e+00,7.12766730e-01,3.37944342e-18,1.28129146e-19,9.12331379e-06,6.91399620e-02,3.23975347e-65,1.18131375e-27,5.08618128e-21,2.42394801e-42,2.92044454e-54,3.09948169e-21,0.00000000e+00,2.72486924e-15,1.05932092e-04,2.76532251e-05,2.20159809e-13,1.43621130e-32,2.23809735e-42,7.23675666e-58,5.76290245e-176,4.65099097e-190,1.26948666e-09,1.07359111e-13,7.17611362e-05,1.71411363e-07,5.27977883e-06,2.28971280e-19,6.76402678e-34,1.24623054e-48,3.94620410e-225,6.71061917e-16,1.51560034e-05,3.16243246e-05,3.57554423e-04,1.39823658e-10,1.22363632e-22,0.00000000e+00,5.35005961e-44,0.00000000e+00
1.14194217e-02,1.96229521e-01,1.41675352e+04,5.68916759e-34,1.57327663e-24,3.08217989e-44,2.30951545e-58,2.76767006e-75,1.45638160e-08,2.68237338e-52,9.49538394e-74,6.74961385e-84,5.01943295e-07,6.84788393e-31,1.17821143e-26,3.59828758e-13,6.57895834e-05,7.87524910e-08,1.51447671e-17,1.81587094e-37,4.82389506e-51,3.46524295e-09,0.00000000e+00,1.99552283e-48,1.82171663e-24,4.78501256e-06,8.07698134e-13,1.07079018e-18,2.49503601e-33,3.87655765e-48,1.67864057e-62,0.00000000e+00,7.12759874e-01,2.84343871e-18,1.01953162e-19,9.00977325e-06,6.91399797e-02,3.23804373e-65,9.93775597e-28,4.32968672e-21,1.66594466e-42,2.91248678e-54,2.49123289e-21,0.00000000e+00,3.15118607e-15,1.08488938e-04,2.65013603e-05,2.31857563e-13,1.23249119e-32,2.23791395e-42,7.26654474e-58,5.94769743e-176,4.82842640e-190,1.42075238e-09,1.07583281e-13,7.17611362e-05,1.71411363e-07,5.27977883e-06,2.30093269e-19,6.83058994e-34,1.26448830e-48,3.95364537e-225,8.15989618e-16,1.66247214e-05,3.27921680e-05,3.57291480e-04,1.18737278e-10,1.19764263e-22,0.00000000e+00,0.00000000e+00,0.00000000e+00
1.21678272e-02,1.95984908e-01,1.41146189e+04,4.62414501e-34,1.77227760e-24,2.78485366e-44,2.29303153e-58,2.70668795e-75,1.54512690e-08,1.70580267e-52,4.83485532e-74,6.58870760e-84,5.27822555e-07,5.44034932e-31,1.30632775e-26,4.00519909e-13,6.18059987e-05,6.49520114e-08,1.34230366e-17,1.29020334e-37,4.82092264e-51,3.89043087e-09,0.00000000e+00,1.95510048e-48,1.81001115e-24,5.06082380e-06,8.23878198e-13,1.09696574e-18,2.06374381e-33,1.19933351e-44,0.00000000e+00,4.73162924e-80,7.12752941e-01,2.39113304e-18,8.02497242e-20,8.89283541e-06,6.91399976e-02,3.23611287e-65,8.35540010e-28,3.64775563e-21,1.12172885e-42,2.90394415e-54,1.98150337e-21,0.00000000e+00,3.63504661e-15,1.10893575e-04,2.53473739e-05,2.44115896e-13,1.03044192e-32,2.24167865e-42,7.29053000e-58,6.09709969e-176,4.97851642e-190,1.58860466e-09,1.07817180e-13,7.17611362e-05,1.71411363e-07,5.27977883e-06,2.31045615e-19,6.88735312e-34,1.28011139e-48,3.95839027e-225,9.88661241e-16,1.82035873e-05,3.39600880e-05,3.57015461e-04,1.06785598e-10,1.23683842e-22,0.00000000e+00,0.00000000e+00,0.00000000e+00
1.29652816e-02,1.95724599e-01,1.40584522e+04,3.75127614e-34,1.99563475e-24,2.48970438e-44,2.27120463e-58,2.63240505e-75,1.63894232e-08,1.06209031e-52,2.38566085e-74,6.42147455e-84,5.54645170e-07,4.27561812e-31,1.43642722e-26,4.45277621e-13,5.78796727e-05,5.30655993e-08,1.18037836e-17,9.00223048e-38,4.81757946e-51,4.36420365e-09,0.00000000e+00,1.89783065e-48,1.79109239e-24,5.35005584e-06,8.75269261e-13,1.12558327e-18,1.68272353e-33,1.07074779e-43,0.00000000e+00,0.00000000e+00,7.12745946e-01,2.01387280e-18,6.24686031e-20,8.77260114e-06,6.91400156e-02,3.23398368e-65,7.03572647e-28,3.04121494e-21,7.39682954e-43,2.89481791e-54,1.55924551e-21,0.00000000e+00,4.18224974e-15,1.13127406e-04,2.41952692e-05,2.56969133e-13,0.00000000e+00,2.28736227e-42,7.30944095e-58,6.21373462e-176,5.10182396e-190,1.77458556e-09,1.08071521e-13,7.17611362e-05,1.71411363e-07,5.27977883e-06,2.31845251e-19,6.93520333e-34,1.29331607e-48,3.96128924e-225,1.19336031e-15,1.98959862e-05,3.51242258e-05,3.56725998e-04,1.01412631e-10,1.33149350e-22,0.00000000e+00,0.00000000e+00,0.00000000e+00
1.38149996e-02,1.95447611e-01,1.39988503e+04,3.04616314e-34,2.24621444e-24,2.20198266e-44,2.24462284e-58,2.54631912e-75,1.73811369e-08,6.47198816e-53,1.14004965e-74,6.24794970e-84,5.82402742e-07,3.32334535e-31,1.56657903e-26,4.94414993e-13,5.40257509e-05,4.29397834e-08,1.02971009e-17,6.16696606e-38,4.81391046e-51,4.89149637e-09,0.00000000e+00,1.82420893e-48,1.76481781e-24,5.65304705e-06,9.56309834e-13,1.15702134e-18,0.00000000e+00,2.83037756e-44,1.35329124e-59,1.20418217e-80,7.12738904e-01,1.70302325e-18,4.80799063e-20,8.64919256e-06,6.91400336e-02,3.23166930e-65,5.94846543e-28,2.50909607e-21,4.77579499e-43,2.88509647e-54,1.21360984e-21,0.00000000e+00,4.79876350e-15,1.15172530e-04,2.30491504e-05,2.70456767e-13,0.00000000e+00,2.64205636e-42,7.32497501e-58,6.30145521e-176,5.19968761e-190,1.98032727e-09,1.08356468e-13,7.17611362e-05,1.71411363e-07,5.27977883e-06,2.32509251e-19,6.97506981e-34,1.30433872e-48,3.96298143e-225,1.43474082e-15,2.17046701e-05,3.62806355e-05,3.56422750e-04,1.00736372e-10,1.47550483e-22,0.00000000e+00,0.00000000e+00,0.00000000e+00
1.47204064e-02,1.95152900e-01,1.39356202e+04,2.48538106e-34,2.52720751e-24,1.92643080e-44,2.21380050e-58,2.44998480e-75,1.84294744e-08,3.85870568e-53,5.27430075e-75,6.06820939e-84,6.11081434e-07,2.55440881e-31,1.69479908e-26,5.48252720e-13,5.02590932e-05,3.44113914e-08,8.91007556e-18,4.14688243e-38,4.80993914e-51,5.47763673e-09,0.00000000e+00,1.73523402e-48,1.73113730e-24,5.97010130e-06,1.06359471e-12,1.19170410e-18,0.00000000e+00,0.00000000e+00,6.38224669e-58,6.15658907e-78,7.12731833e-01,1.45015937e-18,3.65838944e-20,8.52275355e-06,6.91400516e-02,3.22917537e-65,5.06408958e-28,2.04881867e-21,3.01927536e-43,2.87475902e-54,9.34169614e-22,0.00000000e+00,5.49063232e-15,1.17012075e-04,2.19131711e-05,2.84624473e-13,0.00000000e+00,6.14558300e-42,7.35313646e-58,6.36485738e-176,5.27400739e-190,2.20754646e-09,1.08682021e-13,7.17611362e-05,1.71411363e-07,5.27977883e-06,2.33054424e-19,7.00789338e-34,1.31342571e-48,3.96392226e-225,1.71777288e-15,2.36316486e-05,3.74253314e-05,3.56105411e-04,1.03416136e-10,1.66602926e-22,0.00000000e+00,0.00000000e+00,0.00000000e+00
1.56851516e-02,1.94839364e-01,1.38685605e+04,2.04691253e-34,2.84216582e-24,1.66711617e-44,2.17916864e-58,2.34497108e-75,1.95377331e-08,2.25085797e-53,2.36212818e-75,5.88237581e-84,6.40661524e-07,1.94143305e-31,1.81915116e-26,6.07116003e-13,4.65940461e-05,2.73123241e-08,7.64679764e-18,2.73745318e-38,4.80567374e-51,6.12835664e-09,0.00000000e+00,1.63241030e-48,1.69010204e-24,6.30148111e-06,1.19551383e-12,1.23011462e-18,2.18536913e-31,0.00000000e+00,8.30000776e-57,1.04083701e-76,7.12724748e-01,1.24723311e-18,2.75187221e-20,8.39345005e-06,6.91400696e-02,3.22650198e-65,4.35439939e-28,1.65643273e-21,1.86972598e-43,2.86377829e-54,7.11109861e-22,0.00000000e+00,6.26386065e-15,1.18630533e-04,2.07914801e-05,2.99525302e-13,0.00000000e+00,4.35576874e-41,7.55313890e-58,6.40878030e-176,5.32702940e-190,2.45803593e-09,1.09058418e-13,7.17611362e-05,1.71411363e-07,5.27977883e-06,2.33496954e-19,7.03459886e-34,1.32082421e-48,3.96441886e-225,2.04765588e-15,2.56780810e-05,3.85543379e-05,3.55773716e-04,1.08532283e-10,1.90313828e-22,0.00000000e+00,0.00000000e+00,0.00000000e+00
1.67131243e-02,1.94505834e-01,1.37974609e+04,1.71049218e-34,3.19504340e-24,1.42730551e-44,2.14107326e-58,2.23282664e-75,2.07094754e-08,1.28487519e-53,1.02448424e-75,5.69062153e-84,6.71116956e-07,1.45919775e-31,1.93785114e-26,6.71330774e-13,4.30442118e-05,2.14741597e-08,6.50848151e-18,1.77245853e-38,4.80111216e-51,6.84980016e-09,0.00000000e+00,1.51772304e-48,1.64187181e-24,6.64740001e-06,1.35193330e-12,1.27281074e-18,0.00000000e+00,7.64155348e-40,0.00000000e+00,9.87427830e-77,7.12717666e-01,1.08671167e-18,2.04659556e-20,8.26147012e-06,6.91400874e-02,3.22364504e-65,3.79300676e-28,1.32690213e-21,1.13511641e-43,2.85212231e-54,5.35375467e-22,0.00000000e+00,7.12427075e-15,1.20014092e-04,1.96881636e-05,3.15221066e-13,0.00000000e+00,5.44186725e-40,8.36336251e-58,6.43786329e-176,5.36115150e-190,2.73365280e-09,1.09496521e-13,7.17611362e-05,1.71411363e-07,5.27977883e-06,2.33852088e-19,7.05607147e-34,1.32677421e-48,3.96466682e-225,2.42969292e-15,2.78441720e-05,3.96637419e-05,3.55427449e-04,1.15482799e-10,2.18954107e-22,0.00000000e+00,0.00000000e+00,0.00000000e+00
1.78084683e-02,1.94151074e-01,1.37221026e+04,1.45785369e-34,3.59024314e-24,1.20938804e-44,2.09978030e-58,2.11505346e-75,2.19485652e-08,7.18235859e-54,4.30736093e-76,5.49317387e-84,7.02414907e-07,1.08492332e-31,2.04936495e-26,7.41219202e-13,3.96222203e-05,1.67323812e-08,5.49368920e-18,1.12940155e-38,4.79624510e-51,7.64852672e-09,0.00000000e+00,1.39358437e-48,1.58671988e-24,7.00801444e-06,1.53393586e-12,1.32044409e-18,0.00000000e+00,1.56169905e-42,0.00000000e+00,1.54968910e-79,7.12710604e-01,9.61683151e-19,1.50538569e-20,8.12702373e-06,6.91401049e-02,3.22059743e-65,3.35570431e-28,1.05441084e-21,6.76630192e-44,2.83975568e-54,3.98775691e-22,0.00000000e+00,8.07733347e-15,1.21150965e-04,1.86071877e-05,3.31783948e-13,0.00000000e+00,5.37075374e-40,1.04820427e-57,6.45621338e-176,5.37876379e-190,3.03630295e-09,1.10008195e-13,7.17611362e-05,1.71411363e-07,5.27977883e-06,2.34133904e-19,7.07313801e-34,1.33150216e-48,3.96478351e-225,2.86912017e-15,3.01290754e-05,4.07497473e-05,3.55066451e-04,1.23898618e-10,2.53040959e-22,0.00000000e+00,0.00000000e+00,0.00000000e+00
1.89755988e-02,1.93773775e-01,1.36422584e+04,1.27287699e-34,4.03266996e-24,1.01485018e-44,2.05548540e-58,1.99308798e-75,2.32592129e-08,3.93650693e-54,1.75893527e-76,5.29031918e-84,7.34515382e-07,7.98433186e-32,2.15249120e-26,8.17094434e-13,3.63395138e-05,1.29300388e-08,4.59863759e-18,7.05364889e-39,4.79105873e-51,8.53150865e-09,0.00000000e+00,1.26274964e-48,1.52503557e-24,7.38341504e-06,1.74362755e-12,1.37378282e-18,0.00000000e+00,2.30612434e-44,0.00000000e+00,1.69203978e-82,7.12703578e-01,8.65927853e-19,1.09585430e-20,7.99034239e-06,6.91401222e-02,3.21734978e-65,3.02071413e-28,8.32671308e-22,3.96988042e-44,2.82664029e-54,2.94044735e-22,0.00000000e+00,9.12797088e-15,1.22031689e-04,1.75523413e-05,3.49298387e-13,0.00000000e+00,5.37311639e-40,1.21309116e-57,6.46721082e-176,5.38212993e-190,3.36792118e-09,1.10606662e-13,7.17611362e-05,1.71411363e-07,5.27977883e-06,2.34355135e-19,7.08655313e-34,1.33521619e-48,3.96483506e-225,3.37088622e-15,3.25308086e-05,4.18087278e-05,3.54690627e-04,1.33577408e-10,2.93332784e-22,0.00000000e+00,0.00000000e+00,0.00000000e+00
2.02192206e-02,1.93372555e-01,1.35576925e+04,1.14164122e-34,4.52779175e-24,8.44302626e-45,2.00832664e-58,1.86828897e-75,2.46460264e-08,2.11981296e-54,6.99826504e-77,5.08240674e-84,7.67370818e-07,5.82201902e-32,2.24642027e-26,8.99254552e-13,3.32061481e-05,9.92074048e-09,3.81756861e-18,0.00000000e+00,4.78553572e-51,9.50612174e-09,0.00000000e+00,1.12820708e-48,1.45732363e-24,7.77361743e-06,1.98401093e-12,1.43373950e-18,0.00000000e+00,5.00696145e-47,0.00000000e+00,1.12270847e-85,7.12696605e-01,7.93956362e-19,7.90327137e-21,7.85167837e-06,6.91401392e-02,3.21389101e-65,2.76881990e-28,6.55218078e-22,2.30109613e-44,2.81273580e-54,2.14861468e-22,0.00000000e+00,1.02803310e-14,1.22649391e-04,1.65271815e-05,3.67863276e-13,0.00000000e+00,5.37202081e-40,1.34040058e-57,6.47344962e-176,5.37330787e-190,3.73044644e-09,1.11306844e-13,7.17611362e-05,1.71411363e-07,5.27977883e-06,2.34527071e-19,7.09699049e-34,1.33810297e-48,3.96485634e-225,3.93937747e-15,3.50461818e-05,4.28372788e-05,3.54299959e-04,1.44434225e-10,3.40838188e-22,0.00000000e+00,0.00000000e+00,0.00000000e+00
2.15443469e-02,1.92945955e-01,1.34681611e+04,1.05239140e-34,5.08170968e-24,6.97553891e-45,1.95839878e-58,1.74193089e-75,2.61140718e-08,1.12519580e-54,2.72613724e-77,4.86985224e-84,8.00925728e-07,4.21301066e-32,2.33076394e-26,9.87975758e-13,3.02306220e-05,7.57087263e-09,3.14315900e-18,0.00000000e+00,4.77966279e-51,1.05801277e-08,0.00000000e+00,9.93045792e-49,1.38420052e-24,8.17855252e-06,2.25891956e-12,1.50140543e-18,0.00000000e+00,9.64436023e-50,0.00000000e+00,7.50335613e-89,7.12689700e-01,7.41016341e-19,5.65615054e-21,7.71130382e-06,6.91401557e-02,3.21020864e-65,2.58338951e-28,5.15669661e-22,1.32482262e-44,2.79799990e-54,1.55832471e-22,0.00000000e+00,1.15375354e-14,1.23000018e-04,1.55349831e-05,3.87594536e-13,0.00000000e+00,5.37083845e-40,1.43759966e-57,6.47678744e-176,5.35410512e-190,4.12579199e-09,1.12125701e-13,7.17611362e-05,1.71411363e-07,5.27977883e-06,2.34659530e-19,7.10503870e-34,1.34032608e-48,3.96486452e-225,4.57808908e-15,3.76707452e-05,4.38322660e-05,3.53894513e-04,1.56466462e-10,3.96840302e-22,0.00000000e+00,0.00000000e+00,0.00000000e+00
2.29563192e-02,1.92492431e-01,1.33734126e+04,9.95431835e-35,5.70123979e-24,5.73720416e-45,1.90576749e-58,1.61520138e-75,2.76689457e-08,5.91521729e-55,1.04722242e-77,4.65314069e-84,8.35116383e-07,3.03260566e-32,2.40555301e-26,1.08350478e-12,2.74197371e-05,5.76102142e-09,2.56694294e-18,0.00000000e+00,4.87135735e-51,1.17616465e-08,0.00000000e+00,8.60310194e-49,1.30638715e-24,8.59805648e-06,2.57300723e-12,1.57809339e-18,0.00000000e+00,1.23724692e-52,0.00000000e+00,2.55663604e-92,7.12682879e-01,7.03071899e-19,4.02663475e-21,7.56950946e-06,6.91401717e-02,3.20628908e-65,2.45030167e-28,4.07946265e-22,7.63241769e-45,2.78238848e-54,1.12444502e-22,0.00000000e+00,1.29014028e-14,1.23082504e-04,1.45786939e-05,4.08628156e-13,0.00000000e+00,5.36958098e-40,1.51106234e-57,6.47846492e-176,5.32606146e-190,4.55580971e-09,1.13082560e-13,7.17611362e-05,1.71411363e-07,5.27977883e-06,2.34760877e-19,7.11120137e-34,1.34202567e-48,3.96486742e-225,5.28924381e-15,4.03987571e-05,4.47908684e-05,3.53474450e-04,1.69730334e-10,4.62937986e-22,0.00000000e+00,0.00000000e+00,0.00000000e+00
2.44608294e-02,1.92010358e-01,1.32731879e+04,9.62962992e-35,6.39400833e-24,4.71363147e-45,1.85048265e-58,1.48920148e-75,2.93168587e-08,3.10060746e-55,4.00737842e-78,4.43282844e-84,8.69870541e-07,2.17866418e-32,2.47120365e-26,1.18605058e-12,2.47784941e-05,4.38663741e-09,2.07972577e-18,4.50600440e-29,0.00000000e+00,1.30591182e-08,0.00000000e+00,7.32851182e-49,1.22469820e-24,9.03186052e-06,2.93178512e-12,1.66539130e-18,0.00000000e+00,1.31196387e-55,0.00000000e+00,8.58612457e-96,7.12676156e-01,6.76760981e-19,2.86120146e-21,7.42660307e-06,6.91401872e-02,3.20211764e-65,2.35779567e-28,3.26437010e-22,4.44261178e-45,2.76585568e-54,8.09939287e-23,0.00000000e+00,1.43721500e-14,1.22898882e-04,1.36608956e-05,4.31123787e-13,0.00000000e+00,5.36823039e-40,1.56610239e-57,6.47925352e-176,5.29045164e-190,5.02224854e-09,1.14199439e-13,7.17611362e-05,1.71411363e-07,5.27977883e-06,2.34838106e-19,7.11590058e-34,1.34331929e-48,3.96486838e-225,6.07336587e-15,4.32231762e-05,4.57106170e-05,3.53040034e-04,1.84326258e-10,5.41106069e-22,0.00000000e+00,0.00000000e+00,0.00000000e+00
2.60639420e-02,1.91498019e-01,1.31672211e+04,9.48879399e-35,7.16856414e-24,3.88638990e-45,1.79259033e-58,1.36494728e-75,3.10647347e-08,1.63529598e-55,1.54859860e-78,4.20954435e-84,9.05107212e-07,1.56917045e-32,2.52845667e-26,1.29577543e-12,2.23100374e-05,3.35803251e-09,1.67197212e-18,5.33993430e-28,0.00000000e+00,1.44812510e-08,0.00000000e+00,6.13185594e-49,1.14002790e-24,9.47958051e-06,3.34170148e-12,1.76523009e-18,0.00000000e+00,0.00000000e+00,0.00000000e+00,0.00000000e+00,7.12669545e-01,6.59336712e-19,2.03858909e-21,7.28290782e-06,6.91402021e-02,3.19767867e-65,2.29626500e-28,2.66114782e-22,2.64347914e-45,2.74835406e-54,5.85008830e-23,0.00000000e+00,1.59480797e-14,1.22454324e-04,1.27837750e-05,4.55269007e-13,0.00000000e+00,5.36679824e-40,1.60706115e-57,6.47959872e-176,5.24830138e-190,5.52670694e-09,1.15501386e-13,7.17611362e-05,1.71411363e-07,5.27977883e-06,2.34896942e-19,7.11948282e-34,1.34430338e-48,3.96486866e-225,6.92882471e-15,4.61356801e-05,4.65894236e-05,3.52591646e-04,2.00390817e-10,6.33777926e-22,0.00000000e+00,0.00000000e+00,0.00000000e+00
2.77721193e-02,1.90953607e-01,1.30552402e+04,9.48544821e-35,8.03451163e-24,3.23451967e-45,1.73214303e-58,1.24337188e-75,3.29203281e-08,8.77849569e-56,6.14883366e-79,3.98398965e-84,9.40736496e-07,1.13956518e-32,2.57829705e-26,1.41278554e-12,2.00156408e-05,2.59978841e-09,1.33414730e-18,0.00000000e+00,5.78569758e-47,1.60369553e-08,0.00000000e+00,5.03375931e-49,1.05333258e-24,9.94070679e-06,3.81026061e-12,1.87997012e-18,0.00000000e+00,0.00000000e+00,0.00000000e+00,0.00000000e+00,7.12663057e-01,6.48597893e-19,1.46490282e-21,7.13876022e-06,6.91402163e-02,3.19295548e-65,2.25801328e-28,2.22598998e-22,1.62891628e-45,2.72983457e-54,4.26147349e-23,0.00000000e+00,1.76252583e-14,1.21757105e-04,1.19491023e-05,4.81284443e-13,0.00000000e+00,5.36527375e-40,1.63741374e-57,6.47973875e-176,5.20041198e-190,6.07057917e-09,1.17016803e-13,7.17611362e-05,1.71411363e-07,5.27977883e-06,2.34941984e-19,7.12222674e-34,1.34505544e-48,3.96486874e-225,7.85136745e-15,4.91267108e-05,4.74256032e-05,3.52129794e-04,2.18093525e-10,7.43955266e-22,0.00000000e+00,0.00000000e+00,0.00000000e+00
2.95922471e-02,1.90375218e-01,1.29369682e+04,9.58561406e-35,9.00266958e-24,2.73594608e-45,1.66920835e-58,1.12532684e-75,3.48923607e-08,4.86136488e-56,2.55977357e-79,3.75693646e-84,9.76659466e-07,8.40039365e-33,2.62186257e-26,1.53712136e-12,1.78947412e-05,2.04972998e-09,1.05700467e-18,0.00000000e+00,1.38052640e-46,1.77352613e-08,0.00000000e+00,4.04941149e-49,9.65610429e-25,1.04145942e-05,4.34618060e-12,2.01251179e-18,0.00000000e+00,1.18539318e-57,0.00000000e+00,0.00000000e+00,7.12656705e-01,6.42814586e-19,1.06887811e-21,6.99450798e-06,6.91402299e-02,3.18793040e-65,2.23699310e-28,1.92173137e-22,1.05261907e-45,2.71024672e-54,3.15177724e-23,0.00000000e+00,1.93971954e-14,1.20818500e-04,1.11582196e-05,5.09429926e-13,0.00000000e+00,5.36365267e-40,1.65988443e-57,6.47979111e-176,5.14738920e-190,6.65499605e-09,1.18777777e-13,7.17611362e-05,1.71411363e-07,5.27977883e-06,2.34976851e-19,7.12435186e-34,1.34563644e-48,3.96486876e-225,8.83366909e-15,5.21855485e-05,4.82178866e-05,3.51655119e-04,2.37637089e-10,8.75352184e-22,0.00000000e+00,0.00000000e+00,0.00000000e+00
3.15316623e-02,1.89760850e-01,1.28121237e+04,9.76546276e-35,1.00852618e-23,2.36871182e-45,1.60387615e-58,1.01158239e-75,3.69906845e-08,2.81619308e-56,1.14093969e-79,3.52922467e-84,1.01276812e-06,6.32933569e-33,2.66035061e-26,1.66874778e-12,1.59450190e-05,1.65759715e-09,8.31812338e-19,0.00000000e+00,5.36141119e-47,1.95852181e-08,0.00000000e+00,3.18806804e-49,8.77878738e-25,1.09004529e-05,4.95959157e-12,2.16643795e-18,0.00000000e+00,0.00000000e+00,0.00000000e+00,0.00000000e+00,7.12650500e-01,6.40653502e-19,7.97502933e-22,6.85050767e-06,6.91402426e-02,3.18258467e-65,2.22854451e-28,1.71765217e-22,7.20595695e-46,2.68953864e-54,2.38322925e-23,0.00000000e+00,2.12545364e-14,1.19652600e-04,1.04120391e-05,5.40011958e-13,0.00000000e+00,5.36192385e-40,1.67656358e-57,6.47980906e-176,5.08967359e-190,7.28076047e-09,1.20820405e-13,7.17611362e-05,1.71411363e-07,5.27977883e-06,2.35004330e-19,7.12602753e-34,1.34609331e-48,3.96486876e-225,9.86493571e-15,5.53004120e-05,4.89654231e-05,3.51168407e-04,2.59260322e-10,1.03258339e-21,0.00000000e+00,0.00000000e+00,0.00000000e+00
3.35981829e-02,1.89108400e-01,1.26804227e+04,1.00092574e-34,1.12961477e-23,2.11195492e-45,1.53626453e-58,9.02826165e-76,3.92264733e-08,1.72722803e-56,5.54402197e-80,3.30175702e-84,1.04894539e-06,4.90345454e-33,2.69493188e-26,1.80754455e-12,1.41625189e-05,1.38354235e-09,6.50516891e-19,0.00000000e+00,1.01238949e-46,2.15957733e-08,0.00000000e+00,2.45299093e-49,7.91149590e-25,1.13973399e-05,5.66227937e-12,2.34619834e-18,0.00000000e+00,2.88719691e-57,0.00000000e+00,0.00000000e+00,7.12644451e-01,6.41106817e-19,6.12126589e-22,6.70712222e-06,6.91402547e-02,3.17689845e-65,2.22914546e-28,1.58900059e-22,5.25602951e-46,2.66765722e-54,1.85348388e-23,0.00000000e+00,2.31847798e-14,1.18276066e-04,9.71105028e-06,5.73392833e-13,0.00000000e+00,5.36008233e-40,1.68902001e-57,6.47981467e-176,5.02757019e-190,7.94827901e-09,1.23185093e-13,7.17611362e-05,1.71411363e-07,5.27977883e-06,2.35026525e-19,7.12738164e-34,1.34646142e-48,3.96486876e-225,1.09306033e-14,5.84585859e-05,4.96677756e-05,3.50670598e-04,2.83243235e-10,1.22141047e-21,0.00000000e+00,0.00000000e+00,0.00000000e+00
3.58001389e-02,1.88415658e-01,1.25415798e+04,1.03075462e-34,1.26511025e-23,1.94662071e-45,1.46652465e-58,7.99660431e-76,4.16124495e-08,1.12983511e-56,2.96963787e-80,3.07549216e-84,1.08506523e-06,3.92018829e-33,2.72667749e-26,1.95329725e-12,1.25418095e-05,1.19658168e-09,5.05848855e-19,0.00000000e+00,1.79040715e-46,2.37756306e-08,0.00000000e+00,1.84182754e-49,7.06404552e-25,1.19041521e-05,6.46798200e-12,2.55734948e-18,0.00000000e+00,0.00000000e+00,0.00000000e+00,0.00000000e+00,7.12638567e-01,6.43427330e-19,4.85129498e-22,6.56471832e-06,6.91402659e-02,3.17085074e-65,2.23618487e-28,1.51633671e-22,4.08621568e-46,2.64454828e-54,1.48802902e-23,0.00000000e+00,2.51720380e-14,1.16707818e-04,9.05533657e-06,6.10001828e-13,0.00000000e+00,5.35812082e-40,1.69840369e-57,6.47981625e-176,4.96127627e-190,8.65749076e-09,1.25916840e-13,7.17611362e-05,1.71411363e-07,5.27977883e-06,2.35044989e-19,7.12850867e-34,1.34676684e-48,3.96486876e-225,1.20121803e-14,6.16465698e-05,5.03249050e-05,3.50162794e-04,3.09914156e-10,1.44906539e-21,0.00000000e+00,0.00000000e+00,0.00000000e+00
3.81464066e-02,1.87680307e-01,1.23953099e+04,1.06556484e-34,1.41681601e-23,1.85592344e-45,1.39484461e-58,7.02598000e-76,4.41631529e-08,7.88937089e-57,1.75589993e-80,2.85143563e-84,1.12099275e-06,3.23548996e-33,2.75650383e-26,2.10568910e-12,1.10761749e-05,1.07308682e-09,3.91375144e-19,0.00000000e+00,1.72717477e-46,2.61330846e-08,0.00000000e+00,1.34737938e-49,6.24569382e-25,1.24196208e-05,7.39274927e-12,2.80686872e-18,0.00000000e+00,0.00000000e+00,0.00000000e+00,0.00000000e+00,7.12632856e-01,6.47071741e-19,3.97169603e-22,6.42366380e-06,6.91402763e-02,3.16441934e-65,2.24776401e-28,1.48478962e-22,3.36983237e-46,2.62015674e-54,1.23371286e-23,0.00000000e+00,2.71968571e-14,1.14968677e-04,8.44459993e-06,6.50349054e-13,0.00000000e+00,5.35603155e-40,1.70553634e-57,6.47981666e-176,4.89090604e-190,9.40779557e-09,1.29065472e-13,7.17611362e-05,1.71411363e-07,5.27977883e-06,2.35060843e-19,7.12947683e-34,1.34702830e-48,3.96486876e-225,1.30872838e-14,6.48502480e-05,5.09371474e-05,3.49646260e-04,3.39658935e-10,1.72467773e-21,0.00000000e+00,0.00000000e+00,0.00000000e+00
4.06464440e-02,1.86899921e-01,1.22413306e+04,1.10524397e-34,1.58680355e-23,1.82555153e-45,1.32145238e-58,6.12057291e-76,4.68952597e-08,5.84831556e-57,1.13668486e-80,2.63062855e-84,1.15658441e-06,2.74900134e-33,2.78513704e-26,2.26429418e-12,9.75782405e-06,9.95387875e-10,3.01505583e-19,0.00000000e+00,2.94228076e-46,2.86758307e-08,0.00000000e+00,9.58668881e-50,5.46489714e-25,1.29423081e-05,8.45537941e-12,3.10356741e-18,0.00000000e+00,0.00000000e+00,0.00000000e+00,0.00000000e+00,7.12627325e-01,6.51652431e-19,3.34967747e-22,6.28432492e-06,6.91402860e-02,3.15758080e-65,2.26252791e-28,1.48328954e-22,2.92303348e-46,2.59442686e-54,1.05337874e-23,0.00000000e+00,2.92361164e-14,1.13080967e-04,7.87819162e-06,6.95042691e-13,0.00000000e+00,5.35380625e-40,1.71098853e-57,6.47981675e-176,4.81651230e-190,1.01979837e-08,1.32685817e-13,7.17611362e-05,1.71411363e-07,5.27977883e-06,2.35074874e-19,7.13033416e-34,1.34725900e-48,3.96486876e-225,1.41299182e-14,6.80550743e-05,5.15051843e-05,3.49122431e-04,3.72932525e-10,2.05984275e-21,0.00000000e+00,0.00000000e+00,0.00000000e+00
4.33103286e-02,1.86071961e-01,1.20793642e+04,1.14994329e-34,1.77746465e-23,1.84369510e-45,1.24661785e-58,5.28357270e-76,4.98279617e-08,4.55645749e-57,7.93642521e-81,2.41413409e-84,1.19168827e-06,2.39225074e-33,2.81309648e-26,2.42857233e-12,8.57812081e-06,9.50539347e-10,2.31465764e-19,0.00000000e+00,2.74440873e-46,3.14107494e-08,0.00000000e+00,6.62180708e-50,4.72908703e-25,1.34706070e-05,9.67795022e-12,3.45863746e-18,0.00000000e+00,0.00000000e+00,0.00000000e+00,0.00000000e+00,7.12621981e-01,6.56898103e-19,2.89587182e-22,6.14706370e-06,6.91402949e-02,3.15031034e-65,2.27952773e-28,1.50384439e-22,2.63978674e-46,2.56730251e-54,9.21581241e-24,0.00000000e+00,3.12630299e-14,1.11068091e-04,7.35514980e-06,7.44810580e-13,0.00000000e+00,5.35143612e-40,1.71514291e-57,6.47981677e-176,4.73810456e-190,1.10261706e-08,1.36837807e-13,7.17611362e-05,1.71411363e-07,5.27977883e-06,2.35087624e-19,7.13111356e-34,1.34746791e-48,3.96486876e-225,1.51110375e-14,7.12462681e-05,5.20300068e-05,3.48592915e-04,4.10273409e-10,2.46938201e-21,0.00000000e+00,0.00000000e+00,0.00000000e+00
4.61487988e-02,1.85193774e-01,1.19091404e+04,1.20001282e-34,1.99157636e-23,1.90093246e-45,1.17065365e-58,4.51712884e-76,5.29834177e-08,3.68715693e-57,5.87186193e-81,2.20302183e-84,1.22614427e-06,2.11950517e-33,2.84069562e-26,2.59786636e-12,7.52781402e-06,9.29260477e-10,1.77242369e-19,0.00000000e+00,2.54406497e-46,3.43436650e-08,0.00000000e+00,4.43139630e-50,4.04447668e-25,1.40027426e-05,1.10864674e-11,3.88637843e-18,0.00000000e+00,0.00000000e+00,0.00000000e+00,0.00000000e+00,7.12616830e-01,6.62622496e-19,2.55131216e-22,6.01223537e-06,6.91403030e-02,3.14258180e-65,2.29811152e-28,1.54089152e-22,2.45722756e-46,2.53872746e-54,8.21254890e-24,0.00000000e+00,3.32472703e-14,1.08954102e-04,6.87424013e-06,8.00527445e-13,0.00000000e+00,5.34891182e-40,1.71824502e-57,6.47981677e-176,4.65566422e-190,1.18897391e-08,1.41586478e-13,7.17611362e-05,1.71411363e-07,5.27977883e-06,2.35099450e-19,7.13183688e-34,1.34766099e-48,3.96486876e-225,1.59994186e-14,7.44090146e-05,5.25128759e-05,3.48059483e-04,4.52321512e-10,2.97236951e-21,0.00000000e+00,0.00000000e+00,0.00000000e+00
4.91732965e-02,1.84262592e-01,1.17303995e+04,1.25596010e-34,2.23238228e-23,1.99001511e-45,1.09391490e-58,3.82231715e-76,5.63872933e-08,3.06392725e-57,4.52595035e-81,1.99834998e-84,1.25978456e-06,1.90087005e-33,2.86805681e-26,2.77140190e-12,6.59726446e-06,9.25062081e-10,1.35512069e-19,0.00000000e+00,2.36468071e-46,3.74790766e-08,0.00000000e+00,2.86693023e-50,3.41590679e-25,1.45367787e-05,1.27116584e-11,4.40517009e-18,0.00000000e+00,0.00000000e+00,0.00000000e+00,0.00000000e+00,7.12611876e-01,6.68700199e-19,2.27782975e-22,5.88018571e-06,6.91403105e-02,3.13436762e-65,2.31783976e-28,1.59074281e-22,2.33714548e-46,2.50864577e-54,7.41192544e-24,0.00000000e+00,3.51552397e-14,1.06763270e-04,6.43399871e-06,8.63249448e-13,0.00000000e+00,5.34622339e-40,1.72044250e-57,6.47981677e-176,4.56915685e-190,1.27852936e-08,1.47001840e-13,7.17611362e-05,1.71411363e-07,5.27977883e-06,2.35110581e-19,7.13251804e-34,1.34784201e-48,3.96486876e-225,1.67628529e-14,7.75286675e-05,5.29552800e-05,3.47524072e-04,4.99840487e-10,3.59352726e-21,0.00000000e+00,0.00000000e+00,0.00000000e+00
5.23960135e-02,1.83275535e-01,1.15428954e+04,1.31842964e-34,2.50369473e-23,2.10560602e-45,1.01679750e-58,3.19912867e-76,6.00694031e-08,2.58939480e-57,3.58244995e-81,1.80114614e-84,1.29243378e-06,1.71723506e-33,2.89513693e-26,2.94829039e-12,5.77666439e-06,9.33547094e-10,1.03561607e-19,0.00000000e+00,2.37062695e-46,4.08198637e-08,0.00000000e+00,1.78889423e-50,2.84673921e-25,1.50706273e-05,1.45899466e-11,5.03877973e-18,0.00000000e+00,0.00000000e+00,0.00000000e+00,0.00000000e+00,7.12607124e-01,6.75048528e-19,2.05117174e-22,5.75124877e-06,6.91403173e-02,3.12563872e-65,2.33842218e-28,1.65113244e-22,2.25591056e-46,2.47700216e-54,6.74191864e-24,0.00000000e+00,3.69505078e-14,1.04519670e-04,6.03277716e-06,9.34258304e-13,0.00000000e+00,5.34336025e-40,1.72181482e-57,6.47981677e-176,4.47854221e-190,1.37086312e-08,1.53158610e-13,7.17611362e-05,1.71411363e-07,5.27977883e-06,2.35121154e-19,7.13316543e-34,1.34801324e-48,3.96486876e-225,1.73696345e-14,8.05909437e-05,5.33588912e-05,3.46988770e-04,5.53745451e-10,4.36513855e-21,0.00000000e+00,0.00000000e+00,0.00000000e+00
5.58299409e-02,1.82229606e-01,1.13463998e+04,1.38820043e-34,2.81002396e-23,2.24402533e-45,9.39734813e-59,2.64648066e-76,6.40644817e-08,2.20900092e-57,2.87968418e-81,1.61238639e-84,1.32390938e-06,1.55668147e-33,2.92176038e-26,3.12753557e-12,5.05623071e-06,9.51865479e-10,7.92039970e-20,0.00000000e+00,1.51907125e-46,4.43669645e-08,0.00000000e+00,1.07383037e-50,2.33880502e-25,1.56020631e-05,1.67646537e-11,5.81813179e-18,0.00000000e+00,0.00000000e+00,0.00000000e+00,0.00000000e+00,7.12602578e-01,6.81614375e-19,1.85620782e-22,5.62574443e-06,6.91403236e-02,3.11636450e-65,2.35967199e-28,1.72086683e-22,2.19882302e-46,2.44374254e-54,6.15733107e-24,0.00000000e+00,3.85944367e-14,1.02246800e-04,5.66878451e-06,1.01511805e-12,0.00000000e+00,5.34031115e-40,1.72239525e-57,6.47981677e-176,4.38378232e-190,1.46547315e-08,1.60135754e-13,7.17611362e-05,1.71411363e-07,5.27977883e-06,2.35131245e-19,7.13378370e-34,1.34817595e-48,3.96486876e-225,1.77902939e-14,8.35821122e-05,5.37255232e-05,3.46455802e-04,6.15137654e-10,5.32969540e-21,0.00000000e+00,0.00000000e+00,0.00000000e+00
5.94889208e-02,1.81121697e-01,1.11407059e+04,1.46619896e-34,3.15674248e-23,2.40299128e-45,8.63192715e-59,2.16226090e-76,6.84131053e-08,1.89181325e-57,2.33162452e-81,1.43297382e-84,1.35402190e-06,1.41196354e-33,2.94765637e-26,3.30804374e-12,4.42638041e-06,9.78304419e-10,6.06979166e-20,0.00000000e+00,1.56205438e-46,4.81190303e-08,0.00000000e+00,6.18397790e-51,1.89241166e-25,1.61287424e-05,1.92874819e-11,6.78370719e-18,0.00000000e+00,0.00000000e+00,0.00000000e+00,0.00000000e+00,7.12598243e-01,6.88364803e-19,1.68364015e-22,5.50397623e-06,6.91403294e-02,3.10651274e-65,2.38147315e-28,1.79955860e-22,2.15676477e-46,2.40881446e-54,5.63048149e-24,0.00000000e+00,4.00470085e-14,9.99672301e-05,5.34012844e-06,1.10774855e-12,0.00000000e+00,5.33706414e-40,1.72218660e-57,6.47981677e-176,4.28484819e-190,1.56177722e-08,1.68015837e-13,7.17611362e-05,1.71411363e-07,5.27977883e-06,2.35140891e-19,7.13437501e-34,1.34833073e-48,3.96486876e-225,1.79994856e-14,8.64891684e-05,5.40570910e-05,3.45927513e-04,6.85347820e-10,6.54359239e-21,0.00000000e+00,0.00000000e+00,0.00000000e+00
6.33877027e-02,1.79948589e-01,1.09256331e+04,1.55352687e-34,3.55029525e-23,2.58138961e-45,7.87662683e-59,1.74340185e-76,7.31627934e-08,1.62009354e-57,1.89065164e-81,1.26371675e-84,1.38257516e-06,1.27879857e-33,2.97249762e-26,3.48863795e-12,3.87787339e-06,1.01198736e-09,4.66718155e-20,0.00000000e+00,1.64315579e-46,5.20720548e-08,0.00000000e+00,3.40623506e-51,1.50641022e-25,1.66482278e-05,2.22203522e-11,7.98882579e-18,0.00000000e+00,0.00000000e+00,0.00000000e+00,0.00000000e+00,7.12594120e-01,6.95280542e-19,1.52781340e-22,5.38622918e-06,6.91403349e-02,3.09604959e-65,2.40375790e-28,1.88743664e-22,2.12414217e-46,2.37216777e-54,5.14485643e-24,0.00000000e+00,4.12678642e-14,9.77022997e-05,5.04485145e-06,1.21452131e-12,0.00000000e+00,5.33360649e-40,1.72117242e-57,6.47981677e-176,4.18172534e-190,1.65911725e-08,1.76884125e-13,7.17611362e-05,1.71411363e-07,5.27977883e-06,2.35150101e-19,7.13493999e-34,1.34847777e-48,3.96486876e-225,1.79779087e-14,8.92999943e-05,5.43555747e-05,3.45406342e-04,7.65990499e-10,8.08233307e-21,0.00000000e+00,0.00000000e+00,0.00000000e+00
6.75420029e-02,1.78706959e-01,1.07010320e+04,1.65150307e-34,3.99847001e-23,2.77912932e-45,7.13653233e-59,1.38599643e-76,7.83693188e-08,1.38353417e-57,1.52921478e-81,1.10530871e-84,1.40936623e-06,1.15475488e-33,2.99593835e-26,3.66807607e-12,3.40194047e-06,1.05266269e-09,3.60569680e-20,0.00000000e+00,1.50963643e-46,5.62189884e-08,0.00000000e+00,1.78868237e-51,1.17832135e-25,1.71580168e-05,2.56376789e-11,9.50413354e-18,0.00000000e+00,0.00000000e+00,0.00000000e+00,1.37231975e-96,7.12590212e-01,7.02351741e-19,1.38531682e-22,5.27276836e-06,6.91403402e-02,3.08493949e-65,2.42649203e-28,1.98522552e-22,2.09762376e-46,2.33375524e-54,4.69096885e-24,0.00000000e+00,4.22175474e-14,9.54718624e-05,4.78096782e-06,1.33838539e-12,0.00000000e+00,5.32992471e-40,1.71932459e-57,6.47981677e-176,4.07441862e-190,1.75676684e-08,1.86827449e-13,7.17611362e-05,1.71411363e-07,5.27977883e-06,2.35158872e-19,7.13547831e-34,1.34861702e-48,3.96486876e-225,1.77140886e-14,9.20034870e-05,5.46229826e-05,3.44894793e-04,8.59032028e-10,1.00479355e-20,0.00000000e+00,0.00000000e+00,0.00000000e+00
7.19685673e-02,1.77393380e-01,1.04667898e+04,1.76172095e-34,4.51074746e-23,2.99696956e-45,6.41679392e-59,1.08543194e-76,8.40982702e-08,1.17591124e-57,1.23028737e-81,9.58308745e-85,1.43418537e-06,1.03849701e-33,3.01764911e-26,3.84507264e-12,2.99036358e-06,1.10056017e-09,2.80276349e-20,7.61434138e-27,1.49595493e-46,6.05493256e-08,0.00000000e+00,8.92261862e-52,9.04513986e-26,1.76555770e-05,2.96291980e-11,1.14237862e-17,0.00000000e+00,0.00000000e+00,0.00000000e+00,0.00000000e+00,7.12586523e-01,7.09575043e-19,1.25405604e-22,5.16383685e-06,6.91403453e-02,3.07314512e-65,2.44966497e-28,2.09406474e-22,2.07525959e-46,2.29353333e-54,4.26352429e-24,0.00000000e+00,4.28589499e-14,9.32940805e-05,4.54648893e-06,1.48303415e-12,0.00000000e+00,5.32600442e-40,1.71660858e-57,6.47981677e-176,3.96295643e-190,1.85394202e-08,1.97932757e-13,7.17611362e-05,1.71411363e-07,5.27977883e-06,2.35167190e-19,7.13598918e-34,1.34874831e-48,3.96486876e-225,1.72058703e-14,9.45896822e-05,5.48613262e-05,3.44395400e-04,9.66875928e-10,1.25795820e-20,0.00000000e+00,0.00000000e+00,0.00000000e+00
7.66852397e-02,1.76004336e-01,1.02228356e+04,1.88612317e-34,5.09875804e-23,3.23644774e-45,5.72250515e-59,8.36550439e-77,9.04269018e-08,9.93253374e-58,9.82508946e-82,8.23124195e-85,1.45681585e-06,9.29334139e-34,3.03734679e-26,4.01832420e-12,2.63553206e-06,1.15630126e-09,2.19507627e-20,0.00000000e+00,1.63155214e-46,6.50486746e-08,0.00000000e+00,4.21171370e-52,6.80428297e-26,1.81383866e-05,3.43034765e-11,1.38739649e-17,0.00000000e+00,0.00000000e+00,0.00000000e+00,7.23039885e-98,7.12583052e-01,7.16951912e-19,1.13270805e-22,5.05965377e-06,6.91403505e-02,3.06062739e-65,2.47328411e-28,2.21547800e-22,2.05595582e-46,2.25146294e-54,3.85972232e-24,0.00000000e+00,4.31589324e-14,9.11852656e-05,4.33944406e-06,1.65312786e-12,0.00000000e+00,5.32183038e-40,1.71298697e-57,6.47981677e-176,3.84739460e-190,1.94981550e-08,2.10285334e-13,7.17611362e-05,1.71411363e-07,5.27977883e-06,2.35175039e-19,7.13647155e-34,1.34887141e-48,3.96486876e-225,1.64614371e-14,9.70498587e-05,5.50725991e-05,3.43910687e-04,1.09246975e-09,1.58690913e-20,0.00000000e+00,0.00000000e+00,0.00000000e+00
8.17110332e-02,1.74536225e-01,9.96914712e+03,2.02709740e-34,5.77688138e-23,3.49981742e-45,5.05857059e-59,6.33836186e-77,9.74462804e-08,8.32789750e-58,7.77605001e-82,6.99998622e-85,1.47703327e-06,8.26930797e-34,3.05481799e-26,4.18653713e-12,2.33048586e-06,1.22085036e-09,1.73447541e-20,0.00000000e+00,1.51921225e-46,6.96983185e-08,0.00000000e+00,1.87318813e-52,5.00829619e-26,1.86039774e-05,3.97922544e-11,1.70246138e-17,0.00000000e+00,0.00000000e+00,0.00000000e+00,0.00000000e+00,7.12579801e-01,7.24487568e-19,1.02038019e-22,4.96041329e-06,6.91403559e-02,3.04734538e-65,2.49737144e-28,2.35137152e-22,2.03910954e-46,2.20751035e-54,3.47815996e-24,0.00000000e+00,4.30900490e-14,8.91597697e-05,4.15790099e-06,1.85459333e-12,0.00000000e+00,5.31738639e-40,1.70842165e-57,6.47981677e-176,3.72781993e-190,2.04353411e-08,2.23966702e-13,7.17611362e-05,1.71411363e-07,5.27977883e-06,2.35182403e-19,7.13692438e-34,1.34898612e-48,3.96486876e-225,1.54996573e-14,9.93766030e-05,5.52587564e-05,3.43443125e-04,1.23943800e-09,2.01836452e-20,0.00000000e+00,0.00000000e+00,0.00000000e+00
8.70662068e-02,1.72985370e-01,9.70575654e+03,2.18759837e-34,6.56303993e-23,3.79002195e-45,4.42956301e-59,4.71599038e-77,1.05263764e-07,6.92378842e-58,6.09063350e-82,5.89002552e-85,1.49460484e-06,7.31135132e-34,3.06993466e-26,4.34845753e-12,2.06892073e-06,1.29549679e-09,1.38450781e-20,0.00000000e+00,1.68910358e-46,7.44747502e-08,0.00000000e+00,7.81323207e-53,3.60078541e-26,1.90499840e-05,4.62558196e-11,2.11056426e-17,0.00000000e+00,0.00000000e+00,0.00000000e+00,0.00000000e+00,7.12576770e-01,7.32190454e-19,9.16412749e-23,4.86628283e-06,6.91403616e-02,3.03325632e-65,2.52196192e-28,2.50406200e-22,2.02437302e-46,2.16164816e-54,3.11817734e-24,0.00000000e+00,4.26323385e-14,8.72299168e-05,3.99997533e-06,2.09503099e-12,0.00000000e+00,5.31265522e-40,1.70287536e-57,6.47981677e-176,3.60435356e-190,2.13423904e-08,2.39052078e-13,7.17611362e-05,1.71411363e-07,5.27977883e-06,2.35189267e-19,7.13734672e-34,1.34909227e-48,3.96486876e-225,1.43496902e-14,1.01563873e-04,5.54217055e-05,3.42995082e-04,1.41224717e-09,2.58995678e-20,0.00000000e+00,0.00000000e+00,0.00000000e+00
9.27723476e-02,1.71348036e-01,9.43275742e+03,2.37130402e-34,7.47975768e-23,4.11069937e-45,3.83957946e-59,3.44163351e-77,1.14005770e-07,5.70209617e-58,4.71466471e-82,4.90030501e-85,1.50928836e-06,6.41880555e-34,3.08266121e-26,4.50290193e-12,1.84518491e-06,1.38186162e-09,1.11772986e-20,0.00000000e+00,1.62353321e-46,7.93491924e-08,0.00000000e+00,3.04077961e-53,2.52400341e-26,1.94741935e-05,5.38896130e-11,2.64291592e-17,0.00000000e+00,0.00000000e+00,0.00000000e+00,0.00000000e+00,7.12573958e-01,7.40072012e-19,8.20270078e-23,4.77740183e-06,6.91403679e-02,3.01831556e-65,2.54710309e-28,2.67633104e-22,2.01150156e-46,2.11385629e-54,2.77948206e-24,0.00000000e+00,4.17750642e-14,8.54059714e-05,3.86383908e-06,2.38427305e-12,0.00000000e+00,5.30761862e-40,1.69631262e-57,6.47981677e-176,3.47715409e-190,2.22108843e-08,2.55607417e-13,7.17611362e-05,1.71411363e-07,5.27977883e-06,2.35195618e-19,7.13773781e-34,1.34918972e-48,3.96486876e-225,1.30497476e-14,1.03607034e-04,5.55632966e-05,3.42568771e-04,1.61640852e-09,3.35531238e-20,0.00000000e+00,0.00000000e+00,0.00000000e+00
9.88524571e-02,1.69620446e-01,9.15031144e+03,2.58281683e-34,8.55558496e-23,4.46615119e-45,3.29210175e-59,2.46038414e-77,1.23820744e-07,4.64639481e-58,3.60142591e-82,4.02803227e-85,1.52083101e-06,5.59123747e-34,3.09305307e-26,4.64878768e-12,1.65425389e-06,1.48192369e-09,9.13543980e-21,0.00000000e+00,1.67347553e-46,8.42870880e-08,0.00000000e+00,1.09799609e-53,1.72136284e-26,1.98745983e-05,6.29322979e-11,3.34198473e-17,0.00000000e+00,0.00000000e+00,0.00000000e+00,0.00000000e+00,7.12571363e-01,7.48146605e-19,7.31474076e-23,4.69388036e-06,6.91403749e-02,3.00247660e-65,2.57285524e-28,2.87150209e-22,2.00022428e-46,2.06412315e-54,2.46190873e-24,0.00000000e+00,4.05182951e-14,8.36961403e-05,3.74772282e-06,2.73515653e-12,0.00000000e+00,5.30225718e-40,1.68870036e-57,6.47981677e-176,3.34642042e-190,2.30328131e-08,2.73685931e-13,7.17611362e-05,1.71411363e-07,5.27977883e-06,2.35201450e-19,7.13809711e-34,1.34927846e-48,3.96486876e-225,1.16450602e-14,1.05502878e-04,5.56853212e-05,3.42166202e-04,1.85872402e-09,4.39178667e-20,0.00000000e+00,0.00000000e+00,0.00000000e+00
1.05331045e-01,1.67798797e-01,8.85865528e+03,2.82792610e-34,9.82703397e-23,4.86146017e-45,2.78987005e-59,1.72069213e-77,1.34882110e-07,3.74151407e-58,2.71030277e-82,3.26876415e-85,1.52896822e-06,4.82830624e-34,3.10124735e-26,4.78516175e-12,1.49169705e-06,1.59806190e-09,7.56533240e-21,0.00000000e+00,1.66624916e-46,8.92475539e-08,0.00000000e+00,3.65587122e-54,1.13961505e-26,2.02494470e-05,7.36755091e-11,4.26559613e-17,0.00000000e+00,0.00000000e+00,0.00000000e+00,0.00000000e+00,7.12568982e-01,7.56431722e-19,6.49595616e-23,4.61579778e-06,6.91403829e-02,2.98569103e-65,2.59929260e-28,3.09355460e-22,1.99022173e-46,2.01244675e-54,2.16537491e-24,0.00000000e+00,3.88741817e-14,8.21065995e-05,3.64991610e-06,3.16460486e-12,0.00000000e+00,5.29655032e-40,1.68000828e-57,6.47981677e-176,3.21239440e-190,2.38008188e-08,2.93324054e-13,7.17611362e-05,1.71411363e-07,5.27977883e-06,2.35206759e-19,7.13842438e-34,1.34935851e-48,3.96486876e-225,1.01851514e-14,1.07249637e-04,5.57895105e-05,3.41789126e-04,2.14757940e-09,5.81239340e-20,0.00000000e+00,0.00000000e+00,0.00000000e+00
1.12234225e-01,1.65879285e-01,8.55810746e+03,3.11395352e-34,1.13412341e-22,5.30238565e-45,2.33477705e-59,1.17554931e-77,1.47390780e-07,2.97295672e-58,2.00551743e-82,2.61655135e-85,1.53342309e-06,4.12945070e-34,3.10744712e-26,4.91122679e-12,1.35363430e-06,1.73311073e-09,6.35172173e-21,0.00000000e+00,2.04855694e-46,9.41827825e-08,0.00000000e+00,1.11478907e-54,7.30565357e-27,2.05972941e-05,8.64754746e-11,5.49238672e-17,0.00000000e+00,0.00000000e+00,0.00000000e+00,0.00000000e+00,7.12566812e-01,7.64948030e-19,5.74223204e-23,4.54320132e-06,6.91403919e-02,2.96790863e-65,2.62650412e-28,3.34725677e-22,1.98100802e-46,1.95883600e-54,1.88975674e-24,0.00000000e+00,3.68677790e-14,8.06415414e-05,3.56876538e-06,3.69515811e-12,0.00000000e+00,5.29047621e-40,1.67020916e-57,6.47981677e-176,3.07536297e-190,2.45084300e-08,3.14536746e-13,7.17611362e-05,1.71411363e-07,5.27977883e-06,2.35211546e-19,7.13871966e-34,1.34943000e-48,3.96486876e-225,8.72063921e-15,1.08846971e-04,5.58775378e-05,3.41438987e-04,2.49328470e-09,7.78445108e-20,0.00000000e+00,0.00000000e+00,0.00000000e+00
1.19589826e-01,1.63858129e-01,8.24907497e+03,3.45021452e-34,1.31596123e-22,5.79546709e-45,1.92779338e-59,7.83344278e-78,1.61576481e-07,2.32701912e-58,1.45581572e-82,2.06414641e-85,1.53390687e-06,3.49395664e-34,3.11190114e-26,5.02636287e-12,1.23669023e-06,1.89042657e-09,5.40850784e-21,0.00000000e+00,2.06674653e-46,9.90373748e-08,0.00000000e+00,3.08986489e-55,4.52244459e-27,2.09170436e-05,1.01766573e-10,7.12887666e-17,0.00000000e+00,0.00000000e+00,0.00000000e+00,0.00000000e+00,7.12564847e-01,7.73719673e-19,5.04979276e-23,4.47610497e-06,6.91404022e-02,2.94907735e-65,2.65459522e-28,3.63835165e-22,1.97193809e-46,1.90331195e-54,1.63492920e-24,0.00000000e+00,3.45372350e-14,7.93032443e-05,3.50267280e-06,4.35716271e-12,0.00000000e+00,5.28401168e-40,1.65927893e-57,6.47981677e-176,2.93565995e-190,2.51502725e-08,3.37312122e-13,7.17611362e-05,1.71411363e-07,5.27977883e-06,2.35215817e-19,7.13898329e-34,1.34949313e-48,3.96486876e-225,7.29984104e-15,1.10295952e-04,5.59510188e-05,3.41116879e-04,2.90845468e-09,1.05591326e-19,0.00000000e+00,0.00000000e+00,0.00000000e+00
1.27427499e-01,1.61731605e-01,7.93205947e+03,3.84864196e-34,1.53630528e-22,6.34789458e-45,1.56892748e-59,5.08310042e-78,1.77696665e-07,1.79062906e-58,1.03388257e-82,1.60325253e-85,1.53012203e-06,2.92084179e-34,3.11488184e-26,5.13014456e-12,1.13794268e-06,2.07396187e-09,4.67130013e-21,0.00000000e+00,2.14909699e-46,1.03747589e-07,0.00000000e+00,7.71976494e-56,2.69507439e-27,2.12079868e-05,1.20076738e-10,9.31834957e-17,0.00000000e+00,0.00000000e+00,0.00000000e+00,0.00000000e+00,7.12563081e-01,7.82774434e-19,4.41513196e-23,4.41448811e-06,6.91404141e-02,2.92914336e-65,2.68368918e-28,3.97378581e-22,1.96213514e-46,1.84590916e-54,1.40072575e-24,0.00000000e+00,3.19332300e-14,7.80921523e-05,3.45009446e-06,5.19194356e-12,0.00000000e+00,5.27713217e-40,1.64719683e-57,6.47981677e-176,2.79366714e-190,2.57222456e-08,3.61605331e-13,7.17611362e-05,1.71411363e-07,5.27977883e-06,2.35219586e-19,7.13921596e-34,1.34954820e-48,3.96486876e-225,5.96554927e-15,1.11599029e-04,5.60115132e-05,3.40823508e-04,3.40841179e-09,1.45189727e-19,0.00000000e+00,0.00000000e+00,0.00000000e+00
1.35778836e-01,1.59496074e-01,7.60766295e+03,4.32463991e-34,1.80592146e-22,6.96754958e-45,1.25722989e-59,3.20637947e-78,1.96031113e-07,1.35143246e-58,7.16051572e-83,1.22481780e-85,1.52176950e-06,2.40891059e-34,3.11666370e-26,5.22235208e-12,1.05487382e-06,2.28834291e-09,4.09188964e-21,0.00000000e+00,2.27065370e-46,1.08240506e-07,0.00000000e+00,1.72261347e-56,1.54091230e-27,2.14698284e-05,1.42044245e-10,1.22514444e-16,0.00000000e+00,0.00000000e+00,0.00000000e+00,0.00000000e+00,7.12561506e-01,7.92144014e-19,3.83517768e-23,4.35829456e-06,6.91404276e-02,2.90805120e-65,2.71392916e-28,4.36201901e-22,1.95051648e-46,1.78667698e-54,1.18697665e-24,0.00000000e+00,2.91175234e-14,7.70069757e-05,3.40954229e-06,6.25645818e-12,0.00000000e+00,5.26981165e-40,1.63394536e-57,6.47981677e-176,2.64981474e-190,2.62216477e-08,3.87331795e-13,7.17611362e-05,1.71411363e-07,5.27977883e-06,2.35222867e-19,7.13941868e-34,1.34959559e-48,3.96486876e-225,4.75229810e-15,1.12759982e-04,5.60605224e-05,3.40559162e-04,4.01157519e-09,2.02554027e-19,0.00000000e+00,0.00000000e+00,0.00000000e+00
1.44677502e-01,1.57148025e-01,7.27659250e+03,4.89826727e-34,2.13930438e-22,7.66264693e-45,9.90838981e-60,1.96247340e-78,2.16869541e-07,9.97642929e-59,4.81830434e-83,9.19343023e-86,1.50856309e-06,1.95662590e-34,3.11750475e-26,5.30297714e-12,9.85320133e-07,2.53894558e-09,3.63408273e-21,0.00000000e+00,2.33698955e-46,1.12433158e-07,0.00000000e+00,3.39809931e-57,8.42089367e-28,2.17027034e-05,1.68435002e-10,1.61779165e-16,0.00000000e+00,0.00000000e+00,0.00000000e+00,0.00000000e+00,7.12560113e-01,8.01864142e-19,3.30720693e-23,4.30743146e-06,6.91404431e-02,2.88574382e-65,2.74547979e-28,4.81342967e-22,1.93572902e-46,1.72568099e-54,9.93461760e-25,0.00000000e+00,2.61606094e-14,7.60447981e-05,3.37958764e-06,7.63021865e-12,0.00000000e+00,5.26202253e-40,1.61951025e-57,6.47981677e-176,2.50458091e-190,2.66472452e-08,4.14359945e-13,7.17611362e-05,1.71411363e-07,5.27977883e-06,2.35225685e-19,7.13959280e-34,1.34963575e-48,3.96486876e-225,3.68445236e-15,1.13783860e-04,5.60994856e-05,3.40323700e-04,4.73977928e-09,2.86972884e-19,0.00000000e+00,0.00000000e+00,0.00000000e+00
1.54159369e-01,1.54684117e-01,6.93966397e+03,5.59589886e-34,2.55620703e-22,8.44170217e-45,7.67073674e-60,1.16314990e-78,2.40488704e-07,7.18111607e-59,3.13659553e-83,6.77201844e-86,1.49025417e-06,1.56214963e-34,3.11763254e-26,5.37222278e-12,9.27426536e-07,2.83196072e-09,3.27062764e-21,0.00000000e+00,2.27332070e-46,1.16231723e-07,0.00000000e+00,5.85862220e-58,4.38016826e-28,2.19071772e-05,2.00158682e-10,2.14181958e-16,0.00000000e+00,0.00000000e+00,0.00000000e+00,0.00000000e+00,7.12558892e-01,8.11974808e-19,2.82900724e-23,4.26176886e-06,6.91404606e-02,2.86216273e-65,2.77852948e-28,5.34089333e-22,1.91624923e-46,1.66300421e-54,8.19943969e-25,0.00000000e+00,2.31384897e-14,7.52012089e-05,3.35886958e-06,9.42573456e-12,0.00000000e+00,5.25373559e-40,1.60388023e-57,6.47981677e-176,2.35849029e-190,2.69992726e-08,4.42503969e-13,7.17611362e-05,1.71411363e-07,5.27977883e-06,2.35228066e-19,7.13973997e-34,1.34966922e-48,3.96486876e-225,2.77531943e-15,1.14676896e-04,5.61297714e-05,3.40116547e-04,5.61843557e-09,4.13275688e-19,0.00000000e+00,0.00000000e+00,0.00000000e+00
1.64262658e-01,1.52101227e-01,6.59780428e+03,6.45258581e-34,3.08389870e-22,9.31290146e-45,5.82563786e-60,6.66181232e-79,2.67115288e-07,5.02205704e-59,1.96554414e-83,4.88942742e-86,1.46667050e-06,1.22319611e-34,3.11723579e-26,5.43049851e-12,8.79602714e-07,3.17443856e-09,2.98092251e-21,0.00000000e+00,2.17055672e-46,1.19531059e-07,0.00000000e+00,8.71649758e-59,2.15846875e-28,2.20842327e-05,2.38281287e-10,2.83724114e-16,0.00000000e+00,0.00000000e+00,0.00000000e+00,0.00000000e+00,7.12557832e-01,8.22520287e-19,2.39874888e-23,4.22113942e-06,6.91404805e-02,2.83724819e-65,2.81329228e-28,5.96060588e-22,1.89038816e-46,1.59874841e-54,6.66107200e-25,0.00000000e+00,2.01287670e-14,7.44704474e-05,3.34610581e-06,1.18045081e-11,0.00000000e+00,5.24491991e-40,1.58704686e-57,6.47981677e-176,2.21211139e-190,2.72793660e-08,4.71517280e-13,7.17611362e-05,1.71411363e-07,5.27977883e-06,2.35230043e-19,7.13986216e-34,1.34969660e-48,3.96486876e-225,2.02737166e-15,1.15446410e-04,5.61526673e-05,3.39936710e-04,6.67643114e-09,6.05548104e-19,0.00000000e+00,0.00000000e+00,0.00000000e+00
1.75028096e-01,1.49396504e-01,6.25205193e+03,7.51545270e-34,3.76054663e-22,1.02835694e-44,4.33413353e-60,3.67865723e-79,2.96871838e-07,3.39836310e-59,1.17900896e-83,3.45562494e-86,1.43777156e-06,9.36983840e-35,3.11646150e-26,5.47841067e-12,8.40483571e-07,3.57429893e-09,2.74932040e-21,0.00000000e+00,2.14783999e-46,1.22215018e-07,0.00000000e+00,1.10331902e-59,1.00243183e-28,2.22352401e-05,2.84030730e-10,3.75234697e-16,0.00000000e+00,0.00000000e+00,0.00000000e+00,0.00000000e+00,7.12556921e-01,8.33549170e-19,2.01496658e-23,4.18533890e-06,6.91405028e-02,2.81093943e-65,2.85001020e-28,6.69332749e-22,1.85643362e-46,1.53303522e-54,5.31534524e-25,0.00000000e+00,1.72063275e-14,7.38455719e-05,3.34010634e-06,1.50019272e-11,0.00000000e+00,5.23554274e-40,1.56900402e-57,6.47981677e-176,2.06605266e-190,2.74904287e-08,5.01087943e-13,7.17611362e-05,1.71411363e-07,5.27977883e-06,2.35231652e-19,7.13996160e-34,1.34971851e-48,3.96486876e-225,1.43350465e-15,1.16100673e-04,5.61693664e-05,3.39782805e-04,7.94564329e-09,9.03623911e-19,0.00000000e+00,0.00000000e+00,0.00000000e+00
1.86499079e-01,1.46567426e-01,5.90355555e+03,8.84865203e-34,4.64035888e-22,1.13593190e-44,3.15385642e-60,1.95379640e-79,3.29706453e-07,2.21491161e-59,6.72662931e-84,2.38735277e-86,1.40371920e-06,7.00160257e-35,3.11541683e-26,5.51674788e-12,8.08894067e-07,4.04029251e-09,2.56387452e-21,0.00000000e+00,2.13738075e-46,1.24158237e-07,0.00000000e+00,1.16937949e-60,4.36192052e-29,2.23619112e-05,3.38791250e-10,4.94302365e-16,0.00000000e+00,0.00000000e+00,0.00000000e+00,0.00000000e+00,7.12556145e-01,8.45114311e-19,1.67644205e-23,4.15412739e-06,6.91405277e-02,2.78317484e-65,2.88895568e-28,7.56629476e-22,1.81282103e-46,1.46600712e-54,4.15660011e-25,0.00000000e+00,1.44390031e-14,7.33186519e-05,3.33978858e-06,1.93666633e-11,0.00000000e+00,5.22556947e-40,1.54974747e-57,6.47981677e-176,1.92095719e-190,2.76364382e-08,5.30837704e-13,7.17611362e-05,1.71411363e-07,5.27977883e-06,2.35232932e-19,7.14004072e-34,1.34973566e-48,3.96486876e-225,9.79109748e-16,1.16648752e-04,5.61809542e-05,3.39653109e-04,9.45996804e-09,1.37465527e-18,0.00000000e+00,0.00000000e+00,0.00000000e+00
1.98721847e-01,1.43611866e-01,5.55357002e+03,1.05406925e-33,5.80153261e-22,1.25429164e-44,2.24095395e-60,9.95497932e-80,3.65313742e-07,1.38325645e-59,3.62434526e-84,1.60983222e-86,1.36495563e-06,5.08758472e-35,3.11417437e-26,5.54646071e-12,7.83817941e-07,4.58189869e-09,2.41540086e-21,0.00000000e+00,2.09765089e-46,1.25230328e-07,0.00000000e+00,1.01937649e-61,1.76669914e-29,2.24662399e-05,4.04082199e-10,6.47074769e-16,0.00000000e+00,0.00000000e+00,0.00000000e+00,0.00000000e+00,7.12555493e-01,8.57272661e-19,1.38203660e-23,4.12723148e-06,6.91405555e-02,2.75389235e-65,2.93043431e-28,8.61620780e-22,1.75834827e-46,1.39782820e-54,3.17718662e-25,0.00000000e+00,1.18836763e-14,7.28809818e-05,3.34419132e-06,2.54241408e-11,0.00000000e+00,5.21496347e-40,1.52927422e-57,6.47981677e-176,1.77749593e-190,2.77222068e-08,5.60326578e-13,7.17611362e-05,1.71411363e-07,5.27977883e-06,2.35233926e-19,7.14010212e-34,1.34974872e-48,3.96486876e-225,6.44626052e-16,1.17100331e-04,5.61883958e-05,3.39545611e-04,1.12538237e-08,2.13418029e-18,0.00000000e+00,0.00000000e+00,0.00000000e+00
2.11745669e-01,1.40528163e-01,5.20344994e+03,1.27154424e-33,7.35874435e-22,1.38329317e-44,1.55196281e-60,4.85256796e-80,4.03064072e-07,8.23048384e-60,1.82971752e-84,1.05786142e-86,1.32227085e-06,3.58211832e-35,3.11277915e-26,5.56863263e-12,7.64371137e-07,5.20914901e-09,2.29678048e-21,0.00000000e+00,2.07043182e-46,1.25303365e-07,0.00000000e+00,7.16288227e-63,6.61149654e-30,2.25504303e-05,4.81517339e-10,8.39915032e-16,0.00000000e+00,0.00000000e+00,0.00000000e+00,0.00000000e+00,7.12554951e-01,8.70085073e-19,1.13050184e-23,4.10434756e-06,6.91405862e-02,2.72302970e-65,2.97478802e-28,9.89390517e-22,1.69241300e-46,1.32868470e-54,2.36705508e-25,0.00000000e+00,9.58325923e-15,7.25233171e-05,3.35248619e-06,3.39806907e-11,0.00000000e+00,5.20368606e-40,1.50758184e-57,6.47981677e-176,1.63635941e-190,2.77531125e-08,5.89065066e-13,7.17611362e-05,1.71411363e-07,5.27977883e-06,2.35234677e-19,7.14014846e-34,1.34975839e-48,3.96486876e-225,4.08189895e-16,1.17465496e-04,5.61925276e-05,3.39458090e-04,1.33602025e-08,3.38537943e-18,0.00000000e+00,0.00000000e+00,0.00000000e+00
2.25623046e-01,1.37315192e-01,4.85464010e+03,1.55489183e-33,9.48312366e-22,1.52221413e-44,1.04549164e-60,2.25625840e-80,4.41967352e-07,4.63653569e-60,8.58019595e-85,6.76278983e-87,1.27683274e-06,2.43437187e-35,3.11125598e-26,5.58443946e-12,7.49779573e-07,5.93237267e-09,2.20243524e-21,0.00000000e+00,2.04927442e-46,1.24263173e-07,0.00000000e+00,3.96584455e-64,2.26708402e-30,2.26168174e-05,5.72742845e-10,1.07894531e-15,0.00000000e+00,0.00000000e+00,0.00000000e+00,0.00000000e+00,7.12554505e-01,8.83616013e-19,9.20267531e-24,4.08514632e-06,6.91406200e-02,2.69052490e-65,3.02239903e-28,1.14716308e-21,1.61520102e-46,1.25878512e-54,1.71350124e-25,0.00000000e+00,7.56491454e-15,7.22361266e-05,3.36398442e-06,4.62977799e-11,0.00000000e+00,5.19169639e-40,1.48466785e-57,6.47981677e-176,1.49824796e-190,2.77348174e-08,6.16535496e-13,7.17611362e-05,1.71411363e-07,5.27977883e-06,2.35235226e-19,7.14018234e-34,1.34976531e-48,3.96486876e-225,2.48017126e-16,1.17754506e-04,5.61940533e-05,3.39388194e-04,1.58085000e-08,5.49407245e-18,0.00000000e+00,0.00000000e+00,0.00000000e+00
2.40409918e-01,1.33972448e-01,4.50866278e+03,1.92953493e-33,1.24347845e-21,1.66954520e-44,6.83601573e-61,9.97516008e-81,4.80700140e-07,2.45591533e-60,3.70214014e-85,4.19844870e-87,1.23015075e-06,1.58994863e-35,3.10961591e-26,5.59509542e-12,7.39361178e-07,6.76187288e-09,2.12793356e-21,0.00000000e+00,2.02192378e-46,1.22023910e-07,0.00000000e+00,1.68610728e-65,7.05615844e-31,2.26677835e-05,6.79355956e-10,1.36955431e-15,0.00000000e+00,0.00000000e+00,0.00000000e+00,0.00000000e+00,7.12554145e-01,8.97933288e-19,7.49240820e-24,4.06927848e-06,6.91406568e-02,2.65631668e-65,3.07369475e-28,1.34542273e-21,1.52772568e-46,1.18836002e-54,1.20115962e-25,0.00000000e+00,5.83972302e-15,7.20098530e-05,3.37813762e-06,6.43892263e-11,0.00000000e+00,5.17895134e-40,1.46052921e-57,6.47981677e-176,1.36386066e-190,2.76729949e-08,6.42222764e-13,7.17611362e-05,1.71411363e-07,5.27977883e-06,2.35235615e-19,7.14020628e-34,1.34977010e-48,3.96486876e-225,1.44245213e-16,1.17977551e-04,5.61935457e-05,3.39333523e-04,1.86225053e-08,9.13589149e-18,0.00000000e+00,0.00000000e+00,0.00000000e+00
2.56165892e-01,1.30500129e-01,4.16710164e+03,2.43283953e-33,1.66168456e-21,1.82281716e-44,4.32802187e-61,4.17925305e-81,5.17714054e-07,1.21406133e-60,1.45481878e-85,2.52628945e-87,1.18395612e-06,9.93309383e-36,3.10786135e-26,5.60178813e-12,7.32511847e-07,7.70755804e-09,2.06969467e-21,0.00000000e+00,1.99173891e-46,1.18544002e-07,0.00000000e+00,5.34620325e-67,1.97220660e-31,2.27056764e-05,8.02811163e-10,1.71597832e-15,0.00000000e+00,0.00000000e+00,0.00000000e+00,0.00000000e+00,7.12553857e-01,9.13107815e-19,6.14688675e-24,4.05638177e-06,6.91406967e-02,2.62034502e-65,3.12915424e-28,1.59962932e-21,1.43174851e-46,1.11766132e-54,8.12414236e-26,0.00000000e+00,4.40378772e-15,7.18351693e-05,3.39453195e-06,9.15381887e-11,0.00000000e+00,5.16540543e-40,1.43516198e-57,6.47981677e-176,1.23388300e-190,2.75730825e-08,6.65652722e-13,7.17611362e-05,1.71411363e-07,5.27977883e-06,2.35235880e-19,7.14022256e-34,1.34977327e-48,3.96486876e-225,8.00929404e-17,1.18144508e-04,5.61914549e-05,3.39291709e-04,2.18190212e-08,1.55934576e-17,0.00000000e+00,0.00000000e+00,0.00000000e+00
2.72954479e-01,1.26899221e-01,3.83158212e+03,3.12076447e-33,2.26669929e-21,1.97853700e-44,2.64628743e-61,1.65332926e-81,5.51418251e-07,5.55687527e-61,5.15085778e-86,1.47034498e-87,1.14000738e-06,5.90594995e-36,3.10598966e-26,5.60561010e-12,7.28694797e-07,8.77856830e-09,2.02477012e-21,0.00000000e+00,1.95663507e-46,1.13840065e-07,0.00000000e+00,1.22277314e-68,4.89022277e-32,2.27327340e-05,9.44326218e-10,2.12106444e-15,0.00000000e+00,0.00000000e+00,0.00000000e+00,0.00000000e+00,7.12553633e-01,9.29213486e-19,5.13209576e-24,4.04608874e-06,6.91407395e-02,2.58255175e-65,3.18931662e-28,1.93285936e-21,1.32957755e-46,1.04696100e-54,5.28146354e-26,0.00000000e+00,3.24055923e-15,7.17032185e-05,3.41287628e-06,1.33213208e-10,0.00000000e+00,5.15101074e-40,1.40856138e-57,6.47981677e-176,1.10897367e-190,2.74400770e-08,6.86433997e-13,7.17611362e-05,1.71411363e-07,5.27977883e-06,2.35236053e-19,7.14023316e-34,1.34977529e-48,3.96486876e-225,4.23403477e-17,1.18264712e-04,5.61881216e-05,3.39260495e-04,2.54075360e-08,2.73745496e-17,0.00000000e+00,0.00000000e+00,0.00000000e+00
2.90843356e-01,1.23171592e-01,3.50374858e+03,4.07882081e-33,3.16160979e-21,2.13182498e-44,1.55806860e-61,6.15227593e-82,5.80397668e-07,2.33466098e-61,1.62395213e-86,8.25942567e-88,1.09986195e-06,3.32332623e-36,3.10399533e-26,5.60749892e-12,7.27432431e-07,9.98295124e-09,1.99068700e-21,0.00000000e+00,1.92349808e-46,1.07994902e-07,0.00000000e+00,1.94189776e-70,1.06085553e-32,2.27510199e-05,1.10480405e-09,2.58628050e-15,0.00000000e+00,0.00000000e+00,0.00000000e+00,0.00000000e+00,7.12553460e-01,9.46327159e-19,4.40766104e-24,4.03803525e-06,6.91407851e-02,2.54288124e-65,3.25479191e-28,2.37993523e-21,1.22350784e-46,9.76549271e-55,3.28652920e-26,0.00000000e+00,2.32398747e-15,7.16058231e-05,3.43298550e-06,1.98717214e-10,0.00000000e+00,5.13571680e-40,1.38072218e-57,6.47981677e-176,9.89750815e-191,2.72783809e-08,7.04296788e-13,7.17611362e-05,1.71411363e-07,5.27977883e-06,2.35236161e-19,7.14023976e-34,1.34977651e-48,3.96486876e-225,2.12459473e-17,1.18346749e-04,5.61837931e-05,3.39237797e-04,2.93911613e-08,4.95365969e-17,0.00000000e+00,0.00000000e+00,0.00000000e+00
3.09904634e-01,1.19320082e-01,3.18523806e+03,5.44055363e-33,4.51694262e-21,2.27654338e-44,8.80535856e-62,2.14464345e-82,6.03608416e-07,8.92125843e-62,4.50323836e-87,4.46750620e-88,1.06467445e-06,1.75919121e-36,3.10187130e-26,5.60819873e-12,7.28299343e-07,1.13274443e-08,1.96534079e-21,0.00000000e+00,1.88946468e-46,1.01156598e-07,0.00000000e+00,2.04999621e-72,1.98160891e-33,2.27623750e-05,1.28478708e-09,3.11196212e-15,0.00000000e+00,0.00000000e+00,0.00000000e+00,0.00000000e+00,7.12553331e-01,9.64528911e-19,3.92927509e-24,4.03186914e-06,6.91408333e-02,2.50128118e-65,3.32627536e-28,2.99404428e-21,1.11563310e-46,9.06732040e-55,1.94915819e-26,0.00000000e+00,1.62201887e-15,7.15356490e-05,3.45476134e-06,3.04186768e-10,0.00000000e+00,5.11947048e-40,1.35163949e-57,6.47981677e-176,8.76778037e-191,2.70917072e-08,7.19121080e-13,7.17611362e-05,1.71411363e-07,5.27977883e-06,2.35236225e-19,7.14024365e-34,1.34977721e-48,3.96486876e-225,1.00861299e-17,1.18398299e-04,5.61786420e-05,3.39221754e-04,3.37687225e-08,9.26013466e-17,0.00000000e+00,0.00000000e+00,0.00000000e+00
3.30215148e-01,1.15348593e-01,2.87765135e+03,7.41948786e-33,6.62175890e-21,2.40530406e-44,4.75969060e-62,6.97328058e-83,6.20495890e-07,3.07012782e-62,1.08400571e-87,2.32107680e-88,1.03507736e-06,8.70269156e-37,3.09960954e-26,5.60825022e-12,7.30914537e-07,1.28174143e-08,1.94692733e-21,0.00000000e+00,1.85406947e-46,9.35279323e-08,0.00000000e+00,1.36827424e-74,3.12942531e-34,2.27683856e-05,1.48445609e-09,3.69771088e-15,0.00000000e+00,0.00000000e+00,0.00000000e+00,0.00000000e+00,7.12553237e-01,9.83902504e-19,3.65140448e-24,4.02725840e-06,6.91408836e-02,2.45770338e-65,3.40456574e-28,3.85765684e-21,1.00759302e-46,8.37827660e-55,1.09672490e-26,0.00000000e+00,1.09997256e-15,7.14863172e-05,3.47817276e-06,4.78045495e-10,0.00000000e+00,5.10221597e-40,1.32130983e-57,6.47981677e-176,7.70550721e-191,2.68830409e-08,7.30947607e-13,7.17611362e-05,1.71411363e-07,5.27977883e-06,2.35236260e-19,7.14024583e-34,1.34977759e-48,3.96486876e-225,4.51340370e-18,1.18426026e-04,5.61727824e-05,3.39210757e-04,3.85375631e-08,1.79086393e-16,0.00000000e+00,0.00000000e+00,0.00000000e+00
3.51856773e-01,1.11262182e-01,2.58252173e+03,1.03658347e-32,9.97895233e-21,2.50969821e-44,2.45117158e-62,2.10516208e-83,6.31009123e-07,9.41484791e-63,2.23366125e-88,1.15525085e-88,1.01117024e-06,3.99457085e-37,3.09720134e-26,5.60800839e-12,7.34930131e-07,1.44569818e-08,1.93390305e-21,0.00000000e+00,1.81716329e-46,8.53480920e-08,0.00000000e+00,5.44867164e-77,4.09099735e-35,2.27703699e-05,1.70367700e-09,4.34280360e-15,0.00000000e+00,0.00000000e+00,0.00000000e+00,0.00000000e+00,7.12553170e-01,1.00453612e-18,3.53047613e-24,4.02389844e-06,6.91409358e-02,2.41210475e-65,3.49058864e-28,5.10106214e-21,9.00567945e-47,7.70163000e-55,5.82628372e-27,0.00000000e+00,7.23429930e-16,7.14524550e-05,3.50323834e-06,7.70724540e-10,0.00000000e+00,5.08389463e-40,1.28973255e-57,6.47981677e-176,6.71483181e-191,2.66546522e-08,7.39967984e-13,7.17611362e-05,1.71411363e-07,5.27977883e-06,2.35236279e-19,7.14024697e-34,1.34977778e-48,3.96486876e-225,1.89593277e-18,1.18435527e-04,5.61662855e-05,3.39203467e-04,4.36964231e-08,3.58117892e-16,0.00000000e+00,0.00000000e+00,0.00000000e+00
3.74916744e-01,1.07067141e-01,2.30128228e+03,1.48700742e-32,1.54880301e-20,2.58066715e-44,1.19738844e-62,5.87204309e-84,6.35521916e-07,2.54328581e-63,3.88094297e-89,5.49293170e-89,9.92605275e-07,1.68775860e-37,3.09463735e-26,5.60767928e-12,7.40013349e-07,1.62493265e-08,1.92496312e-21,0.00000000e+00,1.77866752e-46,7.68705760e-08,0.00000000e+00,1.21072854e-79,4.32018934e-36,2.27693828e-05,1.94208813e-09,5.04645302e-15,0.00000000e+00,0.00000000e+00,0.00000000e+00,0.00000000e+00,7.12553125e-01,1.02652342e-18,3.52770487e-24,4.02151781e-06,6.91409895e-02,2.36444830e-65,3.58542606e-28,6.93470826e-21,7.95390970e-47,7.04068785e-55,2.90730299e-27,0.00000000e+00,4.60424643e-16,7.14296895e-05,3.53001193e-06,1.27104795e-09,0.00000000e+00,5.06444493e-40,1.25691124e-57,6.47981677e-176,5.79897157e-191,2.64081514e-08,7.46494999e-13,7.17611362e-05,1.71411363e-07,5.27977883e-06,2.35236289e-19,7.14024754e-34,1.34977788e-48,3.96486876e-225,7.44147507e-19,1.18431342e-04,5.61591916e-05,3.39198806e-04,4.92477734e-08,7.36734886e-16,0.00000000e+00,0.00000000e+00,0.00000000e+00
3.99488019e-01,1.02771081e-01,2.03523258e+03,2.19580975e-32,2.48063856e-20,2.60913529e-44,5.52144173e-63,1.50559046e-84,6.34698190e-07,5.97608617e-64,5.59338699e-90,2.48754776e-89,9.78729787e-07,6.50622271e-38,3.09190766e-26,5.60736372e-12,7.45819773e-07,1.81971368e-08,1.91902765e-21,0.00000000e+00,1.73871034e-46,6.83416937e-08,0.00000000e+00,1.38825298e-82,3.58228839e-37,2.27662334e-05,2.19921073e-09,5.80778475e-15,0.00000000e+00,0.00000000e+00,0.00000000e+00,0.00000000e+00,7.12553094e-01,1.04996485e-18,3.61102503e-24,4.01988194e-06,6.91410441e-02,2.31470423e-65,3.69035395e-28,9.70715468e-21,6.92748831e-47,6.39874279e-55,1.35515101e-27,0.00000000e+00,2.82870665e-16,7.14145881e-05,3.55857216e-06,2.13063269e-09,0.00000000e+00,5.04380242e-40,1.22285524e-57,6.47981677e-176,4.96012260e-191,2.61445731e-08,7.50918822e-13,7.17611362e-05,1.71411363e-07,5.27977883e-06,2.35236293e-19,7.14024779e-34,1.34977792e-48,3.96486876e-225,2.71472882e-19,1.18417012e-04,5.61515184e-05,3.39195941e-04,5.51992112e-08,1.53890674e-15,0.00000000e+00,0.00000000e+00,0.00000000e+00
4.25669645e-01,9.83829934e-02,1.78550622e+03,3.34712847e-32,4.10869825e-20,2.58695253e-44,2.39043631e-63,3.52915906e-85,6.29345909e-07,1.20455726e-64,6.56836285e-91,1.06952625e-89,9.68739647e-07,2.26577561e-38,3.08900173e-26,5.60709785e-12,7.51962391e-07,2.03031344e-08,1.91522852e-21,0.00000000e+00,1.69695125e-46,5.99831274e-08,0.00000000e+00,7.50254928e-86,2.25648918e-38,2.27615151e-05,2.47456113e-09,6.62554083e-15,0.00000000e+00,0.00000000e+00,0.00000000e+00,0.00000000e+00,7.12553075e-01,1.07496940e-18,3.75580308e-24,4.01879476e-06,6.91410992e-02,2.26285116e-65,3.80688993e-28,1.40118222e-20,5.93364154e-47,5.77901382e-55,5.86523722e-28,0.00000000e+00,1.67283794e-16,7.14045590e-05,3.58901574e-06,3.59141115e-09,0.00000000e+00,5.02189963e-40,1.18758108e-57,6.47981677e-176,4.19938939e-191,2.58644770e-08,7.53657989e-13,7.17611362e-05,1.71411363e-07,5.27977883e-06,2.35236295e-19,7.14024790e-34,1.34977793e-48,3.96486876e-225,9.15052124e-20,1.18395184e-04,5.61432678e-05,3.39194255e-04,6.15638469e-08,3.18698675e-15,0.00000000e+00,0.00000000e+00,0.00000000e+00
4.53567162e-01,9.39133076e-02,1.55304014e+03,5.28337477e-32,7.05388285e-20,2.50752401e-44,9.65815852e-64,7.51937598e-86,6.20293434e-07,2.05016245e-65,6.16009126e-92,4.35098223e-90,9.61808586e-07,7.04768580e-39,3.08590835e-26,5.60688397e-12,7.57995797e-07,2.25705996e-08,1.91289212e-21,0.00000000e+00,1.65358221e-46,5.19803643e-08,0.00000000e+00,0.00000000e+00,1.03876693e-39,2.27556405e-05,2.76774397e-09,7.49791827e-15,0.00000000e+00,0.00000000e+00,0.00000000e+00,0.00000000e+00,7.12553063e-01,1.10165677e-18,3.94435808e-24,4.01809806e-06,6.91411541e-02,2.20887741e-65,3.93685431e-28,2.08895003e-20,4.97998449e-47,5.18458270e-55,2.34146199e-28,0.00000000e+00,9.49212831e-17,7.13977240e-05,3.62145350e-06,5.99683607e-09,0.00000000e+00,4.99866602e-40,1.15111368e-57,6.47981677e-176,3.51674497e-191,2.55680520e-08,7.55114603e-13,7.17611362e-05,1.71411363e-07,5.27977883e-06,2.35236296e-19,7.14024795e-34,1.34977794e-48,3.96486876e-225,2.83082890e-20,1.18367743e-04,5.61344293e-05,3.39193307e-04,6.83599078e-08,6.33911284e-15,0.00000000e+00,0.00000000e+00,0.00000000e+00
4.83293024e-01,8.93739268e-02,1.33854751e+03,8.66615502e-32,1.25857186e-19,2.36931985e-44,3.61738665e-64,1.44735133e-86,6.08304415e-07,2.89885732e-66,4.52116301e-93,1.66872496e-90,9.57177069e-07,1.93449025e-39,3.08261564e-26,5.60671067e-12,7.63449135e-07,2.50038200e-08,1.91151653e-21,0.00000000e+00,1.60859454e-46,4.44771717e-08,0.00000000e+00,0.00000000e+00,3.33993006e-41,2.27488794e-05,3.07851301e-09,8.42331185e-15,0.00000000e+00,0.00000000e+00,0.00000000e+00,0.00000000e+00,7.12553057e-01,1.13016006e-18,4.16462035e-24,4.01766897e-06,6.91412084e-02,2.15278229e-65,4.08244862e-28,3.22248984e-20,4.07977114e-47,4.61832730e-55,8.56530725e-29,0.00000000e+00,5.14930462e-17,7.13927804e-05,3.65600839e-06,9.75338981e-09,0.00000000e+00,4.97402801e-40,1.11348759e-57,6.47981677e-176,2.91102620e-191,2.52552155e-08,7.55641003e-13,7.17611362e-05,1.71411363e-07,5.27977883e-06,2.35236296e-19,7.14024796e-34,1.34977794e-48,3.96486876e-225,7.97748036e-21,1.18335953e-04,5.61249831e-05,3.39192801e-04,7.56099365e-08,1.17583473e-14,0.00000000e+00,0.00000000e+00,0.00000000e+00
5.14967058e-01,8.47782426e-02,1.14249551e+03,1.48277164e-31,2.34082638e-19,2.17291904e-44,1.24666869e-64,2.50022906e-87,5.94031788e-07,3.35580490e-67,2.49145617e-94,6.01043067e-91,9.54200372e-07,4.63044135e-40,3.07911100e-26,5.60656376e-12,7.67925112e-07,2.76084163e-08,1.91074416e-21,0.00000000e+00,1.56200495e-46,3.75751439e-08,0.00000000e+00,0.00000000e+00,7.10137466e-43,2.27413938e-05,3.40679521e-09,9.40199264e-15,0.00000000e+00,0.00000000e+00,0.00000000e+00,0.00000000e+00,7.12553054e-01,1.16062896e-18,4.40824586e-24,4.01741593e-06,6.91412615e-02,2.09457759e-65,4.24635706e-28,5.15501582e-20,3.24480357e-47,4.08285412e-55,2.85196981e-29,0.00000000e+00,2.65979534e-17,7.13888661e-05,3.69281453e-06,1.52254782e-08,0.00000000e+00,4.94790890e-40,1.07474794e-57,6.47981677e-176,2.37996728e-191,2.49256992e-08,7.55521326e-13,7.17611362e-05,1.71411363e-07,5.27977883e-06,2.35236296e-19,7.14024797e-34,1.34977794e-48,3.96486876e-225,2.03069202e-21,1.18300602e-04,5.61149019e-05,3.39192546e-04,8.33399532e-08,2.00166129e-14,0.00000000e+00,0.00000000e+00,0.00000000e+00
5.48716944e-01,8.01411237e-02,9.65089421e+02,2.65711001e-31,4.55412980e-19,1.93931600e-44,3.92102857e-65,3.84905647e-88,5.78002646e-07,3.14529650e-68,1.11829664e-95,2.02470692e-91,9.52364600e-07,9.61434356e-41,3.07538106e-26,5.60643102e-12,7.71221131e-07,3.03915221e-08,1.91033234e-21,0.00000000e+00,1.51384551e-46,3.13368367e-08,0.00000000e+00,0.00000000e+00,9.62037466e-45,2.27332692e-05,3.75268241e-09,1.04371797e-14,0.00000000e+00,0.00000000e+00,0.00000000e+00,0.00000000e+00,7.12553054e-01,1.19323347e-18,4.66865519e-24,4.01727361e-06,6.91413132e-02,2.03428901e-65,4.43187810e-28,8.57333707e-20,2.50564142e-47,3.58043227e-55,8.61157079e-30,0.00000000e+00,1.30223507e-17,7.13854375e-05,3.73201679e-06,2.26081949e-08,0.00000000e+00,4.92022891e-40,1.03495142e-57,6.47981677e-176,1.92027267e-191,2.45791201e-08,7.54967380e-13,7.17611362e-05,1.71411363e-07,5.27977883e-06,2.35236296e-19,7.14024797e-34,1.34977794e-48,3.96486876e-225,4.62544637e-22,1.18262124e-04,5.61041518e-05,3.39192425e-04,9.15788249e-08,3.13027122e-14,0.00000000e+00,0.00000000e+00,0.00000000e+00
5.84678728e-01,7.54788753e-02,8.06264491e+02,5.00667343e-31,9.30263187e-19,1.68476480e-44,1.11543874e-65,5.24139550e-89,5.60623426e-07,2.65148244e-69,0.00000000e+00,6.35111114e-92,9.51281715e-07,1.88874059e-41,3.07141164e-26,5.60630351e-12,7.73382134e-07,3.33618330e-08,1.91012479e-21,0.00000000e+00,1.46416319e-46,2.57909752e-08,0.00000000e+00,0.00000000e+00,0.00000000e+00,2.27245397e-05,4.11640055e-09,1.15342878e-14,0.00000000e+00,0.00000000e+00,0.00000000e+00,0.00000000e+00,7.12553056e-01,1.22816758e-18,4.93912357e-24,4.01719760e-06,6.91413635e-02,1.97195765e-65,4.64309512e-28,1.48665295e-19,1.88313555e-47,3.11293164e-55,2.36893806e-30,0.00000000e+00,6.01258614e-18,7.13821683e-05,3.77377058e-06,3.18688097e-08,0.00000000e+00,4.89090521e-40,9.94167026e-58,6.47981677e-176,1.52772836e-191,2.42150345e-08,7.54125282e-13,7.17611362e-05,1.71411363e-07,5.27977883e-06,2.35236296e-19,7.14024797e-34,1.34977794e-48,3.96486876e-225,9.32850049e-23,1.18220709e-04,5.60926942e-05,3.39192371e-04,1.00357921e-07,4.55429317e-14,0.00000000e+00,0.00000000e+00,0.00000000e+00
6.22997373e-01,7.08091629e-02,6.65686350e+02,9.94979287e-31,2.00169991e-18,1.46706052e-44,2.84244744e-66,6.26330051e-90,5.42196261e-07,3.96417872e-70,1.88943620e-94,1.84645675e-92,9.50673168e-07,6.69310226e-42,3.06718771e-26,5.60617521e-12,7.74640135e-07,3.65295554e-08,1.91002646e-21,0.00000000e+00,1.41301781e-46,2.09384913e-08,0.00000000e+00,0.00000000e+00,0.00000000e+00,2.27152065e-05,4.49826764e-09,1.26993098e-14,0.00000000e+00,0.00000000e+00,0.00000000e+00,0.00000000e+00,7.12553059e-01,1.26565220e-18,5.21104256e-24,4.01715926e-06,6.91414126e-02,1.90764151e-65,4.88509679e-28,2.69629480e-19,1.43601720e-47,2.68176830e-55,6.18211460e-31,0.00000000e+00,2.60306489e-18,7.13788713e-05,3.81824190e-06,4.28023737e-08,0.00000000e+00,4.85985200e-40,9.52476813e-58,6.47981677e-176,1.19734791e-191,2.38329787e-08,7.53088137e-13,7.17611362e-05,1.71411363e-07,5.27977883e-06,2.35236296e-19,7.14024797e-34,1.34977794e-48,3.96486876e-225,1.64621172e-23,1.18176387e-04,5.60804856e-05,3.39192349e-04,1.09711013e-07,6.26697326e-14,0.00000000e+00,0.00000000e+00,0.00000000e+00
6.63827344e-01,6.61508976e-02,5.42760828e+02,2.08564990e-30,4.54075506e-18,1.38936998e-44,6.42291590e-67,6.51204060e-91,5.22940013e-07,2.36914051e-70,0.00000000e+00,4.95071424e-93,9.50348886e-07,8.42053178e-42,3.06269335e-26,5.60604237e-12,7.75290593e-07,3.99063028e-08,1.90998292e-21,0.00000000e+00,1.36048500e-46,1.67585226e-08,0.00000000e+00,0.00000000e+00,0.00000000e+00,2.27052503e-05,4.89865018e-09,1.39378545e-14,0.00000000e+00,0.00000000e+00,0.00000000e+00,0.00000000e+00,7.12553062e-01,1.30593491e-18,5.47230346e-24,4.01714109e-06,6.91414607e-02,1.84141698e-65,5.16425768e-28,5.13025680e-19,1.26562001e-47,2.28786006e-55,1.74264082e-31,0.00000000e+00,1.04996859e-18,7.13754426e-05,3.86560751e-06,5.51514667e-08,0.00000000e+00,4.82698056e-40,9.09976422e-58,6.47981677e-176,9.23546945e-192,2.34324977e-08,7.51910334e-13,7.17611362e-05,1.71411363e-07,5.27977883e-06,2.35236296e-19,7.14024797e-34,1.34977794e-48,3.96486876e-225,2.50847867e-24,1.18129082e-04,5.60674785e-05,3.39192341e-04,1.19674325e-07,8.27801317e-14,0.00000000e+00,0.00000000e+00,0.00000000e+00
7.07333228e-01,6.15240806e-02,4.36653223e+02,4.57737308e-30,1.07852093e-17,1.59309482e-44,1.27389512e-67,5.84008465e-92,5.03011806e-07,3.04348909e-70,0.00000000e+00,1.21769013e-93,9.50185898e-07,1.63453986e-41,3.05791168e-26,5.60590264e-12,7.75589624e-07,4.35049789e-08,1.90996502e-21,0.00000000e+00,1.30665678e-46,1.32138806e-08,0.00000000e+00,0.00000000e+00,0.00000000e+00,2.26946404e-05,5.31792438e-09,1.52550982e-14,0.00000000e+00,0.00000000e+00,0.00000000e+00,0.00000000e+00,7.12553065e-01,1.34928233e-18,5.70581635e-24,4.01713305e-06,6.91415083e-02,1.77338025e-65,5.48858433e-28,1.02622403e-18,1.59007204e-47,1.93159505e-55,6.53319944e-32,0.00000000e+00,3.91743867e-19,7.13718248e-05,3.91605534e-06,6.87061334e-08,0.00000000e+00,4.79219942e-40,8.66775495e-58,6.47981677e-176,7.00337597e-192,2.30131663e-08,7.50620421e-13,7.17611362e-05,1.71411363e-07,5.27977883e-06,2.35236296e-19,7.14024797e-34,1.34977794e-48,3.96486876e-225,3.25198060e-25,1.18078657e-04,5.60536217e-05,3.39192338e-04,1.30286646e-07,1.06141633e-13,0.00000000e+00,0.00000000e+00,0.00000000e+00
7.53690398e-01,5.69496021e-02,3.46316636e+02,1.02831709e-29,2.61810410e-17,2.11110401e-44,2.19651915e-68,4.47129095e-93,4.82526576e-07,5.98441004e-70,0.00000000e+00,2.73201558e-94,9.50109092e-07,3.40366279e-41,3.05282484e-26,5.60575455e-12,7.75711811e-07,4.73396802e-08,1.90995825e-21,0.00000000e+00,1.25164241e-46,1.02557870e-08,0.00000000e+00,0.00000000e+00,0.00000000e+00,2.26833382e-05,5.75644460e-09,1.66560960e-14,0.00000000e+00,0.00000000e+00,0.00000000e+00,0.00000000e+00,7.12553068e-01,1.39595591e-18,5.88828634e-24,4.01712974e-06,6.91415555e-02,1.70364863e-65,5.86810991e-28,2.15648654e-18,2.92630702e-47,1.61281590e-55,3.33828806e-32,0.00000000e+00,1.34099410e-19,7.13679836e-05,3.96978511e-06,8.33441754e-08,0.00000000e+00,4.75541456e-40,8.22997883e-58,6.47981677e-176,5.21532553e-192,2.25746051e-08,7.49231041e-13,7.17611362e-05,1.71411363e-07,5.27977883e-06,2.35236296e-19,7.14024797e-34,1.34977794e-48,3.96486876e-225,3.52629904e-26,1.18024935e-04,5.60388603e-05,3.39192337e-04,1.41589453e-07,1.33140395e-13,0.00000000e+00,0.00000000e+00,0.00000000e+00
8.03085722e-01,5.24489944e-02,2.70528342e+02,2.26419865e-29,6.17745079e-17,2.62837457e-44,3.26816189e-69,2.89118670e-94,4.61573291e-07,1.40840966e-69,0.00000000e+00,5.55757514e-95,9.50075386e-07,7.20803067e-41,3.04741394e-26,5.60559708e-12,7.75756054e-07,5.14256345e-08,1.90995590e-21,0.00000000e+00,1.19556910e-46,7.82787222e-09,0.00000000e+00,0.00000000e+00,0.00000000e+00,2.26713008e-05,6.21451890e-09,1.81460382e-14,0.00000000e+00,0.00000000e+00,0.00000000e+00,0.00000000e+00,7.12553070e-01,1.44615377e-18,5.98966603e-24,4.01712850e-06,6.91416024e-02,1.63236171e-65,6.31525456e-28,4.72348798e-18,6.52193880e-47,1.33082159e-55,1.92335248e-32,0.00000000e+00,4.17302230e-20,7.13638957e-05,4.02700902e-06,9.90241636e-08,0.00000000e+00,4.71652956e-40,7.78781613e-58,6.47981677e-176,3.80947246e-192,2.21164942e-08,7.47745735e-13,7.17611362e-05,1.71411363e-07,5.27977883e-06,2.35236296e-19,7.14024797e-34,1.34977794e-48,3.96486876e-225,3.13838026e-27,1.17967714e-04,5.60231357e-05,3.39192337e-04,1.53627023e-07,1.64241238e-13,0.00000000e+00,0.00000000e+00,0.00000000e+00
8.55718314e-01,4.80441402e-02,2.07932583e+02,4.62836633e-29,1.32881622e-16,2.61346637e-44,4.18601346e-70,1.56330612e-95,4.40227338e-07,3.27876594e-69,0.00000000e+00,1.01851915e-95,9.50061714e-07,1.48978911e-40,3.04165897e-26,5.60542941e-12,7.75770166e-07,5.57791795e-08,1.90995517e-21,0.00000000e+00,1.13858255e-46,5.86952837e-09,0.00000000e+00,0.00000000e+00,0.00000000e+00,2.26584813e-05,6.69239001e-09,1.97303725e-14,0.00000000e+00,0.00000000e+00,0.00000000e+00,0.00000000e+00,7.12553072e-01,1.49988869e-18,5.97416101e-24,4.01712807e-06,6.91416490e-02,1.55968231e-65,6.84488061e-28,1.05541208e-17,1.51368089e-46,1.08438813e-55,1.08899468e-32,0.00000000e+00,1.16824782e-20,7.13595416e-05,4.08795263e-06,1.15760293e-07,0.00000000e+00,4.67544596e-40,7.34278585e-58,6.47981677e-176,2.72588664e-192,2.16385853e-08,7.46163117e-13,7.17611362e-05,1.71411363e-07,5.27977883e-06,2.35236296e-19,7.14024797e-34,1.34977794e-48,3.96486876e-225,2.24423267e-28,1.17906771e-04,5.60063853e-05,3.39192337e-04,1.66446559e-07,1.99972164e-13,0.00000000e+00,0.00000000e+00,0.00000000e+00
9.11800339e-01,4.37569359e-02,1.57087627e+02,8.45102393e-29,2.49669504e-16,1.94021128e-44,4.64469755e-71,6.98173372e-97,4.18559217e-07,6.61325328e-69,0.00000000e+00,1.67015724e-96,9.50056632e-07,2.81338201e-40,3.03553879e-26,5.60525079e-12,7.75774096e-07,6.04177769e-08,1.90995496e-21,0.00000000e+00,1.08084718e-46,4.31872389e-09,0.00000000e+00,0.00000000e+00,0.00000000e+00,2.26448296e-05,7.19021948e-09,2.14148492e-14,0.00000000e+00,0.00000000e+00,0.00000000e+00,0.00000000e+00,7.12553074e-01,1.55676199e-18,5.80428033e-24,4.01712794e-06,6.91416955e-02,1.48579720e-65,7.47323885e-28,2.31177076e-17,3.35194404e-46,8.71808400e-56,5.74256545e-33,0.00000000e+00,2.90744597e-21,7.13549029e-05,4.15285568e-06,1.33598978e-07,0.00000000e+00,4.63206355e-40,6.89653944e-58,6.47981677e-176,1.90820198e-192,2.11407141e-08,7.44479219e-13,7.17611362e-05,1.71411363e-07,5.27977883e-06,2.35236296e-19,7.14024797e-34,1.34977794e-48,3.96486876e-225,1.25830197e-29,1.17841868e-04,5.59885426e-05,3.39192337e-04,1.80098308e-07,2.40923261e-13,0.00000000e+00,0.00000000e+00,0.00000000e+00
9.71557865e-01,3.96089166e-02,1.16514550e+02,1.36947194e-28,4.09051734e-16,1.06635170e-44,4.53345659e-72,2.55318836e-98,3.96640101e-07,1.06205575e-68,0.00000000e+00,2.43294189e-97,9.50054917e-07,4.50648608e-40,3.02903106e-26,5.60506049e-12,7.75775040e-07,6.53600536e-08,1.90995491e-21,0.00000000e+00,1.02254609e-46,3.11436500e-09,0.00000000e+00,0.00000000e+00,0.00000000e+00,2.26302922e-05,7.70807342e-09,2.32055393e-14,0.00000000e+00,0.00000000e+00,0.00000000e+00,0.00000000e+00,7.12553075e-01,1.61561498e-18,5.44998092e-24,4.01712790e-06,6.91417417e-02,1.41091746e-65,8.21342246e-28,4.72627586e-17,6.58908354e-46,6.90950165e-56,2.75258972e-33,0.00000000e+00,6.34568716e-22,7.13499606e-05,4.22197301e-06,1.52603792e-07,0.00000000e+00,4.58628084e-40,6.45085101e-58,6.47981677e-176,1.30493882e-192,2.06228131e-08,7.42688702e-13,7.17611362e-05,1.71411363e-07,5.27977883e-06,2.35236296e-19,7.14024797e-34,1.34977794e-48,3.96486876e-225,5.38393656e-31,1.17772751e-04,5.59695369e-05,3.39192337e-04,1.94635721e-07,2.87750890e-13,0.00000000e+00,0.00000000e+00,0.00000000e+00
1.03523178e+00,3.56208476e-02,8.47449875e+01,2.00490524e-28,5.99749312e-16,4.43118682e-45,3.93336371e-73,7.50815603e-100,3.74544999e-07,1.36119586e-68,0.00000000e+00,3.12370638e-98,9.50054398e-07,5.93111933e-40,3.02211217e-26,5.60485772e-12,7.75775233e-07,7.06258622e-08,1.90995490e-21,0.00000000e+00,9.63880611e-47,2.19824447e-09,0.00000000e+00,0.00000000e+00,0.00000000e+00,2.26148123e-05,8.24590865e-09,2.51088482e-14,0.00000000e+00,0.00000000e+00,0.00000000e+00,0.00000000e+00,7.12553076e-01,1.67415670e-18,4.90460428e-24,4.01712789e-06,6.91417877e-02,1.33527843e-65,9.06058084e-28,8.70144953e-17,1.08596049e-45,5.39330214e-56,1.17771233e-33,0.00000000e+00,1.19582815e-22,7.13446948e-05,4.29557553e-06,1.72847863e-07,0.00000000e+00,4.53799548e-40,6.00760356e-58,6.47981677e-176,8.70442238e-193,2.00849244e-08,7.40785438e-13,7.17611362e-05,1.71411363e-07,5.27977883e-06,2.35236296e-19,7.14024797e-34,1.34977794e-48,3.96486876e-225,1.70302702e-32,1.17699148e-04,5.59492926e-05,3.39192337e-04,2.10115617e-07,3.41183433e-13,0.00000000e+00,0.00000000e+00,0.00000000e+00
1.10307874e+00,3.18122931e-02,6.03651382e+01,2.71969882e-28,8.12070005e-16,1.43973125e-45,3.00220174e-74,1.77977395e-101,3.52354257e-07,1.50274033e-68,0.00000000e+00,3.50740094e-99,9.50054259e-07,6.67527949e-40,3.01475723e-26,5.60464167e-12,7.75775266e-07,7.62363538e-08,1.90995490e-21,0.00000000e+00,9.05069470e-47,1.51658323e-09,0.00000000e+00,0.00000000e+00,0.00000000e+00,2.25983295e-05,8.80355886e-09,2.71315289e-14,0.00000000e+00,0.00000000e+00,0.00000000e+00,0.00000000e+00,7.12553076e-01,1.72890047e-18,4.20572838e-24,4.01712789e-06,6.91418335e-02,1.25913921e-65,9.95536032e-28,1.43176670e-16,1.46829439e-45,4.14201263e-56,4.42873563e-34,0.00000000e+00,1.91121728e-23,7.13390843e-05,4.37395119e-06,1.94410806e-07,0.00000000e+00,4.48710490e-40,5.56877110e-58,6.47981677e-176,5.65411853e-193,1.95272133e-08,7.38762767e-13,7.17611362e-05,1.71411363e-07,5.27977883e-06,2.35236296e-19,7.14024797e-34,1.34977794e-48,3.96486876e-225,3.85634693e-34,1.17620772e-04,5.59277296e-05,3.39192337e-04,2.26598382e-07,4.02027562e-13,0.00000000e+00,0.00000000e+00,0.00000000e+00
1.17537227e+00,2.82011735e-02,4.20535646e+01,3.49515348e-28,1.04134760e-15,3.80212036e-46,1.95139437e-75,3.57727619e-103,3.30153989e-07,1.54946434e-68,0.00000000e+00,3.41577676e-100,9.50054226e-07,6.91893837e-40,3.00693996e-26,5.60441147e-12,7.75775270e-07,8.22140602e-08,1.90995490e-21,0.00000000e+00,8.46347454e-47,1.02115325e-09,0.00000000e+00,0.00000000e+00,0.00000000e+00,2.25807797e-05,9.38072043e-09,2.92806946e-14,0.00000000e+00,0.00000000e+00,0.00000000e+00,0.00000000e+00,7.12553077e-01,1.77585977e-18,3.44877942e-24,4.01712789e-06,6.91418789e-02,1.18278164e-65,1.07479691e-27,2.13804677e-16,1.67140405e-45,3.12647240e-56,1.45298712e-34,0.00000000e+00,2.53773394e-24,7.13331066e-05,4.45740600e-06,2.17377825e-07,0.00000000e+00,4.43350692e-40,5.13639628e-58,6.47981677e-176,3.57034100e-193,1.89499826e-08,7.36613603e-13,7.17611362e-05,1.71411363e-07,5.27977883e-06,2.35236296e-19,7.14024797e-34,1.34977794e-48,3.96486876e-225,5.97948324e-36,1.17537318e-04,5.59047626e-05,3.39192337e-04,2.44148174e-07,4.71174849e-13,0.00000000e+00,0.00000000e+00,0.00000000e+00
1.25240375e+00,2.48033265e-02,2.86108698e+01,4.32432094e-28,1.28644047e-15,8.50750816e-47,1.05180396e-76,0.00000000e+00,3.08035835e-07,1.56148085e-68,0.00000000e+00,2.86778124e-101,9.50054219e-07,6.97149065e-40,2.99863266e-26,5.60416619e-12,7.75775271e-07,8.85829820e-08,1.90995490e-21,0.00000000e+00,7.87963565e-47,6.69973696e-10,0.00000000e+00,0.00000000e+00,0.00000000e+00,2.25620948e-05,9.97693825e-09,3.15638324e-14,0.00000000e+00,0.00000000e+00,0.00000000e+00,0.00000000e+00,7.12553077e-01,1.81199876e-18,2.76832650e-24,4.01712789e-06,6.91419238e-02,1.10650858e-65,1.12764939e-27,2.96715001e-16,1.69945491e-45,2.31681776e-56,4.20562430e-35,0.00000000e+00,2.73490578e-25,7.13267376e-05,4.54626511e-06,2.41839682e-07,0.00000000e+00,4.37710060e-40,4.71256378e-58,6.47981677e-176,2.18760819e-193,1.83536863e-08,7.34330465e-13,7.17611362e-05,1.71411363e-07,5.27977883e-06,2.35236296e-19,7.14024797e-34,1.34977794e-48,3.96486876e-225,9.84186923e-38,1.17448459e-04,5.58803008e-05,3.39192337e-04,2.62833144e-07,5.49608629e-13,0.00000000e+00,0.00000000e+00,0.00000000e+00
1.33448373e+00,2.16320891e-02,1.89800197e+01,5.20665504e-28,1.54775018e-15,1.67318705e-47,5.44286140e-78,0.00000000e+00,2.86096295e-07,1.56410954e-68,0.00000000e+00,2.05975018e-102,9.50054218e-07,6.97952012e-40,2.98980617e-26,5.60390486e-12,7.75775271e-07,9.53686841e-08,1.90995490e-21,0.00000000e+00,7.30178626e-47,4.27591413e-10,0.00000000e+00,0.00000000e+00,0.00000000e+00,2.25422022e-05,1.05915916e-08,3.39888154e-14,0.00000000e+00,0.00000000e+00,0.00000000e+00,0.00000000e+00,7.12553077e-01,1.83654719e-18,2.27483893e-24,4.01712789e-06,6.91419682e-02,1.03064165e-65,1.15275063e-27,3.91107049e-16,1.63263141e-45,1.68344353e-56,8.94831024e-36,0.00000000e+00,2.32472445e-26,7.13199519e-05,4.64087393e-06,2.67892940e-07,0.00000000e+00,4.31778704e-40,4.29936935e-58,6.47981677e-176,1.29803650e-193,1.77389442e-08,7.31905482e-13,7.17611362e-05,1.71411363e-07,5.27977883e-06,2.35236296e-19,7.14024797e-34,1.34977794e-48,3.96486876e-225,0.00000000e+00,1.17353850e-04,5.58542475e-05,3.39192337e-04,2.82725676e-07,6.38411070e-13,0.00000000e+00,0.00000000e+00,0.00000000e+00
1.42194306e+00,1.86979196e-02,1.22569140e+01,6.14424176e-28,1.82619928e-15,2.80559188e-48,0.00000000e+00,0.00000000e+00,2.64435754e-07,1.56464573e-68,0.00000000e+00,1.24146384e-103,9.50054218e-07,6.98047199e-40,2.98042981e-26,5.60362640e-12,7.75775271e-07,1.02598397e-07,1.90995490e-21,0.00000000e+00,6.73262298e-47,2.64983241e-10,0.00000000e+00,0.00000000e+00,0.00000000e+00,2.25210253e-05,1.12238803e-08,3.65639151e-14,0.00000000e+00,0.00000000e+00,0.00000000e+00,0.00000000e+00,7.12553078e-01,1.85112447e-18,1.99245550e-24,4.01712789e-06,6.91420118e-02,9.55518146e-66,1.16132416e-27,4.97663994e-16,1.53732884e-45,1.19788619e-56,0.00000000e+00,0.00000000e+00,1.50808562e-27,7.13127222e-05,4.74159936e-06,2.95640308e-07,0.00000000e+00,4.25547041e-40,3.89888496e-58,6.47981677e-176,7.44299891e-194,1.71065551e-08,7.29330383e-13,7.17611362e-05,1.71411363e-07,5.27977883e-06,2.35236296e-19,7.14024797e-34,1.34977794e-48,3.96486876e-225,0.00000000e+00,1.17253124e-04,5.58265001e-05,3.39192337e-04,3.03902623e-07,7.38770377e-13,0.00000000e+00,0.00000000e+00,0.00000000e+00
1.51513429e+00,1.60080792e-02,7.69163995e+00,7.14008742e-28,2.12288556e-15,6.59330315e-49,0.00000000e+00,0.00000000e+00,2.43157258e-07,1.56478433e-68,0.00000000e+00,6.26967131e-105,9.50054218e-07,6.98056520e-40,2.97047129e-26,5.60332972e-12,7.75775271e-07,1.10301124e-07,1.90995490e-21,0.00000000e+00,6.17489534e-47,1.59143302e-10,0.00000000e+00,0.00000000e+00,0.00000000e+00,2.24984823e-05,1.18728120e-08,3.92978119e-14,0.00000000e+00,0.00000000e+00,0.00000000e+00,0.00000000e+00,7.12553078e-01,1.85865378e-18,1.86560723e-24,4.01712789e-06,6.91420546e-02,8.81487252e-66,1.16350244e-27,6.18116895e-16,1.42466350e-45,8.33579774e-57,0.00000000e+00,0.00000000e+00,7.18256045e-29,7.13050195e-05,4.84883099e-06,3.25191013e-07,0.00000000e+00,4.19005911e-40,3.51312062e-58,6.47981677e-176,4.11508717e-194,1.64575102e-08,7.26596486e-13,7.17611362e-05,1.71411363e-07,5.27977883e-06,2.35236296e-19,7.14024797e-34,1.34977794e-48,3.96486876e-225,0.00000000e+00,1.17145893e-04,5.57969494e-05,3.39192337e-04,3.26445571e-07,8.51988059e-13,0.00000000e+00,0.00000000e+00,0.00000000e+00
1.61443309e+00,1.35663919e-02,4.68160049e+00,8.19754326e-28,2.43899911e-15,1.91380472e-48,6.51299060e-78,0.00000000e+00,2.22365067e-07,1.56519933e-68,0.00000000e+00,2.58686316e-106,9.50054217e-07,6.98057251e-40,2.95989673e-26,5.60301360e-12,7.75775271e-07,1.18507756e-07,1.90995490e-21,0.00000000e+00,5.63136464e-47,9.24370861e-11,0.00000000e+00,0.00000000e+00,0.00000000e+00,2.24744868e-05,1.25371897e-08,4.21996063e-14,0.00000000e+00,0.00000000e+00,0.00000000e+00,0.00000000e+00,7.12553078e-01,1.86202436e-18,1.82019413e-24,4.01712789e-06,6.91420963e-02,8.08905529e-66,1.16392362e-27,7.54954638e-16,1.31648037e-45,5.66446141e-57,0.00000000e+00,0.00000000e+00,2.42990773e-30,7.12968129e-05,4.96298245e-06,3.56661198e-07,0.00000000e+00,4.12146695e-40,3.14398367e-58,6.47981677e-176,2.18848054e-194,1.57930050e-08,7.23694691e-13,7.17611362e-05,1.71411363e-07,5.27977883e-06,2.35236296e-19,7.14024797e-34,1.34977794e-48,3.96486876e-225,0.00000000e+00,1.17031741e-04,5.57654792e-05,3.39192337e-04,3.50441106e-07,9.79486166e-13,0.00000000e+00,0.00000000e+00,0.00000000e+00
1.72023972e+00,1.13731027e-02,2.75827878e+00,9.32016087e-28,2.77581048e-15,6.39137875e-48,2.33216648e-77,0.00000000e+00,2.02162992e-07,1.56677789e-68,0.00000000e+00,8.39115733e-108,9.50054217e-07,6.98057293e-40,2.94867055e-26,5.60267679e-12,7.75775271e-07,1.27251194e-07,1.90995490e-21,0.00000000e+00,5.10475771e-47,5.18132660e-11,0.00000000e+00,0.00000000e+00,0.00000000e+00,2.24489468e-05,1.32156022e-08,4.52788264e-14,0.00000000e+00,0.00000000e+00,0.00000000e+00,0.00000000e+00,7.12553078e-01,1.86332553e-18,1.80686610e-24,4.01712789e-06,6.91421368e-02,7.38131622e-66,1.16398575e-27,9.11388673e-16,1.22192038e-45,3.75295675e-57,0.00000000e+00,0.00000000e+00,5.57333438e-32,7.12880694e-05,5.08449276e-06,3.90174341e-07,0.00000000e+00,4.04961462e-40,2.79323667e-58,6.47981677e-176,1.11669213e-194,1.51144492e-08,7.20615471e-13,7.17611362e-05,1.71411363e-07,5.27977883e-06,2.35236296e-19,7.14024797e-34,1.34977794e-48,3.96486876e-225,0.00000000e+00,1.16910231e-04,5.57319661e-05,3.39192337e-04,3.75981098e-07,1.12281439e-12,0.00000000e+00,0.00000000e+00,0.00000000e+00
1.83298071e+00,1.00000000e-02,1.56972732e+00,1.05116674e-27,3.13467350e-15,2.83640493e-45,3.95095219e-75,0.00000000e+00,1.82652568e-07,1.57785967e-68,0.00000000e+00,2.20184237e-109,9.50054217e-07,6.98057296e-40,2.93675548e-26,5.60231793e-12,7.75775271e-07,1.36566480e-07,1.90995490e-21,0.00000000e+00,4.59771638e-47,2.79614111e-11,0.00000000e+00,0.00000000e+00,0.00000000e+00,2.24217649e-05,1.39064155e-08,4.85454359e-14,0.00000000e+00,0.00000000e+00,0.00000000e+00,0.00000000e+00,7.12553078e-01,1.86376462e-18,1.80349158e-24,4.01712789e-06,6.91421759e-02,6.69520329e-66,1.16399288e-27,1.09074174e-15,1.48813071e-44,2.42031164e-57,5.09486638e-31,0.00000000e+00,1.25887936e-33,7.12787541e-05,5.21382777e-06,4.25861705e-07,0.00000000e+00,3.97443120e-40,2.46245519e-58,6.47981677e-176,5.45221994e-195,1.44234750e-08,7.17348862e-13,7.17611362e-05,1.71411363e-07,5.27977883e-06,2.35236296e-19,7.14024797e-34,1.34977794e-48,3.96486876e-225,0.00000000e+00,1.16780896e-04,5.56962787e-05,3.39192337e-04,4.03162990e-07,1.28365690e-12,0.00000000e+00,0.00000000e+00,0.00000000e+00
1.95311051e+00,1.00000000e-02,8.60925703e-01,1.17759650e-27,3.51703038e-15,7.12452005e-44,1.15048765e-72,1.19062455e-104,1.63931067e-07,1.26351831e-67,0.00000000e+00,4.58906252e-111,9.50054217e-07,6.98057323e-40,2.92411251e-26,5.60193557e-12,7.75775271e-07,1.46490931e-07,1.90995490e-21,0.00000000e+00,4.11274363e-47,1.44917438e-11,0.00000000e+00,0.00000000e+00,0.00000000e+00,2.23928378e-05,1.46077677e-08,5.20098385e-14,0.00000000e+00,0.00000000e+00,0.00000000e+00,0.00000000e+00,7.12553078e-01,1.86397823e-18,1.80235747e-24,4.01712789e-06,6.91422133e-02,6.03416080e-66,1.16399519e-27,1.28547834e-15,1.40572442e-42,1.51664476e-57,0.00000000e+00,0.00000000e+00,5.73639512e-34,7.12688297e-05,5.35148168e-06,4.63862797e-07,0.00000000e+00,3.89585583e-40,2.15298712e-58,6.47981677e-176,2.53984445e-195,1.37219427e-08,7.13884459e-13,7.17611362e-05,1.71411363e-07,5.27977883e-06,2.35236296e-19,7.14024797e-34,1.34977794e-48,3.96486876e-225,0.00000000e+00,1.16643242e-04,5.56582776e-05,3.39192337e-04,4.32090109e-07,1.46383882e-12,0.00000000e+00,0.00000000e+00,0.00000000e+00
2.08111337e+00,1.00000000e-02,4.53953109e-01,1.31171330e-27,3.92441742e-15,6.47907422e-43,2.39780027e-72,5.92799526e-104,1.46089428e-07,1.69412533e-66,0.00000000e+00,7.57945499e-113,9.50054217e-07,6.98057347e-40,2.91070083e-26,5.60152818e-12,7.75775271e-07,1.57064289e-07,1.90995490e-21,0.00000000e+00,3.65214803e-47,7.19408131e-12,0.00000000e+00,0.00000000e+00,0.00000000e+00,2.23620559e-05,1.53175670e-08,5.56828810e-14,0.00000000e+00,0.00000000e+00,0.00000000e+00,0.00000000e+00,7.12553078e-01,1.86410092e-18,1.80676807e-24,4.01712789e-06,6.91422490e-02,5.40145989e-66,1.16399651e-27,1.49297759e-15,2.82937080e-42,9.21707448e-58,0.00000000e+00,0.00000000e+00,3.02366684e-34,7.12582563e-05,5.49797859e-06,5.04325872e-07,0.00000000e+00,3.81383955e-40,1.86591519e-58,6.47981677e-176,1.12537812e-195,1.30119419e-08,7.10211417e-13,7.17611362e-05,1.71411363e-07,5.27977883e-06,2.35236296e-19,7.14024797e-34,1.34977794e-48,3.96486876e-225,0.00000000e+00,1.16496745e-04,5.56178146e-05,3.39192337e-04,4.62871985e-07,1.66533215e-12,0.00000000e+00,0.00000000e+00,0.00000000e+00
2.21750528e+00,1.00000000e-02,2.29530148e-01,1.45394297e-27,4.35847117e-15,2.14588107e-42,7.75711563e-72,1.81145933e-103,1.29210150e-07,8.36468333e-66,0.00000000e+00,9.53698020e-115,9.50054216e-07,6.98057371e-40,2.89647786e-26,5.60109413e-12,7.75775271e-07,1.68328878e-07,1.90995492e-21,0.00000000e+00,3.21798817e-47,3.41111958e-12,0.00000000e+00,0.00000000e+00,0.00000000e+00,2.23293032e-05,1.60334939e-08,5.95758528e-14,0.00000000e+00,0.00000000e+00,0.00000000e+00,0.00000000e+00,7.12553078e-01,1.86416880e-18,1.82871306e-24,4.01712789e-06,6.91422828e-02,4.80012649e-66,1.16399725e-27,1.71407592e-15,9.01274671e-42,5.42159493e-58,0.00000000e+00,0.00000000e+00,1.52872951e-34,7.12469917e-05,5.65387415e-06,5.47408442e-07,0.00000000e+00,3.72834728e-40,1.60202473e-58,6.47981677e-176,4.72743299e-196,1.22957901e-08,7.06318445e-13,7.17611362e-05,1.71411363e-07,5.27977883e-06,2.35236296e-19,7.14024797e-34,1.34977794e-48,3.96486876e-225,0.00000000e+00,1.16340850e-04,5.55747320e-05,3.39192337e-04,4.95624678e-07,1.89026100e-12,0.00000000e+00,0.00000000e+00,0.00000000e+00
2.36283603e+00,1.00000000e-02,1.10983399e-01,1.60472935e-27,4.82093491e-15,1.22302686e-42,3.92741883e-72,7.05449532e-104,1.13365224e-07,1.73994632e-65,0.00000000e+00,9.23746451e-117,9.50054216e-07,6.98057383e-40,2.88139922e-26,5.60063167e-12,7.75775271e-07,1.80329765e-07,1.90995493e-21,0.00000000e+00,2.81201927e-47,1.54020707e-12,0.00000000e+00,0.00000000e+00,0.00000000e+00,2.22944568e-05,1.67530079e-08,6.37004822e-14,0.00000000e+00,0.00000000e+00,0.00000000e+00,0.00000000e+00,7.12553078e-01,1.86420488e-18,1.85882751e-24,4.01712789e-06,6.91423145e-02,4.23286904e-66,1.16399763e-27,1.94966459e-15,1.65755276e-41,3.08004289e-58,0.00000000e+00,0.00000000e+00,7.39116676e-35,7.12349909e-05,5.81975721e-06,5.93277832e-07,0.00000000e+00,3.63935992e-40,1.36177837e-58,6.47981677e-176,1.87617669e-196,1.15760254e-08,7.02193815e-13,7.17611362e-05,1.71411363e-07,5.27977883e-06,2.35236296e-19,7.14024797e-34,1.34977794e-48,3.96486876e-225,0.00000000e+00,1.16174966e-04,5.55288626e-05,3.39192337e-04,5.30471128e-07,2.14090608e-12,0.00000000e+00,0.00000000e+00,0.00000000e+00
2.51769146e+00,1.00000000e-02,5.11674442e-02,1.76453424e-27,5.31366555e-15,5.71726609e-40,1.56191043e-64,3.48779452e-92,9.86141900e-08,4.48100628e-65,0.00000000e+00,2.72999469e-115,9.50054216e-07,6.98088526e-40,2.86541873e-26,5.60013894e-12,7.75775271e-07,1.93114941e-07,1.90995558e-21,0.00000000e+00,2.43564414e-47,6.60130580e-13,0.00000000e+00,0.00000000e+00,0.00000000e+00,2.22573864e-05,1.74733601e-08,6.80689288e-14,0.00000000e+00,0.00000000e+00,0.00000000e+00,0.00000000e+00,7.12553078e-01,1.86422345e-18,1.91236857e-24,4.01712789e-06,6.91423440e-02,3.70200875e-66,1.16399785e-27,2.20069326e-15,8.75403710e-39,1.68621161e-58,0.00000000e+00,0.00000000e+00,3.40732478e-35,7.12222057e-05,5.99625163e-06,6.42111746e-07,0.00000000e+00,3.54687657e-40,1.14529957e-58,6.47981677e-176,7.00739648e-197,1.08553943e-08,6.97825369e-13,7.17611362e-05,1.71411363e-07,5.27977883e-06,2.35236296e-19,7.14024797e-34,1.34977794e-48,3.96486876e-225,0.00000000e+00,1.15998472e-04,5.54800287e-05,3.39192337e-04,5.67541501e-07,2.41970811e-12,0.00000000e+00,0.00000000e+00,0.00000000e+00
2.68269580e+00,1.00000000e-02,2.24228781e-02,1.93383721e-27,5.83864104e-15,2.70022661e-43,1.93840807e-67,3.08876575e-96,8.50024177e-08,4.45796795e-65,0.00000000e+00,1.33632740e-117,9.50054216e-07,6.98088526e-40,2.84848844e-26,5.59961396e-12,7.75775271e-07,2.06735506e-07,1.90995558e-21,0.00000000e+00,2.08987119e-47,2.67649265e-13,0.00000000e+00,0.00000000e+00,0.00000000e+00,2.22179543e-05,1.81916112e-08,7.26937718e-14,0.00000000e+00,0.00000000e+00,0.00000000e+00,0.00000000e+00,7.12553078e-01,1.86423210e-18,1.91154632e-24,4.01712789e-06,6.91423712e-02,3.20941525e-66,1.16399795e-27,2.46817383e-15,7.63209126e-39,8.87357441e-59,0.00000000e+00,0.00000000e+00,1.49302616e-35,7.12085851e-05,6.18401808e-06,6.94098875e-07,0.00000000e+00,3.45091689e-40,9.52366591e-59,6.47981677e-176,2.45385224e-197,1.01368337e-08,6.93200526e-13,7.17611362e-05,1.71411363e-07,5.27977883e-06,2.35236296e-19,7.14024797e-34,1.34977794e-48,3.96486876e-225,0.00000000e+00,1.15810706e-04,5.54280416e-05,3.39192337e-04,6.06973563e-07,2.72927026e-12,0.00000000e+00,0.00000000e+00,0.00000000e+00
2.85851418e+00,1.00000000e-02,9.30907621e-03,2.11313527e-27,6.39796819e-15,4.07029265e-43,0.00000000e+00,1.68675105e-100,7.25596892e-08,4.50381327e-65,0.00000000e+00,4.32388889e-120,9.50054215e-07,6.98088526e-40,2.83055863e-26,5.59905463e-12,7.75775271e-07,2.21245868e-07,1.90995558e-21,0.00000000e+00,1.77528180e-47,1.02283835e-13,0.00000000e+00,0.00000000e+00,0.00000000e+00,2.21760149e-05,1.89046563e-08,7.75879923e-14,0.00000000e+00,0.00000000e+00,0.00000000e+00,0.00000000e+00,7.12553078e-01,1.86423607e-18,1.91303232e-24,4.01712789e-06,6.91423961e-02,2.75645098e-66,1.16399799e-27,2.75318453e-15,6.61047089e-39,4.47726080e-59,0.00000000e+00,0.00000000e+00,6.19782430e-36,7.11940748e-05,6.38375590e-06,7.49439528e-07,0.00000000e+00,3.35152345e-40,7.82417644e-59,6.47981677e-176,8.02230808e-198,9.42344554e-09,6.88306305e-13,7.17611362e-05,1.71411363e-07,5.27977883e-06,2.35236296e-19,7.14024797e-34,1.34977794e-48,3.96486876e-225,0.00000000e+00,1.15610968e-04,5.53727009e-05,3.39192337e-04,6.48913046e-07,3.07235927e-12,0.00000000e+00,0.00000000e+00,0.00000000e+00
3.04585534e+00,1.00000000e-02,3.64838300e-03,2.30294238e-27,6.99389102e-15,0.00000000e+00,0.00000000e+00,0.00000000e+00,6.12991908e-08,4.49548656e-65,0.00000000e+00,8.83895859e-123,9.50054215e-07,6.98088526e-40,2.81157792e-26,5.59845871e-12,7.75775271e-07,2.36703956e-07,1.90995558e-21,0.00000000e+00,1.49200945e-47,3.67002342e-14,0.00000000e+00,0.00000000e+00,0.00000000e+00,2.21314139e-05,1.96092566e-08,8.27649498e-14,0.00000000e+00,0.00000000e+00,0.00000000e+00,0.00000000e+00,7.12553078e-01,1.86423777e-18,1.91274752e-24,4.01712789e-06,6.91424186e-02,2.34392750e-66,1.16399801e-27,3.05687425e-15,5.66195940e-39,2.16000936e-59,0.00000000e+00,0.00000000e+00,2.42877270e-36,7.11786167e-05,6.59620504e-06,8.08346291e-07,0.00000000e+00,3.24876429e-40,6.34568395e-59,6.47981677e-176,2.43729456e-198,8.71846565e-09,6.83129348e-13,7.17611362e-05,1.71411363e-07,5.27977883e-06,2.35236296e-19,7.14024797e-34,1.34977794e-48,3.96486876e-225,0.00000000e+00,1.15398519e-04,5.53137941e-05,3.39192337e-04,6.93514042e-07,3.45190543e-12,0.00000000e+00,0.00000000e+00,0.00000000e+00
3.24547446e+00,1.00000000e-02,1.34472358e-03,2.50378862e-27,7.62879961e-15,0.00000000e+00,0.00000000e+00,0.00000000e+00,5.12169869e-08,4.48302594e-65,0.00000000e+00,7.68575285e-125,9.50054215e-07,6.98088527e-40,2.79149330e-26,5.59782380e-12,7.75775271e-07,2.53171442e-07,1.90995558e-21,0.00000000e+00,1.23973257e-47,1.23128131e-14,0.00000000e+00,0.00000000e+00,0.00000000e+00,2.20839885e-05,2.03020785e-08,8.82383526e-14,0.00000000e+00,0.00000000e+00,0.00000000e+00,0.00000000e+00,7.12553078e-01,1.86423846e-18,1.91233398e-24,4.01712789e-06,6.91424388e-02,1.97207671e-66,1.16399802e-27,3.38046717e-15,4.79901276e-39,9.93464440e-60,0.00000000e+00,0.00000000e+00,8.95097248e-37,7.11621492e-05,6.82214807e-06,8.71044722e-07,0.00000000e+00,3.14273530e-40,5.07641239e-59,6.47981677e-176,6.84789664e-199,8.02522471e-09,6.77655945e-13,7.17611362e-05,1.71411363e-07,5.27977883e-06,2.35236296e-19,7.14024797e-34,1.34977794e-48,3.96486876e-225,0.00000000e+00,1.15172576e-04,5.52510957e-05,3.39192337e-04,7.40939386e-07,3.87100120e-12,0.00000000e+00,0.00000000e+00,0.00000000e+00
3.45817620e+00,1.00000000e-02,4.64255491e-04,2.71621927e-27,8.30523957e-15,0.00000000e+00,0.00000000e+00,0.00000000e+00,4.22920445e-08,4.48397081e-65,0.00000000e+00,1.74411308e-127,9.50054214e-07,6.98088527e-40,2.77025023e-26,5.59714736e-12,7.75775271e-07,2.70713981e-07,1.90995558e-21,0.00000000e+00,1.01768258e-47,3.84556745e-15,0.00000000e+00,0.00000000e+00,0.00000000e+00,2.20335668e-05,2.09797388e-08,9.40222199e-14,0.00000000e+00,0.00000000e+00,0.00000000e+00,0.00000000e+00,7.12553078e-01,1.86423873e-18,1.91236617e-24,4.01712789e-06,6.91424566e-02,1.64053973e-66,1.16399802e-27,3.72526771e-15,4.02672748e-39,4.34253135e-60,0.00000000e+00,0.00000000e+00,3.08988111e-37,7.11446066e-05,7.06241215e-06,9.37774074e-07,0.00000000e+00,3.03356271e-40,4.00205741e-59,6.47981677e-176,1.77063819e-199,7.34710251e-09,6.71872078e-13,7.17611362e-05,1.71411363e-07,5.27977883e-06,2.35236296e-19,7.14024797e-34,1.34977794e-48,3.96486876e-225,0.00000000e+00,1.14932312e-04,5.51843664e-05,3.39192337e-04,7.91361058e-07,4.33289863e-12,0.00000000e+00,0.00000000e+00,0.00000000e+00
3.68481798e+00,1.00000000e-02,1.49489495e-04,2.94079352e-27,9.02592207e-15,0.00000000e+00,0.00000000e+00,0.00000000e+00,3.44868482e-08,4.48319264e-65,0.00000000e+00,0.00000000e+00,9.50054214e-07,6.98088527e-40,2.74779281e-26,5.59642668e-12,7.75775271e-07,2.89401463e-07,1.90995558e-21,0.00000000e+00,8.24667810e-48,1.11286094e-15,0.00000000e+00,0.00000000e+00,0.00000000e+00,2.19799673e-05,2.16388577e-08,1.00130835e-13,0.00000000e+00,0.00000000e+00,0.00000000e+00,0.00000000e+00,7.12553078e-01,1.86423882e-18,1.91234297e-24,4.01712789e-06,6.91424723e-02,1.34837530e-66,1.16399802e-27,4.09266577e-15,3.33970810e-39,1.79795426e-60,0.00000000e+00,0.00000000e+00,9.94808465e-38,7.11259192e-05,7.31787109e-06,1.00878805e-06,0.00000000e+00,2.92140539e-40,3.10628567e-59,6.47981677e-176,4.18978052e-200,6.68747545e-09,6.65763462e-13,7.17611362e-05,1.71411363e-07,5.27977883e-06,2.35236296e-19,7.14024797e-34,1.34977794e-48,3.96486876e-225,0.00000000e+00,1.14676853e-04,5.51133524e-05,3.39192337e-04,8.44960584e-07,4.84100569e-12,0.00000000e+00,0.00000000e+00,0.00000000e+00
3.92631340e+00,1.00000000e-02,4.46899672e-05,3.17808284e-27,9.79373451e-15,0.00000000e+00,0.00000000e+00,0.00000000e+00,2.77486161e-08,4.48316487e-65,0.00000000e+00,0.00000000e+00,9.50054214e-07,6.98088527e-40,2.72406387e-26,5.59565887e-12,7.75775271e-07,3.09308283e-07,1.90995558e-21,0.00000000e+00,6.59113105e-48,2.96912104e-16,0.00000000e+00,0.00000000e+00,0.00000000e+00,2.19229985e-05,2.22761174e-08,1.06578690e-13,0.00000000e+00,0.00000000e+00,0.00000000e+00,0.00000000e+00,7.12553078e-01,1.86423885e-18,1.91234520e-24,4.01712789e-06,6.91424857e-02,1.09408879e-66,1.16399802e-27,4.48414235e-15,2.73629555e-39,7.02612115e-61,0.00000000e+00,0.00000000e+00,2.97357738e-38,7.11060123e-05,7.58944747e-06,1.08435557e-06,0.00000000e+00,2.80645705e-40,2.37130573e-59,6.47981677e-176,9.02076824e-201,6.04965795e-09,6.59315607e-13,7.17611362e-05,1.71411363e-07,5.27977883e-06,2.35236296e-19,7.14024797e-34,1.34977794e-48,3.96486876e-225,0.00000000e+00,1.14405276e-04,5.50377849e-05,3.39192337e-04,9.01929434e-07,5.39888163e-12,0.00000000e+00,0.00000000e+00,0.00000000e+00
4.18363594e+00,1.00000000e-02,1.23435834e-05,3.42866904e-27,1.06117519e-14,0.00000000e+00,0.00000000e+00,0.00000000e+00,2.20110911e-08,4.48316501e-65,0.00000000e+00,0.00000000e+00,9.50054213e-07,6.98088527e-40,2.69900525e-26,5.59484085e-12,7.75775271e-07,3.30513623e-07,1.90995558e-21,0.00000000e+00,5.19114019e-48,7.26454445e-17,0.00000000e+00,0.00000000e+00,0.00000000e+00,2.18624585e-05,2.28883248e-08,1.13380420e-13,0.00000000e+00,0.00000000e+00,0.00000000e+00,0.00000000e+00,7.12553078e-01,1.86423886e-18,1.91234874e-24,4.01712789e-06,6.91424972e-02,8.75681630e-67,1.16399802e-27,4.90127549e-15,2.21282273e-39,2.58171928e-61,0.00000000e+00,0.00000000e+00,8.21196274e-39,7.10848070e-05,7.87811470e-06,1.16476161e-06,0.00000000e+00,2.68894811e-40,1.77848060e-59,6.47981677e-176,1.75625900e-201,5.43683913e-09,6.52513878e-13,7.17611362e-05,1.71411363e-07,5.27977883e-06,2.35236296e-19,7.14024797e-34,1.34977794e-48,3.96486876e-225,0.00000000e+00,1.14116609e-04,5.49573788e-05,3.39192337e-04,9.62469428e-07,6.01023186e-12,0.00000000e+00,0.00000000e+00,0.00000000e+00
4.45782286e+00,1.00000000e-02,3.13366027e-06,3.69314197e-27,1.14832488e-14,0.00000000e+00,0.00000000e+00,0.00000000e+00,1.71968424e-08,4.48316501e-65,0.00000000e+00,0.00000000e+00,9.50054213e-07,6.98088527e-40,2.67255796e-26,5.59396935e-12,7.75775271e-07,3.53101759e-07,1.90995558e-21,0.00000000e+00,4.02503320e-48,1.62075630e-17,0.00000000e+00,0.00000000e+00,0.00000000e+00,2.17981348e-05,2.34724794e-08,1.20550720e-13,0.00000000e+00,0.00000000e+00,0.00000000e+00,0.00000000e+00,7.12553078e-01,1.86423886e-18,1.91235256e-24,4.01712789e-06,6.91425068e-02,6.90719912e-67,1.16399802e-27,5.34574669e-15,1.76476371e-39,8.88394931e-62,0.00000000e+00,0.00000000e+00,2.08444277e-39,7.10622189e-05,8.18489909e-06,1.25030804e-06,0.00000000e+00,2.56914734e-40,1.30894833e-59,6.47981677e-176,3.07155817e-202,4.85201585e-09,6.45343578e-13,7.17611362e-05,1.71411363e-07,5.27977883e-06,2.35236296e-19,7.14024797e-34,1.34977794e-48,3.96486876e-225,0.00000000e+00,1.13809825e-04,5.48718324e-05,3.39192337e-04,1.02679313e-06,6.67890262e-12,0.00000000e+00,0.00000000e+00,0.00000000e+00
4.74997943e+00,1.00000000e-02,7.27180076e-07,3.97209664e-27,1.24117125e-14,0.00000000e+00,0.00000000e+00,0.00000000e+00,1.32199755e-08,4.48316501e-65,0.00000000e+00,0.00000000e+00,9.50054212e-07,6.98088527e-40,2.64466249e-26,5.59304089e-12,7.75775271e-07,3.77162376e-07,1.90995558e-21,0.00000000e+00,3.06926701e-48,3.27740300e-18,0.00000000e+00,0.00000000e+00,0.00000000e+00,2.17298037e-05,2.40258409e-08,1.28104260e-13,0.00000000e+00,0.00000000e+00,0.00000000e+00,0.00000000e+00,7.12553078e-01,1.86423886e-18,1.91235664e-24,4.01712789e-06,6.91425148e-02,5.36419309e-67,1.16399802e-27,5.81934762e-15,1.38671349e-39,2.85061929e-62,0.00000000e+00,0.00000000e+00,4.83624124e-40,7.10381582e-05,8.51088198e-06,1.34131447e-06,0.00000000e+00,2.44736296e-40,9.44215296e-60,6.47981677e-176,4.79183696e-203,4.29792442e-09,6.37790038e-13,7.17611362e-05,1.71411363e-07,5.27977883e-06,2.35236296e-19,7.14024797e-34,1.34977794e-48,3.96486876e-225,0.00000000e+00,1.13483842e-04,5.47808260e-05,3.39192337e-04,1.09512422e-06,7.40887599e-12,0.00000000e+00,0.00000000e+00,0.00000000e+00
5.06128335e+00,1.00000000e-02,1.53339521e-07,4.26613002e-27,1.34008562e-14,0.00000000e+00,0.00000000e+00,0.00000000e+00,9.98911411e-09,4.48316501e-65,0.00000000e+00,0.00000000e+00,9.50054212e-07,6.98088527e-40,2.61525916e-26,5.59205175e-12,7.75775271e-07,4.02790913e-07,1.90995558e-21,0.00000000e+00,2.29923721e-48,5.96825076e-19,0.00000000e+00,0.00000000e+00,0.00000000e+00,2.16572300e-05,2.45459969e-08,1.36055576e-13,0.00000000e+00,0.00000000e+00,0.00000000e+00,0.00000000e+00,7.12553078e-01,1.86423887e-18,1.91236100e-24,4.01712789e-06,6.91425213e-02,4.09742414e-67,1.16399802e-27,6.32398739e-15,1.07256867e-39,8.49021214e-63,0.00000000e+00,0.00000000e+00,1.01963167e-40,7.10125297e-05,8.85720167e-06,1.43811918e-06,0.00000000e+00,2.32394324e-40,6.66688407e-60,6.47981677e-176,6.61862040e-204,3.77697302e-09,6.29838722e-13,7.17611362e-05,1.71411363e-07,5.27977883e-06,2.35236296e-19,7.14024797e-34,1.34977794e-48,3.96486876e-225,0.00000000e+00,1.13137522e-04,5.46840213e-05,3.39192337e-04,1.16769789e-06,8.20426601e-12,0.00000000e+00,0.00000000e+00,0.00000000e+00
5.39298949e+00,1.00000000e-02,2.91986906e-08,4.57583716e-27,1.44546339e-14,0.00000000e+00,0.00000000e+00,0.00000000e+00,7.41049277e-09,4.48316501e-65,0.00000000e+00,0.00000000e+00,9.50054211e-07,6.98088527e-40,2.58428844e-26,5.59099797e-12,7.75775271e-07,4.30088916e-07,1.90995558e-21,0.00000000e+00,1.69009491e-48,9.72054752e-20,0.00000000e+00,0.00000000e+00,0.00000000e+00,2.15801667e-05,2.50309271e-08,1.44418947e-13,0.00000000e+00,0.00000000e+00,0.00000000e+00,0.00000000e+00,7.12553078e-01,1.86423887e-18,1.91236565e-24,4.01712789e-06,6.91425264e-02,3.07503404e-67,1.16399802e-27,6.86170021e-15,8.15740362e-40,2.33573727e-63,0.00000000e+00,0.00000000e+00,1.94120329e-41,7.09852317e-05,9.22505550e-06,1.54108003e-06,0.00000000e+00,2.19927646e-40,4.60117591e-60,6.47981677e-176,8.02966443e-205,3.29117774e-09,6.21475350e-13,7.17611362e-05,1.71411363e-07,5.27977883e-06,2.35236296e-19,7.14024797e-34,1.34977794e-48,3.96486876e-225,0.00000000e+00,1.12769668e-04,5.45810604e-05,3.39192337e-04,1.24476117e-06,9.06931647e-12,0.00000000e+00,0.00000000e+00,0.00000000e+00
5.74643497e+00,1.00000000e-02,4.98730894e-09,4.90180685e-27,1.55772555e-14,0.00000000e+00,0.00000000e+00,0.00000000e+00,5.39098653e-09,4.48316501e-65,0.00000000e+00,0.00000000e+00,9.50054211e-07,6.98088527e-40,2.55169147e-26,5.58987535e-12,7.75775271e-07,4.59164426e-07,1.90995558e-21,0.00000000e+00,1.21752468e-48,1.40571967e-20,0.00000000e+00,0.00000000e+00,0.00000000e+00,2.14983546e-05,2.54790609e-08,1.53208263e-13,0.00000000e+00,0.00000000e+00,0.00000000e+00,0.00000000e+00,7.12553078e-01,1.86423887e-18,1.91237060e-24,4.01712789e-06,6.91425305e-02,2.26474290e-67,1.16399802e-27,7.43465362e-15,6.09379854e-40,5.90470069e-64,0.00000000e+00,0.00000000e+00,3.31503342e-42,7.09561562e-05,9.61570161e-06,1.65057541e-06,0.00000000e+00,2.07379003e-40,3.09927147e-60,6.47981677e-176,8.48474547e-206,2.84210494e-09,6.12686035e-13,7.17611362e-05,1.71411363e-07,5.27977883e-06,2.35236296e-19,7.14024797e-34,1.34977794e-48,3.96486876e-225,0.00000000e+00,1.12379022e-04,5.44715650e-05,3.39192337e-04,1.32657329e-06,1.00084013e-11,0.00000000e+00,0.00000000e+00,0.00000000e+00
6.12304454e+00,1.00000000e-02,7.58698070e-10,5.24461651e-27,1.67732033e-14,0.00000000e+00,0.00000000e+00,0.00000000e+00,3.84090397e-09,4.48316501e-65,0.00000000e+00,0.00000000e+00,9.50054210e-07,6.98088527e-40,2.51741051e-26,5.58867940e-12,7.75775271e-07,4.90132380e-07,1.90995558e-21,0.00000000e+00,8.58439450e-49,1.79123352e-21,0.00000000e+00,0.00000000e+00,0.00000000e+00,2.14115220e-05,2.58893249e-08,1.62436863e-13,0.00000000e+00,0.00000000e+00,0.00000000e+00,0.00000000e+00,7.12553078e-01,1.86423887e-18,1.91237587e-24,4.01712789e-06,6.91425336e-02,1.63486696e-67,1.16399802e-27,8.04515723e-15,4.46604346e-40,1.36408080e-64,0.00000000e+00,0.00000000e+00,5.04202183e-43,7.09251882e-05,1.00304608e-05,1.76700517e-06,0.00000000e+00,1.94794879e-40,2.03424607e-60,6.47981677e-176,7.74179356e-207,2.43082324e-09,6.03457434e-13,7.17611362e-05,1.71411363e-07,5.27977883e-06,2.35236296e-19,7.14024797e-34,1.34977794e-48,3.96486876e-225,0.00000000e+00,1.11964263e-04,5.43551353e-05,3.39192337e-04,1.41340593e-06,1.10260281e-11,0.00000000e+00,0.00000000e+00,0.00000000e+00
6.52433633e+00,1.00000000e-02,1.02017559e-10,5.60482655e-27,1.80472495e-14,0.00000000e+00,0.00000000e+00,0.00000000e+00,2.67638872e-09,4.48316501e-65,0.00000000e+00,0.00000000e+00,9.50054210e-07,6.98088527e-40,2.48138950e-26,5.58740535e-12,7.75775271e-07,5.23115038e-07,1.90995558e-21,0.00000000e+00,5.91554822e-49,1.99719612e-22,0.00000000e+00,0.00000000e+00,0.00000000e+00,2.13193844e-05,2.62611795e-08,1.72117368e-13,0.00000000e+00,0.00000000e+00,0.00000000e+00,0.00000000e+00,7.12553078e-01,1.86423887e-18,1.91238150e-24,4.01712789e-06,6.91425359e-02,1.15523388e-67,1.16399802e-27,8.69567199e-15,3.20709971e-40,2.86313745e-65,0.00000000e+00,0.00000000e+00,6.77875067e-44,7.08922056e-05,1.04707181e-05,1.89079165e-06,0.00000000e+00,1.82225224e-40,1.29886305e-60,6.47981677e-176,6.04482216e-208,2.05786790e-09,5.93776930e-13,7.17611362e-05,1.71411363e-07,5.27977883e-06,2.35236296e-19,7.14024797e-34,1.34977794e-48,3.96486876e-225,0.00000000e+00,1.11524006e-04,5.42313488e-05,3.39192337e-04,1.50554347e-06,1.21268466e-11,0.00000000e+00,0.00000000e+00,0.00000000e+00
6.95192796e+00,1.00000000e-02,1.20273929e-11,5.98297388e-27,1.94044745e-14,0.00000000e+00,0.00000000e+00,0.00000000e+00,1.82130669e-09,4.48316501e-65,0.00000000e+00,0.00000000e+00,9.50054209e-07,6.98088527e-40,2.44357477e-26,5.58604813e-12,7.75775271e-07,5.58242432e-07,1.90995558e-21,0.00000000e+00,3.97815691e-49,1.94121841e-23,0.00000000e+00,0.00000000e+00,0.00000000e+00,2.12216446e-05,2.65946380e-08,1.82261482e-13,0.00000000e+00,0.00000000e+00,0.00000000e+00,0.00000000e+00,7.12553078e-01,1.86423887e-18,1.91238749e-24,4.01712789e-06,6.91425376e-02,7.97945987e-68,1.16399802e-27,9.38882016e-15,2.25360058e-40,5.42838615e-66,0.00000000e+00,0.00000000e+00,7.99233262e-45,7.08570782e-05,1.09379240e-05,2.02238063e-06,0.00000000e+00,1.69723070e-40,8.05292965e-61,6.47981677e-176,1.27719735e-209,1.72322053e-09,5.83632816e-13,7.17611362e-05,1.71411363e-07,5.27977883e-06,2.35236296e-19,7.14024797e-34,1.34977794e-48,3.96486876e-225,0.00000000e+00,1.11056800e-04,5.40997598e-05,3.39192337e-04,1.60328326e-06,1.33156609e-11,0.00000000e+00,0.00000000e+00,0.00000000e+00
7.40754307e+00,1.00000000e-02,1.23258209e-12,6.37956473e-27,2.08502864e-14,0.00000000e+00,0.00000000e+00,0.00000000e+00,1.20854068e-09,4.48316499e-65,0.00000000e+00,0.00000000e+00,9.50054208e-07,6.98088527e-40,2.40391568e-26,5.58460232e-12,7.75775271e-07,5.95652850e-07,1.90995558e-21,0.00000000e+00,2.60660845e-49,1.62804873e-24,0.00000000e+00,0.00000000e+00,0.00000000e+00,2.11179923e-05,2.68902705e-08,1.92879779e-13,0.00000000e+00,0.00000000e+00,0.00000000e+00,0.00000000e+00,7.12553078e-01,1.86423887e-18,1.91239387e-24,4.01712789e-06,6.91425388e-02,5.37954291e-68,1.16399802e-27,1.01273958e-14,1.54738610e-40,9.23455737e-67,0.00000000e+00,0.00000000e+00,8.18876259e-46,7.08196678e-05,1.14335960e-05,2.16224234e-06,0.00000000e+00,1.57344028e-40,4.83880626e-61,6.47981677e-176,0.00000000e+00,1.42630624e-09,5.73014518e-13,7.17611362e-05,1.71411363e-07,5.27977883e-06,2.35236296e-19,7.14024797e-34,1.34977794e-48,3.96486876e-225,0.00000000e+00,1.10561128e-04,5.39598981e-05,3.39192337e-04,1.70693565e-06,1.45974484e-11,0.00000000e+00,0.00000000e+00,0.00000000e+00
7.89301826e+00,1.00000000e-02,1.08797739e-13,6.79506661e-27,2.23904421e-14,0.00000000e+00,0.00000000e+00,0.00000000e+00,7.80666833e-10,4.48316497e-65,0.00000000e+00,0.00000000e+00,9.50054207e-07,6.98088527e-40,2.36236550e-26,5.58306216e-12,7.75775271e-07,6.35493335e-07,1.90995558e-21,0.00000000e+00,1.66125586e-49,1.15570056e-25,0.00000000e+00,0.00000000e+00,0.00000000e+00,2.10081038e-05,2.71491870e-08,2.03981474e-13,0.00000000e+00,0.00000000e+00,0.00000000e+00,0.00000000e+00,7.12553078e-01,1.86423887e-18,1.91240067e-24,4.01712789e-06,6.91425397e-02,3.53423415e-68,1.16399802e-27,1.09143762e-14,1.03661979e-40,1.39868881e-67,0.00000000e+00,0.00000000e+00,7.22510497e-47,7.07798273e-05,1.19593191e-05,2.31087241e-06,0.00000000e+00,1.45145664e-40,2.81205979e-61,6.47981677e-176,0.00000000e+00,1.16600979e-09,5.61912824e-13,7.17611362e-05,1.71411363e-07,5.27977883e-06,2.35236296e-19,7.14024797e-34,1.34977794e-48,3.96486876e-225,0.00000000e+00,1.10035405e-04,5.38112680e-05,3.39192337e-04,1.81682414e-06,1.59773845e-11,0.00000000e+00,0.00000000e+00,0.00000000e+00
8.41031051e+00,1.00000000e-02,8.19094559e-15,7.22989951e-27,2.40310690e-14,0.00000000e+00,0.00000000e+00,0.00000000e+00,4.90039817e-10,4.48316570e-65,0.00000000e+00,0.00000000e+00,9.50054206e-07,6.98088527e-40,2.31888221e-26,5.58142153e-12,7.75775271e-07,6.77920219e-07,1.90995558e-21,0.00000000e+00,1.02795819e-49,7.00602791e-27,0.00000000e+00,0.00000000e+00,0.00000000e+00,2.08916426e-05,2.73730020e-08,2.15574158e-13,0.00000000e+00,0.00000000e+00,0.00000000e+00,0.00000000e+00,7.12553078e-01,1.86423887e-18,1.91240794e-24,4.01712789e-06,6.91425403e-02,2.25885241e-68,1.16399802e-27,1.17529337e-14,6.76455854e-41,1.88481749e-68,0.00000000e+00,0.00000000e+00,5.43759515e-48,7.07374004e-05,1.25167462e-05,2.46879291e-06,0.00000000e+00,1.33186747e-40,1.57711246e-61,6.47981677e-176,4.66747368e-207,9.40711279e-10,5.50320139e-13,7.17611362e-05,1.71411363e-07,5.27977883e-06,2.35236296e-19,7.14024797e-34,1.34977794e-48,3.96486876e-225,0.00000000e+00,1.09477977e-04,5.36533475e-05,3.39192337e-04,1.93328532e-06,1.74608729e-11,0.00000000e+00,0.00000000e+00,0.00000000e+00
8.96150502e+00,1.00000000e-02,5.20511539e-16,7.68442617e-27,2.57786887e-14,0.00000000e+00,0.00000000e+00,0.00000000e+00,2.98361639e-10,4.48316482e-65,0.00000000e+00,0.00000000e+00,9.50054206e-07,6.98088527e-40,2.27342954e-26,5.57967391e-12,7.75775271e-07,7.23099689e-07,1.90995558e-21,0.00000000e+00,6.16385287e-50,3.39907016e-28,0.00000000e+00,0.00000000e+00,0.00000000e+00,2.07682592e-05,2.75637799e-08,2.27663532e-13,0.00000000e+00,0.00000000e+00,0.00000000e+00,0.00000000e+00,7.12553078e-01,1.86423887e-18,1.91241563e-24,4.01712789e-06,6.91425406e-02,1.40197196e-68,1.16399802e-27,1.26464486e-14,4.29245514e-41,1.92695804e-69,0.00000000e+00,0.00000000e+00,3.45445046e-49,7.06922209e-05,1.31075988e-05,2.63655322e-06,0.00000000e+00,1.21526382e-40,8.51608808e-62,6.47981677e-176,0.00000000e+00,7.48340693e-10,5.38230766e-13,7.17611362e-05,1.71411363e-07,5.27977883e-06,2.35236296e-19,7.14024797e-34,1.34977794e-48,3.96486876e-225,0.00000000e+00,1.08887125e-04,5.34855872e-05,3.39192337e-04,2.05666874e-06,1.90535831e-11,0.00000000e+00,0.00000000e+00,0.00000000e+00
9.54882369e+00,1.00000000e-02,2.76111228e-17,8.15894159e-27,2.76402417e-14,0.00000000e+00,0.00000000e+00,0.00000000e+00,1.75845773e-10,4.48313445e-65,0.00000000e+00,0.00000000e+00,9.50054205e-07,6.98088527e-40,2.22597800e-26,5.57781236e-12,7.75775271e-07,7.71208374e-07,1.90995558e-21,0.00000000e+00,3.57414015e-50,1.51309115e-29,0.00000000e+00,0.00000000e+00,0.00000000e+00,2.06375912e-05,2.77239631e-08,2.40253102e-13,0.00000000e+00,0.00000000e+00,0.00000000e+00,0.00000000e+00,7.12553078e-01,1.86423887e-18,1.91242285e-24,4.01712789e-06,6.91425409e-02,8.43363321e-69,1.16399802e-27,1.35985225e-14,2.64300293e-41,0.00000000e+00,0.00000000e+00,0.00000000e+00,1.83146058e-50,7.06441122e-05,1.37336659e-05,2.81473099e-06,0.00000000e+00,1.10223030e-40,4.41649955e-62,6.47981677e-176,0.00000000e+00,5.86449634e-10,5.25641195e-13,7.17611362e-05,1.71411363e-07,5.27977883e-06,2.35236296e-19,7.14024797e-34,1.34977794e-48,3.96486876e-225,0.00000000e+00,1.08261058e-04,5.33074094e-05,3.39192337e-04,2.18733667e-06,2.07614933e-11,0.00000000e+00,0.00000000e+00,0.00000000e+00
1.01746340e+01,1.00000000e-02,1.20824273e-18,8.65366166e-27,2.96231135e-14,0.00000000e+00,0.00000000e+00,0.00000000e+00,1.00108890e-10,4.48349426e-65,0.00000000e+00,0.00000000e+00,9.50054204e-07,6.98088527e-40,2.17650599e-26,5.57582949e-12,7.75775271e-07,8.22433976e-07,1.90995558e-21,0.00000000e+00,1.99976668e-50,4.34599727e-31,0.00000000e+00,0.00000000e+00,0.00000000e+00,2.04992642e-05,2.78562863e-08,2.53343874e-13,0.00000000e+00,0.00000000e+00,0.00000000e+00,0.00000000e+00,7.12553078e-01,1.86423887e-18,1.91244349e-24,4.01712789e-06,6.91425410e-02,4.90709258e-69,1.16399802e-27,1.46129935e-14,1.58613760e-41,2.29299836e-68,0.00000000e+00,0.00000000e+00,8.01540705e-52,7.05928866e-05,1.43968034e-05,3.00393303e-06,0.00000000e+00,9.93334285e-41,2.19395296e-62,6.47981677e-176,3.88258515e-205,4.52296954e-10,5.12550424e-13,7.17611362e-05,1.71411363e-07,5.27977883e-06,2.35236296e-19,7.14024797e-34,1.34977794e-48,3.96486876e-225,0.00000000e+00,1.07597920e-04,5.31182074e-05,3.39192337e-04,2.32566373e-06,2.25909380e-11,0.00000000e+00,0.00000000e+00,0.00000000e+00
1.08414587e+01,1.00000000e-02,4.30688064e-20,9.16871100e-27,3.17351630e-14,0.00000000e+00,0.00000000e+00,0.00000000e+00,5.49261157e-11,4.48421514e-65,0.00000000e+00,0.00000000e+00,9.50054203e-07,6.98088527e-40,2.12500106e-26,5.57371744e-12,7.75775271e-07,8.76975924e-07,1.90995558e-21,0.00000000e+00,1.07710716e-50,5.32516382e-33,0.00000000e+00,0.00000000e+00,0.00000000e+00,2.03528916e-05,2.79636813e-08,2.66934017e-13,0.00000000e+00,0.00000000e+00,0.00000000e+00,0.00000000e+00,7.12553078e-01,1.86423887e-18,1.91247662e-24,4.01712789e-06,6.91425411e-02,2.75562359e-69,1.16399802e-27,1.56939508e-14,9.52571254e-42,0.00000000e+00,0.00000000e+00,0.00000000e+00,1.03175761e-53,7.05383447e-05,1.50989322e-05,3.20479605e-06,0.00000000e+00,8.89114523e-41,1.04102862e-62,6.47981677e-176,0.00000000e+00,3.42944201e-10,4.98960281e-13,7.17611362e-05,1.71411363e-07,5.27977883e-06,2.35236296e-19,7.14024797e-34,1.34977794e-48,3.96486876e-225,0.00000000e+00,1.06895791e-04,5.29173444e-05,3.39192337e-04,2.47203630e-06,2.45486606e-11,0.00000000e+00,0.00000000e+00,0.00000000e+00
1.15519857e+01,1.00000000e-02,1.23388048e-21,9.70411008e-27,3.39847515e-14,0.00000000e+00,0.00000000e+00,0.00000000e+00,2.89734222e-11,4.46131237e-65,0.00000000e+00,0.00000000e+00,9.50054201e-07,6.98088527e-40,2.07146115e-26,5.57146785e-12,7.75775271e-07,9.35046065e-07,1.90995558e-21,0.00000000e+00,5.57092245e-51,0.00000000e+00,0.00000000e+00,0.00000000e+00,0.00000000e+00,2.01980760e-05,2.80491766e-08,2.81018524e-13,0.00000000e+00,0.00000000e+00,0.00000000e+00,0.00000000e+00,7.12553078e-01,1.86423886e-18,1.91173081e-24,4.01712789e-06,6.91425412e-02,1.49001774e-69,1.16399802e-27,1.68457518e-14,4.96633177e-43,0.00000000e+00,0.00000000e+00,0.00000000e+00,0.00000000e+00,7.04802746e-05,1.58420358e-05,3.41798744e-06,0.00000000e+00,7.90069207e-41,4.70412808e-63,6.47981677e-176,0.00000000e+00,2.55355719e-10,4.84875774e-13,7.17611362e-05,1.71411363e-07,5.27977883e-06,2.35236296e-19,7.14024797e-34,1.34977794e-48,3.96486876e-225,0.00000000e+00,1.06152688e-04,5.27041530e-05,3.39192337e-04,2.62685187e-06,2.66418685e-11,0.00000000e+00,0.00000000e+00,0.00000000e+00
1.23090791e+01,1.00000000e-02,2.80069311e-23,1.02597617e-26,3.63807743e-14,0.00000000e+00,0.00000000e+00,0.00000000e+00,1.46560059e-11,4.46289222e-65,0.00000000e+00,0.00000000e+00,9.50054200e-07,6.98088527e-40,2.01589598e-26,5.56907183e-12,7.75775271e-07,9.96869398e-07,1.90995558e-21,0.00000000e+00,2.75949566e-51,0.00000000e+00,0.00000000e+00,0.00000000e+00,0.00000000e+00,2.00344099e-05,2.81157981e-08,2.95588861e-13,0.00000000e+00,0.00000000e+00,0.00000000e+00,0.00000000e+00,7.12553078e-01,1.86423886e-18,1.91179355e-24,4.01712789e-06,6.91425412e-02,7.73860159e-70,1.16399802e-27,1.80730394e-14,5.30566960e-43,0.00000000e+00,0.00000000e+00,0.00000000e+00,0.00000000e+00,7.04184512e-05,1.66281569e-05,3.64420587e-06,0.00000000e+00,6.96644090e-41,2.01783715e-63,6.47981677e-176,0.00000000e+00,1.86497817e-10,4.70305436e-13,7.17611362e-05,1.71411363e-07,5.27977883e-06,2.35236296e-19,7.14024797e-34,1.34977794e-48,3.96486876e-225,0.00000000e+00,1.05366567e-04,5.24779346e-05,3.39192337e-04,2.79051804e-06,2.88782899e-11,0.00000000e+00,0.00000000e+00,0.00000000e+00
1.31157910e+01,1.00000000e-02,4.96035847e-25,1.08354372e-26,3.89326937e-14,0.00000000e+00,0.00000000e+00,0.00000000e+00,7.08978835e-12,4.46294209e-65,0.00000000e+00,0.00000000e+00,9.50054199e-07,6.98088527e-40,1.95832844e-26,5.56651991e-12,7.75775271e-07,1.06268483e-06,1.90995558e-21,0.00000000e+00,1.30537971e-51,0.00000000e+00,0.00000000e+00,0.00000000e+00,0.00000000e+00,1.98614765e-05,2.81664766e-08,3.10632611e-13,0.00000000e+00,0.00000000e+00,0.00000000e+00,0.00000000e+00,7.12553078e-01,1.86423886e-18,1.91180649e-24,4.01712789e-06,6.91425412e-02,3.85022484e-70,1.16399802e-27,1.93807610e-14,2.81749023e-43,0.00000000e+00,0.00000000e+00,0.00000000e+00,0.00000000e+00,7.03526358e-05,1.74593935e-05,3.88418176e-06,0.00000000e+00,6.09220987e-41,8.18845166e-64,6.47981677e-176,0.00000000e+00,1.33431335e-10,4.55261686e-13,7.17611362e-05,1.71411363e-07,5.27977883e-06,2.35236296e-19,7.14024797e-34,1.34977794e-48,3.96486876e-225,0.00000000e+00,1.04535330e-04,5.22379587e-05,3.39192337e-04,2.96345139e-06,3.12662309e-11,0.00000000e+00,0.00000000e+00,0.00000000e+00
1.39753730e+01,1.00000000e-02,6.74457109e-27,1.14307618e-26,4.16505737e-14,0.00000000e+00,0.00000000e+00,0.00000000e+00,3.27025334e-12,4.46294370e-65,0.00000000e+00,0.00000000e+00,9.50054197e-07,6.98088527e-40,1.89879598e-26,5.56380203e-12,7.75775271e-07,1.13274598e-06,1.90995558e-21,0.00000000e+00,5.87946867e-52,0.00000000e+00,0.00000000e+00,0.00000000e+00,0.00000000e+00,1.96788518e-05,2.82039671e-08,3.26133124e-13,0.00000000e+00,0.00000000e+00,0.00000000e+00,0.00000000e+00,7.12553078e-01,1.86423886e-18,1.91181859e-24,4.01712789e-06,6.91425412e-02,1.82995384e-70,1.16399802e-27,2.07741880e-14,1.38903562e-43,0.00000000e+00,0.00000000e+00,0.00000000e+00,0.00000000e+00,7.02825746e-05,1.83378924e-05,4.13867768e-06,0.00000000e+00,5.28107189e-41,3.13218411e-64,6.47981677e-176,0.00000000e+00,9.33924246e-11,4.39761174e-13,7.17611362e-05,1.71411363e-07,5.27977883e-06,2.35236296e-19,7.14024797e-34,1.34977794e-48,3.96486876e-225,0.00000000e+00,1.03656831e-04,5.19834628e-05,3.39192337e-04,3.14607608e-06,3.38146323e-11,0.00000000e+00,0.00000000e+00,0.00000000e+00
1.48912903e+01,1.00000000e-02,6.91934807e-29,1.20452004e-26,4.45451177e-14,0.00000000e+00,0.00000000e+00,0.00000000e+00,1.43385545e-12,4.46294370e-65,0.00000000e+00,0.00000000e+00,9.50054196e-07,6.98088527e-40,1.83735212e-26,5.56090748e-12,7.75775271e-07,1.20732201e-06,1.90995558e-21,0.00000000e+00,2.51325779e-52,0.00000000e+00,0.00000000e+00,0.00000000e+00,0.00000000e+00,1.94861058e-05,2.82307838e-08,3.42069176e-13,0.00000000e+00,0.00000000e+00,0.00000000e+00,0.00000000e+00,7.12553078e-01,1.86423886e-18,1.91183142e-24,4.01712789e-06,6.91425412e-02,8.28366276e-71,1.16399802e-27,2.22589374e-14,6.52318655e-44,0.00000000e+00,0.00000000e+00,0.00000000e+00,0.00000000e+00,7.02079986e-05,1.92658434e-05,4.40848847e-06,0.00000000e+00,4.53526316e-41,1.12496811e-64,6.47981677e-176,0.00000000e+00,6.38573090e-11,4.23825122e-13,7.17611362e-05,1.71411363e-07,5.27977883e-06,2.35236296e-19,7.14024797e-34,1.34977794e-48,3.96486876e-225,0.00000000e+00,1.02728880e-04,5.17136520e-05,3.39192337e-04,3.33882207e-06,3.65331237e-11,0.00000000e+00,0.00000000e+00,0.00000000e+00
1.58672350e+01,1.00000000e-02,1.00000000e-30,1.26780434e-26,4.76277071e-14,0.00000000e+00,0.00000000e+00,0.00000000e+00,5.95609725e-13,4.46294370e-65,0.00000000e+00,0.00000000e+00,9.50054194e-07,6.98088527e-40,1.77406782e-26,5.55782489e-12,7.75775271e-07,1.28669853e-06,1.90995558e-21,0.00000000e+00,1.01612203e-52,0.00000000e+00,0.00000000e+00,0.00000000e+00,0.00000000e+00,1.92828047e-05,2.82491539e-08,3.58414649e-13,0.00000000e+00,0.00000000e+00,0.00000000e+00,0.00000000e+00,7.12553078e-01,1.86423886e-18,1.91184509e-24,4.01712789e-06,6.91425412e-02,3.55996199e-71,1.16399802e-27,2.38409941e-14,2.91548846e-44,0.00000000e+00,0.00000000e+00,0.00000000e+00,2.29795743e-44,7.01286221e-05,2.02454706e-05,4.69444120e-06,0.00000000e+00,3.85611131e-41,3.77822620e-65,6.47981677e-176,0.00000000e+00,4.25881910e-11,4.07479649e-13,7.17611362e-05,1.71411363e-07,5.27977883e-06,2.35236296e-19,7.14024797e-34,1.34977794e-48,3.96486876e-225,0.00000000e+00,1.01749253e-04,5.14276992e-05,3.39192337e-04,3.54212318e-06,3.94320764e-11,0.00000000e+00,0.00000000e+00,0.00000000e+00
1.69071410e+01,1.00000000e-02,1.00000000e-30,1.33283931e-26,5.09104427e-14,0.00000000e+00,0.00000000e+00,0.00000000e+00,2.33567602e-13,4.46294370e-65,0.00000000e+00,0.00000000e+00,9.50054193e-07,6.98088527e-40,1.70903284e-26,5.55454216e-12,7.75775271e-07,1.37117846e-06,1.90995558e-21,0.00000000e+00,3.87149945e-53,0.00000000e+00,0.00000000e+00,0.00000000e+00,0.00000000e+00,1.90685133e-05,2.82609924e-08,3.75138247e-13,0.00000000e+00,0.00000000e+00,0.00000000e+00,0.00000000e+00,7.12553078e-01,1.86423886e-18,1.91185965e-24,4.01712789e-06,6.91425412e-02,1.44753973e-71,1.16399802e-27,2.55267357e-14,1.23606531e-44,0.00000000e+00,0.00000000e+00,0.00000000e+00,0.00000000e+00,7.00441422e-05,2.12790225e-05,4.99739488e-06,0.00000000e+00,3.24398839e-41,1.18135491e-65,6.47981677e-176,0.00000000e+00,2.76591126e-11,3.90756051e-13,7.17611362e-05,1.71411363e-07,5.27977883e-06,2.35236296e-19,7.14024797e-34,1.34977794e-48,3.96486876e-225,0.00000000e+00,1.00715701e-04,5.11247456e-05,3.39192337e-04,3.75641462e-06,4.25226529e-11,0.00000000e+00,0.00000000e+00,0.00000000e+00
1.80152004e+01,1.00000000e-02,1.00000000e-30,1.39951507e-26,5.44061883e-14,0.00000000e+00,0.00000000e+00,0.00000000e+00,8.61428078e-14,4.46294370e-65,0.00000000e+00,0.00000000e+00,9.50054191e-07,6.98088527e-40,1.64235708e-26,5.55104641e-12,7.75775271e-07,1.46108305e-06,1.90995558e-21,0.00000000e+00,1.38467473e-53,0.00000000e+00,0.00000000e+00,0.00000000e+00,0.00000000e+00,1.88427976e-05,2.82678950e-08,3.92203249e-13,0.00000000e+00,0.00000000e+00,0.00000000e+00,0.00000000e+00,7.12553078e-01,1.86423886e-18,1.91187517e-24,4.01712789e-06,6.91425412e-02,5.54884282e-72,1.16399802e-27,2.73229572e-14,4.95390310e-45,0.00000000e+00,0.00000000e+00,0.00000000e+00,0.00000000e+00,6.99542376e-05,2.23687606e-05,5.31823983e-06,0.00000000e+00,2.69829276e-41,3.42280549e-66,6.47981677e-176,0.00000000e+00,1.74623280e-11,3.73691049e-13,7.17611362e-05,1.71411363e-07,5.27977883e-06,2.35236296e-19,7.14024797e-34,1.34977794e-48,3.96486876e-225,0.00000000e+00,9.96259631e-05,5.08039006e-05,3.39192337e-04,3.98213026e-06,4.58168545e-11,0.00000000e+00,0.00000000e+00,0.00000000e+00
1.91958797e+01,1.00000000e-02,1.00000000e-30,1.46770051e-26,5.81286169e-14,0.00000000e+00,0.00000000e+00,0.00000000e+00,2.97601301e-14,4.46294370e-65,0.00000000e+00,0.00000000e+00,9.50054189e-07,6.98088527e-40,1.57417165e-26,5.54732398e-12,7.75775271e-07,1.55675282e-06,1.90995558e-21,0.00000000e+00,4.62968640e-54,0.00000000e+00,0.00000000e+00,0.00000000e+00,0.00000000e+00,1.86052285e-05,2.82711493e-08,4.09567323e-13,0.00000000e+00,0.00000000e+00,0.00000000e+00,0.00000000e+00,7.12553078e-01,1.86423886e-18,1.91189171e-24,4.01712789e-06,6.91425412e-02,1.99748032e-72,1.16399802e-27,2.92368995e-14,1.86994518e-45,0.00000000e+00,0.00000000e+00,0.00000000e+00,0.00000000e+00,6.98585678e-05,2.35169456e-05,5.65789680e-06,0.00000000e+00,2.21746335e-41,9.14375855e-67,6.47981677e-176,0.00000000e+00,1.06973387e-11,3.56326975e-13,7.17611362e-05,1.71411363e-07,5.27977883e-06,2.35236296e-19,7.14024797e-34,1.34977794e-48,3.96486876e-225,0.00000000e+00,9.84777781e-05,5.04642436e-05,3.39192337e-04,4.21969939e-06,4.93275679e-11,0.00000000e+00,0.00000000e+00,0.00000000e+00
2.04539383e+01,1.00000000e-02,1.00000000e-30,1.53724232e-26,6.20922590e-14,0.00000000e+00,0.00000000e+00,0.00000000e+00,9.58957467e-15,4.46294370e-65,0.00000000e+00,0.00000000e+00,9.50054187e-07,6.98088527e-40,1.50462984e-26,5.54336034e-12,7.75775271e-07,1.65854861e-06,1.90995558e-21,0.00000000e+00,1.44069708e-54,0.00000000e+00,0.00000000e+00,0.00000000e+00,0.00000000e+00,1.83553848e-05,2.82717596e-08,4.27182417e-13,0.00000000e+00,0.00000000e+00,0.00000000e+00,0.00000000e+00,7.12553078e-01,1.86423886e-18,1.91190933e-24,4.01712789e-06,6.91425412e-02,6.72484224e-73,1.16399802e-27,3.12762775e-14,6.62185877e-46,0.00000000e+00,0.00000000e+00,0.00000000e+00,0.00000000e+00,6.97567720e-05,2.47258218e-05,6.01731562e-06,0.00000000e+00,1.79902775e-41,2.24025347e-67,6.47981677e-176,0.00000000e+00,6.34601573e-12,3.38711881e-13,7.17611362e-05,1.71411363e-07,5.27977883e-06,2.35236296e-19,7.14024797e-34,1.34977794e-48,3.96486876e-225,0.00000000e+00,9.72689018e-05,5.01048248e-05,3.39192337e-04,4.46954307e-06,5.30686104e-11,0.00000000e+00,0.00000000e+00,0.00000000e+00
2.17944475e+01,1.00000000e-02,1.00000000e-30,1.60796431e-26,6.63125535e-14,0.00000000e+00,0.00000000e+00,0.00000000e+00,2.86899622e-15,4.46294370e-65,0.00000000e+00,0.00000000e+00,9.50054185e-07,6.98088527e-40,1.43390785e-26,5.53914005e-12,7.75775271e-07,1.76685266e-06,1.90995558e-21,0.00000000e+00,4.15305248e-55,0.00000000e+00,0.00000000e+00,0.00000000e+00,0.00000000e+00,1.80928579e-05,2.82704814e-08,4.44994733e-13,0.00000000e+00,0.00000000e+00,0.00000000e+00,0.00000000e+00,7.12553078e-01,1.86423886e-18,1.91192811e-24,4.01712789e-06,6.91425412e-02,2.10811998e-73,1.16399802e-27,3.34493123e-14,2.19070166e-46,0.00000000e+00,0.00000000e+00,0.00000000e+00,0.00000000e+00,6.96484680e-05,2.59975994e-05,6.39747343e-06,0.00000000e+00,1.43968410e-41,5.00538152e-68,6.47981677e-176,0.00000000e+00,3.63801261e-12,3.20899564e-13,7.17611362e-05,1.71411363e-07,5.27977883e-06,2.35236296e-19,7.14024797e-34,1.34977794e-48,3.96486876e-225,0.00000000e+00,9.59971243e-05,4.97246670e-05,3.39192337e-04,4.73206998e-06,5.70547771e-11,0.00000000e+00,0.00000000e+00,0.00000000e+00
2.32228110e+01,1.00000000e-02,1.00000000e-30,1.67966701e-26,7.08059018e-14,0.00000000e+00,0.00000000e+00,0.00000000e+00,7.93074845e-16,4.46294370e-65,0.00000000e+00,0.00000000e+00,9.50054182e-07,6.98088527e-40,1.36220515e-26,5.53464670e-12,7.75775271e-07,1.88206969e-06,1.90995558e-21,0.00000000e+00,1.10346412e-55,0.00000000e+00,0.00000000e+00,0.00000000e+00,0.00000000e+00,1.78172562e-05,2.82678614e-08,4.62944812e-13,0.00000000e+00,0.00000000e+00,0.00000000e+00,0.00000000e+00,7.12553078e-01,1.86423886e-18,1.91194812e-24,4.01712789e-06,6.91425412e-02,6.12479270e-74,1.16399802e-27,3.57647633e-14,6.74065882e-47,0.00000000e+00,0.00000000e+00,0.00000000e+00,0.00000000e+00,6.95332509e-05,2.73344331e-05,6.79937243e-06,0.00000000e+00,1.13541442e-41,1.01372739e-68,6.47981677e-176,0.00000000e+00,2.01090181e-12,3.02949485e-13,7.17611362e-05,1.71411363e-07,5.27977883e-06,2.35236296e-19,7.14024797e-34,1.34977794e-48,3.96486876e-225,0.00000000e+00,9.46602906e-05,4.93227680e-05,3.39192337e-04,5.00767170e-06,6.13018894e-11,0.00000000e+00,0.00000000e+00,0.00000000e+00
2.47447864e+01,1.00000000e-02,1.00000000e-30,1.75212764e-26,7.55897237e-14,0.00000000e+00,0.00000000e+00,0.00000000e+00,2.01511937e-16,4.46294370e-65,0.00000000e+00,0.00000000e+00,9.50054180e-07,6.98088527e-40,1.28974452e-26,5.52986288e-12,7.75775271e-07,2.00462807e-06,1.90995558e-21,0.00000000e+00,2.68797092e-56,0.00000000e+00,0.00000000e+00,0.00000000e+00,0.00000000e+00,1.75282104e-05,2.82642782e-08,4.80967739e-13,0.00000000e+00,0.00000000e+00,0.00000000e+00,0.00000000e+00,7.12553078e-01,1.86423886e-18,1.91196944e-24,4.01712789e-06,6.91425412e-02,1.64099138e-74,1.16399802e-27,3.82319641e-14,1.91987842e-47,0.00000000e+00,0.00000000e+00,0.00000000e+00,0.00000000e+00,6.94106925e-05,2.87383999e-05,7.22403705e-06,0.00000000e+00,8.81624806e-42,1.84906836e-69,6.47981677e-176,0.00000000e+00,1.06916136e-12,2.84926559e-13,7.17611362e-05,1.71411363e-07,5.27977883e-06,2.35236296e-19,7.14024797e-34,1.34977794e-48,3.96486876e-225,0.00000000e+00,9.32563238e-05,4.88981034e-05,3.39192337e-04,5.29671748e-06,6.58268473e-11,0.00000000e+00,0.00000000e+00,0.00000000e+00
2.63665090e+01,1.00000000e-02,1.00000000e-30,1.82510054e-26,8.06825175e-14,0.00000000e+00,0.00000000e+00,0.00000000e+00,4.68048983e-17,4.46294370e-65,0.00000000e+00,0.00000000e+00,9.50054177e-07,6.98088527e-40,1.21677162e-26,5.52477008e-12,7.75775271e-07,2.13498097e-06,1.90995558e-21,0.00000000e+00,5.96889787e-57,0.00000000e+00,0.00000000e+00,0.00000000e+00,0.00000000e+00,1.72253795e-05,2.82599811e-08,4.98993486e-13,0.00000000e+00,0.00000000e+00,0.00000000e+00,0.00000000e+00,7.12553078e-01,1.86423886e-18,1.91199215e-24,4.01712789e-06,6.91425412e-02,4.03305721e-75,1.16399802e-27,4.08608603e-14,5.03615127e-48,0.00000000e+00,0.00000000e+00,0.00000000e+00,0.00000000e+00,6.92803396e-05,3.02114724e-05,7.67251045e-06,0.00000000e+00,6.73306027e-42,3.01685114e-70,6.47981677e-176,0.00000000e+00,5.45400412e-13,2.66900812e-13,7.17611362e-05,1.71411363e-07,5.27977883e-06,2.35236296e-19,7.14024797e-34,1.34977794e-48,3.96486876e-225,0.00000000e+00,9.17832513e-05,4.84496300e-05,3.39192337e-04,5.59954838e-06,7.06476862e-11,0.00000000e+00,0.00000000e+00,0.00000000e+00
2.80945159e+01,1.00000000e-02,1.00000000e-30,1.89831812e-26,8.61039212e-14,0.00000000e+00,0.00000000e+00,0.00000000e+00,9.87939284e-18,4.46294370e-65,0.00000000e+00,0.00000000e+00,9.50054175e-07,6.98088527e-40,1.14355404e-26,5.51934868e-12,7.75775271e-07,2.27360755e-06,1.90995558e-21,0.00000000e+00,1.20097178e-57,0.00000000e+00,0.00000000e+00,0.00000000e+00,0.00000000e+00,1.69084570e-05,2.82551243e-08,5.16947417e-13,0.00000000e+00,0.00000000e+00,0.00000000e+00,0.00000000e+00,7.12553078e-01,1.86423886e-18,1.91201636e-24,4.01712789e-06,6.91425412e-02,9.04105289e-76,1.16399802e-27,4.36620489e-14,1.21013788e-48,0.00000000e+00,0.00000000e+00,0.00000000e+00,0.00000000e+00,6.91417131e-05,3.17554898e-05,8.14585039e-06,0.00000000e+00,5.05206105e-42,4.37069570e-71,6.47981677e-176,0.00000000e+00,2.66212906e-13,2.48946881e-13,7.17611362e-05,1.71411363e-07,5.27977883e-06,2.35236296e-19,7.14024797e-34,1.34977794e-48,3.96486876e-225,0.00000000e+00,9.02392338e-05,4.79762901e-05,3.39192337e-04,5.91647087e-06,7.57836388e-11,0.00000000e+00,0.00000000e+00,0.00000000e+00
2.99357729e+01,1.00000000e-02,1.00000000e-30,1.97149234e-26,9.18747783e-14,0.00000000e+00,0.00000000e+00,0.00000000e+00,1.88318984e-18,4.46294370e-65,0.00000000e+00,0.00000000e+00,9.50054172e-07,6.98088527e-40,1.07037981e-26,5.51357782e-12,7.75775271e-07,2.42101420e-06,1.90995558e-21,0.00000000e+00,2.17536990e-58,0.00000000e+00,0.00000000e+00,0.00000000e+00,0.00000000e+00,1.65771782e-05,2.82497950e-08,5.34750946e-13,0.00000000e+00,0.00000000e+00,0.00000000e+00,0.00000000e+00,7.12553078e-01,1.86423886e-18,1.91204215e-24,4.01712789e-06,6.91425412e-02,1.83756245e-76,1.16399802e-27,4.66468217e-14,2.64841183e-49,0.00000000e+00,0.00000000e+00,0.00000000e+00,0.00000000e+00,6.89943064e-05,3.33721262e-05,8.64512419e-06,0.00000000e+00,3.72005377e-42,5.57904753e-72,6.47981677e-176,0.00000000e+00,1.23973417e-13,2.31143352e-13,7.17611362e-05,1.71411363e-07,5.27977883e-06,2.35236296e-19,7.14024797e-34,1.34977794e-48,3.96486876e-225,0.00000000e+00,8.86225974e-05,4.74770162e-05,3.39192337e-04,6.24774973e-06,8.12552034e-11,0.00000000e+00,0.00000000e+00,0.00000000e+00
3.18977022e+01,1.00000000e-02,1.00000000e-30,2.04431691e-26,9.80172058e-14,0.00000000e+00,0.00000000e+00,0.00000000e+00,3.22018790e-19,4.46294370e-65,0.00000000e+00,0.00000000e+00,9.50054168e-07,6.98088527e-40,9.97555250e-27,5.50743540e-12,7.75775271e-07,2.57773575e-06,1.90995558e-21,0.00000000e+00,3.52293078e-59,0.00000000e+00,0.00000000e+00,0.00000000e+00,0.00000000e+00,1.62313275e-05,2.82440351e-08,5.52322381e-13,0.00000000e+00,0.00000000e+00,0.00000000e+00,0.00000000e+00,7.12553078e-01,1.86423886e-18,1.91206963e-24,4.01712789e-06,6.91425412e-02,3.36445199e-77,1.16399802e-27,4.98272104e-14,5.24675654e-50,0.00000000e+00,0.00000000e+00,0.00000000e+00,0.00000000e+00,6.88375849e-05,3.50628547e-05,9.17140296e-06,0.00000000e+00,2.68484106e-42,6.22269891e-73,6.47981677e-176,0.00000000e+00,5.49130985e-14,2.13571917e-13,7.17611362e-05,1.71411363e-07,5.27977883e-06,2.35236296e-19,7.14024797e-34,1.34977794e-48,3.96486876e-225,0.00000000e+00,8.69318689e-05,4.69507375e-05,3.39192337e-04,6.59360042e-06,8.70842180e-11,0.00000000e+00,0.00000000e+00,0.00000000e+00
3.39882122e+01,1.00000000e-02,1.00000000e-30,2.11647005e-26,1.04554665e-13,0.00000000e+00,0.00000000e+00,0.00000000e+00,4.90456158e-20,4.46294370e-65,0.00000000e+00,0.00000000e+00,9.50054165e-07,6.98088527e-40,9.25402105e-27,5.50089794e-12,7.75775271e-07,2.74433678e-06,1.90995558e-21,0.00000000e+00,5.06359865e-60,0.00000000e+00,0.00000000e+00,0.00000000e+00,0.00000000e+00,1.58707472e-05,2.82378572e-08,5.69577939e-13,0.00000000e+00,0.00000000e+00,0.00000000e+00,0.00000000e+00,7.12553078e-01,1.86423886e-18,1.91209891e-24,4.01712789e-06,6.91425412e-02,5.51142463e-78,1.16399802e-27,5.32160352e-14,9.34796611e-51,0.00000000e+00,0.00000000e+00,0.00000000e+00,0.00000000e+00,6.86709838e-05,3.68289094e-05,9.72575474e-06,0.00000000e+00,1.89673109e-42,6.01129841e-74,6.47981677e-176,0.00000000e+00,2.30592760e-14,1.96316358e-13,7.17611362e-05,1.71411363e-07,5.27977883e-06,2.35236296e-19,7.14024797e-34,1.34977794e-48,3.96486876e-225,0.00000000e+00,8.51658143e-05,4.63963857e-05,3.39192337e-04,6.95418075e-06,9.32939413e-11,0.00000000e+00,0.00000000e+00,0.00000000e+00
3.62157300e+01,1.00000000e-02,1.00000000e-30,2.18761811e-26,1.11512037e-13,0.00000000e+00,0.00000000e+00,0.00000000e+00,6.60321518e-21,4.46294370e-65,0.00000000e+00,0.00000000e+00,9.50054161e-07,6.98088527e-40,8.54254049e-27,5.49394056e-12,7.75775271e-07,2.92141281e-06,1.90995558e-21,0.00000000e+00,6.40916369e-61,0.00000000e+00,0.00000000e+00,0.00000000e+00,0.00000000e+00,1.54953458e-05,2.82312559e-08,5.86432938e-13,0.00000000e+00,0.00000000e+00,0.00000000e+00,0.00000000e+00,7.12553078e-01,1.86423886e-18,1.91213011e-24,4.01712789e-06,6.91425412e-02,8.01904911e-79,1.16399802e-27,5.68269566e-14,1.48745415e-51,0.00000000e+00,0.00000000e+00,0.00000000e+00,0.00000000e+00,6.84939078e-05,3.86712430e-05,1.03092367e-05,0.00000000e+00,1.30979229e-42,4.98233637e-75,6.47981677e-176,0.00000000e+00,9.14784321e-15,1.79461360e-13,7.17611362e-05,1.71411363e-07,5.27977883e-06,2.35236296e-19,7.14024797e-34,1.34977794e-48,3.96486876e-225,0.00000000e+00,8.33234807e-05,4.58129038e-05,3.39192337e-04,7.32958208e-06,9.99091398e-11,0.00000000e+00,0.00000000e+00,0.00000000e+00
3.85892347e+01,1.00000000e-02,1.00000000e-30,2.25741976e-26,1.18915697e-13,0.00000000e+00,0.00000000e+00,0.00000000e+00,7.79556856e-22,4.46294370e-65,0.00000000e+00,0.00000000e+00,9.50054158e-07,6.98088527e-40,7.84452399e-27,5.48653690e-12,7.75775271e-07,3.10959159e-06,1.90995558e-21,0.00000000e+00,7.08475249e-62,0.00000000e+00,0.00000000e+00,0.00000000e+00,0.00000000e+00,1.51051080e-05,2.82242146e-08,6.02803151e-13,0.00000000e+00,0.00000000e+00,0.00000000e+00,0.00000000e+00,7.12553078e-01,1.86423886e-18,1.91216336e-24,4.01712789e-06,6.91425412e-02,1.02831516e-79,1.16399802e-27,6.06745304e-14,2.09826385e-52,0.00000000e+00,0.00000000e+00,0.00000000e+00,0.00000000e+00,6.83057290e-05,4.05904827e-05,1.09228860e-05,0.00000000e+00,8.82796059e-43,3.50786029e-76,6.47981677e-176,0.00000000e+00,3.41567802e-15,1.63091147e-13,7.17611362e-05,1.71411363e-07,5.27977883e-06,2.35236296e-19,7.14024797e-34,1.34977794e-48,3.96486876e-225,0.00000000e+00,8.14042409e-05,4.51992544e-05,3.39192337e-04,7.71981991e-06,1.06956182e-10,0.00000000e+00,0.00000000e+00,0.00000000e+00
4.11182940e+01,1.00000000e-02,1.00000000e-30,2.32553101e-26,1.26793599e-13,0.00000000e+00,0.00000000e+00,0.00000000e+00,8.00048876e-23,4.46294370e-65,0.00000000e+00,0.00000000e+00,9.50054153e-07,6.98088527e-40,7.16341151e-27,5.47865900e-12,7.75775271e-07,3.30953433e-06,1.90995558e-21,0.00000000e+00,6.77876859e-63,0.00000000e+00,0.00000000e+00,0.00000000e+00,0.00000000e+00,1.47001039e-05,2.82167099e-08,6.18606308e-13,0.00000000e+00,0.00000000e+00,0.00000000e+00,0.00000000e+00,7.12553078e-01,1.86423886e-18,1.91219879e-24,4.01712789e-06,6.91425412e-02,1.15255306e-80,1.16399802e-27,6.47742662e-14,2.60329593e-53,0.00000000e+00,0.00000000e+00,0.00000000e+00,0.00000000e+00,6.81057863e-05,4.25868824e-05,1.15677100e-05,0.00000000e+00,5.79814301e-43,2.07541144e-77,6.47981677e-176,0.00000000e+00,1.19562438e-15,1.47287990e-13,7.17611362e-05,1.71411363e-07,5.27977883e-06,2.35236296e-19,7.14024797e-34,1.34977794e-48,3.96486876e-225,0.00000000e+00,7.94078413e-05,4.45544304e-05,3.39192337e-04,8.12482404e-06,1.14463138e-10,0.00000000e+00,0.00000000e+00,0.00000000e+00
4.38131027e+01,1.00000000e-02,1.00000000e-30,2.39161080e-26,1.35175355e-13,0.00000000e+00,0.00000000e+00,0.00000000e+00,7.07268073e-24,4.46294370e-65,0.00000000e+00,0.00000000e+00,9.50054149e-07,6.98088527e-40,6.50261362e-27,5.47027725e-12,7.75775271e-07,3.52193688e-06,1.90995558e-21,0.00000000e+00,5.56134922e-64,0.00000000e+00,0.00000000e+00,0.00000000e+00,0.00000000e+00,1.42804995e-05,2.82087139e-08,6.33763708e-13,0.00000000e+00,0.00000000e+00,0.00000000e+00,0.00000000e+00,7.12553078e-01,1.86423886e-18,1.91223653e-24,4.01712789e-06,6.91425412e-02,1.11918722e-81,1.16399802e-27,6.91426904e-14,2.81699842e-54,0.00000000e+00,0.00000000e+00,0.00000000e+00,0.00000000e+00,6.78933837e-05,4.46602719e-05,1.22446743e-05,0.00000000e+00,3.70469194e-43,1.02019056e-78,6.47981677e-176,0.00000000e+00,3.90692446e-16,1.32130590e-13,7.17611362e-05,1.71411363e-07,5.27977883e-06,2.35236296e-19,7.14024797e-34,1.34977794e-48,3.96486876e-225,0.00000000e+00,7.73344517e-05,4.38774661e-05,3.39192337e-04,8.54442837e-06,1.22459887e-10,0.00000000e+00,0.00000000e+00,0.00000000e+00
4.66845237e+01,1.00000000e-02,1.00000000e-30,2.45532719e-26,1.44092323e-13,0.00000000e+00,0.00000000e+00,0.00000000e+00,5.33342853e-25,4.46294370e-65,0.00000000e+00,0.00000000e+00,9.50054144e-07,6.98088527e-40,5.86544965e-27,5.46136028e-12,7.75775271e-07,3.74753094e-06,1.90995558e-21,0.00000000e+00,3.87292103e-65,0.00000000e+00,0.00000000e+00,0.00000000e+00,0.00000000e+00,1.38465674e-05,2.82001958e-08,6.48201907e-13,0.00000000e+00,0.00000000e+00,0.00000000e+00,0.00000000e+00,7.12553078e-01,1.86423886e-18,1.91227675e-24,4.01712789e-06,6.91425412e-02,9.32763476e-83,1.16399802e-27,7.37974121e-14,2.63486360e-55,0.00000000e+00,0.00000000e+00,0.00000000e+00,0.00000000e+00,6.76677897e-05,4.68100054e-05,1.29546901e-05,0.00000000e+00,2.29861235e-43,4.11632732e-80,6.47981677e-176,0.00000000e+00,1.18642319e-16,1.17692391e-13,7.17611362e-05,1.71411363e-07,5.27977883e-06,2.35236296e-19,7.14024797e-34,1.34977794e-48,3.96486876e-225,0.00000000e+00,7.51847182e-05,4.31674503e-05,3.39192337e-04,8.97836049e-06,1.30978234e-10,0.00000000e+00,0.00000000e+00,0.00000000e+00
4.97441317e+01,1.00000000e-02,1.00000000e-30,2.51636402e-26,1.53577696e-13,0.00000000e+00,0.00000000e+00,0.00000000e+00,3.39525241e-26,4.46294370e-65,0.00000000e+00,0.00000000e+00,9.50054139e-07,6.98088527e-40,5.25508140e-27,5.45187491e-12,7.75775271e-07,3.98708513e-06,1.90995558e-21,0.00000000e+00,2.26504587e-66,0.00000000e+00,0.00000000e+00,0.00000000e+00,0.00000000e+00,1.33986967e-05,2.81911221e-08,6.61854431e-13,0.00000000e+00,0.00000000e+00,0.00000000e+00,0.00000000e+00,7.12553078e-01,1.86423886e-18,1.91231961e-24,4.01712789e-06,6.91425412e-02,6.60584910e-84,1.16399802e-27,7.87571947e-14,2.11008233e-56,0.00000000e+00,0.00000000e+00,0.00000000e+00,0.00000000e+00,6.74282355e-05,4.90349073e-05,1.36985999e-05,0.00000000e+00,1.38227438e-43,1.34587153e-81,6.47981677e-176,0.00000000e+00,3.33213580e-17,1.04039866e-13,7.17611362e-05,1.71411363e-07,5.27977883e-06,2.35236296e-19,7.14024797e-34,1.34977794e-48,3.96486876e-225,0.00000000e+00,7.29598163e-05,4.24235406e-05,3.39192337e-04,9.42623117e-06,1.40052024e-10,0.00000000e+00,0.00000000e+00,0.00000000e+00
5.30042602e+01,1.00000000e-02,1.00000000e-30,2.57442772e-26,1.63666593e-13,0.00000000e+00,0.00000000e+00,0.00000000e+00,1.80439014e-27,4.46294370e-65,0.00000000e+00,0.00000000e+00,9.50054134e-07,6.98088527e-40,4.67444433e-27,5.44178601e-12,7.75775271e-07,4.24140604e-06,1.90995558e-21,0.00000000e+00,1.09974629e-67,0.00000000e+00,0.00000000e+00,0.00000000e+00,0.00000000e+00,1.29374039e-05,2.81814569e-08,6.74663448e-13,0.00000000e+00,0.00000000e+00,0.00000000e+00,0.00000000e+00,7.12553078e-01,1.86423886e-18,1.91236528e-24,4.01712789e-06,6.91425412e-02,3.93291652e-85,1.16399802e-27,8.40420312e-14,1.43209106e-57,0.00000000e+00,0.00000000e+00,0.00000000e+00,0.00000000e+00,6.71739146e-05,5.13332176e-05,1.44771616e-05,0.00000000e+00,8.03983817e-44,3.51643275e-83,6.47981677e-176,0.00000000e+00,8.61112470e-18,9.12308498e-14,7.17611362e-05,1.71411363e-07,5.27977883e-06,2.35236296e-19,7.14024797e-34,1.34977794e-48,3.96486876e-225,0.00000000e+00,7.06615061e-05,4.16449788e-05,3.39192337e-04,9.88752401e-06,1.49717280e-10,0.00000000e+00,0.00000000e+00,0.00000000e+00
5.64780507e+01,1.00000000e-02,1.00000000e-30,2.62925435e-26,1.74396150e-13,0.00000000e+00,0.00000000e+00,0.00000000e+00,7.91172200e-29,4.46294370e-65,0.00000000e+00,0.00000000e+00,9.50054129e-07,6.98088527e-40,4.12617807e-27,5.43105645e-12,7.75775271e-07,4.51133912e-06,1.90995558e-21,0.00000000e+00,4.37945409e-69,0.00000000e+00,0.00000000e+00,0.00000000e+00,0.00000000e+00,1.24633425e-05,2.81711619e-08,6.86581332e-13,0.00000000e+00,0.00000000e+00,0.00000000e+00,0.00000000e+00,7.12553078e-01,1.86423886e-18,1.91241394e-24,4.01712789e-06,6.91425412e-02,1.94631863e-86,1.16399802e-27,8.96732251e-14,8.14856636e-59,0.00000000e+00,0.00000000e+00,0.00000000e+00,0.00000000e+00,6.69039815e-05,5.37025376e-05,1.52910314e-05,0.00000000e+00,4.51311306e-44,7.23588758e-85,6.47981677e-176,0.00000000e+00,2.03649542e-18,7.93129652e-14,7.17611362e-05,1.71411363e-07,5.27977883e-06,2.35236296e-19,7.14024797e-34,1.34977794e-48,3.96486876e-225,0.00000000e+00,6.82921861e-05,4.08311090e-05,3.39192337e-04,1.03615854e-05,1.60012329e-10,0.00000000e+00,0.00000000e+00,0.00000000e+00
6.01795064e+01,1.00000000e-02,1.00000000e-30,2.68061625e-26,1.85805621e-13,0.00000000e+00,0.00000000e+00,0.00000000e+00,2.82639853e-30,4.46294370e-65,0.00000000e+00,0.00000000e+00,9.50054123e-07,6.98088527e-40,3.61255911e-27,5.41964698e-12,7.75775271e-07,4.79776950e-06,1.90995558e-21,0.00000000e+00,1.41199118e-70,0.00000000e+00,0.00000000e+00,0.00000000e+00,0.00000000e+00,1.19773125e-05,2.81601962e-08,6.97572056e-13,0.00000000e+00,0.00000000e+00,0.00000000e+00,0.00000000e+00,7.12553078e-01,1.86423886e-18,1.91246578e-24,4.01712789e-06,6.91425412e-02,7.90999122e-88,1.16399802e-27,9.56734758e-14,3.84258353e-60,0.00000000e+00,0.00000000e+00,0.00000000e+00,0.00000000e+00,6.66175511e-05,5.61397773e-05,1.61407448e-05,0.00000000e+00,2.43932761e-44,1.15451937e-86,6.47981677e-176,0.00000000e+00,4.38197657e-19,6.83222418e-14,7.17611362e-05,1.71411363e-07,5.27977883e-06,2.35236296e-19,7.14024797e-34,1.34977794e-48,3.96486876e-225,0.00000000e+00,6.58549463e-05,3.99813956e-05,3.39192337e-04,1.08476154e-05,1.70977957e-10,0.00000000e+00,0.00000000e+00,0.00000000e+00
6.41235480e+01,1.00000000e-02,1.00000000e-30,2.72832833e-26,1.97936471e-13,0.00000000e+00,0.00000000e+00,0.00000000e+00,8.11818940e-32,4.46294370e-65,0.00000000e+00,0.00000000e+00,9.50054116e-07,6.98088527e-40,3.13543828e-27,5.40751613e-12,7.75775271e-07,5.10162261e-06,1.90995558e-21,0.00000000e+00,3.63577299e-72,0.00000000e+00,0.00000000e+00,0.00000000e+00,0.00000000e+00,1.14802687e-05,2.81485166e-08,7.07612311e-13,0.00000000e+00,0.00000000e+00,0.00000000e+00,0.00000000e+00,7.12553078e-01,1.86423886e-18,1.91252103e-24,4.01712789e-06,6.91425412e-02,2.60651658e-89,1.16399802e-27,1.02066971e-13,1.48357049e-61,0.00000000e+00,0.00000000e+00,0.00000000e+00,0.00000000e+00,6.63136980e-05,5.86411052e-05,1.70266964e-05,0.00000000e+00,1.26634518e-44,1.40508576e-88,6.47981677e-176,0.00000000e+00,8.52580595e-20,5.82819864e-14,7.17611362e-05,1.71411363e-07,5.27977883e-06,2.35236296e-19,7.14024797e-34,1.34977794e-48,3.96486876e-225,0.00000000e+00,6.33536185e-05,3.90954441e-05,3.39192337e-04,1.13446592e-05,1.82657552e-10,0.00000000e+00,0.00000000e+00,0.00000000e+00
6.83260739e+01,1.00000000e-02,1.00000000e-30,2.77225354e-26,2.10832472e-13,0.00000000e+00,0.00000000e+00,0.00000000e+00,1.84622912e-33,4.46294370e-65,0.00000000e+00,0.00000000e+00,9.50054109e-07,6.98088527e-40,2.69618613e-27,5.39462013e-12,7.75775271e-07,5.42386464e-06,1.90995558e-21,0.00000000e+00,7.35818780e-74,0.00000000e+00,0.00000000e+00,0.00000000e+00,0.00000000e+00,1.09733276e-05,2.81360769e-08,7.16692310e-13,0.00000000e+00,0.00000000e+00,0.00000000e+00,0.00000000e+00,7.12553078e-01,1.86423886e-18,1.91257990e-24,4.01712789e-06,6.91425412e-02,6.86340245e-91,1.16399802e-27,1.08879482e-13,4.62565014e-63,0.00000000e+00,0.00000000e+00,0.00000000e+00,0.00000000e+00,6.59914560e-05,6.12019022e-05,1.79491179e-05,0.00000000e+00,6.29759097e-45,1.27651020e-90,6.47981677e-176,0.00000000e+00,1.49008146e-20,4.92019874e-14,7.17611362e-05,1.71411363e-07,5.27977883e-06,2.35236296e-19,7.14024797e-34,1.34977794e-48,3.96486876e-225,0.00000000e+00,6.07928214e-05,3.81730226e-05,3.39192337e-04,1.18516003e-05,1.95097274e-10,0.00000000e+00,0.00000000e+00,0.00000000e+00
7.28040247e+01,1.00000000e-02,1.00000000e-30,2.81230722e-26,2.24539808e-13,0.00000000e+00,0.00000000e+00,0.00000000e+00,3.25066142e-35,4.46294370e-65,0.00000000e+00,0.00000000e+00,9.50054102e-07,6.98088527e-40,2.29564933e-27,5.38091279e-12,7.75775271e-07,5.76550274e-06,1.90995558e-21,0.00000000e+00,1.14254460e-75,0.00000000e+00,0.00000000e+00,0.00000000e+00,0.00000000e+00,1.04577727e-05,2.81228280e-08,7.24816186e-13,0.00000000e+00,0.00000000e+00,0.00000000e+00,0.00000000e+00,7.12553078e-01,1.86423886e-18,1.91264262e-24,4.01712789e-06,6.91425412e-02,1.41483108e-92,1.16399802e-27,1.16138471e-13,1.14327902e-64,0.00000000e+00,0.00000000e+00,0.00000000e+00,0.00000000e+00,6.56498179e-05,6.38167231e-05,1.89080555e-05,0.00000000e+00,2.99164989e-45,8.30072143e-93,6.47981677e-176,0.00000000e+00,2.32247469e-21,4.10781120e-14,7.17611362e-05,1.71411363e-07,5.27977883e-06,2.35236296e-19,7.14024797e-34,1.34977794e-48,3.96486876e-225,0.00000000e+00,5.81780005e-05,3.72140850e-05,3.39192337e-04,1.23671552e-05,2.08346219e-10,0.00000000e+00,0.00000000e+00,0.00000000e+00
7.75754513e+01,1.00000000e-02,1.00000000e-30,2.84845999e-26,2.39107170e-13,0.00000000e+00,0.00000000e+00,0.00000000e+00,4.40747656e-37,4.46294370e-65,0.00000000e+00,0.00000000e+00,9.50054094e-07,6.98088527e-40,1.93412166e-27,5.36634543e-12,7.75775271e-07,6.12758499e-06,1.90995558e-21,0.00000000e+00,1.35558937e-77,0.00000000e+00,0.00000000e+00,0.00000000e+00,0.00000000e+00,9.93505699e-06,2.81087176e-08,7.32001925e-13,0.00000000e+00,0.00000000e+00,0.00000000e+00,0.00000000e+00,7.12553078e-01,1.86423886e-18,1.91270945e-24,4.01712789e-06,6.91425412e-02,2.26811952e-94,1.16399802e-27,1.23873200e-13,2.22263009e-66,0.00000000e+00,0.00000000e+00,0.00000000e+00,0.00000000e+00,6.52877356e-05,6.64792648e-05,1.99033453e-05,0.00000000e+00,1.35351621e-45,3.91257585e-95,6.47981677e-176,0.00000000e+00,3.20519832e-22,3.38923727e-14,7.17611362e-05,1.71411363e-07,5.27977883e-06,2.35236296e-19,7.14024797e-34,1.34977794e-48,3.96486876e-225,0.00000000e+00,5.55154588e-05,3.62187951e-05,3.39192337e-04,1.28898709e-05,2.22456608e-10,0.00000000e+00,0.00000000e+00,0.00000000e+00
8.26595874e+01,1.00000000e-02,1.00000000e-30,2.88073912e-26,2.54585849e-13,0.00000000e+00,0.00000000e+00,0.00000000e+00,3.99475468e-39,4.46294370e-65,0.00000000e+00,0.00000000e+00,9.50054086e-07,6.98088527e-40,1.61133038e-27,5.35086675e-12,7.75775271e-07,6.51120001e-06,1.90995558e-21,0.00000000e+00,1.03749239e-79,0.00000000e+00,0.00000000e+00,0.00000000e+00,0.00000000e+00,9.40680354e-06,2.80936902e-08,7.38280857e-13,0.00000000e+00,0.00000000e+00,0.00000000e+00,0.00000000e+00,7.12553078e-01,1.86423886e-18,1.91278067e-24,4.01712789e-06,6.91425412e-02,2.52537540e-96,1.16399802e-27,1.32114846e-13,3.11417116e-68,0.00000000e+00,0.00000000e+00,0.00000000e+00,0.00000000e+00,6.49041206e-05,6.91823465e-05,2.09345886e-05,0.00000000e+00,5.81351377e-46,7.12505466e-98,6.47981677e-176,0.00000000e+00,3.87999353e-23,2.76134405e-14,7.17611362e-05,1.71411363e-07,5.27977883e-06,2.35236296e-19,7.14024797e-34,1.34977794e-48,3.96486876e-225,0.00000000e+00,5.28123772e-05,3.51875518e-05,3.39192337e-04,1.34181244e-05,2.37483972e-10,0.00000000e+00,0.00000000e+00,0.00000000e+00
8.80769273e+01,1.00000000e-02,1.00000000e-30,2.90922795e-26,2.71029842e-13,0.00000000e+00,0.00000000e+00,0.00000000e+00,2.53222838e-41,4.46294370e-65,0.00000000e+00,0.00000000e+00,9.50054077e-07,6.98088527e-40,1.32644212e-27,5.33442276e-12,7.75775271e-07,6.91747624e-06,1.90995558e-21,0.00000000e+00,5.42069605e-82,0.00000000e+00,0.00000000e+00,0.00000000e+00,0.00000000e+00,8.87480219e-06,2.80776868e-08,7.43696626e-13,0.00000000e+00,0.00000000e+00,0.00000000e+00,0.00000000e+00,7.12553078e-01,1.86423886e-18,1.91285655e-24,4.01712789e-06,6.91425412e-02,2.01865293e-98,1.16399802e-27,1.40896634e-13,3.21447319e-70,0.00000000e+00,0.00000000e+00,0.00000000e+00,0.00000000e+00,6.44978444e-05,7.19179024e-05,2.20011260e-05,0.00000000e+00,2.36244557e-46,5.81547559e-101,6.47981677e-176,0.00000000e+00,4.08910445e-24,2.21976714e-14,7.17611362e-05,1.71411363e-07,5.27977883e-06,2.35236296e-19,7.14024797e-34,1.34977794e-48,3.96486876e-225,0.00000000e+00,5.00768212e-05,3.41210145e-05,3.39192337e-04,1.39501257e-05,2.53487357e-10,0.00000000e+00,0.00000000e+00,0.00000000e+00
9.38493086e+01,1.00000000e-02,1.00000000e-30,2.93406334e-26,2.88495932e-13,0.00000000e+00,0.00000000e+00,0.00000000e+00,0.00000000e+00,4.46294370e-65,0.00000000e+00,0.00000000e+00,9.50054068e-07,6.98088527e-40,1.07808813e-27,5.31695667e-12,7.75775271e-07,7.34758075e-06,1.90995558e-21,0.00000000e+00,0.00000000e+00,0.00000000e+00,0.00000000e+00,0.00000000e+00,0.00000000e+00,8.34100282e-06,2.80606447e-08,7.48303708e-13,0.00000000e+00,0.00000000e+00,0.00000000e+00,0.00000000e+00,7.12553078e-01,1.86423886e-18,1.91293741e-24,4.01712789e-06,6.91425412e-02,0.00000000e+00,1.16399802e-27,1.50253961e-13,0.00000000e+00,0.00000000e+00,0.00000000e+00,0.00000000e+00,0.00000000e+00,6.40677399e-05,7.46769905e-05,2.31020115e-05,0.00000000e+00,9.04883365e-47,0.00000000e+00,6.47981677e-176,0.00000000e+00,3.64159092e-25,1.75905898e-14,7.17611362e-05,1.71411363e-07,5.27977883e-06,2.35236296e-19,7.14024797e-34,1.34977794e-48,3.96486876e-225,0.00000000e+00,4.73177331e-05,3.30201289e-05,3.39192337e-04,1.44839251e-05,2.70529540e-10,0.00000000e+00,0.00000000e+00,0.00000000e+00
1.00000000e+02,1.00000000e-02,1.00000000e-30,2.95543119e-26,3.07043786e-13,0.00000000e+00,0.00000000e+00,0.00000000e+00,0.00000000e+00,4.46294370e-65,0.00000000e+00,0.00000000e+00,9.50054058e-07,6.98088527e-40,8.64409640e-28,5.29840882e-12,7.75775271e-07,7.80271762e-06,1.90995558e-21,0.00000000e+00,0.00000000e+00,0.00000000e+00,0.00000000e+00,0.00000000e+00,0.00000000e+00,7.80750434e-06,2.80424969e-08,7.52165506e-13,0.00000000e+00,0.00000000e+00,0.00000000e+00,0.00000000e+00,7.12553078e-01,1.86423886e-18,1.91302356e-24,4.01712789e-06,6.91425412e-02,0.00000000e+00,1.16399802e-27,1.60224549e-13,0.00000000e+00,0.00000000e+00,0.00000000e+00,0.00000000e+00,0.00000000e+00,6.36126030e-05,7.74498189e-05,2.42359875e-05,0.00000000e+00,3.25508553e-47,0.00000000e+00,6.47981677e-176,0.00000000e+00,2.82296209e-26,1.37287918e-14,7.17611362e-05,1.71411363e-07,5.27977883e-06,2.35236296e-19,7.14024797e-34,1.34977794e-48,3.96486876e-225,0.00000000e+00,4.45449047e-05,3.18861530e-05,3.39192337e-04,1.50174236e-05,2.88677250e-10,0.00000000e+00,0.00000000e+00,0.00000000e+00
