time,t9,rho,R15_14,Y_h1,X_h1,Y_he4,X_he4,Y_c12,X_c12,Y_c13,X_c13,Y_n13,X_n13,Y_n14,X_n14,Y_n15,X_n15,Y_o14,X_o14,Y_o15,X_o15,Y_o16,X_o16,Y_o17,X_o17,Y_o18,X_o18,Y_f17,X_f17,Y_f18,X_f18,Y_ne20,X_ne20
0.00000000e+00,4.48100000e-01,4.06600000e+03,3.67647059e-03,7.12941125e-01,7.12941125e-01,6.91377283e-02,2.76550913e-01,1.89972106e-04,2.27966527e-03,2.13235956e-06,2.77206743e-05,0.00000000e+00,0.00000000e+00,5.71014320e-05,7.99420047e-04,2.09931735e-07,3.14897603e-06,0.00000000e+00,0.00000000e+00,0.00000000e+00,0.00000000e+00,3.62073936e-04,5.79318297e-03,1.37916336e-07,2.34457772e-06,7.25875455e-07,1.30657582e-05,0.00000000e+00,0.00000000e+00,0.00000000e+00,0.00000000e+00,7.17611355e-05,1.43522271e-03
1.00000000e-09,4.48100000e-01,4.06600000e+03,2.90527940e-03,7.12941059e-01,7.12941059e-01,6.91377866e-02,2.76551146e-01,1.90018716e-04,2.28022459e-03,2.13226001e-06,2.77193801e-05,5.23477657e-09,6.80520955e-08,5.71000861e-05,7.99401206e-04,1.64411731e-07,2.46617596e-06,2.25318791e-14,3.15446308e-13,1.47997322e-09,2.21995983e-08,3.62073887e-04,5.79318219e-03,1.37881636e-07,2.34398781e-06,7.19517411e-07,1.29513134e-05,5.37799434e-11,9.14259038e-10,1.07629381e-13,1.93732886e-12,7.17611355e-05,1.43522271e-03
1.07790740e-09,4.48100000e-01,4.06600000e+03,2.85398778e-03,7.12941055e-01,7.12941055e-01,6.91377906e-02,2.76551162e-01,1.90021843e-04,2.28026212e-03,2.13225225e-06,2.77192793e-05,5.64265362e-09,7.33544971e-08,5.70999813e-05,7.99399738e-04,1.61367376e-07,2.42051064e-06,2.61795977e-14,3.66514368e-13,1.59527262e-09,2.39290893e-08,3.62073883e-04,5.79318213e-03,1.37878933e-07,2.34394186e-06,7.19024417e-07,1.29424395e-05,5.79697984e-11,9.85486574e-10,1.16008901e-13,2.08816021e-12,7.17611355e-05,1.43522271e-03
1.16188436e-09,4.48100000e-01,4.06600000e+03,2.79997465e-03,7.12941050e-01,7.12941050e-01,6.91377949e-02,2.76551179e-01,1.90025140e-04,2.28030168e-03,2.13224389e-06,2.77191706e-05,6.08231444e-09,7.90700877e-08,5.70998683e-05,7.99398156e-04,1.58158629e-07,2.37237944e-06,3.04178630e-14,4.25850083e-13,1.71955446e-09,2.57933169e-08,3.62073879e-04,5.79318206e-03,1.37876019e-07,2.34389233e-06,7.18493393e-07,1.29328811e-05,6.24860741e-11,1.06226326e-09,1.25040340e-13,2.25072611e-12,7.17611355e-05,1.43522271e-03
1.25240375e-09,4.48100000e-01,4.06600000e+03,2.74320001e-03,7.12941045e-01,7.12941045e-01,6.91377994e-02,2.76551198e-01,1.90028612e-04,2.28034334e-03,2.13223488e-06,2.77190535e-05,6.55623617e-09,8.52310702e-08,5.70997464e-05,7.99396450e-04,1.54782507e-07,2.32173760e-06,3.53422843e-14,4.94791980e-13,1.85351850e-09,2.78027775e-08,3.62073874e-04,5.79318199e-03,1.37872879e-07,2.34383894e-06,7.17921438e-07,1.29225859e-05,6.73542009e-11,1.14502142e-09,1.34774341e-13,2.42593813e-12,7.17611355e-05,1.43522271e-03
1.34997528e-09,4.48100000e-01,4.06600000e+03,2.68364099e-03,7.12941039e-01,7.12941039e-01,6.91378042e-02,2.76551217e-01,1.90032259e-04,2.28038711e-03,2.13222517e-06,2.77189272e-05,7.06708907e-09,9.18721578e-08,5.70996151e-05,7.99394612e-04,1.51236949e-07,2.26855423e-06,4.10639501e-14,5.74895302e-13,1.99791901e-09,2.99687852e-08,3.62073870e-04,5.79318191e-03,1.37869494e-07,2.34378140e-06,7.17305434e-07,1.29114978e-05,7.26015907e-11,1.23422704e-09,1.45265468e-13,2.61477842e-12,7.17611355e-05,1.43522271e-03
1.45514834e-09,4.48100000e-01,4.06600000e+03,2.62129483e-03,7.12941034e-01,7.12941034e-01,6.91378092e-02,2.76551237e-01,1.90036085e-04,2.28043302e-03,2.13221470e-06,2.77187911e-05,7.61775153e-09,9.90307698e-08,5.70994736e-05,7.99392630e-04,1.47520986e-07,2.21281479e-06,4.77119355e-14,6.67967097e-13,2.15356902e-09,3.23035353e-08,3.62073864e-04,5.79318183e-03,1.37865845e-07,2.34371937e-06,7.16642030e-07,1.28995565e-05,7.82577908e-11,1.33038244e-09,1.56572509e-13,2.81830517e-12,7.17611355e-05,1.43522271e-03
1.56851516e-09,4.48100000e-01,4.06600000e+03,2.55618210e-03,7.12941028e-01,7.12941028e-01,6.91378145e-02,2.76551258e-01,1.90040088e-04,2.28048106e-03,2.13220341e-06,2.77186444e-05,8.21132633e-09,1.06747242e-07,5.70993210e-05,7.99390494e-04,1.43634918e-07,2.15452377e-06,5.54362132e-14,7.76106985e-13,2.32134488e-09,3.48201732e-08,3.62073859e-04,5.79318174e-03,1.37861912e-07,2.34365251e-06,7.15927629e-07,1.28866973e-05,8.43546507e-11,1.43402906e-09,1.68758800e-13,3.03765840e-12,7.17611355e-05,1.43522271e-03
1.69071410e-09,4.48100000e-01,4.06600000e+03,2.48835012e-03,7.12941021e-01,7.12941021e-01,6.91378201e-02,2.76551280e-01,1.90044268e-04,2.28053122e-03,2.13219125e-06,2.77184862e-05,8.85115814e-09,1.15065056e-07,5.70991565e-05,7.99388192e-04,1.39580502e-07,2.09370753e-06,6.44110380e-14,9.01754532e-13,2.50219122e-09,3.75328683e-08,3.62073853e-04,5.79318164e-03,1.37857673e-07,2.34358044e-06,7.15158368e-07,1.28728506e-05,9.09265008e-11,1.54575051e-09,1.81892574e-13,3.27406633e-12,7.17611355e-05,1.43522271e-03
1.82243324e-09,4.48100000e-01,4.06600000e+03,2.41787639e-03,7.12941014e-01,7.12941014e-01,6.91378260e-02,2.76551304e-01,1.90048622e-04,2.28058346e-03,2.13217814e-06,2.77183158e-05,9.54085231e-09,1.24031080e-07,5.70989793e-05,7.99385710e-04,1.35361148e-07,2.03041722e-06,7.48388781e-14,1.04774429e-12,2.69712625e-09,4.04568937e-08,3.62073846e-04,5.79318154e-03,1.37853104e-07,2.34350277e-06,7.14330102e-07,1.28579418e-05,9.80103465e-11,1.66617589e-09,1.96047335e-13,3.52885203e-12,7.17611355e-05,1.43522271e-03
1.96441428e-09,4.48100000e-01,4.06600000e+03,2.34487219e-03,7.12941007e-01,7.12941007e-01,6.91378321e-02,2.76551329e-01,1.90053145e-04,2.28063774e-03,2.13216400e-06,2.77181320e-05,1.02842952e-08,1.33695838e-07,5.70987882e-05,7.99383035e-04,1.30982113e-07,1.96473170e-06,8.69549833e-14,1.21736977e-12,2.90724747e-09,4.36087121e-08,3.62073839e-04,5.79318143e-03,1.37848179e-07,2.34341904e-06,7.13438382e-07,1.28418909e-05,1.05646076e-10,1.79598329e-09,2.11302266e-13,3.80344079e-12,7.17611355e-05,1.43522271e-03
2.11745669e-09,4.48100000e-01,4.06600000e+03,2.26948603e-03,7.12941000e-01,7.12941000e-01,6.91378386e-02,2.76551354e-01,1.90057830e-04,2.28069396e-03,2.13214877e-06,2.77179340e-05,1.10856763e-08,1.44113792e-07,5.70985822e-05,7.99380151e-04,1.26450697e-07,1.89676045e-06,1.01032693e-13,1.41445770e-12,3.13373791e-09,4.70060687e-08,3.62073832e-04,5.79318130e-03,1.37842870e-07,2.34332879e-06,7.12478437e-07,1.28246119e-05,1.13876685e-10,1.93590364e-09,2.27742659e-13,4.09936786e-12,7.17611355e-05,1.43522271e-03
2.28242224e-09,4.48100000e-01,4.06600000e+03,2.19190699e-03,7.12940992e-01,7.12940992e-01,6.91378453e-02,2.76551381e-01,1.90062668e-04,2.28075202e-03,2.13213235e-06,2.77177205e-05,1.19495113e-08,1.55343647e-07,5.70983602e-05,7.99377043e-04,1.21776422e-07,1.82664634e-06,1.17389602e-13,1.64345443e-12,3.37787272e-09,5.06680908e-08,3.62073823e-04,5.79318117e-03,1.37837148e-07,2.34323152e-06,7.11445152e-07,1.28060127e-05,1.22748519e-10,2.08672482e-09,2.45460383e-13,4.41828690e-12,7.17611355e-05,1.43522271e-03
2.46023982e-09,4.48100000e-01,4.06600000e+03,2.11236778e-03,7.12940984e-01,7.12940984e-01,6.91378523e-02,2.76551409e-01,1.90067649e-04,2.28081179e-03,2.13211464e-06,2.77174904e-05,1.28806681e-08,1.67448685e-07,5.70981209e-05,7.99373693e-04,1.16971205e-07,1.75456807e-06,1.36394731e-13,1.90952623e-12,3.64102637e-09,5.46153956e-08,3.62073814e-04,5.79318103e-03,1.37830981e-07,2.34312667e-06,7.10333044e-07,1.27859948e-05,1.32311534e-10,2.24929608e-09,2.64554388e-13,4.76197898e-12,7.17611355e-05,1.43522271e-03
2.65191071e-09,4.48100000e-01,4.06600000e+03,2.03114723e-03,7.12940975e-01,7.12940975e-01,6.91378596e-02,2.76551439e-01,1.90072758e-04,2.28087310e-03,2.13209556e-06,2.77172423e-05,1.38843940e-08,1.80497122e-07,5.70978630e-05,7.99370082e-04,1.12049486e-07,1.68074230e-06,1.58476845e-13,2.21867582e-12,3.92468041e-09,5.88702061e-08,3.62073805e-04,5.79318088e-03,1.37824333e-07,2.34301367e-06,7.09136242e-07,1.27644524e-05,1.42619578e-10,2.42453283e-09,2.85131238e-13,5.13236228e-12,7.17611355e-05,1.43522271e-03
2.85851418e-09,4.48100000e-01,4.06600000e+03,1.94857232e-03,7.12940966e-01,7.12940966e-01,6.91378672e-02,2.76551469e-01,1.90077979e-04,2.28093575e-03,2.13207500e-06,2.77169750e-05,1.49663451e-08,1.94562486e-07,5.70975849e-05,7.99366189e-04,1.07028342e-07,1.60542513e-06,1.84134135e-13,2.57787788e-12,4.23043175e-09,6.34564763e-08,3.62073794e-04,5.79318071e-03,1.37817168e-07,2.34289186e-06,7.07848458e-07,1.27412722e-05,1.53730695e-10,2.61342181e-09,3.07305695e-13,5.53150251e-12,7.17611355e-05,1.43522271e-03
3.08121359e-09,4.48100000e-01,4.06600000e+03,1.86501916e-03,7.12940957e-01,7.12940957e-01,6.91378751e-02,2.76551500e-01,1.90083292e-04,2.28099950e-03,2.13205283e-06,2.77166868e-05,1.61326183e-08,2.09724038e-07,5.70972852e-05,7.99361993e-04,1.01927530e-07,1.52891294e-06,2.13945454e-13,2.99523636e-12,4.56000173e-09,6.84000259e-08,3.62073783e-04,5.79318053e-03,1.37809445e-07,2.34276057e-06,7.06462965e-07,1.27163334e-05,1.65707449e-10,2.81702664e-09,3.31201339e-13,5.96162410e-12,7.17611355e-05,1.43522271e-03
3.32126293e-09,4.48100000e-01,4.06600000e+03,1.78091308e-03,7.12940947e-01,7.12940947e-01,6.91378832e-02,2.76551533e-01,1.90088676e-04,2.28106411e-03,2.13202894e-06,2.77163762e-05,1.73897858e-08,2.26067215e-07,5.70969622e-05,7.99357470e-04,9.67694817e-08,1.45154223e-06,2.48583381e-13,3.48016734e-12,4.91524571e-09,7.37286856e-08,3.62073771e-04,5.79318034e-03,1.37801121e-07,2.34261906e-06,7.04972569e-07,1.26895062e-05,1.78617281e-10,3.03649377e-09,3.56951234e-13,6.42512221e-12,7.17611355e-05,1.43522271e-03
3.58001389e-09,4.48100000e-01,4.06600000e+03,1.69672731e-03,7.12940937e-01,7.12940937e-01,6.91378916e-02,2.76551567e-01,1.90094106e-04,2.28112928e-03,2.13200318e-06,2.77160413e-05,1.87449315e-08,2.43684109e-07,5.70966139e-05,7.99352595e-04,9.15792212e-08,1.37368832e-06,2.88829392e-13,4.04361149e-12,5.29816357e-09,7.94724535e-08,3.62073758e-04,5.79318013e-03,1.37792149e-07,2.34246653e-06,7.03369581e-07,1.26606525e-05,1.92532883e-10,3.27305901e-09,3.84698644e-13,6.92457559e-12,7.17611355e-05,1.43522271e-03
3.85892347e-09,4.48100000e-01,4.06600000e+03,1.61298016e-03,7.12940926e-01,7.12940926e-01,6.91379003e-02,2.76551601e-01,1.90099556e-04,2.28119467e-03,2.13197542e-06,2.77156804e-05,2.02056915e-08,2.62673990e-07,5.70962386e-05,7.99347340e-04,8.63841895e-08,1.29576284e-06,3.35591496e-13,4.69828094e-12,5.71091095e-09,8.56636643e-08,3.62073744e-04,5.79317990e-03,1.37782479e-07,2.34230213e-06,7.01645790e-07,1.26296242e-05,2.07532612e-10,3.52805441e-09,4.14597803e-13,7.46276045e-12,7.17611355e-05,1.43522271e-03
4.15956216e-09,4.48100000e-01,4.06600000e+03,1.53023049e-03,7.12940915e-01,7.12940915e-01,6.91379091e-02,2.76551637e-01,1.90104996e-04,2.28125996e-03,2.13194549e-06,2.77152914e-05,2.17802967e-08,2.83143857e-07,5.70958340e-05,7.99341676e-04,8.12139751e-08,1.21820963e-06,3.89924717e-13,5.45894604e-12,6.15581138e-09,9.23371707e-08,3.62073729e-04,5.79317966e-03,1.37772055e-07,2.34212494e-06,6.99792434e-07,1.25962638e-05,2.23700930e-10,3.80291582e-09,4.46814735e-13,8.04266524e-12,7.17611355e-05,1.43522271e-03
4.48362284e-09,4.48100000e-01,4.06600000e+03,1.44907129e-03,7.12940904e-01,7.12940904e-01,6.91379182e-02,2.76551673e-01,1.90110396e-04,2.28132475e-03,2.13191324e-06,2.77148721e-05,2.34776191e-08,3.05209049e-07,5.70953979e-05,7.99335571e-04,7.60999331e-08,1.14149900e-06,4.53054905e-13,6.34276866e-12,6.63536931e-09,9.95305397e-08,3.62073712e-04,5.79317940e-03,1.37760821e-07,2.34193396e-06,6.97800169e-07,1.25604030e-05,2.41128879e-10,4.09919095e-09,4.81528141e-13,8.66750653e-12,7.17611355e-05,1.43522271e-03
4.83293024e-09,4.48100000e-01,4.06600000e+03,1.37012127e-03,7.12940892e-01,7.12940892e-01,6.91379275e-02,2.76551710e-01,1.90115722e-04,2.28138867e-03,2.13187847e-06,2.77144201e-05,2.53072219e-08,3.28993884e-07,5.70949278e-05,7.99328990e-04,7.10746912e-08,1.06612037e-06,5.26406382e-13,7.36968935e-12,7.15228426e-09,1.07284264e-07,3.62073695e-04,5.79317911e-03,1.37748713e-07,2.34172812e-06,6.95659044e-07,1.25218628e-05,2.59914593e-10,4.41854808e-09,5.18930338e-13,9.34074609e-12,7.17611355e-05,1.43522271e-03
5.20945127e-09,4.48100000e-01,4.06600000e+03,1.29401440e-03,7.12940880e-01,7.12940880e-01,6.91379370e-02,2.76551748e-01,1.90120943e-04,2.28145132e-03,2.13184099e-06,2.77139329e-05,2.72794127e-08,3.54632365e-07,5.70944211e-05,7.99321896e-04,6.61715379e-08,9.92573069e-07,6.11634088e-13,8.56287724e-12,7.70946594e-09,1.15641989e-07,3.62073676e-04,5.79317881e-03,1.37735662e-07,2.34150626e-06,6.93358467e-07,1.24804524e-05,2.80163851e-10,4.76278546e-09,5.59228279e-13,1.00661090e-11,7.17611355e-05,1.43522271e-03
5.61530608e-09,4.48100000e-01,4.06600000e+03,1.22138760e-03,7.12940867e-01,7.12940867e-01,6.91379467e-02,2.76551787e-01,1.90126025e-04,2.28151229e-03,2.13180060e-06,2.77134077e-05,2.94053022e-08,3.82268929e-07,5.70938750e-05,7.99314249e-04,6.14237011e-08,9.21355517e-07,7.10660909e-13,9.94925273e-12,8.31005067e-09,1.24650760e-07,3.62073655e-04,5.79317848e-03,1.37721596e-07,2.34126714e-06,6.90887177e-07,1.24359692e-05,3.01990674e-10,5.13384146e-09,6.02644632e-13,1.08476034e-11,7.17611355e-05,1.43522271e-03
6.05277998e-09,4.48100000e-01,4.06600000e+03,1.15286662e-03,7.12940855e-01,7.12940855e-01,6.91379566e-02,2.76551826e-01,1.90130935e-04,2.28157122e-03,2.13175705e-06,2.77128417e-05,3.16968661e-08,4.12059260e-07,5.70932862e-05,7.99306007e-04,5.68635259e-08,8.52952888e-07,8.25721061e-13,1.15600949e-11,8.95741897e-09,1.34361285e-07,3.62073633e-04,5.79317812e-03,1.37706436e-07,2.34100942e-06,6.88233219e-07,1.23881979e-05,3.25517966e-10,5.53380542e-09,6.49418940e-13,1.16895409e-11,7.17611355e-05,1.43522271e-03
6.52433633e-09,4.48100000e-01,4.06600000e+03,1.08905071e-03,7.12940841e-01,7.12940841e-01,6.91379666e-02,2.76551866e-01,1.90135642e-04,2.28162771e-03,2.13171012e-06,2.77122316e-05,3.41670126e-08,4.44171164e-07,5.70926517e-05,7.99297123e-04,5.25215793e-08,7.87823689e-07,9.59410491e-13,1.34317469e-11,9.65521459e-09,1.44828219e-07,3.62073609e-04,5.79317774e-03,1.37690097e-07,2.34073165e-06,6.85383914e-07,1.23369104e-05,3.50878206e-10,5.96492950e-09,6.99808857e-13,1.25965594e-11,7.17611355e-05,1.43522271e-03
7.03263041e-09,4.48100000e-01,4.06600000e+03,1.03049648e-03,7.12940828e-01,7.12940828e-01,6.91379768e-02,2.76551907e-01,1.90140119e-04,2.28168143e-03,2.13165953e-06,2.77115739e-05,3.68296549e-08,4.78785513e-07,5.70919677e-05,7.99287547e-04,4.84257078e-08,7.26385618e-07,1.11474544e-12,1.56064362e-11,1.04073650e-08,1.56110475e-07,3.62073583e-04,5.79317733e-03,1.37672487e-07,2.34043227e-06,6.82325836e-07,1.22818650e-05,3.78214193e-10,6.42964128e-09,7.54091478e-13,1.35736466e-11,7.17611355e-05,1.43522271e-03
7.58052437e-09,4.48100000e-01,4.06600000e+03,9.77701706e-04,7.12940813e-01,7.12940813e-01,6.91379872e-02,2.76551949e-01,1.90144341e-04,2.28173209e-03,2.13160500e-06,2.77108651e-05,3.96997892e-08,5.16097259e-07,5.70912304e-05,7.99277225e-04,4.46000912e-08,6.69001368e-07,1.29523049e-12,1.81332268e-11,1.12181034e-08,1.68271550e-07,3.62073555e-04,5.79317688e-03,1.37653507e-07,2.34010962e-06,6.79044790e-07,1.22228062e-05,4.07679852e-10,6.93055749e-09,8.12564744e-13,1.46261654e-11,7.17611355e-05,1.43522271e-03
8.17110332e-09,4.48100000e-01,4.06600000e+03,9.31089976e-04,7.12940799e-01,7.12940799e-01,6.91379978e-02,2.76551991e-01,1.90148285e-04,2.28177942e-03,2.13154623e-06,2.77101010e-05,4.27935794e-08,5.56316532e-07,5.70904356e-05,7.99266099e-04,4.10643412e-08,6.15965118e-07,1.50493760e-12,2.10691264e-11,1.20919926e-08,1.81379888e-07,3.62073525e-04,5.79317640e-03,1.37633052e-07,2.33976188e-06,6.75525793e-07,1.21594643e-05,4.39441101e-10,7.47049872e-09,8.75548950e-13,1.57598811e-11,7.17611355e-05,1.43522271e-03
8.80769273e-09,4.48100000e-01,4.06599999e+03,8.90997146e-04,7.12940784e-01,7.12940784e-01,6.91380085e-02,2.76552034e-01,1.90151937e-04,2.28182325e-03,2.13148288e-06,2.77092774e-05,4.61284477e-08,5.99669820e-07,5.70895790e-05,7.99254106e-04,3.78327029e-08,5.67490544e-07,1.74859798e-12,2.44803717e-11,1.30339506e-08,1.95509259e-07,3.62073493e-04,5.79317589e-03,1.37611006e-07,2.33938711e-06,6.71753061e-07,1.20915551e-05,4.73676782e-10,8.05250529e-09,9.43388350e-13,1.69809903e-11,7.17611355e-05,1.43522271e-03
9.49387718e-09,4.48100000e-01,4.06599999e+03,8.57660641e-04,7.12940768e-01,7.12940768e-01,6.91380195e-02,2.76552078e-01,1.90155286e-04,2.28186343e-03,2.13141459e-06,2.77083897e-05,4.97231726e-08,6.46401243e-07,5.70886556e-05,7.99241179e-04,3.49134164e-08,5.23701246e-07,2.03170881e-12,2.84439233e-11,1.40492783e-08,2.10739175e-07,3.62073458e-04,5.79317533e-03,1.37587247e-07,2.33898320e-06,6.67709998e-07,1.20187800e-05,5.10579670e-10,8.67985439e-09,1.01645286e-12,1.82961516e-11,7.17611355e-05,1.43522271e-03
1.02335205e-08,4.48100000e-01,4.06599999e+03,8.31212588e-04,7.12940752e-01,7.12940752e-01,6.91380308e-02,2.76552123e-01,1.90158327e-04,2.28189993e-03,2.13134099e-06,2.77074329e-05,5.35979943e-08,6.96773925e-07,5.70876603e-05,7.99227245e-04,3.23082946e-08,4.84624419e-07,2.36065720e-12,3.30492008e-11,1.51436892e-08,2.27155339e-07,3.62073421e-04,5.79317473e-03,1.37561642e-07,2.33854791e-06,6.63379197e-07,1.19408256e-05,5.50357561e-10,9.35607853e-09,1.09513989e-12,1.97125181e-11,7.17611355e-05,1.43522271e-03
1.10307874e-08,4.48100000e-01,4.06599999e+03,8.11677721e-04,7.12940735e-01,7.12940735e-01,6.91380423e-02,2.76552169e-01,1.90161061e-04,2.28193274e-03,2.13126166e-06,2.77064015e-05,5.77747289e-08,7.51071476e-07,5.70865875e-05,7.99212225e-04,3.00125720e-08,4.50188579e-07,2.74286430e-12,3.84001002e-11,1.63233415e-08,2.44850123e-07,3.62073381e-04,5.79317409e-03,1.37534047e-07,2.33807879e-06,6.58742448e-07,1.18573641e-05,5.93234437e-10,1.00849854e-08,1.17987624e-12,2.12377723e-11,7.17611355e-05,1.43522271e-03
1.18901674e-08,4.48100000e-01,4.06599999e+03,7.98976605e-04,7.12940717e-01,7.12940717e-01,6.91380542e-02,2.76552217e-01,1.90163495e-04,2.28196195e-03,2.13117614e-06,2.77052899e-05,6.22768910e-08,8.09599583e-07,5.70854311e-05,7.99196036e-04,2.80150538e-08,4.20225807e-07,3.18695266e-12,4.46173372e-11,1.75948727e-08,2.63923090e-07,3.62073337e-04,5.79317340e-03,1.37504308e-07,2.33757324e-06,6.53780750e-07,1.17680535e-05,6.39451730e-10,1.08706794e-08,1.27112016e-12,2.28801629e-11,7.17611355e-05,1.43522271e-03
1.28164995e-08,4.48100000e-01,4.06599999e+03,7.92934528e-04,7.12940698e-01,7.12940698e-01,6.91380666e-02,2.76552266e-01,1.90165641e-04,2.28198769e-03,2.13108398e-06,2.77040917e-05,6.71298257e-08,8.72687735e-07,5.70841847e-05,7.99178586e-04,2.62985873e-08,3.94478809e-07,3.70294069e-12,5.18411697e-11,1.89654367e-08,2.84481551e-07,3.62073291e-04,5.79317266e-03,1.37472260e-07,2.33702841e-06,6.48474343e-07,1.16725382e-05,6.89269685e-10,1.17175846e-08,1.36936353e-12,2.46485435e-11,7.17611355e-05,1.43522271e-03
1.38149996e-08,4.48100000e-01,4.06599999e+03,7.93295861e-04,7.12940678e-01,7.12940678e-01,6.91380793e-02,2.76552317e-01,1.90167513e-04,2.28201015e-03,2.13098463e-06,2.77028002e-05,7.23608517e-08,9.40691072e-07,5.70828412e-05,7.99159776e-04,2.48408406e-08,3.72612609e-07,4.30246865e-12,6.02345612e-11,2.04427444e-08,3.06641166e-07,3.62073241e-04,5.79317186e-03,1.37437723e-07,2.33644129e-06,6.42802751e-07,1.15704495e-05,7.42968815e-10,1.26304699e-08,1.47513409e-12,2.65524137e-11,7.17611355e-05,1.43522271e-03
1.48912903e-08,4.48100000e-01,4.06599999e+03,7.99743250e-04,7.12940658e-01,7.12940658e-01,6.91380927e-02,2.76552371e-01,1.90169130e-04,2.28202956e-03,2.13087755e-06,2.77014081e-05,7.79994144e-08,1.01399239e-06,5.70813930e-05,7.99139502e-04,2.36153563e-08,3.54230344e-07,4.99906115e-12,6.99868561e-11,2.20351064e-08,3.30526597e-07,3.62073187e-04,5.79317100e-03,1.37400505e-07,2.33580859e-06,6.36744839e-07,1.14614071e-05,8.00851494e-10,1.36144754e-08,1.58899794e-12,2.86019629e-11,7.17611355e-05,1.43522271e-03
1.60514320e-08,4.48100000e-01,4.06599999e+03,8.11920461e-04,7.12940636e-01,7.12940636e-01,6.91381066e-02,2.76552426e-01,1.90170510e-04,2.28204612e-03,2.13076213e-06,2.76999077e-05,8.40772520e-08,1.09300428e-06,5.70798320e-05,7.99117648e-04,2.25928081e-08,3.38892122e-07,5.80843216e-12,8.13180503e-11,2.37514801e-08,3.56272201e-07,3.62073130e-04,5.79317008e-03,1.37360399e-07,2.33512679e-06,6.30278892e-07,1.13450201e-05,8.63243648e-10,1.46751420e-08,1.71156198e-12,3.08081156e-11,7.17611355e-05,1.43522271e-03
1.73019574e-08,4.48100000e-01,4.06599999e+03,8.29457368e-04,7.12940612e-01,7.12940612e-01,6.91381212e-02,2.76552485e-01,1.90171674e-04,2.28206008e-03,2.13063773e-06,2.76982905e-05,9.06285737e-08,1.17817146e-06,5.70781494e-05,7.99094092e-04,2.17423777e-08,3.26135666e-07,6.74883945e-12,9.44837522e-11,2.56015195e-08,3.84022792e-07,3.62073068e-04,5.79316909e-03,1.37317182e-07,2.33439209e-06,6.23382712e-07,1.12208888e-05,9.30496596e-10,1.58184421e-08,1.84347663e-12,3.31825793e-11,7.17611355e-05,1.43522271e-03
1.86499079e-08,4.48100000e-01,4.06599999e+03,8.51995171e-04,7.12940588e-01,7.12940588e-01,6.91381366e-02,2.76552547e-01,1.90172636e-04,2.28207163e-03,2.13050365e-06,2.76965474e-05,9.76902520e-08,1.26997328e-06,5.70763358e-05,7.99068701e-04,2.10331395e-08,3.15497093e-07,7.84149626e-12,1.09780948e-10,2.75956296e-08,4.13934444e-07,3.62073002e-04,5.79316803e-03,1.37270613e-07,2.33360042e-06,6.16033746e-07,1.10886074e-05,1.00298903e-09,1.70508135e-08,1.98543862e-12,3.57378952e-11,7.17611355e-05,1.43522271e-03
2.01028738e-08,4.48100000e-01,4.06599999e+03,8.79210021e-04,7.12940561e-01,7.12940561e-01,6.91381529e-02,2.76552612e-01,1.90173410e-04,2.28208092e-03,2.13035912e-06,2.76946686e-05,1.05302030e-07,1.36892639e-06,5.70743809e-05,7.99041333e-04,2.04353508e-08,3.06530261e-07,9.11104976e-12,1.27554697e-10,2.97450249e-08,4.46175374e-07,3.62072931e-04,5.79316689e-03,1.37220433e-07,2.33274737e-06,6.08209235e-07,1.09477662e-05,1.08112913e-09,1.83791953e-08,2.13819389e-12,3.84874901e-11,7.17611355e-05,1.43522271e-03
2.16690364e-08,4.48100000e-01,4.06599999e+03,9.10833221e-04,7.12940534e-01,7.12940534e-01,6.91381700e-02,2.76552680e-01,1.90174003e-04,2.28208803e-03,2.13020335e-06,2.76926436e-05,1.13506744e-07,1.47558767e-06,5.70722738e-05,7.99011834e-04,1.99215409e-08,2.98823114e-07,1.05861368e-11,1.48205916e-10,3.20617917e-08,4.80926876e-07,3.62072854e-04,5.79316567e-03,1.37166365e-07,2.33182820e-06,5.99886398e-07,1.07979552e-05,1.16535691e-09,1.98110674e-08,2.30254063e-12,4.14457313e-11,7.17611355e-05,1.43522271e-03
2.33572147e-08,4.48100000e-01,4.06599999e+03,9.46666736e-04,7.12940504e-01,7.12940504e-01,6.91381882e-02,2.76552753e-01,1.90174415e-04,2.28209298e-03,2.13003546e-06,2.76904610e-05,1.22350565e-07,1.59055735e-06,5.70700026e-05,7.98980037e-04,1.94673285e-08,2.92009928e-07,1.23000298e-11,1.72200418e-10,3.45589562e-08,5.18384343e-07,3.62072773e-04,5.79316436e-03,1.37108108e-07,2.33083784e-06,5.91042651e-07,1.06387677e-05,1.25614662e-09,2.13544926e-08,2.47933241e-12,4.46279834e-11,7.17611355e-05,1.43522271e-03
2.51769146e-08,4.48099999e-01,4.06599999e+03,9.86593214e-04,7.12940472e-01,7.12940472e-01,6.91382073e-02,2.76552829e-01,1.90174641e-04,2.28209569e-03,2.12985450e-06,2.76881085e-05,1.31883257e-07,1.71448234e-06,5.70675545e-05,7.98945764e-04,1.90519189e-08,2.85778784e-07,1.42913869e-11,2.00079416e-10,3.72505572e-08,5.58758358e-07,3.62072685e-04,5.79316296e-03,1.37045340e-07,2.32977079e-06,5.81655865e-07,1.04698056e-05,1.35400949e-09,2.30181613e-08,2.66948144e-12,4.80506660e-11,7.17611355e-05,1.43522271e-03
2.71383825e-08,4.48099999e-01,4.06599998e+03,1.03058043e-03,7.12940438e-01,7.12940438e-01,6.91382276e-02,2.76552910e-01,1.90174663e-04,2.28209596e-03,2.12965946e-06,2.76855730e-05,1.42158455e-07,1.84805992e-06,5.70649158e-05,7.98908822e-04,1.86582778e-08,2.79874167e-07,1.66051235e-11,2.32471729e-10,4.01517248e-08,6.02275872e-07,3.62072591e-04,5.79316146e-03,1.36977715e-07,2.32862115e-06,5.71704663e-07,1.02906839e-05,1.45949656e-09,2.48114416e-08,2.87396191e-12,5.17313145e-11,7.17611355e-05,1.43522271e-03
2.92526634e-08,4.48099999e-01,4.06599998e+03,1.07868080e-03,7.12940402e-01,7.12940402e-01,6.91382491e-02,2.76552996e-01,1.90174459e-04,2.28209350e-03,2.12944925e-06,2.76828402e-05,1.53233967e-07,1.99204158e-06,5.70620716e-05,7.98869003e-04,1.82730168e-08,2.74095253e-07,1.92934253e-11,2.70107955e-10,4.32787649e-08,6.49181473e-07,3.62072491e-04,5.79315985e-03,1.36904858e-07,2.32738259e-06,5.61168765e-07,1.01010378e-05,1.57320182e-09,2.67444309e-08,3.09381337e-12,5.56886407e-11,7.17611355e-05,1.43522271e-03
3.15316623e-08,4.48099999e-01,4.06599998e+03,1.13102699e-03,7.12940364e-01,7.12940364e-01,6.91382717e-02,2.76553087e-01,1.90173994e-04,2.28208792e-03,2.12922268e-06,2.76798949e-05,1.65172096e-07,2.14723725e-06,5.70590059e-05,7.98826083e-04,1.78860508e-08,2.68290762e-07,2.24169249e-11,3.13836949e-10,4.66492503e-08,6.99738754e-07,3.62072383e-04,5.79315813e-03,1.36826369e-07,2.32604827e-06,5.50029383e-07,9.90052890e-06,1.69576550e-09,2.88280135e-08,3.33014418e-12,5.99425952e-11,7.17611355e-05,1.43522271e-03
3.39882122e-08,4.48099999e-01,4.06599998e+03,1.18782517e-03,7.12940323e-01,7.12940323e-01,6.91382956e-02,2.76553183e-01,1.90173225e-04,2.28207870e-03,2.12897849e-06,2.76767204e-05,1.78039989e-07,2.31451986e-06,5.70557015e-05,7.98779821e-04,1.74901101e-08,2.62351651e-07,2.60460683e-11,3.64644957e-10,5.02821190e-08,7.54231786e-07,3.62072268e-04,5.79315628e-03,1.36741815e-07,2.32461085e-06,5.38269666e-07,9.68885398e-06,1.82787774e-09,3.10739215e-08,3.58413498e-12,6.45144296e-11,7.17611355e-05,1.43522271e-03
3.66361454e-08,4.48099999e-01,4.06599998e+03,1.24934729e-03,7.12940280e-01,7.12940280e-01,6.91383208e-02,2.76553283e-01,1.90172099e-04,2.28206519e-03,2.12871530e-06,2.76732989e-05,1.91910012e-07,2.49483016e-06,5.70521398e-05,7.98729958e-04,1.70801938e-08,2.56202907e-07,3.02627035e-11,4.23677850e-10,5.41977800e-08,8.12966700e-07,3.62072144e-04,5.79315431e-03,1.36650732e-07,2.32306244e-06,5.25875192e-07,9.46575346e-06,1.97028243e-09,3.34948013e-08,3.85704212e-12,6.94267582e-11,7.17611355e-05,1.43522271e-03
3.94903723e-08,4.48099999e-01,4.06599998e+03,1.31592374e-03,7.12940233e-01,7.12940233e-01,6.91383474e-02,2.76553389e-01,1.90170553e-04,2.28204664e-03,2.12843165e-06,2.76696115e-05,2.06860152e-07,2.68918198e-06,5.70483008e-05,7.98676212e-04,1.66530331e-08,2.49795497e-07,3.51619252e-11,4.92266953e-10,5.84182267e-08,8.76273401e-07,3.62072012e-04,5.79315220e-03,1.36552621e-07,2.32139456e-06,5.12834526e-07,9.23102147e-06,2.12378142e-09,3.61042842e-08,4.15020106e-12,7.47036192e-11,7.17611355e-05,1.43522271e-03
4.25669645e-08,4.48099999e-01,4.06599998e+03,1.38793742e-03,7.12940184e-01,7.12940184e-01,6.91383752e-02,2.76553501e-01,1.90168513e-04,2.28202215e-03,2.12812594e-06,2.76656372e-05,2.22974455e-07,2.89866791e-06,5.70441629e-05,7.98618281e-04,1.62066249e-08,2.43099374e-07,4.08542182e-11,5.71959055e-10,6.29671601e-08,9.44507401e-07,3.62071871e-04,5.79314994e-03,1.36446946e-07,2.31959807e-06,4.99139817e-07,8.98451671e-06,2.28923903e-09,3.89170635e-08,4.46502961e-12,8.03705330e-11,7.17611355e-05,1.43522271e-03
4.58832461e-08,4.48099999e-01,4.06599997e+03,1.46581951e-03,7.12940132e-01,7.12940132e-01,6.91384044e-02,2.76553618e-01,1.90165891e-04,2.28199070e-03,2.12779646e-06,2.76613540e-05,2.40343489e-07,3.12446535e-06,5.70397029e-05,7.98555841e-04,1.57398588e-08,2.36097882e-07,4.74679476e-11,6.64551267e-10,6.78701202e-08,1.01805180e-06,3.62071720e-04,5.79314752e-03,1.36333129e-07,2.31766319e-06,4.84787453e-07,8.72617416e-06,2.46758691e-09,4.19489774e-08,4.80303100e-12,8.64545579e-11,7.17611355e-05,1.43522271e-03
4.94578905e-08,4.48099999e-01,4.06599997e+03,1.55004741e-03,7.12940077e-01,7.12940077e-01,6.91384349e-02,2.76553740e-01,1.90162591e-04,2.28195109e-03,2.12744137e-06,2.76567379e-05,2.59064851e-07,3.36784306e-06,5.70348957e-05,7.98488539e-04,1.52522491e-08,2.28783736e-07,5.51522515e-11,7.72131521e-10,7.31546287e-08,1.09731943e-06,3.62071558e-04,5.79314493e-03,1.36210551e-07,2.31557937e-06,4.69778758e-07,8.45601765e-06,2.65982928e-09,4.52170978e-08,5.16579671e-12,9.29843407e-11,7.17611356e-05,1.43522271e-03
5.33110262e-08,4.48099999e-01,4.06599997e+03,1.64114442e-03,7.12940019e-01,7.12940019e-01,6.91384668e-02,2.76553867e-01,1.90158499e-04,2.28190199e-03,2.12705869e-06,2.76517630e-05,2.79243707e-07,3.63016820e-06,5.70297142e-05,7.98415999e-04,1.47437607e-08,2.21156410e-07,6.40804011e-11,8.97125616e-10,7.88503417e-08,1.18275513e-06,3.62071385e-04,5.79314216e-03,1.36078547e-07,2.31333530e-06,4.54120725e-07,8.17417304e-06,2.86704862e-09,4.87398265e-08,5.55500895e-12,9.99901610e-11,7.17611356e-05,1.43522271e-03
5.74643497e-08,4.48099999e-01,4.06599997e+03,1.73968098e-03,7.12939957e-01,7.12939957e-01,6.91384999e-02,2.76554000e-01,1.90153489e-04,2.28184187e-03,2.12664627e-06,2.76464014e-05,3.00993374e-07,3.91291387e-06,5.70241295e-05,7.98337812e-04,1.42147081e-08,2.13220621e-07,7.44537048e-11,1.04235187e-09,8.49892146e-08,1.27483822e-06,3.62071200e-04,5.79313920e-03,1.35936402e-07,2.31091884e-06,4.37826771e-07,7.88088188e-06,3.09041172e-09,5.25369992e-08,5.97244265e-12,1.07503968e-10,7.17611356e-05,1.43522271e-03
6.19412478e-08,4.48099999e-01,4.06599996e+03,1.84627706e-03,7.12939892e-01,7.12939892e-01,6.91385343e-02,2.76554137e-01,1.90147416e-04,2.28176900e-03,2.12620180e-06,2.76406234e-05,3.24435945e-07,4.21766729e-06,5.70181100e-05,7.98253540e-04,1.36657093e-08,2.04985639e-07,8.65060423e-11,1.21108459e-09,9.16056792e-08,1.37408519e-06,3.62071002e-04,5.79313603e-03,1.35783350e-07,2.30831694e-06,4.20917510e-07,7.57651518e-06,3.33117626e-09,5.66299965e-08,6.41996694e-12,1.15559405e-10,7.17611356e-05,1.43522271e-03
6.67669294e-08,4.48099999e-01,4.06599996e+03,1.96160545e-03,7.12939823e-01,7.12939823e-01,6.91385700e-02,2.76554280e-01,1.90140121e-04,2.28168145e-03,2.12572281e-06,2.76343966e-05,3.49702964e-07,4.54613853e-06,5.70116221e-05,7.98162710e-04,1.30976713e-08,1.96465069e-07,1.00509132e-10,1.40712785e-09,9.87368347e-08,1.48105252e-06,3.62070790e-04,5.79313263e-03,1.35618566e-07,2.30551562e-06,4.03421503e-07,7.26158705e-06,3.59069793e-09,6.10418649e-08,6.89954581e-12,1.24191824e-10,7.17611356e-05,1.43522271e-03
7.19685673e-08,4.48099998e-01,4.06599996e+03,2.08639555e-03,7.12939750e-01,7.12939750e-01,6.91386067e-02,2.76554427e-01,1.90131421e-04,2.28157705e-03,2.12520663e-06,2.76276862e-05,3.76936147e-07,4.90016991e-06,5.70046293e-05,7.98064810e-04,1.25117958e-08,1.87676936e-07,1.16778651e-10,1.63490111e-09,1.06422653e-07,1.59633979e-06,3.62070562e-04,5.79312900e-03,1.35441168e-07,2.30249986e-06,3.85375980e-07,6.93676763e-06,3.87043802e-09,6.57974463e-08,7.41323793e-12,1.33438283e-10,7.17611356e-05,1.43522271e-03
7.75754513e-08,4.48099998e-01,4.06599995e+03,2.22143770e-03,7.12939674e-01,7.12939674e-01,6.91386445e-02,2.76554578e-01,1.90121117e-04,2.28145341e-03,2.12465037e-06,2.76204548e-05,4.06288161e-07,5.28174610e-06,5.69970924e-05,7.97959293e-04,1.19095918e-08,1.78643876e-07,1.35681337e-10,1.89953871e-09,1.14706200e-07,1.72059300e-06,3.62070318e-04,5.79312510e-03,1.35250210e-07,2.29925358e-06,3.66827495e-07,6.60289492e-06,4.17197163e-09,7.09235178e-08,7.96319542e-12,1.43337518e-10,7.17611356e-05,1.43522271e-03
8.36191530e-08,4.48099998e-01,4.06599995e+03,2.36758783e-03,7.12939594e-01,7.12939594e-01,6.91386832e-02,2.76554733e-01,1.90108986e-04,2.28130784e-03,2.12405094e-06,2.76126622e-05,4.37923458e-07,5.69300495e-06,5.69889690e-05,7.97845566e-04,1.12928906e-08,1.69393360e-07,1.57643248e-10,2.20700547e-09,1.23633872e-07,1.85450808e-06,3.62070057e-04,5.79312091e-03,1.35044677e-07,2.29575950e-06,3.47832477e-07,6.26098459e-06,4.49699662e-09,7.64489426e-08,8.55166127e-12,1.53929903e-10,7.17611356e-05,1.43522271e-03
9.01337039e-08,4.48099998e-01,4.06599995e+03,2.52577237e-03,7.12939509e-01,7.12939509e-01,6.91387227e-02,2.76554891e-01,1.90094782e-04,2.28113738e-03,2.12340500e-06,2.76042650e-05,4.72019169e-07,6.13624919e-06,5.69802137e-05,7.97722992e-04,1.06638581e-08,1.59957871e-07,1.83159345e-10,2.56423083e-09,1.33255654e-07,1.99883481e-06,3.62069776e-04,5.79311642e-03,1.34823480e-07,2.29199916e-06,3.28457637e-07,5.91223747e-06,4.84734308e-09,8.24048323e-08,9.18096516e-12,1.65257373e-10,7.17611356e-05,1.43522271e-03
9.71557865e-08,4.48099998e-01,4.06599994e+03,2.69699354e-03,7.12939421e-01,7.12939421e-01,6.91387628e-02,2.76555051e-01,1.90078233e-04,2.28093880e-03,2.12270895e-06,2.75952164e-05,5.08766068e-07,6.61395889e-06,5.69707773e-05,7.97590882e-04,1.00250009e-08,1.50375013e-07,2.12804629e-10,2.97926481e-09,1.43625391e-07,2.15438087e-06,3.62069474e-04,5.79311159e-03,1.34585457e-07,2.28795276e-06,3.08780188e-07,5.55804338e-06,5.22498367e-09,8.88247224e-08,9.85351753e-12,1.77363316e-10,7.17611356e-05,1.43522271e-03
1.04724941e-07,4.48099998e-01,4.06599994e+03,2.88233485e-03,7.12939328e-01,7.12939328e-01,6.91388034e-02,2.76555214e-01,1.90059044e-04,2.28070852e-03,2.12195894e-06,2.75854662e-05,5.48369606e-07,7.12880488e-06,5.69606069e-05,7.97448497e-04,9.37916629e-09,1.40687494e-07,2.47247065e-10,3.46145892e-09,1.54801089e-07,2.32201633e-06,3.62069150e-04,5.79310640e-03,1.34329360e-07,2.28359912e-06,2.88887827e-07,5.19998089e-06,5.63204475e-09,9.57447608e-08,1.05718014e-11,1.90292425e-10,7.17611357e-05,1.43522271e-03
1.12883789e-07,4.48099998e-01,4.06599993e+03,3.08296689e-03,7.12939231e-01,7.12939231e-01,6.91388443e-02,2.76555377e-01,1.90036891e-04,2.28044269e-03,2.12115079e-06,2.75749602e-05,5.91051012e-07,7.68366316e-06,5.69496456e-05,7.97295038e-04,8.72953198e-09,1.30942980e-07,2.87262603e-10,4.02167645e-09,1.66845225e-07,2.50267838e-06,3.62068800e-04,5.79310080e-03,1.34053857e-07,2.27891557e-06,2.68878432e-07,4.83981177e-06,6.07081831e-09,1.03203911e-07,1.13383618e-11,2.04090512e-10,7.17611357e-05,1.43522271e-03
1.21678272e-07,4.48099997e-01,4.06599993e+03,3.30015346e-03,7.12939130e-01,7.12939130e-01,6.91388852e-02,2.76555541e-01,1.90011426e-04,2.28013711e-03,2.12028002e-06,2.75636402e-05,6.37048485e-07,8.28163031e-06,5.69378319e-05,7.97129647e-04,8.07958512e-09,1.21193777e-07,3.33752609e-10,4.67253652e-09,1.79825099e-07,2.69737649e-06,3.62068423e-04,5.79309476e-03,1.33757523e-07,2.27387790e-06,2.48859410e-07,4.47946937e-06,6.54377490e-09,1.11244173e-07,1.21557919e-11,2.18804253e-10,7.17611357e-05,1.43522271e-03
1.31157910e-07,4.48099997e-01,4.06599992e+03,3.53525791e-03,7.12939024e-01,7.12939024e-01,6.91389259e-02,2.76555704e-01,1.89982271e-04,2.27978726e-03,2.11934181e-06,2.75514436e-05,6.86618465e-07,8.92604004e-06,5.69250997e-05,7.96951396e-04,7.43308895e-09,1.11496334e-07,3.87764106e-10,5.42869749e-09,1.93813191e-07,2.90719787e-06,3.62068015e-04,5.79308824e-03,1.33438837e-07,2.26846022e-06,2.28946672e-07,4.12104010e-06,7.05357750e-09,1.19910817e-07,1.30267163e-11,2.34480894e-10,7.17611357e-05,1.43522271e-03
1.41376081e-07,4.48099997e-01,4.06599992e+03,3.78974995e-03,7.12938914e-01,7.12938914e-01,6.91389662e-02,2.76555865e-01,1.89949024e-04,2.27938829e-03,2.11833098e-06,2.75383027e-05,7.40036992e-07,9.62048090e-06,5.69113778e-05,7.96759290e-04,6.79403564e-09,1.01910535e-07,4.50513287e-10,6.30718602e-09,2.08887563e-07,3.13331345e-06,3.62067574e-04,5.79308118e-03,1.33096172e-07,2.26263493e-06,2.09263182e-07,3.76673728e-06,7.60309657e-09,1.29252642e-07,1.39537703e-11,2.51167865e-10,7.17611357e-05,1.43522271e-03
1.52390324e-07,4.48099997e-01,4.06599991e+03,4.06521265e-03,7.12938798e-01,7.12938798e-01,6.91390058e-02,2.76556023e-01,1.89911254e-04,2.27893504e-03,2.11724193e-06,2.75241451e-05,7.97601174e-07,1.03688153e-05,5.68965895e-05,7.96552252e-04,6.16658463e-09,9.24987695e-08,5.23412791e-10,7.32777907e-09,2.25132278e-07,3.37698418e-06,3.62067096e-04,5.79307353e-03,1.32727797e-07,2.25637255e-06,1.89937055e-07,3.41886699e-06,8.19542618e-09,1.39322245e-07,1.49395743e-11,2.68912337e-10,7.17611358e-05,1.43522272e-03
1.64262658e-07,4.48099996e-01,4.06599990e+03,4.36334999e-03,7.12938678e-01,7.12938678e-01,6.91390445e-02,2.76556178e-01,1.89868504e-04,2.27842205e-03,2.11606867e-06,2.75088927e-05,8.59630742e-07,1.11751996e-05,5.68806519e-05,7.96329127e-04,5.55498634e-09,8.33247950e-08,6.08103385e-10,8.51344739e-09,2.42637859e-07,3.63956788e-06,3.62066577e-04,5.79306523e-03,1.32331865e-07,2.24964170e-06,1.71099207e-07,3.07978573e-06,8.83390139e-09,1.50176324e-07,1.59867038e-11,2.87760669e-10,7.17611358e-05,1.43522272e-03
1.77059935e-07,4.48099996e-01,4.06599990e+03,4.68599479e-03,7.12938553e-01,7.12938553e-01,6.91390819e-02,2.76556328e-01,1.89820295e-04,2.27784354e-03,2.11480473e-06,2.74924615e-05,9.26469728e-07,1.20441065e-05,5.68634762e-05,7.96088666e-04,4.96349159e-09,7.44523738e-08,7.06490733e-10,9.89087026e-09,2.61501772e-07,3.92252658e-06,3.62066012e-04,5.79305620e-03,1.31906409e-07,2.24240895e-06,1.52880569e-07,2.75185024e-06,9.52211710e-09,1.61875991e-07,1.70976541e-11,3.07757775e-10,7.17611358e-05,1.43522272e-03
1.90854214e-07,4.48099996e-01,4.06599989e+03,5.03511728e-03,7.12938422e-01,7.12938422e-01,6.91391178e-02,2.76556471e-01,1.89766122e-04,2.27719346e-03,2.11344316e-06,2.74747611e-05,9.98488253e-07,1.29803473e-05,5.68449663e-05,7.95829528e-04,4.39624875e-09,6.59437313e-08,8.20788067e-10,1.14910329e-08,2.81828956e-07,4.22743435e-06,3.62065398e-04,5.79304637e-03,1.31449338e-07,2.23463875e-06,1.35408915e-07,2.43736046e-06,1.02639482e-08,1.74487119e-07,1.82747979e-11,3.28946363e-10,7.17611358e-05,1.43522272e-03
2.05723170e-07,4.48099996e-01,4.06599988e+03,5.41283428e-03,7.12938286e-01,7.12938286e-01,6.91391521e-02,2.76556608e-01,1.89705461e-04,2.27646553e-03,2.11197650e-06,2.74556945e-05,1.07608444e-06,1.39890978e-05,5.68250191e-05,7.95550267e-04,3.85719085e-09,5.78578627e-08,9.53565721e-10,1.33499201e-08,3.03732382e-07,4.55598573e-06,3.62064729e-04,5.79303566e-03,1.30958433e-07,2.22629336e-06,1.18805385e-07,2.13849692e-06,1.10635715e-08,1.88080715e-07,1.95203369e-11,3.51366065e-10,7.17611359e-05,1.43522272e-03
2.21750528e-07,4.48099995e-01,4.06599987e+03,5.82141922e-03,7.12938144e-01,7.12938144e-01,6.91391844e-02,2.76556737e-01,1.89637766e-04,2.27565319e-03,2.11039672e-06,2.74351574e-05,1.15968647e-06,1.50759242e-05,5.68035232e-05,7.95249325e-04,3.34991665e-09,5.02487497e-08,1.10780860e-09,1.55093204e-08,3.27333654e-07,4.91000481e-06,3.62063998e-04,5.79302397e-03,1.30431335e-07,2.21733269e-06,1.03180825e-07,1.85725485e-06,1.19254890e-08,2.02733312e-07,2.08362458e-11,3.75052424e-10,7.17611359e-05,1.43522272e-03
2.39026535e-07,4.48099995e-01,4.06599986e+03,6.26331316e-03,7.12937995e-01,7.12937995e-01,6.91392145e-02,2.76556858e-01,1.89562474e-04,2.27474969e-03,2.10869518e-06,2.74130374e-05,1.24975476e-06,1.62468118e-05,5.67803590e-05,7.94925026e-04,2.87757111e-09,4.31635667e-08,1.28698288e-09,1.80177603e-08,3.52763659e-07,5.29145489e-06,3.62063200e-04,5.79301120e-03,1.29865548e-07,2.20771432e-06,8.86321037e-08,1.59537787e-06,1.28545535e-08,2.18527409e-07,2.22242080e-11,4.00035745e-10,7.17611359e-05,1.43522272e-03
2.57648471e-07,4.48099995e-01,4.06599985e+03,6.74113698e-03,7.12937840e-01,7.12937840e-01,6.91392424e-02,2.76556970e-01,1.89479004e-04,2.27374805e-03,2.10686262e-06,2.73892141e-05,1.34678428e-06,1.75081956e-05,5.67553974e-05,7.94575564e-04,2.44273097e-09,3.66409645e-08,1.49511336e-09,2.09315870e-08,3.80163256e-07,5.70244884e-06,3.62062328e-04,5.79299725e-03,1.29258430e-07,2.19739332e-06,7.52385863e-08,1.35429455e-06,1.38559959e-08,2.35551930e-07,2.36855433e-11,4.26339780e-10,7.17611360e-05,1.43522272e-03
2.77721193e-07,4.48099994e-01,4.06599984e+03,7.25770497e-03,7.12937677e-01,7.12937677e-01,6.91392678e-02,2.76557071e-01,1.89386760e-04,2.27264112e-03,2.10488908e-06,2.73635580e-05,1.45130708e-06,1.88669921e-05,5.67284997e-05,7.94198996e-04,2.04730282e-09,3.07095424e-08,1.73687324e-09,2.43162253e-08,4.09684017e-07,6.14526026e-06,3.62061375e-04,5.79298200e-03,1.28607192e-07,2.18632227e-06,6.30589987e-08,1.13506198e-06,1.49354543e-08,2.53902723e-07,2.52211258e-11,4.53980265e-10,7.17611360e-05,1.43522272e-03
2.99357729e-07,4.48099994e-01,4.06599983e+03,7.81604006e-03,7.12937506e-01,7.12937506e-01,6.91392908e-02,2.76557163e-01,1.89285127e-04,2.27142153e-03,2.10276384e-06,2.73359300e-05,1.56389495e-06,2.03306343e-05,5.66995164e-05,7.93793230e-04,1.69244108e-09,2.53866163e-08,2.01768822e-09,2.82476351e-08,4.41489021e-07,6.62233531e-06,3.62060332e-04,5.79296532e-03,1.27908892e-07,2.17445116e-06,5.21288973e-08,9.38320152e-07,1.60990062e-08,2.73683105e-07,2.68312929e-11,4.82963273e-10,7.17611360e-05,1.43522272e-03
3.22679912e-07,4.48099993e-01,4.06599981e+03,8.41939094e-03,7.12937326e-01,7.12937326e-01,6.91393112e-02,2.76557245e-01,1.89173474e-04,2.27008169e-03,2.10047545e-06,2.73061808e-05,1.68516220e-06,2.19071086e-05,5.66682867e-05,7.93356014e-04,1.37849301e-09,2.06773952e-08,2.34385726e-09,3.28140016e-08,4.75753701e-07,7.13630551e-06,3.62059193e-04,5.79294709e-03,1.27160435e-07,2.16172739e-06,4.24589784e-08,7.64261611e-07,1.73532022e-08,2.95004438e-07,2.85157448e-11,5.13283407e-10,7.17611360e-05,1.43522272e-03
3.47819065e-07,4.48099993e-01,4.06599980e+03,9.07125129e-03,7.12937136e-01,7.12937136e-01,6.91393292e-02,2.76557317e-01,1.89051149e-04,2.26861379e-03,2.09801156e-06,2.72741502e-05,1.81576874e-06,2.36049936e-05,5.66346374e-05,7.92884924e-04,1.10497730e-09,1.65746595e-08,2.72269257e-09,3.81176960e-08,5.12666749e-07,7.69000123e-06,3.62057948e-04,5.79292717e-03,1.26358571e-07,2.14809571e-06,3.40344171e-08,6.12619509e-07,1.87051034e-08,3.17986759e-07,3.02734344e-11,5.44921818e-10,7.17611361e-05,1.43522272e-03
3.74916744e-07,4.48099992e-01,4.06599978e+03,9.77538132e-03,7.12936935e-01,7.12936935e-01,6.91393448e-02,2.76557379e-01,1.88917475e-04,2.26700970e-03,2.09535895e-06,2.72396663e-05,1.95642324e-06,2.54335021e-05,5.65983823e-05,7.92377352e-04,8.70600833e-10,1.30590125e-08,3.16268199e-09,4.42775479e-08,5.52431085e-07,8.28646627e-06,3.62056589e-04,5.79290543e-03,1.25499899e-07,2.13349828e-06,2.68153843e-08,4.82676918e-07,2.01623208e-08,3.42759453e-07,3.21024479e-11,5.77844062e-10,7.17611361e-05,1.43522272e-03
4.04125533e-07,4.48099991e-01,4.06599977e+03,1.05358319e-02,7.12936722e-01,7.12936722e-01,6.91393581e-02,2.76557433e-01,1.88771747e-04,2.26526097e-03,2.09250344e-06,2.72025447e-05,2.10788655e-06,2.74025252e-05,5.65593208e-05,7.91830492e-04,6.73315718e-10,1.00997358e-08,3.67367716e-09,5.14314802e-08,5.95264888e-07,8.92897333e-06,3.62055107e-04,5.79288172e-03,1.24580863e-07,2.11787467e-06,2.07388027e-08,3.73298448e-07,2.17330579e-08,3.69461984e-07,3.39998781e-11,6.11997805e-10,7.17611361e-05,1.43522272e-03
4.35609903e-07,4.48099991e-01,4.06599975e+03,1.13569715e-02,7.12936496e-01,7.12936496e-01,6.91393694e-02,2.76557478e-01,1.88613223e-04,2.26335867e-03,2.08942982e-06,2.71625877e-05,2.27097532e-06,2.95226791e-05,5.65172375e-05,7.91241325e-04,5.10415651e-10,7.65623476e-09,4.26711164e-09,5.97395630e-08,6.41402700e-07,9.62104049e-06,3.62053492e-04,5.79285588e-03,1.23597764e-07,2.10116199e-06,1.57213154e-08,2.82983677e-07,2.34261574e-08,3.98244676e-07,3.59616899e-11,6.47310419e-10,7.17611361e-05,1.43522272e-03
4.69547138e-07,4.48099990e-01,4.06599973e+03,1.22435153e-02,7.12936255e-01,7.12936255e-01,6.91393788e-02,2.76557515e-01,1.88441115e-04,2.26129338e-03,2.08612180e-06,2.71195834e-05,2.44656577e-06,3.18053550e-05,5.64719003e-05,7.90606604e-04,3.78666965e-10,5.68000447e-09,4.95625375e-09,6.93875524e-08,6.91096590e-07,1.03664488e-05,3.62051735e-04,5.79282776e-03,1.22546760e-07,2.08329493e-06,1.16633221e-08,2.09939799e-07,2.52511506e-08,4.29269561e-07,3.79825818e-11,6.83686473e-10,7.17611361e-05,1.43522272e-03
5.06128335e-07,4.48099989e-01,4.06599971e+03,1.32005582e-02,7.12935998e-01,7.12935998e-01,6.91393865e-02,2.76557546e-01,1.88254582e-04,2.25905498e-03,2.08256193e-06,2.70733051e-05,2.63559779e-06,3.42627712e-05,5.64230598e-05,7.89922837e-04,2.74466245e-10,4.11699367e-09,5.75649934e-09,8.05909907e-08,7.44617409e-07,1.11692611e-05,3.62049825e-04,5.79279720e-03,1.21423883e-07,2.06420601e-06,8.45383418e-09,1.52169015e-07,2.72183112e-08,4.62711290e-07,4.00558443e-11,7.21005197e-10,7.17611361e-05,1.43522272e-03
5.45559478e-07,4.48099988e-01,4.06599968e+03,1.42336099e-02,7.12935723e-01,7.12935723e-01,6.91393928e-02,2.76557571e-01,1.88052718e-04,2.25663262e-03,2.07873153e-06,2.70235099e-05,2.83907909e-06,3.69080282e-05,5.63704479e-05,7.89186270e-04,1.94013324e-10,2.91019986e-09,6.68571113e-09,9.35999558e-08,8.02256114e-07,1.20338417e-05,3.62047752e-04,5.79276403e-03,1.20225045e-07,2.04382576e-06,5.97580246e-09,1.07564444e-07,2.93387127e-08,4.98758116e-07,4.21732202e-11,7.59117964e-10,7.17611361e-05,1.43522272e-03
5.88062599e-07,4.48099987e-01,4.06599966e+03,1.53486329e-02,7.12935428e-01,7.12935428e-01,6.91393979e-02,2.76557592e-01,1.87834545e-04,2.25401454e-03,2.07461060e-06,2.69699378e-05,3.05808974e-06,3.97551667e-05,5.63137762e-05,7.88392866e-04,1.33486386e-10,2.00229579e-09,7.76461154e-09,1.08704562e-07,8.64325170e-07,1.29648775e-05,3.62045504e-04,5.79272807e-03,1.18946061e-07,2.02208304e-06,4.11151118e-09,7.40072013e-08,3.16242913e-08,5.37612952e-07,4.43247710e-11,7.97845878e-10,7.17611362e-05,1.43522272e-03
6.33877027e-07,4.48099986e-01,4.06599963e+03,1.65520840e-02,7.12935112e-01,7.12935112e-01,6.91394021e-02,2.76557608e-01,1.87598998e-04,2.25118797e-03,2.07017777e-06,2.69123110e-05,3.29378678e-06,4.28192282e-05,5.62527349e-05,7.87538289e-04,8.92053374e-11,1.33808006e-09,9.01723756e-09,1.26241326e-07,9.31160044e-07,1.39674007e-05,3.62043070e-04,5.79268912e-03,1.17582669e-07,1.99890538e-06,2.74760971e-09,4.94569748e-08,3.40879124e-08,5.79494511e-07,4.64987537e-11,8.36977567e-10,7.17611362e-05,1.43522272e-03
6.83260739e-07,4.48099985e-01,4.06599960e+03,1.78509581e-02,7.12934773e-01,7.12934773e-01,6.91394056e-02,2.76557622e-01,1.87344916e-04,2.24813899e-03,2.06541020e-06,2.68503326e-05,3.54740911e-06,4.61163184e-05,5.61869912e-05,7.86617877e-04,5.77706961e-11,8.66560442e-10,1.04714672e-08,1.46600541e-07,1.00312078e-06,1.50468117e-05,3.62040437e-04,5.79264699e-03,1.16130555e-07,1.97421944e-06,1.77939058e-09,3.20290305e-08,3.67434435e-08,6.24638539e-07,4.86815163e-11,8.76267293e-10,7.17611362e-05,1.43522272e-03
7.36491807e-07,4.48099984e-01,4.06599957e+03,1.92528356e-02,7.12934409e-01,7.12934409e-01,6.91394085e-02,2.76557634e-01,1.87071039e-04,2.24485246e-03,2.06028350e-06,2.67836855e-05,3.82028252e-06,4.96636728e-05,5.61161875e-05,7.85626626e-04,3.61680434e-11,5.42520651e-10,1.21596288e-08,1.70234803e-07,1.08059367e-06,1.62089051e-05,3.62037591e-04,5.79260146e-03,1.14585389e-07,1.94795161e-06,1.11400663e-09,2.00521194e-08,3.96058317e-08,6.73299138e-07,5.08574183e-11,9.15433529e-10,7.17611362e-05,1.43522272e-03
7.93869969e-07,4.48099983e-01,4.06599954e+03,2.07659330e-02,7.12934017e-01,7.12934017e-01,6.91394112e-02,2.76557645e-01,1.86775990e-04,2.24131188e-03,2.05477164e-06,2.67120314e-05,4.11382501e-06,5.34797252e-05,5.60399399e-05,7.84559159e-04,2.18322386e-11,3.27483579e-10,1.41192055e-08,1.97668877e-07,1.16399300e-06,1.74598951e-05,3.62034518e-04,5.79255229e-03,1.12942860e-07,1.92002861e-06,6.72448924e-10,1.21040806e-08,4.26911880e-08,7.25750196e-07,5.30087860e-11,9.54158148e-10,7.17611362e-05,1.43522272e-03
8.55718314e-07,4.48099982e-01,4.06599950e+03,2.23991575e-02,7.12933596e-01,7.12933596e-01,6.91394135e-02,2.76557654e-01,1.86458279e-04,2.23749934e-03,2.04884689e-06,2.66350096e-05,4.42955213e-06,5.75841777e-05,5.59578362e-05,7.83409707e-04,1.26705003e-11,1.90057504e-10,1.63936503e-08,2.29511104e-07,1.25376292e-06,1.88064438e-05,3.62031201e-04,5.79249921e-03,1.11198724e-07,1.89037831e-06,3.90257672e-10,7.02463809e-09,4.60168780e-08,7.82286926e-07,5.51159122e-11,9.92086419e-10,7.17611362e-05,1.43522272e-03
9.22385104e-07,4.48099980e-01,4.06599946e+03,2.41621652e-02,7.12933142e-01,7.12933142e-01,6.91394158e-02,2.76557663e-01,1.86116287e-04,2.23339544e-03,2.04247969e-06,2.65522360e-05,4.76908257e-06,6.19980734e-05,5.58694342e-05,7.82172079e-04,7.04827277e-12,1.05724091e-10,1.90333274e-08,2.66466584e-07,1.35037934e-06,2.02556901e-05,3.62027622e-04,5.79244195e-03,1.09348860e-07,1.85893062e-06,2.17086905e-10,3.90756429e-09,4.96016192e-08,8.43227526e-07,5.71571095e-11,1.02882797e-09,7.17611362e-05,1.43522272e-03
9.94245730e-07,4.48099979e-01,4.06599942e+03,2.60654252e-02,7.12932655e-01,7.12932655e-01,6.91394181e-02,2.76557672e-01,1.85748266e-04,2.22897920e-03,2.03563860e-06,2.64633018e-05,5.13414383e-06,6.67438698e-05,5.57742596e-05,7.80839634e-04,3.74571689e-12,5.61857534e-11,2.20966011e-08,3.09352415e-07,1.45435200e-06,2.18152800e-05,3.62023761e-04,5.79238018e-03,1.07389328e-07,1.82561857e-06,1.15364340e-10,2.07655813e-09,5.34655863e-08,9.08914967e-07,5.91088308e-11,1.06395895e-09,7.17611362e-05,1.43522272e-03
1.07170483e-06,4.48099977e-01,4.06599938e+03,2.81202882e-02,7.12932130e-01,7.12932130e-01,6.91394203e-02,2.76557681e-01,1.85352336e-04,2.22422803e-03,2.02829021e-06,2.63677727e-05,5.52657799e-06,7.18455139e-05,5.56718037e-05,7.79405252e-04,1.89502255e-12,2.84253383e-11,2.56510917e-08,3.59115283e-07,1.56622659e-06,2.34933988e-05,3.62019599e-04,5.79231359e-03,1.05316441e-07,1.79037950e-06,5.83605468e-11,1.05048984e-09,5.76305246e-08,9.79718919e-07,6.09458643e-11,1.09702556e-09,7.17611362e-05,1.43522272e-03
1.15519857e-06,4.48099975e-01,4.06599933e+03,3.03390619e-02,7.12931565e-01,7.12931565e-01,6.91394227e-02,2.76557691e-01,1.84926474e-04,2.21911769e-03,2.02039903e-06,2.62651874e-05,5.94834743e-06,7.73285166e-05,5.55615218e-05,7.77861305e-04,9.09241912e-13,1.36386287e-11,2.97751263e-08,4.16851768e-07,1.68658689e-06,2.52988033e-05,3.62015112e-04,5.79224178e-03,1.03126850e-07,1.75315646e-06,2.79969357e-11,5.03944843e-10,6.21198723e-08,1.05603783e-06,6.26416162e-11,1.12754909e-09,7.17611362e-05,1.43522272e-03
1.24519708e-06,4.48099973e-01,4.06599928e+03,3.27350936e-02,7.12930958e-01,7.12930958e-01,6.91394251e-02,2.76557700e-01,1.84468512e-04,2.21362214e-03,2.01192746e-06,2.61550570e-05,6.40154066e-06,8.32200286e-05,5.54428300e-05,7.76199620e-04,4.12097629e-13,6.18146444e-12,3.45594125e-08,4.83831775e-07,1.81605712e-06,2.72408568e-05,3.62010274e-04,5.79216438e-03,1.00817629e-07,1.71389970e-06,1.26837827e-11,2.28308089e-10,6.69588919e-08,1.13830116e-06,6.41684865e-11,1.15503276e-09,7.17611362e-05,1.43522272e-03
1.34220715e-06,4.48099971e-01,4.06599922e+03,3.53228601e-02,7.12930305e-01,7.12930305e-01,6.91394277e-02,2.76557711e-01,1.83976132e-04,2.20771359e-03,2.00283568e-06,2.60368639e-05,6.88837791e-06,8.95489128e-05,5.53151037e-05,7.74411452e-04,1.75722335e-13,2.63583502e-12,4.01089675e-08,5.61525545e-07,1.95530426e-06,2.93295638e-05,3.62005059e-04,5.79208095e-03,9.83863790e-08,1.67256844e-06,5.40254095e-12,9.72457370e-11,7.21748122e-08,1.22697181e-06,6.54983455e-11,1.17897022e-09,7.17611362e-05,1.43522272e-03
1.44677502e-06,4.48099969e-01,4.06599916e+03,3.81180667e-02,7.12929602e-01,7.12929602e-01,6.91394303e-02,2.76557721e-01,1.83446860e-04,2.20136232e-03,1.99308160e-06,2.59100608e-05,7.41121661e-06,9.63458159e-05,5.51776746e-05,7.72487445e-04,7.02477720e-14,1.05371658e-12,4.65453418e-08,6.51634785e-07,2.10504043e-06,3.15756064e-05,3.61999438e-04,5.79199101e-03,9.58313376e-08,1.62913274e-06,2.15313534e-12,3.87564361e-11,7.77969813e-08,1.32254868e-06,6.66031118e-11,1.19885601e-09,7.17611362e-05,1.43522272e-03
1.55948950e-06,4.48099967e-01,4.06599909e+03,4.11377550e-02,7.12928846e-01,7.12928846e-01,6.91394332e-02,2.76557733e-01,1.82878057e-04,2.19453669e-03,1.98262081e-06,2.57740706e-05,7.97255657e-06,1.03643235e-04,5.50298284e-05,7.70417598e-04,2.62996089e-14,3.94494133e-13,5.40091796e-08,7.56128514e-07,2.26602539e-06,3.39903808e-05,3.61993379e-04,5.79189407e-03,9.31515005e-08,1.58357551e-06,7.98765040e-13,1.43777707e-11,8.38570311e-08,1.42556953e-06,6.74554273e-11,1.21419769e-09,7.17611362e-05,1.43522272e-03
1.68098528e-06,4.48099964e-01,4.06599902e+03,4.44004210e-02,7.12928033e-01,7.12928033e-01,6.91394361e-02,2.76557744e-01,1.82266915e-04,2.18720299e-03,1.97140655e-06,2.56282851e-05,8.57504472e-06,1.11475581e-04,5.48708022e-05,7.68191231e-04,9.29668683e-15,1.39450302e-13,6.26631648e-08,8.77284307e-07,2.43906898e-06,3.65860347e-05,3.61986848e-04,5.79178957e-03,9.03467504e-08,1.53589476e-06,2.74294175e-13,4.93729516e-12,9.03890552e-08,1.53661394e-06,6.80294218e-11,1.22452959e-09,7.17611362e-05,1.43522272e-03
1.81194647e-06,4.48099961e-01,4.06599895e+03,4.79261438e-02,7.12927159e-01,7.12927159e-01,6.91394392e-02,2.76557757e-01,1.81610448e-04,2.17932538e-03,1.95938965e-06,2.54720654e-05,9.22147927e-06,1.19879230e-04,5.46997819e-05,7.65796946e-04,3.23124495e-15,4.84686742e-14,7.26954087e-08,1.01773572e-06,2.62503362e-06,3.93755043e-05,3.61979809e-04,5.79167694e-03,8.74179937e-08,1.48610589e-06,8.66664321e-14,1.55999578e-12,9.74297997e-08,1.65630659e-06,6.83015480e-11,1.22942786e-09,7.17611362e-05,1.43522272e-03
1.95311051e-06,4.48099958e-01,4.06599887e+03,5.17367262e-02,7.12926220e-01,7.12926220e-01,6.91394424e-02,2.76557769e-01,1.80905486e-04,2.17086583e-03,1.94651858e-06,2.53047416e-05,9.91481315e-06,1.28892571e-04,5.45158993e-05,7.63222590e-04,1.25778724e-15,1.88668086e-14,8.43233416e-08,1.18052678e-06,2.82483677e-06,4.23725515e-05,3.61972221e-04,5.79155554e-03,8.43673032e-08,1.43424416e-06,2.50326848e-14,4.50588327e-13,1.05018870e-07,1.78532079e-06,6.82514623e-11,1.22852632e-09,7.17611362e-05,1.43522272e-03
2.10527227e-06,4.48099955e-01,4.06599878e+03,5.58558464e-02,7.12925211e-01,7.12925211e-01,6.91394457e-02,2.76557783e-01,1.80148667e-04,2.16178401e-03,1.93273946e-06,2.51256130e-05,1.06581565e-05,1.38556034e-04,5.43182302e-05,7.60455223e-04,6.87170445e-16,1.03075567e-14,9.77981798e-08,1.36917452e-06,3.03945332e-06,4.55917998e-05,3.61964043e-04,5.79142468e-03,8.11980637e-08,1.38036708e-06,6.56388103e-15,1.18149858e-13,1.13198952e-07,1.92438219e-06,6.78629185e-11,1.22153253e-09,7.17611362e-05,1.43522272e-03
2.26928856e-06,4.48099952e-01,4.06599868e+03,6.03092236e-02,7.12924127e-01,7.12924127e-01,6.91394492e-02,2.76557797e-01,1.79336433e-04,2.15203720e-03,1.91799609e-06,2.49339491e-05,1.14547778e-05,1.48912112e-04,5.41057913e-05,7.57481078e-04,5.54860189e-16,8.32290284e-15,1.13410046e-07,1.58774065e-06,3.26991793e-06,4.90487690e-05,3.61955227e-04,5.79128363e-03,7.79151166e-08,1.32455698e-06,1.55091964e-15,2.79165536e-14,1.22016053e-07,2.07427290e-06,6.71246325e-11,1.20824339e-09,7.17611362e-05,1.43522272e-03
2.44608294e-06,4.48099948e-01,4.06599858e+03,6.51247959e-02,7.12922962e-01,7.12922962e-01,6.91394528e-02,2.76557811e-01,1.78465023e-04,2.14158027e-03,1.90223005e-06,2.47289907e-05,1.23081040e-05,1.60005352e-04,5.38775379e-05,7.54285531e-04,5.47038915e-16,8.20558373e-15,1.31493837e-07,1.84091372e-06,3.51732717e-06,5.27599076e-05,3.61945725e-04,5.79113160e-03,7.45249000e-08,1.26692330e-06,3.27737862e-16,5.89928152e-15,1.31519757e-07,2.23583586e-06,6.60310700e-11,1.18855926e-09,7.17611362e-05,1.43522272e-03
2.63665090e-06,4.48099944e-01,4.06599847e+03,7.03329126e-02,7.12921711e-01,7.12921711e-01,6.91394565e-02,2.76557826e-01,1.77530465e-04,2.13036559e-03,1.88538087e-06,2.45099513e-05,1.32217181e-05,1.71882336e-04,5.36323620e-05,7.50853068e-04,5.71731765e-16,8.57597647e-15,1.52435931e-07,2.13410303e-06,3.78284149e-06,5.67426223e-05,3.61935483e-04,5.79096773e-03,7.10355785e-08,1.20760483e-06,6.16076783e-17,1.10893821e-15,1.41763504e-07,2.40997957e-06,6.45831064e-11,1.16249591e-09,7.17611362e-05,1.43522272e-03
2.84206552e-06,4.48099939e-01,4.06599835e+03,7.59665386e-02,7.12920369e-01,7.12920369e-01,6.91394603e-02,2.76557841e-01,1.76528581e-04,2.11834298e-03,1.86738614e-06,2.42760199e-05,1.41993553e-05,1.84591619e-04,5.33690898e-05,7.47167257e-04,6.04825552e-16,9.07238329e-15,1.76681855e-07,2.47354597e-06,4.06768693e-06,6.10153040e-05,3.61924444e-04,5.79079110e-03,6.74571559e-08,1.14677165e-06,1.04199306e-17,1.87558752e-16,1.52804892e-07,2.59768316e-06,6.27885066e-11,1.13019312e-09,7.17611362e-05,1.43522272e-03
3.06348345e-06,4.48099935e-01,4.06599822e+03,8.20614733e-02,7.12918928e-01,7.12918928e-01,6.91394642e-02,2.76557857e-01,1.75454976e-04,2.10545971e-03,1.84818184e-06,2.40263639e-05,1.52448960e-05,1.98183648e-04,5.30864805e-05,7.43210727e-04,6.40688717e-16,9.61033075e-15,2.04745031e-07,2.86643043e-06,4.37315648e-06,6.55973472e-05,3.61912544e-04,5.79060071e-03,6.38015644e-08,1.08462659e-06,1.78700734e-18,3.21661322e-17,1.64705993e-07,2.80000188e-06,6.06621763e-11,1.09191917e-09,7.17611362e-05,1.43522272e-03
3.30215148e-06,4.48099930e-01,4.06599808e+03,8.86565799e-02,7.12917382e-01,7.12917382e-01,6.91394681e-02,2.76557873e-01,1.74305043e-04,2.09166052e-03,1.82770255e-06,2.37601331e-05,1.63623561e-05,2.12710629e-04,5.27832247e-05,7.38965145e-04,6.78126570e-16,1.01718985e-14,2.37216736e-07,3.32103431e-06,4.70061100e-06,7.05091650e-05,3.61899719e-04,5.79039550e-03,6.00827201e-08,1.02140624e-06,5.10373161e-19,9.18671690e-18,1.77533706e-07,3.01807300e-06,5.82261458e-11,1.04807063e-09,7.17611362e-05,1.43522272e-03
3.55941352e-06,4.48099924e-01,4.06599793e+03,9.57940249e-02,7.12915725e-01,7.12915725e-01,6.91394722e-02,2.76557889e-01,1.73073963e-04,2.07688756e-03,1.80588189e-06,2.34764646e-05,1.75558735e-05,2.28226356e-04,5.24579436e-05,7.34411211e-04,7.16864862e-16,1.07529729e-14,2.74777433e-07,3.84688406e-06,5.05147959e-06,7.57721939e-05,3.61885895e-04,5.79017432e-03,5.63165387e-08,9.57381158e-07,3.31999320e-19,5.97598775e-18,1.91360128e-07,3.25312218e-06,5.55092621e-11,9.99166718e-10,7.17611362e-05,1.43522272e-03
3.83671818e-06,4.48099918e-01,4.06599777e+03,1.03519524e-01,7.12913948e-01,7.12913948e-01,6.91394763e-02,2.76557905e-01,1.71756712e-04,2.06108054e-03,1.78265297e-06,2.31744886e-05,1.88296905e-05,2.44785977e-04,5.21091892e-05,7.29528649e-04,7.56780260e-16,1.13517039e-14,3.18209621e-07,4.45493470e-06,5.42725938e-06,8.14088906e-05,3.61870995e-04,5.78993591e-03,5.25208982e-08,8.92855269e-07,2.92988692e-19,5.27379645e-18,2.06262960e-07,3.50647031e-06,5.25465821e-11,9.45838477e-10,7.17611362e-05,1.43522272e-03
4.13562692e-06,4.48099912e-01,4.06599760e+03,1.11882588e-01,7.12912044e-01,7.12912044e-01,6.91394804e-02,2.76557922e-01,1.70348066e-04,2.04417680e-03,1.75794893e-06,2.28533360e-05,2.01881311e-05,2.62445704e-04,5.17354445e-05,7.24296223e-04,7.97753470e-16,1.19663021e-14,3.68412406e-07,5.15777369e-06,5.82951438e-06,8.74427156e-05,3.61854934e-04,5.78967895e-03,4.87155418e-08,8.28164211e-07,2.68326012e-19,4.82986821e-18,2.22325935e-07,3.77954090e-06,4.93784835e-11,8.88812703e-10,7.17611362e-05,1.43522272e-03
4.45782286e-06,4.48099905e-01,4.06599741e+03,1.20936764e-01,7.12910004e-01,7.12910004e-01,6.91394846e-02,2.76557938e-01,1.68842616e-04,2.02611140e-03,1.73170360e-06,2.25121468e-05,2.16355729e-05,2.81262447e-04,5.13351253e-05,7.18691754e-04,8.39644017e-16,1.25946603e-14,4.26417953e-07,5.96985134e-06,6.25987355e-06,9.38981032e-05,3.61837624e-04,5.78940198e-03,4.49219112e-08,7.63672490e-07,2.44577179e-19,4.40238923e-18,2.39639295e-07,4.07386801e-06,4.60495314e-11,8.28891565e-10,7.17611362e-05,1.43522272e-03
4.80512025e-06,4.48099897e-01,4.06599721e+03,1.30739857e-01,7.12907821e-01,7.12907821e-01,6.91394887e-02,2.76557955e-01,1.67234782e-04,2.00681738e-03,1.70385231e-06,2.21500800e-05,2.31764122e-05,3.01293359e-04,5.09065824e-05,7.12692153e-04,8.82285469e-16,1.32342820e-14,4.93410039e-07,6.90774055e-06,6.72002763e-06,1.00800415e-04,3.61818966e-04,5.78910346e-03,4.11629008e-08,6.99769314e-07,2.20855875e-19,3.97540575e-18,2.58300284e-07,4.39110483e-06,4.26071586e-11,7.66928855e-10,7.17611362e-05,1.43522272e-03
5.17947468e-06,4.48099889e-01,4.06599699e+03,1.41354119e-01,7.12905484e-01,7.12905484e-01,6.91394928e-02,2.76557971e-01,1.65518834e-04,1.98622600e-03,1.67433275e-06,2.17663257e-05,2.48150225e-05,3.22595292e-04,5.04481060e-05,7.06273485e-04,9.25483807e-16,1.38822571e-14,5.70744916e-07,7.99042883e-06,7.21172474e-06,1.08175871e-04,3.61798856e-04,5.78878170e-03,3.74625303e-08,6.36863015e-07,1.97435064e-19,3.55383116e-18,2.78413698e-07,4.73303287e-06,3.91002360e-11,7.03804248e-10,7.17611362e-05,1.43522272e-03
5.58299409e-06,4.48099881e-01,4.06599676e+03,1.52846394e-01,7.12902986e-01,7.12902986e-01,6.91394969e-02,2.76557987e-01,1.63688919e-04,1.96426703e-03,1.64308601e-06,2.13601182e-05,2.65557032e-05,3.45224142e-04,4.99579309e-05,6.99411032e-04,9.69016544e-16,1.45352482e-14,6.59974686e-07,9.23964560e-06,7.73676433e-06,1.16051465e-04,3.61777181e-04,5.78843489e-03,3.38455293e-08,5.75373997e-07,1.74652873e-19,3.14375171e-18,3.00092466e-07,5.10157192e-06,3.55776156e-11,6.40397081e-10,7.17611362e-05,1.43522272e-03
6.01795064e-06,4.48099872e-01,4.06599650e+03,1.65288170e-01,7.12900315e-01,7.12900315e-01,6.91395009e-02,2.76558003e-01,1.61739098e-04,1.94086918e-03,1.61005780e-06,2.09307514e-05,2.84026209e-05,3.69234072e-04,4.94342431e-05,6.92079403e-04,1.01263238e-15,1.51894857e-14,7.62873415e-07,1.06802278e-05,8.29698954e-06,1.24454843e-04,3.61753819e-04,5.78806110e-03,3.03368387e-08,5.15726258e-07,1.52817742e-19,2.75071935e-18,3.23458275e-07,5.49879068e-06,3.20867272e-11,5.77561089e-10,7.17611362e-05,1.43522272e-03
6.48679353e-06,4.48099862e-01,4.06599623e+03,1.78755531e-01,7.12897462e-01,7.12897462e-01,6.91395047e-02,2.76558019e-01,1.59663382e-04,1.91596059e-03,1.57519974e-06,2.04775966e-05,3.03597385e-05,3.94676600e-04,4.88751894e-05,6.84252652e-04,1.05605150e-15,1.58407725e-14,8.81466204e-07,1.23405269e-05,8.89427740e-06,1.33414161e-04,3.61728639e-04,5.78765822e-03,2.69610344e-08,4.58337585e-07,1.32194939e-19,2.37950890e-18,3.48642255e-07,5.92691834e-06,2.86722997e-11,5.16101395e-10,7.17611362e-05,1.43522272e-03
6.99216276e-06,4.48099851e-01,4.06599594e+03,1.93328934e-01,7.12894417e-01,7.12894417e-01,6.91395085e-02,2.76558034e-01,1.57455786e-04,1.88946943e-03,1.53847084e-06,2.00001209e-05,3.24307337e-05,4.21599538e-04,4.82788884e-05,6.75904437e-04,1.09896664e-15,1.64844996e-14,1.01806139e-06,1.42528595e-05,9.53052674e-06,1.42957901e-04,3.61701500e-04,5.78722400e-03,2.37416862e-08,4.03608665e-07,1.13000058e-19,2.03400105e-18,3.75785699e-07,6.38835688e-06,2.53752616e-11,4.56754709e-10,7.17611362e-05,1.43522272e-03
7.53690398e-06,4.48099839e-01,4.06599562e+03,2.09092773e-01,7.12891169e-01,7.12891169e-01,6.91395121e-02,2.76558049e-01,1.55110383e-04,1.86132460e-03,1.49983920e-06,1.94979096e-05,3.46189049e-05,4.50045763e-04,4.76434438e-05,6.67008214e-04,1.14104504e-15,1.71156756e-14,1.17528608e-06,1.64540051e-05,1.02076436e-05,1.53114654e-04,3.61672249e-04,5.78675598e-03,2.07006722e-08,3.51911428e-07,9.53954421e-20,1.71711796e-18,4.05040852e-07,6.88569449e-06,2.22318487e-11,4.00173276e-10,7.17611362e-05,1.43522272e-03
8.12408458e-06,4.48099827e-01,4.06599528e+03,2.26134637e-01,7.12887708e-01,7.12887708e-01,6.91395156e-02,2.76558062e-01,1.52621378e-04,1.83145654e-03,1.45928375e-06,1.89706888e-05,3.69270628e-05,4.80051816e-04,4.69669618e-05,6.57537465e-04,1.18193139e-15,1.77289709e-14,1.35612511e-06,1.89857515e-05,1.09275237e-05,1.63912856e-04,3.61640723e-04,5.78625157e-03,1.78574773e-08,3.03577114e-07,7.94890831e-20,1.43080350e-18,4.36571755e-07,7.42171983e-06,1.92729306e-11,3.46912751e-10,7.17611362e-05,1.43522272e-03
8.75701089e-06,4.48099813e-01,4.06599491e+03,2.44544170e-01,7.12884021e-01,7.12884021e-01,6.91395189e-02,2.76558076e-01,1.49983186e-04,1.79979823e-03,1.41679621e-06,1.84183507e-05,3.93574078e-05,5.11646301e-04,4.62475694e-05,6.47465971e-04,1.22125189e-15,1.83187784e-14,1.56396358e-06,2.18954901e-05,1.16920316e-05,1.75380475e-04,3.61606744e-04,5.78570791e-03,1.52285068e-08,2.58884616e-07,6.53357051e-20,1.17604269e-18,4.70555148e-07,7.99943752e-06,1.65235404e-11,2.97423727e-10,7.17611362e-05,1.43522272e-03
9.43924684e-06,4.48099799e-01,4.06599452e+03,2.64411406e-01,7.12880099e-01,7.12880099e-01,6.91395221e-02,2.76558088e-01,1.47190522e-04,1.76628626e-03,1.37238316e-06,1.78409811e-05,4.19113916e-05,5.44848090e-04,4.54834382e-05,6.36768135e-04,1.25861954e-15,1.88792931e-14,1.80263285e-06,2.52368599e-05,1.25029765e-05,1.87544648e-04,3.61570123e-04,5.78512197e-03,1.28264585e-08,2.18049794e-07,5.29397928e-20,9.52916271e-19,5.07181457e-07,8.62208477e-06,1.40025919e-11,2.52046654e-10,7.17611362e-05,1.43522272e-03
1.01746340e-05,4.48099783e-01,4.06599409e+03,2.85824439e-01,7.12875930e-01,7.12875930e-01,6.91395250e-02,2.76558100e-01,1.44238512e-04,1.73086215e-03,1.32606820e-06,1.72388866e-05,4.45895623e-05,5.79664310e-04,4.46728106e-05,6.25419349e-04,1.29364062e-15,1.94046094e-14,2.07645998e-06,2.90704397e-05,1.33620840e-05,2.00431260e-04,3.61530654e-04,5.78449047e-03,1.06597930e-08,1.81216480e-07,4.22602258e-20,7.60684065e-19,5.46655835e-07,9.29314920e-06,1.17227603e-11,2.11009685e-10,7.17611362e-05,1.43522272e-03
1.09673133e-05,4.48099766e-01,4.06599363e+03,3.08866238e-01,7.12871503e-01,7.12871503e-01,6.91395278e-02,2.76558111e-01,1.41122807e-04,1.69347368e-03,1.27789418e-06,1.66126244e-05,4.73913933e-05,6.16088112e-04,4.38140301e-05,6.13396421e-04,1.32592250e-15,1.98888375e-14,2.39032035e-06,3.34644848e-05,1.42709639e-05,2.14064458e-04,3.61488116e-04,5.78380986e-03,8.73234808e-09,1.48449917e-07,3.32162165e-20,5.97891898e-19,5.89199300e-07,1.00163881e-05,9.69051372e-12,1.74429247e-10,7.17611362e-05,1.43522272e-03
1.18217482e-05,4.48099748e-01,4.06599313e+03,3.33610421e-01,7.12866807e-01,7.12866807e-01,6.91395304e-02,2.76558122e-01,1.37839717e-04,1.65407660e-03,1.22792549e-06,1.59630313e-05,5.03150950e-05,6.54096235e-04,4.29055759e-05,6.00678063e-04,1.35508262e-15,2.03262393e-14,2.74969299e-06,3.84957018e-05,1.52310735e-05,2.28466102e-04,3.61442271e-04,5.78307634e-03,7.04313545e-09,1.19733303e-07,2.56942499e-20,4.62496499e-19,6.35049950e-07,1.07958492e-05,7.90629279e-12,1.42313270e-10,7.17611362e-05,1.43522272e-03
1.27427499e-05,4.48099728e-01,4.06599260e+03,3.60115750e-01,7.12861832e-01,7.12861832e-01,6.91395328e-02,2.76558131e-01,1.34386358e-04,1.61263630e-03,1.17625018e-06,1.52912524e-05,5.33574108e-05,6.93646341e-04,4.19461022e-05,5.87245430e-04,1.38075864e-15,2.07113796e-14,3.16071805e-06,4.42500528e-05,1.62436764e-05,2.43655146e-04,3.61392863e-04,5.78228580e-03,5.58635237e-09,9.49679903e-08,1.95557375e-20,3.52003275e-19,6.84464270e-07,1.16358926e-05,6.36484285e-12,1.14567171e-10,7.17611362e-05,1.43522272e-03
1.37355044e-05,4.48099707e-01,4.06599202e+03,3.88419142e-01,7.12856568e-01,7.12856568e-01,6.91395351e-02,2.76558140e-01,1.30760813e-04,1.56912975e-03,1.12298216e-06,1.45987680e-05,5.65133982e-05,7.34674176e-04,4.09344813e-05,5.73082738e-04,1.40261948e-15,2.10392922e-14,3.63025545e-06,5.08235763e-05,1.73097968e-05,2.59646952e-04,3.61339614e-04,5.78143382e-03,4.35162607e-09,7.39776431e-08,1.46450780e-20,2.63611405e-19,7.37718539e-07,1.25412152e-05,5.05571303e-12,9.10028345e-11,7.17611362e-05,1.43522272e-03
1.48056018e-05,4.48099684e-01,4.06599140e+03,4.18526983e-01,7.12851006e-01,7.12851006e-01,6.91395373e-02,2.76558149e-01,1.26962303e-04,1.52354764e-03,1.06826297e-06,1.38874185e-05,5.97761966e-05,7.77090556e-04,3.98698522e-05,5.58177931e-04,1.42037711e-15,2.13056567e-14,4.16594345e-06,5.83232083e-05,1.84301687e-05,2.76452531e-04,3.61282228e-04,5.78051564e-03,3.32449311e-09,5.65163828e-08,1.07977706e-20,1.94359871e-19,7.95110343e-07,1.35168758e-05,3.96392658e-12,7.13506785e-11,7.17611362e-05,1.43522272e-03
1.59590678e-05,4.48099659e-01,4.06599073e+03,4.50404638e-01,7.12845137e-01,7.12845137e-01,6.91395393e-02,2.76558157e-01,1.22991375e-04,1.47589650e-03,1.01226340e-06,1.31594242e-05,6.31367860e-05,8.20778218e-04,3.87516731e-05,5.42523423e-04,1.43379866e-15,2.15069798e-14,4.77625563e-06,6.68675788e-05,1.96051810e-05,2.94077714e-04,3.61220383e-04,5.77952612e-03,2.48709422e-09,4.22806018e-08,7.84818447e-21,1.41267320e-19,8.56960200e-07,1.45683234e-05,3.07081818e-12,5.52747272e-11,7.17611362e-05,1.43522272e-03
1.72023972e-05,4.48099633e-01,4.06599001e+03,4.83964164e-01,7.12838953e-01,7.12838953e-01,6.91395413e-02,2.76558165e-01,1.18850092e-04,1.42620111e-03,9.55184603e-07,1.24173998e-05,6.65837398e-05,8.65588618e-04,3.75797785e-05,5.26116900e-04,1.44271839e-15,2.16407759e-14,5.47055411e-06,7.65877576e-05,2.08348183e-05,3.12522274e-04,3.61153734e-04,5.77845975e-03,1.81904457e-09,3.09237578e-08,5.63656339e-21,1.01458141e-19,9.23613306e-07,1.57014262e-05,2.35501124e-12,4.23902024e-11,7.17611362e-05,1.43522272e-03
1.85425913e-05,4.48099604e-01,4.06598923e+03,5.19050494e-01,7.12832449e-01,7.12832449e-01,6.91395432e-02,2.76558173e-01,1.14542237e-04,1.37450685e-03,8.97258592e-07,1.16643617e-05,7.01029784e-05,9.11338719e-04,3.63544408e-05,5.08962172e-04,1.44704920e-15,2.17057380e-14,6.25913648e-06,8.76279107e-05,2.21185983e-05,3.31778975e-04,3.61081910e-04,5.77731055e-03,1.29842063e-09,2.20731508e-08,4.01487377e-21,7.22677278e-20,9.95441410e-07,1.69225040e-05,1.79348917e-12,3.22828050e-11,7.17611362e-05,1.43522272e-03
1.99871964e-05,4.48099574e-01,4.06598839e+03,5.55426695e-01,7.12825621e-01,7.12825621e-01,6.91395451e-02,2.76558180e-01,1.10073510e-04,1.32088212e-03,8.38748084e-07,1.09037251e-05,7.36775296e-05,9.57807885e-04,3.50764341e-05,4.91070078e-04,1.44679276e-15,2.17018914e-14,7.15327326e-06,1.00145826e-04,2.34555068e-05,3.51832602e-04,3.61004509e-04,5.77607214e-03,9.02789541e-10,1.53474222e-08,2.85118211e-21,5.13212780e-20,1.07284483e-06,1.82383621e-05,1.36269419e-12,2.45284954e-11,7.17611362e-05,1.43522272e-03
2.15443469e-05,4.48099540e-01,4.06598749e+03,5.92759418e-01,7.12818464e-01,7.12818464e-01,6.91395470e-02,2.76558188e-01,1.05451730e-04,1.26542076e-03,7.79945431e-07,1.01392906e-05,7.72873073e-05,1.00473499e-03,3.37471012e-05,4.72459417e-04,1.44204794e-15,2.16307191e-14,8.16523219e-06,1.14313251e-04,2.48439304e-05,3.72658956e-04,3.60921100e-04,5.77473759e-03,6.10200179e-10,1.03734030e-08,2.03238241e-21,3.65828834e-20,1.15625462e-06,1.96563285e-05,1.03957702e-12,1.87123863e-11,7.17611362e-05,1.43522272e-03
2.32228110e-05,4.48099504e-01,4.06598651e+03,6.30606237e-01,7.12810978e-01,7.12810978e-01,6.91395489e-02,2.76558196e-01,1.00687018e-04,1.20824422e-03,7.21170543e-07,9.37521705e-06,8.09089172e-05,1.05181592e-03,3.23684212e-05,4.53157897e-04,1.43301663e-15,2.14952495e-14,9.30828487e-06,1.30315988e-04,2.62815908e-05,3.94223862e-04,3.60831218e-04,5.77329949e-03,4.00057673e-10,6.80098044e-09,1.46525915e-21,2.63746647e-20,1.24613487e-06,2.11842928e-05,8.02519578e-13,1.44453524e-11,7.17611362e-05,1.43522272e-03
2.50320398e-05,4.48099466e-01,4.06598546e+03,6.68407243e-01,7.12803164e-01,7.12803164e-01,6.91395509e-02,2.76558204e-01,9.57919695e-05,1.14950363e-03,6.62767658e-07,8.61597955e-06,8.45155043e-05,1.09870156e-03,3.09430758e-05,4.33203062e-04,1.42000640e-15,2.13000960e-14,1.05966906e-05,1.48353669e-04,2.77654808e-05,4.16482212e-04,3.60734363e-04,5.77174982e-03,2.53815949e-10,4.31487113e-09,1.07604267e-21,1.93687681e-20,1.34298523e-06,2.28307490e-05,6.32064680e-13,1.13771642e-11,7.17611362e-05,1.43522272e-03
2.69822209e-05,4.48099424e-01,4.06598433e+03,7.05483845e-01,7.12795026e-01,7.12795026e-01,6.91395530e-02,2.76558212e-01,9.07817924e-05,1.08938151e-03,6.05100864e-07,7.86631123e-06,8.80766575e-05,1.14499655e-03,2.94745121e-05,4.12643170e-04,1.40342923e-15,2.10514385e-14,1.20456520e-05,1.68639129e-04,2.92918051e-05,4.39377076e-04,3.60629997e-04,5.77007996e-03,1.55444427e-10,2.64255526e-09,8.08754116e-22,1.45575741e-20,1.44734357e-06,2.46048406e-05,5.11407545e-13,9.20533582e-12,7.17611362e-05,1.43522272e-03
2.90843356e-05,4.48099379e-01,4.06598311e+03,7.41047984e-01,7.12786570e-01,7.12786570e-01,6.91395552e-02,2.76558221e-01,8.56744090e-05,1.02809291e-03,5.48548296e-07,7.13112784e-06,9.15583875e-05,1.19025904e-03,2.79669992e-05,3.91537989e-04,1.38379590e-15,2.07569385e-14,1.36712355e-05,1.91397297e-04,3.08559299e-05,4.62838948e-04,3.60517539e-04,5.76828063e-03,9.16526503e-11,1.55809506e-09,6.22729433e-22,1.12091298e-20,1.55978881e-06,2.65164097e-05,4.26632644e-13,7.67938760e-12,7.17611362e-05,1.43522272e-03
3.13502206e-05,4.48099331e-01,4.06598179e+03,7.74224698e-01,7.12777806e-01,7.12777806e-01,6.91395575e-02,2.76558230e-01,8.04905051e-05,9.65886061e-04,4.93495009e-07,6.41543511e-06,9.49231982e-05,1.23400158e-03,2.64256739e-05,3.69959435e-04,1.36170559e-15,2.04255838e-14,1.54902505e-05,2.16863508e-04,3.24523439e-05,4.86785159e-04,3.60396366e-04,5.76634185e-03,5.18854629e-11,8.82052870e-10,4.89736358e-22,8.81525444e-21,1.68094404e-06,2.85760486e-05,3.66709222e-13,6.60076600e-12,7.17611362e-05,1.43522272e-03
3.37926348e-05,4.48099279e-01,4.06598037e+03,8.04089815e-01,7.12768745e-01,7.12768745e-01,6.91395600e-02,2.76558240e-01,7.52535160e-05,9.03042192e-04,4.40324596e-07,5.72421975e-06,9.81302701e-05,1.27569351e-03,2.48565727e-05,3.47992017e-04,1.33783050e-15,2.00674574e-14,1.75200805e-05,2.45281127e-04,3.40746352e-05,5.11119528e-04,3.60265804e-04,5.76425286e-03,2.81268696e-11,4.78156784e-10,3.91061375e-22,7.03910475e-21,1.81147977e-06,3.07951561e-05,3.23285582e-13,5.81914048e-12,7.17611362e-05,1.43522272e-03
3.64253312e-05,4.48099223e-01,4.06597884e+03,8.29722465e-01,7.12759403e-01,7.12759403e-01,6.91395626e-02,2.76558251e-01,6.99895338e-05,8.39874406e-04,3.89409706e-07,5.06232618e-06,1.01135778e-04,1.31476511e-03,2.32666441e-05,3.25733018e-04,1.31289567e-15,1.96934351e-14,1.97784580e-05,2.76898411e-04,3.57154882e-05,5.35732324e-04,3.60125131e-04,5.76200209e-03,1.45682375e-11,2.47660038e-10,3.14857597e-22,5.66743674e-21,1.95211749e-06,3.31859973e-05,2.90340591e-13,5.22613065e-12,7.17611362e-05,1.43522272e-03
3.92631340e-05,4.48099162e-01,4.06597719e+03,8.50269131e-01,7.12749798e-01,7.12749798e-01,6.91395655e-02,2.76558262e-01,6.47271245e-05,7.76725494e-04,3.41101717e-07,4.43432232e-06,1.03893359e-04,1.35061366e-03,2.16637376e-05,3.03292326e-04,1.28765441e-15,1.93148161e-14,2.22831789e-05,3.11964505e-04,3.73667065e-05,5.60500598e-04,3.59973567e-04,5.75957708e-03,7.20360944e-12,1.22461361e-10,2.53934029e-22,4.57081251e-21,2.10363336e-06,3.57617672e-05,2.63758307e-13,4.74764952e-12,7.17611362e-05,1.43522272e-03
4.23220227e-05,4.48099097e-01,4.06597542e+03,8.65012731e-01,7.12739953e-01,7.12739953e-01,6.91395685e-02,2.76558274e-01,5.94970425e-05,7.13964510e-04,2.95719945e-07,3.84435929e-06,1.06354751e-04,1.38261177e-03,2.00565622e-05,2.80791871e-04,1.26286012e-15,1.89429018e-14,2.50517497e-05,3.50724495e-04,3.90192641e-05,5.85288961e-04,3.59810276e-04,5.75696442e-03,3.41122906e-12,5.79908940e-11,2.04056568e-22,3.67301823e-21,2.26686233e-06,3.85366597e-05,2.40887774e-13,4.33597993e-12,7.17611362e-05,1.43522272e-03
4.56192215e-05,4.48099027e-01,4.06597350e+03,8.73437617e-01,7.12729892e-01,7.12729892e-01,6.91395717e-02,2.76558287e-01,5.43318326e-05,6.51981992e-04,2.53540870e-07,3.29603131e-06,1.08470617e-04,1.41011802e-03,1.84546127e-05,2.58364577e-04,1.23923590e-15,1.85885385e-14,2.81009635e-05,3.93413490e-04,4.06633915e-05,6.09950873e-04,3.59634356e-04,5.75414970e-03,1.56809801e-12,2.66576662e-11,1.62741744e-22,2.92935138e-21,2.44270237e-06,4.15259403e-05,2.20137140e-13,3.96246852e-12,7.17611363e-05,1.43522273e-03
4.91732965e-05,4.48098951e-01,4.06597144e+03,8.75280350e-01,7.12719644e-01,7.12719644e-01,6.91395751e-02,2.76558301e-01,4.92653152e-05,5.91183783e-04,2.14787935e-07,2.79224316e-06,1.10191548e-04,1.43249012e-03,1.68680558e-05,2.36152781e-04,1.21744330e-15,1.82616495e-14,3.14464065e-05,4.40249691e-04,4.22886995e-05,6.34330492e-04,3.59444837e-04,5.75111739e-03,7.27287788e-13,1.23638924e-11,1.28466791e-22,2.31240223e-21,2.63211909e-06,4.47460245e-05,2.00633266e-13,3.61139879e-12,7.17611363e-05,1.43522273e-03
5.30042602e-05,4.48098869e-01,4.06596921e+03,8.70557502e-01,7.12709238e-01,7.12709238e-01,6.91395788e-02,2.76558315e-01,4.43319513e-05,5.31983416e-04,1.79622590e-07,2.33509367e-06,1.11469269e-04,1.44910049e-03,1.53075766e-05,2.14306073e-04,1.19805237e-15,1.79707856e-14,3.51018932e-05,4.91426505e-04,4.38843422e-05,6.58265132e-04,3.59240676e-04,5.74785082e-03,3.70160290e-13,6.29272494e-12,1.00195171e-22,1.80351308e-21,2.83615063e-06,4.82145607e-05,1.81959576e-13,3.27527236e-12,7.17611363e-05,1.43522273e-03
5.71336843e-05,4.48098781e-01,4.06596681e+03,8.59565337e-01,7.12698709e-01,7.12698709e-01,6.91395828e-02,2.76558331e-01,3.95660958e-05,4.74793149e-04,1.48137244e-07,1.92578417e-06,1.12258006e-04,1.45935408e-03,1.37841810e-05,1.92978534e-04,1.18151497e-15,1.77227245e-14,3.90788412e-05,5.47103777e-04,4.54392215e-05,6.81588323e-04,3.59020751e-04,5.74433202e-03,2.31217166e-13,3.93069183e-12,7.71182754e-23,1.38812896e-21,3.05591290e-06,5.19505194e-05,1.63969723e-13,2.95145502e-12,7.17611363e-05,1.43522273e-03
6.15848211e-05,4.48098686e-01,4.06596423e+03,8.42851424e-01,7.12688090e-01,7.12688090e-01,6.91395870e-02,2.76558348e-01,3.50011512e-05,4.20013815e-04,1.20350766e-07,1.56455995e-06,1.12516014e-04,1.46270818e-03,1.23089567e-05,1.72325394e-04,1.16814351e-15,1.75221527e-14,4.33855936e-05,6.07398311e-04,4.69422311e-05,7.04133466e-04,3.58783856e-04,5.74054169e-03,1.84040683e-13,3.12869161e-12,5.85313727e-23,1.05356471e-21,3.29260514e-06,5.59742873e-05,1.46664977e-13,2.63996959e-12,7.17611363e-05,1.43522273e-03
6.63827344e-05,4.48098584e-01,4.06596144e+03,8.21163278e-01,7.12677419e-01,7.12677419e-01,6.91395915e-02,2.76558366e-01,3.06686459e-05,3.68023751e-04,9.62071109e-08,1.25069244e-06,1.12207205e-04,1.45869366e-03,1.08927965e-05,1.52499151e-04,1.15809729e-15,1.73714594e-14,4.80267089e-05,6.72373924e-04,4.83825342e-05,7.25738013e-04,3.58528693e-04,5.73645910e-03,1.72947983e-13,2.94011571e-12,4.37846641e-23,7.88123954e-22,3.54751579e-06,6.03077684e-05,1.30119193e-13,2.34214548e-12,7.17611363e-05,1.43522273e-03
7.15544407e-05,4.48098473e-01,4.06595844e+03,7.95382856e-01,7.12666734e-01,7.12666734e-01,6.91395963e-02,2.76558385e-01,2.65972685e-05,3.19167222e-04,7.55774366e-08,9.82506676e-07,1.11302837e-04,1.44693688e-03,9.54609016e-06,1.33645262e-04,1.15137775e-15,1.72706662e-14,5.30022407e-05,7.42031370e-04,4.97498701e-05,7.46248051e-04,3.58253870e-04,5.73206192e-03,1.75400264e-13,2.98180449e-12,3.22714962e-23,5.80886932e-22,3.82202884e-06,6.49744903e-05,1.14435757e-13,2.05984362e-12,7.17611363e-05,1.43522273e-03
7.71290612e-05,4.48098354e-01,4.06595520e+03,7.66457038e-01,7.12656071e-01,7.12656071e-01,6.91396014e-02,2.76558406e-01,2.28119022e-05,2.73742827e-04,5.82658725e-08,7.57456343e-07,1.09783177e-04,1.42718131e-03,8.27839655e-06,1.15897552e-04,1.14783384e-15,1.72175077e-14,5.83070390e-05,8.16298546e-04,5.10348757e-05,7.65523135e-04,3.57957887e-04,5.72732619e-03,1.83090873e-13,3.11254484e-12,2.34318872e-23,4.21773970e-22,4.11763047e-06,6.99997180e-05,9.97239216e-14,1.79503059e-12,7.17611363e-05,1.43522273e-03
8.31379858e-05,4.48098226e-01,4.06595171e+03,7.35333242e-01,7.12645469e-01,7.12645469e-01,6.91396068e-02,2.76558427e-01,1.93327104e-05,2.31992525e-04,4.40187937e-08,5.72244318e-07,1.07639060e-04,1.39930778e-03,7.09811078e-06,9.93735509e-05,1.14717757e-15,1.72076635e-14,6.39301070e-05,8.95021498e-04,5.22294097e-05,7.83441145e-04,3.57639135e-04,5.72222616e-03,1.93279410e-13,3.28574997e-12,1.67600652e-23,3.01681173e-22,4.43591608e-06,7.54105734e-05,8.60858731e-14,1.54954572e-12,7.17611363e-05,1.43522273e-03
8.96150502e-05,4.48098088e-01,4.06594795e+03,7.02906682e-01,7.12634963e-01,7.12634963e-01,6.91396126e-02,2.76558451e-01,1.61743297e-05,1.94091956e-04,3.25371298e-08,4.22982687e-07,1.04873236e-04,1.36335206e-03,6.01214422e-06,8.41700191e-05,1.14900871e-15,1.72351307e-14,6.98540569e-05,9.77956796e-04,5.33268597e-05,7.99902896e-04,3.57295885e-04,5.71673417e-03,2.05193178e-13,3.48828402e-12,1.18108244e-23,2.12594839e-22,4.77859783e-06,8.12361631e-05,7.36092806e-14,1.32496705e-12,7.17611363e-05,1.43522273e-03
9.65967258e-05,4.48097939e-01,4.06594389e+03,6.69982517e-01,7.12624591e-01,7.12624591e-01,6.91396188e-02,2.76558475e-01,1.33452328e-05,1.60142794e-04,2.34909223e-08,3.05381990e-07,1.01501415e-04,1.31951839e-03,5.02563837e-06,7.03589372e-05,1.15284708e-15,1.72927061e-14,7.60547077e-05,1.06476591e-03,5.43224144e-05,8.14836216e-04,3.56926283e-04,5.71082052e-03,2.18680935e-13,3.71757589e-12,8.20272158e-24,1.47648988e-22,5.14751247e-06,8.75077120e-05,6.23626369e-14,1.12252746e-12,7.17611364e-05,1.43522273e-03
1.04122326e-04,4.48097778e-01,4.06593952e+03,6.37253205e-01,7.12614384e-01,7.12614384e-01,6.91396254e-02,2.76558502e-01,1.08473187e-05,1.30167825e-04,1.65350813e-08,2.14956057e-07,9.75528881e-05,1.26818755e-03,4.14173460e-06,5.79842844e-05,1.15816934e-15,1.73725401e-14,8.25008701e-05,1.15501218e-03,5.52132775e-05,8.28199162e-04,3.56528334e-04,5.70445334e-03,2.33762659e-13,3.97396521e-12,5.61773120e-24,1.01119162e-22,5.54462970e-06,9.42587049e-05,5.23922203e-14,9.43059966e-13,7.17611364e-05,1.43522273e-03
1.12234225e-04,4.48097605e-01,4.06593481e+03,6.05289227e-01,7.12604376e-01,7.12604376e-01,6.91396324e-02,2.76558530e-01,8.67577913e-06,1.04109350e-04,1.13251246e-08,1.47226620e-07,9.30706502e-05,1.20991845e-03,3.36142101e-06,4.70598941e-05,1.16444719e-15,1.74667079e-14,8.91543597e-05,1.24816104e-03,5.59988054e-05,8.39982081e-04,3.56099902e-04,5.69759843e-03,2.50496891e-13,4.25844714e-12,3.79776292e-24,6.83597326e-23,5.97206087e-06,1.01525035e-04,4.37203282e-14,7.86965908e-13,7.17611364e-05,1.43522273e-03
1.20978102e-04,4.48097419e-01,4.06592973e+03,5.74540248e-01,7.12594594e-01,7.12594594e-01,6.91396399e-02,2.76558559e-01,6.81927840e-06,8.18313407e-05,7.53165189e-09,9.79114746e-08,8.81109390e-05,1.14544221e-03,2.68347480e-06,3.75686472e-05,1.17118320e-15,1.75677480e-14,9.59702761e-05,1.34358387e-03,5.66805505e-05,8.50208258e-04,3.55638694e-04,5.69021911e-03,2.68947966e-13,4.57211542e-12,2.53881820e-24,4.56987277e-23,6.43206818e-06,1.09345159e-04,3.63447763e-14,6.54205973e-13,7.17611364e-05,1.43522273e-03
1.30403192e-04,4.48097217e-01,4.06592426e+03,5.45343452e-01,7.12585068e-01,7.12585068e-01,6.91396478e-02,2.76558591e-01,5.26045960e-06,6.31255152e-05,4.85243796e-09,6.30816934e-08,8.27421631e-05,1.07564812e-03,2.10451299e-06,2.94631819e-05,1.17794095e-15,1.76691142e-14,1.02897569e-04,1.44056597e-03,5.72621981e-05,8.58932971e-04,3.55142253e-04,5.68227604e-03,2.89181139e-13,4.91607937e-12,1.68370260e-24,3.03066469e-23,6.92707427e-06,1.17760263e-04,3.02397447e-14,5.44315405e-13,7.17611364e-05,1.43522273e-03
1.40562565e-04,4.48097001e-01,4.06591835e+03,5.17936130e-01,7.12575821e-01,7.12575821e-01,6.91396561e-02,2.76558624e-01,3.97676521e-06,4.77211825e-05,3.02129545e-09,3.92768409e-08,7.70432149e-05,1.00156179e-03,1.61915653e-06,2.26681914e-05,1.18436685e-15,1.77655028e-14,1.09879907e-04,1.53831870e-03,5.77493935e-05,8.66240903e-04,3.54607943e-04,5.67372709e-03,3.11264613e-13,5.29149842e-12,1.11418293e-24,2.00552927e-23,7.45967222e-06,1.26814428e-04,2.53580149e-14,4.56444268e-13,7.17611365e-05,1.43522273e-03
1.51513429e-04,4.48096767e-01,4.06591199e+03,4.92470145e-01,7.12566878e-01,7.12566878e-01,6.91396649e-02,2.76558660e-01,2.94153128e-06,3.52983753e-05,1.81325757e-09,2.35723484e-08,7.11012169e-05,9.24315820e-04,1.22030307e-06,1.70842430e-05,1.19020211e-15,1.78530316e-14,1.16856833e-04,1.63599566e-03,5.81494642e-05,8.72241963e-04,3.54032945e-04,5.66452712e-03,3.35272978e-13,5.69964062e-12,7.43335488e-25,1.33800388e-23,8.03263590e-06,1.36554810e-04,2.16345440e-14,3.89421792e-13,7.17611365e-05,1.43522273e-03
1.63317447e-04,4.48096515e-01,4.06590514e+03,4.69026587e-01,7.12558260e-01,7.12558260e-01,6.91396743e-02,2.76558697e-01,2.12528554e-06,2.55034265e-05,1.04607281e-09,1.35989465e-08,6.50087994e-05,8.45114392e-04,8.99493567e-07,1.25929099e-05,1.19528450e-15,1.79292675e-14,1.23765191e-04,1.73271268e-03,5.84710516e-05,8.77065774e-04,3.53414238e-04,5.65462782e-03,3.61290630e-13,6.14194070e-12,5.08614878e-25,9.15506780e-24,8.64893079e-06,1.47031823e-04,1.89912040e-14,3.41841673e-13,7.17611365e-05,1.43522273e-03
1.76041084e-04,4.48096244e-01,4.06589775e+03,4.47629542e-01,7.12549989e-01,7.12549989e-01,6.91396841e-02,2.76558737e-01,1.49715612e-06,1.79658735e-05,5.78432351e-10,7.51962056e-09,5.88610468e-05,7.65193609e-04,6.47347241e-07,9.06286137e-06,1.19954111e-15,1.79931167e-14,1.30540773e-04,1.82757082e-03,5.87236780e-05,8.80855170e-04,3.52748593e-04,5.64397748e-03,3.89414648e-13,6.62004902e-12,3.65938837e-25,6.58689907e-24,9.31172499e-06,1.58299325e-04,1.73423970e-14,3.12163145e-13,7.17611366e-05,1.43522273e-03
1.89755988e-04,4.48095951e-01,4.06588978e+03,4.28258379e-01,7.12542082e-01,7.12542082e-01,6.91396945e-02,2.76558778e-01,1.02628217e-06,1.23153861e-05,3.05684154e-10,3.97389400e-09,5.27522858e-05,6.85779716e-04,4.54031984e-07,6.35644777e-06,1.20297411e-15,1.80446117e-14,1.37120113e-04,1.91968158e-03,5.89172804e-05,8.83759205e-04,3.52032553e-04,5.63252085e-03,4.19756909e-13,7.13586745e-12,2.84878563e-25,5.12781413e-24,1.00244006e-05,1.70414810e-04,1.66011615e-14,2.98820907e-13,7.17611366e-05,1.43522273e-03
2.04539383e-04,4.48095636e-01,4.06588119e+03,4.10858307e-01,7.12534559e-01,7.12534559e-01,6.91397054e-02,2.76558822e-01,6.83114909e-07,8.19737891e-06,1.53974624e-10,2.00167011e-09,4.67729032e-05,6.08047742e-04,3.09732113e-07,4.33624958e-06,1.20564226e-15,1.80846340e-14,1.43442377e-04,2.00819328e-03,5.90617484e-05,8.85926225e-04,3.51262430e-04,5.62019888e-03,4.52445352e-13,7.69157098e-12,2.44895564e-25,4.40812016e-24,1.07905652e-05,1.83439609e-04,1.66853342e-14,3.00336016e-13,7.17611367e-05,1.43522273e-03
2.20474515e-04,4.48095296e-01,4.06587194e+03,3.95349218e-01,7.12527434e-01,7.12527434e-01,6.91397168e-02,2.76558867e-01,4.40508061e-07,5.28609674e-06,7.37759641e-11,9.59087533e-10,4.10063815e-05,5.33082960e-04,2.05075400e-07,2.87105561e-06,1.20764115e-15,1.81146173e-14,1.49451232e-04,2.09231724e-03,5.91665040e-05,8.87497560e-04,3.50434282e-04,5.60694852e-03,4.87624462e-13,8.28961586e-12,2.32484000e-25,4.18471200e-24,1.16140637e-05,1.97439083e-04,1.75233266e-14,3.15419878e-13,7.17611367e-05,1.43522273e-03
2.37651111e-04,4.48094929e-01,4.06586196e+03,3.81632915e-01,7.12520722e-01,7.12520722e-01,6.91397287e-02,2.76558915e-01,2.74521316e-07,3.29425579e-06,3.36225777e-11,4.37093510e-10,3.55267176e-05,4.61847329e-04,1.31485888e-07,1.84080244e-06,1.20908465e-15,1.81362697e-14,1.55096621e-04,2.17135269e-03,5.92401549e-05,8.88602323e-04,3.49543907e-04,5.59270251e-03,5.25455140e-13,8.93273738e-12,2.39051128e-25,4.30292030e-24,1.24989896e-05,2.12482823e-04,1.90591348e-14,3.43064427e-13,7.17611368e-05,1.43522274e-03
2.56165892e-04,4.48094534e-01,4.06585121e+03,3.69598916e-01,7.12514431e-01,7.12514431e-01,6.91397412e-02,2.76558965e-01,1.64894883e-07,1.97873860e-06,1.46415586e-11,1.90340262e-10,3.03963546e-05,3.95152610e-04,8.14381640e-08,1.14013430e-06,1.21008950e-15,1.81513425e-14,1.60336363e-04,2.24470909e-03,5.92902455e-05,8.89353683e-04,3.48586823e-04,5.57738916e-03,5.66114185e-13,9.62394115e-12,2.59377797e-25,4.66880034e-24,1.34496968e-05,2.28644846e-04,2.12563138e-14,3.82613648e-13,7.17611368e-05,1.43522274e-03
2.76123110e-04,4.48094108e-01,4.06583962e+03,3.59129035e-01,7.12508568e-01,7.12508568e-01,6.91397541e-02,2.76559016e-01,9.51933620e-08,1.14232034e-06,6.18626323e-12,8.04214220e-11,2.56647084e-05,3.33641209e-04,4.86011704e-08,6.80416386e-07,1.21076408e-15,1.81614611e-14,1.65137480e-04,2.31192472e-03,5.93231180e-05,8.89846770e-04,3.47558258e-04,5.56093214e-03,6.09793639e-13,1.03664919e-11,2.90525326e-25,5.22945588e-24,1.44708110e-05,2.46003787e-04,2.41007902e-14,4.33814224e-13,7.17611369e-05,1.43522274e-03
2.97635144e-04,4.48093649e-01,4.06582712e+03,3.50100930e-01,7.12503132e-01,7.12503132e-01,6.91397675e-02,2.76559070e-01,5.26553991e-08,6.31864789e-07,2.63120361e-12,3.42056469e-11,2.13673234e-05,2.77775205e-04,2.78732175e-08,3.90225044e-07,1.21120147e-15,1.81680221e-14,1.69477188e-04,2.37268064e-03,5.93438797e-05,8.90158196e-04,3.46453138e-04,5.54325021e-03,6.56700167e-13,1.11639028e-11,3.31080890e-25,5.95945601e-24,1.55672400e-05,2.64643079e-04,2.76025591e-14,4.96846064e-13,7.17611370e-05,1.43522274e-03
3.20823125e-04,4.48093154e-01,4.06581365e+03,3.42390787e-01,7.12498116e-01,7.12498116e-01,6.91397813e-02,2.76559125e-01,2.78159025e-08,3.33790830e-07,1.20477606e-12,1.56620888e-11,1.75256473e-05,2.27833415e-04,1.53224234e-08,2.14513927e-07,1.21147653e-15,1.81721480e-14,1.73343506e-04,2.42680909e-03,5.93564658e-05,8.90346987e-04,3.45266067e-04,5.52425707e-03,7.07054608e-13,1.20199283e-11,3.80654889e-25,6.85178801e-24,1.67441840e-05,2.84651128e-04,3.17964542e-14,5.72336175e-13,7.17611371e-05,1.43522274e-03
3.45817620e-04,4.48092621e-01,4.06579913e+03,3.35875309e-01,7.12493506e-01,7.12493506e-01,6.91397955e-02,2.76559182e-01,1.39847251e-08,1.67816701e-07,6.39806713e-13,8.31748726e-12,1.41473820e-05,1.83915966e-04,8.05616708e-09,1.12786339e-07,1.21164586e-15,1.81746879e-14,1.76735422e-04,2.47429590e-03,5.93637703e-05,8.90456554e-04,3.43991320e-04,5.50386111e-03,7.61091705e-13,1.29385590e-11,4.39560805e-25,7.91209449e-24,1.80071447e-05,3.06121459e-04,3.67423013e-14,6.61361423e-13,7.17611372e-05,1.43522274e-03
3.72759372e-04,4.48092046e-01,4.06578349e+03,3.30433166e-01,7.12489279e-01,7.12489279e-01,6.91398100e-02,2.76559240e-01,6.66776442e-09,8.00131731e-08,4.01340684e-13,5.21742889e-12,1.12273510e-05,1.45955564e-04,4.04786117e-09,5.66700564e-08,1.21174986e-15,1.81762480e-14,1.79662605e-04,2.51527646e-03,5.93678207e-05,8.90517310e-04,3.42622827e-04,5.48196523e-03,8.19060015e-13,1.39240203e-11,5.08622493e-25,9.15520487e-24,1.93619329e-05,3.29152859e-04,4.25248189e-14,7.65446740e-13,7.17611373e-05,1.43522275e-03
4.01800086e-04,4.48091426e-01,4.06576662e+03,3.25946045e-01,7.12485405e-01,7.12485405e-01,6.91398247e-02,2.76559299e-01,3.00473836e-09,3.60568603e-08,2.81780399e-13,3.66314519e-12,8.74881087e-06,1.13734541e-04,1.94905750e-09,2.72868049e-08,1.21181578e-15,1.81772367e-14,1.82144658e-04,2.55002521e-03,5.93699660e-05,8.90549491e-04,3.41154165e-04,5.45846664e-03,8.81221915e-13,1.49807726e-11,5.89067239e-25,1.06032103e-23,2.08146745e-05,3.53849467e-04,4.92536349e-14,8.86565428e-13,7.17611374e-05,1.43522275e-03
4.33103286e-04,4.48090758e-01,4.06574844e+03,3.22299474e-01,7.12481846e-01,7.12481846e-01,6.91398396e-02,2.76559359e-01,1.27676397e-09,1.53211677e-08,2.07183499e-13,2.69338548e-12,6.68513231e-06,8.69067201e-05,9.10278159e-10,1.27438942e-08,1.21186095e-15,1.81779142e-14,1.84209928e-04,2.57893899e-03,5.93710563e-05,8.90565844e-04,3.39578545e-04,5.43325671e-03,9.47853644e-13,1.61135120e-11,6.82474949e-25,1.22845491e-23,2.23718147e-05,3.80320850e-04,5.70637348e-14,1.02714723e-12,7.17611375e-05,1.43522275e-03
4.66845237e-04,4.48090039e-01,4.06572884e+03,3.19383540e-01,7.12478557e-01,7.12478557e-01,6.91398546e-02,2.76559419e-01,5.12173774e-10,6.14608529e-09,1.53105029e-13,1.99036537e-12,5.00177280e-06,6.50230464e-05,4.26610427e-10,5.97254598e-09,1.21189580e-15,1.81784371e-14,1.85893927e-04,2.60251498e-03,5.93715968e-05,8.90573953e-04,3.37888803e-04,5.40622085e-03,1.01924531e-12,1.73271702e-11,7.90763952e-25,1.42337511e-23,2.40401187e-05,4.08682018e-04,6.61165773e-14,1.19009839e-12,7.17611377e-05,1.43522275e-03
5.03215936e-04,4.48089262e-01,4.06570771e+03,3.17093624e-01,7.12475490e-01,7.12475490e-01,6.91398696e-02,2.76559478e-01,1.96412919e-10,2.35695502e-09,1.11590862e-13,1.45068120e-12,3.65845008e-06,4.75598510e-05,2.15978041e-10,3.02369257e-09,1.21192629e-15,1.81788943e-14,1.87237451e-04,2.62132431e-03,5.93718703e-05,8.90578054e-04,3.36077398e-04,5.37723837e-03,1.09570077e-12,1.86269130e-11,9.16201446e-25,1.64916260e-23,2.58266703e-05,4.39053395e-04,7.66020209e-14,1.37883638e-12,7.17611379e-05,1.43522276e-03
5.42420181e-04,4.48088426e-01,4.06568494e+03,3.15331230e-01,7.12472589e-01,7.12472589e-01,6.91398844e-02,2.76559538e-01,7.53618158e-11,9.04341790e-10,7.95839282e-14,1.03459107e-12,2.61141379e-06,3.39483793e-05,1.30885399e-10,1.83239558e-09,1.21195562e-15,1.81793343e-14,1.88284501e-04,2.63598302e-03,5.93720247e-05,8.90580370e-04,3.34136405e-04,5.34618248e-03,1.17753741e-12,2.00181360e-11,1.06143168e-24,1.91057703e-23,2.77388655e-05,4.71560714e-04,8.87411288e-14,1.59734032e-12,7.17611381e-05,1.43522276e-03
5.84678728e-04,4.48087524e-01,4.06566040e+03,3.14004922e-01,7.12469803e-01,7.12469803e-01,6.91398989e-02,2.76559596e-01,3.25488043e-11,3.90585652e-10,5.53244529e-14,7.19217887e-13,1.81569460e-06,2.36040298e-05,9.94779347e-11,1.39269109e-09,1.21198548e-15,1.81797822e-14,1.89080161e-04,2.64712226e-03,5.93721326e-05,8.90581989e-04,3.32057516e-04,5.31292025e-03,1.26508572e-12,2.15064572e-11,1.22951810e-24,2.21313258e-23,2.97844025e-05,5.06334842e-04,1.02789864e-13,1.85021756e-12,7.17611383e-05,1.43522277e-03
6.30229527e-04,4.48086552e-01,4.06563394e+03,3.13031298e-01,7.12467076e-01,7.12467076e-01,6.91399130e-02,2.76559652e-01,1.86924602e-11,2.24309523e-10,3.73926100e-14,4.86103931e-13,1.22719973e-06,1.59535965e-05,8.93074530e-11,1.25030434e-09,1.21201677e-15,1.81802516e-14,1.89668572e-04,2.65536001e-03,5.93722272e-05,8.90583408e-04,3.29832044e-04,5.27731271e-03,1.35868857e-12,2.30977056e-11,1.42399739e-24,2.56319531e-23,3.19712649e-05,5.43511503e-04,1.19043670e-13,2.14278606e-12,7.17611386e-05,1.43522277e-03
6.79329072e-04,4.48085505e-01,4.06560543e+03,3.12335923e-01,7.12464357e-01,7.12464357e-01,6.91399264e-02,2.76559706e-01,1.46531741e-11,1.75838089e-10,2.45143598e-14,3.18686678e-13,8.04525182e-07,1.04588274e-05,8.68681647e-11,1.21615431e-09,1.21205001e-15,1.81807501e-14,1.90091153e-04,2.66127615e-03,5.93723229e-05,8.90584844e-04,3.27450935e-04,5.23921496e-03,1.45870032e-12,2.47979054e-11,1.64894467e-24,2.96810041e-23,3.43076995e-05,5.83230892e-04,1.37842926e-13,2.48117267e-12,7.17611389e-05,1.43522278e-03
7.32253834e-04,4.48084375e-01,4.06557469e+03,3.11854053e-01,7.12461599e-01,7.12461599e-01,6.91399390e-02,2.76559756e-01,1.36511748e-11,1.63814097e-10,1.55518281e-14,2.02173765e-13,5.10373609e-07,6.63485692e-06,8.70132801e-11,1.21818592e-09,1.21208555e-15,1.81812833e-14,1.90385208e-04,2.66539291e-03,5.93724259e-05,8.90586389e-04,3.24904776e-04,5.19847641e-03,1.56548553e-12,2.66132541e-11,1.90904948e-24,3.43628907e-23,3.68021862e-05,6.25637166e-04,1.59579298e-13,2.87242736e-12,7.17611392e-05,1.43522278e-03
7.89301826e-04,4.48083158e-01,4.06554155e+03,3.11531032e-01,7.12458758e-01,7.12458758e-01,6.91399506e-02,2.76559802e-01,1.35123878e-11,1.62148653e-10,9.52268415e-15,1.23794894e-13,3.12503270e-07,4.06254250e-06,8.79630020e-11,1.23148203e-09,1.21212369e-15,1.81818553e-14,1.90582978e-04,2.66816169e-03,5.93725392e-05,8.90588088e-04,3.22183823e-04,5.15494117e-03,1.67941733e-12,2.85500946e-11,2.20970317e-24,3.97746570e-23,3.94633982e-05,6.70877769e-04,1.84703022e-13,3.32465440e-12,7.17611396e-05,1.43522279e-03
8.50794280e-04,4.48081846e-01,4.06550584e+03,3.11322245e-01,7.12455795e-01,7.12455795e-01,6.91399609e-02,2.76559844e-01,1.36127670e-11,1.63353204e-10,5.61259858e-15,7.29637816e-14,1.84183230e-07,2.39438199e-06,8.91672916e-11,1.24834208e-09,1.21216470e-15,1.81824706e-14,1.90711194e-04,2.66995671e-03,5.93726647e-05,8.90589971e-04,3.19278028e-04,5.10844845e-03,1.80087530e-12,3.06148801e-11,2.55709818e-24,4.60277673e-23,4.23001532e-05,7.19102605e-04,2.13731192e-13,3.84716146e-12,7.17611400e-05,1.43522280e-03
9.17077451e-04,4.48080432e-01,4.06546734e+03,3.11192616e-01,7.12452678e-01,7.12452678e-01,6.91399698e-02,2.76559879e-01,1.37966709e-11,1.65560051e-10,3.17482435e-15,4.12727165e-14,1.04184373e-07,1.35439684e-06,9.04799290e-11,1.26671901e-09,1.21220888e-15,1.81831331e-14,1.90791082e-04,2.67107515e-03,5.93728042e-05,8.90592064e-04,3.16177079e-04,5.05883326e-03,1.93024295e-12,3.28141302e-11,2.95834055e-24,5.32501300e-23,4.53213524e-05,7.70462990e-04,2.47257127e-13,4.45062828e-12,7.17611405e-05,1.43522281e-03
9.88524571e-04,4.48078907e-01,4.06542585e+03,3.11115674e-01,7.12449378e-01,7.12449378e-01,6.91399770e-02,2.76559908e-01,1.40353049e-11,1.68423659e-10,1.71817867e-15,2.23363227e-14,5.63847141e-08,7.33001283e-07,9.18722610e-11,1.28621165e-09,1.21225650e-15,1.81838474e-14,1.90838766e-04,2.67174272e-03,5.93729597e-05,8.90594395e-04,3.12870446e-04,5.00592714e-03,2.06790456e-12,3.51543776e-11,3.42157662e-24,6.15883791e-23,4.85359057e-05,8.25110397e-04,2.85960935e-13,5.14729684e-12,7.17611411e-05,1.43522282e-03
1.06553795e-03,4.48077264e-01,4.06538112e+03,3.11072311e-01,7.12445870e-01,7.12445870e-01,6.91399822e-02,2.76559929e-01,1.43313142e-11,1.71975771e-10,8.86718749e-16,1.15273437e-14,2.91018087e-08,3.78323514e-07,9.33449623e-11,1.30682947e-09,1.21230787e-15,1.81846180e-14,1.90865924e-04,2.67212294e-03,5.93731332e-05,8.90596998e-04,3.09347446e-04,4.94955914e-03,2.21424140e-12,3.76421039e-11,3.95613548e-24,7.12104386e-23,5.19526431e-05,8.83194932e-04,3.30621387e-13,5.95118497e-12,7.17611417e-05,1.43522283e-03
1.14855124e-03,4.48075493e-01,4.06533291e+03,3.11049385e-01,7.12442133e-01,7.12442133e-01,6.91399851e-02,2.76559941e-01,1.46955520e-11,1.76346624e-10,4.34947327e-16,5.65431526e-15,1.42785726e-08,1.85621443e-07,9.49041767e-11,1.32865847e-09,1.21236331e-15,1.81854497e-14,1.90880615e-04,2.67232861e-03,5.93733275e-05,8.90599912e-04,3.05597316e-04,4.88955705e-03,2.36962726e-12,4.02836635e-11,4.57268838e-24,8.23083909e-23,5.55802081e-05,9.44863538e-04,3.82129185e-13,6.87832533e-12,7.17611424e-05,1.43522285e-03
1.23803188e-03,4.48073584e-01,4.06528094e+03,3.11038311e-01,7.12438147e-01,7.12438147e-01,6.91399856e-02,2.76559943e-01,1.51423908e-11,1.81708690e-10,2.02179965e-16,2.62833954e-15,6.64171494e-09,8.63422942e-08,9.65560598e-11,1.35178484e-09,1.21242319e-15,1.81863478e-14,1.90888111e-04,2.67243355e-03,5.93735455e-05,8.90603183e-04,3.01609299e-04,4.82574879e-03,2.53442316e-12,4.30851937e-11,5.28342700e-24,9.51016860e-23,5.94269334e-05,1.01025787e-03,4.41501808e-13,7.94703255e-12,7.17611432e-05,1.43522286e-03
1.33448373e-03,4.48071526e-01,4.06522493e+03,3.11033785e-01,7.12433896e-01,7.12433896e-01,6.91399834e-02,2.76559933e-01,1.56891984e-11,1.88270380e-10,8.89289259e-17,1.15607604e-15,2.92646716e-09,3.80440730e-08,9.83058786e-11,1.37628230e-09,1.21248787e-15,1.81873180e-14,1.90891675e-04,2.67248345e-03,5.93737908e-05,8.90606862e-04,2.97372759e-04,4.75796415e-03,2.70897117e-12,4.60525099e-11,6.10226140e-24,1.09840705e-22,6.35006947e-05,1.07951181e-03,5.09899990e-13,9.17819983e-12,7.17611442e-05,1.43522288e-03
1.43844989e-03,4.48069307e-01,4.06516455e+03,3.11032726e-01,7.12429363e-01,7.12429363e-01,6.91399781e-02,2.76559912e-01,1.63566529e-11,1.96279835e-10,3.71365435e-17,4.82775066e-16,1.22774065e-09,1.59606285e-08,1.00158034e-10,1.40221247e-09,1.21255775e-15,1.81883663e-14,1.90893213e-04,2.67250498e-03,5.93740676e-05,8.90611015e-04,2.92877297e-04,4.68603676e-03,2.89358734e-12,4.91909847e-11,7.04503934e-24,1.26810708e-22,6.78087437e-05,1.15274864e-03,5.88645962e-13,1.05956273e-11,7.17611452e-05,1.43522290e-03
1.55051578e-03,4.48066916e-01,4.06509947e+03,3.11033460e-01,7.12424533e-01,7.12424533e-01,6.91399695e-02,2.76559878e-01,1.71692393e-11,2.06030871e-10,1.49946152e-17,1.94929997e-16,5.01863624e-10,6.52422711e-09,1.02116183e-10,1.42962656e-09,1.21263330e-15,1.81894995e-14,1.90893768e-04,2.67251275e-03,5.93743809e-05,8.90615714e-04,2.88112899e-04,4.60980639e-03,3.08855350e-12,5.25054094e-11,8.12978803e-24,1.46336184e-22,7.23575156e-05,1.23007776e-03,6.79243553e-13,1.22263839e-11,7.17611464e-05,1.43522293e-03
1.67131243e-03,4.48064339e-01,4.06502932e+03,3.11035147e-01,7.12419392e-01,7.12419392e-01,6.91399575e-02,2.76559830e-01,1.81558140e-11,2.17869768e-10,6.21287849e-18,8.07674204e-17,2.14375408e-10,2.78688031e-09,1.04183308e-10,1.45856632e-09,1.21271499e-15,1.81907249e-14,1.90893874e-04,2.67251424e-03,5.93747365e-05,8.90621047e-04,2.83070103e-04,4.52912165e-03,3.29410799e-12,5.59998359e-11,9.37697951e-24,1.68785631e-22,7.71524102e-05,1.31159097e-03,7.83400245e-13,1.41012044e-11,7.17611478e-05,1.43522296e-03
1.80152004e-03,4.48061561e-01,4.06495371e+03,3.11037407e-01,7.12413926e-01,7.12413926e-01,6.91399417e-02,2.76559767e-01,1.93502193e-11,2.32202632e-10,3.02939914e-18,3.93821888e-17,1.10647986e-10,1.43842381e-09,1.06361721e-10,1.48906410e-09,1.21280337e-15,1.81920505e-14,1.90893786e-04,2.67251301e-03,5.93751413e-05,8.90627119e-04,2.77740186e-04,4.44384297e-03,3.51043526e-12,5.96773994e-11,1.08098198e-23,1.94576756e-22,8.21975471e-05,1.39735830e-03,9.03051183e-13,1.62549213e-11,7.17611494e-05,1.43522299e-03
1.94187178e-03,4.48058566e-01,4.06487221e+03,3.11040100e-01,7.12408120e-01,7.12408120e-01,6.91399219e-02,2.76559688e-01,2.07919367e-11,2.49503241e-10,2.02148025e-18,2.62792432e-17,7.84237877e-11,1.01950924e-09,1.08653001e-10,1.52114202e-09,1.21289902e-15,1.81934853e-14,1.90893617e-04,2.67251064e-03,5.93756035e-05,8.90634053e-04,2.72115377e-04,4.35384603e-03,3.73765415e-12,6.35401206e-11,1.24545616e-23,2.24182109e-22,8.74954912e-05,1.48742335e-03,1.04038513e-12,1.87269324e-11,7.17611512e-05,1.43522302e-03
2.09315797e-03,4.48055338e-01,4.06478436e+03,3.11043202e-01,7.12401961e-01,7.12401961e-01,6.91398980e-02,2.76559592e-01,2.25267685e-11,2.70321222e-10,1.80102992e-18,2.34133889e-17,7.21973375e-11,9.38565387e-10,1.11057897e-10,1.55481056e-09,1.21300260e-15,1.81950389e-14,1.90893413e-04,2.67250778e-03,5.93761329e-05,8.90641994e-04,2.66189096e-04,4.25902554e-03,3.97580505e-12,6.75886858e-11,1.43408417e-23,2.58135151e-22,9.30469492e-05,1.58179814e-03,1.19787243e-12,2.15617038e-11,7.17611532e-05,1.43522306e-03
2.25623046e-03,4.48051859e-01,4.06468966e+03,3.11046745e-01,7.12395438e-01,7.12395438e-01,6.91398699e-02,2.76559479e-01,2.46075286e-11,2.95290343e-10,1.85472445e-18,2.41114179e-17,7.51628745e-11,9.77117368e-10,1.13576197e-10,1.59006675e-09,1.21311482e-15,1.81967224e-14,1.90893191e-04,2.67250468e-03,5.93767411e-05,8.90651117e-04,2.59956213e-04,4.15929941e-03,4.22483570e-12,7.18222069e-11,1.65020391e-23,2.97036703e-22,9.88504389e-05,1.68045746e-03,1.37829467e-12,2.48093040e-11,7.17611555e-05,1.43522311e-03
2.43200751e-03,4.48048109e-01,4.06458760e+03,3.11050788e-01,7.12388538e-01,7.12388538e-01,6.91398373e-02,2.76559349e-01,2.70947182e-11,3.25136619e-10,2.01235724e-18,2.61606442e-17,8.17735592e-11,1.06305627e-09,1.16206569e-10,1.62689197e-09,1.21323651e-15,1.81985476e-14,1.90892960e-04,2.67250145e-03,5.93774420e-05,8.90661629e-04,2.53413332e-04,4.05461331e-03,4.48458604e-12,7.62379626e-11,1.89756518e-23,3.41561732e-22,1.04901932e-04,1.78333284e-03,1.58477585e-12,2.85259654e-11,7.17611581e-05,1.43522316e-03
2.62147890e-03,4.48044066e-01,4.06447758e+03,3.11055412e-01,7.12381252e-01,7.12381252e-01,6.91398002e-02,2.76559201e-01,3.00571621e-11,3.60685945e-10,2.22596764e-18,2.89375794e-17,9.04967053e-11,1.17645717e-09,1.18946397e-10,1.66524956e-09,1.21336854e-15,1.82005281e-14,1.90892724e-04,2.67249814e-03,5.93782519e-05,8.90673778e-04,2.46559102e-04,3.94494563e-03,4.75477159e-12,8.08311170e-11,2.18036939e-23,3.92466490e-22,1.11194464e-04,1.89030589e-03,1.82081520e-12,3.27746736e-11,7.17611611e-05,1.43522322e-03
2.82571150e-03,4.48039709e-01,4.06435900e+03,3.11060712e-01,7.12373570e-01,7.12373570e-01,6.91397586e-02,2.76559034e-01,3.35725475e-11,4.02870570e-10,2.48716233e-18,3.23331102e-17,1.01102285e-10,1.31432971e-09,1.21791592e-10,1.70508229e-09,1.21351193e-15,1.82026789e-14,1.90892486e-04,2.67249481e-03,5.93791905e-05,8.90687857e-04,2.39394538e-04,3.83031261e-03,5.03496649e-12,8.55944303e-11,2.50330950e-23,4.50595710e-22,1.17717742e-04,2.00120161e-03,2.09032003e-12,3.76257606e-11,7.17611645e-05,1.43522329e-03
3.04585534e-03,4.48035012e-01,4.06423118e+03,3.11066803e-01,7.12365486e-01,7.12365486e-01,6.91397125e-02,2.76558850e-01,3.77278466e-11,4.52734159e-10,2.79940744e-18,3.63922967e-17,1.13754450e-10,1.47880785e-09,1.24736408e-10,1.74630971e-09,1.21366778e-15,1.82050167e-14,1.90892252e-04,2.67249153e-03,5.93802813e-05,8.90704220e-04,2.31923366e-04,3.71077386e-03,5.32458525e-12,9.05179492e-11,2.87161118e-23,5.16890012e-22,1.24457712e-04,2.11578110e-03,2.39763967e-12,4.31575141e-11,7.17611683e-05,1.43522337e-03
3.28315001e-03,4.48029949e-01,4.06409341e+03,3.11073822e-01,7.12356993e-01,7.12356993e-01,6.91396618e-02,2.76558647e-01,4.26195351e-11,5.11434421e-10,3.16977200e-18,4.12070359e-17,1.28740863e-10,1.67363122e-09,1.27773242e-10,1.78882539e-09,1.21383737e-15,1.82075606e-14,1.90892027e-04,2.67248838e-03,5.93815523e-05,8.90723284e-04,2.24152371e-04,3.58643794e-03,5.62286465e-12,9.55886991e-11,3.29107259e-23,5.92393065e-22,1.31396142e-04,2.23373442e-03,2.74759798e-12,4.94567637e-11,7.17611727e-05,1.43522345e-03
3.53893170e-03,4.48024492e-01,4.06394491e+03,3.11081930e-01,7.12348091e-01,7.12348091e-01,6.91396068e-02,2.76558427e-01,4.83535631e-11,5.80242757e-10,3.60675029e-18,4.68877538e-17,1.46401234e-10,1.90321604e-09,1.30892455e-10,1.83249438e-09,1.21402212e-15,1.82103317e-14,1.90891821e-04,2.67248549e-03,5.93830369e-05,8.90745553e-04,2.16091745e-04,3.45746792e-03,5.92884554e-12,1.00790374e-10,3.76810266e-23,6.78258478e-22,1.38510197e-04,2.35467335e-03,3.14552465e-12,5.66194436e-11,7.17611776e-05,1.43522355e-03
3.81464066e-03,4.48018610e-01,4.06378484e+03,3.11091319e-01,7.12338777e-01,7.12338777e-01,6.91395476e-02,2.76558190e-01,5.50449975e-11,6.60539970e-10,4.11973465e-18,5.35565504e-17,1.67109755e-10,2.17242681e-09,1.34082183e-10,1.87715056e-09,1.21422362e-15,1.82133543e-14,1.90891644e-04,2.67248301e-03,5.93847750e-05,8.90771625e-04,2.07755431e-04,3.32408689e-03,6.24135531e-12,1.06103040e-10,4.30975601e-23,7.75756081e-22,1.45772031e-04,2.47812452e-03,3.59728340e-12,6.47511013e-11,7.17611832e-05,1.43522366e-03
4.11182940e-03,4.48012270e-01,4.06361232e+03,3.11102214e-01,7.12329055e-01,7.12329055e-01,6.91394843e-02,2.76557937e-01,6.28172618e-11,7.53807142e-10,4.71885762e-18,6.13451491e-17,1.91269407e-10,2.48650229e-09,1.37328173e-10,1.92259442e-09,1.21444371e-15,1.82166557e-14,1.90891510e-04,2.67248114e-03,5.93868142e-05,8.90802213e-04,1.99161440e-04,3.18658304e-03,6.55899172e-12,1.11502859e-10,4.92376265e-23,8.86277276e-22,1.53148413e-04,2.60352303e-03,4.10929587e-12,7.39673256e-11,7.17611894e-05,1.43522379e-03
4.43217134e-03,4.48005436e-01,4.06342636e+03,3.11114885e-01,7.12318929e-01,7.12318929e-01,6.91394172e-02,2.76557669e-01,7.18009101e-11,8.61610921e-10,5.41487989e-18,7.03934386e-17,2.19307478e-10,2.85099721e-09,1.40613649e-10,1.96859108e-09,1.21468446e-15,1.82202669e-14,1.90891438e-04,2.67248013e-03,5.93892115e-05,8.90838172e-04,1.90332140e-04,3.04531424e-03,6.88010880e-12,1.16961850e-10,5.61855092e-23,1.01133917e-21,1.60600408e-04,2.73020694e-03,4.68855946e-12,8.43940703e-11,7.17611965e-05,1.43522393e-03
4.77747029e-03,4.47998069e-01,4.06322592e+03,3.11129650e-01,7.12308409e-01,7.12308409e-01,6.91393467e-02,2.76557387e-01,8.21318265e-11,9.85581918e-10,6.21904572e-18,8.08475943e-17,2.51669665e-10,3.27170565e-09,1.43919204e-10,2.01486885e-09,1.21494824e-15,1.82242236e-14,1.90891449e-04,2.67248028e-03,5.93920345e-05,8.90880517e-04,1.81294476e-04,2.90071162e-03,7.20280601e-12,1.22447702e-10,6.40325986e-23,1.15258678e-21,1.68083125e-04,2.85741312e-03,5.34265636e-12,9.61678146e-11,7.17612044e-05,1.43522409e-03
5.14967058e-03,4.47990129e-01,4.06300988e+03,3.11146887e-01,7.12297507e-01,7.12297507e-01,6.91392731e-02,2.76557092e-01,9.39488328e-11,1.12738599e-09,7.14289184e-18,9.28575939e-17,2.88812300e-10,3.75455990e-09,1.47222745e-10,2.06111843e-09,1.21523775e-15,1.82285662e-14,1.90891571e-04,2.67248200e-03,5.93953639e-05,8.90930459e-04,1.72080136e-04,2.75328218e-03,7.52492123e-12,1.27923661e-10,7.28774045e-23,1.31179328e-21,1.75545566e-04,2.98427462e-03,6.07975297e-12,1.09435553e-10,7.17612133e-05,1.43522427e-03
5.55086803e-03,4.47981571e-01,4.06277702e+03,3.11167041e-01,7.12286238e-01,7.12286238e-01,6.91391967e-02,2.76556787e-01,1.07390636e-10,1.28868763e-09,8.19800270e-18,1.06574035e-16,3.31192411e-10,4.30550135e-09,1.50499495e-10,2.10699292e-09,1.21555608e-15,1.82333412e-14,1.90891840e-04,2.67248576e-03,5.93992959e-05,8.90989439e-04,1.62725608e-04,2.60360972e-03,7.84402932e-12,1.33348498e-10,8.28254056e-23,1.49085730e-21,1.82930603e-04,3.10982026e-03,6.90858549e-12,1.24354539e-10,7.17612233e-05,1.43522447e-03
5.98332173e-03,4.47972345e-01,4.06252603e+03,3.11190642e-01,7.12274622e-01,7.12274622e-01,6.91391182e-02,2.76556473e-01,1.22592089e-10,1.47110506e-09,9.39570887e-18,1.22144215e-16,3.79255527e-10,4.93032185e-09,1.53722061e-10,2.15210885e-09,1.21590680e-15,1.82386020e-14,1.90892297e-04,2.67249216e-03,5.94039444e-05,8.91059166e-04,1.53272126e-04,2.45235401e-03,8.15744713e-12,1.38676601e-10,9.39887180e-23,1.69179692e-21,1.90175110e-04,3.23297688e-03,7.83843024e-12,1.41091744e-10,7.17612345e-05,1.43522469e-03
6.44946677e-03,4.47962402e-01,4.06225551e+03,3.11218316e-01,7.12262680e-01,7.12262680e-01,6.91390379e-02,2.76556151e-01,1.39679792e-10,1.67615750e-09,1.07467309e-17,1.39707501e-16,4.33421292e-10,5.63447679e-09,1.56860593e-10,2.19604831e-09,1.21629398e-15,1.82444098e-14,1.90892994e-04,2.67250191e-03,5.94094448e-05,8.91141673e-04,1.43765477e-04,2.30024763e-03,8.46224626e-12,1.43858186e-10,1.06485544e-22,1.91673979e-21,1.97210275e-04,3.35257467e-03,8.87905519e-12,1.59822993e-10,7.17612470e-05,1.43522494e-03
6.95192796e-03,4.47951684e-01,4.06196393e+03,3.11250801e-01,7.12250439e-01,7.12250439e-01,6.91389564e-02,2.76555826e-01,1.58767065e-10,1.90520478e-09,1.22607712e-17,1.59390025e-16,4.94067026e-10,6.42287134e-09,1.59883033e-10,2.23836246e-09,1.21672234e-15,1.82508351e-14,1.90893991e-04,2.67251587e-03,5.94159574e-05,8.91239361e-04,1.34255642e-04,2.14809028e-03,8.75527495e-12,1.48839674e-10,1.20439367e-22,2.16790861e-21,2.03962128e-04,3.46735617e-03,1.00406504e-11,1.80731707e-10,7.17612608e-05,1.43522522e-03
7.49353460e-03,4.47940131e-01,4.06164966e+03,3.11288970e-01,7.12237927e-01,7.12237927e-01,6.91388744e-02,2.76555498e-01,1.79948401e-10,2.15938081e-09,1.39460625e-17,1.81298813e-16,5.61509563e-10,7.29962431e-09,1.62755462e-10,2.27857647e-09,1.21719727e-15,1.82579591e-14,1.90895362e-04,2.67253507e-03,5.94236714e-05,8.91355071e-04,1.24796261e-04,1.99674018e-03,9.03319003e-12,1.53564231e-10,1.35977871e-22,2.44760168e-21,2.10352311e-04,3.57598928e-03,1.13337346e-11,2.04007223e-10,7.17612762e-05,1.43522552e-03
8.07733640e-03,4.47927678e-01,4.06131093e+03,3.11333850e-01,7.12225176e-01,7.12225176e-01,6.91387925e-02,2.76555170e-01,2.03293516e-10,2.43952219e-09,1.58088831e-17,2.05515481e-16,6.35985780e-10,8.26781514e-09,1.65442564e-10,2.31619589e-09,1.21772502e-15,1.82658752e-14,1.90897195e-04,2.67256072e-03,5.94328101e-05,8.91492151e-04,1.15443896e-04,1.84710234e-03,9.29249991e-12,1.57972498e-10,1.53231541e-22,2.75816773e-21,2.16299100e-04,3.67708470e-03,1.27690355e-11,2.29842640e-10,7.17612933e-05,1.43522587e-03
8.70662068e-03,4.47914256e-01,4.06094584e+03,3.11386652e-01,7.12212219e-01,7.12212219e-01,6.91387114e-02,2.76554846e-01,2.28841197e-10,2.74609436e-09,1.78530536e-17,2.32089697e-16,7.17632457e-10,9.32922194e-09,1.67908198e-10,2.35071477e-09,1.21831275e-15,1.82746912e-14,1.90899589e-04,2.67259424e-03,5.94436361e-05,8.91654541e-04,1.06257093e-04,1.70011349e-03,9.52961904e-12,1.62003524e-10,1.72331945e-22,3.10197502e-21,2.21718702e-04,3.76921794e-03,1.43573431e-11,2.58432176e-10,7.17613121e-05,1.43522624e-03
9.38493086e-03,4.47899788e-01,4.06055235e+03,3.11448795e-01,7.12199089e-01,7.12199089e-01,6.91386318e-02,2.76554527e-01,2.56593154e-10,3.07911785e-09,2.00794342e-17,2.61032644e-16,8.06466164e-10,1.04840601e-08,1.70116083e-10,2.38162516e-09,1.21896873e-15,1.82845309e-14,1.90902663e-04,2.67263728e-03,5.94564572e-05,8.91846858e-04,9.72952440e-05,1.55672390e-03,9.74093394e-12,1.65595877e-10,1.93409678e-22,3.48137420e-21,2.26526819e-04,3.85095592e-03,1.61093338e-11,2.89968008e-10,7.17613328e-05,1.43522666e-03
1.01160864e-02,4.47884194e-01,4.06012824e+03,3.11521945e-01,7.12185821e-01,7.12185821e-01,6.91385546e-02,2.76554218e-01,2.86508143e-10,3.43809772e-09,2.24854417e-17,2.92310743e-16,9.02364039e-10,1.17307325e-08,1.72030580e-10,2.40842813e-09,1.21970246e-15,1.82955369e-14,1.90906552e-04,2.67269172e-03,5.94716338e-05,8.92074507e-04,8.86172579e-05,1.41787613e-03,9.92288020e-12,1.68688963e-10,2.16591965e-22,3.89865536e-21,2.30640463e-04,3.92088787e-03,1.80353674e-11,3.24636613e-10,7.17613555e-05,1.43522711e-03
1.09042044e-02,4.47867385e-01,4.05967115e+03,3.11608048e-01,7.12172450e-01,7.12172450e-01,6.91384805e-02,2.76553922e-01,3.18496630e-10,3.82195956e-09,2.50646109e-17,3.25839941e-16,1.00504636e-09,1.30656027e-08,1.73617567e-10,2.43064594e-09,1.22052487e-15,1.83078730e-14,1.90911410e-04,2.67275974e-03,5.94895859e-05,8.92343788e-04,8.02800711e-05,1.28448114e-03,1.00720290e-11,1.71224493e-10,2.41999964e-22,4.35599935e-21,2.33980005e-04,3.97766009e-03,2.01452575e-11,3.62614634e-10,7.17613803e-05,1.43522761e-03
1.17537227e-02,4.47849268e-01,4.05917849e+03,3.11709374e-01,7.12159006e-01,7.12159006e-01,6.91384104e-02,2.76553641e-01,3.52416293e-10,4.22899552e-09,2.78062211e-17,3.61480874e-16,1.11406187e-09,1.44828043e-08,1.74845369e-10,2.44783517e-09,1.22144846e-15,1.83217269e-14,1.90917412e-04,2.67284377e-03,5.95108014e-05,8.92662021e-04,7.23370436e-05,1.15739270e-03,1.01851810e-11,1.73148078e-10,2.69745787e-22,4.85542417e-21,2.36471382e-04,4.02001350e-03,2.24480187e-11,4.04064336e-10,7.17614074e-05,1.43522815e-03
1.26694246e-02,4.47829740e-01,4.05864753e+03,3.11828563e-01,7.12145520e-01,7.12145520e-01,6.91383451e-02,2.76553381e-01,3.88068659e-10,4.65682391e-09,3.06950144e-17,3.99035188e-16,1.22877679e-09,1.59740982e-08,1.75685729e-10,2.45960021e-09,1.22248759e-15,1.83373139e-14,1.90924752e-04,2.67294653e-03,5.95358458e-05,8.93037687e-04,6.48362974e-05,1.03738076e-03,1.02594651e-11,1.74410907e-10,2.99929310e-22,5.39872757e-21,2.38048406e-04,4.04682290e-03,2.49515966e-11,4.49128738e-10,7.17614367e-05,1.43522873e-03
1.36564666e-02,4.47808692e-01,4.05807528e+03,3.11968675e-01,7.12132017e-01,7.12132017e-01,6.91382858e-02,2.76553143e-01,4.25197159e-10,5.10236591e-09,3.37110267e-17,4.38243347e-16,1.34836849e-09,1.75287904e-08,1.76114766e-10,2.46560672e-09,1.22365864e-15,1.83548796e-14,1.90933645e-04,2.67307104e-03,5.95653713e-05,8.93480570e-04,5.78190886e-05,9.25105417e-04,1.02924361e-11,1.74971413e-10,3.32634849e-22,5.98742728e-21,2.38655068e-04,4.05713616e-03,2.76625866e-11,4.97926559e-10,7.17614684e-05,1.43522937e-03
1.47204064e-02,4.47786005e-01,4.05745853e+03,3.12133246e-01,7.12118519e-01,7.12118519e-01,6.91382332e-02,2.76552933e-01,4.63486862e-10,5.56184235e-09,3.68295526e-17,4.78784184e-16,1.47182462e-09,1.91337200e-08,1.76113887e-10,2.46559441e-09,1.22498027e-15,1.83747041e-14,1.90944328e-04,2.67322059e-03,5.96001278e-05,8.94001917e-04,5.13182733e-05,8.21092373e-04,1.02821699e-11,1.74796888e-10,3.67927799e-22,6.62270039e-21,2.38247750e-04,4.05021175e-03,3.05859490e-11,5.50547082e-10,7.17615025e-05,1.43523005e-03
1.58672350e-02,4.47761551e-01,4.05679384e+03,3.12326347e-01,7.12105042e-01,7.12105042e-01,6.91381885e-02,2.76552754e-01,5.02566157e-10,6.03079389e-09,4.00212653e-17,5.20276449e-16,1.59794851e-09,2.07733306e-08,1.75670593e-10,2.45938830e-09,1.22647372e-15,1.83971057e-14,1.90957053e-04,2.67339874e-03,5.96409737e-05,8.94614606e-04,4.53570110e-05,7.25712176e-04,1.02273477e-11,1.73864910e-10,4.05851357e-22,7.30532442e-21,2.36797182e-04,4.02555210e-03,3.37247325e-11,6.07045184e-10,7.17615391e-05,1.43523078e-03
1.71034100e-02,4.47735194e-01,4.05607749e+03,3.12552648e-01,7.12091595e-01,7.12091595e-01,6.91381527e-02,2.76552611e-01,5.42010561e-10,6.50412674e-09,4.32525068e-17,5.62282589e-16,1.72537150e-09,2.24298295e-08,1.74779143e-10,2.44690800e-09,1.22816303e-15,1.84224454e-14,1.90972093e-04,2.67360930e-03,5.96888880e-05,8.95333321e-04,3.99477634e-05,6.39164215e-04,1.01273256e-11,1.72164535e-10,4.46423437e-22,8.03562187e-21,2.34290059e-04,3.98293101e-03,3.70798135e-11,6.67436644e-10,7.17615781e-05,1.43523156e-03
1.84358922e-02,4.47706786e-01,4.05530547e+03,3.12817482e-01,7.12078184e-01,7.12078184e-01,6.91381270e-02,2.76552508e-01,5.81348924e-10,6.97618709e-09,4.64857686e-17,6.04314992e-16,1.85257301e-09,2.40834491e-08,1.73440994e-10,2.42817391e-09,1.23007538e-15,1.84511307e-14,1.90989735e-04,2.67385628e-03,5.97449822e-05,8.96174733e-04,3.50917418e-05,5.61467869e-04,9.98218292e-12,1.69697110e-10,4.89633951e-22,8.81341112e-21,2.30730140e-04,3.92241238e-03,4.06496667e-11,7.31694000e-10,7.17616195e-05,1.43523239e-03
1.98721847e-02,4.47676166e-01,4.05447347e+03,3.13126920e-01,7.12064808e-01,7.12064808e-01,6.91381125e-02,2.76552450e-01,6.20071989e-10,7.44086387e-09,4.96803606e-17,6.45844688e-16,1.97790816e-09,2.57128061e-08,1.71665028e-10,2.40331039e-09,1.23224138e-15,1.84836207e-14,1.91010274e-04,2.67414384e-03,5.98105127e-05,8.97157690e-04,3.07788080e-05,4.92460928e-04,9.79274721e-12,1.66476703e-10,5.35442495e-22,9.63796491e-21,2.26138797e-04,3.84435956e-03,4.44301696e-11,7.99743053e-10,7.17616632e-05,1.43523326e-03
2.14203749e-02,4.47643163e-01,4.05357684e+03,3.13487836e-01,7.12051462e-01,7.12051462e-01,6.91381105e-02,2.76552442e-01,6.57643513e-10,7.89172216e-09,5.27932867e-17,6.86312728e-16,2.09964370e-09,2.72953681e-08,1.69467483e-10,2.37254477e-09,1.23469536e-15,1.85204304e-14,1.91034017e-04,2.67447624e-03,5.98868937e-05,8.98303406e-04,2.69879500e-05,4.31807199e-04,9.56058980e-12,1.62530027e-10,5.83776620e-22,1.05079792e-20,2.20554884e-04,3.74943303e-03,4.84144577e-11,8.71460239e-10,7.17617093e-05,1.43523419e-03
2.30891806e-02,4.47607592e-01,4.05261058e+03,3.13907986e-01,7.12038139e-01,7.12038139e-01,6.91381225e-02,2.76552490e-01,6.93513770e-10,8.32216525e-09,5.57803124e-17,7.25144061e-16,2.21600159e-09,2.88080207e-08,1.66871615e-10,2.33620261e-09,1.23747574e-15,1.85621361e-14,1.91061267e-04,2.67485774e-03,5.99757099e-05,8.99635648e-04,2.36883063e-05,3.79012901e-04,9.28799268e-12,1.57895876e-10,6.34530728e-22,1.14215531e-20,2.14033913e-04,3.63857652e-03,5.25928311e-11,9.46670960e-10,7.17617574e-05,1.43523515e-03
2.48879987e-02,4.47569252e-01,4.05156930e+03,3.14396074e-01,7.12024828e-01,7.12024828e-01,6.91381498e-02,2.76552599e-01,7.27135195e-10,8.72562234e-09,5.85972071e-17,7.61763692e-16,2.32520952e-09,3.02277238e-08,1.63907073e-10,2.29469902e-09,1.24062531e-15,1.86093796e-14,1.91092325e-04,2.67529255e-03,6.00787283e-05,9.01180925e-04,2.08407176e-05,3.33451481e-04,8.97788687e-12,1.52624077e-10,6.87565621e-22,1.23761812e-20,2.06646574e-04,3.51299176e-03,5.69527180e-11,1.02514892e-09,7.17618076e-05,1.43523615e-03
2.68269580e-02,4.47527929e-01,4.05044719e+03,3.14961828e-01,7.12011519e-01,7.12011519e-01,6.91381941e-02,2.76552776e-01,7.57979731e-10,9.09575677e-09,6.12011301e-17,7.95614691e-16,2.42555697e-09,3.15322406e-08,1.60609043e-10,2.24852661e-09,1.24419158e-15,1.86628737e-14,1.91127480e-04,2.67578473e-03,6.01979112e-05,9.02968667e-04,1.83997153e-05,2.94395445e-04,8.63376609e-12,1.46774023e-10,7.42708736e-22,1.33687573e-20,1.98476680e-04,3.37410355e-03,6.14786952e-11,1.10661651e-09,7.17618595e-05,1.43523719e-03
2.89169765e-02,4.47483391e-01,4.04923801e+03,3.15616061e-01,7.11998206e-01,7.11998206e-01,6.91382570e-02,2.76553028e-01,7.85557162e-10,9.42668594e-09,6.35521006e-17,8.26177307e-16,2.51545442e-09,3.27009075e-08,1.57017208e-10,2.19824091e-09,1.24822712e-15,1.87234069e-14,1.91167004e-04,2.67633806e-03,6.03354264e-05,9.05031396e-04,1.63158250e-05,2.61053200e-04,8.25958124e-12,1.40412881e-10,7.99755003e-22,1.43955901e-20,1.89618658e-04,3.22351718e-03,6.61525626e-11,1.19074613e-09,7.17619130e-05,1.43523826e-03
3.11698230e-02,4.47435389e-01,4.04793504e+03,3.16370739e-01,7.11984887e-01,7.11984887e-01,6.91383405e-02,2.76553362e-01,8.09433502e-10,9.71320203e-09,6.56144836e-17,8.52988286e-16,2.59349290e-09,3.37154078e-08,1.53174584e-10,2.14444417e-09,1.25278987e-15,1.87918480e-14,1.91211141e-04,2.67695597e-03,6.04936584e-05,9.07404876e-04,1.45380096e-05,2.32608154e-04,7.85962343e-12,1.33613598e-10,8.58468289e-22,1.54524292e-20,1.80174786e-04,3.06297136e-03,7.09534672e-11,1.27716241e-09,7.17619678e-05,1.43523936e-03
3.35981829e-02,4.47383652e-01,4.04653102e+03,3.17239027e-01,7.11971564e-01,7.11971564e-01,6.91384467e-02,2.76553787e-01,8.29248292e-10,9.95097950e-09,6.73583961e-17,8.75659149e-16,2.65849999e-09,3.45604998e-08,1.49126338e-10,2.08776873e-09,1.25794343e-15,1.88691515e-14,1.91260105e-04,2.67764147e-03,6.06752170e-05,9.10128255e-04,1.30160696e-05,2.08257114e-04,7.43840409e-12,1.26452869e-10,9.18583343e-22,1.65345002e-20,1.70252358e-04,2.89429009e-03,7.58580707e-11,1.36544527e-09,7.17620236e-05,1.43524047e-03
3.62157300e-02,4.47327891e-01,4.04501816e+03,3.18235341e-01,7.11958250e-01,7.11958250e-01,6.91385778e-02,2.76554311e-01,8.44729474e-10,1.01367537e-08,6.87609307e-17,8.93892100e-16,2.70958808e-09,3.52246450e-08,1.44918663e-10,2.02886128e-09,1.26375742e-15,1.89563613e-14,1.91314071e-04,2.67839700e-03,6.08829449e-05,9.13244174e-04,1.17028056e-05,1.87244889e-04,7.00054107e-12,1.19009198e-10,9.79808198e-22,1.76365476e-20,1.59961001e-04,2.71933701e-03,8.08407557e-11,1.45513360e-09,7.17620802e-05,1.43524160e-03
3.90372033e-02,4.47267794e-01,4.04338807e+03,3.19375373e-01,7.11944967e-01,7.11944967e-01,6.91387364e-02,2.76554946e-01,8.55704554e-10,1.02684546e-08,6.98070890e-17,9.07492157e-16,2.74619074e-09,3.57004797e-08,1.40597775e-10,1.96836885e-09,1.27030771e-15,1.90546156e-14,1.91373173e-04,2.67922443e-03,6.11199234e-05,9.16798851e-04,1.05557807e-05,1.68892492e-04,6.55065803e-12,1.11361186e-10,1.04182697e-21,1.87528854e-20,1.49410290e-04,2.53997492e-03,8.58738670e-11,1.54572961e-09,7.17621371e-05,1.43524274e-03
4.20784904e-02,4.47203024e-01,4.04163172e+03,3.20676108e-01,7.11931744e-01,7.11931744e-01,6.91389253e-02,2.76555701e-01,8.62106839e-10,1.03452821e-08,7.04903264e-17,9.16374243e-16,2.76808318e-09,3.59850814e-08,1.36209102e-10,1.90692742e-09,1.27767670e-15,1.91651505e-14,1.91437497e-04,2.68012496e-03,6.13894753e-05,9.20842129e-04,9.53856392e-06,1.52617023e-04,6.09330227e-12,1.03586139e-10,1.10430307e-21,1.98774552e-20,1.38707807e-04,2.35803272e-03,9.09279899e-11,1.63670382e-09,7.17621941e-05,1.43524388e-03
4.53567162e-02,4.47133218e-01,4.03973940e+03,3.22155830e-01,7.11918624e-01,7.11918624e-01,6.91391476e-02,2.76556590e-01,8.63975906e-10,1.03677109e-08,7.08126361e-17,9.20564269e-16,2.77538405e-09,3.60799927e-08,1.31796666e-10,1.84515333e-09,1.28595358e-15,1.92893037e-14,1.91507082e-04,2.68109915e-03,6.16951656e-05,9.25427483e-04,8.62139367e-06,1.37942299e-04,5.63288337e-12,9.57590172e-11,1.16688293e-21,2.10038928e-20,1.27957672e-04,2.17528043e-03,9.59722688e-11,1.72750084e-09,7.17622508e-05,1.43524502e-03
4.88903400e-02,4.47057987e-01,4.03770064e+03,3.23834098e-01,7.11905655e-01,7.11905655e-01,6.91394066e-02,2.76557626e-01,8.61451885e-10,1.03374226e-08,7.07841344e-17,9.20193747e-16,2.76853730e-09,3.59909849e-08,1.27402672e-10,1.78363740e-09,1.29523452e-15,1.94285178e-14,1.91581919e-04,2.68214687e-03,6.20407991e-05,9.30611987e-04,7.78127382e-06,1.24500381e-04,5.17363131e-12,8.79517323e-11,1.22920029e-21,2.21256051e-20,1.17259522e-04,1.99341187e-03,1.00974776e-10,1.81754597e-09,7.17623067e-05,1.43524613e-03
5.26992593e-02,4.46976908e-01,4.03550420e+03,3.25731709e-01,7.11892896e-01,7.11892896e-01,6.91397060e-02,2.76558824e-01,8.54763807e-10,1.02571657e-08,7.04221614e-17,9.15488098e-16,2.74827475e-09,3.57275718e-08,1.23067237e-10,1.72294132e-09,1.30562286e-15,1.95843429e-14,1.91661951e-04,2.68326732e-03,6.24304151e-05,9.36456226e-04,7.00157179e-06,1.12025149e-04,4.71957022e-12,8.02326938e-11,1.29088116e-21,2.32358608e-20,1.06707846e-04,1.81403337e-03,1.05902942e-10,1.90625295e-09,7.17623616e-05,1.43524723e-03
5.68049216e-02,4.46889529e-01,4.03313797e+03,3.27870647e-01,7.11880407e-01,7.11880407e-01,6.91400497e-02,2.76560199e-01,8.44212886e-10,1.01305546e-08,6.97499624e-17,9.06749512e-16,2.71556226e-09,3.53023093e-08,1.18828235e-10,1.66359529e-09,1.31722926e-15,1.97584390e-14,1.91747079e-04,2.68445911e-03,6.28682780e-05,9.43024169e-04,6.27123954e-06,1.00339833e-04,4.27450149e-12,7.26665253e-11,1.35154976e-21,2.43278958e-20,9.63915356e-05,1.63865610e-03,1.10724053e-10,1.99303295e-09,7.17624150e-05,1.43524830e-03
6.12304454e-02,4.46795362e-01,4.03058896e+03,3.30274007e-01,7.11868255e-01,7.11868255e-01,6.91404421e-02,2.76561768e-01,8.30152241e-10,9.96182689e-09,6.87950679e-17,8.94335883e-16,2.67153420e-09,3.47299446e-08,1.14721154e-10,1.60609616e-09,1.33017187e-15,1.99525781e-14,1.91837161e-04,2.68572025e-03,6.33588658e-05,9.50382986e-04,5.58380113e-06,8.93408181e-05,3.84198947e-12,6.53138210e-11,1.41083533e-21,2.53950359e-20,8.63934905e-05,1.46868934e-03,1.15405831e-10,2.07730496e-09,7.17624666e-05,1.43524933e-03
6.60007502e-02,4.46693881e-01,4.02784316e+03,3.32965908e-01,7.11856506e-01,7.11856506e-01,6.91408875e-02,2.76563550e-01,8.12965022e-10,9.75558027e-09,6.75875256e-17,8.78637833e-16,2.61742274e-09,3.40264956e-08,1.10778940e-10,1.55090517e-09,1.34457643e-15,2.01686465e-14,1.91932017e-04,2.68704824e-03,6.39068553e-05,9.58602829e-04,4.93625152e-06,7.89800244e-05,3.42534350e-12,5.82308394e-11,1.46837987e-21,2.64308377e-20,7.67901352e-05,1.30543230e-03,1.19917092e-10,2.15850766e-09,7.17625160e-05,1.43525032e-03
7.11426971e-02,4.46584519e-01,4.02488554e+03,3.35971399e-01,7.11845223e-01,7.11845223e-01,6.91413907e-02,2.76565563e-01,7.93043069e-10,9.51651683e-09,6.61581602e-17,8.60056083e-16,2.55448866e-09,3.32083526e-08,1.07031752e-10,1.49844453e-09,1.36057646e-15,2.04086469e-14,1.92031434e-04,2.68844007e-03,6.45171054e-05,9.67756581e-04,4.32798998e-06,6.92478397e-05,3.02759166e-12,5.14690582e-11,1.52384693e-21,2.74292448e-20,6.76507591e-05,1.15006291e-03,1.24228468e-10,2.23611243e-09,7.17625629e-05,1.43525126e-03
7.66852397e-02,4.46466667e-01,4.02169993e+03,3.39316360e-01,7.11834464e-01,7.11834464e-01,6.91419568e-02,2.76567827e-01,7.70768177e-10,9.24921812e-09,6.45370273e-17,8.38981355e-16,2.48396061e-09,3.22914879e-08,1.03506634e-10,1.44909288e-09,1.37831345e-15,2.06747017e-14,1.92135163e-04,2.68989228e-03,6.51946390e-05,9.77919585e-04,3.75987534e-06,6.01580055e-05,2.65144470e-12,4.50745599e-11,1.57693088e-21,2.83847558e-20,5.90366423e-05,1.00362292e-03,1.28313182e-10,2.30963727e-09,7.17626069e-05,1.43525214e-03
8.26595874e-02,4.46339669e-01,4.01826896e+03,3.43027409e-01,7.11824280e-01,7.11824280e-01,6.91425910e-02,2.76570364e-01,7.46497586e-10,8.95797103e-09,6.27521987e-17,8.15778583e-16,2.40698781e-09,3.12908415e-08,1.00227102e-10,1.40317943e-09,1.39793713e-15,2.09690569e-14,1.92242922e-04,2.69140090e-03,6.59446257e-05,9.89169385e-04,3.23345198e-06,5.17352317e-05,2.29925086e-12,3.90872646e-11,1.62736656e-21,2.92925980e-20,5.09999960e-05,8.66999933e-04,1.32147837e-10,2.37866107e-09,7.17626479e-05,1.43525296e-03
8.90993810e-02,4.46202816e-01,4.01457397e+03,3.47131824e-01,7.11814711e-01,7.11814711e-01,6.91432985e-02,2.76573194e-01,7.20554687e-10,8.64665625e-09,6.08289658e-17,7.90776555e-16,2.32460978e-09,3.02199271e-08,9.72126806e-11,1.36097753e-09,1.41960591e-15,2.12940886e-14,1.92354394e-04,2.69296152e-03,6.67723654e-05,1.00158548e-03,2.75035927e-06,4.40057483e-05,1.97294534e-12,3.35400707e-11,1.67493874e-21,3.01488973e-20,4.35828124e-05,7.40907812e-04,1.35713183e-10,2.44283730e-09,7.17626857e-05,1.43525371e-03
9.60408821e-02,4.46055350e-01,4.01059492e+03,3.51657482e-01,7.11805786e-01,7.11805786e-01,6.91440851e-02,2.76576340e-01,6.93225161e-10,8.31870193e-09,5.87894854e-17,7.64263310e-16,2.23774350e-09,2.90906655e-08,9.44784452e-11,1.32269823e-09,1.44348742e-15,2.16523113e-14,1.92469225e-04,2.69456915e-03,6.76832762e-05,1.01524914e-03,2.31191250e-06,3.69905999e-05,1.67399970e-12,2.84579950e-11,1.71949078e-21,3.09508340e-20,3.68157504e-05,6.25867757e-04,1.38994802e-10,2.50190644e-09,7.17627200e-05,1.43525440e-03
1.03523178e-01,4.45896448e-01,4.00631029e+03,3.56632838e-01,7.11797520e-01,7.11797520e-01,6.91449564e-02,2.76579826e-01,6.64758019e-10,7.97709622e-09,5.66528320e-17,7.36486816e-16,2.14718661e-09,2.79134260e-08,9.20346266e-11,1.28848477e-09,1.46975939e-15,2.20463908e-14,1.92587017e-04,2.69621823e-03,6.86828871e-05,1.03024331e-03,1.91882973e-06,3.07012757e-05,1.40337757e-12,2.38574186e-11,1.76093191e-21,3.16967744e-20,3.07172067e-05,5.22192514e-04,1.41983673e-10,2.55570612e-09,7.17627508e-05,1.43525502e-03
1.11588399e-01,4.45725231e-01,4.00169698e+03,3.62086936e-01,7.11789913e-01,7.11789913e-01,6.91459183e-02,2.76583673e-01,6.35370443e-10,7.62444532e-09,5.44353721e-17,7.07659838e-16,2.05363293e-09,2.66972281e-08,8.98863416e-11,1.25840878e-09,1.49861067e-15,2.24791600e-14,1.92707325e-04,2.69790255e-03,6.97768372e-05,1.04665256e-03,1.57107582e-06,2.51372131e-05,1.16150275e-12,1.97455468e-11,1.79924254e-21,3.23863658e-20,2.52927165e-05,4.29976181e-04,1.44676556e-10,2.60417802e-09,7.17627782e-05,1.43525556e-03
1.20281961e-01,4.45540748e-01,3.99673020e+03,3.68049472e-01,7.11782952e-01,7.11782952e-01,6.91469771e-02,2.76587908e-01,6.05254988e-10,7.26305986e-09,5.21513470e-17,6.77967510e-16,1.95769569e-09,2.54500439e-08,8.80335009e-11,1.23246901e-09,1.53024273e-15,2.29536410e-14,1.92829653e-04,2.69961514e-03,7.09708843e-05,1.06456326e-03,1.26779790e-06,2.02847664e-05,9.48245480e-13,1.61201732e-11,1.83447702e-21,3.30205863e-20,2.05348044e-05,3.49091675e-04,1.47076158e-10,2.64737084e-09,7.17628021e-05,1.43525604e-03
1.29652816e-01,4.45341979e-01,3.99138339e+03,3.74550906e-01,7.11776609e-01,7.11776609e-01,6.91481388e-02,2.76592555e-01,5.74587648e-10,6.89505177e-09,4.98135443e-17,6.47576076e-16,1.85993374e-09,2.41791386e-08,8.64709315e-11,1.21059304e-09,1.56487148e-15,2.34730722e-14,1.92953450e-04,2.70134829e-03,7.22709216e-05,1.08406382e-03,1.00733245e-06,1.61173191e-05,7.62930529e-13,1.29698190e-11,1.86676348e-21,3.36017426e-20,1.64233683e-05,2.79197261e-04,1.49191044e-10,2.68543879e-09,7.17628226e-05,1.43525645e-03
1.39753730e-01,4.45127822e-01,3.98562802e+03,3.81622617e-01,7.11770842e-01,7.11770842e-01,6.91494102e-02,2.76597641e-01,5.43535526e-10,6.52242631e-09,4.74339536e-17,6.16641397e-16,1.76087654e-09,2.28913951e-08,8.51887338e-11,1.19264227e-09,1.60272951e-15,2.40409427e-14,1.93078106e-04,2.70309348e-03,7.36830046e-05,1.10524507e-03,7.87268756e-07,1.25963001e-05,6.04369452e-13,1.02742807e-11,1.89630062e-21,3.41334111e-20,1.29266320e-05,2.19752744e-04,1.51035292e-10,2.71863525e-09,7.17628401e-05,1.43525680e-03
1.50641580e-01,4.44897097e-01,3.97943357e+03,3.89297116e-01,7.11765598e-01,7.11765598e-01,6.91507978e-02,2.76603191e-01,5.12263170e-10,6.14715805e-09,4.50243279e-17,5.85316262e-16,1.66104492e-09,2.15935840e-08,8.41728691e-11,1.17842017e-09,1.64406885e-15,2.46610328e-14,1.93202955e-04,2.70484137e-03,7.52133861e-05,1.12820079e-03,6.04557158e-07,9.67291453e-06,4.70916783e-13,8.00558532e-12,1.92335136e-21,3.46203244e-20,1.00026490e-05,1.70045033e-04,1.52627878e-10,2.74730180e-09,7.17628546e-05,1.43525709e-03
1.62377674e-01,4.44648531e-01,3.97276730e+03,3.97608287e-01,7.11760815e-01,7.11760815e-01,6.91523088e-02,2.76609235e-01,4.80937077e-10,5.77124492e-09,4.25966073e-17,5.53755895e-16,1.56096595e-09,2.02925574e-08,8.34059540e-11,1.16768336e-09,1.68916417e-15,2.53374625e-14,1.93327276e-04,2.70658186e-03,7.68685601e-05,1.15302840e-03,4.55650849e-07,7.29041359e-06,3.60547875e-13,6.12931388e-12,1.94823378e-21,3.50682081e-20,7.60128493e-06,1.29221844e-04,1.53991846e-10,2.77185323e-09,7.17628664e-05,1.43525733e-03
1.75028096e-01,4.44380755e-01,3.96559419e+03,4.06591651e-01,7.11756425e-01,7.11756425e-01,6.91539506e-02,2.76615802e-01,4.49728227e-10,5.39673873e-09,4.01631914e-17,5.22121489e-16,1.46118156e-09,1.89953603e-08,8.28682144e-11,1.16015500e-09,1.73831648e-15,2.60747472e-14,1.93450295e-04,2.70830414e-03,7.86553087e-05,1.17982963e-03,3.36669962e-07,5.38671938e-06,2.70953859e-13,4.60621560e-12,1.97130988e-21,3.54835779e-20,5.66655877e-06,9.63314990e-05,1.55153289e-10,2.79275920e-09,7.17628759e-05,1.43525752e-03
1.88664080e-01,4.44092297e-01,3.95787674e+03,4.16284649e-01,7.11752355e-01,7.11752355e-01,6.91557309e-02,2.76622923e-01,4.18812801e-10,5.02575361e-09,3.77370691e-17,4.90581898e-16,1.36225125e-09,1.77092662e-08,8.25385390e-11,1.15553955e-09,1.79185740e-15,2.68778609e-14,1.93571199e-04,2.70999678e-03,8.05807528e-05,1.20871129e-03,2.43575422e-07,3.89720674e-06,1.99647502e-13,3.39400753e-12,1.99297289e-21,3.58735120e-20,4.13918454e-06,7.03661371e-05,1.56140225e-10,2.81052405e-09,7.17628834e-05,1.43525767e-03
2.03362408e-01,4.43781577e-01,3.94957486e+03,4.26726900e-01,7.11748530e-01,7.11748530e-01,6.91576579e-02,2.76630632e-01,3.88371356e-10,4.66045627e-09,3.53318262e-17,4.59313741e-16,1.26474984e-09,1.64417480e-08,8.23955570e-11,1.15353780e-09,1.85015382e-15,2.77523073e-14,1.93689138e-04,2.71164793e-03,8.26524004e-05,1.23978601e-03,1.72339593e-07,2.75743348e-06,1.44072432e-13,2.44923135e-12,2.01363415e-21,3.62454148e-20,2.95913000e-06,5.03052100e-05,1.56981445e-10,2.82566601e-09,7.17628891e-05,1.43525778e-03
2.19205845e-01,4.43446892e-01,3.94064571e+03,4.37960433e-01,7.11744880e-01,7.11744880e-01,6.91597403e-02,2.76638961e-01,3.58586811e-10,4.30304174e-09,3.29615599e-17,4.28500279e-16,1.16926146e-09,1.52003990e-08,8.24186659e-11,1.15386132e-09,1.91361321e-15,2.87041982e-14,1.93803244e-04,2.71324541e-03,8.48781888e-05,1.27317283e-03,1.19101315e-07,1.90562104e-06,1.01707908e-13,1.72903444e-12,2.03371066e-21,3.66067919e-20,2.06800870e-06,3.51561479e-05,1.57705417e-10,2.83869751e-09,7.17628934e-05,1.43525787e-03
2.36283603e-01,4.43086416e-01,3.93104351e+03,4.50029868e-01,7.11741336e-01,7.11741336e-01,6.91619871e-02,2.76647949e-01,3.29641576e-10,3.95569891e-09,3.06407207e-17,3.98329369e-16,1.07637060e-09,1.39928178e-08,8.25889377e-11,1.15624513e-09,1.98268937e-15,2.97403405e-14,1.93912643e-04,2.71477701e-03,8.72665186e-05,1.30899778e-03,8.02946743e-08,1.28471479e-06,7.01616727e-14,1.19274844e-12,2.05361402e-21,3.69650524e-20,1.41113742e-06,2.39893361e-05,1.58339319e-10,2.85010773e-09,7.17628966e-05,1.43525793e-03
2.54691844e-01,4.42698184e-01,3.92071943e+03,4.62982520e-01,7.11737834e-01,7.11737834e-01,6.91644081e-02,2.76657632e-01,3.01714078e-10,3.62056893e-09,2.83839066e-17,3.68990786e-16,9.86651387e-10,1.28264680e-08,8.28898495e-11,1.16045789e-09,2.05788883e-15,3.08683325e-14,1.94016473e-04,2.71623062e-03,8.98262738e-05,1.34739411e-03,5.27439215e-08,8.43902745e-07,4.72448526e-14,8.03162494e-13,2.07374186e-21,3.73273535e-20,9.39130429e-07,1.59652173e-05,1.58908275e-10,2.86034895e-09,7.17628988e-05,1.43525798e-03
2.74534223e-01,4.42280088e-01,3.90962140e+03,4.76868423e-01,7.11734319e-01,7.11734319e-01,6.91670132e-02,2.76668053e-01,2.74974984e-10,3.29969981e-09,2.62056258e-17,3.40673135e-16,9.00655664e-10,1.17085236e-08,8.33078019e-11,1.16630923e-09,2.13977799e-15,3.20966699e-14,1.94113897e-04,2.71759456e-03,9.25668277e-05,1.38850242e-03,3.37207957e-08,5.39532732e-07,3.10248553e-14,5.27422540e-13,2.09447212e-21,3.77004981e-20,6.08953969e-07,1.03522175e-05,1.59434831e-10,2.86982696e-09,7.17629004e-05,1.43525801e-03
2.95922471e-01,4.41829860e-01,3.89769392e+03,4.91740263e-01,7.11730741e-01,7.11730741e-01,6.91698131e-02,2.76679252e-01,2.49583284e-10,2.99499941e-09,2.41200429e-17,3.13560558e-16,8.18900696e-10,1.06457090e-08,8.38324169e-11,1.17365384e-09,2.22899101e-15,3.34348651e-14,1.94204129e-04,2.71885781e-03,9.54980307e-05,1.43247046e-03,2.09647041e-08,3.35435265e-07,1.98547557e-14,3.37530847e-13,2.11616058e-21,3.80908905e-20,3.84425716e-07,6.53523718e-06,1.59938678e-10,2.87889620e-09,7.17629015e-05,1.43525803e-03
3.18977022e-01,4.41345069e-01,3.88487796e+03,5.07653214e-01,7.11727059e-01,7.11727059e-01,6.91728185e-02,2.76691274e-01,2.25682484e-10,2.70818980e-09,2.21407252e-17,2.87829427e-16,7.41857085e-10,9.64414210e-09,8.44566281e-11,1.18239279e-09,2.32623877e-15,3.48935816e-14,1.94286445e-04,2.72001023e-03,9.86301813e-05,1.47945272e-03,1.26699542e-08,2.02719266e-07,1.23801363e-14,2.10462317e-13,2.13914149e-21,3.85045469e-20,2.36201467e-07,4.01542493e-06,1.60436620e-10,2.88785916e-09,7.17629022e-05,1.43525804e-03
3.43827692e-01,4.40823106e-01,3.87111072e+03,5.24664671e-01,7.11723237e-01,7.11723237e-01,6.91760409e-02,2.76704163e-01,2.03397102e-10,2.44076522e-09,2.02804035e-17,2.63645246e-16,6.69937602e-10,8.70918882e-09,8.51766001e-11,1.19247240e-09,2.43231917e-15,3.64847876e-14,1.94360207e-04,2.72104290e-03,1.01973979e-04,1.52960968e-03,7.44712956e-09,1.19154073e-07,7.52655892e-15,1.27951502e-13,2.16373098e-21,3.89471576e-20,1.41339177e-07,2.40276601e-06,1.60942751e-10,2.89696952e-09,7.17629026e-05,1.43525805e-03
3.70614414e-01,4.40261169e-01,3.85632555e+03,5.42833899e-01,7.11719244e-01,7.11719244e-01,6.91794917e-02,2.76717967e-01,1.82829678e-10,2.19395613e-09,1.85507645e-17,2.41159938e-16,6.03487577e-10,7.84533850e-09,8.59915262e-11,1.20388137e-09,2.54812889e-15,3.82219334e-14,1.94424873e-04,2.72194822e-03,1.05540459e-04,1.58310688e-03,4.26728734e-09,6.82765975e-08,4.47239683e-15,7.60307462e-14,2.19023277e-21,3.94241899e-20,8.25611502e-08,1.40353955e-06,1.61468783e-10,2.90643809e-09,7.17629029e-05,1.43525806e-03
3.99488019e-01,4.39656255e-01,3.84045173e+03,5.62221585e-01,7.11715057e-01,7.11715057e-01,6.91831826e-02,2.76732731e-01,1.64058485e-10,1.96870182e-09,1.69622915e-17,2.20509790e-16,5.42777472e-10,7.05610714e-09,8.69033608e-11,1.21664705e-09,2.67467725e-15,4.01201588e-14,1.94480015e-04,2.72272022e-03,1.09340911e-04,1.64011367e-03,2.39782483e-09,3.83651974e-08,2.61247079e-15,4.44120035e-14,2.21894555e-21,3.99410199e-20,4.73450153e-08,8.04865260e-07,1.62024471e-10,2.91644048e-09,7.17629031e-05,1.43525806e-03
4.30611093e-01,4.39005144e-01,3.82341440e+03,5.82889310e-01,7.11710654e-01,7.11710654e-01,6.91871256e-02,2.76748502e-01,1.47136127e-10,1.76563352e-09,1.55241720e-17,2.01814237e-16,4.87998203e-10,6.34397664e-09,8.79165408e-11,1.23083157e-09,2.81310241e-15,4.21965361e-14,1.94525329e-04,2.72335461e-03,1.13386786e-04,1.70080179e-03,1.33781464e-09,2.14050343e-08,1.51781527e-15,2.58028597e-14,2.25017133e-21,4.05030839e-20,2.69650837e-08,4.58406422e-07,1.62618085e-10,2.92712553e-09,7.17629032e-05,1.43525806e-03
4.64158883e-01,4.38304388e-01,3.80513436e+03,6.04898928e-01,7.11706015e-01,7.11706015e-01,6.91913324e-02,2.76765329e-01,1.32089132e-10,1.58506959e-09,1.42442881e-17,1.85175745e-16,4.39259650e-10,5.71037544e-09,8.90377425e-11,1.24652839e-09,2.96469058e-15,4.44703587e-14,1.94560638e-04,2.72384894e-03,1.17689575e-04,1.76534363e-03,7.58709855e-10,1.21393577e-08,8.96097008e-16,1.52336491e-14,2.28422438e-21,4.11160388e-20,1.55819412e-08,2.64893001e-07,1.63256870e-10,2.93862366e-09,7.17629033e-05,1.43525807e-03
5.00320295e-01,4.37550289e-01,3.78552805e+03,6.28311869e-01,7.11701124e-01,7.11701124e-01,6.91958146e-02,2.76783258e-01,1.18918654e-10,1.42702385e-09,1.31293067e-17,1.70680987e-16,3.96592655e-10,5.15570452e-09,9.02757067e-11,1.26385989e-09,3.13089889e-15,4.69634834e-14,1.94585899e-04,2.72420259e-03,1.22260687e-04,1.83391030e-03,4.54061369e-10,7.26498191e-09,5.55964132e-16,9.45139024e-15,2.32144043e-21,4.17859278e-20,9.44642715e-09,1.60589262e-07,1.63947471e-10,2.95105449e-09,7.17629034e-05,1.43525807e-03
5.39298949e-01,4.36738894e-01,3.76450737e+03,6.53188344e-01,7.11695965e-01,7.11695965e-01,6.92005835e-02,2.76802334e-01,1.07602262e-10,1.29122714e-09,1.21848852e-17,1.58403508e-16,3.59954610e-10,4.67940993e-09,9.16411559e-11,1.28297618e-09,3.31338258e-15,4.97007387e-14,1.94601199e-04,2.72441679e-03,1.27111295e-04,1.90666942e-03,2.99734155e-10,4.79574647e-09,3.77226466e-16,6.41284991e-15,2.36218591e-21,4.25193465e-20,6.25157772e-09,1.06276821e-07,1.64696307e-10,2.96453352e-09,7.17629034e-05,1.43525807e-03
5.81314328e-01,4.35865970e-01,3.74197973e+03,6.79586455e-01,7.11690524e-01,7.11690524e-01,6.92056502e-02,2.76822601e-01,9.80968057e-11,1.17716167e-09,1.14160042e-17,1.48408055e-16,3.29238521e-10,4.28010077e-09,9.31468113e-11,1.30405536e-09,3.51402763e-15,5.27104144e-14,1.94606748e-04,2.72449448e-03,1.32252174e-04,1.98378260e-03,2.24392550e-10,3.59028081e-09,2.87511556e-16,4.88769645e-15,2.40686740e-21,4.33236133e-20,4.63828909e-09,7.88509145e-08,1.65509871e-10,2.97917767e-09,7.17629035e-05,1.43525807e-03
6.26603016e-01,4.34926992e-01,3.71784797e+03,7.07561194e-01,7.11684788e-01,7.11684788e-01,6.92110248e-02,2.76844099e-01,9.03422214e-11,1.08410666e-09,1.08274428e-17,1.40756756e-16,3.04285259e-10,3.95570836e-09,9.48075144e-11,1.32730520e-09,3.73498999e-15,5.60248499e-14,1.94602874e-04,2.72444023e-03,1.37693509e-04,2.06540263e-03,1.88908993e-10,3.02254389e-09,2.45082600e-16,4.16640419e-15,2.45594153e-21,4.42069476e-20,3.84068972e-09,6.52917252e-08,1.66394990e-10,2.99510982e-09,7.17629035e-05,1.43525807e-03
6.75420029e-01,4.33917127e-01,3.69201042e+03,7.37163334e-01,7.11678743e-01,7.11678743e-01,6.92167169e-02,2.76866868e-01,8.42661143e-11,1.01119337e-09,1.04244094e-17,1.35517323e-16,2.84898525e-10,3.70368082e-09,9.66404520e-11,1.35296633e-09,3.97874284e-15,5.96811425e-14,1.94590004e-04,2.72426005e-03,1.43444687e-04,2.15167031e-03,1.72831875e-10,2.76531000e-09,2.26915218e-16,3.85755870e-15,2.50992566e-21,4.51786620e-20,3.44635958e-09,5.85881129e-08,1.67359033e-10,3.01246260e-09,7.17629036e-05,1.43525807e-03
7.28040247e-01,4.32831211e-01,3.66436099e+03,7.68438183e-01,7.11672376e-01,7.11672376e-01,6.92227350e-02,2.76890940e-01,7.97889176e-11,9.57467011e-10,1.02133488e-17,1.32773534e-16,2.70861929e-10,3.52120507e-09,9.86654841e-11,1.38131678e-09,4.24813381e-15,6.37220071e-14,1.94568656e-04,2.72396119e-03,1.49514060e-04,2.24271091e-03,1.65999837e-10,2.65599740e-09,2.20882880e-16,3.75500895e-15,2.56940990e-21,4.62493782e-20,3.24330139e-09,5.51361236e-08,1.68410092e-10,3.03138165e-09,7.17629037e-05,1.43525807e-03
7.84759970e-01,4.31663737e-01,3.63478931e+03,8.01424206e-01,7.11665678e-01,7.11665678e-01,6.92290863e-02,2.76916345e-01,7.68294047e-11,9.21952856e-10,1.02029508e-17,1.32638360e-16,2.61957565e-10,3.40544834e-09,1.00905579e-10,1.41267810e-09,4.54645464e-15,6.81968196e-14,1.94539423e-04,2.72355192e-03,1.55908683e-04,2.33863025e-03,1.63638912e-10,2.61822259e-09,2.20914543e-16,3.75554723e-15,2.63507093e-21,4.74312768e-20,3.12767724e-09,5.31705131e-08,1.69557147e-10,3.05202865e-09,7.17629038e-05,1.43525808e-03
8.45898580e-01,4.30408835e-01,3.60318098e+03,8.36151516e-01,7.11658637e-01,7.11658637e-01,6.92357767e-02,2.76943107e-01,7.53103259e-11,9.03723911e-10,1.04054037e-17,1.35270248e-16,2.57985421e-10,3.35381047e-09,1.03387363e-10,1.44742308e-09,4.87752629e-15,7.31628944e-14,1.94502954e-04,2.72304136e-03,1.62634027e-04,2.43951040e-03,1.63656785e-10,2.61850855e-09,2.24156023e-16,3.81065240e-15,2.70768846e-21,4.87383923e-20,3.05122015e-09,5.18707425e-08,1.70810239e-10,3.07458429e-09,7.17629039e-05,1.43525808e-03
9.11800339e-01,4.29060253e-01,3.56941788e+03,8.72640206e-01,7.11651246e-01,7.11651246e-01,6.92428102e-02,2.76971241e-01,7.51640441e-11,9.01968529e-10,1.08379623e-17,1.40893510e-16,2.58783308e-10,3.36418300e-09,1.06141808e-10,1.48598531e-09,5.24580333e-15,7.86870500e-14,1.94459947e-04,2.72243926e-03,1.69693661e-04,2.54540491e-03,1.65233066e-10,2.64372905e-09,2.29396442e-16,3.89973951e-15,2.78816499e-21,5.01869698e-20,2.99288485e-09,5.08790424e-08,1.72180640e-10,3.09925152e-09,7.17629040e-05,1.43525808e-03
9.82836333e-01,4.27611337e-01,3.53337860e+03,9.10898550e-01,7.11643499e-01,7.11643499e-01,6.92501885e-02,2.77000754e-01,7.63379911e-11,9.16055893e-10,1.15249246e-17,1.49824020e-16,2.64246837e-10,3.43520888e-09,1.09205072e-10,1.52887101e-09,5.65650301e-15,8.48475451e-14,1.94411133e-04,2.72175586e-03,1.77088918e-04,2.65633377e-03,1.68125755e-10,2.69001208e-09,2.36245247e-16,4.01616920e-15,2.87754987e-21,5.17958977e-20,2.94438716e-09,5.00545817e-08,1.73681061e-10,3.12625909e-09,7.17629041e-05,1.43525808e-03
1.05940656e+00,4.26055019e-01,3.49493900e+03,9.50921081e-01,7.11635390e-01,7.11635390e-01,6.92579114e-02,2.77031645e-01,7.87999724e-11,9.45599669e-10,1.25001786e-17,1.62502322e-16,2.74349665e-10,3.56654564e-09,1.12619550e-10,1.57667369e-09,6.11576538e-15,9.17364807e-14,1.94357269e-04,2.72100177e-03,1.84818532e-04,2.77227798e-03,1.72349356e-10,2.75758970e-09,2.44730183e-16,4.16041311e-15,2.97706901e-21,5.35872422e-20,2.90322930e-09,4.93548981e-08,1.75325876e-10,3.15586577e-09,7.17629042e-05,1.43525808e-03
1.14194217e+00,4.24383795e-01,3.45397285e+03,9.92686545e-01,7.11626919e-01,7.11626919e-01,6.92659753e-02,2.77063901e-01,8.25433657e-11,9.90520388e-10,1.38105465e-17,1.79537104e-16,2.89164333e-10,3.75913633e-09,1.16435160e-10,1.63009224e-09,6.63085335e-15,9.94628002e-14,1.94299138e-04,2.72018793e-03,1.92878255e-04,2.89317383e-03,1.78034216e-10,2.84854746e-09,2.55119709e-16,4.33703505e-15,3.08816155e-21,5.55869079e-20,2.86952082e-09,4.87818540e-08,1.77131398e-10,3.18836516e-09,7.17629044e-05,1.43525809e-03
1.23090791e+00,4.22589712e-01,3.41035274e+03,1.03615578e+00,7.11618086e-01,7.11618086e-01,6.92743741e-02,2.77097496e-01,8.75924055e-11,1.05110887e-09,1.55202717e-17,2.01763532e-16,3.08884539e-10,4.01549900e-09,1.20710969e-10,1.68995357e-09,7.21040398e-15,1.08156060e-13,1.94237539e-04,2.71932555e-03,2.01260473e-04,3.01890710e-03,1.85369414e-10,2.96591062e-09,2.67862233e-16,4.55365796e-15,3.21252574e-21,5.78254633e-20,2.84462170e-09,4.83585689e-08,1.79116198e-10,3.22409156e-09,7.17629046e-05,1.43525809e-03
1.32680475e+00,4.20664348e-01,3.36395101e+03,1.08126953e+00,7.11608898e-01,7.11608898e-01,6.92830976e-02,2.77132390e-01,9.40078602e-11,1.12809432e-09,1.77171606e-17,2.30323088e-16,3.33850160e-10,4.34005208e-09,1.25517216e-10,1.75724103e-09,7.86474645e-15,1.17971197e-13,1.94173296e-04,2.71842615e-03,2.09953805e-04,3.14930708e-03,1.94582239e-10,3.11331583e-09,2.83587854e-16,4.82099352e-15,3.35217659e-21,6.03391787e-20,2.83061397e-09,4.81204376e-08,1.81301493e-10,3.26342688e-09,7.17629048e-05,1.43525810e-03
1.43017266e+00,4.18598808e-01,3.31464104e+03,1.12794635e+00,7.11599361e-01,7.11599361e-01,6.92921321e-02,2.77168528e-01,1.01893538e-10,1.22272246e-09,2.05211416e-17,2.66774841e-16,3.64576894e-10,4.73949963e-09,1.30937887e-10,1.83313042e-09,8.60630688e-15,1.29094603e-13,1.94107259e-04,2.71750163e-03,2.18942722e-04,3.28414083e-03,2.05933320e-10,3.29493313e-09,3.03149229e-16,5.15353689e-15,3.50951883e-21,6.31713390e-20,2.83013468e-09,4.81122895e-08,1.83711611e-10,3.30680899e-09,7.17629050e-05,1.43525810e-03
1.54159369e+00,4.16383703e-01,3.26229862e+03,1.17608043e+00,7.11589490e-01,7.11589490e-01,6.93014596e-02,2.77205838e-01,1.11404226e-10,1.33685071e-09,2.40963897e-17,3.13253066e-16,4.01793066e-10,5.22330986e-09,1.37073989e-10,1.91903585e-09,9.45012757e-15,1.41751914e-13,1.94040311e-04,2.71656436e-03,2.28207174e-04,3.42310762e-03,2.19718785e-10,3.51550056e-09,3.27695789e-16,5.57082841e-15,3.68743996e-21,6.63739193e-20,2.84636436e-09,4.83881941e-08,1.86374548e-10,3.35474187e-09,7.17629053e-05,1.43525811e-03
1.66169525e+00,4.14009151e-01,3.20680361e+03,1.22553979e+00,7.11579300e-01,7.11579300e-01,6.93110575e-02,2.77244230e-01,1.22755835e-10,1.47307003e-09,2.86687564e-17,3.72693833e-16,4.46486987e-10,5.80433083e-09,1.44047764e-10,2.01666870e-09,1.04145379e-14,1.56218069e-13,1.93973375e-04,2.71562726e-03,2.37722266e-04,3.56583399e-03,2.36276398e-10,3.78042237e-09,3.58786476e-16,6.09937008e-15,3.88942991e-21,7.00097384e-20,2.88308653e-09,4.90124711e-08,1.89322661e-10,3.40780790e-09,7.17629056e-05,1.43525811e-03
1.79115361e+00,4.11464766e-01,3.14804186e+03,1.27616455e+00,7.11568813e-01,7.11568813e-01,6.93208984e-02,2.77283594e-01,1.36238800e-10,1.63486560e-09,3.45511769e-17,4.49165300e-16,4.99969413e-10,6.49960237e-09,1.52008144e-10,2.12811402e-09,1.15220286e-14,1.72830428e-13,1.93907425e-04,2.71470395e-03,2.47457975e-04,3.71186962e-03,2.55995029e-10,4.09592047e-09,3.98555136e-16,6.77543732e-15,4.11973608e-21,7.41552494e-20,2.94478720e-09,5.00613825e-08,1.92593497e-10,3.46668294e-09,7.17629060e-05,1.43525812e-03
1.93069773e+00,4.08739664e-01,3.08590742e+03,1.32776572e+00,7.11558055e-01,7.11558055e-01,6.93309499e-02,2.77323800e-01,1.52236108e-10,1.82683330e-09,4.21812113e-17,5.48355747e-16,5.63957228e-10,7.33144396e-09,1.61137877e-10,2.25593027e-09,1.28003990e-14,1.92005985e-13,1.93843490e-04,2.71380886e-03,2.57378955e-04,3.86068432e-03,2.79327894e-10,4.46924631e-09,4.49952926e-16,7.64919974e-15,4.38356602e-21,7.89041884e-20,3.03678637e-09,5.16253683e-08,1.96230825e-10,3.53215485e-09,7.17629064e-05,1.43525813e-03
2.08111337e+00,4.05822465e-01,3.02030496e+03,1.38012447e+00,7.11547056e-01,7.11547056e-01,6.93411746e-02,2.77364699e-01,1.71247863e-10,2.05497436e-09,5.21772708e-17,6.78304521e-16,6.40686705e-10,8.32892717e-09,1.71662919e-10,2.40328087e-09,1.42842788e-14,2.14264182e-13,1.93782665e-04,2.71295731e-03,2.67444434e-04,4.01166652e-03,3.06810682e-10,4.90897091e-09,5.17106377e-16,8.79080841e-15,4.68735492e-21,8.43723886e-20,3.16540308e-09,5.38118524e-08,2.00285911e-10,3.60514640e-09,7.17629068e-05,1.43525814e-03
2.24324750e+00,4.02701306e-01,2.95115254e+03,1.43299203e+00,7.11535853e-01,7.11535853e-01,6.93515300e-02,2.77406120e-01,1.93924997e-10,2.32709996e-09,6.54240108e-17,8.50512140e-16,7.33068020e-10,9.52988426e-09,1.83864940e-10,2.57410916e-09,1.60171618e-14,2.40257427e-13,1.93726114e-04,2.71216559e-03,2.77608241e-04,4.16412361e-03,3.39086179e-10,5.42537887e-09,6.05851917e-16,1.02994826e-14,5.03912194e-21,9.07041949e-20,3.33816031e-09,5.67487253e-08,2.04819101e-10,3.68674381e-09,7.17629073e-05,1.43525815e-03
2.41801308e+00,3.99363864e-01,2.87838472e+03,1.48609048e+00,7.11524485e-01,7.11524485e-01,6.93619685e-02,2.77447874e-01,2.21115898e-10,2.65339077e-09,8.32039046e-17,1.08165076e-15,8.44897417e-10,1.09836664e-08,1.98098118e-10,2.77337365e-09,1.80541537e-14,2.70812305e-13,1.93675074e-04,2.71145103e-03,2.87818977e-04,4.31728465e-03,3.76937650e-10,6.03100239e-09,7.24542828e-16,1.23172281e-14,5.44894992e-21,9.80810986e-20,3.56403884e-09,6.05886603e-08,2.09901808e-10,3.77823255e-09,7.17629079e-05,1.43525816e-03
2.60639420e+00,3.95797379e-01,2.80195584e+03,1.53911442e+00,7.11512995e-01,7.11512995e-01,6.93724384e-02,2.77489754e-01,2.53931357e-10,3.04717628e-09,1.07403051e-16,1.39623966e-15,9.81150527e-10,1.27549569e-08,2.14811961e-10,3.00736745e-09,2.04657216e-14,3.06985825e-13,1.93630855e-04,2.71083197e-03,2.98020370e-04,4.47030556e-03,4.21334030e-10,6.74134448e-09,8.85281649e-16,1.50497880e-14,5.92963833e-21,1.06733490e-19,3.85379143e-09,6.55144543e-08,2.15619024e-10,3.88114243e-09,7.17629086e-05,1.43525817e-03
2.80945159e+00,3.91988700e-01,2.72184372e+03,1.59173385e+00,7.11501430e-01,7.11501430e-01,6.93828837e-02,2.77531535e-01,2.93835793e-10,3.52602951e-09,1.40838209e-16,1.83089672e-15,1.14839078e-09,1.49290801e-08,2.34582667e-10,3.28415733e-09,2.33428689e-14,3.50143034e-13,1.93594838e-04,2.71032773e-03,3.08151829e-04,4.62227744e-03,4.73491166e-10,7.57585865e-09,1.10582430e-15,1.87990130e-14,6.49760224e-21,1.16956840e-19,4.22033011e-09,7.17456119e-08,2.22072500e-10,3.99730501e-09,7.17629093e-05,1.43525819e-03
3.02832867e+00,3.87924330e-01,2.63805350e+03,1.64359820e+00,7.11489841e-01,7.11489841e-01,6.93932453e-02,2.77572981e-01,3.42776595e-10,4.11331915e-09,1.87785115e-16,2.44120650e-15,1.35534251e-09,1.76194526e-08,2.58156733e-10,3.61419426e-09,2.68043594e-14,4.02065391e-13,1.93568468e-04,2.70995855e-03,3.18149209e-04,4.77223814e-03,5.34954942e-10,8.55927907e-09,1.41255602e-15,2.40134523e-14,7.17412571e-21,1.29134263e-19,4.67920023e-09,7.95464039e-08,2.29384838e-10,4.12892709e-09,7.17629101e-05,1.43525820e-03
3.26425788e+00,3.83590497e-01,2.55062177e+03,1.69434170e+00,7.11478279e-01,7.11478279e-01,6.94034619e-02,2.77613847e-01,4.03369441e-10,4.84043329e-09,2.54846808e-16,3.31300850e-15,1.61370197e-09,2.09781256e-08,2.86512398e-10,4.01117357e-09,3.10069309e-14,4.65103963e-13,1.93553243e-04,2.70974540e-03,3.27945816e-04,4.91918724e-03,6.07714547e-10,9.72343275e-09,1.84519504e-15,3.13683156e-14,7.98713236e-21,1.43768382e-19,5.24915357e-09,8.92356108e-08,2.37704759e-10,4.27868566e-09,7.17629110e-05,1.43525822e-03
3.51856773e+00,3.78973233e-01,2.45962078e+03,1.74359008e+00,7.11466795e-01,7.11466795e-01,6.94134710e-02,2.77653884e-01,4.79166861e-10,5.75000233e-09,3.52406789e-16,4.58128825e-15,1.93929535e-09,2.52108396e-08,3.20947425e-10,4.49326395e-09,3.61599254e-14,5.42398880e-13,1.93550699e-04,2.70970979e-03,3.37473638e-04,5.06210458e-03,6.94357598e-10,1.11097216e-08,2.46430709e-15,4.18932205e-14,8.97372226e-21,1.61527001e-19,5.95282829e-09,1.01198081e-07,2.47213973e-10,4.44985152e-09,7.17629119e-05,1.43525824e-03
3.79269019e+00,3.74058472e-01,2.36516274e+03,1.79096851e+00,7.11455440e-01,7.11455440e-01,6.94232106e-02,2.77692843e-01,5.75052248e-10,6.90062698e-09,4.97107276e-16,6.46239458e-15,2.35374814e-09,3.05987258e-08,3.63206379e-10,5.08488931e-09,4.25465451e-14,6.38198176e-13,1.93562395e-04,2.70987353e-03,3.46664805e-04,5.19997207e-03,7.98283963e-10,1.27725434e-08,3.36343122e-15,5.71783308e-14,1.01838619e-20,1.83309515e-19,6.81753282e-09,1.15898058e-07,2.58136211e-10,4.64645179e-09,7.17629130e-05,1.43525826e-03
4.08816882e+00,3.68832170e-01,2.26740407e+03,1.83611078e+00,7.11444263e-01,7.11444263e-01,6.94326210e-02,2.77730484e-01,6.97825425e-10,8.37390509e-09,7.16160107e-16,9.31008139e-15,2.88691591e-09,3.75299068e-08,4.15668159e-10,5.81935422e-09,5.05552013e-14,7.58328020e-13,1.93589883e-04,2.71025836e-03,3.55453234e-04,5.33179850e-03,9.24002693e-10,1.47840431e-08,4.68882234e-15,7.97099798e-14,1.16858394e-20,2.10345109e-19,7.87611088e-09,1.33893885e-07,2.70749203e-10,4.87348565e-09,7.17629142e-05,1.43525828e-03
4.40666743e+00,3.63280446e-01,2.16654947e+03,1.87866922e+00,7.11433305e-01,7.11433305e-01,6.94416459e-02,2.77766584e-01,8.57084725e-10,1.02850167e-08,1.05500279e-15,1.37150362e-14,3.58046183e-09,4.65460038e-08,4.81627061e-10,6.74277885e-09,6.07264961e-14,9.10897441e-13,1.93634689e-04,2.71088564e-03,3.63776434e-04,5.45664651e-03,1.07754762e-09,1.72407619e-08,6.67183914e-15,1.13421265e-13,1.35744697e-20,2.44340455e-19,9.16783029e-09,1.55853115e-07,2.85400737e-10,5.13721327e-09,7.17629154e-05,1.43525831e-03
4.74997943e+00,3.57389751e-01,2.06285558e+03,1.91832534e+00,7.11422605e-01,7.11422605e-01,6.94502350e-02,2.77800940e-01,1.06657445e-09,1.27988934e-08,1.59119572e-15,2.06855443e-14,4.49318232e-09,5.84113702e-08,5.65721913e-10,7.92010678e-09,7.38248491e-14,1.10737274e-12,1.93698276e-04,2.71177587e-03,3.71577398e-04,5.57366097e-03,1.26706362e-09,2.02730179e-08,9.68238979e-15,1.64600626e-13,1.59836711e-20,2.87706081e-19,1.07391828e-08,1.82566108e-07,3.02530410e-10,5.44554737e-09,7.17629168e-05,1.43525834e-03
5.12003798e+00,3.51147053e-01,1.95663413e+03,1.95480044e+00,7.11412190e-01,7.11412190e-01,6.94583452e-02,2.77833381e-01,1.34627291e-09,1.61552749e-08,2.46023759e-15,3.19830886e-14,5.70903312e-09,7.42174305e-08,6.74604441e-10,9.44446218e-09,9.09497175e-14,1.36424576e-12,1.93782015e-04,2.71294821e-03,3.78806488e-04,5.68209731e-03,1.50363932e-09,2.40582291e-08,1.43174698e-14,2.43396987e-13,1.91061307e-20,3.43910353e-19,1.26443995e-08,2.14954791e-07,3.22699391e-10,5.80858904e-09,7.17629183e-05,1.43525837e-03
5.51892683e+00,3.44540065e-01,1.84825434e+03,1.98786579e+00,7.11402080e-01,7.11402080e-01,6.94659430e-02,2.77863772e-01,1.72567541e-09,2.07081049e-08,3.90471122e-15,5.07612459e-14,7.34938928e-09,9.55420606e-08,8.18002960e-10,1.14520414e-08,1.13711717e-13,1.70567576e-12,1.93887138e-04,2.71441993e-03,3.85423236e-04,5.78134853e-03,1.80249607e-09,2.88399372e-08,2.15480995e-14,3.66317691e-13,2.32247311e-20,4.18045159e-19,1.49453685e-08,2.54071264e-07,3.46631651e-10,6.23936971e-09,7.17629199e-05,1.43525840e-03
5.94889208e+00,3.37557493e-01,1.73814420e+03,2.01735173e+00,7.11392282e-01,7.11392282e-01,6.94730057e-02,2.77892023e-01,2.24903234e-09,2.69883881e-08,6.37033248e-15,8.28143223e-14,9.59205423e-09,1.24696705e-07,1.01045518e-09,1.41463726e-08,1.44517448e-13,2.16776172e-12,1.94014699e-04,2.71620579e-03,3.91397927e-04,5.87096890e-03,2.18468939e-09,3.49550303e-08,3.29631808e-14,5.60374073e-13,2.87639608e-20,5.17751295e-19,1.77104905e-08,3.01078338e-07,3.75271673e-10,6.75489012e-09,7.17629216e-05,1.43525843e-03
6.41235480e+00,3.30189322e-01,1.62679046e+03,2.04315503e+00,7.11382790e-01,7.11382790e-01,6.94795226e-02,2.77918090e-01,2.98382926e-09,3.58059511e-08,1.06990412e-14,1.39087535e-13,1.27012237e-08,1.65115907e-07,1.27420359e-09,1.78388502e-08,1.87040624e-13,2.80560935e-12,1.94165515e-04,2.71831721e-03,3.96712852e-04,5.95069278e-03,2.67953787e-09,4.28726059e-08,5.11738214e-14,8.69954964e-13,3.63761707e-20,6.54771073e-19,2.10118287e-08,3.57201088e-07,4.09866237e-10,7.37759226e-09,7.17629235e-05,1.43525847e-03
6.91192469e+00,3.22427128e-01,1.51473712e+03,2.06524407e+00,7.11373585e-01,7.11373585e-01,6.94854960e-02,2.77941984e-01,4.03471514e-09,4.84165816e-08,1.85292244e-14,2.40879918e-13,1.70755859e-08,2.21982616e-07,1.64416858e-09,2.30183601e-08,2.47020499e-13,3.70530749e-12,1.94340091e-04,2.72076127e-03,4.01363116e-04,6.02044675e-03,3.32805920e-09,5.32489472e-08,8.04836567e-14,1.36822216e-12,4.70902974e-20,8.47625352e-19,2.49197464e-08,4.23635689e-07,4.52081564e-10,8.13746815e-09,7.17629254e-05,1.43525851e-03
7.45041477e+00,3.14264430e-01,1.40258189e+03,2.08366121e+00,7.11364633e-01,7.11364633e-01,6.94909416e-02,2.77963766e-01,5.56670619e-09,6.68004743e-08,3.31532119e-14,4.30991754e-13,2.33270527e-08,3.03251685e-07,2.17675092e-09,3.04745129e-08,3.33650649e-13,5.00475974e-12,1.94538518e-04,2.72353925e-03,4.05356898e-04,6.08035347e-03,4.18773426e-09,6.70037481e-08,1.28004082e-13,2.17606940e-12,6.25759827e-20,1.12636769e-18,2.94941449e-08,5.01400463e-07,5.04173033e-10,9.07511460e-09,7.17629275e-05,1.43525855e-03
8.03085722e+00,3.05697072e-01,1.29097068e+03,2.09852242e+00,7.11355889e-01,7.11355889e-01,6.94958877e-02,2.77983551e-01,7.84438896e-09,9.41326675e-08,6.14216563e-14,7.98481531e-13,3.24122391e-08,4.21359109e-07,2.96593096e-09,4.15230334e-08,4.62063160e-13,6.93094739e-12,1.94760303e-04,2.72664424e-03,4.08715085e-04,6.13072628e-03,5.33887819e-09,8.54220511e-08,2.05529226e-13,3.49399685e-12,8.56278181e-20,1.54130073e-18,3.47715730e-08,5.91116741e-07,5.69233402e-10,1.02462012e-08,7.17629297e-05,1.43525859e-03
8.65652043e+00,2.96723629e-01,1.18058956e+03,2.11001444e+00,7.11347292e-01,7.11347292e-01,6.95003750e-02,2.78001500e-01,1.12991005e-08,1.35589206e-07,1.18139588e-13,1.53581464e-12,4.58562912e-08,5.96131785e-07,4.17378359e-09,5.84329702e-08,6.57907946e-13,9.86861919e-12,1.95004095e-04,2.73005733e-03,4.11470261e-04,6.17205392e-03,6.89263482e-09,1.10282157e-07,3.32752078e-13,5.65678533e-12,1.21084253e-19,2.17951656e-18,4.07480928e-08,6.92717578e-07,6.51558748e-10,1.17280575e-08,7.17629321e-05,1.43525864e-03
9.33092744e+00,2.87345850e-01,1.07215440e+03,2.11839015e+00,7.11338774e-01,7.11338774e-01,6.95044543e-02,2.78017817e-01,1.66457797e-08,1.99749356e-07,2.36640075e-13,3.07632098e-12,6.61402162e-08,8.59822811e-07,6.09061042e-09,8.52685458e-08,9.66071390e-13,1.44910708e-11,1.95267208e-04,2.73374091e-03,4.13665031e-04,6.20497547e-03,8.99991675e-09,1.43998668e-07,5.42948671e-13,9.23012741e-12,1.77637153e-19,3.19746876e-18,4.73591339e-08,8.05105277e-07,7.57190480e-10,1.36294286e-08,7.17629346e-05,1.43525869e-03
1.00578757e+01,2.77569113e-01,9.66397851e+02,2.12396415e+00,7.11330260e-01,7.11330260e-01,6.95081853e-02,2.78032741e-01,2.50895755e-08,3.01074906e-07,4.95329319e-13,6.43928115e-12,9.73781807e-08,1.26591635e-06,9.25852571e-09,1.29619360e-07,1.46786156e-12,2.20179234e-11,1.95544774e-04,2.73762683e-03,4.15349754e-04,6.23024630e-03,1.18592414e-08,1.89747863e-07,8.93406783e-13,1.51879153e-11,2.71539883e-19,4.88771789e-18,5.44598622e-08,9.25817657e-07,8.94717757e-10,1.61049196e-08,7.17629372e-05,1.43525874e-03
1.08414587e+01,2.67402893e-01,8.64053926e+02,2.12711076e+00,7.11321670e-01,7.11321670e-01,6.95116332e-02,2.78046533e-01,3.86979664e-08,4.64375596e-07,1.08726406e-12,1.41344328e-11,1.46501267e-07,1.90451647e-06,1.47371224e-08,2.06319713e-07,2.31616335e-12,3.47424502e-11,1.95828245e-04,2.74159543e-03,4.16579713e-04,6.24869569e-03,1.57193296e-08,2.51509274e-07,1.48537193e-12,2.52513228e-11,4.34536032e-19,7.82164858e-18,6.18126180e-08,1.05081451e-06,1.07645515e-09,1.93761927e-08,7.17629399e-05,1.43525880e-03
1.16860886e+01,2.56861239e-01,7.65840384e+02,2.12826763e+00,7.11312928e-01,7.11312928e-01,6.95148670e-02,2.78059468e-01,6.10844776e-08,7.33013731e-07,2.51014540e-12,3.26318902e-11,2.25284562e-07,2.92869930e-06,2.47017324e-08,3.45824254e-07,3.81026203e-12,5.71539304e-11,1.96102760e-04,2.74543864e-03,4.17411725e-04,6.26117588e-03,2.08702146e-08,3.33923434e-07,2.50392429e-12,4.25667129e-11,7.31597903e-19,1.31687623e-17,6.90906026e-08,1.17454024e-06,1.32013372e-09,2.37624070e-08,7.17629428e-05,1.43525886e-03
1.25965213e+01,2.45963235e-01,6.72439367e+02,2.12794550e+00,7.11303975e-01,7.11303975e-01,6.95179563e-02,2.78071825e-01,9.86880255e-08,1.18425631e-06,6.10349150e-12,7.93453895e-11,3.53621377e-07,4.59707790e-06,4.38521494e-08,6.13930091e-07,6.56194789e-12,9.84292184e-11,1.96342710e-04,2.74879794e-03,4.17899895e-04,6.26849843e-03,2.76163536e-08,4.41861657e-07,4.30157834e-12,7.31268318e-11,1.30256085e-18,2.34460953e-17,7.59067191e-08,1.29041423e-06,1.65122680e-09,2.97220824e-08,7.17629458e-05,1.43525892e-03
1.35778836e+01,2.34733432e-01,5.84476948e+02,2.12673229e+00,7.11294776e-01,7.11294776e-01,6.95209689e-02,2.78083876e-01,1.63189221e-07,1.95827065e-06,1.56018838e-11,2.02824489e-10,5.64122002e-07,7.33358602e-06,8.28452868e-08,1.15983402e-06,1.18810225e-11,1.78215337e-10,1.96504898e-04,2.75106857e-03,4.18089489e-04,6.27134234e-03,3.62294908e-08,5.79671853e-07,7.58275285e-12,1.28906799e-10,2.46492355e-18,4.43686239e-17,8.18702779e-08,1.39179472e-06,2.10590556e-09,3.79063001e-08,7.17629488e-05,1.43525898e-03
1.46357012e+01,2.23202241e-01,5.02502462e+02,2.12524009e+00,7.11285353e-01,7.11285353e-01,6.95239689e-02,2.78095876e-01,2.76019099e-07,3.31222919e-06,4.16330113e-11,5.41229147e-10,9.06514461e-07,1.17846880e-05,1.66688015e-07,2.33363221e-06,2.27125766e-11,3.40688650e-10,1.96519887e-04,2.75127842e-03,4.18006172e-04,6.27009258e-03,4.68886672e-08,7.50218675e-07,1.38333598e-11,2.35167116e-10,4.98171165e-18,8.96708096e-17,8.66614877e-08,1.47324529e-06,2.73428681e-09,4.92171626e-08,7.17629519e-05,1.43525904e-03
1.57759306e+01,2.11406248e-01,4.26968663e+02,2.12386156e+00,7.11275814e-01,7.11275814e-01,6.95270150e-02,2.78108060e-01,4.76325770e-07,5.71590924e-06,1.14352471e-10,1.48658213e-09,1.44624814e-06,1.88012258e-05,3.53766618e-07,4.95273265e-06,4.60279795e-11,6.90419692e-10,1.96285756e-04,2.74800059e-03,4.17635078e-04,6.26452616e-03,5.96250167e-08,9.54000268e-07,2.63753654e-11,4.48381213e-10,1.08011965e-17,1.94421537e-16,9.00996694e-08,1.53169438e-06,3.60306219e-09,6.48551194e-08,7.17629550e-05,1.43525910e-03
1.70049924e+01,1.99388440e-01,3.58213928e+02,2.12217902e+00,7.11266400e-01,7.11266400e-01,6.95301589e-02,2.78120635e-01,8.33245978e-07,9.99895174e-06,3.16323645e-10,4.11220739e-09,2.24634739e-06,2.92025160e-05,7.68646337e-07,1.07610487e-05,9.92327134e-11,1.48849070e-09,1.95674208e-04,2.73943891e-03,4.16886804e-04,6.25330207e-03,7.42882351e-08,1.18861176e-06,5.30656152e-11,9.02115458e-10,2.52352278e-17,4.54234101e-16,9.21766958e-08,1.56700383e-06,4.79597429e-09,8.63275372e-08,7.17629580e-05,1.43525916e-03
1.83298071e+01,1.87198297e-01,2.96447792e+02,2.11835164e+00,7.11257485e-01,7.11257485e-01,6.95334444e-02,2.78133778e-01,1.45945145e-06,1.75134174e-05,8.56657903e-10,1.11365527e-08,3.32436951e-06,4.32168037e-05,1.62045763e-06,2.26864068e-05,2.28245672e-10,3.42368508e-09,1.94559916e-04,2.72383882e-03,4.15578788e-04,6.23368183e-03,9.05243646e-08,1.44838983e-06,1.13239891e-10,1.92507815e-09,6.38516967e-17,1.14933054e-15,9.30398424e-08,1.58167732e-06,6.40973098e-09,1.15375158e-07,7.17629608e-05,1.43525922e-03
1.97578347e+01,1.74891739e-01,2.41741065e+02,2.10982284e+00,7.11249465e-01,7.11249465e-01,6.95369068e-02,2.78147627e-01,2.51363423e-06,3.01636108e-05,2.20028351e-09,2.86036856e-08,4.60160380e-06,5.98208493e-05,3.12609469e-06,4.37653256e-05,5.61463971e-10,8.42195957e-09,1.92868253e-04,2.70015554e-03,4.13512790e-04,6.20269185e-03,1.07682095e-07,1.72291352e-06,2.53976487e-10,4.31760027e-09,1.76046440e-16,3.16883592e-15,9.29325692e-08,1.57985368e-06,8.53806396e-09,1.53685151e-07,7.17629635e-05,1.43525927e-03
2.12971163e+01,1.62530882e-01,1.94021662e+02,2.09560760e+00,7.11242520e-01,7.11242520e-01,6.95405728e-02,2.78162291e-01,4.17221799e-06,5.00666159e-05,5.19712405e-09,6.75626127e-08,5.89647308e-06,7.66541500e-05,5.34440965e-06,7.48217351e-05,1.48150176e-09,2.22225264e-08,1.90609756e-04,2.66853658e-03,4.10641558e-04,6.15962336e-03,1.24474404e-07,1.99159046e-06,5.76516708e-10,9.80078404e-09,5.32263214e-16,9.58073784e-15,9.21213413e-08,1.56606280e-06,1.12202570e-08,2.01964626e-07,7.17629658e-05,1.43525932e-03
2.29563192e+01,1.50183573e-01,1.53076962e+02,2.07707673e+00,7.11236524e-01,7.11236524e-01,6.95444621e-02,2.78177848e-01,6.56645077e-06,7.87974092e-05,1.10201902e-08,1.43262473e-07,6.99897416e-06,9.09866641e-05,8.13516202e-06,1.13892268e-04,4.21307512e-09,6.31961268e-08,1.87868544e-04,2.63015962e-03,4.07110524e-04,6.10665786e-03,1.38606105e-07,2.21769767e-06,1.23801313e-09,2.10462232e-08,1.77378351e-15,3.19281031e-14,9.08384393e-08,1.54425347e-06,1.43271393e-08,2.57888508e-07,7.17629676e-05,1.43525935e-03
2.47447864e+01,1.37922683e-01,1.18563124e+02,2.05611473e+00,7.11231178e-01,7.11231178e-01,6.95485889e-02,2.78194356e-01,9.72183706e-06,1.16662045e-04,2.07366111e-08,2.69575944e-07,7.77909291e-06,1.01128208e-04,1.13079075e-05,1.58310706e-04,1.30071433e-08,1.95107150e-07,1.84752746e-04,2.58653844e-03,4.03110190e-04,6.04665286e-03,1.47929910e-07,2.36687855e-06,2.35925462e-09,4.01073285e-08,6.56188075e-15,1.18113853e-13,8.92549264e-08,1.51733375e-06,1.74635101e-08,3.14343181e-07,7.17629688e-05,1.43525938e-03
2.66725884e+01,1.25825140e-01,9.00212024e+01,2.03372791e+00,7.11226178e-01,7.11226178e-01,6.95529568e-02,2.78211827e-01,1.35469936e-05,1.62563924e-04,3.47476167e-08,4.51719018e-07,8.23447444e-06,1.07048168e-04,1.47441438e-05,2.06418013e-04,4.39653209e-08,6.59479813e-07,1.81348877e-04,2.53888428e-03,3.98755885e-04,5.98133828e-03,1.52775353e-07,2.44440566e-06,3.90716520e-09,6.64218084e-08,2.74219013e-14,4.93594223e-13,8.74780019e-08,1.48712603e-06,2.01022878e-08,3.61841180e-07,7.17629694e-05,1.43525939e-03
2.87505804e+01,1.13970673e-01,6.68993480e+01,2.01039360e+00,7.11221325e-01,7.11221325e-01,6.95575202e-02,2.78230081e-01,1.78516242e-05,2.14219491e-04,5.26579525e-08,6.84553382e-07,8.44969200e-06,1.09845996e-04,1.83990521e-05,2.57586730e-04,1.62495362e-07,2.43743044e-06,1.77706676e-04,2.48789346e-03,3.94087206e-04,5.91130809e-03,1.55258255e-07,2.48413207e-06,5.74134560e-09,9.76028752e-08,1.32302118e-13,2.38143813e-12,8.55629447e-08,1.45457006e-06,2.19217162e-08,3.94590891e-07,7.17629696e-05,1.43525939e-03
3.09904634e+01,1.02440288e-01,4.85797092e+01,1.98731785e+00,7.11216689e-01,7.11216689e-01,6.95620410e-02,2.78248164e-01,2.22678581e-05,2.67214297e-04,7.36921619e-08,9.57998104e-07,8.52527120e-06,1.10828526e-04,2.22624074e-05,3.11673703e-04,6.24763105e-07,9.37144658e-06,1.73847180e-04,2.43386052e-03,3.89107320e-04,5.83660980e-03,1.56935744e-07,2.51097190e-06,7.74790960e-09,1.31714463e-07,6.98486095e-13,1.25727497e-11,8.35325402e-08,1.42005318e-06,2.29594450e-08,4.13270010e-07,7.17629697e-05,1.43525939e-03
3.34048498e+01,9.13144721e-02,3.44081546e+01,1.96803531e+00,7.11212871e-01,7.11212871e-01,6.95658206e-02,2.78263282e-01,2.60123979e-05,3.12148774e-04,9.71866123e-08,1.26342596e-06,8.53473495e-06,1.10951554e-04,2.63344179e-05,3.68681851e-04,2.14532133e-06,3.21798200e-05,1.69776139e-04,2.37686595e-03,3.83807180e-04,5.75710770e-03,1.58231456e-07,2.53170329e-06,9.87870474e-09,1.67937981e-07,3.02010989e-12,5.43619779e-11,8.13941408e-08,1.38370039e-06,2.34592387e-08,4.22266296e-07,7.17629697e-05,1.43525939e-03
3.60073348e+01,8.06711834e-02,2.37245414e+01,1.95671808e+00,7.11210642e-01,7.11210642e-01,6.95680392e-02,2.78272157e-01,2.82214455e-05,3.38657346e-04,1.22790504e-07,1.59627656e-06,8.51814835e-06,1.10735929e-04,3.06173473e-05,4.28642862e-04,5.55934784e-06,8.33902176e-05,1.65493419e-04,2.31690787e-03,3.78174134e-04,5.67261201e-03,1.59013893e-07,2.54422229e-06,1.21206034e-08,2.06050257e-07,8.11307797e-12,1.46035403e-10,7.91494993e-08,1.34554149e-06,2.36656310e-08,4.25981358e-07,7.17629697e-05,1.43525939e-03
3.88125727e+01,7.05836601e-02,1.58911405e+01,1.95255081e+00,7.11209822e-01,7.11209822e-01,6.95688561e-02,2.78275424e-01,2.90363305e-05,3.48435967e-04,1.50416685e-07,1.95541691e-06,8.49247055e-06,1.10402117e-04,3.51131196e-05,4.91583675e-04,1.07217352e-05,1.60826028e-04,1.60997687e-04,2.25396761e-03,3.72194578e-04,5.58291867e-03,1.59316751e-07,2.54906802e-06,1.44701409e-08,2.45992396e-07,1.48911942e-11,2.68041496e-10,7.67990717e-08,1.30558422e-06,2.37378232e-08,4.27280817e-07,7.17629697e-05,1.43525939e-03
4.18363594e+01,6.11181474e-02,1.03169918e+01,1.95156946e+00,7.11209629e-01,7.11209629e-01,6.95690485e-02,2.78276194e-01,2.92283555e-05,3.50740266e-04,1.80124494e-07,2.34161842e-06,8.46309696e-06,1.10020260e-04,3.98224827e-05,5.57514757e-04,1.68689092e-05,2.53033638e-04,1.56288330e-04,2.18803662e-03,3.65854964e-04,5.48782446e-03,1.59391414e-07,2.55026262e-06,1.69253901e-08,2.87731631e-07,2.24292444e-11,4.03726398e-10,7.43436041e-08,1.26384127e-06,2.37566080e-08,4.27618945e-07,7.17629697e-05,1.43525939e-03
4.50957214e+01,5.23316379e-02,6.47642776e+00,1.95141248e+00,7.11209598e-01,7.11209598e-01,6.95690793e-02,2.78276317e-01,2.92590818e-05,3.51108981e-04,2.12036610e-07,2.75647593e-06,8.43123032e-06,1.09605994e-04,4.47445890e-05,6.26424245e-04,2.35507720e-05,3.53261580e-04,1.51366225e-04,2.11912715e-03,3.59142317e-04,5.38713475e-03,1.59403763e-07,2.55046020e-06,1.94842771e-08,3.31232711e-07,3.05732335e-11,5.50318203e-10,7.17846803e-08,1.22033956e-06,2.37563378e-08,4.27614080e-07,7.17629697e-05,1.43525939e-03
4.86090118e+01,4.42697489e-02,3.92070096e+00,1.95139493e+00,7.11209595e-01,7.11209595e-01,6.95690827e-02,2.78276331e-01,2.92625153e-05,3.51150184e-04,2.46301196e-07,3.20191555e-06,8.39697053e-06,1.09160617e-04,4.98767055e-05,6.98273876e-04,3.06450826e-05,4.59676238e-04,1.46234108e-04,2.04727752e-03,3.52044566e-04,5.28066849e-03,1.59405174e-07,2.55048278e-06,2.21440065e-08,3.76448110e-07,3.93508472e-11,7.08315250e-10,6.91249471e-08,1.17512410e-06,2.37496770e-08,4.27494186e-07,7.17629697e-05,1.43525939e-03
5.23960135e+01,3.69648758e-02,2.28249742e+00,1.95139358e+00,7.11209595e-01,7.11209595e-01,6.95690830e-02,2.78276332e-01,2.92627801e-05,3.51153362e-04,2.83079445e-07,3.68003279e-06,8.36019266e-06,1.08682505e-04,5.52139562e-05,7.72995387e-04,3.81385245e-05,5.72077868e-04,1.40896858e-04,1.97255601e-03,3.44550859e-04,5.16826288e-03,1.59405284e-07,2.55048455e-06,2.49006969e-08,4.23311847e-07,4.88091497e-11,8.78564694e-10,6.63682565e-08,1.12826036e-06,2.37407284e-08,4.27333112e-07,7.17629697e-05,1.43525939e-03
5.64780507e+01,3.04347618e-02,1.27394964e+00,1.95139351e+00,7.11209595e-01,7.11209595e-01,6.95690830e-02,2.78276332e-01,2.92627937e-05,3.51153525e-04,3.22542625e-07,4.19305413e-06,8.32072951e-06,1.08169484e-04,6.07490723e-05,8.50487012e-04,4.60374949e-05,6.90562423e-04,1.35361742e-04,1.89506438e-03,3.36651875e-04,5.04977813e-03,1.59405290e-07,2.55048464e-06,2.77491655e-08,4.71735814e-07,5.90002189e-11,1.06200394e-09,6.35197878e-08,1.07983639e-06,2.37306465e-08,4.27151638e-07,7.17629697e-05,1.43525939e-03
6.08781089e+01,2.46816205e-02,6.79459466e-01,1.95139351e+00,7.11209595e-01,7.11209595e-01,6.95690830e-02,2.78276332e-01,2.92627942e-05,3.51153530e-04,3.64871690e-07,4.74333197e-06,8.27840044e-06,1.07619206e-04,6.64721484e-05,9.30610077e-04,5.43491896e-05,8.15237845e-04,1.29638666e-04,1.81494132e-03,3.28340180e-04,4.92510270e-03,1.59405290e-07,2.55048464e-06,3.06827935e-08,5.21607490e-07,6.99803735e-11,1.25964672e-09,6.05861598e-08,1.02996472e-06,2.37196870e-08,4.26954366e-07,7.17629697e-05,1.43525939e-03
6.56209641e+01,1.96919241e-02,3.45069841e-01,1.95139351e+00,7.11209595e-01,7.11209595e-01,6.95690830e-02,2.78276332e-01,2.92627942e-05,3.51153530e-04,4.10257380e-07,5.33334595e-06,8.23301475e-06,1.07029192e-04,7.23704127e-05,1.01318578e-03,6.30787620e-05,9.46181429e-04,1.23740401e-04,1.73236562e-03,3.19610607e-04,4.79415911e-03,1.59405290e-07,2.55048464e-06,3.36934243e-08,5.72788213e-07,8.18102785e-11,1.47258501e-09,5.75755290e-08,9.78783993e-07,2.37078605e-08,4.26741489e-07,7.17629697e-05,1.43525939e-03
7.07333228e+01,1.54369341e-02,1.66236234e-01,1.95139351e+00,7.11209595e-01,7.11209595e-01,6.95690830e-02,2.78276332e-01,2.92627942e-05,3.51153530e-04,4.58900336e-07,5.96570436e-06,8.18437180e-06,1.06396833e-04,7.84280217e-05,1.09799230e-03,7.22286932e-05,1.08343040e-03,1.17682792e-04,1.64755909e-03,3.10460676e-04,4.65691014e-03,1.59405290e-07,2.55048464e-06,3.67712840e-08,6.25111827e-07,9.45552141e-11,1.70199385e-09,5.44976694e-08,9.26460379e-07,2.36951161e-08,4.26512089e-07,7.17629697e-05,1.43525939e-03
7.62439721e+01,1.18739994e-02,7.56542984e-02,1.95139351e+00,7.11209595e-01,7.11209595e-01,6.95690830e-02,2.78276332e-01,2.92627942e-05,3.51153530e-04,5.11011132e-07,6.64314472e-06,8.13226100e-06,1.05719393e-04,8.46258906e-05,1.18476247e-03,8.17983373e-05,1.22697506e-03,1.11484923e-04,1.56078893e-03,3.00891032e-04,4.51336548e-03,1.59405290e-07,2.55048464e-06,3.99049280e-08,6.78383776e-07,1.08285402e-10,1.94913723e-09,5.13640253e-08,8.73188430e-07,2.36813859e-08,4.26264947e-07,7.17629697e-05,1.43525939e-03
8.21839418e+01,1.00000000e-02,3.23821441e-02,1.95139351e+00,7.11209595e-01,7.11209595e-01,6.95690830e-02,2.78276332e-01,2.92627942e-05,3.51153530e-04,5.66810231e-07,7.36853301e-06,8.07646190e-06,1.04994005e-04,9.09415733e-05,1.27318203e-03,9.17834527e-05,1.37675179e-03,1.05169241e-04,1.47236937e-03,2.90905917e-04,4.36358875e-03,1.59405290e-07,2.55048464e-06,4.30812218e-08,7.32380771e-07,1.23076363e-10,2.21537454e-09,4.81877315e-08,8.19191436e-07,2.36665950e-08,4.25998710e-07,7.17629697e-05,1.43525939e-03
8.85866790e+01,1.00000000e-02,1.29737802e-02,1.95139351e+00,7.11209595e-01,7.11209595e-01,6.95690830e-02,2.78276332e-01,2.92627942e-05,3.51153530e-04,6.26527803e-07,8.14486144e-06,8.01674433e-06,1.04217676e-04,9.73492076e-05,1.36288891e-03,1.02175719e-04,1.53263578e-03,9.87616063e-05,1.38266249e-03,2.80513651e-04,4.20770476e-03,1.59405290e-07,2.55048464e-06,4.62853626e-08,7.86851165e-07,1.39009304e-10,2.50216748e-09,4.49835907e-08,7.64721042e-07,2.36506620e-08,4.25711917e-07,7.17629697e-05,1.43525939e-03
9.54882369e+01,1.00000000e-02,4.84038164e-03,1.95139351e+00,7.11209595e-01,7.11209595e-01,6.95690830e-02,2.78276332e-01,2.92627942e-05,3.51153530e-04,6.90403418e-07,8.97524443e-06,7.95286871e-06,1.03387293e-04,1.03819542e-04,1.45347358e-03,1.12962245e-04,1.69443368e-03,9.22912723e-05,1.29207781e-03,2.69727124e-04,4.04590686e-03,1.59405290e-07,2.55048464e-06,4.95009516e-08,8.41516177e-07,1.56171527e-10,2.81108749e-09,4.17680018e-08,7.10056030e-07,2.36334998e-08,4.25402997e-07,7.17629697e-05,1.43525939e-03
1.02927477e+02,1.00000000e-02,1.67237530e-03,1.95139351e+00,7.11209595e-01,7.11209595e-01,6.95690830e-02,2.78276332e-01,2.92627942e-05,3.51153530e-04,7.58685566e-07,9.86291236e-06,7.88458657e-06,1.02499625e-04,1.10320057e-04,1.54448080e-03,1.24125089e-04,1.86187634e-03,8.57907569e-05,1.20107060e-03,2.58564280e-04,3.87846420e-03,1.59405290e-07,2.55048464e-06,5.27101234e-08,8.96072097e-07,1.74656867e-10,3.14382361e-09,3.85588300e-08,6.55500110e-07,2.36150145e-08,4.25070261e-07,7.17629697e-05,1.43525939e-03
1.10946289e+02,1.00000000e-02,5.31900070e-04,1.95139351e+00,7.11209595e-01,7.11209595e-01,6.95690830e-02,2.78276332e-01,2.92627942e-05,3.51153530e-04,8.31630995e-07,1.08112029e-05,7.81164114e-06,1.01551335e-04,1.16815206e-04,1.63541288e-03,1.35640791e-04,2.03461186e-03,7.92956081e-05,1.11013851e-03,2.47048579e-04,3.70572868e-03,1.59405290e-07,2.55048464e-06,5.58937403e-08,9.50193585e-07,1.94566160e-10,3.50219088e-09,3.53752130e-08,6.01378622e-07,2.35951052e-08,4.24711893e-07,7.17629697e-05,1.43525939e-03
1.19589826e+02,1.00000000e-02,1.54727365e-04,1.95139351e+00,7.11209595e-01,7.11209595e-01,6.95690830e-02,2.78276332e-01,2.92627942e-05,3.51153530e-04,9.09503816e-07,1.18235496e-05,7.73376832e-06,1.00538988e-04,1.23266777e-04,1.72573487e-03,1.47479954e-04,2.21219931e-03,7.28440374e-05,1.01981652e-03,2.35209415e-04,3.52814123e-03,1.59405290e-07,2.55048464e-06,5.90316569e-08,1.00353817e-06,2.16007737e-10,3.88813927e-09,3.22372965e-08,5.48034040e-07,2.35736636e-08,4.24325945e-07,7.17629697e-05,1.43525939e-03
1.28906759e+02,1.00000000e-02,4.08813625e-05,1.95139351e+00,7.11209595e-01,7.11209595e-01,6.95690830e-02,2.78276332e-01,2.92627942e-05,3.51153530e-04,9.92574356e-07,1.29034666e-05,7.65069778e-06,9.94590711e-05,1.29634398e-04,1.81488157e-03,1.59606890e-04,2.39410335e-03,6.64764158e-05,9.30669821e-04,2.23082479e-04,3.34623719e-03,1.59405290e-07,2.55048464e-06,6.21030560e-08,1.05575195e-06,2.39097952e-10,4.30376314e-09,2.91658973e-08,4.95820255e-07,2.35505734e-08,4.23910321e-07,7.17629697e-05,1.43525939e-03
1.38949549e+02,1.00000000e-02,9.73755363e-06,1.95139351e+00,7.11209595e-01,7.11209595e-01,6.95690830e-02,2.78276332e-01,2.92627942e-05,3.51153530e-04,1.08111772e-06,1.40545304e-05,7.56215441e-06,9.83080073e-05,1.35876190e-04,1.90226666e-03,1.71979348e-04,2.57969023e-03,6.02346236e-05,8.43284731e-04,2.10710021e-04,3.16065031e-03,1.59405290e-07,2.55048464e-06,6.50868578e-08,1.10647658e-06,2.63961738e-10,4.75131128e-09,2.61820956e-08,4.45095625e-07,2.35257096e-08,4.23462773e-07,7.17629697e-05,1.43525939e-03
1.49774748e+02,1.00000000e-02,2.07411184e-06,1.95139351e+00,7.11209595e-01,7.11209595e-01,6.95690830e-02,2.78276332e-01,2.92627942e-05,3.51153530e-04,1.17541202e-06,1.52803563e-05,7.46786011e-06,9.70821815e-05,1.41949561e-04,1.98729385e-03,1.84548369e-04,2.76822553e-03,5.41612530e-05,7.58257542e-04,1.98141001e-04,2.97211501e-03,1.59405290e-07,2.55048464e-06,6.79621951e-08,1.15535732e-06,2.90733199e-10,5.23319759e-09,2.33067583e-08,3.96214891e-07,2.34989381e-08,4.22980887e-07,7.17629697e-05,1.43525939e-03
1.61443309e+02,1.00000000e-02,3.91643110e-07,1.95139351e+00,7.11209595e-01,7.11209595e-01,6.95690830e-02,2.78276332e-01,2.92627942e-05,3.51153530e-04,1.27573622e-06,1.65845709e-05,7.36753591e-06,9.57779668e-05,1.47812141e-04,2.06936998e-03,1.97258284e-04,2.95887425e-03,4.82986725e-05,6.76181416e-04,1.85431086e-04,2.78146629e-03,1.59405290e-07,2.55048464e-06,7.07089462e-08,1.20205209e-06,3.19556239e-10,5.75201231e-09,2.05600071e-08,3.49520121e-07,2.34701151e-08,4.22462072e-07,7.17629697e-05,1.43525939e-03
1.74020937e+02,1.00000000e-02,6.49453999e-08,1.95139351e+00,7.11209595e-01,7.11209595e-01,6.95690830e-02,2.78276332e-01,2.92627942e-05,3.51153530e-04,1.38236759e-06,1.79707786e-05,7.26090454e-06,9.43917591e-05,1.53422842e-04,2.14791979e-03,2.10046901e-04,3.15070352e-03,4.26879717e-05,5.97631603e-04,1.72642468e-04,2.58963702e-03,1.59405290e-07,2.55048464e-06,7.33083087e-08,1.24624125e-06,3.50585217e-10,6.31053390e-09,1.79606447e-08,3.05330959e-07,2.34390861e-08,4.21903550e-07,7.17629697e-05,1.43525939e-03
1.87578456e+02,1.00000000e-02,9.36293216e-09,1.95139351e+00,7.11209595e-01,7.11209595e-01,6.95690830e-02,2.78276332e-01,2.92627942e-05,3.51153530e-04,1.49557865e-06,1.94425225e-05,7.14769348e-06,9.29200152e-05,1.58743000e-04,2.22240199e-03,2.22845906e-04,3.34268859e-03,3.73678143e-05,5.23149400e-04,1.59843464e-04,2.39765195e-03,1.59405290e-07,2.55048464e-06,7.57433920e-08,1.28763766e-06,3.83985642e-10,6.91174155e-09,1.55255613e-08,2.63934543e-07,2.34056857e-08,4.21302343e-07,7.17629697e-05,1.43525939e-03
2.02192206e+02,1.00000000e-02,1.16076579e-09,1.95139351e+00,7.11209595e-01,7.11209595e-01,6.95690830e-02,2.78276332e-01,2.92627942e-05,3.51153530e-04,1.61563370e-06,2.10032380e-05,7.02763844e-06,9.13592997e-05,1.63737570e-04,2.29232598e-03,2.35581498e-04,3.53372248e-03,3.23732436e-05,4.53225410e-04,1.47107871e-04,2.20661806e-03,1.59405290e-07,2.55048464e-06,7.79998022e-08,1.32599664e-06,4.19934907e-10,7.55882833e-09,1.32691512e-08,2.25575570e-07,2.33697364e-08,4.20655256e-07,7.17629697e-05,1.43525939e-03
2.17944475e+02,1.00000000e-02,1.22304160e-10,1.95139351e+00,7.11209595e-01,7.11209595e-01,6.95690830e-02,2.78276332e-01,2.92627942e-05,3.51153530e-04,1.74278465e-06,2.26562004e-05,6.90048748e-06,8.97063373e-05,1.68376322e-04,2.35726851e-03,2.48175310e-04,3.72262966e-03,2.77344916e-05,3.88282882e-04,1.34514059e-04,2.01771089e-03,1.59405290e-07,2.55048464e-06,8.00661848e-08,1.36112514e-06,4.58623054e-10,8.25521498e-09,1.12027686e-08,1.90447066e-07,2.33310483e-08,4.19958869e-07,7.17629697e-05,1.43525939e-03
2.34923963e+02,1.00000000e-02,1.08143070e-11,1.95139351e+00,7.11209595e-01,7.11209595e-01,6.95690830e-02,2.78276332e-01,2.92627942e-05,3.51153530e-04,1.87726645e-06,2.44044639e-05,6.76600568e-06,8.79580738e-05,1.72634956e-04,2.41688938e-03,2.60545599e-04,3.90818398e-03,2.34758580e-05,3.28662011e-04,1.22143771e-04,1.83215656e-03,1.59405290e-07,2.55048464e-06,8.19346909e-08,1.39288975e-06,5.00253570e-10,9.00456427e-09,9.33426242e-09,1.58682461e-07,2.32894178e-08,4.19209520e-07,7.17629697e-05,1.43525939e-03
2.53226278e+02,1.00000000e-02,7.91562463e-13,1.95139351e+00,7.11209595e-01,7.11209595e-01,6.95690830e-02,2.78276332e-01,2.92627942e-05,3.51153530e-04,2.01929176e-06,2.62507929e-05,6.62398037e-06,8.61117448e-05,1.76496084e-04,2.47094517e-03,2.72608733e-04,4.08913100e-03,1.96147303e-05,2.74606224e-04,1.10080636e-04,1.65120955e-03,1.59405290e-07,2.55048464e-06,8.36013286e-08,1.42122259e-06,5.45044227e-10,9.81079608e-09,7.66762472e-09,1.30349620e-07,2.32446271e-08,4.18403288e-07,7.17629697e-05,1.43525939e-03
2.72954479e+02,1.00000000e-02,4.72614217e-14,1.95139351e+00,7.11209595e-01,7.11209595e-01,6.95690830e-02,2.78276332e-01,2.92627942e-05,3.51153530e-04,2.16904503e-06,2.81975854e-05,6.47422710e-06,8.41649523e-05,1.79949994e-04,2.51929992e-03,2.84280960e-04,4.26421440e-03,1.61608196e-05,2.26251474e-04,9.84084092e-05,1.47612614e-03,1.59405290e-07,2.55048464e-06,8.50661658e-08,1.44612482e-06,5.93227941e-10,1.06781029e-08,6.20278755e-09,1.05447388e-07,2.31964434e-08,4.17535981e-07,7.17629697e-05,1.43525939e-03
2.94219653e+02,1.00000000e-02,2.26553824e-15,1.95139351e+00,7.11209595e-01,7.11209595e-01,6.95690830e-02,2.78276332e-01,2.92627942e-05,3.51153530e-04,2.32667592e-06,3.02467870e-05,6.31659621e-06,8.21157508e-05,1.82995130e-04,2.56193182e-03,2.95480419e-04,4.43220629e-03,1.31156836e-05,1.83619571e-04,8.72089502e-05,1.30813425e-03,1.59405290e-07,2.55048464e-06,8.63333560e-08,1.46766705e-06,6.45053674e-10,1.16109661e-08,4.93559734e-09,8.39051547e-08,2.31446177e-08,4.16603118e-07,7.17629697e-05,1.43525939e-03
3.17141542e+02,1.00000000e-02,8.57136564e-17,1.95139351e+00,7.11209595e-01,7.11209595e-01,6.95690830e-02,2.78276332e-01,2.92627942e-05,3.51153530e-04,2.49229210e-06,3.23997973e-05,6.15098003e-06,7.99627404e-05,1.85638216e-04,2.59893502e-03,3.06129354e-04,4.59194030e-03,1.04725979e-05,1.46616370e-04,7.65600159e-05,1.14840024e-03,1.59405290e-07,2.55048464e-06,8.74109691e-08,1.48598648e-06,7.00787351e-10,1.26141723e-08,3.85798421e-09,6.55857316e-08,2.30888840e-08,4.15599912e-07,7.17629697e-05,1.43525939e-03
3.41849215e+02,1.00000000e-02,2.51266660e-18,1.95139351e+00,7.11209595e-01,7.11209595e-01,6.95690830e-02,2.78276332e-01,2.92627942e-05,3.51153530e-04,2.66595138e-06,3.46573679e-05,5.97732075e-06,7.77051698e-05,1.87893999e-04,2.63051598e-03,3.16156447e-04,4.74234670e-03,8.21681531e-06,1.15035414e-04,6.65329228e-05,9.97993843e-04,1.59405290e-07,2.55048464e-06,8.83106228e-08,1.50128059e-06,7.60712801e-10,1.36928304e-08,2.95833051e-09,5.02916187e-08,2.30289585e-08,4.14521254e-07,7.17629697e-05,1.43525939e-03
3.68481798e+02,1.00000000e-02,5.59492510e-20,1.95139351e+00,7.11209595e-01,7.11209595e-01,6.95690830e-02,2.78276332e-01,2.92627942e-05,3.51153530e-04,2.84765334e-06,3.70194934e-05,5.79561880e-06,7.53430443e-05,1.89784583e-04,2.65698417e-03,3.25499180e-04,4.88248770e-03,6.32623047e-06,8.85672266e-05,5.71901893e-05,8.57852840e-04,1.59405290e-07,2.55048464e-06,8.90469273e-08,1.51379776e-06,8.25132720e-10,1.48523890e-08,2.22202605e-09,3.77744428e-08,2.29645386e-08,4.13361695e-07,7.17629697e-05,1.43525939e-03
3.97189257e+02,1.00000000e-02,9.26241269e-22,1.95139351e+00,7.11209595e-01,7.11209595e-01,6.95690830e-02,2.78276332e-01,2.92627942e-05,3.51153530e-04,3.03733042e-06,3.94852954e-05,5.60594171e-06,7.28772423e-05,1.91338385e-04,2.67873739e-03,3.34106096e-04,5.01159144e-03,4.77242863e-06,6.68140009e-05,4.85832736e-05,7.28749104e-04,1.59405290e-07,2.55048464e-06,8.96367739e-08,1.52382516e-06,8.94369631e-10,1.60986534e-08,1.63217942e-09,2.77470501e-08,2.28953017e-08,4.12115431e-07,7.17629697e-05,1.43525939e-03
4.28133240e+02,1.00000000e-02,1.11402627e-23,1.95139351e+00,7.11209595e-01,7.11209595e-01,6.95690830e-02,2.78276332e-01,2.92627942e-05,3.51153530e-04,3.23483874e-06,4.20529036e-05,5.40843340e-06,7.03096341e-05,1.92588747e-04,2.69624246e-03,3.41938820e-04,5.12908231e-03,3.52206670e-06,4.93089339e-05,4.07505490e-05,6.11258235e-04,1.59405290e-07,2.55048464e-06,9.00985151e-08,1.53167476e-06,9.68766855e-10,1.74378034e-08,1.17043828e-09,1.98974508e-08,2.28209045e-08,4.10776281e-07,7.17629697e-05,1.43525939e-03
4.61487988e+02,1.00000000e-02,9.49506350e-26,1.95139351e+00,7.11209595e-01,7.11209595e-01,6.95690830e-02,2.78276332e-01,2.92627942e-05,3.51153530e-04,3.43994869e-06,4.47193330e-05,5.20332344e-06,6.76432048e-05,1.93572318e-04,2.71001245e-03,3.48973709e-04,5.23460564e-03,2.53849589e-06,3.55389425e-05,3.37156599e-05,5.05734899e-04,1.59405290e-07,2.55048464e-06,9.04510955e-08,1.53766862e-06,1.04868946e-09,1.88764103e-08,8.17857804e-10,1.39035827e-08,2.27409819e-08,4.09337674e-07,7.17629697e-05,1.43525939e-03
4.97441317e+02,1.00000000e-02,5.58314531e-28,1.95139351e+00,7.11209595e-01,7.11209595e-01,6.95690830e-02,2.78276332e-01,2.92627942e-05,3.51153530e-04,3.65233565e-06,4.74803634e-05,4.99093648e-06,6.48821743e-05,1.94327305e-04,2.72058227e-03,3.55202964e-04,5.32804446e-03,1.78350889e-06,2.49691244e-05,2.74864054e-05,4.12296081e-04,1.59405290e-07,2.55048464e-06,9.07132037e-08,1.54212446e-06,1.13452520e-09,2.04214535e-08,5.55749638e-10,9.44774385e-09,2.26551461e-08,4.07792631e-07,7.17629697e-05,1.43525939e-03
5.36195677e+02,1.00000000e-02,2.20028159e-30,1.95139351e+00,7.11209595e-01,7.11209595e-01,6.95690830e-02,2.78276332e-01,2.92627942e-05,3.51153530e-04,3.87157100e-06,5.03304231e-05,4.77170113e-06,6.20321147e-05,1.94891738e-04,2.72848433e-03,3.60635095e-04,5.40952643e-03,1.21907602e-06,1.70670643e-05,2.20542744e-05,3.30814116e-04,1.59405290e-07,2.55048464e-06,9.09025092e-08,1.54534266e-06,1.22668537e-09,2.20803367e-08,3.66444171e-10,6.22955090e-09,2.25629860e-08,4.06133747e-07,7.17629697e-05,1.43525939e-03
5.77969288e+02,1.00000000e-02,1.00000000e-30,1.95139351e+00,7.11209595e-01,7.11209595e-01,6.95690830e-02,2.78276332e-01,2.92627942e-05,3.51153530e-04,4.09711393e-06,5.32624811e-05,4.54615820e-06,5.91000566e-05,1.95301881e-04,2.73422633e-03,3.65294639e-04,5.47941959e-03,8.08932962e-07,1.13250615e-05,1.73947300e-05,2.60920950e-04,1.59405290e-07,2.55048464e-06,9.10350453e-08,1.54759577e-06,1.32560570e-09,2.38609027e-08,2.33908081e-10,3.97643737e-09,2.24640656e-08,4.04353181e-07,7.17629697e-05,1.43525939e-03
6.22997373e+02,1.00000000e-02,1.00000000e-30,1.95139351e+00,7.11209595e-01,7.11209595e-01,6.95690830e-02,2.78276332e-01,2.92627942e-05,3.51153530e-04,4.32830428e-06,5.62679556e-05,4.31496786e-06,5.60945821e-05,1.95590917e-04,2.73827283e-03,3.69221084e-04,5.53831627e-03,5.19897278e-07,7.27856189e-06,1.34682850e-05,2.02024275e-04,1.59405290e-07,2.55048464e-06,9.11247771e-08,1.54912121e-06,1.43174703e-09,2.57714466e-08,1.44176210e-10,2.45099556e-09,2.23579243e-08,4.02442638e-07,7.17629697e-05,1.43525939e-03
6.71533479e+02,1.00000000e-02,1.00000000e-30,1.95139351e+00,7.11209595e-01,7.11209595e-01,6.95690830e-02,2.78276332e-01,2.92627942e-05,3.51153530e-04,4.56435709e-06,5.93366422e-05,4.07891504e-06,5.30258955e-05,1.95787991e-04,2.74103187e-03,3.72467014e-04,5.58700521e-03,3.22823184e-07,4.51952458e-06,1.02223552e-05,1.53335329e-04,1.59405290e-07,2.55048464e-06,9.11833739e-08,1.55011736e-06,1.54559599e-09,2.78207278e-08,8.55794727e-11,1.45485104e-09,2.22440754e-08,4.00393356e-07,7.17629697e-05,1.43525939e-03
7.23850907e+02,1.00000000e-02,1.00000000e-30,1.95139351e+00,7.11209595e-01,7.11209595e-01,6.95690830e-02,2.78276332e-01,2.92627942e-05,3.51153530e-04,4.80435931e-06,6.24566710e-05,3.83891282e-06,4.99058667e-05,1.95917667e-04,2.74284733e-03,3.75095566e-04,5.62643349e-03,1.93147340e-07,2.70406276e-06,7.59380333e-06,1.13907050e-04,1.59405290e-07,2.55048464e-06,9.12201783e-08,1.55074303e-06,1.66766546e-09,3.00179783e-08,4.87750487e-11,8.29175828e-10,2.21220059e-08,3.98196106e-07,7.17629697e-05,1.43525939e-03
7.80244249e+02,1.00000000e-02,1.00000000e-30,1.95139351e+00,7.11209595e-01,7.11209595e-01,6.95690830e-02,2.78276332e-01,2.92627942e-05,3.51153530e-04,5.04726919e-06,6.56144994e-05,3.59600295e-06,4.67480383e-05,1.95999786e-04,2.74399700e-03,3.77177353e-04,5.65766029e-03,1.11028235e-07,1.55439530e-06,5.51201668e-06,8.26802503e-05,1.59405290e-07,2.55048464e-06,9.12423459e-08,1.55111988e-06,1.79849496e-09,3.23729093e-08,2.66074323e-11,4.52326349e-10,2.19911764e-08,3.95841175e-07,7.17629697e-05,1.43525939e-03
8.41031051e+02,1.00000000e-02,1.00000000e-30,1.95139351e+00,7.11209595e-01,7.11209595e-01,6.95690830e-02,2.78276332e-01,2.92627942e-05,3.51153530e-04,5.29191912e-06,6.87949485e-05,3.35135301e-06,4.35675892e-05,1.96049685e-04,2.74469559e-03,3.78787066e-04,5.68180600e-03,6.11286782e-08,8.55801495e-07,3.90230304e-06,5.85345456e-05,1.59405290e-07,2.55048464e-06,9.12551080e-08,1.55133684e-06,1.93865069e-09,3.48957123e-08,1.38453377e-11,2.35370742e-10,2.18510207e-08,3.93318372e-07,7.17629697e-05,1.43525939e-03
9.06553593e+02,1.00000000e-02,1.00000000e-30,1.95139351e+00,7.11209595e-01,7.11209595e-01,6.95690830e-02,2.78276332e-01,2.92627942e-05,3.51153530e-04,5.53702247e-06,7.19812922e-05,3.10624966e-06,4.03812455e-05,1.96078687e-04,2.74510162e-03,3.80000027e-04,5.70000040e-03,3.21265335e-08,4.49771470e-07,2.68934280e-06,4.03401421e-05,1.59405290e-07,2.55048464e-06,9.12621063e-08,1.55145581e-06,2.08872540e-09,3.75970572e-08,6.84702402e-12,1.16399408e-10,2.17009459e-08,3.90617027e-07,7.17629697e-05,1.43525939e-03
9.77180827e+02,1.00000000e-02,1.00000000e-30,1.95139351e+00,7.11209595e-01,7.11209595e-01,6.95690830e-02,2.78276332e-01,2.92627942e-05,3.51153530e-04,5.78118497e-06,7.51554045e-05,2.86208717e-06,3.72071332e-05,1.96094755e-04,2.74532657e-03,3.80888942e-04,5.71333413e-03,1.60589382e-08,2.24825134e-07,1.80042762e-06,2.70064143e-05,1.59405290e-07,2.55048464e-06,9.12657480e-08,1.55151772e-06,2.24933794e-09,4.04880829e-08,3.20535298e-12,5.44910007e-11,2.15403334e-08,3.87726001e-07,7.17629697e-05,1.43525939e-03
1.05331045e+03,1.00000000e-02,1.00000000e-30,1.95139351e+00,7.11209595e-01,7.11209595e-01,6.95690830e-02,2.78276332e-01,2.92627942e-05,3.51153530e-04,6.02292111e-06,7.82979744e-05,2.62035102e-06,3.40645633e-05,1.96103209e-04,2.74544492e-03,3.81521140e-04,5.72281710e-03,7.60515710e-09,1.06472199e-07,1.16822961e-06,1.75234441e-05,1.59405290e-07,2.55048464e-06,9.12675390e-08,1.55154816e-06,2.42113240e-09,4.35803832e-08,1.41439121e-12,2.40446506e-11,2.13685389e-08,3.84633701e-07,7.17629697e-05,1.43525939e-03
1.13537112e+03,1.00000000e-02,1.00000000e-30,1.95139351e+00,7.11209595e-01,7.11209595e-01,6.95690830e-02,2.78276332e-01,2.92627942e-05,3.51153530e-04,6.26067609e-06,8.13887892e-05,2.38259604e-06,3.09737485e-05,1.96107416e-04,2.74550382e-03,3.81956467e-04,5.72934701e-03,3.39789665e-09,4.75705531e-08,7.32902237e-07,1.09935335e-05,1.59405290e-07,2.55048464e-06,9.12683678e-08,1.55156225e-06,2.60477682e-09,4.68859828e-08,5.85574671e-13,9.95476941e-12,2.11848945e-08,3.81328101e-07,7.17629697e-05,1.43525939e-03
1.22382494e+03,1.00000000e-02,1.00000000e-30,1.95139351e+00,7.11209595e-01,7.11209595e-01,6.95690830e-02,2.78276332e-01,2.92627942e-05,3.51153530e-04,6.49285319e-06,8.44070915e-05,2.15041894e-06,2.79554462e-05,1.96109388e-04,2.74553143e-03,3.82245976e-04,5.73368964e-03,1.42577996e-09,1.99609195e-08,4.43393195e-07,6.65089793e-06,1.59405290e-07,2.55048464e-06,9.12687270e-08,1.55156836e-06,2.80096140e-09,5.04173052e-08,2.26338013e-13,3.84774622e-12,2.09887099e-08,3.77796779e-07,7.17629697e-05,1.43525939e-03
1.31916996e+03,1.00000000e-02,1.00000000e-30,1.95139351e+00,7.11209595e-01,7.11209595e-01,6.95690830e-02,2.78276332e-01,2.92627942e-05,3.51153530e-04,6.71784659e-06,8.73320057e-05,1.92542554e-06,2.50305320e-05,1.96110255e-04,2.74554357e-03,3.82431424e-04,5.73647136e-03,5.59128264e-10,7.82779570e-09,2.57945623e-07,3.86918435e-06,1.59405290e-07,2.55048464e-06,9.12688721e-08,1.55157083e-06,3.01039609e-09,5.41871297e-08,8.12401206e-14,1.38108205e-12,2.07792752e-08,3.74026954e-07,7.17629697e-05,1.43525939e-03
1.42194306e+03,1.00000000e-02,1.00000000e-30,1.95139351e+00,7.11209595e-01,7.11209595e-01,6.95690830e-02,2.78276332e-01,2.92627942e-05,3.51153530e-04,6.93407912e-06,9.01430285e-05,1.70919301e-06,2.22195092e-05,1.96110610e-04,2.74554854e-03,3.82545510e-04,5.73818265e-03,2.03843939e-10,2.85381514e-09,1.43859561e-07,2.15789341e-06,1.59405290e-07,2.55048464e-06,9.12689264e-08,1.55157175e-06,3.23380751e-09,5.82085352e-08,2.69225270e-14,4.57682958e-13,2.05558638e-08,3.70005549e-07,7.17629697e-05,1.43525939e-03
1.53272295e+03,1.00000000e-02,1.00000000e-30,1.95139351e+00,7.11209595e-01,7.11209595e-01,6.95690830e-02,2.78276332e-01,2.92627942e-05,3.51153530e-04,7.14004397e-06,9.28205717e-05,1.50322816e-06,1.95419661e-05,1.96110745e-04,2.74555043e-03,3.82612705e-04,5.73919058e-03,6.86979923e-11,9.61771892e-10,7.66642332e-08,1.14996350e-06,1.59405290e-07,2.55048464e-06,9.12689452e-08,1.55157207e-06,3.47193505e-09,6.24948308e-08,8.18638933e-15,1.39168619e-13,2.03177363e-08,3.65719253e-07,7.17629697e-05,1.43525939e-03
1.65213341e+03,1.00000000e-02,1.00000000e-30,1.95139351e+00,7.11209595e-01,7.11209595e-01,6.95690830e-02,2.78276332e-01,2.92627942e-05,3.51153530e-04,7.33434914e-06,9.53465389e-05,1.30892299e-06,1.70159989e-05,1.96110793e-04,2.74555110e-03,3.82650469e-04,5.73975704e-03,2.12711266e-11,2.97795772e-10,3.89001441e-08,5.83502161e-07,1.59405290e-07,2.55048464e-06,9.12689511e-08,1.55157217e-06,3.72552611e-09,6.70594699e-08,2.26876274e-15,3.85689665e-14,2.00641452e-08,3.61154614e-07,7.17629697e-05,1.43525939e-03
1.78084683e+03,1.00000000e-02,1.00000000e-30,1.95139351e+00,7.11209595e-01,7.11209595e-01,6.95690830e-02,2.78276332e-01,2.92627942e-05,3.51153530e-04,7.51576263e-06,9.77049142e-05,1.12750950e-06,1.46576236e-05,1.96110808e-04,2.74555131e-03,3.82670647e-04,5.74005971e-03,6.01132319e-12,8.41585246e-11,1.87221126e-08,2.80831689e-07,1.59405290e-07,2.55048464e-06,9.12689528e-08,1.55157220e-06,3.99533031e-09,7.19159456e-08,5.68941589e-16,9.67200701e-15,1.97943410e-08,3.56298139e-07,7.17629697e-05,1.43525939e-03
1.91958797e+03,1.00000000e-02,1.00000000e-30,1.95139351e+00,7.11209595e-01,7.11209595e-01,6.95690830e-02,2.78276332e-01,2.92627942e-05,3.51153530e-04,7.68325628e-06,9.98823316e-05,9.60015853e-07,1.24802061e-05,1.96110812e-04,2.74555137e-03,3.82680858e-04,5.74021287e-03,1.53954538e-12,2.15536354e-11,8.51168200e-09,1.27675230e-07,1.59405290e-07,2.55048464e-06,9.12689532e-08,1.55157220e-06,4.28209262e-09,7.70776671e-08,1.28098972e-16,2.17768252e-15,1.95075787e-08,3.51136417e-07,7.17629697e-05,1.43525939e-03
2.06913808e+03,1.00000000e-02,1.00000000e-30,1.95139351e+00,7.11209595e-01,7.11209595e-01,6.95690830e-02,2.78276332e-01,2.92627942e-05,3.51153530e-04,7.83604564e-06,1.01868593e-04,8.07226488e-07,1.04939443e-05,1.96110814e-04,2.74555139e-03,3.82685730e-04,5.74028595e-03,3.54590123e-13,4.96426172e-12,3.63919354e-09,5.45879031e-08,1.59405290e-07,2.55048464e-06,9.12689533e-08,1.55157221e-06,4.58654514e-09,8.25578126e-08,2.56789244e-17,4.36541715e-16,1.92031262e-08,3.45656272e-07,7.17629697e-05,1.43525939e-03
2.23033925e+03,1.00000000e-02,1.00000000e-30,1.95139351e+00,7.11209595e-01,7.11209595e-01,6.95690830e-02,2.78276332e-01,2.92627942e-05,3.51153530e-04,7.97362301e-06,1.03657099e-04,6.69649118e-07,8.70543854e-06,1.96110814e-04,2.74555139e-03,3.82687913e-04,5.74031870e-03,7.28420115e-14,1.01978816e-12,1.45628470e-09,2.18442705e-08,1.59405290e-07,2.55048464e-06,9.12689533e-08,1.55157221e-06,4.90939769e-09,8.83691584e-08,4.54183294e-18,7.72111600e-17,1.88802737e-08,3.39844926e-07,7.17629697e-05,1.43525939e-03
2.40409918e+03,1.00000000e-02,1.00000000e-30,1.95139351e+00,7.11209595e-01,7.11209595e-01,6.95690830e-02,2.78276332e-01,2.92627942e-05,3.51153530e-04,8.09578091e-06,1.05245152e-04,5.47491222e-07,7.11738588e-06,1.96110814e-04,2.74555139e-03,3.82688827e-04,5.74033240e-03,1.32278117e-14,1.85189363e-13,5.42624081e-10,8.13936122e-09,1.59405290e-07,2.55048464e-06,9.12689533e-08,1.55157221e-06,5.25132676e-09,9.45238817e-08,7.01895103e-19,1.19322168e-17,1.85383446e-08,3.33690202e-07,7.17629697e-05,1.43525939e-03
2.59139630e+03,1.00000000e-02,1.00000000e-30,1.95139351e+00,7.11209595e-01,7.11209595e-01,6.95690830e-02,2.78276332e-01,2.92627942e-05,3.51153530e-04,8.20262348e-06,1.06634105e-04,4.40648654e-07,5.72843250e-06,1.96110814e-04,2.74555139e-03,3.82689182e-04,5.74033773e-03,2.10316300e-15,2.94442819e-14,1.87218716e-10,2.80828074e-09,1.59405290e-07,2.55048464e-06,9.12689533e-08,1.55157221e-06,5.61296299e-09,1.01033334e-07,9.37850286e-20,1.59434549e-18,1.81767084e-08,3.27180750e-07,7.17629697e-05,1.43525939e-03
2.79328525e+03,1.00000000e-02,1.00000000e-30,1.95139351e+00,7.11209595e-01,7.11209595e-01,6.95690830e-02,2.78276332e-01,2.92627942e-05,3.51153530e-04,8.29456385e-06,1.07829330e-04,3.48708279e-07,4.53320763e-06,1.96110814e-04,2.74555139e-03,3.82689310e-04,5.74033965e-03,2.89760900e-16,4.05665260e-15,5.94558486e-11,8.91837729e-10,1.59405290e-07,2.55048464e-06,9.12689533e-08,1.55157221e-06,5.99487695e-09,1.07907785e-07,1.07125492e-20,1.82113336e-19,1.77947944e-08,3.20306299e-07,7.17629697e-05,1.43525939e-03
3.01090284e+03,1.00000000e-02,1.00000000e-30,1.95139351e+00,7.11209595e-01,7.11209595e-01,6.95690830e-02,2.78276332e-01,2.92627942e-05,3.51153530e-04,8.37230643e-06,1.08839984e-04,2.70965704e-07,3.52255415e-06,1.96110814e-04,2.74555139e-03,3.82689352e-04,5.74034028e-03,3.42090752e-17,4.78927053e-16,1.72675191e-11,2.59012786e-10,1.59405290e-07,2.55048464e-06,9.12689533e-08,1.55157221e-06,6.39756320e-09,1.15156138e-07,1.03334329e-21,1.75668359e-20,1.73921081e-08,3.13057947e-07,7.17629697e-05,1.43525939e-03
3.24547446e+03,1.00000000e-02,1.00000000e-30,1.95139351e+00,7.11209595e-01,7.11209595e-01,6.95690830e-02,2.78276332e-01,2.92627942e-05,3.51153530e-04,8.43681409e-06,1.09678583e-04,2.06458039e-07,2.68395451e-06,1.96110814e-04,2.74555139e-03,3.82689365e-04,5.74034047e-03,3.41942447e-18,4.78719426e-17,4.55440693e-12,6.83161040e-11,1.59405290e-07,2.55048464e-06,9.12689533e-08,1.55157221e-06,6.82142259e-09,1.22785607e-07,8.30749874e-23,1.41227479e-21,1.69682487e-08,3.05428477e-07,7.17629697e-05,1.43525939e-03
3.49832094e+03,1.00000000e-02,1.00000000e-30,1.95139351e+00,7.11209595e-01,7.11209595e-01,6.95690830e-02,2.78276332e-01,2.92627942e-05,3.51153530e-04,8.48926183e-06,1.10360404e-04,1.54010300e-07,2.00213390e-06,1.96110814e-04,2.74555139e-03,3.82689368e-04,5.74034053e-03,2.85655626e-19,3.99917876e-18,1.08278200e-12,1.62417299e-11,1.59405290e-07,2.55048464e-06,9.12689533e-08,1.55157221e-06,7.26674285e-09,1.30801371e-07,5.48788773e-24,9.32940914e-23,1.65229285e-08,2.97412713e-07,7.17629697e-05,1.43525939e-03
3.77086603e+03,1.00000000e-02,1.00000000e-30,1.95139351e+00,7.11209595e-01,7.11209595e-01,6.95690830e-02,2.78276332e-01,2.92627942e-05,3.51153530e-04,8.53097943e-06,1.10902733e-04,1.12292700e-07,1.45980510e-06,1.96110814e-04,2.74555139e-03,3.82689369e-04,5.74034054e-03,1.96671030e-20,2.75339441e-19,2.30167779e-13,3.45251668e-12,1.59405290e-07,2.55048464e-06,9.12689533e-08,1.55157221e-06,7.73367745e-09,1.39206194e-07,2.93363004e-25,4.98717107e-24,1.60559939e-08,2.89007890e-07,7.17629697e-05,1.43525939e-03
4.06464440e+03,1.00000000e-02,1.00000000e-30,1.95139351e+00,7.11209595e-01,7.11209595e-01,6.95690830e-02,2.78276332e-01,2.92627942e-05,3.51153530e-04,8.56338726e-06,1.11324034e-04,7.98848679e-08,1.03850328e-06,1.96110814e-04,2.74555139e-03,3.82689369e-04,5.74034054e-03,1.09926458e-21,1.53897041e-20,4.33666285e-14,6.50499428e-13,1.59405290e-07,2.55048464e-06,9.12689533e-08,1.55157221e-06,8.22222308e-09,1.48000015e-07,1.24826880e-26,2.12205696e-25,1.55674483e-08,2.80214069e-07,7.17629697e-05,1.43525939e-03
4.38131027e+03,1.00000000e-02,1.00000000e-30,1.95139351e+00,7.11209595e-01,7.11209595e-01,6.95690830e-02,2.78276332e-01,2.92627942e-05,3.51153530e-04,8.58792998e-06,1.11643090e-04,5.53421500e-08,7.19447950e-07,1.96110814e-04,2.74555139e-03,3.82689369e-04,5.74034054e-03,4.90765372e-23,6.87071521e-22,7.17451480e-15,1.07617722e-13,1.59405290e-07,2.55048464e-06,9.12689533e-08,1.55157221e-06,8.73219570e-09,1.57179523e-07,4.15328491e-28,7.06058435e-27,1.50574756e-08,2.71034562e-07,7.17629697e-05,1.43525939e-03
4.72264677e+03,1.00000000e-02,1.00000000e-30,1.95139351e+00,7.11209595e-01,7.11209595e-01,6.95690830e-02,2.78276332e-01,2.92627942e-05,3.51153530e-04,8.60601337e-06,1.11878174e-04,3.72587629e-08,4.84363918e-07,1.96110814e-04,2.74555139e-03,3.82689369e-04,5.74034054e-03,1.71970091e-24,2.40758127e-23,1.03170480e-15,1.54755720e-14,1.59405290e-07,2.55048464e-06,9.12689533e-08,1.55157221e-06,9.26320586e-09,1.66737705e-07,1.06007080e-29,1.80212037e-28,1.45264655e-08,2.61476379e-07,7.17629697e-05,1.43525939e-03
5.09057590e+03,1.00000000e-02,1.00000000e-30,1.95139351e+00,7.11209595e-01,7.11209595e-01,6.95690830e-02,2.78276332e-01,2.92627942e-05,3.51153530e-04,8.61894930e-06,1.12046341e-04,2.43228350e-08,3.16196855e-07,1.96110814e-04,2.74555139e-03,3.82689369e-04,5.74034054e-03,4.64134373e-26,6.49788123e-25,1.27556274e-16,1.91334410e-15,1.59405290e-07,2.55048464e-06,9.12689533e-08,1.55157221e-06,9.81463343e-09,1.76663402e-07,2.03313847e-31,3.45633540e-30,1.39750379e-08,2.51550682e-07,7.17629697e-05,1.43525939e-03
5.48716944e+03,1.00000000e-02,1.00000000e-30,1.95139351e+00,7.11209595e-01,7.11209595e-01,6.95690830e-02,2.78276332e-01,2.92627942e-05,3.51153530e-04,8.62791287e-06,1.12162867e-04,1.53592638e-08,1.99670429e-07,1.96110814e-04,2.74555139e-03,3.82689369e-04,5.74034054e-03,9.45392926e-28,1.32355010e-26,1.34004636e-17,2.01006954e-16,1.59405290e-07,2.55048464e-06,9.12689533e-08,1.55157221e-06,1.03856026e-08,1.86940847e-07,2.86561596e-33,4.87154713e-32,1.34040687e-08,2.41273237e-07,7.17629697e-05,1.43525939e-03
5.91466054e+03,1.00000000e-02,1.00000000e-30,1.95139351e+00,7.11209595e-01,7.11209595e-01,6.95690830e-02,2.78276332e-01,2.92627942e-05,3.51153530e-04,8.63391435e-06,1.12240887e-04,9.35778063e-09,1.21651148e-07,1.96110814e-04,2.74555139e-03,3.82689369e-04,5.74034054e-03,1.42178580e-29,1.99050011e-28,1.18113042e-18,1.77169563e-17,1.59405290e-07,2.55048464e-06,9.12689533e-08,1.55157221e-06,1.09749579e-08,1.97549241e-07,2.89776860e-35,4.92620661e-34,1.28147135e-08,2.30664843e-07,7.17629697e-05,1.43525939e-03
6.37545637e+03,1.00000000e-02,1.00000000e-30,1.95139351e+00,7.11209595e-01,7.11209595e-01,6.95690830e-02,2.78276332e-01,2.92627942e-05,3.51153530e-04,8.63778671e-06,1.12291227e-04,5.48541782e-09,7.13104317e-08,1.96110814e-04,2.74555139e-03,3.82689369e-04,5.74034054e-03,1.54157905e-31,2.15821067e-30,8.61557663e-20,1.29233649e-18,1.59405290e-07,2.55048464e-06,9.12689533e-08,1.55157221e-06,1.15812419e-08,2.08462354e-07,2.04811837e-37,3.48180122e-36,1.22084295e-08,2.19751731e-07,7.17629697e-05,1.43525939e-03
6.87215161e+03,1.00000000e-02,1.00000000e-30,1.95139351e+00,7.11209595e-01,7.11209595e-01,6.95690830e-02,2.78276332e-01,2.92627942e-05,3.51153530e-04,8.64018770e-06,1.12322440e-04,3.08443080e-09,4.00976004e-08,1.96110814e-04,2.74555139e-03,3.82689369e-04,5.74034054e-03,1.17322605e-33,1.64251648e-32,5.12465636e-21,7.68698454e-20,1.59405290e-07,2.55048464e-06,9.12689533e-08,1.55157221e-06,1.22026764e-08,2.19648176e-07,9.81857145e-40,1.66915715e-38,1.15869949e-08,2.08565908e-07,7.17629697e-05,1.43525939e-03
7.40754307e+03,1.00000000e-02,1.00000000e-30,1.95139351e+00,7.11209595e-01,7.11209595e-01,6.95690830e-02,2.78276332e-01,2.92627942e-05,3.51153530e-04,8.64161384e-06,1.12340980e-04,1.65828845e-09,2.15577498e-08,1.96110814e-04,2.74555139e-03,3.82689369e-04,5.74034054e-03,6.09758263e-36,8.53661568e-35,2.44610227e-22,3.66915341e-21,1.59405290e-07,2.55048464e-06,9.12689533e-08,1.55157221e-06,1.28371479e-08,2.31068661e-07,3.09867781e-42,5.26775227e-41,1.09525235e-08,1.97145423e-07,7.17629697e-05,1.43525939e-03
7.98464550e+03,1.00000000e-02,1.00000000e-30,1.95139351e+00,7.11209595e-01,7.11209595e-01,6.95690830e-02,2.78276332e-01,2.92627942e-05,3.51153530e-04,8.64242266e-06,1.12351495e-04,8.49470733e-10,1.10431195e-08,1.96110814e-04,2.74555139e-03,3.82689369e-04,5.74034054e-03,2.10574811e-38,2.94804735e-37,9.21277851e-24,1.38191678e-22,1.59405290e-07,2.55048464e-06,9.12689533e-08,1.55157221e-06,1.34821980e-08,2.42679565e-07,6.25589964e-45,1.06350294e-43,1.03074733e-08,1.85534520e-07,7.17629697e-05,1.43525939e-03
8.60670847e+03,1.00000000e-02,1.00000000e-30,1.95139351e+00,7.11209595e-01,7.11209595e-01,6.95690830e-02,2.78276332e-01,2.92627942e-05,3.51153530e-04,8.64285908e-06,1.12357168e-04,4.13050957e-10,5.36966244e-09,1.96110814e-04,2.74555139e-03,3.82689369e-04,5.74034054e-03,4.67551216e-41,6.54571702e-40,2.68760464e-25,4.03140697e-24,1.59405290e-07,2.55048464e-06,9.12689533e-08,1.55157221e-06,1.41350232e-08,2.54430417e-07,7.78552532e-48,1.32353930e-46,9.65464816e-09,1.73783667e-07,7.17629697e-05,1.43525939e-03
9.27723476e+03,1.00000000e-02,1.00000000e-30,1.95139351e+00,7.11209595e-01,7.11209595e-01,6.95690830e-02,2.78276332e-01,2.92627942e-05,3.51153530e-04,8.64308226e-06,1.12360069e-04,1.89872852e-10,2.46834708e-09,1.96110814e-04,2.74555139e-03,3.82689369e-04,5.74034054e-03,6.43967397e-44,9.01554356e-43,5.95298648e-27,8.92947972e-26,1.59405290e-07,2.55048464e-06,9.12689533e-08,1.55157221e-06,1.47924815e-08,2.66264666e-07,5.73991528e-51,9.75785598e-50,8.99718988e-09,1.61949418e-07,7.17629697e-05,1.43525939e-03
1.00000000e+04,1.00000000e-02,1.00000000e-30,1.95139351e+00,7.11209595e-01,7.11209595e-01,6.95690830e-02,2.78276332e-01,2.92627942e-05,3.51153530e-04,8.64318998e-06,1.12361470e-04,8.21532814e-11,1.06799266e-09,1.96110814e-04,2.74555139e-03,3.82689369e-04,5.74034054e-03,5.30959535e-47,7.43343349e-46,9.79913439e-29,1.46987016e-27,1.59405290e-07,2.55048464e-06,9.12689533e-08,1.55157221e-06,1.54511115e-08,2.78120007e-07,2.41300583e-54,4.10210991e-53,8.33855985e-09,1.50094077e-07,7.17629697e-05,1.43525939e-03
