time,t9,rho,R15_14,Y_h1,X_h1,Y_he4,X_he4,Y_c12,X_c12,Y_c13,X_c13,Y_n13,X_n13,Y_n14,X_n14,Y_n15,X_n15,Y_o14,X_o14,Y_o15,X_o15,Y_o16,X_o16,Y_o17,X_o17,Y_o18,X_o18,Y_f17,X_f17,Y_f18,X_f18,Y_ne20,X_ne20
0.00000000e+00,2.00000000e-01,4.06600000e+03,3.67647059e-03,7.12941125e-01,7.12941125e-01,6.91377283e-02,2.76550913e-01,1.89972106e-04,2.27966527e-03,2.13235956e-06,2.77206743e-05,0.00000000e+00,0.00000000e+00,5.71014320e-05,7.99420047e-04,2.09931735e-07,3.14897603e-06,0.00000000e+00,0.00000000e+00,0.00000000e+00,0.00000000e+00,3.62073936e-04,5.79318297e-03,1.37916336e-07,2.34457772e-06,7.25875455e-07,1.30657582e-05,0.00000000e+00,0.00000000e+00,0.00000000e+00,0.00000000e+00,7.17611355e-05,1.43522271e-03
1.00000000e-09,2.00000000e-01,4.06599998e+03,3.67839801e-03,7.12941124e-01,7.12941124e-01,6.91377286e-02,2.76550914e-01,1.89972159e-04,2.27966591e-03,2.13235938e-06,2.77206719e-05,5.31492366e-12,6.90940076e-11,5.71014309e-05,7.99420032e-04,2.10040505e-07,3.15060758e-06,1.73972331e-20,2.43561263e-19,1.28469217e-12,1.92703826e-11,3.62073936e-04,5.79318297e-03,1.37916307e-07,2.34457722e-06,7.25706898e-07,1.30627242e-05,1.27598396e-13,2.16917273e-12,5.83141751e-17,1.04965515e-15,7.17611355e-05,1.43522271e-03
1.07790740e-09,2.00000000e-01,4.06599998e+03,3.67854812e-03,7.12941124e-01,7.12941124e-01,6.91377286e-02,2.76550914e-01,1.89972163e-04,2.27966596e-03,2.13235937e-06,2.77206717e-05,5.72899561e-12,7.44769429e-11,5.71014308e-05,7.99420031e-04,2.10048976e-07,3.15073465e-06,2.02135734e-20,2.82990027e-19,1.38477920e-12,2.07716880e-11,3.62073936e-04,5.79318297e-03,1.37916305e-07,2.34457718e-06,7.25693767e-07,1.30624878e-05,1.37539255e-13,2.33816734e-12,6.28572795e-17,1.13143103e-15,7.17611355e-05,1.43522271e-03
1.16188436e-09,2.00000000e-01,4.06599998e+03,3.67870992e-03,7.12941124e-01,7.12941124e-01,6.91377286e-02,2.76550914e-01,1.89972168e-04,2.27966601e-03,2.13235935e-06,2.77206715e-05,6.17532683e-12,8.02792488e-11,5.71014307e-05,7.99420030e-04,2.10058107e-07,3.15087160e-06,2.34858351e-20,3.28801692e-19,1.49266374e-12,2.23899561e-11,3.62073936e-04,5.79318297e-03,1.37916303e-07,2.34457714e-06,7.25679615e-07,1.30622331e-05,1.48254581e-13,2.52032788e-12,6.77543252e-17,1.21957785e-15,7.17611355e-05,1.43522271e-03
1.25240375e-09,2.00000000e-01,4.06599997e+03,3.67888431e-03,7.12941124e-01,7.12941124e-01,6.91377286e-02,2.76550915e-01,1.89972173e-04,2.27966607e-03,2.13235933e-06,2.77206713e-05,6.65643057e-12,8.65335974e-11,5.71014306e-05,7.99420029e-04,2.10067948e-07,3.15101923e-06,2.72878249e-20,3.82029548e-19,1.60895329e-12,2.41342994e-11,3.62073936e-04,5.79318297e-03,1.37916300e-07,2.34457710e-06,7.25664359e-07,1.30619585e-05,1.59804710e-13,2.71668007e-12,7.30328867e-17,1.31459196e-15,7.17611355e-05,1.43522271e-03
1.34997528e-09,2.00000000e-01,4.06599997e+03,3.67907228e-03,7.12941124e-01,7.12941124e-01,6.91377287e-02,2.76550915e-01,1.89972178e-04,2.27966613e-03,2.13235931e-06,2.77206711e-05,7.17501586e-12,9.32752062e-11,5.71014305e-05,7.99420027e-04,2.10078556e-07,3.15117834e-06,3.17052973e-20,4.43874163e-19,1.73430265e-12,2.60145398e-11,3.62073936e-04,5.79318297e-03,1.37916297e-07,2.34457705e-06,7.25647916e-07,1.30616625e-05,1.72254679e-13,2.92832955e-12,7.87226869e-17,1.41700836e-15,7.17611355e-05,1.43522271e-03
1.45514834e-09,2.00000000e-01,4.06599997e+03,3.67927488e-03,7.12941124e-01,7.12941124e-01,6.91377287e-02,2.76550915e-01,1.89972184e-04,2.27966620e-03,2.13235930e-06,2.77206708e-05,7.73400280e-12,1.00542036e-10,5.71014304e-05,7.99420026e-04,2.10089989e-07,3.15134983e-06,3.68378895e-20,5.15730453e-19,1.86941766e-12,2.80412649e-11,3.62073936e-04,5.79318297e-03,1.37916294e-07,2.34457700e-06,7.25630192e-07,1.30613435e-05,1.85674593e-13,3.15646809e-12,8.48557643e-17,1.52740376e-15,7.17611355e-05,1.43522271e-03
1.56851516e-09,1.99999999e-01,4.06599997e+03,3.67949324e-03,7.12941124e-01,7.12941124e-01,6.91377287e-02,2.76550915e-01,1.89972190e-04,2.27966628e-03,2.13235927e-06,2.77206706e-05,8.33653897e-12,1.08375007e-10,5.71014303e-05,7.99420024e-04,2.10102312e-07,3.15153468e-06,4.28013682e-20,5.99219154e-19,2.01505913e-12,3.02258869e-11,3.62073936e-04,5.79318297e-03,1.37916291e-07,2.34457694e-06,7.25611088e-07,1.30609996e-05,2.00140018e-13,3.40238031e-12,9.14666534e-17,1.64639976e-15,7.17611355e-05,1.43522271e-03
1.69071410e-09,1.99999999e-01,4.06599997e+03,3.67972861e-03,7.12941124e-01,7.12941124e-01,6.91377287e-02,2.76550915e-01,1.89972196e-04,2.27966635e-03,2.13235925e-06,2.77206703e-05,8.98601719e-12,1.16818224e-10,5.71014301e-05,7.99420022e-04,2.10115594e-07,3.15173391e-06,4.97302409e-20,6.96223372e-19,2.17204714e-12,3.25807071e-11,3.62073936e-04,5.79318297e-03,1.37916287e-07,2.34457688e-06,7.25590496e-07,1.30606289e-05,2.15732406e-13,3.66745091e-12,9.85925793e-17,1.77466643e-15,7.17611355e-05,1.43522271e-03
1.82243324e-09,1.99999999e-01,4.06599996e+03,3.67998228e-03,7.12941124e-01,7.12941124e-01,6.91377288e-02,2.76550915e-01,1.89972203e-04,2.27966644e-03,2.13235923e-06,2.77206700e-05,9.68609460e-12,1.25919230e-10,5.71014300e-05,7.99420020e-04,2.10129910e-07,3.15194864e-06,5.77807898e-20,8.08931058e-19,2.34126568e-12,3.51189852e-11,3.62073935e-04,5.79318297e-03,1.37916283e-07,2.34457682e-06,7.25568300e-07,1.30602294e-05,2.32539557e-13,3.95317247e-12,1.06273667e-16,1.91292601e-15,7.17611355e-05,1.43522271e-03
1.96441428e-09,1.99999999e-01,4.06599996e+03,3.68025570e-03,7.12941124e-01,7.12941124e-01,6.91377288e-02,2.76550915e-01,1.89972211e-04,2.27966653e-03,2.13235920e-06,2.77206696e-05,1.04407132e-11,1.35729272e-10,5.71014299e-05,7.99420018e-04,2.10145339e-07,3.15218009e-06,6.71345969e-20,9.39884356e-19,2.52366759e-12,3.78550139e-11,3.62073935e-04,5.79318297e-03,1.37916279e-07,2.34457674e-06,7.25544376e-07,1.30597988e-05,2.50656109e-13,4.26115386e-12,1.14553168e-16,2.06195702e-15,7.17611355e-05,1.43522271e-03
2.11745669e-09,1.99999999e-01,4.06599996e+03,3.68055039e-03,7.12941124e-01,7.12941124e-01,6.91377288e-02,2.76550915e-01,1.89972219e-04,2.27966663e-03,2.13235917e-06,2.77206692e-05,1.12541223e-11,1.46303590e-10,5.71014297e-05,7.99420016e-04,2.10161969e-07,3.15242954e-06,7.80026392e-20,1.09203695e-18,2.72027997e-12,4.08041995e-11,3.62073935e-04,5.79318297e-03,1.37916275e-07,2.34457667e-06,7.25518588e-07,1.30593346e-05,2.70184075e-13,4.59312927e-12,1.23477702e-16,2.22259863e-15,7.17611355e-05,1.43522271e-03
2.28242224e-09,1.99999999e-01,4.06599995e+03,3.68086801e-03,7.12941124e-01,7.12941124e-01,6.91377289e-02,2.76550915e-01,1.89972228e-04,2.27966673e-03,2.13235914e-06,2.77206689e-05,1.21309020e-11,1.57701725e-10,5.71014295e-05,7.99420013e-04,2.10179893e-07,3.15269840e-06,9.06300478e-20,1.26882067e-18,2.93220990e-12,4.39831484e-11,3.62073935e-04,5.79318297e-03,1.37916270e-07,2.34457659e-06,7.25490793e-07,1.30588343e-05,2.91233413e-13,4.95096802e-12,1.33097523e-16,2.39575541e-15,7.17611355e-05,1.43522271e-03
2.46023982e-09,1.99999999e-01,4.06599995e+03,3.68121034e-03,7.12941124e-01,7.12941124e-01,6.91377289e-02,2.76550916e-01,1.89972237e-04,2.27966685e-03,2.13235911e-06,2.77206684e-05,1.30759893e-11,1.69987861e-10,5.71014293e-05,7.99420011e-04,2.10199211e-07,3.15298817e-06,1.05301637e-19,1.47422291e-18,3.16065073e-12,4.74097610e-11,3.62073935e-04,5.79318297e-03,1.37916265e-07,2.34457650e-06,7.25460834e-07,1.30582950e-05,3.13922651e-13,5.33668506e-12,1.43466797e-16,2.58240235e-15,7.17611355e-05,1.43522271e-03
2.65191071e-09,1.99999999e-01,4.06599995e+03,3.68157929e-03,7.12941124e-01,7.12941124e-01,6.91377290e-02,2.76550916e-01,1.89972248e-04,2.27966697e-03,2.13235907e-06,2.77206680e-05,1.40947060e-11,1.83231178e-10,5.71014291e-05,7.99420008e-04,2.10220032e-07,3.15330048e-06,1.22348327e-19,1.71287658e-18,3.40688880e-12,5.11033320e-11,3.62073935e-04,5.79318297e-03,1.37916259e-07,2.34457640e-06,7.25428542e-07,1.30577138e-05,3.38379548e-13,5.75245231e-12,1.54643914e-16,2.78359046e-15,7.17611355e-05,1.43522271e-03
2.85851418e-09,1.99999999e-01,4.06599994e+03,3.68197694e-03,7.12941124e-01,7.12941124e-01,6.91377290e-02,2.76550916e-01,1.89972259e-04,2.27966710e-03,2.13235904e-06,2.77206675e-05,1.51927883e-11,1.97506248e-10,5.71014289e-05,7.99420005e-04,2.10242472e-07,3.15363708e-06,1.42154610e-19,1.99016454e-18,3.67231063e-12,5.50846595e-11,3.62073935e-04,5.79318297e-03,1.37916253e-07,2.34457630e-06,7.25393735e-07,1.30570872e-05,3.64741818e-13,6.20061090e-12,1.66691810e-16,3.00045258e-15,7.17611355e-05,1.43522271e-03
3.08121359e-09,1.99999999e-01,4.06599994e+03,3.68240551e-03,7.12941124e-01,7.12941124e-01,6.91377290e-02,2.76550916e-01,1.89972271e-04,2.27966725e-03,2.13235899e-06,2.77206669e-05,1.63764194e-11,2.12893452e-10,5.71014287e-05,7.99420001e-04,2.10266657e-07,3.15399985e-06,1.65167221e-19,2.31234110e-18,3.95841079e-12,5.93761618e-11,3.62073935e-04,5.79318297e-03,1.37916246e-07,2.34457619e-06,7.25356219e-07,1.30564119e-05,3.93157904e-13,6.68368436e-12,1.79678325e-16,3.23420985e-15,7.17611355e-05,1.43522271e-03
3.32126293e-09,1.99999999e-01,4.06599993e+03,3.68286740e-03,7.12941124e-01,7.12941124e-01,6.91377291e-02,2.76550916e-01,1.89972284e-04,2.27966740e-03,2.13235895e-06,2.77206664e-05,1.76522642e-11,2.29479435e-10,5.71014284e-05,7.99419998e-04,2.10292722e-07,3.15439083e-06,1.91905215e-19,2.68667301e-18,4.26680026e-12,6.40020039e-11,3.62073935e-04,5.79318297e-03,1.37916239e-07,2.34457607e-06,7.25315783e-07,1.30556841e-05,4.23787813e-13,7.20439282e-12,1.93676583e-16,3.48617850e-15,7.17611355e-05,1.43522271e-03
3.58001389e-09,1.99999999e-01,4.06599993e+03,3.68336519e-03,7.12941124e-01,7.12941124e-01,6.91377292e-02,2.76550917e-01,1.89972297e-04,2.27966757e-03,2.13235890e-06,2.77206657e-05,1.90275069e-11,2.47357589e-10,5.71014281e-05,7.99419994e-04,2.10320814e-07,3.15481220e-06,2.22971673e-19,3.12160342e-18,4.59921555e-12,6.89882332e-11,3.62073935e-04,5.79318296e-03,1.37916232e-07,2.34457594e-06,7.25272198e-07,1.30548996e-05,4.56804019e-13,7.76566832e-12,2.08765407e-16,3.75777733e-15,7.17611355e-05,1.43522271e-03
3.85892347e-09,1.99999999e-01,4.06599992e+03,3.68390168e-03,7.12941124e-01,7.12941124e-01,6.91377292e-02,2.76550917e-01,1.89972312e-04,2.27966775e-03,2.13235885e-06,2.77206651e-05,2.05098912e-11,2.66628585e-10,5.71014278e-05,7.99419990e-04,2.10351088e-07,3.15526632e-06,2.59067306e-19,3.62694228e-18,4.95752844e-12,7.43629267e-11,3.62073935e-04,5.79318296e-03,1.37916224e-07,2.34457580e-06,7.25225221e-07,1.30540540e-05,4.92392431e-13,8.37067133e-12,2.25029760e-16,4.05053568e-15,7.17611355e-05,1.43522271e-03
4.15956216e-09,1.99999999e-01,4.06599992e+03,3.68447986e-03,7.12941124e-01,7.12941124e-01,6.91377293e-02,2.76550917e-01,1.89972328e-04,2.27966794e-03,2.13235880e-06,2.77206643e-05,2.21077643e-11,2.87400936e-10,5.71014275e-05,7.99419985e-04,2.10383716e-07,3.15575573e-06,3.01006259e-19,4.21408762e-18,5.34375656e-12,8.01563484e-11,3.62073935e-04,5.79318296e-03,1.37916215e-07,2.34457566e-06,7.25174587e-07,1.30531426e-05,5.30753444e-13,9.02280854e-12,2.42561223e-16,4.36610202e-15,7.17611355e-05,1.43522271e-03
4.48362284e-09,1.99999999e-01,4.06599991e+03,3.68510296e-03,7.12941123e-01,7.12941123e-01,6.91377294e-02,2.76550917e-01,1.89972346e-04,2.27966815e-03,2.13235874e-06,2.77206636e-05,2.38301238e-11,3.09791609e-10,5.71014272e-05,7.99419980e-04,2.10418878e-07,3.15628317e-06,3.49734473e-19,4.89628263e-18,5.76007470e-12,8.64011205e-11,3.62073935e-04,5.79318296e-03,1.37916206e-07,2.34457549e-06,7.25120013e-07,1.30521602e-05,5.72103063e-13,9.72575207e-12,2.61458514e-16,4.70625326e-15,7.17611355e-05,1.43522271e-03
4.83293024e-09,1.99999998e-01,4.06599990e+03,3.68577446e-03,7.12941123e-01,7.12941123e-01,6.91377294e-02,2.76550918e-01,1.89972365e-04,2.27966837e-03,2.13235867e-06,2.77206627e-05,2.56866679e-11,3.33926683e-10,5.71014268e-05,7.99419975e-04,2.10456771e-07,3.15685157e-06,4.06351027e-19,5.68891437e-18,6.20882710e-12,9.31324065e-11,3.62073935e-04,5.79318296e-03,1.37916195e-07,2.34457532e-06,7.25061192e-07,1.30511014e-05,6.16674123e-13,1.04834601e-11,2.81828040e-16,5.07290472e-15,7.17611355e-05,1.43522271e-03
5.20945127e-09,1.99999998e-01,4.06599989e+03,3.68649811e-03,7.12941123e-01,7.12941123e-01,6.91377295e-02,2.76550918e-01,1.89972385e-04,2.27966862e-03,2.13235860e-06,2.77206618e-05,2.76878508e-11,3.59942061e-10,5.71014264e-05,7.99419969e-04,2.10497608e-07,3.15746411e-06,4.72132917e-19,6.60986084e-18,6.69254062e-12,1.00388109e-10,3.62073935e-04,5.79318296e-03,1.37916184e-07,2.34457513e-06,7.24997793e-07,1.30499603e-05,6.64717599e-13,1.13001992e-11,3.03784498e-16,5.46812097e-15,7.17611355e-05,1.43522271e-03
5.61530608e-09,1.99999998e-01,4.06599989e+03,3.68727794e-03,7.12941123e-01,7.12941123e-01,6.91377296e-02,2.76550918e-01,1.89972407e-04,2.27966888e-03,2.13235853e-06,2.77206608e-05,2.98449408e-11,3.87984231e-10,5.71014259e-05,7.99419963e-04,2.10541614e-07,3.15812422e-06,5.48563870e-19,7.67989419e-18,7.21393899e-12,1.08209085e-10,3.62073935e-04,5.79318296e-03,1.37916172e-07,2.34457493e-06,7.24929461e-07,1.30487303e-05,7.16504016e-13,1.21805683e-11,3.27451522e-16,5.89412740e-15,7.17611355e-05,1.43522271e-03
6.05277998e-09,1.99999998e-01,4.06599988e+03,3.68811831e-03,7.12941123e-01,7.12941123e-01,6.91377297e-02,2.76550919e-01,1.89972430e-04,2.27966916e-03,2.13235845e-06,2.77206598e-05,3.21700844e-11,4.18211097e-10,5.71014255e-05,7.99419957e-04,2.10589037e-07,3.15883555e-06,6.37367804e-19,8.92314925e-18,7.77595815e-12,1.16639372e-10,3.62073935e-04,5.79318296e-03,1.37916160e-07,2.34457472e-06,7.24855813e-07,1.30474046e-05,7.72324978e-13,1.31295246e-11,3.52962376e-16,6.35332277e-15,7.17611355e-05,1.43522271e-03
6.52433633e-09,1.99999998e-01,4.06599987e+03,3.68902388e-03,7.12941123e-01,7.12941123e-01,6.91377298e-02,2.76550919e-01,1.89972455e-04,2.27966946e-03,2.13235836e-06,2.77206587e-05,3.46763742e-11,4.50792864e-10,5.71014250e-05,7.99419950e-04,2.10640139e-07,3.15960208e-06,7.40547711e-19,1.03676680e-17,8.38176274e-12,1.25726441e-10,3.62073935e-04,5.79318296e-03,1.37916146e-07,2.34457448e-06,7.24776435e-07,1.30459758e-05,8.32494805e-13,1.41524117e-11,3.80460707e-16,6.84829273e-15,7.17611355e-05,1.43522271e-03
7.03263041e-09,1.99999998e-01,4.06599986e+03,3.68999971e-03,7.12941123e-01,7.12941123e-01,6.91377299e-02,2.76550920e-01,1.89972483e-04,2.27966979e-03,2.13235827e-06,2.77206574e-05,3.73779228e-11,4.85912996e-10,5.71014244e-05,7.99419942e-04,2.10695205e-07,3.16042807e-06,8.60430838e-19,1.20460317e-17,9.03476399e-12,1.35521460e-10,3.62073935e-04,5.79318296e-03,1.37916131e-07,2.34457423e-06,7.24690884e-07,1.30444359e-05,8.97352307e-13,1.52549892e-11,4.10101354e-16,7.38182438e-15,7.17611355e-05,1.43522271e-03
7.58052437e-09,1.99999997e-01,4.06599985e+03,3.69105121e-03,7.12941123e-01,7.12941123e-01,6.91377301e-02,2.76550920e-01,1.89972512e-04,2.27967014e-03,2.13235816e-06,2.77206561e-05,4.02899424e-11,5.23769252e-10,5.71014238e-05,7.99419934e-04,2.10754541e-07,3.16131811e-06,9.99721177e-19,1.39960965e-17,9.73863884e-12,1.46079583e-10,3.62073935e-04,5.79318296e-03,1.37916115e-07,2.34457396e-06,7.24598678e-07,1.30427762e-05,9.67262687e-13,1.64434657e-11,4.42051217e-16,7.95692191e-15,7.17611355e-05,1.43522271e-03
8.17110332e-09,1.99999997e-01,4.06599983e+03,3.69218422e-03,7.12941123e-01,7.12941123e-01,6.91377302e-02,2.76550921e-01,1.89972544e-04,2.27967053e-03,2.13235805e-06,2.77206547e-05,4.34288304e-11,5.64574795e-10,5.71014232e-05,7.99419925e-04,2.10818476e-07,3.16227715e-06,1.16156045e-18,1.62618463e-17,1.04973507e-11,1.57460261e-10,3.62073935e-04,5.79318296e-03,1.37916098e-07,2.34457366e-06,7.24499302e-07,1.30409874e-05,1.04261960e-12,1.77245332e-11,4.76490201e-16,8.57682361e-15,7.17611355e-05,1.43522271e-03
8.80769273e-09,1.99999997e-01,4.06599982e+03,3.69340503e-03,7.12941122e-01,7.12941122e-01,6.91377303e-02,2.76550921e-01,1.89972578e-04,2.27967094e-03,2.13235794e-06,2.77206532e-05,4.68122615e-11,6.08559400e-10,5.71014225e-05,7.99419915e-04,2.10887366e-07,3.16331049e-06,1.34959899e-18,1.88943859e-17,1.13151719e-11,1.69727578e-10,3.62073935e-04,5.79318295e-03,1.37916079e-07,2.34457335e-06,7.24392199e-07,1.30390596e-05,1.12384738e-12,1.91054054e-11,5.13612223e-16,9.24502001e-15,7.17611355e-05,1.43522271e-03
9.49387718e-09,1.99999997e-01,4.06599981e+03,3.69472040e-03,7.12941122e-01,7.12941122e-01,6.91377305e-02,2.76550922e-01,1.89972615e-04,2.27967138e-03,2.13235781e-06,2.77206515e-05,5.04592876e-11,6.55970739e-10,5.71014218e-05,7.99419905e-04,2.10961591e-07,3.16442387e-06,1.56807804e-18,2.19530926e-17,1.21967073e-11,1.82950610e-10,3.62073935e-04,5.79318295e-03,1.37916059e-07,2.34457301e-06,7.24276770e-07,1.30369819e-05,1.21140340e-12,2.05938578e-11,5.53626310e-16,9.96527359e-15,7.17611355e-05,1.43522271e-03
1.02335205e-08,1.99999997e-01,4.06599979e+03,3.69613760e-03,7.12941122e-01,7.12941122e-01,6.91377307e-02,2.76550923e-01,1.89972655e-04,2.27967186e-03,2.13235767e-06,2.77206498e-05,5.43904447e-11,7.07075781e-10,5.71014210e-05,7.99419894e-04,2.11041562e-07,3.16562344e-06,1.82192546e-18,2.55069564e-17,1.31469208e-11,1.97203813e-10,3.62073935e-04,5.79318295e-03,1.37916038e-07,2.34457264e-06,7.24152368e-07,1.30347426e-05,1.30578068e-12,2.21982715e-11,5.96757775e-16,1.07416399e-14,7.17611355e-05,1.43522271e-03
1.10307874e-08,1.99999996e-01,4.06599978e+03,3.69766448e-03,7.12941122e-01,7.12941122e-01,6.91377308e-02,2.76550923e-01,1.89972698e-04,2.27967237e-03,2.13235753e-06,2.77206478e-05,5.86278689e-11,7.62162296e-10,5.71014201e-05,7.99419882e-04,2.11127722e-07,3.16691583e-06,2.11686683e-18,2.96361356e-17,1.41711630e-11,2.12567445e-10,3.62073934e-04,5.79318295e-03,1.37916014e-07,2.34457224e-06,7.24018299e-07,1.30323294e-05,1.40751064e-12,2.39276810e-11,6.43249479e-16,1.15784906e-14,7.17611355e-05,1.43522271e-03
1.18901674e-08,1.99999996e-01,4.06599976e+03,3.69930945e-03,7.12941122e-01,7.12941122e-01,6.91377310e-02,2.76550924e-01,1.89972744e-04,2.27967293e-03,2.13235737e-06,2.77206458e-05,6.31954208e-11,8.21540470e-10,5.71014192e-05,7.99419869e-04,2.11220545e-07,3.16830817e-06,2.45955462e-18,3.44337647e-17,1.52752012e-11,2.29128018e-10,3.62073934e-04,5.79318295e-03,1.37915989e-07,2.34457182e-06,7.23873812e-07,1.30297286e-05,1.51716613e-12,2.57918242e-11,6.93363209e-16,1.24805378e-14,7.17611355e-05,1.43522271e-03
1.28164995e-08,1.99999996e-01,4.06599974e+03,3.70108158e-03,7.12941122e-01,7.12941122e-01,6.91377313e-02,2.76550925e-01,1.89972794e-04,2.27967353e-03,2.13235720e-06,2.77206436e-05,6.81188199e-11,8.85544658e-10,5.71014182e-05,7.99419855e-04,2.11320542e-07,3.16980813e-06,2.85771825e-18,4.00080555e-17,1.64652520e-11,2.46978781e-10,3.62073934e-04,5.79318295e-03,1.37915962e-07,2.34457136e-06,7.23718102e-07,1.30269258e-05,1.63536458e-12,2.78011979e-11,7.47381142e-16,1.34528605e-14,7.17611355e-05,1.43522271e-03
1.38149996e-08,1.99999995e-01,4.06599972e+03,3.70299060e-03,7.12941121e-01,7.12941121e-01,6.91377315e-02,2.76550926e-01,1.89972848e-04,2.27967417e-03,2.13235701e-06,2.77206412e-05,7.34257895e-11,9.54535264e-10,5.71014172e-05,7.99419840e-04,2.11428263e-07,3.17142394e-06,3.32033839e-18,4.64847375e-17,1.77480166e-11,2.66220249e-10,3.62073934e-04,5.79318295e-03,1.37915933e-07,2.34457086e-06,7.23550297e-07,1.30239054e-05,1.76277157e-12,2.99671166e-11,8.05607440e-16,1.45009339e-14,7.17611355e-05,1.43522271e-03
1.48912903e-08,1.99999995e-01,4.06599970e+03,3.70504700e-03,7.12941121e-01,7.12941121e-01,6.91377317e-02,2.76550927e-01,1.89972906e-04,2.27967487e-03,2.13235681e-06,2.77206386e-05,7.91462129e-11,1.02890077e-09,5.71014160e-05,7.99419824e-04,2.11544299e-07,3.17316449e-06,3.85784956e-18,5.40098939e-17,1.91307180e-11,2.86960770e-10,3.62073934e-04,5.79318294e-03,1.37915902e-07,2.34457033e-06,7.23369463e-07,1.30206503e-05,1.90010450e-12,3.23017764e-11,8.68369962e-16,1.56306593e-14,7.17611355e-05,1.43522271e-03
1.60514320e-08,1.99999995e-01,4.06599967e+03,3.70726205e-03,7.12941121e-01,7.12941121e-01,6.91377320e-02,2.76550928e-01,1.89972968e-04,2.27967562e-03,2.13235660e-06,2.77206358e-05,8.53123014e-11,1.10905992e-09,5.71014148e-05,7.99419807e-04,2.11669287e-07,3.17503930e-06,4.48237546e-18,6.27532565e-17,2.06211419e-11,3.09317129e-10,3.62073934e-04,5.79318294e-03,1.37915868e-07,2.34456975e-06,7.23174592e-07,1.30171427e-05,2.04813667e-12,3.48183235e-11,9.36022107e-16,1.68483979e-14,7.17611355e-05,1.43522271e-03
1.73019574e-08,1.99999994e-01,4.06599965e+03,3.70964784e-03,7.12941120e-01,7.12941120e-01,6.91377323e-02,2.76550929e-01,1.89973036e-04,2.27967643e-03,2.13235637e-06,2.77206328e-05,9.19587759e-11,1.19546409e-09,5.71014134e-05,7.99419788e-04,2.11803907e-07,3.17705861e-06,5.20800244e-18,7.29120342e-17,2.22276809e-11,3.33415213e-10,3.62073934e-04,5.79318294e-03,1.37915831e-07,2.34456913e-06,7.22964597e-07,1.30133627e-05,2.20770165e-12,3.75309281e-11,1.00894481e-15,1.81610065e-14,7.17611355e-05,1.43522271e-03
1.86499079e-08,1.99999994e-01,4.06599962e+03,3.71221739e-03,7.12941120e-01,7.12941120e-01,6.91377326e-02,2.76550930e-01,1.89973109e-04,2.27967730e-03,2.13235612e-06,2.77206295e-05,9.91230624e-11,1.28859981e-09,5.71014120e-05,7.99419768e-04,2.11948895e-07,3.17923342e-06,6.05109720e-18,8.47153608e-17,2.39593810e-11,3.59390715e-10,3.62073934e-04,5.79318294e-03,1.37915792e-07,2.34456846e-06,7.22738310e-07,1.30092896e-05,2.37969791e-12,4.04548646e-11,1.08754867e-15,1.95758760e-14,7.17611355e-05,1.43522271e-03
2.01028738e-08,1.99999993e-01,4.06599959e+03,3.71498467e-03,7.12941120e-01,7.12941120e-01,6.91377329e-02,2.76550932e-01,1.89973187e-04,2.27967825e-03,2.13235585e-06,2.77206261e-05,1.06845503e-10,1.38899153e-09,5.71014104e-05,7.99419746e-04,2.12105038e-07,3.18157557e-06,7.03067597e-18,9.84294635e-17,2.58259932e-11,3.87389898e-10,3.62073933e-04,5.79318293e-03,1.37915750e-07,2.34456774e-06,7.22494474e-07,1.30049005e-05,2.56509396e-12,4.36065972e-11,1.17227628e-15,2.11009731e-14,7.17611355e-05,1.43522271e-03
2.16690364e-08,1.99999993e-01,4.06599956e+03,3.71796469e-03,7.12941119e-01,7.12941119e-01,6.91377333e-02,2.76550933e-01,1.89973272e-04,2.27967926e-03,2.13235556e-06,2.77206223e-05,1.15169581e-10,1.49720456e-09,5.71014088e-05,7.99419723e-04,2.12273183e-07,3.18409775e-06,8.16883341e-18,1.14363668e-16,2.78380282e-11,4.17570423e-10,3.62073933e-04,5.79318293e-03,1.37915704e-07,2.34456696e-06,7.22231732e-07,1.30001712e-05,2.76493371e-12,4.70038731e-11,1.26360473e-15,2.27448852e-14,7.17611355e-05,1.43522271e-03
2.33572147e-08,1.99999992e-01,4.06599953e+03,3.72117357e-03,7.12941119e-01,7.12941119e-01,6.91377336e-02,2.76550935e-01,1.89973363e-04,2.27968036e-03,2.13235525e-06,2.77206182e-05,1.24142171e-10,1.61384822e-09,5.71014069e-05,7.99419697e-04,2.12454239e-07,3.18681359e-06,9.49124098e-18,1.32877374e-16,3.00068154e-11,4.50102231e-10,3.62073933e-04,5.79318293e-03,1.37915654e-07,2.34456613e-06,7.21948629e-07,1.29950753e-05,2.98034246e-12,5.06658219e-11,1.36204825e-15,2.45168686e-14,7.17611355e-05,1.43522271e-03
2.51769146e-08,1.99999992e-01,4.06599949e+03,3.72462860e-03,7.12941119e-01,7.12941119e-01,6.91377340e-02,2.76550936e-01,1.89973462e-04,2.27968154e-03,2.13235491e-06,2.77206139e-05,1.33813797e-10,1.73957936e-09,5.71014050e-05,7.99419670e-04,2.12649182e-07,3.18973772e-06,1.10277260e-17,1.54388163e-16,3.23445671e-11,4.85168506e-10,3.62073933e-04,5.79318292e-03,1.37915601e-07,2.34456522e-06,7.21643593e-07,1.29895847e-05,3.21253314e-12,5.46130633e-11,1.46816115e-15,2.64269007e-14,7.17611355e-05,1.43522271e-03
2.71383825e-08,1.99999991e-01,4.06599945e+03,3.72834834e-03,7.12941118e-01,7.12941118e-01,6.91377345e-02,2.76550938e-01,1.89973569e-04,2.27968282e-03,2.13235455e-06,2.77206092e-05,1.44238918e-10,1.87510594e-09,5.71014029e-05,7.99419641e-04,2.12859056e-07,3.19288585e-06,1.28129442e-17,1.79381219e-16,3.48644466e-11,5.22966699e-10,3.62073933e-04,5.79318292e-03,1.37915544e-07,2.34456425e-06,7.21314938e-07,1.29836689e-05,3.46281317e-12,5.88678240e-11,1.58254091e-15,2.84857363e-14,7.17611355e-05,1.43522271e-03
2.92526634e-08,1.99999990e-01,4.06599941e+03,3.73235270e-03,7.12941118e-01,7.12941118e-01,6.91377350e-02,2.76550940e-01,1.89973683e-04,2.27968420e-03,2.13235416e-06,2.77206041e-05,1.55476240e-10,2.02119112e-09,5.71014006e-05,7.99419609e-04,2.13084986e-07,3.19627479e-06,1.48871618e-17,2.08420266e-16,3.75806432e-11,5.63709648e-10,3.62073932e-04,5.79318292e-03,1.37915482e-07,2.34456320e-06,7.20960845e-07,1.29772952e-05,3.73259187e-12,6.34540617e-11,1.70583155e-15,3.07049680e-14,7.17611355e-05,1.43522271e-03
3.15316623e-08,1.99999989e-01,4.06599936e+03,3.73666302e-03,7.12941117e-01,7.12941117e-01,6.91377355e-02,2.76550942e-01,1.89973807e-04,2.27968569e-03,2.13235374e-06,2.77205986e-05,1.67589040e-10,2.17865751e-09,5.71013982e-05,7.99419575e-04,2.13328174e-07,3.19992262e-06,1.72971635e-17,2.42160288e-16,4.05084513e-11,6.07626769e-10,3.62073932e-04,5.79318291e-03,1.37915416e-07,2.34456207e-06,7.20579361e-07,1.29704285e-05,4.02338830e-12,6.83976012e-11,1.83872729e-15,3.30970913e-14,7.17611355e-05,1.43522271e-03
3.39882122e-08,1.99999989e-01,4.06599931e+03,3.74130216e-03,7.12941117e-01,7.12941117e-01,6.91377360e-02,2.76550944e-01,1.89973941e-04,2.27968730e-03,2.13235329e-06,2.77205927e-05,1.80645524e-10,2.34839181e-09,5.71013956e-05,7.99419538e-04,2.13589910e-07,3.20384865e-06,2.00973074e-17,2.81362303e-16,4.36643570e-11,6.54965354e-10,3.62073932e-04,5.79318291e-03,1.37915344e-07,2.34456085e-06,7.20168382e-07,1.29630309e-05,4.33683992e-12,7.37262787e-11,1.98197641e-15,3.56755753e-14,7.17611355e-05,1.43522271e-03
3.66361454e-08,1.99999988e-01,4.06599926e+03,3.74629462e-03,7.12941116e-01,7.12941116e-01,6.91377366e-02,2.76550947e-01,1.89974086e-04,2.27968903e-03,2.13235280e-06,2.77205864e-05,1.94719214e-10,2.53134978e-09,5.71013927e-05,7.99419498e-04,2.13871574e-07,3.20807362e-06,2.33507517e-17,3.26910524e-16,4.70661306e-11,7.05991960e-10,3.62073931e-04,5.79318290e-03,1.37915267e-07,2.34455954e-06,7.19725648e-07,1.29550617e-05,4.67471172e-12,7.94700993e-11,2.13638547e-15,3.84549384e-14,7.17611355e-05,1.43522271e-03
3.94903723e-08,1.99999987e-01,4.06599920e+03,3.75166663e-03,7.12941115e-01,7.12941115e-01,6.91377373e-02,2.76550949e-01,1.89974242e-04,2.27969090e-03,2.13235227e-06,2.77205795e-05,2.09889360e-10,2.72856168e-09,5.71013897e-05,7.99419455e-04,2.14174645e-07,3.21261968e-06,2.71308790e-17,3.79832307e-16,5.07329272e-11,7.60993908e-10,3.62073931e-04,5.79318290e-03,1.37915183e-07,2.34455812e-06,7.19248726e-07,1.29464771e-05,5.03890622e-12,8.56614057e-11,2.30282388e-15,4.14508298e-14,7.17611355e-05,1.43522271e-03
4.25669645e-08,1.99999986e-01,4.06599913e+03,3.75744625e-03,7.12941115e-01,7.12941115e-01,6.91377380e-02,2.76550952e-01,1.89974410e-04,2.27969292e-03,2.13235170e-06,2.77205721e-05,2.26241385e-10,2.94113801e-09,5.71013864e-05,7.99419409e-04,2.14500705e-07,3.21751057e-06,3.15229513e-17,4.41321318e-16,5.46853938e-11,8.20280907e-10,3.62073931e-04,5.79318289e-03,1.37915094e-07,2.34455659e-06,7.18735002e-07,1.29372300e-05,5.43147413e-12,9.23350602e-11,2.48222878e-15,4.46801181e-14,7.17611355e-05,1.43522271e-03
4.58832461e-08,1.99999985e-01,4.06599907e+03,3.76366349e-03,7.12941114e-01,7.12941114e-01,6.91377387e-02,2.76550955e-01,1.89974592e-04,2.27969510e-03,2.13235109e-06,2.77205642e-05,2.43867369e-10,3.17027580e-09,5.71013828e-05,7.99419360e-04,2.14851444e-07,3.22277166e-06,3.66260331e-17,5.12764464e-16,5.89457862e-11,8.84186793e-10,3.62073930e-04,5.79318289e-03,1.37914997e-07,2.34455495e-06,7.18181667e-07,1.29272700e-05,5.85462597e-12,9.95286414e-11,2.67561031e-15,4.81609856e-14,7.17611355e-05,1.43522271e-03
4.94578905e-08,1.99999984e-01,4.06599899e+03,3.77035040e-03,7.12941113e-01,7.12941113e-01,6.91377395e-02,2.76550958e-01,1.89974788e-04,2.27969746e-03,2.13235043e-06,2.77205556e-05,2.62866565e-10,3.41726534e-09,5.71013790e-05,7.99419306e-04,2.15228669e-07,3.22843003e-06,4.25552265e-17,5.95773170e-16,6.35380939e-11,9.53071409e-10,3.62073930e-04,5.79318288e-03,1.37914892e-07,2.34455317e-06,7.17585699e-07,1.29165426e-05,6.31074443e-12,1.07282655e-10,2.88405729e-15,5.19130313e-14,7.17611355e-05,1.43522271e-03
5.33110262e-08,1.99999982e-01,4.06599892e+03,3.77754122e-03,7.12941112e-01,7.12941112e-01,6.91377404e-02,2.76550962e-01,1.89975000e-04,2.27970000e-03,2.13234972e-06,2.77205463e-05,2.83345959e-10,3.68349746e-09,5.71013749e-05,7.99419248e-04,2.15634309e-07,3.23451464e-06,4.94442663e-17,6.92219728e-16,6.84881756e-11,1.02732263e-09,3.62073930e-04,5.79318287e-03,1.37914780e-07,2.34455126e-06,7.16943855e-07,1.29049894e-05,6.80239786e-12,1.15640764e-10,3.10874337e-15,5.59573807e-14,7.17611355e-05,1.43522271e-03
5.74643497e-08,1.99999981e-01,4.06599883e+03,3.78527250e-03,7.12941111e-01,7.12941111e-01,6.91377413e-02,2.76550965e-01,1.89975229e-04,2.27970275e-03,2.13234895e-06,2.77205363e-05,3.05420872e-10,3.97047134e-09,5.71013704e-05,7.99419186e-04,2.16070423e-07,3.24105635e-06,5.74485376e-17,8.04279526e-16,7.38239042e-11,1.10735856e-09,3.62073929e-04,5.79318286e-03,1.37914659e-07,2.34454920e-06,7.16252650e-07,1.28925477e-05,7.33235469e-12,1.24650030e-10,3.35093363e-15,6.03168053e-14,7.17611355e-05,1.43522271e-03
6.19412478e-08,1.99999979e-01,4.06599874e+03,3.79358316e-03,7.12941110e-01,7.12941110e-01,6.91377424e-02,2.76550969e-01,1.89975477e-04,2.27970572e-03,2.13234812e-06,2.77205256e-05,3.29215612e-10,4.27980296e-09,5.71013656e-05,7.99419119e-04,2.16539204e-07,3.24808805e-06,6.67485797e-17,9.34480115e-16,7.95753245e-11,1.19362987e-09,3.62073929e-04,5.79318286e-03,1.37914528e-07,2.34454698e-06,7.15508341e-07,1.28791501e-05,7.90359902e-12,1.34361183e-10,3.61199166e-15,6.50158500e-14,7.17611355e-05,1.43522271e-03
6.67669294e-08,1.99999978e-01,4.06599864e+03,3.80251468e-03,7.12941109e-01,7.12941109e-01,6.91377435e-02,2.76550974e-01,1.89975744e-04,2.27970893e-03,2.13234723e-06,2.77205140e-05,3.54864171e-10,4.61323422e-09,5.71013605e-05,7.99419046e-04,2.17042987e-07,3.25564480e-06,7.75541588e-17,1.08575822e-15,8.57748216e-11,1.28662232e-09,3.62073928e-04,5.79318285e-03,1.37914387e-07,2.34454458e-06,7.14706911e-07,1.28647244e-05,8.51934747e-12,1.44828907e-10,3.89338733e-15,7.00809719e-14,7.17611355e-05,1.43522271e-03
7.19685673e-08,1.99999976e-01,4.06599854e+03,3.81211120e-03,7.12941108e-01,7.12941108e-01,6.91377446e-02,2.76550979e-01,1.89976033e-04,2.27971240e-03,2.13234627e-06,2.77205015e-05,3.82510978e-10,4.97264272e-09,5.71013549e-05,7.99418968e-04,2.17584257e-07,3.26376386e-06,9.01089993e-17,1.26152599e-15,9.24573039e-11,1.38685956e-09,3.62073927e-04,5.79318284e-03,1.37914235e-07,2.34454200e-06,7.13844049e-07,1.28491929e-05,9.18306720e-12,1.56112142e-10,4.19670496e-15,7.55406892e-14,7.17611355e-05,1.43522271e-03
7.75754513e-08,1.99999974e-01,4.06599842e+03,3.82241960e-03,7.12941106e-01,7.12941106e-01,6.91377459e-02,2.76550984e-01,1.89976346e-04,2.27971615e-03,2.13234523e-06,2.77204881e-05,4.12311720e-10,5.36005236e-09,5.71013489e-05,7.99418884e-04,2.18165655e-07,3.27248482e-06,1.04696281e-16,1.46574794e-15,9.96603993e-11,1.49490599e-09,3.62073927e-04,5.79318283e-03,1.37914072e-07,2.34453922e-06,7.12915131e-07,1.28324724e-05,9.89849554e-12,1.68274424e-10,4.52365229e-15,8.14257412e-14,7.17611355e-05,1.43522271e-03
8.36191530e-08,1.99999972e-01,4.06599830e+03,3.83348965e-03,7.12941105e-01,7.12941105e-01,6.91377473e-02,2.76550989e-01,1.89976683e-04,2.27972020e-03,2.13234412e-06,2.77204735e-05,4.44434211e-10,5.77764474e-09,5.71013424e-05,7.99418794e-04,2.18789980e-07,3.28184971e-06,1.21645027e-16,1.70303038e-15,1.07424667e-10,1.61137000e-09,3.62073926e-04,5.79318282e-03,1.37913895e-07,2.34453622e-06,7.11915196e-07,1.28144735e-05,1.06696609e-11,1.81384236e-10,4.87607010e-15,8.77692618e-14,7.17611355e-05,1.43522271e-03
9.01337039e-08,1.99999970e-01,4.06599817e+03,3.84537410e-03,7.12941103e-01,7.12941103e-01,6.91377487e-02,2.76550995e-01,1.89977049e-04,2.27972458e-03,2.13234292e-06,2.77204579e-05,4.79059339e-10,6.22777141e-09,5.71013354e-05,7.99418696e-04,2.19460202e-07,3.29190304e-06,1.41337524e-16,1.97872533e-15,1.15793826e-10,1.73690739e-09,3.62073925e-04,5.79318280e-03,1.37913705e-07,2.34453298e-06,7.10838930e-07,1.27951007e-05,1.15009057e-11,1.95515398e-10,5.25594254e-15,9.46069658e-14,7.17611355e-05,1.43522271e-03
9.71557865e-08,1.99999968e-01,4.06599802e+03,3.85812877e-03,7.12941102e-01,7.12941102e-01,6.91377503e-02,2.76551001e-01,1.89977444e-04,2.27972932e-03,2.13234162e-06,2.77204410e-05,5.16382090e-10,6.71296718e-09,5.71013279e-05,7.99418591e-04,2.20179461e-07,3.30269191e-06,1.64217945e-16,2.29905123e-15,1.24815002e-10,1.87222503e-09,3.62073924e-04,5.79318279e-03,1.37913500e-07,2.34452950e-06,7.09680638e-07,1.27742515e-05,1.23969105e-11,2.10747479e-10,5.66540832e-15,1.01977350e-13,7.17611355e-05,1.43522271e-03
1.04724941e-07,1.99999965e-01,4.06599787e+03,3.87181263e-03,7.12941100e-01,7.12941100e-01,6.91377520e-02,2.76551008e-01,1.89977871e-04,2.27973445e-03,2.13234022e-06,2.77204229e-05,5.56612640e-10,7.23596432e-09,5.71013198e-05,7.99418477e-04,2.20951072e-07,3.31426608e-06,1.90802371e-16,2.67123320e-15,1.34538991e-10,2.01808486e-09,3.62073924e-04,5.79318278e-03,1.37913279e-07,2.34452574e-06,7.08434219e-07,1.27518159e-05,1.33627206e-11,2.27166250e-10,6.10677272e-15,1.09921909e-13,7.17611355e-05,1.43522271e-03
1.12883789e-07,1.99999962e-01,4.06599771e+03,3.88648787e-03,7.12941098e-01,7.12941098e-01,6.91377539e-02,2.76551015e-01,1.89978334e-04,2.27974000e-03,2.13233871e-06,2.77204033e-05,5.99977540e-10,7.79970802e-09,5.71013111e-05,7.99418355e-04,2.21778532e-07,3.32667798e-06,2.21690428e-16,3.10366599e-15,1.45020547e-10,2.17530820e-09,3.62073923e-04,5.79318276e-03,1.37913041e-07,2.34452169e-06,7.07093147e-07,1.27276766e-05,1.44037742e-11,2.44864162e-10,6.58252060e-15,1.18485371e-13,7.17611355e-05,1.43522271e-03
1.21678272e-07,1.99999959e-01,4.06599753e+03,3.90221992e-03,7.12941096e-01,7.12941096e-01,6.91377558e-02,2.76551023e-01,1.89978834e-04,2.27974601e-03,2.13233709e-06,2.77203822e-05,6.46720995e-10,8.40737293e-09,5.71013017e-05,7.99418223e-04,2.22665518e-07,3.33998277e-06,2.57578813e-16,3.60610339e-15,1.56318689e-10,2.34478033e-09,3.62073922e-04,5.79318275e-03,1.37912784e-07,2.34451733e-06,7.05650438e-07,1.27017079e-05,1.55259335e-11,2.63940869e-10,7.09533035e-15,1.27715946e-13,7.17611355e-05,1.43522271e-03
1.31157910e-07,1.99999956e-01,4.06599733e+03,3.91907748e-03,7.12941094e-01,7.12941094e-01,6.91377580e-02,2.76551032e-01,1.89979377e-04,2.27975252e-03,2.13233534e-06,2.77203594e-05,6.97106238e-10,9.06238110e-09,5.71012915e-05,7.99418081e-04,2.23615889e-07,3.35423833e-06,2.99277011e-16,4.18987815e-15,1.68497035e-10,2.52745552e-09,3.62073921e-04,5.79318273e-03,1.37912507e-07,2.34451262e-06,7.04098628e-07,1.26737753e-05,1.67355170e-11,2.84503789e-10,7.64808897e-15,1.37665601e-13,7.17611355e-05,1.43522271e-03
1.41376081e-07,1.99999953e-01,4.06599713e+03,3.93713249e-03,7.12941092e-01,7.12941092e-01,6.91377603e-02,2.76551041e-01,1.89979964e-04,2.27975957e-03,2.13233345e-06,2.77203349e-05,7.51417013e-10,9.76842117e-09,5.71012806e-05,7.99417928e-04,2.24633683e-07,3.36950524e-06,3.47725550e-16,4.86815769e-15,1.81624158e-10,2.72436237e-09,3.62073919e-04,5.79318271e-03,1.37912209e-07,2.34450755e-06,7.02429743e-07,1.26437354e-05,1.80393357e-11,3.06668708e-10,8.24390832e-15,1.48390350e-13,7.17611355e-05,1.43522271e-03
1.52390324e-07,1.99999949e-01,4.06599690e+03,3.95646003e-03,7.12941089e-01,7.12941089e-01,6.91377628e-02,2.76551051e-01,1.89980600e-04,2.27976720e-03,2.13233142e-06,2.77203084e-05,8.09959172e-10,1.05294692e-08,5.71012688e-05,7.99417763e-04,2.25723114e-07,3.38584670e-06,4.04017219e-16,5.65624106e-15,1.95773974e-10,2.93660961e-09,3.62073918e-04,5.79318269e-03,1.37911887e-07,2.34450208e-06,7.00635269e-07,1.26114348e-05,1.94447313e-11,3.30560433e-10,8.88614262e-15,1.59950567e-13,7.17611355e-05,1.43522271e-03
1.64262658e-07,1.99999945e-01,4.06599666e+03,3.97713826e-03,7.12941086e-01,7.12941086e-01,6.91377654e-02,2.76551062e-01,1.89981290e-04,2.27977548e-03,2.13232922e-06,2.77202799e-05,8.73062400e-10,1.13498112e-08,5.71012561e-05,7.99417585e-04,2.26888564e-07,3.40332846e-06,4.69421716e-16,6.57190403e-15,2.11026158e-10,3.16539237e-09,3.62073917e-04,5.79318267e-03,1.37911541e-07,2.34449619e-06,6.98706126e-07,1.25767103e-05,2.09596173e-11,3.56313494e-10,9.57840732e-15,1.72411332e-13,7.17611355e-05,1.43522271e-03
1.77059935e-07,1.99999941e-01,4.06599640e+03,3.99924817e-03,7.12941083e-01,7.12941083e-01,6.91377683e-02,2.76551073e-01,1.89982037e-04,2.27978445e-03,2.13232686e-06,2.77202492e-05,9.41082074e-10,1.22340670e-08,5.71012424e-05,7.99417393e-04,2.28134573e-07,3.42201859e-06,5.45414289e-16,7.63580005e-15,2.27466590e-10,3.41199886e-09,3.62073915e-04,5.79318264e-03,1.37911167e-07,2.34448984e-06,6.96632638e-07,1.25393875e-05,2.25925237e-11,3.84072903e-10,1.03245995e-14,1.85842790e-13,7.17611355e-05,1.43522271e-03
1.90854214e-07,1.99999936e-01,4.06599612e+03,4.02287341e-03,7.12941080e-01,7.12941080e-01,6.91377714e-02,2.76551086e-01,1.89982848e-04,2.27979418e-03,2.13232431e-06,2.77202160e-05,1.01440126e-09,1.31872164e-08,5.71012276e-05,7.99417186e-04,2.29465822e-07,3.44198733e-06,6.33709010e-16,8.87192614e-15,2.45187843e-10,3.67781765e-09,3.62073914e-04,5.79318262e-03,1.37910764e-07,2.34448299e-06,6.94404500e-07,1.24992810e-05,2.43526451e-11,4.13994967e-10,1.11289196e-14,2.00320552e-13,7.17611355e-05,1.43522271e-03
2.05723170e-07,1.99999931e-01,4.06599582e+03,4.04809983e-03,7.12941077e-01,7.12941077e-01,6.91377747e-02,2.76551099e-01,1.89983728e-04,2.27980473e-03,2.13232156e-06,2.77201803e-05,1.09343288e-09,1.42146274e-08,5.71012117e-05,7.99416963e-04,2.30887115e-07,3.46330673e-06,7.36297440e-16,1.03081642e-14,2.64289700e-10,3.96434550e-09,3.62073912e-04,5.79318259e-03,1.37910330e-07,2.34447561e-06,6.92010755e-07,1.24561936e-05,2.62498925e-11,4.46248172e-10,1.19958952e-14,2.15926114e-13,7.17611355e-05,1.43522271e-03
2.21750528e-07,1.99999926e-01,4.06599549e+03,4.07501516e-03,7.12941073e-01,7.12941073e-01,6.91377783e-02,2.76551113e-01,1.89984683e-04,2.27981619e-03,2.13231860e-06,2.77201419e-05,1.17862202e-09,1.53220862e-08,5.71011945e-05,7.99416723e-04,2.32403354e-07,3.48605031e-06,8.55493553e-16,1.19769097e-14,2.84879719e-10,4.27319578e-09,3.62073910e-04,5.79318256e-03,1.37909862e-07,2.34446766e-06,6.89439760e-07,1.24099157e-05,2.82949488e-11,4.81014129e-10,1.29304067e-14,2.32747321e-13,7.17611355e-05,1.43522271e-03
2.39026535e-07,1.99999920e-01,4.06599514e+03,4.10370837e-03,7.12941069e-01,7.12941069e-01,6.91377822e-02,2.76551129e-01,1.89985719e-04,2.27982863e-03,2.13231541e-06,2.77201004e-05,1.27044847e-09,1.65158301e-08,5.71011760e-05,7.99416464e-04,2.34019500e-07,3.51029250e-06,9.93985929e-16,1.39158030e-14,3.07073835e-10,4.60610752e-09,3.62073908e-04,5.79318253e-03,1.37909358e-07,2.34445908e-06,6.86679163e-07,1.23602249e-05,3.04993294e-11,5.18488600e-10,1.39377143e-14,2.50878857e-13,7.17611355e-05,1.43522271e-03
2.57648471e-07,1.99999914e-01,4.06599476e+03,4.13426897e-03,7.12941064e-01,7.12941064e-01,6.91377864e-02,2.76551146e-01,1.89986846e-04,2.27984215e-03,2.13231197e-06,2.77200557e-05,1.36942940e-09,1.78025822e-08,5.71011561e-05,7.99416185e-04,2.35740541e-07,3.53610811e-06,1.15489840e-15,1.61685777e-14,3.30997017e-10,4.96495526e-09,3.62073906e-04,5.79318250e-03,1.37908814e-07,2.34444984e-06,6.83715873e-07,1.23068857e-05,3.28754467e-11,5.58882594e-10,1.50234877e-14,2.70422778e-13,7.17611355e-05,1.43522271e-03
2.77721193e-07,1.99999907e-01,4.06599435e+03,4.16678619e-03,7.12941060e-01,7.12941060e-01,6.91377909e-02,2.76551164e-01,1.89988070e-04,2.27985684e-03,2.13230827e-06,2.77200075e-05,1.47612229e-09,1.91895897e-08,5.71011346e-05,7.99415884e-04,2.37571435e-07,3.56357152e-06,1.34186053e-15,1.87860475e-14,3.56783969e-10,5.35175954e-09,3.62073904e-04,5.79318246e-03,1.37908228e-07,2.34443988e-06,6.80536042e-07,1.22496488e-05,3.54366801e-11,6.02423562e-10,1.61938383e-14,2.91489090e-13,7.17611355e-05,1.43522271e-03
2.99357729e-07,1.99999900e-01,4.06599391e+03,4.20134789e-03,7.12941055e-01,7.12941055e-01,6.91377957e-02,2.76551183e-01,1.89989400e-04,2.27987281e-03,2.13230427e-06,2.77199555e-05,1.59112805e-09,2.06846647e-08,5.71011114e-05,7.99415560e-04,2.39517054e-07,3.59275581e-06,1.55908947e-15,2.18272525e-14,3.84579889e-10,5.76869834e-09,3.62073901e-04,5.79318242e-03,1.37907596e-07,2.34442914e-06,6.77125039e-07,1.21882507e-05,3.81974515e-11,6.49356675e-10,1.74553533e-14,3.14196360e-13,7.17611355e-05,1.43522271e-03
3.22679912e-07,1.99999892e-01,4.06599344e+03,4.23803932e-03,7.12941049e-01,7.12941049e-01,6.91378009e-02,2.76551204e-01,1.89990848e-04,2.27989018e-03,2.13229996e-06,2.77198995e-05,1.71509445e-09,2.22962279e-08,5.71010864e-05,7.99415210e-04,2.41582108e-07,3.62373162e-06,1.81148507e-15,2.53607909e-14,4.14541286e-10,6.21811929e-09,3.62073899e-04,5.79318238e-03,1.37906916e-07,2.34441756e-06,6.73467439e-07,1.21224139e-05,4.11733059e-11,6.99946201e-10,1.88151327e-14,3.38672389e-13,7.17611355e-05,1.43522271e-03
3.47819065e-07,1.99999884e-01,4.06599293e+03,4.27694165e-03,7.12941044e-01,7.12941044e-01,6.91378065e-02,2.76551226e-01,1.89992423e-04,2.27990908e-03,2.13229532e-06,2.77198391e-05,1.84871974e-09,2.40333566e-08,5.71010595e-05,7.99414833e-04,2.43771063e-07,3.65656594e-06,2.10474046e-15,2.94663664e-14,4.46836862e-10,6.70255293e-09,3.62073896e-04,5.79318233e-03,1.37906182e-07,2.34440509e-06,6.69547009e-07,1.20518462e-05,4.43810000e-11,7.54476999e-10,2.02808293e-14,3.65054927e-13,7.17611355e-05,1.43522271e-03
3.74916744e-07,1.99999875e-01,4.06599238e+03,4.31813017e-03,7.12941037e-01,7.12941037e-01,6.91378126e-02,2.76551250e-01,1.89994139e-04,2.27992966e-03,2.13229031e-06,2.77197741e-05,1.99275657e-09,2.59058355e-08,5.71010305e-05,7.99414427e-04,2.46088034e-07,3.69132051e-06,2.44547043e-15,3.42365860e-14,4.81648460e-10,7.22472689e-09,3.62073893e-04,5.79318228e-03,1.37905391e-07,2.34439164e-06,6.65346705e-07,1.19762407e-05,4.78385952e-11,8.13256119e-10,2.18606916e-14,3.93492448e-13,7.17611355e-05,1.43522271e-03
4.04125533e-07,1.99999865e-01,4.06599178e+03,4.36167225e-03,7.12941031e-01,7.12941031e-01,6.91378191e-02,2.76551276e-01,1.89996007e-04,2.27995208e-03,2.13228492e-06,2.77197039e-05,2.14801630e-09,2.79242119e-08,5.71009992e-05,7.99413989e-04,2.48536671e-07,3.72805007e-06,2.84136067e-15,3.97790494e-14,5.19172090e-10,7.78758135e-09,3.62073889e-04,5.79318223e-03,1.37904538e-07,2.34437714e-06,6.60848673e-07,1.18952761e-05,5.15655607e-11,8.76614532e-10,2.35636102e-14,4.24144983e-13,7.17611355e-05,1.43522271e-03
4.35609903e-07,1.99999855e-01,4.06599114e+03,4.40762490e-03,7.12941023e-01,7.12941023e-01,6.91378261e-02,2.76551304e-01,1.89998043e-04,2.27997652e-03,2.13227910e-06,2.77196283e-05,2.31537350e-09,3.00998556e-08,5.71009655e-05,7.99413517e-04,2.51120019e-07,3.76680028e-06,3.30134115e-15,4.62187761e-14,5.59619032e-10,8.39428548e-09,3.62073886e-04,5.79318217e-03,1.37903619e-07,2.34436152e-06,6.56034262e-07,1.18086167e-05,5.55828819e-11,9.44908992e-10,2.53991678e-14,4.57185020e-13,7.17611355e-05,1.43522271e-03
4.69547138e-07,1.99999843e-01,4.06599045e+03,4.45603207e-03,7.12941016e-01,7.12941016e-01,6.91378336e-02,2.76551334e-01,1.90000263e-04,2.28000316e-03,2.13227283e-06,2.77195468e-05,2.49577095e-09,3.24450223e-08,5.71009292e-05,7.99413008e-04,2.53840355e-07,3.80760532e-06,3.83578755e-15,5.37010257e-14,6.03217025e-10,9.04825537e-09,3.62073882e-04,5.79318211e-03,1.37902628e-07,2.34434467e-06,6.50884047e-07,1.17159128e-05,5.99131793e-11,1.01852405e-09,2.73776930e-14,4.92798475e-13,7.17611355e-05,1.43522271e-03
5.06128335e-07,1.99999831e-01,4.06598971e+03,4.50692139e-03,7.12941007e-01,7.12941007e-01,6.91378417e-02,2.76551367e-01,1.90002684e-04,2.28003221e-03,2.13226608e-06,2.77194590e-05,2.69022489e-09,3.49729235e-08,5.71008900e-05,7.99412460e-04,2.56699011e-07,3.85048516e-06,4.45675534e-15,6.23945747e-14,6.50211547e-10,9.75317321e-09,3.62073878e-04,5.79318205e-03,1.37901560e-07,2.34432652e-06,6.45377865e-07,1.16168016e-05,6.45808355e-11,1.09787420e-09,2.95103183e-14,5.31185729e-13,7.17611355e-05,1.43522271e-03
5.45559478e-07,1.99999818e-01,4.06598891e+03,4.56030057e-03,7.12940998e-01,7.12940998e-01,6.91378504e-02,2.76551402e-01,1.90005327e-04,2.28006392e-03,2.13225879e-06,2.77193643e-05,2.89983082e-09,3.76978007e-08,5.71008478e-05,7.99411869e-04,2.59696161e-07,3.89544242e-06,5.17825174e-15,7.24955243e-14,7.00867202e-10,1.05130080e-08,3.62073873e-04,5.79318197e-03,1.37900409e-07,2.34430695e-06,6.39494868e-07,1.15109076e-05,6.96121330e-11,1.18340626e-09,3.18090423e-14,5.72562761e-13,7.17611355e-05,1.43522271e-03
5.88062599e-07,1.99999804e-01,4.06598804e+03,4.61615329e-03,7.12940989e-01,7.12940989e-01,6.91378597e-02,2.76551439e-01,1.90008212e-04,2.28009854e-03,2.13225094e-06,2.77192623e-05,3.12576967e-09,4.06350057e-08,5.71008022e-05,7.99411231e-04,2.62830587e-07,3.94245880e-06,6.01655175e-15,8.42317245e-14,7.55469205e-10,1.13320381e-08,3.62073869e-04,5.79318190e-03,1.37899168e-07,2.34428586e-06,6.33213589e-07,1.13978446e-05,7.50354012e-11,1.27560182e-09,3.42867976e-14,6.17162356e-13,7.17611355e-05,1.43522271e-03
6.33877027e-07,1.99999789e-01,4.06598711e+03,4.67443454e-03,7.12940978e-01,7.12940978e-01,6.91378698e-02,2.76551479e-01,1.90011362e-04,2.28013635e-03,2.13224248e-06,2.77191523e-05,3.36931443e-09,4.38010875e-08,5.71007532e-05,7.99410545e-04,2.66099408e-07,3.99149112e-06,6.99056528e-15,9.78679139e-14,8.14324988e-10,1.22148748e-08,3.62073863e-04,5.79318182e-03,1.37897831e-07,2.34426312e-06,6.26512032e-07,1.12772166e-05,8.08811770e-11,1.37498001e-09,3.69575229e-14,6.65235411e-13,7.17611355e-05,1.43522271e-03
6.83260739e-07,1.99999772e-01,4.06598611e+03,4.73506556e-03,7.12940967e-01,7.12940967e-01,6.91378806e-02,2.76551522e-01,1.90014805e-04,2.28017765e-03,2.13223336e-06,2.77190337e-05,3.63183736e-09,4.72138857e-08,5.71007003e-05,7.99409804e-04,2.69497793e-07,4.04246690e-06,8.12226380e-15,1.13711693e-13,8.77765933e-10,1.31664890e-08,3.62073858e-04,5.79318173e-03,1.37896389e-07,2.34423861e-06,6.19367786e-07,1.11486202e-05,8.71823759e-11,1.48210039e-09,3.98362413e-14,7.17052344e-13,7.17611355e-05,1.43522271e-03
7.36491807e-07,1.99999755e-01,4.06598503e+03,4.79792795e-03,7.12940955e-01,7.12940955e-01,6.91378922e-02,2.76551569e-01,1.90018567e-04,2.28022280e-03,2.13222353e-06,2.77189059e-05,3.91481778e-09,5.08926312e-08,5.71006433e-05,7.99409006e-04,2.73018623e-07,4.09527935e-06,9.43717605e-15,1.32120465e-13,9.46149235e-10,1.41922385e-08,3.62073852e-04,5.79318163e-03,1.37894835e-07,2.34421220e-06,6.11758166e-07,1.10116470e-05,9.39744779e-11,1.59756612e-09,4.29391449e-14,7.72904608e-13,7.17611355e-05,1.43522271e-03
7.93869969e-07,1.99999735e-01,4.06598386e+03,4.86285765e-03,7.12940942e-01,7.12940942e-01,6.91379047e-02,2.76551619e-01,1.90022679e-04,2.28027215e-03,2.13221293e-06,2.77187681e-05,4.21985037e-09,5.48580548e-08,5.71005819e-05,7.99408146e-04,2.76652141e-07,4.14978212e-06,1.09649640e-14,1.53509496e-13,1.01985992e-09,1.52978987e-08,3.62073846e-04,5.79318153e-03,1.37893160e-07,2.34418372e-06,6.03660375e-07,1.08658868e-05,1.01295727e-10,1.72202735e-09,4.62836849e-14,8.33106328e-13,7.17611355e-05,1.43522271e-03
8.55718314e-07,1.99999715e-01,4.06598260e+03,4.92963786e-03,7.12940928e-01,7.12940928e-01,6.91379181e-02,2.76551672e-01,1.90027176e-04,2.28032611e-03,2.13220151e-06,2.77186196e-05,4.54865422e-09,5.91325049e-08,5.71005156e-05,7.99407219e-04,2.80385551e-07,4.20578326e-06,1.27400922e-14,1.78361291e-13,1.09931298e-09,1.64896948e-08,3.62073839e-04,5.79318142e-03,1.37891355e-07,2.34415303e-06,5.95051716e-07,1.07109309e-05,1.09187346e-10,1.85618487e-09,4.98886700e-14,8.97996059e-13,7.17611355e-05,1.43522271e-03
9.22385104e-07,1.99999693e-01,4.06598125e+03,4.99799198e-03,7.12940913e-01,7.12940913e-01,6.91379325e-02,2.76551730e-01,1.90032094e-04,2.28038512e-03,2.13218919e-06,2.77184595e-05,4.90308253e-09,6.37400729e-08,5.71004442e-05,7.99406219e-04,2.84202607e-07,4.26303910e-06,1.48026053e-14,2.07236474e-13,1.18495578e-09,1.77743367e-08,3.62073831e-04,5.79318130e-03,1.37889409e-07,2.34411995e-06,5.85909822e-07,1.05463768e-05,1.17693769e-10,2.00079407e-09,5.37743715e-14,9.67938686e-13,7.17611355e-05,1.43522271e-03
9.94245730e-07,1.99999669e-01,4.06597979e+03,5.06757571e-03,7.12940897e-01,7.12940897e-01,6.91379479e-02,2.76551791e-01,1.90037472e-04,2.28044967e-03,2.13217592e-06,2.77182870e-05,5.28513312e-09,6.87067306e-08,5.71003673e-05,7.99405142e-04,2.88083164e-07,4.32124746e-06,1.71990316e-14,2.40786442e-13,1.27727049e-09,1.91590574e-08,3.62073823e-04,5.79318117e-03,1.37887311e-07,2.34408429e-06,5.76212942e-07,1.03718330e-05,1.26862893e-10,2.15666918e-09,5.79626368e-14,1.04332746e-12,7.17611355e-05,1.43522271e-03
1.07170483e-06,1.99999643e-01,4.06597821e+03,5.13796903e-03,7.12940880e-01,7.12940880e-01,6.91379644e-02,2.76551858e-01,1.90043354e-04,2.28052025e-03,2.13216162e-06,2.77181010e-05,5.69695972e-09,7.40604764e-08,5.71002844e-05,7.99403981e-04,2.92002716e-07,4.38004074e-06,1.99834331e-14,2.79768064e-13,1.37677686e-09,2.06516530e-08,3.62073815e-04,5.79318104e-03,1.37885050e-07,2.34404585e-06,5.65940266e-07,1.01869248e-05,1.36746345e-10,2.32468786e-09,6.24770118e-14,1.12458621e-12,7.17611355e-05,1.43522271e-03
1.15519857e-06,1.99999615e-01,4.06597651e+03,5.20866786e-03,7.12940862e-01,7.12940862e-01,6.91379821e-02,2.76551928e-01,1.90049786e-04,2.28059743e-03,2.13214620e-06,2.77179005e-05,6.14088415e-09,7.98314940e-08,5.71001949e-05,7.99402729e-04,2.95931915e-07,4.43897873e-06,2.32186256e-14,3.25060759e-13,1.48403512e-09,2.22605268e-08,3.62073806e-04,5.79318089e-03,1.37882613e-07,2.34400442e-06,5.55072289e-07,9.99130120e-06,1.47399773e-10,2.50579614e-09,6.73428727e-14,1.21217171e-12,7.17611355e-05,1.43522271e-03
1.24519708e-06,1.99999585e-01,4.06597469e+03,5.27907584e-03,7.12940842e-01,7.12940842e-01,6.91380010e-02,2.76552004e-01,1.90056818e-04,2.28068182e-03,2.13212957e-06,2.77176845e-05,6.61940950e-09,8.60523235e-08,5.71000986e-05,7.99401380e-04,2.99836102e-07,4.49754153e-06,2.69775960e-14,3.77686344e-13,1.59964912e-09,2.39947368e-08,3.62073796e-04,5.79318073e-03,1.37879986e-07,2.34395976e-06,5.43591241e-07,9.78464233e-06,1.58883162e-10,2.70101376e-09,7.25875675e-14,1.30657622e-12,7.17611355e-05,1.43522271e-03
1.34220715e-06,1.99999553e-01,4.06597271e+03,5.34849627e-03,7.12940821e-01,7.12940821e-01,6.91380212e-02,2.76552085e-01,1.90064503e-04,2.28077404e-03,2.13211166e-06,2.77174515e-05,7.13523429e-09,9.27580457e-08,5.70999947e-05,7.99399926e-04,3.03674839e-07,4.55512259e-06,3.13451494e-14,4.38832091e-13,1.72426978e-09,2.58640466e-08,3.62073785e-04,5.79318056e-03,1.37877154e-07,2.34391162e-06,5.31481553e-07,9.56666796e-06,1.71261170e-10,2.91143988e-09,7.82405694e-14,1.40833025e-12,7.17611355e-05,1.43522271e-03
1.44677502e-06,1.99999518e-01,4.06597059e+03,5.41612467e-03,7.12940799e-01,7.12940799e-01,6.91380429e-02,2.76552172e-01,1.90072898e-04,2.28087478e-03,2.13209234e-06,2.77172005e-05,7.69126777e-09,9.99864810e-08,5.70998827e-05,7.99398358e-04,3.07401485e-07,4.61102227e-06,3.64198236e-14,5.09877531e-13,1.85859868e-09,2.78789802e-08,3.62073774e-04,5.79318038e-03,1.37874102e-07,2.34385974e-06,5.18730392e-07,9.33714705e-06,1.84603488e-10,3.13825930e-09,8.43336410e-14,1.51800554e-12,7.17611355e-05,1.43522271e-03
1.55948950e-06,1.99999480e-01,4.06596830e+03,5.48104230e-03,7.12940775e-01,7.12940775e-01,6.91380660e-02,2.76552264e-01,1.90082062e-04,2.28098474e-03,2.13207153e-06,2.77169299e-05,8.29064644e-09,1.07778404e-07,5.70997620e-05,7.99396669e-04,3.10962819e-07,4.66444229e-06,4.23161129e-14,5.92425580e-13,2.00339207e-09,3.00508811e-08,3.62073761e-04,5.79318018e-03,1.37870812e-07,2.34380381e-06,5.05328230e-07,9.09590815e-06,1.98985241e-10,3.38274909e-09,9.09010118e-14,1.63621821e-12,7.17611355e-05,1.43522271e-03
1.68098528e-06,1.99999440e-01,4.06596583e+03,5.54221123e-03,7.12940749e-01,7.12940749e-01,6.91380906e-02,2.76552362e-01,1.90092057e-04,2.28110468e-03,2.13204909e-06,2.77166382e-05,8.93675183e-09,1.16177774e-07,5.70996319e-05,7.99394847e-04,3.14298757e-07,4.71448135e-06,4.91670523e-14,6.88338732e-13,2.15946510e-09,3.23919765e-08,3.62073748e-04,5.79317997e-03,1.37867266e-07,2.34374353e-06,4.91269487e-07,8.84285077e-06,2.14487402e-10,3.64628583e-09,9.79795692e-14,1.76363225e-12,7.17611355e-05,1.43522271e-03
1.81194647e-06,1.99999396e-01,4.06596316e+03,5.59847140e-03,7.12940722e-01,7.12940722e-01,6.91381168e-02,2.76552467e-01,1.90102948e-04,2.28123537e-03,2.13202490e-06,2.77163237e-05,9.63322969e-09,1.25231986e-07,5.70994917e-05,7.99392884e-04,3.17342175e-07,4.76013263e-06,5.71272210e-14,7.99781093e-13,2.32769640e-09,3.49154460e-08,3.62073734e-04,5.79317975e-03,1.37863444e-07,2.34367855e-06,4.76553199e-07,8.57795758e-06,2.31197253e-10,3.93035331e-09,1.05609064e-13,1.90096315e-12,7.17611355e-05,1.43522271e-03
1.95311051e-06,1.99999349e-01,4.06596029e+03,5.64854047e-03,7.12940693e-01,7.12940693e-01,6.91381447e-02,2.76552579e-01,1.90114801e-04,2.28137761e-03,2.13199883e-06,2.77159848e-05,1.03840107e-08,1.34992139e-07,5.70993406e-05,7.99390768e-04,3.20018903e-07,4.80028355e-06,6.63762318e-14,9.29267246e-13,2.50903302e-09,3.76354953e-08,3.62073719e-04,5.79317950e-03,1.37859325e-07,2.34360852e-06,4.61183741e-07,8.30130734e-06,2.49208877e-10,4.23655091e-09,1.13832331e-13,2.04898196e-12,7.17611355e-05,1.43522271e-03
2.10527227e-06,1.99999298e-01,4.06595720e+03,5.69101728e-03,7.12940663e-01,7.12940663e-01,6.91381743e-02,2.76552697e-01,1.90127681e-04,2.28153217e-03,2.13197073e-06,2.77156195e-05,1.11933328e-08,1.45513327e-07,5.70991776e-05,7.99388487e-04,3.22247911e-07,4.83371867e-06,7.71227866e-14,1.07971901e-12,2.70449579e-09,4.05674369e-08,3.62073702e-04,5.79317924e-03,1.37854884e-07,2.34353303e-06,4.45171574e-07,8.01308833e-06,2.68623682e-10,4.56660260e-09,1.22695530e-13,2.20851954e-12,7.17611355e-05,1.43522271e-03
2.26928856e-06,1.99999244e-01,4.06595387e+03,5.72438958e-03,7.12940630e-01,7.12940630e-01,6.91382057e-02,2.76552823e-01,1.90141656e-04,2.28169987e-03,2.13194044e-06,2.77152258e-05,1.20657653e-08,1.56854949e-07,5.70990020e-05,7.99386028e-04,3.23941747e-07,4.85912621e-06,8.96093879e-14,1.25453143e-12,2.91518502e-09,4.37277754e-08,3.62073685e-04,5.79317896e-03,1.37850098e-07,2.34345166e-06,4.28534010e-07,7.71361218e-06,2.89550978e-10,4.92236663e-09,1.32248400e-13,2.38047119e-12,7.17611355e-05,1.43522271e-03
2.44608294e-06,1.99999185e-01,4.06595027e+03,5.74704710e-03,7.12940595e-01,7.12940595e-01,6.91382390e-02,2.76552956e-01,1.90156787e-04,2.28188144e-03,2.13190780e-06,2.77148013e-05,1.30062348e-08,1.69081052e-07,5.70988127e-05,7.99383378e-04,3.25007280e-07,4.87510919e-06,1.04117815e-13,1.45764942e-12,3.14228673e-09,4.71343009e-08,3.62073666e-04,5.79317865e-03,1.37844939e-07,2.34336396e-06,4.11295977e-07,7.40332758e-06,3.12108589e-10,5.30584601e-09,1.42544534e-13,2.56580161e-12,7.17611355e-05,1.43522271e-03
2.63665090e-06,1.99999121e-01,4.06594640e+03,5.75730085e-03,7.12940559e-01,7.12940559e-01,6.91382740e-02,2.76553096e-01,1.90173135e-04,2.28207762e-03,2.13187260e-06,2.77143439e-05,1.40200531e-08,1.82260690e-07,5.70986086e-05,7.99380521e-04,3.25346789e-07,4.88020184e-06,1.20975489e-13,1.69365685e-12,3.38707927e-09,5.08061890e-08,3.62073646e-04,5.79317833e-03,1.37839378e-07,2.34326943e-06,3.93490754e-07,7.08283358e-06,3.36423514e-10,5.71919974e-09,1.53641681e-13,2.76555026e-12,7.17611355e-05,1.43522271e-03
2.84206552e-06,1.99999053e-01,4.06594222e+03,5.75340956e-03,7.12940520e-01,7.12940520e-01,6.91383110e-02,2.76553244e-01,1.90190752e-04,2.28228903e-03,2.13183467e-06,2.77138507e-05,1.51129476e-08,1.96468319e-07,5.70983887e-05,7.99377442e-04,3.24859475e-07,4.87289213e-06,1.40562863e-13,1.96788009e-12,3.65094055e-09,5.47641083e-08,3.62073624e-04,5.79317798e-03,1.37833384e-07,2.34316753e-06,3.75160665e-07,6.75289197e-06,3.62632648e-10,6.16475501e-09,1.65602064e-13,2.98083715e-12,7.17611355e-05,1.43522271e-03
3.06348345e-06,1.99998979e-01,4.06593772e+03,5.73361410e-03,7.12940480e-01,7.12940480e-01,6.91383498e-02,2.76553399e-01,1.90209683e-04,2.28251619e-03,2.13179379e-06,2.77133192e-05,1.62910937e-08,2.11784218e-07,5.70981516e-05,7.99374123e-04,3.23443412e-07,4.85165118e-06,1.63322020e-13,2.28650828e-12,3.93535580e-09,5.90303369e-08,3.62073600e-04,5.79317760e-03,1.37826924e-07,2.34305771e-06,3.56357673e-07,6.41443812e-06,3.90883546e-10,6.64502029e-09,1.78492721e-13,3.21286897e-12,7.17611355e-05,1.43522271e-03
3.30215148e-06,1.99998899e-01,4.06593287e+03,5.69618052e-03,7.12940438e-01,7.12940438e-01,6.91383905e-02,2.76553562e-01,1.90229959e-04,2.28275951e-03,2.13174971e-06,2.77127463e-05,1.75611497e-08,2.28294946e-07,5.70978961e-05,7.99370545e-04,3.20997999e-07,4.81496998e-06,1.89766654e-13,2.65673316e-12,4.24192585e-09,6.36288877e-08,3.62073574e-04,5.79317719e-03,1.37819961e-07,2.34293933e-06,3.37143865e-07,6.06858956e-06,4.21335259e-10,7.16269940e-09,1.92385881e-13,3.46294585e-12,7.17611355e-05,1.43522271e-03
3.55941352e-06,1.99998814e-01,4.06592764e+03,5.63945204e-03,7.12940393e-01,7.12940393e-01,6.91384329e-02,2.76553732e-01,1.90251598e-04,2.28301918e-03,2.13170221e-06,2.77121288e-05,1.89302950e-08,2.46093835e-07,5.70976206e-05,7.99366689e-04,3.17426918e-07,4.76140377e-06,2.20493678e-13,3.08691150e-12,4.57237621e-09,6.85856431e-08,3.62073547e-04,5.79317675e-03,1.37812456e-07,2.34281174e-06,3.17591753e-07,5.71665155e-06,4.54159222e-10,7.72070678e-09,2.07359359e-13,3.73246846e-12,7.17611355e-05,1.43522271e-03
3.83671818e-06,1.99998721e-01,4.06592200e+03,5.56190983e-03,7.12940347e-01,7.12940347e-01,6.91384771e-02,2.76553908e-01,1.90274598e-04,2.28329518e-03,2.13165101e-06,2.77114631e-05,2.04062703e-08,2.65281515e-07,5.70973237e-05,7.99362532e-04,3.12641600e-07,4.68962401e-06,2.56196706e-13,3.58675389e-12,4.92856672e-09,7.39285008e-08,3.62073517e-04,5.79317628e-03,1.37804366e-07,2.34267422e-06,2.97784375e-07,5.36011875e-06,4.89540226e-10,8.32218384e-09,2.23496986e-13,4.02294576e-12,7.17611355e-05,1.43522271e-03
4.13562692e-06,1.99998621e-01,4.06591592e+03,5.46224220e-03,7.12940299e-01,7.12940299e-01,6.91385229e-02,2.76554092e-01,1.90298935e-04,2.28358722e-03,2.13159582e-06,2.77107457e-05,2.19974217e-08,2.85966483e-07,5.70970036e-05,7.99358051e-04,3.06565162e-07,4.59847744e-06,2.97681724e-13,4.16754414e-12,5.31250203e-09,7.96875304e-08,3.62073486e-04,5.79317577e-03,1.37795647e-07,2.34252600e-06,2.77815121e-07,5.00067219e-06,5.27677451e-10,8.97051668e-09,2.40889072e-13,4.33600330e-12,7.17611355e-05,1.43522271e-03
4.45782286e-06,1.99998514e-01,4.06590937e+03,5.33942060e-03,7.12940250e-01,7.12940250e-01,6.91385702e-02,2.76554281e-01,1.90324557e-04,2.28389469e-03,2.13153633e-06,2.77099723e-05,2.37127477e-08,3.08265720e-07,5.70966587e-05,7.99353221e-04,2.99136734e-07,4.48705102e-06,3.45885299e-13,4.84239419e-12,5.72634283e-09,8.58951424e-08,3.62073451e-04,5.79317522e-03,1.37786249e-07,2.34236624e-06,2.57787244e-07,4.64017040e-06,5.68785594e-10,9.66935510e-09,2.59632897e-13,4.67339215e-12,7.17611355e-05,1.43522271e-03
4.80512025e-06,1.99998398e-01,4.06590231e+03,5.19278049e-03,7.12940198e-01,7.12940198e-01,6.91386187e-02,2.76554475e-01,1.90351384e-04,2.28421661e-03,2.13147221e-06,2.77091388e-05,2.55619498e-08,3.32305348e-07,5.70962868e-05,7.99348016e-04,2.90316068e-07,4.35474102e-06,4.01895740e-13,5.62654035e-12,6.17241803e-09,9.25862705e-08,3.62073414e-04,5.79317462e-03,1.37776120e-07,2.34219404e-06,2.37813007e-07,4.28063412e-06,6.13096069e-10,1.04226332e-08,2.79833250e-13,5.03699849e-12,7.17611355e-05,1.43522271e-03
5.17947468e-06,1.99998274e-01,4.06589470e+03,5.02210364e-03,7.12940146e-01,7.12940146e-01,6.91386683e-02,2.76554673e-01,1.90379301e-04,2.28455162e-03,2.13140310e-06,2.77082403e-05,2.75554876e-08,3.58221339e-07,5.70958860e-05,7.99342404e-04,2.80088221e-07,4.20132332e-06,4.66977685e-13,6.53768759e-12,6.65323783e-09,9.97985674e-08,3.62073373e-04,5.79317398e-03,1.37765203e-07,2.34200845e-06,2.18012421e-07,3.92422359e-06,6.60858313e-10,1.12345913e-08,3.01602997e-13,5.42885394e-12,7.17611355e-05,1.43522271e-03
5.58299409e-06,1.99998139e-01,4.06588650e+03,4.82769790e-03,7.12940093e-01,7.12940093e-01,6.91387188e-02,2.76554875e-01,1.90408157e-04,2.28489788e-03,2.13132861e-06,2.77072719e-05,2.97046367e-08,3.86160277e-07,5.70954540e-05,7.99336356e-04,2.68468098e-07,4.02702147e-06,5.42600676e-13,7.59640946e-12,7.17150779e-09,1.07572617e-07,3.62073330e-04,5.79317328e-03,1.37753436e-07,2.34180841e-06,1.98511555e-07,3.57320799e-06,7.12341190e-10,1.21098002e-08,3.25063700e-13,5.85114661e-12,7.17611355e-05,1.43522271e-03
6.01795064e-06,1.99997994e-01,4.06587766e+03,4.61046918e-03,7.12940039e-01,7.12940039e-01,6.91387697e-02,2.76555079e-01,1.90437761e-04,2.28525313e-03,2.13124831e-06,2.77062281e-05,3.20215524e-08,4.16280181e-07,5.70949883e-05,7.99329836e-04,2.55504542e-07,3.83256814e-06,6.30472356e-13,8.82661299e-12,7.73014406e-09,1.15952161e-07,3.62073283e-04,5.79317252e-03,1.37740754e-07,2.34159281e-06,1.79440377e-07,3.22992679e-06,7.67834499e-10,1.30531865e-08,3.50346280e-13,6.30623303e-12,7.17611355e-05,1.43522271e-03
6.48679353e-06,1.99997838e-01,4.06586813e+03,4.37197946e-03,7.12939985e-01,7.12939985e-01,6.91388207e-02,2.76555283e-01,1.90467883e-04,2.28561459e-03,2.13116177e-06,2.77051030e-05,3.45193370e-08,4.48751381e-07,5.70944863e-05,7.99322809e-04,2.41283635e-07,3.61925453e-06,7.32577048e-13,1.02560787e-11,8.33228975e-09,1.24984346e-07,3.62073231e-04,5.79317170e-03,1.37727085e-07,2.34136044e-06,1.60930163e-07,2.89674294e-06,8.27650609e-10,1.40700603e-08,3.77591721e-13,6.79665097e-12,7.17611355e-05,1.43522271e-03
6.99216276e-06,1.99997669e-01,4.06585785e+03,4.11448392e-03,7.12939930e-01,7.12939930e-01,6.91388715e-02,2.76555486e-01,1.90498255e-04,2.28597906e-03,2.13106848e-06,2.77038903e-05,3.72121132e-08,4.83757471e-07,5.70939453e-05,7.99315234e-04,2.25930791e-07,3.38896186e-06,8.51220576e-13,1.19170881e-11,8.98133253e-09,1.34719988e-07,3.62073176e-04,5.79317081e-03,1.37712353e-07,2.34110999e-06,1.43110490e-07,2.57598881e-06,8.92126209e-10,1.51661456e-08,4.06951839e-13,7.32513311e-12,7.17611355e-05,1.43522271e-03
7.53690398e-06,1.99997488e-01,4.06584678e+03,3.84094048e-03,7.12939876e-01,7.12939876e-01,6.91389217e-02,2.76555687e-01,1.90528574e-04,2.28634289e-03,2.13096794e-06,2.77025832e-05,4.01151017e-08,5.21496323e-07,5.70933621e-05,7.99307069e-04,2.09611285e-07,3.14416928e-06,9.89082342e-13,1.38471528e-11,9.68092371e-09,1.45213856e-07,3.62073116e-04,5.79316985e-03,1.37696475e-07,2.34084007e-06,1.26105879e-07,2.26990582e-06,9.61624209e-10,1.63476116e-08,4.38590102e-13,7.89462183e-12,7.17611355e-05,1.43522271e-03
8.12408458e-06,1.99997292e-01,4.06583484e+03,3.55498494e-03,7.12939823e-01,7.12939823e-01,6.91389708e-02,2.76555883e-01,1.90558503e-04,2.28670203e-03,2.13085957e-06,2.77011744e-05,4.32447062e-08,5.62181180e-07,5.70927335e-05,7.99298268e-04,1.92528813e-07,2.88793220e-06,1.14927583e-12,1.60898617e-11,1.04349986e-08,1.56524980e-07,3.62073050e-04,5.79316880e-03,1.37679362e-07,2.34054915e-06,1.10032206e-07,1.98057971e-06,1.03653577e-09,1.76211081e-08,4.72682500e-13,8.50828501e-12,7.17611355e-05,1.43522271e-03
8.75701089e-06,1.99997081e-01,4.06582197e+03,3.26086626e-03,7.12939771e-01,7.12939771e-01,6.91390183e-02,2.76556073e-01,1.90587684e-04,2.28705220e-03,2.13074276e-06,2.76996559e-05,4.66186030e-08,6.06041838e-07,5.70920559e-05,7.99288782e-04,1.74921764e-07,2.62382646e-06,1.33541891e-12,1.86958648e-11,1.12477988e-08,1.68716983e-07,3.62072979e-04,5.79316767e-03,1.37660919e-07,2.34023561e-06,9.49930049e-08,1.70987409e-06,1.11728252e-09,1.89938029e-08,5.09418500e-13,9.16953300e-12,7.17611355e-05,1.43522271e-03
9.43924684e-06,1.99996854e-01,4.06580810e+03,2.96333900e-03,7.12939721e-01,7.12939721e-01,6.91390639e-02,2.76556255e-01,1.90615743e-04,2.28738892e-03,2.13061686e-06,2.76980192e-05,5.02558390e-08,6.53325907e-07,5.70913255e-05,7.99278557e-04,1.57057060e-07,2.35585590e-06,1.55171549e-12,2.17240168e-11,1.21238958e-08,1.81858437e-07,3.62072902e-04,5.79316643e-03,1.37641041e-07,2.33989770e-06,8.10758457e-08,1.45936522e-06,1.20431890e-09,2.04734213e-08,5.49002045e-13,9.88203682e-12,7.17611355e-05,1.43522271e-03
1.01746340e-05,1.99996608e-01,4.06579315e+03,2.66751211e-03,7.12939672e-01,7.12939672e-01,6.91391070e-02,2.76556428e-01,1.90642306e-04,2.28770768e-03,2.13048116e-06,2.76962551e-05,5.41769365e-08,7.04300175e-07,5.70905383e-05,7.99267536e-04,1.39221491e-07,2.08832236e-06,1.80305037e-12,2.52427051e-11,1.30682165e-08,1.96023248e-07,3.62072818e-04,5.79316509e-03,1.37619619e-07,2.33953353e-06,6.83490019e-08,1.23028203e-06,1.29813473e-09,2.20682905e-08,5.91652646e-13,1.06497476e-11,7.17611355e-05,1.43522271e-03
1.09673133e-05,1.99996344e-01,4.06577704e+03,2.37865843e-03,7.12939626e-01,7.12939626e-01,6.91391474e-02,2.76556590e-01,1.90667010e-04,2.28800411e-03,2.13033491e-06,2.76943538e-05,5.84040058e-08,7.59252076e-07,5.70896897e-05,7.99255656e-04,1.21710805e-07,1.82566208e-06,2.09509947e-12,2.93313926e-11,1.40860712e-08,2.11291068e-07,3.62072727e-04,5.79316364e-03,1.37596532e-07,2.33914104e-06,5.68586198e-08,1.02345516e-06,1.39925798e-09,2.37873856e-08,6.37606536e-13,1.14769177e-11,7.17611355e-05,1.43522271e-03
1.18217482e-05,1.99996059e-01,4.06575967e+03,2.10199249e-03,7.12939583e-01,7.12939583e-01,6.91391847e-02,2.76556739e-01,1.90689515e-04,2.28827418e-03,2.13017727e-06,2.76923045e-05,6.29608672e-08,8.18491274e-07,5.70887751e-05,7.99242851e-04,1.04816999e-07,1.57225498e-06,2.43445785e-12,3.40824099e-11,1.51831829e-08,2.27747743e-07,3.62072629e-04,5.79316206e-03,1.37571651e-07,2.33871807e-06,4.66266297e-08,8.39279334e-07,1.50825769e-09,2.56403807e-08,6.87117918e-13,1.23681225e-11,7.17611355e-05,1.43522271e-03
1.27427499e-05,1.99995752e-01,4.06574095e+03,1.84243019e-03,7.12939543e-01,7.12939543e-01,6.91392186e-02,2.76556874e-01,1.90709526e-04,2.28851431e-03,2.13000736e-06,2.76900957e-05,6.78731825e-08,8.82351372e-07,5.70877892e-05,7.99229049e-04,8.88145521e-08,1.33221828e-06,2.82878837e-12,3.96030372e-11,1.63657196e-08,2.45485795e-07,3.62072521e-04,5.79316034e-03,1.37544837e-07,2.33826223e-06,3.76496038e-08,6.77692869e-07,1.62574721e-09,2.76377026e-08,7.40460287e-13,1.33282852e-11,7.17611355e-05,1.43522271e-03
1.37355044e-05,1.99995422e-01,4.06572077e+03,1.60434720e-03,7.12939506e-01,7.12939506e-01,6.91392490e-02,2.76556996e-01,1.90726801e-04,2.28872161e-03,2.12982424e-06,2.76877151e-05,7.31685966e-08,9.51191756e-07,5.70867266e-05,7.99214172e-04,7.39466061e-08,1.10919909e-06,3.28699445e-12,4.60179223e-11,1.76403289e-08,2.64604934e-07,3.62072405e-04,5.79315848e-03,1.37515941e-07,2.33777099e-06,2.98987363e-08,5.38177254e-07,1.75238763e-09,2.97905897e-08,7.97927862e-13,1.43627015e-11,7.17611355e-05,1.43522271e-03
1.48056018e-05,1.99995065e-01,4.06569901e+03,1.39135678e-03,7.12939472e-01,7.12939472e-01,6.91392756e-02,2.76557102e-01,1.90741163e-04,2.28889396e-03,2.12962687e-06,2.76851493e-05,7.88768913e-08,1.02539959e-06,5.70855812e-05,7.99198136e-04,6.04122409e-08,9.06183614e-07,3.81942069e-12,5.34718896e-11,1.90141748e-08,2.85212622e-07,3.62072279e-04,5.79315646e-03,1.37484800e-07,2.33724161e-06,2.33210426e-08,4.19778767e-07,1.88889148e-09,3.21111551e-08,8.59837093e-13,1.54770677e-11,7.17611355e-05,1.43522271e-03
1.59590678e-05,1.99994680e-01,4.06567557e+03,1.20612843e-03,7.12939441e-01,7.12939441e-01,6.91392986e-02,2.76557195e-01,1.90752510e-04,2.28903012e-03,2.12941415e-06,2.76823840e-05,8.50301506e-08,1.10539196e-06,5.70843466e-05,7.99180852e-04,4.83560804e-08,7.25341206e-07,4.43808590e-12,6.21332027e-11,2.04949781e-08,3.07424672e-07,3.62072142e-04,5.79315427e-03,1.37451243e-07,2.33667113e-06,1.78417985e-08,3.21152373e-07,2.03602674e-09,3.46124546e-08,9.26528296e-13,1.66775093e-11,7.17611355e-05,1.43522271e-03
1.72023972e-05,1.99994266e-01,4.06565029e+03,1.05026731e-03,7.12939413e-01,7.12939413e-01,6.91393181e-02,2.76557272e-01,1.90760817e-04,2.28912980e-03,2.12918489e-06,2.76794036e-05,9.16629402e-08,1.19161822e-06,5.70830158e-05,7.99162222e-04,3.78613715e-08,5.67920573e-07,5.15695383e-12,7.21973537e-11,2.20910594e-08,3.31365892e-07,3.62071994e-04,5.79315190e-03,1.37415081e-07,2.33605637e-06,1.33681223e-08,2.40626201e-07,2.19462116e-09,3.73085596e-08,9.98367373e-13,1.79706127e-11,7.17611355e-05,1.43522271e-03
1.85425913e-05,1.99993819e-01,4.06562305e+03,9.24269968e-04,7.12939388e-01,7.12939388e-01,6.91393342e-02,2.76557337e-01,1.90766132e-04,2.28919359e-03,2.12893780e-06,2.76761914e-05,9.88125007e-08,1.28456251e-06,5.70815815e-05,7.99142141e-04,2.89474114e-08,4.34211171e-07,5.99224753e-12,8.38914654e-11,2.38113856e-08,3.57170784e-07,3.62071833e-04,5.79314933e-03,1.37376113e-07,2.33539392e-06,9.79350026e-09,1.76283005e-07,2.36556687e-09,4.02146368e-08,1.07574767e-12,1.93634580e-11,7.17611355e-05,1.43522271e-03
1.99871964e-05,1.99993338e-01,4.06559368e+03,8.27564240e-04,7.12939365e-01,7.12939365e-01,6.91393472e-02,2.76557389e-01,1.90768573e-04,2.28922288e-03,2.12867150e-06,2.76727294e-05,1.06518957e-07,1.38474644e-06,5.70800355e-05,7.99120496e-04,2.15717821e-08,3.23576731e-07,6.96281456e-12,9.74794038e-11,2.56656198e-08,3.84984298e-07,3.62071660e-04,5.79314656e-03,1.37334123e-07,2.33468009e-06,7.00294925e-09,1.26053087e-07,2.54982543e-09,4.33470323e-08,1.15909192e-12,2.08636546e-11,7.17611355e-05,1.43522271e-03
2.15443469e-05,1.99992819e-01,4.06556203e+03,7.58631882e-04,7.12939344e-01,7.12939344e-01,6.91393574e-02,2.76557430e-01,1.90768311e-04,2.28921973e-03,2.12838449e-06,2.76689984e-05,1.14825543e-07,1.49273206e-06,5.70783691e-05,7.99097167e-04,1.56373013e-08,2.34559519e-07,8.09055123e-12,1.13267717e-10,2.76641754e-08,4.14962631e-07,3.62071472e-04,5.79314355e-03,1.37288878e-07,2.33391092e-06,4.87843059e-09,8.78117506e-08,2.74843318e-09,4.67233641e-08,1.24885437e-12,2.24793787e-11,7.17611355e-05,1.43522271e-03
2.32228110e-05,1.99992259e-01,4.06552791e+03,7.15201884e-04,7.12939324e-01,7.12939324e-01,6.91393653e-02,2.76557461e-01,1.90765555e-04,2.28918666e-03,2.12807518e-06,2.76649773e-05,1.23778846e-07,1.60912500e-06,5.70765729e-05,7.99072021e-04,1.10030054e-08,1.65045081e-07,9.40089527e-12,1.31612534e-10,2.98182738e-08,4.47274108e-07,3.62071269e-04,5.79314031e-03,1.37240126e-07,2.33308213e-06,3.30409284e-09,5.94736710e-08,2.96250708e-09,5.03626203e-08,1.34552298e-12,2.42194137e-11,7.17611355e-05,1.43522271e-03
2.50320398e-05,1.99991656e-01,4.06549113e+03,6.94493099e-04,7.12939306e-01,7.12939306e-01,6.91393711e-02,2.76557484e-01,1.90760534e-04,2.28912641e-03,2.12774183e-06,2.76606438e-05,1.33429067e-07,1.73457786e-06,5.70746370e-05,7.99044918e-04,7.49794180e-09,1.12469127e-07,1.09233981e-11,1.52927574e-10,3.21400073e-08,4.82100109e-07,3.62071050e-04,5.79313681e-03,1.37187596e-07,2.33218914e-06,2.17092821e-09,3.90767078e-08,3.19325094e-09,5.42852659e-08,1.44962178e-12,2.60931920e-11,7.17611355e-05,1.43522271e-03
2.69822209e-05,1.99991006e-01,4.06545149e+03,6.93478124e-04,7.12939289e-01,7.12939289e-01,6.91393753e-02,2.76557501e-01,1.90753478e-04,2.28904174e-03,2.12738258e-06,2.76559735e-05,1.43830299e-07,1.86979389e-06,5.70725503e-05,7.99015704e-04,4.93616816e-09,7.40425225e-08,1.26923897e-11,1.77693456e-10,3.46424058e-08,5.19636087e-07,3.62070814e-04,5.79313303e-03,1.37131000e-07,2.33122699e-06,1.38049203e-09,2.48488565e-08,3.44196218e-09,5.85133570e-08,1.56171338e-12,2.81108408e-11,7.17611355e-05,1.43522271e-03
2.90843356e-05,1.99990305e-01,4.06540876e+03,7.09138085e-04,7.12939271e-01,7.12939271e-01,6.91393783e-02,2.76557513e-01,1.90744600e-04,2.28893520e-03,2.12699542e-06,2.76509405e-05,1.55040838e-07,2.01553090e-06,5.70703012e-05,7.98984217e-04,3.13122486e-09,4.69683729e-08,1.47477503e-11,2.06468505e-10,3.73395097e-08,5.60092646e-07,3.62070559e-04,5.79312895e-03,1.37070022e-07,2.33019037e-06,8.47445705e-10,1.52540227e-08,3.71003910e-09,6.30706647e-08,1.68240162e-12,3.02832291e-11,7.17611355e-05,1.43522271e-03
3.13502206e-05,1.99989550e-01,4.06536270e+03,7.38680623e-04,7.12939254e-01,7.12939254e-01,6.91393803e-02,2.76557521e-01,1.90734082e-04,2.28880899e-03,2.12657820e-06,2.76455166e-05,1.67123498e-07,2.17260547e-06,5.70678771e-05,7.98950279e-04,1.90849998e-09,2.86274997e-08,1.71358075e-11,2.39901305e-10,4.02464477e-08,6.03696715e-07,3.62070284e-04,5.79312455e-03,1.37004327e-07,2.32907356e-06,5.00827010e-10,9.01488617e-09,3.99898868e-09,6.79828075e-08,1.81233435e-12,3.26220182e-11,7.17611355e-05,1.43522271e-03
3.37926348e-05,1.99988736e-01,4.06531305e+03,7.79700799e-04,7.12939236e-01,7.12939236e-01,6.91393817e-02,2.76557527e-01,1.90722066e-04,2.28866480e-03,2.12612858e-06,2.76396716e-05,1.80145963e-07,2.34189751e-06,5.70652642e-05,7.98913699e-04,1.11432743e-09,1.67149114e-08,1.99103770e-11,2.78745278e-10,4.33795202e-08,6.50692803e-07,3.62069988e-04,5.79311980e-03,1.36933553e-07,2.32787040e-06,2.84103882e-10,5.11386988e-09,4.31043503e-09,7.32773955e-08,1.95220639e-12,3.51397151e-11,7.17611355e-05,1.43522271e-03
3.64253312e-05,1.99987859e-01,4.06525954e+03,8.30275067e-04,7.12939217e-01,7.12939217e-01,6.91393826e-02,2.76557530e-01,1.90708650e-04,2.28850380e-03,2.12564407e-06,2.76333729e-05,1.94181163e-07,2.52435512e-06,5.70624481e-05,7.98874273e-04,6.21256651e-10,9.31884976e-09,2.31339726e-11,3.23875616e-10,4.67562905e-08,7.01344357e-07,3.62069668e-04,5.79311468e-03,1.36857309e-07,2.32657426e-06,1.54204128e-10,2.77567431e-09,4.64612847e-09,7.89841840e-08,2.10276265e-12,3.78497277e-11,7.17611355e-05,1.43522271e-03
3.92631340e-05,1.99986913e-01,4.06520186e+03,8.88989812e-04,7.12939197e-01,7.12939197e-01,6.91393832e-02,2.76557533e-01,1.90693885e-04,2.28832663e-03,2.12512195e-06,2.76265853e-05,2.09307676e-07,2.72099979e-06,5.70594128e-05,7.98831779e-04,3.29579718e-10,4.94369578e-09,2.68792100e-11,3.76308940e-10,5.03956808e-08,7.55935212e-07,3.62069323e-04,5.79310916e-03,1.36775178e-07,2.32517803e-06,7.98091150e-11,1.43656407e-09,5.00795529e-09,8.51352399e-08,2.26480133e-12,4.07664240e-11,7.17611355e-05,1.43522271e-03
4.23220227e-05,1.99985893e-01,4.06513968e+03,9.54915659e-04,7.12939175e-01,7.12939175e-01,6.91393836e-02,2.76557534e-01,1.90677783e-04,2.28813339e-03,2.12455933e-06,2.76192713e-05,2.25610156e-07,2.93293203e-06,5.70561413e-05,7.98785978e-04,1.65754835e-10,2.48632252e-09,3.12304379e-11,4.37226131e-10,5.43180777e-08,8.14771166e-07,3.62068951e-04,5.79310321e-03,1.36686709e-07,2.32367405e-06,3.92409017e-11,7.06336230e-10,5.39794830e-09,9.17651210e-08,2.43917739e-12,4.39051931e-11,7.17611355e-05,1.43522271e-03
4.56192215e-05,1.99984794e-01,4.06507267e+03,1.02754486e-03,7.12939152e-01,7.12939152e-01,6.91393839e-02,2.76557535e-01,1.90660316e-04,2.28792379e-03,2.12395308e-06,2.76113900e-05,2.43179803e-07,3.16133744e-06,5.70526153e-05,7.98736614e-04,7.87149211e-11,1.18072382e-09,3.62856315e-11,5.07998842e-10,5.85454440e-08,8.78181660e-07,3.62068550e-04,5.79309680e-03,1.36591417e-07,2.32205409e-06,1.82567244e-11,3.28621038e-10,5.81829816e-09,9.89110686e-08,2.62680606e-12,4.72825091e-11,7.17611355e-05,1.43522271e-03
4.91732965e-05,1.99983610e-01,4.06500043e+03,1.10671079e-03,7.12939128e-01,7.12939128e-01,6.91393841e-02,2.76557536e-01,1.90641429e-04,2.28769715e-03,2.12329983e-06,2.76028978e-05,2.62114858e-07,3.40749316e-06,5.70488150e-05,7.98683410e-04,3.51461684e-11,5.27192527e-10,4.21585910e-11,5.90220274e-10,6.31014396e-08,9.46521594e-07,3.62068118e-04,5.79308988e-03,1.36488783e-07,2.32030932e-06,8.00270780e-12,1.44048740e-10,6.27136561e-09,1.06613215e-07,2.82866656e-12,5.09159980e-11,7.17611355e-05,1.43522271e-03
5.30042602e-05,1.99982333e-01,4.06492257e+03,1.19250619e-03,7.12939101e-01,7.12939101e-01,6.91393843e-02,2.76557537e-01,1.90621041e-04,2.28745249e-03,2.12259596e-06,2.75937475e-05,2.82521143e-07,3.67277485e-06,5.70447191e-05,7.98626067e-04,1.46873788e-11,2.20310681e-10,4.89814941e-11,6.85740917e-10,6.80115518e-08,1.02017328e-06,3.62067652e-04,5.79308243e-03,1.36378248e-07,2.31843021e-06,3.28979691e-12,5.92163443e-11,6.75969461e-09,1.14914808e-07,3.04580590e-12,5.48245063e-11,7.17611355e-05,1.43522271e-03
5.71336843e-05,1.99980956e-01,4.06483864e+03,1.28521190e-03,7.12939073e-01,7.12939073e-01,6.91393846e-02,2.76557538e-01,1.90599052e-04,2.28718863e-03,2.12183757e-06,2.75838884e-05,3.04512635e-07,3.95866425e-06,5.70403046e-05,7.98564264e-04,5.71669177e-12,8.57503766e-11,5.69078598e-11,7.96710037e-10,7.33032349e-08,1.09954852e-06,3.62067149e-04,5.79307439e-03,1.36259211e-07,2.31640658e-06,1.26197517e-12,2.27155530e-11,7.28602652e-09,1.23862451e-07,3.27934290e-12,5.90281721e-11,7.17611356e-05,1.43522271e-03
6.15848211e-05,1.99979473e-01,4.06474817e+03,1.38524193e-03,7.12939042e-01,7.12939042e-01,6.91393848e-02,2.76557539e-01,1.90575348e-04,2.28690418e-03,2.12102045e-06,2.75732659e-05,3.28212091e-07,4.26675718e-06,5.70355468e-05,7.98497655e-04,2.06195671e-12,3.09293506e-11,6.61159887e-11,9.25623842e-10,7.90060604e-08,1.18509091e-06,3.62066607e-04,5.79306572e-03,1.36131027e-07,2.31422746e-06,4.49309260e-13,8.08756667e-12,7.85331531e-09,1.33506360e-07,3.53047212e-12,6.35484982e-11,7.17611356e-05,1.43522271e-03
6.63827344e-05,1.99977874e-01,4.06465066e+03,1.49310580e-03,7.12939009e-01,7.12939009e-01,6.91393851e-02,2.76557540e-01,1.90549800e-04,2.28659759e-03,2.12014011e-06,2.75618214e-05,3.53751711e-07,4.59877224e-06,5.70304191e-05,7.98425867e-04,6.85864893e-13,1.02879734e-11,7.68129562e-11,1.07538139e-09,8.51518784e-08,1.27727818e-06,3.62066023e-04,5.79305637e-03,1.35993005e-07,2.31188109e-06,1.47616420e-13,2.65709557e-12,8.46474404e-09,1.43900649e-07,3.80046810e-12,6.84084259e-11,7.17611356e-05,1.43522271e-03
7.15544407e-05,1.99976150e-01,4.06454556e+03,1.60938589e-03,7.12938974e-01,7.12938974e-01,6.91393853e-02,2.76557541e-01,1.90522266e-04,2.28626719e-03,2.11919167e-06,2.75494917e-05,3.81273855e-07,4.95656011e-06,5.70248927e-05,7.98348498e-04,2.09788594e-13,3.14682891e-12,8.92392481e-11,1.24934947e-09,9.17749914e-08,1.37662487e-06,3.62065394e-04,5.79304630e-03,1.35844402e-07,2.30935483e-06,4.44739055e-14,8.00530299e-13,9.12374245e-09,1.55103622e-07,4.09068947e-12,7.36324104e-11,7.17611356e-05,1.43522271e-03
7.71290612e-05,1.99974292e-01,4.06443227e+03,1.73472578e-03,7.12938935e-01,7.12938935e-01,6.91393856e-02,2.76557542e-01,1.90492593e-04,2.28591112e-03,2.11816991e-06,2.75362089e-05,4.10931814e-07,5.34211358e-06,5.70189368e-05,7.98265115e-04,5.94330558e-14,8.91495837e-13,1.03674141e-10,1.45143797e-09,9.89123401e-08,1.48368510e-06,3.62064715e-04,5.79303543e-03,1.35684421e-07,2.30663515e-06,1.22048741e-14,2.19687735e-13,9.83400604e-09,1.67178103e-07,4.40258312e-12,7.92464962e-11,7.17611356e-05,1.43522271e-03
8.31379858e-05,1.99972289e-01,4.06431016e+03,1.86982612e-03,7.12938894e-01,7.12938894e-01,6.91393859e-02,2.76557544e-01,1.90460618e-04,2.28552741e-03,2.11706922e-06,2.75218998e-05,4.42890632e-07,5.75757822e-06,5.70125180e-05,7.98175252e-04,1.64342674e-14,2.46514011e-13,1.20441945e-10,1.68618723e-09,1.06603704e-07,1.59905556e-06,3.62063983e-04,5.79302372e-03,1.35512206e-07,2.30370751e-06,3.02878434e-15,5.45181181e-14,1.05995165e-08,1.80191780e-07,4.73768839e-12,8.52783910e-11,7.17611356e-05,1.43522271e-03
8.96150502e-05,1.99970131e-01,4.06417853e+03,2.01544477e-03,7.12938849e-01,7.12938849e-01,6.91393862e-02,2.76557545e-01,1.90426161e-04,2.28511393e-03,2.11588354e-06,2.75064861e-05,4.77327996e-07,6.20526395e-06,5.70056005e-05,7.98078406e-04,5.45497374e-15,8.18246061e-14,1.39919250e-10,1.95886950e-09,1.14891916e-07,1.72337874e-06,3.62063193e-04,5.79301109e-03,1.35326844e-07,2.30055635e-06,6.74398216e-16,1.21391679e-14,1.14245638e-08,1.94217584e-07,5.09764109e-12,9.17575396e-11,7.17611356e-05,1.43522271e-03
9.65967258e-05,1.99967804e-01,4.06403666e+03,2.17239950e-03,7.12938801e-01,7.12938801e-01,6.91393866e-02,2.76557546e-01,1.90389031e-04,2.28466837e-03,2.11460639e-06,2.74898831e-05,5.14435180e-07,6.68765734e-06,5.69981455e-05,7.97974038e-04,3.06227481e-15,4.59341222e-14,1.62543333e-10,2.27560667e-09,1.23823093e-07,1.85734639e-06,3.62062342e-04,5.79299747e-03,1.35127351e-07,2.29716497e-06,1.33605428e-16,2.40489771e-15,1.23137696e-08,2.09334084e-07,5.48417738e-12,9.87151929e-11,7.17611356e-05,1.43522271e-03
1.04122326e-04,1.99965296e-01,4.06388374e+03,2.34157188e-03,7.12938749e-01,7.12938749e-01,6.91393870e-02,2.76557548e-01,1.90349022e-04,2.28418826e-03,2.11323078e-06,2.74720002e-05,5.54418069e-07,7.20743490e-06,5.69901116e-05,7.97861563e-04,2.73110102e-15,4.09665154e-14,1.88821912e-10,2.64350677e-09,1.33446882e-07,2.00170323e-06,3.62061424e-04,5.79298279e-03,1.34912677e-07,2.29351551e-06,2.33388314e-17,4.20098966e-16,1.32721134e-08,2.25625927e-07,5.89913748e-12,1.06184475e-10,7.17611356e-05,1.43522271e-03
1.12234225e-04,1.99962592e-01,4.06371892e+03,2.52391204e-03,7.12938694e-01,7.12938694e-01,6.91393874e-02,2.76557550e-01,1.90305911e-04,2.28367094e-03,2.11174921e-06,2.74527397e-05,5.97498246e-07,7.76747720e-06,5.69814539e-05,7.97740354e-04,2.84750818e-15,4.27126226e-14,2.19344459e-10,3.07082242e-09,1.43816728e-07,2.15725092e-06,3.62060435e-04,5.79296695e-03,1.34681697e-07,2.28958885e-06,3.56165882e-18,6.41098588e-17,1.43049591e-08,2.43184304e-07,6.34446889e-12,1.14200440e-10,7.17611356e-05,1.43522271e-03
1.20978102e-04,1.99959678e-01,4.06354126e+03,2.72044388e-03,7.12938634e-01,7.12938634e-01,6.91393878e-02,2.76557551e-01,1.90259460e-04,2.28311352e-03,2.11015361e-06,2.74319970e-05,6.43914160e-07,8.37088408e-06,5.69721241e-05,7.97609737e-04,3.06037836e-15,4.59056754e-14,2.54795327e-10,3.56713458e-09,1.54990156e-07,2.32485235e-06,3.62059367e-04,5.79294988e-03,1.34433207e-07,2.28536451e-06,4.71903506e-19,8.49426310e-18,1.54180850e-08,2.62107445e-07,6.82222933e-12,1.22800128e-10,7.17611356e-05,1.43522271e-03
1.30403192e-04,1.99956537e-01,4.06334977e+03,2.93227075e-03,7.12938569e-01,7.12938569e-01,6.91393883e-02,2.76557553e-01,1.90209411e-04,2.28251293e-03,2.10843533e-06,2.74096593e-05,6.93922381e-07,9.02099096e-06,5.69620702e-05,7.97468983e-04,3.30384045e-15,4.95576068e-14,2.95968971e-10,4.14356559e-09,1.67029077e-07,2.50543615e-06,3.62058217e-04,5.79293146e-03,1.34165919e-07,2.28082063e-06,5.60022276e-20,1.00804010e-18,1.66177156e-08,2.82501165e-07,7.33458897e-12,1.32022601e-10,7.17611356e-05,1.43522271e-03
1.40562565e-04,1.99953151e-01,4.06314337e+03,3.16058155e-03,7.12938499e-01,7.12938499e-01,6.91393888e-02,2.76557555e-01,1.90155486e-04,2.28186583e-03,2.10658508e-06,2.73856060e-05,7.47798933e-07,9.72138613e-06,5.69512363e-05,7.97317309e-04,3.56819644e-15,5.35229466e-14,3.43787599e-10,4.81302639e-09,1.80000110e-07,2.70000165e-06,3.62056976e-04,5.79291161e-03,1.33878461e-07,2.27593383e-06,8.48939020e-21,1.52809024e-19,1.79105552e-08,3.04479439e-07,7.88383196e-12,1.41908975e-10,7.17611356e-05,1.43522271e-03
1.51513429e-04,1.99949502e-01,4.06292090e+03,3.40665742e-03,7.12938424e-01,7.12938424e-01,6.91393894e-02,2.76557557e-01,1.90097389e-04,2.28116867e-03,2.10459286e-06,2.73597072e-05,8.05840727e-07,1.04759294e-05,5.69395622e-05,7.97153871e-04,3.85336897e-15,5.78005346e-14,3.99321636e-10,5.59050291e-09,1.93974939e-07,2.90962408e-06,3.62055637e-04,5.79289020e-03,1.33569362e-07,2.27067916e-06,4.14211997e-21,7.45581594e-20,1.93038250e-08,3.28165024e-07,8.47235704e-12,1.52502427e-10,7.17611356e-05,1.43522271e-03
1.63317447e-04,1.99945568e-01,4.06268111e+03,3.67187874e-03,7.12938343e-01,7.12938343e-01,6.91393899e-02,2.76557560e-01,1.90034798e-04,2.28041758e-03,2.10244798e-06,2.73318237e-05,8.68367087e-07,1.12887721e-05,5.69269830e-05,7.96977763e-04,4.16077521e-15,6.24116282e-14,4.63813450e-10,6.49338830e-09,2.09030678e-07,3.13546017e-06,3.62054194e-04,5.79286710e-03,1.33237058e-07,2.26502999e-06,4.05909869e-21,7.30637765e-20,2.08053019e-08,3.53690133e-07,9.10267700e-12,1.63848186e-10,7.17611356e-05,1.43522271e-03
1.76041084e-04,1.99941328e-01,4.06242266e+03,3.95773287e-03,7.12938256e-01,7.12938256e-01,6.91393906e-02,2.76557562e-01,1.89967369e-04,2.27960843e-03,2.10013895e-06,2.73018063e-05,9.35721385e-07,1.21643780e-05,5.69134290e-05,7.96788006e-04,4.49212602e-15,6.73818903e-14,5.38704846e-10,7.54186784e-09,2.25250276e-07,3.37875414e-06,3.62052637e-04,5.79284220e-03,1.32879879e-07,2.25895794e-06,4.34293862e-21,7.81728952e-20,2.24233615e-08,3.81197146e-07,9.77741673e-12,1.75993501e-10,7.17611357e-05,1.43522271e-03
1.89755988e-04,1.99936758e-01,4.06214409e+03,4.26582232e-03,7.12938162e-01,7.12938162e-01,6.91393912e-02,2.76557565e-01,1.89894730e-04,2.27873677e-03,2.09765344e-06,2.72694948e-05,1.00827278e-06,1.31075461e-05,5.68988249e-05,7.96583549e-04,4.84928417e-15,7.27392626e-14,6.25668928e-10,8.75936499e-09,2.42722942e-07,3.64084412e-06,3.62050959e-04,5.79281534e-03,1.32496048e-07,2.25243281e-06,4.67154614e-21,8.40878304e-20,2.41670227e-08,4.10839387e-07,1.04993097e-11,1.88987574e-10,7.17611357e-05,1.43522271e-03
2.04539383e-04,1.99931832e-01,4.06184384e+03,4.59787363e-03,7.12938060e-01,7.12938060e-01,6.91393920e-02,2.76557568e-01,1.89816484e-04,2.27779781e-03,2.09497827e-06,2.72347176e-05,1.08641806e-06,1.41234348e-05,5.68830900e-05,7.96363261e-04,5.23425898e-15,7.85138847e-14,7.26647017e-10,1.01730582e-08,2.61544596e-07,3.92316893e-06,3.62049148e-04,5.79278638e-03,1.32083673e-07,2.24542245e-06,5.02458189e-21,9.04424741e-20,2.60459971e-08,4.42781950e-07,1.12711922e-11,2.02881459e-10,7.17611357e-05,1.43522271e-03
2.20474515e-04,1.99926522e-01,4.06152022e+03,4.95574690e-03,7.12937951e-01,7.12937951e-01,6.91393928e-02,2.76557571e-01,1.89732201e-04,2.27678642e-03,2.09209929e-06,2.71972908e-05,1.17058365e-06,1.52175875e-05,5.68661374e-05,7.96125923e-04,5.64921623e-15,8.47382435e-14,8.43891407e-10,1.18144797e-08,2.81818361e-07,4.22727541e-06,3.62047196e-04,5.79275513e-03,1.31640746e-07,2.23789268e-06,5.40204095e-21,9.72367371e-20,2.80707406e-08,4.77202590e-07,1.20959957e-11,2.17727923e-10,7.17611357e-05,1.43522271e-03
2.37651111e-04,1.99920799e-01,4.06117142e+03,5.34144601e-03,7.12937834e-01,7.12937834e-01,6.91393936e-02,2.76557574e-01,1.89641421e-04,2.27569705e-03,2.08900136e-06,2.71570176e-05,1.26122768e-06,1.63959598e-05,5.68478733e-05,7.95870226e-04,6.09649026e-15,9.14473539e-14,9.80014879e-10,1.37202083e-08,3.03655075e-07,4.55482612e-06,3.62045090e-04,5.79272144e-03,1.31165134e-07,2.22980727e-06,5.80535106e-21,1.04496319e-19,3.02525101e-08,5.14292672e-07,1.29767362e-11,2.33581251e-10,7.17611357e-05,1.43522271e-03
2.56165892e-04,1.99914630e-01,4.06079548e+03,5.75712966e-03,7.12937707e-01,7.12937707e-01,6.91393945e-02,2.76557578e-01,1.89543649e-04,2.27452378e-03,2.08566826e-06,2.71136874e-05,1.35884222e-06,1.76649488e-05,5.68281973e-05,7.95594762e-04,6.57859703e-15,9.86789554e-14,1.13804802e-09,1.59326723e-08,3.27173845e-07,4.90760768e-06,3.62042819e-04,5.79268510e-03,1.30654575e-07,2.22112778e-06,6.23594865e-21,1.12247076e-19,3.26034235e-08,5.54258200e-07,1.39164999e-11,2.50496998e-10,7.17611357e-05,1.43522271e-03
2.76123110e-04,1.99907980e-01,4.06039029e+03,6.20512317e-03,7.12937571e-01,7.12937571e-01,6.91393955e-02,2.76557582e-01,1.89438352e-04,2.27326022e-03,2.08208267e-06,2.70670747e-05,1.46395565e-06,1.90314235e-05,5.68070010e-05,7.95298014e-04,7.09824827e-15,1.06473724e-13,1.32150558e-09,1.85010782e-08,3.52502631e-07,5.28753947e-06,3.62040369e-04,5.79264590e-03,1.30106679e-07,2.21181354e-06,6.69534943e-21,1.20516290e-19,3.51365239e-08,5.97320906e-07,1.49184261e-11,2.68531669e-10,7.17611357e-05,1.43522271e-03
2.97635144e-04,1.99900813e-01,4.05995358e+03,6.68793124e-03,7.12937424e-01,7.12937424e-01,6.91393965e-02,2.76557586e-01,1.89324959e-04,2.27189951e-03,2.07822606e-06,2.70169387e-05,1.57713520e-06,2.05027576e-05,5.67841680e-05,7.94978353e-04,7.65836667e-15,1.14875500e-13,1.53446323e-09,2.14824852e-08,3.79778866e-07,5.69668299e-06,3.62037726e-04,5.79260362e-03,1.29518915e-07,2.20182156e-06,7.18505619e-21,1.29331011e-19,3.78658489e-08,6.43719432e-07,1.59856853e-11,2.87742335e-10,7.17611357e-05,1.43522271e-03
3.20823125e-04,1.99893088e-01,4.05948289e+03,7.20825157e-03,7.12937266e-01,7.12937266e-01,6.91393976e-02,2.76557590e-01,1.89202858e-04,2.27043429e-03,2.07407862e-06,2.69630221e-05,1.69898954e-06,2.20868640e-05,5.67595734e-05,7.94634027e-04,8.26210230e-15,1.23931534e-13,1.78164631e-09,2.49430483e-08,4.09150118e-07,6.13725178e-06,3.62034876e-04,5.79255802e-03,1.28888618e-07,2.19110651e-06,7.70662283e-21,1.38719211e-19,4.08065048e-08,6.93710581e-07,1.71214522e-11,3.08186139e-10,7.17611358e-05,1.43522272e-03
3.45817620e-04,1.99884761e-01,4.05897560e+03,7.76898959e-03,7.12937096e-01,7.12937096e-01,6.91393988e-02,2.76557595e-01,1.89071389e-04,2.26885667e-03,2.06961925e-06,2.69050503e-05,1.83017164e-06,2.37922313e-05,5.67330825e-05,7.94263155e-04,8.91285026e-15,1.33692754e-13,2.06853254e-09,2.89594556e-08,4.40774789e-07,6.61162184e-06,3.62031802e-04,5.79250883e-03,1.28212979e-07,2.17962064e-06,8.26156841e-21,1.48708231e-19,4.39747453e-08,7.47570670e-07,1.83288737e-11,3.29919727e-10,7.17611358e-05,1.43522272e-03
3.72759372e-04,1.99875785e-01,4.05842886e+03,8.37327415e-03,7.12936913e-01,7.12936913e-01,6.91394000e-02,2.76557600e-01,1.88929846e-04,2.26715815e-03,2.06482540e-06,2.68427302e-05,1.97138168e-06,2.56279618e-05,5.67045510e-05,7.93863713e-04,9.61426977e-15,1.44214047e-13,2.40147066e-09,3.36205892e-08,4.74822849e-07,7.12234274e-06,3.62028486e-04,5.79245577e-03,1.27489046e-07,2.16731379e-06,8.85142116e-21,1.59325581e-19,4.73880567e-08,8.05596964e-07,1.96110303e-11,3.52998546e-10,7.17611358e-05,1.43522272e-03
4.01800086e-04,1.99866111e-01,4.05783960e+03,9.02447448e-03,7.12936715e-01,7.12936715e-01,6.91394014e-02,2.76557606e-01,1.88777471e-04,2.26532965e-03,2.05967307e-06,2.67757499e-05,2.12337018e-06,2.76038124e-05,5.66738235e-05,7.93433529e-04,1.03703046e-14,1.55554569e-13,2.78781744e-09,3.90294442e-08,5.11476622e-07,7.67214933e-06,3.62024909e-04,5.79239854e-03,1.26713729e-07,2.15413339e-06,9.47765978e-21,1.70597876e-19,5.10652482e-08,8.68109220e-07,2.09708904e-11,3.77476026e-10,7.17611358e-05,1.43522272e-03
4.33103286e-04,1.99855684e-01,4.05720454e+03,9.72621827e-03,7.12936503e-01,7.12936503e-01,6.91394029e-02,2.76557611e-01,1.88613452e-04,2.26336142e-03,2.05413669e-06,2.67037769e-05,2.28694125e-06,2.97302362e-05,5.66407334e-05,7.92970267e-04,1.11852053e-14,1.67778080e-13,3.23609604e-09,4.53053446e-08,5.50931599e-07,8.26397399e-06,3.62021051e-04,5.79233682e-03,1.25883792e-07,2.14002447e-06,1.01417131e-20,1.82550836e-19,5.50265488e-08,9.35451330e-07,2.24112568e-11,4.03402623e-10,7.17611358e-05,1.43522272e-03
4.66845237e-04,1.99844445e-01,4.05652010e+03,1.04824111e-02,7.12936274e-01,7.12936274e-01,6.91394044e-02,2.76557618e-01,1.88436917e-04,2.26124300e-03,2.04818907e-06,2.66264579e-05,2.46295598e-06,3.20184278e-05,5.66051017e-05,7.92471424e-04,1.20635530e-14,1.80953295e-13,3.75617864e-09,5.25865010e-08,5.93397310e-07,8.90095966e-06,3.62016890e-04,5.79227024e-03,1.24995866e-07,2.12492971e-06,1.08449217e-20,1.95208591e-19,5.92937104e-08,1.00799308e-06,2.39347053e-11,4.30824696e-10,7.17611358e-05,1.43522272e-03
5.03215936e-04,1.99832332e-01,4.05578248e+03,1.12972575e-02,7.12936028e-01,7.12936028e-01,6.91394061e-02,2.76557624e-01,1.88246933e-04,2.25896320e-03,2.04180134e-06,2.65434175e-05,2.65233603e-06,3.44803684e-05,5.65667363e-05,7.91934309e-04,1.30102851e-14,1.95154276e-13,4.35949723e-09,6.10329612e-08,6.39098222e-07,9.58647332e-06,3.62012402e-04,5.79219843e-03,1.24046446e-07,2.10878958e-06,1.15885145e-20,2.08593262e-19,6.38901181e-08,1.08613201e-06,2.55435126e-11,4.59783227e-10,7.17611359e-05,1.43522272e-03
5.42420181e-04,1.99819275e-01,4.05498754e+03,1.21752826e-02,7.12935764e-01,7.12935764e-01,6.91394078e-02,2.76557631e-01,1.88042502e-04,2.25651003e-03,2.03494287e-06,2.64542573e-05,2.85606728e-06,3.71288747e-05,5.65254312e-05,7.91356037e-04,1.40307228e-14,2.10460841e-13,5.05928656e-09,7.08300119e-08,6.88274685e-07,1.03241203e-05,3.62007561e-04,5.79212098e-03,1.23031906e-07,2.09154239e-06,1.23735689e-20,2.22724241e-19,6.88409076e-08,1.17029543e-06,2.72395751e-11,4.90312352e-10,7.17611359e-05,1.43522272e-03
5.84678728e-04,1.99805202e-01,4.05413084e+03,1.31213569e-02,7.12935479e-01,7.12935479e-01,6.91394097e-02,2.76557639e-01,1.87822554e-04,2.25387065e-03,2.02758117e-06,2.63585552e-05,3.07520370e-06,3.99776481e-05,5.64809653e-05,7.90733514e-04,1.51306012e-14,2.26959018e-13,5.87086412e-09,8.21920977e-08,7.41183923e-07,1.11177588e-05,3.62002340e-04,5.79203745e-03,1.21948504e-07,2.07312457e-06,1.32009745e-20,2.37617542e-19,7.41730902e-08,1.26094253e-06,2.90243161e-11,5.22437690e-10,7.17611359e-05,1.43522272e-03
6.30229527e-04,1.99790034e-01,4.05320760e+03,1.41407210e-02,7.12935172e-01,7.12935172e-01,6.91394117e-02,2.76557647e-01,1.87585946e-04,2.25103135e-03,2.01968191e-06,2.62558649e-05,3.31087125e-06,4.30413263e-05,5.64331016e-05,7.90063423e-04,1.63161016e-14,2.44741524e-13,6.81195246e-09,9.53673345e-08,7.98101054e-07,1.19715158e-05,3.61996710e-04,5.79194736e-03,1.20792401e-07,2.05347082e-06,1.40713851e-20,2.53284932e-19,7.99156856e-08,1.35856666e-06,3.08985820e-11,5.56174477e-10,7.17611359e-05,1.43522272e-03
6.79329072e-04,1.99773685e-01,4.05221267e+03,1.52390131e-02,7.12934842e-01,7.12934842e-01,6.91394139e-02,2.76557656e-01,1.87331454e-04,2.24797745e-03,2.01120881e-06,2.61457145e-05,3.56427197e-06,4.63355356e-05,5.63815864e-05,7.89342210e-04,1.75938856e-14,2.63908284e-13,7.90305013e-09,1.10642702e-07,8.59320149e-07,1.28898022e-05,3.61990639e-04,5.79185022e-03,1.19559674e-07,2.03251446e-06,1.49851701e-20,2.69733062e-19,8.60998630e-08,1.46369767e-06,3.28625261e-11,5.91525470e-10,7.17611359e-05,1.43522272e-03
7.32253834e-04,1.99756064e-01,4.05114050e+03,1.64222980e-02,7.12934488e-01,7.12934488e-01,6.91394162e-02,2.76557665e-01,1.87057773e-04,2.24469328e-03,2.00212359e-06,2.60276067e-05,3.83668805e-06,4.98769446e-05,5.63261478e-05,7.88566069e-04,1.89711332e-14,2.84566998e-13,9.16785806e-09,1.28350013e-07,9.25155323e-07,1.38773298e-05,3.61984092e-04,5.79174547e-03,1.18246341e-07,2.01018780e-06,1.59423564e-20,2.86962415e-19,9.27590909e-08,1.57690455e-06,3.49154804e-11,6.28478647e-10,7.17611360e-05,1.43522272e-03
7.89301826e-04,1.99737072e-01,4.04998512e+03,1.76970983e-02,7.12934106e-01,7.12934106e-01,6.91394186e-02,2.76557674e-01,1.86763509e-04,2.24116211e-03,1.99238602e-06,2.59010182e-05,4.12948606e-06,5.36833188e-05,5.62664946e-05,7.87730925e-04,2.04555827e-14,3.06833740e-13,1.06337694e-08,1.48872771e-07,9.95941852e-07,1.49391278e-05,3.61977033e-04,5.79163253e-03,1.16848388e-07,1.98642260e-06,1.69425672e-20,3.04966210e-19,9.99292959e-08,1.69879803e-06,3.70558153e-11,6.67004676e-10,7.17611360e-05,1.43522272e-03
8.50794280e-04,1.99716603e-01,4.04874009e+03,1.90704267e-02,7.12933696e-01,7.12933696e-01,6.91394212e-02,2.76557685e-01,1.86447176e-04,2.23736611e-03,1.98195379e-06,2.57653992e-05,4.44412109e-06,5.77735742e-05,5.62023158e-05,7.86832421e-04,2.20555744e-14,3.30833615e-13,1.23324315e-08,1.72654041e-07,1.07203731e-06,1.60805596e-05,3.61969423e-04,5.79151077e-03,1.15361799e-07,1.96115058e-06,1.79849537e-20,3.23729167e-19,1.07649030e-07,1.83003351e-06,3.92807881e-11,7.07054187e-10,7.17611360e-05,1.43522272e-03
9.17077451e-04,1.99694541e-01,4.04739850e+03,2.05498216e-02,7.12933256e-01,7.12933256e-01,6.91394240e-02,2.76557696e-01,1.86107188e-04,2.23328626e-03,1.97078261e-06,2.56201739e-05,4.78214095e-06,6.21678323e-05,5.61332785e-05,7.85865899e-04,2.37800974e-14,3.56701462e-13,1.43003907e-08,2.00205470e-07,1.15382271e-06,1.73073406e-05,3.61961220e-04,5.79137951e-03,1.13782595e-07,1.93430411e-06,1.90681221e-20,3.43226198e-19,1.15959648e-07,1.97131401e-06,4.15863803e-11,7.48554845e-10,7.17611360e-05,1.43522272e-03
9.88524571e-04,1.99670763e-01,4.04595288e+03,2.21433837e-02,7.12932782e-01,7.12932782e-01,6.91394269e-02,2.76557708e-01,1.85741859e-04,2.22890231e-03,1.95882620e-06,2.54647406e-05,5.14519021e-06,6.68874727e-05,5.60590273e-05,7.84826382e-04,2.56388407e-14,3.84582611e-13,1.65798300e-08,2.32117619e-07,1.24170366e-06,1.86255549e-05,3.61952378e-04,5.79123805e-03,1.12106879e-07,1.90581695e-06,2.01900552e-20,3.63420994e-19,1.24905493e-07,2.12339337e-06,4.39671263e-11,7.91408273e-10,7.17611360e-05,1.43522272e-03
1.06553795e-03,1.99645136e-01,4.04439522e+03,2.38598151e-02,7.12932273e-01,7.12932273e-01,6.91394301e-02,2.76557720e-01,1.85349396e-04,2.22419275e-03,1.94603632e-06,2.52984721e-05,5.53501418e-06,7.19551844e-05,5.59791829e-05,7.83708561e-04,2.76422474e-14,4.14633711e-13,1.92194134e-08,2.69071787e-07,1.33611150e-06,2.00416725e-05,3.61942850e-04,5.79108560e-03,1.10330889e-07,1.87562512e-06,2.13480309e-20,3.84264556e-19,1.34534093e-07,2.28707959e-06,4.64159363e-11,8.35486853e-10,7.17611360e-05,1.43522272e-03
1.14855124e-03,1.99617516e-01,4.04271687e+03,2.57084611e-02,7.12931726e-01,7.12931726e-01,6.91394334e-02,2.76557734e-01,1.84927892e-04,2.21913470e-03,1.93236288e-06,2.51207174e-05,5.95346264e-06,7.73950143e-05,5.58933408e-05,7.82506772e-04,2.98015740e-14,4.47023609e-13,2.22752503e-08,3.11853504e-07,1.43750441e-06,2.15625661e-05,3.61932583e-04,5.79092133e-03,1.08451052e-07,1.84366789e-06,2.25385372e-20,4.05693669e-19,1.44896369e-07,2.46323827e-06,4.89239154e-11,8.80630478e-10,7.17611361e-05,1.43522272e-03
1.23803188e-03,1.99587748e-01,4.04090855e+03,2.76993528e-02,7.12931139e-01,7.12931139e-01,6.91394369e-02,2.76557748e-01,1.84475324e-04,2.21370389e-03,1.91775405e-06,2.49308026e-05,6.40249323e-06,8.32324120e-05,5.58010701e-05,7.81214981e-04,3.21289542e-14,4.81934313e-13,2.58119955e-08,3.61367937e-07,1.54636847e-06,2.31955271e-05,3.61921523e-04,5.79074438e-03,1.06464056e-07,1.80988895e-06,2.37571870e-20,4.27629366e-19,1.56046844e-07,2.65279635e-06,5.14801849e-11,9.26643328e-10,7.17611361e-05,1.43522272e-03
1.33448373e-03,1.99555666e-01,4.03896026e+03,2.98432535e-02,7.12930508e-01,7.12930508e-01,6.91394406e-02,2.76557763e-01,1.83989551e-04,2.20787461e-03,1.90215639e-06,2.47280331e-05,6.88417452e-06,8.94942688e-05,5.57019121e-05,7.79826770e-04,3.46374682e-14,5.19562022e-13,2.99041023e-08,4.18657432e-07,1.66321868e-06,2.49482803e-05,3.61909611e-04,5.79055378e-03,1.04366921e-07,1.77423766e-06,2.49986338e-20,4.49975409e-19,1.68043872e-07,2.85674583e-06,5.40717101e-11,9.73290781e-10,7.17611361e-05,1.43522272e-03
1.43844989e-03,1.99521091e-01,4.03686123e+03,3.21517052e-02,7.12929831e-01,7.12929831e-01,6.91394446e-02,2.76557778e-01,1.83468304e-04,2.20161965e-03,1.88551510e-06,2.45116963e-05,7.40068850e-06,9.62089505e-05,5.55953795e-05,7.78335313e-04,3.73412169e-14,5.60118254e-13,3.46372470e-08,4.84921457e-07,1.78859986e-06,2.68289979e-05,3.61896784e-04,5.79034855e-03,1.02157084e-07,1.73667043e-06,2.62564921e-20,4.72616857e-19,1.80949869e-07,3.07614777e-06,5.66831432e-11,1.02029658e-09,7.17611361e-05,1.43522272e-03
1.55051578e-03,1.99483829e-01,4.03459989e+03,3.46370782e-02,7.12929105e-01,7.12929105e-01,6.91394488e-02,2.76557795e-01,1.82909188e-04,2.19491025e-03,1.86777423e-06,2.42810649e-05,7.95433243e-06,1.03406322e-04,5.54809549e-05,7.76733369e-04,4.02554034e-14,6.03831052e-13,4.01099458e-08,5.61539241e-07,1.92308743e-06,2.88463114e-05,3.61882975e-04,5.79012759e-03,9.98324914e-08,1.69715235e-06,2.75232644e-20,4.95418760e-19,1.94831551e-07,3.31213637e-06,5.92966887e-11,1.06734040e-09,7.17611361e-05,1.43522272e-03
1.67131243e-03,1.99443671e-01,4.03216379e+03,3.73126219e-02,7.12928326e-01,7.12928326e-01,6.91394532e-02,2.76557813e-01,1.82309675e-04,2.18771610e-03,1.84887700e-06,2.40354010e-05,8.54751993e-06,1.11117759e-04,5.53580898e-05,7.75013257e-04,4.33964201e-14,6.50946301e-13,4.64353868e-08,6.50095415e-07,2.06728806e-06,3.10093208e-05,3.61868111e-04,5.78988978e-03,9.73916944e-08,1.65565880e-06,2.87902820e-20,5.18225076e-19,2.09760187e-07,3.56592318e-06,6.18920022e-11,1.11405604e-09,7.17611361e-05,1.43522272e-03
1.80152004e-03,1.99400394e-01,4.02953955e+03,4.01925160e-02,7.12927491e-01,7.12927491e-01,6.91394579e-02,2.76557831e-01,1.81667106e-04,2.18000527e-03,1.82876621e-06,2.37739608e-05,9.18278100e-06,1.19376153e-04,5.52262038e-05,7.73166853e-04,4.67819439e-14,7.01729158e-13,5.37434993e-08,7.52408991e-07,2.22184012e-06,3.33276018e-05,3.61852118e-04,5.78963388e-03,9.48339588e-08,1.61217730e-06,3.00476606e-20,5.40857892e-19,2.25811847e-07,3.83880140e-06,6.44461328e-11,1.16003039e-09,7.17611361e-05,1.43522272e-03
1.94187178e-03,1.99353756e-01,4.02671278e+03,4.32919235e-02,7.12926596e-01,7.12926596e-01,6.91394628e-02,2.76557851e-01,1.80978686e-04,2.17174424e-03,1.80738468e-06,2.34960008e-05,9.86276091e-06,1.28215892e-04,5.50846838e-05,7.71185573e-04,5.04310397e-14,7.56465596e-13,6.21832879e-08,8.70566031e-07,2.38741390e-06,3.58112085e-05,3.61834913e-04,5.78935861e-03,9.21593754e-08,1.56670938e-06,3.12842798e-20,5.63117037e-19,2.43067661e-07,4.13215024e-06,6.69335247e-11,1.20480344e-09,7.17611361e-05,1.43522272e-03
2.09315797e-03,1.99303496e-01,4.02366800e+03,4.66270424e-02,7.12925636e-01,7.12925636e-01,6.91394680e-02,2.76557872e-01,1.80241488e-04,2.16289785e-03,1.78467574e-06,2.32007846e-05,1.05902177e-05,1.37672830e-04,5.49328833e-05,7.69060367e-04,5.43642727e-14,8.15464091e-13,7.19254563e-08,1.00695639e-06,2.56471150e-06,3.84706724e-05,3.61816411e-04,5.78906258e-03,8.93689771e-08,1.51927261e-06,3.24877904e-20,5.84780227e-19,2.61614083e-07,4.44743941e-06,6.93260894e-11,1.24786961e-09,7.17611361e-05,1.43522272e-03
2.25623046e-03,1.99249335e-01,4.02038859e+03,5.02151574e-02,7.12924609e-01,7.12924609e-01,6.91394735e-02,2.76557894e-01,1.79452448e-04,2.15342937e-03,1.76058392e-06,2.28875910e-05,1.13680180e-05,1.47784234e-04,5.47701223e-05,7.66781712e-04,5.86038309e-14,8.79057464e-13,8.31653492e-08,1.16431489e-06,2.75446641e-06,4.13169962e-05,3.61796520e-04,5.78874432e-03,8.64648583e-08,1.46990259e-06,3.36446574e-20,6.05603833e-19,2.81543145e-07,4.78623346e-06,7.15933651e-11,1.28868057e-09,7.17611362e-05,1.43522272e-03
2.43200751e-03,1.99190972e-01,4.01685669e+03,5.40746892e-02,7.12923510e-01,7.12923510e-01,6.91394793e-02,2.76557917e-01,1.78608374e-04,2.14330049e-03,1.73505564e-06,2.25557233e-05,1.21991308e-05,1.58588701e-04,5.45956870e-05,7.64339617e-04,6.31736587e-14,9.47604880e-13,9.61262399e-08,1.34576736e-06,2.95744273e-06,4.43616410e-05,3.61775142e-04,5.78840227e-03,8.34502931e-08,1.41865498e-06,3.47402452e-20,6.25324413e-19,3.02952717e-07,5.15019619e-06,7.37027770e-11,1.32664999e-09,7.17611362e-05,1.43522272e-03
2.62147890e-03,1.99128080e-01,4.01305309e+03,5.82252399e-02,7.12922334e-01,7.12922334e-01,6.91394854e-02,2.76557941e-01,1.77705949e-04,2.13247139e-03,1.70803998e-06,2.22045198e-05,1.30866194e-05,1.70126052e-04,5.44088304e-05,7.61723625e-04,6.80996031e-14,1.02149405e-12,1.11062990e-07,1.55488186e-06,3.17443380e-06,4.76165071e-05,3.61752173e-04,5.78803477e-03,8.03298508e-08,1.36560746e-06,3.57589517e-20,6.43661130e-19,3.25946760e-07,5.54109492e-06,7.56200149e-11,1.36116027e-09,7.17611362e-05,1.43522272e-03
2.82571150e-03,1.99060311e-01,4.00895720e+03,6.26876341e-02,7.12921076e-01,7.12921076e-01,6.91394917e-02,2.76557967e-01,1.76741736e-04,2.12090083e-03,1.67948967e-06,2.18333657e-05,1.40336301e-05,1.82437191e-04,5.42087732e-05,7.58922824e-04,7.34095747e-14,1.10114362e-12,1.28266109e-07,1.79572553e-06,3.40626036e-06,5.10939054e-05,3.61727504e-04,5.78764007e-03,7.71095031e-08,1.31086155e-06,3.66843979e-20,6.60319163e-19,3.50635561e-07,5.96080454e-06,7.73095374e-11,1.39157167e-09,7.17611362e-05,1.43522272e-03
3.04585534e-03,1.98987288e-01,4.00454689e+03,6.74839510e-02,7.12919732e-01,7.12919732e-01,6.91394984e-02,2.76557994e-01,1.75712188e-04,2.10854625e-03,1.64936206e-06,2.14417068e-05,1.50433786e-05,1.95563922e-04,5.39947049e-05,7.55925869e-04,7.91337237e-14,1.18700586e-12,1.48066234e-07,2.07292728e-06,3.65376804e-06,5.48065205e-05,3.61701020e-04,5.78721631e-03,7.37967189e-08,1.25454422e-06,3.74996788e-20,6.74994218e-19,3.77135962e-07,6.41131135e-06,7.87352147e-11,1.41723386e-09,7.17611362e-05,1.43522272e-03
3.28315001e-03,1.98908605e-01,3.99979842e+03,7.26375474e-02,7.12918297e-01,7.12918297e-01,6.91395054e-02,2.76558022e-01,1.74613661e-04,2.09536393e-03,1.61762027e-06,2.10290635e-05,1.61191329e-05,2.09548728e-04,5.37657862e-05,7.52721007e-04,8.53046354e-14,1.27956953e-12,1.70839052e-07,2.39174673e-06,3.91782409e-06,5.87673613e-05,3.61672595e-04,5.78676152e-03,7.04005412e-08,1.19680920e-06,3.81876774e-20,6.87378193e-19,4.05571558e-07,6.89471648e-06,7.98611125e-11,1.43750003e-09,7.17611362e-05,1.43522272e-03
3.53893170e-03,1.98823828e-01,3.99468631e+03,7.81730660e-02,7.12916765e-01,7.12916765e-01,6.91395127e-02,2.76558051e-01,1.73442430e-04,2.08130916e-03,1.58423440e-06,2.05950472e-05,1.72641926e-05,2.24434504e-04,5.35211516e-05,7.49296123e-04,9.19575453e-14,1.37936318e-12,1.97010674e-07,2.75814944e-06,4.19931335e-06,6.29897003e-05,3.61642102e-04,5.78627362e-03,6.69316397e-08,1.13783788e-06,3.87314463e-20,6.97166033e-19,4.36072874e-07,7.41323886e-06,8.06524169e-11,1.45174350e-09,7.17611362e-05,1.43522272e-03
3.81464066e-03,1.98732487e-01,3.98918325e+03,8.41164262e-02,7.12915132e-01,7.12915132e-01,6.91395203e-02,2.76558081e-01,1.72194707e-04,2.06633648e-03,1.54918290e-06,2.01393776e-05,1.84818636e-05,2.40264227e-04,5.32599130e-05,7.45638781e-04,9.91305793e-14,1.48695869e-12,2.27063467e-07,3.17888854e-06,4.49913320e-06,6.74869981e-05,3.61609401e-04,5.78575042e-03,6.34023338e-08,1.07783967e-06,3.91146512e-20,7.04063721e-19,4.68777501e-07,7.96921752e-06,8.10764880e-11,1.45937678e-09,7.17611362e-05,1.43522272e-03
4.11182940e-03,1.98634076e-01,3.98325995e+03,9.04947913e-02,7.12913392e-01,7.12913392e-01,6.91395283e-02,2.76558113e-01,1.70866663e-04,2.05039995e-03,1.51245391e-06,1.96619009e-05,1.97754294e-05,2.57080582e-04,5.29811643e-05,7.41736301e-04,1.06865022e-13,1.60297533e-12,2.61542331e-07,3.66159264e-06,4.81818752e-06,7.22728128e-05,3.61574351e-04,5.78518961e-03,5.98265777e-08,1.01705182e-06,3.93220733e-20,7.07797320e-19,5.03830185e-07,8.56511315e-06,8.11040232e-11,1.45987242e-09,7.17611362e-05,1.43522272e-03
4.43217134e-03,1.98528053e-01,3.97688504e+03,9.73365063e-02,7.12911540e-01,7.12911540e-01,6.91395366e-02,2.76558146e-01,1.69454457e-04,2.03345349e-03,1.47404682e-06,1.91626087e-05,2.11481163e-05,2.74925512e-04,5.26839878e-05,7.37575829e-04,1.15205616e-13,1.72808424e-12,3.01061405e-07,4.21485967e-06,5.15737945e-06,7.73606918e-05,3.61536798e-04,5.78458876e-03,5.62199027e-08,9.55738345e-07,3.93401584e-20,7.08122851e-19,5.41382862e-07,9.20350865e-06,8.07102986e-11,1.45278537e-09,7.17611362e-05,1.43522272e-03
4.77747029e-03,1.98413833e-01,3.97002489e+03,1.04670999e-01,7.12909570e-01,7.12909570e-01,6.91395452e-02,2.76558181e-01,1.67954270e-04,2.01545124e-03,1.43397372e-06,1.86416584e-05,2.26030545e-05,2.93839708e-04,5.23674602e-05,7.33144443e-04,1.24200901e-13,1.86301352e-12,3.46311150e-07,4.84835610e-06,5.51760300e-06,8.27640450e-05,3.61496584e-04,5.78394534e-03,5.25993092e-08,8.94188257e-07,3.91575962e-20,7.04836731e-19,5.81594617e-07,9.88710849e-06,7.98764438e-11,1.43777599e-09,7.17611362e-05,1.43522272e-03
5.14967058e-03,1.98290789e-01,3.96264354e+03,1.12528637e-01,7.12907476e-01,7.12907476e-01,6.91395541e-02,2.76558216e-01,1.66362338e-04,1.99634805e-03,1.39226097e-06,1.80993927e-05,2.41432327e-05,3.13862025e-04,5.20306621e-05,7.28429269e-04,1.33903598e-13,2.00855397e-12,3.98065744e-07,5.57292042e-06,5.89973314e-06,8.84959971e-05,3.61453543e-04,5.78325669e-03,4.89831054e-08,8.32712792e-07,3.87659098e-20,6.97786377e-19,6.24631571e-07,1.06187367e-05,7.85906939e-11,1.41463249e-09,7.17611362e-05,1.43522272e-03
5.55086803e-03,1.98158243e-01,3.95470249e+03,1.20940524e-01,7.12905254e-01,7.12905254e-01,6.91395633e-02,2.76558253e-01,1.64674998e-04,1.97609998e-03,1.34895070e-06,1.75363591e-05,2.57714478e-05,3.35028821e-04,5.16726872e-05,7.23417621e-04,1.44371043e-13,2.16556565e-12,4.57190692e-07,6.40066969e-06,6.30461462e-06,9.45692193e-05,3.61407503e-04,5.78252004e-03,4.53906864e-08,7.71641669e-07,3.81600266e-20,6.86880479e-19,6.70666653e-07,1.14013331e-05,7.68495505e-11,1.38329191e-09,7.17611362e-05,1.43522272e-03
5.98332173e-03,1.98015471e-01,3.94616060e+03,1.29938238e-01,7.12902898e-01,7.12902898e-01,6.91395728e-02,2.76558291e-01,1.62888739e-04,1.95466487e-03,1.30410224e-06,1.69533291e-05,2.74902480e-05,3.57373224e-04,5.12926544e-05,7.18097162e-04,1.55665690e-13,2.33498535e-12,5.24650511e-07,7.34510716e-06,6.73304914e-06,1.00995737e-04,3.61358283e-04,5.78173253e-03,4.18422551e-08,7.11318337e-07,3.73387989e-20,6.72098380e-19,7.19879264e-07,1.22379475e-05,7.46587752e-11,1.34385795e-09,7.17611362e-05,1.43522272e-03
6.44946677e-03,1.97861691e-01,3.93697390e+03,1.39553476e-01,7.12900402e-01,7.12900402e-01,6.91395827e-02,2.76558331e-01,1.61000251e-04,1.93200301e-03,1.25779346e-06,1.63513150e-05,2.93018703e-05,3.80924314e-04,5.08897209e-05,7.12456093e-04,1.67855685e-13,2.51783527e-12,6.01516316e-07,8.42122843e-06,7.18578100e-06,1.07786715e-04,3.61305699e-04,5.78089119e-03,3.83584845e-08,6.52094237e-07,3.63054390e-20,6.53497901e-19,7.72454801e-07,1.31317316e-05,7.20341331e-11,1.29661440e-09,7.17611362e-05,1.43522272e-03
6.95192796e-03,1.97696064e-01,3.92709543e+03,1.49817617e-01,7.12897762e-01,7.12897762e-01,6.91395929e-02,2.76558371e-01,1.59006493e-04,1.90807791e-03,1.21012190e-06,1.57315848e-05,3.12081722e-05,4.05706239e-04,5.04630977e-05,7.06483367e-04,1.81015529e-13,2.71523294e-12,6.88973075e-07,9.64562305e-06,7.66348116e-06,1.14952217e-04,3.61249561e-04,5.77999297e-03,3.49601267e-08,5.94322154e-07,3.50678314e-20,6.31220966e-19,8.28584017e-07,1.40859283e-05,6.90018040e-11,1.24203247e-09,7.17611362e-05,1.43522272e-03
7.49353460e-03,1.97517688e-01,3.91647511e+03,1.60761158e-01,7.12894974e-01,7.12894974e-01,6.91396033e-02,2.76558413e-01,1.56904754e-04,1.88285705e-03,1.16120563e-06,1.50956732e-05,3.32105577e-05,4.31737251e-04,5.00120661e-05,7.00168926e-04,1.95226861e-13,2.92840291e-12,7.88326248e-07,1.10365675e-05,8.16672971e-06,1.22500946e-04,3.61189671e-04,5.77903474e-03,3.16675770e-08,5.38348809e-07,3.36386864e-20,6.05496355e-19,8.88462199e-07,1.51038574e-05,6.55983886e-11,1.18077100e-09,7.17611362e-05,1.43522272e-03
8.07733640e-03,1.97325597e-01,3.90505955e+03,1.72413033e-01,7.12892033e-01,7.12892033e-01,6.91396141e-02,2.76558456e-01,1.54692732e-04,1.85631278e-03,1.11118381e-06,1.44453895e-05,3.53098989e-05,4.59028686e-04,4.95359976e-05,6.93503966e-04,2.10579355e-13,3.15869032e-12,9.01007462e-07,1.26141045e-05,8.69599683e-06,1.30439952e-04,3.61125832e-04,5.77801332e-03,2.85004050e-08,4.84506885e-07,3.20355027e-20,5.76639048e-19,9.52288135e-07,1.61888983e-05,6.18704492e-11,1.11366809e-09,7.17611362e-05,1.43522272e-03
8.70662068e-03,1.97118749e-01,3.89279190e+03,1.84799780e-01,7.12888935e-01,7.12888935e-01,6.91396251e-02,2.76558500e-01,1.52368606e-04,1.82842327e-03,1.06021687e-06,1.37828192e-05,3.75064531e-05,4.87583890e-04,4.90343736e-05,6.86481230e-04,2.27171797e-13,3.40757696e-12,1.02857880e-06,1.44001031e-05,9.25162238e-06,1.38774336e-04,3.61057843e-04,5.77692549e-03,2.54768696e-08,4.33106783e-07,3.02803170e-20,5.45045707e-19,1.02026284e-06,1.73444683e-05,5.78735517e-11,1.04172393e-09,7.17611362e-05,1.43522272e-03
9.38493086e-03,1.96896028e-01,3.87961166e+03,1.97944542e-01,7.12885678e-01,7.12885678e-01,6.91396364e-02,2.76558546e-01,1.49931124e-04,1.79917349e-03,1.00848616e-06,1.31103201e-05,3.97997774e-05,5.17397106e-04,4.85068087e-05,6.79095321e-04,2.45113344e-13,3.67670016e-12,1.17273519e-06,1.64182927e-05,9.83379430e-06,1.47506914e-04,3.60985501e-04,5.77576801e-03,2.26134366e-08,3.84428423e-07,2.83992288e-20,5.11186118e-19,1.09258800e-06,1.85739960e-05,5.36708061e-11,9.66074509e-10,7.17611362e-05,1.43522272e-03
1.01160864e-02,1.96656239e-01,3.86545455e+03,2.11865893e-01,7.12882259e-01,7.12882259e-01,6.91396480e-02,2.76558592e-01,1.47379688e-04,1.76855626e-03,9.56193117e-07,1.24305105e-05,4.21886423e-05,5.48452350e-04,4.79530740e-05,6.71343036e-04,2.64525024e-13,3.96787536e-12,1.33530442e-06,1.86942619e-05,1.04425260e-05,1.56637890e-04,3.60908605e-04,5.77453768e-03,1.99243229e-08,3.38713490e-07,2.64217026e-20,4.75590647e-19,1.16946415e-06,1.98808906e-05,4.93309401e-11,8.87956922e-10,7.17611362e-05,1.43522272e-03
1.09042044e-02,1.96398094e-01,3.85025236e+03,2.26576482e-01,7.12878676e-01,7.12878676e-01,6.91396599e-02,2.76558640e-01,1.44714443e-04,1.73657331e-03,9.03557775e-07,1.17462511e-05,4.46709460e-05,5.80722298e-04,4.73731223e-05,6.63223712e-04,2.85541529e-13,4.28312293e-12,1.51824393e-06,2.12554150e-05,1.10776335e-05,1.66164502e-04,3.60826958e-04,5.77323133e-03,1.74210898e-08,2.96158526e-07,2.43796708e-20,4.38834075e-19,1.25108846e-06,2.12685039e-05,4.49259833e-11,8.08667700e-10,7.17611362e-05,1.43522272e-03
1.17537227e-02,1.96120218e-01,3.83393274e+03,2.42081482e-01,7.12874929e-01,7.12874929e-01,6.91396721e-02,2.76558688e-01,1.41936364e-04,1.70323636e-03,8.50816648e-07,1.10606164e-05,4.72436314e-05,6.14167209e-04,4.67671139e-05,6.54739594e-04,3.08313360e-13,4.62470040e-12,1.72363392e-06,2.41308748e-05,1.17387118e-05,1.76080676e-04,3.60740369e-04,5.77184590e-03,1.51123106e-08,2.56909279e-07,2.23064744e-20,4.01516539e-19,1.33765221e-06,2.27400876e-05,4.05286779e-11,7.29516203e-10,7.17611362e-05,1.43522272e-03
1.26694246e-02,1.95821134e-01,3.81641917e+03,2.58376864e-01,7.12871019e-01,7.12871019e-01,6.91396846e-02,2.76558738e-01,1.39047348e-04,1.66856817e-03,7.98219947e-07,1.03768593e-05,4.99026102e-05,6.48733933e-04,4.61354420e-05,6.45896188e-04,3.33009415e-13,4.99514122e-12,1.95366581e-06,2.73513214e-05,1.24251125e-05,1.86376688e-04,3.60648654e-04,5.77037847e-03,1.30033342e-08,2.21056681e-07,2.02356981e-20,3.64242565e-19,1.42933783e-06,2.42987431e-05,3.62097669e-11,6.51775804e-10,7.17611362e-05,1.43522272e-03
1.36564666e-02,1.95499259e-01,3.79763074e+03,2.75447521e-01,7.12866947e-01,7.12866947e-01,6.91396973e-02,2.76558789e-01,1.36050296e-04,1.63260355e-03,7.46028115e-07,9.69836549e-06,5.26426954e-05,6.84355041e-04,4.54787584e-05,6.36702617e-04,3.59820109e-13,5.39730164e-12,2.21062539e-06,3.09487555e-05,1.31359222e-05,1.97038833e-04,3.60551643e-04,5.76882629e-03,1.10961629e-08,1.88634769e-07,1.81999705e-20,3.27599469e-19,1.52631551e-06,2.59473637e-05,3.20353342e-11,5.76636015e-10,7.17611362e-05,1.43522272e-03
1.47204064e-02,1.95152900e-01,3.77748213e+03,2.93265286e-01,7.12862715e-01,7.12862715e-01,6.91397103e-02,2.76558841e-01,1.32949190e-04,1.59539027e-03,6.94507732e-07,9.02860051e-06,5.54575475e-05,7.20948117e-04,4.47979971e-05,6.27171959e-04,3.88961164e-13,5.83441746e-12,2.49686969e-06,3.49561757e-05,1.38699422e-05,2.08049133e-04,3.60449182e-04,5.76718691e-03,9.38945593e-09,1.59620751e-07,1.62298065e-20,2.92136517e-19,1.62873941e-06,2.76885700e-05,2.80643789e-11,5.05158821e-10,7.17611362e-05,1.43522272e-03
1.58672350e-02,1.94780245e-01,3.75588349e+03,3.11786908e-01,7.12858329e-01,7.12858329e-01,6.91397237e-02,2.76558895e-01,1.29749160e-04,1.55698992e-03,6.43926862e-07,8.37104921e-06,5.83396367e-05,7.58415277e-04,4.40943963e-05,6.17321548e-04,4.20678216e-13,6.31017324e-12,2.81479695e-06,3.94071572e-05,1.46256719e-05,2.19385079e-04,3.60341135e-04,5.76545816e-03,7.87866486e-09,1.33937303e-07,1.43525731e-20,2.58346316e-19,1.73674331e-06,2.95246363e-05,2.43467962e-11,4.38242332e-10,7.17611362e-05,1.43522272e-03
1.71034100e-02,1.94379354e-01,3.73274044e+03,3.30952111e-01,7.12853794e-01,7.12853794e-01,6.91397373e-02,2.76558949e-01,1.26456541e-04,1.51747849e-03,5.94549954e-07,7.72914940e-06,6.12802273e-05,7.96642955e-04,4.33695167e-05,6.07173233e-04,4.55252447e-13,6.82878671e-12,3.16680890e-06,4.43353246e-05,1.54012947e-05,2.31019421e-04,3.60227394e-04,5.76363830e-03,6.55629488e-09,1.11457013e-07,1.25916518e-20,2.26649732e-19,1.85043586e-06,3.14574095e-05,2.09219087e-11,3.76594356e-10,7.17611362e-05,1.43522272e-03
1.84358922e-02,1.93948155e-01,3.70795404e+03,3.50681837e-01,7.12849118e-01,7.12849118e-01,6.91397511e-02,2.76559005e-01,1.23078905e-04,1.47694686e-03,5.46632442e-07,7.10622174e-06,6.42693861e-05,8.35502019e-04,4.26252556e-05,5.96753578e-04,4.93007482e-13,7.39511223e-12,3.55526482e-06,4.97737075e-05,1.61946692e-05,2.42920039e-04,3.60107879e-04,5.76172607e-03,5.41228033e-09,9.20087656e-08,1.09658589e-20,1.97385461e-19,1.96989529e-06,3.34882200e-05,1.78176477e-11,3.20717658e-10,7.17611362e-05,1.43522272e-03
1.98721847e-02,1.93484433e-01,3.68142090e+03,3.70876866e-01,7.12844310e-01,7.12844310e-01,6.91397653e-02,2.76559061e-01,1.19625082e-04,1.43550098e-03,5.00415245e-07,6.50539819e-06,6.72960201e-05,8.74848261e-04,4.18638561e-05,5.86093985e-04,5.34317875e-13,8.01476812e-12,3.98242700e-06,5.57539781e-05,1.70033253e-05,2.55049879e-04,3.59982549e-04,5.75972078e-03,4.43445213e-09,7.53856862e-08,9.48916342e-21,1.70804941e-19,2.09516373e-06,3.56177833e-05,1.50504267e-11,2.70907681e-10,7.17611362e-05,1.43522272e-03
2.14203749e-02,1.92985825e-01,3.65303322e+03,3.91416991e-01,7.12839381e-01,7.12839381e-01,6.91397798e-02,2.76559119e-01,1.16105150e-04,1.39326180e-03,4.56119372e-07,5.92955184e-06,7.03479469e-05,9.14523310e-04,4.10879091e-05,5.75230728e-04,5.79619583e-13,8.69429375e-12,4.45039756e-06,6.23055658e-05,1.78244664e-05,2.67366996e-04,3.59851401e-04,5.75762242e-03,3.60906917e-09,6.13541758e-08,8.17071921e-21,1.47072946e-19,2.22624099e-06,3.78460968e-05,1.26256863e-11,2.27262353e-10,7.17611362e-05,1.43522272e-03
2.30891806e-02,1.92449811e-01,3.62267902e+03,4.12160961e-01,7.12834344e-01,7.12834344e-01,6.91397945e-02,2.76559178e-01,1.12530404e-04,1.35036484e-03,4.13940871e-07,5.38123132e-06,7.34120002e-05,9.54356003e-04,4.03003487e-05,5.64204882e-04,6.29422953e-13,9.44134430e-12,4.96104692e-06,6.94546569e-05,1.86549797e-05,2.79824695e-04,3.59714485e-04,5.75543176e-03,2.92138096e-09,4.96634764e-08,7.01520407e-21,1.26273673e-19,2.36307811e-06,4.01723278e-05,1.05390326e-11,1.89702588e-10,7.17611362e-05,1.43522272e-03
2.48879987e-02,1.91873705e-01,3.59024240e+03,4.32947397e-01,7.12829212e-01,7.12829212e-01,6.91398095e-02,2.76559238e-01,1.08913290e-04,1.30695949e-03,3.74046362e-07,4.86260270e-06,7.64741717e-05,9.94164231e-04,3.95044383e-05,5.53062137e-04,6.84328878e-13,1.02649332e-11,5.51593480e-06,7.72230872e-05,1.94914527e-05,2.92371790e-04,3.59571904e-04,5.75315046e-03,2.35618767e-09,4.00551904e-08,6.02343496e-21,1.08421829e-19,2.50557053e-06,4.25946990e-05,8.77784186e-12,1.58001153e-10,7.17611362e-05,1.43522272e-03
2.68269580e-02,1.91254647e-01,3.55560391e+03,4.53596875e-01,7.12824003e-01,7.12824003e-01,6.91398247e-02,2.76559299e-01,1.05267315e-04,1.26320777e-03,3.36569384e-07,4.37540199e-06,7.95197908e-05,1.03375728e-03,3.87037488e-05,5.41852483e-04,7.45049001e-13,1.11757350e-11,6.11622486e-06,8.56271481e-05,2.03301992e-05,3.04952988e-04,3.59423824e-04,5.75078118e-03,1.89836527e-09,3.22722095e-08,5.19321389e-21,9.34778501e-20,2.65355119e-06,4.51103703e-05,7.32317162e-12,1.31817089e-10,7.17611362e-05,1.43522272e-03
2.89169765e-02,1.90589596e-01,3.51864099e+03,4.73915285e-01,7.12818733e-01,7.12818733e-01,6.91398402e-02,2.76559361e-01,1.01606913e-04,1.21928295e-03,3.01607747e-07,3.92090071e-06,8.25337402e-05,1.07293862e-03,3.79021263e-05,5.30629768e-04,8.12431107e-13,1.21864666e-11,6.76259507e-06,9.46763309e-05,2.11672933e-05,3.17509400e-04,3.59270480e-04,5.74832768e-03,1.53332866e-09,2.60665873e-08,4.52035105e-21,8.13663190e-20,2.80678357e-06,4.77153208e-05,6.15180955e-12,1.10732572e-10,7.17611362e-05,1.43522272e-03
3.11698230e-02,1.89875323e-01,3.47922859e+03,4.93698520e-01,7.12813423e-01,7.12813423e-01,6.91398558e-02,2.76559423e-01,9.79472969e-05,1.17536756e-03,2.69222048e-07,3.49988663e-06,8.55007042e-05,1.11150915e-03,3.71036513e-05,5.19451118e-04,8.87491194e-13,1.33123679e-11,7.45514629e-06,1.04372048e-04,2.19986115e-05,3.29979173e-04,3.59112184e-04,5.74579495e-03,1.24741270e-09,2.12060159e-08,3.99981418e-21,7.19966552e-20,2.96495504e-06,5.04042356e-05,5.23829729e-12,9.42893511e-11,7.17611362e-05,1.43522272e-03
3.35981829e-02,1.89108400e-01,3.43723992e+03,5.12738417e-01,7.12808094e-01,7.12808094e-01,6.91398716e-02,2.76559486e-01,9.43042681e-05,1.13165122e-03,2.39435438e-07,3.11266070e-06,8.84054446e-05,1.14927078e-03,3.63125878e-05,5.08376229e-04,9.71454228e-13,1.45718134e-11,8.19331240e-06,1.14706374e-04,2.28198838e-05,3.42298257e-04,3.58949330e-04,5.74318928e-03,1.02815943e-09,1.74787104e-08,3.62696665e-21,6.52853997e-20,3.12767059e-06,5.31704000e-05,4.55679495e-12,8.20223092e-11,7.17611362e-05,1.43522272e-03
3.62157300e-02,1.88285197e-01,3.39254733e+03,5.30829718e-01,7.12802767e-01,7.12802767e-01,6.91398875e-02,2.76559550e-01,9.06940043e-05,1.08832805e-03,2.12234659e-07,2.75905056e-06,9.12330973e-05,1.18603026e-03,3.55333237e-05,4.97466532e-04,1.06580626e-12,1.59870940e-11,8.97577561e-06,1.25660858e-04,2.36267516e-05,3.54401273e-04,3.58782400e-04,5.74051840e-03,8.64509235e-10,1.46966570e-08,3.39888018e-21,6.11798432e-20,3.29444746e-06,5.60056069e-05,4.08268957e-12,7.34884122e-11,7.17611362e-05,1.43522272e-03
3.90372033e-02,1.87401872e-01,3.34502343e+03,5.47777719e-01,7.12797465e-01,7.12797465e-01,6.91399035e-02,2.76559614e-01,8.71328280e-05,1.04559394e-03,1.87572294e-07,2.43843983e-06,9.39694793e-05,1.22160323e-03,3.47703039e-05,4.86784255e-04,1.17236154e-12,1.75854231e-11,9.80039171e-06,1.37205484e-04,2.44148328e-05,3.66222492e-04,3.58611966e-04,5.73779146e-03,7.46900960e-10,1.26973163e-08,3.31574108e-21,5.96833394e-20,3.46471084e-06,5.89000843e-05,3.79389392e-12,6.82900906e-11,7.17611362e-05,1.43522272e-03
4.20784904e-02,1.86454371e-01,3.29454234e+03,5.63406111e-01,7.12792213e-01,7.12792213e-01,6.91399194e-02,2.76559678e-01,8.36369589e-05,1.00364351e-03,1.65370109e-07,2.14981142e-06,9.66013971e-05,1.25581816e-03,3.40279558e-05,4.76391381e-04,1.29334951e-12,1.94002427e-11,1.06641298e-05,1.49297817e-04,2.51797928e-05,3.77696893e-04,3.58438698e-04,5.73501917e-03,6.67293397e-10,1.13439877e-08,3.38241266e-21,6.08834279e-20,3.63779112e-06,6.18424490e-05,3.67182545e-12,6.60928581e-11,7.17611362e-05,1.43522272e-03
4.53567162e-02,1.85438416e-01,3.24098124e+03,5.77564459e-01,7.12787034e-01,7.12787034e-01,6.91399354e-02,2.76559742e-01,8.02222590e-05,9.62667109e-04,1.45523269e-07,1.89180249e-06,9.91169409e-05,1.28852023e-03,3.33106103e-05,4.66348545e-04,1.43152858e-12,2.14729288e-11,1.15630318e-05,1.61882446e-04,2.59174194e-05,3.88761292e-04,3.58263359e-04,5.73221374e-03,6.19124294e-10,1.05251130e-08,3.61027144e-21,6.49848860e-20,3.81292316e-06,6.48196938e-05,3.70209052e-12,6.66376294e-11,7.17611362e-05,1.43522272e-03
4.88903400e-02,1.84349510e-01,3.18422208e+03,5.90134750e-01,7.12781954e-01,7.12781954e-01,6.91399513e-02,2.76559805e-01,7.69039788e-05,9.22847745e-04,1.27905209e-07,1.66276772e-06,1.01505755e-04,1.31957482e-03,3.26224190e-05,4.56713866e-04,1.59033601e-12,2.38550402e-11,1.24921968e-05,1.74890755e-04,2.66237009e-05,3.99355513e-04,3.58086806e-04,5.72938889e-03,5.97225552e-10,1.01528344e-08,4.01950699e-21,7.23511258e-20,3.98924804e-06,6.78172167e-05,3.87492616e-12,6.97486709e-11,7.17611362e-05,1.43522272e-03
5.26992593e-02,1.83182929e-01,3.12415366e+03,6.01036467e-01,7.12776997e-01,7.12776997e-01,6.91399670e-02,2.76559868e-01,7.36965121e-05,8.84358145e-04,1.12372878e-07,1.46084741e-06,1.03759269e-04,1.34887050e-03,3.19672692e-05,4.47541768e-04,1.77408720e-12,2.66113080e-11,1.34457945e-05,1.88241123e-04,2.72949056e-05,4.09423583e-04,3.57909986e-04,5.72655978e-03,5.97713033e-10,1.01611216e-08,4.64217400e-21,8.35591321e-20,4.16581768e-06,7.08189006e-05,4.18546685e-12,7.53384032e-11,7.17611362e-05,1.43522272e-03
5.68049216e-02,1.81933730e-01,3.06067386e+03,6.10229815e-01,7.12772186e-01,7.12772186e-01,6.91399825e-02,2.76559930e-01,7.06131688e-05,8.47358026e-04,9.87720718e-08,1.28403693e-06,1.05870877e-04,1.37632140e-03,3.13486996e-05,4.38881795e-04,1.98824309e-12,2.98236464e-11,1.44171129e-05,2.01839581e-04,2.79276613e-05,4.18914920e-04,3.57733928e-04,5.72374284e-03,6.17867696e-10,1.05037508e-08,5.52642651e-21,9.94756772e-20,4.34160296e-06,7.38072504e-05,4.63390899e-12,8.34103618e-11,7.17611362e-05,1.43522272e-03
6.12304454e-02,1.80596746e-01,2.99369224e+03,6.17716835e-01,7.12767544e-01,7.12767544e-01,6.91399978e-02,2.76559991e-01,6.76659715e-05,8.11991658e-04,8.69426063e-08,1.13025388e-06,1.07836058e-04,1.40186876e-03,3.07698179e-05,4.30777451e-04,2.23977248e-12,3.35965872e-11,1.53986424e-05,2.15580993e-04,2.85190329e-05,4.27785494e-04,3.57559727e-04,5.72095563e-03,6.56022194e-10,1.11523773e-08,6.74257871e-21,1.21366417e-19,4.51550557e-06,7.67635947e-05,5.22564343e-12,9.40615818e-11,7.17611362e-05,1.43522272e-03
6.60007502e-02,1.79166603e-01,2.92313294e+03,6.23540421e-01,7.12763095e-01,7.12763095e-01,6.91400127e-02,2.76560051e-01,6.48654829e-05,7.78385795e-04,7.67230926e-08,9.97400204e-07,1.09652425e-04,1.42548153e-03,3.02332219e-05,4.23265106e-04,2.53764790e-12,3.80647185e-11,1.63821981e-05,2.29350774e-04,2.90665961e-05,4.35998941e-04,3.57388534e-04,5.71821655e-03,7.11463518e-10,1.20948798e-08,8.39196822e-21,1.51055428e-19,4.68637400e-06,7.96683579e-05,5.97141703e-12,1.07485507e-10,7.17611362e-05,1.43522272e-03
7.11426971e-02,1.77637722e-01,2.84893782e+03,6.27781373e-01,7.12758856e-01,7.12758856e-01,6.91400273e-02,2.76560109e-01,6.22206690e-05,7.46648028e-04,6.79551499e-08,8.83416949e-07,1.11319701e-04,1.44715612e-03,2.97409274e-05,4.16372983e-04,2.89353169e-12,4.34029754e-11,1.73590812e-05,2.43027137e-04,2.95685052e-05,4.43527577e-04,3.57221532e-04,5.71554451e-03,7.84359122e-10,1.33341051e-08,1.06201264e-20,1.91162276e-19,4.85302383e-06,8.25014051e-05,6.88757262e-12,1.23976307e-10,7.17611362e-05,1.43522272e-03
7.66852397e-02,1.76004336e-01,2.77106997e+03,6.30553839e-01,7.12754848e-01,7.12754848e-01,6.91400415e-02,2.76560166e-01,5.97387980e-05,7.16865576e-04,6.04869298e-08,7.86330087e-07,1.12839624e-04,1.46691511e-03,2.92943048e-05,4.10120267e-04,3.32273594e-12,4.98410391e-11,1.83202762e-05,2.56483866e-04,3.00235535e-05,4.50353303e-04,3.57059911e-04,5.71295858e-03,8.75710465e-10,1.48870779e-08,1.36366133e-20,2.45459039e-19,5.01426224e-06,8.52424582e-05,7.99640175e-12,1.43935232e-10,7.17611362e-05,1.43522272e-03
8.26595874e-02,1.74260514e-01,2.68951742e+03,6.31999551e-01,7.12751084e-01,7.12751084e-01,6.91400552e-02,2.76560221e-01,5.74253778e-05,6.89104534e-04,5.41758962e-08,7.04286651e-07,1.14215776e-04,1.48480508e-03,2.88940274e-05,4.04516384e-04,3.84558150e-12,5.76837225e-11,1.92566812e-05,2.69593536e-04,3.04312223e-05,4.56468335e-04,3.56904844e-04,5.71047750e-03,9.87335144e-10,1.67846974e-08,1.77452753e-20,3.19414956e-19,5.16891646e-06,8.78715798e-05,9.32662899e-12,1.67879322e-10,7.17611362e-05,1.43522272e-03
8.90993810e-02,1.72400179e-01,2.60429710e+03,6.32281319e-01,7.12747580e-01,7.12747580e-01,6.91400685e-02,2.76560274e-01,5.52841278e-05,6.63409534e-04,4.88908583e-08,6.35581157e-07,1.15453359e-04,1.50089366e-03,2.85400344e-05,3.99560482e-04,4.48934620e-12,6.73401930e-11,2.01593635e-05,2.82231089e-04,3.07917150e-05,4.61875726e-04,3.56757448e-04,5.70811917e-03,1.12187590e-09,1.90718904e-08,2.33910189e-20,4.21038340e-19,5.31586547e-06,9.03697129e-05,1.09140293e-11,1.96452528e-10,7.17611362e-05,1.43522272e-03
9.60408821e-02,1.70417146e-01,2.51545903e+03,6.31576221e-01,7.12744343e-01,7.12744343e-01,6.91400813e-02,2.76560325e-01,5.33169809e-05,6.39803771e-04,4.45132862e-08,5.78672721e-07,1.16558919e-04,1.51526595e-03,2.82315136e-05,3.95241190e-04,5.29109440e-12,7.93664160e-11,2.10198325e-05,2.94277654e-04,3.11059737e-05,4.66589606e-04,3.56618758e-04,5.70590013e-03,1.28283186e-09,2.18081417e-08,3.12331367e-20,5.62196461e-19,5.45407415e-06,9.27192606e-05,1.28021595e-11,2.30438871e-10,7.17611362e-05,1.43522272e-03
1.03523178e-01,1.68305156e-01,2.42309059e+03,6.30068822e-01,7.12741382e-01,7.12741382e-01,6.91400935e-02,2.76560374e-01,5.15241117e-05,6.18289340e-04,4.09379970e-08,5.32193961e-07,1.17540039e-04,1.52802051e-03,2.79669068e-05,3.91536695e-04,6.30184387e-12,9.45276580e-11,2.18303183e-05,3.05624456e-04,3.13756726e-05,4.70635089e-04,3.56489685e-04,5.70383496e-03,1.47460393e-09,2.50682668e-08,4.22620166e-20,7.60716299e-19,5.58262839e-06,9.49046827e-05,1.50431595e-11,2.70776872e-10,7.17611362e-05,1.43522272e-03
1.11588399e-01,1.66057930e-01,2.32732076e+03,6.27944656e-01,7.12738699e-01,7.12738699e-01,6.91401052e-02,2.76560421e-01,4.99039880e-05,5.98847857e-04,3.80733156e-08,4.94953103e-07,1.18405018e-04,1.53926524e-03,2.77439447e-05,3.88415226e-04,7.59279183e-12,1.13891877e-10,2.25840423e-05,3.16176592e-04,3.16031829e-05,4.74047744e-04,3.56370985e-04,5.70193577e-03,1.70254217e-09,2.89432170e-08,5.79879467e-20,1.04378304e-18,5.70076922e-06,9.69130767e-05,1.76985494e-11,3.18573888e-10,7.17611362e-05,1.43522272e-03
1.20281961e-01,1.63669219e-01,2.22832439e+03,6.25384226e-01,7.12736294e-01,7.12736294e-01,6.91401164e-02,2.76560465e-01,4.84534301e-05,5.81441161e-04,3.58407453e-08,4.65929689e-07,1.19162561e-04,1.54911329e-03,2.75597112e-05,3.85835957e-04,9.26476365e-12,1.38971455e-10,2.32754666e-05,3.25856533e-04,3.17915091e-05,4.76872636e-04,3.56263229e-04,5.70021167e-03,1.97297831e-09,3.35406313e-08,8.07519882e-20,1.45353579e-18,5.80792445e-06,9.87347156e-05,2.08399100e-11,3.75118381e-10,7.17611362e-05,1.43522272e-03
1.29652816e-01,1.61132876e-01,2.12632606e+03,6.22557500e-01,7.12734163e-01,7.12734163e-01,6.91401270e-02,2.76560508e-01,4.71676850e-05,5.66012220e-04,3.41743257e-08,4.44266234e-07,1.19821493e-04,1.55767941e-03,2.74107421e-05,3.83750389e-04,1.14627867e-11,1.71941801e-10,2.39005048e-05,3.34607067e-04,3.19441902e-05,4.79162852e-04,3.56166772e-04,5.69866835e-03,2.29322156e-09,3.89847665e-08,1.14247608e-19,2.05645694e-18,5.90373506e-06,1.00363496e-04,2.45492979e-11,4.41887363e-10,7.17611362e-05,1.43522272e-03
1.39753730e-01,1.58442933e-01,2.02160361e+03,6.19619052e-01,7.12732297e-01,7.12732297e-01,6.91401372e-02,2.76560549e-01,4.60405100e-05,5.52486120e-04,3.30197165e-08,4.29256314e-07,1.20390522e-04,1.56507679e-03,2.72931564e-05,3.82104190e-04,1.43989626e-11,2.15984439e-10,2.44566792e-05,3.42393509e-04,3.20651697e-05,4.80977546e-04,3.56081737e-04,5.69730780e-03,2.67149226e-09,4.54153685e-08,1.64414095e-19,2.95945371e-18,5.98807409e-06,1.01797260e-04,2.89192023e-11,5.20545641e-10,7.17611362e-05,1.43522272e-03
1.50641580e-01,1.55593691e-01,1.91449105e+03,6.16703883e-01,7.12730686e-01,7.12730686e-01,6.91401469e-02,2.76560587e-01,4.50642614e-05,5.40771137e-04,3.23330866e-08,4.20330126e-07,1.20878056e-04,1.57141472e-03,2.72028147e-05,3.80839405e-04,1.83890242e-11,2.75835363e-10,2.49432124e-05,3.49204974e-04,3.21586390e-05,4.82379585e-04,3.56008007e-04,5.69612812e-03,3.11676764e-09,5.29850499e-08,2.41001016e-19,4.33801830e-18,6.06105621e-06,1.03037956e-04,3.40518312e-11,6.12932961e-10,7.17611362e-05,1.43522272e-03
1.62377674e-01,1.52579826e-01,1.80538045e+03,6.13924066e-01,7.12729315e-01,7.12729315e-01,6.91401561e-02,2.76560624e-01,4.42300059e-05,5.30760071e-04,3.20798784e-08,4.17038419e-07,1.21292081e-04,1.57679706e-03,2.71354961e-05,3.79896946e-04,2.39119001e-11,3.58678502e-10,2.53610366e-05,3.55054513e-04,3.22288609e-05,4.83432914e-04,3.55945224e-04,5.69512358e-03,3.63852066e-09,6.18548512e-08,3.60374187e-19,6.48673536e-18,6.12303540e-06,1.04091602e-04,4.00575168e-11,7.21035302e-10,7.17611362e-05,1.43522272e-03
1.75028096e-01,1.49396504e-01,1.69472288e+03,6.11366390e-01,7.12728166e-01,7.12728166e-01,6.91401650e-02,2.76560660e-01,4.35276431e-05,5.22331717e-04,3.22334735e-08,4.19035156e-07,1.21640116e-04,1.58132151e-03,2.70870794e-05,3.79219111e-04,3.17087423e-11,4.75631134e-10,2.57127208e-05,3.59978092e-04,3.22799916e-05,4.84199873e-04,3.55892803e-04,5.69428484e-03,4.24634910e-09,7.21879347e-08,5.50680638e-19,9.91225149e-18,6.17459083e-06,1.04968044e-04,4.70520804e-11,8.46937446e-10,7.17611362e-05,1.43522272e-03
1.88664080e-01,1.46039515e-01,1.58302775e+03,6.09091184e-01,7.12727219e-01,7.12727219e-01,6.91401737e-02,2.76560695e-01,4.29460699e-05,5.15352839e-04,3.27738494e-08,4.26060043e-07,1.21929205e-04,1.58507966e-03,2.70537126e-05,3.78751977e-04,4.29510305e-11,6.44265458e-10,2.60023083e-05,3.64032316e-04,3.23159116e-05,4.84738675e-04,3.55849962e-04,5.69359940e-03,4.94951893e-09,8.41418219e-08,8.61625855e-19,1.55092654e-17,6.21649957e-06,1.05680493e-04,5.51531147e-11,9.92756065e-10,7.17611362e-05,1.43522272e-03
2.03362408e-01,1.42505418e-01,1.47086060e+03,6.07132585e-01,7.12726453e-01,7.12726453e-01,6.91401822e-02,2.76560729e-01,4.24733782e-05,5.09680539e-04,3.36862337e-08,4.37921039e-07,1.22165963e-04,1.58815752e-03,2.70319535e-05,3.78447349e-04,5.95320408e-11,8.92980612e-10,2.62350748e-05,3.67291047e-04,3.23400890e-05,4.85101335e-04,3.55815761e-04,5.69305217e-03,5.75648212e-09,9.78601960e-08,1.38354537e-18,2.49038167e-17,6.24969809e-06,1.06244868e-04,6.44753398e-11,1.16055612e-09,7.17611362e-05,1.43522272e-03
2.19205845e-01,1.38791706e-01,1.35883877e+03,6.05500336e-01,7.12725846e-01,7.12725846e-01,6.91401906e-02,2.76560762e-01,4.20970991e-05,5.05165189e-04,3.49598431e-08,4.54477961e-07,1.22356641e-04,1.59063633e-03,2.70188657e-05,3.78264120e-04,8.45827880e-11,1.26874182e-09,2.64172211e-05,3.69841095e-04,3.23554839e-05,4.85332259e-04,3.55789144e-04,5.69262631e-03,6.67445999e-09,1.13465820e-07,2.28580606e-18,4.11445090e-17,6.27523456e-06,1.06678987e-04,7.51254162e-11,1.35225749e-09,7.17611362e-05,1.43522272e-03
2.36283603e-01,1.34896978e-01,1.24762495e+03,6.04183099e-01,7.12725375e-01,7.12725375e-01,6.91401991e-02,2.76560796e-01,4.18044963e-05,5.01653955e-04,3.65867792e-08,4.75628130e-07,1.22507180e-04,1.59259334e-03,2.70120640e-05,3.78168896e-04,1.23402692e-10,1.85104038e-09,2.65555199e-05,3.71777279e-04,3.23645054e-05,4.85467582e-04,3.55769000e-04,5.69230400e-03,7.70920271e-09,1.31056446e-07,3.89669840e-18,7.01405711e-17,6.29421516e-06,1.07001658e-04,8.71968836e-11,1.56954390e-09,7.17611362e-05,1.43522272e-03
2.54691844e-01,1.30821129e-01,1.13791825e+03,6.03153041e-01,7.12725018e-01,7.12725018e-01,6.91402077e-02,2.76560831e-01,4.15828949e-05,4.98994739e-04,3.85611513e-08,5.01294967e-07,1.22623252e-04,1.59410227e-03,2.70097069e-05,3.78135897e-04,1.85162850e-10,2.77744275e-09,2.66569471e-05,3.73197260e-04,3.23690204e-05,4.85535306e-04,3.55754213e-04,5.69206741e-03,8.86501688e-09,1.50705287e-07,6.87504914e-18,1.23750885e-16,6.30774922e-06,1.07231737e-04,1.00766056e-10,1.81378901e-09,7.17611362e-05,1.43522272e-03
2.74534223e-01,1.26565546e-01,1.03044279e+03,6.02371257e-01,7.12724754e-01,7.12724754e-01,6.91402166e-02,2.76560866e-01,4.14200328e-05,4.97040393e-04,4.08785073e-08,5.31420595e-07,1.22710261e-04,1.59523339e-03,2.70104453e-05,3.78146235e-04,2.86040820e-10,4.29061231e-09,2.67283258e-05,3.74196562e-04,3.23704051e-05,4.85556077e-04,3.55743714e-04,5.69189943e-03,1.01451019e-08,1.72466732e-07,1.25891597e-17,2.26604875e-16,6.31689740e-06,1.07387256e-04,1.15889760e-10,2.08601568e-09,7.17611362e-05,1.43522272e-03
2.95922471e-01,1.22133322e-01,9.25933705e+02,6.01793410e-01,7.12724565e-01,7.12724565e-01,6.91402258e-02,2.76560903e-01,4.13044024e-05,4.95652828e-04,4.35356154e-08,5.65963000e-07,1.22773304e-04,1.59605295e-03,2.70133420e-05,3.78186787e-04,4.54925267e-10,6.82387901e-09,2.67760155e-05,3.74864218e-04,3.23696259e-05,4.85544389e-04,3.55736529e-04,5.69178446e-03,1.15521516e-08,1.96386577e-07,2.39668609e-17,4.31403496e-16,6.32262796e-06,1.07484675e-04,1.32605579e-10,2.38690042e-09,7.17611362e-05,1.43522272e-03
3.18977022e-01,1.17529457e-01,8.25120871e+02,6.01374964e-01,7.12724433e-01,7.12724433e-01,6.91402354e-02,2.76560942e-01,4.12255537e-05,4.94706645e-04,4.65306069e-08,6.04897890e-07,1.22817102e-04,1.59662233e-03,2.70177787e-05,3.78248902e-04,7.43363665e-10,1.11504550e-08,2.68056702e-05,3.75279382e-04,3.23673313e-05,4.85509969e-04,3.55731804e-04,5.69170887e-03,1.30890990e-08,2.22514683e-07,4.73821061e-17,8.52877910e-16,6.32578432e-06,1.07538334e-04,1.50934817e-10,2.71682670e-09,7.17611362e-05,1.43522272e-03
3.43827692e-01,1.12761076e-01,7.28710500e+02,6.01075487e-01,7.12724343e-01,7.12724343e-01,6.91402453e-02,2.76560981e-01,4.11743220e-05,4.94091864e-04,4.98634289e-08,6.48224576e-07,1.22845912e-04,1.59699686e-03,2.70233684e-05,3.78327157e-04,1.24122950e-09,1.86184425e-08,2.68220822e-05,3.75509150e-04,3.23639392e-05,4.85459087e-04,3.55728833e-04,5.69166132e-03,1.47598330e-08,2.50917161e-07,9.65757871e-17,1.73836417e-15,6.32706645e-06,1.07560130e-04,1.70887789e-10,3.07598020e-09,7.17611362e-05,1.43522272e-03
3.70614414e-01,1.07837631e-01,6.37365277e+02,6.00861639e-01,7.12724285e-01,7.12724285e-01,6.91402555e-02,2.76561022e-01,4.11429560e-05,4.93715472e-04,5.35365042e-08,6.95974555e-07,1.22863442e-04,1.59722474e-03,2.70298810e-05,3.78418333e-04,2.09637439e-09,3.14456159e-08,2.68291178e-05,3.75607649e-04,3.23597099e-05,4.85395648e-04,3.55727052e-04,5.69163283e-03,1.65697345e-08,2.81685486e-07,1.99475015e-16,3.59055026e-15,6.32702614e-06,1.07559444e-04,1.92470437e-10,3.46446787e-09,7.17611362e-05,1.43522272e-03
3.99488019e-01,1.02771081e-01,5.51683712e+02,6.00708622e-01,7.12724249e-01,7.12724249e-01,6.91402657e-02,2.76561063e-01,4.11251452e-05,4.93501743e-04,5.75554610e-08,7.48220992e-07,1.22872791e-04,1.59734629e-03,2.70371891e-05,3.78520647e-04,3.52718828e-09,5.29078242e-08,2.68297370e-05,3.75616318e-04,3.23547998e-05,4.85321997e-04,3.55726041e-04,5.69161666e-03,1.85259462e-08,3.14941085e-07,4.05707580e-16,7.30273644e-15,6.32607488e-06,1.07543273e-04,2.15690935e-10,3.88243683e-09,7.17611362e-05,1.43522272e-03
4.30611093e-01,9.75760635e-02,4.72179652e+02,6.00599838e-01,7.12724226e-01,7.12724226e-01,6.91402757e-02,2.76561103e-01,4.11159702e-05,4.93391642e-04,6.19297856e-08,8.05087213e-07,1.22876434e-04,1.59739364e-03,2.70452315e-05,3.78633241e-04,5.80472974e-09,8.70709461e-08,2.68260815e-05,3.75565141e-04,3.23492971e-05,4.85239457e-04,3.55725500e-04,5.69160800e-03,2.06373878e-08,3.50835592e-07,7.85174794e-16,1.41331463e-14,6.32450115e-06,1.07516519e-04,2.40564957e-10,4.33016923e-09,7.17611362e-05,1.43522272e-03
4.64158883e-01,9.22700153e-02,3.99263092e+02,6.00524807e-01,7.12724213e-01,7.12724213e-01,6.91402853e-02,2.76561141e-01,4.11118126e-05,4.93341751e-04,6.66732844e-08,8.66752697e-07,1.22876236e-04,1.59739107e-03,2.70539902e-05,3.78755862e-04,9.18608890e-09,1.37791334e-07,2.68196066e-05,3.75474492e-04,3.23432452e-05,4.85148678e-04,3.55725229e-04,5.69160366e-03,2.29146042e-08,3.89548272e-07,1.40717665e-15,2.53291797e-14,6.32249322e-06,1.07482385e-04,2.67118712e-10,4.80813682e-09,7.17611362e-05,1.43522272e-03
5.00320295e-01,8.68732542e-02,3.33223527e+02,6.00476173e-01,7.12724206e-01,7.12724206e-01,6.91402943e-02,2.76561177e-01,4.11102312e-05,4.93322775e-04,7.18042936e-08,9.33455817e-07,1.22873529e-04,1.59735587e-03,2.70634761e-05,3.78888665e-04,1.38224213e-08,2.07336320e-07,2.68112321e-05,3.75357249e-04,3.23366562e-05,4.85049843e-04,3.55725103e-04,5.69160165e-03,2.53695633e-08,4.31282576e-07,2.31199296e-15,4.16158734e-14,6.32016355e-06,1.07442780e-04,2.95389468e-10,5.31701043e-09,7.17611362e-05,1.43522272e-03
5.39298949e-01,8.14089962e-02,2.74217133e+02,6.00447395e-01,7.12724202e-01,7.12724202e-01,6.91403028e-02,2.76561211e-01,4.11097724e-05,4.93317269e-04,7.73456464e-08,1.00549340e-06,1.22869193e-04,1.59729952e-03,2.70737206e-05,3.79032088e-04,1.97088481e-08,2.95632721e-07,2.68014898e-05,3.75220857e-04,3.23295208e-05,4.84942813e-04,3.55725049e-04,5.69160078e-03,2.80154956e-08,4.76263426e-07,3.50608751e-15,6.31095752e-14,6.31757131e-06,1.07398712e-04,3.25423918e-10,5.85763053e-09,7.17611362e-05,1.43522272e-03
5.81314328e-01,7.59032993e-02,2.22258997e+02,6.00432158e-01,7.12724201e-01,7.12724201e-01,6.91403109e-02,2.76561244e-01,4.11097031e-05,4.93316438e-04,8.33244609e-08,1.08321799e-06,1.22863771e-04,1.59722902e-03,2.70847690e-05,3.79186765e-04,2.67194684e-08,4.00792026e-07,2.67906504e-05,3.75069105e-04,3.23218148e-05,4.84827222e-04,3.55725027e-04,5.69160044e-03,3.08668189e-08,5.24735922e-07,4.98553091e-15,8.97395564e-14,6.31474098e-06,1.07350597e-04,3.57275116e-10,6.43095208e-09,7.17611362e-05,1.43522272e-03
6.26603016e-01,7.03849179e-02,1.77221420e+02,6.00425026e-01,7.12724200e-01,7.12724200e-01,6.91403189e-02,2.76561276e-01,4.11097252e-05,4.93316702e-04,8.97718437e-08,1.16703397e-06,1.22857559e-04,1.59714826e-03,2.70966770e-05,3.79353478e-04,3.46944777e-08,5.20417165e-07,2.67788216e-05,3.74903503e-04,3.23135032e-05,4.84702548e-04,3.55725020e-04,5.69160032e-03,3.39391414e-08,5.76965404e-07,6.75958997e-15,1.21672619e-13,6.31167606e-06,1.07298493e-04,3.90998811e-10,7.03797860e-09,7.17611362e-05,1.43522272e-03
6.75420029e-01,6.48850549e-02,1.38838981e+02,6.00422095e-01,7.12724200e-01,7.12724200e-01,6.91403268e-02,2.76561307e-01,4.11097490e-05,4.93316988e-04,9.67226075e-08,1.25739390e-06,1.22850699e-04,1.59705908e-03,2.71095082e-05,3.79533115e-04,4.35126407e-08,6.52689611e-07,2.67660177e-05,3.74724247e-04,3.23045435e-05,4.84568152e-04,3.55725017e-04,5.69160028e-03,3.72493160e-08,6.33238372e-07,8.85721824e-15,1.59429928e-13,6.30836821e-06,1.07242260e-04,4.26649836e-10,7.67969704e-09,7.17611362e-05,1.43522272e-03
7.28040247e-01,5.94370016e-02,1.06720552e+02,6.00421045e-01,7.12724200e-01,7.12724200e-01,6.91403348e-02,2.76561339e-01,4.11097609e-05,4.93317131e-04,1.04215072e-07,1.35479593e-06,1.22843237e-04,1.59696209e-03,2.71233326e-05,3.79726656e-04,5.31171084e-08,7.96756626e-07,2.67522016e-05,3.74530823e-04,3.22948874e-05,4.84423311e-04,3.55725017e-04,5.69160027e-03,4.08155182e-08,6.93863810e-07,1.13227847e-14,2.03810124e-13,6.30480264e-06,1.07181645e-04,4.64278885e-10,8.35701992e-09,7.17611362e-05,1.43522272e-03
7.84759970e-01,5.40756549e-02,8.03679241e+01,6.00420719e-01,7.12724200e-01,7.12724200e-01,6.91403429e-02,2.76561372e-01,4.11097652e-05,4.93317182e-04,1.12290982e-07,1.45978277e-06,1.22835171e-04,1.59685723e-03,2.71382260e-05,3.79935164e-04,6.35063723e-08,9.52595584e-07,2.67373104e-05,3.74322346e-04,3.22844820e-05,4.84267230e-04,3.55725017e-04,5.69160027e-03,4.46573327e-08,7.59174657e-07,1.42113114e-14,2.55803606e-13,6.30096098e-06,1.07116337e-04,5.03929769e-10,9.07073584e-09,7.17611362e-05,1.43522272e-03
8.45898580e-01,4.88369110e-02,5.92000328e+01,6.00420633e-01,7.12724200e-01,7.12724200e-01,6.91403511e-02,2.76561404e-01,4.11097664e-05,4.93317197e-04,1.20995553e-07,1.57294218e-06,1.22826469e-04,1.59674410e-03,2.71542705e-05,3.80159787e-04,7.47144986e-08,1.12071748e-06,2.67212665e-05,3.74097731e-04,3.22732695e-05,4.84099043e-04,3.55725017e-04,5.69160026e-03,4.87958444e-08,8.29529354e-07,1.75865804e-14,3.16558448e-13,6.29682250e-06,1.07045983e-04,5.45637014e-10,9.82146625e-09,7.17611362e-05,1.43522272e-03
9.11800339e-01,4.37569359e-02,4.25812195e+01,6.00420614e-01,7.12724200e-01,7.12724200e-01,6.91403594e-02,2.76561438e-01,4.11097667e-05,4.93317200e-04,1.30377607e-07,1.69490889e-06,1.22817088e-04,1.59662214e-03,2.71715541e-05,3.80401758e-04,8.67951721e-08,1.30192758e-06,2.67039830e-05,3.73855761e-04,3.22611879e-05,4.83917818e-04,3.55725017e-04,5.69160026e-03,5.32537364e-08,9.05313518e-07,2.15212027e-14,3.87381649e-13,6.29236462e-06,1.06970198e-04,5.89423637e-10,1.06096255e-08,7.17611362e-05,1.43522272e-03
9.82836333e-01,3.88713242e-02,2.98514474e+01,6.00420611e-01,7.12724200e-01,7.12724200e-01,6.91403678e-02,2.76561471e-01,4.11097667e-05,4.93317200e-04,1.40489796e-07,1.82636735e-06,1.22806976e-04,1.59649068e-03,2.71901718e-05,3.80662405e-04,9.98128223e-08,1.49719234e-06,2.66853653e-05,3.73595114e-04,3.22481701e-05,4.83722551e-04,3.55725017e-04,5.69160026e-03,5.80553976e-08,9.86941759e-07,2.60974222e-14,4.69753600e-13,6.28756295e-06,1.06888570e-04,6.35298936e-10,1.14353809e-08,7.17611362e-05,1.43522272e-03
1.05940656e+00,3.42141661e-02,2.03561323e+01,6.00420610e-01,7.12724200e-01,7.12724200e-01,6.91403763e-02,2.76561505e-01,4.11097667e-05,4.93317201e-04,1.51388869e-07,1.96805529e-06,1.22796077e-04,1.59634900e-03,2.72102254e-05,3.80943155e-04,1.13838927e-07,1.70758390e-06,2.66653117e-05,3.73314364e-04,3.22341439e-05,4.83512159e-04,3.55725017e-04,5.69160026e-03,6.32270405e-08,1.07485969e-06,3.14081327e-14,5.65346389e-13,6.28239131e-06,1.06800652e-04,6.83256224e-10,1.22986120e-08,7.17611362e-05,1.43522272e-03
1.14194217e+00,2.98170513e-02,1.34732219e+01,6.00420610e-01,7.12724200e-01,7.12724200e-01,6.91403847e-02,2.76561539e-01,4.11097667e-05,4.93317201e-04,1.63135977e-07,2.12076770e-06,1.22784329e-04,1.59619628e-03,2.72318244e-05,3.81245542e-04,1.28950962e-07,1.93426443e-06,2.66437127e-05,3.73011978e-04,3.22190319e-05,4.83285479e-04,3.55725017e-04,5.69160026e-03,6.87968291e-08,1.16954609e-06,3.75579814e-14,6.76043665e-13,6.27682152e-06,1.06705966e-04,7.33270468e-10,1.31988684e-08,7.17611362e-05,1.43522272e-03
1.23090791e+00,2.57080501e-02,8.63544655e+00,6.00420610e-01,7.12724200e-01,7.12724200e-01,6.91403931e-02,2.76561572e-01,4.11097667e-05,4.93317201e-04,1.75797013e-07,2.28536117e-06,1.22771668e-04,1.59603169e-03,2.72550866e-05,3.81571212e-04,1.45232405e-07,2.17848608e-06,2.66204505e-05,3.72686308e-04,3.22027505e-05,4.83041257e-04,3.55725017e-04,5.69160026e-03,7.47950154e-08,1.27151526e-06,4.46645329e-14,8.03961592e-13,6.27082334e-06,1.06603997e-04,7.85295872e-10,1.41353257e-08,7.17611362e-05,1.43522272e-03
1.32680475e+00,2.19107222e-02,5.34622789e+00,6.00420610e-01,7.12724200e-01,7.12724200e-01,6.91404015e-02,2.76561606e-01,4.11097667e-05,4.93317201e-04,1.89442975e-07,2.46275868e-06,1.22758023e-04,1.59585429e-03,2.72801383e-05,3.81921936e-04,1.62773080e-07,2.44159620e-06,2.65953988e-05,3.72335584e-04,3.21852098e-05,4.82778147e-04,3.55725017e-04,5.69160026e-03,8.12540859e-08,1.38131946e-06,5.28594828e-14,9.51470691e-13,6.26436427e-06,1.06494193e-04,8.39263441e-10,1.51067419e-08,7.17611362e-05,1.43522272e-03
1.43017266e+00,1.84432098e-02,3.18850355e+00,6.00420610e-01,7.12724200e-01,7.12724200e-01,6.91404097e-02,2.76561639e-01,4.11097667e-05,4.93317201e-04,2.04150360e-07,2.65395469e-06,1.22743315e-04,1.59566310e-03,2.73071153e-05,3.82299614e-04,1.81669603e-07,2.72504405e-06,2.65684218e-05,3.71957905e-04,3.21663133e-05,4.82494699e-04,3.55725017e-04,5.69160026e-03,8.82089153e-08,1.49955156e-06,6.22899058e-14,1.12121830e-12,6.25740944e-06,1.06375960e-04,8.95078582e-10,1.61114145e-08,7.17611362e-05,1.43522272e-03
1.54159369e+00,1.53174782e-02,1.82658213e+00,6.00420610e-01,7.12724200e-01,7.12724200e-01,6.91404177e-02,2.76561671e-01,4.11097667e-05,4.93317201e-04,2.20001587e-07,2.86002063e-06,1.22727464e-04,1.59545703e-03,2.73361634e-05,3.82706287e-04,2.02025881e-07,3.03038821e-06,2.65393737e-05,3.71551232e-04,3.21459570e-05,4.82189355e-04,3.55725017e-04,5.69160026e-03,9.56969305e-08,1.62684782e-06,7.31195212e-14,1.31615138e-12,6.24992142e-06,1.06248664e-04,9.52618846e-10,1.71471392e-08,7.17611362e-05,1.43522272e-03
1.66169525e+00,1.25387680e-02,1.00194062e+00,6.00420610e-01,7.12724200e-01,7.12724200e-01,6.91404255e-02,2.76561702e-01,4.11097667e-05,4.93317201e-04,2.37085448e-07,3.08211083e-06,1.22710380e-04,1.59523494e-03,2.73674389e-05,3.83144145e-04,2.23953637e-07,3.35930455e-06,2.65080982e-05,3.71113374e-04,3.21240292e-05,4.81860438e-04,3.55725017e-04,5.69160026e-03,1.03758283e-07,1.76389081e-06,8.55299563e-14,1.53953921e-12,6.24186007e-06,1.06111621e-04,1.01173188e-09,1.82111739e-08,7.17611362e-05,1.43522272e-03
1.79115361e+00,1.01053133e-02,5.24477346e-01,6.00420610e-01,7.12724200e-01,7.12724200e-01,6.91404330e-02,2.76561732e-01,4.11097667e-05,4.93317201e-04,2.55497606e-07,3.32146887e-06,1.22691968e-04,1.59499558e-03,2.74011099e-05,3.83615538e-04,2.47572976e-07,3.71359464e-06,2.64744272e-05,3.70641981e-04,3.21004099e-05,4.81506148e-04,3.55725017e-04,5.69160026e-03,1.12436030e-07,1.91141251e-06,9.97219797e-14,1.79499563e-12,6.23318232e-06,1.05964099e-04,1.07223375e-09,1.93002075e-08,7.17611362e-05,1.43522272e-03
1.93069773e+00,1.00000000e-02,2.61042082e-01,6.00420610e-01,7.12724200e-01,7.12724200e-01,6.91404401e-02,2.76561761e-01,4.11097667e-05,4.93317201e-04,2.75341113e-07,3.57943446e-06,1.22672124e-04,1.59473762e-03,2.74373561e-05,3.84122985e-04,2.73012989e-07,4.09519484e-06,2.64381810e-05,3.70134534e-04,3.20749699e-05,4.81124548e-04,3.55725017e-04,5.69160026e-03,1.21776328e-07,2.07019757e-06,1.15916678e-13,2.08650020e-12,6.22384202e-06,1.05805314e-04,1.13390769e-09,2.04103384e-08,7.17611362e-05,1.43522272e-03
2.08111337e+00,1.00000000e-02,1.23051556e-01,6.00420610e-01,7.12724200e-01,7.12724200e-01,6.91404469e-02,2.76561788e-01,4.11097667e-05,4.93317201e-04,2.96726982e-07,3.85745076e-06,1.22650738e-04,1.59445960e-03,2.74763706e-05,3.84669188e-04,3.00412389e-07,4.50618583e-06,2.63991665e-05,3.69588331e-04,3.20475705e-05,4.80713557e-04,3.55725017e-04,5.69160026e-03,1.31828630e-07,2.24108671e-06,1.34356541e-13,2.41841774e-12,6.21378972e-06,1.05634425e-04,1.19650351e-09,2.15370631e-08,7.17611362e-05,1.43522272e-03
2.24324750e+00,1.00000000e-02,5.47037771e-02,6.00420610e-01,7.12724200e-01,7.12724200e-01,6.91404533e-02,2.76561813e-01,4.11097667e-05,4.93317201e-04,3.19774793e-07,4.15707230e-06,1.22627691e-04,1.59415998e-03,2.75183601e-05,3.85257042e-04,3.29920194e-07,4.94880290e-06,2.63571770e-05,3.69000478e-04,3.20180627e-05,4.80270940e-04,3.55725017e-04,5.69160026e-03,1.42645900e-07,2.42498030e-06,1.55306427e-13,2.79551568e-12,6.20297245e-06,1.05450532e-04,1.25973778e-09,2.26752800e-08,7.17611362e-05,1.43522272e-03
2.41801308e+00,1.00000000e-02,2.28306710e-02,6.00420610e-01,7.12724200e-01,7.12724200e-01,6.91404591e-02,2.76561837e-01,4.11097667e-05,4.93317201e-04,3.44613348e-07,4.47997353e-06,1.22602852e-04,1.59383708e-03,2.75635462e-05,3.85889646e-04,3.61696449e-07,5.42544673e-06,2.63119909e-05,3.68367873e-04,3.19862864e-05,4.79794296e-04,3.55725017e-04,5.69160026e-03,1.54284827e-07,2.62284205e-06,1.79054358e-13,3.22297844e-12,6.19133353e-06,1.05252670e-04,1.32329494e-09,2.38193089e-08,7.17611362e-05,1.43522272e-03
2.60639420e+00,1.00000000e-02,8.90131734e-03,6.00420610e-01,7.12724200e-01,7.12724200e-01,6.91404645e-02,2.76561858e-01,4.11097667e-05,4.93317201e-04,3.71381377e-07,4.82795791e-06,1.22576084e-04,1.59348909e-03,2.76121658e-05,3.86570321e-04,3.95912993e-07,5.93869489e-06,2.62633713e-05,3.67687198e-04,3.19520699e-05,4.79281048e-04,3.55725017e-04,5.69160026e-03,1.66806056e-07,2.83570295e-06,2.05912134e-13,3.70641841e-12,6.17881230e-06,1.05039809e-04,1.38682951e-09,2.49629311e-08,7.17611362e-05,1.43522272e-03
2.80945159e+00,1.00000000e-02,3.22493340e-03,6.00420610e-01,7.12724200e-01,7.12724200e-01,6.91404694e-02,2.76561878e-01,4.11097667e-05,4.93317201e-04,4.00228289e-07,5.20296775e-06,1.22547237e-04,1.59311408e-03,2.76644726e-05,3.87302617e-04,4.32754269e-07,6.49131404e-06,2.62110645e-05,3.66954903e-04,3.19152286e-05,4.78728429e-04,3.55725017e-04,5.69160026e-03,1.80274425e-07,3.06466522e-06,2.36215715e-13,4.25188287e-12,6.16534393e-06,1.04810847e-04,1.44996953e-09,2.60994515e-08,7.17611362e-05,1.43522272e-03
3.02832867e+00,1.00000000e-02,1.07953128e-03,6.00420610e-01,7.12724200e-01,7.12724200e-01,6.91404737e-02,2.76561895e-01,4.11097667e-05,4.93317201e-04,4.31314985e-07,5.60709481e-06,1.22516150e-04,1.59270996e-03,2.77207379e-05,3.88090331e-04,4.72418184e-07,7.08627275e-06,2.61547992e-05,3.66167189e-04,3.18755647e-05,4.78133470e-04,3.55725017e-04,5.69160026e-03,1.94759203e-07,3.31090645e-06,2.70325358e-13,4.86585644e-12,6.15085915e-06,1.04564606e-04,1.51232139e-09,2.72217850e-08,7.17611362e-05,1.43522272e-03
3.26425788e+00,1.00000000e-02,3.31834435e-04,6.00420610e-01,7.12724200e-01,7.12724200e-01,6.91404775e-02,2.76561910e-01,4.11097667e-05,4.93317201e-04,4.64814735e-07,6.04259155e-06,1.22482651e-04,1.59227446e-03,2.77812514e-05,3.88937520e-04,5.15117008e-07,7.72675512e-06,2.60942857e-05,3.65320000e-04,3.18328659e-05,4.77492988e-04,3.55725017e-04,5.69160026e-03,2.10334345e-07,3.57568386e-06,3.08625502e-13,5.55525903e-12,6.13528401e-06,1.04299828e-04,1.57347604e-09,2.83225688e-08,7.17611362e-05,1.43522272e-03
3.51856773e+00,1.00000000e-02,9.30453421e-05,6.00420610e-01,7.12724200e-01,7.12724200e-01,6.91404808e-02,2.76561923e-01,4.11097667e-05,4.93317201e-04,5.00914104e-07,6.51188335e-06,1.22446551e-04,1.59180517e-03,2.78463226e-05,3.89848516e-04,5.61078334e-07,8.41617502e-06,2.60292145e-05,3.64409003e-04,3.17869045e-05,4.76803568e-04,3.55725017e-04,5.69160026e-03,2.27078740e-07,3.86033858e-06,3.51524398e-13,6.32743916e-12,6.11853961e-06,1.04015173e-04,1.63301668e-09,2.93943003e-08,7.17611362e-05,1.43522272e-03
3.79269019e+00,1.00000000e-02,2.36289959e-05,6.00420610e-01,7.12724200e-01,7.12724200e-01,6.91404836e-02,2.76561935e-01,4.11097667e-05,4.93317201e-04,5.39813967e-07,7.01758156e-06,1.22407652e-04,1.59129947e-03,2.79162816e-05,3.90827942e-04,6.10546074e-07,9.15819111e-06,2.59592555e-05,3.63429577e-04,3.17374368e-05,4.76061552e-04,3.55725017e-04,5.69160026e-03,2.45076474e-07,4.16630006e-06,3.99453517e-13,7.19016331e-12,6.10054188e-06,1.03709212e-04,1.69052778e-09,3.04295000e-08,7.17611362e-05,1.43522272e-03
4.08816882e+00,1.00000000e-02,5.39289006e-06,6.00420610e-01,7.12724200e-01,7.12724200e-01,6.91404860e-02,2.76561944e-01,4.11097667e-05,4.93317201e-04,5.81730576e-07,7.56249749e-06,1.22365735e-04,1.59075455e-03,2.79914803e-05,3.91880724e-04,6.63781507e-07,9.95672261e-06,2.58840568e-05,3.62376795e-04,3.16842014e-05,4.75263020e-04,3.55725017e-04,5.69160026e-03,2.64417081e-07,4.49509038e-06,4.52866790e-13,8.15160221e-12,6.08120127e-06,1.03380422e-04,1.74560530e-09,3.14208953e-08,7.17611362e-05,1.43522272e-03
4.40666743e+00,1.00000000e-02,1.09701011e-06,6.00420610e-01,7.12724200e-01,7.12724200e-01,6.91404879e-02,2.76561952e-01,4.11097667e-05,4.93317201e-04,6.26896726e-07,8.14965744e-06,1.22320569e-04,1.59016739e-03,2.80722937e-05,3.93012111e-04,7.21064378e-07,1.08159657e-05,2.58032434e-05,3.61245408e-04,3.16269185e-05,4.74403777e-04,3.55725017e-04,5.69160026e-03,2.85195803e-07,4.84832865e-06,5.12239745e-13,9.22031540e-12,6.06042255e-06,1.03027183e-04,1.79786786e-09,3.23616214e-08,7.17611362e-05,1.43522272e-03
4.74997943e+00,1.00000000e-02,1.97114279e-07,6.00420610e-01,7.12724200e-01,7.12724200e-01,6.91404894e-02,2.76561958e-01,4.11097667e-05,4.93317201e-04,6.75562983e-07,8.78231878e-06,1.22271902e-04,1.58953473e-03,2.81591204e-05,3.94227686e-04,7.82694032e-07,1.17404105e-05,2.57164167e-05,3.60029833e-04,3.15652888e-05,4.73479332e-04,3.55725017e-04,5.69160026e-03,3.07513837e-07,5.22773523e-06,5.78068680e-13,1.04052362e-11,6.03810452e-06,1.02647777e-04,1.84696841e-09,3.32454314e-08,7.17611362e-05,1.43522272e-03
5.12003798e+00,1.00000000e-02,3.09846186e-08,6.00420610e-01,7.12724200e-01,7.12724200e-01,6.91404906e-02,2.76561962e-01,4.11097667e-05,4.93317201e-04,7.27999018e-07,9.46398724e-06,1.22219466e-04,1.58885306e-03,2.82523845e-05,3.95533383e-04,8.48990607e-07,1.27348591e-05,2.56231526e-05,3.58724136e-04,3.14989923e-05,4.72484884e-04,3.55725017e-04,5.69160026e-03,3.31478578e-07,5.63513583e-06,6.50869989e-13,1.17156598e-11,6.01413977e-06,1.02240376e-04,1.89260589e-09,3.40669061e-08,7.17611362e-05,1.43522272e-03
5.51892683e+00,1.00000000e-02,4.21667397e-09,6.00420610e-01,7.12724200e-01,7.12724200e-01,6.91404915e-02,2.76561966e-01,4.11097667e-05,4.93317201e-04,7.84495026e-07,1.01984353e-05,1.22162970e-04,1.58811862e-03,2.83525358e-05,3.96935501e-04,9.20296246e-07,1.38044437e-05,2.55230013e-05,3.57322019e-04,3.14276866e-05,4.71415299e-04,3.55725017e-04,5.69160026e-03,3.57203843e-07,6.07246533e-06,7.31179822e-13,1.31612368e-11,5.98841451e-06,1.01803047e-04,1.93453631e-09,3.48216536e-08,7.17611362e-05,1.43522272e-03
5.94889208e+00,1.00000000e-02,4.91261081e-10,6.00420610e-01,7.12724200e-01,7.12724200e-01,6.91404922e-02,2.76561969e-01,4.11097667e-05,4.93317201e-04,8.45363244e-07,1.09897222e-05,1.22102102e-04,1.58732733e-03,2.84600512e-05,3.98440717e-04,9.96976362e-07,1.49546454e-05,2.54154859e-05,3.55816803e-04,3.13510065e-05,4.70265097e-04,3.55725017e-04,5.69160026e-03,3.84810078e-07,6.54177133e-06,8.19554269e-13,1.47519768e-11,5.96080827e-06,1.01333741e-04,1.97258245e-09,3.55064841e-08,7.17611362e-05,1.43522272e-03
6.41235480e+00,1.00000000e-02,4.84078569e-11,6.00420610e-01,7.12724200e-01,7.12724200e-01,6.91404927e-02,2.76561971e-01,4.11097667e-05,4.93317201e-04,9.10939584e-07,1.18422146e-05,1.22036526e-04,1.58647484e-03,2.85754357e-05,4.00056100e-04,1.07942092e-06,1.61913138e-05,2.53001014e-05,3.54201419e-04,3.12685619e-05,4.69028429e-04,3.55725017e-04,5.69160026e-03,4.14424539e-07,7.04521716e-06,9.16570272e-13,1.64982649e-11,5.93119381e-06,1.00830295e-04,2.00664162e-09,3.61195492e-08,7.17611362e-05,1.43522272e-03
6.91192469e+00,1.00000000e-02,3.98211333e-12,6.00420610e-01,7.12724200e-01,7.12724200e-01,6.91404930e-02,2.76561972e-01,4.11097667e-05,4.93317201e-04,9.81585365e-07,1.27606097e-05,1.21965880e-04,1.58555644e-03,2.86992230e-05,4.01789122e-04,1.16804573e-06,1.75206859e-05,2.51763141e-05,3.52468397e-04,3.11799371e-05,4.67699057e-04,3.55725017e-04,5.69160026e-03,4.46181436e-07,7.58508441e-06,1.02282745e-12,1.84108941e-11,5.89943692e-06,1.00290428e-04,2.03669056e-09,3.66604301e-08,7.17611362e-05,1.43522272e-03
7.45041477e+00,1.00000000e-02,2.69648031e-13,6.00420610e-01,7.12724200e-01,7.12724200e-01,6.91404933e-02,2.76561973e-01,4.11097667e-05,4.93317201e-04,1.05768918e-06,1.37499593e-05,1.21889776e-04,1.58456709e-03,2.88319760e-05,4.03647664e-04,1.26329378e-06,1.89494068e-05,2.50435611e-05,3.50609855e-04,3.10846891e-05,4.66270336e-04,3.55725017e-04,5.69160026e-03,4.80222037e-07,8.16377462e-06,1.13895100e-12,2.05011181e-11,5.86539632e-06,9.97117374e-05,2.06278706e-09,3.71301670e-08,7.17611362e-05,1.43522272e-03
8.03085722e+00,1.00000000e-02,1.48041165e-14,6.00420610e-01,7.12724200e-01,7.12724200e-01,6.91404934e-02,2.76561974e-01,4.11097667e-05,4.93317201e-04,1.13966886e-06,1.48156952e-05,1.21807797e-04,1.58350136e-03,2.89742877e-05,4.05640028e-04,1.36563655e-06,2.04845482e-05,2.49012494e-05,3.48617492e-04,3.09823463e-05,4.64735195e-04,3.55725017e-04,5.69160026e-03,5.16694716e-07,8.78381018e-06,1.26559586e-12,2.27807255e-11,5.82892364e-06,9.90917018e-05,2.08506774e-09,3.75312193e-08,7.17611362e-05,1.43522272e-03
8.65652043e+00,1.00000000e-02,6.48294139e-16,6.00420610e-01,7.12724200e-01,7.12724200e-01,6.91404935e-02,2.76561974e-01,4.11097667e-05,4.93317201e-04,1.22797362e-06,1.59636570e-05,1.21719492e-04,1.58235339e-03,2.91267809e-05,4.07774933e-04,1.47557525e-06,2.21336287e-05,2.47487562e-05,3.46482586e-04,3.08724076e-05,4.63086114e-04,3.55725017e-04,5.69160026e-03,5.55754939e-07,9.44783397e-06,1.40345206e-12,2.52621371e-11,5.78986341e-06,9.84276780e-05,2.10374195e-09,3.78673551e-08,7.17611362e-05,1.43522272e-03
9.33092744e+00,1.00000000e-02,2.22492765e-17,6.00420610e-01,7.12724200e-01,7.12724200e-01,6.91404936e-02,2.76561974e-01,4.11097667e-05,4.93317201e-04,1.32308628e-06,1.72001216e-05,1.21624379e-04,1.58111693e-03,2.92901089e-05,4.10061525e-04,1.59364214e-06,2.39046322e-05,2.45854282e-05,3.44195995e-04,3.07543407e-05,4.61315111e-04,3.55725017e-04,5.69160026e-03,5.97565165e-07,1.01586078e-05,1.55325143e-12,2.79585258e-11,5.74805319e-06,9.77169042e-05,2.11908179e-09,3.81434723e-08,7.17611362e-05,1.43522272e-03
1.00578757e+01,1.00000000e-02,5.87175214e-19,6.00420610e-01,7.12724200e-01,7.12724200e-01,6.91404936e-02,2.76561974e-01,4.11097667e-05,4.93317201e-04,1.42552569e-06,1.85318340e-05,1.21521940e-04,1.57978522e-03,2.94649544e-05,4.12509362e-04,1.72040171e-06,2.58060257e-05,2.44105827e-05,3.41748158e-04,3.06275812e-05,4.59413717e-04,3.55725017e-04,5.69160026e-03,6.42294658e-07,1.09190092e-05,1.71577540e-12,3.08839571e-11,5.70332369e-06,9.69565028e-05,2.13140890e-09,3.83653603e-08,7.17611362e-05,1.43522272e-03
1.08414587e+01,1.00000000e-02,1.16745178e-20,6.00420610e-01,7.12724200e-01,7.12724200e-01,6.91404936e-02,2.76561975e-01,4.11097667e-05,4.93317201e-04,1.53584927e-06,1.99660405e-05,1.21411616e-04,1.57835101e-03,2.96520294e-05,4.15128412e-04,1.85645175e-06,2.78467762e-05,2.42235077e-05,3.39129108e-04,3.04915311e-05,4.57372967e-04,3.55725017e-04,5.69160026e-03,6.90119185e-07,1.17320261e-05,1.89186377e-12,3.40535478e-11,5.65549917e-06,9.61434859e-05,2.14107871e-09,3.85394167e-08,7.17611362e-05,1.43522272e-03
1.16860886e+01,1.00000000e-02,1.71060015e-22,6.00420610e-01,7.12724200e-01,7.12724200e-01,6.91404936e-02,2.76561975e-01,4.11097667e-05,4.93317201e-04,1.65465571e-06,2.15105242e-05,1.21292810e-04,1.57680653e-03,2.98520737e-05,4.17929031e-04,2.00242436e-06,3.00363654e-05,2.40234634e-05,3.36328488e-04,3.03455585e-05,4.55183378e-04,3.55725017e-04,5.69160026e-03,7.41220586e-07,1.26007500e-05,2.08242424e-12,3.74836363e-11,5.60439777e-06,9.52747620e-05,2.14846340e-09,3.86723411e-08,7.17611362e-05,1.43522272e-03
1.25965213e+01,1.00000000e-02,1.80371883e-24,6.00420610e-01,7.12724200e-01,7.12724200e-01,6.91404936e-02,2.76561975e-01,4.11097667e-05,4.93317201e-04,1.78258785e-06,2.31736421e-05,1.21164878e-04,1.57514341e-03,3.00658532e-05,4.20921944e-04,2.15898682e-06,3.23848022e-05,2.38096839e-05,3.33335575e-04,3.01889960e-05,4.52834941e-04,3.55725017e-04,5.69160026e-03,7.95786189e-07,1.35283652e-05,2.28844227e-12,4.11919609e-11,5.54983216e-06,9.43471468e-05,2.15393486e-09,3.87708275e-08,7.17611362e-05,1.43522272e-03
1.35778836e+01,1.00000000e-02,1.33403686e-26,6.00420610e-01,7.12724200e-01,7.12724200e-01,6.91404936e-02,2.76561975e-01,4.11097667e-05,4.93317201e-04,1.92033575e-06,2.49643647e-05,1.21027130e-04,1.57335269e-03,3.02941577e-05,4.24118208e-04,2.32684217e-06,3.49026325e-05,2.35813794e-05,3.30139312e-04,3.00211407e-05,4.50317110e-04,3.55725017e-04,5.69160026e-03,8.54008049e-07,1.45181368e-05,2.51099107e-12,4.51978393e-11,5.49161030e-06,9.33573752e-05,2.15784897e-09,3.88412815e-08,7.17611362e-05,1.43522272e-03
1.46357012e+01,1.00000000e-02,6.73203039e-29,6.00420610e-01,7.12724200e-01,7.12724200e-01,6.91404937e-02,2.76561975e-01,4.11097667e-05,4.93317201e-04,2.06863985e-06,2.68923181e-05,1.20878826e-04,1.57142473e-03,3.05377978e-05,4.27529170e-04,2.50672964e-06,3.76009446e-05,2.33377393e-05,3.26728350e-04,2.98412532e-05,4.47618798e-04,3.55725017e-04,5.69160026e-03,9.16081988e-07,1.55733938e-05,2.75124138e-12,4.95223449e-11,5.42953636e-06,9.23021182e-05,2.16053238e-09,3.88895828e-08,7.17611362e-05,1.43522272e-03
1.57759306e+01,1.00000000e-02,1.00000000e-30,6.00420610e-01,7.12724200e-01,7.12724200e-01,6.91404937e-02,2.76561975e-01,4.11097667e-05,4.93317201e-04,2.22829444e-06,2.89678277e-05,1.20719171e-04,1.56934922e-03,3.07976010e-05,4.31166414e-04,2.69942474e-06,4.04913711e-05,2.30779361e-05,3.23091105e-04,2.96485581e-05,4.44728372e-04,3.55725017e-04,5.69160026e-03,9.82206405e-07,1.66975089e-05,3.01047089e-12,5.41884760e-11,5.36341195e-06,9.11780031e-05,2.16227284e-09,3.89209112e-08,7.17611362e-05,1.43522272e-03
1.70049924e+01,1.00000000e-02,1.00000000e-30,6.00420610e-01,7.12724200e-01,7.12724200e-01,6.91404937e-02,2.76561975e-01,4.11097667e-05,4.93317201e-04,2.40015115e-06,3.12019650e-05,1.20547314e-04,1.56711509e-03,3.10744068e-05,4.35041695e-04,2.90573897e-06,4.35860845e-05,2.28011303e-05,3.19215825e-04,2.94422439e-05,4.41633658e-04,3.55725017e-04,5.69160026e-03,1.05258083e-06,1.78938741e-05,3.29007312e-12,5.92213161e-11,5.29303752e-06,8.99816379e-05,2.16331349e-09,3.89396429e-08,7.17611362e-05,1.43522272e-03
1.83298071e+01,1.00000000e-02,1.00000000e-30,6.00420610e-01,7.12724200e-01,7.12724200e-01,6.91404937e-02,2.76561975e-01,4.11097667e-05,4.93317201e-04,2.58512280e-06,3.36065963e-05,1.20362343e-04,1.56471045e-03,3.13690607e-05,4.39166850e-04,3.12651909e-06,4.68977864e-05,2.25064764e-05,3.15090670e-04,2.92214638e-05,4.38321957e-04,3.55725017e-04,5.69160026e-03,1.12740419e-06,1.91658712e-05,3.59156594e-12,6.46481869e-11,5.21821416e-06,8.87096408e-05,2.16385111e-09,3.89493200e-08,7.17611362e-05,1.43522272e-03
1.97578347e+01,1.00000000e-02,1.00000000e-30,6.00420610e-01,7.12724200e-01,7.12724200e-01,6.91404937e-02,2.76561975e-01,4.11097667e-05,4.93317201e-04,2.78418726e-06,3.61944343e-05,1.20163278e-04,1.56212262e-03,3.16824075e-05,4.43553705e-04,3.36264591e-06,5.04396886e-05,2.21931296e-05,3.10703814e-04,2.89853370e-05,4.34780054e-04,3.55725017e-04,5.69160026e-03,1.20687274e-06,2.05168367e-05,3.91659972e-12,7.04987949e-11,5.13874561e-06,8.73586753e-05,2.16403796e-09,3.89526833e-08,7.17611362e-05,1.43522272e-03
2.12971163e+01,1.00000000e-02,1.00000000e-30,6.00420610e-01,7.12724200e-01,7.12724200e-01,6.91404937e-02,2.76561975e-01,4.11097667e-05,4.93317201e-04,2.99839163e-06,3.89790911e-05,1.19949074e-04,1.55933796e-03,3.20152825e-05,4.48213955e-04,3.61503239e-06,5.42254858e-05,2.18602546e-05,3.06043564e-04,2.87329505e-05,4.30994257e-04,3.55725017e-04,5.69160026e-03,1.29117769e-06,2.19500208e-05,4.26696547e-12,7.68053785e-11,5.05444066e-06,8.59254912e-05,2.16398637e-09,3.89517546e-08,7.17611362e-05,1.43522272e-03
2.29563192e+01,1.00000000e-02,1.00000000e-30,6.00420610e-01,7.12724200e-01,7.12724200e-01,6.91404937e-02,2.76561975e-01,4.11097667e-05,4.93317201e-04,3.22885650e-06,4.19751344e-05,1.19718609e-04,1.55634192e-03,3.23685017e-05,4.53159024e-04,3.88462109e-06,5.82693163e-05,2.15070354e-05,3.01098496e-04,2.84633618e-05,4.26950427e-04,3.55725017e-04,5.69160026e-03,1.38050237e-06,2.34685403e-05,4.64460326e-12,8.36028587e-11,4.96511598e-06,8.44069717e-05,2.16377500e-09,3.89479501e-08,7.17611362e-05,1.43522272e-03
2.47447864e+01,1.00000000e-02,1.00000000e-30,6.00420610e-01,7.12724200e-01,7.12724200e-01,6.91404937e-02,2.76561975e-01,4.11097667e-05,4.93317201e-04,3.47678041e-06,4.51981454e-05,1.19470685e-04,1.55311891e-03,3.27428504e-05,4.58399905e-04,4.17238073e-06,6.25857110e-05,2.11326867e-05,2.95857614e-04,2.81756021e-05,4.22634032e-04,3.55725017e-04,5.69160026e-03,1.47501906e-06,2.50753240e-05,5.05161116e-12,9.09290010e-11,4.87059929e-06,8.28001880e-05,2.16345591e-09,3.89422063e-08,7.17611362e-05,1.43522272e-03
2.66725884e+01,1.00000000e-02,1.00000000e-30,6.00420610e-01,7.12724200e-01,7.12724200e-01,6.91404937e-02,2.76561975e-01,4.11097667e-05,4.93317201e-04,3.74344449e-06,4.86647784e-05,1.19204021e-04,1.54965227e-03,3.31390698e-05,4.63946977e-04,4.47930184e-06,6.71895276e-05,2.07364673e-05,2.90310543e-04,2.78686810e-05,4.18030215e-04,3.55725017e-04,5.69160026e-03,1.57488534e-06,2.67730508e-05,5.49025513e-12,9.88245923e-11,4.77073301e-06,8.11024612e-05,2.16306125e-09,3.89351025e-08,7.17611362e-05,1.43522272e-03
2.87505804e+01,1.00000000e-02,1.00000000e-30,6.00420610e-01,7.12724200e-01,7.12724200e-01,6.91404937e-02,2.76561975e-01,4.11097667e-05,4.93317201e-04,4.03021714e-06,5.23928229e-05,1.18917248e-04,1.54592423e-03,3.35578422e-05,4.69809791e-04,4.80639125e-06,7.20958687e-05,2.03176949e-05,2.84447729e-04,2.75415916e-05,4.13123874e-04,3.55725017e-04,5.69160026e-03,1.68024002e-06,2.85640804e-05,5.96297987e-12,1.07333638e-10,4.66537833e-06,7.93114316e-05,2.16260926e-09,3.89269666e-08,7.17611362e-05,1.43522272e-03
3.09904634e+01,1.00000000e-02,1.00000000e-30,6.00420610e-01,7.12724200e-01,7.12724200e-01,6.91404937e-02,2.76561975e-01,4.11097667e-05,4.93317201e-04,4.33855894e-06,5.64012663e-05,1.18608907e-04,1.54191578e-03,3.39997740e-05,4.75996837e-04,5.15466538e-06,7.73199808e-05,1.98757631e-05,2.78260683e-04,2.71933175e-05,4.07899762e-04,3.55725017e-04,5.69160026e-03,1.79119856e-06,3.04503755e-05,6.47242100e-12,1.16503578e-10,4.55441980e-06,7.74251365e-05,2.16210898e-09,3.89179617e-08,7.17611362e-05,1.43522272e-03
3.34048498e+01,1.00000000e-02,1.00000000e-30,6.00420610e-01,7.12724200e-01,7.12724200e-01,6.91404937e-02,2.76561975e-01,4.11097667e-05,4.93317201e-04,4.67002755e-06,6.07103582e-05,1.18277438e-04,1.53760669e-03,3.44653768e-05,4.82515275e-04,5.52514219e-06,8.28771328e-05,1.94101603e-05,2.71742245e-04,2.68228407e-05,4.02342610e-04,3.55725017e-04,5.69160026e-03,1.90784805e-06,3.24334168e-05,7.02141852e-12,1.26385533e-10,4.43777031e-06,7.54420952e-05,2.16156377e-09,3.89081478e-08,7.17611362e-05,1.43522272e-03
3.60073348e+01,1.00000000e-02,1.00000000e-30,6.00420610e-01,7.12724200e-01,7.12724200e-01,6.91404937e-02,2.76561975e-01,4.11097667e-05,4.93317201e-04,5.02628269e-06,6.53416750e-05,1.17921183e-04,1.53297538e-03,3.49550461e-05,4.89370645e-04,5.91883143e-06,8.87824714e-05,1.89204910e-05,2.64886874e-04,2.64291514e-05,3.96437272e-04,3.55725017e-04,5.69160026e-03,2.03024176e-06,3.45141098e-05,7.61303157e-12,1.37034568e-10,4.31537660e-06,7.33614021e-05,2.16097361e-09,3.88975249e-08,7.17611362e-05,1.43522272e-03
3.88125727e+01,1.00000000e-02,1.00000000e-30,6.00420610e-01,7.12724200e-01,7.12724200e-01,6.91404937e-02,2.76561975e-01,4.11097667e-05,4.93317201e-04,5.40909114e-06,7.03181848e-05,1.17538374e-04,1.52799887e-03,3.54690392e-05,4.96566549e-04,6.33672331e-06,9.50508497e-05,1.84064979e-05,2.57690971e-04,2.60112595e-05,3.90168893e-04,3.55725017e-04,5.69160026e-03,2.15839322e-06,3.66926848e-05,8.25055457e-12,1.48509982e-10,4.18722513e-06,7.11828272e-05,2.16033660e-09,3.88860587e-08,7.17611362e-05,1.43522272e-03
4.18363594e+01,1.00000000e-02,1.00000000e-30,6.00420610e-01,7.12724200e-01,7.12724200e-01,6.91404937e-02,2.76561975e-01,4.11097667e-05,4.93317201e-04,5.82033160e-06,7.56643108e-05,1.17127134e-04,1.52265274e-03,3.60074500e-05,5.04104301e-04,6.77977528e-06,1.01696629e-04,1.78680871e-05,2.50153219e-04,2.55682076e-05,3.83523114e-04,3.55725017e-04,5.69160026e-03,2.29227002e-06,3.89685903e-05,8.93753481e-12,1.60875627e-10,4.05334833e-06,6.89069217e-05,2.15964978e-09,3.88736961e-08,7.17611362e-05,1.43522272e-03
4.50957214e+01,1.00000000e-02,1.00000000e-30,6.00420610e-01,7.12724200e-01,7.12724200e-01,6.91404937e-02,2.76561975e-01,4.11097667e-05,4.93317201e-04,6.26199953e-06,8.14059939e-05,1.16685466e-04,1.51691106e-03,3.65701832e-05,5.11982565e-04,7.24889669e-06,1.08733450e-04,1.73053539e-05,2.42274955e-04,2.50990862e-05,3.76486293e-04,3.55725017e-04,5.69160026e-03,2.43178722e-06,4.13403827e-05,9.67779128e-12,1.74200243e-10,3.91383113e-06,6.65351293e-05,2.15890957e-09,3.88603723e-08,7.17611362e-05,1.43522272e-03
4.86090118e+01,1.00000000e-02,1.00000000e-30,6.00420610e-01,7.12724200e-01,7.12724200e-01,6.91404937e-02,2.76561975e-01,4.11097667e-05,4.93317201e-04,6.73621171e-06,8.75707522e-05,1.16211254e-04,1.51074630e-03,3.71569263e-05,5.20196968e-04,7.74493139e-06,1.16173971e-04,1.67186108e-05,2.34060551e-04,2.46030515e-05,3.69045772e-04,3.55725017e-04,5.69160026e-03,2.57680070e-06,4.38056120e-05,1.04754351e-11,1.88557831e-10,3.76881765e-06,6.40699000e-05,2.15811194e-09,3.88460150e-08,7.17611362e-05,1.43522272e-03
5.23960135e+01,1.00000000e-02,1.00000000e-30,6.00420610e-01,7.12724200e-01,7.12724200e-01,6.91404937e-02,2.76561975e-01,4.11097667e-05,4.93317201e-04,7.24521048e-06,9.41877362e-05,1.15702255e-04,1.50412931e-03,3.77671220e-05,5.28739708e-04,8.26863800e-06,1.24029570e-04,1.61084151e-05,2.25517812e-04,2.40793449e-05,3.61190173e-04,3.55725017e-04,5.69160026e-03,2.72710048e-06,4.63607082e-05,1.13348912e-11,2.04028041e-10,3.61851787e-06,6.15148038e-05,2.15725249e-09,3.88305448e-08,7.17611362e-05,1.43522272e-03
5.64780507e+01,1.00000000e-02,1.00000000e-30,6.00420610e-01,7.12724200e-01,7.12724200e-01,6.91404937e-02,2.76561975e-01,4.11097667e-05,4.93317201e-04,7.79136762e-06,1.01287779e-04,1.15156098e-04,1.49702927e-03,3.83999391e-05,5.37599148e-04,8.82066785e-06,1.32310018e-04,1.54755980e-05,2.16658372e-04,2.35273150e-05,3.52909725e-04,3.55725017e-04,5.69160026e-03,2.88240417e-06,4.90008708e-05,1.22609220e-11,2.20696595e-10,3.46321419e-06,5.88746412e-05,2.15632646e-09,3.88138763e-08,7.17611362e-05,1.43522272e-03
6.08781089e+01,1.00000000e-02,1.00000000e-30,6.00420610e-01,7.12724200e-01,7.12724200e-01,6.91404937e-02,2.76561975e-01,4.11097667e-05,4.93317201e-04,8.37718764e-06,1.08903439e-04,1.14570278e-04,1.48941361e-03,3.90542453e-05,5.46759434e-04,9.40154052e-06,1.41023108e-04,1.48212918e-05,2.07498085e-04,2.29464423e-05,3.44196635e-04,3.55725017e-04,5.69160026e-03,3.04235089e-06,5.17199652e-05,1.32586522e-11,2.38655740e-10,3.30326746e-06,5.61555468e-05,2.15532873e-09,3.87959171e-08,7.17611362e-05,1.43522272e-03
6.56209641e+01,1.00000000e-02,1.00000000e-30,6.00420610e-01,7.12724200e-01,7.12724200e-01,6.91404937e-02,2.76561975e-01,4.11097667e-05,4.93317201e-04,9.00531034e-06,1.17069034e-04,1.13942155e-04,1.48124802e-03,3.97285804e-05,5.56200125e-04,1.00116170e-05,1.50174255e-04,1.41469567e-05,1.98057394e-04,2.23363658e-05,3.35045488e-04,3.55725017e-04,5.69160026e-03,3.20649596e-06,5.45104313e-05,1.43335961e-11,2.58004730e-10,3.13912240e-06,5.33650807e-05,2.15425379e-09,3.87765681e-08,7.17611362e-05,1.43522272e-03
7.07333228e+01,1.00000000e-02,1.00000000e-30,6.00420610e-01,7.12724200e-01,7.12724200e-01,6.91404937e-02,2.76561975e-01,4.11097667e-05,4.93317201e-04,9.67851247e-06,1.25820662e-04,1.13268953e-04,1.47249639e-03,4.04211329e-05,5.65895861e-04,1.06510708e-05,1.59766062e-04,1.34544042e-05,1.88361658e-04,2.16969121e-05,3.25453681e-04,3.55725017e-04,5.69160026e-03,3.37430645e-06,5.73632097e-05,1.54916856e-11,2.78850342e-10,2.97131190e-06,5.05123023e-05,2.15309570e-09,3.87557225e-08,7.17611362e-05,1.43522272e-03
7.62439721e+01,1.00000000e-02,1.00000000e-30,6.00420610e-01,7.12724200e-01,7.12724200e-01,6.91404937e-02,2.76561975e-01,4.11097667e-05,4.93317201e-04,1.03997084e-05,1.35196209e-04,1.12547757e-04,1.46312084e-03,4.11297211e-05,5.75816095e-04,1.13198567e-05,1.69797851e-04,1.27458160e-05,1.78441424e-04,2.10281261e-05,3.15421892e-04,3.55725017e-04,5.69160026e-03,3.54515842e-06,6.02676931e-05,1.67393017e-11,3.01307431e-10,2.80045993e-06,4.76078189e-05,2.15184808e-09,3.87332654e-08,7.17611362e-05,1.43522272e-03
8.21839418e+01,1.00000000e-02,1.00000000e-30,6.00420610e-01,7.12724200e-01,7.12724200e-01,6.91404937e-02,2.76561975e-01,4.11097667e-05,4.93317201e-04,1.11719491e-05,1.45235339e-04,1.11775516e-04,1.45308171e-03,4.18517787e-05,5.85924901e-04,1.20176783e-05,1.80265175e-04,1.20237584e-05,1.68332618e-04,2.03303045e-05,3.04954568e-04,3.55725017e-04,5.69160026e-03,3.71833573e-06,6.32117075e-05,1.80833068e-11,3.25499522e-10,2.62728262e-06,4.46638045e-05,2.15050408e-09,3.87090734e-08,7.17611362e-05,1.43522272e-03
8.85866790e+01,1.00000000e-02,1.00000000e-30,6.00420610e-01,7.12724200e-01,7.12724200e-01,6.91404937e-02,2.76561975e-01,4.11097667e-05,4.93317201e-04,1.19984203e-05,1.55979463e-04,1.10949045e-04,1.44233759e-03,4.25843489e-05,5.96180884e-04,1.27439542e-05,1.91159313e-04,1.12911882e-05,1.58076635e-04,1.96040287e-05,2.94060430e-04,3.55725017e-04,5.69160026e-03,3.89303132e-06,6.61815324e-05,1.95310796e-11,3.51559434e-10,2.45258703e-06,4.16939796e-05,2.14905630e-09,3.86830134e-08,7.17611362e-05,1.43522272e-03
9.54882369e+01,1.00000000e-02,1.00000000e-30,6.00420610e-01,7.12724200e-01,7.12724200e-01,6.91404937e-02,2.76561975e-01,4.11097667e-05,4.93317201e-04,1.28824373e-05,1.67471685e-04,1.10065028e-04,1.43084537e-03,4.33240874e-05,6.06537223e-04,1.34977834e-05,2.02466751e-04,1.05514497e-05,1.47720296e-04,1.88501995e-05,2.82752992e-04,3.55725017e-04,5.69160026e-03,4.06835107e-06,6.91619682e-05,2.10905532e-11,3.79629958e-10,2.27726728e-06,3.87135438e-05,2.14749683e-09,3.86549429e-08,7.17611362e-05,1.43522272e-03
1.02927477e+02,1.00000000e-02,1.00000000e-30,6.00420610e-01,7.12724200e-01,7.12724200e-01,6.91404937e-02,2.76561975e-01,4.11097667e-05,4.93317201e-04,1.38274392e-05,1.79756710e-04,1.09120026e-04,1.41856034e-03,4.40672764e-05,6.16941869e-04,1.42779119e-05,2.14168679e-04,9.80826074e-06,1.37315650e-04,1.80700709e-05,2.71051064e-04,3.55725017e-04,5.69160026e-03,4.24332094e-06,7.21364559e-05,2.27702541e-11,4.09864573e-10,2.10229742e-06,3.57390561e-05,2.14581713e-09,3.86247083e-08,7.17611362e-05,1.43522272e-03
1.10946289e+02,1.00000000e-02,1.00000000e-30,6.00420610e-01,7.12724200e-01,7.12724200e-01,6.91404937e-02,2.76561975e-01,4.11097667e-05,4.93317201e-04,1.48369794e-05,1.92880733e-04,1.08110486e-04,1.40543632e-03,4.48098519e-05,6.27337926e-04,1.50827004e-05,2.26240505e-04,9.06568525e-06,1.26919593e-04,1.72652825e-05,2.58979237e-04,3.55725017e-04,5.69160026e-03,4.41689751e-06,7.50872577e-05,2.45793447e-11,4.42428205e-10,1.92872084e-06,3.27882543e-05,2.14400804e-09,3.85921447e-08,7.17611362e-05,1.43522272e-03
1.19589826e+02,1.00000000e-02,1.00000000e-30,6.00420610e-01,7.12724200e-01,7.12724200e-01,6.91404937e-02,2.76561975e-01,4.11097667e-05,4.93317201e-04,1.59147131e-05,2.06891270e-04,1.07032752e-04,1.39142578e-03,4.55474452e-05,6.37664233e-04,1.59100943e-05,2.38651415e-04,8.32809190e-06,1.16593287e-04,1.64378885e-05,2.46568328e-04,3.55725017e-04,5.69160026e-03,4.58798243e-06,7.79957013e-05,2.65276689e-11,4.77498041e-10,1.75763592e-06,2.98798107e-05,2.14205971e-09,3.85570748e-08,7.17611362e-05,1.43522272e-03
1.28906759e+02,1.00000000e-02,1.00000000e-30,6.00420610e-01,7.12724200e-01,7.12724200e-01,6.91404937e-02,2.76561975e-01,4.11097667e-05,4.93317201e-04,1.70643814e-05,2.21836959e-04,1.05883084e-04,1.37648009e-03,4.62754408e-05,6.47856171e-04,1.67575996e-05,2.51363994e-04,7.60009631e-06,1.06401348e-04,1.55903832e-05,2.33855748e-04,3.55725017e-04,5.69160026e-03,4.75544069e-06,8.08424917e-05,2.86257992e-11,5.15264386e-10,1.59017766e-06,2.70330203e-05,2.13996158e-09,3.85193085e-08,7.17611362e-05,1.43522272e-03
1.38949549e+02,1.00000000e-02,1.00000000e-30,6.00420610e-01,7.12724200e-01,7.12724200e-01,6.91404937e-02,2.76561975e-01,4.11097667e-05,4.93317201e-04,1.82897918e-05,2.37767294e-04,1.04657674e-04,1.36054976e-03,4.69890506e-05,6.57846708e-04,1.76222635e-05,2.64333953e-04,6.88648652e-06,9.64108113e-05,1.47257193e-05,2.20885790e-04,3.55725017e-04,5.69160026e-03,4.91812298e-06,8.36080906e-05,3.08850880e-11,5.55931584e-10,1.42749538e-06,2.42674214e-05,2.13770229e-09,3.84786413e-08,7.17611362e-05,1.43522272e-03
1.49774748e+02,1.00000000e-02,1.00000000e-30,6.00420610e-01,7.12724200e-01,7.12724200e-01,6.91404937e-02,2.76561975e-01,4.11097667e-05,4.93317201e-04,1.95947932e-05,2.54732312e-04,1.03352672e-04,1.34358474e-03,4.76834052e-05,6.67567672e-04,1.85006644e-05,2.77509966e-04,6.19213194e-06,8.66898472e-05,1.38473185e-05,2.07709777e-04,3.55725017e-04,5.69160026e-03,5.07489159e-06,8.62731571e-05,3.33177209e-11,5.99718976e-10,1.27072676e-06,2.16023549e-05,2.13526966e-09,3.84348539e-08,7.17611362e-05,1.43522272e-03
1.61443309e+02,1.00000000e-02,1.00000000e-30,6.00420610e-01,7.12724200e-01,7.12724200e-01,6.91404937e-02,2.76561975e-01,4.11097667e-05,4.93317201e-04,2.09832464e-05,2.72782203e-04,1.01964219e-04,1.32553485e-03,4.83536606e-05,6.76951248e-04,1.93889119e-05,2.90833678e-04,5.52187651e-06,7.73062712e-05,1.29590710e-05,1.94386065e-04,3.55725017e-04,5.69160026e-03,5.22464946e-06,8.88190408e-05,3.59367738e-11,6.46861929e-10,1.12096889e-06,1.90564712e-05,2.13265061e-09,3.83877109e-08,7.17611362e-05,1.43522272e-03
1.74020937e+02,1.00000000e-02,1.00000000e-30,6.00420610e-01,7.12724200e-01,7.12724200e-01,6.91404937e-02,2.76561975e-01,4.11097667e-05,4.93317201e-04,2.24589887e-05,2.91966853e-04,1.00488477e-04,1.30635020e-03,4.89951192e-05,6.85931668e-04,2.02826596e-05,3.04239894e-04,4.88041793e-06,6.83258510e-05,1.20653233e-05,1.80979849e-04,3.55725017e-04,5.69160026e-03,5.36637142e-06,9.12283142e-05,3.87562729e-11,6.97612912e-10,9.79246931e-07,1.66471978e-05,2.12983111e-09,3.83369600e-08,7.17611362e-05,1.43522272e-03
1.87578456e+02,1.00000000e-02,1.00000000e-30,6.00420610e-01,7.12724200e-01,7.12724200e-01,6.91404937e-02,2.76561975e-01,4.11097667e-05,4.93317201e-04,2.40257917e-05,3.12335293e-04,9.89216737e-05,1.28598176e-03,4.96033606e-05,6.94447048e-04,2.11771332e-05,3.17656997e-04,4.27217653e-06,5.98104715e-05,1.11708497e-05,1.67562746e-04,3.55725017e-04,5.69160026e-03,5.49913658e-06,9.34853219e-05,4.17912574e-11,7.52242634e-10,8.46481771e-07,1.43901901e-05,2.12679612e-09,3.82823302e-08,7.17611362e-05,1.43522272e-03
2.02192206e+02,1.00000000e-02,1.00000000e-30,6.00420610e-01,7.12724200e-01,7.12724200e-01,6.91404937e-02,2.76561975e-01,4.11097667e-05,4.93317201e-04,2.56873131e-05,3.33935071e-04,9.72601523e-05,1.26438198e-03,5.01743784e-05,7.02441297e-04,2.20671751e-05,3.31007627e-04,3.70115871e-06,5.18162220e-05,1.02808077e-05,1.54212116e-04,3.55725017e-04,5.69160026e-03,5.62216016e-06,9.55767227e-05,4.50578466e-11,8.11041239e-10,7.23458195e-07,1.22987893e-05,2.12352954e-09,3.82235316e-08,7.17611362e-05,1.43522272e-03
2.17944475e+02,1.00000000e-02,1.00000000e-30,6.00420610e-01,7.12724200e-01,7.12724200e-01,6.91404937e-02,2.76561975e-01,4.11097667e-05,4.93317201e-04,2.74470396e-05,3.56811514e-04,9.55004259e-05,1.24150554e-03,5.07047163e-05,7.09866028e-04,2.29473086e-05,3.44209629e-04,3.17082082e-06,4.43914914e-05,9.40067427e-06,1.41010114e-04,3.55725017e-04,5.69160026e-03,5.73482309e-06,9.74919925e-05,4.85733087e-11,8.74319556e-10,6.10795262e-07,1.03835195e-05,2.12001407e-09,3.81602533e-08,7.17611362e-05,1.43522272e-03
2.34923963e+02,1.00000000e-02,1.00000000e-30,6.00420610e-01,7.12724200e-01,7.12724200e-01,6.91404937e-02,2.76561975e-01,4.11097667e-05,4.93317201e-04,2.93082225e-05,3.81006893e-04,9.36392430e-05,1.21731016e-03,5.11915961e-05,7.16682345e-04,2.38118208e-05,3.57177313e-04,2.68394099e-06,3.75751739e-05,8.53616202e-06,1.28042430e-04,3.55725017e-04,5.69160026e-03,5.83669744e-06,9.92238564e-05,5.23561340e-11,9.42410412e-10,5.08920916e-07,8.65165557e-06,2.11623125e-09,3.80921625e-08,7.17611362e-05,1.43522272e-03
2.53226278e+02,1.00000000e-02,1.00000000e-30,6.00420610e-01,7.12724200e-01,7.12724200e-01,6.91404937e-02,2.76561975e-01,4.11097667e-05,4.93317201e-04,3.12738050e-05,4.06559465e-04,9.16736604e-05,1.19175759e-03,5.16330300e-05,7.22862420e-04,2.46548673e-05,3.69823009e-04,2.24250711e-06,3.13950996e-05,7.69311559e-06,1.15396734e-04,3.55725017e-04,5.69160026e-03,5.92756555e-06,1.00768614e-04,5.64261107e-11,1.01566999e-09,4.18052803e-07,7.10689765e-06,2.11216127e-09,3.80189029e-08,7.17611362e-05,1.43522272e-03
2.72954479e+02,1.00000000e-02,1.00000000e-30,6.00420610e-01,7.12724200e-01,7.12724200e-01,6.91404937e-02,2.76561975e-01,4.11097667e-05,4.93317201e-04,3.33463399e-05,4.33502418e-04,8.96011256e-05,1.16481463e-03,5.20279077e-05,7.28390708e-04,2.54705947e-05,3.82058920e-04,1.84762942e-06,2.58668118e-05,6.87738817e-06,1.03160823e-04,3.55725017e-04,5.69160026e-03,6.00743113e-06,1.02126329e-04,6.08044031e-11,1.09447926e-09,3.38187223e-07,5.74918278e-06,2.10778298e-09,3.79400936e-08,7.17611362e-05,1.43522272e-03
2.94219653e+02,1.00000000e-02,1.00000000e-30,6.00420610e-01,7.12724200e-01,7.12724200e-01,6.91404937e-02,2.76561975e-01,4.11097667e-05,4.93317201e-04,3.55278984e-05,4.61862679e-04,8.74195671e-05,1.13645437e-03,5.23760511e-05,7.33264716e-04,2.62532822e-05,3.93799233e-04,1.49948597e-06,2.09928036e-05,6.09470069e-06,9.14205103e-05,3.55725017e-04,5.69160026e-03,6.07652065e-06,1.03300851e-04,6.55136336e-11,1.17924540e-09,2.69097705e-07,4.57466099e-06,2.10307375e-09,3.78553275e-08,7.17611362e-05,1.43522272e-03
3.17141542e+02,1.00000000e-02,1.00000000e-30,6.00420610e-01,7.12724200e-01,7.12724200e-01,6.91404937e-02,2.76561975e-01,4.11097667e-05,4.93317201e-04,3.78199706e-05,4.91659618e-04,8.51274949e-05,1.10665743e-03,5.26782291e-05,7.37495207e-04,2.69974956e-05,4.04962434e-04,1.19730804e-06,1.67623125e-05,5.35048729e-06,8.02573094e-05,3.55725017e-04,5.69160026e-03,6.13527407e-06,1.04299659e-04,7.05779658e-11,1.27040338e-09,2.10344283e-07,3.57585281e-06,2.09800942e-09,3.77641695e-08,7.17611362e-05,1.43522272e-03
3.41849215e+02,1.00000000e-02,1.00000000e-30,6.00420610e-01,7.12724200e-01,7.12724200e-01,6.91404937e-02,2.76561975e-01,4.11097667e-05,4.93317201e-04,4.02233566e-05,5.22903636e-04,8.27241088e-05,1.07541341e-03,5.29361275e-05,7.41105785e-04,2.76982509e-05,4.15473763e-04,9.39409576e-07,1.31517341e-05,4.64973200e-06,6.97459799e-05,3.55725017e-04,5.69160026e-03,6.18432482e-06,1.05133522e-04,7.60231904e-11,1.36841743e-09,1.61293529e-07,2.74198999e-06,2.09256419e-09,3.76661555e-08,7.17611362e-05,1.43522272e-03
3.68481798e+02,1.00000000e-02,1.00000000e-30,6.00420610e-01,7.12724200e-01,7.12724200e-01,6.91404937e-02,2.76561975e-01,4.11097667e-05,4.93317201e-04,4.27380506e-05,5.55594658e-04,8.02094149e-05,1.04272239e-03,5.31522737e-05,7.44131832e-04,2.83511788e-05,4.25267683e-04,7.23263389e-07,1.01256874e-05,3.99680402e-06,5.99520603e-05,3.55725017e-04,5.69160026e-03,6.22446947e-06,1.05815981e-04,8.18768122e-11,1.47378262e-09,1.21148885e-07,2.05953104e-06,2.08671057e-09,3.75607903e-08,7.17611362e-05,1.43522272e-03
3.97189257e+02,1.00000000e-02,1.00000000e-30,6.00420610e-01,7.12724200e-01,7.12724200e-01,6.91404937e-02,2.76561975e-01,4.11097667e-05,4.93317201e-04,4.53631176e-05,5.89720529e-04,7.75843479e-05,1.00859652e-03,5.33299163e-05,7.46618828e-04,2.89526833e-05,4.34290250e-04,5.45620785e-07,7.63869098e-06,3.39529953e-06,5.09294930e-05,3.55725017e-04,5.69160026e-03,6.25662898e-06,1.06362693e-04,8.81681380e-11,1.58702648e-09,8.89893747e-08,1.51281937e-06,2.08041924e-09,3.74475464e-08,7.17611362e-05,1.43522272e-03
4.28133240e+02,1.00000000e-02,1.00000000e-30,6.00420610e-01,7.12724200e-01,7.12724200e-01,6.91404937e-02,2.76561975e-01,4.11097667e-05,4.93317201e-04,4.80965663e-05,6.25255362e-04,7.48508991e-05,9.73061689e-04,5.34728673e-05,7.48620142e-04,2.95000826e-05,4.42501239e-04,4.02669785e-07,5.63737699e-06,2.84790029e-06,4.27185044e-05,3.55725017e-04,5.69160026e-03,6.28180394e-06,1.06790667e-04,9.49283641e-11,1.70871055e-09,6.38144139e-08,1.08484504e-06,2.07365902e-09,3.73258623e-08,7.17611362e-05,1.43522272e-03
4.61487988e+02,1.00000000e-02,1.00000000e-30,6.00420610e-01,7.12724200e-01,7.12724200e-01,6.91404937e-02,2.76561975e-01,4.11097667e-05,4.93317201e-04,5.09352191e-05,6.62157848e-04,7.20122464e-05,9.36159203e-04,5.35853167e-05,7.50194434e-04,2.99917241e-05,4.49875862e-04,2.90220408e-07,4.06308571e-06,2.35625875e-06,3.53438812e-05,3.55725017e-04,5.69160026e-03,6.30102726e-06,1.07117463e-04,1.02190663e-10,1.83943194e-09,4.45910912e-08,7.58048550e-07,2.06639672e-09,3.71951409e-08,7.17611362e-05,1.43522272e-03
4.97441317e+02,1.00000000e-02,1.00000000e-30,6.00420610e-01,7.12724200e-01,7.12724200e-01,6.91404937e-02,2.76561975e-01,4.11097667e-05,4.93317201e-04,5.38745832e-05,7.00369582e-04,6.90728823e-05,8.97947470e-04,5.36716326e-05,7.51402857e-04,3.04270630e-05,4.56405944e-04,2.03904470e-07,2.85466258e-06,1.92091990e-06,2.88137985e-05,3.55725017e-04,5.69160026e-03,6.31531787e-06,1.07360404e-04,1.09990268e-10,1.97982483e-09,3.03004776e-08,5.15108118e-07,2.05859711e-09,3.70547480e-08,7.17611362e-05,1.43522272e-03
5.36195677e+02,1.00000000e-02,1.00000000e-30,6.00420610e-01,7.12724200e-01,7.12724200e-01,6.91404937e-02,2.76561975e-01,4.11097667e-05,4.93317201e-04,5.69087268e-05,7.39813448e-04,6.60387387e-05,8.58503603e-04,5.37361629e-05,7.52306281e-04,3.08066939e-05,4.62100408e-04,1.39374154e-07,1.95123816e-06,1.54128899e-06,2.31193349e-05,3.55725017e-04,5.69160026e-03,6.32563915e-06,1.07535866e-04,1.18364555e-10,2.13056198e-09,1.99791997e-08,3.39646396e-07,2.05022283e-09,3.69040109e-08,7.17611362e-05,1.43522272e-03
5.77969288e+02,1.00000000e-02,1.00000000e-30,6.00420610e-01,7.12724200e-01,7.12724200e-01,6.91404937e-02,2.76561975e-01,4.11097667e-05,4.93317201e-04,6.00301650e-05,7.80392146e-04,6.29173004e-05,8.17924906e-04,5.37830537e-05,7.52962751e-04,3.11323316e-05,4.66984975e-04,9.24834425e-08,1.29476820e-06,1.21565122e-06,1.82347683e-05,3.55725017e-04,5.69160026e-03,6.33286526e-06,1.07658709e-04,1.27353113e-10,2.29235604e-09,1.27530922e-08,2.16802568e-07,2.04123427e-09,3.67422168e-08,7.17611362e-05,1.43522272e-03
6.22997373e+02,1.00000000e-02,1.00000000e-30,6.00420610e-01,7.12724200e-01,7.12724200e-01,6.91404937e-02,2.76561975e-01,4.11097667e-05,4.93317201e-04,6.32297617e-05,8.21986902e-04,5.97177038e-05,7.76330149e-04,5.38160984e-05,7.53425378e-04,3.14067359e-05,4.71101038e-04,5.94386578e-08,8.32141209e-07,9.41246971e-07,1.41187046e-05,3.55725017e-04,5.69160026e-03,6.33775760e-06,1.07741879e-04,1.36997820e-10,2.46596075e-09,7.86074812e-09,1.33632718e-07,2.03158956e-09,3.65686121e-08,7.17611362e-05,1.43522272e-03
6.71533479e+02,1.00000000e-02,1.00000000e-30,6.00420610e-01,7.12724200e-01,7.12724200e-01,6.91404937e-02,2.76561975e-01,4.11097667e-05,4.93317201e-04,6.64966533e-05,8.64456493e-04,5.64508122e-05,7.33860559e-04,5.38386295e-05,7.53740813e-04,3.16335815e-05,4.74503723e-04,3.69076343e-08,5.16706880e-07,7.14401353e-07,1.07160203e-05,3.55725017e-04,5.69160026e-03,6.34095240e-06,1.07796191e-04,1.47342892e-10,2.65217205e-09,4.66594847e-09,7.93211240e-08,2.02124449e-09,3.63824008e-08,7.17611362e-05,1.43522272e-03
7.23850907e+02,1.00000000e-02,1.00000000e-30,6.00420610e-01,7.12724200e-01,7.12724200e-01,6.91404937e-02,2.76561975e-01,4.11097667e-05,4.93317201e-04,6.98182032e-05,9.07636642e-04,5.31292622e-05,6.90680409e-04,5.38534550e-05,7.53948370e-04,3.18172810e-05,4.77259214e-04,2.20820929e-08,3.09149301e-07,5.30701905e-07,7.96052858e-06,3.55725017e-04,5.69160026e-03,6.34295905e-06,1.07830304e-04,1.58434936e-10,2.85182884e-09,2.65930442e-09,4.52081751e-08,2.01015245e-09,3.61827440e-08,7.17611362e-05,1.43522272e-03
7.80244249e+02,1.00000000e-02,1.00000000e-30,6.00420610e-01,7.12724200e-01,7.12724200e-01,6.91404937e-02,2.76561975e-01,4.11097667e-05,4.93317201e-04,7.31799942e-05,9.51339925e-04,4.97674713e-05,6.46977127e-04,5.38628435e-05,7.54079809e-04,3.19627691e-05,4.79441536e-04,1.26936050e-08,1.77710470e-07,3.85213795e-07,5.77820693e-06,3.55725017e-04,5.69160026e-03,6.34416767e-06,1.07850850e-04,1.70322973e-10,3.06581351e-09,1.45068582e-09,2.46616589e-08,1.99826441e-09,3.59687594e-08,7.17611362e-05,1.43522272e-03
8.41031051e+02,1.00000000e-02,1.00000000e-30,6.00420610e-01,7.12724200e-01,7.12724200e-01,6.91404937e-02,2.76561975e-01,4.11097667e-05,4.93317201e-04,7.65658670e-05,9.95356271e-04,4.63815985e-05,6.02960780e-04,5.38685484e-05,7.54159678e-04,3.20752658e-05,4.81128987e-04,6.98870186e-09,9.78418260e-08,2.72717052e-07,4.09075579e-06,3.55725017e-04,5.69160026e-03,6.34486348e-06,1.07862679e-04,1.83058453e-10,3.29505216e-09,7.54873029e-10,1.28328415e-08,1.98552893e-09,3.57395207e-08,7.17611362e-05,1.43522272e-03
9.06553593e+02,1.00000000e-02,1.00000000e-30,6.00420610e-01,7.12724200e-01,7.12724200e-01,6.91404937e-02,2.76561975e-01,4.11097667e-05,4.93317201e-04,7.99580150e-05,1.03945420e-03,4.29894505e-05,5.58862856e-04,5.38718641e-05,7.54206098e-04,3.21600350e-05,4.82400524e-04,3.67295299e-09,5.14213418e-08,1.87947895e-07,2.81921843e-06,3.55725017e-04,5.69160026e-03,6.34524504e-06,1.07869166e-04,1.96695239e-10,3.54051430e-09,3.73312209e-10,6.34630755e-09,1.97189214e-09,3.54940586e-08,7.17611362e-05,1.43522272e-03
9.77180827e+02,1.00000000e-02,1.00000000e-30,6.00420610e-01,7.12724200e-01,7.12724200e-01,6.91404937e-02,2.76561975e-01,4.11097667e-05,4.93317201e-04,8.33371417e-05,1.08338284e-03,3.96103237e-05,5.14934209e-04,5.38737011e-05,7.54231816e-04,3.22221579e-05,4.83332368e-04,1.83598167e-09,2.57037433e-08,1.25825011e-07,1.88737516e-06,3.55725017e-04,5.69160026e-03,6.34544359e-06,1.07872541e-04,2.11289562e-10,3.80321211e-09,1.74761680e-10,2.97094856e-09,1.95729782e-09,3.52313608e-08,7.17611362e-05,1.43522272e-03
1.05331045e+03,1.00000000e-02,1.00000000e-30,6.00420610e-01,7.12724200e-01,7.12724200e-01,6.91404937e-02,2.76561975e-01,4.11097667e-05,4.93317201e-04,8.66826886e-05,1.12687495e-03,3.62647768e-05,4.71442099e-04,5.38746676e-05,7.54245347e-04,3.22663398e-05,4.83995096e-04,8.69480305e-10,1.21727243e-08,8.16431064e-08,1.22464660e-06,3.55725017e-04,5.69160026e-03,6.34554124e-06,1.07874201e-04,2.26899948e-10,4.08419906e-09,7.71151962e-11,1.31095834e-09,1.94168743e-09,3.49503738e-08,7.17611362e-05,1.43522272e-03
1.13537112e+03,1.00000000e-02,1.00000000e-30,6.00420610e-01,7.12724200e-01,7.12724200e-01,6.91404937e-02,2.76561975e-01,4.11097667e-05,4.93317201e-04,8.99731376e-05,1.16965079e-03,3.29743278e-05,4.28666262e-04,5.38751486e-05,7.54252081e-04,3.22967631e-05,4.84451447e-04,3.88473788e-10,5.43863303e-09,5.12197387e-08,7.68296080e-07,3.55725017e-04,5.69160026e-03,6.34558643e-06,1.07874969e-04,2.43587100e-10,4.38456781e-09,3.19266017e-11,5.42752229e-10,1.92500028e-09,3.46500051e-08,7.17611362e-05,1.43522272e-03
1.22382494e+03,1.00000000e-02,1.00000000e-30,6.00420610e-01,7.12724200e-01,7.12724200e-01,6.91404937e-02,2.76561975e-01,4.11097667e-05,4.93317201e-04,9.31863906e-05,1.21142308e-03,2.97610749e-05,3.86893973e-04,5.38753741e-05,7.54255237e-04,3.23169958e-05,4.84754937e-04,1.63006169e-10,2.28208637e-09,3.09870572e-08,4.64805858e-07,3.55725017e-04,5.69160026e-03,6.34560601e-06,1.07875302e-04,2.61413735e-10,4.70544723e-09,1.23403614e-11,2.09786144e-10,1.90717365e-09,3.43291257e-08,7.17611362e-05,1.43522272e-03
1.31916996e+03,1.00000000e-02,1.00000000e-30,6.00420610e-01,7.12724200e-01,7.12724200e-01,6.91404937e-02,2.76561975e-01,4.11097667e-05,4.93317201e-04,9.63002236e-05,1.25190291e-03,2.66472419e-05,3.46414144e-04,5.38754732e-05,7.54256624e-04,3.23299560e-05,4.84949340e-04,6.39238525e-11,8.94933935e-10,1.80268345e-08,2.70402517e-07,3.55725017e-04,5.69160026e-03,6.34561392e-06,1.07875437e-04,2.80444363e-10,5.04799853e-09,4.42935895e-12,7.52991022e-11,1.88814302e-09,3.39865744e-08,7.17611362e-05,1.43522272e-03
1.42194306e+03,1.00000000e-02,1.00000000e-30,6.00420610e-01,7.12724200e-01,7.12724200e-01,6.91404937e-02,2.76561975e-01,4.11097667e-05,4.93317201e-04,9.92928090e-05,1.29080652e-03,2.36546564e-05,3.07510534e-04,5.38755138e-05,7.54257193e-04,3.23379291e-05,4.85068936e-04,2.33050089e-11,3.26270125e-10,1.00537952e-08,1.50806928e-07,3.55725017e-04,5.69160026e-03,6.34561688e-06,1.07875487e-04,3.00745008e-10,5.41341015e-09,1.46786497e-12,2.49537045e-11,1.86784237e-09,3.36211627e-08,7.17611362e-05,1.43522272e-03
1.53272295e+03,1.00000000e-02,1.00000000e-30,6.00420610e-01,7.12724200e-01,7.12724200e-01,6.91404937e-02,2.76561975e-01,4.11097667e-05,4.93317201e-04,1.02143293e-04,1.32786281e-03,2.08041721e-05,2.70454237e-04,5.38755292e-05,7.54257409e-04,3.23426251e-05,4.85139376e-04,7.85408369e-12,1.09957172e-10,5.35777047e-09,8.03665571e-08,3.55725017e-04,5.69160026e-03,6.34561791e-06,1.07875504e-04,3.22382859e-10,5.80289146e-09,4.46336793e-13,7.58772548e-12,1.84620452e-09,3.32316814e-08,7.17611362e-05,1.43522272e-03
1.65213341e+03,1.00000000e-02,1.00000000e-30,6.00420610e-01,7.12724200e-01,7.12724200e-01,6.91404937e-02,2.76561975e-01,4.11097667e-05,4.93317201e-04,1.04832412e-04,1.36282135e-03,1.81150539e-05,2.35495701e-04,5.38755347e-05,7.54257485e-04,3.23452643e-05,4.85178964e-04,2.43187854e-12,3.40462995e-11,2.71858238e-09,4.07787357e-08,3.55725017e-04,5.69160026e-03,6.34561823e-06,1.07875510e-04,3.45425827e-10,6.21766489e-09,1.23697027e-13,2.10284946e-12,1.82316155e-09,3.28169080e-08,7.17611362e-05,1.43522272e-03
1.78084683e+03,1.00000000e-02,1.00000000e-30,6.00420610e-01,7.12724200e-01,7.12724200e-01,6.91404937e-02,2.76561975e-01,4.11097667e-05,4.93317201e-04,1.07343113e-04,1.39546047e-03,1.56043523e-05,2.02856580e-04,5.38755364e-05,7.54257510e-04,3.23466744e-05,4.85200117e-04,6.87260563e-13,9.62164788e-12,1.30841686e-09,1.96262530e-08,3.55725017e-04,5.69160026e-03,6.34561832e-06,1.07875511e-04,3.69942030e-10,6.65895655e-09,3.10197153e-14,5.27335160e-13,1.79864535e-09,3.23756163e-08,7.17611362e-05,1.43522272e-03
1.91958797e+03,1.00000000e-02,1.00000000e-30,6.00420610e-01,7.12724200e-01,7.12724200e-01,6.91404937e-02,2.76561975e-01,4.11097667e-05,4.93317201e-04,1.09661169e-04,1.42559520e-03,1.32862965e-05,1.72721855e-04,5.38755369e-05,7.54257517e-04,3.23473880e-05,4.85210820e-04,1.76012646e-13,2.46417705e-12,5.94848913e-10,8.92273369e-09,3.55725017e-04,5.69160026e-03,6.34561835e-06,1.07875512e-04,3.95999159e-10,7.12798486e-09,6.98418635e-15,1.18731168e-13,1.77258822e-09,3.19065880e-08,7.17611362e-05,1.43522272e-03
2.06913808e+03,1.00000000e-02,1.00000000e-30,6.00420610e-01,7.12724200e-01,7.12724200e-01,6.91404937e-02,2.76561975e-01,4.11097667e-05,4.93317201e-04,1.11775722e-04,1.45308439e-03,1.11717431e-05,1.45232660e-04,5.38755371e-05,7.54257519e-04,3.23477285e-05,4.85215928e-04,4.05394638e-14,5.67552494e-13,2.54329318e-10,3.81493977e-09,3.55725017e-04,5.69160026e-03,6.34561835e-06,1.07875512e-04,4.23663738e-10,7.62594729e-09,1.40006114e-15,2.38010395e-14,1.74492364e-09,3.14086256e-08,7.17611362e-05,1.43522272e-03
2.23033925e+03,1.00000000e-02,1.00000000e-30,6.00420610e-01,7.12724200e-01,7.12724200e-01,6.91404937e-02,2.76561975e-01,4.11097667e-05,4.93317201e-04,1.13679747e-04,1.47783671e-03,9.26771855e-06,1.20480341e-04,5.38755371e-05,7.54257519e-04,3.23478811e-05,4.85218216e-04,8.32785675e-15,1.16589995e-13,1.01774166e-10,1.52661249e-09,3.55725017e-04,5.69160026e-03,6.34561835e-06,1.07875512e-04,4.53000266e-10,8.15400479e-09,2.47628862e-16,4.20969065e-15,1.71558712e-09,3.08805681e-08,7.17611362e-05,1.43522272e-03
2.40409918e+03,1.00000000e-02,1.00000000e-30,6.00420610e-01,7.12724200e-01,7.12724200e-01,6.91404937e-02,2.76561975e-01,4.11097667e-05,4.93317201e-04,1.15370371e-04,1.49981482e-03,7.57709436e-06,9.85022266e-05,5.38755371e-05,7.54257519e-04,3.23479449e-05,4.85219174e-04,1.51230463e-15,2.11722648e-14,3.79219206e-11,5.68828809e-10,3.55725017e-04,5.69160026e-03,6.34561835e-06,1.07875512e-04,4.84070213e-10,8.71326383e-09,3.82685727e-17,6.50565736e-16,1.68451717e-09,3.03213090e-08,7.17611362e-05,1.43522272e-03
2.59139630e+03,1.00000000e-02,1.00000000e-30,6.00420610e-01,7.12724200e-01,7.12724200e-01,6.91404937e-02,2.76561975e-01,4.11097667e-05,4.93317201e-04,1.16849036e-04,1.51903747e-03,6.09842915e-06,7.92795790e-05,5.38755371e-05,7.54257519e-04,3.23479698e-05,4.85219547e-04,2.40449625e-16,3.36629475e-15,1.30839989e-11,1.96259984e-10,3.55725017e-04,5.69160026e-03,6.34561835e-06,1.07875512e-04,5.16930884e-10,9.30475591e-09,5.11332548e-18,8.69265332e-17,1.65165650e-09,2.97298170e-08,7.17611362e-05,1.43522272e-03
2.79328525e+03,1.00000000e-02,1.00000000e-30,6.00420610e-01,7.12724200e-01,7.12724200e-01,6.91404937e-02,2.76561975e-01,4.11097667e-05,4.93317201e-04,1.18121460e-04,1.53557898e-03,4.82600529e-06,6.27380688e-05,5.38755371e-05,7.54257519e-04,3.23479787e-05,4.85219681e-04,3.31276835e-17,4.63787569e-16,4.15514144e-12,6.23271216e-11,3.55725017e-04,5.69160026e-03,6.34561835e-06,1.07875512e-04,5.51634124e-10,9.92941423e-09,5.84067390e-19,9.92914563e-18,1.61695326e-09,2.91051587e-08,7.17611362e-05,1.43522272e-03
3.01090284e+03,1.00000000e-02,1.00000000e-30,6.00420610e-01,7.12724200e-01,7.12724200e-01,6.91404937e-02,2.76561975e-01,4.11097667e-05,4.93317201e-04,1.19197391e-04,1.54956609e-03,3.75007420e-06,4.87509646e-05,5.38755371e-05,7.54257519e-04,3.23479817e-05,4.85219725e-04,3.91104430e-18,5.47546201e-17,1.20676076e-12,1.81014115e-11,3.55725017e-04,5.69160026e-03,6.34561835e-06,1.07875512e-04,5.88224872e-10,1.05880477e-08,5.63397500e-20,9.57775751e-19,1.58036251e-09,2.84465252e-08,7.17611362e-05,1.43522272e-03
3.24547446e+03,1.00000000e-02,1.00000000e-30,6.00420610e-01,7.12724200e-01,7.12724200e-01,6.91404937e-02,2.76561975e-01,4.11097667e-05,4.93317201e-04,1.20090156e-04,1.56117202e-03,2.85730981e-06,3.71450276e-05,5.38755371e-05,7.54257519e-04,3.23479825e-05,4.85219738e-04,3.90935380e-19,5.47309532e-18,3.18290096e-13,4.77435144e-12,3.55725017e-04,5.69160026e-03,6.34561835e-06,1.07875512e-04,6.26739553e-10,1.12813120e-08,4.52940731e-21,7.69999243e-20,1.54184783e-09,2.77532609e-08,7.17611362e-05,1.43522272e-03
3.49832094e+03,1.00000000e-02,1.00000000e-30,6.00420610e-01,7.12724200e-01,7.12724200e-01,6.91404937e-02,2.76561975e-01,4.11097667e-05,4.93317201e-04,1.20816015e-04,1.57060819e-03,2.13145075e-06,2.77088597e-05,5.38755371e-05,7.54257519e-04,3.23479828e-05,4.85219742e-04,3.26584190e-20,4.57217867e-19,7.56715099e-14,1.13507265e-12,3.55725017e-04,5.69160026e-03,6.34561835e-06,1.07875512e-04,6.67204311e-10,1.20096776e-08,2.99210497e-22,5.08657845e-21,1.50138307e-09,2.70248953e-08,7.17611362e-05,1.43522272e-03
3.77086603e+03,1.00000000e-02,1.00000000e-30,6.00420610e-01,7.12724200e-01,7.12724200e-01,6.91404937e-02,2.76561975e-01,4.11097667e-05,4.93317201e-04,1.21393372e-04,1.57811384e-03,1.55409319e-06,2.02032115e-05,5.38755371e-05,7.54257519e-04,3.23479828e-05,4.85219743e-04,2.24849940e-21,3.14789916e-20,1.60855497e-14,2.41283245e-13,3.55725017e-04,5.69160026e-03,6.34561835e-06,1.07875512e-04,7.09633092e-10,1.27733956e-08,1.59947316e-23,2.71910437e-22,1.45895429e-09,2.62611772e-08,7.17611362e-05,1.43522272e-03
4.06464440e+03,1.00000000e-02,1.00000000e-30,6.00420610e-01,7.12724200e-01,7.12724200e-01,6.91404937e-02,2.76561975e-01,4.11097667e-05,4.93317201e-04,1.21841886e-04,1.58394452e-03,1.10557970e-06,1.43725361e-05,5.38755371e-05,7.54257519e-04,3.23479829e-05,4.85219743e-04,1.25676565e-22,1.75947192e-21,3.03072824e-15,4.54609236e-14,3.55725017e-04,5.69160026e-03,6.34561835e-06,1.07875512e-04,7.54025593e-10,1.35724607e-08,6.80580165e-25,1.15698628e-23,1.41456179e-09,2.54621122e-08,7.17611362e-05,1.43522272e-03
4.38131027e+03,1.00000000e-02,1.00000000e-30,6.00420610e-01,7.12724200e-01,7.12724200e-01,6.91404937e-02,2.76561975e-01,4.11097667e-05,4.93317201e-04,1.22181549e-04,1.58836013e-03,7.65916740e-07,9.95691762e-06,5.38755371e-05,7.54257519e-04,3.23479829e-05,4.85219743e-04,5.61081125e-24,7.85513575e-23,5.01399409e-16,7.52099114e-15,3.55725017e-04,5.69160026e-03,6.34561835e-06,1.07875512e-04,8.00365094e-10,1.44065717e-08,2.26444857e-26,3.84956258e-25,1.36822229e-09,2.46280012e-08,7.17611362e-05,1.43522272e-03
4.72264677e+03,1.00000000e-02,1.00000000e-30,6.00420610e-01,7.12724200e-01,7.12724200e-01,6.91404937e-02,2.76561975e-01,4.11097667e-05,4.93317201e-04,1.22431817e-04,1.59161362e-03,5.15648746e-07,6.70343370e-06,5.38755371e-05,7.54257519e-04,3.23479829e-05,4.85219743e-04,1.96609382e-25,2.75253135e-24,7.21019051e-17,1.08152858e-15,3.55725017e-04,5.69160026e-03,6.34561835e-06,1.07875512e-04,8.48616206e-10,1.52750917e-08,5.77969385e-28,9.82547954e-27,1.31997118e-09,2.37594812e-08,7.17611362e-05,1.43522272e-03
5.09057590e+03,1.00000000e-02,1.00000000e-30,6.00420610e-01,7.12724200e-01,7.12724200e-01,6.91404937e-02,2.76561975e-01,4.11097667e-05,4.93317201e-04,1.22610846e-04,1.59394099e-03,3.36619855e-07,4.37605812e-06,5.38755371e-05,7.54257519e-04,3.23479829e-05,4.85219743e-04,5.30626988e-27,7.42877783e-26,8.91441313e-18,1.33716197e-16,3.55725017e-04,5.69160026e-03,6.34561835e-06,1.07875512e-04,8.98722578e-10,1.61770064e-08,1.10848011e-29,1.88441619e-28,1.26986480e-09,2.28575665e-08,7.17611362e-05,1.43522272e-03
5.48716944e+03,1.00000000e-02,1.00000000e-30,6.00420610e-01,7.12724200e-01,7.12724200e-01,6.91404937e-02,2.76561975e-01,4.11097667e-05,4.93317201e-04,1.22734898e-04,1.59555368e-03,2.12567044e-07,2.76337157e-06,5.38755371e-05,7.54257519e-04,3.23479829e-05,4.85219743e-04,1.08086455e-28,1.51321037e-27,9.36509011e-19,1.40476352e-17,3.55725017e-04,5.69160026e-03,6.34561835e-06,1.07875512e-04,9.50604631e-10,1.71108834e-08,1.56242335e-31,2.65611969e-30,1.21798275e-09,2.19236895e-08,7.17611362e-05,1.43522272e-03
5.91466054e+03,1.00000000e-02,1.00000000e-30,6.00420610e-01,7.12724200e-01,7.12724200e-01,6.91404937e-02,2.76561975e-01,4.11097667e-05,4.93317201e-04,1.22817957e-04,1.59663344e-03,1.29508535e-07,1.68361096e-06,5.38755371e-05,7.54257519e-04,3.23479829e-05,4.85219743e-04,1.62531132e-30,2.27543584e-29,8.25444918e-20,1.23816738e-18,3.55725017e-04,5.69160026e-03,6.34561835e-06,1.07875512e-04,1.00415737e-09,1.80748326e-08,1.57960627e-33,2.68533065e-32,1.16443002e-09,2.09597403e-08,7.17611362e-05,1.43522272e-03
6.37545637e+03,1.00000000e-02,1.00000000e-30,6.00420610e-01,7.12724200e-01,7.12724200e-01,6.91404937e-02,2.76561975e-01,4.11097667e-05,4.93317201e-04,1.22871549e-04,1.59733014e-03,7.59163551e-08,9.86912617e-07,5.38755371e-05,7.54257519e-04,3.23479829e-05,4.85219743e-04,1.75921503e-32,2.46290104e-31,6.02063152e-21,9.03094728e-20,3.55725017e-04,5.69160026e-03,6.34561835e-06,1.07875512e-04,1.05924836e-09,1.90664705e-08,1.11336960e-35,1.89272831e-34,1.10933902e-09,1.99681024e-08,7.17611362e-05,1.43522272e-03
6.87215161e+03,1.00000000e-02,1.00000000e-30,6.00420610e-01,7.12724200e-01,7.12724200e-01,6.91404937e-02,2.76561975e-01,4.11097667e-05,4.93317201e-04,1.22904778e-04,1.59776211e-03,4.26874638e-08,5.54937029e-07,5.38755371e-05,7.54257519e-04,3.23479829e-05,4.85219743e-04,1.34027732e-34,1.87638825e-33,3.58121544e-22,5.37182315e-21,3.55725017e-04,5.69160026e-03,6.34561835e-06,1.07875512e-04,1.11571603e-09,2.00828886e-08,5.34696347e-38,9.08983790e-37,1.05287135e-09,1.89516843e-08,7.17611362e-05,1.43522272e-03
7.40754307e+03,1.00000000e-02,1.00000000e-30,6.00420610e-01,7.12724200e-01,7.12724200e-01,6.91404937e-02,2.76561975e-01,4.11097667e-05,4.93317201e-04,1.22924515e-04,1.59801870e-03,2.29501617e-08,2.98352102e-07,5.38755371e-05,7.54257519e-04,3.23479829e-05,4.85219743e-04,6.96831778e-37,9.75564489e-36,1.70936091e-23,2.56404136e-22,3.55725017e-04,5.69160026e-03,6.34561835e-06,1.07875512e-04,1.17336832e-09,2.11206298e-08,1.68920675e-40,2.87165148e-39,9.95219060e-10,1.79139431e-08,7.17611362e-05,1.43522272e-03
7.98464550e+03,1.00000000e-02,1.00000000e-30,6.00420610e-01,7.12724200e-01,7.12724200e-01,6.91404937e-02,2.76561975e-01,4.11097667e-05,4.93317201e-04,1.22935709e-04,1.59816422e-03,1.17563985e-08,1.52833181e-07,5.38755371e-05,7.54257519e-04,3.23479829e-05,4.85219743e-04,2.40069778e-39,3.36097690e-38,6.43765258e-25,9.65647887e-24,3.55725017e-04,5.69160026e-03,6.34561835e-06,1.07875512e-04,1.23198187e-09,2.21756736e-08,3.39601811e-43,5.77323078e-42,9.36605515e-10,1.68588993e-08,7.17611362e-05,1.43522272e-03
8.60670847e+03,1.00000000e-02,1.00000000e-30,6.00420610e-01,7.12724200e-01,7.12724200e-01,6.91404937e-02,2.76561975e-01,4.11097667e-05,4.93317201e-04,1.22941749e-04,1.59824274e-03,5.71649576e-09,7.43144449e-08,5.38755371e-05,7.54257519e-04,3.23479829e-05,4.85219743e-04,5.32533881e-42,7.45547433e-41,1.87806870e-26,2.81710305e-25,3.55725017e-04,5.69160026e-03,6.34561835e-06,1.07875512e-04,1.29130190e-09,2.32434342e-08,4.21926626e-46,7.17275265e-45,8.77285484e-10,1.57911387e-08,7.17611362e-05,1.43522272e-03
9.27723476e+03,1.00000000e-02,1.00000000e-30,6.00420610e-01,7.12724200e-01,7.12724200e-01,6.91404937e-02,2.76561975e-01,4.11097667e-05,4.93317201e-04,1.22944838e-04,1.59828289e-03,2.62777938e-09,3.41611319e-08,5.38755371e-05,7.54257519e-04,3.23479829e-05,4.85219743e-04,7.30873917e-45,1.02322348e-43,4.15900455e-28,6.23850683e-27,3.55725017e-04,5.69160026e-03,6.34561835e-06,1.07875512e-04,1.35104293e-09,2.43187727e-08,3.09288521e-49,5.25790486e-48,8.17544456e-10,1.47158002e-08,7.17611362e-05,1.43522272e-03
1.00000000e+04,1.00000000e-02,1.00000000e-30,6.00420610e-01,7.12724200e-01,7.12724200e-01,6.91404937e-02,2.76561975e-01,4.11097667e-05,4.93317201e-04,1.22946329e-04,1.59830227e-03,1.13697397e-09,1.47806616e-08,5.38755371e-05,7.54257519e-04,3.23479829e-05,4.85219743e-04,6.03329321e-48,8.44661049e-47,6.84587076e-30,1.02688061e-28,3.55725017e-04,5.69160026e-03,6.34561835e-06,1.07875512e-04,1.41089043e-09,2.53960277e-08,1.30312713e-52,2.21531613e-51,7.57696955e-10,1.36385452e-08,7.17611362e-05,1.43522272e-03
