time,t9,rho,R15_14,Y_h1,X_h1,Y_he4,X_he4,Y_c12,X_c12,Y_c13,X_c13,Y_n13,X_n13,Y_n14,X_n14,Y_n15,X_n15,Y_o14,X_o14,Y_o15,X_o15,Y_o16,X_o16,Y_o17,X_o17,Y_o18,X_o18,Y_f17,X_f17,Y_f18,X_f18,Y_ne20,X_ne20
0.00000000e+00,9.12800000e-02,2.21100000e+04,3.67647059e-03,7.12941125e-01,7.12941125e-01,6.91377283e-02,2.76550913e-01,1.89972106e-04,2.27966527e-03,2.13235956e-06,2.77206743e-05,0.00000000e+00,0.00000000e+00,5.71014320e-05,7.99420047e-04,2.09931735e-07,3.14897603e-06,0.00000000e+00,0.00000000e+00,0.00000000e+00,0.00000000e+00,3.62073936e-04,5.79318297e-03,1.37916336e-07,2.34457772e-06,7.25875455e-07,1.30657582e-05,0.00000000e+00,0.00000000e+00,0.00000000e+00,0.00000000e+00,7.17611355e-05,1.43522271e-03
1.00000000e-05,9.12800012e-02,2.21099998e+04,3.68904566e-03,7.12941122e-01,7.12941122e-01,6.91377306e-02,2.76550922e-01,1.89972551e-04,2.27967061e-03,2.13234775e-06,2.77205207e-05,3.27910825e-10,4.26284073e-09,5.71014416e-05,7.99420182e-04,2.10647483e-07,3.15971225e-06,3.07495822e-17,4.30494151e-16,2.34208618e-12,3.51312927e-11,3.62073933e-04,5.79318293e-03,1.37916164e-07,2.34457479e-06,7.24377938e-07,1.30388029e-05,2.62561520e-12,4.46354585e-11,1.27852034e-15,2.30133661e-14,7.17611355e-05,1.43522271e-03
1.05973035e-05,9.12800013e-02,2.21099998e+04,3.68979361e-03,7.12941122e-01,7.12941122e-01,6.91377308e-02,2.76550923e-01,1.89972577e-04,2.27967093e-03,2.13234704e-06,2.77205116e-05,3.47497078e-10,4.51746202e-09,5.71014422e-05,7.99420190e-04,2.10690055e-07,3.16035082e-06,3.45326564e-17,4.83457190e-16,2.48197984e-12,3.72296975e-11,3.62073933e-04,5.79318293e-03,1.37916154e-07,2.34457462e-06,7.24288589e-07,1.30371946e-05,2.78244413e-12,4.73015502e-11,1.35488657e-15,2.43879582e-14,7.17611355e-05,1.43522271e-03
1.12302842e-05,9.12800013e-02,2.21099998e+04,3.69058585e-03,7.12941122e-01,7.12941122e-01,6.91377309e-02,2.76550924e-01,1.89972605e-04,2.27967127e-03,2.13234630e-06,2.77205019e-05,3.68253228e-10,4.78729196e-09,5.71014428e-05,7.99420199e-04,2.10735147e-07,3.16102720e-06,3.87811566e-17,5.42936193e-16,2.63022939e-12,3.94534408e-11,3.62073933e-04,5.79318293e-03,1.37916143e-07,2.34457443e-06,7.24193914e-07,1.30354905e-05,2.94864051e-12,5.01268886e-11,1.43581415e-15,2.58446548e-14,7.17611355e-05,1.43522271e-03
1.19010731e-05,9.12800014e-02,2.21099998e+04,3.69142498e-03,7.12941121e-01,7.12941121e-01,6.91377310e-02,2.76550924e-01,1.89972635e-04,2.27967163e-03,2.13234550e-06,2.77204916e-05,3.90249153e-10,5.07323899e-09,5.71014434e-05,7.99420208e-04,2.10782907e-07,3.16174361e-06,4.35523435e-17,6.09732809e-16,2.78733394e-12,4.18100092e-11,3.62073933e-04,5.79318293e-03,1.37916131e-07,2.34457424e-06,7.24093599e-07,1.30336848e-05,3.12476385e-12,5.31209854e-11,1.52157554e-15,2.73883597e-14,7.17611355e-05,1.43522271e-03
1.26119284e-05,9.12800015e-02,2.21099998e+04,3.69231374e-03,7.12941121e-01,7.12941121e-01,6.91377312e-02,2.76550925e-01,1.89972667e-04,2.27967201e-03,2.13234466e-06,2.77204806e-05,4.13558906e-10,5.37626578e-09,5.71014441e-05,7.99420218e-04,2.10833493e-07,3.16250239e-06,4.89105224e-17,6.84747314e-16,2.95382241e-12,4.43073362e-11,3.62073933e-04,5.79318292e-03,1.37916119e-07,2.34457403e-06,7.23987306e-07,1.30317715e-05,3.31140710e-12,5.62939207e-11,1.61245944e-15,2.90242699e-14,7.17611355e-05,1.43522271e-03
1.33652433e-05,9.12800016e-02,2.21099998e+04,3.69325503e-03,7.12941121e-01,7.12941121e-01,6.91377314e-02,2.76550926e-01,1.89972701e-04,2.27967241e-03,2.13234377e-06,2.77204691e-05,4.38260963e-10,5.69739252e-09,5.71014448e-05,7.99420228e-04,2.10887068e-07,3.16330602e-06,5.49279102e-17,7.68990743e-16,3.13025530e-12,4.69538295e-11,3.62073933e-04,5.79318292e-03,1.37916106e-07,2.34457381e-06,7.23874682e-07,1.30297443e-05,3.50919862e-12,5.96563766e-11,1.70877183e-15,3.07578930e-14,7.17611355e-05,1.43522271e-03
1.41635540e-05,9.12800017e-02,2.21099998e+04,3.69425194e-03,7.12941121e-01,7.12941121e-01,6.91377316e-02,2.76550926e-01,1.89972737e-04,2.27967284e-03,2.13234283e-06,2.77204568e-05,4.64438488e-10,6.03770034e-09,5.71014456e-05,7.99420239e-04,2.10943809e-07,3.16415713e-06,6.16856083e-17,8.63598516e-16,3.31722659e-12,4.97583988e-11,3.62073932e-04,5.79318292e-03,1.37916093e-07,2.34457357e-06,7.23755350e-07,1.30275963e-05,3.71880430e-12,6.32196731e-11,1.81083695e-15,3.25950651e-14,7.17611355e-05,1.43522271e-03
1.50095481e-05,9.12800018e-02,2.21099998e+04,3.69530769e-03,7.12941121e-01,7.12941121e-01,6.91377317e-02,2.76550927e-01,1.89972774e-04,2.27967329e-03,2.13234183e-06,2.77204438e-05,4.92179610e-10,6.39833493e-09,5.71014464e-05,7.99420250e-04,2.11003899e-07,3.16505848e-06,6.92746961e-17,9.69845745e-16,3.51536574e-12,5.27304861e-11,3.62073932e-04,5.79318291e-03,1.37916078e-07,2.34457332e-06,7.23628911e-07,1.30253204e-05,3.94092980e-12,6.69958066e-11,1.91899840e-15,3.45419711e-14,7.17611355e-05,1.43522271e-03
1.59060737e-05,9.12800019e-02,2.21099998e+04,3.69642573e-03,7.12941120e-01,7.12941120e-01,6.91377320e-02,2.76550928e-01,1.89972815e-04,2.27967377e-03,2.13234077e-06,2.77204300e-05,5.21577725e-10,6.78051043e-09,5.71014473e-05,7.99420262e-04,2.11067534e-07,3.16601301e-06,7.77974583e-17,1.08916442e-15,3.72533982e-12,5.58800973e-11,3.62073932e-04,5.79318291e-03,1.37916062e-07,2.34457306e-06,7.23494945e-07,1.30229090e-05,4.17632293e-12,7.09974899e-11,2.03362031e-15,3.66051655e-14,7.17611355e-05,1.43522271e-03
1.68561491e-05,9.12800020e-02,2.21099997e+04,3.69760968e-03,7.12941120e-01,7.12941120e-01,6.91377322e-02,2.76550929e-01,1.89972857e-04,2.27967429e-03,2.13233965e-06,2.77204154e-05,5.52731806e-10,7.18551348e-09,5.71014482e-05,7.99420275e-04,2.11134920e-07,3.16702380e-06,8.73687635e-17,1.22316269e-15,3.94785573e-12,5.92178359e-11,3.62073932e-04,5.79318291e-03,1.37916046e-07,2.34457278e-06,7.23353003e-07,1.30203541e-05,4.42577618e-12,7.52381951e-11,2.15508856e-15,3.87915941e-14,7.17611355e-05,1.43522271e-03
1.78629729e-05,9.12800021e-02,2.21099997e+04,3.69886337e-03,7.12941120e-01,7.12941120e-01,6.91377324e-02,2.76550930e-01,1.89972902e-04,2.27967483e-03,2.13233846e-06,2.77204000e-05,5.85746740e-10,7.61470761e-09,5.71014492e-05,7.99420289e-04,2.11206275e-07,3.16809413e-06,9.81176127e-17,1.37364658e-15,4.18366260e-12,6.27549390e-11,3.62073931e-04,5.79318290e-03,1.37916029e-07,2.34457249e-06,7.23202614e-07,1.30176471e-05,4.69012937e-12,7.97321992e-11,2.28381208e-15,4.11086174e-14,7.17611355e-05,1.43522271e-03
1.89299346e-05,9.12800022e-02,2.21099997e+04,3.70019084e-03,7.12941120e-01,7.12941120e-01,6.91377326e-02,2.76550931e-01,1.89972950e-04,2.27967540e-03,2.13233720e-06,2.77203836e-05,6.20733675e-10,8.06953777e-09,5.71014502e-05,7.99420303e-04,2.11281830e-07,3.16922744e-06,1.10188877e-16,1.54264428e-15,4.43355430e-12,6.65033145e-11,3.62073931e-04,5.79318290e-03,1.37916010e-07,2.34457218e-06,7.23043276e-07,1.30147790e-05,4.97027246e-12,8.44946318e-11,2.42022421e-15,4.35640358e-14,7.17611355e-05,1.43522271e-03
2.00606262e-05,9.12800024e-02,2.21099997e+04,3.70159637e-03,7.12941119e-01,7.12941119e-01,6.91377329e-02,2.76550932e-01,1.89973001e-04,2.27967601e-03,2.13233586e-06,2.77203662e-05,6.57810401e-10,8.55153521e-09,5.71014513e-05,7.99420318e-04,2.11361827e-07,3.17042740e-06,1.23745252e-16,1.73243353e-15,4.69837213e-12,7.04755820e-11,3.62073931e-04,5.79318290e-03,1.37915991e-07,2.34457185e-06,7.22874459e-07,1.30117403e-05,5.26714860e-12,8.95415262e-11,2.56478420e-15,4.61661156e-14,7.17611355e-05,1.43522271e-03
2.12588545e-05,9.12800025e-02,2.21099997e+04,3.70308447e-03,7.12941119e-01,7.12941119e-01,6.91377332e-02,2.76550933e-01,1.89973055e-04,2.27967665e-03,2.13233445e-06,2.77203478e-05,6.97101743e-10,9.06232266e-09,5.71014525e-05,7.99420334e-04,2.11446523e-07,3.17169784e-06,1.38969449e-16,1.94557229e-15,4.97900763e-12,7.46851145e-11,3.62073931e-04,5.79318289e-03,1.37915970e-07,2.34457150e-06,7.22695602e-07,1.30085208e-05,5.58175725e-12,9.48898733e-11,2.71797870e-15,4.89236166e-14,7.17611355e-05,1.43522271e-03
2.25286534e-05,9.12800027e-02,2.21099997e+04,3.70465990e-03,7.12941119e-01,7.12941119e-01,6.91377335e-02,2.76550934e-01,1.89973112e-04,2.27967734e-03,2.13233295e-06,2.77203283e-05,7.38739984e-10,9.60361979e-09,5.71014537e-05,7.99420352e-04,2.11536189e-07,3.17304284e-06,1.56066657e-16,2.18493320e-15,5.27640560e-12,7.91460840e-11,3.62073930e-04,5.79318289e-03,1.37915948e-07,2.34457112e-06,7.22506110e-07,1.30051100e-05,5.91515760e-12,1.00557679e-10,2.88032344e-15,5.18458219e-14,7.17611355e-05,1.43522271e-03
2.38742979e-05,9.12800028e-02,2.21099996e+04,3.70632769e-03,7.12941118e-01,7.12941118e-01,6.91377338e-02,2.76550935e-01,1.89973172e-04,2.27967807e-03,2.13233136e-06,2.77203077e-05,7.82865304e-10,1.01772489e-08,5.71014550e-05,7.99420370e-04,2.11631112e-07,3.17446668e-06,1.75267311e-16,2.45374235e-15,5.59156726e-12,8.38735090e-11,3.62073930e-04,5.79318288e-03,1.37915925e-07,2.34457073e-06,7.22305353e-07,1.30014964e-05,6.26847206e-12,1.06564025e-10,3.05236496e-15,5.49425692e-14,7.17611355e-05,1.43522271e-03
2.53003181e-05,9.12800030e-02,2.21099996e+04,3.70809313e-03,7.12941118e-01,7.12941118e-01,6.91377341e-02,2.76550936e-01,1.89973236e-04,2.27967884e-03,2.13232967e-06,2.77202858e-05,8.29626260e-10,1.07851414e-08,5.71014564e-05,7.99420389e-04,2.11731593e-07,3.17597389e-06,1.96830194e-16,2.75562272e-15,5.92555366e-12,8.88833049e-11,3.62073930e-04,5.79318288e-03,1.37915901e-07,2.34457031e-06,7.22092666e-07,1.29976680e-05,6.64289013e-12,1.12929132e-10,3.23468243e-15,5.82242837e-14,7.17611355e-05,1.43522271e-03
2.68115151e-05,9.12800032e-02,2.21099996e+04,3.70996183e-03,7.12941118e-01,7.12941118e-01,6.91377344e-02,2.76550938e-01,1.89973304e-04,2.27967965e-03,2.13232789e-06,2.77202626e-05,8.79180281e-10,1.14293436e-08,5.71014578e-05,7.99420409e-04,2.11837950e-07,3.17756925e-06,2.21045929e-16,3.09464301e-15,6.27948919e-12,9.41923378e-11,3.62073929e-04,5.79318287e-03,1.37915875e-07,2.34456987e-06,7.21867344e-07,1.29936122e-05,7.03967232e-12,1.19674429e-10,3.42788961e-15,6.17020130e-14,7.17611355e-05,1.43522271e-03
2.84129764e-05,9.12800034e-02,2.21099996e+04,3.71193969e-03,7.12941117e-01,7.12941117e-01,6.91377348e-02,2.76550939e-01,1.89973377e-04,2.27968052e-03,2.13232600e-06,2.77202380e-05,9.31694200e-10,1.21120246e-08,5.71014594e-05,7.99420431e-04,2.11950519e-07,3.17925778e-06,2.48240894e-16,3.47537251e-15,6.65456543e-12,9.98184814e-11,3.62073929e-04,5.79318286e-03,1.37915847e-07,2.34456940e-06,7.21628640e-07,1.29893155e-05,7.46015445e-12,1.26822626e-10,3.63263694e-15,6.53874649e-14,7.17611355e-05,1.43522271e-03
3.01100935e-05,9.12800036e-02,2.21099995e+04,3.71403292e-03,7.12941117e-01,7.12941117e-01,6.91377352e-02,2.76550941e-01,1.89973453e-04,2.27968144e-03,2.13232399e-06,2.77202119e-05,9.87344814e-10,1.28354826e-08,5.71014610e-05,7.99420454e-04,2.12069654e-07,3.18104481e-06,2.78781618e-16,3.90294265e-15,7.05204512e-12,1.05780677e-10,3.62073929e-04,5.79318286e-03,1.37915818e-07,2.34456890e-06,7.21375763e-07,1.29847637e-05,7.90575213e-12,1.34397786e-10,3.84961369e-15,6.92930464e-14,7.17611355e-05,1.43522271e-03
3.19085800e-05,9.12800038e-02,2.21099995e+04,3.71624807e-03,7.12941116e-01,7.12941116e-01,6.91377356e-02,2.76550942e-01,1.89973534e-04,2.27968241e-03,2.13232187e-06,2.77201843e-05,1.04631948e-09,1.36021533e-08,5.71014627e-05,7.99420478e-04,2.12195727e-07,3.18293591e-06,3.13079726e-16,4.38311616e-15,7.47326643e-12,1.12098996e-10,3.62073928e-04,5.79318285e-03,1.37915787e-07,2.34456838e-06,7.21107880e-07,1.29799418e-05,8.37796552e-12,1.42425414e-10,4.07955030e-15,7.34319053e-14,7.17611355e-05,1.43522271e-03
3.38144908e-05,9.12800040e-02,2.21099995e+04,3.71859205e-03,7.12941116e-01,7.12941116e-01,6.91377360e-02,2.76550944e-01,1.89973621e-04,2.27968345e-03,2.13231962e-06,2.77201550e-05,1.10881676e-09,1.44146179e-08,5.71014646e-05,7.99420504e-04,2.12329133e-07,3.18493699e-06,3.51597485e-16,4.92236479e-15,7.91964746e-12,1.18794712e-10,3.62073928e-04,5.79318284e-03,1.37915754e-07,2.34456782e-06,7.20824104e-07,1.29748339e-05,8.87838438e-12,1.50932534e-10,4.32322083e-15,7.78179749e-14,7.17611355e-05,1.43522271e-03
3.58342423e-05,9.12800043e-02,2.21099995e+04,3.72107214e-03,7.12941115e-01,7.12941115e-01,6.91377365e-02,2.76550946e-01,1.89973712e-04,2.27968454e-03,2.13231723e-06,2.77201240e-05,1.17504705e-09,1.52756116e-08,5.71014665e-05,7.99420531e-04,2.12470283e-07,3.18705425e-06,3.94854034e-16,5.52795647e-15,8.39269101e-12,1.25890365e-10,3.62073927e-04,5.79318284e-03,1.37915719e-07,2.34456723e-06,7.20523500e-07,1.29694230e-05,9.40869344e-12,1.59947789e-10,4.58144559e-15,8.24660206e-14,7.17611355e-05,1.43522271e-03
3.79746342e-05,9.12800045e-02,2.21099994e+04,3.72369597e-03,7.12941115e-01,7.12941115e-01,6.91377369e-02,2.76550948e-01,1.89973809e-04,2.27968571e-03,2.13231470e-06,2.77200911e-05,1.24523333e-09,1.61880332e-08,5.71014686e-05,7.99420560e-04,2.12619615e-07,3.18929422e-06,4.43432380e-16,6.20805332e-15,8.89398964e-12,1.33409845e-10,3.62073927e-04,5.79318283e-03,1.37915682e-07,2.34456660e-06,7.20205077e-07,1.29636914e-05,9.97067806e-12,1.69501527e-10,4.85509387e-15,8.73916896e-14,7.17611355e-05,1.43522271e-03
4.02428726e-05,9.12800048e-02,2.21099994e+04,3.72647161e-03,7.12941114e-01,7.12941114e-01,6.91377375e-02,2.76550950e-01,1.89973912e-04,2.27968694e-03,2.13231202e-06,2.77200563e-05,1.31961189e-09,1.71549546e-08,5.71014708e-05,7.99420591e-04,2.12777585e-07,3.19166377e-06,4.97987258e-16,6.97182161e-15,9.42523105e-12,1.41378466e-10,3.62073926e-04,5.79318282e-03,1.37915643e-07,2.34456594e-06,7.19867789e-07,1.29576202e-05,1.05662302e-11,1.79625914e-10,5.14508687e-15,9.26115637e-14,7.17611355e-05,1.43522271e-03
4.26465936e-05,9.12800051e-02,2.21099994e+04,3.72940753e-03,7.12941113e-01,7.12941113e-01,6.91377380e-02,2.76550952e-01,1.89974021e-04,2.27968825e-03,2.13230918e-06,2.77200194e-05,1.39843316e-09,1.81796311e-08,5.71014731e-05,7.99420623e-04,2.12944675e-07,3.19417013e-06,5.59253954e-16,7.82955535e-15,9.98820373e-12,1.49823056e-10,3.62073926e-04,5.79318281e-03,1.37915602e-07,2.34456523e-06,7.19510526e-07,1.29511895e-05,1.11973549e-11,1.90355034e-10,5.45240084e-15,9.81432151e-14,7.17611355e-05,1.43522271e-03
4.51938897e-05,9.12800054e-02,2.21099993e+04,3.73251262e-03,7.12941113e-01,7.12941113e-01,6.91377386e-02,2.76550954e-01,1.89974137e-04,2.27968964e-03,2.13230617e-06,2.77199802e-05,1.48196250e-09,1.92655126e-08,5.71014755e-05,7.99420658e-04,2.13121393e-07,3.19682090e-06,6.28058216e-16,8.79281502e-15,1.05848030e-11,1.58772045e-10,3.62073925e-04,5.79318280e-03,1.37915558e-07,2.34456449e-06,7.19132118e-07,1.29443781e-05,1.18661769e-11,2.01725008e-10,5.77807029e-15,1.04005265e-13,7.17611355e-05,1.43522271e-03
4.78933367e-05,9.12800057e-02,2.21099993e+04,3.73579623e-03,7.12941112e-01,7.12941112e-01,6.91377392e-02,2.76550957e-01,1.89974260e-04,2.27969112e-03,2.13230298e-06,2.77199388e-05,1.57048114e-09,2.04162548e-08,5.71014781e-05,7.99420694e-04,2.13308270e-07,3.19962405e-06,7.05327382e-16,9.87458335e-15,1.12170374e-11,1.68255561e-10,3.62073924e-04,5.79318279e-03,1.37915512e-07,2.34456370e-06,7.18731324e-07,1.29371638e-05,1.25749479e-11,2.13774114e-10,6.12319156e-15,1.10217448e-13,7.17611355e-05,1.43522271e-03
5.07540226e-05,9.12800060e-02,2.21099992e+04,3.73926819e-03,7.12941111e-01,7.12941111e-01,6.91377398e-02,2.76550959e-01,1.89974390e-04,2.27969269e-03,2.13229960e-06,2.77198948e-05,1.66428708e-09,2.16357320e-08,5.71014809e-05,7.99420733e-04,2.13505864e-07,3.20258797e-06,7.92102882e-16,1.10894404e-14,1.18870354e-11,1.78305531e-10,3.62073924e-04,5.79318278e-03,1.37915462e-07,2.34456286e-06,7.18306835e-07,1.29295230e-05,1.33260540e-11,2.26542919e-10,6.48892645e-15,1.16800676e-13,7.17611355e-05,1.43522271e-03
5.37855783e-05,9.12800064e-02,2.21099992e+04,3.74293881e-03,7.12941111e-01,7.12941111e-01,6.91377405e-02,2.76550962e-01,1.89974529e-04,2.27969435e-03,2.13229602e-06,2.77198483e-05,1.76369615e-09,2.29280499e-08,5.71014838e-05,7.99420774e-04,2.13714763e-07,3.20572144e-06,8.89554270e-16,1.24537598e-14,1.25970527e-11,1.88955791e-10,3.62073923e-04,5.79318277e-03,1.37915410e-07,2.34456197e-06,7.17857264e-07,1.29214308e-05,1.41220240e-11,2.40074408e-10,6.87650612e-15,1.23777110e-13,7.17611355e-05,1.43522271e-03
5.69982099e-05,9.12800068e-02,2.21099991e+04,3.74681888e-03,7.12941110e-01,7.12941110e-01,6.91377413e-02,2.76550965e-01,1.89974676e-04,2.27969611e-03,2.13229223e-06,2.77197989e-05,1.86904303e-09,2.42975594e-08,5.71014869e-05,7.99420817e-04,2.13935580e-07,3.20903370e-06,9.98994991e-16,1.39859299e-14,1.33494796e-11,2.00242195e-10,3.62073922e-04,5.79318276e-03,1.37915355e-07,2.34456103e-06,7.17381147e-07,1.29128607e-05,1.49655376e-11,2.54414139e-10,7.28723531e-15,1.31170236e-13,7.17611355e-05,1.43522271e-03
6.04027332e-05,9.12800072e-02,2.21099991e+04,3.75091973e-03,7.12941109e-01,7.12941109e-01,6.91377420e-02,2.76550968e-01,1.89974832e-04,2.27969799e-03,2.13228820e-06,2.77197467e-05,1.98068241e-09,2.57488713e-08,5.71014902e-05,7.99420863e-04,2.14168959e-07,3.21253439e-06,1.12190008e-15,1.57066011e-14,1.41468494e-11,2.12202741e-10,3.62073921e-04,5.79318274e-03,1.37915296e-07,2.34456003e-06,7.16876937e-07,1.29037849e-05,1.58594345e-11,2.69610386e-10,7.72249664e-15,1.39004940e-13,7.17611355e-05,1.43522271e-03
6.40106098e-05,9.12800076e-02,2.21099990e+04,3.75525321e-03,7.12941108e-01,7.12941108e-01,6.91377428e-02,2.76550971e-01,1.89974998e-04,2.27969998e-03,2.13228394e-06,2.77196912e-05,2.09899014e-09,2.72868719e-08,5.71014937e-05,7.99420912e-04,2.14415576e-07,3.21623364e-06,1.25992605e-15,1.76389647e-14,1.49918463e-11,2.24877695e-10,3.62073921e-04,5.79318273e-03,1.37915234e-07,2.34455898e-06,7.16342996e-07,1.28941739e-05,1.68067242e-11,2.85714311e-10,8.18375532e-15,1.47307596e-13,7.17611355e-05,1.43522271e-03
6.78339861e-05,9.12800080e-02,2.21099990e+04,3.75983174e-03,7.12941107e-01,7.12941107e-01,6.91377437e-02,2.76550975e-01,1.89975174e-04,2.27970209e-03,2.13227942e-06,2.77196325e-05,2.22436455e-09,2.89167392e-08,5.71014974e-05,7.99420963e-04,2.14676135e-07,3.22014202e-06,1.41493321e-15,1.98090649e-14,1.58873154e-11,2.38309730e-10,3.62073920e-04,5.79318271e-03,1.37915168e-07,2.34455786e-06,7.15777597e-07,1.28839967e-05,1.78105958e-11,3.02780129e-10,8.67256407e-15,1.56106153e-13,7.17611355e-05,1.43522271e-03
7.18857341e-05,9.12800085e-02,2.21099989e+04,3.76466828e-03,7.12941106e-01,7.12941106e-01,6.91377446e-02,2.76550978e-01,1.89975361e-04,2.27970433e-03,2.13227464e-06,2.77195703e-05,2.35722774e-09,3.06439606e-08,5.71015013e-05,7.99421018e-04,2.14951374e-07,3.22427061e-06,1.58901074e-15,2.22461503e-14,1.68362712e-11,2.52544067e-10,3.62073919e-04,5.79318270e-03,1.37915098e-07,2.34455667e-06,7.15178913e-07,1.28732204e-05,1.88744291e-11,3.20865295e-10,9.19056832e-15,1.65430230e-13,7.17611355e-05,1.43522271e-03
7.61794944e-05,9.12800090e-02,2.21099989e+04,3.76977637e-03,7.12941105e-01,7.12941105e-01,6.91377456e-02,2.76550982e-01,1.89975560e-04,2.27970672e-03,2.13226957e-06,2.77195044e-05,2.49802703e-09,3.24743514e-08,5.71015054e-05,7.99421076e-04,2.15242064e-07,3.22863096e-06,1.78450485e-15,2.49830679e-14,1.78419085e-11,2.67628628e-10,3.62073918e-04,5.79318268e-03,1.37915024e-07,2.34455541e-06,7.14545016e-07,1.28618103e-05,2.00018056e-11,3.40030695e-10,9.73951180e-15,1.75311212e-13,7.17611355e-05,1.43522271e-03
8.07297226e-05,9.12800096e-02,2.21099988e+04,3.77517013e-03,7.12941104e-01,7.12941104e-01,6.91377466e-02,2.76550986e-01,1.89975771e-04,2.27970925e-03,2.13226419e-06,2.77194345e-05,2.64723646e-09,3.44140740e-08,5.71015098e-05,7.99421137e-04,2.15549007e-07,3.23323510e-06,2.00405042e-15,2.80567058e-14,1.89076131e-11,2.83614196e-10,3.62073917e-04,5.79318267e-03,1.37914946e-07,2.34455408e-06,7.13873870e-07,1.28497297e-05,2.11965206e-11,3.60340850e-10,1.03212423e-14,1.85782362e-13,7.17611355e-05,1.43522271e-03
8.55517374e-05,9.12800102e-02,2.21099987e+04,3.78086430e-03,7.12941102e-01,7.12941102e-01,6.91377477e-02,2.76550991e-01,1.89975995e-04,2.27971194e-03,2.13225849e-06,2.77193604e-05,2.80535841e-09,3.64696593e-08,5.71015145e-05,7.99421202e-04,2.15873040e-07,3.23809561e-06,2.25060647e-15,3.15084906e-14,2.00369727e-11,3.00554590e-10,3.62073916e-04,5.79318265e-03,1.37914863e-07,2.34455267e-06,7.13163323e-07,1.28369398e-05,2.24625964e-11,3.81864139e-10,1.09377181e-14,1.96878926e-13,7.17611355e-05,1.43522271e-03
9.06617729e-05,9.12800108e-02,2.21099986e+04,3.78687418e-03,7.12941101e-01,7.12941101e-01,6.91377489e-02,2.76550995e-01,1.89976233e-04,2.27971480e-03,2.13225246e-06,2.77192819e-05,2.97292523e-09,3.86480280e-08,5.71015194e-05,7.99421271e-04,2.16215036e-07,3.24322554e-06,2.52749610e-15,3.53849454e-14,2.12337895e-11,3.18506842e-10,3.62073914e-04,5.79318263e-03,1.37914775e-07,2.34455117e-06,7.12411107e-07,1.28233999e-05,2.38042954e-11,4.04673022e-10,1.15910143e-14,2.08638257e-13,7.17611355e-05,1.43522271e-03
9.60770327e-05,9.12800114e-02,2.21099986e+04,3.79321571e-03,7.12941100e-01,7.12941100e-01,6.91377501e-02,2.76551000e-01,1.89976486e-04,2.27971783e-03,2.13224606e-06,2.77191988e-05,3.15050110e-09,4.09565143e-08,5.71015246e-05,7.99421344e-04,2.16575898e-07,3.24863847e-06,2.83845123e-15,3.97383172e-14,2.25020927e-11,3.37531390e-10,3.62073913e-04,5.79318261e-03,1.37914682e-07,2.34454959e-06,7.11614827e-07,1.28090669e-05,2.52261346e-11,4.28844287e-10,1.22833299e-14,2.21099938e-13,7.17611355e-05,1.43522271e-03
1.01815748e-04,9.12800121e-02,2.21099985e+04,3.79990541e-03,7.12941098e-01,7.12941098e-01,6.91377514e-02,2.76551006e-01,1.89976755e-04,2.27972106e-03,2.13223928e-06,2.77191106e-05,3.33868388e-09,4.34028905e-08,5.71015301e-05,7.99421422e-04,2.16956567e-07,3.25434851e-06,3.18766292e-15,4.46272808e-14,2.38461523e-11,3.57692285e-10,3.62073912e-04,5.79318259e-03,1.37914583e-07,2.34454791e-06,7.10771956e-07,1.27938952e-05,2.67329007e-11,4.54459312e-10,1.30169953e-14,2.34305916e-13,7.17611355e-05,1.43522271e-03
1.07897238e-04,9.12800128e-02,2.21099984e+04,3.80696041e-03,7.12941096e-01,7.12941096e-01,6.91377528e-02,2.76551011e-01,1.89977041e-04,2.27972449e-03,2.13223210e-06,2.77190172e-05,3.53810718e-09,4.59953933e-08,5.71015360e-05,7.99421504e-04,2.17358016e-07,3.26037025e-06,3.57983786e-15,5.01177300e-14,2.52704933e-11,3.79057399e-10,3.62073910e-04,5.79318256e-03,1.37914478e-07,2.34454613e-06,7.09879829e-07,1.27778369e-05,2.83296665e-11,4.81604331e-10,1.37944802e-14,2.48300643e-13,7.17611355e-05,1.43522271e-03
1.14341979e-04,9.12800136e-02,2.21099983e+04,3.81439842e-03,7.12941095e-01,7.12941095e-01,6.91377542e-02,2.76551017e-01,1.89977345e-04,2.27972814e-03,2.13222448e-06,2.77189183e-05,3.74944241e-09,4.87427513e-08,5.71015422e-05,7.99421591e-04,2.17781252e-07,3.26671879e-06,4.02026181e-15,5.62836654e-14,2.67799109e-11,4.01698663e-10,3.62073909e-04,5.79318254e-03,1.37914367e-07,2.34454424e-06,7.08935637e-07,1.27608415e-05,3.00218078e-11,5.10370732e-10,1.46184013e-14,2.63131224e-13,7.17611355e-05,1.43522271e-03
1.21171665e-04,9.12800144e-02,2.21099982e+04,3.82223773e-03,7.12941093e-01,7.12941093e-01,6.91377558e-02,2.76551023e-01,1.89977668e-04,2.27973202e-03,2.13221641e-06,2.77188134e-05,3.97340113e-09,5.16542147e-08,5.71015488e-05,7.99421683e-04,2.18227315e-07,3.27340972e-06,4.51487085e-15,6.32081919e-14,2.83794868e-11,4.25692302e-10,3.62073907e-04,5.79318251e-03,1.37914249e-07,2.34454224e-06,7.07936419e-07,1.27428555e-05,3.18150212e-11,5.40855361e-10,1.54915322e-14,2.78847579e-13,7.17611355e-05,1.43522271e-03
1.28409292e-04,9.12800152e-02,2.21099981e+04,3.83049718e-03,7.12941091e-01,7.12941091e-01,6.91377574e-02,2.76551030e-01,1.89978012e-04,2.27973614e-03,2.13220786e-06,2.77187022e-05,4.21073739e-09,5.47395860e-08,5.71015558e-05,7.99421781e-04,2.18697274e-07,3.28045911e-06,5.07033134e-15,7.09846388e-14,3.00746062e-11,4.51119094e-10,3.62073905e-04,5.79318249e-03,1.37914125e-07,2.34454012e-06,7.06879054e-07,1.27238230e-05,3.37153440e-11,5.73160848e-10,1.64168116e-14,2.95502608e-13,7.17611355e-05,1.43522271e-03
1.36079224e-04,9.12800161e-02,2.21099979e+04,3.83919614e-03,7.12941089e-01,7.12941089e-01,6.91377591e-02,2.76551037e-01,1.89978377e-04,2.27974053e-03,2.13219880e-06,2.77185844e-05,4.46225027e-09,5.80092535e-08,5.71015632e-05,7.99421884e-04,2.19192230e-07,3.28788345e-06,5.69412985e-15,7.97178179e-14,3.18709761e-11,4.78064641e-10,3.62073904e-04,5.79318246e-03,1.37913993e-07,2.34453788e-06,7.05760255e-07,1.27036846e-05,3.57291738e-11,6.07395954e-10,1.73973539e-14,3.13152370e-13,7.17611355e-05,1.43522271e-03
1.44207284e-04,9.12800171e-02,2.21099978e+04,3.84835445e-03,7.12941087e-01,7.12941087e-01,6.91377610e-02,2.76551044e-01,1.89978766e-04,2.27974520e-03,2.13218920e-06,2.77184596e-05,4.72878663e-09,6.14742261e-08,5.71015710e-05,7.99421994e-04,2.19713311e-07,3.29569966e-06,6.39467401e-15,8.95254361e-14,3.37746441e-11,5.06619661e-10,3.62073902e-04,5.79318243e-03,1.37913853e-07,2.34453550e-06,7.04576563e-07,1.26823781e-05,3.78632903e-11,6.43675936e-10,1.84364595e-14,3.31856271e-13,7.17611355e-05,1.43522271e-03
1.52820837e-04,9.12800181e-02,2.21099977e+04,3.85799242e-03,7.12941085e-01,7.12941085e-01,6.91377629e-02,2.76551052e-01,1.89979180e-04,2.27975016e-03,2.13217903e-06,2.77183273e-05,5.01124387e-09,6.51461703e-08,5.71015793e-05,7.99422110e-04,2.20261668e-07,3.30392503e-06,7.18140585e-15,1.00539682e-13,3.57920193e-11,5.36880289e-10,3.62073900e-04,5.79318239e-03,1.37913704e-07,2.34453297e-06,7.03324334e-07,1.26598380e-05,4.01248785e-11,6.82122934e-10,1.95376257e-14,3.51677263e-13,7.17611355e-05,1.43522271e-03
1.61948879e-04,9.12800192e-02,2.21099976e+04,3.86813072e-03,7.12941082e-01,7.12941082e-01,6.91377650e-02,2.76551060e-01,1.89979621e-04,2.27975545e-03,2.13216824e-06,2.77181871e-05,5.31057303e-09,6.90374494e-08,5.71015881e-05,7.99422234e-04,2.20838478e-07,3.31257716e-06,8.06492906e-15,1.12909007e-13,3.79298935e-11,5.68948402e-10,3.62073898e-04,5.79318236e-03,1.37913547e-07,2.34453030e-06,7.01999738e-07,1.26359953e-05,4.25215522e-11,7.22866387e-10,2.07045589e-14,3.72682060e-13,7.17611355e-05,1.43522271e-03
1.71622143e-04,9.12800204e-02,2.21099974e+04,3.87879034e-03,7.12941080e-01,7.12941080e-01,6.91377672e-02,2.76551069e-01,1.89980090e-04,2.27976108e-03,2.13215681e-06,2.77180386e-05,5.62778197e-09,7.31611655e-08,5.71015974e-05,7.99422364e-04,2.21444929e-07,3.32167394e-06,9.05715194e-15,1.26800127e-13,4.01954642e-11,6.02931962e-10,3.62073895e-04,5.79318232e-03,1.37913381e-07,2.34452747e-06,7.00598746e-07,1.26107774e-05,4.50613801e-11,7.66043461e-10,2.19411864e-14,3.94941356e-13,7.17611355e-05,1.43522271e-03
1.81873194e-04,9.12800216e-02,2.21099973e+04,3.88999249e-03,7.12941077e-01,7.12941077e-01,6.91377695e-02,2.76551078e-01,1.89980589e-04,2.27976707e-03,2.13214471e-06,2.77178812e-05,5.96393873e-09,7.75312035e-08,5.71016073e-05,7.99422503e-04,2.22082227e-07,3.33123341e-06,1.01714479e-14,1.42400270e-13,4.25963588e-11,6.38945382e-10,3.62073893e-04,5.79318229e-03,1.37913204e-07,2.34452447e-06,6.99117123e-07,1.25841082e-05,4.77529129e-11,8.11799519e-10,2.32516704e-14,4.18530068e-13,7.17611355e-05,1.43522271e-03
1.92736544e-04,9.12800229e-02,2.21099971e+04,3.90175851e-03,7.12941074e-01,7.12941074e-01,6.91377719e-02,2.76551088e-01,1.89981121e-04,2.27977345e-03,2.13213187e-06,2.77177143e-05,6.32017519e-09,8.21622775e-08,5.71016178e-05,7.99422649e-04,2.22751583e-07,3.34127374e-06,1.14228355e-14,1.59919697e-13,4.51406603e-11,6.77109905e-10,3.62073890e-04,5.79318224e-03,1.37913017e-07,2.34452129e-06,6.97550422e-07,1.25559076e-05,5.06052119e-11,8.60288603e-10,2.46404214e-14,4.43527585e-13,7.17611355e-05,1.43522271e-03
2.04248766e-04,9.12800242e-02,2.21099969e+04,3.91410976e-03,7.12941071e-01,7.12941071e-01,6.91377745e-02,2.76551098e-01,1.89981687e-04,2.27978024e-03,2.13211827e-06,2.77175375e-05,6.69769084e-09,8.70699809e-08,5.71016289e-05,7.99422805e-04,2.23454206e-07,3.35181309e-06,1.28281815e-14,1.79594541e-13,4.78369346e-11,7.17554019e-10,3.62073888e-04,5.79318220e-03,1.37912819e-07,2.34451792e-06,6.95893972e-07,1.25260915e-05,5.36278799e-11,9.11673959e-10,2.61121132e-14,4.70018037e-13,7.17611355e-05,1.43522271e-03
2.16448617e-04,9.12800257e-02,2.21099967e+04,3.92706748e-03,7.12941068e-01,7.12941068e-01,6.91377773e-02,2.76551109e-01,1.89982290e-04,2.27978749e-03,2.13210386e-06,2.77173502e-05,7.09775683e-09,9.22708387e-08,5.71016407e-05,7.99422969e-04,2.24191302e-07,3.36286953e-06,1.44064274e-14,2.01689983e-13,5.06942592e-11,7.60413888e-10,3.62073885e-04,5.79318216e-03,1.37912609e-07,2.34451435e-06,6.94142874e-07,1.24945717e-05,5.68310930e-11,9.66128581e-10,2.76716986e-14,4.98090575e-13,7.17611355e-05,1.43522271e-03
2.29377170e-04,9.12800272e-02,2.21099965e+04,3.94065259e-03,7.12941065e-01,7.12941065e-01,6.91377802e-02,2.76551121e-01,1.89982933e-04,2.27979520e-03,2.13208859e-06,2.77171517e-05,7.52172024e-09,9.77823631e-08,5.71016531e-05,7.99423144e-04,2.24964055e-07,3.37446083e-06,1.61788453e-14,2.26503834e-13,5.37222537e-11,8.05833805e-10,3.62073882e-04,5.79318211e-03,1.37912386e-07,2.34451056e-06,6.92291990e-07,1.24612558e-05,6.02256353e-11,1.02383580e-09,2.93244263e-14,5.27839674e-13,7.17611355e-05,1.43522271e-03
2.43077949e-04,9.12800288e-02,2.21099963e+04,3.95488559e-03,7.12941061e-01,7.12941061e-01,6.91377833e-02,2.76551133e-01,1.89983619e-04,2.27980343e-03,2.13207240e-06,2.77169413e-05,7.97100866e-09,1.03623113e-07,5.71016663e-05,7.99423329e-04,2.25773626e-07,3.38660440e-06,1.81693244e-14,2.54370542e-13,5.69311124e-11,8.53966686e-10,3.62073878e-04,5.79318206e-03,1.37912150e-07,2.34450655e-06,6.90335938e-07,1.24260469e-05,6.38229349e-11,1.08498989e-09,3.10758582e-14,5.59365448e-13,7.17611355e-05,1.43522271e-03
2.57597081e-04,9.12800306e-02,2.21099961e+04,3.96978626e-03,7.12941058e-01,7.12941058e-01,6.91377865e-02,2.76551146e-01,1.89984350e-04,2.27981220e-03,2.13205525e-06,2.77167183e-05,8.44713495e-09,1.09812754e-07,5.71016803e-05,7.99423525e-04,2.26621135e-07,3.39931702e-06,2.04046932e-14,2.85665705e-13,6.03316385e-11,9.04974578e-10,3.62073875e-04,5.79318200e-03,1.37911900e-07,2.34450230e-06,6.88269081e-07,1.23888435e-05,6.76351026e-11,1.14979674e-09,3.29318881e-14,5.92773987e-13,7.17611355e-05,1.43522271e-03
2.72983446e-04,9.12800324e-02,2.21099959e+04,3.98537348e-03,7.12941054e-01,7.12941054e-01,6.91377900e-02,2.76551160e-01,1.89985129e-04,2.27982155e-03,2.13203708e-06,2.77164820e-05,8.95170238e-09,1.16372131e-07,5.71016952e-05,7.99423732e-04,2.27507647e-07,3.41261470e-06,2.29150808e-14,3.20811131e-13,6.39352806e-11,9.59029210e-10,3.62073871e-04,5.79318194e-03,1.37911635e-07,2.34449779e-06,6.86085523e-07,1.23495394e-05,7.16749726e-11,1.21847453e-09,3.48987619e-14,6.28177715e-13,7.17611355e-05,1.43522271e-03
2.89288844e-04,9.12800343e-02,2.21099956e+04,4.00166494e-03,7.12941049e-01,7.12941049e-01,6.91377937e-02,2.76551175e-01,1.89985960e-04,2.27983152e-03,2.13201782e-06,2.77162316e-05,9.48640999e-09,1.23323330e-07,5.71017109e-05,7.99423953e-04,2.28434160e-07,3.42651241e-06,2.57343234e-14,3.60280527e-13,6.77541710e-11,1.01631257e-09,3.62073868e-04,5.79318188e-03,1.37911354e-07,2.34449302e-06,6.83779099e-07,1.23080238e-05,7.59561456e-11,1.29125448e-09,3.69830982e-14,6.65695767e-13,7.17611355e-05,1.43522271e-03
3.06568169e-04,9.12800364e-02,2.21099954e+04,4.01867681e-03,7.12941045e-01,7.12941045e-01,6.91377975e-02,2.76551190e-01,1.89986847e-04,2.27984217e-03,2.13199741e-06,2.77159663e-05,1.00530584e-08,1.30689759e-07,5.71017276e-05,7.99424186e-04,2.29401587e-07,3.44102381e-06,2.89004200e-14,4.04605880e-13,7.18011667e-11,1.07701750e-09,3.62073864e-04,5.79318182e-03,1.37911057e-07,2.34448796e-06,6.81343372e-07,1.22641807e-05,8.04930349e-11,1.36838159e-09,3.91919105e-14,7.05454389e-13,7.17611355e-05,1.43522271e-03
3.24879594e-04,9.12800385e-02,2.21099951e+04,4.03642340e-03,7.12941040e-01,7.12941040e-01,6.91378016e-02,2.76551207e-01,1.89987794e-04,2.27985353e-03,2.13197578e-06,2.77156851e-05,1.06535557e-08,1.38496224e-07,5.71017452e-05,7.99424433e-04,2.30410731e-07,3.45616096e-06,3.24560449e-14,4.54384629e-13,7.60898928e-11,1.14134839e-09,3.62073859e-04,5.79318175e-03,1.37910741e-07,2.34448260e-06,6.78771626e-07,1.22178893e-05,8.53009143e-11,1.45011554e-09,4.15326312e-14,7.47587362e-13,7.17611355e-05,1.43522271e-03
3.44284767e-04,9.12800409e-02,2.21099948e+04,4.05491684e-03,7.12941035e-01,7.12941035e-01,6.91378060e-02,2.76551224e-01,1.89988804e-04,2.27986565e-03,2.13195286e-06,2.77153871e-05,1.12899240e-08,1.46769013e-07,5.71017639e-05,7.99424695e-04,2.31462270e-07,3.47193405e-06,3.64491229e-14,5.10287721e-13,8.06347881e-11,1.20952182e-09,3.62073855e-04,5.79318168e-03,1.37910407e-07,2.34447692e-06,6.76056862e-07,1.21690235e-05,9.03959703e-11,1.53673149e-09,4.40131362e-14,7.92236452e-13,7.17611355e-05,1.43522271e-03
3.64849017e-04,9.12800433e-02,2.21099945e+04,4.07416650e-03,7.12941030e-01,7.12941030e-01,6.91378106e-02,2.76551242e-01,1.89989883e-04,2.27987860e-03,2.13192857e-06,2.77150714e-05,1.19643065e-08,1.55535985e-07,5.71017837e-05,7.99424972e-04,2.32556723e-07,3.48835085e-06,4.09334751e-14,5.73068652e-13,8.54511539e-11,1.28176731e-09,3.62073850e-04,5.79318160e-03,1.37910053e-07,2.34447090e-06,6.73191791e-07,1.21174522e-05,9.57953561e-11,1.62852105e-09,4.66417715e-14,8.39551886e-13,7.17611355e-05,1.43522271e-03
3.86641578e-04,9.12800459e-02,2.21099942e+04,4.09417866e-03,7.12941024e-01,7.12941024e-01,6.91378155e-02,2.76551262e-01,1.89991036e-04,2.27989243e-03,2.13190283e-06,2.77147367e-05,1.26789742e-08,1.64826665e-07,5.71018048e-05,7.99425267e-04,2.33694435e-07,3.50541653e-06,4.59695446e-14,6.43573624e-13,9.05552056e-11,1.35832808e-09,3.62073845e-04,5.79318152e-03,1.37909677e-07,2.34446452e-06,6.70168837e-07,1.20630391e-05,1.01517249e-10,1.72579324e-09,4.94273809e-14,8.89692857e-13,7.17611355e-05,1.43522271e-03
4.09735816e-04,9.12800486e-02,2.21099938e+04,4.11495580e-03,7.12941018e-01,7.12941018e-01,6.91378207e-02,2.76551283e-01,1.89992267e-04,2.27990720e-03,2.13187555e-06,2.77143821e-05,1.34363338e-08,1.74672340e-07,5.71018270e-05,7.99425578e-04,2.34875531e-07,3.52313296e-06,5.16252111e-14,7.22752956e-13,9.59641270e-11,1.43946191e-09,3.62073839e-04,5.79318143e-03,1.37909280e-07,2.34445776e-06,6.66980134e-07,1.20056424e-05,1.07580914e-10,1.82887553e-09,5.23793365e-14,9.42828057e-13,7.17611355e-05,1.43522271e-03
4.34209482e-04,9.12800515e-02,2.21099935e+04,4.13649620e-03,7.12941012e-01,7.12941012e-01,6.91378261e-02,2.76551304e-01,1.89993582e-04,2.27992299e-03,2.13184664e-06,2.77140063e-05,1.42389360e-08,1.85106168e-07,5.71018506e-05,7.99425909e-04,2.36099892e-07,3.54149839e-06,5.79767061e-14,8.11673886e-13,1.01696129e-10,1.52544193e-09,3.62073834e-04,5.79318134e-03,1.37908858e-07,2.34445059e-06,6.63617524e-07,1.19451154e-05,1.14006763e-10,1.93811498e-09,5.55075692e-14,9.99136246e-13,7.17611355e-05,1.43522271e-03
4.60144967e-04,9.12800546e-02,2.21099931e+04,4.15879306e-03,7.12941005e-01,7.12941005e-01,6.91378319e-02,2.76551328e-01,1.89994988e-04,2.27993985e-03,2.13181601e-06,2.77136081e-05,1.50894839e-08,1.96163290e-07,5.71018756e-05,7.99426259e-04,2.37367114e-07,3.56050670e-06,6.51096404e-14,9.11534966e-13,1.07770508e-10,1.61655763e-09,3.62073828e-04,5.79318124e-03,1.37908412e-07,2.34444300e-06,6.60072561e-07,1.18813061e-05,1.20816432e-10,2.05387934e-09,5.88226027e-14,1.05880685e-12,7.17611355e-05,1.43522271e-03
4.87629589e-04,9.12800579e-02,2.21099927e+04,4.18183393e-03,7.12940998e-01,7.12940998e-01,6.91378380e-02,2.76551352e-01,1.89996491e-04,2.27995789e-03,2.13178355e-06,2.77131861e-05,1.59908419e-08,2.07880945e-07,5.71019021e-05,7.99426630e-04,2.38676464e-07,3.58014696e-06,7.31201582e-14,1.02368221e-12,1.14207717e-10,1.71311576e-09,3.62073821e-04,5.79318114e-03,1.37907938e-07,2.34443495e-06,6.56336520e-07,1.18140574e-05,1.28032844e-10,2.17655835e-09,6.23355886e-14,1.12204059e-12,7.17611355e-05,1.43522271e-03
5.16755877e-04,9.12800613e-02,2.21099922e+04,4.20559986e-03,7.12940991e-01,7.12940991e-01,6.91378445e-02,2.76551378e-01,1.89998097e-04,2.27997717e-03,2.13174914e-06,2.77127389e-05,1.69460460e-08,2.20298598e-07,5.71019302e-05,7.99427023e-04,2.40026840e-07,3.60040261e-06,8.21162330e-14,1.14962726e-12,1.21029428e-10,1.81544141e-09,3.62073815e-04,5.79318103e-03,1.37907437e-07,2.34442642e-06,6.52400397e-07,1.17432071e-05,1.35680296e-10,2.30656504e-09,6.60583437e-14,1.18905019e-12,7.17611355e-05,1.43522271e-03
5.47621888e-04,9.12800650e-02,2.21099917e+04,4.23006453e-03,7.12940983e-01,7.12940983e-01,6.91378514e-02,2.76551406e-01,1.89999816e-04,2.27999779e-03,2.13171269e-06,2.77122650e-05,1.79583133e-08,2.33458073e-07,5.71019599e-05,7.99427439e-04,2.41416717e-07,3.62125076e-06,9.22191236e-14,1.29106773e-12,1.28258606e-10,1.92387909e-09,3.62073807e-04,5.79318092e-03,1.37906905e-07,2.34441739e-06,6.48254925e-07,1.16685887e-05,1.43784534e-10,2.44433708e-09,7.00033900e-14,1.26006102e-12,7.17611355e-05,1.43522271e-03
5.80331537e-04,9.12800689e-02,2.21099913e+04,4.25519333e-03,7.12940975e-01,7.12940975e-01,6.91378587e-02,2.76551435e-01,1.90001654e-04,2.28001984e-03,2.13167406e-06,2.77117628e-05,1.90310535e-08,2.47403696e-07,5.71019915e-05,7.99427881e-04,2.42844094e-07,3.64266141e-06,1.03565008e-13,1.44991011e-12,1.35919592e-10,2.03879389e-09,3.62073800e-04,5.79318080e-03,1.37906342e-07,2.34440781e-06,6.43890584e-07,1.15900305e-05,1.52372842e-10,2.59033831e-09,7.41839963e-14,1.33531193e-12,7.17611355e-05,1.43522271e-03
6.14994945e-04,9.12800730e-02,2.21099907e+04,4.28094231e-03,7.12940966e-01,7.12940966e-01,6.91378663e-02,2.76551465e-01,1.90003620e-04,2.28004343e-03,2.13163312e-06,2.77112306e-05,2.01678800e-08,2.62182440e-07,5.71020249e-05,7.99428348e-04,2.44306437e-07,3.66459655e-06,1.16306821e-13,1.62829549e-12,1.44038179e-10,2.16057268e-09,3.62073792e-04,5.79318067e-03,1.37905745e-07,2.34439766e-06,6.39297619e-07,1.15073572e-05,1.61474132e-10,2.74506025e-09,7.86142231e-14,1.41505601e-12,7.17611355e-05,1.43522271e-03
6.51728810e-04,9.12800773e-02,2.21099902e+04,4.30725714e-03,7.12940956e-01,7.12940956e-01,6.91378745e-02,2.76551498e-01,1.90005723e-04,2.28006868e-03,2.13158974e-06,2.77106666e-05,2.13726220e-08,2.77844086e-07,5.71020603e-05,7.99428844e-04,2.45800616e-07,3.68700924e-06,1.30616312e-13,1.82862836e-12,1.52641698e-10,2.28962547e-09,3.62073783e-04,5.79318053e-03,1.37905112e-07,2.34438691e-06,6.34466063e-07,1.14203891e-05,1.71119047e-10,2.90902381e-09,8.33089692e-14,1.49956145e-12,7.17611355e-05,1.43522271e-03
6.90656803e-04,9.12800820e-02,2.21099896e+04,4.33407193e-03,7.12940946e-01,7.12940946e-01,6.91378831e-02,2.76551532e-01,1.90007974e-04,2.28009568e-03,2.13154376e-06,2.77100689e-05,2.26493379e-08,2.94441392e-07,5.71020978e-05,7.99429369e-04,2.47322841e-07,3.70984261e-06,1.46686366e-13,2.05360912e-12,1.61759118e-10,2.42638676e-09,3.62073774e-04,5.79318039e-03,1.37904442e-07,2.34437552e-06,6.29385758e-07,1.13289436e-05,1.81340058e-10,3.08278098e-09,8.82840224e-14,1.58911240e-12,7.17611355e-05,1.43522271e-03
7.31909978e-04,9.12800868e-02,2.21099890e+04,4.36130800e-03,7.12940936e-01,7.12940936e-01,6.91378921e-02,2.76551569e-01,1.90010382e-04,2.28012458e-03,2.13149505e-06,2.77094356e-05,2.40023286e-08,3.12030272e-07,5.71021376e-05,7.99429926e-04,2.48868589e-07,3.73302883e-06,1.64733599e-13,2.30627039e-12,1.71421133e-10,2.57131700e-09,3.62073765e-04,5.79318023e-03,1.37903732e-07,2.34436344e-06,6.24046389e-07,1.12328350e-05,1.92171574e-10,3.26691675e-09,9.35561117e-14,1.68401001e-12,7.17611355e-05,1.43522271e-03
7.75627219e-04,9.12800920e-02,2.21099883e+04,4.38887257e-03,7.12940925e-01,7.12940925e-01,6.91379017e-02,2.76551607e-01,1.90012959e-04,2.28015551e-03,2.13144342e-06,2.77087645e-05,2.54361522e-08,3.30669979e-07,5.71021797e-05,7.99430516e-04,2.50432531e-07,3.75648796e-06,1.85001282e-13,2.59001795e-12,1.81660275e-10,2.72490412e-09,3.62073754e-04,5.79318007e-03,1.37902979e-07,2.34435064e-06,6.18437520e-07,1.11318754e-05,2.03650061e-10,3.46205104e-09,9.91429636e-14,1.78457335e-12,7.17611355e-05,1.43522271e-03
8.21955707e-04,9.12800975e-02,2.21099876e+04,4.41665743e-03,7.12940913e-01,7.12940913e-01,6.91379119e-02,2.76551648e-01,1.90015717e-04,2.28018860e-03,2.13138871e-06,2.77080533e-05,2.69556394e-08,3.50423313e-07,5.71022244e-05,7.99431141e-04,2.52008453e-07,3.78012680e-06,2.07762620e-13,2.90867668e-12,1.92511016e-10,2.88766524e-09,3.62073744e-04,5.79317990e-03,1.37902181e-07,2.34433708e-06,6.12548635e-07,1.10258754e-05,2.15814164e-10,3.66884079e-09,1.05063362e-13,1.89114051e-12,7.17611355e-05,1.43522271e-03
8.71051412e-04,9.12801034e-02,2.21099869e+04,4.44453754e-03,7.12940901e-01,7.12940901e-01,6.91379226e-02,2.76551690e-01,1.90018668e-04,2.28022401e-03,2.13133074e-06,2.77072996e-05,2.85659097e-08,3.71356826e-07,5.71022717e-05,7.99431804e-04,2.53589182e-07,3.80383772e-06,2.33324432e-13,3.26654205e-12,2.04009889e-10,3.06014834e-09,3.62073732e-04,5.79317972e-03,1.37901336e-07,2.34432271e-06,6.06369185e-07,1.09146453e-05,2.28704835e-10,3.88798219e-09,1.11337210e-13,2.00406977e-12,7.17611355e-05,1.43522271e-03
9.23079621e-04,9.12801095e-02,2.21099861e+04,4.47236951e-03,7.12940888e-01,7.12940888e-01,6.91379339e-02,2.76551736e-01,1.90021825e-04,2.28026190e-03,2.13126930e-06,2.77065009e-05,3.02723887e-08,3.93541053e-07,5.71023218e-05,7.99432506e-04,2.55166489e-07,3.82749733e-06,2.62031294e-13,3.66843812e-12,2.16195609e-10,3.24293414e-09,3.62073720e-04,5.79317953e-03,1.37900440e-07,2.34430748e-06,5.99888650e-07,1.07979957e-05,2.42365471e-10,4.12021301e-09,1.17985597e-13,2.12374074e-12,7.17611355e-05,1.43522271e-03
9.78215493e-04,9.12801161e-02,2.21099853e+04,4.49999032e-03,7.12940874e-01,7.12940874e-01,6.91379459e-02,2.76551784e-01,1.90025203e-04,2.28030243e-03,2.13120420e-06,2.77056546e-05,3.20808266e-08,4.17050745e-07,5.71023750e-05,7.99433249e-04,2.56731027e-07,3.85096540e-06,2.94270181e-13,4.11978253e-12,2.29109203e-10,3.43663805e-09,3.62073708e-04,5.79317932e-03,1.37899490e-07,2.34429134e-06,5.93096596e-07,1.06757387e-05,2.56842065e-10,4.36631510e-09,1.25030870e-13,2.25055567e-12,7.17611355e-05,1.43522271e-03
1.03664465e-03,9.12801230e-02,2.21099844e+04,4.52721555e-03,7.12940859e-01,7.12940859e-01,6.91379585e-02,2.76551834e-01,1.90028816e-04,2.28034579e-03,2.13113521e-06,2.77047577e-05,3.39973174e-08,4.41965127e-07,5.71024313e-05,7.99434038e-04,2.58272222e-07,3.87408333e-06,3.30475684e-13,4.62665957e-12,2.42794150e-10,3.64191225e-09,3.62073694e-04,5.79317911e-03,1.37898484e-07,2.34427423e-06,5.85982752e-07,1.05476895e-05,2.72183353e-10,4.62711699e-09,1.32496709e-13,2.38494075e-12,7.17611355e-05,1.43522271e-03
1.09856380e-03,9.12801304e-02,2.21099834e+04,4.55383840e-03,7.12940844e-01,7.12940844e-01,6.91379718e-02,2.76551887e-01,1.90032679e-04,2.28039215e-03,2.13106210e-06,2.77038073e-05,3.60283199e-08,4.68368159e-07,5.71024909e-05,7.99434873e-04,2.59778221e-07,3.89667332e-06,3.71135874e-13,5.19590224e-12,2.57296525e-10,3.85944787e-09,3.62073680e-04,5.79317888e-03,1.37897418e-07,2.34425611e-06,5.78537086e-07,1.04136675e-05,2.88440983e-10,4.90349672e-09,1.40408201e-13,2.52734762e-12,7.17611355e-05,1.43522271e-03
1.16418141e-03,9.12801381e-02,2.21099825e+04,4.57962784e-03,7.12940828e-01,7.12940828e-01,6.91379859e-02,2.76551944e-01,1.90036809e-04,2.28044170e-03,2.13098463e-06,2.77028002e-05,3.81806790e-08,4.96348827e-07,5.71025542e-05,7.99435758e-04,2.61235784e-07,3.91853675e-06,4.16798881e-13,5.83518433e-12,2.72665155e-10,4.08997733e-09,3.62073665e-04,5.79317864e-03,1.37896288e-07,2.34423690e-06,5.70749904e-07,1.02734983e-05,3.05669691e-10,5.19638475e-09,1.48791932e-13,2.67825478e-12,7.17611355e-05,1.43522271e-03
1.23371837e-03,9.12801464e-02,2.21099814e+04,4.60432781e-03,7.12940811e-01,7.12940811e-01,6.91380007e-02,2.76552003e-01,1.90041221e-04,2.28049466e-03,2.13090253e-06,2.77017329e-05,4.04616493e-08,5.26001440e-07,5.71026212e-05,7.99436696e-04,2.62630237e-07,3.93945356e-06,4.68080285e-13,6.55312399e-12,2.88951786e-10,4.33427679e-09,3.62073649e-04,5.79317838e-03,1.37895091e-07,2.34421655e-06,5.62611943e-07,1.01270150e-05,3.23927479e-10,5.50676714e-09,1.57676069e-13,2.83816925e-12,7.17611355e-05,1.43522271e-03
1.30740881e-03,9.12801551e-02,2.21099803e+04,4.62765570e-03,7.12940792e-01,7.12940792e-01,6.91380163e-02,2.76552065e-01,1.90045935e-04,2.28055122e-03,2.13081553e-06,2.77006019e-05,4.28789193e-08,5.57425951e-07,5.71026922e-05,7.99437690e-04,2.63945390e-07,3.95918085e-06,5.25671418e-13,7.35939985e-12,3.06211254e-10,4.59316880e-09,3.62073632e-04,5.79317811e-03,1.37893822e-07,2.34419498e-06,5.54114488e-07,9.97406079e-06,3.43275814e-10,5.83568884e-09,1.67090459e-13,3.00762826e-12,7.17611355e-05,1.43522271e-03
1.38550080e-03,9.12801644e-02,2.21099791e+04,4.64930176e-03,7.12940773e-01,7.12940773e-01,6.91380327e-02,2.76552131e-01,1.90050966e-04,2.28061159e-03,2.13072335e-06,2.76994035e-05,4.54406378e-08,5.90728291e-07,5.71027674e-05,7.99438744e-04,2.65163498e-07,3.97745247e-06,5.90348690e-13,8.26488165e-12,3.24501669e-10,4.86752504e-09,3.62073614e-04,5.79317782e-03,1.37892478e-07,2.34417212e-06,5.45249491e-07,9.81449083e-06,3.63779836e-10,6.18425722e-09,1.77066723e-13,3.18720102e-12,7.17611355e-05,1.43522271e-03
1.46825725e-03,9.12801742e-02,2.21099779e+04,4.66892817e-03,7.12940753e-01,7.12940753e-01,6.91380500e-02,2.76552200e-01,1.90056332e-04,2.28067599e-03,2.13062565e-06,2.76981335e-05,4.81554411e-08,6.26020734e-07,5.71028471e-05,7.99439860e-04,2.66265210e-07,3.99397815e-06,6.62984053e-13,9.28177675e-12,3.43884615e-10,5.15826923e-09,3.62073595e-04,5.79317752e-03,1.37891053e-07,2.34414790e-06,5.36009706e-07,9.64817470e-06,3.85508576e-10,6.55364579e-09,1.87638368e-13,3.37749063e-12,7.17611355e-05,1.43522271e-03
1.55595678e-03,9.12801846e-02,2.21099766e+04,4.68616884e-03,7.12940732e-01,7.12940732e-01,6.91380682e-02,2.76552273e-01,1.90062053e-04,2.28074463e-03,2.13052213e-06,2.76967877e-05,5.10324824e-08,6.63422272e-07,5.71029316e-05,7.99441042e-04,2.67229557e-07,4.00844335e-06,7.44556772e-13,1.04237948e-11,3.64425355e-10,5.46638032e-09,3.62073575e-04,5.79317720e-03,1.37889543e-07,2.34412224e-06,5.26388836e-07,9.47499905e-06,4.08535185e-10,6.94509815e-09,1.98840894e-13,3.57913609e-12,7.17611355e-05,1.43522271e-03
1.64889462e-03,9.12801957e-02,2.21099752e+04,4.70062943e-03,7.12940710e-01,7.12940710e-01,6.91380874e-02,2.76552349e-01,1.90068145e-04,2.28081774e-03,2.13041244e-06,2.76953617e-05,5.40814630e-08,7.03059019e-07,5.71030211e-05,7.99442296e-04,2.68033952e-07,4.02050929e-06,8.36166620e-13,1.17063327e-11,3.86193048e-10,5.79289572e-09,3.62073554e-04,5.79317686e-03,1.37887943e-07,2.34409504e-06,5.16381687e-07,9.29487037e-06,4.32937188e-10,7.35993220e-09,2.10711913e-13,3.79281444e-12,7.17611355e-05,1.43522271e-03
1.74738368e-03,9.12802073e-02,2.21099737e+04,4.71188789e-03,7.12940686e-01,7.12940686e-01,6.91381075e-02,2.76552430e-01,1.90074627e-04,2.28089553e-03,2.13029619e-06,2.76938505e-05,5.73126645e-08,7.45064639e-07,5.71031160e-05,7.99443624e-04,2.68654224e-07,4.02981337e-06,9.39048722e-13,1.31466821e-11,4.09260986e-10,6.13891480e-09,3.62073531e-04,5.79317649e-03,1.37886248e-07,2.34406621e-06,5.05984339e-07,9.10771811e-06,4.58796738e-10,7.79954454e-09,2.23291278e-13,4.01924300e-12,7.17611355e-05,1.43522271e-03
1.85175553e-03,9.12802197e-02,2.21099721e+04,4.71949554e-03,7.12940662e-01,7.12940662e-01,6.91381285e-02,2.76552514e-01,1.90081516e-04,2.28097819e-03,2.13017301e-06,2.76922491e-05,6.07369845e-08,7.89580798e-07,5.71032165e-05,7.99445031e-04,2.69064674e-07,4.03597011e-06,1.05459021e-12,1.47642630e-11,4.33706842e-10,6.50560263e-09,3.62073507e-04,5.79317611e-03,1.37884451e-07,2.34403567e-06,4.95194320e-07,8.91349776e-06,4.86200895e-10,8.26541521e-09,2.36621208e-13,4.25918174e-12,7.17611355e-05,1.43522271e-03
1.96236154e-03,9.12802328e-02,2.21099704e+04,4.72297877e-03,7.12940636e-01,7.12940636e-01,6.91381506e-02,2.76552603e-01,1.90088828e-04,2.28106594e-03,2.13004248e-06,2.76905523e-05,6.43659726e-08,8.36757644e-07,5.71033230e-05,7.99446523e-04,2.69238175e-07,4.03857262e-06,1.18434894e-12,1.65808852e-11,4.59612925e-10,6.89419387e-09,3.62073482e-04,5.79317571e-03,1.37882547e-07,2.34400330e-06,4.84010799e-07,8.71219438e-06,5.15241919e-10,8.75911263e-09,2.50746438e-13,4.51343588e-12,7.17611355e-05,1.43522271e-03
2.07957409e-03,9.12802468e-02,2.21099687e+04,4.72184159e-03,7.12940609e-01,7.12940609e-01,6.91381738e-02,2.76552695e-01,1.90096579e-04,2.28115894e-03,2.12990416e-06,2.76887541e-05,6.82118703e-08,8.86754314e-07,5.71034359e-05,7.99448103e-04,2.69146319e-07,4.03719478e-06,1.33007450e-12,1.86210431e-11,4.87066464e-10,7.30599695e-09,3.62073455e-04,5.79317528e-03,1.37880529e-07,2.34396900e-06,4.72434780e-07,8.50382604e-06,5.46017584e-10,9.28229893e-09,2.65714359e-13,4.78285847e-12,7.17611355e-05,1.43522271e-03
2.20378778e-03,9.12802615e-02,2.21099668e+04,4.71556899e-03,7.12940581e-01,7.12940581e-01,6.91381980e-02,2.76552792e-01,1.90104781e-04,2.28125737e-03,2.12975759e-06,2.76868487e-05,7.22876518e-08,9.39739473e-07,5.71035555e-05,7.99449777e-04,2.68759603e-07,4.03139404e-06,1.49373182e-12,2.09122455e-11,5.16159898e-10,7.74239846e-09,3.62073426e-04,5.79317482e-03,1.37878391e-07,2.34393265e-06,4.60469309e-07,8.28844756e-06,5.78631501e-10,9.83673551e-09,2.81575182e-13,5.06835328e-12,7.17611355e-05,1.43522271e-03
2.33542081e-03,9.12802771e-02,2.21099648e+04,4.70363119e-03,7.12940551e-01,7.12940551e-01,6.91382233e-02,2.76552893e-01,1.90113447e-04,2.28136136e-03,2.12960228e-06,2.76848297e-05,7.66070682e-08,9.95891887e-07,5.71036823e-05,7.99451552e-04,2.68047678e-07,4.02071516e-06,1.67752768e-12,2.34853875e-11,5.46991189e-10,8.20486783e-09,3.62073396e-04,5.79317434e-03,1.37876125e-07,2.34389413e-06,4.48119681e-07,8.06615426e-06,6.13193469e-10,1.04242890e-08,2.98382100e-13,5.37087780e-12,7.17611355e-05,1.43522271e-03
2.47491632e-03,9.12802937e-02,2.21099627e+04,4.68548901e-03,7.12940520e-01,7.12940520e-01,6.91382497e-02,2.76552999e-01,1.90122584e-04,2.28147101e-03,2.12943771e-06,2.76826902e-05,8.11846942e-08,1.05540102e-06,5.71038166e-05,7.99453432e-04,2.66979649e-07,4.00469474e-06,1.88394046e-12,2.63751664e-11,5.79664152e-10,8.69496228e-09,3.62073364e-04,5.79317383e-03,1.37873724e-07,2.34385332e-06,4.35393655e-07,7.83708579e-06,6.49819849e-10,1.10469374e-08,3.16191466e-13,5.69144639e-12,7.17611355e-05,1.43522271e-03
2.62274395e-03,9.12803112e-02,2.21099605e+04,4.66060028e-03,7.12940487e-01,7.12940487e-01,6.91382773e-02,2.76553109e-01,1.90132199e-04,2.28158639e-03,2.12926331e-06,2.76804231e-05,8.60359770e-08,1.11846770e-06,5.71039589e-05,7.99455424e-04,2.65524448e-07,3.98286672e-06,2.11575363e-12,2.96205508e-11,6.14288805e-10,9.21433207e-09,3.62073330e-04,5.79317329e-03,1.37871180e-07,2.34381006e-06,4.22301664e-07,7.60142996e-06,6.88633951e-10,1.17067772e-08,3.35062981e-13,6.03113366e-12,7.17611355e-05,1.43522271e-03
2.77940137e-03,9.12803298e-02,2.21099581e+04,4.62842761e-03,7.12940453e-01,7.12940453e-01,6.91383059e-02,2.76553224e-01,1.90142292e-04,2.28170750e-03,2.12907852e-06,2.76780208e-05,9.11772887e-08,1.18530475e-06,5.71041097e-05,7.99457535e-04,2.63651267e-07,3.95476901e-06,2.37609326e-12,3.32653056e-11,6.50981736e-10,9.76472604e-09,3.62073294e-04,5.79317271e-03,1.37868484e-07,2.34376423e-06,4.08857024e-07,7.35942643e-06,7.29766449e-10,1.24060296e-08,3.55059889e-13,6.39107801e-12,7.17611355e-05,1.43522271e-03
2.94541600e-03,9.12803495e-02,2.21099556e+04,4.58844698e-03,7.12940418e-01,7.12940418e-01,6.91383357e-02,2.76553343e-01,1.90152859e-04,2.28183431e-03,2.12888271e-06,2.76754752e-05,9.66259816e-08,1.25613776e-06,5.71042695e-05,7.99459772e-04,2.61330059e-07,3.91995088e-06,2.66847022e-12,3.73585831e-11,6.89866503e-10,1.03479975e-08,3.62073256e-04,5.79317210e-03,1.37865627e-07,2.34371566e-06,3.95076131e-07,7.11137036e-06,7.73355824e-10,1.31470490e-08,3.76249188e-13,6.77248539e-12,7.17611355e-05,1.43522271e-03
3.12134673e-03,9.12803704e-02,2.21099530e+04,4.54015786e-03,7.12940381e-01,7.12940381e-01,6.91383666e-02,2.76553466e-01,1.90163892e-04,2.28196671e-03,2.12867522e-06,2.76727779e-05,1.02400447e-07,1.33120581e-06,5.71044388e-05,7.99462143e-04,2.58532106e-07,3.87798159e-06,2.99682756e-12,4.19555858e-11,7.31074042e-10,1.09661106e-08,3.62073216e-04,5.79317145e-03,1.37862599e-07,2.34366419e-06,3.80978652e-07,6.85761574e-06,8.19548828e-10,1.39323301e-08,3.98701850e-13,7.17663330e-12,7.17611355e-05,1.43522271e-03
3.30778588e-03,9.12803925e-02,2.21099502e+04,4.48309441e-03,7.12940343e-01,7.12940343e-01,6.91383986e-02,2.76553594e-01,1.90175375e-04,2.28210450e-03,2.12845536e-06,2.76699197e-05,1.08520176e-07,1.41076229e-06,5.71046182e-05,7.99464654e-04,2.55230667e-07,3.82846000e-06,3.36559369e-12,4.71183117e-11,7.74743115e-10,1.16211467e-08,3.62073173e-04,5.79317076e-03,1.37859391e-07,2.34360965e-06,3.66587686e-07,6.59857835e-06,8.68500981e-10,1.47645167e-08,4.22493056e-13,7.60487500e-12,7.17611355e-05,1.43522271e-03
3.50536110e-03,9.12804159e-02,2.21099472e+04,4.41683780e-03,7.12940303e-01,7.12940303e-01,6.91384316e-02,2.76553726e-01,1.90187284e-04,2.28224741e-03,2.12822240e-06,2.76668912e-05,1.15005828e-07,1.49507577e-06,5.71048082e-05,7.99467315e-04,2.51401672e-07,3.77102508e-06,3.77974220e-12,5.29163908e-11,8.21020775e-10,1.23153116e-08,3.62073127e-04,5.79317003e-03,1.37855991e-07,2.34355185e-06,3.51929909e-07,6.33473837e-06,9.20377089e-10,1.56464105e-08,4.47702442e-13,8.05864396e-12,7.17611355e-05,1.43522271e-03
3.71473756e-03,9.12804408e-02,2.21099440e+04,4.34102944e-03,7.12940262e-01,7.12940262e-01,6.91384657e-02,2.76553863e-01,1.90199588e-04,2.28239506e-03,2.12797555e-06,2.76636821e-05,1.21879296e-07,1.58443085e-06,5.71050097e-05,7.99470135e-04,2.47024484e-07,3.70536726e-06,4.24485890e-12,5.94280246e-11,8.70062859e-10,1.30509429e-08,3.62073079e-04,5.79316926e-03,1.37852389e-07,2.34349061e-06,3.37035681e-07,6.06664225e-06,9.75351805e-10,1.65809807e-08,4.74414364e-13,8.53945855e-12,7.17611355e-05,1.43522271e-03
3.93662014e-03,9.12804671e-02,2.21099407e+04,4.25538500e-03,7.12940220e-01,7.12940220e-01,6.91385007e-02,2.76554003e-01,1.90212247e-04,2.28254696e-03,2.12771399e-06,2.76602818e-05,1.29163785e-07,1.67912920e-06,5.71052231e-05,7.99473123e-04,2.42082695e-07,3.63124043e-06,4.76721725e-12,6.67410415e-11,9.22034518e-10,1.38305178e-08,3.62073027e-04,5.79316843e-03,1.37848571e-07,2.34342571e-06,3.21939111e-07,5.79490400e-06,1.03361021e-09,1.75713736e-08,5.02718171e-13,9.04892708e-12,7.17611355e-05,1.43522271e-03
4.17175586e-03,9.12804950e-02,2.21099371e+04,4.15970881e-03,7.12940176e-01,7.12940176e-01,6.91385367e-02,2.76554147e-01,1.90225209e-04,2.28270251e-03,2.12743684e-06,2.76566789e-05,1.36883884e-07,1.77949049e-06,5.71054492e-05,7.99476289e-04,2.36564952e-07,3.54847427e-06,5.35386300e-12,7.49540820e-11,9.77110771e-10,1.46566616e-08,3.62072972e-04,5.79316756e-03,1.37844526e-07,2.34335694e-06,3.06678082e-07,5.52020548e-06,1.09534846e-09,1.86209237e-08,5.32708502e-13,9.58875304e-12,7.17611355e-05,1.43522271e-03
4.42093631e-03,9.12805246e-02,2.21099334e+04,4.05390847e-03,7.12940131e-01,7.12940131e-01,6.91385734e-02,2.76554294e-01,1.90238413e-04,2.28286096e-03,2.12714317e-06,2.76528613e-05,1.45065654e-07,1.88585351e-06,5.71056888e-05,7.99479643e-04,2.30465783e-07,3.45698674e-06,6.01270928e-12,8.41779300e-11,1.03547709e-09,1.55321564e-08,3.62072914e-04,5.79316663e-03,1.37840239e-07,2.34328407e-06,2.91294210e-07,5.24329578e-06,1.16077439e-09,1.97331646e-08,5.64485594e-13,1.01607407e-11,7.17611355e-05,1.43522271e-03
4.68500040e-03,9.12805559e-02,2.21099294e+04,3.93800907e-03,7.12940085e-01,7.12940085e-01,6.91386110e-02,2.76554444e-01,1.90251785e-04,2.28302142e-03,2.12683202e-06,2.76488162e-05,1.53736713e-07,1.99857726e-06,5.71059427e-05,7.99483197e-04,2.23786417e-07,3.35679625e-06,6.75264337e-12,9.45370072e-11,1.09733004e-09,1.64599506e-08,3.62072852e-04,5.79316564e-03,1.37835697e-07,2.34320685e-06,2.75832740e-07,4.96498932e-06,1.23010828e-09,2.09118407e-08,5.98155607e-13,1.07668009e-11,7.17611355e-05,1.43522271e-03
4.96483713e-03,9.12805891e-02,2.21099252e+04,3.81216652e-03,7.12940037e-01,7.12940037e-01,6.91386491e-02,2.76554596e-01,1.90265238e-04,2.28318285e-03,2.12650232e-06,2.76445302e-05,1.62926324e-07,2.11804221e-06,5.71062116e-05,7.99486963e-04,2.16535539e-07,3.24803309e-06,7.58364663e-12,1.06171053e-10,1.16287793e-09,1.74431689e-08,3.62072787e-04,5.79316459e-03,1.37830884e-07,2.34312502e-06,2.60342373e-07,4.68616271e-06,1.30358356e-09,2.21609205e-08,6.33830976e-13,1.14089576e-11,7.17611355e-05,1.43522271e-03
5.26138860e-03,9.12806243e-02,2.21099207e+04,3.67667964e-03,7.12939988e-01,7.12939988e-01,6.91386878e-02,2.76554751e-01,1.90278673e-04,2.28334407e-03,2.12615300e-06,2.76399890e-05,1.72665500e-07,2.24465150e-06,5.71064966e-05,7.99490953e-04,2.08729983e-07,3.13094975e-06,8.51692915e-12,1.19237008e-10,1.23234150e-09,1.84851225e-08,3.62072717e-04,5.79316347e-03,1.37825783e-07,2.34303832e-06,2.44875004e-07,4.40775006e-06,1.38144761e-09,2.34846093e-08,6.71630773e-13,1.20893539e-11,7.17611355e-05,1.43522271e-03
5.57565321e-03,9.12806616e-02,2.21099160e+04,3.53199991e-03,7.12939939e-01,7.12939939e-01,6.91387268e-02,2.76554907e-01,1.90291977e-04,2.28350372e-03,2.12578287e-06,2.76351773e-05,1.82987100e-07,2.37883230e-06,5.71067986e-05,7.99495180e-04,2.00395287e-07,3.00592930e-06,9.56508105e-12,1.33911135e-10,1.30595471e-09,1.95893206e-08,3.62072642e-04,5.79316227e-03,1.37820379e-07,2.34294644e-06,2.29485380e-07,4.13073683e-06,1.46396257e-09,2.48873637e-08,7.11681097e-13,1.28102597e-11,7.17611355e-05,1.43522271e-03
5.90868894e-03,9.12807011e-02,2.21099110e+04,3.37873861e-03,7.12939889e-01,7.12939889e-01,6.91387661e-02,2.76555064e-01,1.90305024e-04,2.28366028e-03,2.12539071e-06,2.76300792e-05,1.93925943e-07,2.52103725e-06,5.71071185e-05,7.99499659e-04,1.91566097e-07,2.87349146e-06,1.07422423e-11,1.50391392e-10,1.38396548e-09,2.07594821e-08,3.62072563e-04,5.79316101e-03,1.37814652e-07,2.34284908e-06,2.14230659e-07,3.85615186e-06,1.55140626e-09,2.63739064e-08,7.54115478e-13,1.35740786e-11,7.17611355e-05,1.43522271e-03
6.26161702e-03,9.12807430e-02,2.21099057e+04,3.21767046e-03,7.12939837e-01,7.12939837e-01,6.91388054e-02,2.76555222e-01,1.90317674e-04,2.28381209e-03,2.12497521e-06,2.76246777e-05,2.05518917e-07,2.67174592e-06,5.71074574e-05,7.99504404e-04,1.82286381e-07,2.73429572e-06,1.20642933e-11,1.68900107e-10,1.46663655e-09,2.19995482e-08,3.62072478e-04,5.79315966e-03,1.37808584e-07,2.34274592e-06,1.99169875e-07,3.58505776e-06,1.64407307e-09,2.79492422e-08,7.99075315e-13,1.43833557e-11,7.17611355e-05,1.43522271e-03
6.63562562e-03,9.12807874e-02,2.21099000e+04,3.04973317e-03,7.12939786e-01,7.12939786e-01,6.91388447e-02,2.76555379e-01,1.90329775e-04,2.28395730e-03,2.12453498e-06,2.76189547e-05,2.17805107e-07,2.83146639e-06,5.71078165e-05,7.99509431e-04,1.72609397e-07,2.58914096e-06,1.35490695e-11,1.89686974e-10,1.55424637e-09,2.33136956e-08,3.62072389e-04,5.79315822e-03,1.37802154e-07,2.34263661e-06,1.84363305e-07,3.31853949e-06,1.74227501e-09,2.96186751e-08,8.46710329e-13,1.52407859e-11,7.17611355e-05,1.43522271e-03
7.03197389e-03,9.12808344e-02,2.21098940e+04,2.87602214e-03,7.12939734e-01,7.12939734e-01,6.91388837e-02,2.76555535e-01,1.90341164e-04,2.28409396e-03,2.12406855e-06,2.76128912e-05,2.30825919e-07,3.00073695e-06,5.71081970e-05,7.99514757e-04,1.62597393e-07,2.43896089e-06,1.52166015e-11,2.13032421e-10,1.64709004e-09,2.47063506e-08,3.62072293e-04,5.79315668e-03,1.37795340e-07,2.34252078e-06,1.69871738e-07,3.05769128e-06,1.84634268e-09,3.13878256e-08,8.97179046e-13,1.61492228e-11,7.17611355e-05,1.43522271e-03
7.45199617e-03,9.12808842e-02,2.21098877e+04,2.69777997e-03,7.12939681e-01,7.12939681e-01,6.91389221e-02,2.76555689e-01,1.90351665e-04,2.28421997e-03,2.12357439e-06,2.76064670e-05,2.44625218e-07,3.18012783e-06,5.71086000e-05,7.99520400e-04,1.52321003e-07,2.28481504e-06,1.70893852e-11,2.39251392e-10,1.74548027e-09,2.61822041e-08,3.62072191e-04,5.79315505e-03,1.37788120e-07,2.34239805e-06,1.55755661e-07,2.80360190e-06,1.95662648e-09,3.32626502e-08,9.50649306e-13,1.71116875e-11,7.17611355e-05,1.43522271e-03
7.89710654e-03,9.12809371e-02,2.21098810e+04,2.51638040e-03,7.12939629e-01,7.12939629e-01,6.91389600e-02,2.76555840e-01,1.90361094e-04,2.28433313e-03,2.12305084e-06,2.75996609e-05,2.59249469e-07,3.37024309e-06,5.71090270e-05,7.99526378e-04,1.41858336e-07,2.12787504e-06,1.91926851e-11,2.68697591e-10,1.84974849e-09,2.77462274e-08,3.62072082e-04,5.79315331e-03,1.37780470e-07,2.34226800e-06,1.42074362e-07,2.55733852e-06,2.07349771e-09,3.52494610e-08,1.00729880e-12,1.81313784e-11,7.17611355e-05,1.43522271e-03
8.36880350e-03,9.12809930e-02,2.21098739e+04,2.33330660e-03,7.12939576e-01,7.12939576e-01,6.91389969e-02,2.76555988e-01,1.90369263e-04,2.28443115e-03,2.12249616e-06,2.75924501e-05,2.74747891e-07,3.57172258e-06,5.71094794e-05,7.99532712e-04,1.31293730e-07,1.96940594e-06,2.15548751e-11,3.01768252e-10,1.96024593e-09,2.94036890e-08,3.62071966e-04,5.79315146e-03,1.37772365e-07,2.34213020e-06,1.28884967e-07,2.31992941e-06,2.19734985e-09,3.73549474e-08,1.06731563e-12,1.92116814e-11,7.17611355e-05,1.43522271e-03
8.86867510e-03,9.12810523e-02,2.21098664e+04,2.15012376e-03,7.12939523e-01,7.12939523e-01,6.91390328e-02,2.76556131e-01,1.90375975e-04,2.28451170e-03,2.12190851e-06,2.75848107e-05,2.91172618e-07,3.78524403e-06,5.71099586e-05,7.99539421e-04,1.20716186e-07,1.81074279e-06,2.42078205e-11,3.38909487e-10,2.07734482e-09,3.11601722e-08,3.62071843e-04,5.79314949e-03,1.37763776e-07,2.34198419e-06,1.16241436e-07,2.09234584e-06,2.32859990e-09,3.95861983e-08,1.13089894e-12,2.03561808e-11,7.17611355e-05,1.43522271e-03
9.39840419e-03,9.12811152e-02,2.21098584e+04,1.96844676e-03,7.12939471e-01,7.12939471e-01,6.91390675e-02,2.76556270e-01,1.90381034e-04,2.28457241e-03,2.12128595e-06,2.75767174e-05,3.08578866e-07,4.01152526e-06,5.71104663e-05,7.99546529e-04,1.10217526e-07,1.65326289e-06,2.71873073e-11,3.80622302e-10,2.20143962e-09,3.30215943e-08,3.62071712e-04,5.79314739e-03,1.37754675e-07,2.34182948e-06,1.04193534e-07,1.87548362e-06,2.46768975e-09,4.19507258e-08,1.19825948e-12,2.15686706e-11,7.17611355e-05,1.43522271e-03
9.95977420e-03,9.12811818e-02,2.21098499e+04,1.78990351e-03,7.12939419e-01,7.12939419e-01,6.91391007e-02,2.76556403e-01,1.90384246e-04,2.28461095e-03,2.12062641e-06,2.75681434e-05,3.27025116e-07,4.25132651e-06,5.71110042e-05,7.99554058e-04,9.98902931e-08,1.49835440e-06,3.05335245e-11,4.27469343e-10,2.33294841e-09,3.49942262e-08,3.62071572e-04,5.79314515e-03,1.37745032e-07,2.34166555e-06,9.27858188e-08,1.67014474e-06,2.61508771e-09,4.44564912e-08,1.26962035e-12,2.28531663e-11,7.17611355e-05,1.43522271e-03
1.05546750e-02,9.12812524e-02,2.21098410e+04,1.61609507e-03,7.12939368e-01,7.12939368e-01,6.91391323e-02,2.76556529e-01,1.90385418e-04,2.28462502e-03,2.11992771e-06,2.75590603e-05,3.46573301e-07,4.50545292e-06,5.71115739e-05,7.99562034e-04,8.98254742e-08,1.34738211e-06,3.42916050e-11,4.80082470e-10,2.47231425e-09,3.70847137e-08,3.62071423e-04,5.79314276e-03,1.37734816e-07,2.34149186e-06,8.20566582e-08,1.47701985e-06,2.77129006e-09,4.71119310e-08,1.34521766e-12,2.42139178e-11,7.17611355e-05,1.43522271e-03
1.11851095e-02,9.12813272e-02,2.21098315e+04,1.44855413e-03,7.12939317e-01,7.12939317e-01,6.91391622e-02,2.76556649e-01,1.90384368e-04,2.28461241e-03,2.11918754e-06,2.75494380e-05,3.67289012e-07,4.77475716e-06,5.71121774e-05,7.99570483e-04,8.01101295e-08,1.20165194e-06,3.85122332e-11,5.39171265e-10,2.62000667e-09,3.93001000e-08,3.62071264e-04,5.79314022e-03,1.37723990e-07,2.34130783e-06,7.20373370e-08,1.29667207e-06,2.93682270e-09,4.99259859e-08,1.42530125e-12,2.56554224e-11,7.17611355e-05,1.43522271e-03
1.18532001e-02,9.12814065e-02,2.21098214e+04,1.28870342e-03,7.12939267e-01,7.12939267e-01,6.91391902e-02,2.76556761e-01,1.90380921e-04,2.28457105e-03,2.11840344e-06,2.75392448e-05,3.89241705e-07,5.06014217e-06,5.71128166e-05,7.99579433e-04,7.08250146e-08,1.06237522e-06,4.32523276e-11,6.05532586e-10,2.77652330e-09,4.16478495e-08,3.62071095e-04,5.79313752e-03,1.37712520e-07,2.34111284e-06,6.27512733e-08,1.12952292e-06,3.11224298e-09,5.29081307e-08,1.51013552e-12,2.71824393e-11,7.17611355e-05,1.43522271e-03
1.25611959e-02,9.12814905e-02,2.21098107e+04,1.13781613e-03,7.12939218e-01,7.12939218e-01,6.91392162e-02,2.76556865e-01,1.90374917e-04,2.28449900e-03,2.11757284e-06,2.75284470e-05,4.12504935e-07,5.36256416e-06,5.71134938e-05,7.99588913e-04,6.20423181e-08,9.30634772e-07,4.85758058e-11,6.80061281e-10,2.94239152e-09,4.41358729e-08,3.62070915e-04,5.79313464e-03,1.37700368e-07,2.34090625e-06,5.42133919e-08,9.75841053e-07,3.29814153e-09,5.60684060e-08,1.60000021e-12,2.88000038e-11,7.17611355e-05,1.43522271e-03
1.33114806e-02,9.12815795e-02,2.21097994e+04,9.96980176e-04,7.12939169e-01,7.12939169e-01,6.91392402e-02,2.76556961e-01,1.90366211e-04,2.28439453e-03,2.11669300e-06,2.75170090e-05,4.37156588e-07,5.68303565e-06,5.71142110e-05,7.99598954e-04,5.38236203e-08,8.07354304e-07,5.45544450e-11,7.63762230e-10,3.11817026e-09,4.67725538e-08,3.62070724e-04,5.79313158e-03,1.37687492e-07,2.34068736e-06,4.64296877e-08,8.35734378e-07,3.49514426e-09,5.94174524e-08,1.69519129e-12,3.05134432e-11,7.17611355e-05,1.43522271e-03
1.41065800e-02,9.12816739e-02,2.21097874e+04,8.67068350e-04,7.12939121e-01,7.12939121e-01,6.91392620e-02,2.76557048e-01,1.90354673e-04,2.28425608e-03,2.11576102e-06,2.75048933e-05,4.63279142e-07,6.02262884e-06,5.71149707e-05,7.99609589e-04,4.62181847e-08,6.93272770e-07,6.12688472e-11,8.57763860e-10,3.30445184e-09,4.95667776e-08,3.62070520e-04,5.79312832e-03,1.37673849e-07,2.34045544e-06,3.93970133e-08,7.09146239e-07,3.70391448e-09,6.29665462e-08,1.79602184e-12,3.23283932e-11,7.17611355e-05,1.43522271e-03
1.49491710e-02,9.12817738e-02,2.21097748e+04,7.48716147e-04,7.12939073e-01,7.12939073e-01,6.91392818e-02,2.76557127e-01,1.90340194e-04,2.28408233e-03,2.11477384e-06,2.74920599e-05,4.90959930e-07,6.38247909e-06,5.71157753e-05,7.99620854e-04,3.92616906e-08,5.88925360e-07,6.88095222e-11,9.63333311e-10,3.50186405e-09,5.25279607e-08,3.62070303e-04,5.79312486e-03,1.37659396e-07,2.34020973e-06,3.31031124e-08,5.95856024e-07,3.92515513e-09,6.67276372e-08,1.90282305e-12,3.42508148e-11,7.17611355e-05,1.43522271e-03
1.58420903e-02,9.12818798e-02,2.21097613e+04,6.42308537e-04,7.12939026e-01,7.12939026e-01,6.91392995e-02,2.76557198e-01,1.90322679e-04,2.28387215e-03,2.11372821e-06,2.74784667e-05,5.20291430e-07,6.76378859e-06,5.71166274e-05,7.99632784e-04,3.29754748e-08,4.94632123e-07,7.72781050e-11,1.08189347e-09,3.71107221e-09,5.56660831e-08,3.62070073e-04,5.79312117e-03,1.37644083e-07,2.33994940e-06,2.75269204e-08,4.95484568e-07,4.15961112e-09,7.07133890e-08,2.01594515e-12,3.62870128e-11,7.17611355e-05,1.43522271e-03
1.67883439e-02,9.12819921e-02,2.21097470e+04,5.47976831e-04,7.12938979e-01,7.12938979e-01,6.91393152e-02,2.76557261e-01,1.90302054e-04,2.28362465e-03,2.11262071e-06,2.74640693e-05,5.51371566e-07,7.16783035e-06,5.71175299e-05,7.99645419e-04,2.73663492e-08,4.10495238e-07,8.67887205e-11,1.21504209e-09,3.93278143e-09,5.89917215e-08,3.62069829e-04,5.79311726e-03,1.37627859e-07,2.33967360e-06,2.26391296e-08,4.07504333e-07,4.40807188e-09,7.49372220e-08,2.13575857e-12,3.84436542e-11,7.17611355e-05,1.43522271e-03
1.77911176e-02,9.12821111e-02,2.21097319e+04,4.65605783e-04,7.12938932e-01,7.12938932e-01,6.91393289e-02,2.76557316e-01,1.90278258e-04,2.28333910e-03,2.11144772e-06,2.74488204e-05,5.84304025e-07,7.59595232e-06,5.71184857e-05,7.99658800e-04,2.24270036e-08,3.36405054e-07,9.74695176e-11,1.36457325e-09,4.16773904e-09,6.25160856e-08,3.62069569e-04,5.79311310e-03,1.37610671e-07,2.33938140e-06,1.84030165e-08,3.31254297e-07,4.67137401e-09,7.94133581e-08,2.26265494e-12,4.07277890e-11,7.17611355e-05,1.43522271e-03
1.88537874e-02,9.12822372e-02,2.21097159e+04,3.94850778e-04,7.12938885e-01,7.12938885e-01,6.91393408e-02,2.76557363e-01,1.90251244e-04,2.28301493e-03,2.11020540e-06,2.74326702e-05,6.19198600e-07,8.04958180e-06,5.71194979e-05,7.99672971e-04,1.81369844e-08,2.72054766e-07,1.09464389e-10,1.53250145e-09,4.41673704e-09,6.62510556e-08,3.62069292e-04,5.79310868e-03,1.37592461e-07,2.33907184e-06,1.47755027e-08,2.65959049e-07,4.95040407e-09,8.41568691e-08,2.39704834e-12,4.31468701e-11,7.17611355e-05,1.43522271e-03
1.99799308e-02,9.12823708e-02,2.21096989e+04,3.35164029e-04,7.12938837e-01,7.12938837e-01,6.91393510e-02,2.76557404e-01,1.90220977e-04,2.28265172e-03,2.10888971e-06,2.74155662e-05,6.56171546e-07,8.53023009e-06,5.71205697e-05,7.99687976e-04,1.44641866e-08,2.16962800e-07,1.22934906e-10,1.72108868e-09,4.68061484e-09,7.02092226e-08,3.62068999e-04,5.79310399e-03,1.37573170e-07,2.33874389e-06,1.17084153e-08,2.10751475e-07,5.24610159e-09,8.91837270e-08,2.53937646e-12,4.57087763e-11,7.17611355e-05,1.43522271e-03
2.11733391e-02,9.12825124e-02,2.21096810e+04,2.85828264e-04,7.12938789e-01,7.12938789e-01,6.91393596e-02,2.76557439e-01,1.90187426e-04,2.28224911e-03,2.10749636e-06,2.73974527e-05,6.95345958e-07,9.03949745e-06,5.71217047e-05,7.99703866e-04,1.13667751e-08,1.70501626e-07,1.38062481e-10,1.93287474e-09,4.96026209e-09,7.44039313e-08,3.62068688e-04,5.79309901e-03,1.37552733e-07,2.33839646e-06,9.14989206e-09,1.64698057e-07,5.55946225e-09,9.45108582e-08,2.69010191e-12,4.84218344e-11,7.17611355e-05,1.43522271e-03
2.24380301e-02,9.12826625e-02,2.21096619e+04,2.45995770e-04,7.12938740e-01,7.12938740e-01,6.91393669e-02,2.76557467e-01,1.90150563e-04,2.28180676e-03,2.10602083e-06,2.73782707e-05,7.36852173e-07,9.57907825e-06,5.71229064e-05,7.99720690e-04,8.79540980e-09,1.31931147e-07,1.55050811e-10,2.17071135e-09,5.25662167e-09,7.88493251e-08,3.62068358e-04,5.79309373e-03,1.37531083e-07,2.33802841e-06,7.04587376e-09,1.26825728e-07,5.89154118e-09,1.00156200e-07,2.84971355e-12,5.12948438e-11,7.17611355e-05,1.43522271e-03
2.37782616e-02,9.12828215e-02,2.21096417e+04,2.14730380e-04,7.12938690e-01,7.12938690e-01,6.91393729e-02,2.76557491e-01,1.90110360e-04,2.28132432e-03,2.10445833e-06,2.73579583e-05,7.80828192e-07,1.01507665e-05,5.71241789e-05,7.99738504e-04,6.69564114e-09,1.00434617e-07,1.74128602e-10,2.43780042e-09,5.57069291e-09,8.35603937e-08,3.62068008e-04,5.79308812e-03,1.37508148e-07,2.33763851e-06,5.34161032e-09,9.61489857e-08,6.24345659e-09,1.06138762e-07,3.01872788e-12,5.43371018e-11,7.17611355e-05,1.43522271e-03
2.51985456e-02,9.12829900e-02,2.21096203e+04,1.91049858e-04,7.12938638e-01,7.12938638e-01,6.91393778e-02,2.76557511e-01,1.90066780e-04,2.28080136e-03,2.10280382e-06,2.73364496e-05,8.27420125e-07,1.07564616e-05,5.71255260e-05,7.99757364e-04,5.01032606e-09,7.51548909e-08,1.95552640e-10,2.73773697e-09,5.90353496e-09,8.85530244e-08,3.62067636e-04,5.79308218e-03,1.37483852e-07,2.33722549e-06,3.98311216e-09,7.16960189e-08,6.61639346e-09,1.12478689e-07,3.19769053e-12,5.75584295e-11,7.17611355e-05,1.43522271e-03
2.67036636e-02,9.12831686e-02,2.21095976e+04,1.73966166e-04,7.12938584e-01,7.12938584e-01,6.91393818e-02,2.76557527e-01,1.90019778e-04,2.28023733e-03,2.10105196e-06,2.73136754e-05,8.76782660e-07,1.13981746e-05,5.71269523e-05,7.99777332e-04,3.68192470e-09,5.52288706e-08,2.19611237e-10,3.07455732e-09,6.25627037e-09,9.38440555e-08,3.62067242e-04,5.79307587e-03,1.37458116e-07,2.33678798e-06,2.91847600e-09,5.25325681e-08,7.01160760e-09,1.19197329e-07,3.38717775e-12,6.09691996e-11,7.17611355e-05,1.43522271e-03
2.82986829e-02,9.12833579e-02,2.21095736e+04,1.62521459e-04,7.12938528e-01,7.12938528e-01,6.91393850e-02,2.76557540e-01,1.89969294e-04,2.27963153e-03,2.09919711e-06,2.72895624e-05,9.29079562e-07,1.20780343e-05,5.71284621e-05,7.99798469e-04,2.65455217e-09,3.98182826e-08,2.46628089e-10,3.45279324e-09,6.63008892e-09,9.94513337e-08,3.62066824e-04,5.79306919e-03,1.37430855e-07,2.33632453e-06,2.09902452e-09,3.77824414e-08,7.43042984e-09,1.26317307e-07,3.58779805e-12,6.45803649e-11,7.17611355e-05,1.43522271e-03
2.99889732e-02,9.12835584e-02,2.21095481e+04,1.55818076e-04,7.12938470e-01,7.12938470e-01,6.91393877e-02,2.76557551e-01,1.89915251e-04,2.27898301e-03,2.09723332e-06,2.72640332e-05,9.84484194e-07,1.27982945e-05,5.71300603e-05,7.99820844e-04,1.87568760e-09,2.81353139e-08,2.76966617e-10,3.87753264e-09,7.02625164e-09,1.05393775e-07,3.62066381e-04,5.79306210e-03,1.37401978e-07,2.33583363e-06,1.48021216e-09,2.66438189e-08,7.87427051e-09,1.33862599e-07,3.80019381e-12,6.84034886e-11,7.17611355e-05,1.43522271e-03
3.17802252e-02,9.12837710e-02,2.21095211e+04,1.53041399e-04,7.12938409e-01,7.12938409e-01,6.91393898e-02,2.76557559e-01,1.89857552e-04,2.27829062e-03,2.09515433e-06,2.72370062e-05,1.04318006e-06,1.35613408e-05,5.71317520e-05,7.99844528e-04,1.29747579e-09,1.94621368e-08,3.11034835e-10,4.35448769e-09,7.44609510e-09,1.11691426e-07,3.62065912e-04,5.79305459e-03,1.37371391e-07,2.33531365e-06,1.02226587e-09,1.84007857e-08,8.34462422e-09,1.41858612e-07,4.02504305e-12,7.24507748e-11,7.17611355e-05,1.43522271e-03
3.36784693e-02,9.12839962e-02,2.21094925e+04,1.53475106e-04,7.12938344e-01,7.12938344e-01,6.91393916e-02,2.76557566e-01,1.89796079e-04,2.27755295e-03,2.09295349e-06,2.72083953e-05,1.10536141e-06,1.43696983e-05,5.71335425e-05,7.99869596e-04,8.77594204e-10,1.31639131e-08,3.49290812e-10,4.89007137e-09,7.89103593e-09,1.18365539e-07,3.62065414e-04,5.79304662e-03,1.37338995e-07,2.33476291e-06,6.90549679e-10,1.24298942e-08,8.84307490e-09,1.50332273e-07,4.26306120e-12,7.67351016e-11,7.17611355e-05,1.43522271e-03
3.56900962e-02,9.12842349e-02,2.21094622e+04,1.56508962e-04,7.12938276e-01,7.12938276e-01,6.91393931e-02,2.76557573e-01,1.89730693e-04,2.27676831e-03,2.09062381e-06,2.71781095e-05,1.17123380e-06,1.52260394e-05,5.71354375e-05,7.99896125e-04,5.79693767e-10,8.69540650e-09,3.92248804e-10,5.49148325e-09,8.36257564e-09,1.25438635e-07,3.62064886e-04,5.79303818e-03,1.37304682e-07,2.33417959e-06,4.55661586e-10,8.20190855e-09,9.37130110e-09,1.59312119e-07,4.51500299e-12,8.12700538e-11,7.17611355e-05,1.43522271e-03
3.78218782e-02,9.12844879e-02,2.21094301e+04,1.61639863e-04,7.12938205e-01,7.12938205e-01,6.91393945e-02,2.76557578e-01,1.89661228e-04,2.27593474e-03,2.08815792e-06,2.71460529e-05,1.24101480e-06,1.61331924e-05,5.71374429e-05,7.99924200e-04,3.73453925e-10,5.60180887e-09,4.40486131e-10,6.16680584e-09,8.86230572e-09,1.32934586e-07,3.62064327e-04,5.79302923e-03,1.37268340e-07,2.33356178e-06,2.93289931e-10,5.27921876e-09,9.93108168e-09,1.68828389e-07,4.78166435e-12,8.60699583e-11,7.17611355e-05,1.43522271e-03
4.00809924e-02,9.12847559e-02,2.21093961e+04,1.68467265e-04,7.12938129e-01,7.12938129e-01,6.91393957e-02,2.76557583e-01,1.89587499e-04,2.27504998e-03,2.08554804e-06,2.71121245e-05,1.31493461e-06,1.70941500e-05,5.71395648e-05,7.99953907e-04,2.34316435e-10,3.51474653e-09,4.94650902e-10,6.92511263e-09,9.39191308e-09,1.40878696e-07,3.62063734e-04,5.79301975e-03,1.37229852e-07,2.33290748e-06,1.83871095e-10,3.30967972e-09,1.05243018e-08,1.78913131e-07,5.06388443e-12,9.11499198e-11,7.17611355e-05,1.43522271e-03
4.24750442e-02,9.12850400e-02,2.21093600e+04,1.76684375e-04,7.12938049e-01,7.12938049e-01,6.91393968e-02,2.76557587e-01,1.89509295e-04,2.27411154e-03,2.08278597e-06,2.70762176e-05,1.39323682e-06,1.81120787e-05,5.71418100e-05,7.99985340e-04,1.42977402e-10,2.14466102e-09,5.55470671e-10,7.77658939e-09,9.95318571e-09,1.49297786e-07,3.62063106e-04,5.79300970e-03,1.37189091e-07,2.33221455e-06,1.12100353e-10,2.01780635e-09,1.11529592e-08,1.89600307e-07,5.36254767e-12,9.65258580e-11,7.17611355e-05,1.43522271e-03
4.50120936e-02,9.12853410e-02,2.21093218e+04,1.86066615e-04,7.12937964e-01,7.12937964e-01,6.91393979e-02,2.76557591e-01,1.89426384e-04,2.27311660e-03,2.07986307e-06,2.70382199e-05,1.47617911e-06,1.91903285e-05,5.71441853e-05,8.00018594e-04,8.47223237e-11,1.27083485e-09,6.23762162e-10,8.73267026e-09,1.05480189e-08,1.58220283e-07,3.62062441e-04,5.79299905e-03,1.37145926e-07,2.33148074e-06,6.63517406e-11,1.19433133e-09,1.18191712e-08,2.00925911e-07,5.67858587e-12,1.02214546e-10,7.17611355e-05,1.43522271e-03
4.77006819e-02,9.12856601e-02,2.21092813e+04,1.96458753e-04,7.12937875e-01,7.12937875e-01,6.91393990e-02,2.76557596e-01,1.89338512e-04,2.27206214e-03,2.07677023e-06,2.69980130e-05,1.56403409e-06,2.03324432e-05,5.71466981e-05,8.00053773e-04,4.86852055e-11,7.30278082e-10,7.00442169e-10,9.80619036e-09,1.11784214e-08,1.67676322e-07,3.62061735e-04,5.79298776e-03,1.37100215e-07,2.33070366e-06,3.80610369e-11,6.85098663e-10,1.25251814e-08,2.12928084e-07,6.01298045e-12,1.08233648e-10,7.17611355e-05,1.43522271e-03
5.05498605e-02,9.12859981e-02,2.21092383e+04,2.07761943e-04,7.12937780e-01,7.12937780e-01,6.91394001e-02,2.76557600e-01,1.89245403e-04,2.27094483e-03,2.07349788e-06,2.69554724e-05,1.65709010e-06,2.15421712e-05,5.71493559e-05,8.00090983e-04,2.71017482e-11,4.06526223e-10,7.86539792e-10,1.10115571e-08,1.18465229e-08,1.77697843e-07,3.62060987e-04,5.79297580e-03,1.37051812e-07,2.32988081e-06,2.11191726e-11,3.80145107e-10,1.32733677e-08,2.25647250e-07,6.36676460e-12,1.14601763e-10,7.17611355e-05,1.43522271e-03
5.35692215e-02,9.12863564e-02,2.21091928e+04,2.19921618e-04,7.12937679e-01,7.12937679e-01,6.91394012e-02,2.76557605e-01,1.89146761e-04,2.26976113e-03,2.07003592e-06,2.69104669e-05,1.75565206e-06,2.28234767e-05,5.71521669e-05,8.00130337e-04,1.46109218e-11,2.19163828e-10,8.83210159e-10,1.23649422e-08,1.25545803e-08,1.88318705e-07,3.62060195e-04,5.79296312e-03,1.37000561e-07,2.32900953e-06,1.13129883e-11,2.03633789e-10,1.40662498e-08,2.39126247e-07,6.74102565e-12,1.21338462e-10,7.17611355e-05,1.43522271e-03
5.67689301e-02,9.12867361e-02,2.21091446e+04,2.32916881e-04,7.12937573e-01,7.12937573e-01,6.91394024e-02,2.76557610e-01,1.89042268e-04,2.26850721e-03,2.06637373e-06,2.68628585e-05,1.86004243e-06,2.41805516e-05,5.71551396e-05,8.00171954e-04,7.64134525e-12,1.14620179e-10,9.91749821e-10,1.38844975e-08,1.33049865e-08,1.99574798e-07,3.62059355e-04,5.79294968e-03,1.36946295e-07,2.32808702e-06,5.83802955e-12,1.05084532e-10,1.49064984e-08,2.53410474e-07,7.13690731e-12,1.28464332e-10,7.17611355e-05,1.43522271e-03
6.01597583e-02,9.12871384e-02,2.21090935e+04,2.46751718e-04,7.12937460e-01,7.12937460e-01,6.91394037e-02,2.76557615e-01,1.88931585e-04,2.26717902e-03,2.06250016e-06,2.68125021e-05,1.97060215e-06,2.56178279e-05,5.71582827e-05,8.00215958e-04,3.90150918e-12,5.85226377e-11,1.11361402e-09,1.55905962e-08,1.41002777e-08,2.11504166e-07,3.62058465e-04,5.79293545e-03,1.36888841e-07,2.32711030e-06,2.89583107e-12,5.21249593e-11,1.57969436e-08,2.68548041e-07,7.55561209e-12,1.36001018e-10,7.17611355e-05,1.43522271e-03
6.37531220e-02,9.12875648e-02,2.21090394e+04,2.61448108e-04,7.12937341e-01,7.12937341e-01,6.91394050e-02,2.76557620e-01,1.88814354e-04,2.26577225e-03,2.05840346e-06,2.67592449e-05,2.08769164e-06,2.71399913e-05,5.71616058e-05,8.00262481e-04,1.97793759e-12,2.96690639e-11,1.25043604e-09,1.75061045e-08,1.49431426e-08,2.24147140e-07,3.62057522e-04,5.79292035e-03,1.36828016e-07,2.32607627e-06,1.37742982e-12,2.47937367e-11,1.67405846e-08,2.84589938e-07,7.99840364e-12,1.43971266e-10,7.17611355e-05,1.43522271e-03
6.75611185e-02,9.12880167e-02,2.21089820e+04,2.77040913e-04,7.12937214e-01,7.12937214e-01,6.91394065e-02,2.76557626e-01,1.88690193e-04,2.26428231e-03,2.05407130e-06,2.67029268e-05,2.21169186e-06,2.87519942e-05,5.71651185e-05,8.00311659e-04,1.03416161e-12,1.55124242e-11,1.40404895e-09,1.96566853e-08,1.58364314e-08,2.37546471e-07,3.62056523e-04,5.79290436e-03,1.36763624e-07,2.32498161e-06,6.26707602e-13,1.12807368e-11,1.77406000e-08,3.01590199e-07,8.46660916e-12,1.52398965e-10,7.17611355e-05,1.43522271e-03
7.15965680e-02,9.12884955e-02,2.21089212e+04,2.93574290e-04,7.12937080e-01,7.12937080e-01,6.91394080e-02,2.76557632e-01,1.88558697e-04,2.26270437e-03,2.04949073e-06,2.66433795e-05,2.34300543e-06,3.04590706e-05,5.71688311e-05,8.00363636e-04,5.96324911e-13,8.94487367e-12,1.57650995e-09,2.20711393e-08,1.67831655e-08,2.51747482e-07,3.62055463e-04,5.79288741e-03,1.36695462e-07,2.32382285e-06,2.72022623e-13,4.89640722e-12,1.88003582e-08,3.19606090e-07,8.96162178e-12,1.61309192e-10,7.17611355e-05,1.43522271e-03
7.58730563e-02,9.12890029e-02,2.21088568e+04,3.11099324e-04,7.12936938e-01,7.12936938e-01,6.91394095e-02,2.76557638e-01,1.88419440e-04,2.26103328e-03,2.04464817e-06,2.65804262e-05,2.48205777e-06,3.22667510e-05,5.71727544e-05,8.00418562e-04,4.08070937e-13,6.12106406e-12,1.77012765e-09,2.47817872e-08,1.77865479e-08,2.66798218e-07,3.62054341e-04,5.79286945e-03,1.36623313e-07,2.32259632e-06,1.12322896e-13,2.02181212e-12,1.99234293e-08,3.38698298e-07,9.48490291e-12,1.70728252e-10,7.17611355e-05,1.43522271e-03
8.04049808e-02,9.12895407e-02,2.21087885e+04,3.29672586e-04,7.12936788e-01,7.12936788e-01,6.91394112e-02,2.76557645e-01,1.88271969e-04,2.25926363e-03,2.03952936e-06,2.65138816e-05,2.62929831e-06,3.41808781e-05,5.71768997e-05,8.00476595e-04,3.37293649e-13,5.05940473e-12,1.98749275e-09,2.78248986e-08,1.88499743e-08,2.82749614e-07,3.62053151e-04,5.79285042e-03,1.36546949e-07,2.32129814e-06,4.39914293e-14,7.91845727e-13,2.11135964e-08,3.58931140e-07,1.00379846e-11,1.80683723e-10,7.17611355e-05,1.43522271e-03
8.52075987e-02,9.12901106e-02,2.21087161e+04,3.49355328e-04,7.12936629e-01,7.12936629e-01,6.91394130e-02,2.76557652e-01,1.88115807e-04,2.25738969e-03,2.03411936e-06,2.64435517e-05,2.78520179e-06,3.62076232e-05,5.71812786e-05,8.00537900e-04,3.19330780e-13,4.78996170e-12,2.23151230e-09,3.12411722e-08,1.99770446e-08,2.99655669e-07,3.62051890e-04,5.79283024e-03,1.36466131e-07,2.31992423e-06,1.62916989e-14,2.93250581e-13,2.23748692e-08,3.80372776e-07,1.06224718e-11,1.91204492e-10,7.17611355e-05,1.43522271e-03
9.02970787e-02,9.12907145e-02,2.21086394e+04,3.70213127e-04,7.12936460e-01,7.12936460e-01,6.91394149e-02,2.76557659e-01,1.87950449e-04,2.25540539e-03,2.02840254e-06,2.63692330e-05,2.95026953e-06,3.83535038e-05,5.71859035e-05,8.00602649e-04,3.24216727e-13,4.86325091e-12,2.50544821e-09,3.50762750e-08,2.11715755e-08,3.17573632e-07,3.62050554e-04,5.79280886e-03,1.36380605e-07,2.31847028e-06,5.68765796e-15,1.02377843e-13,2.37114967e-08,4.03095445e-07,1.12400445e-11,2.02320801e-10,7.17611355e-05,1.43522271e-03
9.56905551e-02,9.12913545e-02,2.21085582e+04,3.92315782e-04,7.12936282e-01,7.12936282e-01,6.91394169e-02,2.76557667e-01,1.87775362e-04,2.25330434e-03,2.02236252e-06,2.62907127e-05,3.12503084e-06,4.06254010e-05,5.71907872e-05,8.00671021e-04,3.38857537e-13,5.08286305e-12,2.81296037e-09,3.93814452e-08,2.24376131e-08,3.36564197e-07,3.62049138e-04,5.79278620e-03,1.36290105e-07,2.31693178e-06,1.86715203e-15,3.36087366e-14,2.51279823e-08,4.27175699e-07,1.18924598e-11,2.14064277e-10,7.17611355e-05,1.43522271e-03
1.01406186e-01,9.12920327e-02,2.21084720e+04,4.15737399e-04,7.12936093e-01,7.12936093e-01,6.91394190e-02,2.76557676e-01,1.87589982e-04,2.25107979e-03,2.01598218e-06,2.62077684e-05,3.31004447e-06,4.30305781e-05,5.71959431e-05,8.00743203e-04,3.57891638e-13,5.36837457e-12,3.15815498e-09,4.42141698e-08,2.37794477e-08,3.56691715e-07,3.62047637e-04,5.79276219e-03,1.36194350e-07,2.31530394e-06,5.76462268e-16,1.03763208e-14,2.66290984e-08,4.52694673e-07,1.25815540e-11,2.26467972e-10,7.17611355e-05,1.43522271e-03
1.07463213e-01,9.12927514e-02,2.21083808e+04,4.40556549e-04,7.12935893e-01,7.12935893e-01,6.91394212e-02,2.76557685e-01,1.87393716e-04,2.24872459e-03,2.00924365e-06,2.61201674e-05,3.50590004e-06,4.55767005e-05,5.72013851e-05,8.00819391e-04,3.79287916e-13,5.68931874e-12,3.54563872e-09,4.96389420e-08,2.52016276e-08,3.78024414e-07,3.62046046e-04,5.79273674e-03,1.36093044e-07,2.31358175e-06,1.69290775e-16,3.04723395e-15,2.82199030e-08,4.79738351e-07,1.33092440e-11,2.39566392e-10,7.17611355e-05,1.43522271e-03
1.13882029e-01,9.12935130e-02,2.21082841e+04,4.66856504e-04,7.12935681e-01,7.12935681e-01,6.91394236e-02,2.76557694e-01,1.87185935e-04,2.24623122e-03,2.00212826e-06,2.60276673e-05,3.71321965e-06,4.82718555e-05,5.72071277e-05,8.00899787e-04,4.02359919e-13,6.03539879e-12,3.98057938e-09,5.57281113e-08,2.67089756e-08,4.00634635e-07,3.62044360e-04,5.79270976e-03,1.35985877e-07,2.31175991e-06,4.99795042e-17,8.99631076e-16,2.99057563e-08,5.08397858e-07,1.40775291e-11,2.53395523e-10,7.17611355e-05,1.43522271e-03
1.20684243e-01,9.12943202e-02,2.21081816e+04,4.94725491e-04,7.12935457e-01,7.12935457e-01,6.91394261e-02,2.76557704e-01,1.86965978e-04,2.24359173e-03,1.99461655e-06,2.59300152e-05,3.93265946e-06,5.11245730e-05,5.72131859e-05,8.00984603e-04,4.26929550e-13,6.40394325e-12,4.46877391e-09,6.25628348e-08,2.83066054e-08,4.24599081e-07,3.62042573e-04,5.79268117e-03,1.35872522e-07,2.30983288e-06,1.78178623e-17,3.20721521e-16,3.16923394e-08,5.38769770e-07,1.48884919e-11,2.67992855e-10,7.17611355e-05,1.43522271e-03
1.27892755e-01,9.12951755e-02,2.21080730e+04,5.24256982e-04,7.12935219e-01,7.12935219e-01,6.91394288e-02,2.76557715e-01,1.86733145e-04,2.24079774e-03,1.98668827e-06,2.58269475e-05,4.16491134e-06,5.41438474e-05,5.72195754e-05,8.01074055e-04,4.52999443e-13,6.79499164e-12,5.01672450e-09,7.02341430e-08,2.99999389e-08,4.49999084e-07,3.62040680e-04,5.79265088e-03,1.35752636e-07,2.30779481e-06,1.00773807e-17,1.81392853e-16,3.35856729e-08,5.70956440e-07,1.57442998e-11,2.83397396e-10,7.17611355e-05,1.43522271e-03
1.35531835e-01,9.12960819e-02,2.21079578e+04,5.55550000e-04,7.12934968e-01,7.12934968e-01,6.91394316e-02,2.76557726e-01,1.86486700e-04,2.23784040e-03,1.97832233e-06,2.57181903e-05,4.41070461e-06,5.73391599e-05,5.72263123e-05,8.01168372e-04,4.80634107e-13,7.20951161e-12,5.63172386e-09,7.88441340e-08,3.17947258e-08,4.76920888e-07,3.62038673e-04,5.79261877e-03,1.35625856e-07,2.30563956e-06,8.65273973e-18,1.55749315e-16,3.55921377e-08,6.05066341e-07,1.66472047e-11,2.99649684e-10,7.17611355e-05,1.43522271e-03
1.43627199e-01,9.12970425e-02,2.21078359e+04,5.88709446e-04,7.12934701e-01,7.12934701e-01,6.91394346e-02,2.76557738e-01,1.86225865e-04,2.23471038e-03,1.96949686e-06,2.56034592e-05,4.67080778e-06,6.07205011e-05,5.72334133e-05,8.01267786e-04,5.09920247e-13,7.64880370e-12,6.32195068e-09,8.85073095e-08,3.36970629e-08,5.05455943e-07,3.62036546e-04,5.79258473e-03,1.35491805e-07,2.30336069e-06,8.74020789e-18,1.57323742e-16,3.77184963e-08,6.41214437e-07,1.75995436e-11,3.16791785e-10,7.17611355e-05,1.43522271e-03
1.52206102e-01,9.12980605e-02,2.21077066e+04,6.23846443e-04,7.12934420e-01,7.12934420e-01,6.91394378e-02,2.76557751e-01,1.85949821e-04,2.23139785e-03,1.96018914e-06,2.54824588e-05,4.94603041e-06,6.42983953e-05,5.72408956e-05,8.01372539e-04,5.40954732e-13,8.11432097e-12,7.09657656e-09,9.93520719e-08,3.57134153e-08,5.35701230e-07,3.62034292e-04,5.79254866e-03,1.35350085e-07,2.30095144e-06,9.17434320e-18,1.65138178e-16,3.99719158e-08,6.79522569e-07,1.86037380e-11,3.34867284e-10,7.17611355e-05,1.43522271e-03
1.61297427e-01,9.12991392e-02,2.21075696e+04,6.61078703e-04,7.12934121e-01,7.12934121e-01,6.91394411e-02,2.76557764e-01,1.85657704e-04,2.22789245e-03,1.95037566e-06,2.53548836e-05,5.23722492e-06,6.80839240e-05,5.72487771e-05,8.01482879e-04,5.73841444e-13,8.60762166e-12,7.96588559e-09,1.11522398e-07,3.78506395e-08,5.67759593e-07,3.62031902e-04,5.79251044e-03,1.35200278e-07,2.29840473e-06,9.69852160e-18,1.74573389e-16,4.23599921e-08,7.20119865e-07,1.96622927e-11,3.53921269e-10,7.17611355e-05,1.43522271e-03
1.70931779e-01,9.13002824e-02,2.21074245e+04,7.00530912e-04,7.12933806e-01,7.12933806e-01,6.91394447e-02,2.76557779e-01,1.85348606e-04,2.22418328e-03,1.94003210e-06,2.52204173e-05,5.54528855e-06,7.20887512e-05,5.72570759e-05,8.01599062e-04,6.08690724e-13,9.13036086e-12,8.94140824e-09,1.25179715e-07,4.01160066e-08,6.01740100e-07,3.62029370e-04,5.79246992e-03,1.35041949e-07,2.29571313e-06,1.02624136e-17,1.84723445e-16,4.48907756e-08,7.63143185e-07,2.07777941e-11,3.74000294e-10,7.17611355e-05,1.43522271e-03
1.81141595e-01,9.13014939e-02,2.21072706e+04,7.42335140e-04,7.12933472e-01,7.12933472e-01,6.91394485e-02,2.76557794e-01,1.85021569e-04,2.22025882e-03,1.92913338e-06,2.50787340e-05,5.87116528e-06,7.63251486e-05,5.72658107e-05,8.01721350e-04,6.45619528e-13,9.68429292e-12,1.00360712e-08,1.40504996e-07,4.25172281e-08,6.37758422e-07,3.62026686e-04,5.79242698e-03,1.34874639e-07,2.29286886e-06,1.08580333e-17,1.95444599e-16,4.75727984e-08,8.08737573e-07,2.19529074e-11,3.95152333e-10,7.17611355e-05,1.43522271e-03
1.91961246e-01,9.13027777e-02,2.21071076e+04,7.86631272e-04,7.12933118e-01,7.12933118e-01,6.91394525e-02,2.76557810e-01,1.84675584e-04,2.21610700e-03,1.91765366e-06,2.49294976e-05,6.21584778e-06,8.08060212e-05,5.72750006e-05,8.01850009e-04,6.84751770e-13,1.02712766e-11,1.12643647e-08,1.57701106e-07,4.50624827e-08,6.75937241e-07,3.62023841e-04,5.79238146e-03,1.34697870e-07,2.28986379e-06,1.14852268e-17,2.06734082e-16,5.04151035e-08,8.57056759e-07,2.31903733e-11,4.17426719e-10,7.17611355e-05,1.43522271e-03
2.03427159e-01,9.13041383e-02,2.21069348e+04,8.33567462e-04,7.12932744e-01,7.12932744e-01,6.91394567e-02,2.76557827e-01,1.84309590e-04,2.21171509e-03,1.90556638e-06,2.47723629e-05,6.58037946e-06,8.55449330e-05,5.72846651e-05,8.01985312e-04,7.26218725e-13,1.08932809e-11,1.26425304e-08,1.76995425e-07,4.77604451e-08,7.16406677e-07,3.62020826e-04,5.79233322e-03,1.34511142e-07,2.28668942e-06,1.21451544e-17,2.18612779e-16,5.34272748e-08,9.08263672e-07,2.44930032e-11,4.40874057e-10,7.17611355e-05,1.43522271e-03
2.15577935e-01,9.13055801e-02,2.21067517e+04,8.83300619e-04,7.12932349e-01,7.12932349e-01,6.91394612e-02,2.76557845e-01,1.83922474e-04,2.20706968e-03,1.89284431e-06,2.46069760e-05,6.96585645e-06,9.05561338e-05,5.72948239e-05,8.02127535e-04,7.70159455e-13,1.15523918e-11,1.41887702e-08,1.98642782e-07,5.06203162e-08,7.59304744e-07,3.62017631e-04,5.79228209e-03,1.34313934e-07,2.28333687e-06,1.28391917e-17,2.31105450e-16,5.66194703e-08,9.62530996e-07,2.58636736e-11,4.65546124e-10,7.17611355e-05,1.43522271e-03
2.28454482e-01,9.13071080e-02,2.21065577e+04,9.35996910e-04,7.12931930e-01,7.12931930e-01,6.91394660e-02,2.76557864e-01,1.83513061e-04,2.20215673e-03,1.87945962e-06,2.44329751e-05,7.37342958e-06,9.58545845e-05,5.73054970e-05,8.02276959e-04,8.16721272e-13,1.22508191e-11,1.59234807e-08,2.22928730e-07,5.36518558e-08,8.04777837e-07,3.62014244e-04,5.79222790e-03,1.34105700e-07,2.27979691e-06,1.35687599e-17,2.44237678e-16,6.00024560e-08,1.02004175e-06,2.73053190e-11,4.91495742e-10,7.17611355e-05,1.43522271e-03
2.42100149e-01,9.13087271e-02,2.21063521e+04,9.91832301e-04,7.12931487e-01,7.12931487e-01,6.91394711e-02,2.76557885e-01,1.83080120e-04,2.19696144e-03,1.86538394e-06,2.42499912e-05,7.80430644e-06,1.01455984e-04,5.73167045e-05,8.02433864e-04,8.66060219e-13,1.29909033e-11,1.78695151e-08,2.50173212e-07,5.68654165e-08,8.52981247e-07,3.62010654e-04,5.79217046e-03,1.33885875e-07,2.27605987e-06,1.43353009e-17,2.58035416e-16,6.35876425e-08,1.08098992e-06,2.88209235e-11,5.18776623e-10,7.17611355e-05,1.43522271e-03
2.56560876e-01,9.13104430e-02,2.21061342e+04,1.05099312e-03,7.12931019e-01,7.12931019e-01,6.91394765e-02,2.76557906e-01,1.82622357e-04,2.19146829e-03,1.85058844e-06,2.40576497e-05,8.25975331e-06,1.07376793e-04,5.73284666e-05,8.02598532e-04,9.18341579e-13,1.37751237e-11,2.00524749e-08,2.80734648e-07,6.02719806e-08,9.04079709e-07,3.62006848e-04,5.79210958e-03,1.33653868e-07,2.27211575e-06,1.51402675e-17,2.72524815e-16,6.73871240e-08,1.14558111e-06,3.04135103e-11,5.47443185e-10,7.17611355e-05,1.43522271e-03
2.71885348e-01,9.13122614e-02,2.21059033e+04,1.11367665e-03,7.12930524e-01,7.12930524e-01,6.91394823e-02,2.76557929e-01,1.82138416e-04,2.18566099e-03,1.83504393e-06,2.38555711e-05,8.74109707e-06,1.13634262e-04,5.73408032e-05,8.02771245e-04,9.73740417e-13,1.46061063e-11,2.25010364e-08,3.15014509e-07,6.38831989e-08,9.58247983e-07,3.62002815e-04,5.79204504e-03,1.33409066e-07,2.26795412e-06,1.59851173e-17,2.87732111e-16,7.14137189e-08,1.21403322e-06,3.20861301e-11,5.77550341e-10,7.17611355e-05,1.43522271e-03
2.88125156e-01,9.13141884e-02,2.21056586e+04,1.18009177e-03,7.12930000e-01,7.12930000e-01,6.91394884e-02,2.76557954e-01,1.81626873e-04,2.17952247e-03,1.81872100e-06,2.36433730e-05,9.24972712e-06,1.20246453e-04,5.73537343e-05,8.02952280e-04,1.03244215e-12,1.54866322e-11,2.52473151e-08,3.53462411e-07,6.77114316e-08,1.01567147e-06,3.61998540e-04,5.79197664e-03,1.33150834e-07,2.26356418e-06,1.68713037e-17,3.03683466e-16,7.56810139e-08,1.28657724e-06,3.38418470e-11,6.09153247e-10,7.17611355e-05,1.43522271e-03
3.05334974e-01,9.13162304e-02,2.21053993e+04,1.25045960e-03,7.12929447e-01,7.12929447e-01,6.91394949e-02,2.76557980e-01,1.81086235e-04,2.17303482e-03,1.80159012e-06,2.34206715e-05,9.78709708e-06,1.27232262e-04,5.73672793e-05,8.03141910e-04,1.09464314e-12,1.64196472e-11,2.83272721e-08,3.96581810e-07,7.17697925e-08,1.07654689e-06,3.61994009e-04,5.79190414e-03,1.32878514e-07,2.25893474e-06,1.78002676e-17,3.20404817e-16,8.02034094e-08,1.36345796e-06,3.56837227e-11,6.42307008e-10,7.17611355e-05,1.43522271e-03
3.23572739e-01,9.13183945e-02,2.21051245e+04,1.32501420e-03,7.12928862e-01,7.12928862e-01,6.91395018e-02,2.76558007e-01,1.80514941e-04,2.16617929e-03,1.78362183e-06,2.31870838e-05,1.03547265e-05,1.34611444e-04,5.73814571e-05,8.03340400e-04,1.16055136e-12,1.74082704e-11,3.17811675e-08,4.44936345e-07,7.60721956e-08,1.14108293e-06,3.61989205e-04,5.79182728e-03,1.32591426e-07,2.25405424e-06,1.87734260e-17,3.37921667e-16,8.49961693e-08,1.44493488e-06,3.76147974e-11,6.77066353e-10,7.17611355e-05,1.43522271e-03
3.42899854e-01,9.13206878e-02,2.21048333e+04,1.40400332e-03,7.12928243e-01,7.12928243e-01,6.91395092e-02,2.76558037e-01,1.79911356e-04,2.15893627e-03,1.76478690e-06,2.29422298e-05,1.09542022e-05,1.42404628e-04,5.73962861e-05,8.03548005e-04,1.23038701e-12,1.84558051e-11,3.56540655e-08,4.99156917e-07,8.06334042e-08,1.20950106e-06,3.61984114e-04,5.79174582e-03,1.32288868e-07,2.24891076e-06,1.97921608e-17,3.56258894e-16,9.00754722e-08,1.53128303e-06,3.96380695e-11,7.13485251e-10,7.17611355e-05,1.43522271e-03
3.63381383e-01,9.13231181e-02,2.21045247e+04,1.48768914e-03,7.12927590e-01,7.12927590e-01,6.91395171e-02,2.76558068e-01,1.79273770e-04,2.15128524e-03,1.74505657e-06,2.26857354e-05,1.15871799e-05,1.50633338e-04,5.74117833e-05,8.03764966e-04,1.30438326e-12,1.95657489e-11,3.99963983e-08,5.59949576e-07,8.54690842e-08,1.28203626e-06,3.61978717e-04,5.79165946e-03,1.31970119e-07,2.24349202e-06,2.08578052e-17,3.75440494e-16,9.54584669e-08,1.62279394e-06,4.17564712e-11,7.51616482e-10,7.17611355e-05,1.43522271e-03
3.85086282e-01,9.13256936e-02,2.21041976e+04,1.57634908e-03,7.12926899e-01,7.12926899e-01,6.91395255e-02,2.76558102e-01,1.78600399e-04,2.14320479e-03,1.72440272e-06,2.24172353e-05,1.22553850e-05,1.59320005e-04,5.74279649e-05,8.03991508e-04,1.38278701e-12,2.07418052e-11,4.48645931e-08,6.28104303e-07,9.05958593e-08,1.35893789e-06,3.61972995e-04,5.79156793e-03,1.31634438e-07,2.23778545e-06,2.19716287e-17,3.95489317e-16,1.01163331e-07,1.71977662e-06,4.39728421e-11,7.91511157e-10,7.17611355e-05,1.43522271e-03
4.08087621e-01,9.13284229e-02,2.21038511e+04,1.67027669e-03,7.12926169e-01,7.12926169e-01,6.91395344e-02,2.76558138e-01,1.77889378e-04,2.13467254e-03,1.70279818e-06,2.21363763e-05,1.29606135e-05,1.68487976e-04,5.74448454e-05,8.04227835e-04,1.46585963e-12,2.19878944e-11,5.03217708e-08,7.04504792e-07,9.60313714e-08,1.44047057e-06,3.61966931e-04,5.79147089e-03,1.31281067e-07,2.23177813e-06,2.31348206e-17,4.16426770e-16,1.07209331e-07,1.82255862e-06,4.62898989e-11,8.33218181e-10,7.17611355e-05,1.43522271e-03
4.32462839e-01,9.13313152e-02,2.21034838e+04,1.76978243e-03,7.12925399e-01,7.12925399e-01,6.91395440e-02,2.76558176e-01,1.77138766e-04,2.12566520e-03,1.68021702e-06,2.18428213e-05,1.37047327e-05,1.78161526e-04,5.74624377e-05,8.04474128e-04,1.55387780e-12,2.33081670e-11,5.64385235e-08,7.90139329e-07,1.01794343e-07,1.52691514e-06,3.61960502e-04,5.79136803e-03,1.30909232e-07,2.22545694e-06,2.43484713e-17,4.38272483e-16,1.13616892e-07,1.93148716e-06,4.87102025e-11,8.76783644e-10,7.17611355e-05,1.43522271e-03
4.58293997e-01,9.13343803e-02,2.21030946e+04,1.87519472e-03,7.12924585e-01,7.12924585e-01,6.91395542e-02,2.76558217e-01,1.76346541e-04,2.11615849e-03,1.65663485e-06,2.15362530e-05,1.44896811e-05,1.88365854e-04,5.74807525e-05,8.04730535e-04,1.64713441e-12,2.47070161e-11,6.32937785e-08,8.86112900e-07,1.07904645e-07,1.61856967e-06,3.61953686e-04,5.79125898e-03,1.30518148e-07,2.21880851e-06,2.56135524e-17,4.61043943e-16,1.20407662e-07,2.04693026e-06,5.12361205e-11,9.22250168e-10,7.17611355e-05,1.43522271e-03
4.85668060e-01,9.13376284e-02,2.21026821e+04,1.98686078e-03,7.12923726e-01,7.12923726e-01,6.91395651e-02,2.76558260e-01,1.75510598e-04,2.10612718e-03,1.63202917e-06,2.12163792e-05,1.53174678e-05,1.99127082e-04,5.74997981e-05,8.04997173e-04,1.74593941e-12,2.61890912e-11,7.09757593e-08,9.93660631e-07,1.14383367e-07,1.71575050e-06,3.61946461e-04,5.79114338e-03,1.30107019e-07,2.21181932e-06,2.69308945e-17,4.84756101e-16,1.27604593e-07,2.16927807e-06,5.38697872e-11,9.69656170e-10,7.17611355e-05,1.43522271e-03
5.14677185e-01,9.13410706e-02,2.21022450e+04,2.10514772e-03,7.12922820e-01,7.12922820e-01,6.91395768e-02,2.76558307e-01,1.74628754e-04,2.09554505e-03,1.60637979e-06,2.08829373e-05,1.61901726e-05,2.10472244e-04,5.75195799e-05,8.05274118e-04,1.85062084e-12,2.77593125e-11,7.95830523e-08,1.11416273e-06,1.21252896e-07,1.81879344e-06,3.61938802e-04,5.79102083e-03,1.29675043e-07,2.20447574e-06,2.83011627e-17,5.09420929e-16,1.35232010e-07,2.29894417e-06,5.66130592e-11,1.01903507e-09,7.17611355e-05,1.43522271e-03
5.45419035e-01,9.13447183e-02,2.21017818e+04,2.23044349e-03,7.12921863e-01,7.12921863e-01,6.91395893e-02,2.76558357e-01,1.73698744e-04,2.08438492e-03,1.57966925e-06,2.05357003e-05,1.71099435e-05,2.22429266e-04,5.75401001e-05,8.05561401e-04,1.96152576e-12,2.94228864e-11,8.92257912e-08,1.24916108e-06,1.28536993e-07,1.92805490e-06,3.61930681e-04,5.79089090e-03,1.29221419e-07,2.19676413e-06,2.97248310e-17,5.35046957e-16,1.43315704e-07,2.43636697e-06,5.94674670e-11,1.07041441e-09,7.17611355e-05,1.43522271e-03
5.77997107e-01,9.13485840e-02,2.21012909e+04,2.36315803e-03,7.12920854e-01,7.12920854e-01,6.91396027e-02,2.76558411e-01,1.72718220e-04,2.07261864e-03,1.55188326e-06,2.01744823e-05,1.80789954e-05,2.35026941e-04,5.75613571e-05,8.05859000e-04,2.07902137e-12,3.11853206e-11,1.00026970e-07,1.40037758e-06,1.36260884e-07,2.04391326e-06,3.61922072e-04,5.79075315e-03,1.28745348e-07,2.18867091e-06,3.12021538e-17,5.61638769e-16,1.51883014e-07,2.58201123e-06,6.24341632e-11,1.12381494e-09,7.17611356e-05,1.43522271e-03
6.12521078e-01,9.13526805e-02,2.21007707e+04,2.50372430e-03,7.12919790e-01,7.12919790e-01,6.91396171e-02,2.76558468e-01,1.71684760e-04,2.06021711e-03,1.52301119e-06,1.97991455e-05,1.90996069e-05,2.48294889e-04,5.75833453e-05,8.06166834e-04,2.20349608e-12,3.30524412e-11,1.12123898e-07,1.56973457e-06,1.44451345e-07,2.16677017e-06,3.61912945e-04,5.79060711e-03,1.28246040e-07,2.18018268e-06,3.27331367e-17,5.89196461e-16,1.60962922e-07,2.73636968e-06,6.55138670e-11,1.17924961e-09,7.17611356e-05,1.43522271e-03
6.49107179e-01,9.13570218e-02,2.21002195e+04,2.65259944e-03,7.12918668e-01,7.12918668e-01,6.91396325e-02,2.76558530e-01,1.70595859e-04,2.04715031e-03,1.49304666e-06,1.94096066e-05,2.01741164e-05,2.62263513e-04,5.76060542e-05,8.06484759e-04,2.33536066e-12,3.50304098e-11,1.25669811e-07,1.75937736e-06,1.53136804e-07,2.29705206e-06,3.61903267e-04,5.79045228e-03,1.27722724e-07,2.17128631e-06,3.43175042e-17,6.17715075e-16,1.70586155e-07,2.89996464e-06,6.87068043e-11,1.23672248e-09,7.17611356e-05,1.43522271e-03
6.87878580e-01,9.13616223e-02,2.20996353e+04,2.81026593e-03,7.12917485e-01,7.12917485e-01,6.91396491e-02,2.76558596e-01,1.69448944e-04,2.03338733e-03,1.46198806e-06,1.90058447e-05,2.13049179e-05,2.76963933e-04,5.76294682e-05,8.06812554e-04,2.47504945e-12,3.71257417e-11,1.40835654e-07,1.97169916e-06,1.62347442e-07,2.43521162e-06,3.61893007e-04,5.79028810e-03,1.27174655e-07,2.16196913e-06,3.59546667e-17,6.47184001e-16,1.80785289e-07,3.07334991e-06,7.20126461e-11,1.29622763e-09,7.17611356e-05,1.43522271e-03
7.28965811e-01,9.13664976e-02,2.20990162e+04,2.97723269e-03,7.12916238e-01,7.12916238e-01,6.91396669e-02,2.76558667e-01,1.68241367e-04,2.01889640e-03,1.42983913e-06,1.85879087e-05,2.24944546e-05,2.92427910e-04,5.76535658e-05,8.07149921e-04,2.62302163e-12,3.93453245e-11,1.57812049e-07,2.20936869e-06,1.72115301e-07,2.58172951e-06,3.61882127e-04,5.79011403e-03,1.26601120e-07,2.15221904e-06,3.76436864e-17,6.77586356e-16,1.91594858e-07,3.25711259e-06,7.54304421e-11,1.35774796e-09,7.17611356e-05,1.43522271e-03
7.72507197e-01,9.13716642e-02,2.20983601e+04,3.15403633e-03,7.12914926e-01,7.12914926e-01,6.91396860e-02,2.76558744e-01,1.66970415e-04,2.00364498e-03,1.39660966e-06,1.81559256e-05,2.37452121e-05,3.08687757e-04,5.76783191e-05,8.07496468e-04,2.77976253e-12,4.16964379e-11,1.76811470e-07,2.47536058e-06,1.82474404e-07,2.73711606e-06,3.61870591e-04,5.78992946e-03,1.26001454e-07,2.14202472e-06,3.93832416e-17,7.08898349e-16,2.03051481e-07,3.45187517e-06,7.89585541e-11,1.42125397e-09,7.17611356e-05,1.43522271e-03
8.18649325e-01,9.13771393e-02,2.20976649e+04,3.34124222e-03,7.12913543e-01,7.12913543e-01,6.91397065e-02,2.76558826e-01,1.65633317e-04,1.98759981e-03,1.36231605e-06,1.77101086e-05,2.50597098e-05,3.25776227e-04,5.77036935e-05,8.07851710e-04,2.94578496e-12,4.41867744e-11,1.98070638e-07,2.77298893e-06,1.93460873e-07,2.90191310e-06,3.61858359e-04,5.78973374e-03,1.25375050e-07,2.13137586e-06,4.11715908e-17,7.41088634e-16,2.15193978e-07,3.65829763e-06,8.25945862e-11,1.48670255e-09,7.17611356e-05,1.43522271e-03
8.67547538e-01,9.13829415e-02,2.20969281e+04,3.53944570e-03,7.12912089e-01,7.12912089e-01,6.91397286e-02,2.76558915e-01,1.64227248e-04,1.97072698e-03,1.32698202e-06,1.72507663e-05,2.64404908e-05,3.43726381e-04,5.77296467e-05,8.08215054e-04,3.12163066e-12,4.68244600e-11,2.21853159e-07,3.10594423e-06,2.05113065e-07,3.07669598e-06,3.61845387e-04,5.78952619e-03,1.24721374e-07,2.12026336e-06,4.30065369e-17,7.74117664e-16,2.28063516e-07,3.87707976e-06,8.63353157e-11,1.55403568e-09,7.17611356e-05,1.43522271e-03
9.19366460e-01,9.13890902e-02,2.20961473e+04,3.74927314e-03,7.12910558e-01,7.12910558e-01,6.91397524e-02,2.76559010e-01,1.62749340e-04,1.95299208e-03,1.29063931e-06,1.67783110e-05,2.78901104e-05,3.62571435e-04,5.77561283e-05,8.08585796e-04,3.30787176e-12,4.96180764e-11,2.48452432e-07,3.47833405e-06,2.17471709e-07,3.26207563e-06,3.61831631e-04,5.78930610e-03,1.24039979e-07,2.10867964e-06,4.48853927e-17,8.07937068e-16,2.41703739e-07,4.10896357e-06,9.01766247e-11,1.62317925e-09,7.17611356e-05,1.43522271e-03
9.74280543e-01,9.13956062e-02,2.20953198e+04,3.97138300e-03,7.12908948e-01,7.12908948e-01,6.91397780e-02,2.76559112e-01,1.61196690e-04,1.93436029e-03,1.25332826e-06,1.62932674e-05,2.94111218e-05,3.82344583e-04,5.77830792e-05,8.08963108e-04,3.50511226e-12,5.25766839e-11,2.78194829e-07,3.89472761e-06,2.30580051e-07,3.45870077e-06,3.61817043e-04,5.78907270e-03,1.23330526e-07,2.09661895e-06,4.68049469e-17,8.42489044e-16,2.56160933e-07,4.35473585e-06,9.41134335e-11,1.69404180e-09,7.17611356e-05,1.43522271e-03
1.03247466e+00,9.14025114e-02,2.20944430e+04,4.20646674e-03,7.12907256e-01,7.12907256e-01,6.91398055e-02,2.76559222e-01,1.59566375e-04,1.91479650e-03,1.21509855e-06,1.57962812e-05,3.10060609e-05,4.03078791e-04,5.78104312e-05,8.09346037e-04,3.71398963e-12,5.57098445e-11,3.11443192e-07,4.36020469e-06,2.44484018e-07,3.66726027e-06,3.61801572e-04,5.78882516e-03,1.22592804e-07,2.08407767e-06,4.87614341e-17,8.77705814e-16,2.71484173e-07,4.61523095e-06,9.81396392e-11,1.76651350e-09,7.17611356e-05,1.43522271e-03
1.09414474e+00,9.14098290e-02,2.20935138e+04,4.45524971e-03,7.12905479e-01,7.12905479e-01,6.91398351e-02,2.76559340e-01,1.57855463e-04,1.89426556e-03,1.17600979e-06,1.52881273e-05,3.26774277e-05,4.24806560e-04,5.78381066e-05,8.09733493e-04,3.93517640e-12,5.90276460e-11,3.48600661e-07,4.88040925e-06,2.59232375e-07,3.88848563e-06,3.61785164e-04,5.78856262e-03,1.21826752e-07,2.07105479e-06,5.07505081e-17,9.13509145e-16,2.87725507e-07,4.89133363e-06,1.02248060e-10,1.84046508e-09,7.17611356e-05,1.43522271e-03
1.15949839e+00,9.14175838e-02,2.20925290e+04,4.71849176e-03,7.12903612e-01,7.12903612e-01,6.91398669e-02,2.76559467e-01,1.56061031e-04,1.87273237e-03,1.13613208e-06,1.47697170e-05,3.44276662e-05,4.47559660e-04,5.78660176e-05,8.10124247e-04,4.16938180e-12,6.25407271e-11,3.90114848e-07,5.46160788e-06,2.74876912e-07,4.12315367e-06,3.61767760e-04,5.78828416e-03,1.21032486e-07,2.05755227e-06,5.27672200e-17,9.49809959e-16,3.04940129e-07,5.18398220e-06,1.06430389e-10,1.91574700e-09,7.17611356e-05,1.43522271e-03
1.22875564e+00,9.14258017e-02,2.20914855e+04,4.99698778e-03,7.12901652e-01,7.12901652e-01,6.91399010e-02,2.76559604e-01,1.54180182e-04,1.85016218e-03,1.09554654e-06,1.42421050e-05,3.62591403e-05,4.71368824e-04,5.78940661e-05,8.10516925e-04,4.41735346e-12,6.62603019e-11,4.36482403e-07,6.11075364e-06,2.91472621e-07,4.37208931e-06,3.61749300e-04,5.78798880e-03,1.20210329e-07,2.04357559e-06,5.48060044e-17,9.86508079e-16,3.23186575e-07,5.49417178e-06,1.10677162e-10,1.99218891e-09,7.17611356e-05,1.43522271e-03
1.30214965e+00,9.14345105e-02,2.20903796e+04,5.29156790e-03,7.12899597e-01,7.12899597e-01,6.91399376e-02,2.76559751e-01,1.52210068e-04,1.82652081e-03,1.05434573e-06,1.37064945e-05,3.81741083e-05,4.96263408e-04,5.79221435e-05,8.10910008e-04,4.67987910e-12,7.01981866e-11,4.88253967e-07,6.83555554e-06,3.09077904e-07,4.63616856e-06,3.61729718e-04,5.78767549e-03,1.19360841e-07,2.02913430e-06,5.68606734e-17,1.02349212e-15,3.42526930e-07,5.82295781e-06,1.14977735e-10,2.06959924e-09,7.17611356e-05,1.43522271e-03
1.37992751e+00,9.14437395e-02,2.20892077e+04,5.60309737e-03,7.12897442e-01,7.12897442e-01,6.91399769e-02,2.76559908e-01,1.50147911e-04,1.80177493e-03,1.01263396e-06,1.31642415e-05,4.01746929e-05,5.22271008e-04,5.79501309e-05,8.11301832e-04,4.95778831e-12,7.43668247e-11,5.46039562e-07,7.64455386e-06,3.27754781e-07,4.91632172e-06,3.61708945e-04,5.78734312e-03,1.18484859e-07,2.01424260e-06,5.89244214e-17,1.06063959e-15,3.63027044e-07,6.17145975e-06,1.19320293e-10,2.14776527e-09,7.17611356e-05,1.43522271e-03
1.46235107e+00,9.14535197e-02,2.20879658e+04,5.93247614e-03,7.12895185e-01,7.12895185e-01,6.91400190e-02,2.76560076e-01,1.47991033e-04,1.77589239e-03,9.70527473e-07,1.26168572e-05,4.22628485e-05,5.49417030e-04,5.79778991e-05,8.11690588e-04,5.25195427e-12,7.87793140e-11,6.10514421e-07,8.54720189e-06,3.47569114e-07,5.21353670e-06,3.61686908e-04,5.78699052e-03,1.17583534e-07,1.99892008e-06,6.09898433e-17,1.09781718e-15,3.84756766e-07,6.54086503e-06,1.23691867e-10,2.22645360e-09,7.17611356e-05,1.43522271e-03
1.54969782e+00,9.14638841e-02,2.20866496e+04,6.28063789e-03,7.12892821e-01,7.12892821e-01,6.91400640e-02,2.76560256e-01,1.45736879e-04,1.74884255e-03,9.28154416e-07,1.20660074e-05,4.44403246e-05,5.77724220e-04,5.80053092e-05,8.12074328e-04,5.56329554e-12,8.34494332e-11,6.82425290e-07,9.55395406e-06,3.68590845e-07,5.52886268e-06,3.61663527e-04,5.78661643e-03,1.16658377e-07,1.98319242e-06,6.30489672e-17,1.13488141e-15,4.07790193e-07,6.93243328e-06,1.28078394e-10,2.30541109e-09,7.17611356e-05,1.43522271e-03
1.64226181e+00,9.14748675e-02,2.20852549e+04,6.64854854e-03,7.12890348e-01,7.12890348e-01,6.91401121e-02,2.76560448e-01,1.43383059e-04,1.72059671e-03,8.85654677e-07,1.15135108e-05,4.67086260e-05,6.07212138e-04,5.80322128e-05,8.12450980e-04,5.89277788e-12,8.83916682e-11,7.62597209e-07,1.06763609e-05,3.90894256e-07,5.86341384e-06,3.61638720e-04,5.78621951e-03,1.15711311e-07,1.96709228e-06,6.50933058e-17,1.17167950e-15,4.32205928e-07,7.34750077e-06,1.32464804e-10,2.38436648e-09,7.17611356e-05,1.43522271e-03
1.74035469e+00,9.14865070e-02,2.20837769e+04,7.03720413e-03,7.12887763e-01,7.12887763e-01,6.91401634e-02,2.76560654e-01,1.40927375e-04,1.69112850e-03,8.43179456e-07,1.09613329e-05,4.90689681e-05,6.37896585e-04,5.80584538e-05,8.12818353e-04,6.24141594e-12,9.36212391e-11,8.51940791e-07,1.19271711e-05,4.14558231e-07,6.21837346e-06,3.61612396e-04,5.78579834e-03,1.14744719e-07,1.95066022e-06,6.71139269e-17,1.20805068e-15,4.58087367e-07,7.78748524e-06,1.36835148e-10,2.46303267e-09,7.17611356e-05,1.43522271e-03
1.84430669e+00,9.14988418e-02,2.20822106e+04,7.44762784e-03,7.12885061e-01,7.12885061e-01,6.91402180e-02,2.76560872e-01,1.38367866e-04,1.66041439e-03,8.00890583e-07,1.04115776e-05,5.15222290e-05,6.69788977e-04,5.80838688e-05,8.13174163e-04,6.61027511e-12,9.91541266e-11,9.51460005e-07,1.33204401e-05,4.39666548e-07,6.59499822e-06,3.61584462e-04,5.78535140e-03,1.13761510e-07,1.93394566e-06,6.91015481e-17,1.24382787e-15,4.85522992e-07,8.25389087e-06,1.41172769e-10,2.54110984e-09,7.17611357e-05,1.43522271e-03
1.95446778e+00,9.15119133e-02,2.20805507e+04,7.88086624e-03,7.12882242e-01,7.12882242e-01,6.91402761e-02,2.76561104e-01,1.35702850e-04,1.62843420e-03,7.58959557e-07,9.86647424e-06,5.40688970e-05,7.02895661e-04,5.81082895e-05,8.13516052e-04,7.00047317e-12,1.05007098e-10,1.06226047e-06,1.48716465e-05,4.66308189e-07,6.99462283e-06,3.61554817e-04,5.78487707e-03,1.12765180e-07,1.91700807e-06,7.10466558e-17,1.27883980e-15,5.14606694e-07,8.74831380e-06,1.45460527e-10,2.61828948e-09,7.17611357e-05,1.43522271e-03
2.07120884e+00,9.15257655e-02,2.20787917e+04,8.33798438e-03,7.12879300e-01,7.12879300e-01,6.91403377e-02,2.76561351e-01,1.32930970e-04,1.59517164e-03,7.17566269e-07,9.32836149e-06,5.67090137e-05,7.37217178e-04,5.81315442e-05,8.13841619e-04,7.41318206e-12,1.11197731e-10,1.18555822e-06,1.65978151e-05,4.94577660e-07,7.41866490e-06,3.61523352e-04,5.78437364e-03,1.11759888e-07,1.89991810e-06,7.29396529e-17,1.31291375e-15,5.45438107e-07,9.27244783e-06,1.49681082e-10,2.69425947e-09,7.17611357e-05,1.43522271e-03
2.19492287e+00,9.15404452e-02,2.20769276e+04,8.82005979e-03,7.12876236e-01,7.12876236e-01,6.91404030e-02,2.76561612e-01,1.30051246e-04,1.56061495e-03,6.76897388e-07,8.79966605e-06,5.94421135e-05,7.72747476e-04,5.81534610e-05,8.14148455e-04,7.84962948e-12,1.17744442e-10,1.32268901e-06,1.85176461e-05,5.24575350e-07,7.86863025e-06,3.61489954e-04,5.78383926e-03,1.10750528e-07,1.88275897e-06,7.47710354e-17,1.34587864e-15,5.78122974e-07,9.82809056e-06,1.53817234e-10,2.76871020e-09,7.17611357e-05,1.43522271e-03
2.32602639e+00,9.15560017e-02,2.20749522e+04,9.32817514e-03,7.12873045e-01,7.12873045e-01,6.91404719e-02,2.76561888e-01,1.27063126e-04,1.52475751e-03,6.37144410e-07,8.28287733e-06,6.22671585e-05,8.09473061e-04,5.81738704e-05,8.14434185e-04,8.31110053e-12,1.24666508e-10,1.47511797e-06,2.06516516e-05,5.56407899e-07,8.34611848e-06,3.61454499e-04,5.78327199e-03,1.09742815e-07,1.86562785e-06,7.65316009e-17,1.37756882e-15,6.12773528e-07,1.04171500e-05,1.57852333e-10,2.84134199e-09,7.17611357e-05,1.43522271e-03
2.46496077e+00,9.15724874e-02,2.20728587e+04,9.86340943e-03,7.12869726e-01,7.12869726e-01,6.91405446e-02,2.76562179e-01,1.23966544e-04,1.48759853e-03,5.98501335e-07,7.78051735e-06,6.51824697e-05,8.47372106e-04,5.81926086e-05,8.14696520e-04,8.79893917e-12,1.31984087e-10,1.64444981e-06,2.30222973e-05,5.90188607e-07,8.85282911e-06,3.61416859e-04,5.78266974e-03,1.08743376e-07,1.84863740e-06,7.82126889e-17,1.40782840e-15,6.49508909e-07,1.10416515e-05,1.61770762e-10,2.91187371e-09,7.17611357e-05,1.43522271e-03
2.61219375e+00,9.15899577e-02,2.20706403e+04,1.04268276e-02,7.12866278e-01,7.12866278e-01,6.91406211e-02,2.76562484e-01,1.20761985e-04,1.44914381e-03,5.61162010e-07,7.29510613e-06,6.81856547e-05,8.86413511e-04,5.82095222e-05,8.14933311e-04,9.31454972e-12,1.39718246e-10,1.83243918e-06,2.56541485e-05,6.26037866e-07,9.39056799e-06,3.61376892e-04,5.78203027e-03,1.07759850e-07,1.83191744e-06,7.98064533e-17,1.43651616e-15,6.88455599e-07,1.17037452e-05,1.65558489e-10,2.98005281e-09,7.17611357e-05,1.43522271e-03
2.76822100e+00,9.16084716e-02,2.20682893e+04,1.10194685e-02,7.12862699e-01,7.12862699e-01,6.91407014e-02,2.76562806e-01,1.17450538e-04,1.40940645e-03,5.25317130e-07,6.82912269e-06,7.12735323e-05,9.26555920e-04,5.82244722e-05,8.15142611e-04,9.85939820e-12,1.47890973e-10,2.04100147e-06,2.85740205e-05,6.64083627e-07,9.96125441e-06,3.61334451e-04,5.78135121e-03,1.06800983e-07,1.81561671e-06,8.13061662e-17,1.46351099e-15,7.29747892e-07,1.24057142e-05,1.69203699e-10,3.04566658e-09,7.17611357e-05,1.43522271e-03
2.93356782e+00,9.16280913e-02,2.20657979e+04,1.16423308e-02,7.12858989e-01,7.12858989e-01,6.91407856e-02,2.76563142e-01,1.14033970e-04,1.36840764e-03,4.91150938e-07,6.38496219e-06,7.44420551e-05,9.67746716e-04,5.82373393e-05,8.15322750e-04,1.04350136e-11,1.56525204e-10,2.27222365e-06,3.18111310e-05,7.04461910e-07,1.05669287e-05,3.61289377e-04,5.78063003e-03,1.05876747e-07,1.79990469e-06,8.27065500e-17,1.48871790e-15,7.73528396e-07,1.31499827e-05,1.72697491e-10,3.10855484e-09,7.17611357e-05,1.43522271e-03
3.10879087e+00,9.16488830e-02,2.20631577e+04,1.22963575e-02,7.12855147e-01,7.12855147e-01,6.91408735e-02,2.76563494e-01,1.10514787e-04,1.32617745e-03,4.58837681e-07,5.96488985e-06,7.76862296e-05,1.00992099e-03,5.82480291e-05,8.15472407e-04,1.10429889e-11,1.65644834e-10,2.52837514e-06,3.53972520e-05,7.47317351e-07,1.12097603e-05,3.61241501e-04,5.77986401e-03,1.04998451e-07,1.78497366e-06,8.40041337e-17,1.51207441e-15,8.19948573e-07,1.39391257e-05,1.76034657e-10,3.16862383e-09,7.17611358e-05,1.43522272e-03
3.29448004e+00,9.16709165e-02,2.20603598e+04,1.29824185e-02,7.12851174e-01,7.12851174e-01,6.91409652e-02,2.76563861e-01,1.06896302e-04,1.28275562e-03,4.28537876e-07,5.57099239e-06,8.10000372e-05,1.05300048e-03,5.82564785e-05,8.15590699e-04,1.16849825e-11,1.75274737e-10,2.81191859e-06,3.93668603e-05,7.92803803e-07,1.18920570e-05,3.61190641e-04,5.77905025e-03,1.04178865e-07,1.77104071e-06,8.51976297e-17,1.53355733e-15,8.69169307e-07,1.47758782e-05,1.79214514e-10,3.22586126e-09,7.17611358e-05,1.43522272e-03
3.49126050e+00,9.16942660e-02,2.20573948e+04,1.37012911e-02,7.12847070e-01,7.12847070e-01,6.91410606e-02,2.76564242e-01,1.03182699e-04,1.23819239e-03,4.00394488e-07,5.20512835e-06,8.43763548e-05,1.09689261e-03,5.82626617e-05,8.15677264e-04,1.23627185e-11,1.85440778e-10,3.12552020e-06,4.37572827e-05,8.41084989e-07,1.26162748e-05,3.61136603e-04,5.77818566e-03,1.03432347e-07,1.75834991e-06,8.62883197e-17,1.55318975e-15,9.21361523e-07,1.56631459e-05,1.82241794e-10,3.28035230e-09,7.17611358e-05,1.43522272e-03
3.69979473e+00,9.17190103e-02,2.20542527e+04,1.44536398e-02,7.12842837e-01,7.12842837e-01,6.91411597e-02,2.76564639e-01,9.93790978e-05,1.19254917e-03,3.74529118e-07,4.86887854e-06,8.78068782e-05,1.14148942e-03,5.82665967e-05,8.15732354e-04,1.30779883e-11,1.96169824e-10,3.47205954e-06,4.86088335e-05,8.92335224e-07,1.33850284e-05,3.61079181e-04,5.77726690e-03,1.02774973e-07,1.74717454e-06,8.72804437e-17,1.57104799e-15,9.76706846e-07,1.66040164e-05,1.85127572e-10,3.33229629e-09,7.17611358e-05,1.43522272e-03
3.92078477e+00,9.17452325e-02,2.20509229e+04,1.52399943e-02,7.12838477e-01,7.12838477e-01,6.91412624e-02,2.76565049e-01,9.54916140e-05,1.14589937e-03,3.51038326e-07,4.56349823e-06,9.12820504e-05,1.18666666e-03,5.82683524e-05,8.15756934e-04,1.38326506e-11,2.07489760e-10,3.85463847e-06,5.39649386e-05,9.46740194e-07,1.42011029e-05,3.61018153e-04,5.77629045e-03,1.02224669e-07,1.73781937e-06,8.81815786e-17,1.58726841e-15,1.03539831e-06,1.76017712e-05,1.87890212e-10,3.38202382e-09,7.17611358e-05,1.43522272e-03
4.15497463e+00,9.17730210e-02,2.20473942e+04,1.60607272e-02,7.12833994e-01,7.12833994e-01,6.91413686e-02,2.76565474e-01,9.15274119e-05,1.09832894e-03,3.29990238e-07,4.28987309e-06,9.47909953e-05,1.23228294e-03,5.82680552e-05,8.15752773e-04,1.46286326e-11,2.19429490e-10,4.27658884e-06,5.98722438e-05,1.00449784e-06,1.50674675e-05,3.60953280e-04,5.77525249e-03,1.01801348e-07,1.73062291e-06,8.90029911e-17,1.60205384e-15,1.09764110e-06,1.86598987e-05,1.90556324e-10,3.43001383e-09,7.17611358e-05,1.43522272e-03
4.40315274e+00,9.18024694e-02,2.20436547e+04,1.69160319e-02,7.12829389e-01,7.12829389e-01,6.91414782e-02,2.76565913e-01,8.74947513e-05,1.04993702e-03,3.11421582e-07,4.04848057e-06,9.83214607e-05,1.27817899e-03,5.82658959e-05,8.15722543e-04,1.54679302e-11,2.32018953e-10,4.74147862e-06,6.63807007e-05,1.06581929e-06,1.59872894e-05,3.60884309e-04,5.77414894e-03,1.01527042e-07,1.72595972e-06,8.97599527e-17,1.61567915e-15,1.16365341e-06,1.97821079e-05,1.93161676e-10,3.47691017e-09,7.17611358e-05,1.43522272e-03
4.66615461e+00,9.18336766e-02,2.20396919e+04,1.78059015e-02,7.12824669e-01,7.12824669e-01,6.91415912e-02,2.76566365e-01,8.34030234e-05,1.00083628e-03,2.95335303e-07,3.83935893e-06,1.01859774e-04,1.32417706e-03,5.82621365e-05,8.15669911e-04,1.63526083e-11,2.45289125e-10,5.25311605e-06,7.35436247e-05,1.13092998e-06,1.69639497e-05,3.60810966e-04,5.77297545e-03,1.01426034e-07,1.72424258e-06,9.04719962e-17,1.62849593e-15,1.23366726e-06,2.09723435e-05,1.95752068e-10,3.52353723e-09,7.17611359e-05,1.43522272e-03
4.94486567e+00,9.18667480e-02,2.20354923e+04,1.87301092e-02,7.12819837e-01,7.12819837e-01,6.91417074e-02,2.76566830e-01,7.92627744e-05,9.51153293e-04,2.81698918e-07,3.66208594e-06,1.05390809e-04,1.37008052e-03,5.82571165e-05,8.15599631e-04,1.72848018e-11,2.59272027e-10,5.81555128e-06,8.14177179e-05,1.20007078e-06,1.80010617e-05,3.60732958e-04,5.77172732e-03,1.01524979e-07,1.72592464e-06,9.11630969e-17,1.64093574e-15,1.30792951e-06,2.22348016e-05,1.98384105e-10,3.57091389e-09,7.17611359e-05,1.43522272e-03
5.24022425e+00,9.19017946e-02,2.20310420e+04,1.96881926e-02,7.12814900e-01,7.12814900e-01,6.91418268e-02,2.76567307e-01,7.50857129e-05,9.01028555e-04,2.70443754e-07,3.51576880e-06,1.08897978e-04,1.41567372e-03,5.82512592e-05,8.15517629e-04,1.82667153e-11,2.74000730e-10,6.43307503e-06,9.00630505e-05,1.27349936e-06,1.91024904e-05,3.60649971e-04,5.77039953e-03,1.01853017e-07,1.73150129e-06,9.18617601e-17,1.65351168e-15,1.38670280e-06,2.35739476e-05,2.01125851e-10,3.62026531e-09,7.17611359e-05,1.43522272e-03
5.55322469e+00,9.19389346e-02,2.20263258e+04,2.06794421e-02,7.12809865e-01,7.12809865e-01,6.91419492e-02,2.76567797e-01,7.08846987e-05,8.50616384e-04,2.61465165e-07,3.39904715e-06,1.12363238e-04,1.46072209e-03,5.82450771e-05,8.15431080e-04,1.93006239e-11,2.89509359e-10,7.11021374e-06,9.95429923e-05,1.35149165e-06,2.02723748e-05,3.60561666e-04,5.76898666e-03,1.02441877e-07,1.74151191e-06,9.26009963e-17,1.66681793e-15,1.47026674e-06,2.49945345e-05,2.04057326e-10,3.67303186e-09,7.17611359e-05,1.43522272e-03
5.88492077e+00,9.19782930e-02,2.20213279e+04,2.17028961e-02,7.12804738e-01,7.12804738e-01,6.91420746e-02,2.76568298e-01,6.66737096e-05,8.00084516e-04,2.54623844e-07,3.31010997e-06,1.15767123e-04,1.50497260e-03,5.82391775e-05,8.15348485e-04,2.03888734e-11,3.05833102e-10,7.85172044e-06,1.09924086e-04,1.43434351e-06,2.15151526e-05,3.60467681e-04,5.76748290e-03,1.03325953e-07,1.75654120e-06,9.34181672e-17,1.68152701e-15,1.55891900e-06,2.65016230e-05,2.07270808e-10,3.73087454e-09,7.17611359e-05,1.43522272e-03
6.23642917e+00,9.20200023e-02,2.20160315e+04,2.27573435e-02,7.12799527e-01,7.12799527e-01,6.91422028e-02,2.76568811e-01,6.24677835e-05,7.49613401e-04,2.49748236e-07,3.24672707e-06,1.19088816e-04,1.54815461e-03,5.82342670e-05,8.15279738e-04,2.15338808e-11,3.23008212e-10,8.66256093e-06,1.21275853e-04,1.52237256e-06,2.28355884e-05,3.60367625e-04,5.76588201e-03,1.04542364e-07,1.77722018e-06,9.43546895e-17,1.69838441e-15,1.65297669e-06,2.81006038e-05,2.10870915e-10,3.79567646e-09,7.17611360e-05,1.43522272e-03
6.60893329e+00,9.20642029e-02,2.20104187e+04,2.38413351e-02,7.12794242e-01,7.12794242e-01,6.91423338e-02,2.76569335e-01,5.82829311e-05,6.99395174e-04,2.46638058e-07,3.20629475e-06,1.22306236e-04,1.58998107e-03,5.82311561e-05,8.15236186e-04,2.27381347e-11,3.41072020e-10,9.54789447e-06,1.33670523e-04,1.61592032e-06,2.42388048e-05,3.60261077e-04,5.76417724e-03,1.06130977e-07,1.80422660e-06,9.54555850e-17,1.71820053e-15,1.75277769e-06,2.97972207e-05,2.14974429e-10,3.86953973e-09,7.17611360e-05,1.43522272e-03
7.00368721e+00,9.21110436e-02,2.20044707e+04,2.49532064e-02,7.12788890e-01,7.12788890e-01,6.91424676e-02,2.76569870e-01,5.41360195e-05,6.49632234e-04,2.45068847e-07,3.18589501e-06,1.25396179e-04,1.63015032e-03,5.82307635e-05,8.15230689e-04,2.40041962e-11,3.60062943e-10,1.05130483e-05,1.47182677e-04,1.71535452e-06,2.57303178e-05,3.60147584e-04,5.76236134e-03,1.08134401e-07,1.83828481e-06,9.67688719e-17,1.74183969e-15,1.85868217e-06,3.15975968e-05,2.19709862e-10,3.95477751e-09,7.17611360e-05,1.43522272e-03
7.42201992e+00,9.21606822e-02,2.19981673e+04,2.60911119e-02,7.12783482e-01,7.12783482e-01,6.91426040e-02,2.76570416e-01,5.00446199e-05,6.00535438e-04,2.44797392e-07,3.18236610e-06,1.28334484e-04,1.66834829e-03,5.82341199e-05,8.15277678e-04,2.53347000e-11,3.80020500e-10,1.15634857e-05,1.61888800e-04,1.82107180e-06,2.73160770e-05,3.60026655e-04,5.76042648e-03,1.10597932e-07,1.88016484e-06,9.83447978e-17,1.77020636e-15,1.97107426e-06,3.35082624e-05,2.25216725e-10,4.05390105e-09,7.17611360e-05,1.43522272e-03
7.86533979e+00,9.22132856e-02,2.19914875e+04,2.72530709e-02,7.12778026e-01,7.12778026e-01,6.91427430e-02,2.76570972e-01,4.60268222e-05,5.52321866e-04,2.45567866e-07,3.19238225e-06,1.31096253e-04,1.70425128e-03,5.82423729e-05,8.15393221e-04,2.67323553e-11,4.00985329e-10,1.27047661e-05,1.77866726e-04,1.93350068e-06,2.90025102e-05,3.59897764e-04,5.75836423e-03,1.13569447e-07,1.93068059e-06,1.00234919e-16,1.80422855e-15,2.09036383e-06,3.55361851e-05,2.31644529e-10,4.16960152e-09,7.17611361e-05,1.43522272e-03
8.33513932e+00,9.22690311e-02,2.19844087e+04,2.84370275e-02,7.12772532e-01,7.12772532e-01,6.91428846e-02,2.76571538e-01,4.21010124e-05,5.05212149e-04,2.47118399e-07,3.21253918e-06,1.33656101e-04,1.73752931e-03,5.82567915e-05,8.15595081e-04,2.81999479e-11,4.22999219e-10,1.39424983e-05,1.95194976e-04,2.05310499e-06,3.07965749e-05,3.59760340e-04,5.75616544e-03,1.17099243e-07,1.99068713e-06,1.02491042e-16,1.84483876e-15,2.21698842e-06,3.76888032e-05,2.39151500e-10,4.30472700e-09,7.17611361e-05,1.43522272e-03
8.83300014e+00,9.23281063e-02,2.19769071e+04,2.96409216e-02,7.12767010e-01,7.12767010e-01,6.91430287e-02,2.76572115e-01,3.82856146e-05,4.59427375e-04,2.49187815e-07,3.23944159e-06,1.35988461e-04,1.76785000e-03,5.82787719e-05,8.15902807e-04,2.97403425e-11,4.46105137e-10,1.52822843e-05,2.13951981e-04,2.18038776e-06,3.27058164e-05,3.59613766e-04,5.75382026e-03,1.21239806e-07,2.06107670e-06,1.05164040e-16,1.89295273e-15,2.35141542e-06,3.99740621e-05,2.47903046e-10,4.46225483e-09,7.17611361e-05,1.43522272e-03
9.36059836e+00,9.23907100e-02,2.19689575e+04,3.08627716e-02,7.12761468e-01,7.12761468e-01,6.91431754e-02,2.76572702e-01,3.45987988e-05,4.15185586e-04,2.51522219e-07,3.26978885e-06,1.38067923e-04,1.79488300e-03,5.83098444e-05,8.16337822e-04,3.13564856e-11,4.70347283e-10,1.67296560e-05,2.34215184e-04,2.31589561e-06,3.47384341e-05,3.59457375e-04,5.75131799e-03,1.26045506e-07,2.14277360e-06,1.08302581e-16,1.94944646e-15,2.49414434e-06,4.24004537e-05,2.58069996e-10,4.64525993e-09,7.17611361e-05,1.43522272e-03
9.91971021e+00,9.24570531e-02,2.19605329e+04,3.21007675e-02,7.12755914e-01,7.12755914e-01,6.91433247e-02,2.76573299e-01,3.10581590e-05,3.72697908e-04,2.53881141e-07,3.30045483e-06,1.39869609e-04,1.81830492e-03,5.83516814e-05,8.16923539e-04,3.30514099e-11,4.95771149e-10,1.82900015e-05,2.56060021e-04,2.46022379e-06,3.69033568e-05,3.59290441e-04,5.74864706e-03,1.31572215e-07,2.23672765e-06,1.11951780e-16,2.01513204e-15,2.64570943e-06,4.49770602e-05,2.69826650e-10,4.85687970e-09,7.17611362e-05,1.43522272e-03
1.05122180e+01,9.25273589e-02,2.19516052e+04,3.33533703e-02,7.12750354e-01,7.12750354e-01,6.91434767e-02,2.76573907e-01,2.76803656e-05,3.32164387e-04,2.56042931e-07,3.32855810e-06,1.41369590e-04,1.83780467e-03,5.84061076e-05,8.17685506e-04,3.48282399e-11,5.22423598e-10,1.99684846e-05,2.79558785e-04,2.61402197e-06,3.92103295e-05,3.59112182e-04,5.74579491e-03,1.37876830e-07,2.34390611e-06,1.16151828e-16,2.09073291e-15,2.80668247e-06,4.77136019e-05,2.83348684e-10,5.10027632e-09,7.17611362e-05,1.43522272e-03
1.11401165e+01,9.26018641e-02,2.19421442e+04,3.46194182e-02,7.12744795e-01,7.12744795e-01,6.91436314e-02,2.76574526e-01,2.44808014e-05,2.93769617e-04,2.57809240e-07,3.35152013e-06,1.42545312e-04,1.85308906e-03,5.84751119e-05,8.18651566e-04,3.66901985e-11,5.50352978e-10,2.17699550e-05,3.04779371e-04,2.77800084e-06,4.16700126e-05,3.58921743e-04,5.74274788e-03,1.45016716e-07,2.46528418e-06,1.20936615e-16,2.17685906e-15,2.97767588e-06,5.06204899e-05,2.98810954e-10,5.37859717e-09,7.17611362e-05,1.43522272e-03
1.18055196e+01,9.26808195e-02,2.19321182e+04,3.58982343e-02,7.12739240e-01,7.12739240e-01,6.91437891e-02,2.76575156e-01,2.14731904e-05,2.57678284e-04,2.59008367e-07,3.36710877e-06,1.43376054e-04,1.86388870e-03,5.85608608e-05,8.19852052e-04,3.86406169e-11,5.79609254e-10,2.36988511e-05,3.31783916e-04,2.95293977e-06,4.42940965e-05,3.58718198e-04,5.73949116e-03,1.53049043e-07,2.60183374e-06,1.26332390e-16,2.27398302e-15,3.15934612e-06,5.37088841e-05,3.16385235e-10,5.69493423e-09,7.17611362e-05,1.43522272e-03
1.25106675e+01,9.27644910e-02,2.19214932e+04,3.71897340e-02,7.12733691e-01,7.12733691e-01,6.91439499e-02,2.76575800e-01,1.86692318e-05,2.24030782e-04,2.59497434e-07,3.37346664e-06,1.43843366e-04,1.86996375e-03,5.86657144e-05,8.21320002e-04,4.06829460e-11,6.10244190e-10,2.57590959e-05,3.60627342e-04,3.13969556e-06,4.70954333e-05,3.58500537e-04,5.73600860e-03,1.62030037e-07,2.75451063e-06,1.32356496e-16,2.38241693e-15,3.35239754e-06,5.69907581e-05,3.36237949e-10,6.05228308e-09,7.17611363e-05,1.43522273e-03
1.32579341e+01,9.28531602e-02,2.19102336e+04,3.84945314e-02,7.12728148e-01,7.12728148e-01,6.91441142e-02,2.76576457e-01,1.60782550e-05,1.92939060e-04,2.59163382e-07,3.36912397e-06,1.43931507e-04,1.87110960e-03,5.87922432e-05,8.23091404e-04,4.28207715e-11,6.42311572e-10,2.79539869e-05,3.91355816e-04,3.33921265e-06,5.00881898e-05,3.58267662e-04,5.73228260e-03,1.72014138e-07,2.92424035e-06,1.39016195e-16,2.50229151e-15,3.55758648e-06,6.04789701e-05,3.58527899e-10,6.45350219e-09,7.17611363e-05,1.43522273e-03
1.40498351e+01,9.29471256e-02,2.18983015e+04,3.98140399e-02,7.12722607e-01,7.12722607e-01,6.91442821e-02,2.76577129e-01,1.37069097e-05,1.64482916e-04,2.57922891e-07,3.35299759e-06,1.43627846e-04,1.86716200e-03,5.89432465e-05,8.25205451e-04,4.50578327e-11,6.75867490e-10,3.02860817e-05,4.24005144e-04,3.55253498e-06,5.32880247e-05,3.58018373e-04,5.72829396e-03,1.83053080e-07,3.11190235e-06,1.46307633e-16,2.63353740e-15,3.77572602e-06,6.41873424e-05,3.83404051e-10,6.90127291e-09,7.17611363e-05,1.43522273e-03
1.48890368e+01,9.30467036e-02,2.18856567e+04,4.11505692e-02,7.12717063e-01,7.12717063e-01,6.91444543e-02,2.76577817e-01,1.15589115e-05,1.38706938e-04,2.55721361e-07,3.32437770e-06,1.42923205e-04,1.85800166e-03,5.91217716e-05,8.27704803e-04,4.73980461e-11,7.10970692e-10,3.27570798e-05,4.58599117e-04,3.78081964e-06,5.67122945e-05,3.57751357e-04,5.72402171e-03,1.95194891e-07,3.31831314e-06,1.54214955e-16,2.77586918e-15,4.00769116e-06,6.81307497e-05,4.11003371e-10,7.39806069e-09,7.17611364e-05,1.43522273e-03
1.57783642e+01,9.31522294e-02,2.18722566e+04,4.25074163e-02,7.12711507e-01,7.12711507e-01,6.91446312e-02,2.76578525e-01,9.63485875e-06,1.15618305e-04,2.52531138e-07,3.28290480e-06,1.41812139e-04,1.84355780e-03,5.93311325e-05,8.30635856e-04,4.98455340e-11,7.47683010e-10,3.53677022e-05,4.95147831e-04,4.02535295e-06,6.03802942e-05,3.57465180e-04,5.71944288e-03,2.08482853e-07,3.54420850e-06,1.62709602e-16,2.92877284e-15,4.25442457e-06,7.23252178e-05,4.41448761e-10,7.94607769e-09,7.17611364e-05,1.43522273e-03
1.67208115e+01,9.32640583e-02,2.18580561e+04,4.38889538e-02,7.12705928e-01,7.12705928e-01,6.91448134e-02,2.76579254e-01,7.93213855e-06,9.51856626e-05,2.48349190e-07,3.22853947e-06,1.40293127e-04,1.82381065e-03,5.95749276e-05,8.34048987e-04,5.24046594e-11,7.86069890e-10,3.81175703e-05,5.33645984e-04,4.28756913e-06,6.43135369e-05,3.57158272e-04,5.71453235e-03,2.22954421e-07,3.79022516e-06,1.71749831e-16,3.09149695e-15,4.51694316e-06,7.67880337e-05,4.74847092e-10,8.54724765e-09,7.17611364e-05,1.43522273e-03
1.77195514e+01,9.33825668e-02,2.18430074e+04,4.53007166e-02,7.12700311e-01,7.12700311e-01,6.91450016e-02,2.76580007e-01,6.44493634e-06,7.73392361e-05,2.43194446e-07,3.16152780e-06,1.38368657e-04,1.79879255e-03,5.98570553e-05,8.37998775e-04,5.50800677e-11,8.26201016e-10,4.10050842e-05,5.74071179e-04,4.56907212e-06,6.85360819e-05,3.56828906e-04,5.70926250e-03,2.38640143e-07,4.05688244e-06,1.81280452e-16,3.26304813e-15,4.79634528e-06,8.15378697e-05,5.11287395e-10,9.20317310e-09,7.17611364e-05,1.43522273e-03
1.87779465e+01,9.35081539e-02,2.18270598e+04,4.67494914e-02,7.12694638e-01,7.12694638e-01,6.91451969e-02,2.76580788e-01,5.16436028e-06,6.19723233e-05,2.37104928e-07,3.08236407e-06,1.36045199e-04,1.76858759e-03,6.01817263e-05,8.42544169e-04,5.78767369e-11,8.68151053e-10,4.40273022e-05,6.16382231e-04,4.87166120e-06,7.30749181e-05,3.56475190e-04,5.70360304e-03,2.55562609e-07,4.34456436e-06,1.91232855e-16,3.44219140e-15,5.09381894e-06,8.65949221e-05,5.50839234e-10,9.91510621e-09,7.17611365e-05,1.43522273e-03
1.98995599e+01,9.36412423e-02,2.18101597e+04,4.82434140e-02,7.12688890e-01,7.12688890e-01,6.91454002e-02,2.76581601e-01,4.07868541e-06,4.89442249e-05,2.30134829e-07,2.99175277e-06,1.33333056e-04,1.73332973e-03,6.05534707e-05,8.47748589e-04,6.08000349e-11,9.12000523e-10,4.71798191e-05,6.60517467e-04,5.19736090e-06,7.79604135e-05,3.56095037e-04,5.69752059e-03,2.73735466e-07,4.65350292e-06,2.01525328e-16,3.62745590e-15,5.41065103e-06,9.19810675e-05,5.93551340e-10,1.06839241e-08,7.17611365e-05,1.43522273e-03
2.10881677e+01,9.37822801e-02,2.17922501e+04,4.97920817e-02,7.12683045e-01,7.12683045e-01,6.91456127e-02,2.76582451e-01,3.17371531e-06,3.80845837e-05,2.22351609e-07,2.89057091e-06,1.30246112e-04,1.69319945e-03,6.09771381e-05,8.53679933e-04,6.38557869e-11,9.57836803e-10,5.04566442e-05,7.06393019e-04,5.54845614e-06,8.32268421e-05,3.55686150e-04,5.69097840e-03,2.93162534e-07,4.98376308e-06,2.12063700e-16,3.81714660e-15,5.74823767e-06,9.77200404e-05,6.39450574e-10,1.15101103e-08,7.17611365e-05,1.43522273e-03
2.23477714e+01,9.39317422e-02,2.17732708e+04,5.14066866e-02,7.12677079e-01,7.12677079e-01,6.91458359e-02,2.76583344e-01,2.43325287e-06,2.91990344e-05,2.13833200e-07,2.77983160e-06,1.26801463e-04,1.64841901e-03,6.14578894e-05,8.60410451e-04,6.70503513e-11,1.00575527e-09,5.38500775e-05,7.53901085e-04,5.92753346e-06,8.89130019e-05,3.55245992e-04,5.68393588e-03,3.13837067e-07,5.33523013e-06,2.22742355e-16,4.00936240e-15,6.10809600e-06,1.03837632e-04,6.88541311e-10,1.23937436e-08,7.17611365e-05,1.43522273e-03
2.36826116e+01,9.40901317e-02,2.17531579e+04,5.31001803e-02,7.12670968e-01,7.12670968e-01,6.91460715e-02,2.76584286e-01,1.83965960e-06,2.20759152e-05,2.04665336e-07,2.66064937e-06,1.23018983e-04,1.59924678e-03,6.20011761e-05,8.68016465e-04,7.03907044e-11,1.05586057e-09,5.73505792e-05,8.02908109e-04,6.33752934e-06,9.50629400e-05,3.54771760e-04,5.67634816e-03,3.35741183e-07,5.70760011e-06,2.33445600e-16,4.20202081e-15,6.49187749e-06,1.10361917e-04,7.40805342e-10,1.33344962e-08,7.17611366e-05,1.43522273e-03
2.50971824e+01,9.42579819e-02,2.17318436e+04,5.48874804e-02,7.12664686e-01,7.12664686e-01,6.91463215e-02,2.76585286e-01,1.37447659e-06,1.64937191e-05,1.94939074e-07,2.53420797e-06,1.18920840e-04,1.54597092e-03,6.26127057e-05,8.76577879e-04,7.38845333e-11,1.10826800e-09,6.09466325e-05,8.53252855e-04,6.78178687e-06,1.01726803e-04,3.54260348e-04,5.66816556e-03,3.58845508e-07,6.10037363e-06,2.44049414e-16,4.39288945e-15,6.90138302e-06,1.17323511e-04,7.96202364e-10,1.43316426e-08,7.17611366e-05,1.43522273e-03
2.65962460e+01,9.44358578e-02,2.17092562e+04,5.67857286e-02,7.12658207e-01,7.12658207e-01,6.91465880e-02,2.76586352e-01,1.01907226e-06,1.22288672e-05,1.84748547e-07,2.40173111e-06,1.14531005e-04,1.48890307e-03,6.32983885e-05,8.86177439e-04,7.75403347e-11,1.16310502e-09,6.46245947e-05,9.04744326e-04,7.26412226e-06,1.08961834e-04,3.53708311e-04,5.65933297e-03,3.83109029e-07,6.51285349e-06,2.54423541e-16,4.57962374e-15,7.33858013e-06,1.24755862e-04,8.54671138e-10,1.53840805e-08,7.17611366e-05,1.43522273e-03
2.81848492e+01,9.46243583e-02,2.16853196e+04,5.88146152e-02,7.12651507e-01,7.12651507e-01,6.91468738e-02,2.76587495e-01,7.55276545e-07,9.06331854e-06,1.74189004e-07,2.26445705e-06,1.09874805e-04,1.42837247e-03,6.40642619e-05,8.96899667e-04,8.13675171e-11,1.22051276e-09,6.83685347e-05,9.57159486e-04,7.78890260e-06,1.16833539e-04,3.53111821e-04,5.64978914e-03,4.08479182e-07,6.94414609e-06,2.64433901e-16,4.75981022e-15,7.80562250e-06,1.32695583e-04,9.16131324e-10,1.64903638e-08,7.17611366e-05,1.43522273e-03
2.98683402e+01,9.48241180e-02,2.16599533e+04,6.09967842e-02,7.12644562e-01,7.12644562e-01,6.91471817e-02,2.76588727e-01,5.65959945e-07,6.79151934e-06,1.63355201e-07,2.12361761e-06,1.04978563e-04,1.36472132e-03,6.49163877e-05,9.08829428e-04,8.53765014e-11,1.28064752e-09,7.21600555e-05,1.01024078e-03,8.36113685e-06,1.25417053e-04,3.52466620e-04,5.63946592e-03,4.34892137e-07,7.39316633e-06,2.73945233e-16,4.93101419e-15,8.30487232e-06,1.41182829e-04,9.80485991e-10,1.76487478e-08,7.17611366e-05,1.43522273e-03
3.16523867e+01,9.50358094e-02,2.16330718e+04,6.33583365e-02,7.12637350e-01,7.12637350e-01,6.91475153e-02,2.76590061e-01,4.35518548e-07,5.22622257e-06,1.52340173e-07,1.98042226e-06,9.98693641e-05,1.29830173e-03,6.58607159e-05,9.22050023e-04,8.95788152e-11,1.34368223e-09,7.59781030e-05,1.06369344e-03,8.98658203e-06,1.34798730e-04,3.51767955e-04,5.62828729e-03,4.62273262e-07,7.85864546e-06,2.82823902e-16,5.09083024e-15,8.83892568e-06,1.50261736e-04,1.04762472e-09,1.88572450e-08,7.17611366e-05,1.43522273e-03
3.35429949e+01,9.52601452e-02,2.16045847e+04,6.59294496e-02,7.12629850e-01,7.12629850e-01,6.91478786e-02,2.76591514e-01,3.50233227e-07,4.20279873e-06,1.41234423e-07,1.83604750e-06,9.45749883e-05,1.22947485e-03,6.69029098e-05,9.36640738e-04,9.39871692e-11,1.40980754e-09,7.97987656e-05,1.11718272e-03,9.67186673e-06,1.45078001e-04,3.51010522e-04,5.61616836e-03,4.90537694e-07,8.33914080e-06,2.90940763e-16,5.23693373e-15,9.41064167e-06,1.59980908e-04,1.11742718e-09,2.01136892e-08,7.17611367e-05,1.43522273e-03
3.55465299e+01,9.54978807e-02,2.15743961e+04,6.87451403e-02,7.12622046e-01,7.12622046e-01,6.91482762e-02,2.76593105e-01,2.98483003e-07,3.58179603e-06,1.30125491e-07,1.69163139e-06,8.91240138e-05,1.15861218e-03,6.80481253e-05,9.52673754e-04,9.86155071e-11,1.47923261e-09,8.35950750e-05,1.17033105e-03,1.04246345e-05,1.56369517e-04,3.50188384e-04,5.60301415e-03,5.19590941e-07,8.83304600e-06,2.98173958e-16,5.36713124e-15,1.00231756e-05,1.70393985e-04,1.18976700e-09,2.14158060e-08,7.17611367e-05,1.43522273e-03
3.76697367e+01,9.57498162e-02,2.15424043e+04,7.18461949e-02,7.12613919e-01,7.12613919e-01,6.91487134e-02,2.76594854e-01,2.70807118e-07,3.24968542e-06,1.19097867e-07,1.54827227e-06,8.35460962e-05,1.08609925e-03,6.93007365e-05,9.70210311e-04,1.03479011e-10,1.55218517e-09,8.73368227e-05,1.22271552e-03,1.12537091e-05,1.68805637e-04,3.49294885e-04,5.58871816e-03,5.49329420e-07,9.33860014e-06,3.04411559e-16,5.47940806e-15,1.06800169e-05,1.81560287e-04,1.26451577e-09,2.27612838e-08,7.17611367e-05,1.43522273e-03
3.99197634e+01,9.60167999e-02,2.15085016e+04,7.52803052e-02,7.12605455e-01,7.12605455e-01,6.91491964e-02,2.76596786e-01,2.59826105e-07,3.11791326e-06,1.08233110e-07,1.40703044e-06,7.78723917e-05,1.01234109e-03,7.06640011e-05,9.89296015e-04,1.08594047e-10,1.62891070e-09,9.09904168e-05,1.27386584e-03,1.21692853e-05,1.82539280e-04,3.48322551e-04,5.57316082e-03,5.79640821e-07,9.85389396e-06,3.09553936e-16,5.57197086e-15,1.13850325e-05,1.93545552e-04,1.34154685e-09,2.41478433e-08,7.17611367e-05,1.43522273e-03
4.23041850e+01,9.62997307e-02,2.14725739e+04,7.91034467e-02,7.12596641e-01,7.12596641e-01,6.91497324e-02,2.76598930e-01,2.60046986e-07,3.12056383e-06,9.76100733e-08,1.26893095e-06,7.21360758e-05,9.37768986e-04,7.21396581e-05,1.00995521e-03,1.13978016e-10,1.70967024e-09,9.45188087e-05,1.32326332e-03,1.31831452e-05,1.97747177e-04,3.47262976e-04,5.55620761e-03,6.10404190e-07,1.03768712e-05,3.13515789e-16,5.64328421e-15,1.21425165e-05,2.06422781e-04,1.42073893e-09,2.55733007e-08,7.17611367e-05,1.43522273e-03
4.48310289e+01,9.65995610e-02,2.14345002e+04,8.33815571e-02,7.12587462e-01,7.12587462e-01,6.91503296e-02,2.76601318e-01,2.67586592e-07,3.21103911e-06,8.73050385e-08,1.13496550e-06,6.63728918e-05,8.62847593e-04,7.37274499e-05,1.03218430e-03,1.19649102e-10,1.79473652e-09,9.78815308e-05,1.37034143e-03,1.43089044e-05,2.14633566e-04,3.46106683e-04,5.53770693e-03,6.41489629e-07,1.09053237e-05,3.16227780e-16,5.69210003e-15,1.29572466e-05,2.20273192e-04,1.50197905e-09,2.70356228e-08,7.17611367e-05,1.43522273e-03
4.75088021e+01,9.69173002e-02,2.13941524e+04,8.81925713e-02,7.12577904e-01,7.12577904e-01,6.91509977e-02,2.76603991e-01,2.79855944e-07,3.35827132e-06,7.73916505e-08,1.00609146e-06,6.06216431e-05,7.88081360e-04,7.54245659e-05,1.05594392e-03,1.25625852e-10,1.88438778e-09,1.01034890e-04,1.41448847e-03,1.55622875e-05,2.33434313e-04,3.44842977e-04,5.51748763e-03,6.72757560e-07,1.14368785e-05,3.17637754e-16,5.71747958e-15,1.38345482e-05,2.35187320e-04,1.58516505e-09,2.85329709e-08,7.17611367e-05,1.43522273e-03
5.03465196e+01,9.72540181e-02,2.13513945e+04,9.36288904e-02,7.12567948e-01,7.12567948e-01,6.91517479e-02,2.76606991e-01,2.95242233e-07,3.54290680e-06,6.79404991e-08,8.83226488e-07,5.49245439e-05,7.14019070e-04,7.72250043e-05,1.08115006e-03,1.31926575e-10,1.97889863e-09,1.03932378e-04,1.45505329e-03,1.69614328e-05,2.54421491e-04,3.43459761e-04,5.49535618e-03,7.04057487e-07,1.19689773e-05,3.17711564e-16,5.71880815e-15,1.47803681e-05,2.51266258e-04,1.67020748e-09,3.00637346e-08,7.17611367e-05,1.43522273e-03
5.19470243e+01,9.74439309e-02,2.13272786e+04,9.68588622e-02,7.12562406e-01,7.12562406e-01,6.91521911e-02,2.76608765e-01,3.04490779e-07,3.65388934e-06,6.30577945e-08,8.19751328e-07,5.18897607e-05,6.74566890e-04,7.82358187e-05,1.09530146e-03,1.35466040e-10,2.03199060e-09,1.05372100e-04,1.47520940e-03,1.77839186e-05,2.66758779e-04,3.42659244e-04,5.48254790e-03,7.20898226e-07,1.22552698e-05,3.17190316e-16,5.70942568e-15,1.53213305e-05,2.60462618e-04,1.71682589e-09,3.09028661e-08,7.17611367e-05,1.43522273e-03
5.33537351e+01,9.76108484e-02,2.13060827e+04,9.98003774e-02,7.12557575e-01,7.12557575e-01,6.91525932e-02,2.76610373e-01,3.12821104e-07,3.75385325e-06,5.90182841e-08,7.67237693e-07,4.93273382e-05,6.41255397e-04,7.91188559e-05,1.10766398e-03,1.38568497e-10,2.07852745e-09,1.06525345e-04,1.49135483e-03,1.85272228e-05,2.77908341e-04,3.41943336e-04,5.47109337e-03,7.35226276e-07,1.24988467e-05,3.16433500e-16,5.69580300e-15,1.58013564e-05,2.68623059e-04,1.75703095e-09,3.16265570e-08,7.17611367e-05,1.43522273e-03
5.42963872e+01,9.77227016e-02,2.12918792e+04,1.01827043e-01,7.12554357e-01,7.12554357e-01,6.91528694e-02,2.76611478e-01,3.18478869e-07,3.82174643e-06,5.64381815e-08,7.33696359e-07,4.76645757e-05,6.19639484e-04,7.97068735e-05,1.11589623e-03,1.40642987e-10,2.10964481e-09,1.07240785e-04,1.50137099e-03,1.90361866e-05,2.85542799e-04,3.41457082e-04,5.46331332e-03,7.44583501e-07,1.26579195e-05,3.15781961e-16,5.68407529e-15,1.61254490e-05,2.74132633e-04,1.78358216e-09,3.21044788e-08,7.17611367e-05,1.43522273e-03
5.65405725e+01,9.79889922e-02,2.12580645e+04,1.06837984e-01,7.12546755e-01,7.12546755e-01,6.91535491e-02,2.76614196e-01,3.32118698e-07,3.98542438e-06,5.06865204e-08,6.58924765e-07,4.38791004e-05,5.70428305e-04,8.10915149e-05,1.13528121e-03,1.45566625e-10,2.18349937e-09,1.08764026e-04,1.52269637e-03,2.02836377e-05,3.04254565e-04,3.40278159e-04,5.44445054e-03,7.66086009e-07,1.30234622e-05,3.13806428e-16,5.64851570e-15,1.69049603e-05,2.87384325e-04,1.84557533e-09,3.32203560e-08,7.17611367e-05,1.43522273e-03
5.66457502e+01,9.80014723e-02,2.12564797e+04,1.07079424e-01,7.12546401e-01,7.12546401e-01,6.91535817e-02,2.76614327e-01,3.32762529e-07,3.99315035e-06,5.04300073e-08,6.55590095e-07,4.37076034e-05,5.68198845e-04,8.11558025e-05,1.13618123e-03,1.45796837e-10,2.18695255e-09,1.08829328e-04,1.52361060e-03,2.03433526e-05,3.05150289e-04,3.40222165e-04,5.44355464e-03,7.67067354e-07,1.30401450e-05,3.13700158e-16,5.64660285e-15,1.69417706e-05,2.88010101e-04,1.84843975e-09,3.32719155e-08,7.17611367e-05,1.43522273e-03
5.89951131e+01,9.82802431e-02,2.12210802e+04,1.12631951e-01,7.12538526e-01,7.12538526e-01,6.91543296e-02,2.76617319e-01,3.47220914e-07,4.16665097e-06,4.49899897e-08,5.84869867e-07,4.00126119e-05,5.20163954e-04,8.25751115e-05,1.15605156e-03,1.50925575e-10,2.26388362e-09,1.10150418e-04,1.54210586e-03,2.17069016e-05,3.25603524e-04,3.38953899e-04,5.42326239e-03,7.88382850e-07,1.34025085e-05,3.11037662e-16,5.59867791e-15,1.77705695e-05,3.02099682e-04,1.91150094e-09,3.44070169e-08,7.17611367e-05,1.43522273e-03
5.99177609e+01,9.83897227e-02,2.12071781e+04,1.14898124e-01,7.12535453e-01,7.12535453e-01,6.91546334e-02,2.76618534e-01,3.52931709e-07,4.23518051e-06,4.29998345e-08,5.58997849e-07,3.86316455e-05,5.02211392e-04,8.31228437e-05,1.16371981e-03,1.52932272e-10,2.29398408e-09,1.10598953e-04,1.54838534e-03,2.22581181e-05,3.33871771e-04,3.38446574e-04,5.41514519e-03,7.96441471e-07,1.35395050e-05,3.09851608e-16,5.57732894e-15,1.80995278e-05,3.07691972e-04,1.93579693e-09,3.48443448e-08,7.17611367e-05,1.43522273e-03
6.13444760e+01,9.85590138e-02,2.11856808e+04,1.18500622e-01,7.12530719e-01,7.12530719e-01,6.91551145e-02,2.76620458e-01,3.61789857e-07,4.34147828e-06,4.00766155e-08,5.20996001e-07,3.65725904e-05,4.75443676e-04,8.39577002e-05,1.17540780e-03,1.56026293e-10,2.34039439e-09,1.11217206e-04,1.55704089e-03,2.31281918e-05,3.46922877e-04,3.37651697e-04,5.40242716e-03,8.08562204e-07,1.37455575e-05,3.07877296e-16,5.54179133e-15,1.86121098e-05,3.16405867e-04,1.97286472e-09,3.55115649e-08,7.17611367e-05,1.43522273e-03
6.34966699e+01,9.88143889e-02,2.11532522e+04,1.24167934e-01,7.12523617e-01,7.12523617e-01,6.91558672e-02,2.76623469e-01,3.75201849e-07,4.50242219e-06,3.60039118e-08,4.68050854e-07,3.36384845e-05,4.37300298e-04,8.51863142e-05,1.19260840e-03,1.60671195e-10,2.41006792e-09,1.11982825e-04,1.56775955e-03,2.44819241e-05,3.67228862e-04,3.36428498e-04,5.38285597e-03,8.26077417e-07,1.40433161e-05,3.04608299e-16,5.48294939e-15,1.93944232e-05,3.29705195e-04,2.02767005e-09,3.64980610e-08,7.17611367e-05,1.43522273e-03
6.36938389e+01,9.88377846e-02,2.11502813e+04,1.24701507e-01,7.12522969e-01,7.12522969e-01,6.91559378e-02,2.76623751e-01,3.76432990e-07,4.51719588e-06,3.56502061e-08,4.63452679e-07,3.33798396e-05,4.33937915e-04,8.52968785e-05,1.19415630e-03,1.61095283e-10,2.41642925e-09,1.12043233e-04,1.56860526e-03,2.46084481e-05,3.69126721e-04,3.36314973e-04,5.38103957e-03,8.27636474e-07,1.40698201e-05,3.04292834e-16,5.47727102e-15,1.94666452e-05,3.30932969e-04,2.03262616e-09,3.65872709e-08,7.17611367e-05,1.43522273e-03
6.60432018e+01,9.91165553e-02,2.11148819e+04,1.31250752e-01,7.12515260e-01,7.12515260e-01,6.91568008e-02,2.76627203e-01,3.91126765e-07,4.69352117e-06,3.16729450e-08,4.11748285e-07,3.04260487e-05,3.95538633e-04,8.65863810e-05,1.21220933e-03,1.66128138e-10,2.49192206e-09,1.12642358e-04,1.57699301e-03,2.61487557e-05,3.92231336e-04,3.34943146e-04,5.35909034e-03,8.45635422e-07,1.43758022e-05,3.00349858e-16,5.40629745e-15,2.03344182e-05,3.45685110e-04,2.09087612e-09,3.76357701e-08,7.17611367e-05,1.43522273e-03
6.72893485e+01,9.92644206e-02,2.10961053e+04,1.34871539e-01,7.12511184e-01,7.12511184e-01,6.91572752e-02,2.76629101e-01,3.98934828e-07,4.78721794e-06,2.97332494e-08,3.86532242e-07,2.89532816e-05,3.76392661e-04,8.72481817e-05,1.22147454e-03,1.68781297e-10,2.53171945e-09,1.12872873e-04,1.58022022e-03,2.69904657e-05,4.04856986e-04,3.34201059e-04,5.34721694e-03,8.54755738e-07,1.45308476e-05,2.98133117e-16,5.36639610e-15,2.08001540e-05,3.53602618e-04,2.12118931e-09,3.81814076e-08,7.17611367e-05,1.43522273e-03
6.83925647e+01,9.93953261e-02,2.10794824e+04,1.38164574e-01,7.12507580e-01,7.12507580e-01,6.91577050e-02,2.76630820e-01,4.05852906e-07,4.87023487e-06,2.81088846e-08,3.65415499e-07,2.77023692e-05,3.60130800e-04,8.78203789e-05,1.22948530e-03,1.71119840e-10,2.56679760e-09,1.13028690e-04,1.58240166e-03,2.77500548e-05,4.16250822e-04,3.33535642e-04,5.33657026e-03,8.62587476e-07,1.46639871e-05,2.96106576e-16,5.32991838e-15,2.12156598e-05,3.60666216e-04,2.14770112e-09,3.86586201e-08,7.17611367e-05,1.43522273e-03
7.07419276e+01,9.96740968e-02,2.10440829e+04,1.45459233e-01,7.12499914e-01,7.12499914e-01,6.91586518e-02,2.76634607e-01,4.20594756e-07,5.04713707e-06,2.49239442e-08,3.24011275e-07,2.51994883e-05,3.27593348e-04,8.89934906e-05,1.24590887e-03,1.76064856e-10,2.64097283e-09,1.13216506e-04,1.58503109e-03,2.94131351e-05,4.41197026e-04,3.32091889e-04,5.31347023e-03,8.78519748e-07,1.49348357e-05,2.91614581e-16,5.24906247e-15,2.21105884e-05,3.75880002e-04,2.20318347e-09,3.96573025e-08,7.17611367e-05,1.43522273e-03
7.13085651e+01,9.97413329e-02,2.10355450e+04,1.47277440e-01,7.12498065e-01,7.12498065e-01,6.91588866e-02,2.76635546e-01,4.24150804e-07,5.08980965e-06,2.42088796e-08,3.14715435e-07,2.46277953e-05,3.20161339e-04,8.92667566e-05,1.24973459e-03,1.77249885e-10,2.65874828e-09,1.13233698e-04,1.58527178e-03,2.98235714e-05,4.47353570e-04,3.31738185e-04,5.30781096e-03,8.82212693e-07,1.49976158e-05,2.90499164e-16,5.22898495e-15,2.23285061e-05,3.79584603e-04,2.21637300e-09,3.98947140e-08,7.17611367e-05,1.43522273e-03
7.30912905e+01,9.99528675e-02,2.10086835e+04,1.53151012e-01,7.12492247e-01,7.12492247e-01,6.91596424e-02,2.76638570e-01,4.35335596e-07,5.22402715e-06,2.20858970e-08,2.87116661e-07,2.29077009e-05,2.97800112e-04,9.01007893e-05,1.26141105e-03,1.80957218e-10,2.71435827e-09,1.13220184e-04,1.58508257e-03,3.11386318e-05,4.67079476e-04,3.30611327e-04,5.28978124e-03,8.93458101e-07,1.51887877e-05,2.86919543e-16,5.16455178e-15,2.30194095e-05,3.91329962e-04,2.25740143e-09,4.06332258e-08,7.17611367e-05,1.43522273e-03
7.54406534e+01,1.00603813e-01,2.09212982e+04,1.61347788e-01,7.12484502e-01,7.12484502e-01,6.91606829e-02,2.76642731e-01,4.47269365e-07,5.36723238e-06,1.92577768e-08,2.50351099e-07,2.07993030e-05,2.70390939e-04,9.11229967e-05,1.27572195e-03,1.78801019e-10,2.68201528e-09,1.13074569e-04,1.58304396e-03,3.29466467e-05,4.94199700e-04,3.29079163e-04,5.26526660e-03,9.03022790e-07,1.53513874e-05,2.65622867e-16,4.78121160e-15,2.39564736e-05,4.07260051e-04,2.29451788e-09,4.13013218e-08,7.17611367e-05,1.43522273e-03
7.55678509e+01,1.00661578e-01,2.09134212e+04,1.61821290e-01,7.12484070e-01,7.12484070e-01,6.91607413e-02,2.76642965e-01,4.47440298e-07,5.36928357e-06,1.90723791e-08,2.47940929e-07,2.06873996e-05,2.68936195e-04,9.11733597e-05,1.27642704e-03,1.78282277e-10,2.67423416e-09,1.13065878e-04,1.58292230e-03,3.30500786e-05,4.95751179e-04,3.28992417e-04,5.26387867e-03,9.02737142e-07,1.53465314e-05,2.63413076e-16,4.74143538e-15,2.40103051e-05,4.08175187e-04,2.29422607e-09,4.12960693e-08,7.17611367e-05,1.43522273e-03
7.77900163e+01,1.01670739e-01,2.07758083e+04,1.70732258e-01,7.12476258e-01,7.12476258e-01,6.91618006e-02,2.76647202e-01,4.44034420e-07,5.32841305e-06,1.58729901e-08,2.06348872e-07,1.87521976e-05,2.43778568e-04,9.19428063e-05,1.28719929e-03,1.69910791e-10,2.54866187e-09,1.12917606e-04,1.58084649e-03,3.49761108e-05,5.24641662e-04,3.27394146e-04,5.23830634e-03,8.84723853e-07,1.50403055e-05,2.26352448e-16,4.07434406e-15,2.50209062e-05,4.25355405e-04,2.27238113e-09,4.09028604e-08,7.17611367e-05,1.43522273e-03
8.00815453e+01,1.02711401e-01,2.06338998e+04,1.81287281e-01,7.12467668e-01,7.12467668e-01,6.91629633e-02,2.76651853e-01,4.34325761e-07,5.21190913e-06,1.29824789e-08,1.68772225e-07,1.68067897e-05,2.18488266e-04,9.24969177e-05,1.29495685e-03,1.62503206e-10,2.43754809e-09,1.12756334e-04,1.57858868e-03,3.72096415e-05,5.58144622e-04,3.25572714e-04,5.20916343e-03,8.49474890e-07,1.44410731e-05,1.92893434e-16,3.47208182e-15,2.62088343e-05,4.45550183e-04,2.23475824e-09,4.02256484e-08,7.17611367e-05,1.43522273e-03
8.01393793e+01,1.02737666e-01,2.06303183e+04,1.81572961e-01,7.12467444e-01,7.12467444e-01,6.91629935e-02,2.76651974e-01,4.34055108e-07,5.20866130e-06,1.29155316e-08,1.67901911e-07,1.67585251e-05,2.17860827e-04,9.25075188e-05,1.29510526e-03,1.62330615e-10,2.43495922e-09,1.12751954e-04,1.57852736e-03,3.72694078e-05,5.59041118e-04,3.25524346e-04,5.20838954e-03,8.48461092e-07,1.44238386e-05,1.92116719e-16,3.45810095e-15,2.62408200e-05,4.46093939e-04,2.23372856e-09,4.02071140e-08,7.17611367e-05,1.43522273e-03
8.24887422e+01,1.03804592e-01,2.04848284e+04,1.94042076e-01,7.12458052e-01,7.12458052e-01,6.91642586e-02,2.76657034e-01,4.23189173e-07,5.07827007e-06,1.04283089e-08,1.35568015e-07,1.48412153e-05,1.92935799e-04,9.27884782e-05,1.29903870e-03,1.55850619e-10,2.33775929e-09,1.12552780e-04,1.57573893e-03,3.98446883e-05,5.97670325e-04,3.23454301e-04,5.17526882e-03,8.04902880e-07,1.36833490e-05,1.63351938e-16,2.94033488e-15,2.76275125e-05,4.69667712e-04,2.19231121e-09,3.94616017e-08,7.17611367e-05,1.43522273e-03
8.48381051e+01,1.04871518e-01,2.03393384e+04,2.08326780e-01,7.12448067e-01,7.12448067e-01,6.91655977e-02,2.76662391e-01,4.13610483e-07,4.96332580e-06,8.35725956e-09,1.08644374e-07,1.30259909e-05,1.69337882e-04,9.27621334e-05,1.29866987e-03,1.50288783e-10,2.25433175e-09,1.12296870e-04,1.57215619e-03,4.27191318e-05,6.40786977e-04,3.21167918e-04,5.13868669e-03,7.60248720e-07,1.29242282e-05,1.39720197e-16,2.51496354e-15,2.91926030e-05,4.96274251e-04,2.15742832e-09,3.88337098e-08,7.17611367e-05,1.43522273e-03
8.48648443e+01,1.04883661e-01,2.03376825e+04,2.08500582e-01,7.12447950e-01,7.12447950e-01,6.91656134e-02,2.76662454e-01,4.13511750e-07,4.96214100e-06,8.33587931e-09,1.08366431e-07,1.30060165e-05,1.69078215e-04,9.27599864e-05,1.29863981e-03,1.50230135e-10,2.25345202e-09,1.12293550e-04,1.57210970e-03,4.27536316e-05,6.41304474e-04,3.21140587e-04,5.13824939e-03,7.59748359e-07,1.29157221e-05,1.39478323e-16,2.51060981e-15,2.92114884e-05,4.96595303e-04,2.15709392e-09,3.88276906e-08,7.17611367e-05,1.43522273e-03
8.71874680e+01,1.05938444e-01,2.01938485e+04,2.24631354e-01,7.12437462e-01,7.12437462e-01,6.91670166e-02,2.76668066e-01,4.05846375e-07,4.87015650e-06,6.65067771e-09,8.64588102e-08,1.13375741e-05,1.47388463e-04,9.24090857e-05,1.29372720e-03,1.45486957e-10,2.18230436e-09,1.11964308e-04,1.56750031e-03,4.59085267e-05,6.88627901e-04,3.18648555e-04,5.09837687e-03,7.17596131e-07,1.21991342e-05,1.20538550e-16,2.16969390e-15,3.09479410e-05,5.26114997e-04,2.13466914e-09,3.84240445e-08,7.17611367e-05,1.43522273e-03
8.95368309e+01,1.07005371e-01,2.00483585e+04,2.43178749e-01,7.12426208e-01,7.12426208e-01,6.91685232e-02,2.76674093e-01,3.99798837e-07,4.79758604e-06,5.26098327e-09,6.83927825e-08,9.79709451e-06,1.27362229e-04,9.17135123e-05,1.28398917e-03,1.41307443e-10,2.11961165e-09,1.11539938e-04,1.56155913e-03,4.94267785e-05,7.41401677e-04,3.15879121e-04,5.05406593e-03,6.78128824e-07,1.15281900e-05,1.05019304e-16,1.89034747e-15,3.29054937e-05,5.59393393e-04,2.12651946e-09,3.82773503e-08,7.17611367e-05,1.43522273e-03
8.99338515e+01,1.07185671e-01,2.00237721e+04,2.46551642e-01,7.12424240e-01,7.12424240e-01,6.91687872e-02,2.76675149e-01,3.98927012e-07,4.78712414e-06,5.05422993e-09,6.57049891e-08,9.55259942e-06,1.24183792e-04,9.15611949e-05,1.28185673e-03,1.40653796e-10,2.10980693e-09,1.11458399e-04,1.56041758e-03,5.00546735e-05,7.50820103e-04,3.15385172e-04,5.04616275e-03,6.71794324e-07,1.14205035e-05,1.02704578e-16,1.84868241e-15,3.32571307e-05,5.65371222e-04,2.12664881e-09,3.82796786e-08,7.17611367e-05,1.43522273e-03
9.18861938e+01,1.08072297e-01,1.99028686e+04,2.64211354e-01,7.12414268e-01,7.12414268e-01,6.91701273e-02,2.76680509e-01,3.95185397e-07,4.74222477e-06,4.14388590e-09,5.38705168e-08,8.42034963e-06,1.09464545e-04,9.06629801e-05,1.26928172e-03,1.37630082e-10,2.06445123e-09,1.11014523e-04,1.55420333e-03,5.32853487e-05,7.99280231e-04,3.12842211e-04,5.00547537e-03,6.42009269e-07,1.09141576e-05,9.24313580e-17,1.66376444e-15,3.50772107e-05,5.96312582e-04,2.13364393e-09,3.84055908e-08,7.17611367e-05,1.43522273e-03
9.42355567e+01,1.09729004e-01,1.96884703e+04,2.88170728e-01,7.12401524e-01,7.12401524e-01,6.91718456e-02,2.76687383e-01,3.88252437e-07,4.65902924e-06,3.18673161e-09,4.14275110e-08,7.20927615e-06,9.37205899e-05,8.92232721e-05,1.24912581e-03,1.27192032e-10,1.90788048e-09,1.10396418e-04,1.54554985e-03,5.75244243e-05,8.62866364e-04,3.09498658e-04,4.95197853e-03,6.02689722e-07,1.02457253e-05,7.53801461e-17,1.35684263e-15,3.74963544e-05,6.37438025e-04,2.12164086e-09,3.81895354e-08,7.17611367e-05,1.43522273e-03
9.53056322e+01,1.11413043e-01,1.94822229e+04,3.01593553e-01,7.12394886e-01,7.12394886e-01,6.91727072e-02,2.76690829e-01,3.66218669e-07,4.39462403e-06,2.59279080e-09,3.37062804e-08,6.65434216e-06,8.65064480e-05,8.82244004e-05,1.23514161e-03,1.13268193e-10,1.69902289e-09,1.10162711e-04,1.54227795e-03,5.98321603e-05,8.97482405e-04,3.07698890e-04,4.92318223e-03,5.47992598e-07,9.31587416e-06,5.85215813e-17,1.05338846e-15,3.88521352e-05,6.60486298e-04,2.00261658e-09,3.60470985e-08,7.17611367e-05,1.43522273e-03
9.65849196e+01,1.13426330e-01,1.92356517e+04,3.21141635e-01,7.12385883e-01,7.12385883e-01,6.91738005e-02,2.76695202e-01,3.32133277e-07,3.98559933e-06,1.98348282e-09,2.57852767e-08,5.94949248e-06,7.73434022e-05,8.65379896e-05,1.21153186e-03,9.96451910e-11,1.49467786e-09,1.09956310e-04,1.53938834e-03,6.31024009e-05,9.46536013e-04,3.05174704e-04,4.88279526e-03,4.63153195e-07,7.87360432e-06,4.36286923e-17,7.85316462e-16,4.08212328e-05,6.93960958e-04,1.86975996e-09,3.36556794e-08,7.17611367e-05,1.43522273e-03
9.89342825e+01,1.17123655e-01,1.87828332e+04,3.69603852e-01,7.12366057e-01,7.12366057e-01,6.91759463e-02,2.76703785e-01,2.78242746e-07,3.33891296e-06,1.16539778e-09,1.51501712e-08,4.59994300e-06,5.97992590e-05,8.17678491e-05,1.14474989e-03,8.10199572e-11,1.21529936e-09,1.09702917e-04,1.53584084e-03,7.07682516e-05,1.06152377e-03,2.99295690e-04,4.78873104e-03,3.27096173e-07,5.56063494e-06,2.76338887e-17,4.97409997e-16,4.55919845e-05,7.75063736e-04,1.74990047e-09,3.14982085e-08,7.17611367e-05,1.43522273e-03
1.00998271e+02,1.25669605e-01,1.78500826e+04,4.46296782e-01,7.12340537e-01,7.12340537e-01,6.91781180e-02,2.76712472e-01,1.90977152e-07,2.29172582e-06,4.70099454e-10,6.11129291e-09,3.23111672e-06,4.20045174e-05,7.33914404e-05,1.02748017e-03,4.65618467e-11,6.98427700e-10,1.09812303e-04,1.53737224e-03,8.17631943e-05,1.22644792e-03,2.91157768e-04,4.65852429e-03,1.55664893e-07,2.64630318e-06,9.63230203e-18,1.73381437e-16,5.26156121e-05,8.94465405e-04,1.36868294e-09,2.46362928e-08,7.17611367e-05,1.43522273e-03
1.01283645e+02,1.27043824e-01,1.77016670e+04,4.63998451e-01,7.12335524e-01,7.12335524e-01,6.91784427e-02,2.76713771e-01,1.77707310e-07,2.13248772e-06,3.98296982e-10,5.17786076e-09,2.99647016e-06,3.89541120e-05,7.14005278e-05,9.99607390e-04,4.30673714e-11,6.46010571e-10,1.09885824e-04,1.53840154e-03,8.41165434e-05,1.26174815e-03,2.89491442e-04,4.63186307e-03,1.35506034e-07,2.30360258e-06,8.42374682e-18,1.51627443e-16,5.41099369e-05,9.19868927e-04,1.34739949e-09,2.42531909e-08,7.17611367e-05,1.43522273e-03
1.03633008e+02,2.87967699e-01,7.26697374e+03,1.43276443e+00,7.11945254e-01,7.11945254e-01,6.91841045e-02,2.76736418e-01,9.43385485e-10,1.13206258e-08,2.02105576e-15,2.62737248e-14,3.86782443e-09,5.02817176e-08,1.91300165e-09,2.67820232e-08,5.42297429e-14,8.13446143e-13,1.12070722e-04,1.56899010e-03,1.60573685e-04,2.40860527e-03,2.23727104e-05,3.57963367e-04,4.73480927e-10,8.04917576e-09,1.60201771e-20,2.88363188e-19,2.84351175e-04,4.83396997e-03,4.67600177e-10,8.41680319e-09,7.17611375e-05,1.43522275e-03
1.05982371e+02,4.06035454e-01,7.86403993e+02,3.19506859e+00,7.11400823e-01,7.11400823e-01,6.93892751e-02,2.77557100e-01,8.75396188e-10,1.05047543e-08,1.01748216e-15,1.32272680e-14,3.26875313e-09,4.24937907e-08,3.83467997e-10,5.36855196e-09,7.38417515e-14,1.10762627e-12,1.13055166e-04,1.58277233e-03,3.61220236e-04,5.41830354e-03,1.01156328e-09,1.61850125e-08,3.39997831e-15,5.77996313e-14,6.08601390e-20,1.09548250e-18,5.44850894e-09,9.26246520e-08,6.78196645e-10,1.22075396e-08,7.17619070e-05,1.43523814e-03
1.07030934e+02,3.85455052e-01,5.27274911e+02,3.57903402e+00,7.11344090e-01,7.11344090e-01,6.94401671e-02,2.77760668e-01,2.32335376e-09,2.78802451e-08,6.74495740e-15,8.76844462e-14,9.21480732e-09,1.19792495e-07,7.92806459e-10,1.10992904e-08,1.80459148e-13,2.70688723e-12,1.14181512e-04,1.59854117e-03,4.08662354e-04,6.12993531e-03,1.95727077e-09,3.13163324e-08,1.50527355e-14,2.55896504e-13,1.64922831e-19,2.96861095e-18,9.31649229e-09,1.58380369e-07,1.03123136e-09,1.85621646e-08,7.17619096e-05,1.43523819e-03
1.08331734e+02,3.56584557e-01,3.43451022e+02,3.83380545e+00,7.11295919e-01,7.11295919e-01,6.94805259e-02,2.77922104e-01,7.79435040e-09,9.35322048e-08,7.02621171e-14,9.13407522e-13,3.25169469e-08,4.22720310e-07,2.06220721e-09,2.88709009e-08,5.39389078e-13,8.09083617e-12,1.15847415e-04,1.62186381e-03,4.44144357e-04,6.66216535e-03,4.32009977e-09,6.91215963e-08,9.59291505e-14,1.63079556e-12,5.99966390e-19,1.07993950e-17,1.73264674e-08,2.94549946e-07,1.87570385e-09,3.37626693e-08,7.17619130e-05,1.43523826e-03
1.10681097e+02,3.11364548e-01,1.86159753e+02,3.97241647e+00,7.11242580e-01,7.11242580e-01,6.95190694e-02,2.78076277e-01,5.25870868e-08,6.31045042e-07,2.37131956e-12,3.08271543e-11,2.09039710e-07,2.71751623e-06,1.07609814e-08,1.50653740e-07,3.17264551e-12,4.75896826e-11,1.19071889e-04,1.66700645e-03,4.73045878e-04,7.09568817e-03,1.38810119e-08,2.22096191e-07,1.17260075e-12,1.99342128e-11,4.72264473e-18,8.50076052e-17,3.32851529e-08,5.65847599e-07,4.86958982e-09,8.76526168e-08,7.17619189e-05,1.43523838e-03
1.13030460e+02,2.75283201e-01,1.14573868e+02,3.95071640e+00,7.11209454e-01,7.11209454e-01,6.95376846e-02,2.78150738e-01,2.50843500e-07,3.01012200e-06,3.66208385e-11,4.76070901e-10,8.33052124e-07,1.08296776e-05,5.12943148e-08,7.18120407e-07,1.54771735e-11,2.32157603e-10,1.21851759e-04,1.70592463e-03,4.81604378e-04,7.22406566e-03,3.06733042e-08,4.90772868e-07,6.44138516e-12,1.09503548e-10,2.84073012e-17,5.11331422e-16,4.41567576e-08,7.50664879e-07,1.06849180e-08,1.92328524e-07,7.17619246e-05,1.43523849e-03
1.13423929e+02,2.70029807e-01,1.06629715e+02,3.94242014e+00,7.11204948e-01,7.11204948e-01,6.95398791e-02,2.78159516e-01,3.14973330e-07,3.77967996e-06,5.42646506e-11,7.05440457e-10,1.00719103e-06,1.30934835e-05,6.58868756e-08,9.22416259e-07,1.98533832e-11,2.97800748e-10,1.22218684e-04,1.71106158e-03,4.82097135e-04,7.23145703e-03,3.40160079e-08,5.44256126e-07,8.16545379e-12,1.38812714e-10,3.73956861e-17,6.73122350e-16,4.53746515e-08,7.71369076e-07,1.19709758e-08,2.15477565e-07,7.17619255e-05,1.43523851e-03
1.15379823e+02,2.46455140e-01,7.65762723e+01,3.90132058e+00,7.11185456e-01,7.11185456e-01,6.95487464e-02,2.78194986e-01,8.61702021e-07,1.03404242e-05,3.07053310e-10,3.99169303e-09,2.23400198e-06,2.90420257e-05,2.16473715e-07,3.03063201e-06,6.52672188e-11,9.79008282e-10,1.23442224e-04,1.72819113e-03,4.82432156e-04,7.23648234e-03,5.19662283e-08,8.31459653e-07,2.37473648e-11,4.03705202e-10,1.35908567e-16,2.44635421e-15,4.93769920e-08,8.39408864e-07,1.98252930e-08,3.56855274e-07,7.17619298e-05,1.43523860e-03
1.17729186e+02,2.23644623e-01,5.48004216e+01,3.86243780e+00,7.11166844e-01,7.11166844e-01,6.95569240e-02,2.78227696e-01,2.19323016e-06,2.63187619e-05,1.53255237e-09,1.99231808e-08,4.34042789e-06,5.64255626e-05,7.26469013e-07,1.01705662e-05,2.34562006e-10,3.51843009e-09,1.23568905e-04,1.72996467e-03,4.80082917e-04,7.20124375e-03,7.46360094e-08,1.19417615e-06,7.02961267e-11,1.19503415e-09,4.94931006e-16,8.90875812e-15,5.11878330e-08,8.70193162e-07,2.99735138e-08,5.39523248e-07,7.17619345e-05,1.43523869e-03
1.20078549e+02,2.05556796e-01,4.13687516e+01,3.82912628e+00,7.11152110e-01,7.11152110e-01,6.95639769e-02,2.78255907e-01,4.43004864e-06,5.31605837e-05,5.09609632e-09,6.62492521e-08,6.69484398e-06,8.70329717e-05,1.83133366e-06,2.56386712e-05,7.19569767e-10,1.07935465e-08,1.22504137e-04,1.71505792e-03,4.76095499e-04,7.14143248e-03,9.66830964e-08,1.54692954e-06,1.77622025e-10,3.01957442e-09,1.37819312e-15,2.48074761e-14,5.13607831e-08,8.73133312e-07,3.71255920e-08,6.68260656e-07,7.17619384e-05,1.43523877e-03
1.20198781e+02,2.04738300e-01,4.08308830e+01,3.82734811e+00,7.11151440e-01,7.11151440e-01,6.95643221e-02,2.78257289e-01,4.56913200e-06,5.48295840e-05,5.37108457e-09,6.98240994e-08,6.81328687e-06,8.85727294e-05,1.90567044e-06,2.66793861e-05,7.58829013e-10,1.13824352e-08,1.22426149e-04,1.71396609e-03,4.75860396e-04,7.13790594e-03,9.77718761e-08,1.56435002e-06,1.85491468e-10,3.15335495e-09,1.44222149e-15,2.59599868e-14,5.13448911e-08,8.72863148e-07,3.73462150e-08,6.72231869e-07,7.17619386e-05,1.43523877e-03
1.22427912e+02,1.90828624e-01,3.24225846e+01,3.79131034e+00,7.11140226e-01,7.11140226e-01,6.95705625e-02,2.78282250e-01,7.55450092e-06,9.06540110e-05,1.25804373e-08,1.63545685e-07,8.87123424e-06,1.15326045e-04,3.56377119e-06,4.98927967e-05,1.94174283e-09,2.91261425e-08,1.20696181e-04,1.68974654e-03,4.71106101e-04,7.06659151e-03,1.16940368e-07,1.87104588e-06,3.90321954e-10,6.63547321e-09,3.11991300e-15,5.61584339e-14,5.07942177e-08,8.63501701e-07,3.94151795e-08,7.09473232e-07,7.17619417e-05,1.43523883e-03
1.24777275e+02,1.78835548e-01,2.63109968e+01,3.74731755e+00,7.11130353e-01,7.11130353e-01,6.95769226e-02,2.78307690e-01,1.14386906e-05,1.37264288e-04,2.50964123e-08,3.26253359e-07,1.06621806e-05,1.38608348e-04,5.75023819e-06,8.05033346e-05,4.61191036e-09,6.91786554e-08,1.18483026e-04,1.65876236e-03,4.65536878e-04,6.98305317e-03,1.34540728e-07,2.15265164e-06,7.50706159e-10,1.27620047e-08,6.00313231e-15,1.08056382e-13,4.98908893e-08,8.48145118e-07,3.78036617e-08,6.80465910e-07,7.17619442e-05,1.43523888e-03
1.27126637e+02,1.68143167e-01,2.16572670e+01,3.69969710e+00,7.11121834e-01,7.11121834e-01,6.95831421e-02,2.78332568e-01,1.59100780e-05,1.90920936e-04,4.31060412e-08,5.60378536e-07,1.20302711e-05,1.56393524e-04,8.17852787e-06,1.14499390e-04,1.04521560e-08,1.56782339e-07,1.16075135e-04,1.62505189e-03,4.59690464e-04,6.89535696e-03,1.48562511e-07,2.37700018e-06,1.29075516e-09,2.19428377e-08,1.11150945e-14,2.00071702e-13,4.88367112e-08,8.30224090e-07,3.49868452e-08,6.29763214e-07,7.17619460e-05,1.43523892e-03
1.27378296e+02,1.67095972e-01,2.12383886e+01,3.69448942e+00,7.11120983e-01,7.11120983e-01,6.95838015e-02,2.78335206e-01,1.64175279e-05,1.97010335e-04,4.53576488e-08,5.89649434e-07,1.21527899e-05,1.57986268e-04,8.44638443e-06,1.18249382e-04,1.13521872e-08,1.70282808e-07,1.15810940e-04,1.62135315e-03,4.59056017e-04,6.88584026e-03,1.49839245e-07,2.39742793e-06,1.35948769e-09,2.31112908e-08,1.18404879e-14,2.13128782e-13,4.87189233e-08,8.28221696e-07,3.46776933e-08,6.24198480e-07,7.17619461e-05,1.43523892e-03
1.29476000e+02,1.58718924e-01,1.80469389e+01,3.65085137e+00,7.11114240e-01,7.11114240e-01,6.95892504e-02,2.78357002e-01,2.08142865e-05,2.49771438e-04,6.63914855e-08,8.63089311e-07,1.30146157e-05,1.69190005e-04,1.07041814e-05,1.49858539e-04,2.24448674e-08,3.36673010e-07,1.13586567e-04,1.59021194e-03,4.53744605e-04,6.80616908e-03,1.58818634e-07,2.54109814e-06,2.00799317e-09,3.41358839e-08,2.02908412e-14,3.65235141e-13,4.77183047e-08,8.11211180e-07,3.22787218e-08,5.81016992e-07,7.17619472e-05,1.43523894e-03
1.31825363e+02,1.50066512e-01,1.51362991e+01,3.60217321e+00,7.11107296e-01,7.11107296e-01,6.95952540e-02,2.78381016e-01,2.60174100e-05,3.12208919e-04,9.43660467e-08,1.22675861e-06,1.36813405e-05,1.77857427e-04,1.32450850e-05,1.85431190e-04,4.70403996e-08,7.05605995e-07,1.11080053e-04,1.55512074e-03,4.47793640e-04,6.71690460e-03,1.65670113e-07,2.65072181e-06,2.87713914e-09,4.89113654e-08,3.81464735e-14,6.86636524e-13,4.65796330e-08,7.91853761e-07,3.03071580e-08,5.45528844e-07,7.17619479e-05,1.43523896e-03
1.34174726e+02,1.42157835e-01,1.28029254e+01,3.55431739e+00,7.11100806e-01,7.11100806e-01,6.96011480e-02,2.78404592e-01,3.13878624e-05,3.76654349e-04,1.26034951e-07,1.63845437e-06,1.41159162e-05,1.83506910e-04,1.57590829e-05,2.20627160e-04,9.56667648e-08,1.43500147e-06,1.08591284e-04,1.52027798e-03,4.41885006e-04,6.62827508e-03,1.70168113e-07,2.72268980e-06,3.84753388e-09,6.54080760e-08,7.33840943e-14,1.32091370e-12,4.54446322e-08,7.72558747e-07,2.89804498e-08,5.21648096e-07,7.17619484e-05,1.43523897e-03
1.34986647e+02,1.39526929e-01,1.20827943e+01,3.53803427e+00,7.11098649e-01,7.11098649e-01,6.96031561e-02,2.78412625e-01,3.32630183e-05,3.99156219e-04,1.37675699e-07,1.78978408e-06,1.42243709e-05,1.84916821e-04,1.66180409e-05,2.32652573e-04,1.22103568e-07,1.83155352e-06,1.07738880e-04,1.50834432e-03,4.39856945e-04,6.59785417e-03,1.71344489e-07,2.74151182e-06,4.19831781e-09,7.13714027e-08,9.29762547e-14,1.67357258e-12,4.50555819e-08,7.65944892e-07,2.86508030e-08,5.15714454e-07,7.17619485e-05,1.43523897e-03
1.36524089e+02,1.34671956e-01,1.08229891e+01,3.50763007e+00,7.11094673e-01,7.11094673e-01,6.96069108e-02,2.78427643e-01,3.68181238e-05,4.41817486e-04,1.60517090e-07,2.08672217e-06,1.43832281e-05,1.86981965e-04,1.82285638e-05,2.55199893e-04,1.93707829e-07,2.90561744e-06,1.06138141e-04,1.48593398e-03,4.36038686e-04,6.54058029e-03,1.73207184e-07,2.77131494e-06,4.87587997e-09,8.28899595e-08,1.47762059e-13,2.65971706e-12,4.43250191e-08,7.53525325e-07,2.81717198e-08,5.07090957e-07,7.17619486e-05,1.43523897e-03
1.38873452e+02,1.27636154e-01,9.16696712e+00,3.46247661e+00,7.11088861e-01,7.11088861e-01,6.96124986e-02,2.78449995e-01,4.22015668e-05,5.06418801e-04,1.97017185e-07,2.56122341e-06,1.45347917e-05,1.88952292e-04,2.06467152e-05,2.89054013e-04,3.87551566e-07,5.81327349e-06,1.03729702e-04,1.45221583e-03,4.30262885e-04,6.45394327e-03,1.75442820e-07,2.80708512e-06,5.92784971e-09,1.00773445e-07,3.07313678e-13,5.53164621e-12,4.32266252e-08,7.34852629e-07,2.77130837e-08,4.98835506e-07,7.17619487e-05,1.43523897e-03
1.41222815e+02,1.21082726e-01,7.79055350e+00,3.41941199e+00,7.11083387e-01,7.11083387e-01,6.96178380e-02,2.78471352e-01,4.74173331e-05,5.69007998e-04,2.34843772e-07,3.05296904e-06,1.46119085e-05,1.89954811e-04,2.30115018e-05,3.22161025e-04,7.52444893e-07,1.12866734e-05,1.01370435e-04,1.41918609e-03,4.24560641e-04,6.36840962e-03,1.77269162e-07,2.83630659e-06,6.97958850e-09,1.18653004e-07,6.43953064e-13,1.15911551e-11,4.21522707e-08,7.16588601e-07,2.74589330e-08,4.94260794e-07,7.17619488e-05,1.43523898e-03
1.43049447e+02,1.16198835e-01,6.87378789e+00,3.38800543e+00,7.11079424e-01,7.11079424e-01,6.96217362e-02,2.78486945e-01,5.12554161e-05,6.15064994e-04,2.64851698e-07,3.44307208e-06,1.46382235e-05,1.90296906e-04,2.48132432e-05,3.47385405e-04,1.23676090e-06,1.85514135e-05,9.95712074e-05,1.39399690e-03,4.20178434e-04,6.30267650e-03,1.78518835e-07,2.85630136e-06,7.78858595e-09,1.32405961e-07,1.14575627e-12,2.06236129e-11,4.13342853e-08,7.02682851e-07,2.73447463e-08,4.92205433e-07,7.17619488e-05,1.43523898e-03
1.43572178e+02,1.14881756e-01,6.63407961e+00,3.37942803e+00,7.11078344e-01,7.11078344e-01,6.96228013e-02,2.78491205e-01,5.23074533e-05,6.27689439e-04,2.73507071e-07,3.55559192e-06,1.46418439e-05,1.90343970e-04,2.53229630e-05,3.54521481e-04,1.41745472e-06,2.12618208e-05,9.90620129e-05,1.38686818e-03,4.18932619e-04,6.28398929e-03,1.78854792e-07,2.86167667e-06,8.01810605e-09,1.36307803e-07,1.34483655e-12,2.42070580e-11,4.11030190e-08,6.98751322e-07,2.73209661e-08,4.91777390e-07,7.17619488e-05,1.43523898e-03
1.45921541e+02,1.09123337e-01,5.66486457e+00,3.34369305e+00,7.11073859e-01,7.11073859e-01,6.96272402e-02,2.78508961e-01,5.67038344e-05,6.80446013e-04,3.12661934e-07,4.06460515e-06,1.46428168e-05,1.90356618e-04,2.75818939e-05,3.86146514e-04,2.53212790e-06,3.79819185e-05,9.68047279e-05,1.35526619e-03,4.13378554e-04,6.20067832e-03,1.80248814e-07,2.88398102e-06,9.03688177e-09,1.53626990e-07,2.68549612e-12,4.83389302e-11,4.00790885e-08,6.81344505e-07,2.72460543e-08,4.90428977e-07,7.17619488e-05,1.43523898e-03
1.48270904e+02,1.03732624e-01,4.86399517e+00,3.31336183e+00,7.11070062e-01,7.11070062e-01,6.96310094e-02,2.78524038e-01,6.04484897e-05,7.25381876e-04,3.52077343e-07,4.57700546e-06,1.46265849e-05,1.90145604e-04,2.97893519e-05,4.17050926e-04,4.24303672e-06,6.36455508e-05,9.45981605e-05,1.32437425e-03,4.07897800e-04,6.11846699e-03,1.81441778e-07,2.90306845e-06,1.00330769e-08,1.70562308e-07,4.98075925e-12,8.96536664e-11,3.90802733e-08,6.64364645e-07,2.72041334e-08,4.89674401e-07,7.17619488e-05,1.43523898e-03
1.50620267e+02,9.88443605e-02,4.19875336e+00,3.28894003e+00,7.11067011e-01,7.11067011e-01,6.96340448e-02,2.78536179e-01,6.34699065e-05,7.61638877e-04,3.91606608e-07,5.09088590e-06,1.46003778e-05,1.89804911e-04,3.19464694e-05,4.47250571e-04,6.61512618e-06,9.92268927e-05,9.24415301e-05,1.29418142e-03,4.02489544e-04,6.03734316e-03,1.82420276e-07,2.91872442e-06,1.10057436e-08,1.87097640e-07,8.39528560e-12,1.51115141e-10,3.81061570e-08,6.47804669e-07,2.71791757e-08,4.89225163e-07,7.17619488e-05,1.43523898e-03
1.51593841e+02,9.69231798e-02,3.95641355e+00,3.28051674e+00,7.11065960e-01,7.11065960e-01,6.96350919e-02,2.78540368e-01,6.45130617e-05,7.74156740e-04,4.07998149e-07,5.30397593e-06,1.45876893e-05,1.89639962e-04,3.28258940e-05,4.59562516e-04,7.78794041e-06,1.16819106e-04,9.15622373e-05,1.28187132e-03,4.00269407e-04,6.00404110e-03,1.82763144e-07,2.92421030e-06,1.14018842e-08,1.93832032e-07,1.01304539e-11,1.82348170e-10,3.77096030e-08,6.41063251e-07,2.71716660e-08,4.89089988e-07,7.17619488e-05,1.43523898e-03
1.52969629e+02,9.43066778e-02,3.64062254e+00,3.27025081e+00,7.11064679e-01,7.11064679e-01,6.96363680e-02,2.78545472e-01,6.57850382e-05,7.89420458e-04,4.31160063e-07,5.60508082e-06,1.45685006e-05,1.89390508e-04,3.40543857e-05,4.76761400e-04,9.62793705e-06,1.44419056e-04,9.03338854e-05,1.26467440e-03,3.97152908e-04,5.95729362e-03,1.83185853e-07,2.93097365e-06,1.19547991e-08,2.03231584e-07,1.28766262e-11,2.31779271e-10,3.71562268e-08,6.31655855e-07,2.71628793e-08,4.88931828e-07,7.17619488e-05,1.43523898e-03
1.55318992e+02,9.01002440e-02,3.17359526e+00,3.25669246e+00,7.11062988e-01,7.11062988e-01,6.96380536e-02,2.78552214e-01,6.74659222e-05,8.09591066e-04,4.70685519e-07,6.11891175e-06,1.45333810e-05,1.88933953e-04,3.61142233e-05,5.05599127e-04,1.32078616e-05,1.98117924e-04,8.82742010e-05,1.23583881e-03,3.91886982e-04,5.87830473e-03,1.83754351e-07,2.94006961e-06,1.28805393e-08,2.18969168e-07,1.82248477e-11,3.28047259e-10,3.62299289e-08,6.15908792e-07,2.71511146e-08,4.88720063e-07,7.17619488e-05,1.43523898e-03
1.57668355e+02,8.61817760e-02,2.77581936e+00,3.24728275e+00,7.11061815e-01,7.11061815e-01,6.96392234e-02,2.78556893e-01,6.86330868e-05,8.23597042e-04,5.10151454e-07,6.63196890e-06,1.44964402e-05,1.88453723e-04,3.81270815e-05,5.33779141e-04,1.72338166e-05,2.58507249e-04,8.62614303e-05,1.20766002e-03,3.86690851e-04,5.80036277e-03,1.84158106e-07,2.94652969e-06,1.37834023e-08,2.34317840e-07,2.41706109e-11,4.35070996e-10,3.53266990e-08,6.00553883e-07,2.71417247e-08,4.88551045e-07,7.17619488e-05,1.43523898e-03
1.60017718e+02,8.25200982e-02,2.43429888e+00,3.24096901e+00,7.11061028e-01,7.11061028e-01,6.96400083e-02,2.78560033e-01,6.94165045e-05,8.32998055e-04,5.49538925e-07,7.14400602e-06,1.44585033e-05,1.87960543e-04,4.00940346e-05,5.61316484e-04,2.15758724e-05,3.23638086e-04,8.42945278e-05,1.18012339e-03,3.81563603e-04,5.72345404e-03,1.84435043e-07,2.95096069e-06,1.46638820e-08,2.49285995e-07,3.04781939e-11,5.48607489e-10,3.44459745e-08,5.85581566e-07,2.71335824e-08,4.88404483e-07,7.17619488e-05,1.43523898e-03
1.60648595e+02,8.15792560e-02,2.35235456e+00,3.23967987e+00,7.11060867e-01,7.11060867e-01,6.96401686e-02,2.78560674e-01,6.95764904e-05,8.34917885e-04,5.60100749e-07,7.28130973e-06,1.44482127e-05,1.87826765e-04,4.06145396e-05,5.68603555e-04,2.27807593e-05,3.41711390e-04,8.37740323e-05,1.17283645e-03,3.80198393e-04,5.70297589e-03,1.84492384e-07,2.95187814e-06,1.48965718e-08,2.53241721e-07,3.22110753e-11,5.79799356e-10,3.42132340e-08,5.81624979e-07,2.71315250e-08,4.88367450e-07,7.17619488e-05,1.43523898e-03
1.62367081e+02,7.90896605e-02,2.14298134e+00,3.23685084e+00,7.11060515e-01,7.11060515e-01,6.96405203e-02,2.78562081e-01,6.99276147e-05,8.39131377e-04,5.88836744e-07,7.65487767e-06,1.44200403e-05,1.87460524e-04,4.20161316e-05,5.88225843e-04,2.61229884e-05,3.91844826e-04,8.23724602e-05,1.15321444e-03,3.76504330e-04,5.64756494e-03,1.84619441e-07,2.95391106e-06,1.55224923e-08,2.63882370e-07,3.69858749e-11,6.65745747e-10,3.35872006e-08,5.70982411e-07,2.71261028e-08,4.88269850e-07,7.17619488e-05,1.43523898e-03
1.64716444e+02,7.58857539e-02,1.89217090e+00,3.23422092e+00,7.11060187e-01,7.11060187e-01,6.96408473e-02,2.78563389e-01,7.02540723e-05,8.43048868e-04,6.28038273e-07,8.16449754e-06,1.43813207e-05,1.86957169e-04,4.38943973e-05,6.14521562e-04,3.07881079e-05,4.61821619e-04,8.04942119e-05,1.12691897e-03,3.71512134e-04,5.57268201e-03,1.84739455e-07,2.95583128e-06,1.63597508e-08,2.78115763e-07,4.35957266e-11,7.84723079e-10,3.27498335e-08,5.56747170e-07,2.71189778e-08,4.88141601e-07,7.17619488e-05,1.43523898e-03
1.67065807e+02,7.28756030e-02,1.67451269e+00,3.23256362e+00,7.11059981e-01,7.11059981e-01,6.96410533e-02,2.78564213e-01,7.04598215e-05,8.45517858e-04,6.67139600e-07,8.67281480e-06,1.43424994e-05,1.86452492e-04,4.57298323e-05,6.40217652e-04,3.55079971e-05,5.32619956e-04,7.86587873e-05,1.10122302e-03,3.66586129e-04,5.49879193e-03,1.84816388e-07,2.95706221e-06,1.71761714e-08,2.91994914e-07,5.02541873e-11,9.04575372e-10,3.19333411e-08,5.42866799e-07,2.71120439e-08,4.88016790e-07,7.17619488e-05,1.43523898e-03
1.69415170e+02,7.00380820e-02,1.48626739e+00,3.23153241e+00,7.11059852e-01,7.11059852e-01,6.96411815e-02,2.78564726e-01,7.05878538e-05,8.47054246e-04,7.06138506e-07,9.17980058e-06,1.43036636e-05,1.85947627e-04,4.75234140e-05,6.65327796e-04,4.02404382e-05,6.03606573e-04,7.68652118e-05,1.07611297e-03,3.61725438e-04,5.42588157e-03,1.84864995e-07,2.95783992e-06,1.79722618e-08,3.05528450e-07,5.69344493e-11,1.02482009e-09,3.11372039e-08,5.29332466e-07,2.71052148e-08,4.87893866e-07,7.17619488e-05,1.43523898e-03
1.70244192e+02,6.90757403e-02,1.42587554e+00,3.23127174e+00,7.11059820e-01,7.11059820e-01,6.96412139e-02,2.78564856e-01,7.06202201e-05,8.47442642e-04,7.19875396e-07,9.35838015e-06,1.42899664e-05,1.85769563e-04,4.81465066e-05,6.74051093e-04,4.19077886e-05,6.28616829e-04,7.62421207e-05,1.06738969e-03,3.60025667e-04,5.40038501e-03,1.84877404e-07,2.95803846e-06,1.82484200e-08,3.10223140e-07,5.92942416e-11,1.06729635e-09,3.08610334e-08,5.24637567e-07,2.71028205e-08,4.87850769e-07,7.17619488e-05,1.43523898e-03
1.71764533e+02,6.73593863e-02,1.32184426e+00,3.23089635e+00,7.11059773e-01,7.11059773e-01,6.96412606e-02,2.78565042e-01,7.06668313e-05,8.48001976e-04,7.45033749e-07,9.68543874e-06,1.42648638e-05,1.85443230e-04,4.92760974e-05,6.89865363e-04,4.49575737e-05,6.74363605e-04,7.51125321e-05,1.05157545e-03,3.56929195e-04,5.35393793e-03,1.84895385e-07,2.95832616e-06,1.87485205e-08,3.18724848e-07,6.36235838e-11,1.14522451e-09,3.03609148e-08,5.16135552e-07,2.70984440e-08,4.87771993e-07,7.17619488e-05,1.43523898e-03
1.74113896e+02,6.48161729e-02,1.17703912e+00,3.23050723e+00,7.11059725e-01,7.11059725e-01,6.96413090e-02,2.78565236e-01,7.07151495e-05,8.48581794e-04,7.83824687e-07,1.01897209e-05,1.42261289e-05,1.84939676e-04,5.09888154e-05,7.13843415e-04,4.96418265e-05,7.44627397e-04,7.33998164e-05,1.02759743e-03,3.52196547e-04,5.28294821e-03,1.84914198e-07,2.95862717e-06,1.95054366e-08,3.31592422e-07,7.03156607e-11,1.26568189e-09,2.96039794e-08,5.03267649e-07,2.70917065e-08,4.87650717e-07,7.17619488e-05,1.43523898e-03
1.76463259e+02,6.24153320e-02,1.05076660e+00,3.23027047e+00,7.11059695e-01,7.11059695e-01,6.96413384e-02,2.78565354e-01,7.07445493e-05,8.48934592e-04,8.22511037e-07,1.06926435e-05,1.41874755e-05,1.84437181e-04,5.26624795e-05,7.37274713e-04,5.42822772e-05,8.14234159e-04,7.17261536e-05,1.00416615e-03,3.47526651e-04,5.21289976e-03,1.84925764e-07,2.95881222e-06,2.02434886e-08,3.44139307e-07,7.70080391e-11,1.38614470e-09,2.88659151e-08,4.90720557e-07,2.70849883e-08,4.87529790e-07,7.17619488e-05,1.43523898e-03
1.78812621e+02,6.01337662e-02,9.39306490e-01,3.23012713e+00,7.11059677e-01,7.11059677e-01,6.96413562e-02,2.78565425e-01,7.07623494e-05,8.49148193e-04,8.61092735e-07,1.11942056e-05,1.41489132e-05,1.83935872e-04,5.42979805e-05,7.60171726e-04,5.88724267e-05,8.83086400e-04,7.00906535e-05,9.81269149e-04,3.42918674e-04,5.14378011e-03,1.84932829e-07,2.95892526e-06,2.09631445e-08,3.56373456e-07,8.36995833e-11,1.50659250e-09,2.81462516e-08,4.78486277e-07,2.70782819e-08,4.87409073e-07,7.17619488e-05,1.43523898e-03
1.80412938e+02,5.86408552e-02,8.70704665e-01,3.23006369e+00,7.11059669e-01,7.11059669e-01,6.96413641e-02,2.78565456e-01,7.07702267e-05,8.49242721e-04,8.87313561e-07,1.15350763e-05,1.41227008e-05,1.83595111e-04,5.53906301e-05,7.75468821e-04,6.19683218e-05,9.29524827e-04,6.89980042e-05,9.65972059e-04,3.39814890e-04,5.09722335e-03,1.84935977e-07,2.95897563e-06,2.14430538e-08,3.64531915e-07,8.82569302e-11,1.58862474e-09,2.76663388e-08,4.70327760e-07,2.70737181e-08,4.87326925e-07,7.17619488e-05,1.43523898e-03
1.81161984e+02,5.79602142e-02,8.40611157e-01,3.23004073e+00,7.11059667e-01,7.11059667e-01,6.96413670e-02,2.78565468e-01,7.07730777e-05,8.49276933e-04,8.99569854e-07,1.16944081e-05,1.41104476e-05,1.83435819e-04,5.58961885e-05,7.82546639e-04,6.34085602e-05,9.51128404e-04,6.84924460e-05,9.58894243e-04,3.38371796e-04,5.07557694e-03,1.84937120e-07,2.95899392e-06,2.16648612e-08,3.68302640e-07,9.03898158e-11,1.62701668e-09,2.74445302e-08,4.66557013e-07,2.70715829e-08,4.87288491e-07,7.17619488e-05,1.43523898e-03
1.83511347e+02,5.58886639e-02,7.52944418e-01,3.22998887e+00,7.11059660e-01,7.11059660e-01,6.96413734e-02,2.78565494e-01,7.07795185e-05,8.49354222e-04,9.37942545e-07,1.21932531e-05,1.40720817e-05,1.82937062e-04,5.74579541e-05,8.04411357e-04,6.78886993e-05,1.01833049e-03,6.69306807e-05,9.37029530e-04,3.33885206e-04,5.00827810e-03,1.84939714e-07,2.95903542e-06,2.23490850e-08,3.79934445e-07,9.70785383e-11,1.74741369e-09,2.67603035e-08,4.54925160e-07,2.70648889e-08,4.87168000e-07,7.17619488e-05,1.43523898e-03
1.85860710e+02,5.39036029e-02,6.75264678e-01,3.22995786e+00,7.11059656e-01,7.11059656e-01,6.96413773e-02,2.78565509e-01,7.07833690e-05,8.49400428e-04,9.76211013e-07,1.26907432e-05,1.40338172e-05,1.82439624e-04,5.89841082e-05,8.25777515e-04,7.23119435e-05,1.08467915e-03,6.54045268e-05,9.15663375e-04,3.29458106e-04,4.94187159e-03,1.84941273e-07,2.95906038e-06,2.30162513e-08,3.91276272e-07,1.03765669e-10,1.86778205e-09,2.60931355e-08,4.43583304e-07,2.70581986e-08,4.87047575e-07,7.17619488e-05,1.43523898e-03
1.88210073e+02,5.20301700e-02,6.06857335e-01,3.22993938e+00,7.11059654e-01,7.11059654e-01,6.96413796e-02,2.78565518e-01,7.07856643e-05,8.49427972e-04,1.01437549e-06,1.31868814e-05,1.39956551e-05,1.81943517e-04,6.04754629e-05,8.46656481e-04,7.66780446e-05,1.15017067e-03,6.39131722e-05,8.94784411e-04,3.25089706e-04,4.87634559e-03,1.84942208e-07,2.95907533e-06,2.36667850e-08,4.02335345e-07,1.10451175e-10,1.98812116e-09,2.54426008e-08,4.32524214e-07,2.70515112e-08,4.86927201e-07,7.17619488e-05,1.43523898e-03
1.90559436e+02,5.02326850e-02,5.45977385e-01,3.22992838e+00,7.11059653e-01,7.11059653e-01,6.96413809e-02,2.78565524e-01,7.07870295e-05,8.49444354e-04,1.05243623e-06,1.36816710e-05,1.39575958e-05,1.81448745e-04,6.19328117e-05,8.67059363e-04,8.09871552e-05,1.21480733e-03,6.24558235e-05,8.74381529e-04,3.20779228e-04,4.81168842e-03,1.84942766e-07,2.95908426e-06,2.43011004e-08,4.13118707e-07,1.17135042e-10,2.10843076e-09,2.48082848e-08,4.21740841e-07,2.70448261e-08,4.86806870e-07,7.17619488e-05,1.43523898e-03
1.91189067e+02,4.97692928e-02,5.31004022e-01,3.22992629e+00,7.11059652e-01,7.11059652e-01,6.96413812e-02,2.78565525e-01,7.07872898e-05,8.49447478e-04,1.06261894e-06,1.38140462e-05,1.39474134e-05,1.81316374e-04,6.23177041e-05,8.72447857e-04,8.21323625e-05,1.23198544e-03,6.20709311e-05,8.68993036e-04,3.19633760e-04,4.79450640e-03,1.84942873e-07,2.95908597e-06,2.44683939e-08,4.15962695e-07,1.18926043e-10,2.14066878e-09,2.46409912e-08,4.18896851e-07,2.70430348e-08,4.86774627e-07,7.17619488e-05,1.43523898e-03
1.92908799e+02,4.85206181e-02,4.91689284e-01,3.22992186e+00,7.11059652e-01,7.11059652e-01,6.96413817e-02,2.78565527e-01,7.07878398e-05,8.49454077e-04,1.09039350e-06,1.41751155e-05,1.39196394e-05,1.80955312e-04,6.33569299e-05,8.86997019e-04,8.52396673e-05,1.27859501e-03,6.10317053e-05,8.54443874e-04,3.16525905e-04,4.74788857e-03,1.84943099e-07,2.95908959e-06,2.49196018e-08,4.23633231e-07,1.23817264e-10,2.22871075e-09,2.41897830e-08,4.11226311e-07,2.70381431e-08,4.86686576e-07,7.17619488e-05,1.43523898e-03
1.95258162e+02,4.68767647e-02,4.43278796e-01,3.22991800e+00,7.11059651e-01,7.11059651e-01,6.96413822e-02,2.78565529e-01,7.07883192e-05,8.49459831e-04,1.12824756e-06,1.46672182e-05,1.38817858e-05,1.80463216e-04,6.47485754e-05,9.06480056e-04,8.94361146e-05,1.34154172e-03,5.96400598e-05,8.34960837e-04,3.12328977e-04,4.68493466e-03,1.84943297e-07,2.95909275e-06,2.55226834e-08,4.33885617e-07,1.30497838e-10,2.34896108e-09,2.35867013e-08,4.00973922e-07,2.70314621e-08,4.86566317e-07,7.17619488e-05,1.43523898e-03
1.97607525e+02,4.53093295e-02,4.00046385e-01,3.22991572e+00,7.11059651e-01,7.11059651e-01,6.96413825e-02,2.78565530e-01,7.07886022e-05,8.49463226e-04,1.16599868e-06,1.51579829e-05,1.38440350e-05,1.79972455e-04,6.61084886e-05,9.25518841e-04,9.35771100e-05,1.40365665e-03,5.82801466e-05,8.15922053e-04,3.08187698e-04,4.62281548e-03,1.84943414e-07,2.95909462e-06,2.61107294e-08,4.43882400e-07,1.37176762e-10,2.46918172e-09,2.29986551e-08,3.90977137e-07,2.70247828e-08,4.86446091e-07,7.17619488e-05,1.43523898e-03
1.99956888e+02,4.38120075e-02,3.61382667e-01,3.22991438e+00,7.11059651e-01,7.11059651e-01,6.96413827e-02,2.78565531e-01,7.07887692e-05,8.49465231e-04,1.20364716e-06,1.56474130e-05,1.38063867e-05,1.79483027e-04,6.74373931e-05,9.44123503e-04,9.76633109e-05,1.46494966e-03,5.69512422e-05,7.97317391e-04,3.04101330e-04,4.56151995e-03,1.84943483e-07,2.95909573e-06,2.66841148e-08,4.53629951e-07,1.43854038e-10,2.58937268e-09,2.24252697e-08,3.81229585e-07,2.70181054e-08,4.86325897e-07,7.17619488e-05,1.43523898e-03
2.02306251e+02,4.23772525e-02,3.26790832e-01,3.22991358e+00,7.11059651e-01,7.11059651e-01,6.96413828e-02,2.78565531e-01,7.07888676e-05,8.49466411e-04,1.24119325e-06,1.61355122e-05,1.37688407e-05,1.78994929e-04,6.87359958e-05,9.62303941e-04,1.01695398e-04,1.52543097e-03,5.56526395e-05,7.79136953e-04,3.00069145e-04,4.50103717e-03,1.84943524e-07,2.95909639e-06,2.72432049e-08,4.63134484e-07,1.50529664e-10,2.70953395e-09,2.18661795e-08,3.71725052e-07,2.70114296e-08,4.86205734e-07,7.17619488e-05,1.43523898e-03
2.02608857e+02,4.21981746e-02,3.22629526e-01,3.22991351e+00,7.11059651e-01,7.11059651e-01,6.96413828e-02,2.78565531e-01,7.07888769e-05,8.49466522e-04,1.24602190e-06,1.61982847e-05,1.37640121e-05,1.78932157e-04,6.89010937e-05,9.64615311e-04,1.02210848e-04,1.53316271e-03,5.54875416e-05,7.76825582e-04,2.99553686e-04,4.49330529e-03,1.84943528e-07,2.95909645e-06,2.73141971e-08,4.64341351e-07,1.51389390e-10,2.72500902e-09,2.17951873e-08,3.70518185e-07,2.70105699e-08,4.86190258e-07,7.17619488e-05,1.43523898e-03
2.04655613e+02,4.10093786e-02,2.95849475e-01,3.22991312e+00,7.11059651e-01,7.11059651e-01,6.96413828e-02,2.78565531e-01,7.07889255e-05,8.49467106e-04,1.27863724e-06,1.66222841e-05,1.37313968e-05,1.78508158e-04,7.00049878e-05,9.80069829e-04,1.05674061e-04,1.58511092e-03,5.43836475e-05,7.61371065e-04,2.96090423e-04,4.44135635e-03,1.84943549e-07,2.95909678e-06,2.77883563e-08,4.72402057e-07,1.57203641e-10,2.82966554e-09,2.13210282e-08,3.62457479e-07,2.70047556e-08,4.86085601e-07,7.17619488e-05,1.43523898e-03
2.07004976e+02,3.96950327e-02,2.68122033e-01,3.22991284e+00,7.11059651e-01,7.11059651e-01,6.96413829e-02,2.78565531e-01,7.07889596e-05,8.49467515e-04,1.31597940e-06,1.71077322e-05,1.36940546e-05,1.78022710e-04,7.12450442e-05,9.97430619e-04,1.09599993e-04,1.64399990e-03,5.31435911e-05,7.44010275e-04,2.92164457e-04,4.38246685e-03,1.84943563e-07,2.95909701e-06,2.83199163e-08,4.81438578e-07,1.63875969e-10,2.94976745e-09,2.07894681e-08,3.53420958e-07,2.69980832e-08,4.85965498e-07,7.17619488e-05,1.43523898e-03
2.09354339e+02,3.84364698e-02,2.43270854e-01,3.22991268e+00,7.11059651e-01,7.11059651e-01,6.96413829e-02,2.78565532e-01,7.07889796e-05,8.49467755e-04,1.35322002e-06,1.75918602e-05,1.36568141e-05,1.77538583e-04,7.24568248e-05,1.01439555e-03,1.13473884e-04,1.70210826e-03,5.19318105e-05,7.27045346e-04,2.88290547e-04,4.32435820e-03,1.84943571e-07,2.95909714e-06,2.88382239e-08,4.90249807e-07,1.70546649e-10,3.06983969e-09,2.02711605e-08,3.44609728e-07,2.69914125e-08,4.85845425e-07,7.17619488e-05,1.43523898e-03
2.11703702e+02,3.72345549e-02,2.20888394e-01,3.22991259e+00,7.11059651e-01,7.11059651e-01,6.96413829e-02,2.78565532e-01,7.07889914e-05,8.49467896e-04,1.39035935e-06,1.80746716e-05,1.36196747e-05,1.77055771e-04,7.36409744e-05,1.03097364e-03,1.17296417e-04,1.75944625e-03,5.07476609e-05,7.10467252e-04,2.84468002e-04,4.26702002e-03,1.84943576e-07,2.95909722e-06,2.93436095e-08,4.98841361e-07,1.77215681e-10,3.18988225e-09,1.97657750e-08,3.36018174e-07,2.69847435e-08,4.85725382e-07,7.17619488e-05,1.43523898e-03
2.14053065e+02,3.60818091e-02,2.00782591e-01,3.22991253e+00,7.11059651e-01,7.11059651e-01,6.96413829e-02,2.78565532e-01,7.07889983e-05,8.49467979e-04,1.42739769e-06,1.85561700e-05,1.35826364e-05,1.76574273e-04,7.47981230e-05,1.04717372e-03,1.21068271e-04,1.81602406e-03,4.95905122e-05,6.94267171e-04,2.80696141e-04,4.21044212e-03,1.84943579e-07,2.95909727e-06,2.98363951e-08,5.07218717e-07,1.83883065e-10,3.30989516e-09,1.92729893e-08,3.27640818e-07,2.69780761e-08,4.85605369e-07,7.17619488e-05,1.43523898e-03
2.14710756e+02,3.57690304e-02,1.95587285e-01,3.22991252e+00,7.11059651e-01,7.11059651e-01,6.96413829e-02,2.78565532e-01,7.07889996e-05,8.49467996e-04,1.43774831e-06,1.86907281e-05,1.35722858e-05,1.76439715e-04,7.51173070e-05,1.05164230e-03,1.22115191e-04,1.83172787e-03,4.92713283e-05,6.89798596e-04,2.79649219e-04,4.19473828e-03,1.84943580e-07,2.95909728e-06,2.99721333e-08,5.09526266e-07,1.85749266e-10,3.34348679e-09,1.91372511e-08,3.25333269e-07,2.69762099e-08,4.85571777e-07,7.17619488e-05,1.43523898e-03
2.16402428e+02,3.49768398e-02,1.82691008e-01,3.22991250e+00,7.11059651e-01,7.11059651e-01,6.96413829e-02,2.78565532e-01,7.07890023e-05,8.49468028e-04,1.46433531e-06,1.90363590e-05,1.35456988e-05,1.76094084e-04,7.59288863e-05,1.06300441e-03,1.24790114e-04,1.87185172e-03,4.84597489e-05,6.78436485e-04,2.76974293e-04,4.15461440e-03,1.84943581e-07,2.95909729e-06,3.03168950e-08,5.15387215e-07,1.90548801e-10,3.42987842e-09,1.87924894e-08,3.19472320e-07,2.69714103e-08,4.85485386e-07,7.17619488e-05,1.43523898e-03
2.18751791e+02,3.39182762e-02,1.66356745e-01,3.22991248e+00,7.11059651e-01,7.11059651e-01,6.96413829e-02,2.78565532e-01,7.07890047e-05,8.49468057e-04,1.50117248e-06,1.95152422e-05,1.35088616e-05,1.75615201e-04,7.70338659e-05,1.07847412e-03,1.28462611e-04,1.92693916e-03,4.73547693e-05,6.62966771e-04,2.73301794e-04,4.09952692e-03,1.84943582e-07,2.95909731e-06,3.07854154e-08,5.23352062e-07,1.97212891e-10,3.54983203e-09,1.83239690e-08,3.11507473e-07,2.69647462e-08,4.85365432e-07,7.17619488e-05,1.43523898e-03
2.21101154e+02,3.29038732e-02,1.51688363e-01,3.22991247e+00,7.11059651e-01,7.11059651e-01,6.96413829e-02,2.78565532e-01,7.07890061e-05,8.49468074e-04,1.53790946e-06,1.99928230e-05,1.34721246e-05,1.75137620e-04,7.81136498e-05,1.09359110e-03,1.32086413e-04,1.98129620e-03,4.62749855e-05,6.47849796e-04,2.69677991e-04,4.04516986e-03,1.84943582e-07,2.95909732e-06,3.12422550e-08,5.31118335e-07,2.03875334e-10,3.66975601e-09,1.78671294e-08,3.03741200e-07,2.69580838e-08,4.85245508e-07,7.17619488e-05,1.43523898e-03
2.23450517e+02,3.19249558e-02,1.38335845e-01,3.22991246e+00,7.11059651e-01,7.11059651e-01,6.96413829e-02,2.78565532e-01,7.07890070e-05,8.49468083e-04,1.57454654e-06,2.04691051e-05,1.34354876e-05,1.74661338e-04,7.91688124e-05,1.10836337e-03,1.35662167e-04,2.03493250e-03,4.52198228e-05,6.33077520e-04,2.66102236e-04,3.99153354e-03,1.84943583e-07,2.95909733e-06,3.16877050e-08,5.38690985e-07,2.10536131e-10,3.78965035e-09,1.74216794e-08,2.96168550e-07,2.69514230e-08,4.85125614e-07,7.17619488e-05,1.43523898e-03
2.25799880e+02,3.09932389e-02,1.26485855e-01,3.22991246e+00,7.11059651e-01,7.11059651e-01,6.96413829e-02,2.78565532e-01,7.07890074e-05,8.49468089e-04,1.61108399e-06,2.09440919e-05,1.33989501e-05,1.74186351e-04,8.01999152e-05,1.12279881e-03,1.39190509e-04,2.08785763e-03,4.41887200e-05,6.18642080e-04,2.62573894e-04,3.93860841e-03,1.84943583e-07,2.95909733e-06,3.21220494e-08,5.46074840e-07,2.17195282e-10,3.90951507e-09,1.69873350e-08,2.88784695e-07,2.69447638e-08,4.85005749e-07,7.17619488e-05,1.43523898e-03
2.27535505e+02,3.03289745e-02,1.18504797e-01,3.22991245e+00,7.11059651e-01,7.11059651e-01,6.96413829e-02,2.78565532e-01,7.07890077e-05,8.49468092e-04,1.63801273e-06,2.12941654e-05,1.33720214e-05,1.73836278e-04,8.09465266e-05,1.13325137e-03,1.41767040e-04,2.12650560e-03,4.34421087e-05,6.08189522e-04,2.59997362e-04,3.89996044e-03,1.84943583e-07,2.95909733e-06,3.24359574e-08,5.51411276e-07,2.22113769e-10,3.99804784e-09,1.66734270e-08,2.83448259e-07,2.69398453e-08,4.84917216e-07,7.17619488e-05,1.43523898e-03
2.28149243e+02,3.00954157e-02,1.15725447e-01,3.22991245e+00,7.11059651e-01,7.11059651e-01,6.96413829e-02,2.78565532e-01,7.07890077e-05,8.49468093e-04,1.64752208e-06,2.14177870e-05,1.33625120e-05,1.73712656e-04,8.12075068e-05,1.13690510e-03,1.42672067e-04,2.14008101e-03,4.31811284e-05,6.04535798e-04,2.59092335e-04,3.88638502e-03,1.84943583e-07,2.95909733e-06,3.25455651e-08,5.53274606e-07,2.23852787e-10,4.02935017e-09,1.65638194e-08,2.81584929e-07,2.69381063e-08,4.84885914e-07,7.17619488e-05,1.43523898e-03
2.30498605e+02,2.92371993e-02,1.05943492e-01,3.22991245e+00,7.11059651e-01,7.11059651e-01,6.96413829e-02,2.78565532e-01,7.07890079e-05,8.49468095e-04,1.68386107e-06,2.18901939e-05,1.33261730e-05,1.73240249e-04,8.21921233e-05,1.15068973e-03,1.46107463e-04,2.19161194e-03,4.21965120e-05,5.90751168e-04,2.55656939e-04,3.83485409e-03,1.84943583e-07,2.95909733e-06,3.29585219e-08,5.60294873e-07,2.30508648e-10,4.14915567e-09,1.61508625e-08,2.74564663e-07,2.69314505e-08,4.84766108e-07,7.17619488e-05,1.43523898e-03
2.32847968e+02,2.84125828e-02,9.70592842e-02,3.22991245e+00,7.11059651e-01,7.11059651e-01,6.96413829e-02,2.78565532e-01,7.07890080e-05,8.49468096e-04,1.72010124e-06,2.23613162e-05,1.32899329e-05,1.72769127e-04,8.31542885e-05,1.16416004e-03,1.49497307e-04,2.24245961e-03,4.12343467e-05,5.77280854e-04,2.52267095e-04,3.78400642e-03,1.84943583e-07,2.95909733e-06,3.33611832e-08,5.67140115e-07,2.37162864e-10,4.26893156e-09,1.57482012e-08,2.67719420e-07,2.69247962e-08,4.84646332e-07,7.17619488e-05,1.43523898e-03
2.35197331e+02,2.76186652e-02,8.89949189e-02,3.22991245e+00,7.11059651e-01,7.11059651e-01,6.96413829e-02,2.78565532e-01,7.07890081e-05,8.49468097e-04,1.75624286e-06,2.28311572e-05,1.32537912e-05,1.72299286e-04,8.40945145e-05,1.17732320e-03,1.52842205e-04,2.29263307e-03,4.02941208e-05,5.64117691e-04,2.48922197e-04,3.73383296e-03,1.84943583e-07,2.95909733e-06,3.37538057e-08,5.73814697e-07,2.43815437e-10,4.38867786e-09,1.53555787e-08,2.61044838e-07,2.69181437e-08,4.84526586e-07,7.17619488e-05,1.43523898e-03
2.37546694e+02,2.68545156e-02,8.16636546e-02,3.22991245e+00,7.11059651e-01,7.11059651e-01,6.96413829e-02,2.78565532e-01,7.07890081e-05,8.49468097e-04,1.79228619e-06,2.32997205e-05,1.32177479e-05,1.71830723e-04,8.50133014e-05,1.19018622e-03,1.56142751e-04,2.34214126e-03,3.93753339e-05,5.51254675e-04,2.45621651e-04,3.68432477e-03,1.84943583e-07,2.95909733e-06,3.41366396e-08,5.80322873e-07,2.50466365e-10,4.50839457e-09,1.49727448e-08,2.54536662e-07,2.69114927e-08,4.84406869e-07,7.17619488e-05,1.43523898e-03
2.39896057e+02,2.61177807e-02,7.49818551e-02,3.22991245e+00,7.11059651e-01,7.11059651e-01,6.96413829e-02,2.78565532e-01,7.07890081e-05,8.49468097e-04,1.82823150e-06,2.37670095e-05,1.31818026e-05,1.71363434e-04,8.59111381e-05,1.20275593e-03,1.59399534e-04,2.39099301e-03,3.84774972e-05,5.38684961e-04,2.42364868e-04,3.63547302e-03,1.84943583e-07,2.95909733e-06,3.45099290e-08,5.86668793e-07,2.57115650e-10,4.62808170e-09,1.45994554e-08,2.48190742e-07,2.69048435e-08,4.84287182e-07,7.17619488e-05,1.43523898e-03
2.41126282e+02,2.57432922e-02,7.18009052e-02,3.22991245e+00,7.11059651e-01,7.11059651e-01,6.96413829e-02,2.78565532e-01,7.07890081e-05,8.49468097e-04,1.84701495e-06,2.40111944e-05,1.31630192e-05,1.71119249e-04,8.63730861e-05,1.20922321e-03,1.61087658e-04,2.41631488e-03,3.80155492e-05,5.32217688e-04,2.40676743e-04,3.61015115e-03,1.84943583e-07,2.95909733e-06,3.47016714e-08,5.89928415e-07,2.60596838e-10,4.69074308e-09,1.44077130e-08,2.44931120e-07,2.69013623e-08,4.84224521e-07,7.17619488e-05,1.43523898e-03
2.42245420e+02,2.54026189e-02,6.89071864e-02,3.22991245e+00,7.11059651e-01,7.11059651e-01,6.96413829e-02,2.78565532e-01,7.07890081e-05,8.49468097e-04,1.86407906e-06,2.42330278e-05,1.31459550e-05,1.70897416e-04,8.67885023e-05,1.21503903e-03,1.62613134e-04,2.43919701e-03,3.76001330e-05,5.26401861e-04,2.39151268e-04,3.58726901e-03,1.84943583e-07,2.95909733e-06,3.48739118e-08,5.92856500e-07,2.63763292e-10,4.74773926e-09,1.42354726e-08,2.42003035e-07,2.68981958e-08,4.84167525e-07,7.17619488e-05,1.43523898e-03
2.44594783e+02,2.47289443e-02,6.34625877e-02,3.22991245e+00,7.11059651e-01,7.11059651e-01,6.96413829e-02,2.78565532e-01,7.07890081e-05,8.49468098e-04,1.89982913e-06,2.46977787e-05,1.31102050e-05,1.70432665e-04,8.76458609e-05,1.22704205e-03,1.65784124e-04,2.48676186e-03,3.67427744e-05,5.14398842e-04,2.35980278e-04,3.53970416e-03,1.84943583e-07,2.95909733e-06,3.52288200e-08,5.98889940e-07,2.70409292e-10,4.86736726e-09,1.38805644e-08,2.35969595e-07,2.68915498e-08,4.84047897e-07,7.17619488e-05,1.43523898e-03
2.46944146e+02,2.40754838e-02,5.84793219e-02,3.22991245e+00,7.11059651e-01,7.11059651e-01,6.96413829e-02,2.78565532e-01,7.07890081e-05,8.49468098e-04,1.93548198e-06,2.51612658e-05,1.30745521e-05,1.69969178e-04,8.84836699e-05,1.23877138e-03,1.68913069e-04,2.53369604e-03,3.59049653e-05,5.02669515e-04,2.32851333e-04,3.49276999e-03,1.84943583e-07,2.95909733e-06,3.55748800e-08,6.04772959e-07,2.77053650e-10,4.98696570e-09,1.35345045e-08,2.30086576e-07,2.68849055e-08,4.83928298e-07,7.17619488e-05,1.43523898e-03
2.49293509e+02,2.34458472e-02,5.39173453e-02,3.22991245e+00,7.11059651e-01,7.11059651e-01,6.96413829e-02,2.78565532e-01,7.07890081e-05,8.49468098e-04,1.97103788e-06,2.56234924e-05,1.30389962e-05,1.69506951e-04,8.93023753e-05,1.25023325e-03,1.72000526e-04,2.58000789e-03,3.50862600e-05,4.91207640e-04,2.29763876e-04,3.44645814e-03,1.84943583e-07,2.95909733e-06,3.59123122e-08,6.10509307e-07,2.83696366e-10,5.10653458e-09,1.31970722e-08,2.24350228e-07,2.68782627e-08,4.83808729e-07,7.17619488e-05,1.43523898e-03
2.51642872e+02,2.28384243e-02,4.97344022e-02,3.22991245e+00,7.11059651e-01,7.11059651e-01,6.96413829e-02,2.78565532e-01,7.07890081e-05,8.49468098e-04,2.00649708e-06,2.60844620e-05,1.30035370e-05,1.69045981e-04,9.01024125e-05,1.26143377e-03,1.75047046e-04,2.62570568e-03,3.42862228e-05,4.80007119e-04,2.26717356e-04,3.40076034e-03,1.84943583e-07,2.95909733e-06,3.62413318e-08,6.16102641e-07,2.90337440e-10,5.22607393e-09,1.28680526e-08,2.18756894e-07,2.68716217e-08,4.83689190e-07,7.17619488e-05,1.43523898e-03
2.53992235e+02,2.22495662e-02,4.58905632e-02,3.22991245e+00,7.11059651e-01,7.11059651e-01,6.96413829e-02,2.78565532e-01,7.07890081e-05,8.49468098e-04,2.04185985e-06,2.65441780e-05,1.29681743e-05,1.68586265e-04,9.08842072e-05,1.27237890e-03,1.78053170e-04,2.67079755e-03,3.35044280e-05,4.69061992e-04,2.23711232e-04,3.35566848e-03,1.84943583e-07,2.95909733e-06,3.65621486e-08,6.21556525e-07,2.96976874e-10,5.34558374e-09,1.25472359e-08,2.13303010e-07,2.68649822e-08,4.83569680e-07,7.17619488e-05,1.43523898e-03
2.55528840e+02,2.18835776e-02,4.36327746e-02,3.22991245e+00,7.11059651e-01,7.11059651e-01,6.96413829e-02,2.78565532e-01,7.07890081e-05,8.49468098e-04,2.06493690e-06,2.68441797e-05,1.29450972e-05,1.68286264e-04,9.13858733e-05,1.27940223e-03,1.79997737e-04,2.69996606e-03,3.30027620e-05,4.62038668e-04,2.21766664e-04,3.32649997e-03,1.84943583e-07,2.95909733e-06,3.67676403e-08,6.25049885e-07,3.01318520e-10,5.42373337e-09,1.23417441e-08,2.09809650e-07,2.68606406e-08,4.83491530e-07,7.17619488e-05,1.43523898e-03
2.56341597e+02,2.16899950e-02,4.24385604e-02,3.22991245e+00,7.11059651e-01,7.11059651e-01,6.96413829e-02,2.78565532e-01,7.07890081e-05,8.49468098e-04,2.07712645e-06,2.70026439e-05,1.29329077e-05,1.68127799e-04,9.16481755e-05,1.28307446e-03,1.81019435e-04,2.71529153e-03,3.27404598e-05,4.58366437e-04,2.20744967e-04,3.31117450e-03,1.84943583e-07,2.95909733e-06,3.68749669e-08,6.26874438e-07,3.03614668e-10,5.46506402e-09,1.22344175e-08,2.07985097e-07,2.68583444e-08,4.83450200e-07,7.17619488e-05,1.43523898e-03
2.58690960e+02,2.11490411e-02,3.92804249e-02,3.22991245e+00,7.11059651e-01,7.11059651e-01,6.96413829e-02,2.78565532e-01,7.07890081e-05,8.49468098e-04,2.11229715e-06,2.74598629e-05,1.28977370e-05,1.67670580e-04,9.23947237e-05,1.29352613e-03,1.83946370e-04,2.75919555e-03,3.19939115e-05,4.47914761e-04,2.17818032e-04,3.26727048e-03,1.84943583e-07,2.95909733e-06,3.71799864e-08,6.32059768e-07,3.10250821e-10,5.58451477e-09,1.19293981e-08,2.02799767e-07,2.68517083e-08,4.83330749e-07,7.17619488e-05,1.43523898e-03
2.61040323e+02,2.06244122e-02,3.63669248e-02,3.22991245e+00,7.11059651e-01,7.11059651e-01,6.96413829e-02,2.78565532e-01,7.07890081e-05,8.49468098e-04,2.14737220e-06,2.79158386e-05,1.28626619e-05,1.67214605e-04,9.31242492e-05,1.30373949e-03,1.86834495e-04,2.80251743e-03,3.12643861e-05,4.37701405e-04,2.14929907e-04,3.22394860e-03,1.84943583e-07,2.95909733e-06,3.74774013e-08,6.37115821e-07,3.16885334e-10,5.70393602e-09,1.16319832e-08,1.97743714e-07,2.68450738e-08,4.83211328e-07,7.17619488e-05,1.43523898e-03
2.63389686e+02,2.01171357e-02,3.36776423e-02,3.22991245e+00,7.11059651e-01,7.11059651e-01,6.96413829e-02,2.78565532e-01,7.07890081e-05,8.49468098e-04,2.18235186e-06,2.83705742e-05,1.28276822e-05,1.66759869e-04,9.38371400e-05,1.31371996e-03,1.89684326e-04,2.84526488e-03,3.05514953e-05,4.27720934e-04,2.12080076e-04,3.18120114e-03,1.84943583e-07,2.95909733e-06,3.77674012e-08,6.42045821e-07,3.23518209e-10,5.82332776e-09,1.13419832e-08,1.92813714e-07,2.68384409e-08,4.83091936e-07,7.17619488e-05,1.43523898e-03
2.65739049e+02,1.96334073e-02,3.12212091e-02,3.22991245e+00,7.11059651e-01,7.11059651e-01,6.96413829e-02,2.78565532e-01,7.07890081e-05,8.49468098e-04,2.21723640e-06,2.88240732e-05,1.27927977e-05,1.66306370e-04,9.45337755e-05,1.32347286e-03,1.92496369e-04,2.88744554e-03,2.98548598e-05,4.17968037e-04,2.09268033e-04,3.13902049e-03,1.84943583e-07,2.95909733e-06,3.80501711e-08,6.46852910e-07,3.30149444e-10,5.94269000e-09,1.10592133e-08,1.88006626e-07,2.68318097e-08,4.82972574e-07,7.17619488e-05,1.43523898e-03
2.68088412e+02,1.91690945e-02,2.90015126e-02,3.22991245e+00,7.11059651e-01,7.11059651e-01,6.96413829e-02,2.78565532e-01,7.07890081e-05,8.49468098e-04,2.25202607e-06,2.92763389e-05,1.27580080e-05,1.65854104e-04,9.52145262e-05,1.33300337e-03,1.95271127e-04,2.92906691e-03,2.91741090e-05,4.08437526e-04,2.06493275e-04,3.09739912e-03,1.84943583e-07,2.95909733e-06,3.83258913e-08,6.51540151e-07,3.36779041e-10,6.06202274e-09,1.07834932e-08,1.83319384e-07,2.68251801e-08,4.82853241e-07,7.17619488e-05,1.43523898e-03
2.70437775e+02,1.87189069e-02,2.69371357e-02,3.22991245e+00,7.11059651e-01,7.11059651e-01,6.96413829e-02,2.78565532e-01,7.07890081e-05,8.49468098e-04,2.28672113e-06,2.97273747e-05,1.27233130e-05,1.65403069e-04,9.58797545e-05,1.34231656e-03,1.98009094e-04,2.97013640e-03,2.85088807e-05,3.99124330e-04,2.03755308e-04,3.05632962e-03,1.84943583e-07,2.95909733e-06,3.85947373e-08,6.56110534e-07,3.43407000e-10,6.18132601e-09,1.05146471e-08,1.78749001e-07,2.68185521e-08,4.82733938e-07,7.17619488e-05,1.43523898e-03
2.70791668e+02,1.86525532e-02,2.66418617e-02,3.22991245e+00,7.11059651e-01,7.11059651e-01,6.96413829e-02,2.78565532e-01,7.07890081e-05,8.49468098e-04,2.29193918e-06,2.97952094e-05,1.27180949e-05,1.65335234e-04,9.59786370e-05,1.34370092e-03,1.98418365e-04,2.97627547e-03,2.84099982e-05,3.97739975e-04,2.03346037e-04,3.05019056e-03,1.84943583e-07,2.95909733e-06,3.86346495e-08,6.56789041e-07,3.44405251e-10,6.19929451e-09,1.04747349e-08,1.78070494e-07,2.68175539e-08,4.82715969e-07,7.17619488e-05,1.43523898e-03
2.72787138e+02,1.82809557e-02,2.50184640e-02,3.22991245e+00,7.11059651e-01,7.11059651e-01,6.96413829e-02,2.78565532e-01,7.07890081e-05,8.49468098e-04,2.32132184e-06,3.01771839e-05,1.26887123e-05,1.64953259e-04,9.65298143e-05,1.35141740e-03,2.00710756e-04,3.01066134e-03,2.78588210e-05,3.90023494e-04,2.01053646e-04,3.01580468e-03,1.84943583e-07,2.95909733e-06,3.88568807e-08,6.60566972e-07,3.50033322e-10,6.30059979e-09,1.02525037e-08,1.74292563e-07,2.68119258e-08,4.82614664e-07,7.17619488e-05,1.43523898e-03
2.75136501e+02,1.78542070e-02,2.32825369e-02,3.22991245e+00,7.11059651e-01,7.11059651e-01,6.96413829e-02,2.78565532e-01,7.07890081e-05,8.49468098e-04,2.35582845e-06,3.06257699e-05,1.26542057e-05,1.64504673e-04,9.71650514e-05,1.36031072e-03,2.03376597e-04,3.05064895e-03,2.72235839e-05,3.81130175e-04,1.98387805e-04,2.97581708e-03,1.84943583e-07,2.95909733e-06,3.91124885e-08,6.64912305e-07,3.56658006e-10,6.41984411e-09,9.99689591e-09,1.69947230e-07,2.68053011e-08,4.82495420e-07,7.17619488e-05,1.43523898e-03
2.77485864e+02,1.74497634e-02,2.16933647e-02,3.22991245e+00,7.11059651e-01,7.11059651e-01,6.96413829e-02,2.78565532e-01,7.07890081e-05,8.49468098e-04,2.39024123e-06,3.10731359e-05,1.26197929e-05,1.64057307e-04,9.77858038e-05,1.36900125e-03,2.06007090e-04,3.09010635e-03,2.66028315e-05,3.72439641e-04,1.95757312e-04,2.93635968e-03,1.84943583e-07,2.95909733e-06,3.93617237e-08,6.69149303e-07,3.63281053e-10,6.53905896e-09,9.74766071e-09,1.65710232e-07,2.67986780e-08,4.82376205e-07,7.17619488e-05,1.43523898e-03
2.79835227e+02,1.70588338e-02,2.02057240e-02,3.22991245e+00,7.11059651e-01,7.11059651e-01,6.96413829e-02,2.78565532e-01,7.07890081e-05,8.49468098e-04,2.42456042e-06,3.15192854e-05,1.25854737e-05,1.63611158e-04,9.83924018e-05,1.37749362e-03,2.08602704e-04,3.12904056e-03,2.59962335e-05,3.63947269e-04,1.93161698e-04,2.89742546e-03,1.84943583e-07,2.95909733e-06,3.96047452e-08,6.73280668e-07,3.69902464e-10,6.65824435e-09,9.50463926e-09,1.61578867e-07,2.67920566e-08,4.82257019e-07,7.17619488e-05,1.43523898e-03
2.82184589e+02,1.66799991e-02,1.88166635e-02,3.22991245e+00,7.11059651e-01,7.11059651e-01,6.96413829e-02,2.78565532e-01,7.07890081e-05,8.49468098e-04,2.45878627e-06,3.19642216e-05,1.25512478e-05,1.63166222e-04,9.89851681e-05,1.38579235e-03,2.11163903e-04,3.16745854e-03,2.54034672e-05,3.55648540e-04,1.90600499e-04,2.85900749e-03,1.84943583e-07,2.95909733e-06,3.98417078e-08,6.77309032e-07,3.76522239e-10,6.77740030e-09,9.26767665e-09,1.57550503e-07,2.67854369e-08,4.82137864e-07,7.17619488e-05,1.43523898e-03
2.84533952e+02,1.63136131e-02,1.75830780e-02,3.22991245e+00,7.11059651e-01,7.11059651e-01,6.96413829e-02,2.78565532e-01,7.07890081e-05,8.49468098e-04,2.49291906e-06,3.24079477e-05,1.25171150e-05,1.62722496e-04,9.95644182e-05,1.39390185e-03,2.13691141e-04,3.20536712e-03,2.48242171e-05,3.47539039e-04,1.88073261e-04,2.82109891e-03,1.84943583e-07,2.95909733e-06,4.00727626e-08,6.81236964e-07,3.83140378e-10,6.89652681e-09,9.03662180e-09,1.53622571e-07,2.67788187e-08,4.82018737e-07,7.17619488e-05,1.43523898e-03
2.86883315e+02,1.59577455e-02,1.64210738e-02,3.22991245e+00,7.11059651e-01,7.11059651e-01,6.96413829e-02,2.78565532e-01,7.07890081e-05,8.49468098e-04,2.52695901e-06,3.28504672e-05,1.24830751e-05,1.62279976e-04,1.00130460e-04,1.40182644e-03,2.16184870e-04,3.24277305e-03,2.42581751e-05,3.39614451e-04,1.85579532e-04,2.78369298e-03,1.84943583e-07,2.95909733e-06,4.02980570e-08,6.85066968e-07,3.89756882e-10,7.01562388e-09,8.81132745e-09,1.49792567e-07,2.67722022e-08,4.81899640e-07,7.17619488e-05,1.43523898e-03
2.86966150e+02,1.59455221e-02,1.63822466e-02,3.22991245e+00,7.11059651e-01,7.11059651e-01,6.96413829e-02,2.78565532e-01,7.07890081e-05,8.49468098e-04,2.52815751e-06,3.28660476e-05,1.24818766e-05,1.62264396e-04,1.00150181e-04,1.40210253e-03,2.16272188e-04,3.24408282e-03,2.42384548e-05,3.39338367e-04,1.85492214e-04,2.78238320e-03,1.84943583e-07,2.95909733e-06,4.03058971e-08,6.85200251e-07,3.89990138e-10,7.01982249e-09,8.80348733e-09,1.49659285e-07,2.67719690e-08,4.81895441e-07,7.17619488e-05,1.43523898e-03
2.89232678e+02,1.56120968e-02,1.53266558e-02,3.22991245e+00,7.11059651e-01,7.11059651e-01,6.96413829e-02,2.78565532e-01,7.07890081e-05,8.49468098e-04,2.56090640e-06,3.32917832e-05,1.24491277e-05,1.61838660e-04,1.00683595e-04,1.40957033e-03,2.18645534e-04,3.27968301e-03,2.37050399e-05,3.31870559e-04,1.83118868e-04,2.74678302e-03,1.84943583e-07,2.95909733e-06,4.05177344e-08,6.88801486e-07,3.96371752e-10,7.13469153e-09,8.59164997e-09,1.46058049e-07,2.67655874e-08,4.81780572e-07,7.17619488e-05,1.43523898e-03
2.91582041e+02,1.52843420e-02,1.43500804e-02,3.22991245e+00,7.11059651e-01,7.11059651e-01,6.96413829e-02,2.78565532e-01,7.07890081e-05,8.49468098e-04,2.59476147e-06,3.37318991e-05,1.24152726e-05,1.61398544e-04,1.01224118e-04,1.41713765e-03,2.21073571e-04,3.31610356e-03,2.31645174e-05,3.24303244e-04,1.80690831e-04,2.71036247e-03,1.84943583e-07,2.95909733e-06,4.07319351e-08,6.92442897e-07,4.02984986e-10,7.25372976e-09,8.37744932e-09,1.42416638e-07,2.67589741e-08,4.81661534e-07,7.17619488e-05,1.43523898e-03
2.93931404e+02,1.49632507e-02,1.34339394e-02,3.22991245e+00,7.11059651e-01,7.11059651e-01,6.96413829e-02,2.78565532e-01,7.07890081e-05,8.49468098e-04,2.62852447e-06,3.41708182e-05,1.23815096e-05,1.60959625e-04,1.01752315e-04,1.42453242e-03,2.23469413e-04,3.35204120e-03,2.26363199e-05,3.16908478e-04,1.78294988e-04,2.67442483e-03,1.84943583e-07,2.95909733e-06,4.09407954e-08,6.95993523e-07,4.09596587e-10,7.37273857e-09,8.16858897e-09,1.38866012e-07,2.67523625e-08,4.81542525e-07,7.17619488e-05,1.43523898e-03
2.96280767e+02,1.46481273e-02,1.25690277e-02,3.22991245e+00,7.11059651e-01,7.11059651e-01,6.96413829e-02,2.78565532e-01,7.07890081e-05,8.49468098e-04,2.66219566e-06,3.46085435e-05,1.23478384e-05,1.60521900e-04,1.02268469e-04,1.43175857e-03,2.25833489e-04,3.38750233e-03,2.21201663e-05,3.09682328e-04,1.75930913e-04,2.63896369e-03,1.84943583e-07,2.95909733e-06,4.11444487e-08,6.99455627e-07,4.16206555e-10,7.49171798e-09,7.96493577e-09,1.35403908e-07,2.67457525e-08,4.81423546e-07,7.17619488e-05,1.43523898e-03
2.98630130e+02,1.43504338e-02,1.17924361e-02,3.22991245e+00,7.11059651e-01,7.11059651e-01,6.96413829e-02,2.78565532e-01,7.07890081e-05,8.49468098e-04,2.69577527e-06,3.50450786e-05,1.23142588e-05,1.60085365e-04,1.02772853e-04,1.43881994e-03,2.28166218e-04,3.42249327e-03,2.16157821e-05,3.02620949e-04,1.73598184e-04,2.60397275e-03,1.84943583e-07,2.95909733e-06,4.13430245e-08,7.02831417e-07,4.22814889e-10,7.61066800e-09,7.76635989e-09,1.32028118e-07,2.67391442e-08,4.81304596e-07,7.17619488e-05,1.43523898e-03
3.00979493e+02,1.40583534e-02,1.10600482e-02,3.22991245e+00,7.11059651e-01,7.11059651e-01,6.96413829e-02,2.78565532e-01,7.07890081e-05,8.49468098e-04,2.72926357e-06,3.54804264e-05,1.22807705e-05,1.59650017e-04,1.03265736e-04,1.44572031e-03,2.30468017e-04,3.45702026e-03,2.11228988e-05,2.95720584e-04,1.71296385e-04,2.56944577e-03,1.84943583e-07,2.95909733e-06,4.15366496e-08,7.06123044e-07,4.29421590e-10,7.72958862e-09,7.57273477e-09,1.28736491e-07,2.67325375e-08,4.81185675e-07,7.17619488e-05,1.43523898e-03
3.03328856e+02,1.37720070e-02,1.03728168e-02,3.22991245e+00,7.11059651e-01,7.11059651e-01,6.96413829e-02,2.78565532e-01,7.07890081e-05,8.49468098e-04,2.76266080e-06,3.59145904e-05,1.22473733e-05,1.59215853e-04,1.03747381e-04,1.45246333e-03,2.32739296e-04,3.49108943e-03,2.06412543e-05,2.88977560e-04,1.69025106e-04,2.53537659e-03,1.84943583e-07,2.95909733e-06,4.17254475e-08,7.09332607e-07,4.36026659e-10,7.84847986e-09,7.38393696e-09,1.25526928e-07,2.67259324e-08,4.81066784e-07,7.17619488e-05,1.43523898e-03
3.04106739e+02,1.36816138e-02,1.01639840e-02,3.22991245e+00,7.11059651e-01,7.11059651e-01,6.96413829e-02,2.78565532e-01,7.07890081e-05,8.49468098e-04,2.77369873e-06,3.60580834e-05,1.22363354e-05,1.59072360e-04,1.03904423e-04,1.45466192e-03,2.33484669e-04,3.50227003e-03,2.04842125e-05,2.86778975e-04,1.68279733e-04,2.52419600e-03,1.84943583e-07,2.95909733e-06,4.17869161e-08,7.10377573e-07,4.38213264e-10,7.88783875e-09,7.32246834e-09,1.24481962e-07,2.67237458e-08,4.81027425e-07,7.17619488e-05,1.43523898e-03
3.05678219e+02,1.35016990e-02,9.75352727e-03,3.22991245e+00,7.11059651e-01,7.11059651e-01,6.96413829e-02,2.78565532e-01,7.07890081e-05,8.49468098e-04,2.79596720e-06,3.63475736e-05,1.22140669e-05,1.58782870e-04,1.04218043e-04,1.45905260e-03,2.34980458e-04,3.52470688e-03,2.01705922e-05,2.82388291e-04,1.66783943e-04,2.50175915e-03,1.84943583e-07,2.95909733e-06,4.19095383e-08,7.12462151e-07,4.42630096e-10,7.96734173e-09,7.19984612e-09,1.22397384e-07,2.67193290e-08,4.80947922e-07,7.17619488e-05,1.43523898e-03
3.08027582e+02,1.32382189e-02,9.16207366e-03,3.22991245e+00,7.11059651e-01,7.11059651e-01,6.96413829e-02,2.78565532e-01,7.07890081e-05,8.49468098e-04,2.82918303e-06,3.67793794e-05,1.21808511e-05,1.58351064e-04,1.04677973e-04,1.46549162e-03,2.37191905e-04,3.55787857e-03,1.97106622e-05,2.75949271e-04,1.64572497e-04,2.46858745e-03,1.84943583e-07,2.95909733e-06,4.20890395e-08,7.15513672e-07,4.49231901e-10,8.08617422e-09,7.02034490e-09,1.19345863e-07,2.67127272e-08,4.80829090e-07,7.17619488e-05,1.43523898e-03
3.10376944e+02,1.29861743e-02,8.61679665e-03,3.22991245e+00,7.11059651e-01,7.11059651e-01,6.96413829e-02,2.78565532e-01,7.07890081e-05,8.49468098e-04,2.86230853e-06,3.72100108e-05,1.21477256e-05,1.57920433e-04,1.05127416e-04,1.47178382e-03,2.39374029e-04,3.59061044e-03,1.92612195e-05,2.69657073e-04,1.62390373e-04,2.43585559e-03,1.84943583e-07,2.95909733e-06,4.22640656e-08,7.18489114e-07,4.55832075e-10,8.20497736e-09,6.84531886e-09,1.16370421e-07,2.67061270e-08,4.80710286e-07,7.17619488e-05,1.43523898e-03
3.12726307e+02,1.27372015e-02,8.11356783e-03,3.22991245e+00,7.11059651e-01,7.11059651e-01,6.96413829e-02,2.78565532e-01,7.07890081e-05,8.49468098e-04,2.89534394e-06,3.76394712e-05,1.21146902e-05,1.57490972e-04,1.05566610e-04,1.47793254e-03,2.41527220e-04,3.62290829e-03,1.88220250e-05,2.63508350e-04,1.60237182e-04,2.40355773e-03,1.84943583e-07,2.95909733e-06,4.24347280e-08,7.21390375e-07,4.62430619e-10,8.32375114e-09,6.67465645e-09,1.13469160e-07,2.66995285e-08,4.80591513e-07,7.17619488e-05,1.43523898e-03
3.15075670e+02,1.24902443e-02,7.63081443e-03,3.22991245e+00,7.11059651e-01,7.11059651e-01,6.96413829e-02,2.78565532e-01,7.07890081e-05,8.49468098e-04,2.92828952e-06,3.80677637e-05,1.20817446e-05,1.57062680e-04,1.05995790e-04,1.48394106e-03,2.43651860e-04,3.65477790e-03,1.83928450e-05,2.57499831e-04,1.58112542e-04,2.37168812e-03,1.84943583e-07,2.95909733e-06,4.26011356e-08,7.24219304e-07,4.69027532e-10,8.44249557e-09,6.50824887e-09,1.10640231e-07,2.66929316e-08,4.80472768e-07,7.17619488e-05,1.43523898e-03
3.17425033e+02,1.22588529e-02,7.19947701e-03,3.22991245e+00,7.11059651e-01,7.11059651e-01,6.96413829e-02,2.78565532e-01,7.07890081e-05,8.49468098e-04,2.96114550e-06,3.84948915e-05,1.20488886e-05,1.56635552e-04,1.06415184e-04,1.48981258e-03,2.45748330e-04,3.68622494e-03,1.79734512e-05,2.51628317e-04,1.56016072e-04,2.34024108e-03,1.84943583e-07,2.95909733e-06,4.27633944e-08,7.26977705e-07,4.75622815e-10,8.56121067e-09,6.34599003e-09,1.07881831e-07,2.66863363e-08,4.80354053e-07,7.17619488e-05,1.43523898e-03
3.19774396e+02,1.20330992e-02,6.78524131e-03,3.22991245e+00,7.11059651e-01,7.11059651e-01,6.96413829e-02,2.78565532e-01,7.07890081e-05,8.49468098e-04,2.99391213e-06,3.89208576e-05,1.20161220e-05,1.56209586e-04,1.06825015e-04,1.49555021e-03,2.47817001e-04,3.71725502e-03,1.75636204e-05,2.45890686e-04,1.53947401e-04,2.30921101e-03,1.84943583e-07,2.95909733e-06,4.29216079e-08,7.29667334e-07,4.82216469e-10,8.67989643e-09,6.18777651e-09,1.05192201e-07,2.66797426e-08,4.80235367e-07,7.17619488e-05,1.43523898e-03
3.22123759e+02,1.18175130e-02,6.40184743e-03,3.22991245e+00,7.11059651e-01,7.11059651e-01,6.96413829e-02,2.78565532e-01,7.07890081e-05,8.49468098e-04,3.02658965e-06,3.93456654e-05,1.19834445e-05,1.55784778e-04,1.07225501e-04,1.50115701e-03,2.49858243e-04,3.74787365e-03,1.71631346e-05,2.40283884e-04,1.51906158e-04,2.27859238e-03,1.84943583e-07,2.95909733e-06,4.30758770e-08,7.32289908e-07,4.88808493e-10,8.79855287e-09,6.03350746e-09,1.02569627e-07,2.66731506e-08,4.80116711e-07,7.17619488e-05,1.43523898e-03
3.22271142e+02,1.18039886e-02,6.37779587e-03,3.22991245e+00,7.11059651e-01,7.11059651e-01,6.96413829e-02,2.78565532e-01,7.07890081e-05,8.49468098e-04,3.02863665e-06,3.93722765e-05,1.19813975e-05,1.55758167e-04,1.07250318e-04,1.50150445e-03,2.49985391e-04,3.74978087e-03,1.71383174e-05,2.39936444e-04,1.51779011e-04,2.27668516e-03,1.84943583e-07,2.95909733e-06,4.30854255e-08,7.32452234e-07,4.89221978e-10,8.80599560e-09,6.02395887e-09,1.02407301e-07,2.66727371e-08,4.80109268e-07,7.17619488e-05,1.43523898e-03
3.24473122e+02,1.16044369e-02,6.04599984e-03,3.22991245e+00,7.11059651e-01,7.11059651e-01,6.96413829e-02,2.78565532e-01,7.07890081e-05,8.49468098e-04,3.05917830e-06,3.97693180e-05,1.19508558e-05,1.55361125e-04,1.07616855e-04,1.50663596e-03,2.51872420e-04,3.77808630e-03,1.67717807e-05,2.34804929e-04,1.49891982e-04,2.24837972e-03,1.84943583e-07,2.95909733e-06,4.32262999e-08,7.34847098e-07,4.95398889e-10,8.91717999e-09,5.88308452e-09,1.00012437e-07,2.66665602e-08,4.79998084e-07,7.17619488e-05,1.43523898e-03
3.26822485e+02,1.13927699e-02,5.70561648e-03,3.22991245e+00,7.11059651e-01,7.11059651e-01,6.96413829e-02,2.78565532e-01,7.07890081e-05,8.49468098e-04,3.09167834e-06,4.01918184e-05,1.19183558e-05,1.54938625e-04,1.07999285e-04,1.51198999e-03,2.53859890e-04,3.80789835e-03,1.63893504e-05,2.29450905e-04,1.47904512e-04,2.21856767e-03,1.84943583e-07,2.95909733e-06,4.33729726e-08,7.37340534e-07,5.01987656e-10,9.03577780e-09,5.73641182e-09,9.75190010e-08,2.66599714e-08,4.79879486e-07,7.17619488e-05,1.43523898e-03
3.29171848e+02,1.11946040e-02,5.39939123e-03,3.22991245e+00,7.11059651e-01,7.11059651e-01,6.96413829e-02,2.78565532e-01,7.07890081e-05,8.49468098e-04,3.12408999e-06,4.06131698e-05,1.18859441e-05,1.54517274e-04,1.08372995e-04,1.51722193e-03,2.55821008e-04,3.83731512e-03,1.60156403e-05,2.24218964e-04,1.45943394e-04,2.18915091e-03,1.84943583e-07,2.95909733e-06,4.35159886e-08,7.39771806e-07,5.08574795e-10,9.15434631e-09,5.59339586e-09,9.50877296e-08,2.66533843e-08,4.79760918e-07,7.17619488e-05,1.43523898e-03
3.31521211e+02,1.09990895e-02,5.10098725e-03,3.22991245e+00,7.11059651e-01,7.11059651e-01,6.96413829e-02,2.78565532e-01,7.07890081e-05,8.49468098e-04,3.15641349e-06,4.10333754e-05,1.18536206e-05,1.54097068e-04,1.08738184e-04,1.52233457e-03,2.57756122e-04,3.86634183e-03,1.56504515e-05,2.19106321e-04,1.44008280e-04,2.16012420e-03,1.84943583e-07,2.95909733e-06,4.36554390e-08,7.42142462e-07,5.15160307e-10,9.27288552e-09,5.45394546e-09,9.27170728e-08,2.66467988e-08,4.79642378e-07,7.17619488e-05,1.43523898e-03
3.33870574e+02,1.08117265e-02,4.83206628e-03,3.22991245e+00,7.11059651e-01,7.11059651e-01,6.96413829e-02,2.78565532e-01,7.07890081e-05,8.49468098e-04,3.18864910e-06,4.14524382e-05,1.18213850e-05,1.53678005e-04,1.09095046e-04,1.52733064e-03,2.59665578e-04,3.89498367e-03,1.52935898e-05,2.14110257e-04,1.42098824e-04,2.13148236e-03,1.84943583e-07,2.95909733e-06,4.37914127e-08,7.44454016e-07,5.21744191e-10,9.39139545e-09,5.31797174e-09,9.04055195e-08,2.66402149e-08,4.79523868e-07,7.17619488e-05,1.43523898e-03
3.36219936e+02,1.06270193e-02,4.57219856e-03,3.22991245e+00,7.11059651e-01,7.11059651e-01,6.96413829e-02,2.78565532e-01,7.07890081e-05,8.49468098e-04,3.22079704e-06,4.18703615e-05,1.17892371e-05,1.53260082e-04,1.09443770e-04,1.53221278e-03,2.61549716e-04,3.92324574e-03,1.49448652e-05,2.09228113e-04,1.40214686e-04,2.10322029e-03,1.84943583e-07,2.95909733e-06,4.39239964e-08,7.46707939e-07,5.28326449e-10,9.50987609e-09,5.18538801e-09,8.81515962e-08,2.66336327e-08,4.79405388e-07,7.17619488e-05,1.43523898e-03
3.38569299e+02,1.04486001e-02,4.33376558e-03,3.22991245e+00,7.11059651e-01,7.11059651e-01,6.96413829e-02,2.78565532e-01,7.07890081e-05,8.49468098e-04,3.25285755e-06,4.22871482e-05,1.17571766e-05,1.52843295e-04,1.09784543e-04,1.53698360e-03,2.63408871e-04,3.95113307e-03,1.46040922e-05,2.04457291e-04,1.38355530e-04,2.07533296e-03,1.84943583e-07,2.95909733e-06,4.40532747e-08,7.48905669e-07,5.34907081e-10,9.62832746e-09,5.05610976e-09,8.59538659e-08,2.66270520e-08,4.79286936e-07,7.17619488e-05,1.43523898e-03
3.40918662e+02,1.02740786e-02,4.10733545e-03,3.22991245e+00,7.11059651e-01,7.11059651e-01,6.96413829e-02,2.78565532e-01,7.07890081e-05,8.49468098e-04,3.28483088e-06,4.27028014e-05,1.17252032e-05,1.52427642e-04,1.10117546e-04,1.54164564e-03,2.65243376e-04,3.97865063e-03,1.42710896e-05,1.99795254e-04,1.36521026e-04,2.04781539e-03,1.84943583e-07,2.95909733e-06,4.41793298e-08,7.51048607e-07,5.41486086e-10,9.74674956e-09,4.93005458e-09,8.38109279e-08,2.66204730e-08,4.79168514e-07,7.17619488e-05,1.43523898e-03
3.41520511e+02,1.02306039e-02,4.05312793e-03,3.22991245e+00,7.11059651e-01,7.11059651e-01,6.96413829e-02,2.78565532e-01,7.07890081e-05,8.49468098e-04,3.29300766e-06,4.28090996e-05,1.17170264e-05,1.52321344e-04,1.10201624e-04,1.54282274e-03,2.65709404e-04,3.98564106e-03,1.41870112e-05,1.98618157e-04,1.36054998e-04,2.04082497e-03,1.84943583e-07,2.95909733e-06,4.42111133e-08,7.51588925e-07,5.43171205e-10,9.77708169e-09,4.89827116e-09,8.32706097e-08,2.66187879e-08,4.79138182e-07,7.17619488e-05,1.43523898e-03
3.43268025e+02,1.01043718e-02,3.89573237e-03,3.22991245e+00,7.11059651e-01,7.11059651e-01,6.96413829e-02,2.78565532e-01,7.07890081e-05,8.49468098e-04,3.31671725e-06,4.31173243e-05,1.16933169e-05,1.52013119e-04,1.10442955e-04,1.54620137e-03,2.67053556e-04,4.00580333e-03,1.39456801e-05,1.95239521e-04,1.34710846e-04,2.02066269e-03,1.84943583e-07,2.95909733e-06,4.43022423e-08,7.53138119e-07,5.48063467e-10,9.86514240e-09,4.80714212e-09,8.17214160e-08,2.66138956e-08,4.79050121e-07,7.17619488e-05,1.43523898e-03
3.45617388e+02,1.00212352e-02,3.69752980e-03,3.22991245e+00,7.11059651e-01,7.11059651e-01,6.96413829e-02,2.78565532e-01,7.07890081e-05,8.49468098e-04,3.34851691e-06,4.35307199e-05,1.16615172e-05,1.51599723e-04,1.10760945e-04,1.55065323e-03,2.68839734e-04,4.03259600e-03,1.36276906e-05,1.90787668e-04,1.32924668e-04,1.99387002e-03,1.84943583e-07,2.95909733e-06,4.44220904e-08,7.55175537e-07,5.54639221e-10,9.98350599e-09,4.68729401e-09,7.96839982e-08,2.66073199e-08,4.78931758e-07,7.17619488e-05,1.43523898e-03
3.47966751e+02,1.00056328e-02,3.50978111e-03,3.22991245e+00,7.11059651e-01,7.11059651e-01,6.96413829e-02,2.78565532e-01,7.07890081e-05,8.49468098e-04,3.38023010e-06,4.39429913e-05,1.16298040e-05,1.51187452e-04,1.11071683e-04,1.55500357e-03,2.70602228e-04,4.05903342e-03,1.33169518e-05,1.86437326e-04,1.31162174e-04,1.96743260e-03,1.84943583e-07,2.95909733e-06,4.45389505e-08,7.57162159e-07,5.61213352e-10,1.01018403e-08,4.57043388e-09,7.76973759e-08,2.66007458e-08,4.78813424e-07,7.17619488e-05,1.43523898e-03
3.50316114e+02,1.00000000e-02,3.33545695e-03,3.22991245e+00,7.11059651e-01,7.11059651e-01,6.96413829e-02,2.78565532e-01,7.07890081e-05,8.49468098e-04,3.41185704e-06,4.43541415e-05,1.15981771e-05,1.50776302e-04,1.11375337e-04,1.55925471e-03,2.72341353e-04,4.08512030e-03,1.30132986e-05,1.82186180e-04,1.29423049e-04,1.94134573e-03,1.84943583e-07,2.95909733e-06,4.46528972e-08,7.59099253e-07,5.67785857e-10,1.02201454e-08,4.45648721e-09,7.57602826e-08,2.65941732e-08,4.78695118e-07,7.17619488e-05,1.43523898e-03
3.52665477e+02,1.00000000e-02,3.16871757e-03,3.22991245e+00,7.11059651e-01,7.11059651e-01,6.96413829e-02,2.78565532e-01,7.07890081e-05,8.49468098e-04,3.44339797e-06,4.47641736e-05,1.15666361e-05,1.50366270e-04,1.11672066e-04,1.56340892e-03,2.74057419e-04,4.11086128e-03,1.27165692e-05,1.78031969e-04,1.27706983e-04,1.91560475e-03,1.84943583e-07,2.95909733e-06,4.47640030e-08,7.60988052e-07,5.74356739e-10,1.03384213e-08,4.34538138e-09,7.38714834e-08,2.65876024e-08,4.78576843e-07,7.17619488e-05,1.43523898e-03
3.55014840e+02,1.00000000e-02,3.01471689e-03,3.22991245e+00,7.11059651e-01,7.11059651e-01,6.96413829e-02,2.78565532e-01,7.07890081e-05,8.49468098e-04,3.47485313e-06,4.51730907e-05,1.15351810e-05,1.49957353e-04,1.11962029e-04,1.56746841e-03,2.75750730e-04,4.13626095e-03,1.24266059e-05,1.73972483e-04,1.26013672e-04,1.89020508e-03,1.84943583e-07,2.95909733e-06,4.48723389e-08,7.62829761e-07,5.80925998e-10,1.04566680e-08,4.23704555e-09,7.20297744e-08,2.65810331e-08,4.78458596e-07,7.17619488e-05,1.43523898e-03
3.57364203e+02,1.00000000e-02,2.86677071e-03,3.22991245e+00,7.11059651e-01,7.11059651e-01,6.96413829e-02,2.78565532e-01,7.07890081e-05,8.49468098e-04,3.50622274e-06,4.55808957e-05,1.15038114e-05,1.49549548e-04,1.12245381e-04,1.57143533e-03,2.77421589e-04,4.16132384e-03,1.21432543e-05,1.70005561e-04,1.24342813e-04,1.86514219e-03,1.84943583e-07,2.95909733e-06,4.49779737e-08,7.64625554e-07,5.87493633e-10,1.05748854e-08,4.13141067e-09,7.02339815e-08,2.65744655e-08,4.78340378e-07,7.17619488e-05,1.43523898e-03
3.59713566e+02,1.00000000e-02,2.73011513e-03,3.22991245e+00,7.11059651e-01,7.11059651e-01,6.96413829e-02,2.78565532e-01,7.07890081e-05,8.49468098e-04,3.53750705e-06,4.59875916e-05,1.14725271e-05,1.49142852e-04,1.12522272e-04,1.57531180e-03,2.79070294e-04,4.18605441e-03,1.18663638e-05,1.66129093e-04,1.22694108e-04,1.84041162e-03,1.84943583e-07,2.95909733e-06,4.50809750e-08,7.66376575e-07,5.94059646e-10,1.06930736e-08,4.02840941e-09,6.84829599e-08,2.65678995e-08,4.78222190e-07,7.17619488e-05,1.43523898e-03
3.61919652e+02,1.00000000e-02,2.60684931e-03,3.22991245e+00,7.11059651e-01,7.11059651e-01,6.96413829e-02,2.78565532e-01,7.07890081e-05,8.49468098e-04,3.56680602e-06,4.63684783e-05,1.14432281e-05,1.48761965e-04,1.12776525e-04,1.57887136e-03,2.80598545e-04,4.20897818e-03,1.16121099e-05,1.62569538e-04,1.21165857e-04,1.81748785e-03,1.84943583e-07,2.95909733e-06,4.51753557e-08,7.67981047e-07,6.00223752e-10,1.08040275e-08,3.93402868e-09,6.68784876e-08,2.65617353e-08,4.78111236e-07,7.17619488e-05,1.43523898e-03
3.62062928e+02,1.00000000e-02,2.59884371e-03,3.22991245e+00,7.11059651e-01,7.11059651e-01,6.96413829e-02,2.78565532e-01,7.07890081e-05,8.49468098e-04,3.56870628e-06,4.63931816e-05,1.14413278e-05,1.48737262e-04,1.12792848e-04,1.57909988e-03,2.80697138e-04,4.21045707e-03,1.15957868e-05,1.62341015e-04,1.21067264e-04,1.81600896e-03,1.84943583e-07,2.95909733e-06,4.51814083e-08,7.68083942e-07,6.00624036e-10,1.08112326e-08,3.92797609e-09,6.67755935e-08,2.65613351e-08,4.78104031e-07,7.17619488e-05,1.43523898e-03
3.64412291e+02,1.00000000e-02,2.47718973e-03,3.22991245e+00,7.11059651e-01,7.11059651e-01,6.96413829e-02,2.78565532e-01,7.07890081e-05,8.49468098e-04,3.59982066e-06,4.67976686e-05,1.14102134e-05,1.48332775e-04,1.13057256e-04,1.58280158e-03,2.82302411e-04,4.23453616e-03,1.13313796e-05,1.58639314e-04,1.19461991e-04,1.79192986e-03,1.84943583e-07,2.95909733e-06,4.52793377e-08,7.69748741e-07,6.07186804e-10,1.09293625e-08,3.83004670e-09,6.51107939e-08,2.65547723e-08,4.77985901e-07,7.17619488e-05,1.43523898e-03
3.66761654e+02,1.00000000e-02,2.36105110e-03,3.22991245e+00,7.11059651e-01,7.11059651e-01,6.96413829e-02,2.78565532e-01,7.07890081e-05,8.49468098e-04,3.63085043e-06,4.72010556e-05,1.13791837e-05,1.47929388e-04,1.13315634e-04,1.58641887e-03,2.83886399e-04,4.25829599e-03,1.10730014e-05,1.55022019e-04,1.17878003e-04,1.76817004e-03,1.84943583e-07,2.95909733e-06,4.53748256e-08,7.71372035e-07,6.13747951e-10,1.10474631e-08,3.73455881e-09,6.34874998e-08,2.65482112e-08,4.77867801e-07,7.17619488e-05,1.43523898e-03
3.69111017e+02,1.00000000e-02,2.25218912e-03,3.22991245e+00,7.11059651e-01,7.11059651e-01,6.96413829e-02,2.78565532e-01,7.07890081e-05,8.49468098e-04,3.66179582e-06,4.76033457e-05,1.13482383e-05,1.47527098e-04,1.13568121e-04,1.58995369e-03,2.85449385e-04,4.28174077e-03,1.08205147e-05,1.51487205e-04,1.16315017e-04,1.74472526e-03,1.84943583e-07,2.95909733e-06,4.54679329e-08,7.72954859e-07,6.20307476e-10,1.11655346e-08,3.64145156e-09,6.19046765e-08,2.65416516e-08,4.77749729e-07,7.17619488e-05,1.43523898e-03
3.71460380e+02,1.00000000e-02,2.14923714e-03,3.22991245e+00,7.11059651e-01,7.11059651e-01,6.96413829e-02,2.78565532e-01,7.07890081e-05,8.49468098e-04,3.69265705e-06,4.80045416e-05,1.13173771e-05,1.47125902e-04,1.13814850e-04,1.59340790e-03,2.86991646e-04,4.30487469e-03,1.05737852e-05,1.48032993e-04,1.14772756e-04,1.72159134e-03,1.84943583e-07,2.95909733e-06,4.55587188e-08,7.74498220e-07,6.26865381e-10,1.12835769e-08,3.55066559e-09,6.03613150e-08,2.65350937e-08,4.77631687e-07,7.17619488e-05,1.43523898e-03
3.73809743e+02,1.00000000e-02,2.05109805e-03,3.22991245e+00,7.11059651e-01,7.11059651e-01,6.96413829e-02,2.78565532e-01,7.07890081e-05,8.49468098e-04,3.72343435e-06,4.84046466e-05,1.12865998e-05,1.46725797e-04,1.14055954e-04,1.59678335e-03,2.88513458e-04,4.32770187e-03,1.03326817e-05,1.44657543e-04,1.13250944e-04,1.69876416e-03,1.84943583e-07,2.95909733e-06,4.56472414e-08,7.76003104e-07,6.33421666e-10,1.14015900e-08,3.46214303e-09,5.88564315e-08,2.65285374e-08,4.77513674e-07,7.17619488e-05,1.43523898e-03
3.76159106e+02,1.00000000e-02,1.95948082e-03,3.22991245e+00,7.11059651e-01,7.11059651e-01,6.96413829e-02,2.78565532e-01,7.07890081e-05,8.49468098e-04,3.75412796e-06,4.88036635e-05,1.12559061e-05,1.46326780e-04,1.14291560e-04,1.60008183e-03,2.90015092e-04,4.35022638e-03,1.00970758e-05,1.41359061e-04,1.11749310e-04,1.67623965e-03,1.84943583e-07,2.95909733e-06,4.57335570e-08,7.77470469e-07,6.39976330e-10,1.15195739e-08,3.37582745e-09,5.73890666e-08,2.65219828e-08,4.77395690e-07,7.17619488e-05,1.43523898e-03
3.78508469e+02,1.00000000e-02,1.87062328e-03,3.22991245e+00,7.11059651e-01,7.11059651e-01,6.96413829e-02,2.78565532e-01,7.07890081e-05,8.49468098e-04,3.78473809e-06,4.92015952e-05,1.12252960e-05,1.45928848e-04,1.14521793e-04,1.60330510e-03,2.91496815e-04,4.37245222e-03,9.86684215e-06,1.38135790e-04,1.10267587e-04,1.65401380e-03,1.84943583e-07,2.95909733e-06,4.58177206e-08,7.78901250e-07,6.46529375e-10,1.16375288e-08,3.29166382e-09,5.59582849e-08,2.65154297e-08,4.77277735e-07,7.17619488e-05,1.43523898e-03
3.80857832e+02,1.00000000e-02,1.78993406e-03,3.22991245e+00,7.11059651e-01,7.11059651e-01,6.96413829e-02,2.78565532e-01,7.07890081e-05,8.49468098e-04,3.81526499e-06,4.95984448e-05,1.11947691e-05,1.45531999e-04,1.14746777e-04,1.60645488e-03,2.92958891e-04,4.39438337e-03,9.64185830e-06,1.34986016e-04,1.08805510e-04,1.63208266e-03,1.84943583e-07,2.95909733e-06,4.58997859e-08,7.80296361e-07,6.53080801e-10,1.17554544e-08,3.20959849e-09,5.45631743e-08,2.65088783e-08,4.77159809e-07,7.17619488e-05,1.43523898e-03
3.83207195e+02,1.00000000e-02,1.70954402e-03,3.22991245e+00,7.11059651e-01,7.11059651e-01,6.96413829e-02,2.78565532e-01,7.07890081e-05,8.49468098e-04,3.84570886e-06,4.99942152e-05,1.11643252e-05,1.45136228e-04,1.14966631e-04,1.60953283e-03,2.94401582e-04,4.41602372e-03,9.42200457e-06,1.31908064e-04,1.07362820e-04,1.61044230e-03,1.84943583e-07,2.95909733e-06,4.59798053e-08,7.81656689e-07,6.59630609e-10,1.18733510e-08,3.12957916e-09,5.32028457e-08,2.65023285e-08,4.77041913e-07,7.17619488e-05,1.43523898e-03
3.83537241e+02,1.00000000e-02,1.69943945e-03,3.22991245e+00,7.11059651e-01,7.11059651e-01,6.96413829e-02,2.78565532e-01,7.07890081e-05,8.49468098e-04,3.84997908e-06,5.00497281e-05,1.11600550e-05,1.45080715e-04,1.14997112e-04,1.60995957e-03,2.94602717e-04,4.41904076e-03,9.39152301e-06,1.31481322e-04,1.07161684e-04,1.60742527e-03,1.84943583e-07,2.95909733e-06,4.59908857e-08,7.81845056e-07,6.60550618e-10,1.18899111e-08,3.11849874e-09,5.30144786e-08,2.65014085e-08,4.77025353e-07,7.17619488e-05,1.43523898e-03
3.85556558e+02,1.00000000e-02,1.63761684e-03,3.22991245e+00,7.11059651e-01,7.11059651e-01,6.96413829e-02,2.78565532e-01,7.07890081e-05,8.49468098e-04,3.87606994e-06,5.03889093e-05,1.11339642e-05,1.44741534e-04,1.15181471e-04,1.61254060e-03,2.95825143e-04,4.43737714e-03,9.20716394e-06,1.28900295e-04,1.05939259e-04,1.58908889e-03,1.84943583e-07,2.95909733e-06,4.60578296e-08,7.82983103e-07,6.66178798e-10,1.19912184e-08,3.05155481e-09,5.18764318e-08,2.64957803e-08,4.76924045e-07,7.17619488e-05,1.43523898e-03
3.87905920e+02,1.00000000e-02,1.56568965e-03,3.22991245e+00,7.11059651e-01,7.11059651e-01,6.96413829e-02,2.78565532e-01,7.07890081e-05,8.49468098e-04,3.90634846e-06,5.07825300e-05,1.11036856e-05,1.44347913e-04,1.15391413e-04,1.61547978e-03,2.97229828e-04,4.45844742e-03,8.99722210e-06,1.25961109e-04,1.04534574e-04,1.56801860e-03,1.84943583e-07,2.95909733e-06,4.61339087e-08,7.84276448e-07,6.72725369e-10,1.21090566e-08,2.97547571e-09,5.05830871e-08,2.64892337e-08,4.76806207e-07,7.17619488e-05,1.43523898e-03
3.90255283e+02,1.00000000e-02,1.50024568e-03,3.22991245e+00,7.11059651e-01,7.11059651e-01,6.96413829e-02,2.78565532e-01,7.07890081e-05,8.49468098e-04,3.93654464e-06,5.11750803e-05,1.10734895e-05,1.43955363e-04,1.15596568e-04,1.61835195e-03,2.98615889e-04,4.47923833e-03,8.79206737e-06,1.23088943e-04,1.03148513e-04,1.54722770e-03,1.84943583e-07,2.95909733e-06,4.62080911e-08,7.85537548e-07,6.79270322e-10,1.22268658e-08,2.90129336e-09,4.93219871e-08,2.64826888e-08,4.76688398e-07,7.17619488e-05,1.43523898e-03
3.92604646e+02,1.00000000e-02,1.43676058e-03,3.22991245e+00,7.11059651e-01,7.11059651e-01,6.96413829e-02,2.78565532e-01,7.07890081e-05,8.49468098e-04,3.96665869e-06,5.15665630e-05,1.10433754e-05,1.43563880e-04,1.15797045e-04,1.62115863e-03,2.99983571e-04,4.49975356e-03,8.59159057e-06,1.20282268e-04,1.01780831e-04,1.52671247e-03,1.84943583e-07,2.95909733e-06,4.62804240e-08,7.86767207e-07,6.85813659e-10,1.23446459e-08,2.82896046e-09,4.80923279e-08,2.64761454e-08,4.76570618e-07,7.17619488e-05,1.43523898e-03
3.94954009e+02,1.00000000e-02,1.37657013e-03,3.22991245e+00,7.11059651e-01,7.11059651e-01,6.96413829e-02,2.78565532e-01,7.07890081e-05,8.49468098e-04,3.99669086e-06,5.19569812e-05,1.10133432e-05,1.43173462e-04,1.15992950e-04,1.62390130e-03,3.01333118e-04,4.51999677e-03,8.39568505e-06,1.17539591e-04,1.00431284e-04,1.50646925e-03,1.84943583e-07,2.95909733e-06,4.63509535e-08,7.87966209e-07,6.92355378e-10,1.24623968e-08,2.75843092e-09,4.68933256e-08,2.64696037e-08,4.76452867e-07,7.17619488e-05,1.43523898e-03
3.97303372e+02,1.00000000e-02,1.32036667e-03,3.22991245e+00,7.11059651e-01,7.11059651e-01,6.96413829e-02,2.78565532e-01,7.07890081e-05,8.49468098e-04,4.02664135e-06,5.23463375e-05,1.09833928e-05,1.42784106e-04,1.16184389e-04,1.62658144e-03,3.02664772e-04,4.53997158e-03,8.20424656e-06,1.14859452e-04,9.90996301e-05,1.48649445e-03,1.84943583e-07,2.95909733e-06,4.64197247e-08,7.89135319e-07,6.98895481e-10,1.25801187e-08,2.68965976e-09,4.57242160e-08,2.64630636e-08,4.76335145e-07,7.17619488e-05,1.43523898e-03
3.99652735e+02,1.00000000e-02,1.26469516e-03,3.22991245e+00,7.11059651e-01,7.11059651e-01,6.96413829e-02,2.78565532e-01,7.07890081e-05,8.49468098e-04,4.05651039e-06,5.27346351e-05,1.09535237e-05,1.42395808e-04,1.16371462e-04,1.62920047e-03,3.03978768e-04,4.55968152e-03,8.01717326e-06,1.12240426e-04,9.77856335e-05,1.46678450e-03,1.84943583e-07,2.95909733e-06,4.64867813e-08,7.90275281e-07,7.05433969e-10,1.26978114e-08,2.62260316e-09,4.45842538e-08,2.64565251e-08,4.76217452e-07,7.17619488e-05,1.43523898e-03
4.02002098e+02,1.00000000e-02,1.21467297e-03,3.22991245e+00,7.11059651e-01,7.11059651e-01,6.96413829e-02,2.78565532e-01,7.07890081e-05,8.49468098e-04,4.08629821e-06,5.31218767e-05,1.09237359e-05,1.42008567e-04,1.16554270e-04,1.63175978e-03,3.05275342e-04,4.57913013e-03,7.83436560e-06,1.09681118e-04,9.64890597e-05,1.44733590e-03,1.84943583e-07,2.95909733e-06,4.65521661e-08,7.91386823e-07,7.11970841e-10,1.28154751e-08,2.55721836e-09,4.34727122e-08,2.64499883e-08,4.76099789e-07,7.17619488e-05,1.43523898e-03
4.04351461e+02,1.00000000e-02,1.16465078e-03,3.22991245e+00,7.11059651e-01,7.11059651e-01,6.96413829e-02,2.78565532e-01,7.07890081e-05,8.49468098e-04,4.11600501e-06,5.35080652e-05,1.08940291e-05,1.41622378e-04,1.16732909e-04,1.63426073e-03,3.06554724e-04,4.59832086e-03,7.65572633e-06,1.07180169e-04,9.52096776e-05,1.42814516e-03,1.84943583e-07,2.95909733e-06,4.66159207e-08,7.92470652e-07,7.18506097e-10,1.29331098e-08,2.49346369e-09,4.23888828e-08,2.64434530e-08,4.75982154e-07,7.17619488e-05,1.43523898e-03
4.06446056e+02,1.00000000e-02,1.12337643e-03,3.22991245e+00,7.11059651e-01,7.11059651e-01,6.96413829e-02,2.78565532e-01,7.07890081e-05,8.49468098e-04,4.14242225e-06,5.38514893e-05,1.08676119e-05,1.41278954e-04,1.16888739e-04,1.63644234e-03,3.07681058e-04,4.61521586e-03,7.49989646e-06,1.04998550e-04,9.40833442e-05,1.41125016e-03,1.84943583e-07,2.95909733e-06,4.66714203e-08,7.93414145e-07,7.24331302e-10,1.30379634e-08,2.43796415e-09,4.14453905e-08,2.64376278e-08,4.75877300e-07,7.17619488e-05,1.43523898e-03
4.06700824e+02,1.00000000e-02,1.11859703e-03,3.22991245e+00,7.11059651e-01,7.11059651e-01,6.96413829e-02,2.78565532e-01,7.07890081e-05,8.49468098e-04,4.14563103e-06,5.38932034e-05,1.08644031e-05,1.41237240e-04,1.16907475e-04,1.63670465e-03,3.07817143e-04,4.61725714e-03,7.48116039e-06,1.04736245e-04,9.39472593e-05,1.40920889e-03,1.84943583e-07,2.95909733e-06,4.66780859e-08,7.93527461e-07,7.25039739e-10,1.30507153e-08,2.43129851e-09,4.13320746e-08,2.64369194e-08,4.75864549e-07,7.17619488e-05,1.43523898e-03
4.09050187e+02,1.00000000e-02,1.07452334e-03,3.22991245e+00,7.11059651e-01,7.11059651e-01,6.96413829e-02,2.78565532e-01,7.07890081e-05,8.49468098e-04,4.17517649e-06,5.42772943e-05,1.08348576e-05,1.40853149e-04,1.17078060e-04,1.63909285e-03,3.09062822e-04,4.63594233e-03,7.31057488e-06,1.02348048e-04,9.27015798e-05,1.39052370e-03,1.84943583e-07,2.95909733e-06,4.67387013e-08,7.94557921e-07,7.31571767e-10,1.31682918e-08,2.37068317e-09,4.03016138e-08,2.64303873e-08,4.75746972e-07,7.17619488e-05,1.43523898e-03
4.11399550e+02,1.00000000e-02,1.03145188e-03,3.22991245e+00,7.11059651e-01,7.11059651e-01,6.96413829e-02,2.78565532e-01,7.07890081e-05,8.49468098e-04,4.20464159e-06,5.46603407e-05,1.08053925e-05,1.40470103e-04,1.17244756e-04,1.64142659e-03,3.10291985e-04,4.65437977e-03,7.14387908e-06,1.00014307e-04,9.14724172e-05,1.37208626e-03,1.84943583e-07,2.95909733e-06,4.67978054e-08,7.95562691e-07,7.38102181e-10,1.32858393e-08,2.31157905e-09,3.92968438e-08,2.64238569e-08,4.75629425e-07,7.17619488e-05,1.43523898e-03
4.13748912e+02,1.00000000e-02,9.92544292e-04,3.22991245e+00,7.11059651e-01,7.11059651e-01,6.96413829e-02,2.78565532e-01,7.07890081e-05,8.49468098e-04,4.23402657e-06,5.50423454e-05,1.07760075e-05,1.40088098e-04,1.17407651e-04,1.64370711e-03,3.11504849e-04,4.67257274e-03,6.98098429e-06,9.77337801e-05,9.02595525e-05,1.35389329e-03,1.84943583e-07,2.95909733e-06,4.68554359e-08,7.96542411e-07,7.44630981e-10,1.34033577e-08,2.25394847e-09,3.83171241e-08,2.64173281e-08,4.75511906e-07,7.17619488e-05,1.43523898e-03
4.16098275e+02,1.00000000e-02,9.53636707e-04,3.22991245e+00,7.11059651e-01,7.11059651e-01,6.96413829e-02,2.78565532e-01,7.07890081e-05,8.49468098e-04,4.26333163e-06,5.54233112e-05,1.07467025e-05,1.39707132e-04,1.17566831e-04,1.64593564e-03,3.12701632e-04,4.69052448e-03,6.82180383e-06,9.55052536e-05,8.90627696e-05,1.33594154e-03,1.84943583e-07,2.95909733e-06,4.69116297e-08,7.97497705e-07,7.51158168e-10,1.35208470e-08,2.19775470e-09,3.73618300e-08,2.64108009e-08,4.75394417e-07,7.17619488e-05,1.43523898e-03
4.18447638e+02,1.00000000e-02,9.17645672e-04,3.22991245e+00,7.11059651e-01,7.11059651e-01,6.96413829e-02,2.78565532e-01,7.07890081e-05,8.49468098e-04,4.29255700e-06,5.58032410e-05,1.07174771e-05,1.39327202e-04,1.17722382e-04,1.64811335e-03,3.13882547e-04,4.70823820e-03,6.66625300e-06,9.33275420e-05,8.78818553e-05,1.31822783e-03,1.84943583e-07,2.95909733e-06,4.69664225e-08,7.98429183e-07,7.57683742e-10,1.36383074e-08,2.14296191e-09,3.64303525e-08,2.64042754e-08,4.75276956e-07,7.17619488e-05,1.43523898e-03
4.20797001e+02,1.00000000e-02,8.83124330e-04,3.22991245e+00,7.11059651e-01,7.11059651e-01,6.96413829e-02,2.78565532e-01,7.07890081e-05,8.49468098e-04,4.32170289e-06,5.61821376e-05,1.06883312e-05,1.38948306e-04,1.17874386e-04,1.65024141e-03,3.15047803e-04,4.72571704e-03,6.51424904e-06,9.11994865e-05,8.67165991e-05,1.30074899e-03,1.84943583e-07,2.95909733e-06,4.70198492e-08,7.99337437e-07,7.64207704e-10,1.37557387e-08,2.08953518e-09,3.55220980e-08,2.63977514e-08,4.75159525e-07,7.17619488e-05,1.43523898e-03
4.23146364e+02,1.00000000e-02,8.48914676e-04,3.22991245e+00,7.11059651e-01,7.11059651e-01,6.96413829e-02,2.78565532e-01,7.07890081e-05,8.49468098e-04,4.35076952e-06,5.65600038e-05,1.06592646e-05,1.38570440e-04,1.18022924e-04,1.65232094e-03,3.16197608e-04,4.74296413e-03,6.36571107e-06,8.91199550e-05,8.55667935e-05,1.28350190e-03,1.84943583e-07,2.95909733e-06,4.70719440e-08,8.00223048e-07,7.70730054e-10,1.38731410e-08,2.03744043e-09,3.46364874e-08,2.63912290e-08,4.75042123e-07,7.17619488e-05,1.43523898e-03
4.25495727e+02,1.00000000e-02,8.18382905e-04,3.22991245e+00,7.11059651e-01,7.11059651e-01,6.96413829e-02,2.78565532e-01,7.07890081e-05,8.49468098e-04,4.37975711e-06,5.69368424e-05,1.06302770e-05,1.38193601e-04,1.18168075e-04,1.65435305e-03,3.17332168e-04,4.75998252e-03,6.22056007e-06,8.70878410e-05,8.44322335e-05,1.26648350e-03,1.84943583e-07,2.95909733e-06,4.71227399e-08,8.01086579e-07,7.77250793e-10,1.39905143e-08,1.98664448e-09,3.37729562e-08,2.63847083e-08,4.74924750e-07,7.17619488e-05,1.43523898e-03
4.27845090e+02,1.00000000e-02,7.87851135e-04,3.22991245e+00,7.11059651e-01,7.11059651e-01,6.96413829e-02,2.78565532e-01,7.07890081e-05,8.49468098e-04,4.40866586e-06,5.73126562e-05,1.06013682e-05,1.37817787e-04,1.18309916e-04,1.65633883e-03,3.18451685e-04,4.77677527e-03,6.07871881e-06,8.51020633e-05,8.33127171e-05,1.24969076e-03,1.84943583e-07,2.95909733e-06,4.71722695e-08,8.01928581e-07,7.83769920e-10,1.41078586e-08,1.93711493e-09,3.29309539e-08,2.63781892e-08,4.74807405e-07,7.17619488e-05,1.43523898e-03
4.30194453e+02,1.00000000e-02,7.58830466e-04,3.22991245e+00,7.11059651e-01,7.11059651e-01,6.96413829e-02,2.78565532e-01,7.07890081e-05,8.49468098e-04,4.43749600e-06,5.76874480e-05,1.05725381e-05,1.37442995e-04,1.18448523e-04,1.65827933e-03,3.19556357e-04,4.79334536e-03,5.94011181e-06,8.31615653e-05,8.22080447e-05,1.23312067e-03,1.84943583e-07,2.95909733e-06,4.72205642e-08,8.02749591e-07,7.90287437e-10,1.42251739e-08,1.88882022e-09,3.21099438e-08,2.63716717e-08,4.74690090e-07,7.17619488e-05,1.43523898e-03
4.30723223e+02,1.00000000e-02,7.52746514e-04,3.22991245e+00,7.11059651e-01,7.11059651e-01,6.96413829e-02,2.78565532e-01,7.07890081e-05,8.49468098e-04,4.44397397e-06,5.77716616e-05,1.05660601e-05,1.37358782e-04,1.18479281e-04,1.65870994e-03,3.19802959e-04,4.79704438e-03,5.90935391e-06,8.27309547e-05,8.19614429e-05,1.22942164e-03,1.84943583e-07,2.95909733e-06,4.72312668e-08,8.02931535e-07,7.91754109e-10,1.42515740e-08,1.87811763e-09,3.19279997e-08,2.63702050e-08,4.74663690e-07,7.17619488e-05,1.43523898e-03
4.32543816e+02,1.00000000e-02,7.31799030e-04,3.22991245e+00,7.11059651e-01,7.11059651e-01,6.96413829e-02,2.78565532e-01,7.07890081e-05,8.49468098e-04,4.46624773e-06,5.80612205e-05,1.05437864e-05,1.37069223e-04,1.18583970e-04,1.66017558e-03,3.20646382e-04,4.80969573e-03,5.80466533e-06,8.12653146e-05,8.11180196e-05,1.21677029e-03,1.84943583e-07,2.95909733e-06,4.72676549e-08,8.03550133e-07,7.96803343e-10,1.43424602e-08,1.84172956e-09,3.13094024e-08,2.63651558e-08,4.74572804e-07,7.17619488e-05,1.43523898e-03
4.34893179e+02,1.00000000e-02,7.04767594e-04,3.22991245e+00,7.11059651e-01,7.11059651e-01,6.96413829e-02,2.78565532e-01,7.07890081e-05,8.49468098e-04,4.49492128e-06,5.84339766e-05,1.05151128e-05,1.36696467e-04,1.18716328e-04,1.66202859e-03,3.21721954e-04,4.82582932e-03,5.67230730e-06,7.94123021e-05,8.00424474e-05,1.20063671e-03,1.84943583e-07,2.95909733e-06,4.73135715e-08,8.04330715e-07,8.03317639e-10,1.44597175e-08,1.79581292e-09,3.05288196e-08,2.63586415e-08,4.74455546e-07,7.17619488e-05,1.43523898e-03
4.37242542e+02,1.00000000e-02,6.80012071e-04,3.22991245e+00,7.11059651e-01,7.11059651e-01,6.96413829e-02,2.78565532e-01,7.07890081e-05,8.49468098e-04,4.52351684e-06,5.88057190e-05,1.04865173e-05,1.36324724e-04,1.18845668e-04,1.66383935e-03,3.22783265e-04,4.84174898e-03,5.54296730e-06,7.76015421e-05,7.89811367e-05,1.18471705e-03,1.84943583e-07,2.95909733e-06,4.73583434e-08,8.05091837e-07,8.09830326e-10,1.45769459e-08,1.75104104e-09,2.97676978e-08,2.63521288e-08,4.74338318e-07,7.17619488e-05,1.43523898e-03
4.39591904e+02,1.00000000e-02,6.56125274e-04,3.22991245e+00,7.11059651e-01,7.11059651e-01,6.96413829e-02,2.78565532e-01,7.07890081e-05,8.49468098e-04,4.55203465e-06,5.91764504e-05,1.04579995e-05,1.35953993e-04,1.18972059e-04,1.66560882e-03,3.23830504e-04,4.85745755e-03,5.41657651e-06,7.58320711e-05,7.79338983e-05,1.16900847e-03,1.84943583e-07,2.95909733e-06,4.74019990e-08,8.05833984e-07,8.16341404e-10,1.46941453e-08,1.70738539e-09,2.90255516e-08,2.63456177e-08,4.74221119e-07,7.17619488e-05,1.43523898e-03
4.41941267e+02,1.00000000e-02,6.32238476e-04,3.22991245e+00,7.11059651e-01,7.11059651e-01,6.96413829e-02,2.78565532e-01,7.07890081e-05,8.49468098e-04,4.58047490e-06,5.95461737e-05,1.04295592e-05,1.35584270e-04,1.19095568e-04,1.66733795e-03,3.24863856e-04,4.87295784e-03,5.29306768e-06,7.41029475e-05,7.69005455e-05,1.15350818e-03,1.84943583e-07,2.95909733e-06,4.74445663e-08,8.06557627e-07,8.22850873e-10,1.48113157e-08,1.66481812e-09,2.83019081e-08,2.63391082e-08,4.74103948e-07,7.17619488e-05,1.43523898e-03
4.44290630e+02,1.00000000e-02,6.10991233e-04,3.22991245e+00,7.11059651e-01,7.11059651e-01,6.96413829e-02,2.78565532e-01,7.07890081e-05,8.49468098e-04,4.60883780e-06,5.99148914e-05,1.04011963e-05,1.35215552e-04,1.19216260e-04,1.66902764e-03,3.25883507e-04,4.88825261e-03,5.17237511e-06,7.24132515e-05,7.58808944e-05,1.13821342e-03,1.84943583e-07,2.95909733e-06,4.74860723e-08,8.07263229e-07,8.29358733e-10,1.49284572e-08,1.62331211e-09,2.75963059e-08,2.63326004e-08,4.73986807e-07,7.17619488e-05,1.43523898e-03
4.46639993e+02,1.00000000e-02,5.89876091e-04,3.22991245e+00,7.11059651e-01,7.11059651e-01,6.96413829e-02,2.78565532e-01,7.07890081e-05,8.49468098e-04,4.63712358e-06,6.02826065e-05,1.03729105e-05,1.34847837e-04,1.19334201e-04,1.67067881e-03,3.26889639e-04,4.90334458e-03,5.05443456e-06,7.07620838e-05,7.48747631e-05,1.12312145e-03,1.84943583e-07,2.95909733e-06,4.75265435e-08,8.07951240e-07,8.35864986e-10,1.50455697e-08,1.58284090e-09,2.69082952e-08,2.63260941e-08,4.73869694e-07,7.17619488e-05,1.43523898e-03
4.48989356e+02,1.00000000e-02,5.69040334e-04,3.22991245e+00,7.11059651e-01,7.11059651e-01,6.96413829e-02,2.78565532e-01,7.07890081e-05,8.49468098e-04,4.66533243e-06,6.06493216e-05,1.03447017e-05,1.34481122e-04,1.19449452e-04,1.67229233e-03,3.27882429e-04,4.91823644e-03,4.93918330e-06,6.91485662e-05,7.38819725e-05,1.10822959e-03,1.84943583e-07,2.95909733e-06,4.75660057e-08,8.08622098e-07,8.42369631e-10,1.51626534e-08,1.54337868e-09,2.62374376e-08,2.63195895e-08,4.73752610e-07,7.17619488e-05,1.43523898e-03
4.51338719e+02,1.00000000e-02,5.50343864e-04,3.22991245e+00,7.11059651e-01,7.11059651e-01,6.96413829e-02,2.78565532e-01,7.07890081e-05,8.49468098e-04,4.69346457e-06,6.10150394e-05,1.03165695e-05,1.34115404e-04,1.19562075e-04,1.67386905e-03,3.28862056e-04,4.93293084e-03,4.82656000e-06,6.75718399e-05,7.29023457e-05,1.09353519e-03,1.84943583e-07,2.95909733e-06,4.76044841e-08,8.09276230e-07,8.48872669e-10,1.52797080e-08,1.50490031e-09,2.55833052e-08,2.63130864e-08,4.73635556e-07,7.17619488e-05,1.43523898e-03
4.53688082e+02,1.00000000e-02,5.31647394e-04,3.22991245e+00,7.11059651e-01,7.11059651e-01,6.96413829e-02,2.78565532e-01,7.07890081e-05,8.49468098e-04,4.72152020e-06,6.13797626e-05,1.02885139e-05,1.33750681e-04,1.19672131e-04,1.67540983e-03,3.29828694e-04,4.94743041e-03,4.71650473e-06,6.60310663e-05,7.19357081e-05,1.07903562e-03,1.84943583e-07,2.95909733e-06,4.76420032e-08,8.09914054e-07,8.55374100e-10,1.53967338e-08,1.46738125e-09,2.49454812e-08,2.63065850e-08,4.73518530e-07,7.17619488e-05,1.43523898e-03
4.56037445e+02,1.00000000e-02,5.13419757e-04,3.22991245e+00,7.11059651e-01,7.11059651e-01,6.96413829e-02,2.78565532e-01,7.07890081e-05,8.49468098e-04,4.74949954e-06,6.17434940e-05,1.02605346e-05,1.33386949e-04,1.19779676e-04,1.67691547e-03,3.30782514e-04,4.96173772e-03,4.60895895e-06,6.45254253e-05,7.09818874e-05,1.06472831e-03,1.84943583e-07,2.95909733e-06,4.76785868e-08,8.10535976e-07,8.61873924e-10,1.55137306e-08,1.43079759e-09,2.43235590e-08,2.63000852e-08,4.73401533e-07,7.17619488e-05,1.43523898e-03
4.56450473e+02,1.00000000e-02,5.10523056e-04,3.22991245e+00,7.11059651e-01,7.11059651e-01,6.96413829e-02,2.78565532e-01,7.07890081e-05,8.49468098e-04,4.75441056e-06,6.18073373e-05,1.02556235e-05,1.33323106e-04,1.19798328e-04,1.67717660e-03,3.30948888e-04,4.96423333e-03,4.59030699e-06,6.42642978e-05,7.08155135e-05,1.06223270e-03,1.84943583e-07,2.95909733e-06,4.76849235e-08,8.10643699e-07,8.63016456e-10,1.55342962e-08,1.42446094e-09,2.42158360e-08,2.62989426e-08,4.73380968e-07,7.17619488e-05,1.43523898e-03
4.58386808e+02,1.00000000e-02,4.96942922e-04,3.22991245e+00,7.11059651e-01,7.11059651e-01,6.96413829e-02,2.78565532e-01,7.07890081e-05,8.49468098e-04,4.77740279e-06,6.21062363e-05,1.02326313e-05,1.33024207e-04,1.19884770e-04,1.67838678e-03,3.31723688e-04,4.97585532e-03,4.50386543e-06,6.30541160e-05,7.00407138e-05,1.05061071e-03,1.84943583e-07,2.95909733e-06,4.77142584e-08,8.11142393e-07,8.68372143e-10,1.56306986e-08,1.39512600e-09,2.37171421e-08,2.62935870e-08,4.73284565e-07,7.17619488e-05,1.43523898e-03
4.60736171e+02,1.00000000e-02,4.80466087e-04,3.22991245e+00,7.11059651e-01,7.11059651e-01,6.96413829e-02,2.78565532e-01,7.07890081e-05,8.49468098e-04,4.80523016e-06,6.24679920e-05,1.02048039e-05,1.32662451e-04,1.19987467e-04,1.67982454e-03,3.32652382e-04,4.98978573e-03,4.40116825e-06,6.16163555e-05,6.91120196e-05,1.03668029e-03,1.84943583e-07,2.95909733e-06,4.77490407e-08,8.11733691e-07,8.74868756e-10,1.57476376e-08,1.36034376e-09,2.31258439e-08,2.62870903e-08,4.73167626e-07,7.17619488e-05,1.43523898e-03
4.63085534e+02,1.00000000e-02,4.64432097e-04,3.22991245e+00,7.11059651e-01,7.11059651e-01,6.96413829e-02,2.78565532e-01,7.07890081e-05,8.49468098e-04,4.83298185e-06,6.28287640e-05,1.01770523e-05,1.32301679e-04,1.20087823e-04,1.68122952e-03,3.33568763e-04,5.00353144e-03,4.30081277e-06,6.02113788e-05,6.81956392e-05,1.02293459e-03,1.84943583e-07,2.95909733e-06,4.77829557e-08,8.12310248e-07,8.81363764e-10,1.58645478e-08,1.32642867e-09,2.25492875e-08,2.62805953e-08,4.73050716e-07,7.17619488e-05,1.43523898e-03
4.65434896e+02,1.00000000e-02,4.49821065e-04,3.22991245e+00,7.11059651e-01,7.11059651e-01,6.96413829e-02,2.78565532e-01,7.07890081e-05,8.49468098e-04,4.86065807e-06,6.31885549e-05,1.01493760e-05,1.31941888e-04,1.20185890e-04,1.68260246e-03,3.34472992e-04,5.01709489e-03,4.20274560e-06,5.88384384e-05,6.72914094e-05,1.00937114e-03,1.84943583e-07,2.95909733e-06,4.78160253e-08,8.12872430e-07,8.87857167e-10,1.59814290e-08,1.29335914e-09,2.19871054e-08,2.62741019e-08,4.72933835e-07,7.17619488e-05,1.43523898e-03
4.67784259e+02,1.00000000e-02,4.35210032e-04,3.22991245e+00,7.11059651e-01,7.11059651e-01,6.96413829e-02,2.78565532e-01,7.07890081e-05,8.49468098e-04,4.88825903e-06,6.35473673e-05,1.01217751e-05,1.31583076e-04,1.20281721e-04,1.68394409e-03,3.35365233e-04,5.03047849e-03,4.10691456e-06,5.74968038e-05,6.63991692e-05,9.95987537e-04,1.84943583e-07,2.95909733e-06,4.78482703e-08,8.13420596e-07,8.94348966e-10,1.60982814e-08,1.26111407e-09,2.14389392e-08,2.62676101e-08,4.72816982e-07,7.17619488e-05,1.43523898e-03
4.70133622e+02,1.00000000e-02,4.20929711e-04,3.22991245e+00,7.11059651e-01,7.11059651e-01,6.96413829e-02,2.78565532e-01,7.07890081e-05,8.49468098e-04,4.91578492e-06,6.39052040e-05,1.00942492e-05,1.31225239e-04,1.20375367e-04,1.68525513e-03,3.36245642e-04,5.04368464e-03,4.01326866e-06,5.61857612e-05,6.55187594e-05,9.82781391e-04,1.84943583e-07,2.95909733e-06,4.78797115e-08,8.13955096e-07,9.00839161e-10,1.62151049e-08,1.22967291e-09,2.09044394e-08,2.62611199e-08,4.72700159e-07,7.17619488e-05,1.43523898e-03
4.72482985e+02,1.00000000e-02,4.08043791e-04,3.22991245e+00,7.11059651e-01,7.11059651e-01,6.96413829e-02,2.78565532e-01,7.07890081e-05,8.49468098e-04,4.94323596e-06,6.42620675e-05,1.00667981e-05,1.30868376e-04,1.20466877e-04,1.68653628e-03,3.37114379e-04,5.05671568e-03,3.92175807e-06,5.49046130e-05,6.46500233e-05,9.69750350e-04,1.84943583e-07,2.95909733e-06,4.79103688e-08,8.14476270e-07,9.07327752e-10,1.63318995e-08,1.19901561e-09,2.03832654e-08,2.62546314e-08,4.72583364e-07,7.17619488e-05,1.43523898e-03
4.74832348e+02,1.00000000e-02,3.95157871e-04,3.22991245e+00,7.11059651e-01,7.11059651e-01,6.96413829e-02,2.78565532e-01,7.07890081e-05,8.49468098e-04,4.97061235e-06,6.46179605e-05,1.00394218e-05,1.30512483e-04,1.20556301e-04,1.68778822e-03,3.37971596e-04,5.06957394e-03,3.83233411e-06,5.36526775e-05,6.37928061e-05,9.56892092e-04,1.84943583e-07,2.95909733e-06,4.79402618e-08,8.14984450e-07,9.13814740e-10,1.64486653e-08,1.16912265e-09,1.98750850e-08,2.62481444e-08,4.72466599e-07,7.17619488e-05,1.43523898e-03
4.77181711e+02,1.00000000e-02,3.82379758e-04,3.22991245e+00,7.11059651e-01,7.11059651e-01,6.96413829e-02,2.78565532e-01,7.07890081e-05,8.49468098e-04,4.99791429e-06,6.49728857e-05,1.00121198e-05,1.30157558e-04,1.20643686e-04,1.68901161e-03,3.38817447e-04,5.08226170e-03,3.74494919e-06,5.24292887e-05,6.29469551e-05,9.44204326e-04,1.84943583e-07,2.95909733e-06,4.79694095e-08,8.15479961e-07,9.20300125e-10,1.65654023e-08,1.13997495e-09,1.93795741e-08,2.62416590e-08,4.72349862e-07,7.17619488e-05,1.43523898e-03
4.79531074e+02,1.00000000e-02,3.70990736e-04,3.22991245e+00,7.11059651e-01,7.11059651e-01,6.96413829e-02,2.78565532e-01,7.07890081e-05,8.49468098e-04,5.02514198e-06,6.53268457e-05,9.98489213e-06,1.29803598e-04,1.20729078e-04,1.69020710e-03,3.39652082e-04,5.09478124e-03,3.65955683e-06,5.12337956e-05,6.21123194e-05,9.31684791e-04,1.84943583e-07,2.95909733e-06,4.79978305e-08,8.15963118e-07,9.26783908e-10,1.66821103e-08,1.11155394e-09,1.88964169e-08,2.62351752e-08,4.72233153e-07,7.17619488e-05,1.43523898e-03
4.81880437e+02,1.00000000e-02,3.59601714e-04,3.22991245e+00,7.11059651e-01,7.11059651e-01,6.96413829e-02,2.78565532e-01,7.07890081e-05,8.49468098e-04,5.05229563e-06,6.56798431e-05,9.95773848e-06,1.29450600e-04,1.20812524e-04,1.69137533e-03,3.40475651e-04,5.10713477e-03,3.57611158e-06,5.00655621e-05,6.12887505e-05,9.19331258e-04,1.84943583e-07,2.95909733e-06,4.80255429e-08,8.16434230e-07,9.33266089e-10,1.67987896e-08,1.08384150e-09,1.84253055e-08,2.62286930e-08,4.72116474e-07,7.17619488e-05,1.43523898e-03
4.83714421e+02,1.00000000e-02,3.50711096e-04,3.22991245e+00,7.11059651e-01,7.11059651e-01,6.96413829e-02,2.78565532e-01,7.07890081e-05,8.49468098e-04,5.07344126e-06,6.59547364e-05,9.93659284e-06,1.29175707e-04,1.20876339e-04,1.69226875e-03,3.41110958e-04,5.11666436e-03,3.51229629e-06,4.91721481e-05,6.06534443e-05,9.09801665e-04,1.84943583e-07,2.95909733e-06,4.80466950e-08,8.16793815e-07,9.38325164e-10,1.68898530e-08,1.06268939e-09,1.80657196e-08,2.62236339e-08,4.72025411e-07,7.17619488e-05,1.43523898e-03
4.84229800e+02,1.00000000e-02,3.48212693e-04,3.22991245e+00,7.11059651e-01,7.11059651e-01,6.96413829e-02,2.78565532e-01,7.07890081e-05,8.49468098e-04,5.07937543e-06,6.60318806e-05,9.93065868e-06,1.29098563e-04,1.20894066e-04,1.69251693e-03,3.41288300e-04,5.11932450e-03,3.49456905e-06,4.89239667e-05,6.04761016e-05,9.07141524e-04,1.84943583e-07,2.95909733e-06,4.80525645e-08,8.16893596e-07,9.39746668e-10,1.69154400e-08,1.05681997e-09,1.79659394e-08,2.62222124e-08,4.71999824e-07,7.17619488e-05,1.43523898e-03
4.86579163e+02,1.00000000e-02,3.37999806e-04,3.22991245e+00,7.11059651e-01,7.11059651e-01,6.96413829e-02,2.78565532e-01,7.07890081e-05,8.49468098e-04,5.10638159e-06,6.63829607e-05,9.90365252e-06,1.28747483e-04,1.20973749e-04,1.69363249e-03,3.42090174e-04,5.13135261e-03,3.41488585e-06,4.78084019e-05,5.96742278e-05,8.95113417e-04,1.84943583e-07,2.95909733e-06,4.80789123e-08,8.17341509e-07,9.46225646e-10,1.70320616e-08,1.03047211e-09,1.75180259e-08,2.62157335e-08,4.71883202e-07,7.17619488e-05,1.43523898e-03
4.88928526e+02,1.00000000e-02,3.27953466e-04,3.22991245e+00,7.11059651e-01,7.11059651e-01,6.96413829e-02,2.78565532e-01,7.07890081e-05,8.49468098e-04,5.13331431e-06,6.67330860e-05,9.87671980e-06,1.28397357e-04,1.21051616e-04,1.69472262e-03,3.42881415e-04,5.14322123e-03,3.33701959e-06,4.67182743e-05,5.88829864e-05,8.83244797e-04,1.84943583e-07,2.95909733e-06,4.81046033e-08,8.17778256e-07,9.52703023e-10,1.71486544e-08,1.00478114e-09,1.70812795e-08,2.62092561e-08,4.71766609e-07,7.17619488e-05,1.43523898e-03
4.91277888e+02,1.00000000e-02,3.17907125e-04,3.22991245e+00,7.11059651e-01,7.11059651e-01,6.96413829e-02,2.78565532e-01,7.07890081e-05,8.49468098e-04,5.16017378e-06,6.70822592e-05,9.84986032e-06,1.28048184e-04,1.21127706e-04,1.69578789e-03,3.43662165e-04,5.15493248e-03,3.26092884e-06,4.56530038e-05,5.81022364e-05,8.71533546e-04,1.84943583e-07,2.95909733e-06,4.81296537e-08,8.18204113e-07,9.59178799e-10,1.72652184e-08,9.79730686e-10,1.66554217e-08,2.62027803e-08,4.71650045e-07,7.17619488e-05,1.43523898e-03
4.93627251e+02,1.00000000e-02,3.08562307e-04,3.22991245e+00,7.11059651e-01,7.11059651e-01,6.96413829e-02,2.78565532e-01,7.07890081e-05,8.49468098e-04,5.18696021e-06,6.74304828e-05,9.82307389e-06,1.27699961e-04,1.21202062e-04,1.69682887e-03,3.44432563e-04,5.16648845e-03,3.18657311e-06,4.46120236e-05,5.73318386e-05,8.59977578e-04,1.84943583e-07,2.95909733e-06,4.81540797e-08,8.18619354e-07,9.65652976e-10,1.73817536e-08,9.55304768e-10,1.62401810e-08,2.61963061e-08,4.71533510e-07,7.17619488e-05,1.43523898e-03
4.95976614e+02,1.00000000e-02,2.99682960e-04,3.22991245e+00,7.11059651e-01,7.11059651e-01,6.96413829e-02,2.78565532e-01,7.07890081e-05,8.49468098e-04,5.21367380e-06,6.77777594e-05,9.79636031e-06,1.27352684e-04,1.21274722e-04,1.69784611e-03,3.45192746e-04,5.17789119e-03,3.11391284e-06,4.35947797e-05,5.65716557e-05,8.48574835e-04,1.84943583e-07,2.95909733e-06,4.81778966e-08,8.19024242e-07,9.72125553e-10,1.74982600e-08,9.31487815e-10,1.58352928e-08,2.61898335e-08,4.71417004e-07,7.17619488e-05,1.43523898e-03
4.98325977e+02,1.00000000e-02,2.90803613e-04,3.22991245e+00,7.11059651e-01,7.11059651e-01,6.96413829e-02,2.78565532e-01,7.07890081e-05,8.49468098e-04,5.24031474e-06,6.81240916e-05,9.76971937e-06,1.27006352e-04,1.21345726e-04,1.69884016e-03,3.45942849e-04,5.18914274e-03,3.04290937e-06,4.26007311e-05,5.58215524e-05,8.37323286e-04,1.84943583e-07,2.95909733e-06,4.82011198e-08,8.19419036e-07,9.78596531e-10,1.76147376e-08,9.08264651e-10,1.54404991e-08,2.61833626e-08,4.71300526e-07,7.17619488e-05,1.43523898e-03
5.00675340e+02,1.00000000e-02,2.82176773e-04,3.22991245e+00,7.11059651e-01,7.11059651e-01,6.96413829e-02,2.78565532e-01,7.07890081e-05,8.49468098e-04,5.26688323e-06,6.84694820e-05,9.74315088e-06,1.26660961e-04,1.21415110e-04,1.69981154e-03,3.46683007e-04,5.20024510e-03,2.97352492e-06,4.16293488e-05,5.50813949e-05,8.26220924e-04,1.84943583e-07,2.95909733e-06,4.82237639e-08,8.19803987e-07,9.85065910e-10,1.77311864e-08,8.85620468e-10,1.50555480e-08,2.61768932e-08,4.71184077e-07,7.17619488e-05,1.43523898e-03
5.03024703e+02,1.00000000e-02,2.74327929e-04,3.22991245e+00,7.11059651e-01,7.11059651e-01,6.96413829e-02,2.78565532e-01,7.07890081e-05,8.49468098e-04,5.29337947e-06,6.88139331e-05,9.71665464e-06,1.26316510e-04,1.21482913e-04,1.70076078e-03,3.47413350e-04,5.21120026e-03,2.90572257e-06,4.06801160e-05,5.43510515e-05,8.15265772e-04,1.84943583e-07,2.95909733e-06,4.82458436e-08,8.20179341e-07,9.91533690e-10,1.78476064e-08,8.63540835e-10,1.46801942e-08,2.61704254e-08,4.71067657e-07,7.17619488e-05,1.43523898e-03
5.05374066e+02,1.00000000e-02,2.66479084e-04,3.22991245e+00,7.11059651e-01,7.11059651e-01,6.96413829e-02,2.78565532e-01,7.07890081e-05,8.49468098e-04,5.31980365e-06,6.91574474e-05,9.69023046e-06,1.25972996e-04,1.21549169e-04,1.70168837e-03,3.48134010e-04,5.22201015e-03,2.83946626e-06,3.97525277e-05,5.36303919e-05,8.04455879e-04,1.84943583e-07,2.95909733e-06,4.82673727e-08,8.20545337e-07,9.97999873e-10,1.79639977e-08,8.42011675e-10,1.43141985e-08,2.61639592e-08,4.70951266e-07,7.17619488e-05,1.43523898e-03
5.07723429e+02,1.00000000e-02,2.58630240e-04,3.22991245e+00,7.11059651e-01,7.11059651e-01,6.96413829e-02,2.78565532e-01,7.07890081e-05,8.49468098e-04,5.34615597e-06,6.95000276e-05,9.66387813e-06,1.25630416e-04,1.21613915e-04,1.70259480e-03,3.48845114e-04,5.23267671e-03,2.77472073e-06,3.88460902e-05,5.29192879e-05,7.93789318e-04,1.84943583e-07,2.95909733e-06,4.82883652e-08,8.20902208e-07,1.00446446e-09,1.80803602e-08,8.21019264e-10,1.39573275e-08,2.61574946e-08,4.70834904e-07,7.17619488e-05,1.43523898e-03
5.10072792e+02,1.00000000e-02,2.51530081e-04,3.22991245e+00,7.11059651e-01,7.11059651e-01,6.96413829e-02,2.78565532e-01,7.07890081e-05,8.49468098e-04,5.37243663e-06,6.98416762e-05,9.63759748e-06,1.25288767e-04,1.21677184e-04,1.70348057e-03,3.49546789e-04,5.24320184e-03,2.71145151e-06,3.79603212e-05,5.22176125e-05,7.83264188e-04,1.84943583e-07,2.95909733e-06,4.83088342e-08,8.21250181e-07,1.01092744e-09,1.81966940e-08,8.00550217e-10,1.36093537e-08,2.61510317e-08,4.70718570e-07,7.17619488e-05,1.43523898e-03
5.12422155e+02,1.00000000e-02,2.44611239e-04,3.22991245e+00,7.11059651e-01,7.11059651e-01,6.96413829e-02,2.78565532e-01,7.07890081e-05,8.49468098e-04,5.39864582e-06,7.01823956e-05,9.61138829e-06,1.24948048e-04,1.21739010e-04,1.70434614e-03,3.50239161e-04,5.25358741e-03,2.64962497e-06,3.70947496e-05,5.15252410e-05,7.72878615e-04,1.84943583e-07,2.95909733e-06,4.83287929e-08,8.21589480e-07,1.01738884e-09,1.83129990e-08,7.80591493e-10,1.32700554e-08,2.61445703e-08,4.70602265e-07,7.17619488e-05,1.43523898e-03
5.12606855e+02,1.00000000e-02,2.44067300e-04,3.22991245e+00,7.11059651e-01,7.11059651e-01,6.96413829e-02,2.78565532e-01,7.07890081e-05,8.49468098e-04,5.40070328e-06,7.02091427e-05,9.60933082e-06,1.24921301e-04,1.21743811e-04,1.70441335e-03,3.50293202e-04,5.25439803e-03,2.64482454e-06,3.70275436e-05,5.14711996e-05,7.72067994e-04,1.84943583e-07,2.95909733e-06,4.83303408e-08,8.21615793e-07,1.01789674e-09,1.83221414e-08,7.79043657e-10,1.32437422e-08,2.61440624e-08,4.70593122e-07,7.17619488e-05,1.43523898e-03
5.14771518e+02,1.00000000e-02,2.37692397e-04,3.22991245e+00,7.11059651e-01,7.11059651e-01,6.96413829e-02,2.78565532e-01,7.07890081e-05,8.49468098e-04,5.42478373e-06,7.05221885e-05,9.58525037e-06,1.24608255e-04,1.21799427e-04,1.70519198e-03,3.50922352e-04,5.26383528e-03,2.58920820e-06,3.62489148e-05,5.08420499e-05,7.62630748e-04,1.84943583e-07,2.95909733e-06,4.83482541e-08,8.21920319e-07,1.02384863e-09,1.84292753e-08,7.61130365e-10,1.29392162e-08,2.61381105e-08,4.70485989e-07,7.17619488e-05,1.43523898e-03
5.17120880e+02,1.00000000e-02,2.30998288e-04,3.22991245e+00,7.11059651e-01,7.11059651e-01,6.96413829e-02,2.78565532e-01,7.07890081e-05,8.49468098e-04,5.45085056e-06,7.08610573e-05,9.55918354e-06,1.24269386e-04,1.21858466e-04,1.70601853e-03,3.51596484e-04,5.27394727e-03,2.53016905e-06,3.54223667e-05,5.01679174e-05,7.52518761e-04,1.84943583e-07,2.95909733e-06,4.83672300e-08,8.22242910e-07,1.03030683e-09,1.85455229e-08,7.42154427e-10,1.26166253e-08,2.61316523e-08,4.70369741e-07,7.17619488e-05,1.43523898e-03
5.19470243e+02,1.00000000e-02,2.24886579e-04,3.22991245e+00,7.11059651e-01,7.11059651e-01,6.96413829e-02,2.78565532e-01,7.07890081e-05,8.49468098e-04,5.47684650e-06,7.11990046e-05,9.53318760e-06,1.23931439e-04,1.21916159e-04,1.70682623e-03,3.52261678e-04,5.28392518e-03,2.47247611e-06,3.46146656e-05,4.95027235e-05,7.42540852e-04,1.84943583e-07,2.95909733e-06,4.83857328e-08,8.22557458e-07,1.03676343e-09,1.86617417e-08,7.23651583e-10,1.23020769e-08,2.61251957e-08,4.70253522e-07,7.17619488e-05,1.43523898e-03
5.43225043e+02,1.00000000e-02,1.71405314e-04,3.22991245e+00,7.11059651e-01,7.11059651e-01,6.96413829e-02,2.78565532e-01,7.07890081e-05,8.49468098e-04,5.73575725e-06,7.45648442e-05,9.27427686e-06,1.20565599e-04,1.22430493e-04,1.71402691e-03,3.58511538e-04,5.37767307e-03,1.95814186e-06,2.74139860e-05,4.32528636e-05,6.48792953e-04,1.84943583e-07,2.95909733e-06,4.85487717e-08,8.25329119e-07,1.10195767e-09,1.98352380e-08,5.60612707e-10,9.53041603e-09,2.60600014e-08,4.69080026e-07,7.17619488e-05,1.43523898e-03
5.75672067e+02,1.00000000e-02,1.21996782e-04,3.22991245e+00,7.11059651e-01,7.11059651e-01,6.96413829e-02,2.78565532e-01,7.07890081e-05,8.49468098e-04,6.07808297e-06,7.90150786e-05,8.93195113e-06,1.16115365e-04,1.22964689e-04,1.72150565e-03,3.65793374e-04,5.48690061e-03,1.42394586e-06,1.99352421e-05,3.59710278e-05,5.39565417e-04,1.84943583e-07,2.95909733e-06,4.87138096e-08,8.28134762e-07,1.19074462e-09,2.14334031e-08,3.95574860e-10,6.72477261e-09,2.59712145e-08,4.67481861e-07,7.17619488e-05,1.43523898e-03
6.10057163e+02,1.00000000e-02,8.75660272e-05,3.22991245e+00,7.11059651e-01,7.11059651e-01,6.96413829e-02,2.78565532e-01,7.07890081e-05,8.49468098e-04,6.42707582e-06,8.35519857e-05,8.58295828e-06,1.11578458e-04,1.23372670e-04,1.72721737e-03,3.72176873e-04,5.58265309e-03,1.01596576e-06,1.42235207e-05,2.95875290e-05,4.43812935e-04,1.84943583e-07,2.95909733e-06,4.88360155e-08,8.30212263e-07,1.28450473e-09,2.31210851e-08,2.73368964e-10,4.64727239e-09,2.58774544e-08,4.65794179e-07,7.17619488e-05,1.43523898e-03
6.46496093e+02,1.00000000e-02,6.34631643e-05,3.22991245e+00,7.11059651e-01,7.11059651e-01,6.96413829e-02,2.78565532e-01,7.07890081e-05,8.49468098e-04,6.78204378e-06,8.81665692e-05,8.22799032e-06,1.06963874e-04,1.23678228e-04,1.73149519e-03,3.77709877e-04,5.66564816e-03,7.10407164e-07,9.94570030e-06,2.40545244e-05,3.60817865e-04,1.84943583e-07,2.95909733e-06,4.89245920e-08,8.31718063e-07,1.38349577e-09,2.49029238e-08,1.84792454e-10,3.14147171e-09,2.57784633e-08,4.64012340e-07,7.17619488e-05,1.43523898e-03
6.85111534e+02,1.00000000e-02,4.65073184e-05,3.22991245e+00,7.11059651e-01,7.11059651e-01,6.96413829e-02,2.78565532e-01,7.07890081e-05,8.49468098e-04,7.14220542e-06,9.28486704e-05,7.86782869e-06,1.02281773e-04,1.23902390e-04,1.73463346e-03,3.82448527e-04,5.73672791e-03,4.86245039e-07,6.80743055e-06,1.93158747e-05,2.89738121e-04,1.84943583e-07,2.95909733e-06,4.89873559e-08,8.32785051e-07,1.48798633e-09,2.67837539e-08,1.22028484e-10,2.07448423e-09,2.56739728e-08,4.62131510e-07,7.17619488e-05,1.43523898e-03
7.26033488e+02,1.00000000e-02,3.43691608e-05,3.22991245e+00,7.11059651e-01,7.11059651e-01,6.96413829e-02,2.78565532e-01,7.07890081e-05,8.49468098e-04,7.50668891e-06,9.75869558e-05,7.50334520e-06,9.75434875e-05,1.24063272e-04,1.73688581e-03,3.86455616e-04,5.79683425e-03,3.25363103e-07,4.55508344e-06,1.53087854e-05,2.29631781e-04,1.84943583e-07,2.95909733e-06,4.90307752e-08,8.33523179e-07,1.59825594e-09,2.87686069e-08,7.86092063e-11,1.33635651e-09,2.55637032e-08,4.60146657e-07,7.17619488e-05,1.43523898e-03
7.69399725e+02,1.00000000e-02,2.56000791e-05,3.22991245e+00,7.11059651e-01,7.11059651e-01,6.96413829e-02,2.78565532e-01,7.07890081e-05,8.49468098e-04,7.87453238e-06,1.02368921e-04,7.13550172e-06,9.27615224e-05,1.24176086e-04,1.73846521e-03,3.89798763e-04,5.84698144e-03,2.12549089e-07,2.97568725e-06,1.19656390e-05,1.79484586e-04,1.84943583e-07,2.95909733e-06,4.90600582e-08,8.34020989e-07,1.71459515e-09,3.08627127e-08,4.93262193e-11,8.38545729e-10,2.54473640e-08,4.58052551e-07,7.17619488e-05,1.43523898e-03
8.15356242e+02,1.00000000e-02,1.92189573e-05,3.22991245e+00,7.11059651e-01,7.11059651e-01,6.96413829e-02,2.78565532e-01,7.07890081e-05,8.49468098e-04,8.24468572e-06,1.07180914e-04,6.76534838e-06,8.79495290e-05,1.24253271e-04,1.73954579e-03,3.92548462e-04,5.88822693e-03,1.35364722e-07,1.89510611e-06,9.21593957e-06,1.38239094e-04,1.84943583e-07,2.95909733e-06,4.90792826e-08,8.34347804e-07,1.83730556e-09,3.30715001e-08,3.01018416e-11,5.11731307e-10,2.53246535e-08,4.55843764e-07,7.17619488e-05,1.43523898e-03
8.64057759e+02,1.00000000e-02,1.45492492e-05,3.22991245e+00,7.11059651e-01,7.11059651e-01,6.96413829e-02,2.78565532e-01,7.07890081e-05,8.49468098e-04,8.61601407e-06,1.12008183e-04,6.39402004e-06,8.31222605e-05,1.24304719e-04,1.74026606e-03,3.94776124e-04,5.92164186e-03,8.39165095e-08,1.17483113e-06,6.98827762e-06,1.04824164e-04,1.84943583e-07,2.95909733e-06,4.90915484e-08,8.34556323e-07,1.96669977e-09,3.54005959e-08,1.78359861e-11,3.03211764e-10,2.51952593e-08,4.53514668e-07,7.17619488e-05,1.43523898e-03
9.15668234e+02,1.00000000e-02,1.10920693e-05,3.22991245e+00,7.11059651e-01,7.11059651e-01,6.96413829e-02,2.78565532e-01,7.07890081e-05,8.49468098e-04,8.98730318e-06,1.16834941e-04,6.02273092e-06,7.82955020e-05,1.24338078e-04,1.74073309e-03,3.96552180e-04,5.94828270e-03,5.05575209e-08,7.07805293e-07,5.21222200e-06,7.81833300e-05,1.84943583e-07,2.95909733e-06,4.90991415e-08,8.34685405e-07,2.10310128e-09,3.78558230e-08,1.02429400e-11,1.74129980e-10,2.50588578e-08,4.51059441e-07,7.17619488e-05,1.43523898e-03
9.70361422e+02,1.00000000e-02,8.49950002e-06,3.22991245e+00,7.11059651e-01,7.11059651e-01,6.96413829e-02,2.78565532e-01,7.07890081e-05,8.49468098e-04,9.35726688e-06,1.21644469e-04,5.65276722e-06,7.34859739e-05,1.24359084e-04,1.74102717e-03,3.97944351e-04,5.96916526e-03,2.95515237e-08,4.13721332e-07,3.82005115e-06,5.73007672e-05,1.84943583e-07,2.95909733e-06,4.91036937e-08,8.34762793e-07,2.24684426e-09,4.04431966e-08,5.69068946e-12,9.67417209e-11,2.49151148e-08,4.48472067e-07,7.17619488e-05,1.43523898e-03
1.02832145e+03,1.00000000e-02,6.55581400e-06,3.22991245e+00,7.11059651e-01,7.11059651e-01,6.96413829e-02,2.78565532e-01,7.07890081e-05,8.49468098e-04,9.72455664e-06,1.26419236e-04,5.28547747e-06,6.87112071e-05,1.24371907e-04,1.74120670e-03,3.99016162e-04,5.98524243e-03,1.67280165e-08,2.34192232e-07,2.74823970e-06,4.12235954e-05,1.84943583e-07,2.95909733e-06,4.91063319e-08,8.34807642e-07,2.39827327e-09,4.31689188e-08,3.05251844e-12,5.18928135e-11,2.47636858e-08,4.45746345e-07,7.17619488e-05,1.43523898e-03
1.08974346e+03,1.00000000e-02,5.08757991e-06,3.22991245e+00,7.11059651e-01,7.11059651e-01,6.96413829e-02,2.78565532e-01,7.07890081e-05,8.49468098e-04,1.00877735e-05,1.31141055e-04,4.92226062e-06,6.39893880e-05,1.24379483e-04,1.74131276e-03,3.99825759e-04,5.99738639e-03,9.15266404e-09,1.28137297e-07,1.93864249e-06,2.90796374e-05,1.84943583e-07,2.95909733e-06,4.91078068e-08,8.34832716e-07,2.55774285e-09,4.60393714e-08,1.57759031e-12,2.68190353e-11,2.46042162e-08,4.42875892e-07,7.17619488e-05,1.43523898e-03
1.15483422e+03,1.00000000e-02,3.96466890e-06,3.22991245e+00,7.11059651e-01,7.11059651e-01,6.96413829e-02,2.78565532e-01,7.07890081e-05,8.49468098e-04,1.04454823e-05,1.35791270e-04,4.56455183e-06,5.93391738e-05,1.24383805e-04,1.74137326e-03,4.00425070e-04,6.00637604e-03,4.83067100e-09,6.76293940e-08,1.33933219e-06,2.00899829e-05,1.84943583e-07,2.95909733e-06,4.91086006e-08,8.34846210e-07,2.72561699e-09,4.90611058e-08,7.83804424e-13,1.33246752e-11,2.44363421e-08,4.39854158e-07,7.17619488e-05,1.43523898e-03
1.22381287e+03,1.00000000e-02,3.10748256e-06,3.22991245e+00,7.11059651e-01,7.11059651e-01,6.96413829e-02,2.78565532e-01,7.07890081e-05,8.49468098e-04,1.07962282e-05,1.40350966e-04,4.21380593e-06,5.47794770e-05,1.24386181e-04,1.74140654e-03,4.00859325e-04,6.01288987e-03,2.45408595e-09,3.43572033e-08,9.05077206e-07,1.35761581e-05,1.84943583e-07,2.95909733e-06,4.91090109e-08,8.34853186e-07,2.90226841e-09,5.22408313e-08,3.73487280e-13,6.34928376e-12,2.42596907e-08,4.36674433e-07,7.17619488e-05,1.43523898e-03
1.29691165e+03,1.00000000e-02,2.44597087e-06,3.22991245e+00,7.11059651e-01,7.11059651e-01,6.96413829e-02,2.78565532e-01,7.07890081e-05,8.49468098e-04,1.11385555e-05,1.44801222e-04,3.87147859e-06,5.03292217e-05,1.24387438e-04,1.74142413e-03,4.01166931e-04,6.01750397e-03,1.19730383e-09,1.67622536e-08,5.97470792e-07,8.96206189e-06,1.84943583e-07,2.95909733e-06,4.91092142e-08,8.34856641e-07,3.08807776e-09,5.55853997e-08,1.70260888e-13,2.89443510e-12,2.40738813e-08,4.33329864e-07,7.17619488e-05,1.43523898e-03
1.37437664e+03,1.00000000e-02,1.93090557e-06,3.22991245e+00,7.11059651e-01,7.11059651e-01,6.96413829e-02,2.78565532e-01,7.07890081e-05,8.49468098e-04,1.14710284e-05,1.49123370e-04,3.53900566e-06,4.60070736e-05,1.24388076e-04,1.74143306e-03,4.01379656e-04,6.02069484e-03,5.59631151e-10,7.83483611e-09,3.84746102e-07,5.77119154e-06,1.84943583e-07,2.95909733e-06,4.91093104e-08,8.34858276e-07,3.28343262e-09,5.91017872e-08,7.40587350e-14,1.25899850e-12,2.38785265e-08,4.29813477e-07,7.17619488e-05,1.43523898e-03
1.45646864e+03,1.00000000e-02,1.53386426e-06,3.22991245e+00,7.11059651e-01,7.11059651e-01,6.96413829e-02,2.78565532e-01,7.07890081e-05,8.49468098e-04,1.17922535e-05,1.53299295e-04,3.21778062e-06,4.18311480e-05,1.24388385e-04,1.74143739e-03,4.01523070e-04,6.02284605e-03,2.49959862e-10,3.49943807e-09,2.41331921e-07,3.61997882e-06,1.84943583e-07,2.95909733e-06,4.91093538e-08,8.34859014e-07,3.48872625e-09,6.27970725e-08,3.06508705e-14,5.21064798e-13,2.36732329e-08,4.26118191e-07,7.17619488e-05,1.43523898e-03
1.54346403e+03,1.00000000e-02,1.22178569e-06,3.22991245e+00,7.11059651e-01,7.11059651e-01,6.96413829e-02,2.78565532e-01,7.07890081e-05,8.49468098e-04,1.21009032e-05,1.57311742e-04,2.90913087e-06,3.78187013e-05,1.24388529e-04,1.74143940e-03,4.01617185e-04,6.02425778e-03,1.06397419e-10,1.48956386e-09,1.47216454e-07,2.20824681e-06,1.84943583e-07,2.95909733e-06,4.91093724e-08,8.34859331e-07,3.70435619e-09,6.66784114e-08,1.20344028e-14,2.04584848e-13,2.34576029e-08,4.22236852e-07,7.17619488e-05,1.43523898e-03
1.63565568e+03,1.00000000e-02,9.75229935e-07,3.22991245e+00,7.11059651e-01,7.11059651e-01,6.96413829e-02,2.78565532e-01,7.07890081e-05,8.49468098e-04,1.23957408e-05,1.61144631e-04,2.61429326e-06,3.39858124e-05,1.24388592e-04,1.74144029e-03,4.01677210e-04,6.02515815e-03,4.30363580e-11,6.02509012e-10,8.71919321e-08,1.30787898e-06,1.84943583e-07,2.95909733e-06,4.91093799e-08,8.34859459e-07,3.93072260e-09,7.07530069e-08,4.46842599e-15,7.59632419e-14,2.32312365e-08,4.18162257e-07,7.17619488e-05,1.43523898e-03
1.73335398e+03,1.00000000e-02,7.81845598e-07,3.22991245e+00,7.11059651e-01,7.11059651e-01,6.96413829e-02,2.78565532e-01,7.07890081e-05,8.49468098e-04,1.26756446e-05,1.64783380e-04,2.33438953e-06,3.03470638e-05,1.24388619e-04,1.74144066e-03,4.01714351e-04,6.02571527e-03,1.64915031e-11,2.30881043e-10,5.00505432e-08,7.50758148e-07,1.84943583e-07,2.95909733e-06,4.91093829e-08,8.34859509e-07,4.16822637e-09,7.50280747e-08,1.56381177e-15,2.65848001e-14,2.29937327e-08,4.13887189e-07,7.17619488e-05,1.43523898e-03
1.83688782e+03,1.00000000e-02,6.29031370e-07,3.22991245e+00,7.11059651e-01,7.11059651e-01,6.96413829e-02,2.78565532e-01,7.07890081e-05,8.49468098e-04,1.29396318e-05,1.68215213e-04,2.07040235e-06,2.69152305e-05,1.24388629e-04,1.74144081e-03,4.01736608e-04,6.02604913e-03,5.96764118e-12,8.35469765e-11,2.77934351e-08,4.16901526e-07,1.84943583e-07,2.95909733e-06,4.91093839e-08,8.34859526e-07,4.41726687e-09,7.95108037e-08,5.14018829e-16,8.73832010e-15,2.27446922e-08,4.09404460e-07,7.17619488e-05,1.43523898e-03
1.94660578e+03,1.00000000e-02,5.07175106e-07,3.22991245e+00,7.11059651e-01,7.11059651e-01,6.96413829e-02,2.78565532e-01,7.07890081e-05,8.49468098e-04,1.31868811e-05,1.71429454e-04,1.82315299e-06,2.37009889e-05,1.24388633e-04,1.74144087e-03,4.01749501e-04,6.02624251e-03,2.03224818e-12,2.84514746e-11,1.49010389e-08,2.23515583e-07,1.84943583e-07,2.95909733e-06,4.91093843e-08,8.34859532e-07,4.67823950e-09,8.42083111e-08,1.58092600e-16,2.68757419e-15,2.24837196e-08,4.04706953e-07,7.17619488e-05,1.43523898e-03
2.06287723e+03,1.00000000e-02,4.09939112e-07,3.22991245e+00,7.11059651e-01,7.11059651e-01,6.96413829e-02,2.78565532e-01,7.07890081e-05,8.49468098e-04,1.34167527e-05,1.74417786e-04,1.59328136e-06,2.07126576e-05,1.24388635e-04,1.74144088e-03,4.01756705e-04,6.02635057e-03,6.48944407e-13,9.08522170e-12,7.69697981e-09,1.15454697e-07,1.84943583e-07,2.95909733e-06,4.91093844e-08,8.34859534e-07,4.95153284e-09,8.91275912e-08,4.53166965e-17,7.70383841e-16,2.22104263e-08,3.99787673e-07,7.17619488e-05,1.43523898e-03
2.18609362e+03,1.00000000e-02,3.31997082e-07,3.22991245e+00,7.11059651e-01,7.11059651e-01,6.96413829e-02,2.78565532e-01,7.07890081e-05,8.49468098e-04,1.36288048e-05,1.77174463e-04,1.38122928e-06,1.79559807e-05,1.24388635e-04,1.74144089e-03,4.01760580e-04,6.02640870e-03,1.93564494e-13,2.70990291e-12,3.82197393e-09,5.73296090e-08,1.84943583e-07,2.95909733e-06,4.91093844e-08,8.34859535e-07,5.23752549e-09,9.42754588e-08,1.20556873e-17,2.04946684e-16,2.19244336e-08,3.94639805e-07,7.17619488e-05,1.43523898e-03
2.31666976e+03,1.00000000e-02,2.69524811e-07,3.22991245e+00,7.11059651e-01,7.11059651e-01,6.96413829e-02,2.78565532e-01,7.07890081e-05,8.49468098e-04,1.38228059e-05,1.79696477e-04,1.18722820e-06,1.54339666e-05,1.24388635e-04,1.74144089e-03,4.01762582e-04,6.02643873e-03,5.37109251e-14,7.51952951e-13,1.82009942e-09,2.73014913e-08,1.84943583e-07,2.95909733e-06,4.91093844e-08,8.34859535e-07,5.53658251e-09,9.96584852e-08,2.96330779e-18,5.03762324e-17,2.16253766e-08,3.89256779e-07,7.17619488e-05,1.43523898e-03
2.45504527e+03,1.00000000e-02,2.19165093e-07,3.22991245e+00,7.11059651e-01,7.11059651e-01,6.96413829e-02,2.78565532e-01,7.07890081e-05,8.49468098e-04,1.39987424e-05,1.81983651e-04,1.01129174e-06,1.31467926e-05,1.24388635e-04,1.74144089e-03,4.01763573e-04,6.02645359e-03,1.38052369e-14,1.93273317e-13,8.29197175e-10,1.24379576e-08,1.84943583e-07,2.95909733e-06,4.91093844e-08,8.34859535e-07,5.84905152e-09,1.05282927e-07,6.69824299e-19,1.13870131e-17,2.13129076e-08,3.83632336e-07,7.17619488e-05,1.43523898e-03
2.60168599e+03,1.00000000e-02,1.78680428e-07,3.22991245e+00,7.11059651e-01,7.11059651e-01,6.96413829e-02,2.78565532e-01,7.07890081e-05,8.49468098e-04,1.41568200e-05,1.84038660e-04,8.53214120e-07,1.10917836e-05,1.24388635e-04,1.74144089e-03,4.01764041e-04,6.02646062e-03,3.27177132e-15,4.58047985e-14,3.60434479e-10,5.40651719e-09,1.84943583e-07,2.95909733e-06,4.91093844e-08,8.34859535e-07,6.17525835e-09,1.11154650e-07,1.38538363e-19,2.35515217e-18,2.09867007e-08,3.77760613e-07,7.17619488e-05,1.43523898e-03
2.75708561e+03,1.00000000e-02,1.45902906e-07,3.22991245e+00,7.11059651e-01,7.11059651e-01,6.96413829e-02,2.78565532e-01,7.07890081e-05,8.49468098e-04,1.42974594e-05,1.85866972e-04,7.12574715e-07,9.26347129e-06,1.24388635e-04,1.74144089e-03,4.01764253e-04,6.02646379e-03,7.11500198e-16,9.96100277e-15,1.49067350e-10,2.23601025e-09,1.84943583e-07,2.95909733e-06,4.91093844e-08,8.34859535e-07,6.51550227e-09,1.17279041e-07,2.60795672e-20,4.43352643e-19,2.06464568e-08,3.71636223e-07,7.17619488e-05,1.43523898e-03
2.92176731e+03,1.00000000e-02,1.19352975e-07,3.22991245e+00,7.11059651e-01,7.11059651e-01,6.96413829e-02,2.78565532e-01,7.07890081e-05,8.49468098e-04,1.44212851e-05,1.87476706e-04,5.88749048e-07,7.65373763e-06,1.24388635e-04,1.74144089e-03,4.01764343e-04,6.02646515e-03,1.41250337e-16,1.97750472e-15,5.84837952e-11,8.77256927e-10,1.84943583e-07,2.95909733e-06,4.91093844e-08,8.34859535e-07,6.87005081e-09,1.23660915e-07,4.44334792e-21,7.55369147e-20,2.02919083e-08,3.65254349e-07,7.17619488e-05,1.43523898e-03
3.09628551e+03,1.00000000e-02,9.77955169e-08,3.22991245e+00,7.11059651e-01,7.11059651e-01,6.96413829e-02,2.78565532e-01,7.07890081e-05,8.49468098e-04,1.45291080e-05,1.88878404e-04,4.80926126e-07,6.25203964e-06,1.24388635e-04,1.74144089e-03,4.01764380e-04,6.02646570e-03,2.54602021e-17,3.56442829e-16,2.16978770e-11,3.25468155e-10,1.84943583e-07,2.95909733e-06,4.91093844e-08,8.34859535e-07,7.23913414e-09,1.30304415e-07,6.81101290e-22,1.15787219e-20,1.99228250e-08,3.58610849e-07,7.17619488e-05,1.43523898e-03
3.28122773e+03,1.00000000e-02,8.02627429e-08,3.22991245e+00,7.11059651e-01,7.11059651e-01,6.96413829e-02,2.78565532e-01,7.07890081e-05,8.49468098e-04,1.46219024e-05,1.90084731e-04,3.88131687e-07,5.04571194e-06,1.24388635e-04,1.74144089e-03,4.01764394e-04,6.02646591e-03,4.14273664e-18,5.79983130e-17,7.58713753e-12,1.13807063e-10,1.84943583e-07,2.95909733e-06,4.91093844e-08,8.34859535e-07,7.62293903e-09,1.37212902e-07,9.33389699e-23,1.58676249e-21,1.95390201e-08,3.51702361e-07,7.17619488e-05,1.43523898e-03
3.47721663e+03,1.00000000e-02,6.59709609e-08,3.22991245e+00,7.11059651e-01,7.11059651e-01,6.96413829e-02,2.78565532e-01,7.07890081e-05,8.49468098e-04,1.47007775e-05,1.91110108e-04,3.09256601e-07,4.02033582e-06,1.24388635e-04,1.74144089e-03,4.01764399e-04,6.02646599e-03,6.04799291e-19,8.46719007e-18,2.49161803e-12,3.73742704e-11,1.84943583e-07,2.95909733e-06,4.91093844e-08,8.34859535e-07,8.02160234e-09,1.44388842e-07,1.13594788e-23,1.93111140e-22,1.91403568e-08,3.44526422e-07,7.17619488e-05,1.43523898e-03
3.68491201e+03,1.00000000e-02,5.43035972e-08,3.22991245e+00,7.11059651e-01,7.11059651e-01,6.96413829e-02,2.78565532e-01,7.07890081e-05,8.49468098e-04,1.47669448e-05,1.91970282e-04,2.43089306e-07,3.16016097e-06,1.24388635e-04,1.74144089e-03,4.01764401e-04,6.02646602e-03,7.87081806e-20,1.10191453e-18,7.65595816e-13,1.14839372e-11,1.84943583e-07,2.95909733e-06,4.91093844e-08,8.34859535e-07,8.43520418e-09,1.51833675e-07,1.21904017e-24,2.07236828e-23,1.87267549e-08,3.37081589e-07,7.17619488e-05,1.43523898e-03
3.90501310e+03,1.00000000e-02,4.47482845e-08,3.22991245e+00,7.11059651e-01,7.11059651e-01,6.96413829e-02,2.78565532e-01,7.07890081e-05,8.49468098e-04,1.48216832e-05,1.92681881e-04,1.88350914e-07,2.44856188e-06,1.24388635e-04,1.74144089e-03,4.01764402e-04,6.02646602e-03,9.06844870e-21,1.26958282e-19,2.19233526e-13,3.28850289e-12,1.84943583e-07,2.95909733e-06,4.91093844e-08,8.34859535e-07,8.86376065e-09,1.59547692e-07,1.14493420e-25,1.94638814e-24,1.82981985e-08,3.29367572e-07,7.17619488e-05,1.43523898e-03
4.13826092e+03,1.00000000e-02,3.69213177e-08,3.22991245e+00,7.11059651e-01,7.11059651e-01,6.96413829e-02,2.78565532e-01,7.07890081e-05,8.49468098e-04,1.48663027e-05,1.93261935e-04,1.43731381e-07,1.86850796e-06,1.24388635e-04,1.74144089e-03,4.01764402e-04,6.02646603e-03,9.18312066e-22,1.28563689e-20,5.82606506e-14,8.73909758e-13,1.84943583e-07,2.95909733e-06,4.91093844e-08,8.34859535e-07,9.30721627e-09,1.67529893e-07,9.33654525e-27,1.58721269e-25,1.78547428e-08,3.21385371e-07,7.17619488e-05,1.43523898e-03
4.38544070e+03,1.00000000e-02,3.04959631e-08,3.22991245e+00,7.11059651e-01,7.11059651e-01,6.96413829e-02,2.78565532e-01,7.07890081e-05,8.49468098e-04,1.49021091e-05,1.93727418e-04,1.07925026e-07,1.40302533e-06,1.24388635e-04,1.74144089e-03,4.01764402e-04,6.02646603e-03,8.11041082e-23,1.13545751e-21,1.43043107e-14,2.14564661e-13,1.84943583e-07,2.95909733e-06,4.91093844e-08,8.34859535e-07,9.76543615e-09,1.75777851e-07,6.55494852e-28,1.11434125e-26,1.73965230e-08,3.13137413e-07,7.17619488e-05,1.43523898e-03
4.64738463e+03,1.00000000e-02,2.52113572e-08,3.22991245e+00,7.11059651e-01,7.11059651e-01,6.96413829e-02,2.78565532e-01,7.07890081e-05,8.49468098e-04,1.49303704e-05,1.94094815e-04,7.96637061e-08,1.03562818e-06,1.24388635e-04,1.74144089e-03,4.01764402e-04,6.02646603e-03,6.19644832e-24,8.67502765e-23,3.22944960e-15,4.84417440e-14,1.84943583e-07,2.95909733e-06,4.91093844e-08,8.34859535e-07,1.02381980e-08,1.84287565e-07,3.92686989e-29,6.67567881e-28,1.69237611e-08,3.04627699e-07,7.17619488e-05,1.43523898e-03
4.92497455e+03,1.00000000e-02,2.08619663e-08,3.22991245e+00,7.11059651e-01,7.11059651e-01,6.96413829e-02,2.78565532e-01,7.07890081e-05,8.49468098e-04,1.49522880e-05,1.94379744e-04,5.77461068e-08,7.50699388e-07,1.24388635e-04,1.74144089e-03,4.01764402e-04,6.02646603e-03,4.06003964e-25,5.68405550e-24,6.67089488e-16,1.00063423e-14,1.84943583e-07,2.95909733e-06,4.91093844e-08,8.34859535e-07,1.07251842e-08,1.93053315e-07,1.98839418e-30,3.38027010e-29,1.64367749e-08,2.95861949e-07,7.17619488e-05,1.43523898e-03
5.21914503e+03,1.00000000e-02,1.72743651e-08,3.22991245e+00,7.11059651e-01,7.11059651e-01,6.96413829e-02,2.78565532e-01,7.07890081e-05,8.49468098e-04,1.49689723e-05,1.94596640e-04,4.10618323e-08,5.33803819e-07,1.24388635e-04,1.74144089e-03,4.01764402e-04,6.02646603e-03,2.26057628e-26,3.16480680e-25,1.25408686e-16,1.88113029e-15,1.84943583e-07,2.95909733e-06,4.91093844e-08,8.34859535e-07,1.12259733e-08,2.02067519e-07,8.42508862e-32,1.43226507e-30,1.59359858e-08,2.86847745e-07,7.17619488e-05,1.43523898e-03
5.53088640e+03,1.00000000e-02,1.43135890e-08,3.22991245e+00,7.11059651e-01,7.11059651e-01,6.96413829e-02,2.78565532e-01,7.07890081e-05,8.49468098e-04,1.49814247e-05,1.94758521e-04,2.86094037e-08,3.71922249e-07,1.24388635e-04,1.74144089e-03,4.01764402e-04,6.02646603e-03,1.05922614e-27,1.48291659e-26,2.13361251e-17,3.20041877e-16,1.84943583e-07,2.95909733e-06,4.91093844e-08,8.34859535e-07,1.17400328e-08,2.11320591e-07,2.95570244e-33,5.02469416e-32,1.54219263e-08,2.77594673e-07,7.17619488e-05,1.43523898e-03
5.86124820e+03,1.00000000e-02,1.18655525e-08,3.22991245e+00,7.11059651e-01,7.11059651e-01,6.96413829e-02,2.78565532e-01,7.07890081e-05,8.49468098e-04,1.49905264e-05,1.94876843e-04,1.95076894e-08,2.53599962e-07,1.24388635e-04,1.74144089e-03,4.01764402e-04,6.02646603e-03,4.13385678e-29,5.78739949e-28,3.26555954e-18,4.89833932e-17,1.84943583e-07,2.95909733e-06,4.91093844e-08,8.34859535e-07,1.22667113e-08,2.20800803e-07,8.49886617e-35,1.44480725e-33,1.48952478e-08,2.68114461e-07,7.17619488e-05,1.43523898e-03
6.21134263e+03,1.00000000e-02,9.84234486e-09,3.22991245e+00,7.11059651e-01,7.11059651e-01,6.96413829e-02,2.78565532e-01,7.07890081e-05,8.49468098e-04,1.49970333e-05,1.94961433e-04,1.30007829e-08,1.69010178e-07,1.24388635e-04,1.74144089e-03,4.01764402e-04,6.02646603e-03,1.32911978e-30,1.86076770e-29,4.46794918e-19,6.70192378e-18,1.84943583e-07,2.95909733e-06,4.91093844e-08,8.34859535e-07,1.28052315e-08,2.30494168e-07,2.06350958e-36,3.50796629e-35,1.43567276e-08,2.58421096e-07,7.17619488e-05,1.43523898e-03
6.58234832e+03,1.00000000e-02,8.18098329e-09,3.22991245e+00,7.11059651e-01,7.11059651e-01,6.96413829e-02,2.78565532e-01,7.07890081e-05,8.49468098e-04,1.50015773e-05,1.95020505e-04,8.45680336e-09,1.09938444e-07,1.24388635e-04,1.74144089e-03,4.01764402e-04,6.02646603e-03,3.47899862e-32,4.87059807e-31,5.42784881e-20,8.14177322e-19,1.84943583e-07,2.95909733e-06,4.91093844e-08,8.34859535e-07,1.33546846e-08,2.40384322e-07,1.12696773e-37,1.91584514e-36,1.38072745e-08,2.48530942e-07,7.17619488e-05,1.43523898e-03
6.97551432e+03,1.00000000e-02,6.80402103e-09,3.22991245e+00,7.11059651e-01,7.11059651e-01,6.96413829e-02,2.78565532e-01,7.07890081e-05,8.49468098e-04,1.50046726e-05,1.95060744e-04,5.36151864e-09,6.96997423e-08,1.24388635e-04,1.74144089e-03,4.01764402e-04,6.02646603e-03,7.33266101e-34,1.02657254e-32,5.81394690e-21,8.72092034e-20,1.84943583e-07,2.95909733e-06,4.91093844e-08,8.34859535e-07,1.39140243e-08,2.50452438e-07,6.36414268e-38,1.08190426e-36,1.32479348e-08,2.38462826e-07,7.17619488e-05,1.43523898e-03
7.39216425e+03,1.00000000e-02,5.66136902e-09,3.22991245e+00,7.11059651e-01,7.11059651e-01,6.96413829e-02,2.78565532e-01,7.07890081e-05,8.49468098e-04,1.50067262e-05,1.95087441e-04,3.30785691e-09,4.30021398e-08,1.24388635e-04,1.74144089e-03,4.01764402e-04,6.02646603e-03,1.29596229e-35,1.81434721e-34,5.44859435e-22,8.17289152e-21,1.84943583e-07,2.95909733e-06,4.91093844e-08,8.34859535e-07,1.44820641e-08,2.60677153e-07,5.23520870e-38,8.89985478e-37,1.26798950e-08,2.28238111e-07,7.17619488e-05,1.43523898e-03
7.83370084e+03,1.00000000e-02,4.71133557e-09,3.22991245e+00,7.11059651e-01,7.11059651e-01,6.96413829e-02,2.78565532e-01,7.07890081e-05,8.49468098e-04,1.50080513e-05,1.95104667e-04,1.98279924e-09,2.57763902e-08,1.24388635e-04,1.74144089e-03,4.01764402e-04,6.02646603e-03,5.24869032e-37,7.34816645e-36,4.43362318e-23,6.65043476e-22,1.84943583e-07,2.95909733e-06,4.91093844e-08,8.34859535e-07,1.50574741e-08,2.71034534e-07,4.34467663e-38,7.38595027e-37,1.21044850e-08,2.17880730e-07,7.17619488e-05,1.43523898e-03
8.30161056e+03,1.00000000e-02,3.92211867e-09,3.22991245e+00,7.11059651e-01,7.11059651e-01,6.96413829e-02,2.78565532e-01,7.07890081e-05,8.49468098e-04,1.50088814e-05,1.95115458e-04,1.15274802e-09,1.49857243e-08,1.24388635e-04,1.74144089e-03,4.01764402e-04,6.02646603e-03,1.77763699e-37,2.48869179e-36,3.10542445e-24,4.65813668e-23,1.84943583e-07,2.95909733e-06,4.91093844e-08,8.34859535e-07,1.56387816e-08,2.81498068e-07,3.60859757e-38,6.13461588e-37,1.15231775e-08,2.07417196e-07,7.17619488e-05,1.43523898e-03
8.79746869e+03,1.00000000e-02,3.26546441e-09,3.22991245e+00,7.11059651e-01,7.11059651e-01,6.96413829e-02,2.78565532e-01,7.07890081e-05,8.49468098e-04,1.50093853e-05,1.95122009e-04,6.48814835e-10,8.43459285e-09,1.24388635e-04,1.74144089e-03,4.01764402e-04,6.02646603e-03,8.23843679e-38,1.15338115e-36,1.85597006e-25,2.78395509e-24,1.84943583e-07,2.95909733e-06,4.91093844e-08,8.34859535e-07,1.62243724e-08,2.92038703e-07,2.99970278e-38,5.09949472e-37,1.09375867e-08,1.96876561e-07,7.17619488e-05,1.43523898e-03
9.32294461e+03,1.00000000e-02,2.72130715e-09,3.22991245e+00,7.11059651e-01,7.11059651e-01,6.96413829e-02,2.78565532e-01,7.07890081e-05,8.49468098e-04,1.50096812e-05,1.95125856e-04,3.52856322e-10,4.58713219e-09,1.24388635e-04,1.74144089e-03,4.01764402e-04,6.02646603e-03,3.72518120e-38,5.21525368e-37,9.37216784e-27,1.40582518e-25,1.84943583e-07,2.95909733e-06,4.91093844e-08,8.34859535e-07,1.68124958e-08,3.02624925e-07,2.49585785e-38,4.24295834e-37,1.03494633e-08,1.86290339e-07,7.17619488e-05,1.43523898e-03
9.87980738e+03,1.00000000e-02,2.27108540e-09,3.22991245e+00,7.11059651e-01,7.11059651e-01,6.96413829e-02,2.78565532e-01,7.07890081e-05,8.49468098e-04,1.50098491e-05,1.95128038e-04,1.85043858e-10,2.40557016e-09,1.24388635e-04,1.74144089e-03,4.01764402e-04,6.02646603e-03,1.62540150e-38,2.27556210e-37,3.96083166e-28,5.94124750e-27,1.84943583e-07,2.95909733e-06,4.91093844e-08,8.34859535e-07,1.74012718e-08,3.13222893e-07,2.07775486e-38,3.53218327e-37,9.76068726e-09,1.75692371e-07,7.17619488e-05,1.43523898e-03
1.04699318e+04,1.00000000e-02,1.89558641e-09,3.22991245e+00,7.11059651e-01,7.11059651e-01,6.96413829e-02,2.78565532e-01,7.07890081e-05,8.49468098e-04,1.50099407e-05,1.95129230e-04,9.33700789e-11,1.21381103e-09,1.24388635e-04,1.74144089e-03,4.01764402e-04,6.02646603e-03,6.82600880e-39,9.55641232e-38,1.38564693e-29,2.07847039e-28,1.84943583e-07,2.95909733e-06,4.91093844e-08,8.34859535e-07,1.79887017e-08,3.23796630e-07,1.73013636e-38,2.94123182e-37,9.17325744e-09,1.65118634e-07,7.17619488e-05,1.43523898e-03
1.10953045e+04,1.00000000e-02,1.58201360e-09,3.22991245e+00,7.11059651e-01,7.11059651e-01,6.96413829e-02,2.78565532e-01,7.07890081e-05,8.49468098e-04,1.50099889e-05,1.95129855e-04,4.52269275e-11,5.87950057e-10,1.24388635e-04,1.74144089e-03,4.01764402e-04,6.02646603e-03,2.75365668e-39,3.85511935e-38,3.99729602e-31,5.99594403e-30,1.84943583e-07,2.95909733e-06,4.91093844e-08,8.34859535e-07,1.85726818e-08,3.34308272e-07,1.44145342e-38,2.45047082e-37,8.58927733e-09,1.54606992e-07,7.17619488e-05,1.43523898e-03
1.17580310e+04,1.00000000e-02,1.32057490e-09,3.22991245e+00,7.11059651e-01,7.11059651e-01,6.96413829e-02,2.78565532e-01,7.07890081e-05,8.49468098e-04,1.50100131e-05,1.95130171e-04,2.09789069e-11,2.72725790e-10,1.24388635e-04,1.74144089e-03,4.01764402e-04,6.02646603e-03,1.06430599e-39,1.49002838e-38,1.18249088e-32,1.77373632e-31,1.84943583e-07,2.95909733e-06,4.91093844e-08,8.34859535e-07,1.91510214e-08,3.44718385e-07,1.20152588e-38,2.04259399e-37,8.01093771e-09,1.44196879e-07,7.17619488e-05,1.43523898e-03
1.24603423e+04,1.00000000e-02,1.10185568e-09,3.22991245e+00,7.11059651e-01,7.11059651e-01,6.96413829e-02,2.78565532e-01,7.07890081e-05,8.49468098e-04,1.50100248e-05,1.95130323e-04,9.29482087e-12,1.20832671e-10,1.24388635e-04,1.74144089e-03,4.01764402e-04,6.02646603e-03,3.93138446e-40,5.50393825e-39,2.37083641e-33,3.55625461e-32,1.84943583e-07,2.95909733e-06,4.91093844e-08,8.34859535e-07,1.97214637e-08,3.54986347e-07,1.00209226e-38,1.70355684e-37,7.44049537e-09,1.33928917e-07,7.17619488e-05,1.43523898e-03
1.32046030e+04,1.00000000e-02,9.21538033e-10,3.22991245e+00,7.11059651e-01,7.11059651e-01,6.96413829e-02,2.78565532e-01,7.07890081e-05,8.49468098e-04,1.50100302e-05,1.95130392e-04,3.92267465e-12,5.09947705e-11,1.24388635e-04,1.74144089e-03,4.01764402e-04,6.02646603e-03,1.38441099e-40,1.93817538e-39,1.83703510e-33,2.75555265e-32,1.84943583e-07,2.95909733e-06,4.91093844e-08,8.34859535e-07,2.02817109e-08,3.65070796e-07,8.36505663e-39,1.42205963e-37,6.88024823e-09,1.23844468e-07,7.17619488e-05,1.43523898e-03
1.39933186e+04,1.00000000e-02,7.70647098e-10,3.22991245e+00,7.11059651e-01,7.11059651e-01,6.96413829e-02,2.78565532e-01,7.07890081e-05,8.49468098e-04,1.50100325e-05,1.95130423e-04,1.57233650e-12,2.04403744e-11,1.24388635e-04,1.74144089e-03,4.01764402e-04,6.02646603e-03,4.63068477e-41,6.48295868e-40,1.52943994e-33,2.29415992e-32,1.84943583e-07,2.95909733e-06,4.91093844e-08,8.34859535e-07,2.08294523e-08,3.74930141e-07,6.98308536e-39,1.18712451e-37,6.33250683e-09,1.13985123e-07,7.17619488e-05,1.43523898e-03
1.48291444e+04,1.00000000e-02,6.44356892e-10,3.22991245e+00,7.11059651e-01,7.11059651e-01,6.96413829e-02,2.78565532e-01,7.07890081e-05,8.49468098e-04,1.50100335e-05,1.95130436e-04,5.96751383e-13,7.75776798e-12,1.24388635e-04,1.74144089e-03,4.01764402e-04,6.02646603e-03,1.46684739e-41,2.05358635e-40,1.27542191e-33,1.91313286e-32,1.84943583e-07,2.95909733e-06,4.91093844e-08,8.34859535e-07,2.13623966e-08,3.84523138e-07,5.82998099e-39,9.91096768e-38,5.79956252e-09,1.04392125e-07,7.17619488e-05,1.43523898e-03
1.57148945e+04,1.00000000e-02,5.38681398e-10,3.22991245e+00,7.11059651e-01,7.11059651e-01,6.96413829e-02,2.78565532e-01,7.07890081e-05,8.49468098e-04,1.50100339e-05,1.95130441e-04,2.13751235e-13,2.77876605e-12,1.24388635e-04,1.74144089e-03,4.01764402e-04,6.02646603e-03,4.38675456e-42,6.14145638e-41,1.06415180e-33,1.59622770e-32,1.84943583e-07,2.95909733e-06,4.91093844e-08,8.34859535e-07,2.18783063e-08,3.93809514e-07,4.86860187e-39,8.27662317e-38,5.28365280e-09,9.51057503e-08,7.17619488e-05,1.43523898e-03
1.66535507e+04,1.00000000e-02,4.50163500e-10,3.22991245e+00,7.11059651e-01,7.11059651e-01,6.96413829e-02,2.78565532e-01,7.07890081e-05,8.49468098e-04,1.50100340e-05,1.95130442e-04,7.20097814e-14,9.36127158e-13,1.24388635e-04,1.74144089e-03,4.01764402e-04,6.02646603e-03,1.23476836e-42,1.72867570e-41,8.88482607e-34,1.33272391e-32,1.84943583e-07,2.95909733e-06,4.91093844e-08,8.34859535e-07,2.23750348e-08,4.02750626e-07,4.06873984e-39,6.91685773e-38,4.78692431e-09,8.61646375e-08,7.17619488e-05,1.43523898e-03
1.76482731e+04,1.00000000e-02,3.77181225e-10,3.22991245e+00,7.11059651e-01,7.11059651e-01,6.96413829e-02,2.78565532e-01,7.07890081e-05,8.49468098e-04,1.50100341e-05,1.95130443e-04,2.27326921e-14,2.95524997e-13,1.24388635e-04,1.74144089e-03,4.01764402e-04,6.02646603e-03,3.25982770e-43,4.56375878e-42,7.42348331e-34,1.11352250e-32,1.84943583e-07,2.95909733e-06,4.91093844e-08,8.34859535e-07,2.28505647e-08,4.11310165e-07,3.40377975e-39,5.78642557e-38,4.31139435e-09,7.76050984e-08,7.17619488e-05,1.43523898e-03
1.87024107e+04,1.00000000e-02,3.15912532e-10,3.22991245e+00,7.11059651e-01,7.11059651e-01,6.96413829e-02,2.78565532e-01,7.07890081e-05,8.49468098e-04,1.50100341e-05,1.95130443e-04,6.69886678e-15,8.70852681e-14,1.24388635e-04,1.74144089e-03,4.01764402e-04,6.02646603e-03,8.03261090e-44,1.12456553e-42,6.20301863e-34,9.30452795e-33,1.84943583e-07,2.95909733e-06,4.91093844e-08,8.34859535e-07,2.33030472e-08,4.19454850e-07,2.84706556e-39,4.84001145e-38,3.85891188e-09,6.94604138e-08,7.17619488e-05,1.43523898e-03
1.98195123e+04,1.00000000e-02,2.64462856e-10,3.22991245e+00,7.11059651e-01,7.11059651e-01,6.96413829e-02,2.78565532e-01,7.07890081e-05,8.49468098e-04,1.50100341e-05,1.95130443e-04,1.83508284e-15,2.38560769e-14,1.24388635e-04,1.74144089e-03,4.01764402e-04,6.02646603e-03,1.83965613e-44,2.57551858e-43,5.18307710e-34,7.77461565e-33,1.84943583e-07,2.95909733e-06,4.91093844e-08,8.34859535e-07,2.37308401e-08,4.27155121e-07,2.38074870e-39,4.04727280e-38,3.43111903e-09,6.17601425e-08,7.17619488e-05,1.43523898e-03
2.10033388e+04,1.00000000e-02,2.21347407e-10,3.22991245e+00,7.11059651e-01,7.11059651e-01,6.96413829e-02,2.78565532e-01,7.07890081e-05,8.49468098e-04,1.50100341e-05,1.95130443e-04,4.65286250e-16,6.04872125e-15,1.24388635e-04,1.74144089e-03,4.01764402e-04,6.02646603e-03,3.90049470e-45,5.46069259e-44,4.33223089e-34,6.49834633e-33,1.84943583e-07,2.95909733e-06,4.91093844e-08,8.34859535e-07,2.41325444e-08,4.34385800e-07,1.99108397e-39,3.38484275e-38,3.02941466e-09,5.45294639e-08,7.17619488e-05,1.43523898e-03
2.22578757e+04,1.00000000e-02,1.85325812e-10,3.22991245e+00,7.11059651e-01,7.11059651e-01,6.96413829e-02,2.78565532e-01,7.07890081e-05,8.49468098e-04,1.50100341e-05,1.95130443e-04,1.08689816e-16,1.41296761e-15,1.24388635e-04,1.74144089e-03,4.01764402e-04,6.02646603e-03,7.62716270e-46,1.06780278e-44,3.62444921e-34,5.43667382e-33,1.84943583e-07,2.95909733e-06,4.91093844e-08,8.34859535e-07,2.45070380e-08,4.41126684e-07,1.66701493e-39,2.83392538e-38,2.65492109e-09,4.77885797e-08,7.17619488e-05,1.43523898e-03
2.35873464e+04,1.00000000e-02,1.55382842e-10,3.22991245e+00,7.11059651e-01,7.11059651e-01,6.96413829e-02,2.78565532e-01,7.07890081e-05,8.49468098e-04,1.50100341e-05,1.95130443e-04,2.32775325e-17,3.02607922e-16,1.24388635e-04,1.74144089e-03,4.01764402e-04,6.02646603e-03,1.36789061e-46,1.91504685e-45,3.03331976e-34,4.54997964e-33,1.84943583e-07,2.95909733e-06,4.91093844e-08,8.34859535e-07,2.48535034e-08,4.47363062e-07,1.39630304e-39,2.37371517e-38,2.30845568e-09,4.15522022e-08,7.17619488e-05,1.43523898e-03
2.49962270e+04,1.00000000e-02,1.30077021e-10,3.22991245e+00,7.11059651e-01,7.11059651e-01,6.96413829e-02,2.78565532e-01,7.07890081e-05,8.49468098e-04,1.50100341e-05,1.95130443e-04,4.54684674e-18,5.91090076e-17,1.24388635e-04,1.74144089e-03,4.01764402e-04,6.02646603e-03,2.23485633e-47,3.12879886e-46,2.53602827e-34,3.80404240e-33,1.84943583e-07,2.95909733e-06,4.91093844e-08,8.34859535e-07,2.51714506e-08,4.53086111e-07,1.16808919e-39,1.98575163e-38,1.99050849e-09,3.58291529e-08,7.17619488e-05,1.43523898e-03
2.64892605e+04,1.00000000e-02,1.08990726e-10,3.22991245e+00,7.11059651e-01,7.11059651e-01,6.96413829e-02,2.78565532e-01,7.07890081e-05,8.49468098e-04,1.50100341e-05,1.95130443e-04,8.05606376e-19,1.04728829e-17,1.24388635e-04,1.74144089e-03,4.01764402e-04,6.02646603e-03,3.31439047e-48,4.64014666e-47,2.12170687e-34,3.18256030e-33,1.84943583e-07,2.95909733e-06,4.91093844e-08,8.34859535e-07,2.54607314e-08,4.58293166e-07,9.77897274e-40,1.66242537e-38,1.70122765e-09,3.06220978e-08,7.17619488e-05,1.43523898e-03
2.80714734e+04,1.00000000e-02,9.13565759e-11,3.22991245e+00,7.11059651e-01,7.11059651e-01,6.96413829e-02,2.78565532e-01,7.07890081e-05,8.49468098e-04,1.50100341e-05,1.95130443e-04,1.28719888e-19,1.67335855e-18,1.24388635e-04,1.74144089e-03,4.01764402e-04,6.02646603e-03,4.43482241e-49,6.20875137e-48,1.77601708e-34,2.66402562e-33,1.84943583e-07,2.95909733e-06,4.91093844e-08,8.34859535e-07,2.57215458e-08,4.62987824e-07,8.19058301e-40,1.39239911e-38,1.44041330e-09,2.59274395e-08,7.17619488e-05,1.43523898e-03
2.97481924e+04,1.00000000e-02,7.65706453e-11,3.22991245e+00,7.11059651e-01,7.11059651e-01,6.96413829e-02,2.78565532e-01,7.07890081e-05,8.49468098e-04,1.50100341e-05,1.95130443e-04,1.84316218e-20,2.39611083e-19,1.24388635e-04,1.74144089e-03,4.01764402e-04,6.02646603e-03,5.31934332e-50,7.44708065e-49,1.48710553e-34,2.23065830e-33,1.84943583e-07,2.95909733e-06,4.91093844e-08,8.34859535e-07,2.59544378e-08,4.67179881e-07,6.86181065e-40,1.16650781e-38,1.20752126e-09,2.17353826e-08,7.17619488e-05,1.43523898e-03
3.15250624e+04,1.00000000e-02,6.42047667e-11,3.22991245e+00,7.11059651e-01,7.11059651e-01,6.96413829e-02,2.78565532e-01,7.07890081e-05,8.49468098e-04,1.50100341e-05,1.95130443e-04,2.35082828e-21,3.05607677e-20,1.24388635e-04,1.74144089e-03,4.01764402e-04,6.02646603e-03,5.68449100e-51,7.95828740e-50,1.24546161e-34,1.86819242e-33,1.84943583e-07,2.95909733e-06,4.91093844e-08,8.34859535e-07,2.61602824e-08,4.70885084e-07,5.74993083e-40,9.77488242e-39,1.00167668e-09,1.80301803e-08,7.17619488e-05,1.43523898e-03
3.34080656e+04,1.00000000e-02,5.38331756e-11,3.22991245e+00,7.11059651e-01,7.11059651e-01,6.96413829e-02,2.78565532e-01,7.07890081e-05,8.49468098e-04,1.50100341e-05,1.95130443e-04,2.64817184e-22,3.44262339e-21,1.24388635e-04,1.74144089e-03,4.01764402e-04,6.02646603e-03,5.36528968e-52,7.51140555e-51,1.04323723e-34,1.56485584e-33,1.84943583e-07,2.95909733e-06,4.91093844e-08,8.34859535e-07,2.63402614e-08,4.74124705e-07,4.81858059e-40,8.19158700e-39,8.21697695e-10,1.47905585e-08,7.17619488e-05,1.43523898e-03
3.54035411e+04,1.00000000e-02,4.51428526e-11,3.22991245e+00,7.11059651e-01,7.11059651e-01,6.96413829e-02,2.78565532e-01,7.07890081e-05,8.49468098e-04,1.50100341e-05,1.95130443e-04,2.60142895e-23,3.38185764e-22,1.24388635e-04,1.74144089e-03,4.01764402e-04,6.02646603e-03,4.40664236e-53,6.16929930e-52,8.74175984e-35,1.31126398e-33,1.84943583e-07,2.95909733e-06,4.91093844e-08,8.34859535e-07,2.64958291e-08,4.76924925e-07,4.03928292e-40,6.86678096e-39,6.66129956e-10,1.19903392e-08,7.17619488e-05,1.43523898e-03
3.75182072e+04,1.00000000e-02,3.78855346e-11,3.22991245e+00,7.11059651e-01,7.11059651e-01,6.96413829e-02,2.78565532e-01,7.07890081e-05,8.49468098e-04,1.50100341e-05,1.95130443e-04,2.19772965e-24,2.85704854e-23,1.24388635e-04,1.74144089e-03,4.01764402e-04,6.02646603e-03,3.13010424e-54,4.38214594e-53,7.32865554e-35,1.09929833e-33,1.84943583e-07,2.95909733e-06,4.91093844e-08,8.34859535e-07,2.66286718e-08,4.79316093e-07,3.38808128e-40,5.75973817e-39,5.33287259e-10,9.59917067e-09,7.17619488e-05,1.43523898e-03
3.97591829e+04,1.00000000e-02,3.17977955e-11,3.22991245e+00,7.11059651e-01,7.11059651e-01,6.96413829e-02,2.78565532e-01,7.07890081e-05,8.49468098e-04,1.50100341e-05,1.95130443e-04,1.73690080e-25,2.25797104e-24,1.24388635e-04,1.74144089e-03,4.01764402e-04,6.02646603e-03,2.09842343e-55,2.93779281e-54,6.14389337e-35,9.21584005e-34,1.84943583e-07,2.95909733e-06,4.91093844e-08,8.34859535e-07,2.67406569e-08,4.81331825e-07,2.84127818e-40,4.83017291e-39,4.21302164e-10,7.58343896e-09,7.17619488e-05,1.43523898e-03
4.21340130e+04,1.00000000e-02,2.66824134e-11,3.22991245e+00,7.11059651e-01,7.11059651e-01,6.96413829e-02,2.78565532e-01,7.07890081e-05,8.49468098e-04,1.50100341e-05,1.95130443e-04,3.00952591e-26,3.91238368e-25,1.24388635e-04,1.74144089e-03,4.01764402e-04,6.02646603e-03,0.00000000e+00,0.00000000e+00,5.15339426e-35,7.73009139e-34,1.84943583e-07,2.95909733e-06,4.91093844e-08,8.34859535e-07,2.68337794e-08,4.83008028e-07,2.38435768e-40,4.05340805e-39,3.28179751e-10,5.90723552e-09,7.17619488e-05,1.43523898e-03
4.46506925e+04,1.00000000e-02,2.24015022e-11,3.22991245e+00,7.11059651e-01,7.11059651e-01,6.96413829e-02,2.78565532e-01,7.07890081e-05,8.49468098e-04,1.50100341e-05,1.95130443e-04,0.00000000e+00,0.00000000e+00,1.24388635e-04,1.74144089e-03,4.01764402e-04,6.02646603e-03,0.00000000e+00,0.00000000e+00,4.32282040e-35,6.48423060e-34,1.84943583e-07,2.95909733e-06,4.91093844e-08,8.34859535e-07,2.69101043e-08,4.84381878e-07,2.00094106e-40,3.40159979e-39,2.51854794e-10,4.53338630e-09,7.17619488e-05,1.43523898e-03
4.73176941e+04,1.00000000e-02,1.87771991e-11,3.22991245e+00,7.11059651e-01,7.11059651e-01,6.96413829e-02,2.78565532e-01,7.07890081e-05,8.49468098e-04,1.50100341e-05,1.95130443e-04,0.00000000e+00,0.00000000e+00,1.24388635e-04,1.74144089e-03,4.01764402e-04,6.02646603e-03,0.00000000e+00,0.00000000e+00,3.62238345e-35,5.43357517e-34,1.84943583e-07,2.95909733e-06,4.91093844e-08,8.34859535e-07,2.69717103e-08,4.85490785e-07,1.67684611e-40,2.85063839e-39,1.90248798e-10,3.42447837e-09,7.17619488e-05,1.43523898e-03
5.01439967e+04,1.00000000e-02,1.57660069e-11,3.22991245e+00,7.11059651e-01,7.11059651e-01,6.96413829e-02,2.78565532e-01,7.07890081e-05,8.49468098e-04,1.50100341e-05,1.95130443e-04,0.00000000e+00,0.00000000e+00,1.24388635e-04,1.74144089e-03,4.01764402e-04,6.02646603e-03,0.00000000e+00,0.00000000e+00,3.03995932e-35,4.55993898e-34,1.84943583e-07,2.95909733e-06,4.91093844e-08,8.34859535e-07,2.70206348e-08,4.86371427e-07,1.40757441e-40,2.39287651e-39,1.41324255e-10,2.54383658e-09,7.17619488e-05,1.43523898e-03
5.31391154e+04,1.00000000e-02,1.32426537e-11,3.22991245e+00,7.11059651e-01,7.11059651e-01,6.96413829e-02,2.78565532e-01,7.07890081e-05,8.49468098e-04,1.50100341e-05,1.95130443e-04,0.00000000e+00,0.00000000e+00,1.24388635e-04,1.74144089e-03,4.01764402e-04,6.02646603e-03,0.00000000e+00,0.00000000e+00,2.55145572e-35,3.82718358e-34,1.84943583e-07,2.95909733e-06,4.91093844e-08,8.34859535e-07,2.70588255e-08,4.87058860e-07,1.18201442e-40,2.00942451e-39,1.03133560e-10,1.85640407e-09,7.17619488e-05,1.43523898e-03
5.63131335e+04,1.00000000e-02,1.11117046e-11,3.22991245e+00,7.11059651e-01,7.11059651e-01,6.96413829e-02,2.78565532e-01,7.07890081e-05,8.49468098e-04,1.50100341e-05,1.95130443e-04,0.00000000e+00,0.00000000e+00,1.24388635e-04,1.74144089e-03,4.01764402e-04,6.02646603e-03,0.00000000e+00,0.00000000e+00,2.13978636e-35,3.20967954e-34,1.84943583e-07,2.95909733e-06,4.91093844e-08,8.34859535e-07,2.70880988e-08,4.87585778e-07,9.91364509e-41,1.68531967e-39,7.38603075e-11,1.32948553e-09,7.17619488e-05,1.43523898e-03
5.96767369e+04,1.00000000e-02,9.33544185e-12,3.22991245e+00,7.11059651e-01,7.11059651e-01,6.96413829e-02,2.78565532e-01,7.07890081e-05,8.49468098e-04,1.50100341e-05,1.95130443e-04,0.00000000e+00,0.00000000e+00,1.24388635e-04,1.74144089e-03,4.01764402e-04,6.02646603e-03,0.00000000e+00,0.00000000e+00,1.79688942e-35,2.69533413e-34,1.84943583e-07,2.95909733e-06,4.91093844e-08,8.34859535e-07,2.71101075e-08,4.87981935e-07,8.32661071e-41,1.41552382e-39,5.18515887e-11,9.33328597e-10,7.17619488e-05,1.43523898e-03
6.32412495e+04,1.00000000e-02,7.83485426e-12,3.22991245e+00,7.11059651e-01,7.11059651e-01,6.96413829e-02,2.78565532e-01,7.07890081e-05,8.49468098e-04,1.50100341e-05,1.95130443e-04,0.00000000e+00,0.00000000e+00,1.24388635e-04,1.74144089e-03,4.01764402e-04,6.02646603e-03,0.00000000e+00,0.00000000e+00,1.50699450e-35,2.26049175e-34,1.84943583e-07,2.95909733e-06,4.91093844e-08,8.34859535e-07,2.71263193e-08,4.88273747e-07,6.98587050e-41,1.18759799e-39,3.56398154e-11,6.41516677e-10,7.17619488e-05,1.43523898e-03
6.70186717e+04,1.00000000e-02,6.57845989e-12,3.22991245e+00,7.11059651e-01,7.11059651e-01,6.96413829e-02,2.78565532e-01,7.07890081e-05,8.49468098e-04,1.50100341e-05,1.95130443e-04,0.00000000e+00,0.00000000e+00,1.24388635e-04,1.74144089e-03,4.01764402e-04,6.02646603e-03,0.00000000e+00,0.00000000e+00,1.26473541e-35,1.89710311e-34,1.84943583e-07,2.95909733e-06,4.91093844e-08,8.34859535e-07,2.71380049e-08,4.88484087e-07,5.86405877e-41,9.96889990e-40,2.39542489e-11,4.31176481e-10,7.17619488e-05,1.43523898e-03
7.10217207e+04,1.00000000e-02,5.52346387e-12,3.22991245e+00,7.11059651e-01,7.11059651e-01,6.96413829e-02,2.78565532e-01,7.07890081e-05,8.49468098e-04,1.50100341e-05,1.95130443e-04,0.00000000e+00,0.00000000e+00,1.24388635e-04,1.74144089e-03,4.01764402e-04,6.02646603e-03,0.00000000e+00,0.00000000e+00,1.06105359e-35,1.59158038e-34,1.84943583e-07,2.95909733e-06,4.91093844e-08,8.34859535e-07,2.71462366e-08,4.88632258e-07,4.92112365e-41,8.36591021e-40,1.57225499e-11,2.83005898e-10,7.17619488e-05,1.43523898e-03
7.52638731e+04,1.00000000e-02,4.63946143e-12,3.22991245e+00,7.11059651e-01,7.11059651e-01,6.96413829e-02,2.78565532e-01,7.07890081e-05,8.49468098e-04,1.50100341e-05,1.95130443e-04,0.00000000e+00,0.00000000e+00,1.24388635e-04,1.74144089e-03,4.01764402e-04,6.02646603e-03,0.00000000e+00,0.00000000e+00,8.90962328e-36,1.33644349e-34,1.84943583e-07,2.95909733e-06,4.91093844e-08,8.34859535e-07,2.71518958e-08,4.88734124e-07,4.13318357e-41,7.02641207e-40,1.00633165e-11,1.81139697e-10,7.17619488e-05,1.43523898e-03
7.97594109e+04,1.00000000e-02,3.89564955e-12,3.22991245e+00,7.11059651e-01,7.11059651e-01,6.96413829e-02,2.78565532e-01,7.07890081e-05,8.49468098e-04,1.50100341e-05,1.95130443e-04,0.00000000e+00,0.00000000e+00,1.24388635e-04,1.74144089e-03,4.01764402e-04,6.02646603e-03,0.00000000e+00,0.00000000e+00,7.47808156e-36,1.12171223e-34,1.84943583e-07,2.95909733e-06,4.91093844e-08,8.34859535e-07,2.71556874e-08,4.88802373e-07,3.46976863e-41,5.89860667e-40,6.27169097e-12,1.12890438e-10,7.17619488e-05,1.43523898e-03
8.45234687e+04,1.00000000e-02,3.27015999e-12,3.22991245e+00,7.11059651e-01,7.11059651e-01,6.96413829e-02,2.78565532e-01,7.07890081e-05,8.49468098e-04,1.50100341e-05,1.95130443e-04,0.00000000e+00,0.00000000e+00,1.24388635e-04,1.74144089e-03,4.01764402e-04,6.02646603e-03,0.00000000e+00,0.00000000e+00,6.27453612e-36,9.41180417e-35,1.84943583e-07,2.95909733e-06,4.91093844e-08,8.34859535e-07,2.71581593e-08,4.88846867e-07,2.91191208e-41,4.95025053e-40,3.79981221e-12,6.83966197e-11,7.17619488e-05,1.43523898e-03
8.95720854e+04,1.00000000e-02,2.74589262e-12,3.22991245e+00,7.11059651e-01,7.11059651e-01,6.96413829e-02,2.78565532e-01,7.07890081e-05,8.49468098e-04,1.50100341e-05,1.95130443e-04,0.00000000e+00,0.00000000e+00,1.24388635e-04,1.74144089e-03,4.01764402e-04,6.02646603e-03,0.00000000e+00,0.00000000e+00,5.26683186e-36,7.90024778e-35,1.84943583e-07,2.95909733e-06,4.91093844e-08,8.34859535e-07,2.71597248e-08,4.88875046e-07,2.44464535e-41,4.15589710e-40,2.23429730e-12,4.02173514e-11,7.17619488e-05,1.43523898e-03
9.49222577e+04,1.00000000e-02,2.30596173e-12,3.22991245e+00,7.11059651e-01,7.11059651e-01,6.96413829e-02,2.78565532e-01,7.07890081e-05,8.49468098e-04,1.50100341e-05,1.95130443e-04,0.00000000e+00,0.00000000e+00,1.24388635e-04,1.74144089e-03,4.01764402e-04,6.02646603e-03,0.00000000e+00,0.00000000e+00,4.42186082e-36,6.63279124e-35,1.84943583e-07,2.95909733e-06,4.91093844e-08,8.34859535e-07,2.71606863e-08,4.88892354e-07,2.05271400e-41,3.48961380e-40,1.27275467e-12,2.29095841e-11,7.17619488e-05,1.43523898e-03
1.00591998e+05,1.00000000e-02,1.93640832e-12,3.22991245e+00,7.11059651e-01,7.11059651e-01,6.96413829e-02,2.78565532e-01,7.07890081e-05,8.49468098e-04,1.50100341e-05,1.95130443e-04,0.00000000e+00,0.00000000e+00,1.24388635e-04,1.74144089e-03,4.01764402e-04,6.02646603e-03,0.00000000e+00,0.00000000e+00,3.71198420e-36,5.56797630e-35,1.84943583e-07,2.95909733e-06,4.91093844e-08,8.34859535e-07,2.71612580e-08,4.88902645e-07,1.72342555e-41,2.92982343e-40,7.01052582e-13,1.26189465e-11,7.17619488e-05,1.43523898e-03
1.06600393e+05,1.00000000e-02,1.62619813e-12,3.22991245e+00,7.11059651e-01,7.11059651e-01,6.96413829e-02,2.78565532e-01,7.07890081e-05,8.49468098e-04,1.50100341e-05,1.95130443e-04,0.00000000e+00,0.00000000e+00,1.24388635e-04,1.74144089e-03,4.01764402e-04,6.02646603e-03,0.00000000e+00,0.00000000e+00,3.11674541e-36,4.67511811e-35,1.84943583e-07,2.95909733e-06,4.91093844e-08,8.34859535e-07,2.71615865e-08,4.88908556e-07,1.44728671e-41,2.46038740e-40,3.72637580e-13,6.70747643e-12,7.17619488e-05,1.43523898e-03
1.12967672e+05,1.00000000e-02,1.36600000e-12,3.22991245e+00,7.11059651e-01,7.11059651e-01,6.96413829e-02,2.78565532e-01,7.07890081e-05,8.49468098e-04,1.50100341e-05,1.95130443e-04,0.00000000e+00,0.00000000e+00,1.24388635e-04,1.74144089e-03,4.01764402e-04,6.02646603e-03,0.00000000e+00,0.00000000e+00,2.61693962e-36,3.92540943e-35,1.84943583e-07,2.95909733e-06,4.91093844e-08,8.34859535e-07,2.71617684e-08,4.88911831e-07,1.21535081e-41,2.06609638e-40,1.90734345e-13,3.43321821e-12,7.17619488e-05,1.43523898e-03
