time,t9,rho,R15_14,Y_h1,X_h1,Y_he4,X_he4,Y_c12,X_c12,Y_c13,X_c13,Y_n13,X_n13,Y_n14,X_n14,Y_n15,X_n15,Y_o14,X_o14,Y_o15,X_o15,Y_o16,X_o16,Y_o17,X_o17,Y_o18,X_o18,Y_f17,X_f17,Y_f18,X_f18,Y_ne20,X_ne20
0.00000000e+00,9.12800000e-02,2.21100000e+04,3.67647059e-03,7.11584059e-01,7.11584059e-01,6.90061264e-02,2.76024506e-01,1.89610499e-04,2.27532598e-03,2.12830067e-06,2.76679087e-05,0.00000000e+00,0.00000000e+00,5.69927408e-05,7.97898372e-04,2.09532135e-07,3.14298203e-06,0.00000000e+00,0.00000000e+00,0.00000000e+00,0.00000000e+00,3.61384737e-04,5.78215580e-03,1.37653816e-07,2.34011488e-06,7.24493770e-07,1.30408879e-05,0.00000000e+00,0.00000000e+00,0.00000000e+00,0.00000000e+00,7.16245400e-05,1.43249080e-03
1.00000000e-05,9.12800012e-02,2.21099998e+04,3.68902182e-03,7.11584057e-01,7.11584057e-01,6.90061287e-02,2.76024515e-01,1.89610942e-04,2.27533130e-03,2.12828890e-06,2.76677557e-05,3.26663673e-10,4.24662775e-09,5.69927504e-05,7.97898506e-04,2.10245167e-07,3.15367750e-06,3.05743230e-17,4.28040523e-16,2.33317847e-12,3.49976770e-11,3.61384735e-04,5.78215576e-03,1.37653645e-07,2.34011196e-06,7.23001945e-07,1.30140350e-05,2.61562913e-12,4.44656953e-11,1.27365772e-15,2.29258389e-14,7.16245400e-05,1.43249080e-03
1.05973035e-05,9.12800013e-02,2.21099998e+04,3.68976836e-03,7.11584057e-01,7.11584057e-01,6.90061288e-02,2.76024515e-01,1.89610968e-04,2.27533162e-03,2.12828820e-06,2.76677466e-05,3.46175433e-10,4.50028063e-09,5.69927510e-05,7.97898514e-04,2.10287577e-07,3.15431365e-06,3.43358354e-17,4.80701696e-16,2.47254006e-12,3.70881009e-11,3.61384735e-04,5.78215576e-03,1.37653634e-07,2.34011178e-06,7.22912935e-07,1.30124328e-05,2.77186159e-12,4.71216470e-11,1.34973350e-15,2.42952030e-14,7.16245400e-05,1.43249080e-03
1.12302842e-05,9.12800013e-02,2.21099998e+04,3.69055910e-03,7.11584056e-01,7.11584056e-01,6.90061290e-02,2.76024516e-01,1.89610997e-04,2.27533196e-03,2.12828745e-06,2.76677369e-05,3.66852640e-10,4.76908432e-09,5.69927516e-05,7.97898523e-04,2.10332498e-07,3.15498747e-06,3.85601210e-17,5.39841695e-16,2.62022577e-12,3.93033866e-11,3.61384735e-04,5.78215575e-03,1.37653624e-07,2.34011160e-06,7.22818621e-07,1.30107352e-05,2.93742586e-12,4.99362397e-11,1.43035329e-15,2.57463593e-14,7.16245400e-05,1.43249080e-03
1.19010731e-05,9.12800014e-02,2.21099998e+04,3.69139665e-03,7.11584056e-01,7.11584056e-01,6.90061291e-02,2.76024517e-01,1.89611026e-04,2.27533232e-03,2.12828667e-06,2.76677266e-05,3.88764908e-10,5.05394380e-09,5.69927523e-05,7.97898532e-04,2.10380078e-07,3.15570117e-06,4.33041142e-17,6.06257599e-16,2.77673280e-12,4.16509921e-11,3.61384734e-04,5.78215575e-03,1.37653612e-07,2.34011140e-06,7.22718686e-07,1.30089364e-05,3.11287935e-12,5.29189490e-11,1.51578850e-15,2.72841930e-14,7.16245400e-05,1.43249080e-03
1.26119284e-05,9.12800015e-02,2.21099998e+04,3.69228373e-03,7.11584056e-01,7.11584056e-01,6.90061293e-02,2.76024517e-01,1.89611058e-04,2.27533270e-03,2.12828583e-06,2.76677158e-05,4.11986006e-10,5.35581808e-09,5.69927530e-05,7.97898541e-04,2.10430472e-07,3.15645708e-06,4.86317539e-17,6.80844554e-16,2.94258806e-12,4.41388209e-11,3.61384734e-04,5.78215575e-03,1.37653600e-07,2.34011120e-06,7.22612798e-07,1.30070304e-05,3.29881274e-12,5.60798166e-11,1.60632674e-15,2.89138814e-14,7.16245400e-05,1.43249080e-03
1.33652433e-05,9.12800016e-02,2.21099998e+04,3.69322325e-03,7.11584056e-01,7.11584056e-01,6.90061295e-02,2.76024518e-01,1.89611092e-04,2.27533310e-03,2.12828494e-06,2.76677042e-05,4.36594113e-10,5.67572347e-09,5.69927537e-05,7.97898551e-04,2.10483845e-07,3.15725767e-06,5.46148451e-17,7.64607832e-16,3.11834992e-12,4.67752487e-11,3.61384734e-04,5.78215574e-03,1.37653587e-07,2.34011098e-06,7.22500601e-07,1.30050108e-05,3.49585200e-12,5.94294839e-11,1.70227283e-15,3.06409109e-14,7.16245400e-05,1.43249080e-03
1.41635540e-05,9.12800017e-02,2.21099998e+04,3.69421828e-03,7.11584056e-01,7.11584056e-01,6.90061296e-02,2.76024519e-01,1.89611127e-04,2.27533353e-03,2.12828400e-06,2.76676920e-05,4.62672075e-10,6.01473698e-09,5.69927544e-05,7.97898562e-04,2.10540371e-07,3.15810556e-06,6.13340273e-17,8.58676382e-16,3.30461009e-12,4.95691514e-11,3.61384734e-04,5.78215574e-03,1.37653573e-07,2.34011074e-06,7.22381722e-07,1.30028710e-05,3.70466047e-12,6.29792281e-11,1.80394976e-15,3.24710957e-14,7.16245400e-05,1.43249080e-03
1.50095481e-05,9.12800018e-02,2.21099998e+04,3.69527205e-03,7.11584055e-01,7.11584055e-01,6.90061298e-02,2.76024519e-01,1.89611165e-04,2.27533398e-03,2.12828301e-06,2.76676791e-05,4.90307689e-10,6.37399996e-09,5.69927553e-05,7.97898574e-04,2.10600234e-07,3.15900350e-06,6.88798606e-17,9.64318049e-16,3.50199566e-12,5.25299348e-11,3.61384734e-04,5.78215574e-03,1.37653559e-07,2.34011050e-06,7.22255764e-07,1.30006037e-05,3.92594116e-12,6.67409997e-11,1.91169984e-15,3.44105971e-14,7.16245400e-05,1.43249080e-03
1.59060737e-05,9.12800019e-02,2.21099998e+04,3.69638799e-03,7.11584055e-01,7.11584055e-01,6.90061300e-02,2.76024520e-01,1.89611205e-04,2.27533446e-03,2.12828195e-06,2.76676654e-05,5.19593993e-10,6.75472191e-09,5.69927561e-05,7.97898586e-04,2.10663628e-07,3.15995442e-06,7.73540468e-17,1.08295666e-15,3.71117114e-12,5.56675670e-11,3.61384733e-04,5.78215574e-03,1.37653543e-07,2.34011024e-06,7.22122306e-07,1.29982015e-05,4.16043902e-12,7.07274633e-11,2.02588581e-15,3.64659445e-14,7.16245400e-05,1.43249080e-03
1.68561491e-05,9.12800020e-02,2.21099997e+04,3.69756971e-03,7.11584055e-01,7.11584055e-01,6.90061302e-02,2.76024521e-01,1.89611247e-04,2.27533497e-03,2.12828083e-06,2.76676508e-05,5.50629585e-10,7.15818461e-09,5.69927570e-05,7.97898598e-04,2.10730759e-07,3.16096139e-06,8.68707998e-17,1.21619120e-15,3.93284074e-12,5.89926112e-11,3.61384733e-04,5.78215573e-03,1.37653527e-07,2.34010996e-06,7.21980903e-07,1.29956563e-05,4.40894352e-12,7.49520398e-11,2.14689208e-15,3.86440574e-14,7.16245400e-05,1.43249080e-03
1.78629729e-05,9.12800021e-02,2.21099997e+04,3.69882105e-03,7.11584055e-01,7.11584055e-01,6.90061305e-02,2.76024522e-01,1.89611292e-04,2.27533551e-03,2.12827965e-06,2.76676354e-05,5.83518952e-10,7.58574637e-09,5.69927580e-05,7.97898612e-04,2.10801845e-07,3.16202768e-06,9.75583851e-17,1.36581739e-15,4.16775076e-12,6.25162615e-11,3.61384733e-04,5.78215573e-03,1.37653510e-07,2.34010967e-06,7.21831085e-07,1.29929595e-05,4.67229128e-12,7.94289517e-11,2.27512602e-15,4.09522683e-14,7.16245400e-05,1.43249080e-03
1.89299346e-05,9.12800022e-02,2.21099997e+04,3.70014603e-03,7.11584054e-01,7.11584054e-01,6.90061307e-02,2.76024523e-01,1.89611340e-04,2.27533608e-03,2.12827839e-06,2.76676191e-05,6.18372820e-10,8.03884666e-09,5.69927590e-05,7.97898626e-04,2.10877114e-07,3.16315671e-06,1.09560849e-16,1.53385188e-15,4.41669205e-12,6.62503807e-11,3.61384733e-04,5.78215572e-03,1.37653491e-07,2.34010935e-06,7.21672352e-07,1.29901023e-05,4.95136889e-12,8.41732712e-11,2.41101934e-15,4.33983481e-14,7.16245400e-05,1.43249080e-03
2.00606262e-05,9.12800024e-02,2.21099997e+04,3.70154893e-03,7.11584054e-01,7.11584054e-01,6.90061310e-02,2.76024524e-01,1.89611390e-04,2.27533668e-03,2.12827706e-06,2.76676018e-05,6.55308531e-10,8.51901090e-09,5.69927601e-05,7.97898642e-04,2.10956809e-07,3.16435214e-06,1.23039958e-16,1.72255942e-15,4.68050269e-12,7.02075404e-11,3.61384732e-04,5.78215572e-03,1.37653472e-07,2.34010902e-06,7.21504176e-07,1.29870752e-05,5.24711592e-12,8.92009706e-11,2.55502952e-15,4.59905313e-14,7.16245400e-05,1.43249080e-03
2.12588545e-05,9.12800025e-02,2.21099997e+04,3.70303424e-03,7.11584054e-01,7.11584054e-01,6.90061312e-02,2.76024525e-01,1.89611444e-04,2.27533733e-03,2.12827565e-06,2.76675835e-05,6.94450435e-10,9.02785566e-09,5.69927613e-05,7.97898658e-04,2.11041186e-07,3.16561779e-06,1.38177384e-16,1.93448337e-15,4.96007084e-12,7.44010626e-11,3.61384732e-04,5.78215571e-03,1.37653451e-07,2.34010867e-06,7.21325997e-07,1.29838680e-05,5.56052801e-12,9.45289762e-11,2.70764137e-15,4.87375447e-14,7.16245400e-05,1.43249080e-03
2.25286534e-05,9.12800027e-02,2.21099997e+04,3.70460672e-03,7.11584053e-01,7.11584053e-01,6.90061315e-02,2.76024526e-01,1.89611501e-04,2.27533801e-03,2.12827416e-06,2.76675640e-05,7.35930311e-10,9.56709405e-09,5.69927625e-05,7.97898675e-04,2.11130515e-07,3.16695772e-06,1.55177145e-16,2.17248003e-15,5.25633771e-12,7.88450656e-11,3.61384732e-04,5.78215571e-03,1.37653430e-07,2.34010830e-06,7.21137224e-07,1.29804700e-05,5.89266033e-12,1.00175226e-10,2.86936867e-15,5.16486360e-14,7.16245400e-05,1.43249080e-03
2.38742979e-05,9.12800028e-02,2.21099996e+04,3.70627139e-03,7.11584053e-01,7.11584053e-01,6.90061318e-02,2.76024527e-01,1.89611561e-04,2.27533873e-03,2.12827257e-06,2.76675435e-05,7.79887808e-10,1.01385415e-08,5.69927638e-05,7.97898693e-04,2.11225080e-07,3.16837619e-06,1.74268363e-16,2.43975709e-15,5.57030071e-12,8.35545107e-11,3.61384732e-04,5.78215571e-03,1.37653407e-07,2.34010791e-06,7.20937229e-07,1.29768701e-05,6.24463102e-12,1.06158727e-10,3.04075586e-15,5.47336055e-14,7.16245400e-05,1.43249080e-03
2.53003181e-05,9.12800030e-02,2.21099996e+04,3.70803354e-03,7.11584053e-01,7.11584053e-01,6.90061322e-02,2.76024529e-01,1.89611625e-04,2.27533950e-03,2.12827090e-06,2.76675216e-05,8.26470916e-10,1.07441219e-08,5.69927651e-05,7.97898712e-04,2.11325182e-07,3.16987773e-06,1.95708348e-16,2.73991687e-15,5.90301684e-12,8.85452527e-11,3.61384731e-04,5.78215570e-03,1.37653382e-07,2.34010750e-06,7.20725349e-07,1.29730563e-05,6.61762505e-12,1.12499626e-10,3.22237992e-15,5.80028386e-14,7.16245400e-05,1.43249080e-03
2.68115151e-05,9.12800032e-02,2.21099996e+04,3.70989876e-03,7.11584052e-01,7.11584052e-01,6.90061325e-02,2.76024530e-01,1.89611693e-04,2.27534031e-03,2.12826912e-06,2.76674985e-05,8.75836467e-10,1.13858741e-08,5.69927666e-05,7.97898732e-04,2.11431139e-07,3.17146708e-06,2.19786064e-16,3.07700490e-15,6.25560624e-12,9.38340936e-11,3.61384731e-04,5.78215569e-03,1.37653356e-07,2.34010706e-06,7.20500882e-07,1.29690159e-05,7.01289815e-12,1.19219269e-10,3.41485228e-15,6.14673411e-14,7.16245400e-05,1.43249080e-03
2.84129764e-05,9.12800034e-02,2.21099996e+04,3.71187294e-03,7.11584052e-01,7.11584052e-01,6.90061329e-02,2.76024531e-01,1.89611765e-04,2.27534118e-03,2.12826723e-06,2.76674740e-05,9.28150658e-10,1.20659585e-08,5.69927681e-05,7.97898754e-04,2.11543284e-07,3.17314927e-06,2.46826029e-16,3.45556440e-15,6.62925594e-12,9.94388392e-11,3.61384731e-04,5.78215569e-03,1.37653329e-07,2.34010659e-06,7.20263083e-07,1.29647355e-05,7.43178105e-12,1.26340278e-10,3.61882090e-15,6.51387762e-14,7.16245400e-05,1.43249080e-03
3.01100935e-05,9.12800036e-02,2.21099995e+04,3.71396227e-03,7.11584051e-01,7.11584051e-01,6.90061332e-02,2.76024533e-01,1.89611841e-04,2.27534209e-03,2.12826523e-06,2.76674481e-05,9.83589614e-10,1.27866650e-08,5.69927698e-05,7.97898777e-04,2.11661972e-07,3.17492957e-06,2.77192684e-16,3.88069757e-15,7.02522389e-12,1.05378358e-10,3.61384730e-04,5.78215568e-03,1.37653300e-07,2.34010609e-06,7.20011165e-07,1.29602010e-05,7.87568398e-12,1.33886628e-10,3.83497242e-15,6.90295036e-14,7.16245400e-05,1.43249080e-03
3.19085800e-05,9.12800038e-02,2.21099995e+04,3.71617331e-03,7.11584051e-01,7.11584051e-01,6.90061336e-02,2.76024535e-01,1.89611922e-04,2.27534306e-03,2.12826312e-06,2.76674205e-05,1.04233998e-09,1.35504198e-08,5.69927715e-05,7.97898801e-04,2.11787572e-07,3.17681358e-06,3.11295308e-16,4.35813431e-15,7.44484316e-12,1.11672647e-10,3.61384730e-04,5.78215567e-03,1.37653269e-07,2.34010557e-06,7.19744297e-07,1.29553973e-05,8.34610139e-12,1.41883724e-10,4.06403451e-15,7.31526212e-14,7.16245400e-05,1.43249080e-03
3.38144908e-05,9.12800040e-02,2.21099995e+04,3.71851295e-03,7.11584051e-01,7.11584051e-01,6.90061341e-02,2.76024536e-01,1.89612008e-04,2.27534409e-03,2.12826087e-06,2.76673914e-05,1.10459956e-09,1.43597943e-08,5.69927733e-05,7.97898826e-04,2.11920476e-07,3.17880714e-06,3.49593532e-16,4.89430945e-15,7.88952646e-12,1.18342897e-10,3.61384729e-04,5.78215567e-03,1.37653236e-07,2.34010501e-06,7.19461597e-07,1.29503087e-05,8.84461699e-12,1.50358489e-10,4.30677830e-15,7.75220093e-14,7.16245400e-05,1.43249080e-03
3.58342423e-05,9.12800043e-02,2.21099995e+04,3.72098845e-03,7.11584050e-01,7.11584050e-01,6.90061345e-02,2.76024538e-01,1.89612099e-04,2.27534518e-03,2.12825850e-06,2.76673605e-05,1.17057795e-09,1.52175134e-08,5.69927753e-05,7.97898854e-04,2.12061098e-07,3.18091646e-06,3.92603537e-16,5.49644952e-15,8.36077087e-12,1.25411563e-10,3.61384729e-04,5.78215566e-03,1.37653201e-07,2.34010442e-06,7.19162132e-07,1.29449184e-05,9.37290912e-12,1.59339455e-10,4.56402095e-15,8.21523772e-14,7.16245400e-05,1.43249080e-03
3.79746342e-05,9.12800045e-02,2.21099994e+04,3.72360744e-03,7.11584049e-01,7.11584049e-01,6.90061350e-02,2.76024540e-01,1.89612195e-04,2.27534634e-03,2.12825598e-06,2.76673277e-05,1.24049729e-09,1.61264647e-08,5.69927773e-05,7.97898882e-04,2.12209869e-07,3.18314804e-06,4.40905008e-16,6.17267011e-15,8.86016290e-12,1.32902443e-10,3.61384728e-04,5.78215565e-03,1.37653165e-07,2.34010380e-06,7.18844916e-07,1.29392085e-05,9.93275632e-12,1.68856857e-10,4.83662847e-15,8.70593124e-14,7.16245400e-05,1.43249080e-03
4.02428726e-05,9.12800048e-02,2.21099994e+04,3.72637796e-03,7.11584049e-01,7.11584049e-01,6.90061355e-02,2.76024542e-01,1.89612298e-04,2.27534757e-03,2.12825331e-06,2.76672930e-05,1.31459297e-09,1.70897086e-08,5.69927795e-05,7.97898913e-04,2.12367248e-07,3.18550872e-06,4.95148946e-16,6.93208525e-15,9.38938382e-12,1.40840757e-10,3.61384728e-04,5.78215564e-03,1.37653126e-07,2.34010314e-06,7.18508905e-07,1.29331603e-05,1.05260434e-11,1.78942738e-10,5.12551855e-15,9.22593339e-14,7.16245400e-05,1.43249080e-03
4.26465936e-05,9.12800051e-02,2.21099994e+04,3.72930847e-03,7.11584048e-01,7.11584048e-01,6.90061361e-02,2.76024544e-01,1.89612407e-04,2.27534888e-03,2.12825048e-06,2.76672562e-05,1.39311446e-09,1.81104879e-08,5.69927818e-05,7.97898945e-04,2.12533714e-07,3.18800571e-06,5.56066449e-16,7.78493028e-15,9.95021533e-12,1.49253230e-10,3.61384727e-04,5.78215563e-03,1.37653084e-07,2.34010244e-06,7.18152996e-07,1.29267539e-05,1.11547677e-11,1.89631051e-10,5.43166371e-15,9.77699468e-14,7.16245400e-05,1.43249080e-03
4.51938897e-05,9.12800054e-02,2.21099993e+04,3.73240786e-03,7.11584048e-01,7.11584048e-01,6.90061366e-02,2.76024547e-01,1.89612522e-04,2.27535027e-03,2.12824748e-06,2.76672173e-05,1.47632610e-09,1.91922394e-08,5.69927843e-05,7.97898980e-04,2.12709771e-07,3.19064657e-06,6.24478556e-16,8.74269978e-15,1.05445455e-11,1.58168183e-10,3.61384727e-04,5.78215562e-03,1.37653041e-07,2.34010169e-06,7.17776020e-07,1.29199684e-05,1.18210460e-11,2.00957782e-10,5.75609456e-15,1.03609702e-13,7.16245400e-05,1.43249080e-03
4.78933367e-05,9.12800057e-02,2.21099993e+04,3.73568546e-03,7.11584047e-01,7.11584047e-01,6.90061372e-02,2.76024549e-01,1.89612645e-04,2.27535174e-03,2.12824431e-06,2.76671760e-05,1.56450807e-09,2.03386049e-08,5.69927868e-05,7.97899016e-04,2.12895951e-07,3.19343926e-06,7.01307321e-16,9.81830250e-15,1.11743753e-11,1.67615630e-10,3.61384726e-04,5.78215561e-03,1.37652994e-07,2.34010091e-06,7.17376743e-07,1.29127814e-05,1.25271213e-11,2.12961062e-10,6.09990324e-15,1.09798258e-13,7.16245400e-05,1.43249080e-03
5.07540226e-05,9.12800060e-02,2.21099992e+04,3.73915107e-03,7.11584046e-01,7.11584046e-01,6.90061379e-02,2.76024552e-01,1.89612775e-04,2.27535330e-03,2.12824094e-06,2.76671322e-05,1.65795723e-09,2.15534440e-08,5.69927896e-05,7.97899054e-04,2.13092809e-07,3.19639213e-06,7.87588238e-16,1.10262353e-14,1.18418251e-11,1.77627377e-10,3.61384725e-04,5.78215560e-03,1.37652945e-07,2.34010007e-06,7.16953860e-07,1.29051695e-05,1.32753707e-11,2.25681302e-10,6.46424713e-15,1.16356448e-13,7.16245400e-05,1.43249080e-03
5.37855783e-05,9.12800064e-02,2.21099992e+04,3.74281499e-03,7.11584045e-01,7.11584045e-01,6.90061386e-02,2.76024554e-01,1.89612913e-04,2.27535495e-03,2.12823737e-06,2.76670858e-05,1.75698822e-09,2.28408468e-08,5.69927925e-05,7.97899095e-04,2.13300929e-07,3.19951394e-06,8.84484195e-16,1.23827787e-14,1.25491420e-11,1.88237130e-10,3.61384725e-04,5.78215559e-03,1.37652893e-07,2.34009919e-06,7.16505990e-07,1.28971078e-05,1.40683134e-11,2.39161327e-10,6.85035274e-15,1.23306349e-13,7.16245400e-05,1.43249080e-03
5.69982099e-05,9.12800068e-02,2.21099991e+04,3.74668801e-03,7.11584044e-01,7.11584044e-01,6.90061393e-02,2.76024557e-01,1.89613059e-04,2.27535671e-03,2.12823359e-06,2.76670367e-05,1.86193443e-09,2.42051476e-08,5.69927956e-05,7.97899138e-04,2.13520925e-07,3.20281388e-06,9.93301151e-16,1.39062161e-14,1.32987072e-11,1.99480608e-10,3.61384724e-04,5.78215558e-03,1.37652838e-07,2.34009825e-06,7.16031674e-07,1.28885701e-05,1.49086187e-11,2.53446519e-10,7.25951982e-15,1.30671357e-13,7.16245400e-05,1.43249080e-03
6.04027332e-05,9.12800072e-02,2.21099991e+04,3.75078142e-03,7.11584044e-01,7.11584044e-01,6.90061401e-02,2.76024560e-01,1.89613215e-04,2.27535858e-03,2.12822958e-06,2.76669846e-05,1.97314920e-09,2.56509397e-08,5.69927989e-05,7.97899184e-04,2.13753438e-07,3.20630157e-06,1.11550573e-15,1.56170803e-14,1.40930443e-11,2.11395664e-10,3.61384723e-04,5.78215557e-03,1.37652780e-07,2.34009726e-06,7.15529369e-07,1.28795286e-05,1.57991159e-11,2.68584970e-10,7.69312574e-15,1.38476263e-13,7.16245401e-05,1.43249080e-03
6.40106098e-05,9.12800076e-02,2.21099990e+04,3.75510707e-03,7.11584043e-01,7.11584043e-01,6.90061409e-02,2.76024564e-01,1.89613380e-04,2.27536056e-03,2.12822534e-06,2.76669294e-05,2.09100697e-09,2.71830907e-08,5.69928023e-05,7.97899233e-04,2.13999140e-07,3.20998710e-06,1.25274501e-15,1.75384302e-14,1.49348274e-11,2.24022412e-10,3.61384722e-04,5.78215555e-03,1.37652718e-07,2.34009620e-06,7.14997446e-07,1.28699540e-05,1.67428027e-11,2.84627647e-10,8.15263014e-15,1.46747342e-13,7.16245401e-05,1.43249080e-03
6.78339861e-05,9.12800080e-02,2.21099990e+04,3.75967735e-03,7.11584042e-01,7.11584042e-01,6.90061417e-02,2.76024567e-01,1.89613555e-04,2.27536266e-03,2.12822084e-06,2.76668709e-05,2.21590454e-09,2.88067590e-08,5.69928060e-05,7.97899284e-04,2.14258735e-07,3.21388102e-06,1.40686870e-15,1.96961618e-14,1.58268907e-11,2.37403361e-10,3.61384721e-04,5.78215554e-03,1.37652652e-07,2.34009509e-06,7.14434183e-07,1.28598153e-05,1.77428564e-11,3.01628558e-10,8.63957982e-15,1.55512437e-13,7.16245401e-05,1.43249080e-03
7.18857341e-05,9.12800085e-02,2.21099989e+04,3.76450520e-03,7.11584041e-01,7.11584041e-01,6.90061427e-02,2.76024571e-01,1.89613742e-04,2.27536490e-03,2.12821607e-06,2.76668089e-05,2.34826240e-09,3.05274112e-08,5.69928099e-05,7.97899339e-04,2.14532957e-07,3.21799436e-06,1.57995406e-15,2.21193568e-14,1.67722373e-11,2.51583560e-10,3.61384720e-04,5.78215552e-03,1.37652583e-07,2.34009391e-06,7.13837760e-07,1.28490797e-05,1.88026435e-11,3.19644940e-10,9.15561398e-15,1.64801052e-13,7.16245401e-05,1.43249080e-03
7.61794944e-05,9.12800090e-02,2.21099989e+04,3.76960415e-03,7.11584040e-01,7.11584040e-01,6.90061436e-02,2.76024575e-01,1.89613939e-04,2.27536727e-03,2.12821102e-06,2.76667432e-05,2.48852618e-09,3.23508403e-08,5.69928140e-05,7.97899396e-04,2.14822574e-07,3.22233861e-06,1.77433394e-15,2.48406751e-14,1.77740499e-11,2.66610749e-10,3.61384719e-04,5.78215551e-03,1.37652509e-07,2.34009266e-06,7.13206256e-07,1.28377126e-05,1.99257322e-11,3.38737447e-10,9.70246969e-15,1.74644454e-13,7.16245401e-05,1.43249080e-03
8.07297226e-05,9.12800096e-02,2.21099988e+04,3.77498830e-03,7.11584038e-01,7.11584038e-01,6.90061447e-02,2.76024579e-01,1.89614150e-04,2.27536980e-03,2.12820566e-06,2.76666736e-05,2.63716812e-09,3.42831855e-08,5.69928184e-05,7.97899457e-04,2.15128387e-07,3.22692581e-06,1.99262819e-15,2.78967946e-14,1.88357012e-11,2.82535519e-10,3.61384718e-04,5.78215549e-03,1.37652431e-07,2.34009133e-06,7.12537641e-07,1.28256775e-05,2.11159033e-11,3.58970357e-10,1.02819878e-14,1.85075780e-13,7.16245401e-05,1.43249080e-03
8.55517374e-05,9.12800102e-02,2.21099987e+04,3.78067236e-03,7.11584037e-01,7.11584037e-01,6.90061457e-02,2.76024583e-01,1.89614373e-04,2.27537247e-03,2.12819999e-06,2.76665998e-05,2.79468867e-09,3.63309527e-08,5.69928230e-05,7.97899522e-04,2.15451230e-07,3.23176845e-06,2.23777898e-15,3.13289057e-14,1.99607655e-11,2.99411483e-10,3.61384717e-04,5.78215547e-03,1.37652348e-07,2.34008992e-06,7.11829774e-07,1.28129359e-05,2.23771638e-11,3.80411785e-10,1.08961189e-14,1.96130141e-13,7.16245401e-05,1.43249080e-03
9.06617729e-05,9.12800108e-02,2.21099986e+04,3.78667163e-03,7.11584036e-01,7.11584036e-01,6.90061469e-02,2.76024588e-01,1.89614610e-04,2.27537532e-03,2.12819397e-06,2.76665216e-05,2.96161817e-09,3.85010362e-08,5.69928279e-05,7.97899591e-04,2.15791972e-07,3.23687957e-06,2.51309045e-15,3.51832663e-14,2.11530304e-11,3.17295456e-10,3.61384716e-04,5.78215545e-03,1.37652261e-07,2.34008843e-06,7.11080393e-07,1.27994471e-05,2.37137599e-11,4.03133918e-10,1.15469305e-14,2.07844749e-13,7.16245401e-05,1.43249080e-03
9.60770327e-05,9.12800114e-02,2.21099986e+04,3.79300201e-03,7.11584034e-01,7.11584034e-01,6.90061481e-02,2.76024592e-01,1.89614862e-04,2.27537835e-03,2.12818760e-06,2.76664388e-05,3.13851865e-09,4.08007425e-08,5.69928331e-05,7.97899664e-04,2.16151514e-07,3.24227271e-06,2.82227326e-15,3.95118257e-14,2.24165099e-11,3.36247648e-10,3.61384715e-04,5.78215543e-03,1.37652168e-07,2.34008685e-06,7.10287112e-07,1.27851680e-05,2.51301913e-11,4.27213253e-10,1.22366131e-14,2.20259035e-13,7.16245401e-05,1.43249080e-03
1.01815748e-04,9.12800121e-02,2.21099985e+04,3.79968001e-03,7.11584033e-01,7.11584033e-01,6.90061494e-02,2.76024598e-01,1.89615130e-04,2.27538156e-03,2.12818085e-06,2.76663510e-05,3.32598571e-09,4.32378142e-08,5.69928386e-05,7.97899741e-04,2.16530794e-07,3.24796191e-06,3.16949459e-15,4.43729243e-14,2.37554576e-11,3.56331864e-10,3.61384713e-04,5.78215541e-03,1.37652069e-07,2.34008518e-06,7.09447414e-07,1.27700534e-05,2.66312268e-11,4.52730855e-10,1.29674882e-14,2.33414788e-13,7.16245401e-05,1.43249080e-03
1.07897238e-04,9.12800128e-02,2.21099984e+04,3.80672273e-03,7.11584031e-01,7.11584031e-01,6.90061508e-02,2.76024603e-01,1.89615415e-04,2.27538498e-03,2.12817369e-06,2.76662579e-05,3.52465052e-09,4.58204568e-08,5.69928445e-05,7.97899823e-04,2.16930782e-07,3.25396173e-06,3.55943430e-15,4.98320802e-14,2.51743813e-11,3.77615720e-10,3.61384712e-04,5.78215539e-03,1.37651965e-07,2.34008340e-06,7.08558643e-07,1.27540556e-05,2.82219196e-11,4.79772633e-10,1.37420161e-14,2.47356290e-13,7.16245401e-05,1.43249080e-03
1.14341979e-04,9.12800136e-02,2.21099983e+04,3.81414787e-03,7.11584030e-01,7.11584030e-01,6.90061522e-02,2.76024609e-01,1.89615718e-04,2.27538861e-03,2.12816610e-06,2.76661593e-05,3.73518197e-09,4.85573656e-08,5.69928507e-05,7.97899909e-04,2.17352482e-07,3.26028723e-06,3.99734802e-15,5.59628723e-14,2.66780581e-11,4.00170872e-10,3.61384710e-04,5.78215536e-03,1.37651854e-07,2.34008152e-06,7.07618002e-07,1.27371240e-05,2.99076250e-11,5.08429626e-10,1.45628038e-14,2.62130468e-13,7.16245401e-05,1.43249080e-03
1.21171665e-04,9.12800144e-02,2.21099982e+04,3.82197371e-03,7.11584028e-01,7.11584028e-01,6.90061538e-02,2.76024615e-01,1.89616040e-04,2.27539247e-03,2.12815807e-06,2.76660549e-05,3.95828889e-09,5.14577555e-08,5.69928572e-05,7.97900001e-04,2.17796930e-07,3.26695396e-06,4.48913799e-15,6.28479319e-14,2.82715503e-11,4.24073255e-10,3.61384709e-04,5.78215534e-03,1.37651737e-07,2.34007953e-06,7.06622537e-07,1.27192057e-05,3.16940183e-11,5.38798312e-10,1.54326139e-14,2.77787051e-13,7.16245401e-05,1.43249080e-03
1.28409292e-04,9.12800152e-02,2.21099981e+04,3.83021906e-03,7.11584026e-01,7.11584026e-01,6.90061554e-02,2.76024622e-01,1.89616382e-04,2.27539658e-03,2.12814955e-06,2.76659441e-05,4.19472246e-09,5.45313920e-08,5.69928642e-05,7.97900099e-04,2.18265194e-07,3.27397792e-06,5.04143259e-15,7.05800562e-14,2.99602226e-11,4.49403340e-10,3.61384707e-04,5.78215531e-03,1.37651613e-07,2.34007742e-06,7.05569142e-07,1.27002446e-05,3.35871136e-11,5.70980931e-10,1.63543743e-14,2.94378738e-13,7.16245401e-05,1.43249080e-03
1.36079224e-04,9.12800161e-02,2.21099979e+04,3.83890327e-03,7.11584024e-01,7.11584024e-01,6.90061571e-02,2.76024628e-01,1.89616746e-04,2.27540095e-03,2.12814052e-06,2.76658268e-05,4.44527875e-09,5.77886238e-08,5.69928716e-05,7.97900202e-04,2.18758371e-07,3.28137557e-06,5.66167570e-15,7.92634598e-14,3.17497603e-11,4.76246405e-10,3.61384705e-04,5.78215528e-03,1.37651481e-07,2.34007518e-06,7.04454541e-07,1.26801817e-05,3.55932841e-11,6.05085829e-10,1.73311875e-14,3.11961374e-13,7.16245401e-05,1.43249080e-03
1.44207284e-04,9.12800171e-02,2.21099978e+04,3.84804618e-03,7.11584022e-01,7.11584022e-01,6.90061589e-02,2.76024636e-01,1.89617134e-04,2.27540560e-03,2.12813096e-06,2.76657024e-05,4.71080136e-09,6.12404177e-08,5.69928794e-05,7.97900311e-04,2.19277586e-07,3.28916378e-06,6.35822705e-15,8.90151787e-14,3.36461880e-11,5.04692821e-10,3.61384703e-04,5.78215525e-03,1.37651342e-07,2.34007281e-06,7.03275285e-07,1.26589551e-05,3.77192839e-11,6.41227827e-10,1.83663411e-14,3.30594141e-13,7.16245401e-05,1.43249080e-03
1.52820837e-04,9.12800181e-02,2.21099977e+04,3.85766807e-03,7.11584020e-01,7.11584020e-01,6.90061609e-02,2.76024644e-01,1.89617546e-04,2.27541055e-03,2.12812082e-06,2.76655707e-05,4.99218431e-09,6.48983960e-08,5.69928876e-05,7.97900427e-04,2.19823987e-07,3.29735981e-06,7.14047483e-15,9.99666477e-14,3.56558905e-11,5.34838357e-10,3.61384701e-04,5.78215522e-03,1.37651194e-07,2.34007030e-06,7.02027747e-07,1.26364994e-05,3.99722705e-11,6.79528599e-10,1.94633195e-14,3.50339751e-13,7.16245401e-05,1.43249080e-03
1.61948879e-04,9.12800192e-02,2.21099976e+04,3.86778961e-03,7.11584017e-01,7.11584017e-01,6.90061629e-02,2.76024652e-01,1.89617985e-04,2.27541581e-03,2.12811008e-06,2.76654310e-05,5.29037500e-09,6.87748751e-08,5.69928964e-05,7.97900550e-04,2.20398747e-07,3.30598120e-06,8.01896232e-15,1.12265473e-13,3.77856336e-11,5.66784504e-10,3.61384699e-04,5.78215519e-03,1.37651038e-07,2.34006764e-06,7.00708107e-07,1.26127459e-05,4.23598289e-11,7.20117091e-10,2.06258146e-14,3.71264663e-13,7.16245401e-05,1.43249080e-03
1.71622143e-04,9.12800204e-02,2.21099974e+04,3.87843177e-03,7.11584015e-01,7.11584015e-01,6.90061651e-02,2.76024660e-01,1.89618452e-04,2.27542142e-03,2.12809869e-06,2.76652830e-05,5.60637747e-09,7.28829071e-08,5.69929057e-05,7.97900680e-04,2.21003053e-07,3.31504580e-06,9.00552993e-15,1.26077419e-13,4.00425876e-11,6.00638814e-10,3.61384697e-04,5.78215515e-03,1.37650872e-07,2.34006482e-06,6.99312352e-07,1.25876223e-05,4.48899970e-11,7.63129948e-10,2.18577391e-14,3.93439304e-13,7.16245401e-05,1.43249080e-03
1.81873194e-04,9.12800216e-02,2.21099973e+04,3.88961576e-03,7.11584012e-01,7.11584012e-01,6.90061674e-02,2.76024670e-01,1.89618949e-04,2.27542739e-03,2.12808663e-06,2.76651262e-05,5.94125569e-09,7.72363240e-08,5.69929155e-05,7.97900818e-04,2.21638108e-07,3.32457162e-06,1.01134748e-14,1.41588647e-13,4.24343508e-11,6.36515262e-10,3.61384694e-04,5.78215511e-03,1.37650696e-07,2.34006183e-06,6.97836261e-07,1.25610527e-05,4.75712930e-11,8.08711981e-10,2.31632392e-14,4.16938305e-13,7.16245401e-05,1.43249080e-03
1.92736544e-04,9.12800229e-02,2.21099971e+04,3.90136292e-03,7.11584009e-01,7.11584009e-01,6.90061698e-02,2.76024679e-01,1.89619478e-04,2.27543374e-03,2.12807385e-06,2.76649600e-05,6.29613724e-09,8.18497841e-08,5.69929260e-05,7.97900964e-04,2.22305119e-07,3.33457679e-06,1.13577301e-14,1.59008221e-13,4.49689755e-11,6.74534633e-10,3.61384692e-04,5.78215507e-03,1.37650509e-07,2.34005866e-06,6.96275404e-07,1.25329573e-05,5.04127438e-11,8.57016645e-10,2.45467086e-14,4.41840755e-13,7.16245401e-05,1.43249080e-03
2.04248766e-04,9.12800242e-02,2.21099969e+04,3.91369462e-03,7.11584006e-01,7.11584006e-01,6.90061724e-02,2.76024690e-01,1.89620043e-04,2.27544051e-03,2.12806030e-06,2.76647839e-05,6.67221704e-09,8.67388215e-08,5.69929370e-05,7.97901118e-04,2.23005296e-07,3.34507944e-06,1.27550661e-14,1.78570926e-13,4.76549950e-11,7.14824925e-10,3.61384689e-04,5.78215503e-03,1.37650312e-07,2.34005530e-06,6.94625125e-07,1.25032522e-05,5.34239156e-11,9.08206566e-10,2.60128034e-14,4.68230461e-13,7.16245402e-05,1.43249080e-03
2.16448617e-04,9.12800257e-02,2.21099967e+04,3.92663208e-03,7.11584003e-01,7.11584003e-01,6.90061752e-02,2.76024701e-01,1.89620644e-04,2.27544772e-03,2.12804594e-06,2.76645972e-05,7.07076140e-09,9.19198982e-08,5.69929488e-05,7.97901283e-04,2.23739839e-07,3.35609759e-06,1.43243166e-14,2.00540433e-13,5.05014522e-11,7.57521783e-10,3.61384686e-04,5.78215498e-03,1.37650103e-07,2.34005174e-06,6.92880543e-07,1.24718498e-05,5.66149459e-11,9.62454080e-10,2.75664576e-14,4.96196237e-13,7.16245402e-05,1.43249080e-03
2.29377170e-04,9.12800272e-02,2.21099965e+04,3.94019626e-03,7.11584000e-01,7.11584000e-01,6.90061781e-02,2.76024712e-01,1.89621284e-04,2.27545541e-03,2.12803073e-06,2.76643995e-05,7.49311230e-09,9.74104599e-08,5.69929612e-05,7.97901456e-04,2.24509935e-07,3.36764902e-06,1.60866324e-14,2.25212854e-13,5.35179302e-11,8.02768954e-10,3.61384683e-04,5.78215493e-03,1.37649881e-07,2.34004797e-06,6.91036537e-07,1.24386577e-05,5.99965776e-11,1.01994182e-09,2.92128999e-14,5.25832198e-13,7.16245402e-05,1.43249080e-03
2.43077949e-04,9.12800288e-02,2.21099963e+04,3.95440766e-03,7.11583996e-01,7.11583996e-01,6.90061811e-02,2.76024725e-01,1.89621967e-04,2.27546360e-03,2.12801461e-06,2.76641899e-05,7.94069188e-09,1.03228994e-07,5.69929743e-05,7.97901641e-04,2.25316740e-07,3.37975110e-06,1.80657666e-14,2.52920733e-13,5.67145846e-11,8.50718769e-10,3.61384680e-04,5.78215488e-03,1.37649646e-07,2.34004398e-06,6.89087743e-07,1.24035794e-05,6.35801955e-11,1.08086332e-09,3.09576709e-14,5.57238077e-13,7.16245402e-05,1.43249080e-03
2.57597081e-04,9.12800306e-02,2.21099961e+04,3.96928608e-03,7.11583993e-01,7.11583993e-01,6.90061844e-02,2.76024738e-01,1.89622695e-04,2.27547234e-03,2.12799752e-06,2.76639678e-05,8.41500726e-09,1.09395094e-07,5.69929883e-05,7.97901836e-04,2.26161373e-07,3.39242060e-06,2.02883947e-14,2.84037525e-13,6.01021774e-11,9.01532661e-10,3.61384677e-04,5.78215483e-03,1.37649397e-07,2.34003974e-06,6.87028545e-07,1.23665138e-05,6.73778643e-11,1.14542369e-09,3.28066423e-14,5.90519562e-13,7.16245402e-05,1.43249080e-03
2.72983446e-04,9.12800324e-02,2.21099959e+04,3.98485046e-03,7.11583989e-01,7.11583989e-01,6.90061878e-02,2.76024751e-01,1.89623471e-04,2.27548165e-03,2.12797941e-06,2.76637324e-05,8.91765559e-09,1.15929523e-07,5.69930031e-05,7.97902043e-04,2.27044902e-07,3.40567353e-06,2.27844740e-14,3.18982636e-13,6.36921137e-11,9.55381705e-10,3.61384673e-04,5.78215477e-03,1.37649133e-07,2.34003525e-06,6.84853065e-07,1.23273552e-05,7.14023694e-11,1.21384028e-09,3.47660361e-14,6.25788649e-13,7.16245402e-05,1.43249080e-03
2.89288844e-04,9.12800343e-02,2.21099956e+04,4.00111850e-03,7.11583984e-01,7.11583984e-01,6.90061915e-02,2.76024766e-01,1.89624299e-04,2.27549159e-03,2.12796023e-06,2.76634829e-05,9.45032946e-09,1.22854283e-07,5.69930187e-05,7.97902262e-04,2.27968325e-07,3.41952488e-06,2.55876480e-14,3.58227072e-13,6.74964795e-11,1.01244719e-09,3.61384669e-04,5.78215471e-03,1.37648853e-07,2.34003050e-06,6.82555159e-07,1.22859929e-05,7.56672597e-11,1.28634341e-09,3.68424456e-14,6.63164020e-13,7.16245402e-05,1.43249080e-03
3.06568169e-04,9.12800364e-02,2.21099954e+04,4.01810645e-03,7.11583980e-01,7.11583980e-01,6.90061954e-02,2.76024781e-01,1.89625182e-04,2.27550219e-03,2.12793989e-06,2.76632186e-05,1.00148226e-08,1.30192694e-07,5.69930353e-05,7.97902494e-04,2.28932555e-07,3.43398833e-06,2.87356990e-14,4.02299786e-13,7.15280832e-11,1.07292125e-09,3.61384665e-04,5.78215465e-03,1.37648556e-07,2.34002546e-06,6.80128412e-07,1.22423114e-05,8.01868936e-11,1.36317719e-09,3.90428578e-14,7.02771441e-13,7.16245402e-05,1.43249080e-03
3.24879594e-04,9.12800385e-02,2.21099951e+04,4.03582872e-03,7.11583975e-01,7.11583975e-01,6.90061995e-02,2.76024798e-01,1.89626125e-04,2.27551350e-03,2.12791835e-06,2.76629385e-05,1.06130359e-08,1.37969467e-07,5.69930529e-05,7.97902741e-04,2.29938400e-07,3.44907599e-06,3.22710582e-14,4.51794815e-13,7.58004977e-11,1.13700747e-09,3.61384661e-04,5.78215458e-03,1.37648242e-07,2.34002012e-06,6.77566130e-07,1.21961903e-05,8.49764871e-11,1.44460028e-09,4.13746769e-14,7.44744183e-13,7.16245402e-05,1.43249080e-03
3.44284767e-04,9.12800409e-02,2.21099948e+04,4.05429746e-03,7.11583970e-01,7.11583970e-01,6.90062038e-02,2.76024815e-01,1.89627131e-04,2.27552558e-03,2.12789551e-06,2.76626416e-05,1.12469839e-08,1.46210790e-07,5.69930715e-05,7.97903002e-04,2.30986537e-07,3.46479806e-06,3.62413771e-14,5.07379279e-13,8.03281073e-11,1.20492161e-09,3.61384657e-04,5.78215450e-03,1.37647909e-07,2.34001446e-06,6.74861334e-07,1.21475040e-05,9.00521650e-11,1.53088680e-09,4.38457486e-14,7.89223476e-13,7.16245403e-05,1.43249081e-03
3.64849017e-04,9.12800433e-02,2.21099945e+04,4.07352220e-03,7.11583965e-01,7.11583965e-01,6.90062084e-02,2.76024834e-01,1.89628206e-04,2.27553847e-03,2.12787131e-06,2.76623271e-05,1.19188014e-08,1.54944418e-07,5.69930913e-05,7.97903278e-04,2.32077496e-07,3.48116245e-06,4.07001701e-14,5.69802381e-13,8.51261548e-11,1.27689232e-09,3.61384652e-04,5.78215443e-03,1.37647556e-07,2.34000846e-06,6.72006762e-07,1.20961217e-05,9.54310151e-11,1.62232726e-09,4.64643874e-14,8.36358973e-13,7.16245403e-05,1.43249081e-03
3.86641578e-04,9.12800459e-02,2.21099942e+04,4.09350926e-03,7.11583959e-01,7.11583959e-01,6.90062133e-02,2.76024853e-01,1.89629354e-04,2.27555224e-03,2.12784567e-06,2.76619937e-05,1.26307508e-08,1.64199760e-07,5.69931122e-05,7.97903571e-04,2.33211622e-07,3.49817433e-06,4.57075357e-14,6.39905500e-13,9.02107941e-11,1.35316191e-09,3.61384647e-04,5.78215435e-03,1.37647183e-07,2.34000210e-06,6.68994861e-07,1.20419075e-05,1.01131146e-10,1.71922949e-09,4.92394035e-14,8.86309263e-13,7.16245403e-05,1.43249081e-03
4.09735816e-04,9.12800486e-02,2.21099938e+04,4.11426131e-03,7.11583953e-01,7.11583953e-01,6.90062184e-02,2.76024874e-01,1.89630580e-04,2.27556696e-03,2.12781850e-06,2.76616405e-05,1.33852298e-08,1.74007987e-07,5.69931344e-05,7.97903882e-04,2.34389049e-07,3.51583574e-06,5.13309669e-14,7.18633536e-13,9.55991436e-11,1.43398715e-09,3.61384641e-04,5.78215426e-03,1.37646786e-07,2.33999537e-06,6.65817788e-07,1.19847202e-05,1.07171749e-10,1.82191972e-09,5.21801332e-14,9.39242397e-13,7.16245403e-05,1.43249081e-03
4.34209482e-04,9.12800515e-02,2.21099935e+04,4.13577673e-03,7.11583947e-01,7.11583947e-01,6.90062238e-02,2.76024895e-01,1.89631890e-04,2.27558268e-03,2.12778970e-06,2.76612661e-05,1.41847792e-08,1.84402130e-07,5.69931579e-05,7.97904211e-04,2.35609667e-07,3.53414501e-06,5.76462605e-14,8.07047647e-13,1.01309344e-10,1.51964017e-09,3.61384636e-04,5.78215417e-03,1.37646367e-07,2.33998823e-06,6.62467411e-07,1.19244134e-05,1.13573158e-10,1.93074369e-09,5.52964697e-14,9.95336454e-13,7.16245403e-05,1.43249081e-03
4.60144967e-04,9.12800546e-02,2.21099931e+04,4.15804893e-03,7.11583941e-01,7.11583941e-01,6.90062296e-02,2.76024918e-01,1.89633290e-04,2.27559948e-03,2.12775918e-06,2.76608694e-05,1.50320920e-08,1.95417196e-07,5.69931828e-05,7.97904559e-04,2.36873083e-07,3.55309624e-06,6.47385395e-14,9.06339553e-13,1.07360621e-10,1.61040932e-09,3.61384630e-04,5.78215407e-03,1.37645922e-07,2.33998067e-06,6.58935310e-07,1.18608356e-05,1.20356927e-10,2.04606777e-09,5.85988967e-14,1.05478014e-12,7.16245403e-05,1.43249081e-03
4.87629589e-04,9.12800579e-02,2.21099927e+04,4.18106565e-03,7.11583933e-01,7.11583933e-01,6.90062357e-02,2.76024943e-01,1.89634786e-04,2.27561744e-03,2.12772684e-06,2.76604490e-05,1.59300216e-08,2.07090281e-07,5.69932092e-05,7.97904929e-04,2.38178576e-07,3.57267864e-06,7.27033999e-14,1.01784760e-12,1.13773347e-10,1.70660021e-09,3.61384623e-04,5.78215397e-03,1.37645450e-07,2.33997265e-06,6.55212785e-07,1.17938301e-05,1.27545894e-10,2.16828019e-09,6.20985235e-14,1.11777342e-12,7.16245404e-05,1.43249081e-03
5.16755877e-04,9.12800613e-02,2.21099922e+04,4.20480815e-03,7.11583926e-01,7.11583926e-01,6.90062422e-02,2.76024969e-01,1.89636386e-04,2.27563664e-03,2.12769257e-06,2.76600035e-05,1.68815925e-08,2.19460703e-07,5.69932372e-05,7.97905320e-04,2.39525059e-07,3.59287589e-06,8.16482000e-14,1.14307480e-12,1.20569112e-10,1.80853668e-09,3.61384616e-04,5.78215386e-03,1.37644950e-07,2.33996416e-06,6.51290858e-07,1.17232354e-05,1.35164260e-10,2.29779242e-09,6.58071219e-14,1.18452819e-12,7.16245404e-05,1.43249081e-03
5.47621888e-04,9.12800650e-02,2.21099917e+04,4.22925037e-03,7.11583918e-01,7.11583918e-01,6.90062490e-02,2.76024996e-01,1.89638098e-04,2.27565717e-03,2.12765626e-06,2.76595314e-05,1.78900096e-08,2.32570125e-07,5.69932668e-05,7.97905735e-04,2.40911025e-07,3.61366537e-06,9.16935072e-14,1.28370910e-12,1.27770796e-10,1.91656194e-09,3.61384609e-04,5.78215375e-03,1.37644421e-07,2.33995515e-06,6.47160288e-07,1.16488852e-05,1.43237675e-10,2.43504047e-09,6.97371663e-14,1.25526899e-12,7.16245404e-05,1.43249081e-03
5.80331537e-04,9.12800689e-02,2.21099913e+04,4.25435800e-03,7.11583910e-01,7.11583910e-01,6.90062563e-02,2.76025025e-01,1.89639928e-04,2.27567914e-03,2.12761777e-06,2.76590311e-05,1.89586695e-08,2.46462704e-07,5.69932982e-05,7.97906175e-04,2.42334492e-07,3.63501738e-06,1.02974724e-13,1.44164613e-12,1.35402645e-10,2.03103967e-09,3.61384602e-04,5.78215363e-03,1.37643860e-07,2.33994561e-06,6.42811582e-07,1.15706085e-05,1.51793318e-10,2.58048641e-09,7.39018751e-14,1.33023375e-12,7.16245404e-05,1.43249081e-03
6.14994945e-04,9.12800730e-02,2.21099907e+04,4.28008740e-03,7.11583901e-01,7.11583901e-01,6.90062639e-02,2.76025056e-01,1.89641886e-04,2.27570263e-03,2.12757699e-06,2.76585009e-05,2.00911719e-08,2.61185234e-07,5.69933315e-05,7.97906641e-04,2.43792950e-07,3.65689425e-06,1.15643911e-13,1.61901476e-12,1.43490353e-10,2.15235530e-09,3.61384594e-04,5.78215350e-03,1.37643265e-07,2.33993551e-06,6.38235012e-07,1.14882302e-05,1.60859994e-10,2.73461989e-09,7.83152553e-14,1.40967460e-12,7.16245405e-05,1.43249081e-03
6.51728810e-04,9.12800773e-02,2.21099902e+04,4.30638462e-03,7.11583892e-01,7.11583892e-01,6.90062720e-02,2.76025088e-01,1.89643981e-04,2.27572777e-03,2.12753377e-06,2.76579390e-05,2.12913314e-08,2.76787309e-07,5.69933668e-05,7.97907135e-04,2.45283298e-07,3.67924946e-06,1.29871843e-13,1.81820580e-12,1.52061151e-10,2.28091726e-09,3.61384585e-04,5.78215336e-03,1.37642635e-07,2.33992479e-06,6.33420633e-07,1.14015714e-05,1.70468226e-10,2.89795984e-09,8.29921493e-14,1.49385869e-12,7.16245405e-05,1.43249081e-03
6.90656803e-04,9.12800820e-02,2.21099896e+04,4.33318416e-03,7.11583882e-01,7.11583882e-01,6.90062806e-02,2.76025122e-01,1.89646222e-04,2.27575466e-03,2.12748797e-06,2.76573437e-05,2.25631911e-08,2.93321484e-07,5.69934042e-05,7.97907658e-04,2.46801773e-07,3.70202660e-06,1.45850302e-13,2.04190422e-12,1.61143893e-10,2.41715840e-09,3.61384576e-04,5.78215322e-03,1.37641967e-07,2.33991344e-06,6.28358314e-07,1.13104497e-05,1.80650362e-10,3.07105616e-09,8.79482846e-14,1.58306912e-12,7.16245405e-05,1.43249081e-03
7.31909978e-04,9.12800868e-02,2.21099890e+04,4.36040778e-03,7.11583871e-01,7.11583871e-01,6.90062896e-02,2.76025158e-01,1.89648620e-04,2.27578344e-03,2.12743944e-06,2.76567127e-05,2.39110354e-08,3.10843461e-07,5.69934438e-05,7.97908213e-04,2.48343887e-07,3.72515831e-06,1.63794670e-13,2.29312539e-12,1.70769161e-10,2.56153741e-09,3.61384567e-04,5.78215307e-03,1.37641259e-07,2.33990141e-06,6.23037765e-07,1.12146798e-05,1.91440683e-10,3.25449160e-09,9.32003267e-14,1.67760588e-12,7.16245405e-05,1.43249081e-03
7.75627219e-04,9.12800920e-02,2.21099883e+04,4.38796318e-03,7.11583860e-01,7.11583860e-01,6.90062992e-02,2.76025197e-01,1.89651187e-04,2.27581424e-03,2.12738801e-06,2.76560442e-05,2.53394052e-08,3.29412268e-07,5.69934857e-05,7.97908800e-04,2.49904348e-07,3.74856523e-06,1.83946833e-13,2.57525566e-12,1.80969359e-10,2.71454039e-09,3.61384557e-04,5.78215291e-03,1.37640509e-07,2.33988866e-06,6.17448573e-07,1.11140743e-05,2.02875514e-10,3.44888373e-09,9.87659349e-14,1.77778683e-12,7.16245406e-05,1.43249081e-03
8.21955707e-04,9.12800975e-02,2.21099876e+04,4.41574268e-03,7.11583849e-01,7.11583849e-01,6.90063093e-02,2.76025237e-01,1.89653933e-04,2.27584720e-03,2.12733351e-06,2.76553356e-05,2.68531126e-08,3.49090464e-07,5.69935302e-05,7.97909423e-04,2.51476986e-07,3.77215479e-06,2.06578436e-13,2.89209811e-12,1.91778831e-10,2.87668247e-09,3.61384546e-04,5.78215274e-03,1.37639715e-07,2.33987515e-06,6.11580242e-07,1.10084444e-05,2.14993352e-10,3.65488699e-09,1.04663821e-13,1.88394878e-12,7.16245406e-05,1.43249081e-03
8.71051412e-04,9.12801034e-02,2.21099869e+04,4.44362180e-03,7.11583836e-01,7.11583836e-01,6.90063200e-02,2.76025280e-01,1.89656872e-04,2.27588246e-03,2.12727576e-06,2.76545848e-05,2.84572577e-08,3.69944350e-07,5.69935774e-05,7.97910083e-04,2.53054670e-07,3.79582005e-06,2.31994552e-13,3.24792373e-12,2.03233970e-10,3.04850955e-09,3.61384535e-04,5.78215255e-03,1.37638873e-07,2.33986083e-06,6.05422247e-07,1.08976004e-05,2.27834996e-10,3.87319493e-09,1.10913814e-13,1.99644865e-12,7.16245406e-05,1.43249081e-03
9.23079621e-04,9.12801095e-02,2.21099861e+04,4.47145779e-03,7.11583823e-01,7.11583823e-01,6.90063313e-02,2.76025325e-01,1.89660016e-04,2.27592020e-03,2.12721455e-06,2.76537892e-05,3.01572455e-08,3.92044192e-07,5.69936273e-05,7.97910782e-04,2.54629226e-07,3.81943840e-06,2.60537791e-13,3.64752907e-12,2.15373344e-10,3.23060015e-09,3.61384523e-04,5.78215236e-03,1.37637980e-07,2.33984566e-06,5.98964083e-07,1.07813535e-05,2.41443677e-10,4.10454250e-09,1.17536922e-13,2.11566459e-12,7.16245407e-05,1.43249081e-03
9.78215493e-04,9.12801161e-02,2.21099853e+04,4.49908825e-03,7.11583809e-01,7.11583809e-01,6.90063432e-02,2.76025373e-01,1.89663380e-04,2.27596056e-03,2.12714970e-06,2.76529461e-05,3.19588044e-08,4.15464457e-07,5.69936802e-05,7.97911523e-04,2.56191360e-07,3.84287041e-06,2.92592921e-13,4.09630090e-12,2.28237823e-10,3.42356734e-09,3.61384510e-04,5.78215216e-03,1.37637034e-07,2.33982958e-06,5.92195333e-07,1.06595160e-05,2.55865211e-10,4.34970859e-09,1.24555408e-13,2.24199734e-12,7.16245407e-05,1.43249081e-03
1.03664465e-03,9.12801230e-02,2.21099844e+04,4.52632958e-03,7.11583795e-01,7.11583795e-01,6.90063558e-02,2.76025423e-01,1.89666978e-04,2.27600374e-03,2.12708097e-06,2.76520526e-05,3.38680050e-08,4.40284066e-07,5.69937363e-05,7.97912309e-04,2.57730565e-07,3.86595848e-06,3.28592059e-13,4.60028883e-12,2.41870721e-10,3.62806081e-09,3.61384497e-04,5.78215195e-03,1.37636032e-07,2.33981254e-06,5.85105738e-07,1.05319033e-05,2.71148151e-10,4.60951856e-09,1.31992859e-13,2.37587147e-12,7.16245408e-05,1.43249082e-03
1.09856380e-03,9.12801304e-02,2.21099834e+04,4.55297563e-03,7.11583780e-01,7.11583780e-01,6.90063690e-02,2.76025476e-01,1.89670826e-04,2.27604991e-03,2.12700814e-06,2.76511058e-05,3.58912817e-08,4.66586662e-07,5.69937958e-05,7.97913141e-04,2.59235047e-07,3.88852570e-06,3.69020493e-13,5.16628690e-12,2.56317938e-10,3.84476906e-09,3.61384482e-04,5.78215172e-03,1.37634970e-07,2.33979449e-06,5.77685278e-07,1.03983350e-05,2.87343949e-10,4.88484713e-09,1.39874272e-13,2.51773689e-12,7.16245408e-05,1.43249082e-03
1.16418141e-03,9.12801381e-02,2.21099825e+04,4.57879633e-03,7.11583763e-01,7.11583763e-01,6.90063830e-02,2.76025532e-01,1.89674939e-04,2.27609926e-03,2.12693096e-06,2.76501025e-05,3.80354532e-08,4.94460892e-07,5.69938588e-05,7.97914023e-04,2.60691645e-07,3.91037467e-06,4.14423226e-13,5.80192517e-12,2.71628116e-10,4.07442173e-09,3.61384467e-04,5.78215148e-03,1.37633844e-07,2.33977536e-06,5.69924262e-07,1.02586367e-05,3.04507130e-10,5.17662121e-09,1.48226127e-13,2.66807029e-12,7.16245408e-05,1.43249082e-03
1.23371837e-03,9.12801464e-02,2.21099814e+04,4.60353634e-03,7.11583746e-01,7.11583746e-01,6.90063978e-02,2.76025591e-01,1.89679334e-04,2.27615200e-03,2.12684918e-06,2.76490393e-05,4.03077466e-08,5.24000705e-07,5.69939255e-05,7.97914957e-04,2.62085757e-07,3.93128635e-06,4.65412332e-13,6.51577265e-12,2.87852803e-10,4.31779204e-09,3.61384451e-04,5.78215122e-03,1.37632652e-07,2.33975508e-06,5.61813431e-07,1.01126418e-05,3.22695477e-10,5.48582311e-09,1.57076488e-13,2.82737678e-12,7.16245409e-05,1.43249082e-03
1.30740881e-03,9.12801551e-02,2.21099803e+04,4.62691404e-03,7.11583728e-01,7.11583728e-01,6.90064133e-02,2.76025653e-01,1.89684028e-04,2.27620833e-03,2.12676251e-06,2.76479127e-05,4.27158211e-08,5.55305674e-07,5.69939962e-05,7.97915947e-04,2.63401277e-07,3.95101916e-06,5.22675201e-13,7.31745281e-12,3.05046626e-10,4.57569939e-09,3.61384435e-04,5.78215095e-03,1.37631388e-07,2.33973359e-06,5.53344066e-07,9.96019319e-06,3.41970225e-10,5.81349382e-09,1.66455085e-13,2.99619153e-12,7.16245409e-05,1.43249082e-03
1.38550080e-03,9.12801644e-02,2.21099791e+04,4.64862048e-03,7.11583709e-01,7.11583709e-01,6.90064297e-02,2.76025719e-01,1.89689038e-04,2.27626846e-03,2.12667068e-06,2.76467188e-05,4.52677944e-08,5.88481328e-07,5.69940712e-05,7.97916997e-04,2.64620542e-07,3.96930813e-06,5.86983816e-13,8.21777342e-12,3.23267476e-10,4.84901214e-09,3.61384417e-04,5.78215067e-03,1.37630048e-07,2.33971082e-06,5.44508110e-07,9.80114598e-06,3.62396263e-10,6.16073648e-09,1.76393422e-13,3.17508160e-12,7.16245410e-05,1.43249082e-03
1.46825725e-03,9.12801742e-02,2.21099779e+04,4.66831887e-03,7.11583689e-01,7.11583689e-01,6.90064469e-02,2.76025788e-01,1.89694383e-04,2.27633260e-03,2.12657336e-06,2.76454536e-05,4.79722701e-08,6.23639511e-07,5.69941506e-05,7.97918109e-04,2.65724295e-07,3.98586443e-06,6.59205161e-13,9.22887225e-12,3.42576702e-10,5.13865053e-09,3.61384398e-04,5.78215036e-03,1.37628629e-07,2.33968669e-06,5.35298303e-07,9.63536945e-06,3.84042361e-10,6.52872014e-09,1.86924877e-13,3.36464778e-12,7.16245411e-05,1.43249082e-03
1.55595678e-03,9.12801846e-02,2.21099766e+04,4.68564402e-03,7.11583668e-01,7.11583668e-01,6.90064651e-02,2.76025860e-01,1.89700081e-04,2.27640097e-03,2.12647023e-06,2.76441130e-05,5.08383664e-08,6.60898764e-07,5.69942348e-05,7.97919287e-04,2.66691659e-07,4.00037489e-06,7.40312915e-13,1.03643808e-11,3.63039317e-10,5.44558976e-09,3.61384378e-04,5.78215004e-03,1.37627125e-07,2.33966112e-06,5.25708326e-07,9.46274987e-06,4.06981393e-10,6.91868369e-09,1.98084815e-13,3.56552667e-12,7.16245411e-05,1.43249082e-03
1.64889462e-03,9.12801957e-02,2.21099752e+04,4.70020249e-03,7.11583646e-01,7.11583646e-01,6.90064841e-02,2.76025937e-01,1.89706149e-04,2.27647379e-03,2.12636095e-06,2.76426923e-05,5.38757477e-08,7.00384720e-07,5.69943240e-05,7.97920536e-04,2.67500143e-07,4.01250215e-06,8.31400585e-13,1.16396082e-11,3.84724220e-10,5.77086329e-09,3.61384356e-04,5.78214970e-03,1.37625531e-07,2.33963403e-06,5.15732957e-07,9.28319322e-06,4.31290588e-10,7.33193999e-09,2.09910707e-13,3.77839273e-12,7.16245412e-05,1.43249082e-03
1.74738368e-03,9.12802073e-02,2.21099737e+04,4.71157316e-03,7.11583623e-01,7.11583623e-01,6.90065042e-02,2.76026017e-01,1.89712606e-04,2.27655127e-03,2.12624515e-06,2.76411869e-05,5.70946565e-08,7.42230535e-07,5.69944185e-05,7.97921859e-04,2.68125672e-07,4.02188509e-06,9.33696254e-13,1.30717476e-11,4.07704422e-10,6.11556633e-09,3.61384334e-04,5.78214934e-03,1.37623842e-07,2.33960531e-06,5.05368237e-07,9.09662826e-06,4.57051785e-10,7.76988034e-09,2.22442252e-13,4.00396054e-12,7.16245413e-05,1.43249083e-03
1.85175553e-03,9.12802197e-02,2.21099721e+04,4.71930815e-03,7.11583598e-01,7.11583598e-01,6.90065252e-02,2.76026101e-01,1.89719468e-04,2.27663362e-03,2.12612243e-06,2.76395916e-05,6.05059488e-08,7.86577335e-07,5.69945186e-05,7.97923261e-04,2.68542644e-07,4.02813966e-06,1.04857915e-12,1.46801081e-11,4.32057301e-10,6.48085951e-09,3.61384310e-04,5.78214896e-03,1.37622052e-07,2.33957488e-06,4.94611650e-07,8.90300969e-06,4.84351715e-10,8.23397915e-09,2.35721512e-13,4.24298722e-12,7.16245413e-05,1.43249083e-03
1.96236154e-03,9.12802328e-02,2.21099704e+04,4.72293464e-03,7.11583572e-01,7.11583572e-01,6.90065472e-02,2.76026189e-01,1.89726752e-04,2.27672103e-03,2.12599240e-06,2.76379012e-05,6.41211304e-08,8.33574696e-07,5.69946247e-05,7.97924746e-04,2.68724028e-07,4.03086042e-06,1.17759824e-12,1.64863753e-11,4.57864853e-10,6.86797279e-09,3.61384285e-04,5.78214856e-03,1.37620155e-07,2.33954264e-06,4.83462308e-07,8.70232155e-06,5.13282287e-10,8.72579889e-09,2.49793050e-13,4.49627490e-12,7.16245414e-05,1.43249083e-03
2.07957409e-03,9.12802468e-02,2.21099687e+04,4.72195734e-03,7.11583545e-01,7.11583545e-01,6.90065703e-02,2.76026281e-01,1.89734473e-04,2.27681368e-03,2.12585461e-06,2.76361099e-05,6.79523960e-08,8.83381149e-07,5.69947372e-05,7.97926321e-04,2.68641510e-07,4.02962265e-06,1.32249314e-12,1.85149040e-11,4.85213975e-10,7.27820962e-09,3.61384258e-04,5.78214813e-03,1.37618145e-07,2.33950847e-06,4.71921152e-07,8.49458074e-06,5.43940902e-10,9.24699534e-09,2.64704079e-13,4.76467341e-12,7.16245415e-05,1.43249083e-03
2.20378778e-03,9.12802615e-02,2.21099668e+04,4.71586178e-03,7.11583517e-01,7.11583517e-01,6.90065944e-02,2.76026378e-01,1.89742645e-04,2.27691174e-03,2.12570860e-06,2.76342117e-05,7.20126706e-08,9.36164717e-07,5.69948563e-05,7.97927989e-04,2.68265675e-07,4.02398513e-06,1.48521758e-12,2.07930461e-11,5.14196755e-10,7.71295133e-09,3.61384230e-04,5.78214768e-03,1.37616015e-07,2.33947226e-06,4.59991151e-07,8.27984071e-06,5.76430778e-10,9.79932322e-09,2.80504617e-13,5.04908310e-12,7.16245416e-05,1.43249083e-03
2.33542081e-03,9.12802771e-02,2.21099648e+04,4.70411862e-03,7.11583487e-01,7.11583487e-01,6.90066196e-02,2.76026479e-01,1.89751279e-04,2.27701535e-03,2.12555387e-06,2.76322004e-05,7.63156528e-08,9.92103486e-07,5.69949826e-05,7.97929756e-04,2.67566256e-07,4.01349384e-06,1.66796575e-12,2.33515205e-11,5.44910783e-10,8.17366174e-09,3.61384200e-04,5.78214720e-03,1.37613758e-07,2.33943389e-06,4.47677512e-07,8.05819522e-06,6.10861296e-10,1.03846420e-08,2.97247656e-13,5.35045781e-12,7.16245417e-05,1.43249083e-03
2.47491632e-03,9.12802937e-02,2.21099627e+04,4.68618889e-03,7.11583456e-01,7.11583456e-01,6.90066460e-02,2.76026584e-01,1.89760384e-04,2.27712460e-03,2.12538992e-06,2.76300690e-05,8.08758618e-08,1.05138620e-06,5.69951164e-05,7.97931629e-04,2.66512431e-07,3.99768646e-06,1.87320192e-12,2.62248269e-11,5.77459478e-10,8.66189216e-09,3.61384168e-04,5.78214669e-03,1.37611366e-07,2.33939323e-06,4.34987896e-07,7.82978213e-06,6.47348374e-10,1.10049224e-08,3.14989337e-13,5.66980807e-12,7.16245418e-05,1.43249084e-03
2.62274395e-03,9.12803112e-02,2.21099605e+04,4.66153046e-03,7.11583424e-01,7.11583424e-01,6.90066734e-02,2.76026694e-01,1.89769964e-04,2.27723957e-03,2.12521619e-06,2.76278105e-05,8.57086860e-08,1.11421292e-06,5.69952582e-05,7.97933614e-04,2.65073190e-07,3.97609784e-06,2.10369368e-12,2.94517116e-11,6.11952438e-10,9.17928657e-09,3.61384134e-04,5.78214615e-03,1.37608832e-07,2.33935014e-06,4.21932625e-07,7.59478725e-06,6.86014853e-10,1.16622525e-08,3.33789133e-13,6.00820439e-12,7.16245419e-05,1.43249084e-03
2.77940137e-03,9.12803298e-02,2.21099581e+04,4.62960555e-03,7.11583390e-01,7.11583390e-01,6.90067020e-02,2.76026808e-01,1.89780022e-04,2.27736027e-03,2.12503210e-06,2.76254173e-05,9.08304352e-08,1.18079566e-06,5.69954084e-05,7.97935717e-04,2.63217764e-07,3.94826646e-06,2.36254928e-12,3.30756899e-11,6.48505811e-10,9.72758717e-09,3.61384098e-04,5.78214557e-03,1.37606146e-07,2.33930448e-06,4.08524892e-07,7.35344805e-06,7.26990911e-10,1.23588455e-08,3.53710048e-13,6.36678087e-12,7.16245420e-05,1.43249084e-03
2.94541600e-03,9.12803495e-02,2.21099556e+04,4.58988955e-03,7.11583355e-01,7.11583355e-01,6.90067317e-02,2.76026927e-01,1.89790554e-04,2.27748665e-03,2.12483704e-06,2.76228815e-05,9.62583956e-08,1.25135914e-06,5.69955675e-05,7.97937946e-04,2.60916130e-07,3.91374194e-06,2.65325957e-12,3.71456339e-11,6.87242683e-10,1.03086402e-08,3.61384060e-04,5.78214496e-03,1.37603300e-07,2.33925609e-06,3.94780958e-07,7.10605724e-06,7.70414502e-10,1.30970465e-08,3.74818827e-13,6.74673888e-12,7.16245421e-05,1.43249084e-03
3.12134673e-03,9.12803704e-02,2.21099530e+04,4.54188100e-03,7.11583318e-01,7.11583318e-01,6.90067625e-02,2.76027050e-01,1.89801551e-04,2.27761861e-03,2.12463034e-06,2.76201944e-05,1.02010888e-07,1.32614155e-06,5.69957362e-05,7.97940307e-04,2.58139571e-07,3.87209357e-06,2.97974511e-12,4.17164315e-11,7.28293492e-10,1.09244024e-08,3.61384020e-04,5.78214432e-03,1.37600283e-07,2.33920482e-06,3.80720341e-07,6.85296614e-06,8.16431819e-10,1.38793409e-08,3.97186172e-13,7.14935110e-12,7.16245423e-05,1.43249085e-03
3.30778588e-03,9.12803925e-02,2.21099502e+04,4.48511269e-03,7.11583280e-01,7.11583280e-01,6.90067943e-02,2.76027177e-01,1.89812997e-04,2.27775597e-03,2.12441131e-06,2.76173471e-05,1.08107331e-07,1.40539530e-06,5.69959149e-05,7.97942809e-04,2.54861320e-07,3.82291980e-06,3.34640909e-12,4.68497272e-11,7.71796474e-10,1.15769471e-08,3.61383977e-04,5.78214363e-03,1.37597087e-07,2.33915049e-06,3.66365984e-07,6.59458772e-06,8.65197791e-10,1.47083624e-08,4.20886980e-13,7.57596564e-12,7.16245424e-05,1.43249085e-03
3.50536110e-03,9.12804159e-02,2.21099472e+04,4.41916374e-03,7.11583240e-01,7.11583240e-01,6.90068273e-02,2.76027309e-01,1.89824870e-04,2.27789845e-03,2.12417923e-06,2.76143300e-05,1.14568303e-07,1.48938794e-06,5.69961043e-05,7.97945460e-04,2.51057236e-07,3.76585854e-06,3.75819671e-12,5.26147540e-11,8.17898119e-10,1.22684718e-08,3.61383932e-04,5.78214291e-03,1.37593701e-07,2.33909291e-06,3.51744397e-07,6.33139914e-06,9.16876598e-10,1.55869022e-08,4.46000586e-13,8.02801054e-12,7.16245425e-05,1.43249085e-03
3.71473756e-03,9.12804408e-02,2.21099440e+04,4.34367447e-03,7.11583199e-01,7.11583199e-01,6.90068613e-02,2.76027445e-01,1.89837139e-04,2.27804567e-03,2.12393332e-06,2.76111332e-05,1.21415616e-07,1.57840301e-06,5.69963049e-05,7.97948269e-04,2.46706659e-07,3.70059989e-06,4.22066195e-12,5.90892673e-11,8.66753675e-10,1.30013051e-08,3.61383883e-04,5.78214213e-03,1.37590112e-07,2.33903190e-06,3.36885737e-07,6.06394326e-06,9.71642227e-10,1.65179179e-08,4.72611024e-13,8.50699844e-12,7.16245427e-05,1.43249085e-03
3.93662014e-03,9.12804671e-02,2.21099407e+04,4.25835684e-03,7.11583157e-01,7.11583157e-01,6.90068962e-02,2.76027585e-01,1.89849763e-04,2.27819715e-03,2.12367275e-06,2.76077458e-05,1.28672384e-07,1.67274100e-06,5.69965175e-05,7.97951246e-04,2.41793003e-07,3.62689504e-06,4.74004250e-12,6.63605950e-11,9.18527662e-10,1.37779149e-08,3.61383832e-04,5.78214131e-03,1.37586309e-07,2.33896725e-06,3.21823950e-07,5.79283109e-06,1.02967906e-09,1.75045440e-08,5.00807308e-13,9.01453154e-12,7.16245428e-05,1.43249086e-03
4.17175586e-03,9.12804950e-02,2.21099371e+04,4.16301191e-03,7.11583113e-01,7.11583113e-01,6.90069320e-02,2.76027728e-01,1.89862691e-04,2.27835230e-03,2.12339666e-06,2.76041565e-05,1.36363105e-07,1.77272037e-06,5.69967428e-05,7.97954399e-04,2.36304747e-07,3.54457120e-06,5.32334394e-12,7.45268152e-11,9.73394435e-10,1.46009165e-08,3.61383778e-04,5.78214044e-03,1.37582279e-07,2.33889874e-06,3.06596725e-07,5.51874104e-06,1.09118249e-09,1.85501024e-08,5.30683716e-13,9.55230688e-12,7.16245430e-05,1.43249086e-03
4.42093631e-03,9.12805246e-02,2.21099334e+04,4.05754471e-03,7.11583068e-01,7.11583068e-01,6.90069687e-02,2.76027875e-01,1.89875863e-04,2.27851036e-03,2.12310411e-06,2.76003534e-05,1.44513740e-07,1.87867863e-06,5.69969815e-05,7.97957741e-04,2.30236286e-07,3.45354429e-06,5.97843428e-12,8.36980799e-11,1.03153876e-09,1.54730814e-08,3.61383720e-04,5.78213951e-03,1.37578009e-07,2.33882615e-06,2.91245449e-07,5.24241809e-06,1.15635959e-09,1.96581130e-08,5.62340105e-13,1.01221219e-11,7.16245432e-05,1.43249086e-03
4.68500040e-03,9.12805559e-02,2.21099294e+04,3.94197483e-03,7.11583022e-01,7.11583022e-01,6.90070061e-02,2.76028025e-01,1.89889205e-04,2.27867046e-03,2.12279413e-06,2.75963237e-05,1.53151801e-07,1.99097342e-06,5.69972344e-05,7.97961281e-04,2.23588533e-07,3.35382800e-06,6.71415013e-12,9.39981018e-11,1.09315646e-09,1.63973469e-08,3.61383658e-04,5.78213853e-03,1.37573484e-07,2.33874922e-06,2.75815206e-07,4.96467371e-06,1.22542978e-09,2.08323062e-08,5.95882237e-13,1.07258803e-11,7.16245434e-05,1.43249087e-03
4.96483713e-03,9.12805891e-02,2.21099252e+04,3.81645483e-03,7.11582975e-01,7.11582975e-01,6.90070442e-02,2.76028177e-01,1.89902631e-04,2.27883158e-03,2.12246569e-06,2.75920540e-05,1.62306442e-07,2.10998374e-06,5.69975023e-05,7.97965033e-04,2.16369967e-07,3.24554950e-06,7.54041593e-12,1.05565823e-10,1.15845503e-09,1.73768255e-08,3.61383592e-04,5.78213748e-03,1.37568689e-07,2.33866771e-06,2.60354462e-07,4.68638032e-06,1.29862561e-09,2.20766354e-08,6.31422119e-13,1.13655981e-11,7.16245436e-05,1.43249087e-03
5.26138860e-03,9.12806243e-02,2.21099207e+04,3.68127859e-03,7.11582926e-01,7.11582926e-01,6.90070828e-02,2.76028331e-01,1.89916043e-04,2.27899252e-03,2.12211769e-06,2.75875300e-05,1.72008556e-07,2.23611122e-06,5.69977862e-05,7.97969007e-04,2.08597107e-07,3.12895661e-06,8.46837787e-12,1.18557290e-10,1.22765440e-09,1.84148160e-08,3.61383523e-04,5.78213636e-03,1.37563608e-07,2.33858133e-06,2.44914917e-07,4.40846850e-06,1.37619352e-09,2.33952898e-08,6.69078374e-13,1.20434107e-11,7.16245438e-05,1.43249088e-03
5.57565321e-03,9.12806616e-02,2.21099160e+04,3.53689165e-03,7.11582877e-01,7.11582877e-01,6.90071217e-02,2.76028487e-01,1.89929328e-04,2.27915194e-03,2.12174897e-06,2.75827366e-05,1.82290878e-07,2.36978141e-06,5.69980870e-05,7.97973219e-04,2.00295104e-07,3.00442656e-06,9.51055429e-12,1.33147760e-10,1.30098762e-09,1.95148143e-08,3.61383449e-04,5.78213518e-03,1.37558224e-07,2.33848980e-06,2.29551148e-07,4.13192067e-06,1.45839465e-09,2.47927091e-08,7.08976622e-13,1.27615792e-11,7.16245440e-05,1.43249088e-03
5.90868894e-03,9.12807011e-02,2.21099110e+04,3.38390048e-03,7.11582826e-01,7.11582826e-01,6.90071609e-02,2.76028644e-01,1.89942361e-04,2.27930833e-03,2.12135830e-06,2.75776579e-05,1.93188094e-07,2.51144522e-06,5.69984057e-05,7.97977680e-04,1.91498267e-07,2.87247400e-06,1.06810045e-11,1.49534063e-10,1.37870167e-09,2.06805251e-08,3.61383370e-04,5.78213391e-03,1.37552518e-07,2.33839281e-06,2.14320122e-07,3.85776220e-06,1.54550576e-09,2.62735979e-08,7.51249892e-13,1.35224981e-11,7.16245443e-05,1.43249089e-03
6.26161702e-03,9.12807430e-02,2.21099057e+04,3.22307500e-03,7.11582775e-01,7.11582775e-01,6.90072002e-02,2.76028801e-01,1.89955002e-04,2.27946003e-03,2.12094437e-06,2.75722769e-05,2.04736954e-07,2.66158040e-06,5.69987434e-05,7.97982408e-04,1.82250205e-07,2.73375307e-06,1.19955185e-11,1.67937259e-10,1.46105830e-09,2.19158746e-08,3.61383286e-04,5.78213257e-03,1.37546473e-07,2.33829004e-06,1.99280680e-07,3.58705224e-06,1.63782013e-09,2.78429423e-08,7.96039047e-13,1.43287028e-11,7.16245445e-05,1.43249089e-03
6.63562562e-03,9.12807874e-02,2.21099000e+04,3.05534703e-03,7.11582724e-01,7.11582724e-01,6.90072394e-02,2.76028958e-01,1.89967101e-04,2.27960521e-03,2.12050582e-06,2.75665756e-05,2.16976393e-07,2.82069311e-06,5.69991011e-05,7.97987416e-04,1.72603741e-07,2.58905611e-06,1.34718299e-11,1.88605619e-10,1.54833490e-09,2.32250235e-08,3.61383196e-04,5.78213114e-03,1.37540067e-07,2.33818115e-06,1.84492970e-07,3.32087346e-06,1.73564857e-09,2.95060258e-08,8.43493243e-13,1.51828784e-11,7.16245448e-05,1.43249090e-03
7.03197389e-03,9.12808344e-02,2.21098940e+04,2.88180684e-03,7.11582672e-01,7.11582672e-01,6.90072783e-02,2.76029113e-01,1.89978494e-04,2.27974193e-03,2.12004116e-06,2.75605351e-05,2.29947660e-07,2.98931958e-06,5.69994801e-05,7.97992722e-04,1.62620710e-07,2.43931064e-06,1.51298551e-11,2.11817972e-10,1.64082543e-09,2.46123815e-08,3.61383101e-04,5.78212961e-03,1.37533280e-07,2.33806576e-06,1.70017670e-07,3.06031806e-06,1.83932045e-09,3.12684476e-08,8.93770407e-13,1.60878673e-11,7.16245451e-05,1.43249090e-03
7.45199617e-03,9.12808842e-02,2.21098877e+04,2.70369227e-03,7.11582619e-01,7.11582619e-01,6.90073167e-02,2.76029267e-01,1.89989007e-04,2.27986808e-03,2.11954887e-06,2.75541354e-05,2.43694454e-07,3.16802791e-06,5.69998817e-05,7.97998343e-04,1.52371344e-07,2.28557016e-06,1.69919619e-11,2.37887466e-10,1.73884143e-09,2.60826215e-08,3.61382999e-04,5.78212799e-03,1.37526088e-07,2.33794349e-06,1.55915192e-07,2.80647345e-06,1.94918480e-09,3.31361417e-08,9.47037747e-13,1.70466794e-11,7.16245454e-05,1.43249091e-03
7.89710654e-03,9.12809371e-02,2.21098810e+04,2.52237326e-03,7.11582567e-01,7.11582567e-01,6.90073545e-02,2.76029418e-01,1.89998457e-04,2.27998148e-03,2.11902731e-06,2.75473550e-05,2.58263065e-07,3.35741984e-06,5.70003071e-05,7.98004299e-04,1.41933385e-07,2.12900078e-06,1.90832707e-11,2.67165790e-10,1.84271306e-09,2.76406959e-08,3.61382891e-04,5.78212625e-03,1.37518467e-07,2.33781394e-06,1.42244753e-07,2.56040556e-06,2.06561153e-09,3.51153961e-08,1.00347228e-12,1.80625011e-11,7.16245457e-05,1.43249091e-03
8.36880350e-03,9.12809930e-02,2.21098739e+04,2.33932977e-03,7.11582514e-01,7.11582514e-01,6.90073914e-02,2.76029566e-01,1.90006654e-04,2.28007985e-03,2.11847474e-06,2.75401716e-05,2.73702524e-07,3.55813281e-06,5.70007577e-05,7.98010608e-04,1.31390829e-07,1.97086244e-06,2.14319938e-11,3.00047913e-10,1.95279021e-09,2.92918532e-08,3.61382776e-04,5.78212441e-03,1.37510392e-07,2.33767666e-06,1.29063457e-07,2.32314222e-06,2.18899263e-09,3.72128746e-08,1.06326142e-12,1.91387055e-11,7.16245460e-05,1.43249092e-03
8.86867510e-03,9.12810523e-02,2.21098664e+04,2.15612482e-03,7.11582461e-01,7.11582461e-01,6.90074273e-02,2.76029709e-01,1.90013404e-04,2.28016085e-03,2.11788932e-06,2.75325612e-05,2.90064768e-07,3.77084199e-06,5.70012351e-05,7.98017292e-04,1.20832386e-07,1.81248579e-06,2.40698146e-11,3.36977404e-10,2.06944370e-09,3.10416555e-08,3.61382653e-04,5.78212244e-03,1.37501836e-07,2.33753120e-06,1.16425277e-07,2.09565499e-06,2.31974349e-09,3.94356393e-08,1.12660352e-12,2.02788634e-11,7.16245464e-05,1.43249093e-03
9.39840419e-03,9.12811152e-02,2.21098584e+04,1.97437224e-03,7.11582409e-01,7.11582409e-01,6.90074619e-02,2.76029848e-01,1.90018511e-04,2.28022214e-03,2.11726912e-06,2.75244986e-05,3.07404805e-07,3.99626247e-06,5.70017409e-05,7.98024373e-04,1.10349642e-07,1.65524463e-06,2.70323154e-11,3.78452415e-10,2.19306650e-09,3.28959975e-08,3.61382522e-04,5.78212035e-03,1.37492770e-07,2.33737708e-06,1.04380041e-07,1.87884073e-06,2.45830434e-09,4.17911738e-08,1.19370858e-12,2.14867544e-11,7.16245468e-05,1.43249094e-03
9.95977420e-03,9.12811818e-02,2.21098499e+04,1.79570013e-03,7.11582357e-01,7.11582357e-01,6.90074951e-02,2.76029980e-01,1.90021780e-04,2.28026136e-03,2.11661209e-06,2.75159571e-05,3.25780894e-07,4.23515162e-06,5.70022767e-05,7.98031874e-04,1.00034975e-07,1.50052463e-06,3.03594560e-11,4.25032384e-10,2.32407508e-09,3.48611262e-08,3.61382382e-04,5.78211812e-03,1.37483164e-07,2.33721378e-06,9.29724028e-08,1.67350325e-06,2.60514170e-09,4.42874089e-08,1.26479884e-12,2.27663791e-11,7.16245472e-05,1.43249094e-03
1.05546750e-02,9.12812524e-02,2.21098410e+04,1.62171110e-03,7.11582306e-01,7.11582306e-01,6.90075267e-02,2.76030107e-01,1.90023020e-04,2.28027624e-03,2.11591603e-06,2.75069084e-05,3.45254735e-07,4.48831155e-06,5.70028443e-05,7.98039820e-04,8.99792899e-08,1.34968935e-06,3.40961122e-11,4.77345571e-10,2.46291081e-09,3.69436622e-08,3.61382234e-04,5.78211574e-03,1.37472985e-07,2.33704075e-06,8.22409002e-08,1.48033620e-06,2.76074996e-09,4.69327493e-08,1.34010951e-12,2.41219712e-11,7.16245476e-05,1.43249095e-03
1.11851095e-02,9.12813272e-02,2.21098315e+04,1.45394097e-03,7.11582255e-01,7.11582255e-01,6.90075566e-02,2.76030226e-01,1.90022047e-04,2.28026457e-03,2.11517866e-06,2.74973226e-05,3.65891668e-07,4.75659169e-06,5.70034455e-05,7.98048236e-04,8.02696592e-08,1.20404489e-06,3.82926796e-11,5.36097515e-10,2.61004146e-09,3.91506219e-08,3.61382076e-04,5.78211321e-03,1.37462201e-07,2.33685742e-06,7.22169824e-08,1.29990568e-06,2.92565303e-09,4.97361015e-08,1.41988952e-12,2.55580113e-11,7.16245480e-05,1.43249096e-03
1.18532001e-02,9.12814065e-02,2.21098214e+04,1.29381647e-03,7.11582205e-01,7.11582205e-01,6.90075846e-02,2.76030338e-01,1.90018688e-04,2.28022426e-03,2.11439754e-06,2.74871681e-05,3.87760890e-07,5.04089158e-06,5.70040823e-05,7.98057152e-04,7.09869133e-08,1.06480370e-06,4.30057523e-11,6.02080533e-10,2.76596275e-09,4.14894412e-08,3.61381908e-04,5.78211052e-03,1.37450775e-07,2.33666317e-06,6.29242760e-08,1.13263697e-06,3.10040613e-09,5.27069042e-08,1.50440226e-12,2.70792407e-11,7.16245485e-05,1.43249097e-03
1.25611959e-02,9.12814905e-02,2.21098107e+04,1.14261624e-03,7.11582155e-01,7.11582155e-01,6.90076106e-02,2.76030443e-01,1.90012782e-04,2.28015339e-03,2.11357009e-06,2.74764112e-05,4.10935676e-07,5.34216379e-06,5.70047569e-05,7.98066596e-04,6.22034158e-08,9.33051238e-07,4.82988839e-11,6.76184375e-10,2.93120005e-09,4.39680008e-08,3.61381728e-04,5.78210765e-03,1.37438668e-07,2.33645736e-06,5.43779791e-08,9.78803624e-07,3.28559765e-09,5.58551601e-08,1.59392643e-12,2.86906757e-11,7.16245490e-05,1.43249098e-03
1.33114806e-02,9.12815795e-02,2.21097994e+04,1.00143499e-03,7.11582107e-01,7.11582107e-01,6.90076346e-02,2.76030539e-01,1.90004183e-04,2.28005020e-03,2.11269359e-06,2.74650166e-05,4.35493620e-07,5.66141705e-06,5.70054714e-05,7.98076599e-04,5.39810181e-08,8.09715272e-07,5.42434427e-11,7.59408198e-10,3.10631017e-09,4.65946525e-08,3.61381538e-04,5.78210460e-03,1.37425841e-07,2.33623930e-06,4.65843843e-08,8.38518917e-07,3.48185112e-09,5.91914691e-08,1.68875688e-12,3.03976239e-11,7.16245496e-05,1.43249099e-03
1.41065800e-02,9.12816739e-02,2.21097874e+04,8.71153036e-04,7.11582058e-01,7.11582058e-01,6.90076565e-02,2.76030626e-01,1.89992762e-04,2.27991315e-03,2.11176514e-06,2.74529468e-05,4.61516885e-07,5.99971950e-06,5.70062282e-05,7.98087195e-04,4.63693186e-08,6.95539779e-07,6.09195714e-11,8.52874000e-10,3.29188318e-09,4.93782477e-08,3.61381335e-04,5.78210136e-03,1.37412251e-07,2.33600827e-06,3.95406360e-08,7.11731447e-07,3.68982733e-09,6.27270645e-08,1.78920554e-12,3.22056997e-11,7.16245501e-05,1.43249100e-03
1.49491710e-02,9.12817738e-02,2.21097748e+04,7.52413605e-04,7.11582011e-01,7.11582011e-01,6.90076764e-02,2.76030705e-01,1.89978408e-04,2.27974090e-03,2.11078169e-06,2.74401620e-05,4.89092477e-07,6.35820220e-06,5.70070297e-05,7.98098416e-04,3.94043718e-08,5.91065577e-07,6.84172645e-11,9.57841704e-10,3.48854447e-09,5.23281671e-08,3.61381119e-04,5.78209791e-03,1.37397852e-07,2.33576349e-06,3.32347911e-08,5.98226240e-07,3.91022652e-09,6.64738509e-08,1.89560233e-12,3.41208419e-11,7.16245508e-05,1.43249102e-03
1.58420903e-02,9.12818798e-02,2.21097613e+04,6.45610206e-04,7.11581963e-01,7.11581963e-01,6.90076941e-02,2.76030776e-01,1.89961028e-04,2.27953234e-03,2.10974002e-06,2.74266203e-05,5.18312524e-07,6.73806281e-06,5.70078787e-05,7.98110302e-04,3.31079611e-08,4.96619416e-07,7.68375780e-11,1.07572609e-09,3.69695684e-09,5.54543526e-08,3.61380890e-04,5.78209424e-03,1.37382597e-07,2.33550415e-06,2.76461154e-08,4.97630077e-07,4.14379081e-09,7.04444437e-08,2.00829620e-12,3.61493316e-11,7.16245514e-05,1.43249103e-03
1.67883439e-02,9.12819921e-02,2.21097470e+04,5.50882493e-04,7.11581916e-01,7.11581916e-01,6.90077098e-02,2.76030839e-01,1.89940545e-04,2.27928654e-03,2.10863672e-06,2.74122773e-05,5.49274580e-07,7.14056954e-06,5.70087778e-05,7.98122889e-04,2.74873624e-08,4.12310437e-07,8.62939871e-11,1.20811582e-09,3.91782272e-09,5.87673408e-08,3.61380646e-04,5.78209034e-03,1.37366435e-07,2.33522940e-06,2.27456206e-08,4.09421170e-07,4.39130660e-09,7.46522122e-08,2.12765617e-12,3.82978111e-11,7.16245521e-05,1.43249104e-03
1.77911176e-02,9.12821111e-02,2.21097319e+04,4.68122999e-04,7.11581869e-01,7.11581869e-01,6.90077236e-02,2.76030894e-01,1.89916899e-04,2.27900279e-03,2.10746817e-06,2.73970862e-05,5.82081941e-07,7.56706523e-06,5.70097299e-05,7.98136219e-04,2.25357245e-08,3.38035868e-07,9.69139109e-11,1.35679475e-09,4.15188657e-09,6.22782986e-08,3.61380387e-04,5.78208619e-03,1.37349312e-07,2.33493831e-06,1.84968704e-08,3.32943667e-07,4.65360731e-09,7.91113242e-08,2.25407244e-12,4.05733040e-11,7.16245528e-05,1.43249106e-03
1.88537874e-02,9.12822372e-02,2.21097159e+04,3.96994207e-04,7.11581822e-01,7.11581822e-01,6.90077355e-02,2.76030942e-01,1.89890043e-04,2.27868052e-03,2.10623055e-06,2.73809972e-05,6.16843985e-07,8.01897180e-06,5.70107383e-05,7.98150336e-04,1.82330386e-08,2.73495580e-07,1.08840423e-10,1.52376592e-09,4.39993740e-09,6.59990611e-08,3.61380112e-04,5.78208179e-03,1.37331172e-07,2.33462993e-06,1.48570587e-08,2.67427056e-07,4.93157613e-09,8.38367942e-08,2.38795753e-12,4.29832356e-11,7.16245536e-05,1.43249107e-03
1.99799308e-02,9.12823708e-02,2.21096989e+04,3.36954576e-04,7.11581775e-01,7.11581775e-01,6.90077457e-02,2.76030983e-01,1.89859940e-04,2.27831928e-03,2.10491984e-06,2.73639579e-05,6.53676528e-07,8.49779487e-06,5.70118061e-05,7.98165285e-04,1.45476187e-08,2.18214280e-07,1.22234174e-10,1.71127844e-09,4.66281143e-09,6.99421714e-08,3.61379820e-04,5.78207712e-03,1.37311954e-07,2.33430322e-06,1.17782520e-08,2.12008536e-07,5.22614903e-09,8.88445335e-08,2.52974751e-12,4.55354552e-11,7.16245544e-05,1.43249109e-03
2.11733391e-02,9.12825124e-02,2.21096810e+04,2.87291870e-04,7.11581726e-01,7.11581726e-01,6.90077544e-02,2.76031018e-01,1.89826561e-04,2.27791873e-03,2.10353175e-06,2.73459128e-05,6.92702202e-07,9.00512862e-06,5.70129367e-05,7.98181114e-04,1.14379978e-08,1.71569967e-07,1.37275546e-10,1.92185764e-09,4.94139490e-09,7.41209236e-08,3.61379510e-04,5.78207216e-03,1.37291595e-07,2.33395711e-06,9.20878841e-09,1.65758191e-07,5.53831788e-09,9.41514039e-08,2.67990327e-12,4.82382589e-11,7.16245552e-05,1.43249110e-03
2.24380301e-02,9.12826625e-02,2.21096619e+04,2.47161857e-04,7.11581677e-01,7.11581677e-01,6.90077617e-02,2.76031047e-01,1.89789877e-04,2.27747853e-03,2.10206180e-06,2.73268034e-05,7.34050851e-07,9.54266106e-06,5.70141340e-05,7.98197875e-04,8.85513020e-09,1.32826953e-07,1.54167073e-10,2.15833902e-09,5.23662713e-09,7.85494069e-08,3.61379181e-04,5.78206690e-03,1.37270027e-07,2.33359046e-06,7.09475180e-09,1.27705532e-07,5.86913382e-09,9.97752749e-08,2.83891186e-12,5.11004136e-11,7.16245561e-05,1.43249112e-03
2.37782616e-02,9.12828215e-02,2.21096417e+04,2.15630700e-04,7.11581627e-01,7.11581627e-01,6.90077677e-02,2.76031071e-01,1.89749860e-04,2.27699832e-03,2.10050521e-06,2.73065677e-05,7.77859955e-07,1.01121794e-05,5.70154016e-05,7.98215622e-04,6.74480469e-09,1.01172070e-07,1.73136162e-10,2.42390627e-09,5.54950362e-09,8.32425543e-08,3.61378832e-04,5.78206132e-03,1.37247179e-07,2.33320204e-06,5.38150099e-09,9.68670178e-08,6.21971078e-09,1.05735083e-07,3.00728788e-12,5.41311818e-11,7.16245571e-05,1.43249114e-03
2.51985456e-02,9.12829900e-02,2.21096203e+04,1.91716932e-04,7.11581575e-01,7.11581575e-01,6.90077726e-02,2.76031090e-01,1.89706475e-04,2.27647770e-03,2.09885695e-06,2.72851403e-05,8.24275073e-07,1.07155759e-05,5.70167437e-05,7.98234411e-04,5.05003294e-09,7.57504941e-08,1.94438139e-10,2.72213394e-09,5.88107949e-09,8.82161924e-08,3.61378462e-04,5.78205539e-03,1.37222976e-07,2.33279059e-06,4.01509820e-09,7.22717675e-08,6.59122927e-09,1.12050898e-07,3.18557492e-12,5.73403486e-11,7.16245581e-05,1.43249116e-03
2.67036636e-02,9.12831686e-02,2.21095976e+04,1.74432156e-04,7.11581521e-01,7.11581521e-01,6.90077767e-02,2.76031107e-01,1.89659675e-04,2.27591610e-03,2.09711170e-06,2.72624521e-05,8.73450311e-07,1.13548540e-05,5.70181645e-05,7.98254303e-04,3.71336639e-09,5.57004958e-08,2.18359672e-10,3.05703540e-09,6.23247304e-09,9.34870956e-08,3.61378070e-04,5.78204911e-03,1.37197337e-07,2.33235473e-06,2.94365387e-09,5.29857697e-08,6.98494030e-09,1.18743985e-07,3.37434713e-12,6.07382483e-11,7.16245592e-05,1.43249118e-03
2.82986829e-02,9.12833579e-02,2.21095736e+04,1.62817005e-04,7.11581465e-01,7.11581465e-01,6.90077799e-02,2.76031120e-01,1.89609403e-04,2.27531283e-03,2.09526385e-06,2.72384301e-05,9.25548816e-07,1.20321346e-05,5.70196687e-05,7.98275361e-04,2.67894210e-09,4.01841315e-08,2.45222616e-10,3.43311663e-09,6.60486951e-09,9.90730426e-08,3.61377653e-04,5.78204245e-03,1.37170179e-07,2.33189305e-06,2.11846118e-09,3.81323013e-08,7.40216963e-09,1.25836884e-07,3.57421075e-12,6.43357936e-11,7.16245604e-05,1.43249121e-03
2.99889732e-02,9.12835584e-02,2.21095481e+04,1.55971432e-04,7.11581407e-01,7.11581407e-01,6.90077826e-02,2.76031130e-01,1.89555580e-04,2.27466696e-03,2.09330748e-06,2.72129972e-05,9.80743298e-07,1.27496629e-05,5.70212609e-05,7.98297652e-04,1.89420554e-09,2.84130831e-08,2.75388327e-10,3.85543658e-09,6.99952513e-09,1.04992877e-07,3.61377212e-04,5.78203539e-03,1.37141412e-07,2.33140401e-06,1.49491202e-09,2.69084163e-08,7.84432224e-09,1.33353478e-07,3.78580583e-12,6.81445050e-11,7.16245616e-05,1.43249123e-03
3.17802252e-02,9.12837710e-02,2.21095211e+04,1.53077809e-04,7.11581345e-01,7.11581345e-01,6.90077847e-02,2.76031139e-01,1.89498113e-04,2.27397735e-03,2.09123632e-06,2.71860721e-05,1.03921658e-06,1.35098155e-05,5.70229462e-05,7.98321247e-04,1.31122367e-09,1.96683550e-08,3.09262496e-10,4.32967495e-09,7.41777137e-09,1.11266571e-07,3.61376744e-04,5.78202791e-03,1.37110942e-07,2.33088601e-06,1.03314554e-09,1.85966197e-08,8.31288707e-09,1.41319080e-07,4.00980790e-12,7.21765421e-11,7.16245629e-05,1.43249126e-03
3.36784693e-02,9.12839962e-02,2.21094925e+04,1.53416412e-04,7.11581281e-01,7.11581281e-01,6.90077865e-02,2.76031146e-01,1.89436883e-04,2.27324260e-03,2.08904377e-06,2.71575690e-05,1.10116216e-06,1.43151080e-05,5.70247300e-05,7.98346220e-04,8.87563264e-10,1.33134490e-08,3.47300589e-10,4.86220824e-09,7.86101948e-09,1.17915292e-07,3.61376248e-04,5.78201997e-03,1.37078668e-07,2.33033736e-06,6.98419885e-10,1.25715579e-08,8.80944200e-09,1.49760514e-07,4.24692976e-12,7.64447357e-11,7.16245642e-05,1.43249128e-03
3.56900962e-02,9.12842349e-02,2.21094622e+04,1.56373481e-04,7.11581213e-01,7.11581213e-01,6.90077881e-02,2.76031152e-01,1.89371752e-04,2.27246102e-03,2.08672287e-06,2.71273973e-05,1.16678484e-06,1.51682029e-05,5.70266178e-05,7.98372650e-04,5.86746500e-10,8.80119750e-09,3.90013935e-10,5.46019508e-09,8.33076525e-09,1.24961479e-07,3.61375723e-04,5.78201156e-03,1.37044485e-07,2.32975625e-06,4.61219148e-10,8.30194466e-09,9.33565921e-09,1.58706206e-07,4.49792341e-12,8.09626213e-11,7.16245657e-05,1.43249131e-03
3.78218782e-02,9.12844879e-02,2.21094301e+04,1.61442449e-04,7.11581141e-01,7.11581141e-01,6.90077894e-02,2.76031158e-01,1.89302556e-04,2.27163067e-03,2.08426626e-06,2.70954614e-05,1.23630137e-06,1.60719178e-05,5.70286157e-05,7.98400619e-04,3.78315942e-10,5.67473912e-09,4.37976573e-10,6.13167202e-09,8.82859411e-09,1.32428912e-07,3.61375166e-04,5.78200265e-03,1.37008282e-07,2.32914079e-06,2.97115859e-10,5.34808546e-09,9.89331078e-09,1.68186283e-07,4.76358186e-12,8.57444735e-11,7.16245672e-05,1.43249134e-03
4.00809924e-02,9.12847559e-02,2.21093961e+04,1.68219519e-04,7.11581065e-01,7.11581065e-01,6.90077906e-02,2.76031162e-01,1.89229110e-04,2.27074932e-03,2.08166620e-06,2.70616606e-05,1.30994108e-06,1.70292340e-05,5.70307297e-05,7.98430215e-04,2.37578122e-10,3.56367183e-09,4.91832926e-10,6.88566097e-09,9.35618654e-09,1.40342798e-07,3.61374575e-04,5.78199320e-03,1.36969939e-07,2.32848897e-06,1.86435087e-10,3.35583157e-09,1.04842747e-08,1.78232670e-07,5.04474125e-12,9.08053424e-11,7.16245688e-05,1.43249138e-03
4.24750442e-02,9.12850400e-02,2.21093600e+04,1.76394996e-04,7.11580985e-01,7.11580985e-01,6.90077917e-02,2.76031167e-01,1.89151205e-04,2.26981446e-03,2.07891452e-06,2.70258887e-05,1.38794665e-06,1.80433064e-05,5.70329664e-05,7.98461530e-04,1.45103578e-10,2.17655367e-09,5.52306415e-10,7.73228982e-09,9.91532374e-09,1.48729856e-07,3.61373950e-04,5.78198319e-03,1.36929333e-07,2.32779866e-06,1.13770516e-10,2.04786929e-09,1.11105412e-08,1.88879201e-07,5.34228278e-12,9.61610901e-11,7.16245706e-05,1.43249141e-03
4.50120936e-02,9.12853410e-02,2.21093218e+04,1.85741802e-04,7.11580901e-01,7.11580901e-01,6.90077928e-02,2.76031171e-01,1.89068610e-04,2.26882332e-03,2.07600260e-06,2.69880338e-05,1.47057480e-06,1.91174724e-05,5.70353328e-05,7.98494660e-04,8.60669463e-11,1.29100419e-09,6.20209121e-10,8.68292770e-09,1.05078937e-08,1.57618406e-07,3.61373286e-04,5.78197258e-03,1.36886331e-07,2.32706763e-06,6.74074756e-11,1.21333456e-09,1.17742194e-08,2.00161730e-07,5.65713493e-12,1.01828429e-10,7.16245724e-05,1.43249145e-03
4.77006819e-02,9.12856601e-02,2.21092813e+04,1.96102635e-04,7.11580811e-01,7.11580811e-01,6.90077939e-02,2.76031176e-01,1.88981072e-04,2.26777286e-03,2.07292138e-06,2.69479779e-05,1.55809712e-06,2.02552625e-05,5.70378362e-05,7.98529706e-04,4.95087719e-11,7.42631578e-10,6.96452630e-10,9.75033682e-09,1.11358977e-08,1.67038466e-07,3.61372584e-04,5.78196134e-03,1.36840794e-07,2.32629351e-06,3.87075092e-11,6.96735166e-10,1.24775445e-08,2.12118256e-07,5.99027558e-12,1.07824960e-10,7.16245743e-05,1.43249149e-03
5.05498605e-02,9.12859981e-02,2.21092383e+04,2.07376997e-04,7.11580716e-01,7.11580716e-01,6.90077950e-02,2.76031180e-01,1.88888316e-04,2.26665979e-03,2.06966130e-06,2.69055969e-05,1.65080086e-06,2.14604111e-05,5.70404841e-05,7.98566777e-04,2.75893695e-11,4.13840542e-10,7.82060194e-10,1.09488427e-08,1.18014571e-08,1.77021857e-07,3.61371839e-04,5.78194942e-03,1.36792575e-07,2.32547378e-06,2.15019486e-11,3.87035075e-10,1.32228851e-08,2.24789047e-07,6.34273423e-12,1.14169216e-10,7.16245764e-05,1.43249153e-03
5.35692215e-02,9.12863564e-02,2.21091928e+04,2.19509048e-04,7.11580615e-01,7.11580615e-01,6.90077962e-02,2.76031185e-01,1.88790048e-04,2.26548057e-03,2.06621232e-06,2.68607601e-05,1.74898982e-06,2.27368676e-05,5.70432846e-05,7.98605984e-04,1.48894393e-11,2.23341590e-10,8.78180381e-10,1.22945253e-08,1.25068205e-08,1.87602307e-07,3.61371049e-04,5.78193679e-03,1.36741518e-07,2.32460580e-06,1.15317084e-11,2.07570752e-10,1.40127518e-08,2.38216780e-07,6.71559432e-12,1.20880698e-10,7.16245785e-05,1.43249157e-03
5.67689301e-02,9.12867361e-02,2.21091446e+04,2.32476936e-04,7.11580509e-01,7.11580509e-01,6.90077974e-02,2.76031190e-01,1.88685951e-04,2.26423141e-03,2.06256385e-06,2.68133300e-05,1.85298525e-06,2.40888082e-05,5.70462462e-05,7.98647446e-04,7.79444502e-12,1.16916675e-10,9.86102379e-10,1.38054333e-08,1.32543713e-08,1.98815569e-07,3.61370213e-04,5.78192340e-03,1.36687458e-07,2.32368678e-06,5.95838823e-12,1.07250988e-10,1.48498047e-08,2.52446680e-07,7.10999553e-12,1.27979920e-10,7.16245808e-05,1.43249162e-03
6.01597583e-02,9.12871384e-02,2.21090935e+04,2.46283947e-04,7.11580396e-01,7.11580396e-01,6.90077987e-02,2.76031195e-01,1.88575687e-04,2.26290825e-03,2.05870477e-06,2.67631620e-05,1.96312682e-06,2.55206487e-05,5.70493776e-05,7.98691287e-04,3.98226729e-12,5.97340094e-11,1.10727317e-09,1.55018243e-08,1.40466363e-08,2.10699545e-07,3.61369326e-04,5.78190922e-03,1.36630222e-07,2.32271377e-06,2.95947454e-12,5.32705417e-11,1.57368633e-08,2.67526676e-07,7.52713610e-12,1.35488450e-10,7.16245833e-05,1.43249167e-03
6.37531220e-02,9.12875648e-02,2.21090394e+04,2.60951562e-04,7.11580276e-01,7.11580276e-01,6.90078000e-02,2.76031200e-01,1.88458900e-04,2.26150680e-03,2.05462338e-06,2.67101039e-05,2.07977362e-06,2.70370571e-05,5.70526883e-05,7.98737636e-04,2.01865145e-12,3.02797718e-11,1.24331676e-09,1.74064347e-08,1.48862939e-08,2.23294409e-07,3.61368387e-04,5.78189419e-03,1.36569627e-07,2.32168365e-06,1.40969298e-12,2.53744736e-11,1.66769154e-08,2.83507561e-07,7.96827526e-12,1.43428955e-10,7.16245859e-05,1.43249172e-03
6.75611185e-02,9.12880167e-02,2.21089820e+04,2.76514285e-04,7.11580150e-01,7.11580150e-01,6.90078014e-02,2.76031206e-01,1.88335208e-04,2.26002250e-03,2.05030740e-06,2.66539962e-05,2.20330519e-06,2.86429674e-05,5.70561879e-05,7.98786631e-04,1.05364779e-12,1.58047168e-11,1.39605583e-09,1.95447816e-08,1.57761834e-08,2.36642751e-07,3.61367391e-04,5.78187826e-03,1.36505479e-07,2.32059314e-06,6.42348093e-13,1.15622657e-11,1.76731274e-08,3.00443166e-07,8.43473555e-12,1.51825240e-10,7.16245886e-05,1.43249177e-03
7.15965680e-02,9.12884955e-02,2.21089212e+04,2.93016010e-04,7.11580015e-01,7.11580015e-01,6.90078029e-02,2.76031212e-01,1.88204210e-04,2.25845052e-03,2.04574392e-06,2.65946709e-05,2.33412265e-06,3.03435944e-05,5.70598868e-05,7.98838415e-04,6.05057108e-13,9.07585661e-12,1.56753590e-09,2.19455026e-08,1.67193146e-08,2.50789720e-07,3.61366336e-04,5.78186137e-03,1.36437575e-07,2.31943877e-06,2.79254214e-13,5.02657585e-12,1.87288552e-08,3.18390538e-07,8.92790528e-12,1.60702295e-10,7.16245915e-05,1.43249183e-03
7.58730563e-02,9.12890029e-02,2.21088568e+04,3.10507625e-04,7.11579873e-01,7.11579873e-01,6.90078045e-02,2.76031218e-01,1.88065479e-04,2.25678575e-03,2.04091940e-06,2.65319521e-05,2.47264985e-06,3.21444480e-05,5.70637956e-05,7.98893138e-04,4.11605364e-13,6.17408047e-12,1.76005249e-09,2.46407349e-08,1.77188786e-08,2.65783178e-07,3.61365217e-04,5.78184348e-03,1.36365699e-07,2.31821688e-06,1.15503085e-13,2.07905552e-12,1.98476549e-08,3.37410134e-07,9.44924080e-12,1.70086334e-10,7.16245946e-05,1.43249189e-03
8.04049808e-02,9.12895407e-02,2.21087885e+04,3.29045534e-04,7.11579723e-01,7.11579723e-01,6.90078062e-02,2.76031225e-01,1.87918565e-04,2.25502278e-03,2.03581963e-06,2.64656552e-05,2.61933457e-06,3.40513494e-05,5.70679254e-05,7.98950956e-04,3.38431519e-13,5.07647278e-12,1.97618161e-09,2.76665425e-08,1.87782578e-08,2.81673867e-07,3.61364032e-04,5.78182451e-03,1.36289624e-07,2.31692361e-06,4.53176050e-14,8.15716891e-13,2.10332956e-08,3.57566026e-07,1.00002689e-11,1.80004841e-10,7.16245979e-05,1.43249196e-03
8.52075987e-02,9.12901106e-02,2.21087161e+04,3.48690845e-04,7.11579564e-01,7.11579564e-01,6.90078079e-02,2.76031232e-01,1.87762993e-04,2.25315591e-03,2.03042974e-06,2.63955867e-05,2.77464979e-06,3.60704472e-05,5.70722882e-05,7.99012035e-04,3.19410486e-13,4.79115729e-12,2.21881383e-09,3.10633936e-08,1.99010387e-08,2.98515580e-07,3.61362776e-04,5.78180442e-03,1.36209112e-07,2.31555490e-06,1.68144703e-14,3.02660466e-13,2.22897715e-08,3.78926115e-07,1.05825891e-11,1.90486604e-10,7.16246013e-05,1.43249203e-03
9.02970787e-02,9.12907145e-02,2.21086394e+04,3.69508994e-04,7.11579395e-01,7.11579395e-01,6.90078098e-02,2.76031239e-01,1.87598259e-04,2.25117911e-03,2.02473414e-06,2.63215438e-05,2.93909498e-06,3.82082348e-05,5.70768960e-05,7.99076544e-04,3.23842011e-13,4.85763017e-12,2.49119258e-09,3.48766961e-08,2.10910231e-08,3.16365346e-07,3.61361445e-04,5.78178312e-03,1.36123909e-07,2.31410646e-06,5.88180133e-15,1.05872424e-13,2.36213155e-08,4.01562364e-07,1.11978757e-11,2.01561763e-10,7.16246050e-05,1.43249210e-03
9.56905551e-02,9.12913545e-02,2.21085582e+04,3.91569643e-04,7.11579216e-01,7.11579216e-01,6.90078118e-02,2.76031247e-01,1.87423832e-04,2.24908598e-03,2.01871650e-06,2.62433145e-05,3.11319753e-06,4.04715679e-05,5.70817618e-05,7.99144665e-04,3.38284247e-13,5.07426370e-12,2.79695703e-09,3.91573984e-08,2.23522420e-08,3.35283630e-07,3.61360034e-04,5.78176054e-03,1.36033751e-07,2.31257377e-06,1.93483446e-15,3.48270202e-14,2.50324139e-08,4.25551037e-07,1.18478800e-11,2.13261839e-10,7.16246089e-05,1.43249218e-03
1.01406186e-01,9.12920327e-02,2.21084720e+04,4.14946754e-04,7.11579027e-01,7.11579027e-01,6.90078139e-02,2.76031256e-01,1.87239152e-04,2.24686982e-03,2.01235977e-06,2.61606769e-05,3.29751412e-06,4.28676836e-05,5.70868987e-05,7.99216582e-04,3.57220704e-13,5.35831056e-12,3.14019012e-09,4.39626617e-08,2.36889691e-08,3.55334536e-07,3.61358539e-04,5.78173662e-03,1.35938358e-07,2.31095208e-06,5.98524489e-16,1.07734408e-14,2.65278210e-08,4.50972957e-07,1.25344319e-11,2.25619775e-10,7.16246130e-05,1.43249226e-03
1.07463213e-01,9.12927514e-02,2.21083808e+04,4.39718748e-04,7.11578827e-01,7.11578827e-01,6.90078162e-02,2.76031265e-01,1.87043625e-04,2.24452350e-03,2.00564612e-06,2.60733996e-05,3.49263223e-06,4.54042190e-05,5.70923208e-05,7.99292491e-04,3.78555584e-13,5.67833376e-12,3.52547246e-09,4.93566144e-08,2.51057355e-08,3.76586032e-07,3.61356954e-04,5.78171127e-03,1.35837435e-07,2.30923640e-06,1.75983702e-16,3.16770663e-15,2.81125754e-08,4.77913782e-07,1.32594424e-11,2.38669963e-10,7.16246174e-05,1.43249235e-03
1.13882029e-01,9.12935130e-02,2.21082841e+04,4.65968740e-04,7.11578615e-01,7.11578615e-01,6.90078185e-02,2.76031274e-01,1.86836627e-04,2.24203952e-03,1.99855696e-06,2.59812405e-05,3.69917168e-06,4.80892318e-05,5.70980423e-05,7.99372593e-04,4.01577159e-13,6.02365739e-12,3.95794261e-09,5.54111966e-08,2.66073455e-08,3.99110183e-07,3.61355275e-04,5.78168440e-03,1.35730673e-07,2.30742144e-06,5.18557393e-17,9.33403307e-16,2.97920171e-08,5.06464292e-07,1.40249040e-11,2.52448272e-10,7.16246220e-05,1.43249244e-03
1.20684243e-01,9.12943202e-02,2.21081816e+04,4.93784789e-04,7.11578390e-01,7.11578390e-01,6.90078211e-02,2.76031284e-01,1.86617498e-04,2.23940997e-03,1.99107290e-06,2.58839477e-05,3.91778625e-06,5.09312212e-05,5.71040785e-05,7.99457099e-04,4.26098077e-13,6.39147115e-12,4.44336475e-09,6.22071065e-08,2.81988933e-08,4.22983400e-07,3.61353495e-04,5.78165592e-03,1.35617746e-07,2.30550168e-06,1.82955902e-17,3.29320624e-16,3.15718055e-08,5.36720694e-07,1.48328928e-11,2.66992071e-10,7.16246269e-05,1.43249254e-03
1.27892755e-01,9.12951755e-02,2.21080730e+04,5.23260192e-04,7.11578152e-01,7.11578152e-01,6.90078237e-02,2.76031295e-01,1.86385541e-04,2.23662649e-03,1.98317373e-06,2.57812585e-05,4.14916530e-06,5.39391489e-05,5.71104447e-05,7.99546226e-04,4.52117757e-13,6.78176635e-12,4.98820430e-09,6.98348602e-08,2.98857803e-08,4.48286704e-07,3.61351608e-04,5.78162573e-03,1.35498312e-07,2.30347130e-06,1.01802707e-17,1.83244872e-16,3.34579384e-08,5.68784953e-07,1.56855692e-11,2.82340246e-10,7.16246321e-05,1.43249264e-03
1.35531835e-01,9.12960819e-02,2.21079578e+04,5.54493786e-04,7.11577901e-01,7.11577901e-01,6.90078265e-02,2.76031306e-01,1.86140022e-04,2.23368027e-03,1.97483846e-06,2.56728999e-05,4.39403552e-06,5.71224617e-05,5.71171571e-05,7.99640200e-04,4.79699594e-13,7.19549391e-12,5.59971279e-09,7.83959790e-08,3.16737340e-08,4.75106010e-07,3.61349609e-04,5.78159375e-03,1.35372011e-07,2.30132418e-06,8.66296528e-18,1.55933375e-16,3.54567723e-08,6.02765129e-07,1.65851782e-11,2.98533208e-10,7.16246376e-05,1.43249275e-03
1.43627199e-01,9.12970425e-02,2.21078359e+04,5.87590272e-04,7.11577634e-01,7.11577634e-01,6.90078295e-02,2.76031318e-01,1.85880167e-04,2.23056201e-03,1.96604525e-06,2.55585883e-05,4.65316265e-06,6.04911144e-05,5.71242324e-05,7.99739254e-04,5.08929846e-13,7.63394768e-12,6.28602273e-09,8.80043182e-08,3.35688280e-08,5.03532419e-07,3.61347490e-04,5.78155984e-03,1.35238465e-07,2.29905391e-06,8.72899539e-18,1.57121917e-16,3.75750440e-08,6.38775748e-07,1.75340496e-11,3.15612892e-10,7.16246435e-05,1.43249287e-03
1.52206102e-01,9.12980605e-02,2.21077066e+04,6.22660566e-04,7.11577352e-01,7.11577352e-01,6.90078327e-02,2.76031331e-01,1.85605160e-04,2.22726192e-03,1.95677148e-06,2.54380293e-05,4.92735333e-06,6.40555933e-05,5.71316878e-05,7.99843629e-04,5.39905123e-13,8.09857684e-12,7.05625421e-09,9.87875589e-08,3.55775028e-08,5.33662542e-07,3.61345244e-04,5.78152391e-03,1.35097279e-07,2.29665374e-06,9.15805523e-18,1.64844994e-16,3.98198934e-08,6.76938188e-07,1.85345974e-11,3.33622754e-10,7.16246497e-05,1.43249299e-03
1.61297427e-01,9.12991392e-02,2.21075696e+04,6.59822157e-04,7.11577054e-01,7.11577054e-01,6.90078361e-02,2.76031344e-01,1.85314140e-04,2.22376968e-03,1.94699370e-06,2.53109181e-05,5.21745696e-06,6.78269404e-05,5.71395409e-05,7.99953573e-04,5.72729090e-13,8.59093636e-12,7.92063282e-09,1.10888860e-07,3.77065886e-08,5.65598829e-07,3.61342864e-04,5.78148583e-03,1.34948036e-07,2.29411662e-06,9.68053692e-18,1.74249664e-16,4.21988875e-08,7.17381088e-07,1.95893192e-11,3.52607746e-10,7.16246562e-05,1.43249312e-03
1.70931779e-01,9.13002824e-02,2.21074245e+04,6.99199497e-04,7.11576738e-01,7.11576738e-01,6.90078396e-02,2.76031359e-01,1.85006200e-04,2.22007440e-03,1.93668768e-06,2.51769398e-05,5.52436756e-06,7.18167783e-05,5.71478100e-05,8.00069340e-04,6.07511874e-13,9.11267811e-12,8.89062433e-09,1.24468741e-07,3.99633288e-08,5.99449932e-07,3.61340342e-04,5.78144546e-03,1.34790302e-07,2.29143514e-06,1.02433348e-17,1.84380027e-16,4.47200462e-08,7.60240785e-07,2.07007938e-11,3.72614289e-10,7.16246632e-05,1.43249326e-03
1.81141595e-01,9.13014939e-02,2.21072706e+04,7.40924410e-04,7.11576403e-01,7.11576403e-01,6.90078434e-02,2.76031374e-01,1.84680388e-04,2.21616465e-03,1.92582839e-06,2.50357691e-05,5.84902576e-06,7.60373349e-05,5.71565136e-05,8.00191190e-04,6.44370205e-13,9.66555307e-12,9.97908257e-09,1.39707156e-07,4.23554055e-08,6.35331082e-07,3.61337668e-04,5.78140268e-03,1.34623622e-07,2.28860157e-06,1.08379251e-17,1.95082652e-16,4.73918690e-08,8.05661773e-07,2.18716789e-11,3.93690221e-10,7.16246706e-05,1.43249341e-03
1.91961246e-01,9.13027777e-02,2.21071076e+04,7.85136515e-04,7.11576050e-01,7.11576050e-01,6.90078474e-02,2.76031390e-01,1.84335698e-04,2.21202837e-03,1.91439007e-06,2.48870709e-05,6.19242076e-06,8.05014698e-05,5.71656709e-05,8.00319392e-04,6.83427759e-13,1.02514164e-11,1.12004164e-08,1.56805829e-07,4.48909660e-08,6.73364490e-07,3.61334834e-04,5.78135734e-03,1.34447517e-07,2.28560779e-06,1.14640599e-17,2.06353078e-16,5.02233645e-08,8.53797197e-07,2.31047077e-11,4.15884738e-10,7.16246784e-05,1.43249357e-03
2.03427159e-01,9.13041383e-02,2.21069348e+04,8.31983692e-04,7.11575675e-01,7.11575675e-01,6.90078517e-02,2.76031407e-01,1.83971073e-04,2.20765287e-03,1.90234624e-06,2.47305011e-05,6.55559227e-06,8.52226995e-05,5.71753011e-05,8.00454216e-04,7.24815557e-13,1.08722334e-11,1.25707759e-08,1.75990862e-07,4.75786520e-08,7.13679780e-07,3.61331830e-04,5.78130929e-03,1.34261491e-07,2.28244534e-06,1.21228843e-17,2.18211917e-16,5.32240804e-08,9.04809367e-07,2.44026840e-11,4.39248311e-10,7.16246867e-05,1.43249373e-03
2.15577935e-01,9.13055801e-02,2.21067517e+04,8.81622554e-04,7.11575279e-01,7.11575279e-01,6.90078562e-02,2.76031425e-01,1.83585401e-04,2.20302482e-03,1.88966974e-06,2.45657067e-05,6.93963260e-06,9.02152238e-05,5.71854242e-05,8.00595938e-04,7.68672396e-13,1.15300859e-11,1.41082607e-08,1.97515650e-07,5.04276292e-08,7.56414438e-07,3.61328647e-04,5.78125835e-03,1.34065023e-07,2.27910538e-06,1.28157720e-17,2.30683897e-16,5.64041358e-08,9.58870308e-07,2.57684769e-11,4.63832585e-10,7.16246955e-05,1.43249391e-03
2.28454482e-01,9.13071080e-02,2.21065577e+04,9.34218959e-04,7.11574860e-01,7.11574860e-01,6.90078610e-02,2.76031444e-01,1.83177516e-04,2.19813019e-03,1.87633283e-06,2.43923268e-05,7.34568860e-06,9.54939518e-05,5.71960598e-05,8.00744838e-04,8.15145305e-13,1.22271796e-11,1.58331533e-08,2.21664146e-07,5.34476200e-08,8.01714300e-07,3.61325273e-04,5.78120436e-03,1.33857570e-07,2.27557869e-06,1.35441423e-17,2.43794562e-16,5.97742558e-08,1.01616235e-06,2.72050139e-11,4.89690250e-10,7.16247048e-05,1.43249410e-03
2.42100149e-01,9.13087271e-02,2.21063521e+04,9.89948544e-04,7.11574417e-01,7.11574417e-01,6.90078661e-02,2.76031464e-01,1.82746188e-04,2.19295426e-03,1.86230719e-06,2.42099935e-05,7.77496368e-06,1.01074528e-04,5.72072282e-05,8.00901195e-04,8.64390025e-13,1.29658504e-11,1.77681782e-08,2.48754495e-07,5.66489375e-08,8.49734062e-07,3.61321696e-04,5.78114714e-03,1.33638568e-07,2.27185566e-06,1.43094367e-17,2.57569861e-16,6.33458077e-08,1.07687873e-06,2.87152717e-11,5.16874891e-10,7.16247147e-05,1.43249429e-03
2.56560876e-01,9.13104430e-02,2.21061342e+04,1.04899729e-03,7.11573949e-01,7.11573949e-01,6.90078715e-02,2.76031486e-01,1.82290129e-04,2.18748155e-03,1.84756407e-06,2.40183329e-05,8.22871976e-06,1.06973357e-04,5.72189495e-05,8.01065293e-04,9.16571522e-13,1.37485728e-11,1.99387948e-08,2.79143127e-07,6.00425220e-08,9.00637831e-07,3.61317906e-04,5.78108649e-03,1.33407429e-07,2.26792630e-06,1.51131080e-17,2.72035945e-16,6.71308397e-08,1.14122428e-06,3.03022670e-11,5.45440806e-10,7.16247251e-05,1.43249450e-03
2.71885348e-01,9.13122614e-02,2.21059033e+04,1.11156211e-03,7.11573453e-01,7.11573453e-01,6.90078773e-02,2.76031509e-01,1.81807987e-04,2.18169584e-03,1.83207435e-06,2.38169666e-05,8.70827925e-06,1.13207630e-04,5.72312436e-05,8.01237410e-04,9.71864524e-13,1.45779679e-11,2.23735166e-08,3.13229233e-07,6.36399798e-08,9.54599696e-07,3.61313888e-04,5.78102220e-03,1.33163543e-07,2.26378023e-06,1.59566134e-17,2.87219041e-16,7.11421216e-08,1.20941607e-06,3.19690442e-11,5.75442796e-10,7.16247362e-05,1.43249472e-03
2.88125156e-01,9.13141884e-02,2.21056586e+04,1.17785150e-03,7.11572929e-01,7.11572929e-01,6.90078834e-02,2.76031533e-01,1.81298342e-04,2.17558010e-03,1.81580867e-06,2.36055128e-05,9.21502683e-06,1.19795349e-04,5.72441303e-05,8.01417825e-04,1.03045409e-12,1.54568114e-11,2.51042809e-08,3.51459932e-07,6.74536237e-08,1.01180436e-06,3.61309629e-04,5.78095406e-03,1.32906276e-07,2.25940669e-06,1.68414067e-17,3.03145320e-16,7.53931881e-08,1.28168420e-06,3.37186616e-11,6.06935909e-10,7.16247480e-05,1.43249496e-03
3.05334974e-01,9.13162304e-02,2.21053993e+04,1.24808617e-03,7.11572375e-01,7.11572375e-01,6.90078899e-02,2.76031560e-01,1.80759708e-04,2.16911650e-03,1.79873758e-06,2.33835885e-05,9.75041125e-06,1.26755346e-04,5.72576292e-05,8.01606809e-04,1.09253621e-12,1.63880432e-11,2.81668476e-08,3.94335867e-07,7.14965174e-08,1.07244776e-06,3.61305115e-04,5.78088183e-03,1.32634972e-07,2.25479452e-06,1.77689289e-17,3.19840720e-16,7.98983853e-08,1.35827255e-06,3.55541755e-11,6.39975160e-10,7.16247605e-05,1.43249521e-03
3.23572739e-01,9.13183945e-02,2.21051245e+04,1.32249975e-03,7.11571789e-01,7.11571789e-01,6.90078968e-02,2.76031587e-01,1.80190528e-04,2.16228634e-03,1.78083166e-06,2.31508116e-05,1.03159470e-05,1.34107311e-04,5.72717592e-05,8.01804629e-04,1.15831844e-12,1.73747766e-11,3.16012523e-08,4.42417533e-07,7.57825216e-08,1.13673782e-06,3.61300330e-04,5.78080527e-03,1.32348953e-07,2.24993221e-06,1.87405982e-17,3.37330767e-16,8.46729186e-08,1.43943962e-06,3.74786218e-11,6.74615193e-10,7.16247737e-05,1.43249547e-03
3.42899854e-01,9.13206878e-02,2.21048333e+04,1.40133952e-03,7.11571171e-01,7.11571171e-01,6.90079042e-02,2.76031617e-01,1.79589173e-04,2.15507007e-03,1.76206174e-06,2.29068026e-05,1.09132158e-05,1.41871805e-04,5.72865384e-05,8.02011538e-04,1.22802057e-12,1.84203086e-11,3.54523084e-08,4.96332317e-07,8.03263432e-08,1.20489515e-06,3.61295257e-04,5.78072412e-03,1.32047522e-07,2.24480787e-06,1.97577975e-17,3.55640356e-16,8.97329054e-08,1.52545939e-06,3.94949950e-11,7.10909911e-10,7.16247877e-05,1.43249575e-03
3.63381383e-01,9.13231181e-02,2.21045247e+04,1.48486719e-03,7.11570516e-01,7.11570516e-01,6.90079120e-02,2.76031648e-01,1.78953938e-04,2.14744726e-03,1.74239908e-06,2.26511880e-05,1.15438678e-05,1.50070282e-04,5.73019841e-05,8.02227778e-04,1.30187533e-12,1.95281299e-11,3.97701673e-08,5.56782342e-07,8.51435879e-08,1.27715382e-06,3.61289881e-04,5.78063809e-03,1.31729957e-07,2.23940928e-06,2.08218619e-17,3.74793513e-16,9.50954293e-08,1.61662230e-06,4.16062248e-11,7.48912046e-10,7.16248026e-05,1.43249605e-03
3.85086282e-01,9.13256936e-02,2.21041976e+04,1.57335968e-03,7.11569825e-01,7.11569825e-01,6.90079204e-02,2.76031682e-01,1.78283045e-04,2.13939654e-03,1.72181560e-06,2.23836028e-05,1.22096231e-05,1.58725100e-04,5.73181124e-05,8.02453574e-04,1.38012912e-12,2.07019368e-11,4.46109428e-08,6.24553199e-07,9.02508161e-08,1.35376224e-06,3.61284181e-04,5.78054690e-03,1.31395522e-07,2.23372388e-06,2.19340628e-17,3.94813131e-16,1.00778598e-07,1.71323617e-06,4.38151491e-11,7.88672684e-10,7.16248184e-05,1.43249637e-03
4.08087621e-01,9.13284229e-02,2.21038511e+04,1.66710998e-03,7.11569096e-01,7.11569096e-01,6.90079294e-02,2.76031718e-01,1.77574636e-04,2.13089563e-03,1.70028417e-06,2.21036942e-05,1.29122718e-05,1.67859534e-04,5.73349379e-05,8.02689131e-04,1.46304281e-12,2.19456422e-11,5.00374058e-08,7.00523682e-07,9.56656019e-08,1.43498403e-06,3.61278140e-04,5.78045024e-03,1.31043461e-07,2.22773883e-06,2.30955925e-17,4.15720664e-16,1.06801607e-07,1.81562731e-06,4.61244846e-11,8.30240722e-10,7.16248351e-05,1.43249670e-03
4.32462839e-01,9.13313152e-02,2.21034838e+04,1.76642801e-03,7.11568325e-01,7.11568325e-01,6.90079389e-02,2.76031756e-01,1.76826776e-04,2.12192131e-03,1.67777885e-06,2.18111251e-05,1.36536755e-05,1.77497782e-04,5.73524734e-05,8.02934628e-04,1.55089257e-12,2.32633885e-11,5.61197575e-08,7.85676605e-07,1.01406596e-07,1.52109894e-06,3.61271735e-04,5.78034776e-03,1.30673002e-07,2.22144103e-06,2.43075446e-17,4.37535803e-16,1.13184801e-07,1.92414161e-06,4.85367932e-11,8.73662277e-10,7.16248529e-05,1.43249706e-03
4.58293997e-01,9.13343803e-02,2.21030946e+04,1.87164157e-03,7.11567511e-01,7.11567511e-01,6.90079491e-02,2.76031797e-01,1.76037448e-04,2.11244937e-03,1.65427524e-06,2.15055782e-05,1.44357666e-05,1.87664966e-04,5.73707298e-05,8.03190218e-04,1.64397069e-12,2.46595604e-11,6.29364890e-08,8.81110846e-07,1.07493594e-07,1.61240390e-06,3.61264946e-04,5.78023913e-03,1.30283362e-07,2.21481715e-06,2.55708950e-17,4.60276111e-16,1.19949748e-07,2.03914571e-06,5.10544456e-11,9.18980021e-10,7.16248717e-05,1.43249743e-03
4.85668060e-01,9.13376284e-02,2.21026821e+04,1.98309728e-03,7.11566651e-01,7.11566651e-01,6.90079601e-02,2.76031840e-01,1.75204555e-04,2.10245466e-03,1.62975084e-06,2.11867610e-05,1.52605484e-05,1.98387130e-04,5.73897154e-05,8.03456016e-04,1.74258655e-12,2.61387983e-11,7.05753370e-08,9.88054718e-07,1.13947604e-07,1.70921405e-06,3.61257748e-04,5.78012397e-03,1.29873748e-07,2.20785372e-06,2.68864790e-17,4.83956621e-16,1.27119310e-07,2.16102827e-06,5.36795812e-11,9.66232462e-10,7.16248917e-05,1.43249783e-03
5.14677185e-01,9.13410706e-02,2.21022450e+04,2.10116156e-03,7.11565744e-01,7.11565744e-01,6.90079717e-02,2.76031887e-01,1.74325920e-04,2.09191104e-03,1.60418542e-06,2.08544105e-05,1.61300943e-05,2.09691226e-04,5.74094357e-05,8.03732100e-04,1.84706754e-12,2.77060131e-11,7.91343453e-08,1.10788083e-06,1.20790927e-07,1.81186390e-06,3.61250118e-04,5.78000188e-03,1.29443362e-07,2.20053716e-06,2.82549673e-17,5.08589411e-16,1.34717723e-07,2.29020129e-06,5.64140634e-11,1.01545314e-09,7.16249128e-05,1.43249826e-03
5.45419035e-01,9.13447183e-02,2.21017818e+04,2.22622171e-03,7.11564787e-01,7.11564787e-01,6.90079842e-02,2.76031937e-01,1.73399285e-04,2.08079142e-03,1.57756145e-06,2.05082989e-05,1.70465462e-05,2.21605101e-04,5.74298930e-05,8.04018502e-04,1.95776007e-12,2.93664010e-11,8.87230423e-08,1.24212259e-06,1.28047234e-07,1.92070851e-06,3.61242028e-04,5.77987245e-03,1.28991404e-07,2.19285386e-06,2.96768404e-17,5.34183128e-16,1.42770678e-07,2.42710152e-06,5.92594321e-11,1.06666978e-09,7.16249353e-05,1.43249871e-03
5.77997107e-01,9.13485840e-02,2.21012909e+04,2.35868691e-03,7.11563777e-01,7.11563777e-01,6.90079976e-02,2.76031991e-01,1.72422310e-04,2.06906772e-03,1.54986456e-06,2.01482393e-05,1.80121127e-05,2.34157465e-04,5.74510860e-05,8.04315203e-04,2.07503061e-12,3.11254592e-11,9.94637478e-08,1.39249247e-06,1.35741653e-07,2.03612479e-06,3.61233452e-04,5.77973523e-03,1.28517076e-07,2.18479029e-06,3.11523605e-17,5.60742489e-16,1.51305409e-07,2.57219196e-06,6.22168520e-11,1.11990334e-09,7.16249591e-05,1.43249918e-03
6.12521078e-01,9.13526805e-02,2.21007707e+04,2.49898937e-03,7.11562712e-01,7.11562712e-01,6.90080120e-02,2.76032048e-01,1.71392578e-04,2.05671093e-03,1.52108405e-06,1.97740927e-05,1.90290661e-05,2.47377859e-04,5.74730090e-05,8.04622126e-04,2.19926683e-12,3.29890025e-11,1.11493020e-07,1.56090229e-06,1.43900859e-07,2.15851288e-06,3.61224359e-04,5.77958974e-03,1.28019593e-07,2.17633308e-06,3.26815414e-17,5.88267746e-16,1.60350791e-07,2.72596344e-06,6.52870570e-11,1.17516703e-09,7.16249844e-05,1.43249969e-03
6.49107179e-01,9.13570218e-02,2.21002195e+04,2.64758543e-03,7.11561590e-01,7.11561590e-01,6.90080274e-02,2.76032110e-01,1.70307593e-04,2.04369112e-03,1.49121340e-06,1.93857742e-05,2.00997387e-05,2.61296603e-04,5.74956518e-05,8.04939125e-04,2.33087871e-12,3.49631806e-11,1.24963261e-07,1.74948565e-06,1.52553170e-07,2.28829755e-06,3.61214718e-04,5.77943549e-03,1.27498184e-07,2.16746913e-06,3.42641173e-17,6.16754112e-16,1.69937432e-07,2.88893634e-06,6.84702910e-11,1.23246524e-09,7.16250112e-05,1.43250022e-03
6.87878580e-01,9.13616223e-02,2.20996353e+04,2.80495674e-03,7.11560407e-01,7.11560407e-01,6.90080440e-02,2.76032176e-01,1.69164788e-04,2.02997746e-03,1.46025083e-06,1.89832608e-05,2.12265182e-05,2.75944736e-04,5.75189990e-05,8.05265987e-04,2.47029975e-12,3.70544962e-11,1.40044483e-07,1.96062276e-06,1.61728653e-07,2.42592979e-06,3.61204497e-04,5.77927195e-03,1.26952107e-07,2.15818581e-06,3.58995095e-17,6.46191171e-16,1.80097783e-07,3.06166232e-06,7.17662460e-11,1.29179243e-09,7.16250396e-05,1.43250079e-03
7.28965811e-01,9.13664976e-02,2.20990162e+04,2.97161136e-03,7.11559160e-01,7.11559160e-01,6.90080618e-02,2.76032247e-01,1.67961522e-04,2.01553827e-03,1.42819993e-06,1.85665991e-05,2.24118418e-05,2.91353943e-04,5.75430295e-05,8.05602413e-04,2.61798825e-12,3.92698237e-11,1.56926275e-07,2.19696785e-06,1.71459226e-07,2.57188839e-06,3.61193659e-04,5.77909854e-03,1.26380650e-07,2.14847105e-06,3.75867919e-17,6.76562255e-16,1.90866250e-07,3.24472626e-06,7.51739969e-11,1.35313194e-09,7.16250698e-05,1.43250140e-03
7.72507197e-01,9.13716642e-02,2.20983601e+04,3.14808497e-03,7.11557847e-01,7.11557847e-01,6.90080809e-02,2.76032324e-01,1.66695091e-04,2.00034109e-03,1.39507025e-06,1.81359133e-05,2.36581893e-05,3.07556461e-04,5.75677156e-05,8.05948018e-04,2.77442859e-12,4.16164289e-11,1.75819962e-07,2.46147947e-06,1.81778782e-07,2.72668173e-06,3.61182166e-04,5.77891466e-03,1.25783150e-07,2.13831355e-06,3.93246561e-17,7.07843810e-16,2.02279311e-07,3.43874828e-06,7.86919336e-11,1.41645481e-09,7.16251018e-05,1.43250204e-03
8.18649325e-01,9.13771393e-02,2.20976649e+04,3.33494202e-03,7.11556464e-01,7.11556464e-01,6.90081014e-02,2.76032406e-01,1.65362729e-04,1.98435274e-03,1.36087796e-06,1.76914135e-05,2.49680746e-05,3.24584969e-04,5.75930229e-05,8.06302321e-04,2.94013261e-12,4.41019892e-11,1.96960989e-07,2.75745385e-06,1.92723306e-07,2.89084958e-06,3.61169981e-04,5.77871969e-03,1.25159001e-07,2.12770301e-06,4.11113749e-17,7.40004748e-16,2.14375639e-07,3.64438586e-06,8.23176930e-11,1.48171847e-09,7.16251357e-05,1.43250271e-03
8.67547538e-01,9.13829415e-02,2.20969281e+04,3.53277687e-03,7.11555009e-01,7.11555009e-01,6.90081235e-02,2.76032494e-01,1.63961618e-04,1.96753941e-03,1.32564652e-06,1.72334047e-05,2.63440354e-05,3.42472461e-04,5.76189095e-05,8.06664734e-04,3.11564102e-12,4.67346153e-11,2.20611549e-07,3.08856169e-06,2.04331007e-07,3.06496510e-06,3.61157058e-04,5.77851293e-03,1.24507668e-07,2.11663036e-06,4.29447670e-17,7.73005806e-16,2.27196243e-07,3.86233613e-06,8.60480891e-11,1.54886560e-09,7.16251718e-05,1.43250344e-03
9.19366460e-01,9.13890902e-02,2.20961473e+04,3.74221489e-03,7.11553478e-01,7.11553478e-01,6.90081473e-02,2.76032589e-01,1.62488896e-04,1.94986676e-03,1.28940731e-06,1.67622950e-05,2.77886222e-05,3.61252088e-04,5.76453255e-05,8.07034557e-04,3.30152482e-12,4.95228723e-11,2.47063467e-07,3.45888854e-06,2.16642458e-07,3.24963688e-06,3.61143355e-04,5.77829368e-03,1.23828707e-07,2.10508802e-06,4.48221618e-17,8.06798913e-16,2.40784605e-07,4.09333828e-06,8.98790448e-11,1.61782281e-09,7.16252101e-05,1.43250420e-03
9.74280543e-01,9.13956062e-02,2.20953198e+04,3.96391348e-03,7.11551868e-01,7.11551868e-01,6.90081728e-02,2.76032691e-01,1.60941668e-04,1.93130001e-03,1.25220035e-06,1.62786046e-05,2.93043838e-05,3.80956990e-04,5.76722121e-05,8.07410970e-04,3.49838687e-12,5.24758031e-11,2.76641378e-07,3.87297929e-06,2.29700743e-07,3.44551115e-06,3.61128822e-04,5.77806116e-03,1.23121777e-07,2.09307021e-06,4.67403664e-17,8.41326595e-16,2.55186830e-07,4.33817612e-06,9.38055257e-11,1.68849946e-09,7.16252507e-05,1.43250501e-03
1.03247466e+00,9.14025114e-02,2.20944430e+04,4.19856305e-03,7.11550176e-01,7.11550176e-01,6.90082003e-02,2.76032801e-01,1.59317015e-04,1.91180418e-03,1.21407493e-06,1.57829741e-05,3.08938524e-05,4.01620081e-04,5.76995017e-05,8.07793024e-04,3.70686343e-12,5.56029514e-11,3.09706197e-07,4.33588676e-06,2.43551610e-07,3.65327416e-06,3.61113410e-04,5.77781456e-03,1.22386666e-07,2.08057332e-06,4.86956344e-17,8.76521419e-16,2.70451812e-07,4.59768081e-06,9.78214783e-11,1.76078661e-09,7.16252938e-05,1.43250588e-03
1.09414474e+00,9.14098290e-02,2.20935138e+04,4.44688786e-03,7.11548398e-01,7.11548398e-01,6.90082299e-02,2.76032920e-01,1.57612010e-04,1.89134412e-03,1.17509022e-06,1.52761729e-05,3.25595250e-05,4.23273825e-04,5.77271170e-05,8.08179638e-04,3.92762573e-12,5.89143859e-11,3.46658935e-07,4.85322509e-06,2.58243642e-07,3.87365463e-06,3.61097064e-04,5.77755302e-03,1.21623311e-07,2.06759629e-06,5.06836395e-17,9.12305512e-16,2.86631398e-07,4.87273376e-06,1.01919775e-10,1.83455594e-09,7.16253395e-05,1.43250679e-03
1.15949839e+00,9.14175838e-02,2.20925290e+04,4.70964668e-03,7.11546531e-01,7.11546531e-01,6.90082616e-02,2.76033047e-01,1.55823737e-04,1.86988484e-03,1.13531589e-06,1.47591066e-05,3.43038428e-05,4.45949957e-04,5.77549707e-05,8.08569590e-04,4.16138166e-12,6.24207249e-11,3.87944886e-07,5.43122841e-06,2.73828428e-07,4.10742642e-06,3.61079726e-04,5.77727562e-03,1.20831827e-07,2.05414106e-06,5.26994532e-17,9.48590157e-16,3.03780572e-07,5.16426973e-06,1.06092164e-10,1.90965896e-09,7.16253881e-05,1.43250776e-03
1.22875564e+00,9.14258017e-02,2.20914855e+04,4.98763326e-03,7.11544572e-01,7.11544572e-01,6.90082957e-02,2.76033183e-01,1.53949301e-04,1.84739161e-03,1.09483252e-06,1.42328227e-05,3.61291696e-05,4.69679204e-04,5.77829653e-05,8.08961514e-04,4.40887741e-12,6.61331612e-11,4.34058030e-07,6.07681243e-06,2.90360753e-07,4.35541130e-06,3.61061336e-04,5.77698138e-03,1.20012532e-07,2.04021304e-06,5.47375333e-17,9.85275599e-16,3.21957650e-07,5.47328005e-06,1.10329247e-10,1.98592645e-09,7.16254397e-05,1.43250879e-03
1.30214965e+00,9.14345105e-02,2.20903796e+04,5.28167664e-03,7.11542517e-01,7.11542517e-01,6.90083323e-02,2.76033329e-01,1.51985858e-04,1.82383030e-03,1.05373216e-06,1.36985181e-05,3.80377628e-05,4.94490917e-04,5.78109929e-05,8.09353900e-04,4.67089923e-12,7.00634884e-11,4.85546180e-07,6.79764651e-06,3.07898797e-07,4.61848196e-06,3.61041829e-04,5.77666926e-03,1.19165982e-07,2.02582169e-06,5.67917129e-17,1.02225083e-15,3.41224479e-07,5.80081615e-06,1.14620444e-10,2.06316800e-09,7.16254945e-05,1.43250989e-03
1.37992751e+00,9.14437395e-02,2.20892077e+04,5.59264097e-03,7.11540362e-01,7.11540362e-01,6.90083716e-02,2.76033486e-01,1.49930632e-04,1.79916759e-03,1.01211857e-06,1.31575414e-05,4.00317466e-05,5.20412705e-04,5.78389351e-05,8.09745091e-04,4.94827511e-12,7.42241267e-11,5.43016200e-07,7.60222681e-06,3.26504344e-07,4.89756516e-06,3.61021135e-04,5.77633816e-03,1.18293007e-07,2.01098112e-06,5.88552088e-17,1.05939376e-15,3.61646661e-07,6.14799324e-06,1.18954006e-10,2.14117211e-09,7.16255527e-05,1.43251105e-03
1.46235107e+00,9.14535197e-02,2.20879658e+04,5.92142513e-03,7.11538105e-01,7.11538105e-01,6.90084136e-02,2.76033655e-01,1.47780945e-04,1.77337134e-03,9.70107396e-07,1.26113961e-05,4.21130778e-05,5.47470011e-04,5.78666634e-05,8.10133287e-04,5.24187661e-12,7.86281492e-11,6.07139856e-07,8.49995799e-06,3.46243006e-07,5.19364509e-06,3.60999182e-04,5.77598691e-03,1.17394752e-07,1.99571079e-06,6.09206370e-17,1.09657147e-15,3.83293779e-07,6.51599424e-06,1.23317035e-10,2.21970662e-09,7.16256146e-05,1.43251229e-03
1.54969782e+00,9.14638841e-02,2.20866496e+04,6.26896179e-03,7.11535742e-01,7.11535742e-01,6.90084586e-02,2.76033834e-01,1.45534244e-04,1.74641093e-03,9.27826195e-07,1.20617405e-05,4.42835103e-05,5.75685634e-04,5.78940394e-05,8.10516552e-04,5.55262056e-12,8.32893084e-11,6.78660080e-07,9.50124112e-06,3.67184462e-07,5.50776693e-06,3.60975890e-04,5.77561424e-03,1.16472720e-07,1.98003624e-06,6.29800464e-17,1.13364084e-15,4.06239648e-07,6.90607402e-06,1.27695537e-10,2.29851966e-09,7.16256803e-05,1.43251361e-03
1.64226181e+00,9.14748675e-02,2.20852549e+04,6.63621590e-03,7.11533269e-01,7.11533269e-01,6.90085067e-02,2.76034027e-01,1.43188135e-04,1.71825762e-03,8.85414244e-07,1.15103852e-05,4.65445550e-05,6.05079216e-04,5.79209157e-05,8.10892819e-04,5.88147089e-12,8.82220633e-11,7.58397730e-07,1.06175682e-05,3.89402711e-07,5.84104066e-06,3.60951177e-04,5.77521882e-03,1.15528821e-07,1.96398996e-06,6.50249689e-17,1.17044944e-15,4.30562574e-07,7.31956376e-06,1.32074513e-10,2.37734123e-09,7.16257501e-05,1.43251500e-03
1.74035469e+00,9.14865070e-02,2.20837769e+04,7.02418261e-03,7.11530684e-01,7.11530684e-01,6.90085579e-02,2.76034232e-01,1.40740417e-04,1.68888500e-03,8.43022126e-07,1.09592876e-05,4.88974356e-05,6.35666663e-04,5.79471364e-05,8.11259909e-04,6.22944037e-12,9.34416056e-11,8.47258837e-07,1.18616237e-05,4.12976339e-07,6.19464509e-06,3.60924953e-04,5.77479925e-03,1.14565428e-07,1.94761228e-06,6.70464898e-17,1.20683682e-15,4.56345636e-07,7.75787581e-06,1.36438081e-10,2.45588545e-09,7.16258242e-05,1.43251648e-03
1.84430669e+00,9.14988418e-02,2.20822106e+04,7.43388438e-03,7.11527983e-01,7.11527983e-01,6.90086125e-02,2.76034450e-01,1.38189125e-04,1.65826950e-03,8.00811066e-07,1.04105439e-05,5.13430405e-05,6.67459527e-04,5.79725390e-05,8.11615546e-04,6.59759240e-12,9.89638860e-11,9.46242364e-07,1.32473931e-05,4.37988811e-07,6.56983217e-06,3.60897126e-04,5.77435401e-03,1.13585434e-07,1.93095238e-06,6.90353411e-17,1.24263614e-15,4.83676981e-07,8.22250868e-06,1.40769649e-10,2.53385368e-09,7.16259031e-05,1.43251806e-03
1.95446778e+00,9.15119133e-02,2.20805507e+04,7.86636714e-03,7.11525164e-01,7.11525164e-01,6.90086706e-02,2.76034682e-01,1.35532569e-04,1.62639083e-03,7.58951972e-07,9.86637563e-06,5.38818710e-05,7.00464323e-04,5.79969557e-05,8.11957379e-04,6.98704270e-12,1.04805640e-10,1.05644846e-06,1.47902784e-05,4.64528771e-07,6.96793156e-06,3.60867593e-04,5.77388148e-03,1.12592319e-07,1.91406943e-06,7.09820204e-17,1.27767637e-15,5.12650142e-07,8.71505242e-06,1.45052138e-10,2.61093848e-09,7.16259869e-05,1.43251974e-03
2.07120884e+00,9.15257655e-02,2.20787917e+04,8.32269551e-03,7.11522224e-01,7.11522224e-01,6.90087321e-02,2.76034929e-01,1.32769384e-04,1.59323260e-03,7.17624176e-07,9.32911429e-06,5.65139845e-05,7.34681798e-04,5.80202154e-05,8.12283016e-04,7.39896103e-12,1.10984415e-10,1.17908720e-06,1.65072209e-05,4.92690371e-07,7.39035557e-06,3.60836248e-04,5.77337996e-03,1.11590222e-07,1.89703377e-06,7.28769372e-17,1.31178487e-15,5.43364377e-07,9.23719441e-06,1.49268258e-10,2.68682865e-09,7.16260761e-05,1.43252152e-03
2.19492287e+00,9.15404452e-02,2.20769276e+04,8.80394681e-03,7.11519160e-01,7.11519160e-01,6.90087974e-02,2.76035189e-01,1.29898575e-04,1.55878290e-03,6.77013836e-07,8.80117987e-06,5.92389339e-05,7.70106141e-04,5.80421466e-05,8.12590053e-04,7.83457284e-12,1.17518593e-10,1.31548787e-06,1.84168302e-05,5.22573623e-07,7.83860434e-06,3.60802976e-04,5.77284762e-03,1.10584013e-07,1.87992822e-06,7.47105891e-17,1.34479060e-15,5.75925027e-07,9.79072546e-06,1.53400851e-10,2.76121533e-09,7.16261709e-05,1.43252342e-03
2.32602639e+00,9.15560017e-02,2.20749522e+04,9.31120377e-03,7.11515970e-01,7.11515970e-01,6.90088663e-02,2.76035465e-01,1.26919578e-04,1.52303494e-03,6.37311989e-07,8.28505585e-06,6.20557034e-05,8.06724144e-04,5.80625802e-05,8.12876123e-04,8.29516086e-12,1.24427413e-10,1.46710858e-06,2.05395201e-05,5.54284767e-07,8.31427151e-06,3.60767657e-04,5.77228251e-03,1.09579384e-07,1.86284952e-06,7.64737689e-17,1.37652784e-15,6.10443900e-07,1.03775463e-05,1.57433297e-10,2.83379934e-09,7.16262717e-05,1.43252543e-03
2.46496077e+00,9.15724874e-02,2.20728587e+04,9.84554574e-03,7.11512652e-01,7.11512652e-01,6.90089389e-02,2.76035756e-01,1.23832311e-04,1.48598773e-03,5.98712254e-07,7.78325931e-06,6.49626391e-05,8.44514309e-04,5.80813528e-05,8.13138939e-04,8.78206662e-12,1.31730999e-10,1.63554640e-06,2.28976497e-05,5.87936680e-07,8.81905021e-06,3.60730159e-04,5.77168254e-03,1.08582932e-07,1.84590985e-06,7.81578044e-17,1.40684048e-15,6.47039684e-07,1.09996746e-05,1.61349989e-10,2.90429980e-09,7.16263790e-05,1.43252758e-03
2.61219375e+00,9.15899577e-02,2.20706403e+04,1.04080384e-02,7.11509205e-01,7.11509205e-01,6.90090154e-02,2.76036062e-01,1.20637235e-04,1.44764682e-03,5.61408186e-07,7.29830642e-06,6.79573779e-05,8.83445913e-04,5.80983110e-05,8.13376354e-04,9.29669189e-12,1.39450378e-10,1.82254781e-06,2.55156694e-05,6.23649304e-07,9.35473955e-06,3.60690344e-04,5.77104550e-03,1.07602262e-07,1.82923846e-06,7.97548297e-17,1.43558693e-15,6.85838382e-07,1.16592525e-05,1.65136890e-10,2.97246402e-09,7.16264932e-05,1.43252986e-03
2.76822100e+00,9.16084716e-02,2.20682893e+04,1.09997217e-02,7.11505627e-01,7.11505627e-01,6.90090957e-02,2.76036383e-01,1.17335419e-04,1.40802503e-03,5.25590289e-07,6.83267376e-06,7.10367714e-05,9.23478028e-04,5.81133159e-05,8.13586423e-04,9.84050001e-12,1.47607500e-10,2.03001935e-06,2.84202709e-05,6.61550110e-07,9.92325166e-06,3.60648064e-04,5.77036903e-03,1.06646086e-07,1.81298346e-06,8.12580881e-17,1.46264559e-15,7.26973778e-07,1.23585542e-05,1.68782155e-10,3.03807879e-09,7.16266148e-05,1.43253230e-03
2.93356782e+00,9.16280913e-02,2.20657979e+04,1.16215960e-02,7.11501917e-01,7.11501917e-01,6.90091798e-02,2.76036719e-01,1.13928602e-04,1.36714323e-03,4.91442736e-07,6.38875556e-06,7.41968091e-05,9.64558518e-04,5.81262480e-05,8.13767472e-04,1.04150172e-11,1.56225258e-10,2.26003850e-06,3.16405390e-05,7.01774613e-07,1.05266192e-05,3.60603162e-04,5.76965059e-03,1.05724334e-07,1.79731367e-06,8.26622633e-17,1.48792074e-15,7.70587943e-07,1.30999950e-05,1.72276830e-10,3.10098294e-09,7.16267442e-05,1.43253488e-03
3.10879087e+00,9.16488830e-02,2.20631577e+04,1.22746066e-02,7.11498076e-01,7.11498076e-01,6.90092677e-02,2.76037071e-01,1.10419260e-04,1.32503112e-03,4.59139831e-07,5.96881780e-06,7.74325390e-05,1.00662301e-03,5.81370127e-05,8.13918177e-04,1.10218337e-11,1.65327505e-10,2.51486453e-06,3.52081035e-05,7.44466909e-07,1.11670036e-05,3.60555467e-04,5.76888748e-03,1.04848269e-07,1.78242057e-06,8.39638356e-17,1.51134904e-15,8.16831761e-07,1.38861399e-05,1.75615623e-10,3.16108121e-09,7.16268821e-05,1.43253764e-03
3.29448004e+00,9.16709165e-02,2.20603598e+04,1.29596258e-02,7.11494103e-01,7.11494103e-01,6.90093594e-02,2.76037438e-01,1.06810670e-04,1.28172804e-03,4.28842290e-07,5.57494977e-06,8.07379879e-05,1.04959384e-03,5.81455462e-05,8.14037647e-04,1.16626046e-11,1.74939069e-10,2.79694927e-06,3.91572897e-05,7.89780277e-07,1.18467042e-05,3.60504801e-04,5.76807681e-03,1.04030612e-07,1.76852041e-06,8.51614575e-17,1.53290623e-15,8.65865510e-07,1.47197137e-05,1.78797736e-10,3.21835924e-09,7.16270289e-05,1.43254058e-03
3.49126050e+00,9.16942660e-02,2.20573948e+04,1.36774347e-02,7.11490000e-01,7.11490000e-01,6.90094549e-02,2.76037819e-01,1.03106981e-04,1.23728377e-03,4.00693426e-07,5.20901453e-06,8.41060826e-05,1.09337907e-03,5.81518220e-05,8.14125508e-04,1.23390513e-11,1.85085770e-10,3.10894741e-06,4.35252637e-05,8.37877833e-07,1.25681675e-05,3.60450969e-04,5.76721550e-03,1.03285666e-07,1.75585632e-06,8.62563397e-17,1.55261411e-15,9.17859468e-07,1.56036110e-05,1.81827750e-10,3.27289949e-09,7.16271855e-05,1.43254371e-03
3.69979473e+00,9.17190103e-02,2.20542527e+04,1.44287015e-02,7.11485767e-01,7.11485767e-01,6.90095540e-02,2.76038216e-01,9.93132708e-05,1.19175925e-03,3.74815333e-07,4.87259934e-06,8.75285736e-05,1.13787146e-03,5.81558572e-05,8.14182001e-04,1.30529618e-11,1.95794427e-10,3.45372639e-06,4.83521694e-05,8.88933239e-07,1.33339986e-05,3.60393765e-04,5.76630024e-03,1.02629445e-07,1.74470057e-06,8.72526405e-17,1.57054753e-15,9.72994571e-07,1.65409077e-05,1.84716552e-10,3.32489794e-09,7.16273524e-05,1.43254705e-03
3.92078477e+00,9.17452325e-02,2.20509229e+04,1.52139608e-02,7.11481407e-01,7.11481407e-01,6.90096567e-02,2.76038627e-01,9.54356102e-05,1.14522732e-03,3.51305220e-07,4.56696787e-06,9.09959625e-05,1.18294751e-03,5.81577195e-05,8.14208072e-04,1.38061915e-11,2.07092872e-10,3.83437526e-06,5.36812536e-05,9.43131492e-07,1.41469724e-05,3.60332968e-04,5.76532749e-03,1.02079812e-07,1.73535680e-06,8.81578441e-17,1.58684119e-15,1.03146312e-06,1.75348731e-05,1.87482284e-10,3.37468112e-09,7.16275304e-05,1.43255061e-03
4.15497463e+00,9.17730210e-02,2.20473942e+04,1.60335907e-02,7.11476923e-01,7.11476923e-01,6.90097630e-02,2.76039052e-01,9.14811153e-05,1.09777338e-03,3.30232003e-07,4.29301604e-06,9.44974361e-05,1.22846667e-03,5.81575336e-05,8.14205471e-04,1.46006640e-11,2.19009960e-10,4.25421248e-06,5.95589747e-05,1.00066979e-06,1.50100469e-05,3.60268342e-04,5.76429347e-03,1.01656607e-07,1.72816231e-06,8.89831153e-17,1.60169608e-15,1.09346954e-06,1.85889821e-05,1.90151288e-10,3.42272318e-09,7.16277202e-05,1.43255440e-03
4.40315274e+00,9.18024694e-02,2.20436547e+04,1.68877908e-02,7.11472317e-01,7.11472317e-01,6.90098727e-02,2.76039491e-01,8.74579945e-05,1.04949593e-03,3.11633328e-07,4.05123326e-06,9.80208091e-05,1.27427052e-03,5.81554889e-05,8.14176845e-04,1.54383717e-11,2.31575576e-10,4.71679205e-06,6.60350887e-05,1.06175849e-06,1.59263773e-05,3.60199632e-04,5.76319412e-03,1.01381786e-07,1.72349037e-06,8.97436149e-17,1.61538507e-15,1.15923118e-06,1.97069300e-05,1.92759028e-10,3.46966250e-09,7.16279229e-05,1.43255846e-03
4.66615461e+00,9.18336766e-02,2.20396919e+04,1.77765608e-02,7.11467595e-01,7.11467595e-01,6.90099858e-02,2.76039943e-01,8.33755850e-05,1.00050702e-03,2.95513171e-07,3.84167122e-06,1.01552479e-04,1.32018222e-03,5.81518453e-05,8.14125834e-04,1.63213759e-11,2.44820639e-10,5.22590778e-06,7.31627089e-05,1.12662216e-06,1.68993324e-05,3.60126568e-04,5.76202508e-03,1.01279550e-07,1.72175235e-06,9.04587587e-17,1.62825766e-15,1.22897919e-06,2.08926463e-05,1.95350959e-10,3.51631726e-09,7.16281393e-05,1.43256279e-03
4.94486567e+00,9.18667480e-02,2.20354923e+04,1.86996813e-02,7.11462761e-01,7.11462761e-01,6.90101021e-02,2.76040408e-01,7.92443763e-05,9.50932515e-04,2.81840171e-07,3.66392223e-06,1.05077393e-04,1.36600612e-03,5.81469402e-05,8.14057163e-04,1.72518075e-11,2.58777113e-10,5.78559497e-06,8.09983295e-05,1.19550078e-06,1.79325117e-05,3.60048856e-04,5.76078170e-03,1.01376466e-07,1.72339992e-06,9.11524009e-17,1.64074322e-15,1.30295950e-06,2.21503115e-05,1.97983306e-10,3.56369951e-09,7.16283705e-05,1.43256741e-03
5.24022425e+00,9.19017946e-02,2.20310420e+04,1.96566977e-02,7.11457820e-01,7.11457820e-01,6.90102216e-02,2.76040886e-01,7.50760185e-05,9.00912222e-04,2.70546834e-07,3.51710884e-06,1.08579040e-04,1.41152752e-03,5.81411945e-05,8.13976722e-04,1.82318671e-11,2.73478006e-10,6.40012923e-06,8.96018092e-05,1.26865106e-06,1.90297659e-05,3.59966184e-04,5.75945894e-03,1.01701583e-07,1.72892690e-06,9.18529241e-17,1.65335263e-15,1.38143377e-06,2.34843740e-05,2.00723722e-10,3.61302700e-09,7.16286175e-05,1.43257235e-03
5.55322469e+00,9.19389346e-02,2.20263258e+04,2.06469085e-02,7.11452780e-01,7.11452780e-01,6.90103442e-02,2.76041377e-01,7.08833132e-05,8.50599758e-04,2.61529733e-07,3.39988652e-06,1.12039450e-04,1.45651286e-03,5.81351181e-05,8.13891653e-04,1.92638255e-11,2.88957383e-10,7.07402183e-06,9.90363056e-05,1.34634788e-06,2.01952182e-05,3.59878215e-04,5.75805144e-03,1.02286531e-07,1.73887104e-06,9.25932184e-17,1.66667793e-15,1.46468052e-06,2.48995689e-05,2.03651787e-10,3.66573217e-09,7.16288816e-05,1.43257763e-03
5.88492077e+00,9.19782930e-02,2.20213279e+04,2.16693602e-02,7.11447648e-01,7.11447648e-01,6.90104698e-02,2.76041879e-01,6.66801758e-05,8.00162109e-04,2.54650725e-07,3.31045943e-06,1.15439242e-04,1.50071014e-03,5.81293155e-05,8.13810417e-04,2.03500243e-11,3.05250365e-10,7.81201028e-06,1.09368144e-04,1.42888599e-06,2.14332898e-05,3.59784587e-04,5.75655339e-03,1.03165603e-07,1.75381525e-06,9.34105299e-17,1.68138954e-15,1.55299634e-06,2.64009378e-05,2.06859316e-10,3.72346768e-09,7.16291642e-05,1.43258328e-03
6.23642917e+00,9.20200023e-02,2.20160315e+04,2.27228493e-02,7.11442431e-01,7.11442431e-01,6.90105983e-02,2.76042393e-01,6.24815866e-05,7.49779039e-04,2.49739406e-07,3.24661228e-06,1.18757669e-04,1.54384970e-03,5.81244904e-05,8.13742866e-04,2.14928758e-11,3.22393137e-10,8.61904549e-06,1.20666637e-04,1.51658181e-06,2.27487272e-05,3.59684911e-04,5.75495857e-03,1.04375811e-07,1.77438880e-06,9.43461706e-17,1.69823107e-15,1.64669712e-06,2.79938511e-05,2.10450451e-10,3.78810813e-09,7.16294666e-05,1.43258933e-03
6.60893329e+00,9.20642029e-02,2.20104187e+04,2.38059340e-02,7.11437137e-01,7.11437137e-01,6.90107296e-02,2.76042919e-01,5.83034993e-05,6.99641992e-04,2.46596556e-07,3.20575522e-06,1.21972729e-04,1.58564548e-03,5.81214502e-05,8.13700303e-04,2.26948639e-11,3.40422958e-10,9.50027203e-06,1.33003808e-04,1.60977557e-06,2.41466335e-05,3.59578767e-04,5.75326027e-03,1.05956918e-07,1.80126760e-06,9.54450697e-17,1.71801125e-15,1.74611947e-06,2.96840310e-05,2.14541495e-10,3.86174690e-09,7.16297905e-05,1.43259581e-03
7.00368721e+00,9.21110436e-02,2.20044707e+04,2.49169566e-02,7.11431776e-01,7.11431776e-01,6.90108637e-02,2.76043455e-01,5.41627267e-05,6.49952720e-04,2.44998628e-07,3.18498217e-06,1.25061287e-04,1.62579673e-03,5.81211104e-05,8.13695546e-04,2.39585449e-11,3.59378173e-10,1.04610032e-05,1.46454045e-04,1.70883359e-06,2.56325038e-05,3.59465704e-04,5.75145126e-03,1.07951421e-07,1.83517416e-06,9.67551712e-17,1.74159308e-15,1.85162221e-06,3.14775775e-05,2.19260478e-10,3.94668860e-09,7.16301376e-05,1.43260275e-03
7.42201992e+00,9.21606822e-02,2.19981673e+04,2.60540764e-02,7.11426356e-01,7.11426356e-01,6.90110005e-02,2.76044002e-01,5.00767907e-05,6.00921489e-04,2.44703176e-07,3.18114129e-06,1.27999250e-04,1.66399025e-03,5.81244984e-05,8.13742977e-04,2.52865482e-11,3.79298222e-10,1.15066892e-05,1.61093648e-04,1.81415099e-06,2.72122649e-05,3.59345234e-04,5.74952375e-03,1.10404508e-07,1.87687663e-06,9.83266699e-17,1.76988006e-15,1.96358802e-06,3.33809963e-05,2.24746450e-10,4.04543609e-09,7.16305097e-05,1.43261019e-03
7.86533979e+00,9.22132856e-02,2.19914875e+04,2.72153167e-02,7.11420887e-01,7.11420887e-01,6.90111399e-02,2.76044560e-01,4.60637379e-05,5.52764855e-04,2.45454947e-07,3.19091431e-06,1.30761778e-04,1.69990312e-03,5.81327582e-05,8.13858614e-04,2.66815776e-11,4.00223664e-10,1.26428776e-05,1.77000286e-04,1.92615466e-06,2.88923199e-05,3.59216832e-04,5.74746932e-03,1.13363947e-07,1.92718710e-06,1.00211094e-16,1.80379970e-15,2.08242523e-06,3.54012289e-05,2.31148480e-10,4.16067264e-09,7.16309091e-05,1.43261818e-03
8.33513932e+00,9.22690311e-02,2.19844087e+04,2.83986233e-02,7.11415379e-01,7.11415379e-01,6.90112820e-02,2.76045128e-01,4.21419182e-05,5.05703019e-04,2.46992447e-07,3.21090182e-06,1.33323539e-04,1.73320600e-03,5.81471552e-05,8.14060172e-04,2.81464134e-11,4.22196201e-10,1.38751670e-05,1.94252338e-04,2.04530665e-06,3.06795998e-05,3.59079930e-04,5.74527887e-03,1.16879931e-07,1.98695882e-06,1.02460250e-16,1.84428449e-15,2.20856975e-06,3.75456857e-05,2.38624387e-10,4.29523896e-09,7.16313379e-05,1.43262676e-03
8.83300014e+00,9.23281063e-02,2.19769071e+04,2.96019356e-02,7.11409839e-01,7.11409839e-01,6.90114266e-02,2.76045707e-01,3.83297296e-05,4.59956755e-04,2.49054662e-07,3.23771061e-06,1.35659003e-04,1.76356705e-03,5.81690818e-05,8.14367145e-04,2.96839143e-11,4.45258715e-10,1.52091512e-05,2.12928117e-04,2.17210804e-06,3.25816206e-05,3.58933911e-04,5.74294258e-03,1.21004846e-07,2.05708238e-06,1.05125040e-16,1.89225072e-15,2.34248719e-06,3.98222822e-05,2.47339214e-10,4.45210586e-09,7.16317987e-05,1.43263597e-03
9.36059836e+00,9.23907100e-02,2.19689575e+04,3.08232691e-02,7.11404277e-01,7.11404277e-01,6.90115739e-02,2.76046296e-01,3.46453245e-05,4.15743894e-04,2.51387652e-07,3.26803948e-06,1.37742791e-04,1.79065628e-03,5.82000642e-05,8.14800899e-04,3.12970208e-11,4.69455311e-10,1.66503557e-05,2.33104980e-04,2.30710333e-06,3.46065500e-05,3.58778113e-04,5.74044980e-03,1.25792969e-07,2.13848048e-06,1.08254189e-16,1.94857541e-15,2.48467520e-06,4.22394784e-05,2.57463471e-10,4.63434247e-09,7.16322943e-05,1.43264589e-03
9.91971021e+00,9.24570531e-02,2.19605329e+04,3.20608078e-02,7.11398701e-01,7.11398701e-01,6.90117239e-02,2.76046896e-01,3.11062933e-05,3.73275519e-04,2.53750702e-07,3.29875912e-06,1.39550038e-04,1.81415049e-03,5.82417706e-05,8.15384788e-04,3.29887589e-11,4.94831384e-10,1.82041654e-05,2.54858316e-04,2.45088547e-06,3.67632821e-05,3.58611812e-04,5.73778899e-03,1.31300090e-07,2.23210153e-06,1.11892905e-16,2.01407230e-15,2.63566604e-06,4.48063226e-05,2.69171198e-10,4.84508157e-09,7.16328277e-05,1.43265655e-03
1.05122180e+01,9.25273589e-02,2.19516052e+04,3.33130046e-02,7.11393117e-01,7.11393117e-01,6.90118766e-02,2.76047506e-01,2.77293151e-05,3.32751782e-04,2.55921751e-07,3.32698277e-06,1.41056812e-04,1.83373856e-03,5.82960211e-05,8.16144296e-04,3.47622464e-11,5.21433697e-10,1.98757436e-05,2.78260410e-04,2.60410159e-06,3.90615239e-05,3.58434228e-04,5.73494765e-03,1.37583037e-07,2.33891163e-06,1.16081498e-16,2.08946696e-15,2.79602933e-06,4.75324987e-05,2.82637873e-10,5.08748172e-09,7.16334023e-05,1.43266805e-03
1.11401165e+01,9.26018641e-02,2.19421442e+04,3.45786860e-02,7.11387530e-01,7.11387530e-01,6.90120321e-02,2.76048129e-01,2.45297957e-05,2.94357549e-04,2.57701893e-07,3.35012460e-06,1.42240544e-04,1.84912707e-03,5.83647997e-05,8.17107195e-04,3.66206992e-11,5.49310487e-10,2.16699428e-05,3.03379199e-04,2.76745961e-06,4.15118942e-05,3.58244511e-04,5.73191217e-03,1.44699118e-07,2.45988500e-06,1.20854003e-16,2.17537206e-15,2.96637522e-06,5.04283787e-05,2.98038214e-10,5.36468786e-09,7.16340218e-05,1.43268044e-03
1.18055196e+01,9.26808195e-02,2.19321182e+04,3.58571609e-02,7.11381944e-01,7.11381944e-01,6.90121907e-02,2.76048763e-01,2.15214963e-05,2.58257955e-04,2.58918758e-07,3.36594385e-06,1.43080473e-04,1.86004615e-03,5.84502674e-05,8.18303744e-04,3.85674406e-11,5.78511609e-10,2.35912080e-05,3.30276912e-04,2.94173582e-06,4.41260372e-05,3.58041737e-04,5.72866778e-03,1.52705465e-07,2.59599291e-06,1.26236843e-16,2.27226318e-15,3.14735772e-06,5.35050812e-05,3.15543928e-10,5.67979070e-09,7.16346906e-05,1.43269381e-03
1.25106675e+01,9.27644910e-02,2.19214932e+04,3.71483280e-02,7.11376361e-01,7.11376361e-01,6.90123525e-02,2.76049410e-01,1.87161680e-05,2.24594016e-04,2.59428729e-07,3.37257348e-06,1.43558099e-04,1.86625529e-03,5.85547785e-05,8.19766899e-04,4.06059136e-11,6.09088704e-10,2.56434726e-05,3.59008616e-04,3.12778364e-06,4.69167546e-05,3.57824901e-04,5.72519841e-03,1.61658288e-07,2.74819089e-06,1.32247551e-16,2.38045591e-15,3.33967852e-06,5.67745349e-05,3.35321429e-10,6.03578572e-09,7.16354131e-05,1.43270826e-03
1.32579341e+01,9.28531602e-02,2.19102336e+04,3.84527819e-02,7.11370780e-01,7.11370780e-01,6.90125178e-02,2.76050071e-01,1.61232062e-05,1.93478474e-04,2.59117976e-07,3.36853368e-06,1.43657609e-04,1.86754892e-03,5.86808969e-05,8.21532557e-04,4.27396953e-11,6.41095430e-10,2.78300491e-05,3.89620688e-04,3.32654381e-06,4.98981571e-05,3.57592907e-04,5.72148651e-03,1.71612030e-07,2.91740452e-06,1.38893596e-16,2.50008473e-15,3.54409119e-06,6.02495502e-05,3.57529580e-10,6.43553243e-09,7.16361945e-05,1.43272389e-03
1.40498351e+01,9.29471256e-02,2.18983015e+04,3.97719148e-02,7.11365198e-01,7.11365198e-01,6.90126870e-02,2.76050748e-01,1.37493395e-05,1.64992074e-04,2.57902404e-07,3.35273125e-06,1.43366283e-04,1.86376168e-03,5.88314152e-05,8.23639813e-04,4.49725159e-11,6.74587739e-10,3.01535144e-05,4.22149202e-04,3.53905607e-06,5.30858410e-05,3.57344561e-04,5.71751297e-03,1.82618455e-07,3.10451373e-06,1.46171344e-16,2.63108419e-15,3.76140576e-06,6.39438980e-05,3.82317463e-10,6.88171433e-09,7.16370407e-05,1.43274081e-03
1.48890368e+01,9.30467036e-02,2.18856567e+04,4.11080129e-02,7.11359608e-01,7.11359608e-01,6.90128604e-02,2.76051442e-01,1.15983739e-05,1.39180487e-04,2.55726664e-07,3.32444664e-06,1.42674840e-04,1.85477293e-03,5.90093729e-05,8.26131220e-04,4.73082821e-11,7.09624231e-10,3.26155918e-05,4.56618286e-04,3.76647292e-06,5.64970938e-05,3.57078555e-04,5.71325688e-03,1.94725645e-07,3.31033597e-06,1.54065162e-16,2.77317291e-15,3.99249399e-06,6.78723979e-05,4.09822222e-10,7.37679999e-09,7.16379580e-05,1.43275916e-03
1.57783642e+01,9.31522294e-02,2.18722566e+04,4.24643485e-02,7.11354002e-01,7.11354002e-01,6.90130387e-02,2.76052155e-01,9.67100681e-06,1.16052082e-04,2.52562407e-07,3.28331129e-06,1.41577722e-04,1.84051038e-03,5.92180756e-05,8.29053058e-04,4.97511054e-11,7.46266581e-10,3.52170312e-05,4.93038437e-04,4.01007553e-06,6.01511330e-05,3.56793461e-04,5.70869537e-03,2.07976964e-07,3.53560839e-06,1.62546719e-16,2.92584094e-15,4.23829507e-06,7.20510162e-05,4.40166983e-10,7.92300569e-09,7.16389536e-05,1.43277907e-03
1.67208115e+01,9.32640583e-02,2.18580561e+04,4.38452682e-02,7.11348368e-01,7.11348368e-01,6.90132224e-02,2.76052890e-01,7.96473015e-06,9.55767618e-05,2.48405979e-07,3.22927772e-06,1.40073280e-04,1.82095264e-03,5.94611129e-05,8.32455580e-04,5.23053373e-11,7.84580059e-10,3.79574875e-05,5.31404825e-04,4.27129235e-06,6.40693853e-05,3.56487713e-04,5.70380340e-03,2.22409973e-07,3.78096954e-06,1.71574487e-16,3.08834076e-15,4.49982212e-06,7.64969761e-05,4.73458892e-10,8.52226006e-09,7.16400358e-05,1.43280072e-03
1.77195514e+01,9.33825668e-02,2.18430074e+04,4.52562795e-02,7.11342690e-01,7.11342690e-01,6.90134124e-02,2.76053649e-01,6.47383667e-06,7.76860400e-05,2.43275763e-07,3.16258492e-06,1.38163871e-04,1.79613032e-03,5.97423737e-05,8.36393232e-04,5.49756108e-11,8.24634162e-10,4.08353996e-05,5.71695594e-04,4.55172085e-06,6.82758127e-05,3.56159592e-04,5.69855347e-03,2.38055352e-07,4.04694098e-06,1.81093487e-16,3.25968276e-15,4.77816946e-06,8.12288809e-05,5.09787290e-10,9.17617123e-09,7.16412135e-05,1.43282427e-03
1.87779465e+01,9.35081539e-02,2.18270598e+04,4.67041410e-02,7.11336951e-01,7.11336951e-01,6.90136094e-02,2.76054438e-01,5.18954015e-06,6.22744818e-05,2.37209326e-07,3.08372123e-06,1.35855829e-04,1.76612578e-03,6.00660589e-05,8.40924824e-04,5.77668901e-11,8.66503351e-10,4.38478693e-05,6.13870170e-04,4.85315299e-06,7.27972949e-05,3.55807211e-04,5.69291538e-03,2.54935848e-07,4.33390942e-06,1.91035299e-16,3.43863538e-15,5.07452074e-06,8.62668525e-05,5.49222084e-10,9.88599752e-09,7.16424972e-05,1.43284994e-03
1.98995599e+01,9.36412423e-02,2.18101597e+04,4.81969598e-02,7.11331130e-01,7.11331130e-01,6.90138147e-02,2.76055259e-01,4.10021654e-06,4.92025985e-05,2.30260484e-07,2.99338629e-06,1.33159326e-04,1.73107124e-03,6.04366883e-05,8.46113636e-04,6.06845283e-11,9.10267925e-10,4.69905398e-05,6.57867557e-04,5.17760511e-06,7.76640766e-05,3.55428493e-04,5.68685589e-03,2.73065285e-07,4.64210984e-06,2.01318379e-16,3.62373083e-15,5.39015809e-06,9.16326876e-05,5.91812370e-10,1.06526227e-08,7.16438983e-05,1.43287797e-03
2.10881677e+01,9.37822801e-02,2.17922501e+04,4.97443020e-02,7.11325206e-01,7.11325206e-01,6.90140294e-02,2.76056118e-01,3.19175698e-06,3.83010837e-05,2.22496424e-07,2.89245352e-06,1.30088119e-04,1.69114555e-03,6.08591008e-05,8.52027412e-04,6.37343338e-11,9.56015007e-10,5.02574748e-05,7.03604647e-04,5.52735276e-06,8.29102914e-05,3.55021149e-04,5.68033838e-03,2.92447672e-07,4.97161042e-06,2.11848698e-16,3.81327657e-15,5.72647253e-06,9.73500331e-05,6.37585370e-10,1.14765367e-08,7.16454301e-05,1.43290860e-03
2.23477714e+01,9.39317422e-02,2.17732708e+04,5.13573278e-02,7.11319152e-01,7.11319152e-01,6.90142550e-02,2.76057020e-01,2.44804230e-06,2.93765076e-05,2.13994877e-07,2.78193340e-06,1.26659185e-04,1.64656940e-03,6.13384471e-05,8.58738260e-04,6.69226470e-11,1.00383971e-09,5.36410331e-05,7.50974464e-04,5.90497193e-06,8.85745790e-05,3.54582651e-04,5.67332242e-03,3.13076465e-07,5.32229991e-06,2.22520747e-16,4.00537344e-15,6.08497566e-06,1.03444586e-04,6.86545826e-10,1.23578249e-08,7.16471076e-05,1.43294215e-03
2.36826116e+01,9.40901317e-02,2.17531579e+04,5.30489546e-02,7.11312944e-01,7.11312944e-01,6.90144932e-02,2.76057973e-01,1.85149585e-06,2.22179502e-05,2.04841447e-07,2.66293882e-06,1.22892289e-04,1.59759975e-03,6.18801686e-05,8.66322360e-04,7.02564248e-11,1.05384637e-09,5.71317397e-05,7.99844356e-04,6.31338706e-06,9.47008059e-05,3.54110206e-04,5.66576330e-03,3.34933993e-07,5.69387788e-06,2.33218904e-16,4.19794027e-15,6.46731293e-06,1.09944320e-04,7.38675873e-10,1.32961657e-08,7.16489477e-05,1.43297895e-03
2.50971824e+01,9.42579819e-02,2.17318436e+04,5.48340626e-02,7.11306555e-01,7.11306555e-01,6.90147460e-02,2.76058984e-01,1.38369991e-06,1.66043989e-05,1.95127145e-07,2.53665289e-06,1.18809505e-04,1.54452356e-03,6.24899633e-05,8.74859487e-04,7.37433324e-11,1.10614999e-09,6.07181481e-05,8.50054074e-04,6.75592755e-06,1.01338913e-04,3.53600720e-04,5.65761152e-03,3.57991084e-07,6.08584843e-06,2.43819178e-16,4.38874521e-15,6.87527869e-06,1.16879738e-04,7.93935509e-10,1.42908392e-08,7.16509699e-05,1.43301940e-03
2.65962460e+01,9.44358578e-02,2.17092562e+04,5.67297522e-02,7.11299958e-01,7.11299958e-01,6.90150156e-02,2.76060062e-01,1.02604541e-06,1.23125449e-05,1.84946113e-07,2.40429947e-06,1.14434723e-04,1.48765141e-03,6.31737335e-05,8.84432268e-04,7.73918433e-11,1.16087765e-09,6.43866923e-05,9.01413692e-04,7.23639395e-06,1.08545909e-04,3.53050760e-04,5.64881217e-03,3.82206923e-07,6.49751768e-06,2.54191303e-16,4.57544345e-15,7.31083334e-06,1.24284167e-04,8.52263738e-10,1.53407473e-08,7.16531963e-05,1.43306393e-03
2.81848492e+01,9.46243583e-02,2.16853196e+04,5.87556677e-02,7.11293127e-01,7.11293127e-01,6.90153047e-02,2.76061219e-01,7.60365743e-07,9.12438892e-06,1.74393665e-07,2.26711764e-06,1.09793203e-04,1.42731164e-03,6.39375099e-05,8.95125139e-04,8.12113408e-11,1.21817011e-09,6.81215239e-05,9.53701334e-04,7.75913550e-06,1.16387033e-04,3.52456514e-04,5.63930422e-03,4.07529123e-07,6.92799510e-06,2.64201139e-16,4.75562051e-15,7.77612283e-06,1.32194088e-04,9.13580386e-10,1.64444469e-08,7.16556524e-05,1.43311305e-03
2.98683402e+01,9.48241180e-02,2.16599533e+04,6.09343992e-02,7.11286036e-01,7.11286036e-01,6.90156163e-02,2.76062465e-01,5.69518528e-07,6.83422234e-06,1.63564652e-07,2.12634047e-06,1.04911205e-04,1.36384566e-03,6.47873504e-05,9.07022905e-04,8.52122184e-11,1.27818328e-09,7.19043371e-05,1.00666072e-03,8.32914063e-06,1.24937110e-04,3.51813736e-04,5.62901978e-03,4.33894022e-07,7.37619838e-06,2.73713334e-16,4.92684000e-15,8.27350084e-06,1.40649514e-04,9.77788608e-10,1.76001949e-08,7.16583675e-05,1.43316735e-03
3.16523867e+01,9.50358094e-02,2.16330718e+04,6.32919862e-02,7.11278662e-01,7.11278662e-01,6.90159540e-02,2.76063816e-01,4.37871796e-07,5.25446155e-06,1.52552238e-07,1.98317910e-06,9.98157614e-05,1.29760490e-03,6.57292039e-05,9.20208854e-04,8.94059757e-11,1.34108963e-09,7.57141752e-05,1.05999845e-03,8.95214299e-06,1.34282145e-04,3.51117695e-04,5.61788311e-03,4.61227123e-07,7.84086108e-06,2.82594117e-16,5.08669411e-15,8.80555420e-06,1.49694421e-04,1.04477796e-09,1.88060032e-08,7.16613750e-05,1.43322750e-03
3.35429949e+01,9.52601452e-02,2.16045847e+04,6.58585338e-02,7.11270981e-01,7.11270981e-01,6.90163217e-02,2.76065287e-01,3.51668236e-07,4.22001883e-06,1.41447062e-07,1.83881181e-06,9.45345988e-05,1.22894978e-03,6.67687371e-05,9.34762320e-04,9.38052931e-11,1.40707940e-09,7.95272328e-05,1.11338126e-03,9.63474427e-06,1.44521164e-04,3.50363102e-04,5.60580963e-03,4.89443678e-07,8.32054253e-06,2.90714184e-16,5.23285531e-15,9.37513182e-06,1.59377241e-04,1.11442798e-09,2.00597036e-08,7.16647141e-05,1.43329428e-03
3.55465299e+01,9.54978807e-02,2.15743961e+04,6.86689737e-02,7.11262974e-01,7.11262974e-01,6.90167242e-02,2.76066897e-01,2.99241999e-07,3.59090399e-06,1.30336807e-07,1.69437849e-06,8.90962387e-05,1.15825110e-03,6.79111144e-05,9.50755601e-04,9.84240849e-11,1.47636127e-09,8.33166545e-05,1.16643316e-03,1.03845573e-05,1.55768359e-04,3.49544043e-04,5.59270470e-03,5.18449287e-07,8.81363789e-06,2.97951492e-16,5.36312686e-15,9.98537783e-06,1.69751423e-04,1.18661207e-09,2.13590172e-08,7.16684296e-05,1.43336859e-03
3.76697367e+01,9.57498162e-02,2.15424043e+04,7.17639922e-02,7.11254620e-01,7.11254620e-01,6.90171668e-02,2.76068667e-01,2.71085388e-07,3.25302465e-06,1.19306095e-07,1.55097923e-06,8.35302715e-05,1.08589353e-03,6.91607248e-05,9.68250147e-04,1.03277504e-10,1.54916256e-09,8.70523521e-05,1.21873293e-03,1.12103707e-05,1.68155561e-04,3.48653887e-04,5.57846220e-03,5.48140443e-07,9.31838752e-06,3.04193919e-16,5.47549054e-15,1.06397694e-05,1.80876080e-04,1.26120147e-09,2.27016265e-08,7.16725740e-05,1.43345148e-03
3.99197634e+01,9.60167999e-02,2.15085016e+04,7.51911613e-02,7.11245901e-01,7.11245901e-01,6.90176558e-02,2.76070623e-01,2.59773616e-07,3.11728340e-06,1.08436608e-07,1.40967591e-06,7.78677768e-05,1.01228110e-03,7.05208488e-05,9.87291884e-04,1.08381888e-10,1.62572833e-09,9.07008594e-05,1.26981203e-03,1.21223391e-05,1.81835086e-04,3.47685187e-04,5.56296300e-03,5.78404898e-07,9.83288327e-06,3.09341640e-16,5.56814952e-15,1.13421600e-05,1.92816720e-04,1.33806914e-09,2.40852444e-08,7.16772080e-05,1.43354416e-03
4.23041850e+01,9.62997307e-02,2.14725739e+04,7.90063159e-02,7.11236800e-01,7.11236800e-01,6.90181984e-02,2.76072794e-01,2.59772773e-07,3.11727328e-06,9.78073062e-08,1.27149498e-06,7.21418400e-05,9.37843921e-04,7.19932573e-05,1.00790560e-03,1.13754618e-10,1.70631926e-09,9.42252573e-05,1.31915360e-03,1.31321987e-05,1.96982981e-04,3.46629566e-04,5.54607305e-03,6.09121764e-07,1.03550700e-05,3.13309169e-16,5.63956504e-15,1.20968288e-05,2.05646089e-04,1.41709326e-09,2.55076787e-08,7.16824027e-05,1.43364805e-03
4.48310289e+01,9.65995610e-02,2.14345002e+04,8.32752255e-02,7.11227298e-01,7.11227298e-01,6.90188030e-02,2.76075212e-01,2.67165770e-07,3.20598924e-06,8.74945708e-08,1.13742942e-06,6.63881007e-05,8.63045309e-04,7.35777357e-05,1.03008830e-03,1.19413857e-10,1.79120785e-09,9.75852073e-05,1.36619290e-03,1.42535133e-05,2.13802699e-04,3.45477581e-04,5.52764130e-03,6.40161225e-07,1.08827408e-05,3.16027001e-16,5.68848602e-15,1.29085369e-05,2.19445127e-04,1.49816034e-09,2.69668862e-08,7.16882412e-05,1.43376482e-03
4.75088021e+01,9.69173002e-02,2.13941524e+04,8.80756255e-02,7.11217375e-01,7.11217375e-01,6.90194792e-02,2.76077917e-01,2.79336866e-07,3.35204239e-06,7.75721414e-08,1.00843784e-06,6.06452478e-05,7.88388221e-04,7.52715290e-05,1.05380141e-03,1.25378146e-10,1.88067219e-09,1.00737141e-04,1.41031998e-03,1.55019484e-05,2.32529225e-04,3.44218576e-04,5.50749721e-03,6.71383806e-07,1.14135247e-05,3.17442844e-16,5.71397119e-15,1.37825917e-05,2.34304060e-04,1.58116767e-09,2.84610181e-08,7.16948212e-05,1.43389642e-03
5.03465196e+01,9.72540181e-02,2.13513945e+04,9.34996808e-02,7.11207008e-01,7.11207008e-01,6.90202385e-02,2.76080954e-01,2.94653712e-07,3.53584454e-06,6.81107085e-08,8.85439210e-07,5.49553755e-05,7.14419881e-04,7.70687053e-05,1.07896187e-03,1.31665801e-10,1.97498701e-09,1.03634663e-04,1.45088528e-03,1.68955756e-05,2.53433634e-04,3.42840496e-04,5.48544794e-03,7.02639159e-07,1.19448657e-05,3.17522436e-16,5.71540385e-15,1.47249198e-05,2.50323636e-04,1.66602521e-09,2.99884537e-08,7.17022573e-05,1.43404515e-03
5.19470243e+01,9.74439309e-02,2.13272786e+04,9.67222559e-02,7.11201222e-01,7.11201222e-01,6.90206872e-02,2.76082749e-01,3.03871843e-07,3.64646211e-06,6.32219813e-08,8.21885757e-07,5.19239629e-05,6.75011518e-04,7.80778141e-05,1.09308940e-03,1.35197971e-10,2.02796956e-09,1.05075045e-04,1.47105062e-03,1.77148225e-05,2.65722337e-04,3.42042946e-04,5.47268714e-03,7.19456243e-07,1.22307561e-05,3.17004245e-16,5.70607641e-15,1.52638891e-05,2.59486115e-04,1.71254111e-09,3.08257399e-08,7.17066707e-05,1.43413341e-03
5.33537351e+01,9.76108484e-02,2.13060827e+04,9.96569747e-02,7.11196170e-01,7.11196170e-01,6.90210941e-02,2.76084376e-01,3.12178609e-07,3.74614331e-06,5.91770857e-08,7.69302114e-07,4.93641079e-05,6.41733403e-04,7.89594399e-05,1.10543216e-03,1.38294069e-10,2.07441104e-09,1.06229221e-04,1.48720910e-03,1.84552034e-05,2.76828051e-04,3.41329690e-04,5.46127504e-03,7.33764351e-07,1.24739940e-05,3.16249996e-16,5.69249992e-15,1.57421491e-05,2.67616534e-04,1.75265700e-09,3.15478261e-08,7.17106850e-05,1.43421370e-03
5.42963872e+01,9.77227016e-02,2.12918792e+04,1.01678928e-01,7.11192801e-01,7.11192801e-01,6.90213736e-02,2.76085494e-01,3.17821772e-07,3.81386126e-06,5.65933388e-08,7.35713405e-07,4.77028678e-05,6.20137282e-04,7.95465601e-05,1.11365184e-03,1.40364329e-10,2.10546494e-09,1.06945458e-04,1.49723642e-03,1.89621681e-05,2.84432521e-04,3.40845236e-04,5.45352378e-03,7.43108645e-07,1.26328470e-05,3.15600114e-16,5.68080205e-15,1.60650507e-05,2.73105861e-04,1.77914893e-09,3.20246808e-08,7.17134475e-05,1.43426895e-03
5.65405725e+01,9.79889922e-02,2.12580645e+04,1.06678127e-01,7.11184827e-01,7.11184827e-01,6.90220614e-02,2.76088246e-01,3.31429420e-07,3.97715304e-06,5.08329301e-08,6.60828092e-07,4.39204101e-05,5.70965331e-04,8.09292294e-05,1.13300921e-03,1.45278005e-10,2.17917008e-09,1.08471118e-04,1.51859565e-03,2.02047290e-05,3.03070935e-04,3.39670670e-04,5.43473072e-03,7.64581727e-07,1.29978894e-05,3.13628338e-16,5.64531008e-15,1.68417020e-05,2.86308935e-04,1.84100239e-09,3.31380430e-08,7.17202643e-05,1.43440529e-03
5.66457502e+01,9.80014723e-02,2.12564797e+04,1.06918999e-01,7.11184455e-01,7.11184455e-01,6.90220944e-02,2.76088378e-01,3.32071811e-07,3.98486173e-06,5.05760057e-08,6.57488074e-07,4.37490344e-05,5.68737447e-04,8.09934304e-05,1.13390803e-03,1.45507754e-10,2.18261632e-09,1.08536550e-04,1.51951170e-03,2.02642103e-05,3.03963154e-04,3.39614883e-04,5.43383813e-03,7.65561739e-07,1.30145496e-05,3.13522239e-16,5.64340029e-15,1.68783775e-05,2.86932417e-04,1.84386031e-09,3.31894855e-08,7.17205923e-05,1.43441185e-03
5.89951131e+01,9.82802431e-02,2.12210802e+04,1.12458385e-01,7.11176171e-01,7.11176171e-01,6.90228512e-02,2.76091405e-01,3.46499100e-07,4.15798920e-06,4.51267950e-08,5.86648334e-07,4.00563070e-05,5.20731991e-04,8.24109492e-05,1.15375329e-03,1.50626261e-10,2.25939392e-09,1.09860916e-04,1.53805282e-03,2.16224327e-05,3.24336491e-04,3.38351297e-04,5.41362075e-03,7.86848521e-07,1.33764248e-05,3.10863396e-16,5.59554112e-15,1.77041431e-05,3.00970433e-04,1.90677727e-09,3.43219908e-08,7.17281203e-05,1.43456241e-03
5.99177609e+01,9.83897227e-02,2.12071781e+04,1.14719162e-01,7.11172933e-01,7.11172933e-01,6.90231586e-02,2.76092634e-01,3.52198120e-07,4.22637744e-06,4.31330392e-08,5.60729510e-07,3.86760073e-05,5.02788095e-04,8.29580552e-05,1.16141277e-03,1.52628999e-10,2.28943499e-09,1.10310916e-04,1.54435282e-03,2.21715019e-05,3.32572528e-04,3.37845842e-04,5.40553346e-03,7.94896409e-07,1.35132390e-05,3.09678707e-16,5.57421673e-15,1.80318995e-05,3.06542292e-04,1.93101713e-09,3.47583083e-08,7.17311850e-05,1.43462370e-03
6.13444760e+01,9.85590138e-02,2.11856808e+04,1.18313053e-01,7.11167939e-01,7.11167939e-01,6.90236454e-02,2.76094582e-01,3.61038405e-07,4.33246086e-06,4.02042790e-08,5.22655627e-07,3.66177516e-05,4.76030770e-04,8.37920315e-05,1.17308844e-03,1.55716969e-10,2.33575453e-09,1.10931616e-04,1.55304263e-03,2.30381934e-05,3.45572902e-04,3.37053891e-04,5.39286225e-03,8.07001142e-07,1.37190194e-05,3.07706436e-16,5.53871585e-15,1.85426113e-05,3.15224392e-04,1.96799864e-09,3.54239755e-08,7.17360472e-05,1.43472094e-03
6.34966699e+01,9.88143889e-02,2.11532522e+04,1.23966757e-01,7.11160432e-01,7.11160432e-01,6.90244070e-02,2.76097628e-01,3.74424069e-07,4.49308883e-06,3.61233088e-08,4.69603014e-07,3.36843526e-05,4.37896584e-04,8.50195255e-05,1.19027336e-03,1.60352919e-10,2.40529378e-09,1.11701301e-04,1.56381822e-03,2.43866826e-05,3.65800239e-04,3.35835189e-04,5.37336303e-03,8.24493563e-07,1.40163906e-05,3.04440365e-16,5.47992657e-15,1.93220759e-05,3.28475290e-04,2.02267499e-09,3.64081499e-08,7.17436723e-05,1.43487345e-03
6.36938389e+01,9.88377846e-02,2.11502813e+04,1.24499045e-01,7.11159745e-01,7.11159745e-01,6.90244784e-02,2.76097914e-01,3.75652829e-07,4.50783395e-06,3.57688529e-08,4.64995088e-07,3.34257442e-05,4.34534675e-04,8.51300000e-05,1.19182000e-03,1.60776198e-10,2.41164297e-09,1.11762102e-04,1.56466942e-03,2.45127178e-05,3.67690767e-04,3.35722081e-04,5.37155329e-03,8.26050612e-07,1.40428604e-05,3.04125160e-16,5.47425287e-15,1.93940352e-05,3.29698598e-04,2.02761935e-09,3.64971483e-08,7.17443887e-05,1.43488777e-03
6.60432018e+01,9.91165553e-02,2.11148819e+04,1.31032481e-01,7.11151576e-01,7.11151576e-01,6.90253516e-02,2.76101406e-01,3.90318595e-07,4.68382314e-06,3.17827643e-08,4.13175936e-07,3.04720490e-05,3.96136637e-04,8.64185990e-05,1.20986039e-03,1.65799571e-10,2.48699356e-09,1.12366146e-04,1.57312604e-03,2.60470925e-05,3.90706387e-04,3.34355288e-04,5.34968460e-03,8.44026651e-07,1.43484531e-05,3.00185174e-16,5.40333314e-15,2.02586571e-05,3.44397170e-04,2.08573011e-09,3.75431420e-08,7.17531611e-05,1.43506322e-03
6.72893485e+01,9.92644206e-02,2.10961053e+04,1.34644500e-01,7.11147249e-01,7.11147249e-01,6.90258315e-02,2.76103326e-01,3.98112058e-07,4.77734469e-06,2.98384829e-08,3.87900278e-07,2.89990950e-05,3.76988236e-04,8.70800476e-05,1.21912067e-03,1.68447824e-10,2.52671735e-09,1.12599427e-04,1.57639198e-03,2.68855746e-05,4.03283620e-04,3.33615919e-04,5.33785470e-03,8.53135570e-07,1.45033047e-05,2.97969948e-16,5.36345906e-15,2.07227052e-05,3.52285989e-04,2.11597005e-09,3.80874609e-08,7.17579947e-05,1.43515989e-03
6.83925647e+01,9.93953261e-02,2.10794824e+04,1.37929549e-01,7.11143419e-01,7.11143419e-01,6.90262663e-02,2.76105065e-01,4.05017356e-07,4.86020827e-06,2.82101220e-08,3.66731586e-07,2.77478911e-05,3.60722584e-04,8.76520074e-05,1.22712810e-03,1.70782099e-10,2.56173148e-09,1.12757772e-04,1.57860881e-03,2.76422598e-05,4.14633897e-04,3.32952937e-04,5.32724699e-03,8.60957649e-07,1.46362800e-05,2.95944712e-16,5.32700481e-15,2.11367076e-05,3.59324029e-04,2.14241733e-09,3.85635120e-08,7.17623809e-05,1.43524762e-03
7.07419276e+01,9.96740968e-02,2.10440829e+04,1.45206489e-01,7.11135260e-01,7.11135260e-01,6.90272241e-02,2.76108896e-01,4.19732465e-07,5.03678958e-06,2.50168926e-08,3.25219604e-07,2.52440292e-05,3.28172379e-04,8.88248481e-05,1.24354787e-03,1.75718277e-10,2.63577415e-09,1.12951178e-04,1.58131650e-03,2.92990126e-05,4.39485189e-04,3.31514461e-04,5.30423137e-03,8.76870683e-07,1.49068016e-05,2.91455386e-16,5.24619695e-15,2.20284050e-05,3.74482886e-04,2.19776323e-09,3.95597382e-08,7.17720649e-05,1.43544130e-03
7.13085651e+01,9.97413329e-02,2.10355450e+04,1.47020274e-01,7.11133290e-01,7.11133290e-01,6.90274617e-02,2.76109847e-01,4.23282164e-07,5.07938597e-06,2.42998772e-08,3.15898403e-07,2.46720322e-05,3.20736419e-04,8.90980967e-05,1.24737335e-03,1.76901228e-10,2.65351842e-09,1.12969754e-04,1.58157656e-03,2.97078939e-05,4.45618409e-04,3.31162048e-04,5.29859277e-03,8.80559257e-07,1.49695074e-05,2.90340592e-16,5.22613065e-15,2.22455374e-05,3.78174136e-04,2.21092003e-09,3.97965606e-08,7.17744719e-05,1.43548944e-03
7.30912905e+01,9.99528675e-02,2.10086835e+04,1.52879558e-01,7.11127084e-01,7.11127084e-01,6.90282263e-02,2.76112905e-01,4.34447253e-07,5.21336704e-06,2.21708885e-08,2.88221550e-07,2.29508278e-05,2.98360761e-04,8.99321966e-05,1.25905075e-03,1.80602165e-10,2.70903247e-09,1.12960664e-04,1.58144929e-03,3.10179901e-05,4.65269851e-04,3.30039298e-04,5.28062877e-03,8.91791586e-07,1.51604570e-05,2.86762886e-16,5.16173195e-15,2.29339548e-05,3.89877231e-04,2.25184596e-09,4.05332272e-08,7.17822302e-05,1.43564460e-03
7.54406534e+01,1.00603813e-01,2.09212982e+04,1.61056404e-01,7.11118807e-01,7.11118807e-01,6.90292789e-02,2.76117116e-01,4.46365988e-07,5.35639186e-06,1.93343369e-08,2.51346380e-07,2.08406377e-05,2.70928291e-04,9.09548331e-05,1.27336766e-03,1.78451568e-10,2.67677352e-09,1.12821004e-04,1.57949405e-03,3.28192250e-05,4.92288376e-04,3.28512709e-04,5.25620334e-03,9.01356335e-07,1.53230577e-05,2.65481698e-16,4.77867057e-15,2.38676558e-05,4.05750149e-04,2.28890235e-09,4.12002423e-08,7.17930821e-05,1.43586164e-03
7.55678509e+01,1.00661578e-01,2.09134212e+04,1.61528757e-01,7.11118344e-01,7.11118344e-01,6.90293381e-02,2.76117353e-01,4.46537778e-07,5.35845333e-06,1.91483588e-08,2.48928665e-07,2.07286260e-05,2.69472138e-04,9.10052398e-05,1.27407336e-03,1.77933922e-10,2.66900883e-09,1.12812639e-04,1.57937695e-03,3.29222707e-05,4.93834060e-04,3.28426278e-04,5.25482045e-03,9.01073405e-07,1.53182479e-05,2.63273712e-16,4.73892682e-15,2.39212944e-05,4.06662004e-04,2.28861663e-09,4.11950993e-08,7.17937205e-05,1.43587441e-03
7.77900163e+01,1.01670739e-01,2.07758083e+04,1.70418147e-01,7.11109931e-01,7.11109931e-01,6.90304114e-02,2.76121646e-01,4.43162513e-07,5.31795015e-06,1.59380949e-08,2.07195233e-07,1.87913553e-05,2.44287619e-04,9.17758967e-05,1.28486255e-03,1.69580325e-10,2.54370487e-09,1.12670106e-04,1.57738149e-03,3.48411395e-05,5.22617093e-04,3.26833810e-04,5.22934096e-03,8.83142142e-07,1.50134164e-05,2.26240206e-16,4.07232372e-15,2.49282755e-05,4.23780684e-04,2.26689844e-09,4.08041720e-08,7.18060266e-05,1.43612053e-03
8.00815453e+01,1.02711401e-01,2.06338998e+04,1.80947696e-01,7.11100605e-01,7.11100605e-01,6.90315915e-02,2.76126366e-01,4.33491629e-07,5.20189955e-06,1.30369838e-08,1.69480790e-07,1.68434911e-05,2.18965385e-04,9.23322000e-05,1.29265080e-03,1.62189012e-10,2.43283519e-09,1.12514844e-04,1.57520782e-03,3.70664385e-05,5.55996578e-04,3.25018973e-04,5.20030357e-03,8.48005652e-07,1.44160961e-05,1.92799701e-16,3.47039462e-15,2.61119577e-05,4.43903282e-04,2.22938615e-09,4.01289508e-08,7.18212513e-05,1.43642503e-03
8.01393793e+01,1.02737666e-01,2.06303183e+04,1.81232687e-01,7.11100361e-01,7.11100361e-01,6.90316222e-02,2.76126489e-01,4.33221850e-07,5.19866219e-06,1.29697857e-08,1.68607214e-07,1.67951605e-05,2.18337087e-04,9.23428694e-05,1.29280017e-03,1.62016807e-10,2.43025210e-09,1.12510616e-04,1.57514863e-03,3.71259857e-05,5.56889786e-04,3.24970780e-04,5.19953249e-03,8.46994697e-07,1.43989098e-05,1.92023344e-16,3.45642019e-15,2.61438292e-05,4.44445097e-04,2.22835864e-09,4.01104555e-08,7.18216722e-05,1.43643344e-03
8.24887422e+01,1.03804592e-01,2.04848284e+04,1.93671800e-01,7.11090084e-01,7.11090084e-01,6.90329089e-02,2.76131636e-01,4.22387153e-07,5.06864583e-06,1.04730611e-08,1.36149795e-07,1.48750079e-05,1.93375103e-04,9.26271632e-05,1.29678028e-03,1.55551592e-10,2.33327388e-09,1.12317678e-04,1.57244749e-03,3.96918807e-05,5.95378211e-04,3.22908209e-04,5.16653135e-03,8.03545687e-07,1.36602767e-05,1.63269518e-16,2.93885133e-15,2.75255786e-05,4.67934835e-04,2.18699759e-09,3.93659566e-08,7.18404516e-05,1.43680903e-03
8.48381051e+01,1.04871518e-01,2.03393384e+04,2.07922259e-01,7.11079082e-01,7.11079082e-01,6.90342741e-02,2.76137096e-01,4.12832505e-07,4.95399006e-06,8.39377786e-09,1.09119112e-07,1.30566498e-05,1.69736447e-04,9.26052562e-05,1.29647359e-03,1.50003050e-10,2.25004576e-09,1.12068033e-04,1.56895247e-03,4.25559828e-05,6.38339742e-04,3.20630055e-04,5.13008088e-03,7.58983791e-07,1.29027244e-05,1.39643783e-16,2.51358810e-15,2.90851076e-05,4.94446830e-04,2.15210495e-09,3.87378890e-08,7.18628404e-05,1.43725681e-03
8.48648443e+01,1.04883661e-01,2.03376825e+04,2.08095646e-01,7.11078952e-01,7.11078952e-01,6.90342901e-02,2.76137160e-01,4.12734015e-07,4.95280818e-06,8.37231072e-09,1.08840039e-07,1.30366382e-05,1.69476297e-04,9.26031661e-05,1.29644433e-03,1.49944546e-10,2.24916819e-09,1.12064784e-04,1.56890698e-03,4.25903594e-05,6.38855390e-04,3.20602822e-04,5.12964515e-03,7.58484382e-07,1.28942345e-05,1.39401960e-16,2.50923528e-15,2.91039260e-05,4.94766743e-04,2.15177007e-09,3.87318612e-08,7.18631180e-05,1.43726236e-03
8.71874680e+01,1.05938444e-01,2.01938485e+04,2.24187940e-01,7.11067339e-01,7.11067339e-01,6.90357238e-02,2.76142895e-01,4.05088179e-07,4.86105815e-06,6.68011101e-09,8.68414432e-08,1.13648563e-05,1.47743132e-04,9.22577520e-05,1.29160853e-03,1.45213370e-10,2.17820055e-09,1.11741704e-04,1.56438385e-03,4.57340726e-05,6.86011090e-04,3.18119727e-04,5.08991563e-03,7.16407810e-07,1.21789328e-05,1.20465714e-16,2.16838285e-15,3.08342312e-05,5.24181930e-04,2.12927628e-09,3.83269731e-08,7.18893549e-05,1.43778710e-03
8.95368309e+01,1.07005371e-01,2.00483585e+04,2.42691392e-01,7.11054845e-01,7.11054845e-01,6.90372669e-02,2.76149068e-01,3.99058369e-07,4.78870042e-06,5.28437653e-09,6.86968949e-08,9.82082750e-06,1.27670758e-04,9.15688078e-05,1.28196331e-03,1.41045141e-10,2.11567711e-09,1.11323450e-04,1.55852831e-03,4.92400635e-05,7.38600953e-04,3.15360186e-04,5.04576297e-03,6.77006243e-07,1.15091061e-05,1.04949132e-16,1.88908438e-15,3.27848831e-05,5.57343012e-04,2.12100779e-09,3.81781402e-08,7.19205471e-05,1.43841094e-03
8.99338515e+01,1.07185671e-01,2.00237721e+04,2.46056331e-01,7.11052660e-01,7.11052660e-01,6.90375376e-02,2.76150150e-01,3.98189437e-07,4.77827324e-06,5.07669884e-09,6.59970849e-08,9.57572160e-06,1.24484381e-04,9.14177155e-05,1.27984802e-03,1.40393333e-10,2.10590000e-09,1.11242927e-04,1.55740098e-03,4.98657938e-05,7.47986907e-04,3.14867997e-04,5.03788795e-03,6.70682097e-07,1.14015956e-05,1.02634824e-16,1.84742683e-15,3.31352838e-05,5.63299825e-04,2.12111281e-09,3.81800306e-08,7.19263214e-05,1.43852643e-03
9.18861938e+01,1.08072297e-01,1.99028686e+04,2.63674614e-01,7.11041599e-01,7.11041599e-01,6.90389136e-02,2.76155654e-01,3.94461867e-07,4.73354240e-06,4.16219014e-09,5.41084718e-08,8.44044937e-06,1.09725842e-04,9.05259502e-05,1.26736330e-03,1.37378448e-10,2.06067673e-09,1.10803939e-04,1.55125515e-03,5.30854434e-05,7.96281651e-04,3.12334075e-04,4.99734521e-03,6.40945756e-07,1.08960779e-05,9.23636138e-17,1.66254505e-15,3.49489818e-05,5.94132690e-04,2.12797199e-09,3.83034958e-08,7.19569972e-05,1.43913994e-03
9.42355567e+01,1.09729004e-01,1.96884703e+04,2.87578403e-01,7.11027517e-01,7.11027517e-01,6.90406820e-02,2.76162728e-01,3.87557723e-07,4.65069268e-06,3.20058610e-09,4.16076193e-08,7.22574354e-06,9.39346660e-05,8.90949850e-05,1.24732979e-03,1.26963553e-10,1.90445329e-09,1.10191419e-04,1.54267986e-03,5.73103387e-05,8.59655081e-04,3.09002355e-04,4.94403767e-03,6.01702253e-07,1.02289383e-05,7.53225462e-17,1.35580583e-15,3.73596859e-05,6.35114660e-04,2.11593050e-09,3.80867490e-08,7.19997875e-05,1.43999575e-03
9.53056322e+01,1.11413043e-01,1.94822229e+04,3.00970422e-01,7.11020151e-01,7.11020151e-01,6.90415737e-02,2.76166295e-01,3.65591818e-07,4.38710182e-06,2.60396658e-09,3.38515656e-08,6.66910474e-06,8.66983616e-05,8.81011529e-05,1.23341614e-03,1.13066726e-10,1.69600088e-09,1.09960146e-04,1.53944205e-03,5.96104797e-05,8.94157195e-04,3.07208929e-04,4.91534286e-03,5.47144630e-07,9.30145870e-06,5.84783733e-17,1.05261072e-15,3.87107515e-05,6.58082775e-04,1.99727608e-09,3.59509694e-08,7.20255464e-05,1.44051093e-03
9.65849196e+01,1.13426330e-01,1.92356517e+04,3.20473918e-01,7.11010139e-01,7.11010139e-01,6.90427140e-02,2.76170856e-01,3.31587603e-07,3.97905124e-06,1.99185189e-09,2.58940746e-08,5.96221860e-06,7.75088418e-05,8.64223029e-05,1.20991224e-03,9.94704778e-11,1.49205717e-09,1.09756559e-04,1.53659182e-03,6.28701089e-05,9.43051634e-04,3.04693607e-04,4.87509772e-03,4.62479515e-07,7.86215175e-06,4.35942311e-17,7.84696159e-16,4.06730178e-05,6.91441303e-04,1.86467489e-09,3.35641481e-08,7.20655477e-05,1.44131095e-03
9.89342825e+01,1.17123655e-01,1.87828332e+04,3.68827190e-01,7.10988323e-01,7.10988323e-01,6.90449856e-02,2.76179943e-01,2.77795580e-07,3.33354696e-06,1.17009855e-09,1.52112811e-08,4.60900723e-06,5.99170940e-05,8.16707925e-05,1.14339109e-03,8.08828492e-11,1.21324274e-09,1.09507996e-04,1.53311195e-03,7.05118546e-05,1.05767782e-03,2.98835096e-04,4.78136154e-03,3.26615033e-07,5.55245556e-06,2.76054802e-17,4.96898643e-16,4.54273209e-05,7.72264455e-04,1.74472053e-09,3.14049695e-08,7.21725488e-05,1.44345098e-03
1.00998271e+02,1.25669605e-01,1.78500826e+04,4.45353015e-01,7.10961008e-01,7.10961008e-01,6.90473796e-02,2.76189518e-01,1.90708455e-07,2.28850147e-06,4.71933657e-10,6.13513755e-09,3.23696644e-06,4.20805637e-05,7.33219746e-05,1.02650764e-03,4.64873140e-11,6.97309710e-10,1.09621137e-04,1.53469592e-03,8.14742199e-05,1.22211330e-03,2.90725209e-04,4.65160334e-03,1.55455713e-07,2.64274713e-06,9.62046589e-18,1.73168386e-16,5.24269935e-05,8.91258890e-04,1.36435365e-09,2.45583657e-08,7.23626432e-05,1.44725286e-03
1.01283645e+02,1.27043824e-01,1.77016670e+04,4.63017066e-01,7.10955748e-01,7.10955748e-01,6.90477576e-02,2.76191031e-01,1.77457932e-07,2.12949518e-06,3.99844757e-10,5.19798184e-09,3.00187579e-06,3.90243852e-05,7.13370091e-05,9.98718127e-04,4.29993102e-11,6.44989653e-10,1.09695143e-04,1.53573200e-03,8.38209330e-05,1.25731399e-03,2.89064572e-04,4.62503315e-03,1.35317456e-07,2.30039675e-06,8.41286186e-18,1.51431513e-16,5.39162618e-05,9.16576451e-04,1.34305182e-09,2.41749328e-08,7.24084500e-05,1.44816900e-03
1.03633008e+02,2.87967699e-01,7.26697374e+03,1.43179785e+00,7.10430807e-01,7.10430807e-01,6.90570586e-02,2.76228235e-01,9.43199618e-10,1.13183954e-08,2.02502770e-15,2.63253602e-14,3.86716001e-09,5.02730801e-08,1.91355913e-09,2.67898279e-08,5.42186522e-14,8.13279783e-13,1.11884931e-04,1.56638904e-03,1.60199344e-04,2.40299015e-03,2.24575464e-05,3.59320743e-04,4.73586782e-10,8.05097530e-09,1.60159842e-20,2.88287716e-19,2.83809663e-04,4.82476427e-03,4.66483378e-10,8.39670081e-09,6.46745479e-05,1.29349096e-03
1.05982371e+02,4.06035454e-01,7.86403993e+02,3.19381968e+00,7.09335307e-01,7.09335307e-01,6.92640104e-02,2.77056042e-01,8.76134808e-10,1.05136177e-08,1.02129926e-15,1.32768904e-14,3.27149478e-09,4.25294322e-08,3.83929964e-10,5.37501950e-09,7.39039939e-14,1.10855991e-12,1.12866053e-04,1.58012474e-03,3.60475046e-04,5.40712568e-03,2.65275488e-10,4.24440781e-09,1.53790156e-15,2.61443265e-14,6.11091262e-20,1.09996427e-18,2.45722916e-09,4.17728958e-08,6.78994078e-10,1.22218934e-08,1.79439907e-08,3.58879815e-07
1.07030934e+02,3.85455052e-01,5.27274911e+02,3.57779666e+00,7.09152663e-01,7.09152663e-01,6.93163548e-02,2.77265419e-01,2.32580648e-09,2.79096777e-08,6.77282243e-15,8.80466916e-14,9.22440855e-09,1.19917311e-07,7.93865525e-10,1.11141173e-08,1.80650168e-13,2.70975252e-12,1.13989653e-04,1.59585514e-03,4.07834638e-04,6.11751958e-03,3.31231810e-10,5.29970896e-09,3.72391133e-15,6.33064926e-14,1.65647147e-19,2.98164865e-18,2.29758885e-09,3.90590104e-08,1.03256953e-09,1.85862516e-08,3.87852114e-08,7.75704229e-07
1.08331734e+02,3.56584557e-01,3.43451022e+02,3.83258478e+00,7.08993312e-01,7.08993312e-01,6.93585922e-02,2.77434369e-01,7.80388922e-09,9.36466706e-08,7.05730242e-14,9.17449315e-13,3.25554555e-08,4.23220922e-07,2.06512256e-09,2.89117159e-08,5.40054300e-13,8.10081450e-12,1.15651621e-04,1.61912270e-03,4.43252558e-04,6.64878837e-03,5.82134915e-10,9.31415864e-09,1.72276288e-14,2.92869690e-13,6.02739192e-19,1.08493055e-17,3.10128951e-09,5.27219217e-08,1.87827253e-09,3.38089056e-08,1.18489791e-07,2.36979583e-06
1.10681097e+02,3.11364548e-01,1.86159753e+02,3.97125708e+00,7.08843326e-01,7.08843326e-01,6.93999228e-02,2.77599691e-01,5.26568591e-08,6.31882309e-07,2.38198855e-12,3.09658512e-11,2.09280804e-07,2.72065046e-06,1.07759047e-08,1.50862665e-07,3.17700929e-12,4.76551394e-11,1.18868105e-04,1.66415346e-03,4.72098592e-04,7.08147888e-03,1.63250234e-09,2.61200374e-08,1.71103482e-13,2.90875919e-12,4.74505411e-18,8.54109741e-17,4.83985562e-09,8.22775455e-08,4.87619197e-09,8.77714554e-08,5.79731219e-07,1.15946244e-05
1.13030460e+02,2.75283201e-01,1.14573868e+02,3.94967625e+00,7.08776927e-01,7.08776927e-01,6.94203677e-02,2.77681471e-01,2.51154881e-07,3.01385857e-06,3.67701365e-11,4.78011775e-10,8.33690170e-07,1.08379722e-05,5.13586754e-08,7.19021456e-07,1.54991563e-11,2.32487344e-10,1.21639345e-04,1.70295083e-03,4.80638866e-04,7.20958300e-03,3.64929258e-09,5.83886812e-08,8.85671103e-13,1.50564087e-11,2.85413078e-17,5.13743540e-16,6.04979312e-09,1.02846483e-07,1.06986053e-08,1.92574895e-07,1.49640538e-06,2.99281076e-05
1.13423929e+02,2.70029807e-01,1.06629715e+02,3.94140480e+00,7.08769219e-01,7.08769219e-01,6.94228130e-02,2.77691252e-01,3.15354240e-07,3.78425088e-06,5.44799513e-11,7.08239367e-10,1.00786752e-06,1.31022777e-05,6.59674004e-08,9.23543606e-07,1.98816616e-11,2.98224924e-10,1.22004825e-04,1.70806755e-03,4.81130389e-04,7.21695583e-03,4.07247876e-09,6.51596602e-08,1.11772848e-12,1.90013841e-11,3.75717762e-17,6.76291971e-16,6.18899161e-09,1.05212857e-07,1.19861549e-08,2.15750789e-07,1.68366638e-06,3.36733276e-05
1.15379823e+02,2.46455140e-01,7.65762723e+01,3.90043471e+00,7.08738213e-01,7.08738213e-01,6.94328354e-02,2.77731342e-01,8.62551042e-07,1.03506125e-05,3.08064432e-10,4.00483761e-09,2.23427042e-06,2.90455155e-05,2.16684324e-07,3.03358054e-06,6.53610627e-11,9.80415940e-10,1.23221718e-04,1.72510406e-03,4.81463365e-04,7.22195048e-03,6.43493188e-09,1.02958910e-07,3.21165674e-12,5.45981646e-11,1.36542052e-16,2.45775694e-15,6.65439945e-09,1.13124791e-07,1.98491653e-08,3.57284975e-07,2.69954942e-06,5.39909885e-05
1.17729186e+02,2.23644623e-01,5.48004216e+01,3.86168098e+00,7.08710995e-01,7.08710995e-01,6.94423000e-02,2.77769200e-01,2.19458893e-06,2.63350671e-05,1.53625296e-09,1.99712885e-08,4.33809604e-06,5.63952486e-05,7.26808587e-07,1.01753202e-05,2.34901095e-10,3.52351642e-09,1.23342734e-04,1.72679828e-03,4.79116758e-04,7.18675137e-03,9.59310279e-09,1.53489645e-07,9.46525363e-12,1.60909312e-10,4.97206808e-16,8.94972254e-15,6.86906574e-09,1.16774118e-07,3.00073642e-08,5.40132556e-07,3.97527858e-06,7.95055716e-05
1.20078549e+02,2.05556796e-01,4.13687516e+01,3.82844324e+00,7.08690822e-01,7.08690822e-01,6.94504553e-02,2.77801821e-01,4.43108701e-06,5.31730441e-05,5.10418428e-09,6.63543957e-08,6.68753710e-06,8.69379822e-05,1.83109424e-06,2.56353194e-05,7.20611745e-10,1.08091762e-08,1.22275664e-04,1.71185929e-03,4.75134957e-04,7.12702436e-03,1.28339917e-08,2.05343868e-07,2.38888255e-11,4.06110034e-10,1.38445665e-15,2.49202198e-14,6.88599234e-09,1.17061870e-07,3.71652604e-08,6.68974687e-07,5.10223608e-06,1.02044722e-04
1.20198781e+02,2.04738300e-01,4.08308830e+01,3.82666770e+00,7.08689940e-01,7.08689940e-01,6.94508494e-02,2.77803397e-01,4.57011636e-06,5.48413963e-05,5.37939891e-09,6.99321858e-08,6.80568273e-06,8.84738755e-05,1.90536534e-06,2.66751148e-05,7.59927860e-10,1.13989179e-08,1.22197642e-04,1.71076698e-03,4.74900209e-04,7.12350313e-03,1.29986867e-08,2.07978987e-07,2.49465172e-11,4.24090792e-10,1.44877416e-15,2.60779348e-14,6.88377516e-09,1.17024178e-07,3.73860604e-08,6.72949087e-07,5.15244873e-06,1.03048975e-04
1.22427912e+02,1.90828624e-01,3.24225846e+01,3.79066840e+00,7.08675714e-01,7.08675714e-01,6.94578342e-02,2.77831337e-01,7.55363059e-06,9.06435671e-05,1.25914368e-08,1.63688678e-07,8.85783448e-06,1.15151848e-04,3.56147542e-06,4.98606559e-05,1.94455383e-09,2.91683074e-08,1.20468236e-04,1.68655531e-03,4.70153565e-04,7.05230347e-03,1.59877776e-08,2.55804442e-07,5.24762440e-11,8.92096148e-10,3.13399943e-15,5.64119898e-14,6.81002247e-09,1.15770382e-07,3.94559597e-08,7.10207274e-07,5.92455867e-06,1.18491173e-04
1.24777275e+02,1.78835548e-01,2.63109968e+01,3.74670700e+00,7.08664123e-01,7.08664123e-01,6.94646729e-02,2.77858692e-01,1.14339801e-05,1.37207761e-04,2.51037351e-08,3.26348557e-07,1.06428079e-05,1.38356503e-04,5.74440036e-06,8.04216051e-05,4.61857920e-09,6.92786880e-08,1.18257520e-04,1.65560528e-03,4.64594244e-04,6.96891366e-03,1.89396701e-08,3.03034722e-07,1.00908135e-10,1.71543829e-09,6.03065071e-15,1.08551713e-13,6.69038135e-09,1.13736483e-07,3.78453042e-08,6.81215475e-07,6.43095869e-06,1.28619174e-04
1.27126637e+02,1.68143167e-01,2.16572670e+01,3.69911470e+00,7.08654768e-01,7.08654768e-01,6.94711449e-02,2.77884579e-01,1.58996346e-05,1.90795615e-04,4.30978050e-08,5.60271466e-07,1.20057779e-05,1.56075113e-04,8.16820968e-06,1.14354936e-04,1.04672412e-08,1.57008618e-07,1.15853189e-04,1.62194465e-03,4.58758914e-04,6.88138371e-03,2.15809110e-08,3.45294576e-07,1.73463659e-10,2.94888221e-09,1.11669847e-14,2.01005725e-13,6.55058262e-09,1.11359905e-07,3.50283307e-08,6.30509953e-07,6.70780702e-06,1.34156140e-04
1.27378296e+02,1.67095972e-01,2.12383886e+01,3.69390983e+00,7.08653860e-01,7.08653860e-01,6.94718219e-02,2.77887287e-01,1.64063658e-05,1.96876390e-04,4.53468947e-08,5.89509631e-07,1.21278133e-05,1.57661573e-04,8.43555359e-06,1.18097750e-04,1.13685659e-08,1.70528489e-07,1.15589419e-04,1.61825187e-03,4.58125698e-04,6.87188547e-03,2.18437134e-08,3.49499415e-07,1.82696446e-10,3.10583957e-09,1.18959045e-14,2.14126281e-13,6.53493898e-09,1.11093963e-07,3.47192270e-08,6.24946087e-07,6.72778779e-06,1.34555756e-04
1.29476000e+02,1.58718924e-01,1.80469389e+01,3.65029320e+00,7.08646800e-01,7.08646800e-01,6.94773707e-02,2.77909483e-01,2.07964470e-05,2.49557364e-04,6.63528285e-08,8.62586771e-07,1.29861127e-05,1.68819465e-04,1.06889615e-05,1.49645461e-04,2.24771373e-08,3.37157059e-07,1.13368801e-04,1.58716322e-03,4.52824731e-04,6.79237096e-03,2.38837991e-08,3.82140786e-07,2.69797095e-10,4.58655061e-09,2.03879997e-14,3.66983994e-13,6.40185818e-09,1.08831589e-07,3.23209324e-08,5.81776784e-07,6.84603291e-06,1.36920658e-04
1.31825363e+02,1.50066512e-01,1.51362991e+01,3.60163456e+00,7.08639705e-01,7.08639705e-01,6.94834209e-02,2.77933683e-01,2.59908078e-05,3.11889694e-04,9.42810778e-08,1.22565401e-06,1.36499329e-05,1.77449127e-04,1.32248714e-05,1.85148199e-04,4.71075628e-08,7.06613442e-07,1.10866776e-04,1.55213487e-03,4.46885659e-04,6.70328488e-03,2.58793602e-08,4.14069763e-07,3.86502532e-10,6.57054304e-09,3.83331914e-14,6.89997445e-13,6.25003474e-09,1.06250591e-07,3.03501804e-08,5.46303248e-07,6.90995873e-06,1.38199175e-04
1.34174726e+02,1.42157835e-01,1.28029254e+01,3.55379449e+00,7.08633162e-01,7.08633162e-01,6.94893286e-02,2.77957314e-01,3.13515104e-05,3.76218125e-04,1.25889496e-07,1.63656344e-06,1.40825007e-05,1.83072509e-04,1.57339395e-05,2.20275152e-04,9.58014868e-08,1.43702230e-06,1.08382616e-04,1.51735662e-03,4.40988928e-04,6.61483393e-03,2.76669926e-08,4.42671881e-07,5.16779602e-10,8.78525324e-09,7.37491671e-14,1.32748501e-12,6.09838511e-09,1.03672547e-07,2.90242668e-08,5.22436802e-07,6.93863226e-06,1.38772645e-04
1.34986647e+02,1.39526929e-01,1.20827943e+01,3.53751626e+00,7.08630997e-01,7.08630997e-01,6.94913374e-02,2.77965350e-01,3.32231187e-05,3.98677425e-04,1.37506444e-07,1.78758377e-06,1.41904331e-05,1.84475630e-04,1.65912200e-05,2.32277080e-04,1.22274089e-07,1.83411134e-06,1.07531811e-04,1.50544535e-03,4.38964965e-04,6.58447447e-03,2.82520990e-08,4.52033585e-07,5.63868700e-10,9.58576789e-09,9.34404107e-14,1.68192739e-12,6.04634447e-09,1.02787856e-07,2.86948464e-08,5.16507235e-07,6.94414297e-06,1.38882859e-04
1.36524089e+02,1.34671956e-01,1.08229891e+01,3.50712094e+00,7.08627015e-01,7.08627015e-01,6.94950903e-02,2.77980361e-01,3.67713041e-05,4.41255649e-04,1.60299259e-07,2.08389037e-06,1.43485006e-05,1.86530508e-04,1.81986073e-05,2.54780502e-04,1.93972572e-07,2.90958858e-06,1.05934096e-04,1.48307735e-03,4.35154430e-04,6.52731645e-03,2.93285655e-08,4.69257048e-07,6.54819909e-10,1.11319384e-08,1.48502216e-13,2.67303988e-12,5.94855545e-09,1.01125443e-07,2.82161111e-08,5.07889999e-07,6.95097463e-06,1.39019493e-04
1.38873452e+02,1.27636154e-01,9.16696712e+00,3.46198144e+00,7.08621206e-01,7.08621206e-01,6.95006705e-02,2.78002682e-01,4.21437576e-05,5.05725092e-04,1.96717785e-07,2.55733121e-06,1.44992597e-05,1.88490376e-04,2.06120713e-05,2.88568998e-04,3.88054300e-07,5.82081450e-06,1.03530241e-04,1.44942337e-03,4.29390326e-04,6.44085489e-03,3.09165427e-08,4.94664684e-07,7.96021080e-10,1.35323584e-08,3.08847676e-13,5.55925816e-12,5.80140065e-09,9.86238111e-08,2.77578274e-08,4.99640893e-07,6.95606076e-06,1.39121215e-04
1.41222815e+02,1.21082726e-01,7.79055350e+00,3.41893327e+00,7.08615741e-01,7.08615741e-01,6.95059996e-02,2.78023999e-01,4.73481809e-05,5.68178171e-04,2.34456367e-07,3.04793278e-06,1.45759107e-05,1.89486839e-04,2.29722900e-05,3.21612060e-04,7.53323562e-07,1.12998534e-05,1.01175486e-04,1.41645681e-03,4.23699639e-04,6.35549459e-03,3.24475725e-08,5.19161160e-07,9.37186179e-10,1.59321650e-08,6.47103786e-13,1.16478681e-11,5.65736203e-09,9.61751545e-08,2.75038797e-08,4.95069835e-07,6.95812350e-06,1.39162470e-04
1.43049447e+02,1.16198835e-01,6.87378789e+00,3.38754272e+00,7.08611785e-01,7.08611785e-01,6.95098892e-02,2.78039557e-01,5.11772976e-05,6.14127571e-04,2.64392795e-07,3.43710634e-06,1.46020208e-05,1.89826271e-04,2.47705576e-05,3.46787807e-04,1.23801563e-06,1.85702345e-05,9.93797086e-05,1.39131592e-03,4.19326315e-04,6.28989473e-03,3.35858116e-08,5.37372986e-07,1.04576872e-09,1.77780683e-08,1.15118524e-12,2.07213343e-11,5.54764870e-09,9.43100279e-08,2.73897824e-08,4.93016083e-07,6.95881857e-06,1.39176371e-04
1.43572178e+02,1.14881756e-01,6.63407961e+00,3.37897057e+00,7.08610709e-01,7.08610709e-01,6.95109517e-02,2.78043807e-01,5.22267561e-05,6.26721074e-04,2.73027340e-07,3.54935543e-06,1.46056012e-05,1.89872815e-04,2.52792953e-05,3.53910134e-04,1.41882683e-06,2.12824025e-05,9.88714914e-05,1.38420088e-03,4.18083027e-04,6.27124540e-03,3.39007245e-08,5.42411592e-07,1.07657446e-09,1.83017658e-08,1.35114187e-12,2.43205536e-11,5.51662454e-09,9.37826173e-08,2.73660201e-08,4.92588361e-07,6.95894004e-06,1.39178801e-04
1.45921541e+02,1.09123337e-01,5.66486457e+00,3.34326260e+00,7.08606234e-01,7.08606234e-01,6.95153793e-02,2.78061517e-01,5.66116784e-05,6.79340140e-04,3.12087146e-07,4.05713290e-06,1.46064682e-05,1.89884087e-04,2.75338761e-05,3.85474266e-04,2.53391126e-06,3.80086688e-05,9.66185416e-05,1.35265958e-03,4.12540224e-04,6.18810335e-03,3.52344654e-08,5.63751447e-07,1.21331216e-09,2.06263067e-08,2.69723890e-12,4.85503003e-11,5.37924541e-09,9.14471720e-08,2.72911595e-08,4.91240872e-07,6.95925646e-06,1.39185129e-04
1.48270904e+02,1.03732624e-01,4.86399517e+00,3.31296294e+00,7.08602449e-01,7.08602449e-01,6.95191375e-02,2.78076550e-01,6.03454659e-05,7.24145591e-04,3.51405877e-07,4.56827640e-06,1.45902149e-05,1.89672794e-04,2.97370854e-05,4.16319196e-04,4.24470055e-06,6.36705083e-05,9.44162150e-05,1.32182701e-03,4.07070583e-04,6.10605874e-03,3.63985742e-08,5.82377187e-07,1.34701889e-09,2.28993212e-08,5.00054771e-12,9.00098588e-11,5.24521440e-09,8.91686448e-08,2.72492598e-08,4.90486676e-07,6.95937768e-06,1.39187554e-04
1.50620267e+02,9.88443605e-02,4.19875336e+00,3.28857420e+00,7.08599408e-01,7.08599408e-01,6.95221632e-02,2.78088653e-01,6.33571465e-05,7.60285757e-04,3.90837574e-07,5.08088846e-06,1.45640364e-05,1.89332473e-04,3.18900523e-05,4.46460732e-04,6.61563382e-06,9.92345073e-05,9.22637309e-05,1.29169223e-03,4.01673294e-04,6.02509942e-03,3.73621673e-08,5.97794677e-07,1.47756762e-09,2.51186496e-08,8.42524584e-12,1.51654425e-10,5.11448587e-09,8.69462598e-08,2.72243073e-08,4.90037532e-07,6.95942392e-06,1.39188478e-04
1.51593841e+02,9.69231798e-02,3.95641355e+00,3.28016420e+00,7.08598360e-01,7.08598360e-01,6.95232066e-02,2.78092826e-01,6.43967044e-05,7.72760453e-04,4.07188538e-07,5.29345100e-06,1.45513692e-05,1.89167799e-04,3.27677849e-05,4.58748989e-04,7.78756435e-06,1.16813465e-04,9.13861290e-05,1.27940581e-03,3.99457659e-04,5.99186489e-03,3.77010067e-08,6.03216108e-07,1.53073657e-09,2.60225218e-08,1.01650253e-11,1.82970456e-10,5.06126537e-09,8.60415113e-08,2.72167972e-08,4.89902349e-07,6.95943338e-06,1.39188668e-04
1.52969629e+02,9.43066778e-02,3.64062254e+00,3.26991597e+00,7.08597083e-01,7.08597083e-01,6.95244782e-02,2.78097913e-01,6.56641071e-05,7.87969285e-04,4.30293030e-07,5.59380939e-06,1.45322170e-05,1.88918821e-04,3.39939132e-05,4.75914785e-04,9.62583794e-06,1.44387569e-04,9.01601392e-05,1.26224195e-03,3.96347481e-04,5.94521221e-03,3.81193802e-08,6.09910084e-07,1.60494733e-09,2.72841046e-08,1.29179284e-11,2.32522711e-10,4.98699677e-09,8.47789451e-08,2.72080082e-08,4.89744147e-07,6.95944168e-06,1.39188834e-04
1.55318992e+02,9.01002440e-02,3.17359526e+00,3.25638387e+00,7.08595399e-01,7.08595399e-01,6.95261573e-02,2.78104629e-01,6.73385872e-05,8.08063046e-04,4.69720327e-07,6.10636425e-06,1.44971722e-05,1.88463238e-04,3.60497883e-05,5.04697036e-04,1.32015137e-05,1.98022706e-04,8.81044159e-05,1.23346182e-03,3.91092234e-04,5.86638351e-03,3.86829222e-08,6.18926755e-07,1.72919771e-09,2.93963611e-08,1.82778661e-11,3.29001590e-10,4.86267586e-09,8.26654897e-08,2.71962364e-08,4.89532256e-07,6.95944844e-06,1.39188969e-04
1.57668355e+02,8.61817760e-02,2.77581936e+00,3.24699466e+00,7.08594231e-01,7.08594231e-01,6.95273223e-02,2.78109289e-01,6.85010202e-05,8.22012242e-04,5.09088109e-07,6.61814542e-06,1.44603160e-05,1.87984108e-04,3.80587745e-05,5.32822843e-04,1.72216783e-05,2.58325175e-04,8.60955163e-05,1.20533723e-03,3.85906641e-04,5.78859962e-03,3.90836407e-08,6.25338251e-07,1.85037757e-09,3.14564187e-08,2.42352970e-11,4.36235346e-10,4.74144910e-09,8.06046346e-08,2.71868374e-08,4.89363074e-07,6.95945098e-06,1.39189020e-04
1.60017718e+02,8.25200982e-02,2.43429888e+00,3.24069597e+00,7.08593447e-01,7.08593447e-01,6.95281039e-02,2.78112416e-01,6.92811014e-05,8.31373217e-04,5.48377538e-07,7.12890799e-06,1.44224693e-05,1.87492101e-04,4.00219441e-05,5.60307217e-04,2.15566819e-05,3.23350228e-04,8.41323968e-05,1.17785355e-03,3.80789791e-04,5.71184686e-03,3.93586858e-08,6.29738973e-07,1.96855318e-09,3.34654041e-08,3.05543793e-11,5.49978827e-10,4.62324189e-09,7.85951121e-08,2.71786849e-08,4.89216328e-07,6.95945194e-06,1.39189039e-04
1.60648595e+02,8.15792560e-02,2.35235456e+00,3.23941006e+00,7.08593287e-01,7.08593287e-01,6.95282635e-02,2.78113054e-01,6.94403871e-05,8.33284646e-04,5.58913061e-07,7.26586980e-06,1.44122035e-05,1.87358646e-04,4.05414479e-05,5.67580271e-04,2.27595021e-05,3.41392531e-04,8.36129023e-05,1.17058063e-03,3.79427349e-04,5.69141023e-03,3.94156523e-08,6.30650436e-07,1.99978418e-09,3.39963310e-08,3.22903210e-11,5.81225777e-10,4.59200433e-09,7.80640736e-08,2.71766247e-08,4.89179245e-07,6.95945207e-06,1.39189041e-04
1.62367081e+02,7.90896605e-02,2.14298134e+00,3.23658832e+00,7.08592936e-01,7.08592936e-01,6.95286137e-02,2.78114455e-01,6.97899488e-05,8.37479386e-04,5.87577485e-07,7.63850731e-06,1.43840997e-05,1.86993295e-04,4.19403440e-05,5.87164816e-04,2.60958060e-05,3.91437090e-04,8.22140260e-05,1.15099636e-03,3.75740777e-04,5.63611166e-03,3.95419010e-08,6.32670415e-07,2.08379353e-09,3.54244900e-08,3.70734086e-11,6.67321355e-10,4.50798029e-09,7.66356648e-08,2.71711946e-08,4.89081503e-07,6.95945229e-06,1.39189046e-04
1.64716444e+02,7.58857539e-02,1.89217090e+00,3.23396547e+00,7.08592610e-01,7.08592610e-01,6.95289391e-02,2.78115757e-01,7.01149163e-05,8.41378995e-04,6.26681349e-07,8.14685754e-06,1.43454751e-05,1.86491177e-04,4.38149969e-05,6.13409957e-04,3.07522947e-05,4.61284421e-04,8.03393903e-05,1.12475146e-03,3.70758706e-04,5.56138059e-03,3.96611773e-08,6.34578837e-07,2.19616807e-09,3.73348573e-08,4.36945087e-11,7.86501156e-10,4.39559153e-09,7.47250560e-08,2.71640587e-08,4.88953056e-07,6.95945242e-06,1.39189048e-04
1.67065807e+02,7.28756030e-02,1.67451269e+00,3.23231281e+00,7.08592405e-01,7.08592405e-01,6.95291442e-02,2.78116577e-01,7.03197034e-05,8.43836441e-04,6.65685242e-07,8.65390815e-06,1.43067497e-05,1.85987746e-04,4.56469015e-05,6.39056621e-04,3.54631579e-05,5.31947369e-04,7.85074959e-05,1.09910494e-03,3.65842691e-04,5.48764036e-03,3.97376515e-08,6.35802424e-07,2.30574581e-09,3.91976789e-08,5.03641604e-11,9.06554887e-10,4.28600437e-09,7.28620742e-08,2.71571137e-08,4.88828046e-07,6.95945247e-06,1.39189049e-04
1.69415170e+02,7.00380820e-02,1.48626739e+00,3.23128458e+00,7.08592277e-01,7.08592277e-01,6.95292718e-02,2.78117087e-01,7.04471255e-05,8.45365506e-04,7.04586957e-07,9.15963045e-06,1.42680102e-05,1.85484133e-04,4.74370334e-05,6.64118468e-04,4.01863529e-05,6.02795294e-04,7.67173701e-05,1.07404318e-03,3.60991857e-04,5.41487786e-03,3.97859752e-08,6.36575603e-07,2.41259487e-09,4.10141128e-08,5.70555826e-11,1.02700049e-09,4.17914913e-09,7.10455353e-08,2.71502735e-08,4.88704922e-07,6.95945249e-06,1.39189050e-04
1.70244192e+02,6.90757403e-02,1.42587554e+00,3.23102468e+00,7.08592245e-01,7.08592245e-01,6.95293041e-02,2.78117216e-01,7.04793358e-05,8.45752029e-04,7.18289611e-07,9.33776494e-06,1.42543470e-05,1.85306511e-04,4.80589276e-05,6.72824987e-04,4.18504125e-05,6.27756187e-04,7.60954774e-05,1.06533668e-03,3.59295534e-04,5.38943301e-03,3.97983125e-08,6.36773001e-07,2.44966007e-09,4.16442212e-08,5.94193087e-11,1.06954756e-09,4.14208231e-09,7.04153993e-08,2.71478753e-08,4.88661755e-07,6.95945249e-06,1.39189050e-04
1.71764533e+02,6.73593863e-02,1.32184426e+00,3.23065041e+00,7.08592198e-01,7.08592198e-01,6.95293505e-02,2.78117402e-01,7.05257207e-05,8.46308649e-04,7.43385260e-07,9.66400838e-06,1.42293069e-05,1.84980990e-04,4.91863457e-05,6.88608840e-04,4.48941446e-05,6.73412169e-04,7.49680615e-05,1.04955286e-03,3.56205341e-04,5.34308012e-03,3.98161909e-08,6.37059054e-07,2.51678218e-09,4.27852970e-08,6.37558613e-11,1.14760550e-09,4.07495782e-09,6.92742830e-08,2.71434916e-08,4.88582849e-07,6.95945249e-06,1.39189050e-04
1.74113896e+02,6.48161729e-02,1.17703912e+00,3.23026246e+00,7.08592150e-01,7.08592150e-01,6.95293986e-02,2.78117595e-01,7.05738020e-05,8.46885624e-04,7.82079513e-07,1.01670337e-05,1.41906683e-05,1.84478688e-04,5.08957695e-05,7.12540772e-04,4.95690368e-05,7.43535552e-04,7.32586400e-05,1.02562096e-03,3.51482291e-04,5.27223437e-03,3.98348979e-08,6.37358366e-07,2.61837337e-09,4.45123472e-08,7.04590733e-11,1.26826332e-09,3.97336407e-09,6.75471892e-08,2.71367429e-08,4.88461372e-07,6.95945250e-06,1.39189050e-04
1.76463259e+02,6.24153320e-02,1.05076660e+00,3.23002643e+00,7.08592121e-01,7.08592121e-01,6.95294279e-02,2.78117712e-01,7.06030563e-05,8.47236675e-04,8.20669436e-07,1.06687027e-05,1.41521112e-05,1.83977445e-04,5.25662145e-05,7.35927003e-04,5.42001629e-05,8.13002443e-04,7.15881963e-05,1.00223475e-03,3.46821866e-04,5.20232798e-03,3.98463988e-08,6.37542380e-07,2.71743267e-09,4.61963554e-08,7.71625813e-11,1.38892646e-09,3.87430314e-09,6.58631534e-08,2.71300136e-08,4.88340245e-07,6.95945250e-06,1.39189050e-04
1.78812621e+02,6.01337662e-02,9.39306490e-01,3.22988354e+00,7.08592103e-01,7.08592103e-01,6.95294457e-02,2.78117783e-01,7.06207674e-05,8.47449209e-04,8.59154966e-07,1.11690146e-05,1.41136450e-05,1.83477385e-04,5.41985697e-05,7.58779976e-04,5.87810564e-05,8.81715845e-04,6.99558419e-05,9.79381787e-04,3.42223234e-04,5.13334851e-03,3.98534247e-08,6.37654795e-07,2.81402289e-09,4.78383892e-08,8.38652513e-11,1.50957452e-09,3.77771191e-09,6.42211025e-08,2.71232960e-08,4.88219328e-07,6.95945250e-06,1.39189050e-04
1.80412938e+02,5.86408552e-02,8.70704665e-01,3.22982030e+00,7.08592095e-01,7.08592095e-01,6.95294535e-02,2.78117814e-01,7.06286051e-05,8.47543262e-04,8.85310434e-07,1.15090356e-05,1.40874979e-05,1.83137473e-04,5.52891177e-05,7.74047648e-04,6.18706967e-05,9.28060450e-04,6.88652943e-05,9.64114120e-04,3.39125744e-04,5.08688616e-03,3.98565551e-08,6.37704882e-07,2.87843500e-09,4.89333949e-08,8.84301748e-11,1.59174315e-09,3.71329935e-09,6.31260889e-08,2.71187246e-08,4.88137044e-07,6.95945250e-06,1.39189050e-04
1.81161984e+02,5.79602142e-02,8.40611157e-01,3.22979742e+00,7.08592092e-01,7.08592092e-01,6.95294563e-02,2.78117825e-01,7.06314418e-05,8.47577301e-04,8.97536176e-07,1.16679703e-05,1.40752752e-05,1.82978577e-04,5.57937038e-05,7.81111853e-04,6.33080229e-05,9.49620344e-04,6.83607084e-05,9.57049917e-04,3.37685577e-04,5.06528365e-03,3.98576923e-08,6.37723077e-07,2.90820537e-09,4.94394912e-08,9.05666062e-11,1.63019891e-09,3.68352881e-09,6.26199898e-08,2.71165859e-08,4.88098546e-07,6.95945250e-06,1.39189050e-04
1.83511347e+02,5.58886639e-02,7.52944418e-01,3.22974572e+00,7.08592086e-01,7.08592086e-01,6.95294628e-02,2.78117851e-01,7.06378499e-05,8.47654199e-04,9.35813219e-07,1.21655718e-05,1.40370049e-05,1.82481063e-04,5.73524655e-05,8.02934517e-04,6.77790958e-05,1.01668644e-03,6.68019470e-05,9.35227258e-04,3.33208086e-04,4.99812129e-03,3.98602717e-08,6.37764347e-07,3.00003999e-09,5.10006798e-08,9.72664483e-11,1.75079607e-09,3.59169381e-09,6.10587947e-08,2.71098808e-08,4.87977855e-07,6.95945250e-06,1.39189050e-04
1.85860710e+02,5.39036029e-02,6.75264678e-01,3.22971481e+00,7.08592082e-01,7.08592082e-01,6.95294666e-02,2.78117866e-01,7.06416808e-05,8.47700170e-04,9.73986298e-07,1.26618219e-05,1.39988358e-05,1.81984865e-04,5.88756842e-05,8.24259579e-04,7.21933814e-05,1.08290072e-03,6.52787284e-05,9.13902198e-04,3.28789964e-04,4.93184946e-03,3.98618229e-08,6.37789166e-07,3.08958520e-09,5.25229485e-08,1.03964696e-10,1.87136453e-09,3.50214836e-09,5.95365222e-08,2.71031794e-08,4.87857229e-07,6.95945250e-06,1.39189050e-04
1.88210073e+02,5.20301700e-02,6.06857335e-01,3.22969639e+00,7.08592080e-01,7.08592080e-01,6.95294689e-02,2.78117876e-01,7.06439644e-05,8.47727573e-04,1.01205565e-06,1.31567234e-05,1.39607688e-05,1.81489995e-04,6.03641704e-05,8.45098386e-04,7.65506352e-05,1.14825953e-03,6.37902423e-05,8.93063392e-04,3.24430423e-04,4.86645634e-03,3.98627523e-08,6.37804037e-07,3.17689803e-09,5.40072666e-08,1.10661316e-10,1.99190369e-09,3.41483540e-09,5.80522018e-08,2.70964808e-08,4.87736655e-07,6.95945250e-06,1.39189050e-04
1.90559436e+02,5.02326850e-02,5.45977385e-01,3.22968543e+00,7.08592078e-01,7.08592078e-01,6.95294702e-02,2.78117881e-01,7.06453226e-05,8.47743871e-04,1.05002151e-06,1.36502797e-05,1.39228044e-05,1.80996457e-04,6.18187162e-05,8.65462026e-04,8.08510111e-05,1.21276517e-03,6.23356967e-05,8.72699753e-04,3.20128687e-04,4.80193030e-03,3.98633077e-08,6.37812924e-07,3.26203410e-09,5.54545797e-08,1.17356294e-10,2.11241329e-09,3.32969926e-09,5.66048874e-08,2.70897847e-08,4.87616124e-07,6.95945250e-06,1.39189050e-04
1.91189067e+02,4.97692928e-02,5.31004022e-01,3.22968334e+00,7.08592078e-01,7.08592078e-01,6.95294705e-02,2.78117882e-01,7.06455815e-05,8.47746978e-04,1.06017884e-06,1.37823249e-05,1.39126473e-05,1.80864415e-04,6.22028682e-05,8.70840155e-04,8.19938967e-05,1.22990845e-03,6.19515446e-05,8.67321624e-04,3.18985542e-04,4.78478313e-03,3.98634139e-08,6.37814623e-07,3.28448776e-09,5.58362919e-08,1.19150272e-10,2.14470490e-09,3.30724558e-09,5.62231749e-08,2.70879904e-08,4.87583828e-07,6.95945250e-06,1.39189050e-04
1.92908799e+02,4.85206181e-02,4.91689284e-01,3.22967892e+00,7.08592077e-01,7.08592077e-01,6.95294710e-02,2.78117884e-01,7.06461287e-05,8.47753544e-04,1.08788416e-06,1.41424941e-05,1.38849425e-05,1.80504253e-04,6.32400953e-05,8.85361334e-04,8.50949017e-05,1.27642353e-03,6.09143176e-05,8.52800446e-04,3.15883989e-04,4.73825983e-03,3.98636388e-08,6.37818220e-07,3.34504764e-09,5.68658099e-08,1.24049624e-10,2.23289323e-09,3.24668567e-09,5.51936563e-08,2.70830906e-08,4.87495630e-07,6.95945250e-06,1.39189050e-04
1.95258162e+02,4.68767647e-02,4.43278796e-01,3.22967508e+00,7.08592077e-01,7.08592077e-01,6.95294715e-02,2.78117886e-01,7.06466056e-05,8.47759268e-04,1.12564387e-06,1.46333703e-05,1.38471833e-05,1.80013383e-04,6.46290641e-05,9.04806898e-04,8.92828400e-05,1.33924260e-03,5.95253488e-05,8.33354883e-04,3.11695573e-04,4.67543359e-03,3.98638354e-08,6.37821366e-07,3.42599158e-09,5.82418568e-08,1.30741303e-10,2.35334346e-09,3.16574171e-09,5.38176090e-08,2.70763984e-08,4.87375172e-07,6.95945250e-06,1.39189050e-04
1.97607525e+02,4.53093295e-02,4.00046385e-01,3.22967281e+00,7.08592077e-01,7.08592077e-01,6.95294718e-02,2.78117887e-01,7.06468871e-05,8.47762645e-04,1.16330090e-06,1.51229116e-05,1.38095266e-05,1.79523846e-04,6.59863617e-05,9.23809063e-04,9.34154384e-05,1.40123158e-03,5.81680512e-05,8.14352717e-04,3.07562693e-04,4.61344039e-03,3.98639518e-08,6.37823229e-07,3.50491749e-09,5.95835973e-08,1.37431331e-10,2.47376396e-09,3.08681578e-09,5.24758683e-08,2.70697081e-08,4.87254746e-07,6.95945250e-06,1.39189050e-04
1.99956888e+02,4.38120075e-02,3.61382667e-01,3.22967146e+00,7.08592076e-01,7.08592076e-01,6.95294720e-02,2.78117888e-01,7.06470533e-05,8.47764640e-04,1.20085552e-06,1.56111218e-05,1.37719721e-05,1.79035638e-04,6.73127101e-05,9.42377941e-04,9.74933530e-05,1.46240029e-03,5.68417028e-05,7.95783840e-04,3.03484612e-04,4.55226917e-03,3.98640208e-08,6.37824333e-07,3.58187568e-09,6.08918866e-08,1.44119707e-10,2.59415472e-09,3.00985758e-09,5.11675789e-08,2.70630195e-08,4.87134352e-07,6.95945250e-06,1.39189050e-04
2.02306251e+02,4.23772525e-02,3.26790832e-01,3.22967068e+00,7.08592076e-01,7.08592076e-01,6.95294721e-02,2.78117888e-01,7.06471511e-05,8.47765814e-04,1.23830803e-06,1.60980043e-05,1.37345197e-05,1.78548757e-04,6.86088151e-05,9.60523411e-04,1.01517263e-04,1.52275895e-03,5.55455978e-05,7.77638369e-04,2.99460603e-04,4.49190905e-03,3.98640616e-08,6.37824985e-07,3.65691521e-09,6.21675586e-08,1.50806430e-10,2.71451574e-09,2.93481804e-09,4.98919067e-08,2.70563327e-08,4.87013989e-07,6.95945250e-06,1.39189050e-04
2.02608857e+02,4.21981746e-02,3.22629526e-01,3.22967060e+00,7.08592076e-01,7.08592076e-01,6.95294721e-02,2.78117888e-01,7.06471604e-05,8.47765925e-04,1.24312464e-06,1.61606203e-05,1.37297031e-05,1.78486141e-04,6.87735954e-05,9.62830336e-04,1.02031668e-04,1.53047501e-03,5.53808175e-05,7.75331445e-04,2.98946190e-04,4.48419285e-03,3.98640654e-08,6.37825047e-07,3.66644359e-09,6.23295410e-08,1.51667585e-10,2.73001653e-09,2.92528967e-09,4.97299244e-08,2.70554715e-08,4.86998488e-07,6.95945250e-06,1.39189050e-04
2.04655613e+02,4.10093786e-02,2.95849475e-01,3.22967021e+00,7.08592076e-01,7.08592076e-01,6.95294721e-02,2.78117889e-01,7.06472088e-05,8.47766505e-04,1.27565868e-06,1.65835628e-05,1.36971692e-05,1.78063199e-04,6.98753663e-05,9.78255128e-04,1.05487858e-04,1.58231787e-03,5.42790466e-05,7.59906652e-04,2.95489951e-04,4.43234926e-03,3.98640857e-08,6.37825371e-07,3.73008392e-09,6.34114266e-08,1.57491502e-10,2.83484703e-09,2.86164934e-09,4.86480387e-08,2.70496476e-08,4.86893656e-07,6.95945250e-06,1.39189050e-04
2.07004976e+02,3.96950327e-02,2.68122033e-01,3.22966994e+00,7.08592076e-01,7.08592076e-01,6.95294722e-02,2.78117889e-01,7.06472427e-05,8.47766912e-04,1.31290776e-06,1.70678009e-05,1.36599201e-05,1.77578961e-04,7.11130376e-05,9.95582527e-04,1.09405829e-04,1.64108743e-03,5.30413753e-05,7.42579254e-04,2.91571946e-04,4.37357920e-03,3.98640999e-08,6.37825598e-07,3.80142844e-09,6.46242834e-08,1.64174922e-10,2.95514860e-09,2.79030482e-09,4.74351819e-08,2.70429641e-08,4.86773354e-07,6.95945250e-06,1.39189050e-04
2.09354339e+02,3.84364698e-02,2.43270854e-01,3.22966978e+00,7.08592076e-01,7.08592076e-01,6.95294722e-02,2.78117889e-01,7.06472626e-05,8.47767151e-04,1.35005555e-06,1.75507221e-05,1.36227723e-05,1.77096040e-04,7.23224875e-05,1.01251483e-03,1.13271863e-04,1.69907794e-03,5.18319254e-05,7.25646956e-04,2.87705892e-04,4.31558838e-03,3.98641082e-08,6.37825732e-07,3.87099425e-09,6.58069022e-08,1.70856691e-10,3.07542044e-09,2.72073901e-09,4.62525631e-08,2.70362823e-08,4.86653081e-07,6.95945250e-06,1.39189050e-04
2.11703702e+02,3.72345549e-02,2.20888394e-01,3.22966968e+00,7.08592076e-01,7.08592076e-01,6.95294722e-02,2.78117889e-01,7.06472743e-05,8.47767292e-04,1.38710231e-06,1.80323301e-05,1.35857256e-05,1.76614433e-04,7.35043595e-05,1.02906103e-03,1.17086644e-04,1.75629966e-03,5.06500534e-05,7.09100747e-04,2.83891099e-04,4.25836649e-03,3.98641132e-08,6.37825811e-07,3.93882569e-09,6.69600368e-08,1.77536809e-10,3.19566256e-09,2.65290756e-09,4.50994285e-08,2.70296022e-08,4.86532839e-07,6.95945250e-06,1.39189050e-04
2.14053065e+02,3.60818091e-02,2.00782591e-01,3.22966963e+00,7.08592076e-01,7.08592076e-01,6.95294722e-02,2.78117889e-01,7.06472812e-05,8.47767374e-04,1.42404833e-06,1.85126283e-05,1.35487796e-05,1.76134135e-04,7.46592825e-05,1.04522996e-03,1.20850848e-04,1.81276272e-03,4.94951304e-05,6.92931826e-04,2.80126888e-04,4.20190333e-03,3.98641161e-08,6.37825857e-07,4.00496602e-09,6.80844223e-08,1.84215276e-10,3.31587498e-09,2.58676724e-09,4.39750430e-08,2.70229237e-08,4.86412626e-07,6.95945250e-06,1.39189050e-04
2.14710756e+02,3.57690304e-02,1.95587285e-01,3.22966962e+00,7.08592076e-01,7.08592076e-01,6.95294722e-02,2.78117889e-01,7.06472825e-05,8.47767390e-04,1.43437314e-06,1.86468509e-05,1.35384548e-05,1.75999912e-04,7.49778526e-05,1.04968994e-03,1.21895646e-04,1.82843469e-03,4.91765603e-05,6.88471845e-04,2.79082089e-04,4.18623134e-03,3.98641167e-08,6.37825866e-07,4.02318442e-09,6.83941351e-08,1.86084580e-10,3.34952244e-09,2.56854883e-09,4.36653302e-08,2.70210544e-08,4.86378979e-07,6.95945250e-06,1.39189050e-04
2.16402428e+02,3.49768398e-02,1.82691008e-01,3.22966959e+00,7.08592076e-01,7.08592076e-01,6.95294722e-02,2.78117889e-01,7.06472852e-05,8.47767422e-04,1.46089387e-06,1.89916203e-05,1.35119340e-05,1.75655143e-04,7.57878709e-05,1.06103019e-03,1.24565144e-04,1.86847716e-03,4.83665420e-05,6.77131588e-04,2.76412588e-04,4.14618882e-03,3.98641178e-08,6.37825885e-07,4.06945738e-09,6.91807754e-08,1.90892094e-10,3.43605769e-09,2.52227587e-09,4.28786899e-08,2.70162468e-08,4.86292443e-07,6.95945250e-06,1.39189050e-04
2.18751791e+02,3.39182762e-02,1.66356745e-01,3.22966957e+00,7.08592076e-01,7.08592076e-01,6.95294722e-02,2.78117889e-01,7.06472876e-05,8.47767451e-04,1.49763921e-06,1.94693098e-05,1.34751887e-05,1.75177453e-04,7.68907252e-05,1.07647015e-03,1.28230193e-04,1.92345289e-03,4.72636877e-05,6.61691628e-04,2.72747537e-04,4.09121306e-03,3.98641188e-08,6.37825901e-07,4.13234089e-09,7.02497951e-08,1.97567262e-10,3.55621071e-09,2.45939236e-09,4.18096702e-08,2.70095717e-08,4.86172290e-07,6.95945250e-06,1.39189050e-04
2.21101154e+02,3.29038732e-02,1.51688363e-01,3.22966956e+00,7.08592076e-01,7.08592076e-01,6.95294722e-02,2.78117889e-01,7.06472890e-05,8.47767468e-04,1.53428463e-06,1.99457002e-05,1.34385433e-05,1.74701063e-04,7.79684323e-05,1.09155805e-03,1.31846646e-04,1.97769969e-03,4.61859807e-05,6.46603729e-04,2.69131083e-04,4.03696624e-03,3.98641194e-08,6.37825910e-07,4.19365664e-09,7.12921628e-08,2.04240780e-10,3.67633404e-09,2.39807662e-09,4.07673025e-08,2.70028982e-08,4.86052167e-07,6.95945250e-06,1.39189050e-04
2.23450517e+02,3.19249558e-02,1.38335845e-01,3.22966956e+00,7.08592076e-01,7.08592076e-01,6.95294722e-02,2.78117889e-01,7.06472898e-05,8.47767478e-04,1.57083039e-06,2.04207950e-05,1.34019975e-05,1.74225968e-04,7.90215654e-05,1.10630192e-03,1.35415148e-04,2.03122722e-03,4.51328475e-05,6.31859865e-04,2.65562580e-04,3.98343870e-03,3.98641198e-08,6.37825916e-07,4.25344370e-09,7.23085430e-08,2.10912650e-10,3.79642769e-09,2.33828955e-09,3.97509223e-08,2.69962263e-08,4.85932073e-07,6.95945250e-06,1.39189050e-04
2.25799880e+02,3.09932389e-02,1.26485855e-01,3.22966955e+00,7.08592076e-01,7.08592076e-01,6.95294722e-02,2.78117889e-01,7.06472903e-05,8.47767483e-04,1.60727676e-06,2.08945979e-05,1.33655512e-05,1.73752165e-04,8.00506850e-05,1.12070959e-03,1.38936334e-04,2.08404502e-03,4.41037279e-05,6.17452191e-04,2.62041393e-04,3.93062089e-03,3.98641200e-08,6.37825919e-07,4.31174020e-09,7.32995835e-08,2.17582871e-10,3.91649167e-09,2.27999305e-09,3.87598818e-08,2.69895561e-08,4.85812009e-07,6.95945250e-06,1.39189050e-04
2.27535505e+02,3.03289745e-02,1.18504797e-01,3.22966955e+00,7.08592076e-01,7.08592076e-01,6.95294722e-02,2.78117889e-01,7.06472905e-05,8.47767486e-04,1.63413837e-06,2.12437988e-05,1.33386896e-05,1.73402964e-04,8.07958603e-05,1.13114204e-03,1.41507640e-04,2.12261460e-03,4.33585526e-05,6.07019737e-04,2.59470087e-04,3.89205130e-03,3.98641201e-08,6.37825921e-07,4.35387207e-09,7.40158251e-08,2.22509534e-10,4.00517161e-09,2.23786119e-09,3.80436402e-08,2.69846294e-08,4.85723329e-07,6.95945250e-06,1.39189050e-04
2.28149243e+02,3.00954157e-02,1.15725447e-01,3.22966955e+00,7.08592076e-01,7.08592076e-01,6.95294722e-02,2.78117889e-01,7.06472906e-05,8.47767487e-04,1.64362402e-06,2.13671122e-05,1.33292039e-05,1.73279651e-04,8.10563386e-05,1.13478874e-03,1.42410832e-04,2.13616248e-03,4.30980744e-05,6.03373041e-04,2.58566895e-04,3.87850342e-03,3.98641201e-08,6.37825921e-07,4.36858330e-09,7.42659161e-08,2.24251444e-10,4.03652599e-09,2.22314995e-09,3.77935492e-08,2.69828875e-08,4.85691975e-07,6.95945250e-06,1.39189050e-04
2.30498605e+02,2.92371993e-02,1.05943492e-01,3.22966955e+00,7.08592076e-01,7.08592076e-01,6.95294722e-02,2.78117889e-01,7.06472907e-05,8.47767489e-04,1.67987243e-06,2.18383416e-05,1.32929555e-05,1.72808421e-04,8.20390612e-05,1.14854686e-03,1.45839261e-04,2.18758891e-03,4.21153517e-05,5.89614924e-04,2.55138466e-04,3.82707699e-03,3.98641202e-08,6.37825922e-07,4.42400923e-09,7.52081568e-08,2.30918369e-10,4.15653064e-09,2.16772403e-09,3.68513084e-08,2.69762206e-08,4.85571970e-07,6.95945250e-06,1.39189050e-04
2.32847968e+02,2.84125828e-02,9.70592842e-02,3.22966955e+00,7.08592076e-01,7.08592076e-01,6.95294722e-02,2.78117889e-01,7.06472908e-05,8.47767490e-04,1.71602227e-06,2.23082895e-05,1.32568057e-05,1.72338474e-04,8.29993759e-05,1.16199126e-03,1.49222231e-04,2.23833346e-03,4.11550371e-05,5.76170519e-04,2.51755496e-04,3.77633244e-03,3.98641202e-08,6.37825923e-07,4.47805331e-09,7.61269063e-08,2.37583647e-10,4.27650565e-09,2.11367994e-09,3.59325589e-08,2.69695553e-08,4.85451995e-07,6.95945250e-06,1.39189050e-04
2.35197331e+02,2.76186652e-02,8.89949189e-02,3.22966955e+00,7.08592076e-01,7.08592076e-01,6.95294722e-02,2.78117889e-01,7.06472909e-05,8.47767491e-04,1.75207379e-06,2.27769593e-05,1.32207541e-05,1.71869804e-04,8.39377934e-05,1.17512911e-03,1.52560344e-04,2.28840517e-03,4.02166195e-05,5.63032674e-04,2.48417382e-04,3.72626073e-03,3.98641202e-08,6.37825924e-07,4.53075002e-09,7.70227503e-08,2.44247278e-10,4.39645101e-09,2.06098324e-09,3.50367150e-08,2.69628917e-08,4.85332050e-07,6.95945250e-06,1.39189050e-04
2.37546694e+02,2.68545156e-02,8.16636546e-02,3.22966955e+00,7.08592076e-01,7.08592076e-01,6.95294722e-02,2.78117889e-01,7.06472909e-05,8.47767491e-04,1.78802728e-06,2.32443547e-05,1.31848006e-05,1.71402408e-04,8.48548131e-05,1.18796738e-03,1.55854197e-04,2.33781296e-03,3.92995998e-05,5.50194398e-04,2.45123529e-04,3.67685294e-03,3.98641202e-08,6.37825924e-07,4.58213292e-09,7.78962597e-08,2.50909263e-10,4.51636674e-09,2.00960033e-09,3.41632056e-08,2.69562297e-08,4.85212134e-07,6.95945250e-06,1.39189050e-04
2.39896057e+02,2.61177807e-02,7.49818551e-02,3.22966955e+00,7.08592076e-01,7.08592076e-01,6.95294722e-02,2.78117889e-01,7.06472909e-05,8.47767491e-04,1.82388299e-06,2.37104789e-05,1.31489449e-05,1.70936284e-04,8.57509229e-05,1.20051292e-03,1.59104376e-04,2.38656563e-03,3.84034900e-05,5.37648860e-04,2.41873351e-04,3.62810027e-03,3.98641202e-08,6.37825924e-07,4.63223479e-09,7.87479914e-08,2.57569602e-10,4.63625283e-09,1.95949847e-09,3.33114739e-08,2.69495693e-08,4.85092248e-07,6.95945250e-06,1.39189050e-04
2.41126282e+02,2.57432922e-02,7.18009052e-02,3.22966955e+00,7.08592076e-01,7.08592076e-01,6.95294722e-02,2.78117889e-01,7.06472910e-05,8.47767491e-04,1.84261962e-06,2.39540551e-05,1.31302083e-05,1.70692708e-04,8.62119824e-05,1.20696775e-03,1.60789077e-04,2.41183615e-03,3.79424305e-05,5.31194027e-04,2.40188650e-04,3.60282975e-03,3.98641202e-08,6.37825924e-07,4.65796993e-09,7.91854888e-08,2.61056577e-10,4.69901838e-09,1.93376332e-09,3.28739765e-08,2.69460824e-08,4.85029482e-07,6.95945250e-06,1.39189050e-04
2.42245420e+02,2.54026189e-02,6.89071864e-02,3.22966955e+00,7.08592076e-01,7.08592076e-01,6.95294722e-02,2.78117889e-01,7.06472910e-05,8.47767491e-04,1.85964120e-06,2.41753356e-05,1.31131867e-05,1.70471427e-04,8.66265996e-05,1.21277239e-03,1.62311459e-04,2.43467188e-03,3.75278133e-05,5.25389386e-04,2.38666268e-04,3.57999402e-03,3.98641202e-08,6.37825924e-07,4.68108755e-09,7.95784883e-08,2.64228295e-10,4.75610931e-09,1.91064570e-09,3.24809770e-08,2.69429106e-08,4.84972391e-07,6.95945250e-06,1.39189050e-04
2.44594783e+02,2.47289443e-02,6.34625877e-02,3.22966955e+00,7.08592076e-01,7.08592076e-01,6.95294722e-02,2.78117889e-01,7.06472910e-05,8.47767492e-04,1.89530216e-06,2.46389280e-05,1.30775258e-05,1.70007835e-04,8.74823092e-05,1.22475233e-03,1.65476018e-04,2.48214027e-03,3.66721038e-05,5.13409453e-04,2.35501709e-04,3.53252563e-03,3.98641203e-08,6.37825924e-07,4.72872235e-09,8.03882800e-08,2.70885343e-10,4.87593617e-09,1.86301090e-09,3.16711853e-08,2.69362536e-08,4.84852565e-07,6.95945250e-06,1.39189050e-04
2.46944146e+02,2.40754838e-02,5.84793219e-02,3.22966955e+00,7.08592076e-01,7.08592076e-01,6.95294722e-02,2.78117889e-01,7.06472910e-05,8.47767492e-04,1.93086614e-06,2.51012598e-05,1.30419618e-05,1.69545503e-04,8.83185068e-05,1.23645910e-03,1.68598617e-04,2.52897926e-03,3.58359061e-05,5.01702686e-04,2.32379109e-04,3.48568664e-03,3.98641203e-08,6.37825924e-07,4.77516956e-09,8.11778825e-08,2.77540746e-10,4.99573342e-09,1.81656370e-09,3.08815828e-08,2.69295982e-08,4.84732767e-07,6.95945250e-06,1.39189050e-04
2.49293509e+02,2.34458472e-02,5.39173453e-02,3.22966955e+00,7.08592076e-01,7.08592076e-01,6.95294722e-02,2.78117889e-01,7.06472910e-05,8.47767492e-04,1.96633340e-06,2.55623342e-05,1.30064945e-05,1.69084429e-04,8.91356374e-05,1.24789892e-03,1.71679813e-04,2.57519719e-03,3.50187755e-05,4.90262857e-04,2.29297914e-04,3.43946871e-03,3.98641203e-08,6.37825924e-07,4.82045878e-09,8.19477992e-08,2.84194504e-10,5.11550108e-09,1.77127448e-09,3.01116661e-08,2.69229444e-08,4.84613000e-07,6.95945250e-06,1.39189050e-04
2.51642872e+02,2.28384243e-02,4.97344022e-02,3.22966955e+00,7.08592076e-01,7.08592076e-01,6.95294722e-02,2.78117889e-01,7.06472910e-05,8.47767492e-04,2.00170422e-06,2.60221548e-05,1.29711237e-05,1.68624608e-04,8.99341359e-05,1.25907790e-03,1.74720154e-04,2.62080231e-03,3.42202771e-05,4.79083879e-04,2.26257573e-04,3.39386359e-03,3.98641203e-08,6.37825924e-07,4.86461888e-09,8.26985209e-08,2.90846619e-10,5.23523914e-09,1.72711437e-09,2.93609444e-08,2.69162923e-08,4.84493262e-07,6.95945250e-06,1.39189050e-04
2.53992235e+02,2.22495662e-02,4.58905632e-02,3.22966955e+00,7.08592076e-01,7.08592076e-01,6.95294722e-02,2.78117889e-01,7.06472910e-05,8.47767492e-04,2.03697884e-06,2.64807249e-05,1.29358491e-05,1.68166038e-04,9.07144269e-05,1.27000198e-03,1.77720182e-04,2.66580273e-03,3.34399860e-05,4.68159804e-04,2.23257545e-04,3.34886317e-03,3.98641203e-08,6.37825924e-07,4.90767801e-09,8.34305262e-08,2.97497090e-10,5.35494762e-09,1.68405524e-09,2.86289391e-08,2.69096418e-08,4.84373553e-07,6.95945250e-06,1.39189050e-04
2.55528840e+02,2.18835776e-02,4.36327746e-02,3.22966955e+00,7.08592076e-01,7.08592076e-01,6.95294722e-02,2.78117889e-01,7.06472910e-05,8.47767492e-04,2.05999837e-06,2.67799787e-05,1.29128296e-05,1.67866784e-04,9.12151281e-05,1.27701179e-03,1.79660806e-04,2.69491209e-03,3.29392848e-05,4.61149988e-04,2.21316921e-04,3.31975381e-03,3.98641203e-08,6.37825924e-07,4.93525855e-09,8.38993953e-08,3.01845954e-10,5.43322717e-09,1.65647470e-09,2.81600700e-08,2.69052930e-08,4.84295274e-07,6.95945250e-06,1.39189050e-04
2.56341597e+02,2.16899950e-02,4.24385604e-02,3.22966955e+00,7.08592076e-01,7.08592076e-01,6.95294722e-02,2.78117889e-01,7.06472910e-05,8.47767492e-04,2.07215754e-06,2.69380480e-05,1.29006704e-05,1.67708715e-04,9.14769258e-05,1.28067696e-03,1.80680432e-04,2.71020647e-03,3.26774871e-05,4.57484820e-04,2.20297295e-04,3.30445942e-03,3.98641203e-08,6.37825924e-07,4.94966363e-09,8.41442817e-08,3.04145918e-10,5.47462652e-09,1.64206962e-09,2.79151836e-08,2.69029930e-08,4.84253874e-07,6.95945250e-06,1.39189050e-04
2.58690960e+02,2.11490411e-02,3.92804249e-02,3.22966955e+00,7.08592076e-01,7.08592076e-01,6.95294722e-02,2.78117889e-01,7.06472910e-05,8.47767492e-04,2.10724056e-06,2.73941273e-05,1.28655874e-05,1.67252636e-04,9.22220381e-05,1.29110853e-03,1.83601430e-04,2.75402145e-03,3.19323748e-05,4.47053247e-04,2.17376296e-04,3.26064444e-03,3.98641203e-08,6.37825924e-07,4.99060249e-09,8.48402423e-08,3.10793103e-10,5.59427585e-09,1.60113076e-09,2.72192229e-08,2.68963458e-08,4.84134225e-07,6.95945250e-06,1.39189050e-04
2.61040323e+02,2.06244122e-02,3.63669248e-02,3.22966955e+00,7.08592076e-01,7.08592076e-01,6.95294722e-02,2.78117889e-01,7.06472910e-05,8.47767492e-04,2.14222818e-06,2.78489664e-05,1.28305997e-05,1.66797797e-04,9.29501604e-05,1.30130225e-03,1.86483698e-04,2.79725548e-03,3.12042525e-05,4.36859535e-04,2.14494028e-04,3.21741042e-03,3.98641203e-08,6.37825924e-07,5.03052069e-09,8.55188518e-08,3.17438646e-10,5.71389562e-09,1.56121256e-09,2.65406135e-08,2.68897003e-08,4.84014605e-07,6.95945250e-06,1.39189050e-04
2.63389686e+02,2.01171357e-02,3.36776423e-02,3.22966955e+00,7.08592076e-01,7.08592076e-01,6.95294722e-02,2.78117889e-01,7.06472910e-05,8.47767492e-04,2.17712066e-06,2.83025685e-05,1.27957073e-05,1.66344195e-04,9.36616801e-05,1.31126352e-03,1.89327750e-04,2.83991624e-03,3.04927329e-05,4.26898260e-04,2.11649977e-04,3.17474966e-03,3.98641203e-08,6.37825924e-07,5.06944369e-09,8.61805427e-08,3.24082546e-10,5.83348583e-09,1.52228956e-09,2.58789226e-08,2.68830564e-08,4.83895015e-07,6.95945250e-06,1.39189050e-04
2.65739049e+02,1.96334073e-02,3.12212091e-02,3.22966955e+00,7.08592076e-01,7.08592076e-01,6.95294722e-02,2.78117889e-01,7.06472910e-05,8.47767492e-04,2.21191824e-06,2.87549371e-05,1.27609097e-05,1.65891826e-04,9.43569756e-05,1.32099766e-03,1.92134090e-04,2.88201136e-03,2.97974373e-05,4.17164122e-04,2.08843636e-04,3.13265454e-03,3.98641203e-08,6.37825924e-07,5.10739628e-09,8.68257368e-08,3.30724805e-10,5.95304649e-09,1.48433697e-09,2.52337285e-08,2.68764141e-08,4.83775454e-07,6.95945250e-06,1.39189050e-04
2.68088412e+02,1.91690945e-02,2.90015126e-02,3.22966955e+00,7.08592076e-01,7.08592076e-01,6.95294722e-02,2.78117889e-01,7.06472910e-05,8.47767492e-04,2.24662119e-06,2.92060755e-05,1.27262067e-05,1.65440688e-04,9.50364171e-05,1.33050984e-03,1.94903221e-04,2.92354831e-03,2.91179959e-05,4.07651942e-04,2.06074506e-04,3.09111758e-03,3.98641203e-08,6.37825924e-07,5.14440267e-09,8.74548454e-08,3.37365423e-10,6.07257762e-09,1.44733058e-09,2.46046199e-08,2.68697735e-08,4.83655923e-07,6.95945250e-06,1.39189050e-04
2.70437775e+02,1.87189069e-02,2.69371357e-02,3.22966955e+00,7.08592076e-01,7.08592076e-01,6.95294722e-02,2.78117889e-01,7.06472910e-05,8.47767492e-04,2.28122977e-06,2.96559870e-05,1.26915982e-05,1.64990776e-04,9.57003659e-05,1.33980512e-03,1.97635635e-04,2.96453452e-03,2.84540471e-05,3.98356659e-04,2.03342092e-04,3.05013138e-03,3.98641203e-08,6.37825924e-07,5.18048644e-09,8.80682696e-08,3.44004400e-10,6.19207921e-09,1.41124681e-09,2.39911957e-08,2.68631345e-08,4.83536422e-07,6.95945250e-06,1.39189050e-04
2.70791668e+02,1.86525532e-02,2.66418617e-02,3.22966955e+00,7.08592076e-01,7.08592076e-01,6.95294722e-02,2.78117889e-01,7.06472910e-05,8.47767492e-04,2.28643481e-06,2.97236526e-05,1.26863931e-05,1.64923110e-04,9.57990582e-05,1.34118681e-03,1.98044076e-04,2.97066114e-03,2.83553547e-05,3.96974966e-04,2.02933651e-04,3.04400476e-03,3.98641203e-08,6.37825924e-07,5.18584335e-09,8.81593369e-08,3.45004310e-10,6.21007758e-09,1.40588990e-09,2.39001284e-08,2.68621346e-08,4.83518423e-07,6.95945250e-06,1.39189050e-04
2.72787138e+02,1.82809557e-02,2.50184640e-02,3.22966955e+00,7.08592076e-01,7.08592076e-01,6.95294722e-02,2.78117889e-01,7.06472910e-05,8.47767492e-04,2.31574423e-06,3.01046750e-05,1.26570837e-05,1.64542088e-04,9.63491753e-05,1.34888845e-03,2.00331818e-04,3.00497728e-03,2.78052376e-05,3.89273327e-04,2.00645908e-04,3.00968862e-03,3.98641203e-08,6.37825924e-07,5.21567060e-09,8.86664003e-08,3.50641737e-10,6.31155127e-09,1.37606265e-09,2.33930650e-08,2.68564972e-08,4.83416949e-07,6.95945250e-06,1.39189050e-04
2.75136501e+02,1.78542070e-02,2.32825369e-02,3.22966955e+00,7.08592076e-01,7.08592076e-01,6.95294722e-02,2.78117889e-01,7.06472910e-05,8.47767492e-04,2.35016483e-06,3.05521428e-05,1.26226631e-05,1.64094620e-04,9.69831906e-05,1.35776467e-03,2.02992253e-04,3.04488379e-03,2.71712224e-05,3.80397113e-04,1.97985474e-04,2.96978211e-03,3.98641203e-08,6.37825924e-07,5.24997758e-09,8.92496188e-08,3.57277434e-10,6.43099381e-09,1.34175567e-09,2.28098465e-08,2.68498615e-08,4.83297507e-07,6.95945250e-06,1.39189050e-04
2.77485864e+02,1.74497634e-02,2.16933647e-02,3.22966955e+00,7.08592076e-01,7.08592076e-01,6.95294722e-02,2.78117889e-01,7.06472910e-05,8.47767492e-04,2.38449182e-06,3.09983937e-05,1.25883361e-05,1.63648369e-04,9.76027490e-05,1.36643849e-03,2.05617411e-04,3.08426116e-03,2.65516639e-05,3.71723295e-04,1.95360316e-04,2.93040473e-03,3.98641203e-08,6.37825924e-07,5.28342923e-09,8.98182970e-08,3.63911491e-10,6.55040684e-09,1.30830402e-09,2.22411683e-08,2.68432274e-08,4.83178094e-07,6.95945250e-06,1.39189050e-04
2.79835227e+02,1.70588338e-02,2.02057240e-02,3.22966955e+00,7.08592076e-01,7.08592076e-01,6.95294722e-02,2.78117889e-01,7.06472910e-05,8.47767492e-04,2.41872547e-06,3.14434311e-05,1.25541025e-05,1.63203332e-04,9.82081803e-05,1.37491452e-03,2.08207762e-04,3.12311642e-03,2.59462326e-05,3.63247257e-04,1.92769965e-04,2.89154948e-03,3.98641203e-08,6.37825924e-07,5.31604690e-09,9.03727973e-08,3.70543909e-10,6.66979037e-09,1.27568635e-09,2.16866680e-08,2.68365950e-08,4.83058710e-07,6.95945250e-06,1.39189050e-04
2.82184589e+02,1.66799991e-02,1.88166635e-02,3.22966955e+00,7.08592076e-01,7.08592076e-01,6.95294722e-02,2.78117889e-01,7.06472910e-05,8.47767492e-04,2.45286601e-06,3.18872582e-05,1.25199619e-05,1.62759505e-04,9.87998065e-05,1.38319729e-03,2.10763766e-04,3.16145649e-03,2.53546064e-05,3.54964490e-04,1.90213961e-04,2.85320941e-03,3.98641203e-08,6.37825924e-07,5.34785137e-09,9.09134732e-08,3.77174689e-10,6.78914440e-09,1.24388189e-09,2.11459921e-08,2.68299642e-08,4.82939356e-07,6.95945250e-06,1.39189050e-04
2.84533952e+02,1.63136131e-02,1.75830780e-02,3.22966955e+00,7.08592076e-01,7.08592076e-01,6.95294722e-02,2.78117889e-01,7.06472910e-05,8.47767492e-04,2.48691371e-06,3.23298783e-05,1.24859142e-05,1.62316885e-04,9.93779425e-05,1.39129119e-03,2.13285879e-04,3.19928818e-03,2.47764705e-05,3.46870586e-04,1.87691848e-04,2.81537771e-03,3.98641203e-08,6.37825924e-07,5.37886291e-09,9.14406694e-08,3.83803830e-10,6.90846894e-09,1.21287035e-09,2.06187959e-08,2.68233351e-08,4.82820032e-07,6.95945250e-06,1.39189050e-04
2.86883315e+02,1.59577455e-02,1.64210738e-02,3.22966955e+00,7.08592076e-01,7.08592076e-01,6.95294722e-02,2.78117889e-01,7.06472910e-05,8.47767492e-04,2.52086882e-06,3.27712947e-05,1.24519591e-05,1.61875468e-04,9.99428958e-05,1.39920054e-03,2.15774551e-04,3.23661826e-03,2.42115172e-05,3.38961240e-04,1.85203176e-04,2.77804764e-03,3.98641203e-08,6.37825924e-07,5.40910129e-09,9.19547219e-08,3.90431333e-10,7.02776400e-09,1.18263196e-09,2.01047433e-08,2.68167076e-08,4.82700737e-07,6.95945250e-06,1.39189050e-04
2.86966150e+02,1.59455221e-02,1.63822466e-02,3.22966955e+00,7.08592076e-01,7.08592076e-01,6.95294722e-02,2.78117889e-01,7.06472910e-05,8.47767492e-04,2.52206433e-06,3.27868363e-05,1.24507636e-05,1.61859927e-04,9.99625781e-05,1.39947609e-03,2.15861692e-04,3.23792538e-03,2.41918348e-05,3.38685687e-04,1.85116035e-04,2.77674052e-03,3.98641203e-08,6.37825924e-07,5.41015357e-09,9.19726107e-08,3.90664977e-10,7.03196959e-09,1.18157968e-09,2.00868546e-08,2.68164740e-08,4.82696531e-07,6.95945250e-06,1.39189050e-04
2.89232678e+02,1.56120968e-02,1.53266558e-02,3.22966955e+00,7.08592076e-01,7.08592076e-01,6.95294722e-02,2.78117889e-01,7.06472910e-05,8.47767492e-04,2.55473159e-06,3.32115107e-05,1.24180963e-05,1.61435252e-04,1.00494967e-04,1.40692954e-03,2.18230224e-04,3.27345336e-03,2.36594459e-05,3.31232243e-04,1.82747502e-04,2.74121254e-03,3.98641203e-08,6.37825924e-07,5.43858579e-09,9.24559585e-08,3.97057199e-10,7.14702958e-09,1.15314746e-09,1.96035068e-08,2.68100817e-08,4.82581471e-07,6.95945250e-06,1.39189050e-04
2.91582041e+02,1.52843420e-02,1.43500804e-02,3.22966955e+00,7.08592076e-01,7.08592076e-01,6.95294722e-02,2.78117889e-01,7.06472910e-05,8.47767492e-04,2.58850227e-06,3.36505295e-05,1.23843257e-05,1.60996233e-04,1.01034450e-04,1.41448230e-03,2.20653337e-04,3.30980006e-03,2.31199630e-05,3.23679482e-04,1.80324390e-04,2.70486584e-03,3.98641203e-08,6.37825924e-07,5.46733521e-09,9.29446986e-08,4.03681427e-10,7.26626569e-09,1.12439804e-09,1.91147667e-08,2.68034575e-08,4.82462235e-07,6.95945250e-06,1.39189050e-04
2.93931404e+02,1.49632507e-02,1.34339394e-02,3.22966955e+00,7.08592076e-01,7.08592076e-01,6.95294722e-02,2.78117889e-01,7.06472910e-05,8.47767492e-04,2.62218111e-06,3.40883545e-05,1.23506468e-05,1.60558409e-04,1.01561631e-04,1.42186284e-03,2.23044321e-04,3.34566482e-03,2.25927814e-05,3.16298940e-04,1.77933406e-04,2.66900108e-03,3.98641203e-08,6.37825924e-07,5.49536787e-09,9.34212538e-08,4.10304019e-10,7.38547234e-09,1.09636538e-09,1.86382115e-08,2.67968349e-08,4.82343028e-07,6.95945250e-06,1.39189050e-04
2.96280767e+02,1.46481273e-02,1.25690277e-02,3.22966955e+00,7.08592076e-01,7.08592076e-01,6.95294722e-02,2.78117889e-01,7.06472910e-05,8.47767492e-04,2.65576837e-06,3.45249888e-05,1.23170596e-05,1.60121774e-04,1.02076792e-04,1.42907509e-03,2.25403602e-04,3.38105403e-03,2.20776206e-05,3.09086689e-04,1.75574124e-04,2.63361187e-03,3.98641203e-08,6.37825924e-07,5.52270164e-09,9.38859278e-08,4.16924975e-10,7.50464954e-09,1.06903161e-09,1.81735374e-08,2.67902140e-08,4.82223851e-07,6.95945250e-06,1.39189050e-04
2.98630130e+02,1.43504338e-02,1.17924361e-02,3.22966955e+00,7.08592076e-01,7.08592076e-01,6.95294722e-02,2.78117889e-01,7.06472910e-05,8.47767492e-04,2.68926428e-06,3.49604356e-05,1.22835636e-05,1.59686327e-04,1.02580206e-04,1.43612289e-03,2.27731601e-04,3.41597401e-03,2.15742065e-05,3.02038891e-04,1.73246126e-04,2.59869189e-03,3.98641203e-08,6.37825924e-07,5.54935394e-09,9.43390170e-08,4.23544294e-10,7.62379730e-09,1.04237931e-09,1.77204483e-08,2.67835946e-08,4.82104703e-07,6.95945250e-06,1.39189050e-04
3.00979493e+02,1.40583534e-02,1.10600482e-02,3.22966955e+00,7.08592076e-01,7.08592076e-01,6.95294722e-02,2.78117889e-01,7.06472910e-05,8.47767492e-04,2.72266910e-06,3.53946983e-05,1.22501588e-05,1.59252065e-04,1.03072142e-04,1.44300998e-03,2.30028731e-04,3.45043097e-03,2.10822713e-05,2.95151798e-04,1.70948995e-04,2.56423493e-03,3.98641203e-08,6.37825924e-07,5.57534177e-09,9.47808101e-08,4.30161978e-10,7.74291561e-09,1.01639148e-09,1.72786552e-08,2.67769770e-08,4.81985585e-07,6.95945250e-06,1.39189050e-04
3.03328856e+02,1.37720070e-02,1.03728168e-02,3.22966955e+00,7.08592076e-01,7.08592076e-01,6.95294722e-02,2.78117889e-01,7.06472910e-05,8.47767492e-04,2.75598308e-06,3.58277800e-05,1.22168448e-05,1.58818983e-04,1.03552860e-04,1.44974004e-03,2.32295404e-04,3.48443106e-03,2.06015531e-05,2.88421744e-04,1.68682323e-04,2.53023484e-03,3.98641203e-08,6.37825924e-07,5.60068169e-09,9.52115887e-08,4.36778027e-10,7.86200449e-09,9.91051564e-10,1.68478766e-08,2.67703609e-08,4.81866496e-07,6.95945250e-06,1.39189050e-04
3.04106739e+02,1.36816138e-02,1.01639840e-02,3.22966955e+00,7.08592076e-01,7.08592076e-01,6.95294722e-02,2.78117889e-01,7.06472910e-05,8.47767492e-04,2.76699350e-06,3.59709154e-05,1.22058344e-05,1.58675848e-04,1.03709600e-04,1.45193439e-03,2.33039265e-04,3.49558898e-03,2.04448134e-05,2.86227387e-04,1.67938461e-04,2.51907692e-03,3.98641203e-08,6.37825924e-07,5.60893184e-09,9.53518412e-08,4.38968267e-10,7.90142881e-09,9.82801416e-10,1.67076241e-08,2.67681707e-08,4.81827072e-07,6.95945250e-06,1.39189050e-04
3.05678219e+02,1.35016990e-02,9.75352727e-03,3.22966955e+00,7.08592076e-01,7.08592076e-01,6.95294722e-02,2.78117889e-01,7.06472910e-05,8.47767492e-04,2.78920646e-06,3.62596840e-05,1.21836215e-05,1.58387079e-04,1.04022617e-04,1.45631663e-03,2.34532022e-04,3.51798032e-03,2.01317963e-05,2.81845149e-04,1.66445705e-04,2.49668557e-03,3.98641203e-08,6.37825924e-07,5.62538985e-09,9.56316275e-08,4.43392442e-10,7.98106395e-09,9.66343401e-10,1.64278378e-08,2.67637465e-08,4.81747437e-07,6.95945250e-06,1.39189050e-04
3.08027582e+02,1.32382189e-02,9.16207366e-03,3.22966955e+00,7.08592076e-01,7.08592076e-01,6.95294722e-02,2.78117889e-01,7.06472910e-05,8.47767492e-04,2.82233950e-06,3.66904134e-05,1.21504884e-05,1.57956350e-04,1.04481662e-04,1.46274327e-03,2.36738983e-04,3.55108475e-03,1.96727509e-05,2.75418513e-04,1.64238743e-04,2.46358115e-03,3.98641203e-08,6.37825924e-07,5.64948201e-09,9.60411941e-08,4.50005222e-10,8.10009399e-09,9.42251244e-10,1.60182712e-08,2.67571337e-08,4.81628407e-07,6.95945250e-06,1.39189050e-04
3.10376944e+02,1.29861743e-02,8.61679665e-03,3.22966955e+00,7.08592076e-01,7.08592076e-01,6.95294722e-02,2.78117889e-01,7.06472910e-05,8.47767492e-04,2.85538242e-06,3.71199715e-05,1.21174455e-05,1.57526792e-04,1.04930240e-04,1.46902336e-03,2.38916682e-04,3.58375023e-03,1.92241727e-05,2.69138418e-04,1.62061045e-04,2.43091567e-03,3.98641203e-08,6.37825924e-07,5.67297352e-09,9.64405498e-08,4.56616368e-10,8.21909462e-09,9.18759735e-10,1.56189155e-08,2.67505226e-08,4.81509406e-07,6.95945250e-06,1.39189050e-04
3.12726307e+02,1.27372015e-02,8.11356783e-03,3.22966955e+00,7.08592076e-01,7.08592076e-01,6.95294722e-02,2.78117889e-01,7.06472910e-05,8.47767492e-04,2.88833549e-06,3.75483614e-05,1.20844924e-05,1.57098402e-04,1.05368590e-04,1.47516026e-03,2.41065506e-04,3.61598259e-03,1.87858230e-05,2.63001521e-04,1.59912221e-04,2.39868331e-03,3.98641203e-08,6.37825924e-07,5.69587935e-09,9.68299490e-08,4.63225880e-10,8.33806585e-09,8.95853899e-10,1.52295163e-08,2.67439131e-08,4.81390435e-07,6.95945250e-06,1.39189050e-04
3.15075670e+02,1.24902443e-02,7.63081443e-03,3.22966955e+00,7.08592076e-01,7.08592076e-01,6.95294722e-02,2.78117889e-01,7.06472910e-05,8.47767492e-04,2.92119894e-06,3.79755863e-05,1.20516290e-05,1.56671177e-04,1.05796944e-04,1.48115722e-03,2.43185838e-04,3.64778757e-03,1.83574684e-05,2.57004558e-04,1.57791889e-04,2.36687833e-03,3.98641203e-08,6.37825924e-07,5.71821412e-09,9.72096400e-08,4.69833760e-10,8.45700768e-09,8.73519134e-10,1.48498253e-08,2.67373052e-08,4.81271493e-07,6.95945250e-06,1.39189050e-04
3.17425033e+02,1.22588529e-02,7.19947701e-03,3.22966955e+00,7.08592076e-01,7.08592076e-01,6.95294722e-02,2.78117889e-01,7.06472910e-05,8.47767492e-04,2.95397303e-06,3.84016493e-05,1.20188549e-05,1.56245114e-04,1.06215532e-04,1.48701744e-03,2.45278056e-04,3.67917083e-03,1.79388813e-05,2.51144338e-04,1.55699671e-04,2.33549507e-03,3.98641203e-08,6.37825924e-07,5.73999205e-09,9.75798648e-08,4.76440007e-10,8.57592013e-09,8.51741202e-10,1.44796004e-08,2.67306989e-08,4.81152581e-07,6.95945250e-06,1.39189050e-04
3.19774396e+02,1.20330992e-02,6.78524131e-03,3.22966955e+00,7.08592076e-01,7.08592076e-01,6.95294722e-02,2.78117889e-01,7.06472910e-05,8.47767492e-04,2.98665798e-06,3.88265537e-05,1.19861699e-05,1.55820209e-04,1.06624574e-04,1.49274404e-03,2.47342532e-04,3.71013798e-03,1.75298388e-05,2.45417743e-04,1.53635195e-04,2.30452792e-03,3.98641203e-08,6.37825924e-07,5.76122703e-09,9.79408595e-08,4.83044622e-10,8.69480319e-09,8.30506222e-10,1.41186058e-08,2.67240943e-08,4.81033698e-07,6.95945250e-06,1.39189050e-04
3.22123759e+02,1.18175130e-02,6.40184743e-03,3.22966955e+00,7.08592076e-01,7.08592076e-01,6.95294722e-02,2.78117889e-01,7.06472910e-05,8.47767492e-04,3.01925405e-06,3.92503026e-05,1.19535739e-05,1.55396460e-04,1.07024290e-04,1.49834006e-03,2.49379634e-04,3.74069452e-03,1.71301232e-05,2.39821725e-04,1.51598092e-04,2.27397138e-03,3.98641203e-08,6.37825924e-07,5.78193259e-09,9.82928541e-08,4.89647604e-10,8.81365688e-09,8.09800657e-10,1.37666112e-08,2.67174913e-08,4.80914844e-07,6.95945250e-06,1.39189050e-04
3.22271142e+02,1.18039886e-02,6.37779587e-03,3.22966955e+00,7.08592076e-01,7.08592076e-01,6.95294722e-02,2.78117889e-01,7.06472910e-05,8.47767492e-04,3.02129595e-06,3.92768473e-05,1.19515320e-05,1.55369916e-04,1.07049059e-04,1.49868683e-03,2.49506524e-04,3.74259787e-03,1.71053538e-05,2.39474953e-04,1.51471202e-04,2.27206803e-03,3.98641203e-08,6.37825924e-07,5.78321418e-09,9.83146410e-08,4.90061777e-10,8.82111198e-09,8.08519073e-10,1.37448242e-08,2.67170772e-08,4.80907389e-07,6.95945250e-06,1.39189050e-04
3.24473122e+02,1.16044369e-02,6.04599984e-03,3.22966955e+00,7.08592076e-01,7.08592076e-01,6.95294722e-02,2.78117889e-01,7.06472910e-05,8.47767492e-04,3.05176147e-06,3.96728991e-05,1.19210665e-05,1.54973864e-04,1.07414891e-04,1.50380847e-03,2.51389726e-04,3.77084590e-03,1.67395220e-05,2.34353308e-04,1.49588000e-04,2.24382000e-03,3.98641203e-08,6.37825924e-07,5.80212194e-09,9.86360730e-08,4.96248956e-10,8.93248120e-09,7.89611308e-10,1.34233922e-08,2.67108900e-08,4.80796020e-07,6.95945250e-06,1.39189050e-04
3.26822485e+02,1.13927699e-02,5.70561648e-03,3.22966955e+00,7.08592076e-01,7.08592076e-01,6.95294722e-02,2.78117889e-01,7.06472910e-05,8.47767492e-04,3.08418049e-06,4.00943464e-05,1.18886474e-05,1.54552417e-04,1.07796586e-04,1.50915220e-03,2.53373166e-04,3.80059749e-03,1.63578273e-05,2.29009582e-04,1.47604561e-04,2.21406841e-03,3.98641203e-08,6.37825924e-07,5.82180795e-09,9.89707351e-08,5.02848676e-10,9.05127617e-09,7.69925304e-10,1.30887302e-08,2.67042903e-08,4.80677225e-07,6.95945250e-06,1.39189050e-04
3.29171848e+02,1.11946040e-02,5.39939123e-03,3.22966955e+00,7.08592076e-01,7.08592076e-01,6.95294722e-02,2.78117889e-01,7.06472910e-05,8.47767492e-04,3.11651135e-06,4.05146476e-05,1.18563166e-05,1.54132115e-04,1.08169577e-04,1.51437408e-03,2.55330306e-04,3.82995459e-03,1.59848360e-05,2.23787703e-04,1.45647420e-04,2.18471131e-03,3.98641203e-08,6.37825924e-07,5.84100315e-09,9.92970536e-08,5.09446766e-10,9.17004178e-09,7.50730097e-10,1.27624117e-08,2.66976922e-08,4.80558459e-07,6.95945250e-06,1.39189050e-04
3.31521211e+02,1.09990895e-02,5.10098725e-03,3.22966955e+00,7.08592076e-01,7.08592076e-01,6.95294722e-02,2.78117889e-01,7.06472910e-05,8.47767492e-04,3.14875429e-06,4.09338057e-05,1.18240736e-05,1.53712957e-04,1.08534063e-04,1.51947689e-03,2.57261496e-04,3.85892244e-03,1.56203496e-05,2.18684894e-04,1.43716230e-04,2.15574346e-03,3.98641203e-08,6.37825924e-07,5.85971980e-09,9.96152366e-08,5.16043225e-10,9.28877805e-09,7.32013451e-10,1.24442287e-08,2.66910957e-08,4.80439723e-07,6.95945250e-06,1.39189050e-04
3.33870574e+02,1.08117265e-02,4.83206628e-03,3.22966955e+00,7.08592076e-01,7.08592076e-01,6.95294722e-02,2.78117889e-01,7.06472910e-05,8.47767492e-04,3.18090954e-06,4.13518240e-05,1.17919184e-05,1.53294939e-04,1.08890239e-04,1.52446334e-03,2.59167080e-04,3.88750620e-03,1.52641742e-05,2.13698439e-04,1.41810647e-04,2.12715970e-03,3.98641203e-08,6.37825924e-07,5.87796982e-09,9.99254869e-08,5.22638054e-10,9.40748498e-09,7.13763435e-10,1.21339784e-08,2.66845009e-08,4.80321016e-07,6.95945250e-06,1.39189050e-04
3.36219936e+02,1.06270193e-02,4.57219856e-03,3.22966955e+00,7.08592076e-01,7.08592076e-01,6.95294722e-02,2.78117889e-01,7.06472910e-05,8.47767492e-04,3.21297734e-06,4.17687055e-05,1.17598506e-05,1.52878058e-04,1.09238293e-04,1.52933610e-03,2.61047397e-04,3.91571095e-03,1.49161204e-05,2.08825686e-04,1.39930330e-04,2.09895495e-03,3.98641203e-08,6.37825924e-07,5.89576484e-09,1.00228002e-07,5.29231254e-10,9.52616258e-09,6.95968414e-10,1.18314630e-08,2.66779077e-08,4.80202338e-07,6.95945250e-06,1.39189050e-04
3.38569299e+02,1.04486001e-02,4.33376558e-03,3.22966955e+00,7.08592076e-01,7.08592076e-01,6.95294722e-02,2.78117889e-01,7.06472910e-05,8.47767492e-04,3.24495794e-06,4.21844533e-05,1.17278700e-05,1.52462310e-04,1.09578410e-04,1.53409774e-03,2.62902782e-04,3.94354172e-03,1.45760029e-05,2.04064040e-04,1.38074945e-04,2.07112417e-03,3.98641203e-08,6.37825924e-07,5.91311621e-09,1.00522975e-07,5.35822825e-10,9.64481086e-09,6.78617046e-10,1.15364898e-08,2.66713161e-08,4.80083690e-07,6.95945250e-06,1.39189050e-04
3.40918662e+02,1.02740786e-02,4.10733545e-03,3.22966955e+00,7.08592076e-01,7.08592076e-01,6.95294722e-02,2.78117889e-01,7.06472910e-05,8.47767492e-04,3.27685157e-06,4.25990704e-05,1.16959764e-05,1.52047693e-04,1.09910772e-04,1.53875081e-03,2.64733565e-04,3.97100348e-03,1.42436407e-05,1.99410970e-04,1.36244161e-04,2.04366242e-03,3.98641203e-08,6.37825924e-07,5.93003498e-09,1.00810595e-07,5.42412768e-10,9.76342982e-09,6.61698269e-10,1.12488706e-08,2.66647262e-08,4.79965071e-07,6.95945250e-06,1.39189050e-04
3.41520511e+02,1.02306039e-02,4.05312793e-03,3.22966955e+00,7.08592076e-01,7.08592076e-01,6.95294722e-02,2.78117889e-01,7.06472910e-05,8.47767492e-04,3.28500797e-06,4.27051036e-05,1.16878200e-05,1.51941659e-04,1.09994689e-04,1.53992564e-03,2.65198649e-04,3.97797973e-03,1.41597241e-05,1.98236137e-04,1.35779078e-04,2.03668617e-03,3.98641203e-08,6.37825924e-07,5.93430087e-09,1.00883115e-07,5.44100688e-10,9.79381238e-09,6.57432386e-10,1.11763506e-08,2.66630382e-08,4.79934688e-07,6.95945250e-06,1.39189050e-04
3.43268025e+02,1.01043718e-02,3.89573237e-03,3.22966955e+00,7.08592076e-01,7.08592076e-01,6.95294722e-02,2.78117889e-01,7.06472910e-05,8.47767492e-04,3.30865847e-06,4.30125601e-05,1.16641695e-05,1.51634203e-04,1.10235556e-04,1.54329778e-03,2.66540074e-04,3.99810112e-03,1.39188571e-05,1.94864000e-04,1.34437652e-04,2.01656478e-03,3.98641203e-08,6.37825924e-07,5.94653195e-09,1.01091043e-07,5.49001082e-10,9.88201947e-09,6.45201298e-10,1.09684221e-08,2.66581378e-08,4.79846481e-07,6.95945250e-06,1.39189050e-04
3.45617388e+02,1.00212352e-02,3.69752980e-03,3.22966955e+00,7.08592076e-01,7.08592076e-01,6.95294722e-02,2.78117889e-01,7.06472910e-05,8.47767492e-04,3.34037886e-06,4.34249252e-05,1.16324491e-05,1.51221838e-04,1.10552934e-04,1.54774107e-03,2.68322630e-04,4.02483945e-03,1.36014792e-05,1.90420709e-04,1.32655096e-04,1.98982645e-03,3.98641203e-08,6.37825924e-07,5.96261763e-09,1.01364500e-07,5.55587768e-10,1.00005798e-08,6.29115618e-10,1.06949655e-08,2.66515512e-08,4.79727921e-07,6.95945250e-06,1.39189050e-04
3.47966751e+02,1.00056328e-02,3.50978111e-03,3.22966955e+00,7.08592076e-01,7.08592076e-01,6.95294722e-02,2.78117889e-01,7.06472910e-05,8.47767492e-04,3.37201300e-06,4.38361689e-05,1.16008149e-05,1.50810594e-04,1.10863075e-04,1.55208305e-03,2.70081550e-04,4.05122325e-03,1.32913382e-05,1.86078734e-04,1.30896176e-04,1.96344264e-03,3.98641203e-08,6.37825924e-07,5.97830228e-09,1.01631139e-07,5.62172827e-10,1.01191109e-08,6.13430974e-10,1.04283266e-08,2.66449661e-08,4.79609390e-07,6.95945250e-06,1.39189050e-04
3.50316114e+02,1.00000000e-02,3.33545695e-03,3.22966955e+00,7.08592076e-01,7.08592076e-01,6.95294722e-02,2.78117889e-01,7.06472910e-05,8.47767492e-04,3.40356110e-06,4.42462943e-05,1.15692668e-05,1.50400469e-04,1.11166144e-04,1.55632602e-03,2.71817148e-04,4.07725722e-03,1.29882690e-05,1.81835765e-04,1.29160578e-04,1.93740867e-03,3.98641203e-08,6.37825924e-07,5.99359588e-09,1.01891130e-07,5.68756259e-10,1.02376127e-08,5.98137368e-10,1.01683353e-08,2.66383827e-08,4.79490888e-07,6.95945250e-06,1.39189050e-04
3.52665477e+02,1.00000000e-02,3.16871757e-03,3.22966955e+00,7.08592076e-01,7.08592076e-01,6.95294722e-02,2.78117889e-01,7.06472910e-05,8.47767492e-04,3.43502341e-06,4.46553044e-05,1.15378045e-05,1.49991459e-04,1.11462303e-04,1.56047224e-03,2.73529733e-04,4.10294600e-03,1.26921103e-05,1.77689545e-04,1.27447993e-04,1.91171990e-03,3.98641203e-08,6.37825924e-07,6.00850820e-09,1.02144639e-07,5.75338064e-10,1.03560852e-08,5.83225051e-10,9.91482586e-09,2.66318009e-08,4.79372416e-07,6.95945250e-06,1.39189050e-04
3.55014840e+02,1.00000000e-02,3.01471689e-03,3.22966955e+00,7.08592076e-01,7.08592076e-01,6.95294722e-02,2.78117889e-01,7.06472910e-05,8.47767492e-04,3.46640016e-06,4.50632021e-05,1.15064278e-05,1.49583561e-04,1.11751708e-04,1.56452391e-03,2.75219611e-04,4.12829416e-03,1.24027047e-05,1.73637866e-04,1.25758116e-04,1.88637174e-03,3.98641203e-08,6.37825924e-07,6.02304874e-09,1.02391828e-07,5.81918243e-10,1.04745284e-08,5.68684516e-10,9.66763678e-09,2.66252207e-08,4.79253972e-07,6.95945250e-06,1.39189050e-04
3.57364203e+02,1.00000000e-02,2.86677071e-03,3.22966955e+00,7.08592076e-01,7.08592076e-01,6.95294722e-02,2.78117889e-01,7.06472910e-05,8.47767492e-04,3.49769158e-06,4.54699906e-05,1.14751363e-05,1.49176772e-04,1.12034515e-04,1.56848321e-03,2.76887082e-04,4.15330622e-03,1.21198981e-05,1.69678574e-04,1.24090645e-04,1.86135967e-03,3.98641203e-08,6.37825924e-07,6.03722676e-09,1.02632855e-07,5.88496796e-10,1.05929423e-08,5.54506496e-10,9.42661043e-09,2.66186421e-08,4.79135558e-07,6.95945250e-06,1.39189050e-04
3.59713566e+02,1.00000000e-02,2.73011513e-03,3.22966955e+00,7.08592076e-01,7.08592076e-01,6.95294722e-02,2.78117889e-01,7.06472910e-05,8.47767492e-04,3.52889791e-06,4.58756728e-05,1.14439300e-05,1.48771090e-04,1.12310873e-04,1.57235222e-03,2.78532443e-04,4.17798664e-03,1.18435401e-05,1.65809562e-04,1.22445284e-04,1.83667926e-03,3.98641203e-08,6.37825924e-07,6.05105130e-09,1.02867872e-07,5.95073724e-10,1.07113270e-08,5.40681951e-10,9.19159317e-09,2.66120652e-08,4.79017174e-07,6.95945250e-06,1.39189050e-04
3.61919652e+02,1.00000000e-02,2.60684931e-03,3.22966955e+00,7.08592076e-01,7.08592076e-01,6.95294722e-02,2.78117889e-01,7.06472910e-05,8.47767492e-04,3.55812385e-06,4.62556101e-05,1.14147041e-05,1.48391153e-04,1.12564638e-04,1.57590493e-03,2.80057595e-04,4.20086392e-03,1.15897753e-05,1.62256854e-04,1.20920132e-04,1.81380198e-03,3.98641203e-08,6.37825924e-07,6.06371882e-09,1.03083220e-07,6.01248078e-10,1.08224654e-08,5.28014432e-10,8.97624535e-09,2.66058909e-08,4.78906035e-07,6.95945250e-06,1.39189050e-04
3.62062928e+02,1.00000000e-02,2.59884371e-03,3.22966955e+00,7.08592076e-01,7.08592076e-01,6.95294722e-02,2.78117889e-01,7.06472910e-05,8.47767492e-04,3.56001937e-06,4.62802518e-05,1.14128086e-05,1.48366511e-04,1.12580929e-04,1.57613301e-03,2.80155987e-04,4.20233981e-03,1.15734836e-05,1.62028771e-04,1.20821739e-04,1.81232609e-03,3.98641203e-08,6.37825924e-07,6.06453118e-09,1.03097030e-07,6.01649026e-10,1.08296825e-08,5.27202070e-10,8.96243518e-09,2.66054899e-08,4.78898818e-07,6.95945250e-06,1.39189050e-04
3.64412291e+02,1.00000000e-02,2.47718973e-03,3.22966955e+00,7.08592076e-01,7.08592076e-01,6.95294722e-02,2.78117889e-01,7.06472910e-05,8.47767492e-04,3.59105620e-06,4.66837306e-05,1.13817717e-05,1.47963032e-04,1.12844828e-04,1.57982759e-03,2.81758005e-04,4.22637008e-03,1.13095849e-05,1.58334189e-04,1.19219722e-04,1.78829582e-03,3.98641203e-08,6.37825924e-07,6.07767499e-09,1.03320475e-07,6.08222704e-10,1.09480087e-08,5.14058258e-10,8.73899039e-09,2.65989162e-08,4.78780492e-07,6.95945250e-06,1.39189050e-04
3.66761654e+02,1.00000000e-02,2.36105110e-03,3.22966955e+00,7.08592076e-01,7.08592076e-01,6.95294722e-02,2.78117889e-01,7.06472910e-05,8.47767492e-04,3.62200862e-06,4.70861121e-05,1.13508193e-05,1.47560651e-04,1.13102709e-04,1.58343793e-03,2.83338781e-04,4.25008171e-03,1.10517037e-05,1.54723852e-04,1.17638946e-04,1.76458419e-03,3.98641203e-08,6.37825924e-07,6.09049111e-09,1.03538349e-07,6.14794758e-10,1.10663056e-08,5.01242139e-10,8.52111637e-09,2.65923442e-08,4.78662195e-07,6.95945250e-06,1.39189050e-04
3.69111017e+02,1.00000000e-02,2.25218912e-03,3.22966955e+00,7.08592076e-01,7.08592076e-01,6.95294722e-02,2.78117889e-01,7.06472910e-05,8.47767492e-04,3.65287687e-06,4.74873993e-05,1.13199511e-05,1.47159364e-04,1.13354710e-04,1.58696594e-03,2.84898597e-04,4.27347895e-03,1.07997026e-05,1.51195837e-04,1.16079130e-04,1.74118695e-03,3.98641203e-08,6.37825924e-07,6.10298771e-09,1.03750791e-07,6.21365188e-10,1.11845734e-08,4.88745542e-10,8.30867421e-09,2.65857737e-08,4.78543927e-07,6.95945250e-06,1.39189050e-04
3.71460380e+02,1.00000000e-02,2.14923714e-03,3.22966955e+00,7.08592076e-01,7.08592076e-01,6.95294722e-02,2.78117889e-01,7.06472910e-05,8.47767492e-04,3.68366117e-06,4.78875953e-05,1.12891668e-05,1.46759168e-04,1.13600965e-04,1.59041351e-03,2.86437730e-04,4.29656596e-03,1.05534477e-05,1.47748268e-04,1.14539996e-04,1.71809994e-03,3.98641203e-08,6.37825924e-07,6.11517275e-09,1.03957937e-07,6.27933995e-10,1.13028119e-08,4.76560500e-10,8.10152851e-09,2.65792049e-08,4.78425689e-07,6.95945250e-06,1.39189050e-04
3.73809743e+02,1.00000000e-02,2.05109805e-03,3.22966955e+00,7.08592076e-01,7.08592076e-01,6.95294722e-02,2.78117889e-01,7.06472910e-05,8.47767492e-04,3.71436176e-06,4.82867029e-05,1.12584662e-05,1.46360060e-04,1.13841605e-04,1.59378247e-03,2.87956456e-04,4.31934684e-03,1.03128079e-05,1.44379311e-04,1.13021270e-04,1.69531906e-03,3.98641203e-08,6.37825924e-07,6.12705400e-09,1.04159918e-07,6.34501178e-10,1.14210212e-08,4.64679247e-10,7.89954721e-09,2.65726378e-08,4.78307480e-07,6.95945250e-06,1.39189050e-04
3.76159106e+02,1.00000000e-02,1.95948082e-03,3.22966955e+00,7.08592076e-01,7.08592076e-01,6.95294722e-02,2.78117889e-01,7.06472910e-05,8.47767492e-04,3.74497886e-06,4.86847252e-05,1.12278491e-05,1.45962038e-04,1.14076758e-04,1.59707461e-03,2.89455045e-04,4.34182567e-03,1.00776552e-05,1.41087172e-04,1.11522682e-04,1.67284023e-03,3.98641203e-08,6.37825924e-07,6.13863904e-09,1.04356864e-07,6.41066739e-10,1.15392013e-08,4.53094209e-10,7.70260155e-09,2.65660722e-08,4.78189299e-07,6.95945250e-06,1.39189050e-04
3.78508469e+02,1.00000000e-02,1.87062328e-03,3.22966955e+00,7.08592076e-01,7.08592076e-01,6.95294722e-02,2.78117889e-01,7.06472910e-05,8.47767492e-04,3.77551269e-06,4.90816650e-05,1.11973152e-05,1.45565098e-04,1.14306549e-04,1.60029168e-03,2.90933763e-04,4.36400644e-03,9.84786440e-06,1.37870102e-04,1.10043964e-04,1.65065946e-03,3.98641203e-08,6.37825924e-07,6.14993525e-09,1.04548899e-07,6.47630678e-10,1.16573522e-08,4.41798000e-10,7.51056601e-09,2.65595083e-08,4.78071149e-07,6.95945250e-06,1.39189050e-04
3.80857832e+02,1.00000000e-02,1.78993406e-03,3.22966955e+00,7.08592076e-01,7.08592076e-01,6.95294722e-02,2.78117889e-01,7.06472910e-05,8.47767492e-04,3.80596349e-06,4.94775254e-05,1.11668644e-05,1.45169238e-04,1.14531100e-04,1.60343539e-03,2.92392874e-04,4.38589311e-03,9.62331331e-06,1.34726386e-04,1.08584853e-04,1.62877279e-03,3.98641203e-08,6.37825924e-07,6.16094983e-09,1.04736147e-07,6.54192995e-10,1.17754739e-08,4.30783420e-10,7.32331814e-09,2.65529459e-08,4.77953027e-07,6.95945250e-06,1.39189050e-04
3.83207195e+02,1.00000000e-02,1.70954402e-03,3.22966955e+00,7.08592076e-01,7.08592076e-01,6.95294722e-02,2.78117889e-01,7.06472910e-05,8.47767492e-04,3.83633148e-06,4.98723092e-05,1.11364964e-05,1.44774454e-04,1.14750530e-04,1.60650743e-03,2.93832638e-04,4.40748958e-03,9.40388243e-06,1.31654354e-04,1.07145088e-04,1.60717632e-03,3.98641203e-08,6.37825924e-07,6.17168980e-09,1.04918727e-07,6.60753690e-10,1.18935664e-08,4.20043448e-10,7.14073861e-09,2.65463852e-08,4.77834934e-07,6.95945250e-06,1.39189050e-04
3.83537241e+02,1.00000000e-02,1.69943945e-03,3.22966955e+00,7.08592076e-01,7.08592076e-01,6.95294722e-02,2.78117889e-01,7.06472910e-05,8.47767492e-04,3.84059106e-06,4.99276837e-05,1.11322369e-05,1.44719079e-04,1.14780953e-04,1.60693335e-03,2.94033366e-04,4.41050049e-03,9.37345950e-06,1.31228433e-04,1.06944360e-04,1.60416540e-03,3.98641203e-08,6.37825924e-07,6.17317699e-09,1.04944009e-07,6.61675229e-10,1.19101541e-08,4.18556265e-10,7.11545650e-09,2.65454637e-08,4.77818347e-07,6.95945250e-06,1.39189050e-04
3.85556558e+02,1.00000000e-02,1.63761684e-03,3.22966955e+00,7.08592076e-01,7.08592076e-01,6.95294722e-02,2.78117889e-01,7.06472910e-05,8.47767492e-04,3.86661688e-06,5.02660195e-05,1.11062110e-05,1.44380744e-04,1.14964958e-04,1.60950941e-03,2.95253313e-04,4.42879969e-03,9.18945502e-06,1.28652370e-04,1.05724414e-04,1.58586621e-03,3.98641203e-08,6.37825924e-07,6.18216202e-09,1.05096754e-07,6.67312765e-10,1.20116298e-08,4.09571236e-10,6.96271101e-09,2.65398262e-08,4.77716871e-07,6.95945250e-06,1.39189050e-04
3.87905920e+02,1.00000000e-02,1.56568965e-03,3.22966955e+00,7.08592076e-01,7.08592076e-01,6.95294722e-02,2.78117889e-01,7.06472910e-05,8.47767492e-04,3.89681993e-06,5.06586590e-05,1.10760080e-05,1.43988104e-04,1.15174496e-04,1.61244294e-03,2.96655149e-04,4.44982724e-03,8.97991699e-06,1.25718838e-04,1.04322577e-04,1.56483866e-03,3.98641203e-08,6.37825924e-07,6.19237314e-09,1.05270343e-07,6.73870219e-10,1.21296639e-08,3.99360109e-10,6.78912186e-09,2.65332687e-08,4.77598837e-07,6.95945250e-06,1.39189050e-04
3.90255283e+02,1.00000000e-02,1.50024568e-03,3.22966955e+00,7.08592076e-01,7.08592076e-01,6.95294722e-02,2.78117889e-01,7.06472910e-05,8.47767492e-04,3.92694083e-06,5.10502308e-05,1.10458871e-05,1.43596532e-04,1.15379256e-04,1.61530959e-03,2.98038399e-04,4.47057598e-03,8.77515684e-06,1.22852196e-04,1.02939328e-04,1.54408992e-03,3.98641203e-08,6.37825924e-07,6.20232969e-09,1.05439605e-07,6.80426052e-10,1.22476689e-08,3.89403559e-10,6.61986051e-09,2.65267129e-08,4.77480832e-07,6.95945250e-06,1.39189050e-04
3.92604646e+02,1.00000000e-02,1.43676058e-03,3.22966955e+00,7.08592076e-01,7.08592076e-01,6.95294722e-02,2.78117889e-01,7.06472910e-05,8.47767492e-04,3.95697983e-06,5.14407378e-05,1.10158481e-05,1.43206025e-04,1.15579347e-04,1.61811086e-03,2.99403307e-04,4.49104961e-03,8.57506564e-06,1.20050919e-04,1.01574419e-04,1.52361629e-03,3.98641203e-08,6.37825924e-07,6.21203801e-09,1.05604646e-07,6.86980266e-10,1.23656448e-08,3.79695239e-10,6.45481906e-09,2.65201587e-08,4.77362856e-07,6.95945250e-06,1.39189050e-04
3.94954009e+02,1.00000000e-02,1.37657013e-03,3.22966955e+00,7.08592076e-01,7.08592076e-01,6.95294722e-02,2.78117889e-01,7.06472910e-05,8.47767492e-04,3.98693713e-06,5.18301827e-05,1.09858908e-05,1.42816580e-04,1.15774876e-04,1.62084826e-03,3.00750118e-04,4.51125177e-03,8.37953691e-06,1.17313517e-04,1.00227609e-04,1.50341413e-03,3.98641203e-08,6.37825924e-07,6.22150429e-09,1.05765573e-07,6.93532860e-10,1.24835915e-08,3.70228958e-10,6.29389229e-09,2.65136061e-08,4.77244909e-07,6.95945250e-06,1.39189050e-04
3.97303372e+02,1.00000000e-02,1.32036667e-03,3.22966955e+00,7.08592076e-01,7.08592076e-01,6.95294722e-02,2.78117889e-01,7.06472910e-05,8.47767492e-04,4.01681297e-06,5.22185686e-05,1.09560150e-05,1.42428194e-04,1.15965946e-04,1.62352325e-03,3.02079071e-04,4.53118606e-03,8.18846664e-06,1.14638533e-04,9.88986558e-05,1.48347984e-03,3.98641203e-08,6.37825924e-07,6.23073457e-09,1.05922488e-07,7.00083836e-10,1.26015090e-08,3.60998685e-10,6.13697764e-09,2.65070551e-08,4.77126992e-07,6.95945250e-06,1.39189050e-04
3.99652735e+02,1.00000000e-02,1.26469516e-03,3.22966955e+00,7.08592076e-01,7.08592076e-01,6.95294722e-02,2.78117889e-01,7.06472910e-05,8.47767492e-04,4.04660756e-06,5.26058982e-05,1.09262204e-05,1.42040865e-04,1.16152660e-04,1.62613724e-03,3.03390403e-04,4.55085604e-03,8.00175315e-06,1.12024544e-04,9.75873240e-05,1.46380986e-03,3.98641203e-08,6.37825924e-07,6.23973472e-09,1.06075490e-07,7.06633193e-10,1.27193975e-08,3.51998533e-10,5.98397506e-09,2.65005057e-08,4.77009103e-07,6.95945250e-06,1.39189050e-04
4.02002098e+02,1.00000000e-02,1.21467297e-03,3.22966955e+00,7.08592076e-01,7.08592076e-01,6.95294722e-02,2.78117889e-01,7.06472910e-05,8.47767492e-04,4.07632112e-06,5.29921746e-05,1.08965068e-05,1.41654588e-04,1.16335116e-04,1.62869162e-03,3.04684347e-04,4.57026520e-03,7.81929710e-06,1.09470159e-04,9.62933797e-05,1.44440070e-03,3.98641203e-08,6.37825924e-07,6.24851048e-09,1.06224678e-07,7.13180931e-10,1.28372568e-08,3.43222767e-10,5.83478703e-09,2.64939580e-08,4.76891244e-07,6.95945250e-06,1.39189050e-04
4.04351461e+02,1.00000000e-02,1.16465078e-03,3.22966955e+00,7.08592076e-01,7.08592076e-01,6.95294722e-02,2.78117889e-01,7.06472910e-05,8.47767492e-04,4.10595388e-06,5.33774004e-05,1.08668740e-05,1.41269363e-04,1.16513412e-04,1.63118776e-03,3.05961134e-04,4.58941702e-03,7.64100142e-06,1.06974020e-04,9.50165922e-05,1.42524888e-03,3.98641203e-08,6.37825924e-07,6.25706746e-09,1.06370147e-07,7.19727052e-10,1.29550869e-08,3.34665791e-10,5.68931845e-09,2.64874119e-08,4.76773414e-07,6.95945250e-06,1.39189050e-04
4.06446056e+02,1.00000000e-02,1.12337643e-03,3.22966955e+00,7.08592076e-01,7.08592076e-01,6.95294722e-02,2.78117889e-01,7.06472910e-05,8.47767492e-04,4.13230527e-06,5.37199685e-05,1.08405227e-05,1.40926795e-04,1.16668942e-04,1.63336518e-03,3.07085184e-04,4.60627775e-03,7.48547127e-06,1.04796598e-04,9.38925429e-05,1.40838814e-03,3.98641203e-08,6.37825924e-07,6.26451646e-09,1.06496780e-07,7.25561940e-10,1.30601149e-08,3.27216796e-10,5.56268553e-09,2.64815770e-08,4.76668386e-07,6.95945250e-06,1.39189050e-04
4.06700824e+02,1.00000000e-02,1.11859703e-03,3.22966955e+00,7.08592076e-01,7.08592076e-01,6.95294722e-02,2.78117889e-01,7.06472910e-05,8.47767492e-04,4.13550605e-06,5.37615787e-05,1.08373219e-05,1.40885184e-04,1.16687642e-04,1.63362698e-03,3.07220993e-04,4.60831489e-03,7.46677124e-06,1.04534797e-04,9.37567340e-05,1.40635101e-03,3.98641203e-08,6.37825924e-07,6.26541110e-09,1.06511989e-07,7.26271555e-10,1.30728880e-08,3.26322152e-10,5.54747658e-09,2.64808674e-08,4.76655613e-07,6.95945250e-06,1.39189050e-04
4.09050187e+02,1.00000000e-02,1.07452334e-03,3.22966955e+00,7.08592076e-01,7.08592076e-01,6.95294722e-02,2.78117889e-01,7.06472910e-05,8.47767492e-04,4.16497786e-06,5.41447121e-05,1.08078501e-05,1.40502051e-04,1.16857899e-04,1.63601059e-03,3.08464146e-04,4.62696219e-03,7.29651386e-06,1.02151194e-04,9.25135808e-05,1.38770371e-03,3.98641203e-08,6.37825924e-07,6.27354672e-09,1.06650294e-07,7.32814442e-10,1.31906599e-08,3.18186530e-10,5.40917101e-09,2.64743245e-08,4.76537841e-07,6.95945250e-06,1.39189050e-04
4.11399550e+02,1.00000000e-02,1.03145188e-03,3.22966955e+00,7.08592076e-01,7.08592076e-01,6.95294722e-02,2.78117889e-01,7.06472910e-05,8.47767492e-04,4.19436952e-06,5.45268037e-05,1.07784584e-05,1.40119959e-04,1.17024274e-04,1.63833984e-03,3.09690816e-04,4.64536223e-03,7.13013868e-06,9.98219416e-05,9.12869110e-05,1.36930366e-03,3.98641203e-08,6.37825924e-07,6.28147951e-09,1.06785152e-07,7.39355711e-10,1.33084028e-08,3.10253739e-10,5.27431357e-09,2.64677832e-08,4.76420098e-07,6.95945250e-06,1.39189050e-04
4.13748912e+02,1.00000000e-02,9.92544292e-04,3.22966955e+00,7.08592076e-01,7.08592076e-01,6.95294722e-02,2.78117889e-01,7.06472910e-05,8.47767492e-04,4.22368125e-06,5.49078562e-05,1.07491467e-05,1.39738907e-04,1.17186856e-04,1.64061598e-03,3.10901221e-04,4.66351831e-03,6.96755720e-06,9.75458008e-05,9.00765060e-05,1.35114759e-03,3.98641203e-08,6.37825924e-07,6.28921453e-09,1.06916647e-07,7.45895365e-10,1.34261166e-08,3.02518723e-10,5.14281830e-09,2.64612436e-08,4.76302384e-07,6.95945250e-06,1.39189050e-04
4.16098275e+02,1.00000000e-02,9.53636707e-04,3.22966955e+00,7.08592076e-01,7.08592076e-01,6.95294722e-02,2.78117889e-01,7.06472910e-05,8.47767492e-04,4.25291326e-06,5.52878724e-05,1.07199147e-05,1.39358891e-04,1.17345730e-04,1.64284022e-03,3.12095576e-04,4.68143365e-03,6.80868290e-06,9.53215606e-05,8.88821502e-05,1.33323225e-03,3.98641203e-08,6.37825924e-07,6.29675670e-09,1.07044864e-07,7.52433402e-10,1.35438012e-08,2.94976551e-10,5.01460136e-09,2.64547055e-08,4.76184700e-07,6.95945250e-06,1.39189050e-04
4.18447638e+02,1.00000000e-02,9.17645672e-04,3.22966955e+00,7.08592076e-01,7.08592076e-01,6.95294722e-02,2.78117889e-01,7.06472910e-05,8.47767492e-04,4.28206578e-06,5.56668552e-05,1.06907621e-05,1.38979908e-04,1.17500982e-04,1.64501374e-03,3.13274096e-04,4.69911144e-03,6.65343125e-06,9.31480375e-05,8.77036307e-05,1.31555446e-03,3.98641203e-08,6.37825924e-07,6.30411084e-09,1.07169884e-07,7.58969825e-10,1.36614568e-08,2.87622414e-10,4.88958104e-09,2.64481691e-08,4.76067044e-07,6.95945250e-06,1.39189050e-04
4.20797001e+02,1.00000000e-02,8.83124330e-04,3.22966955e+00,7.08592076e-01,7.08592076e-01,6.95294722e-02,2.78117889e-01,7.06472910e-05,8.47767492e-04,4.31113902e-06,5.60448073e-05,1.06616889e-05,1.38601956e-04,1.17652693e-04,1.64713771e-03,3.14436989e-04,4.71655483e-03,6.50171965e-06,9.10240751e-05,8.65407377e-05,1.29811107e-03,3.98641203e-08,6.37825924e-07,6.31128163e-09,1.07291788e-07,7.65504632e-10,1.37790834e-08,2.80451625e-10,4.76767763e-09,2.64416343e-08,4.75949417e-07,6.95945250e-06,1.39189050e-04
4.23146364e+02,1.00000000e-02,8.48914676e-04,3.22966955e+00,7.08592076e-01,7.08592076e-01,6.95294722e-02,2.78117889e-01,7.06472910e-05,8.47767492e-04,4.34013320e-06,5.64217316e-05,1.06326947e-05,1.38225031e-04,1.17800946e-04,1.64921324e-03,3.15584463e-04,4.73376694e-03,6.35346738e-06,8.89485434e-05,8.53932639e-05,1.28089896e-03,3.98641203e-08,6.37825924e-07,6.31827364e-09,1.07410652e-07,7.72037825e-10,1.38966808e-08,2.73459614e-10,4.64881343e-09,2.64351011e-08,4.75831820e-07,6.95945250e-06,1.39189050e-04
4.25495727e+02,1.00000000e-02,8.18382905e-04,3.22966955e+00,7.08592076e-01,7.08592076e-01,6.95294722e-02,2.78117889e-01,7.06472910e-05,8.47767492e-04,4.36904853e-06,5.67976309e-05,1.06037794e-05,1.37849132e-04,1.17945817e-04,1.65124144e-03,3.16716722e-04,4.75075083e-03,6.20859556e-06,8.69203379e-05,8.42610048e-05,1.26391507e-03,3.98641203e-08,6.37825924e-07,6.32509133e-09,1.07526553e-07,7.78569403e-10,1.40142493e-08,2.66641921e-10,4.53291266e-09,2.64285695e-08,4.75714252e-07,6.95945250e-06,1.39189050e-04
4.27845090e+02,1.00000000e-02,7.87851135e-04,3.22966955e+00,7.08592076e-01,7.08592076e-01,6.95294722e-02,2.78117889e-01,7.06472910e-05,8.47767492e-04,4.39788522e-06,5.71725079e-05,1.05749427e-05,1.37474255e-04,1.18087386e-04,1.65322340e-03,3.17833968e-04,4.76750952e-03,6.06702711e-06,8.49383796e-05,8.31437587e-05,1.24715638e-03,3.98641203e-08,6.37825924e-07,6.33173905e-09,1.07639564e-07,7.85099368e-10,1.41317886e-08,2.59994203e-10,4.41990144e-09,2.64220396e-08,4.75596712e-07,6.95945250e-06,1.39189050e-04
4.30194453e+02,1.00000000e-02,7.58830466e-04,3.22966955e+00,7.08592076e-01,7.08592076e-01,6.95294722e-02,2.78117889e-01,7.06472910e-05,8.47767492e-04,4.42664350e-06,5.75463655e-05,1.05461844e-05,1.37100398e-04,1.18225726e-04,1.65516017e-03,3.18936400e-04,4.78404600e-03,5.92868671e-06,8.30016139e-05,8.20413267e-05,1.23061990e-03,3.98641203e-08,6.37825924e-07,6.33822103e-09,1.07749758e-07,7.91627719e-10,1.42492989e-08,2.53512220e-10,4.30970774e-09,2.64155112e-08,4.75479202e-07,6.95945250e-06,1.39189050e-04
4.30723223e+02,1.00000000e-02,7.52746514e-04,3.22966955e+00,7.08592076e-01,7.08592076e-01,6.95294722e-02,2.78117889e-01,7.06472910e-05,8.47767492e-04,4.43310532e-06,5.76303691e-05,1.05397226e-05,1.37016394e-04,1.18256425e-04,1.65558995e-03,3.19182502e-04,4.78773752e-03,5.89798797e-06,8.25718315e-05,8.17952249e-05,1.22692837e-03,3.98641203e-08,6.37825924e-07,6.33965750e-09,1.07774178e-07,7.93096829e-10,1.42757429e-08,2.52075747e-10,4.28528771e-09,2.64140421e-08,4.75452758e-07,6.95945250e-06,1.39189050e-04
4.32543816e+02,1.00000000e-02,7.31799030e-04,3.22966955e+00,7.08592076e-01,7.08592076e-01,6.95294722e-02,2.78117889e-01,7.06472910e-05,8.47767492e-04,4.45532356e-06,5.79192063e-05,1.05175044e-05,1.36727557e-04,1.18360912e-04,1.65705277e-03,3.20024214e-04,4.80036322e-03,5.79350074e-06,8.11090103e-05,8.09535121e-05,1.21430268e-03,3.98641203e-08,6.37825924e-07,6.34454141e-09,1.07857204e-07,7.98154457e-10,1.43667802e-08,2.47191841e-10,4.20226130e-09,2.64089845e-08,4.75361721e-07,6.95945250e-06,1.39189050e-04
4.34893179e+02,1.00000000e-02,7.04767594e-04,3.22966955e+00,7.08592076e-01,7.08592076e-01,6.95294722e-02,2.78117889e-01,7.06472910e-05,8.47767492e-04,4.48392563e-06,5.82910332e-05,1.04889023e-05,1.36355730e-04,1.18493016e-04,1.65890222e-03,3.21097605e-04,4.81646408e-03,5.66139728e-06,7.92595620e-05,7.98801212e-05,1.19820182e-03,3.98641203e-08,6.37825924e-07,6.35070421e-09,1.07961972e-07,8.04679582e-10,1.44842325e-08,2.41029037e-10,4.09749364e-09,2.64024593e-08,4.75244268e-07,6.95945250e-06,1.39189050e-04
4.37242542e+02,1.00000000e-02,6.80012071e-04,3.22966955e+00,7.08592076e-01,7.08592076e-01,6.95294722e-02,2.78117889e-01,7.06472910e-05,8.47767492e-04,4.51244992e-06,5.86618490e-05,1.04603780e-05,1.35984914e-04,1.18622107e-04,1.66070950e-03,3.22156764e-04,4.83235146e-03,5.53230605e-06,7.74522847e-05,7.88209628e-05,1.18231444e-03,3.98641203e-08,6.37825924e-07,6.35671337e-09,1.08064127e-07,8.11203096e-10,1.46016557e-08,2.35019880e-10,3.99533796e-09,2.63959358e-08,4.75126845e-07,6.95945250e-06,1.39189050e-04
4.39591904e+02,1.00000000e-02,6.56125274e-04,3.22966955e+00,7.08592076e-01,7.08592076e-01,6.95294722e-02,2.78117889e-01,7.06472910e-05,8.47767492e-04,4.54089664e-06,5.90316563e-05,1.04319313e-05,1.35615107e-04,1.18748255e-04,1.66247556e-03,3.23201878e-04,4.84802818e-03,5.40615836e-06,7.56862170e-05,7.77758482e-05,1.16663772e-03,3.98641203e-08,6.37825924e-07,6.36257271e-09,1.08163736e-07,8.17724997e-10,1.47190499e-08,2.29160539e-10,3.89572916e-09,2.63894139e-08,4.75009451e-07,6.95945250e-06,1.39189050e-04
4.41941267e+02,1.00000000e-02,6.32238476e-04,3.22966955e+00,7.08592076e-01,7.08592076e-01,6.95294722e-02,2.78117889e-01,7.06472910e-05,8.47767492e-04,4.56926600e-06,5.94004580e-05,1.04035619e-05,1.35246305e-04,1.18871526e-04,1.66420136e-03,3.24233135e-04,4.86349703e-03,5.28288709e-06,7.39604192e-05,7.67445911e-05,1.15116887e-03,3.98641203e-08,6.37825924e-07,6.36828597e-09,1.08260862e-07,8.24245287e-10,1.48364152e-08,2.23447278e-10,3.79860373e-09,2.63828936e-08,4.74892086e-07,6.95945250e-06,1.39189050e-04
4.44290630e+02,1.00000000e-02,6.10991233e-04,3.22966955e+00,7.08592076e-01,7.08592076e-01,6.95294722e-02,2.78117889e-01,7.06472910e-05,8.47767492e-04,4.59755821e-06,5.97682567e-05,1.03752697e-05,1.34878506e-04,1.18991986e-04,1.66588781e-03,3.25250719e-04,4.87876078e-03,5.16242665e-06,7.22739731e-05,7.57270078e-05,1.13590512e-03,3.98641203e-08,6.37825924e-07,6.37385680e-09,1.08355566e-07,8.30763966e-10,1.49537514e-08,2.17876456e-10,3.70389976e-09,2.63763750e-08,4.74774749e-07,6.95945250e-06,1.39189050e-04
4.46639993e+02,1.00000000e-02,5.89876091e-04,3.22966955e+00,7.08592076e-01,7.08592076e-01,6.95294722e-02,2.78117889e-01,7.06472910e-05,8.47767492e-04,4.62577347e-06,6.01350552e-05,1.03470545e-05,1.34511708e-04,1.19109700e-04,1.66753580e-03,3.26254810e-04,4.89382214e-03,5.04471295e-06,7.06259813e-05,7.47229170e-05,1.12084376e-03,3.98641203e-08,6.37825924e-07,6.37928873e-09,1.08447908e-07,8.37281035e-10,1.50710586e-08,2.12444522e-10,3.61155688e-09,2.63698579e-08,4.74657442e-07,6.95945250e-06,1.39189050e-04
4.48989356e+02,1.00000000e-02,5.69040334e-04,3.22966955e+00,7.08592076e-01,7.08592076e-01,6.95294722e-02,2.78117889e-01,7.06472910e-05,8.47767492e-04,4.65391201e-06,6.05008561e-05,1.03189159e-05,1.34145907e-04,1.19224730e-04,1.66914621e-03,3.27245587e-04,4.90868380e-03,4.92968336e-06,6.90155671e-05,7.37321398e-05,1.10598210e-03,3.98641203e-08,6.37825924e-07,6.38458524e-09,1.08537949e-07,8.43796493e-10,1.51883369e-08,2.07148013e-10,3.52151622e-09,2.63633424e-08,4.74540164e-07,6.95945250e-06,1.39189050e-04
4.51338719e+02,1.00000000e-02,5.50343864e-04,3.22966955e+00,7.08592076e-01,7.08592076e-01,6.95294722e-02,2.78117889e-01,7.06472910e-05,8.47767492e-04,4.68197403e-06,6.08656623e-05,1.02908539e-05,1.33781101e-04,1.19337136e-04,1.67071991e-03,3.28223227e-04,4.92334840e-03,4.81727668e-06,6.74418735e-05,7.27544996e-05,1.09131749e-03,3.98641203e-08,6.37825924e-07,6.38974970e-09,1.08625745e-07,8.50310341e-10,1.53055861e-08,2.01983552e-10,3.43372039e-09,2.63568286e-08,4.74422915e-07,6.95945250e-06,1.39189050e-04
4.53688082e+02,1.00000000e-02,5.31647394e-04,3.22966955e+00,7.08592076e-01,7.08592076e-01,6.95294722e-02,2.78117889e-01,7.06472910e-05,8.47767492e-04,4.70995973e-06,6.12294765e-05,1.02628682e-05,1.33417287e-04,1.19446980e-04,1.67225772e-03,3.29187904e-04,4.93781856e-03,4.70743309e-06,6.59040633e-05,7.17898223e-05,1.07684734e-03,3.98641203e-08,6.37825924e-07,6.39478540e-09,1.08711352e-07,8.56822580e-10,1.54228064e-08,1.96947848e-10,3.34811342e-09,2.63503164e-08,4.74305694e-07,6.95945250e-06,1.39189050e-04
4.56037445e+02,1.00000000e-02,5.13419757e-04,3.22966955e+00,7.08592076e-01,7.08592076e-01,6.95294722e-02,2.78117889e-01,7.06472910e-05,8.47767492e-04,4.73786932e-06,6.15923012e-05,1.02349586e-05,1.33054462e-04,1.19554319e-04,1.67376046e-03,3.30139791e-04,4.95209686e-03,4.60009416e-06,6.44013183e-05,7.08379360e-05,1.06256904e-03,3.98641203e-08,6.37825924e-07,6.39969556e-09,1.08794825e-07,8.63333210e-10,1.55399978e-08,1.92037690e-10,3.26464074e-09,2.63438057e-08,4.74188503e-07,6.95945250e-06,1.39189050e-04
4.56450473e+02,1.00000000e-02,5.10523056e-04,3.22966955e+00,7.08592076e-01,7.08592076e-01,6.95294722e-02,2.78117889e-01,7.06472910e-05,8.47767492e-04,4.74276810e-06,6.16559853e-05,1.02300598e-05,1.32990778e-04,1.19572935e-04,1.67402109e-03,3.30305827e-04,4.95458741e-03,4.58147807e-06,6.41406930e-05,7.06718995e-05,1.06007849e-03,3.98641203e-08,6.37825924e-07,6.40054605e-09,1.08809283e-07,8.64477641e-10,1.55605975e-08,1.91187203e-10,3.25018245e-09,2.63426613e-08,4.74167903e-07,6.95945250e-06,1.39189050e-04
4.58386808e+02,1.00000000e-02,4.96942922e-04,3.22966955e+00,7.08592076e-01,7.08592076e-01,6.95294722e-02,2.78117889e-01,7.06472910e-05,8.47767492e-04,4.76570302e-06,6.19541392e-05,1.02071249e-05,1.32692624e-04,1.19659210e-04,1.67522894e-03,3.31079055e-04,4.96618583e-03,4.49520278e-06,6.29328389e-05,6.98986711e-05,1.04848007e-03,3.98641203e-08,6.37825924e-07,6.40448330e-09,1.08876216e-07,8.69842231e-10,1.56571602e-08,1.87249949e-10,3.18324913e-09,2.63372967e-08,4.74071341e-07,6.95945250e-06,1.39189050e-04
4.60736171e+02,1.00000000e-02,4.80466087e-04,3.22966955e+00,7.08592076e-01,7.08592076e-01,6.95294722e-02,2.78117889e-01,7.06472910e-05,8.47767492e-04,4.79346102e-06,6.23149933e-05,1.01793669e-05,1.32331770e-04,1.19761710e-04,1.67666394e-03,3.32005866e-04,4.98008799e-03,4.39270312e-06,6.14978437e-05,6.89718603e-05,1.03457790e-03,3.98641203e-08,6.37825924e-07,6.40915168e-09,1.08955579e-07,8.76349644e-10,1.57742936e-08,1.82581572e-10,3.10388673e-09,2.63307893e-08,4.73954207e-07,6.95945250e-06,1.39189050e-04
4.63085534e+02,1.00000000e-02,4.64432097e-04,3.22966955e+00,7.08592076e-01,7.08592076e-01,6.95294722e-02,2.78117889e-01,7.06472910e-05,8.47767492e-04,4.82114354e-06,6.26748660e-05,1.01516844e-05,1.31971897e-04,1.19861872e-04,1.67806621e-03,3.32920388e-04,4.99380582e-03,4.29254067e-06,6.00955693e-05,6.80573383e-05,1.02086008e-03,3.98641203e-08,6.37825924e-07,6.41370367e-09,1.09032962e-07,8.82855449e-10,1.58913981e-08,1.78029584e-10,3.02650292e-09,2.63242835e-08,4.73837103e-07,6.95945250e-06,1.39189050e-04
4.65434896e+02,1.00000000e-02,4.49821065e-04,3.22966955e+00,7.08592076e-01,7.08592076e-01,6.95294722e-02,2.78117889e-01,7.06472910e-05,8.47767492e-04,4.84875077e-06,6.30337600e-05,1.01240772e-05,1.31613003e-04,1.19959751e-04,1.67943651e-03,3.33822784e-04,5.00734176e-03,4.19466212e-06,5.87252696e-05,6.71549423e-05,1.00732414e-03,3.98641203e-08,6.37825924e-07,6.41814217e-09,1.09108417e-07,8.89359646e-10,1.60084736e-08,1.73591082e-10,2.95104840e-09,2.63177793e-08,4.73720027e-07,6.95945250e-06,1.39189050e-04
4.67784259e+02,1.00000000e-02,4.35210032e-04,3.22966955e+00,7.08592076e-01,7.08592076e-01,6.95294722e-02,2.78117889e-01,7.06472910e-05,8.47767492e-04,4.87628293e-06,6.33916781e-05,1.00965450e-05,1.31255085e-04,1.20055398e-04,1.68077557e-03,3.34713215e-04,5.02069823e-03,4.09901539e-06,5.73862155e-05,6.62645115e-05,9.93967673e-04,3.98641203e-08,6.37825924e-07,6.42247001e-09,1.09181990e-07,8.95862237e-10,1.61255203e-08,1.69263238e-10,2.87747505e-09,2.63112767e-08,4.73602981e-07,6.95945250e-06,1.39189050e-04
4.70133622e+02,1.00000000e-02,4.20929711e-04,3.22966955e+00,7.08592076e-01,7.08592076e-01,6.95294722e-02,2.78117889e-01,7.06472910e-05,8.47767492e-04,4.90374021e-06,6.37486227e-05,1.00690877e-05,1.30898140e-04,1.20148863e-04,1.68208409e-03,3.35591839e-04,5.03387759e-03,4.00554961e-06,5.60776945e-05,6.53858873e-05,9.80788309e-04,3.98641203e-08,6.37825924e-07,6.42668996e-09,1.09253729e-07,9.02363221e-10,1.62425380e-08,1.65043293e-10,2.80573597e-09,2.63047757e-08,4.73485963e-07,6.95945250e-06,1.39189050e-04
4.72482985e+02,1.00000000e-02,4.08043791e-04,3.22966955e+00,7.08592076e-01,7.08592076e-01,6.95294722e-02,2.78117889e-01,7.06472910e-05,8.47767492e-04,4.93112283e-06,6.41045967e-05,1.00417051e-05,1.30542166e-04,1.20240198e-04,1.68336277e-03,3.36458814e-04,5.04688220e-03,3.91421503e-06,5.47990104e-05,6.45189130e-05,9.67783695e-04,3.98641203e-08,6.37825924e-07,6.43080470e-09,1.09323680e-07,9.08862598e-10,1.63595268e-08,1.60928556e-10,2.73578545e-09,2.62982763e-08,4.73368974e-07,6.95945250e-06,1.39189050e-04
4.74832348e+02,1.00000000e-02,3.95157871e-04,3.22966955e+00,7.08592076e-01,7.08592076e-01,6.95294722e-02,2.78117889e-01,7.06472910e-05,8.47767492e-04,4.95843097e-06,6.44596027e-05,1.00143970e-05,1.30187160e-04,1.20329450e-04,1.68461230e-03,3.37314292e-04,5.05971439e-03,3.82496307e-06,5.35494829e-05,6.36634342e-05,9.54951513e-04,3.98641203e-08,6.37825924e-07,6.43481685e-09,1.09391886e-07,9.15360370e-10,1.64764867e-08,1.56916404e-10,2.66757887e-09,2.62917786e-08,4.73252014e-07,6.95945250e-06,1.39189050e-04
4.77181711e+02,1.00000000e-02,3.82379758e-04,3.22966955e+00,7.08592076e-01,7.08592076e-01,6.95294722e-02,2.78117889e-01,7.06472910e-05,8.47767492e-04,4.98566486e-06,6.48136431e-05,9.98716307e-06,1.29833120e-04,1.20416667e-04,1.68583333e-03,3.38158428e-04,5.07237642e-03,3.73774622e-06,5.23284471e-05,6.28192985e-05,9.42289478e-04,3.98641203e-08,6.37825924e-07,6.43872897e-09,1.09458393e-07,9.21856537e-10,1.65934177e-08,1.53004281e-10,2.60107277e-09,2.62852824e-08,4.73135083e-07,6.95945250e-06,1.39189050e-04
4.79531074e+02,1.00000000e-02,3.70990736e-04,3.22966955e+00,7.08592076e-01,7.08592076e-01,6.95294722e-02,2.78117889e-01,7.06472910e-05,8.47767492e-04,5.01282468e-06,6.51667208e-05,9.96000324e-06,1.29480042e-04,1.20501895e-04,1.68702653e-03,3.38991371e-04,5.08487057e-03,3.65251810e-06,5.11352534e-05,6.19863555e-05,9.29795333e-04,3.98641203e-08,6.37825924e-07,6.44254356e-09,1.09523241e-07,9.28351098e-10,1.67103198e-08,1.49189691e-10,2.53622475e-09,2.62787878e-08,4.73018181e-07,6.95945250e-06,1.39189050e-04
4.81880437e+02,1.00000000e-02,3.59601714e-04,3.22966955e+00,7.08592076e-01,7.08592076e-01,6.95294722e-02,2.78117889e-01,7.06472910e-05,8.47767492e-04,5.03991064e-06,6.55188383e-05,9.93291728e-06,1.29127925e-04,1.20585180e-04,1.68819251e-03,3.39813270e-04,5.09719905e-03,3.56923335e-06,4.99692669e-05,6.11644568e-05,9.17466853e-04,3.98641203e-08,6.37825924e-07,6.44626305e-09,1.09586472e-07,9.34844054e-10,1.68271930e-08,1.45470205e-10,2.47299348e-09,2.62722949e-08,4.72901308e-07,6.95945250e-06,1.39189050e-04
4.83714421e+02,1.00000000e-02,3.50711096e-04,3.22966955e+00,7.08592076e-01,7.08592076e-01,6.95294722e-02,2.78117889e-01,7.06472910e-05,8.47767492e-04,5.06100357e-06,6.57930464e-05,9.91182436e-06,1.28853717e-04,1.20648872e-04,1.68908421e-03,3.40447288e-04,5.10670931e-03,3.50554080e-06,4.90775713e-05,6.05304390e-05,9.07956586e-04,3.98641203e-08,6.37825924e-07,6.44910202e-09,1.09634734e-07,9.39911540e-10,1.69184077e-08,1.42631227e-10,2.42473086e-09,2.62672274e-08,4.72810093e-07,6.95945250e-06,1.39189050e-04
4.84229800e+02,1.00000000e-02,3.48212693e-04,3.22966955e+00,7.08592076e-01,7.08592076e-01,6.95294722e-02,2.78117889e-01,7.06472910e-05,8.47767492e-04,5.06692294e-06,6.58699983e-05,9.90590498e-06,1.28776765e-04,1.20666565e-04,1.68933191e-03,3.40624271e-04,5.10936406e-03,3.48784766e-06,4.88298672e-05,6.03534560e-05,9.05301840e-04,3.98641203e-08,6.37825924e-07,6.44988980e-09,1.09648127e-07,9.41335407e-10,1.69440373e-08,1.41843449e-10,2.41133864e-09,2.62658035e-08,4.72784463e-07,6.95945250e-06,1.39189050e-04
4.86579163e+02,1.00000000e-02,3.37999806e-04,3.22966955e+00,7.08592076e-01,7.08592076e-01,6.95294722e-02,2.78117889e-01,7.06472910e-05,8.47767492e-04,5.09386179e-06,6.62202032e-05,9.87896614e-06,1.28426560e-04,1.20746095e-04,1.69044533e-03,3.41424518e-04,5.12136777e-03,3.40831773e-06,4.77164482e-05,5.95532084e-05,8.93298127e-04,3.98641203e-08,6.37825924e-07,6.45342614e-09,1.09708244e-07,9.47825155e-10,1.70608528e-08,1.38307114e-10,2.35122093e-09,2.62593138e-08,4.72667648e-07,6.95945250e-06,1.39189050e-04
4.88928526e+02,1.00000000e-02,3.27953466e-04,3.22966955e+00,7.08592076e-01,7.08592076e-01,6.95294722e-02,2.78117889e-01,7.06472910e-05,8.47767492e-04,5.12072737e-06,6.65694558e-05,9.85210055e-06,1.28077307e-04,1.20823812e-04,1.69153336e-03,3.42214155e-04,5.13321232e-03,3.33060123e-06,4.66284173e-05,5.87635717e-05,8.81453575e-04,3.98641203e-08,6.37825924e-07,6.45687431e-09,1.09766863e-07,9.54313300e-10,1.71776394e-08,1.34858943e-10,2.29260204e-09,2.62528256e-08,4.72550861e-07,6.95945250e-06,1.39189050e-04
4.91277888e+02,1.00000000e-02,3.17907125e-04,3.22966955e+00,7.08592076e-01,7.08592076e-01,6.95294722e-02,2.78117889e-01,7.06472910e-05,8.47767492e-04,5.14751989e-06,6.69177586e-05,9.82530803e-06,1.27729004e-04,1.20899756e-04,1.69259659e-03,3.42993322e-04,5.14489982e-03,3.25465684e-06,4.55651957e-05,5.79844050e-05,8.69766075e-04,3.98641203e-08,6.37825924e-07,6.46023651e-09,1.09824021e-07,9.60799842e-10,1.72943972e-08,1.31496740e-10,2.23544458e-09,2.62463391e-08,4.72434104e-07,6.95945250e-06,1.39189050e-04
4.93627251e+02,1.00000000e-02,3.08562307e-04,3.22966955e+00,7.08592076e-01,7.08592076e-01,6.95294722e-02,2.78117889e-01,7.06472910e-05,8.47767492e-04,5.17423956e-06,6.72651142e-05,9.79858837e-06,1.27381649e-04,1.20973969e-04,1.69363556e-03,3.43762157e-04,5.15643236e-03,3.18044412e-06,4.45262177e-05,5.72155695e-05,8.58233543e-04,3.98641203e-08,6.37825924e-07,6.46351489e-09,1.09879753e-07,9.67284781e-10,1.74111261e-08,1.28218361e-10,2.17971214e-09,2.62398542e-08,4.72317375e-07,6.95945250e-06,1.39189050e-04
4.95976614e+02,1.00000000e-02,2.99682960e-04,3.22966955e+00,7.08592076e-01,7.08592076e-01,6.95294722e-02,2.78117889e-01,7.06472910e-05,8.47767492e-04,5.20088656e-06,6.76115252e-05,9.77194137e-06,1.27035238e-04,1.21046489e-04,1.69465085e-03,3.44520798e-04,5.16781197e-03,3.10792361e-06,4.35109305e-05,5.64569283e-05,8.46853925e-04,3.98641203e-08,6.37825924e-07,6.46671154e-09,1.09934096e-07,9.73768118e-10,1.75278261e-08,1.25021716e-10,2.12536917e-09,2.62333708e-08,4.72200675e-07,6.95945250e-06,1.39189050e-04
4.98325977e+02,1.00000000e-02,2.90803613e-04,3.22966955e+00,7.08592076e-01,7.08592076e-01,6.95294722e-02,2.78117889e-01,7.06472910e-05,8.47767492e-04,5.22746109e-06,6.79569941e-05,9.74536684e-06,1.26689769e-04,1.21117356e-04,1.69564299e-03,3.45269380e-04,5.17904070e-03,3.03705671e-06,4.25187939e-05,5.57083462e-05,8.35625194e-04,3.98641203e-08,6.37825924e-07,6.46982848e-09,1.09987084e-07,9.80249853e-10,1.76444973e-08,1.21904767e-10,2.07238104e-09,2.62268891e-08,4.72084003e-07,6.95945250e-06,1.39189050e-04
5.00675340e+02,1.00000000e-02,2.82176773e-04,3.22966955e+00,7.08592076e-01,7.08592076e-01,6.95294722e-02,2.78117889e-01,7.06472910e-05,8.47767492e-04,5.25396335e-06,6.83015236e-05,9.71886457e-06,1.26345239e-04,1.21186607e-04,1.69661250e-03,3.46008037e-04,5.19012055e-03,2.96780571e-06,4.15492800e-05,5.49696899e-05,8.24545348e-04,3.98641203e-08,6.37825924e-07,6.47286772e-09,1.10038751e-07,9.86729986e-10,1.77611397e-08,1.18865528e-10,2.02071397e-09,2.62204089e-08,4.71967361e-07,6.95945250e-06,1.39189050e-04
5.03024703e+02,1.00000000e-02,2.74327929e-04,3.22966955e+00,7.08592076e-01,7.08592076e-01,6.95294722e-02,2.78117889e-01,7.06472910e-05,8.47767492e-04,5.28039354e-06,6.86451161e-05,9.69243438e-06,1.26001647e-04,1.21254279e-04,1.69755991e-03,3.46736899e-04,5.20105348e-03,2.90013378e-06,4.06018729e-05,5.42408276e-05,8.13612413e-04,3.98641203e-08,6.37825924e-07,6.47583119e-09,1.10089130e-07,9.93208518e-10,1.78777533e-08,1.15902061e-10,1.97033503e-09,2.62139304e-08,4.71850747e-07,6.95945250e-06,1.39189050e-04
5.05374066e+02,1.00000000e-02,2.66479084e-04,3.22966955e+00,7.08592076e-01,7.08592076e-01,6.95294722e-02,2.78117889e-01,7.06472910e-05,8.47767492e-04,5.30675186e-06,6.89877742e-05,9.66607606e-06,1.25658989e-04,1.21320408e-04,1.69848571e-03,3.47456097e-04,5.21184146e-03,2.83400490e-06,3.96760686e-05,5.35216295e-05,8.02824443e-04,3.98641203e-08,6.37825924e-07,6.47872078e-09,1.10138253e-07,9.99685450e-10,1.79943381e-08,1.13012476e-10,1.92121210e-09,2.62074535e-08,4.71734163e-07,6.95945250e-06,1.39189050e-04
5.07723429e+02,1.00000000e-02,2.58630240e-04,3.22966955e+00,7.08592076e-01,7.08592076e-01,6.95294722e-02,2.78117889e-01,7.06472910e-05,8.47767492e-04,5.33303849e-06,6.93295004e-05,9.63978943e-06,1.25317263e-04,1.21385029e-04,1.69939041e-03,3.48165759e-04,5.22248638e-03,2.76938390e-06,3.87713746e-05,5.28119676e-05,7.92179513e-04,3.98641203e-08,6.37825924e-07,6.48153832e-09,1.10186151e-07,1.00616078e-09,1.81108941e-08,1.10194933e-10,1.87331386e-09,2.62009782e-08,4.71617607e-07,6.95945250e-06,1.39189050e-04
5.10072792e+02,1.00000000e-02,2.51530081e-04,3.22966955e+00,7.08592076e-01,7.08592076e-01,6.95294722e-02,2.78117889e-01,7.06472910e-05,8.47767492e-04,5.35925364e-06,6.96702974e-05,9.61357428e-06,1.24976466e-04,1.21448177e-04,1.70027447e-03,3.48866011e-04,5.23299017e-03,2.70623638e-06,3.78873094e-05,5.21117153e-05,7.81675729e-04,3.98641203e-08,6.37825924e-07,6.48428562e-09,1.10232855e-07,1.01263451e-09,1.82274212e-08,1.07447635e-10,1.82660979e-09,2.61945044e-08,4.71501080e-07,6.95945250e-06,1.39189050e-04
5.12422155e+02,1.00000000e-02,2.44611239e-04,3.22966955e+00,7.08592076e-01,7.08592076e-01,6.95294722e-02,2.78117889e-01,7.06472910e-05,8.47767492e-04,5.38539750e-06,7.00101675e-05,9.58743042e-06,1.24636596e-04,1.21509884e-04,1.70113838e-03,3.49556979e-04,5.24335468e-03,2.64452876e-06,3.70234026e-05,5.14207478e-05,7.71311218e-04,3.98641203e-08,6.37825924e-07,6.48696442e-09,1.10278395e-07,1.01910664e-09,1.83439196e-08,1.04768830e-10,1.78107011e-09,2.61880323e-08,4.71384581e-07,6.95945250e-06,1.39189050e-04
5.12606855e+02,1.00000000e-02,2.44067300e-04,3.22966955e+00,7.08592076e-01,7.08592076e-01,6.95294722e-02,2.78117889e-01,7.06472910e-05,8.47767492e-04,5.38744984e-06,7.00368479e-05,9.58537809e-06,1.24609915e-04,1.21514675e-04,1.70120546e-03,3.49610911e-04,5.24416366e-03,2.63973756e-06,3.69563259e-05,5.13668160e-05,7.70502241e-04,3.98641203e-08,6.37825924e-07,6.48717217e-09,1.10281927e-07,1.01961540e-09,1.83530771e-08,1.04561084e-10,1.77753843e-09,2.61875235e-08,4.71375424e-07,6.95945250e-06,1.39189050e-04
5.14771518e+02,1.00000000e-02,2.37692397e-04,3.22966955e+00,7.08592076e-01,7.08592076e-01,6.95294722e-02,2.78117889e-01,7.06472910e-05,8.47767492e-04,5.41147026e-06,7.03491134e-05,9.56135766e-06,1.24297650e-04,1.21570185e-04,1.70198259e-03,3.50238784e-04,5.25358177e-03,2.58422819e-06,3.61791946e-05,5.07389422e-05,7.61084133e-04,3.98641203e-08,6.37825924e-07,6.48957644e-09,1.10322799e-07,1.02557718e-09,1.84603892e-08,1.02156811e-10,1.73666579e-09,2.61815618e-08,4.71268112e-07,6.95945250e-06,1.39189050e-04
5.17120880e+02,1.00000000e-02,2.30998288e-04,3.22966955e+00,7.08592076e-01,7.08592076e-01,6.95294722e-02,2.78117889e-01,7.06472910e-05,8.47767492e-04,5.43747212e-06,7.06871375e-05,9.53535581e-06,1.23959625e-04,1.21629110e-04,1.70280754e-03,3.50911550e-04,5.26367325e-03,2.52530259e-06,3.53542363e-05,5.00661769e-05,7.50992653e-04,3.98641203e-08,6.37825924e-07,6.49212334e-09,1.10366097e-07,1.03204611e-09,1.85768300e-08,9.96099134e-11,1.69336853e-09,2.61750928e-08,4.71151671e-07,6.95945250e-06,1.39189050e-04
5.19470243e+02,1.00000000e-02,2.24886579e-04,3.22966955e+00,7.08592076e-01,7.08592076e-01,6.95294722e-02,2.78117889e-01,7.06472910e-05,8.47767492e-04,5.46340326e-06,7.10242424e-05,9.50942466e-06,1.23622521e-04,1.21686692e-04,1.70361369e-03,3.51575395e-04,5.27363092e-03,2.46772062e-06,3.45480887e-05,4.94023320e-05,7.41034980e-04,3.98641203e-08,6.37825924e-07,6.49460674e-09,1.10408315e-07,1.03851345e-09,1.86932420e-08,9.71265129e-11,1.65115072e-09,2.61686255e-08,4.71035259e-07,6.95945250e-06,1.39189050e-04
5.43225043e+02,1.00000000e-02,1.71405314e-04,3.22966955e+00,7.08592076e-01,7.08592076e-01,6.95294722e-02,2.78117889e-01,7.06472910e-05,8.47767492e-04,5.72166863e-06,7.43816922e-05,9.25115930e-06,1.20265071e-04,1.22200037e-04,1.71080052e-03,3.57812580e-04,5.36718870e-03,1.95437564e-06,2.73612589e-05,4.31651469e-05,6.47477203e-04,3.98641203e-08,6.37825924e-07,6.51648936e-09,1.10780319e-07,1.10381606e-09,1.98686891e-08,7.52438869e-11,1.27914608e-09,2.61033229e-08,4.69859812e-07,6.95945250e-06,1.39189050e-04
5.75672067e+02,1.00000000e-02,1.21996782e-04,3.22966955e+00,7.08592076e-01,7.08592076e-01,6.95294722e-02,2.78117889e-01,7.06472910e-05,8.47767492e-04,6.06314105e-06,7.88208337e-05,8.90968687e-06,1.15825929e-04,1.22733206e-04,1.71826488e-03,3.65079648e-04,5.47619472e-03,1.42120710e-06,1.98968994e-05,3.58980787e-05,5.38471180e-04,3.98641203e-08,6.37825924e-07,6.53864029e-09,1.11156885e-07,1.19275061e-09,2.14695110e-08,5.30929637e-11,9.02580383e-10,2.60143883e-08,4.68258990e-07,6.95945250e-06,1.39189050e-04
6.10057163e+02,1.00000000e-02,8.75660272e-05,3.22966955e+00,7.08592076e-01,7.08592076e-01,6.95294722e-02,2.78117889e-01,7.06472910e-05,8.47767492e-04,6.41126398e-06,8.33464318e-05,8.56156394e-06,1.11300331e-04,1.23140401e-04,1.72396562e-03,3.71450201e-04,5.57175301e-03,1.01401169e-06,1.41961637e-05,2.95275256e-05,4.42912884e-04,3.98641203e-08,6.37825924e-07,6.55504243e-09,1.11435721e-07,1.28666658e-09,2.31599985e-08,3.66908265e-11,6.23744050e-10,2.59204723e-08,4.66568502e-07,6.95945250e-06,1.39189050e-04
6.46496093e+02,1.00000000e-02,6.34631643e-05,3.22966955e+00,7.08592076e-01,7.08592076e-01,6.95294722e-02,2.78117889e-01,7.06472910e-05,8.47767492e-04,6.76534713e-06,8.79495128e-05,8.20748079e-06,1.06697250e-04,1.23445372e-04,1.72823521e-03,3.76971985e-04,5.65457977e-03,7.09040802e-07,9.92657123e-06,2.40057419e-05,3.60086129e-04,3.98641203e-08,6.37825924e-07,6.56693092e-09,1.11637826e-07,1.38582218e-09,2.49447993e-08,2.48023324e-11,4.21639651e-10,2.58213167e-08,4.64783701e-07,6.95945250e-06,1.39189050e-04
6.85111534e+02,1.00000000e-02,4.65073184e-05,3.22966955e+00,7.08592076e-01,7.08592076e-01,6.95294722e-02,2.78117889e-01,7.06472910e-05,8.47767492e-04,7.12461101e-06,9.26199431e-05,7.84821691e-06,1.02026820e-04,1.23669103e-04,1.73136744e-03,3.81701024e-04,5.72551536e-03,4.85309827e-07,6.79433758e-06,1.92767023e-05,2.89150535e-04,3.98641203e-08,6.37825924e-07,6.57535493e-09,1.11781034e-07,1.49048645e-09,2.68287560e-08,1.63783262e-11,2.78431545e-10,2.57166525e-08,4.62899745e-07,6.95945250e-06,1.39189050e-04
7.26033488e+02,1.00000000e-02,3.43691608e-05,3.22966955e+00,7.08592076e-01,7.08592076e-01,6.95294722e-02,2.78117889e-01,7.06472910e-05,8.47767492e-04,7.48818597e-06,9.73464176e-05,7.48464195e-06,9.73003454e-05,1.23829676e-04,1.73361546e-03,3.85699987e-04,5.78549981e-03,3.24737325e-07,4.54632254e-06,1.52777394e-05,2.29166091e-04,3.98641203e-08,6.37825924e-07,6.58118254e-09,1.11880103e-07,1.60093936e-09,2.88169086e-08,1.05507108e-11,1.79362083e-10,2.56061996e-08,4.60911592e-07,6.95945250e-06,1.39189050e-04
7.69399725e+02,1.00000000e-02,2.56000791e-05,3.22966955e+00,7.08592076e-01,7.08592076e-01,6.95294722e-02,2.78117889e-01,7.06472910e-05,8.47767492e-04,7.85511254e-06,1.02116463e-04,7.11771539e-06,9.25303001e-05,1.23942273e-04,1.73519182e-03,3.89036354e-04,5.83554530e-03,2.12140296e-07,2.96996414e-06,1.19413729e-05,1.79120594e-04,3.98641203e-08,6.37825924e-07,6.58511282e-09,1.11946918e-07,1.71747198e-09,3.09144956e-08,6.62042935e-12,1.12547299e-10,2.54896670e-08,4.58814005e-07,6.95945250e-06,1.39189050e-04
8.15356242e+02,1.00000000e-02,1.92189573e-05,3.22966955e+00,7.08592076e-01,7.08592076e-01,6.95294722e-02,2.78117889e-01,7.06472910e-05,8.47767492e-04,8.22434320e-06,1.06916462e-04,6.74848472e-06,8.77303014e-05,1.24019309e-04,1.73627032e-03,3.91780476e-04,5.87670715e-03,1.35104390e-07,1.89146146e-06,9.19725011e-06,1.37958752e-04,3.98641203e-08,6.37825924e-07,6.58769306e-09,1.11990782e-07,1.84038638e-09,3.31269548e-08,4.04018680e-12,6.86831755e-11,2.53667526e-08,4.56601546e-07,6.95945250e-06,1.39189050e-04
8.64057759e+02,1.00000000e-02,1.45492492e-05,3.22966955e+00,7.08592076e-01,7.08592076e-01,6.95294722e-02,2.78117889e-01,7.06472910e-05,8.47767492e-04,8.59474595e-06,1.11731697e-04,6.37808198e-06,8.29150657e-05,1.24070658e-04,1.73698921e-03,3.94003621e-04,5.91005431e-03,8.37551217e-08,1.17257170e-06,6.97410581e-06,1.04611587e-04,3.98641203e-08,6.37825924e-07,6.58933935e-09,1.12018769e-07,1.96999569e-09,3.54599224e-08,2.39389721e-12,4.06962526e-11,2.52371432e-08,4.54268578e-07,6.95945250e-06,1.39189050e-04
9.15668234e+02,1.00000000e-02,1.10920693e-05,3.22966955e+00,7.08592076e-01,7.08592076e-01,6.95294722e-02,2.78117889e-01,7.06472910e-05,8.47767492e-04,8.96510957e-06,1.16546424e-04,6.00771835e-06,7.81003386e-05,1.24103953e-04,1.73745534e-03,3.95776075e-04,5.93664112e-03,5.04602886e-08,7.06444041e-07,5.20165189e-06,7.80247783e-05,3.98641203e-08,6.37825924e-07,6.59035847e-09,1.12036094e-07,2.10662395e-09,3.79192310e-08,1.37477936e-12,2.33712491e-11,2.51005150e-08,4.51809270e-07,6.95945250e-06,1.39189050e-04
9.70361422e+02,1.00000000e-02,8.49950002e-06,3.22966955e+00,7.08592076e-01,7.08592076e-01,6.95294722e-02,2.78117889e-01,7.06472910e-05,8.47767492e-04,9.33415107e-06,1.21343964e-04,5.63867685e-06,7.33027990e-05,1.24124918e-04,1.73774886e-03,3.97165422e-04,5.95748134e-03,2.94946829e-08,4.12925561e-07,3.81230420e-06,5.71845630e-05,3.98641203e-08,6.37825924e-07,6.59096946e-09,1.12046481e-07,2.25060588e-09,4.05109058e-08,7.63788485e-13,1.29844042e-11,2.49565331e-08,4.49217595e-07,6.95945250e-06,1.39189050e-04
1.02832145e+03,1.00000000e-02,6.55581400e-06,3.22966955e+00,7.08592076e-01,7.08592076e-01,6.95294722e-02,2.78117889e-01,7.06472910e-05,8.47767492e-04,9.70052530e-06,1.26106829e-04,5.27230262e-06,6.85399341e-05,1.24137717e-04,1.73792804e-03,3.98235060e-04,5.97352590e-03,1.66958428e-08,2.33741800e-07,2.74266643e-06,4.11399964e-05,3.98641203e-08,6.37825924e-07,6.59132355e-09,1.12052500e-07,2.40228662e-09,4.32411592e-08,4.09700567e-13,6.96490964e-12,2.48048523e-08,4.46487342e-07,6.95945250e-06,1.39189050e-04
1.08974346e+03,1.00000000e-02,5.08757991e-06,3.22966955e+00,7.08592076e-01,7.08592076e-01,6.95294722e-02,2.78117889e-01,7.06472910e-05,8.47767492e-04,1.00628368e-05,1.30816878e-04,4.90999114e-06,6.38298849e-05,1.24145278e-04,1.73803389e-03,3.99043015e-04,5.98564523e-03,9.13506160e-09,1.27890862e-07,1.93471107e-06,2.90206660e-05,3.98641203e-08,6.37825924e-07,6.59152151e-09,1.12055866e-07,2.56202130e-09,4.61163835e-08,2.11739850e-13,3.59957745e-12,2.46451176e-08,4.43612117e-07,6.95945250e-06,1.39189050e-04
1.15483422e+03,1.00000000e-02,3.96466890e-06,3.22966955e+00,7.08592076e-01,7.08592076e-01,6.95294722e-02,2.78117889e-01,7.06472910e-05,8.47767492e-04,1.04196539e-05,1.35455501e-04,4.55317401e-06,5.91912621e-05,1.24149592e-04,1.73809428e-03,3.99641110e-04,5.99461666e-03,4.82137988e-09,6.74993184e-08,1.33661609e-06,2.00492414e-05,3.98641203e-08,6.37825924e-07,6.59162805e-09,1.12057677e-07,2.73017451e-09,4.91431412e-08,1.05200063e-13,1.78840108e-12,2.44769644e-08,4.40585360e-07,6.95945250e-06,1.39189050e-04
1.22381287e+03,1.00000000e-02,3.10748256e-06,3.22966955e+00,7.08592076e-01,7.08592076e-01,6.95294722e-02,2.78117889e-01,7.06472910e-05,8.47767492e-04,1.07695255e-05,1.40003832e-04,4.20330239e-06,5.46429310e-05,1.24151964e-04,1.73812749e-03,4.00074485e-04,6.00111727e-03,2.44936614e-09,3.42911259e-08,9.03241768e-07,1.35486265e-05,3.98641203e-08,6.37825924e-07,6.59168312e-09,1.12058613e-07,2.90711959e-09,5.23281526e-08,5.01284388e-14,8.52183459e-13,2.43000193e-08,4.37400348e-07,6.95945250e-06,1.39189050e-04
1.29691165e+03,1.00000000e-02,2.44597087e-06,3.22966955e+00,7.08592076e-01,7.08592076e-01,6.95294722e-02,2.78117889e-01,7.06472910e-05,8.47767492e-04,1.11109996e-05,1.44442994e-04,3.86182836e-06,5.02037686e-05,1.24153218e-04,1.73814505e-03,4.00381467e-04,6.00572201e-03,1.19500129e-09,1.67300180e-08,5.96259168e-07,8.94388752e-06,3.98641203e-08,6.37825924e-07,6.59171040e-09,1.12059077e-07,3.09323783e-09,5.56782809e-08,2.28519553e-14,3.88483240e-13,2.41139011e-08,4.34050220e-07,6.95945250e-06,1.39189050e-04
1.37437664e+03,1.00000000e-02,1.93090557e-06,3.22966955e+00,7.08592076e-01,7.08592076e-01,6.95294722e-02,2.78117889e-01,7.06472910e-05,8.47767492e-04,1.14426438e-05,1.48754369e-04,3.53018416e-06,4.58923941e-05,1.24153854e-04,1.73815396e-03,4.00593761e-04,6.00890641e-03,5.58555008e-10,7.81977012e-09,3.83965873e-07,5.75948810e-06,3.98641203e-08,6.37825924e-07,6.59172331e-09,1.12059296e-07,3.28891744e-09,5.92005139e-08,9.93996553e-15,1.68979414e-13,2.39182215e-08,4.30527987e-07,6.95945250e-06,1.39189050e-04
1.45646864e+03,1.00000000e-02,1.53386426e-06,3.22966955e+00,7.08592076e-01,7.08592076e-01,6.95294722e-02,2.78117889e-01,7.06472910e-05,8.47767492e-04,1.17630681e-05,1.52919885e-04,3.20975982e-06,4.17268777e-05,1.24154163e-04,1.73815829e-03,4.00736884e-04,6.01105326e-03,2.49479260e-10,3.49270964e-09,2.40842528e-07,3.61263792e-06,3.98641203e-08,6.37825924e-07,6.59172914e-09,1.12059395e-07,3.49455234e-09,6.29019421e-08,4.11387951e-15,6.99359517e-14,2.37125866e-08,4.26826559e-07,6.95945250e-06,1.39189050e-04
1.54346403e+03,1.00000000e-02,1.22178569e-06,3.22966955e+00,7.08592076e-01,7.08592076e-01,6.95294722e-02,2.78117889e-01,7.06472910e-05,8.47767492e-04,1.20709485e-05,1.56922330e-04,2.90187943e-06,3.77244325e-05,1.24154307e-04,1.73816029e-03,4.00830809e-04,6.01246213e-03,1.06192889e-10,1.48670045e-09,1.46917923e-07,2.20376885e-06,3.98641203e-08,6.37825924e-07,6.59173164e-09,1.12059438e-07,3.71054074e-09,6.67897332e-08,1.61522701e-15,2.74588592e-14,2.34965982e-08,4.22938768e-07,6.95945250e-06,1.39189050e-04
1.63565568e+03,1.00000000e-02,9.75229935e-07,3.22966955e+00,7.08592076e-01,7.08592076e-01,6.95294722e-02,2.78117889e-01,7.06472910e-05,8.47767492e-04,1.23650512e-05,1.60745665e-04,2.60777675e-06,3.39010978e-05,1.24154370e-04,1.73816118e-03,4.00890711e-04,6.01336067e-03,4.29536484e-11,6.01351078e-10,8.70151264e-08,1.30522690e-06,3.98641203e-08,6.37825924e-07,6.59173265e-09,1.12059455e-07,3.93728346e-09,7.08711022e-08,5.99741218e-16,1.01956007e-14,2.32698555e-08,4.18857399e-07,6.95945250e-06,1.39189050e-04
1.73335398e+03,1.00000000e-02,7.81845598e-07,3.22966955e+00,7.08592076e-01,7.08592076e-01,6.95294722e-02,2.78117889e-01,7.06472910e-05,8.47767492e-04,1.26442572e-05,1.64375344e-04,2.32857072e-06,3.02714194e-05,1.24154396e-04,1.73816155e-03,4.00927777e-04,6.01391666e-03,1.64598112e-11,2.30437357e-10,4.99490540e-08,7.49235810e-07,3.98641203e-08,6.37825924e-07,6.59173304e-09,1.12059462e-07,4.17518205e-09,7.51532768e-08,2.09891032e-16,3.56814755e-15,2.30319569e-08,4.14575224e-07,6.95945250e-06,1.39189050e-04
1.83688782e+03,1.00000000e-02,6.29031370e-07,3.22966955e+00,7.08592076e-01,7.08592076e-01,6.95294722e-02,2.78117889e-01,7.06472910e-05,8.47767492e-04,1.29075864e-05,1.67798623e-04,2.06524157e-06,2.68481404e-05,1.24154407e-04,1.73816170e-03,4.00949989e-04,6.01424984e-03,5.95617402e-12,8.33864363e-11,2.77370789e-08,4.16056184e-07,3.98641203e-08,6.37825924e-07,6.59173318e-09,1.12059464e-07,4.42463655e-09,7.96434578e-08,6.89903757e-17,1.17283639e-15,2.27825024e-08,4.10085043e-07,6.95945250e-06,1.39189050e-04
1.94660578e+03,1.00000000e-02,5.07175106e-07,3.22966955e+00,7.08592076e-01,7.08592076e-01,6.95294722e-02,2.78117889e-01,7.06472910e-05,8.47767492e-04,1.31542194e-05,1.71004852e-04,1.81860853e-06,2.36419108e-05,1.24154411e-04,1.73816175e-03,4.00962856e-04,6.01444284e-03,2.02834467e-12,2.83968254e-11,1.48708259e-08,2.23062389e-07,3.98641203e-08,6.37825924e-07,6.59173323e-09,1.12059465e-07,4.68604301e-09,8.43487742e-08,2.12188341e-17,3.60720179e-16,2.25210959e-08,4.05379727e-07,6.95945250e-06,1.39189050e-04
2.06287723e+03,1.00000000e-02,4.09939112e-07,3.22966955e+00,7.08592076e-01,7.08592076e-01,6.95294722e-02,2.78117889e-01,7.06472910e-05,8.47767492e-04,1.33835180e-05,1.73985735e-04,1.58930989e-06,2.06610285e-05,1.24154412e-04,1.73816177e-03,4.00970045e-04,6.01455068e-03,6.47698053e-13,9.06777274e-12,7.68137430e-09,1.15220615e-07,3.98641203e-08,6.37825924e-07,6.59173325e-09,1.12059465e-07,4.95979066e-09,8.92762319e-08,6.08230681e-18,1.03399216e-16,2.22473483e-08,4.00452269e-07,6.95945250e-06,1.39189050e-04
2.18609362e+03,1.00000000e-02,3.31997082e-07,3.22966955e+00,7.08592076e-01,7.08592076e-01,6.95294722e-02,2.78117889e-01,7.06472910e-05,8.47767492e-04,1.35950415e-05,1.76735540e-04,1.37778638e-06,1.79112230e-05,1.24154413e-04,1.73816178e-03,4.00973912e-04,6.01460868e-03,1.93192849e-13,2.70469988e-12,3.81422536e-09,5.72133804e-08,3.98641203e-08,6.37825924e-07,6.59173325e-09,1.12059465e-07,5.24625873e-09,9.44326572e-08,1.61808893e-18,2.75075119e-17,2.19608802e-08,3.95295844e-07,6.95945250e-06,1.39189050e-04
2.31666976e+03,1.00000000e-02,2.69524811e-07,3.22966955e+00,7.08592076e-01,7.08592076e-01,6.95294722e-02,2.78117889e-01,7.06472910e-05,8.47767492e-04,1.37885590e-05,1.79251268e-04,1.18426888e-06,1.53954954e-05,1.24154413e-04,1.73816178e-03,4.00975910e-04,6.01463865e-03,5.36078617e-14,7.50510064e-13,1.81640965e-09,2.72461448e-08,3.98641203e-08,6.37825924e-07,6.59173325e-09,1.12059465e-07,5.54581290e-09,9.98246322e-08,3.97729629e-19,6.76140369e-18,2.16613260e-08,3.89903869e-07,6.95945250e-06,1.39189050e-04
2.45504527e+03,1.00000000e-02,2.19165093e-07,3.22966955e+00,7.08592076e-01,7.08592076e-01,6.95294722e-02,2.78117889e-01,7.06472910e-05,8.47767492e-04,1.39640570e-05,1.81532741e-04,1.00877096e-06,1.31140225e-05,1.24154413e-04,1.73816178e-03,4.00976899e-04,6.01465349e-03,1.37787543e-14,1.92902560e-13,8.27516294e-10,1.24127444e-08,3.98641203e-08,6.37825924e-07,6.59173325e-09,1.12059465e-07,5.85880135e-09,1.05458424e-07,8.99026300e-20,1.52834471e-18,2.13483376e-08,3.84270076e-07,6.95945250e-06,1.39189050e-04
2.60168599e+03,1.00000000e-02,1.78680428e-07,3.22966955e+00,7.08592076e-01,7.08592076e-01,6.95294722e-02,2.78117889e-01,7.06472910e-05,8.47767492e-04,1.41217406e-05,1.83582627e-04,8.51087373e-07,1.10641359e-05,1.24154413e-04,1.73816178e-03,4.00977367e-04,6.01466050e-03,3.26550075e-15,4.57170105e-14,3.59703915e-10,5.39555873e-09,3.98641203e-08,6.37825924e-07,6.59173325e-09,1.12059465e-07,6.18555046e-09,1.11339908e-07,1.85944220e-20,3.16105173e-19,2.10215885e-08,3.78388592e-07,6.95945250e-06,1.39189050e-04
2.75708561e+03,1.00000000e-02,1.45902906e-07,3.22966955e+00,7.08592076e-01,7.08592076e-01,6.95294722e-02,2.78117889e-01,7.06472910e-05,8.47767492e-04,1.42620294e-05,1.85406382e-04,7.10798532e-07,9.24038091e-06,1.24154413e-04,1.73816178e-03,4.00977578e-04,6.01466367e-03,7.10137732e-16,9.94192824e-15,1.48765237e-10,2.23147855e-09,3.98641203e-08,6.37825924e-07,6.59173325e-09,1.12059465e-07,6.52635999e-09,1.17474480e-07,3.50037110e-21,5.95063086e-20,2.06807789e-08,3.72254021e-07,6.95945250e-06,1.39189050e-04
2.92176731e+03,1.00000000e-02,1.19352975e-07,3.22966955e+00,7.08592076e-01,7.08592076e-01,6.95294722e-02,2.78117889e-01,7.06472910e-05,8.47767492e-04,1.43855464e-05,1.87012103e-04,5.87281517e-07,7.63465972e-06,1.24154413e-04,1.73816178e-03,4.00977668e-04,6.01466502e-03,1.40979962e-16,1.97371947e-15,5.83652708e-11,8.75479062e-10,3.98641203e-08,6.37825924e-07,6.59173325e-09,1.12059465e-07,6.88149792e-09,1.23866963e-07,5.96382053e-22,1.01384949e-20,2.03256410e-08,3.65861538e-07,6.95945250e-06,1.39189050e-04
3.09628551e+03,1.00000000e-02,9.77955169e-08,3.22966955e+00,7.08592076e-01,7.08592076e-01,6.95294722e-02,2.78117889e-01,7.06472910e-05,8.47767492e-04,1.44931006e-05,1.88410307e-04,4.79727358e-07,6.23645565e-06,1.24154413e-04,1.73816178e-03,4.00977705e-04,6.01466557e-03,2.54115249e-17,3.55761348e-16,2.16539099e-11,3.24808649e-10,3.98641203e-08,6.37825924e-07,6.59173325e-09,1.12059465e-07,7.25119480e-09,1.30521506e-07,9.14170952e-23,1.55409062e-21,1.99559441e-08,3.59206994e-07,6.95945250e-06,1.39189050e-04
3.28122773e+03,1.00000000e-02,8.02627429e-08,3.22966955e+00,7.08592076e-01,7.08592076e-01,6.95294722e-02,2.78117889e-01,7.06472910e-05,8.47767492e-04,1.45856637e-05,1.89613628e-04,3.87164223e-07,5.03313490e-06,1.24154413e-04,1.73816178e-03,4.00977719e-04,6.01466578e-03,4.13482126e-18,5.78874976e-17,7.57176490e-12,1.13576474e-10,3.98641203e-08,6.37825924e-07,6.59173325e-09,1.12059465e-07,7.63563772e-09,1.37441479e-07,1.25279362e-23,2.12974916e-22,1.95715012e-08,3.52287022e-07,6.95945250e-06,1.39189050e-04
3.47721663e+03,1.00000000e-02,6.59709609e-08,3.22966955e+00,7.08592076e-01,7.08592076e-01,6.95294722e-02,2.78117889e-01,7.06472910e-05,8.47767492e-04,1.46643422e-05,1.90636448e-04,3.08485743e-07,4.01031466e-06,1.24154413e-04,1.73816178e-03,4.00977724e-04,6.01466586e-03,6.03646358e-19,8.45104902e-18,2.48657013e-12,3.72985519e-11,3.98641203e-08,6.37825924e-07,6.59173325e-09,1.12059465e-07,8.03496376e-09,1.44629348e-07,1.52467850e-24,2.59195345e-23,1.91721752e-08,3.45099153e-07,6.95945250e-06,1.39189050e-04
3.68491201e+03,1.00000000e-02,5.43035972e-08,3.22966955e+00,7.08592076e-01,7.08592076e-01,6.95294722e-02,2.78117889e-01,7.06472910e-05,8.47767492e-04,1.47303445e-05,1.91494479e-04,2.42483377e-07,3.15228390e-06,1.24154413e-04,1.73816178e-03,4.00977726e-04,6.01466589e-03,7.85584438e-20,1.09981821e-18,7.64044606e-13,1.14606691e-11,3.98641203e-08,6.37825924e-07,6.59173325e-09,1.12059465e-07,8.44925316e-09,1.52086557e-07,1.63621868e-25,2.78157175e-24,1.87578858e-08,3.37641944e-07,6.95945250e-06,1.39189050e-04
3.90501310e+03,1.00000000e-02,4.47482845e-08,3.22966955e+00,7.08592076e-01,7.08592076e-01,6.95294722e-02,2.78117889e-01,7.06472910e-05,8.47767492e-04,1.47849465e-05,1.92204304e-04,1.87881428e-07,2.44245857e-06,1.24154413e-04,1.73816178e-03,4.00977726e-04,6.01466590e-03,9.05129451e-21,1.26718123e-19,2.18789408e-13,3.28184112e-12,3.98641203e-08,6.37825924e-07,6.59173325e-09,1.12059465e-07,8.87852205e-09,1.59813397e-07,1.53678247e-26,2.61253019e-25,1.83286169e-08,3.29915104e-07,6.95945250e-06,1.39189050e-04
4.13826092e+03,1.00000000e-02,3.69213177e-08,3.22966955e+00,7.08592076e-01,7.08592076e-01,6.95294722e-02,2.78117889e-01,7.06472910e-05,8.47767492e-04,1.48294548e-05,1.92782913e-04,1.43373115e-07,1.86385050e-06,1.24154413e-04,1.73816178e-03,4.00977726e-04,6.01466590e-03,9.16577968e-22,1.28320916e-20,5.81426225e-14,8.72139338e-13,3.98641203e-08,6.37825924e-07,6.59173325e-09,1.12059465e-07,9.32271485e-09,1.67808867e-07,1.25320211e-27,2.13044359e-26,1.78844241e-08,3.21919633e-07,6.95945250e-06,1.39189050e-04
4.38544070e+03,1.00000000e-02,3.04959631e-08,3.22966955e+00,7.08592076e-01,7.08592076e-01,6.95294722e-02,2.78117889e-01,7.06472910e-05,8.47767492e-04,1.48651719e-05,1.93247235e-04,1.07656011e-07,1.39952815e-06,1.24154413e-04,1.73816178e-03,4.00977727e-04,6.01466590e-03,8.09505913e-23,1.13330828e-21,1.42753259e-14,2.14129889e-13,3.98641203e-08,6.37825924e-07,6.59173325e-09,1.12059465e-07,9.78169647e-09,1.76070536e-07,8.79835310e-29,1.49572003e-27,1.74254425e-08,3.13657964e-07,6.95945250e-06,1.39189050e-04
4.64738463e+03,1.00000000e-02,2.52113572e-08,3.22966955e+00,7.08592076e-01,7.08592076e-01,6.95294722e-02,2.78117889e-01,7.06472910e-05,8.47767492e-04,1.48933628e-05,1.93613716e-04,7.94651364e-08,1.03304677e-06,1.24154413e-04,1.73816178e-03,4.00977727e-04,6.01466590e-03,6.18472288e-24,8.65861204e-23,3.22290497e-15,4.83435745e-14,3.98641203e-08,6.37825924e-07,6.59173325e-09,1.12059465e-07,1.02552443e-08,1.84594397e-07,5.27083822e-30,8.96042498e-29,1.69518947e-08,3.05134104e-07,6.95945250e-06,1.39189050e-04
4.92497455e+03,1.00000000e-02,2.08619663e-08,3.22966955e+00,7.08592076e-01,7.08592076e-01,6.95294722e-02,2.78117889e-01,7.06472910e-05,8.47767492e-04,1.49152258e-05,1.93897935e-04,5.76021691e-08,7.48828198e-07,1.24154413e-04,1.73816178e-03,4.00977727e-04,6.01466590e-03,4.05237871e-25,5.67333020e-24,6.65737612e-16,9.98606417e-15,3.98641203e-08,6.37825924e-07,6.59173325e-09,1.12059465e-07,1.07430399e-08,1.93374719e-07,2.66894941e-31,4.53721399e-30,1.64640990e-08,2.96353782e-07,6.95945250e-06,1.39189050e-04
5.21914503e+03,1.00000000e-02,1.72743651e-08,3.22966955e+00,7.08592076e-01,7.08592076e-01,6.95294722e-02,2.78117889e-01,7.06472910e-05,8.47767492e-04,1.49318684e-05,1.94114290e-04,4.09594820e-08,5.32473266e-07,1.24154413e-04,1.73816178e-03,4.00977727e-04,6.01466590e-03,2.25631975e-26,3.15884766e-25,1.25154542e-16,1.87731813e-15,3.98641203e-08,6.37825924e-07,6.59173325e-09,1.12059465e-07,1.12446616e-08,2.02403908e-07,1.13087947e-32,1.92249511e-31,1.59624774e-08,2.87324593e-07,6.95945250e-06,1.39189050e-04
5.53088640e+03,1.00000000e-02,1.43135890e-08,3.22966955e+00,7.08592076e-01,7.08592076e-01,6.95294722e-02,2.78117889e-01,7.06472910e-05,8.47767492e-04,1.49442898e-05,1.94275768e-04,2.85380923e-08,3.70995199e-07,1.24154413e-04,1.73816178e-03,4.00977727e-04,6.01466590e-03,1.05723306e-27,1.48012628e-26,2.12928713e-17,3.19393069e-16,3.98641203e-08,6.37825924e-07,6.59173325e-09,1.12059465e-07,1.17595756e-08,2.11672362e-07,3.96749469e-34,6.74474098e-33,1.54475633e-08,2.78056139e-07,6.95945250e-06,1.39189050e-04
5.86124820e+03,1.00000000e-02,1.18655525e-08,3.22966955e+00,7.08592076e-01,7.08592076e-01,6.95294722e-02,2.78117889e-01,7.06472910e-05,8.47767492e-04,1.49533689e-05,1.94393795e-04,1.94590649e-08,2.52967844e-07,1.24154413e-04,1.73816178e-03,4.00977727e-04,6.01466590e-03,4.12627774e-29,5.77678884e-28,3.25894736e-18,4.88842104e-17,3.98641203e-08,6.37825924e-07,6.59173325e-09,1.12059465e-07,1.22871297e-08,2.21168334e-07,1.14177699e-35,1.94102089e-34,1.49200093e-08,2.68560167e-07,6.95945250e-06,1.39189050e-04
6.21134263e+03,1.00000000e-02,9.84234486e-09,3.22966955e+00,7.08592076e-01,7.08592076e-01,6.95294722e-02,2.78117889e-01,7.06472910e-05,8.47767492e-04,1.49598595e-05,1.94478174e-04,1.29683780e-08,1.68588914e-07,1.24154413e-04,1.73816178e-03,4.00977727e-04,6.01466590e-03,1.32683217e-30,1.85756503e-29,4.45892890e-19,6.68839335e-18,3.98641203e-08,6.37825924e-07,6.59173325e-09,1.12059465e-07,1.28265451e-08,2.30877812e-07,2.84460725e-37,4.83583232e-36,1.43805938e-08,2.58850688e-07,6.95945250e-06,1.39189050e-04
6.58234832e+03,1.00000000e-02,8.18098329e-09,3.22966955e+00,7.08592076e-01,7.08592076e-01,6.95294722e-02,2.78117889e-01,7.06472910e-05,8.47767492e-04,1.49643922e-05,1.94537099e-04,8.43573057e-09,1.09664497e-07,1.24154413e-04,1.73816178e-03,4.00977727e-04,6.01466590e-03,3.47465383e-32,4.86451536e-31,5.41731962e-20,8.12597943e-19,3.98641203e-08,6.37825924e-07,6.59173325e-09,1.12059465e-07,1.33769115e-08,2.40784408e-07,2.12662433e-38,3.61526136e-37,1.38302274e-08,2.48944093e-07,6.95945250e-06,1.39189050e-04
6.97551432e+03,1.00000000e-02,6.80402103e-09,3.22966955e+00,7.08592076e-01,7.08592076e-01,6.95294722e-02,2.78117889e-01,7.06472910e-05,8.47767492e-04,1.49674798e-05,1.94577237e-04,5.34815958e-09,6.95260745e-08,1.24154413e-04,1.73816178e-03,4.00977727e-04,6.01466590e-03,7.33087741e-34,1.02632284e-32,5.80298917e-21,8.70448376e-20,3.98641203e-08,6.37825924e-07,6.59173325e-09,1.12059465e-07,1.39371811e-08,2.50869260e-07,1.36272205e-38,2.31662748e-37,1.32699578e-08,2.38859241e-07,6.95945250e-06,1.39189050e-04
7.39216425e+03,1.00000000e-02,5.66136902e-09,3.22966955e+00,7.08592076e-01,7.08592076e-01,6.95294722e-02,2.78117889e-01,7.06472910e-05,8.47767492e-04,1.49695283e-05,1.94603868e-04,3.29962171e-09,4.28950822e-08,1.24154413e-04,1.73816178e-03,4.00977727e-04,6.01466590e-03,1.29696966e-35,1.81575752e-34,5.43973872e-22,8.15960808e-21,3.98641203e-08,6.37825924e-07,6.59173325e-09,1.12059465e-07,1.45061651e-08,2.61110972e-07,1.12447186e-38,1.91160215e-37,1.27009738e-08,2.28617528e-07,6.95945250e-06,1.39189050e-04
7.83370084e+03,1.00000000e-02,4.71133557e-09,3.22966955e+00,7.08592076e-01,7.08592076e-01,6.95294722e-02,2.78117889e-01,7.06472910e-05,8.47767492e-04,1.49708501e-05,1.94621051e-04,1.97786298e-09,2.57122188e-08,1.24154413e-04,1.73816178e-03,4.00977727e-04,6.01466590e-03,5.23101909e-37,7.32342672e-36,4.42693549e-23,6.64040324e-22,3.98641203e-08,6.37825924e-07,6.59173325e-09,1.12059465e-07,1.50825317e-08,2.71485571e-07,9.33258596e-39,1.58653961e-37,1.21246072e-08,2.18242930e-07,6.95945250e-06,1.39189050e-04
8.30161056e+03,1.00000000e-02,3.92211867e-09,3.22966955e+00,7.08592076e-01,7.08592076e-01,6.95294722e-02,2.78117889e-01,7.06472910e-05,8.47767492e-04,1.49716780e-05,1.94631815e-04,1.14987883e-09,1.49484248e-08,1.24154413e-04,1.73816178e-03,4.00977727e-04,6.01466590e-03,1.76727131e-37,2.47417984e-36,3.10125116e-24,4.65187674e-23,3.98641203e-08,6.37825924e-07,6.59173325e-09,1.12059465e-07,1.56648055e-08,2.81966500e-07,7.75123671e-39,1.31771024e-37,1.15423334e-08,2.07762001e-07,6.95945250e-06,1.39189050e-04
8.79746869e+03,1.00000000e-02,3.26546441e-09,3.22966955e+00,7.08592076e-01,7.08592076e-01,6.95294722e-02,2.78117889e-01,7.06472910e-05,8.47767492e-04,1.49721807e-05,1.94638349e-04,6.47200409e-10,8.41360531e-09,1.24154413e-04,1.73816178e-03,4.00977727e-04,6.01466590e-03,8.18970434e-38,1.14655861e-36,1.85339728e-25,2.78009593e-24,3.98641203e-08,6.37825924e-07,6.59173325e-09,1.12059465e-07,1.62513698e-08,2.92524657e-07,6.44361134e-39,1.09541393e-37,1.09557691e-08,1.97203844e-07,6.95945250e-06,1.39189050e-04
9.32294461e+03,1.00000000e-02,2.72130715e-09,3.22966955e+00,7.08592076e-01,7.08592076e-01,6.95294722e-02,2.78117889e-01,7.06472910e-05,8.47767492e-04,1.49724759e-05,1.94642187e-04,3.51978335e-10,4.57571836e-09,1.24154413e-04,1.73816178e-03,4.00977727e-04,6.01466590e-03,3.70302467e-38,5.18423454e-37,9.36066777e-27,1.40410016e-25,3.98641203e-08,6.37825924e-07,6.59173325e-09,1.12059465e-07,1.68404709e-08,3.03128477e-07,5.36109820e-39,9.11386694e-38,1.03666680e-08,1.86600024e-07,6.95945250e-06,1.39189050e-04
9.87980738e+03,1.00000000e-02,2.27108540e-09,3.22966955e+00,7.08592076e-01,7.08592076e-01,6.95294722e-02,2.78117889e-01,7.06472910e-05,8.47767492e-04,1.49726433e-05,1.94644363e-04,1.84583605e-10,2.39958686e-09,1.24154413e-04,1.73816178e-03,4.00977727e-04,6.01466590e-03,1.61571867e-38,2.26200613e-37,3.95546229e-28,5.93319343e-27,3.98641203e-08,6.37825924e-07,6.59173325e-09,1.12059465e-07,1.74302257e-08,3.13744063e-07,4.46297403e-39,7.58705586e-38,9.77691323e-09,1.75984438e-07,6.95945250e-06,1.39189050e-04
1.04699318e+04,1.00000000e-02,1.89558641e-09,3.22966955e+00,7.08592076e-01,7.08592076e-01,6.95294722e-02,2.78117889e-01,7.06472910e-05,8.47767492e-04,1.49727348e-05,1.94645552e-04,9.31378978e-11,1.21079267e-09,1.24154413e-04,1.73816178e-03,4.00977727e-04,6.01466590e-03,6.78541329e-39,9.49957860e-38,1.38388737e-29,2.07583106e-28,3.98641203e-08,6.37825924e-07,6.59173325e-09,1.12059465e-07,1.80186321e-08,3.24335377e-07,3.71633670e-39,6.31777238e-38,9.18850688e-09,1.65393124e-07,6.95945250e-06,1.39189050e-04
1.10953045e+04,1.00000000e-02,1.58201360e-09,3.22966955e+00,7.08592076e-01,7.08592076e-01,6.95294722e-02,2.78117889e-01,7.06472910e-05,8.47767492e-04,1.49727828e-05,1.94646177e-04,4.51144816e-11,5.86488261e-10,1.24154413e-04,1.73816178e-03,4.00977727e-04,6.01466590e-03,2.73733875e-39,3.83227425e-38,3.99346065e-31,5.99019098e-30,3.98641203e-08,6.37825924e-07,6.59173325e-09,1.12059465e-07,1.86035830e-08,3.34864493e-07,3.09630757e-39,5.26372287e-38,8.60355598e-09,1.54864008e-07,6.95945250e-06,1.39189050e-04
1.17580310e+04,1.00000000e-02,1.32057490e-09,3.22966955e+00,7.08592076e-01,7.08592076e-01,6.95294722e-02,2.78117889e-01,7.06472910e-05,8.47767492e-04,1.49728070e-05,1.94646491e-04,2.09267492e-11,2.72047740e-10,1.24154413e-04,1.73816178e-03,4.00977727e-04,6.01466590e-03,1.05794204e-39,1.48111886e-38,1.18023380e-32,1.77035069e-31,3.98641203e-08,6.37825924e-07,6.59173325e-09,1.12059465e-07,1.91828840e-08,3.45291912e-07,2.58077541e-39,4.38731819e-38,8.02425494e-09,1.44436589e-07,6.95945250e-06,1.39189050e-04
1.24603423e+04,1.00000000e-02,1.10185568e-09,3.22966955e+00,7.08592076e-01,7.08592076e-01,6.95294722e-02,2.78117889e-01,7.06472910e-05,8.47767492e-04,1.49728187e-05,1.94646642e-04,9.27172760e-12,1.20532459e-10,1.24154413e-04,1.73816178e-03,4.00977727e-04,6.01466590e-03,3.90800792e-40,5.47121109e-39,2.35898935e-33,3.53848403e-32,3.98641203e-08,6.37825924e-07,6.59173325e-09,1.12059465e-07,1.97542746e-08,3.55576943e-07,2.15248820e-39,3.65922994e-38,7.45286432e-09,1.34151558e-07,6.95945250e-06,1.39189050e-04
1.32046030e+04,1.00000000e-02,9.21538033e-10,3.22966955e+00,7.08592076e-01,7.08592076e-01,6.95294722e-02,2.78117889e-01,7.06472910e-05,8.47767492e-04,1.49728240e-05,1.94646712e-04,3.91293334e-12,5.08681334e-11,1.24154413e-04,1.73816178e-03,4.00977727e-04,6.01466590e-03,1.37606395e-40,1.92648952e-39,1.82709781e-33,2.74064672e-32,3.98641203e-08,6.37825924e-07,6.59173325e-09,1.12059465e-07,2.03154531e-08,3.65678156e-07,1.79669556e-39,3.05438245e-38,6.89168584e-09,1.24050345e-07,6.95945250e-06,1.39189050e-04
1.39933186e+04,1.00000000e-02,7.70647098e-10,3.22966955e+00,7.08592076e-01,7.08592076e-01,6.95294722e-02,2.78117889e-01,7.06472910e-05,8.47767492e-04,1.49728264e-05,1.94646743e-04,1.56843239e-12,2.03896211e-11,1.24154413e-04,1.73816178e-03,4.00977727e-04,6.01466590e-03,4.60251851e-41,6.44352591e-40,1.52116755e-33,2.28175133e-32,3.98641203e-08,6.37825924e-07,6.59173325e-09,1.12059465e-07,2.08641050e-08,3.75553891e-07,1.49977663e-39,2.54962026e-38,6.34303388e-09,1.14174610e-07,6.95945250e-06,1.39189050e-04
1.48291444e+04,1.00000000e-02,6.44356892e-10,3.22966955e+00,7.08592076e-01,7.08592076e-01,6.95294722e-02,2.78117889e-01,7.06472910e-05,8.47767492e-04,1.49728273e-05,1.94646755e-04,5.95269962e-13,7.73850950e-12,1.24154413e-04,1.73816178e-03,4.00977727e-04,6.01466590e-03,1.45811204e-41,2.04135686e-40,1.26859900e-33,1.90289850e-32,3.98641203e-08,6.37825924e-07,6.59173325e-09,1.12059465e-07,2.13979353e-08,3.85162836e-07,1.25226587e-39,2.12885198e-38,5.80920362e-09,1.04565665e-07,6.95945250e-06,1.39189050e-04
1.57148945e+04,1.00000000e-02,5.38681398e-10,3.22966955e+00,7.08592076e-01,7.08592076e-01,6.95294722e-02,2.78117889e-01,7.06472910e-05,8.47767492e-04,1.49728277e-05,1.94646760e-04,2.13221262e-13,2.77187640e-12,1.24154413e-04,1.73816178e-03,4.00977727e-04,6.01466590e-03,4.36070440e-42,6.10498616e-41,1.05846439e-33,1.58769658e-32,3.98641203e-08,6.37825924e-07,6.59173325e-09,1.12059465e-07,2.19147027e-08,3.94464648e-07,1.04577368e-39,1.77781525e-38,5.29243627e-09,9.52638528e-08,6.95945250e-06,1.39189050e-04
1.66535507e+04,1.00000000e-02,4.50163500e-10,3.22966955e+00,7.08592076e-01,7.08592076e-01,6.95294722e-02,2.78117889e-01,7.06472910e-05,8.47767492e-04,1.49728279e-05,1.94646762e-04,7.18313660e-14,9.33807758e-13,1.24154413e-04,1.73816178e-03,4.00977727e-04,6.01466590e-03,1.22743222e-42,1.71840511e-41,8.83731135e-34,1.32559670e-32,3.98641203e-08,6.37825924e-07,6.59173325e-09,1.12059465e-07,2.24122569e-08,4.03420624e-07,8.73960793e-40,1.48573335e-38,4.79488204e-09,8.63078767e-08,6.95945250e-06,1.39189050e-04
1.76482731e+04,1.00000000e-02,3.77181225e-10,3.22966955e+00,7.08592076e-01,7.08592076e-01,6.95294722e-02,2.78117889e-01,7.06472910e-05,8.47767492e-04,1.49728279e-05,1.94646763e-04,2.26764046e-14,2.94793259e-13,1.24154413e-04,1.73816178e-03,4.00977727e-04,6.01466590e-03,3.24045373e-43,4.53663522e-42,7.38375486e-34,1.10756323e-32,3.98641203e-08,6.37825924e-07,6.59173325e-09,1.12059465e-07,2.28885774e-08,4.11994392e-07,7.31127663e-40,1.24291703e-38,4.31856157e-09,7.77341083e-08,6.95945250e-06,1.39189050e-04
1.87024107e+04,1.00000000e-02,3.15912532e-10,3.22966955e+00,7.08592076e-01,7.08592076e-01,6.95294722e-02,2.78117889e-01,7.06472910e-05,8.47767492e-04,1.49728279e-05,1.94646763e-04,6.68228405e-15,8.68696927e-14,1.24154413e-04,1.73816178e-03,4.00977727e-04,6.01466590e-03,7.98491224e-44,1.11788771e-42,6.16985341e-34,9.25478011e-33,3.98641203e-08,6.37825924e-07,6.59173325e-09,1.12059465e-07,2.33418120e-08,4.20152617e-07,6.11547780e-40,1.03963123e-38,3.86532690e-09,6.95758842e-08,6.95945250e-06,1.39189050e-04
1.98195123e+04,1.00000000e-02,2.64462856e-10,3.22966955e+00,7.08592076e-01,7.08592076e-01,6.95294722e-02,2.78117889e-01,7.06472910e-05,8.47767492e-04,1.49728279e-05,1.94646763e-04,1.83054134e-15,2.37970374e-14,1.24154413e-04,1.73816178e-03,4.00977727e-04,6.01466590e-03,1.82876084e-44,2.56026518e-43,5.15540276e-34,7.73310413e-33,3.98641203e-08,6.37825924e-07,6.59173325e-09,1.12059465e-07,2.37703160e-08,4.27865689e-07,5.11390032e-40,8.69363054e-39,3.43682290e-09,6.18628122e-08,6.95945250e-06,1.39189050e-04
2.10033388e+04,1.00000000e-02,2.21347407e-10,3.22966955e+00,7.08592076e-01,7.08592076e-01,6.95294722e-02,2.78117889e-01,7.06472910e-05,8.47767492e-04,1.49728279e-05,1.94646763e-04,4.64136530e-16,6.03377490e-15,1.24154413e-04,1.73816178e-03,4.00977727e-04,6.01466590e-03,3.87752034e-45,5.42852847e-44,4.30916035e-34,6.46374052e-33,3.98641203e-08,6.37825924e-07,6.59173325e-09,1.12059465e-07,2.41726882e-08,4.35108387e-07,4.27701581e-40,7.27092687e-39,3.03445075e-09,5.46201134e-08,6.95945250e-06,1.39189050e-04
2.22578757e+04,1.00000000e-02,1.85325812e-10,3.22966955e+00,7.08592076e-01,7.08592076e-01,6.95294722e-02,2.78117889e-01,7.06472910e-05,8.47767492e-04,1.49728279e-05,1.94646763e-04,1.08421679e-16,1.40948182e-15,1.24154413e-04,1.73816178e-03,4.00977727e-04,6.01466590e-03,7.58206786e-46,1.06148950e-44,3.60509238e-34,5.40763857e-33,3.98641203e-08,6.37825924e-07,6.59173325e-09,1.12059465e-07,2.45478043e-08,4.41860477e-07,3.58078676e-40,6.08733748e-39,2.65933463e-09,4.78680234e-08,6.95945250e-06,1.39189050e-04
2.35873464e+04,1.00000000e-02,1.55382842e-10,3.22966955e+00,7.08592076e-01,7.08592076e-01,6.95294722e-02,2.78117889e-01,7.06472910e-05,8.47767492e-04,1.49728279e-05,1.94646763e-04,2.32201625e-17,3.01862112e-16,1.24154413e-04,1.73816178e-03,4.00977727e-04,6.01466590e-03,1.35978604e-46,1.90370046e-45,3.01710256e-34,4.52565384e-33,3.98641203e-08,6.37825924e-07,6.59173325e-09,1.12059465e-07,2.48948457e-08,4.48107222e-07,2.99925347e-40,5.09873089e-39,2.31229326e-09,4.16212787e-08,6.95945250e-06,1.39189050e-04
2.49962270e+04,1.00000000e-02,1.30077021e-10,3.22966955e+00,7.08592076e-01,7.08592076e-01,6.95294722e-02,2.78117889e-01,7.06472910e-05,8.47767492e-04,1.49728279e-05,1.94646763e-04,4.53565423e-18,5.89635051e-17,1.24154413e-04,1.73816178e-03,4.00977727e-04,6.01466590e-03,2.22161403e-47,3.11025964e-46,2.52247732e-34,3.78371598e-33,3.98641203e-08,6.37825924e-07,6.59173325e-09,1.12059465e-07,2.52133214e-08,4.53839785e-07,2.50903869e-40,4.26536577e-39,1.99381753e-09,3.58887155e-08,6.95945250e-06,1.39189050e-04
2.64892605e+04,1.00000000e-02,1.08990726e-10,3.22966955e+00,7.08592076e-01,7.08592076e-01,6.95294722e-02,2.78117889e-01,7.06472910e-05,8.47767492e-04,1.49728279e-05,1.94646763e-04,8.03620690e-19,1.04470690e-17,1.24154413e-04,1.73816178e-03,4.00977727e-04,6.01466590e-03,3.29464320e-48,4.61250048e-47,2.11030165e-34,3.16545247e-33,3.98641203e-08,6.37825924e-07,6.59173325e-09,1.12059465e-07,2.55030831e-08,4.59055497e-07,2.10046060e-40,3.57078302e-39,1.70405578e-09,3.06730041e-08,6.95945250e-06,1.39189050e-04
2.80714734e+04,1.00000000e-02,9.13565759e-11,3.22966955e+00,7.08592076e-01,7.08592076e-01,6.95294722e-02,2.78117889e-01,7.06472910e-05,8.47767492e-04,1.49728279e-05,1.94646763e-04,1.28403773e-19,1.66924905e-18,1.24154413e-04,1.73816178e-03,4.00977727e-04,6.01466590e-03,4.40897973e-49,6.17257162e-48,1.76653558e-34,2.64980337e-33,3.98641203e-08,6.37825924e-07,6.59173325e-09,1.12059465e-07,2.57643311e-08,4.63757959e-07,1.75938840e-40,2.99096028e-39,1.44280786e-09,2.59705415e-08,6.95945250e-06,1.39189050e-04
2.97481924e+04,1.00000000e-02,7.65706453e-11,3.22966955e+00,7.08592076e-01,7.08592076e-01,6.95294722e-02,2.78117889e-01,7.06472910e-05,8.47767492e-04,1.49728279e-05,1.94646763e-04,1.83861913e-20,2.39020487e-19,1.24154413e-04,1.73816178e-03,4.00977727e-04,6.01466590e-03,5.28789464e-50,7.40305249e-49,1.47917953e-34,2.21876930e-33,3.98641203e-08,6.37825924e-07,6.59173325e-09,1.12059465e-07,2.59976102e-08,4.67956984e-07,1.47393394e-40,2.50568769e-39,1.20952872e-09,2.17715170e-08,6.95945250e-06,1.39189050e-04
3.15250624e+04,1.00000000e-02,6.42047667e-11,3.22966955e+00,7.08592076e-01,7.08592076e-01,6.95294722e-02,2.78117889e-01,7.06472910e-05,8.47767492e-04,1.49728279e-05,1.94646763e-04,2.34537012e-21,3.04898116e-20,1.24154413e-04,1.73816178e-03,4.00977727e-04,6.01466590e-03,5.65151251e-51,7.91211752e-50,1.23879671e-34,1.85819506e-33,3.98641203e-08,6.37825924e-07,6.59173325e-09,1.12059465e-07,2.62037970e-08,4.71668345e-07,1.23507072e-40,2.09962023e-39,1.00334197e-09,1.80601554e-08,6.95945250e-06,1.39189050e-04
3.34080656e+04,1.00000000e-02,5.38331756e-11,3.22966955e+00,7.08592076e-01,7.08592076e-01,6.95294722e-02,2.78117889e-01,7.06472910e-05,8.47767492e-04,1.49728279e-05,1.94646763e-04,2.64219705e-22,3.43485617e-21,1.24154413e-04,1.73816178e-03,4.00977727e-04,6.01466590e-03,5.33463518e-52,7.46848925e-51,1.03766054e-34,1.55649081e-33,3.98641203e-08,6.37825924e-07,6.59173325e-09,1.12059465e-07,2.63840751e-08,4.74913352e-07,1.03503068e-40,1.75955215e-39,8.23063822e-10,1.48151488e-08,6.95945250e-06,1.39189050e-04
3.54035411e+04,1.00000000e-02,4.51428526e-11,3.22966955e+00,7.08592076e-01,7.08592076e-01,6.95294722e-02,2.78117889e-01,7.06472910e-05,8.47767492e-04,1.49728279e-05,1.94646763e-04,2.61286779e-23,3.39672813e-22,1.24154413e-04,1.73816178e-03,4.00977727e-04,6.01466590e-03,4.41606118e-53,6.18248565e-52,8.69498799e-35,1.30424820e-33,3.98641203e-08,6.37825924e-07,6.59173325e-09,1.12059465e-07,2.65399016e-08,4.77718228e-07,8.67651177e-41,1.47500700e-39,6.67237377e-10,1.20102728e-08,6.95945250e-06,1.39189050e-04
3.75182072e+04,1.00000000e-02,3.78855346e-11,3.22966955e+00,7.08592076e-01,7.08592076e-01,6.95294722e-02,2.78117889e-01,7.06472910e-05,8.47767492e-04,1.49728279e-05,1.94646763e-04,2.20998390e-24,2.87297907e-23,1.24154413e-04,1.73816178e-03,4.00977727e-04,6.01466590e-03,3.13625995e-54,4.39076392e-53,7.28897993e-35,1.09334699e-33,3.98641203e-08,6.37825924e-07,6.59173325e-09,1.12059465e-07,2.66729651e-08,4.80113372e-07,7.27717981e-41,1.23712057e-39,5.34173847e-10,9.61512925e-09,6.95945250e-06,1.39189050e-04
3.97591829e+04,1.00000000e-02,3.17977955e-11,3.22966955e+00,7.08592076e-01,7.08592076e-01,6.95294722e-02,2.78117889e-01,7.06472910e-05,8.47767492e-04,1.49728279e-05,1.94646763e-04,1.64904794e-25,2.14376232e-24,1.24154413e-04,1.73816178e-03,4.00977727e-04,6.01466590e-03,1.96308822e-55,2.74832351e-54,6.11168196e-35,9.16752294e-34,3.98641203e-08,6.37825924e-07,6.59173325e-09,1.12059465e-07,2.67851364e-08,4.82132456e-07,6.10438783e-41,1.03774593e-39,4.22002494e-10,7.59604489e-09,6.95945250e-06,1.39189050e-04
4.21340130e+04,1.00000000e-02,2.66824134e-11,3.22966955e+00,7.08592076e-01,7.08592076e-01,6.95294722e-02,2.78117889e-01,7.06472910e-05,8.47767492e-04,1.49728279e-05,1.94646763e-04,1.05129618e-26,1.36668503e-25,1.24154413e-04,1.73816178e-03,4.00977727e-04,6.01466590e-03,1.04976198e-56,1.46966677e-55,5.12473040e-35,7.68709560e-34,3.98641203e-08,6.37825924e-07,6.59173325e-09,1.12059465e-07,2.68784138e-08,4.83811448e-07,5.12083281e-41,8.70541578e-40,3.28725180e-10,5.91705325e-09,6.95945250e-06,1.39189050e-04
4.46506925e+04,1.00000000e-02,2.24015022e-11,3.22966955e+00,7.08592076e-01,7.08592076e-01,6.95294722e-02,2.78117889e-01,7.06472910e-05,8.47767492e-04,1.49728279e-05,1.94646763e-04,5.69870689e-28,7.40831895e-27,1.24154413e-04,1.73816178e-03,4.00977727e-04,6.01466590e-03,4.77658387e-58,6.68721741e-57,4.30023298e-35,6.45034948e-34,3.98641203e-08,6.37825924e-07,6.59173325e-09,1.12059465e-07,2.69548657e-08,4.85187583e-07,4.29811141e-41,7.30678940e-40,2.52273204e-10,4.54091767e-09,6.95945250e-06,1.39189050e-04
4.73176941e+04,1.00000000e-02,1.87771991e-11,3.22966955e+00,7.08592076e-01,7.08592076e-01,6.95294722e-02,2.78117889e-01,7.06472910e-05,8.47767492e-04,1.49728279e-05,1.94646763e-04,2.58186794e-29,3.35642833e-28,1.24154413e-04,1.73816178e-03,4.00977727e-04,6.01466590e-03,1.81155828e-59,2.53618159e-58,3.60609932e-35,5.40914898e-34,3.98641203e-08,6.37825924e-07,6.59173325e-09,1.12059465e-07,2.70165740e-08,4.86298333e-07,3.60656292e-41,6.13115697e-40,1.90564897e-10,3.43016814e-09,6.95945250e-06,1.39189050e-04
5.01439967e+04,1.00000000e-02,1.57660069e-11,3.22966955e+00,7.08592076e-01,7.08592076e-01,6.95294722e-02,2.78117889e-01,7.06472910e-05,8.47767492e-04,1.49728279e-05,1.94646763e-04,9.98725090e-31,1.29834262e-29,1.24154413e-04,1.73816178e-03,4.00977727e-04,6.01466590e-03,5.76369843e-61,8.06917780e-60,3.02494545e-35,4.53741818e-34,3.98641203e-08,6.37825924e-07,6.59173325e-09,1.12059465e-07,2.70655799e-08,4.87180439e-07,3.02466849e-41,5.14193644e-40,1.41559005e-10,2.54806209e-09,6.95945250e-06,1.39189050e-04
5.31391154e+04,1.00000000e-02,1.32426537e-11,3.22966955e+00,7.08592076e-01,7.08592076e-01,6.95294722e-02,2.78117889e-01,7.06472910e-05,8.47767492e-04,1.49728279e-05,1.94646763e-04,1.24656905e-31,1.62053976e-30,1.24154413e-04,1.73816178e-03,4.00977727e-04,6.01466590e-03,5.80932046e-62,8.13304864e-61,2.53720044e-35,3.80580066e-34,3.98641203e-08,6.37825924e-07,6.59173325e-09,1.12059465e-07,2.71038341e-08,4.87869013e-07,2.53896914e-41,4.31624753e-40,1.03304878e-10,1.85948780e-09,6.95945250e-06,1.39189050e-04
5.63131335e+04,1.00000000e-02,1.11117046e-11,3.22966955e+00,7.08592076e-01,7.08592076e-01,6.95294722e-02,2.78117889e-01,7.06472910e-05,8.47767492e-04,1.49728279e-05,1.94646763e-04,7.18031498e-32,9.33440947e-31,1.24154413e-04,1.73816178e-03,4.00977727e-04,6.01466590e-03,2.62431263e-62,3.67403769e-61,2.12834424e-35,3.19251636e-34,3.98641203e-08,6.37825924e-07,6.59173325e-09,1.12059465e-07,2.71331559e-08,4.88396806e-07,2.12944762e-41,3.62006095e-40,7.39830267e-11,1.33169448e-09,6.95945250e-06,1.39189050e-04
5.96767369e+04,1.00000000e-02,9.33544185e-12,3.22966955e+00,7.08592076e-01,7.08592076e-01,6.95294722e-02,2.78117889e-01,7.06472910e-05,8.47767492e-04,1.49728279e-05,1.94646763e-04,6.33990222e-32,8.24187288e-31,1.24154413e-04,1.73816178e-03,4.00977727e-04,6.01466590e-03,1.95856650e-62,2.74199310e-61,1.78821571e-35,2.68232356e-34,3.98641203e-08,6.37825924e-07,6.59173325e-09,1.12059465e-07,2.71552012e-08,4.88793622e-07,1.78920706e-41,3.04165200e-40,5.19377097e-11,9.34878774e-10,6.95945250e-06,1.39189050e-04
6.32412495e+04,1.00000000e-02,7.83485426e-12,3.22966955e+00,7.08592076e-01,7.08592076e-01,6.95294722e-02,2.78117889e-01,7.06472910e-05,8.47767492e-04,1.49728279e-05,1.94646763e-04,5.31150839e-32,6.90496091e-31,1.24154413e-04,1.73816178e-03,4.00977727e-04,6.01466590e-03,1.37641312e-62,1.92697837e-61,1.49968948e-35,2.24953422e-34,3.98641203e-08,6.37825924e-07,6.59173325e-09,1.12059465e-07,2.71714399e-08,4.89085919e-07,1.50116711e-41,2.55198408e-40,3.56990083e-11,6.42582150e-10,6.95945250e-06,1.39189050e-04
6.70186717e+04,1.00000000e-02,6.57845989e-12,3.22966955e+00,7.08592076e-01,7.08592076e-01,6.95294722e-02,2.78117889e-01,7.06472910e-05,8.47767492e-04,1.49728279e-05,1.94646763e-04,4.44579828e-32,5.77953776e-31,1.24154413e-04,1.73816178e-03,4.00977727e-04,6.01466590e-03,9.66412291e-63,1.35297721e-61,1.25713495e-35,1.88570243e-34,3.98641203e-08,6.37825924e-07,6.59173325e-09,1.12059465e-07,2.71831449e-08,4.89296607e-07,1.26005754e-41,2.14209781e-40,2.39940751e-11,4.31893352e-10,6.95945250e-06,1.39189050e-04
7.10217207e+04,1.00000000e-02,5.52346387e-12,3.22966955e+00,7.08592076e-01,7.08592076e-01,6.95294722e-02,2.78117889e-01,7.06472910e-05,8.47767492e-04,1.49728279e-05,1.94646763e-04,3.72629539e-32,4.84418401e-31,1.24154413e-04,1.73816178e-03,4.00977727e-04,6.01466590e-03,6.79516709e-63,9.51323392e-62,1.05536091e-35,1.58304136e-34,3.98641203e-08,6.37825924e-07,6.59173325e-09,1.12059465e-07,2.71913902e-08,4.89445024e-07,1.05703673e-41,1.79696244e-40,1.57487167e-11,2.83476901e-10,6.95945250e-06,1.39189050e-04
7.52638731e+04,1.00000000e-02,4.63946143e-12,3.22966955e+00,7.08592076e-01,7.08592076e-01,6.95294722e-02,2.78117889e-01,7.06472910e-05,8.47767492e-04,1.49728279e-05,1.94646763e-04,3.12202858e-32,4.05863716e-31,1.24154413e-04,1.73816178e-03,4.00977727e-04,6.01466590e-03,4.78036755e-63,6.69251457e-62,8.86062691e-36,1.32909404e-34,3.98641203e-08,6.37825924e-07,6.59173325e-09,1.12059465e-07,2.71970588e-08,4.89547059e-07,8.87877693e-42,1.50939208e-40,1.00800828e-11,1.81441490e-10,6.95945250e-06,1.39189050e-04
7.97594109e+04,1.00000000e-02,3.89564955e-12,3.22966955e+00,7.08592076e-01,7.08592076e-01,6.95294722e-02,2.78117889e-01,7.06472910e-05,8.47767492e-04,1.49728279e-05,1.94646763e-04,2.61619180e-32,3.40104934e-31,1.24154413e-04,1.73816178e-03,4.00977727e-04,6.01466590e-03,3.36134767e-63,4.70588673e-62,7.43752895e-36,1.11562934e-34,3.98641203e-08,6.37825924e-07,6.59173325e-09,1.12059465e-07,2.72008568e-08,4.89615422e-07,7.45185377e-42,1.26681514e-40,6.28215357e-12,1.13078764e-10,6.95945250e-06,1.39189050e-04
8.45234687e+04,1.00000000e-02,3.27015999e-12,3.22966955e+00,7.08592076e-01,7.08592076e-01,6.95294722e-02,2.78117889e-01,7.06472910e-05,8.47767492e-04,1.49728279e-05,1.94646763e-04,2.19196552e-32,2.84955517e-31,1.24154413e-04,1.73816178e-03,4.00977727e-04,6.01466590e-03,2.36332006e-63,3.30864809e-62,6.24101207e-36,9.36151810e-35,3.98641203e-08,6.37825924e-07,6.59173325e-09,1.12059465e-07,2.72033328e-08,4.89659990e-07,6.25478192e-42,1.06331293e-40,3.80615946e-12,6.85108703e-11,6.95945250e-06,1.39189050e-04
8.95720854e+04,1.00000000e-02,2.74589262e-12,3.22966955e+00,7.08592076e-01,7.08592076e-01,6.95294722e-02,2.78117889e-01,7.06472910e-05,8.47767492e-04,1.49728279e-05,1.94646763e-04,1.83702042e-32,2.38812655e-31,1.24154413e-04,1.73816178e-03,4.00977727e-04,6.01466590e-03,1.66236095e-63,2.32730532e-62,5.23871877e-36,7.85807816e-35,3.98641203e-08,6.37825924e-07,6.59173325e-09,1.12059465e-07,2.72049009e-08,4.89688216e-07,5.25095082e-42,8.92661640e-41,2.23803430e-12,4.02846173e-11,6.95945250e-06,1.39189050e-04
9.49222577e+04,1.00000000e-02,2.30596173e-12,3.22966955e+00,7.08592076e-01,7.08592076e-01,6.95294722e-02,2.78117889e-01,7.06472910e-05,8.47767492e-04,1.49728279e-05,1.94646763e-04,1.54028794e-32,2.00237432e-31,1.24154413e-04,1.73816178e-03,4.00977727e-04,6.01466590e-03,1.17017194e-63,1.63824071e-62,4.39825066e-36,6.59737599e-35,3.98641203e-08,6.37825924e-07,6.59173325e-09,1.12059465e-07,2.72058640e-08,4.89705553e-07,4.40923451e-42,7.49569867e-41,1.27488557e-12,2.29479403e-11,6.95945250e-06,1.39189050e-04
1.00591998e+05,1.00000000e-02,1.93640832e-12,3.22966955e+00,7.08592076e-01,7.08592076e-01,6.95294722e-02,2.78117889e-01,7.06472910e-05,8.47767492e-04,1.49728279e-05,1.94646763e-04,1.29134963e-32,1.67875451e-31,1.24154413e-04,1.73816178e-03,4.00977727e-04,6.01466590e-03,8.23494433e-64,1.15289221e-62,3.69200168e-36,5.53800251e-35,3.98641203e-08,6.37825924e-07,6.59173325e-09,1.12059465e-07,2.72064367e-08,4.89715861e-07,3.70189016e-42,6.29321327e-41,7.02227955e-13,1.26401032e-11,6.95945250e-06,1.39189050e-04
1.06600393e+05,1.00000000e-02,1.62619813e-12,3.22966955e+00,7.08592076e-01,7.08592076e-01,6.95294722e-02,2.78117889e-01,7.06472910e-05,8.47767492e-04,1.49728279e-05,1.94646763e-04,1.08296690e-32,1.40785697e-31,1.24154413e-04,1.73816178e-03,4.00977727e-04,6.01466590e-03,5.79842609e-64,8.11779652e-63,3.10001991e-36,4.65002986e-35,3.98641203e-08,6.37825924e-07,6.59173325e-09,1.12059465e-07,2.72067657e-08,4.89721782e-07,3.10870834e-42,5.28480417e-41,3.73263416e-13,6.71874149e-12,6.95945250e-06,1.39189050e-04
1.12967672e+05,1.00000000e-02,1.36600000e-12,3.22966955e+00,7.08592076e-01,7.08592076e-01,6.95294722e-02,2.78117889e-01,7.06472910e-05,8.47767492e-04,1.49728279e-05,1.94646763e-04,9.08210227e-33,1.18067330e-31,1.24154413e-04,1.73816178e-03,4.00977727e-04,6.01466590e-03,4.08288749e-64,5.71604249e-63,2.60299065e-36,3.90448598e-35,3.98641203e-08,6.37825924e-07,6.59173325e-09,1.12059465e-07,2.72069479e-08,4.89725062e-07,2.61066280e-42,4.43812676e-41,1.91055245e-13,3.43899441e-12,6.95945250e-06,1.39189050e-04
