time,t9,rho,eps_nuc_erg_g_s,F_c12_pg_n13,F_n13_pg_o14,F_n13_bd_c13,F_c13_pg_n14,F_n14_pg_o15,F_o14_bd_n14,F_o15_bd_n15,F_n15_pa_c12,F_n15_pg_o16,F_o16_pg_f17,F_o17_pa_n14,F_f17_bd_o17,tau_c12_pg_n13,tau_n13_pg_o14,tau_n13_bd_c13,tau_c13_pg_n14,tau_n14_pg_o15,tau_o14_bd_n14,tau_o15_bd_n15,tau_n15_pa_c12,tau_n15_pg_o16,tau_o16_pg_f17,tau_o17_pa_n14,tau_f17_bd_o17,tau_T9,tau_rho,Q_c12_pg_n13,Q_n13_pg_o14,Q_n14_pg_o15,Q_n15_pa_c12
0.00000000e+00,9.10000000e-02,2.21000000e+04,9.83684925e+14,3.18091740e-05,0.00000000e+00,0.00000000e+00,1.14617387e-06,2.26502352e-07,0.00000000e+00,0.00000000e+00,7.44369061e-05,2.51659462e-08,2.53294306e-07,1.66579363e-08,0.00000000e+00,5.97224265e+00,5.51511022e+01,8.62728464e+02,1.86041544e+00,2.52100835e+02,1.01853958e+02,1.76008097e+02,2.82026412e-03,8.34189716e+00,1.42945943e+03,8.27931706e+00,9.30540028e+01,1.79769313e+308,1.79769313e+308,1.40436396e+02,0.00000000e+00,1.00000000e+00,3.28636350e+02
1.00000000e-05,9.10000000e-02,2.21000000e+04,9.83743604e+14,3.18092455e-05,5.76764657e-12,3.68704731e-13,1.14616771e-06,2.26502388e-07,2.83133054e-19,1.28688604e-14,7.46737962e-05,2.52460350e-08,2.53294304e-07,1.66579160e-08,2.72201392e-14,5.97224267e+00,5.51511024e+01,8.62728464e+02,1.86041544e+00,2.52100836e+02,1.01853958e+02,1.76008097e+02,2.82026413e-03,8.34189719e+00,1.42945944e+03,8.27931709e+00,9.30540028e+01,6.25347238e+09,5.79338240e+09,1.40436689e+02,2.54639548e-05,1.00000000e+00,3.29682159e+02
1.07479116e-05,9.10000000e-02,2.21000000e+04,9.83747727e+14,3.18092508e-05,6.19901604e-12,3.96280617e-13,1.14616725e-06,2.26502391e-07,3.27068536e-19,1.38313375e-14,7.46914403e-05,2.52520002e-08,2.53294304e-07,1.66579145e-08,2.92559650e-14,5.97224267e+00,5.51511024e+01,8.62728464e+02,1.86041544e+00,2.52100836e+02,1.01853958e+02,1.76008097e+02,2.82026413e-03,8.34189719e+00,1.42945944e+03,8.27931709e+00,9.30540028e+01,1.25069448e+10,1.15867648e+10,1.40436711e+02,2.73684354e-05,1.00000000e+00,3.29760053e+02
1.15517604e-05,9.10000000e-02,2.21000000e+04,9.83752116e+14,3.18092566e-05,6.66264820e-12,4.25918940e-13,1.14616675e-06,2.26502394e-07,3.77821757e-19,1.48657994e-14,7.47103926e-05,2.52584077e-08,2.53294303e-07,1.66579129e-08,3.14440524e-14,5.97224267e+00,5.51511024e+01,8.62728464e+02,1.86041544e+00,2.52100836e+02,1.01853958e+02,1.76008097e+02,2.82026413e-03,8.34189719e+00,1.42945944e+03,8.27931709e+00,9.30540028e+01,1.79769313e+308,1.79769313e+308,1.40436735e+02,2.94153545e-05,1.00000000e+00,3.29843722e+02
1.24157300e-05,9.10000000e-02,2.21000000e+04,9.83756787e+14,3.18092628e-05,7.16095603e-12,4.57773953e-13,1.14616622e-06,2.26502397e-07,4.36450666e-19,1.59776299e-14,7.47307494e-05,2.52652900e-08,2.53294303e-07,1.66579111e-08,3.37957895e-14,5.97224267e+00,5.51511024e+01,8.62728464e+02,1.86041544e+00,2.52100836e+02,1.01853958e+02,1.76008097e+02,2.82026413e-03,8.34189719e+00,1.42945944e+03,8.27931709e+00,9.30540028e+01,1.25069448e+10,1.15867648e+10,1.40436760e+02,3.16153654e-05,1.00000000e+00,3.29933592e+02
1.33443169e-05,9.10000000e-02,2.21000000e+04,9.83761751e+14,3.18092695e-05,7.69653299e-12,4.92011446e-13,1.14616565e-06,2.26502400e-07,5.04177384e-19,1.71726155e-14,7.47526135e-05,2.52726819e-08,2.53294303e-07,1.66579092e-08,3.63234156e-14,5.97224268e+00,5.51511024e+01,8.62728464e+02,1.86041544e+00,2.52100836e+02,1.01853958e+02,1.76008097e+02,2.82026413e-03,8.34189719e+00,1.42945944e+03,8.27931710e+00,9.30540028e+01,1.79769313e+308,1.15867648e+10,1.40436788e+02,3.39799180e-05,1.00000000e+00,3.30030116e+02
1.43423538e-05,9.10000000e-02,2.21000000e+04,9.83767024e+14,3.18092766e-05,8.27216648e-12,5.28809608e-13,1.14616503e-06,2.26502404e-07,5.82413673e-19,1.84569754e-14,7.47760953e-05,2.52806208e-08,2.53294303e-07,1.66579072e-08,3.90400859e-14,5.97224268e+00,5.51511024e+01,8.62728464e+02,1.86041544e+00,2.52100836e+02,1.01853958e+02,1.76008097e+02,2.82026413e-03,8.34189720e+00,1.42945944e+03,8.27931710e+00,9.30540028e+01,1.25069448e+10,1.79769313e+308,1.40436817e+02,3.65213187e-05,1.00000000e+00,3.30133783e+02
1.54150352e-05,9.10000000e-02,2.21000000e+04,9.83772618e+14,3.18092843e-05,8.89085241e-12,5.68359956e-13,1.14616437e-06,2.26502408e-07,6.72790368e-19,1.98373942e-14,7.48013133e-05,2.52891465e-08,2.53294302e-07,1.66579050e-08,4.19599390e-14,5.97224268e+00,5.51511025e+01,8.62728464e+02,1.86041545e+00,2.52100836e+02,1.01853958e+02,1.76008097e+02,2.82026413e-03,8.34189720e+00,1.42945944e+03,8.27931710e+00,9.30540028e+01,1.25069448e+10,1.79769313e+308,1.40436849e+02,3.92527943e-05,1.00000000e+00,3.30245113e+02
1.65679436e-05,9.10000000e-02,2.21000000e+04,9.83778545e+14,3.18092926e-05,9.55581072e-12,6.10868330e-13,1.14616366e-06,2.26502412e-07,7.77191373e-19,2.13210561e-14,7.48283940e-05,2.52983021e-08,2.53294302e-07,1.66579027e-08,4.50981713e-14,5.97224268e+00,5.51511025e+01,8.62728464e+02,1.86041545e+00,2.52100836e+02,1.01853958e+02,1.76008097e+02,2.82026413e-03,8.34189720e+00,1.42945944e+03,8.27931711e+00,9.30540028e+01,1.25069448e+10,1.15867648e+10,1.40436883e+02,4.21885606e-05,1.00000000e+00,3.30364668e+02
1.78070793e-05,9.10000000e-02,2.21000000e+04,9.83784818e+14,3.18093016e-05,1.02705022e-11,6.56555966e-13,1.14616289e-06,2.26502416e-07,8.97792926e-19,2.29156828e-14,7.48574733e-05,2.53081334e-08,2.53294302e-07,1.66579001e-08,4.84711156e-14,5.97224268e+00,5.51511025e+01,8.62728464e+02,1.86041545e+00,2.52100837e+02,1.01853958e+02,1.76008097e+02,2.82026413e-03,8.34189721e+00,1.42945944e+03,8.27931711e+00,9.30540028e+01,1.79769313e+308,2.31735296e+10,1.40436919e+02,4.53438969e-05,1.00000000e+00,3.30493045e+02
1.91388915e-05,9.10000000e-02,2.21000000e+04,9.83791447e+14,3.18093111e-05,1.10386465e-11,7.05660647e-13,1.14616207e-06,2.26502421e-07,1.03710897e-18,2.46295735e-14,7.48886964e-05,2.53186894e-08,2.53294301e-07,1.66578974e-08,5.20963262e-14,5.97224269e+00,5.51511025e+01,8.62728464e+02,1.86041545e+00,2.52100837e+02,1.01853958e+02,1.76008097e+02,2.82026414e-03,8.34189721e+00,1.42945944e+03,8.27931711e+00,9.30540028e+01,1.79769313e+308,2.31735296e+10,1.40436959e+02,4.87352253e-05,1.00000000e+00,3.30630887e+02
2.05703114e-05,9.10000000e-02,2.21000000e+04,9.83798443e+14,3.18093215e-05,1.18642415e-11,7.58437939e-13,1.14616119e-06,2.26502426e-07,1.19804355e-18,2.64716481e-14,7.49222188e-05,2.53300228e-08,2.53294301e-07,1.66578945e-08,5.59926706e-14,5.97224269e+00,5.51511026e+01,8.62728464e+02,1.86041545e+00,2.52100837e+02,1.01853958e+02,1.76008097e+02,2.82026414e-03,8.34189722e+00,1.42945944e+03,8.27931712e+00,9.30540028e+01,1.25069448e+10,1.15867648e+10,1.40437001e+02,5.23801959e-05,1.00000000e+00,3.30778880e+02
2.21087889e-05,9.10000000e-02,2.21000000e+04,9.83805811e+14,3.18093325e-05,1.27515839e-11,8.15162523e-13,1.14616024e-06,2.26502432e-07,1.38395134e-18,2.84514937e-14,7.49582071e-05,2.53421899e-08,2.53294301e-07,1.66578914e-08,6.01804269e-14,5.97224269e+00,5.51511026e+01,8.62728464e+02,1.86041545e+00,2.52100837e+02,1.01853958e+02,1.76008097e+02,2.82026414e-03,8.34189722e+00,1.42945945e+03,8.27931712e+00,9.30540028e+01,1.79769313e+308,2.31735296e+10,1.40437046e+02,5.62977792e-05,1.00000000e+00,3.30937759e+02
2.37623309e-05,9.10000000e-02,2.21000000e+04,9.83813557e+14,3.18093445e-05,1.37052920e-11,8.76129625e-13,1.14615922e-06,2.26502438e-07,1.59870760e-18,3.05794142e-14,7.49968393e-05,2.53552508e-08,2.53294300e-07,1.66578880e-08,6.46813903e-14,5.97224270e+00,5.51511026e+01,8.62728464e+02,1.86041545e+00,2.52100837e+02,1.01853958e+02,1.76008097e+02,2.82026414e-03,8.34189723e+00,1.42945945e+03,8.27931713e+00,9.30540028e+01,1.79769313e+308,2.31735296e+10,1.40437095e+02,6.05083642e-05,1.00000000e+00,3.31108309e+02
2.55395432e-05,9.10000000e-02,2.21000000e+04,9.83821682e+14,3.18093573e-05,1.47303294e-11,9.41656551e-13,1.14615813e-06,2.26502444e-07,1.84678894e-18,3.28664845e-14,7.50383057e-05,2.53692700e-08,2.53294300e-07,1.66578844e-08,6.95189860e-14,5.97224270e+00,5.51511027e+01,8.62728464e+02,1.86041545e+00,2.52100837e+02,1.01853958e+02,1.76008097e+02,2.82026414e-03,8.34189723e+00,1.42945945e+03,8.27931713e+00,9.30540028e+01,2.50138895e+10,2.31735296e+10,1.40437148e+02,6.50338651e-05,1.00000000e+00,3.31291373e+02
2.74496754e-05,9.10000000e-02,2.21000000e+04,9.83830184e+14,3.18093711e-05,1.58320310e-11,1.01208434e-12,1.14615695e-06,2.26502451e-07,2.13336660e-18,3.53246074e-14,7.50828098e-05,2.53843161e-08,2.53294299e-07,1.66578805e-08,7.47183909e-14,5.97224270e+00,5.51511027e+01,8.62728464e+02,1.86041545e+00,2.52100837e+02,1.01853958e+02,1.76008097e+02,2.82026414e-03,8.34189724e+00,1.42945945e+03,8.27931714e+00,9.30540028e+01,1.79769313e+308,2.31735296e+10,1.40437205e+02,6.98978351e-05,1.00000000e+00,3.31487846e+02
2.95026685e-05,9.10000000e-02,2.21000000e+04,9.83839056e+14,3.18093860e-05,1.70161306e-11,1.08777953e-12,1.14615568e-06,2.26502459e-07,2.46441432e-18,3.79665762e-14,7.51305691e-05,2.54004627e-08,2.53294299e-07,1.66578764e-08,8.03066652e-14,5.97224271e+00,5.51511027e+01,8.62728464e+02,1.86041545e+00,2.52100838e+02,1.01853958e+02,1.76008097e+02,2.82026415e-03,8.34189724e+00,1.42945945e+03,8.27931714e+00,9.30540028e+01,2.50138895e+10,1.79769313e+308,1.40437266e+02,7.51255889e-05,1.00000000e+00,3.31698691e+02
3.17092073e-05,9.10000000e-02,2.21000000e+04,9.83848283e+14,3.18094020e-05,1.82887909e-11,1.16913610e-12,1.14615432e-06,2.26502467e-07,2.84683279e-18,4.08061411e-14,7.51818155e-05,2.54177884e-08,2.53294298e-07,1.66578719e-08,8.63128929e-14,5.97224271e+00,5.51511028e+01,8.62728464e+02,1.86041546e+00,2.52100838e+02,1.01853958e+02,1.76008097e+02,2.82026415e-03,8.34189725e+00,1.42945945e+03,8.27931715e+00,9.30540028e+01,1.79769313e+308,1.79769313e+308,1.40437331e+02,8.07443345e-05,1.00000000e+00,3.31924930e+02
3.40807758e-05,9.10000000e-02,2.21000000e+04,9.83857846e+14,3.18094192e-05,1.96566357e-11,1.25657745e-12,1.14615286e-06,2.26502475e-07,3.28859354e-18,4.38580803e-14,7.52367970e-05,2.54363767e-08,2.53294298e-07,1.66578671e-08,9.27683332e-14,5.97224272e+00,5.51511028e+01,8.62728464e+02,1.86041546e+00,2.52100838e+02,1.01853958e+02,1.76008097e+02,2.82026415e-03,8.34189726e+00,1.42945945e+03,8.27931716e+00,9.30540028e+01,1.79769313e+308,2.31735296e+10,1.40437402e+02,8.67833151e-05,1.00000000e+00,3.32167659e+02
3.66297166e-05,9.10000000e-02,2.21000000e+04,9.83867716e+14,3.18094377e-05,2.11267839e-11,1.35055870e-12,1.14615129e-06,2.26502485e-07,3.79890510e-18,4.71382778e-14,7.52957777e-05,2.54563172e-08,2.53294297e-07,1.66578619e-08,9.97065831e-14,5.97224272e+00,5.51511029e+01,8.62728464e+02,1.86041546e+00,2.52100838e+02,1.01853958e+02,1.76008097e+02,2.82026415e-03,8.34189726e+00,1.42945945e+03,8.27931716e+00,9.30540028e+01,1.79769313e+308,2.31735296e+10,1.40437478e+02,9.32739608e-05,1.00000000e+00,3.32428043e+02
3.93692957e-05,9.10000000e-02,2.21000000e+04,9.83877851e+14,3.18094576e-05,2.27068871e-11,1.45156897e-12,1.14614960e-06,2.26502495e-07,4.38840495e-18,5.06638051e-14,7.53590396e-05,2.54777050e-08,2.53294296e-07,1.66578563e-08,1.07163753e-13,5.97224273e+00,5.51511029e+01,8.62728464e+02,1.86041546e+00,2.52100838e+02,1.01853958e+02,1.76008097e+02,2.82026416e-03,8.34189727e+00,1.42945945e+03,8.27931717e+00,9.30540028e+01,2.50138895e+10,4.63470592e+10,1.40437560e+02,1.00250053e-04,1.00000000e+00,3.32707327e+02
4.23137711e-05,9.10000000e-02,2.21000000e+04,9.83888199e+14,3.18094791e-05,2.44051690e-11,1.56013397e-12,1.14614779e-06,2.26502505e-07,5.06938124e-18,5.44530108e-14,7.54268826e-05,2.55006417e-08,2.53294296e-07,1.66578503e-08,1.15178652e-13,5.97224274e+00,5.51511030e+01,8.62728464e+02,1.86041546e+00,2.52100839e+02,1.01853958e+02,1.76008097e+02,2.82026416e-03,8.34189728e+00,1.42945946e+03,8.27931718e+00,9.30540028e+01,5.00277791e+10,4.63470592e+10,1.40437648e+02,1.07747899e-04,1.00000000e+00,3.33006836e+02
4.54784672e-05,9.10000000e-02,2.21000000e+04,9.83898694e+14,3.18095022e-05,2.62304685e-11,1.67681876e-12,1.14614584e-06,2.26502517e-07,5.85602897e-18,5.85256157e-14,7.54996265e-05,2.55252353e-08,2.53294295e-07,1.66578439e-08,1.23792995e-13,5.97224274e+00,5.51511030e+01,8.62728464e+02,1.86041547e+00,2.52100839e+02,1.01853958e+02,1.76008097e+02,2.82026416e-03,8.34189729e+00,1.42945946e+03,8.27931719e+00,9.30540028e+01,5.00277791e+10,1.79769313e+308,1.40437743e+02,1.15806521e-04,1.00000000e+00,3.33327980e+02
4.88798546e-05,9.10000000e-02,2.21000000e+04,9.83909250e+14,3.18095271e-05,2.81922857e-11,1.80223062e-12,1.14614374e-06,2.26502529e-07,6.76474588e-18,6.29028157e-14,7.55776111e-05,2.55516006e-08,2.53294294e-07,1.66578370e-08,1.33051614e-13,5.97224275e+00,5.51511031e+01,8.62728464e+02,1.86041547e+00,2.52100839e+02,1.01853958e+02,1.76008097e+02,2.82026416e-03,8.34189730e+00,1.42945946e+03,8.27931720e+00,9.30540028e+01,5.00277791e+10,4.63470592e+10,1.40437845e+02,1.24467863e-04,1.00000000e+00,3.33672261e+02
5.25356357e-05,9.10000000e-02,2.21000000e+04,9.83919760e+14,3.18095538e-05,3.03008311e-11,1.93702229e-12,1.14614149e-06,2.26502543e-07,7.81447426e-18,6.76073916e-14,7.56611978e-05,2.55798600e-08,2.53294293e-07,1.66578295e-08,1.43002696e-13,5.97224276e+00,5.51511032e+01,8.62728464e+02,1.86041547e+00,2.52100840e+02,1.01853958e+02,1.76008097e+02,2.82026417e-03,8.34189731e+00,1.42945946e+03,8.27931721e+00,9.30540028e+01,5.00277791e+10,4.63470592e+10,1.40437955e+02,1.33777002e-04,1.00000000e+00,3.34041273e+02
5.64648370e-05,9.10000000e-02,2.21000000e+04,9.83930093e+14,3.18095827e-05,3.25670788e-11,2.08189529e-12,1.14613906e-06,2.26502557e-07,9.02709578e-18,7.26638286e-14,7.57507702e-05,2.56101430e-08,2.53294292e-07,1.66578216e-08,1.53698031e-13,5.97224277e+00,5.51511033e+01,8.62728464e+02,1.86041547e+00,2.52100840e+02,1.01853958e+02,1.76008097e+02,2.82026417e-03,8.34189732e+00,1.42945946e+03,8.27931722e+00,9.30540028e+01,5.00277791e+10,1.79769313e+308,1.40438073e+02,1.43782389e-04,1.00000000e+00,3.34436711e+02
6.06879077e-05,9.10000000e-02,2.21000000e+04,9.83940090e+14,3.18096137e-05,3.50028239e-11,2.23760365e-12,1.14613646e-06,2.26502572e-07,1.04278877e-17,7.80984425e-14,7.58467353e-05,2.56425873e-08,2.53294291e-07,1.66578130e-08,1.65193281e-13,5.97224277e+00,5.51511033e+01,8.62728464e+02,1.86041547e+00,2.52100840e+02,1.01853958e+02,1.76008097e+02,2.82026418e-03,8.34189733e+00,1.42945946e+03,8.27931723e+00,9.30540028e+01,5.00277791e+10,4.63470592e+10,1.40438201e+02,1.54536099e-04,1.00000000e+00,3.34860371e+02
6.52268269e-05,9.10000000e-02,2.21000000e+04,9.83949556e+14,3.18096472e-05,3.76207436e-11,2.40495777e-12,1.14613366e-06,2.26502589e-07,1.20460496e-17,8.39395178e-14,7.59495243e-05,2.56773386e-08,2.53294290e-07,1.66578037e-08,1.77548273e-13,5.97224278e+00,5.51511034e+01,8.62728464e+02,1.86041548e+00,2.52100841e+02,1.01853958e+02,1.76008097e+02,2.82026418e-03,8.34189735e+00,1.42945947e+03,8.27931725e+00,9.30540028e+01,5.00277791e+10,1.79769313e+308,1.40438338e+02,1.66094100e-04,1.00000000e+00,3.35314156e+02
7.01052170e-05,9.10000000e-02,2.21000000e+04,9.83958256e+14,3.18096832e-05,4.04344634e-11,2.58482868e-12,1.14613065e-06,2.26502606e-07,1.39153124e-17,9.02174542e-14,7.60595938e-05,2.57145514e-08,2.53294289e-07,1.66577938e-08,1.90827310e-13,5.97224279e+00,5.51511035e+01,8.62728464e+02,1.86041548e+00,2.52100841e+02,1.01853958e+02,1.76008097e+02,2.82026419e-03,8.34189736e+00,1.42945947e+03,8.27931726e+00,9.30540028e+01,5.00277791e+10,9.26941184e+10,1.40438486e+02,1.78516548e-04,1.00000000e+00,3.35800082e+02
7.53484677e-05,9.10000000e-02,2.21000000e+04,9.83965910e+14,3.18097221e-05,4.34586279e-11,2.77815256e-12,1.14612742e-06,2.26502625e-07,1.60746411e-17,9.69649251e-14,7.61774259e-05,2.57543886e-08,2.53294288e-07,1.66577832e-08,2.05099500e-13,5.97224280e+00,5.51511036e+01,8.62728464e+02,1.86041548e+00,2.52100842e+02,1.01853958e+02,1.76008097e+02,2.82026419e-03,8.34189738e+00,1.42945947e+03,8.27931728e+00,9.30540028e+01,1.00055558e+11,1.79769313e+308,1.40438646e+02,1.91868098e-04,1.00000000e+00,3.36320278e+02
8.09838672e-05,9.10000000e-02,2.21000000e+04,9.83972180e+14,3.18097639e-05,4.67089768e-11,2.98593559e-12,1.14612395e-06,2.26502646e-07,1.85690472e-17,1.04217048e-13,7.63035298e-05,2.57970223e-08,2.53294286e-07,1.66577717e-08,2.20439122e-13,5.97224282e+00,5.51511037e+01,8.62728464e+02,1.86041549e+00,2.52100842e+02,1.01853958e+02,1.76008097e+02,2.82026420e-03,8.34189739e+00,1.42945947e+03,8.27931729e+00,9.30540028e+01,5.00277791e+10,9.26941184e+10,1.40438818e+02,2.06218239e-04,1.00000000e+00,3.36876991e+02
8.70407447e-05,9.10000000e-02,2.21000000e+04,9.83976668e+14,3.18098091e-05,5.02024276e-11,3.20925924e-12,1.14612021e-06,2.26502668e-07,2.14505271e-17,1.12011565e-13,7.64384417e-05,2.58426339e-08,2.53294285e-07,1.66577594e-08,2.36926012e-13,5.97224283e+00,5.51511038e+01,8.62728464e+02,1.86041549e+00,2.52100843e+02,1.01853958e+02,1.76008097e+02,2.82026420e-03,8.34189741e+00,1.42945948e+03,8.27931731e+00,9.30540028e+01,1.00055558e+11,1.79769313e+308,1.40439004e+02,2.21641661e-04,1.00000000e+00,3.37472589e+02
9.35506231e-05,9.10000000e-02,2.21000000e+04,9.83978899e+14,3.18098577e-05,5.39571626e-11,3.44928585e-12,1.14611620e-06,2.26502692e-07,2.47791458e-17,1.20389045e-13,7.65827258e-05,2.58914141e-08,2.53294283e-07,1.66577462e-08,2.54645974e-13,5.97224284e+00,5.51511040e+01,8.62728464e+02,1.86041550e+00,2.52100843e+02,1.01853958e+02,1.76008097e+02,2.82026421e-03,8.34189743e+00,1.42945948e+03,8.27931733e+00,9.30540028e+01,1.79769313e+308,9.26941184e+10,1.40439204e+02,2.38218637e-04,1.00000000e+00,3.38109562e+02
1.00547383e-04,9.10000000e-02,2.21000000e+04,9.83978312e+14,3.18099102e-05,5.79927245e-11,3.70726470e-12,1.14611189e-06,2.26502717e-07,2.86242889e-17,1.29393086e-13,7.67369740e-05,2.59435630e-08,2.53294281e-07,1.66577319e-08,2.73691231e-13,5.97224286e+00,5.51511041e+01,8.62728464e+02,1.86041550e+00,2.52100844e+02,1.01853958e+02,1.76008097e+02,2.82026422e-03,8.34189745e+00,1.42945948e+03,8.27931735e+00,9.30540028e+01,5.00277791e+10,4.63470592e+10,1.40439420e+02,2.56035447e-04,1.00000000e+00,3.38790523e+02
1.08067439e-04,9.10000000e-02,2.21000000e+04,9.83974248e+14,3.18099668e-05,6.23301175e-11,3.98453853e-12,1.14610725e-06,2.26502744e-07,3.30661094e-17,1.39070551e-13,7.69018064e-05,2.59992902e-08,2.53294279e-07,1.66577167e-08,2.94160903e-13,5.97224287e+00,5.51511043e+01,8.62728464e+02,1.86041551e+00,2.52100844e+02,1.01853958e+02,1.76008097e+02,2.82026422e-03,8.34189747e+00,1.42945949e+03,8.27931737e+00,9.30540028e+01,1.79769313e+308,1.79769313e+308,1.40439653e+02,2.75184823e-04,1.00000000e+00,3.39518210e+02
1.16149928e-04,9.10000000e-02,2.21000000e+04,9.83965929e+14,3.18100278e-05,6.69919171e-11,4.28255050e-12,1.14610227e-06,2.26502774e-07,3.81971980e-17,1.49471805e-13,7.70778705e-05,2.60588147e-08,2.53294277e-07,1.66577002e-08,3.16161524e-13,5.97224289e+00,5.51511044e+01,8.62728464e+02,1.86041551e+00,2.52100845e+02,1.01853958e+02,1.76008097e+02,2.82026423e-03,8.34189749e+00,1.42945949e+03,8.27931739e+00,9.30540028e+01,1.79769313e+308,1.79769313e+308,1.40439904e+02,2.95766432e-04,1.00000000e+00,3.40295482e+02
1.24836916e-04,9.10000000e-02,2.21000000e+04,9.83952445e+14,3.18100937e-05,7.20023873e-11,4.60285172e-12,1.14609692e-06,2.26502805e-07,4.41245138e-17,1.60650983e-13,7.72658412e-05,2.61223646e-08,2.53294275e-07,1.66576826e-08,3.39807594e-13,5.97224291e+00,5.51511046e+01,8.62728464e+02,1.86041552e+00,2.52100846e+02,1.01853958e+02,1.76008097e+02,2.82026424e-03,8.34189752e+00,1.42945950e+03,8.27931742e+00,9.30540028e+01,1.00055558e+11,1.79769313e+308,1.40440175e+02,3.17887397e-04,1.00000000e+00,3.41125316e+02
1.34173614e-04,9.10000000e-02,2.21000000e+04,9.83932730e+14,3.18101648e-05,7.73876070e-11,4.94710931e-12,1.14609116e-06,2.26502839e-07,5.09716133e-17,1.72666265e-13,7.74664189e-05,2.61901768e-08,2.53294273e-07,1.66576636e-08,3.65222179e-13,5.97224293e+00,5.51511048e+01,8.62728464e+02,1.86041552e+00,2.52100847e+02,1.01853958e+02,1.76008097e+02,2.82026425e-03,8.34189755e+00,1.42945950e+03,8.27931745e+00,9.30540028e+01,1.79769313e+308,1.79769313e+308,1.40440468e+02,3.41662856e-04,1.00000000e+00,3.42010807e+02
1.44208614e-04,9.10000000e-02,2.21000000e+04,9.83905539e+14,3.18102416e-05,8.31756059e-11,5.31711513e-12,1.14608497e-06,2.26502876e-07,5.88812264e-17,1.85580186e-13,7.76803286e-05,2.62624963e-08,2.53294271e-07,1.66576432e-08,3.92537547e-13,5.97224295e+00,5.51511049e+01,8.62728464e+02,1.86041553e+00,2.52100848e+02,1.01853958e+02,1.76008097e+02,2.82026426e-03,8.34189758e+00,1.42945951e+03,8.27931747e+00,9.30540028e+01,1.79769313e+308,1.85388237e+11,1.40440785e+02,3.67216556e-04,1.00000000e+00,3.42955154e+02
1.54994144e-04,9.10000000e-02,2.21000000e+04,9.83869418e+14,3.18103245e-05,8.93965102e-11,5.71479503e-12,1.14607833e-06,2.26502915e-07,6.80182317e-17,1.99459955e-13,7.79083173e-05,2.63395757e-08,2.53294268e-07,1.66576213e-08,4.21895860e-13,5.97224297e+00,5.51511052e+01,8.62728464e+02,1.86041554e+00,2.52100849e+02,1.01853958e+02,1.76008097e+02,2.82026427e-03,8.34189761e+00,1.42945951e+03,8.27931751e+00,9.30540028e+01,2.00111116e+11,1.79769313e+308,1.40441127e+02,3.94681500e-04,1.00000000e+00,3.43961654e+02
1.66586336e-04,9.10000000e-02,2.21000000e+04,9.83822679e+14,3.18104141e-05,9.60826999e-11,6.14221893e-12,1.14607118e-06,2.26502957e-07,7.85730937e-17,2.14377810e-13,7.81511513e-05,2.64216741e-08,2.53294265e-07,1.66575977e-08,4.53449911e-13,5.97224299e+00,5.51511054e+01,8.62728464e+02,1.86041554e+00,2.52100850e+02,1.01853958e+02,1.76008097e+02,2.82026428e-03,8.34189764e+00,1.42945952e+03,8.27931754e+00,9.30540028e+01,2.00111116e+11,1.85388237e+11,1.40441496e+02,4.24200642e-04,1.00000000e+00,3.45033691e+02
1.79045522e-04,9.10000000e-02,2.21000000e+04,9.83763358e+14,3.18105109e-05,1.03268977e-10,6.60161161e-12,1.14606350e-06,2.26503002e-07,9.07658325e-17,2.30411390e-13,7.84096123e-05,2.65090556e-08,2.53294262e-07,1.66575724e-08,4.87363921e-13,5.97224302e+00,5.51511056e+01,8.62728464e+02,1.86041555e+00,2.52100851e+02,1.01853958e+02,1.76008097e+02,2.82026429e-03,8.34189768e+00,1.42945952e+03,8.27931757e+00,9.30540028e+01,2.00111116e+11,1.85388237e+11,1.40441895e+02,4.55927629e-04,1.00000000e+00,3.46174715e+02
1.92436545e-04,9.10000000e-02,2.21000000e+04,9.83689175e+14,3.18106156e-05,1.10992746e-10,7.09536424e-12,1.14605524e-06,2.26503051e-07,1.04850611e-16,2.47644144e-13,7.86844925e-05,2.66019883e-08,2.53294259e-07,1.66575452e-08,5.23814394e-13,5.97224305e+00,5.51511059e+01,8.62728464e+02,1.86041556e+00,2.52100852e+02,1.01853958e+02,1.76008097e+02,2.82026431e-03,8.34189772e+00,1.42945953e+03,8.27931761e+00,9.30540028e+01,2.00111116e+11,1.79769313e+308,1.40442327e+02,4.90027598e-04,1.00000000e+00,3.47388223e+02
2.06829098e-04,9.10000000e-02,2.21000000e+04,9.83597491e+14,3.18107287e-05,1.19294211e-10,7.62604687e-12,1.14604637e-06,2.26503103e-07,1.21121034e-16,2.66165757e-13,7.89765892e-05,2.67007416e-08,2.53294255e-07,1.66575159e-08,5.62991033e-13,5.97224308e+00,5.51511061e+01,8.62728464e+02,1.86041557e+00,2.52100853e+02,1.01853958e+02,1.76008097e+02,2.82026432e-03,8.34189776e+00,1.42945954e+03,8.27931765e+00,9.30540028e+01,1.79769313e+308,1.85388237e+11,1.40442794e+02,5.26678043e-04,1.00000000e+00,3.48677736e+02
2.22298086e-04,9.10000000e-02,2.21000000e+04,9.83485253e+14,3.18108511e-05,1.28216583e-10,8.19642182e-12,1.14603684e-06,2.26503160e-07,1.39916266e-16,2.86072627e-13,7.92866972e-05,2.68055843e-08,2.53294251e-07,1.66574845e-08,6.05097732e-13,5.97224311e+00,5.51511064e+01,8.62728464e+02,1.86041558e+00,2.52100854e+02,1.01853958e+02,1.76008097e+02,2.82026434e-03,8.34189780e+00,1.42945955e+03,8.27931770e+00,9.30540028e+01,2.00111116e+11,1.79769313e+308,1.40443300e+02,5.66069732e-04,1.00000000e+00,3.50046760e+02
2.38924018e-04,9.10000000e-02,2.21000000e+04,9.83348936e+14,3.18109836e-05,1.37806305e-10,8.80945805e-12,1.14602659e-06,2.26503220e-07,1.61628104e-16,3.07468359e-13,7.96156005e-05,2.69167813e-08,2.53294247e-07,1.66574507e-08,6.50353631e-13,5.97224315e+00,5.51511068e+01,8.62728464e+02,1.86041559e+00,2.52100856e+02,1.01853958e+02,1.76008097e+02,2.82026435e-03,8.34189785e+00,1.42945955e+03,8.27931775e+00,9.30540028e+01,2.00111116e+11,1.85388237e+11,1.40443847e+02,6.08407706e-04,1.00000000e+00,3.51498758e+02
2.56793423e-04,9.10000000e-02,2.21000000e+04,9.83184472e+14,3.18111269e-05,1.48113294e-10,9.46834660e-12,1.14601557e-06,2.26503285e-07,1.86709146e-16,3.30464306e-13,7.99640617e-05,2.70345905e-08,2.53294243e-07,1.66574144e-08,6.98994262e-13,5.97224318e+00,5.51511071e+01,8.62728464e+02,1.86041560e+00,2.52100858e+02,1.01853958e+02,1.76008097e+02,2.82026437e-03,8.34189790e+00,1.42945956e+03,8.27931780e+00,9.30540028e+01,1.79769313e+308,1.85388237e+11,1.40444440e+02,6.53912343e-04,1.00000000e+00,3.53037095e+02
2.75999302e-04,9.10000000e-02,2.21000000e+04,9.82987178e+14,3.18112822e-05,1.59191202e-10,1.01765173e-11,1.14600374e-06,2.26503355e-07,2.15682222e-16,3.55180151e-13,8.03328097e-05,2.71592584e-08,2.53294238e-07,1.66573753e-08,7.51272770e-13,5.97224322e+00,5.51511075e+01,8.62728464e+02,1.86041561e+00,2.52100859e+02,1.01853958e+02,1.76008097e+02,2.82026439e-03,8.34189796e+00,1.42945957e+03,8.27931785e+00,9.30540028e+01,1.79769313e+308,1.79769313e+308,1.40445082e+02,7.02820506e-04,1.00000000e+00,3.54664989e+02
2.96641610e-04,9.10000000e-02,2.21000000e+04,9.82751669e+14,3.18114503e-05,1.71097697e-10,1.09376564e-11,1.14599101e-06,2.26503430e-07,2.49151298e-16,3.81744529e-13,8.07225255e-05,2.72910152e-08,2.53294233e-07,1.66573334e-08,8.07461236e-13,5.97224326e+00,5.51511079e+01,8.62728464e+02,1.86041563e+00,2.52100861e+02,1.01853958e+02,1.76008097e+02,2.82026441e-03,8.34189802e+00,1.42945958e+03,8.27931791e+00,9.30540028e+01,4.00222233e+11,1.79769313e+308,1.40445778e+02,7.55386780e-04,1.00000000e+00,3.56385444e+02
3.18827781e-04,9.10000000e-02,2.21000000e+04,9.82471760e+14,3.18116325e-05,1.83894756e-10,1.17557262e-11,1.14597734e-06,2.26503510e-07,2.87814062e-16,4.10295695e-13,8.11338247e-05,2.74300690e-08,2.53294227e-07,1.66572883e-08,8.67852087e-13,5.97224331e+00,5.51511083e+01,8.62728464e+02,1.86041564e+00,2.52100863e+02,1.01853958e+02,1.76008097e+02,2.82026443e-03,8.34189808e+00,1.42945959e+03,8.27931798e+00,9.30540028e+01,4.00222233e+11,3.70776474e+11,1.40446532e+02,8.11884795e-04,1.00000000e+00,3.58201180e+02
3.42673281e-04,9.10000000e-02,2.21000000e+04,9.82140362e+14,3.18118301e-05,1.97648999e-10,1.26349853e-11,1.14596264e-06,2.26503597e-07,3.32476473e-16,4.40982242e-13,8.15672389e-05,2.75765995e-08,2.53294222e-07,1.66572398e-08,9.32759623e-13,5.97224336e+00,5.51511088e+01,8.62728464e+02,1.86041566e+00,2.52100865e+02,1.01853958e+02,1.76008097e+02,2.82026445e-03,8.34189815e+00,1.42945960e+03,8.27931805e+00,9.30540028e+01,1.79769313e+308,3.70776474e+11,1.40447350e+02,8.72608652e-04,1.00000000e+00,3.60114541e+02
3.68302214e-04,9.10000000e-02,2.21000000e+04,9.81749359e+14,3.18120443e-05,2.12432025e-10,1.35800108e-11,1.14594684e-06,2.26503690e-07,3.84069560e-16,4.73963881e-13,8.20231921e-05,2.77307501e-08,2.53294215e-07,1.66571877e-08,1.00252165e-12,5.97224341e+00,5.51511092e+01,8.62728464e+02,1.86041567e+00,2.52100867e+02,1.01853958e+02,1.76008097e+02,2.82026448e-03,8.34189823e+00,1.42945962e+03,8.27931812e+00,9.30540028e+01,1.79769313e+308,1.79769313e+308,1.40448238e+02,9.37874456e-04,1.00000000e+00,3.62127398e+02
3.95847965e-04,9.10000000e-02,2.21000000e+04,9.81289473e+14,3.18122767e-05,2.28320795e-10,1.45957224e-11,1.14592987e-06,2.26503790e-07,4.43668835e-16,5.09412265e-13,8.25019740e-05,2.78926187e-08,2.53294209e-07,1.66571317e-08,1.07750123e-12,5.97224347e+00,5.51511098e+01,8.62728464e+02,1.86041569e+00,2.52100870e+02,1.01853958e+02,1.76008097e+02,2.82026451e-03,8.34189830e+00,1.42945963e+03,8.27931820e+00,9.30540028e+01,2.00111116e+11,3.70776474e+11,1.40449202e+02,1.00802196e-03,1.00000000e+00,3.64241030e+02
4.25453894e-04,9.10000000e-02,2.21000000e+04,9.80750122e+14,3.18125289e-05,2.45398024e-10,1.56874081e-11,1.14591162e-06,2.26503898e-07,5.12516709e-16,5.47511887e-13,8.30037121e-05,2.80622485e-08,2.53294201e-07,1.66570715e-08,1.15808860e-12,5.97224353e+00,5.51511103e+01,8.62728464e+02,1.86041571e+00,2.52100872e+02,1.01853958e+02,1.76008097e+02,2.82026453e-03,8.34189839e+00,1.42945965e+03,8.27931828e+00,9.30540028e+01,4.00222233e+11,1.79769313e+308,1.40450249e+02,1.08341634e-03,1.00000000e+00,3.66455998e+02
4.57274085e-04,9.10000000e-02,2.21000000e+04,9.80119247e+14,3.18128027e-05,2.63752619e-10,1.68607512e-11,1.14589201e-06,2.26504014e-07,5.92048400e-16,5.88461036e-13,8.35283348e-05,2.82396152e-08,2.53294194e-07,1.66570069e-08,1.24470316e-12,5.97224360e+00,5.51511109e+01,8.62728464e+02,1.86041573e+00,2.52100875e+02,1.01853958e+02,1.76008097e+02,2.82026456e-03,8.34189848e+00,1.42945966e+03,8.27931837e+00,9.30540028e+01,4.00222233e+11,1.79769313e+308,1.40451386e+02,1.16445009e-03,1.00000000e+00,3.68771985e+02
4.91474146e-04,9.10000000e-02,2.21000000e+04,9.79383139e+14,3.18131000e-05,2.83480140e-10,1.81218605e-11,1.14587093e-06,2.26504138e-07,6.83921849e-16,6.32472836e-13,8.40755357e-05,2.84246152e-08,2.53294185e-07,1.66569374e-08,1.33779569e-12,5.97224367e+00,5.51511116e+01,8.62728464e+02,1.86041575e+00,2.52100878e+02,1.01853958e+02,1.76008097e+02,2.82026460e-03,8.34189858e+00,1.42945968e+03,8.27931847e+00,9.30540028e+01,1.79769313e+308,3.70776474e+11,1.40452622e+02,1.25154508e-03,1.00000000e+00,3.71187637e+02
5.28232068e-04,9.10000000e-02,2.21000000e+04,9.78526239e+14,3.18134231e-05,3.04683297e-10,1.94773019e-11,1.14584828e-06,2.26504272e-07,7.90052289e-16,6.79776347e-13,8.46447286e-05,2.86170503e-08,2.53294176e-07,1.66568627e-08,1.43785067e-12,5.97224374e+00,5.51511123e+01,8.62728464e+02,1.86041578e+00,2.52100881e+02,1.01853958e+02,1.76008097e+02,2.82026463e-03,8.34189869e+00,1.42945970e+03,8.27931858e+00,9.30540028e+01,4.00222233e+11,1.79769313e+308,1.40453965e+02,1.34515475e-03,1.00000000e+00,3.73700363e+02
5.67739158e-04,9.10000000e-02,2.21000000e+04,9.77530926e+14,3.18137741e-05,3.27472487e-10,2.09341327e-11,1.14582393e-06,2.26504415e-07,9.12652173e-16,7.30617763e-13,8.52350002e-05,2.88166119e-08,2.53294167e-07,1.66567824e-08,1.54538884e-12,5.97224382e+00,5.51511130e+01,8.62728464e+02,1.86041580e+00,2.52100885e+02,1.01853958e+02,1.76008097e+02,2.82026467e-03,8.34189880e+00,1.42945972e+03,8.27931869e+00,9.30540028e+01,1.79769313e+308,3.70776474e+11,1.40455426e+02,1.44576646e-03,1.00000000e+00,3.76306131e+02
6.10201030e-04,9.10000000e-02,2.21000000e+04,9.76377282e+14,3.18141556e-05,3.51966369e-10,2.24999384e-11,1.14579776e-06,2.26504570e-07,1.05427730e-15,7.85261692e-13,8.58450563e-05,2.90228622e-08,2.53294156e-07,1.66566961e-08,1.66096985e-12,5.97224391e+00,5.51511138e+01,8.62728464e+02,1.86041583e+00,2.52100888e+02,1.01853958e+02,1.76008097e+02,2.82026471e-03,8.34189892e+00,1.42945974e+03,8.27931881e+00,9.30540028e+01,8.00444465e+11,7.41552947e+11,1.40457015e+02,1.55390405e-03,1.00000000e+00,3.78999225e+02
6.55838674e-04,9.10000000e-02,2.21000000e+04,9.75042853e+14,3.18145704e-05,3.78292483e-10,2.41828721e-11,1.14576964e-06,2.26504735e-07,1.21788011e-15,8.43992531e-13,8.64731632e-05,2.92352153e-08,2.53294145e-07,1.66566033e-08,1.78519524e-12,5.97224400e+00,5.51511147e+01,8.62728464e+02,1.86041586e+00,2.52100892e+02,1.01853958e+02,1.76008097e+02,2.82026476e-03,8.34189905e+00,1.42945976e+03,8.27931894e+00,9.30540028e+01,8.00444465e+11,1.79769313e+308,1.40458743e+02,1.67013057e-03,1.00000000e+00,3.81771988e+02
7.04889610e-04,9.10000000e-02,2.21000000e+04,9.73502380e+14,3.18150215e-05,4.06587916e-10,2.59916974e-11,1.14573941e-06,2.26504914e-07,1.40687123e-15,9.07115949e-13,8.71170835e-05,2.94529146e-08,2.53294133e-07,1.66565036e-08,1.91871151e-12,5.97224410e+00,5.51511156e+01,8.62728464e+02,1.86041589e+00,2.52100896e+02,1.01853958e+02,1.76008097e+02,2.82026480e-03,8.34189919e+00,1.42945978e+03,8.27931908e+00,9.30540028e+01,8.00444465e+11,1.79769313e+308,1.40460624e+02,1.79505119e-03,1.00000000e+00,3.84614541e+02
7.57609124e-04,9.10000000e-02,2.21000000e+04,9.71727527e+14,3.18155120e-05,4.37000016e-10,2.79358336e-11,1.14570692e-06,2.26505105e-07,1.62519059e-15,9.74960478e-13,8.77740067e-05,2.96750100e-08,2.53294120e-07,1.66563965e-08,2.06221354e-12,5.97224421e+00,5.51511166e+01,8.62728464e+02,1.86041592e+00,2.52100901e+02,1.01853958e+02,1.76008097e+02,2.82026486e-03,8.34189934e+00,1.42945981e+03,8.27931923e+00,9.30540028e+01,1.79769313e+308,7.41552947e+11,1.40462671e+02,1.92931641e-03,1.00000000e+00,3.87514474e+02
8.14271590e-04,9.10000000e-02,2.21000000e+04,9.69686599e+14,3.18160455e-05,4.69687163e-10,3.00254055e-11,1.14567201e-06,2.26505311e-07,1.87738957e-15,1.04787922e-12,8.84404746e-05,2.99003323e-08,2.53294107e-07,1.66562813e-08,2.21644815e-12,5.97224433e+00,5.51511177e+01,8.62728464e+02,1.86041596e+00,2.52100906e+02,1.01853958e+02,1.76008097e+02,2.82026491e-03,8.34189950e+00,1.42945984e+03,8.27931939e+00,9.30540028e+01,1.79769313e+308,1.79769313e+308,1.40464898e+02,2.07362538e-03,1.00000000e+00,3.90456516e+02
8.75171909e-04,9.10000000e-02,2.21000000e+04,9.67344247e+14,3.18166257e-05,5.04819593e-10,3.22712957e-11,1.14563448e-06,2.26505533e-07,2.16872592e-15,1.12625169e-12,8.91123020e-05,3.01274666e-08,2.53294092e-07,1.66561576e-08,2.38221803e-12,5.97224445e+00,5.51511188e+01,8.62728464e+02,1.86041600e+00,2.52100911e+02,1.01853958e+02,1.76008097e+02,2.82026497e-03,8.34189967e+00,1.42945987e+03,8.27931956e+00,9.30540028e+01,8.00444465e+11,1.79769313e+308,1.40467322e+02,2.22872963e-03,1.00000000e+00,3.93422187e+02
9.40627033e-04,9.10000000e-02,2.21000000e+04,9.64661182e+14,3.18172567e-05,5.42580289e-10,3.46852015e-11,1.14559415e-06,2.26505771e-07,2.50527335e-15,1.21048578e-12,8.97844941e-05,3.03547241e-08,2.53294076e-07,1.66560246e-08,2.56038590e-12,5.97224458e+00,5.51511200e+01,8.62728464e+02,1.86041604e+00,2.52100917e+02,1.01853958e+02,1.76008097e+02,2.82026503e-03,8.34189986e+00,1.42945990e+03,8.27931974e+00,9.30540028e+01,8.00444465e+11,7.41552947e+11,1.40469961e+02,2.39543694e-03,1.00000000e+00,3.96389433e+02
1.01097762e-03,9.10000000e-02,2.21000000e+04,9.61593891e+14,3.18179427e-05,5.83165937e-10,3.72796966e-11,1.14555081e-06,2.26506026e-07,2.89404823e-15,1.30101991e-12,9.04511609e-05,3.05801137e-08,2.53294059e-07,1.66558816e-08,2.75187901e-12,5.97224472e+00,5.51511213e+01,8.62728464e+02,1.86041608e+00,2.52100923e+02,1.01853958e+02,1.76008097e+02,2.82026510e-03,8.34190006e+00,1.42945993e+03,8.27931994e+00,9.30540028e+01,1.79769313e+308,7.41552947e+11,1.40472831e+02,2.57461555e-03,1.00000000e+00,3.99332249e+02
1.08658981e-03,9.10000000e-02,2.21000000e+04,9.58094386e+14,3.18186885e-05,6.26787951e-10,4.00682957e-11,1.14550422e-06,2.26506301e-07,3.34315587e-15,1.39832526e-12,9.11054342e-05,3.08013132e-08,2.53294041e-07,1.66557280e-08,2.95769393e-12,5.97224488e+00,5.51511227e+01,8.62728464e+02,1.86041613e+00,2.52100929e+02,1.01853958e+02,1.76008097e+02,2.82026517e-03,8.34190027e+00,1.42945997e+03,8.27932015e+00,9.30540028e+01,1.79769313e+308,7.41552947e+11,1.40475953e+02,2.76719874e-03,1.00000000e+00,4.02220308e+02
1.16785713e-03,9.10000000e-02,2.21000000e+04,9.54109955e+14,3.18194987e-05,6.73673579e-10,4.30655261e-11,1.14545415e-06,2.26506597e-07,3.86195955e-15,1.50290828e-12,9.17393783e-05,3.10156397e-08,2.53294021e-07,1.66555629e-08,3.17890178e-12,5.97224504e+00,5.51511242e+01,8.62728464e+02,1.86041618e+00,2.52100936e+02,1.01853958e+02,1.76008097e+02,2.82026525e-03,8.34190049e+00,1.42946001e+03,8.27932037e+00,9.30540028e+01,1.79769313e+308,1.79769313e+308,1.40479347e+02,2.97418966e-03,1.00000000e+00,4.05018571e+02
1.25520252e-03,9.10000000e-02,2.21000000e+04,9.49583001e+14,3.18203787e-05,7.24067091e-10,4.62870032e-11,1.14540035e-06,2.26506914e-07,4.46127579e-15,1.61531328e-12,9.23439155e-05,3.12200242e-08,2.53294000e-07,1.66553854e-08,3.41665379e-12,5.97224521e+00,5.51511258e+01,8.62728464e+02,1.86041623e+00,2.52100943e+02,1.01853958e+02,1.76008097e+02,2.82026533e-03,8.34190074e+00,1.42946005e+03,8.27932061e+00,9.30540028e+01,1.60088893e+12,1.79769313e+308,1.40483034e+02,3.19666661e-03,1.00000000e+00,4.07686961e+02
1.34908057e-03,9.10000000e-02,2.21000000e+04,9.44450911e+14,3.18213336e-05,7.78231056e-10,4.97495122e-11,1.14534252e-06,2.26507256e-07,5.15359990e-15,1.73612531e-12,9.29087514e-05,3.14109864e-08,2.53293978e-07,1.66551947e-08,3.67218728e-12,5.97224540e+00,5.51511275e+01,8.62728464e+02,1.86041629e+00,2.52100951e+02,1.01853958e+02,1.76008097e+02,2.82026541e-03,8.34190099e+00,1.42946009e+03,8.27932087e+00,9.30540028e+01,1.79769313e+308,1.79769313e+308,1.40487039e+02,3.43578864e-03,1.00000000e+00,4.10180023e+02
1.44997988e-03,9.10000000e-02,2.21000000e+04,9.38646023e+14,3.18223690e-05,8.36447715e-10,5.34710955e-11,1.14528037e-06,2.26507623e-07,5.95336664e-15,1.86597314e-12,9.34223134e-05,3.15846136e-08,2.53293954e-07,1.66549897e-08,3.94683210e-12,5.97224559e+00,5.51511294e+01,8.62728464e+02,1.86041635e+00,2.52100959e+02,1.01853958e+02,1.76008097e+02,2.82026551e-03,8.34190127e+00,1.42946014e+03,8.27932114e+00,9.30540028e+01,1.60088893e+12,1.48310589e+12,1.40491382e+02,3.69280161e-03,1.00000000e+00,4.12446664e+02
1.55842556e-03,9.10000000e-02,2.21000000e+04,9.32095709e+14,3.18234907e-05,8.99020456e-10,5.74711479e-11,1.14521357e-06,2.26508017e-07,6.87725120e-15,2.00553259e-12,9.38717083e-05,3.17365469e-08,2.53293928e-07,1.66547694e-08,4.24201756e-12,5.97224580e+00,5.51511313e+01,8.62728464e+02,1.86041642e+00,2.52100968e+02,1.01853958e+02,1.76008097e+02,2.82026561e-03,8.34190156e+00,1.42946019e+03,8.27932143e+00,9.30540028e+01,1.60088893e+12,1.48310589e+12,1.40496090e+02,3.96904475e-03,1.00000000e+00,4.14429959e+02
1.67498202e-03,9.10000000e-02,2.21000000e+04,9.24722604e+14,3.18247043e-05,9.66275402e-10,6.17705174e-11,1.14514179e-06,2.26508441e-07,7.94451707e-15,2.15553004e-12,9.42427028e-05,3.18619743e-08,2.53293901e-07,1.66545326e-08,4.55927987e-12,5.97224603e+00,5.51511334e+01,8.62728464e+02,1.86041649e+00,2.52100978e+02,1.01853958e+02,1.76008097e+02,2.82026571e-03,8.34190188e+00,1.42946024e+03,8.27932174e+00,9.30540028e+01,1.79769313e+308,1.48310589e+12,1.40501184e+02,4.26595758e-03,1.00000000e+00,4.16067067e+02
1.80025587e-03,9.10000000e-02,2.21000000e+04,9.16444991e+14,3.18260154e-05,1.03856312e-09,6.63916141e-11,1.14506464e-06,2.26508897e-07,9.17741782e-15,2.31674618e-12,9.45197308e-05,3.19556331e-08,2.53293871e-07,1.66542781e-08,4.90027012e-12,5.97224627e+00,5.51511356e+01,8.62728464e+02,1.86041656e+00,2.52100988e+02,1.01853958e+02,1.76008097e+02,2.82026583e-03,8.34190221e+00,1.42946030e+03,8.27932208e+00,9.30540028e+01,1.79769313e+308,1.79769313e+308,1.40506690e+02,4.58508753e-03,1.00000000e+00,4.17289264e+02
1.93489910e-03,9.10000000e-02,2.21000000e+04,9.07177412e+14,3.18274295e-05,1.11626044e-09,7.13585284e-11,1.14498172e-06,2.26509386e-07,1.06016613e-14,2.49002010e-12,9.46859402e-05,3.20118259e-08,2.53293839e-07,1.66540046e-08,5.26676287e-12,5.97224652e+00,5.51511380e+01,8.62728464e+02,1.86041664e+00,2.52100999e+02,1.01853958e+02,1.76008097e+02,2.82026595e-03,8.34190257e+00,1.42946036e+03,8.27932243e+00,9.30540028e+01,1.60088893e+12,1.48310589e+12,1.40512630e+02,4.92809794e-03,1.00000000e+00,4.18022148e+02
2.07961245e-03,9.10000000e-02,2.21000000e+04,8.96831508e+14,3.18289519e-05,1.19977246e-09,7.66971558e-11,1.14489262e-06,2.26509913e-07,1.22469459e-14,2.67625365e-12,9.47232822e-05,3.20244507e-08,2.53293806e-07,1.66537107e-08,5.66066539e-12,5.97224679e+00,5.51511405e+01,8.62728464e+02,1.86041673e+00,2.52101010e+02,1.01853958e+02,1.76008097e+02,2.82026607e-03,8.34190295e+00,1.42946043e+03,8.27932280e+00,9.30540028e+01,1.79769313e+308,1.48310589e+12,1.40519024e+02,5.29677684e-03,1.00000000e+00,4.18186034e+02
2.23514908e-03,9.10000000e-02,2.21000000e+04,8.85317152e+14,3.18305872e-05,1.28953463e-09,8.24353335e-11,1.14479686e-06,2.26510479e-07,1.41475800e-14,2.87641615e-12,9.46126569e-05,3.19870500e-08,2.53293769e-07,1.66533949e-08,6.08402759e-12,5.97224708e+00,5.51511431e+01,8.62728464e+02,1.86041682e+00,2.52101022e+02,1.01853958e+02,1.76008097e+02,2.82026621e-03,8.34190335e+00,1.42946050e+03,8.27932320e+00,9.30540028e+01,1.79769313e+308,1.79769313e+308,1.40525893e+02,5.69304622e-03,1.00000000e+00,4.17696600e+02
2.40231848e-03,9.10000000e-02,2.21000000e+04,8.72543903e+14,3.18323394e-05,1.38601503e-09,8.86029852e-11,1.14469395e-06,2.26511087e-07,1.63431982e-14,3.09154940e-12,9.43341198e-05,3.18928810e-08,2.53293731e-07,1.66530554e-08,6.53905270e-12,5.97224738e+00,5.51511459e+01,8.62728464e+02,1.86041691e+00,2.52101035e+02,1.01853958e+02,1.76008097e+02,2.82026635e-03,8.34190377e+00,1.42946057e+03,8.27932362e+00,9.30540028e+01,1.06725929e+12,2.96621179e+12,1.40533251e+02,6.11897215e-03,1.00000000e+00,4.16465794e+02
2.58199067e-03,9.10000000e-02,2.21000000e+04,8.58422816e+14,3.18342114e-05,1.48971687e-09,9.52322781e-11,1.14458335e-06,2.26511741e-07,1.88795874e-14,3.32277315e-12,9.38671612e-05,3.17350096e-08,2.53293689e-07,1.66526906e-08,7.02810866e-12,5.97224771e+00,5.51511489e+01,8.62728464e+02,1.86041701e+00,2.52101048e+02,1.01853958e+02,1.76008097e+02,2.82026651e-03,8.34190422e+00,1.42946065e+03,8.27932407e+00,9.30540028e+01,1.79769313e+308,2.96621179e+12,1.40541109e+02,6.57677551e-03,1.00000000e+00,4.14403071e+02
2.77510075e-03,9.10000000e-02,2.21000000e+04,8.42868625e+14,3.18362049e-05,1.60118105e-09,1.02357791e-10,1.14446449e-06,2.26512444e-07,2.18096428e-14,3.57129088e-12,9.31910625e-05,3.15064313e-08,2.53293645e-07,1.66522985e-08,7.55374055e-12,5.97224805e+00,5.51511520e+01,8.62728464e+02,1.86041712e+00,2.52101063e+02,1.01853958e+02,1.76008097e+02,2.82026667e-03,8.34190470e+00,1.42946073e+03,8.27932454e+00,9.30540028e+01,3.20177786e+12,2.96621179e+12,1.40549474e+02,7.06884363e-03,1.00000000e+00,4.11416965e+02
2.98265376e-03,9.10000000e-02,2.21000000e+04,8.25802329e+14,3.18383200e-05,1.72098902e-09,1.10016693e-10,1.14433676e-06,2.26513200e-07,2.51944715e-14,3.83839611e-12,9.22853370e-05,3.12002197e-08,2.53293597e-07,1.66518771e-08,8.11868374e-12,5.97224840e+00,5.51511553e+01,8.62728464e+02,1.86041723e+00,2.52101078e+02,1.01853958e+02,1.76008097e+02,2.82026684e-03,8.34190520e+00,1.42946081e+03,8.27932504e+00,9.30540028e+01,3.20177786e+12,2.96621179e+12,1.40558342e+02,7.59774274e-03,1.00000000e+00,4.07417037e+02
3.20572990e-03,9.10000000e-02,2.21000000e+04,8.07154170e+14,3.18405547e-05,1.84976583e-09,1.18248943e-10,1.14419950e-06,2.26514013e-07,2.91046671e-14,4.12547911e-12,9.11302578e-05,3.08097057e-08,2.53293547e-07,1.66514243e-08,8.72587816e-12,5.97224878e+00,5.51511588e+01,8.62728464e+02,1.86041735e+00,2.52101094e+02,1.01853958e+02,1.76008097e+02,2.82026701e-03,8.34190572e+00,1.42946090e+03,8.27932556e+00,9.30540028e+01,1.79769313e+308,2.96621179e+12,1.40567704e+02,8.16623132e-03,1.00000000e+00,4.02316204e+02
3.44549017e-03,9.10000000e-02,2.21000000e+04,7.86866995e+14,3.18429048e-05,1.98818333e-09,1.27097490e-10,1.14405199e-06,2.26514886e-07,3.36217832e-14,4.43403414e-12,8.97074745e-05,3.03286850e-08,2.53293493e-07,1.66509377e-08,9.37848359e-12,5.97224918e+00,5.51511625e+01,8.62728464e+02,1.86041747e+00,2.52101111e+02,1.01853958e+02,1.76008097e+02,2.82026720e-03,8.34190628e+00,1.42946100e+03,8.27932611e+00,9.30540028e+01,1.79769313e+308,1.79769313e+308,1.40577537e+02,8.77727449e-03,1.00000000e+00,3.96033461e+02
3.70318238e-03,9.10000000e-02,2.21000000e+04,7.64899964e+14,3.18453631e-05,2.13696376e-09,1.36608502e-10,1.14389347e-06,2.26515825e-07,3.88400348e-14,4.76566725e-12,8.80007123e-05,2.97516556e-08,2.53293435e-07,1.66504147e-08,1.00798961e-11,5.97224959e+00,5.51511663e+01,8.62728464e+02,1.86041760e+00,2.52101128e+02,1.01853958e+02,1.76008097e+02,2.82026740e-03,8.34190686e+00,1.42946110e+03,8.27932668e+00,9.30540028e+01,1.79769313e+308,1.79769313e+308,1.40587807e+02,9.43405942e-03,1.00000000e+00,3.88496972e+02
3.98014769e-03,9.10000000e-02,2.21000000e+04,7.41232503e+14,3.18479191e-05,2.29688339e-09,1.46831607e-10,1.14372313e-06,2.26516835e-07,4.48682647e-14,5.12210459e-12,8.59965431e-05,2.90740775e-08,2.53293373e-07,1.66498527e-08,1.08337657e-11,5.97225002e+00,5.51511703e+01,8.62728464e+02,1.86041773e+00,2.52101146e+02,1.01853958e+02,1.76008097e+02,2.82026760e-03,8.34190746e+00,1.42946120e+03,8.27932728e+00,9.30540028e+01,1.79769313e+308,2.96621179e+12,1.40598464e+02,1.01400119e-02,1.00000000e+00,3.79647469e+02
4.27782756e-03,9.10000000e-02,2.21000000e+04,7.15868418e+14,3.18505586e-05,2.46877667e-09,1.57820147e-10,1.14354008e-06,2.26517920e-07,5.18322143e-14,5.50520147e-12,8.36852095e-05,2.82926520e-08,2.53293307e-07,1.66492488e-08,1.16440155e-11,5.97225047e+00,5.51511745e+01,8.62728464e+02,1.86041787e+00,2.52101165e+02,1.01853958e+02,1.76008097e+02,2.82026781e-03,8.34190809e+00,1.42946131e+03,8.27932791e+00,9.30540028e+01,1.79769313e+308,1.79769313e+308,1.40609443e+02,1.08988139e-02,1.00000000e+00,3.69441894e+02
4.59777126e-03,9.10000000e-02,2.21000000e+04,6.88839993e+14,3.18532632e-05,2.65354043e-09,1.69631453e-10,1.14334338e-06,2.26519088e-07,5.98771475e-14,5.91695196e-12,8.10614761e-05,2.74056091e-08,2.53293237e-07,1.66485998e-08,1.25148616e-11,5.97225094e+00,5.51511788e+01,8.62728464e+02,1.86041802e+00,2.52101185e+02,1.01853958e+02,1.76008097e+02,2.82026803e-03,8.34190874e+00,1.42946142e+03,8.27932856e+00,9.30540028e+01,6.40355572e+12,2.96621179e+12,1.40620658e+02,1.17144231e-02,1.00000000e+00,3.57857154e+02
4.94164391e-03,9.10000000e-02,2.21000000e+04,6.60211886e+14,3.18560098e-05,2.85213861e-09,1.82327146e-10,1.14313200e-06,2.26520342e-07,6.91708818e-14,6.35949933e-12,7.81254725e-05,2.64129925e-08,2.53293162e-07,1.66479024e-08,1.34508356e-11,5.97225143e+00,5.51511832e+01,8.62728464e+02,1.86041817e+00,2.52101205e+02,1.01853958e+02,1.76008097e+02,2.82026826e-03,8.34190942e+00,1.42946154e+03,8.27932923e+00,9.30540028e+01,6.40355572e+12,1.79769313e+308,1.40632004e+02,1.25910926e-02,1.00000000e+00,3.44893848e+02
5.31123520e-03,9.10000000e-02,2.21000000e+04,6.30084594e+14,3.18587704e-05,3.06560714e-09,1.95973452e-10,1.14290487e-06,2.26521691e-07,7.99072893e-14,6.83514713e-12,7.48834872e-05,2.53169283e-08,2.53293082e-07,1.66471529e-08,1.44568081e-11,5.97225192e+00,5.51511878e+01,8.62728464e+02,1.86041833e+00,2.52101227e+02,1.01853958e+02,1.76008097e+02,2.82026850e-03,8.34191011e+00,1.42946165e+03,8.27932992e+00,9.30540028e+01,1.79769313e+308,1.79769313e+308,1.40643354e+02,1.35333933e-02,1.00000000e+00,3.30579764e+02
5.70846866e-03,9.10000000e-02,2.21000000e+04,5.98597184e+14,3.18615119e-05,3.29505936e-09,2.10641541e-10,1.14266081e-06,2.26523142e-07,9.23103418e-14,7.34637129e-12,7.13486556e-05,2.41218574e-08,2.53292997e-07,1.66463476e-08,1.55380137e-11,5.97225244e+00,5.51511926e+01,8.62728464e+02,1.86041848e+00,2.52101248e+02,1.01853958e+02,1.76008097e+02,2.82026874e-03,8.34191083e+00,1.42946178e+03,8.27933063e+00,9.30540028e+01,3.20177786e+12,2.96621179e+12,1.40654556e+02,1.45462372e-02,1.00000000e+00,3.14972921e+02
6.13541166e-03,9.10000000e-02,2.21000000e+04,5.65929005e+14,3.18641957e-05,3.54169160e-09,2.26407891e-10,1.14239857e-06,2.26524702e-07,1.06638783e-13,7.89583292e-12,6.75414850e-05,2.28347129e-08,2.53292906e-07,1.66454822e-08,1.67000783e-11,5.97225296e+00,5.51511974e+01,8.62728464e+02,1.86041865e+00,2.52101270e+02,1.01853958e+02,1.76008097e+02,2.82026899e-03,8.34191156e+00,1.42946190e+03,8.27933135e+00,9.30540028e+01,6.40355572e+12,1.79769313e+308,1.40665435e+02,1.56349024e-02,1.00000000e+00,2.98163885e+02
6.59428623e-03,9.10000000e-02,2.21000000e+04,5.32300059e+14,3.18667780e-05,3.80678939e-09,2.43354683e-10,1.14211678e-06,2.26526379e-07,1.23191523e-13,8.48639221e-12,6.34901567e-05,2.14650226e-08,2.53292809e-07,1.66445523e-08,1.79490486e-11,5.97225349e+00,5.51512023e+01,8.62728464e+02,1.86041881e+00,2.52101293e+02,1.01853958e+02,1.76008097e+02,2.82026924e-03,8.34191231e+00,1.42946203e+03,8.27933209e+00,9.30540028e+01,1.79769313e+308,1.79769313e+308,1.40675793e+02,1.68050601e-02,1.00000000e+00,2.80277101e+02
7.08748056e-03,9.10000000e-02,2.21000000e+04,4.97969737e+14,3.18692097e-05,4.09173396e-09,2.61570213e-10,1.14181401e-06,2.26528181e-07,1.42313875e-13,9.12112336e-12,5.92305425e-05,2.00249140e-08,2.53292706e-07,1.66435530e-08,1.92914235e-11,5.97225404e+00,5.51512073e+01,8.62728464e+02,1.86041898e+00,2.52101316e+02,1.01853958e+02,1.76008097e+02,2.82026949e-03,8.34191306e+00,1.42946216e+03,8.27933284e+00,9.30540028e+01,6.40355572e+12,2.96621179e+12,1.40685409e+02,1.80628032e-02,1.00000000e+00,2.61470966e+02
7.61756147e-03,9.10000000e-02,2.21000000e+04,4.63233630e+14,3.18714376e-05,4.39800924e-09,2.81149344e-10,1.14148870e-06,2.26530120e-07,1.64404753e-13,9.80333053e-12,5.48058752e-05,1.85290037e-08,2.53292596e-07,1.66424793e-08,2.07341876e-11,5.97225458e+00,5.51512124e+01,8.62728464e+02,1.86041915e+00,2.52101339e+02,1.01853958e+02,1.76008097e+02,2.82026975e-03,8.34191383e+00,1.42946229e+03,8.27933360e+00,9.30540028e+01,1.79769313e+308,1.79769313e+308,1.40694039e+02,1.94146776e-02,1.00000000e+00,2.41936371e+02
8.18728774e-03,9.10000000e-02,2.21000000e+04,4.28418255e+14,3.18734039e-05,4.72720937e-09,3.02193984e-10,1.14113918e-06,2.26532204e-07,1.89924987e-13,1.05365651e-11,5.02660366e-05,1.69941557e-08,2.53292479e-07,1.66413255e-08,2.22848479e-11,5.97225513e+00,5.51512175e+01,8.62728464e+02,1.86041932e+00,2.52101362e+02,1.01853958e+02,1.76008097e+02,2.82027001e-03,8.34191459e+00,1.42946242e+03,8.27933436e+00,9.30540028e+01,1.79769313e+308,5.93242358e+12,1.40701425e+02,2.08677146e-02,1.00000000e+00,2.21893558e+02
8.79962451e-03,9.10000000e-02,2.21000000e+04,3.93873609e+14,3.18750483e-05,5.08104678e-09,3.24813604e-10,1.14076364e-06,2.26534445e-07,2.19406924e-13,1.13246441e-11,4.56664361e-05,1.54391032e-08,2.53292355e-07,1.66400858e-08,2.39514724e-11,5.97225568e+00,5.51512225e+01,8.62728464e+02,1.86041950e+00,2.52101385e+02,1.01853958e+02,1.76008097e+02,2.82027027e-03,8.34191536e+00,1.42946255e+03,8.27933513e+00,9.30540028e+01,1.79769313e+308,1.18648472e+13,1.40707292e+02,2.24294667e-02,1.00000000e+00,2.01587163e+02
9.45775865e-03,9.10000000e-02,2.21000000e+04,3.59963608e+14,3.18763084e-05,5.46136077e-09,3.49125783e-10,1.14036018e-06,2.26536853e-07,2.53465523e-13,1.21716702e-11,4.10664791e-05,1.38839301e-08,2.53292222e-07,1.66387537e-08,2.57427326e-11,5.97225623e+00,5.51512276e+01,8.62728464e+02,1.86041967e+00,2.52101408e+02,1.01853958e+02,1.76008097e+02,2.82027053e-03,8.34191613e+00,1.42946269e+03,8.27933589e+00,9.30540028e+01,1.28071114e+13,1.18648472e+13,1.40711358e+02,2.41080455e-02,1.00000000e+00,1.81279463e+02
1.01651154e-02,9.10000000e-02,2.21000000e+04,3.27054689e+14,3.18771209e-05,5.87012679e-09,3.75256806e-10,1.13992671e-06,2.26539443e-07,2.92811160e-13,1.30820531e-11,3.65276698e-05,1.23494302e-08,2.53292080e-07,1.66373224e-08,2.76679480e-11,5.97225678e+00,5.51512326e+01,8.62728464e+02,1.86041984e+00,2.52101431e+02,1.01853958e+02,1.76008097e+02,2.82027079e-03,8.34191689e+00,1.42946282e+03,8.27933664e+00,9.30540028e+01,1.28071114e+13,1.18648472e+13,1.40713337e+02,2.59121622e-02,1.00000000e+00,1.61241986e+02
1.09253762e-02,9.10000000e-02,2.21000000e+04,2.95502987e+14,3.18774240e-05,6.30946636e-09,4.03342295e-10,1.13946103e-06,2.26542226e-07,3.38264416e-13,1.40605323e-11,3.21114097e-05,1.08563622e-08,2.53291928e-07,1.66357845e-08,2.97371350e-11,5.97225732e+00,5.51512376e+01,8.62728464e+02,1.86042000e+00,2.52101454e+02,1.01853958e+02,1.76008097e+02,2.82027104e-03,8.34191764e+00,1.42946295e+03,8.27933739e+00,9.30540028e+01,1.79769313e+308,1.79769313e+308,1.40712946e+02,2.78511713e-02,1.00000000e+00,1.41745803e+02
1.17424978e-02,9.10000000e-02,2.21000000e+04,2.65640761e+14,3.18771576e-05,6.78165772e-09,4.33527889e-10,1.13896076e-06,2.26545218e-07,3.90773159e-13,1.51122020e-11,2.78766118e-05,9.42464364e-09,2.53291767e-07,1.66341321e-08,3.19610586e-11,5.97225785e+00,5.51512425e+01,8.62728464e+02,1.86042017e+00,2.52101477e+02,1.01853958e+02,1.76008097e+02,2.82027129e-03,8.34191839e+00,1.42946307e+03,8.27933813e+00,9.30540028e+01,1.79769313e+308,1.79769313e+308,1.40709911e+02,2.99351175e-02,1.00000000e+00,1.23050983e+02
1.26207328e-02,9.10000000e-02,2.21000000e+04,2.37762844e+14,3.18762658e-05,7.28914728e-09,4.65969979e-10,1.13842333e-06,2.26548434e-07,4.51432257e-13,1.62425375e-11,2.38772640e-05,8.07252708e-09,2.53291595e-07,1.66323567e-08,3.43512887e-11,5.97225837e+00,5.51512474e+01,8.62728464e+02,1.86042033e+00,2.52101499e+02,1.01853958e+02,1.76008097e+02,2.82027154e-03,8.34191912e+00,1.42946320e+03,8.27933886e+00,9.30540028e+01,1.28071114e+13,1.79769313e+308,1.40703978e+02,3.21747856e-02,1.00000000e+00,1.05395846e+02
1.35646521e-02,9.10000000e-02,2.21000000e+04,2.12114094e+14,3.18746976e-05,7.83456189e-09,5.00836493e-10,1.13784603e-06,2.26551890e-07,5.21506357e-13,1.74574240e-11,2.01601162e-05,6.81581793e-09,2.53291411e-07,1.66304491e-08,3.69202598e-11,5.97225889e+00,5.51512522e+01,8.62728464e+02,1.86042050e+00,2.52101521e+02,1.01853958e+02,1.76008097e+02,2.82027179e-03,8.34191984e+00,1.42946332e+03,8.27933957e+00,9.30540028e+01,1.79769313e+308,1.79769313e+308,1.40694909e+02,3.45817548e-02,1.00000000e+00,8.89867491e+01
1.45791682e-02,9.10000000e-02,2.21000000e+04,1.88878778e+14,3.18724083e-05,8.42072209e-09,5.38307736e-10,1.13722590e-06,2.26555603e-07,6.02456167e-13,1.87631871e-11,1.67626636e-05,5.66719269e-09,2.53291214e-07,1.66283995e-08,3.96813362e-11,5.97225940e+00,5.51512569e+01,8.62728464e+02,1.86042065e+00,2.52101542e+02,1.01853958e+02,1.76008097e+02,2.82027203e-03,8.34192055e+00,1.42946344e+03,8.27934028e+00,9.30540028e+01,1.79769313e+308,1.18648472e+13,1.40682499e+02,3.71684565e-02,1.00000000e+00,7.39891812e+01
1.56695611e-02,9.10000000e-02,2.21000000e+04,1.68172863e+14,3.18693599e-05,9.05065625e-09,5.78577305e-10,1.13655980e-06,2.26559594e-07,6.95968813e-13,2.01666255e-11,1.37116007e-05,4.63567636e-09,2.53291003e-07,1.66261974e-08,4.26488806e-11,5.97225990e+00,5.51512615e+01,8.62728464e+02,1.86042081e+00,2.52101563e+02,1.01853958e+02,1.76008097e+02,2.82027226e-03,8.34192125e+00,1.42946356e+03,8.27934098e+00,9.30540028e+01,1.79769313e+308,1.79769313e+308,1.40666566e+02,3.99482366e-02,1.00000000e+00,6.05209450e+01
1.68415058e-02,9.10000000e-02,2.21000000e+04,1.50039933e+14,3.18655215e-05,9.72761589e-09,6.21853056e-10,1.13584435e-06,2.26563881e-07,8.03992887e-13,2.16750470e-11,1.10218857e-05,3.72632606e-09,2.53290778e-07,1.66238315e-08,4.58383296e-11,5.97226040e+00,5.51512661e+01,8.62728464e+02,1.86042096e+00,2.52101584e+02,1.01853958e+02,1.76008097e+02,2.82027250e-03,8.34192195e+00,1.42946368e+03,8.27934166e+00,9.30540028e+01,1.79769313e+308,1.79769313e+308,1.40646962e+02,4.29354223e-02,1.00000000e+00,4.86480267e+01
1.81011016e-02,9.10000000e-02,2.21000000e+04,1.34451258e+14,3.18608687e-05,1.04550920e-08,6.68358157e-10,1.13507593e-06,2.26568486e-07,9.28778903e-13,2.32963062e-11,8.69651437e-06,2.94015462e-09,2.53290537e-07,1.66212896e-08,4.92662732e-11,5.97226089e+00,5.51512707e+01,8.62728464e+02,1.86042112e+00,2.52101605e+02,1.01853958e+02,1.76008097e+02,2.82027273e-03,8.34192264e+00,1.42946380e+03,8.27934235e+00,9.30540028e+01,1.28071114e+13,2.37296943e+13,1.40623567e+02,4.61453936e-02,1.00000000e+00,3.83836010e+01
1.94549040e-02,9.10000000e-02,2.21000000e+04,1.21310135e+14,3.18553833e-05,1.12368325e-08,7.18332208e-10,1.13425066e-06,2.26573433e-07,1.07292601e-12,2.50388456e-11,6.72703444e-06,2.27430445e-09,2.53290279e-07,1.66185588e-08,5.29505412e-11,5.97226139e+00,5.51512752e+01,8.62728464e+02,1.86042127e+00,2.52101626e+02,1.01853958e+02,1.76008097e+02,2.82027297e-03,8.34192333e+00,1.42946392e+03,8.27934304e+00,9.30540028e+01,1.28071114e+13,1.18648472e+13,1.40596286e+02,4.95946606e-02,1.00000000e+00,2.96903055e+01
2.09099589e-02,9.10000000e-02,2.21000000e+04,1.10460238e+14,3.18490514e-05,1.20768615e-08,7.72032449e-10,1.13336438e-06,2.26578746e-07,1.23943593e-12,2.69117398e-11,5.09476326e-06,1.72245926e-09,2.53290003e-07,1.66156249e-08,5.69102959e-11,5.97226189e+00,5.51512798e+01,8.62728464e+02,1.86042143e+00,2.52101647e+02,1.01853958e+02,1.76008097e+02,2.82027320e-03,8.34192403e+00,1.42946404e+03,8.27934373e+00,9.30540028e+01,2.56142229e+13,1.79769313e+308,1.40565044e+02,5.33009460e-02,1.00000000e+00,2.24856185e+01
2.24738391e-02,9.10000000e-02,2.21000000e+04,1.01697299e+14,3.18418622e-05,1.29794991e-08,8.29735051e-10,1.13241265e-06,2.26584452e-07,1.43177520e-12,2.89247423e-11,3.77259798e-06,1.27545599e-09,2.53289706e-07,1.66124731e-08,6.11661313e-11,5.97226240e+00,5.51512845e+01,8.62728464e+02,1.86042159e+00,2.52101669e+02,1.01853958e+02,1.76008097e+02,2.82027344e-03,8.34192474e+00,1.42946416e+03,8.27934443e+00,9.30540028e+01,2.56142229e+13,2.37296943e+13,1.40529775e+02,5.72832731e-02,1.00000000e+00,1.66498537e+01
2.41546836e-02,9.10000000e-02,2.21000000e+04,9.47831121e+13,3.18338057e-05,1.39493830e-08,8.91736496e-10,1.13139068e-06,2.26590579e-07,1.65394703e-12,3.10883370e-11,2.72724737e-06,9.22039404e-10,2.53289387e-07,1.66090872e-08,6.57401802e-11,5.97226292e+00,5.51512894e+01,8.62728464e+02,1.86042175e+00,2.52101691e+02,1.01853958e+02,1.76008097e+02,2.82027369e-03,8.34192547e+00,1.42946429e+03,8.27934516e+00,9.30540028e+01,2.56142229e+13,1.79769313e+308,1.40490420e+02,6.15620607e-02,1.00000000e+00,1.20360139e+01
2.59612404e-02,9.10000000e-02,2.21000000e+04,8.94606085e+13,3.18248709e-05,1.49914920e-08,9.58355061e-10,1.13029338e-06,2.26597158e-07,1.91057427e-12,3.34137927e-11,1.92167345e-06,6.49687543e-10,2.53289046e-07,1.66054499e-08,7.06562289e-11,5.97226346e+00,5.51512944e+01,8.62728464e+02,1.86042192e+00,2.52101713e+02,1.01853958e+02,1.76008097e+02,2.82027394e-03,8.34192622e+00,1.42946442e+03,8.27934591e+00,9.30540028e+01,2.56142229e+13,1.79769313e+308,1.40446911e+02,6.61592237e-02,1.00000000e+00,8.48057173e+00
2.79029118e-02,9.10000000e-02,2.21000000e+04,8.54686660e+13,3.18150431e-05,1.61111706e-08,1.02993240e-09,1.12911527e-06,2.26604220e-07,2.20699519e-12,3.59132217e-11,1.31751716e-06,4.45431812e-10,2.53288679e-07,1.66015427e-08,7.59398406e-11,5.97226402e+00,5.51512996e+01,8.62728464e+02,1.86042209e+00,2.52101737e+02,1.01853958e+02,1.76008097e+02,2.82027421e-03,8.34192701e+00,1.42946455e+03,8.27934669e+00,9.30540028e+01,2.56142229e+13,1.79769313e+308,1.40399165e+02,7.10982813e-02,1.00000000e+00,5.81417752e+00
2.99898030e-02,9.10000000e-02,2.21000000e+04,8.25554235e+13,3.18043030e-05,1.73141549e-08,1.10683521e-09,1.12785050e-06,2.26611800e-07,2.54937392e-12,3.85996433e-11,8.77296992e-07,2.96600303e-10,2.53288285e-07,1.65973458e-08,8.16184881e-11,5.97226462e+00,5.51513050e+01,8.62728464e+02,1.86042228e+00,2.52101762e+02,1.01853958e+02,1.76008097e+02,2.82027449e-03,8.34192784e+00,1.42946469e+03,8.27934751e+00,9.30540028e+01,2.56142229e+13,1.79769313e+308,1.40347074e+02,7.64044719e-02,1.00000000e+00,3.87136500e+00
3.22327752e-02,9.10000000e-02,2.21000000e+04,8.04890900e+13,3.17926241e-05,1.86066016e-08,1.18945707e-09,1.12649282e-06,2.26619936e-07,2.94482809e-12,4.14870517e-11,5.66211335e-07,1.91427140e-10,2.53287862e-07,1.65928377e-08,8.77216963e-11,5.97226524e+00,5.51513108e+01,8.62728464e+02,1.86042247e+00,2.52101789e+02,1.01853958e+02,1.76008097e+02,2.82027479e-03,8.34192872e+00,1.42946484e+03,8.27934838e+00,9.30540028e+01,2.56142229e+13,1.79769313e+308,1.40290500e+02,8.21048754e-02,1.00000000e+00,2.49850628e+00
3.46435019e-02,9.10000000e-02,2.21000000e+04,7.90656086e+13,3.17799722e-05,1.99951175e-08,1.27822033e-09,1.12503553e-06,2.26628668e-07,3.40157597e-12,4.45904891e-11,3.53435775e-07,1.19491072e-10,2.53287407e-07,1.65879957e-08,9.42811949e-11,5.97226591e+00,5.51513170e+01,8.62728464e+02,1.86042268e+00,2.52101817e+02,1.01853958e+02,1.76008097e+02,2.82027510e-03,8.34192965e+00,1.42946500e+03,8.27934931e+00,9.30540028e+01,1.79769313e+308,4.74593886e+13,1.40229268e+02,8.82285443e-02,1.00000000e+00,1.55953692e+00
3.72345297e-02,9.10000000e-02,2.21000000e+04,7.81129494e+13,3.17663041e-05,2.14867913e-08,1.37357816e-09,1.12347149e-06,2.26638037e-07,3.92910632e-12,4.79261240e-11,2.12876363e-07,7.19701474e-11,2.53286919e-07,1.65827953e-08,1.01331083e-10,5.97226662e+00,5.51513236e+01,8.62728464e+02,1.86042290e+00,2.52101847e+02,1.01853958e+02,1.76008097e+02,2.82027544e-03,8.34193064e+00,1.42946517e+03,8.27935029e+00,9.30540028e+01,5.12284458e+13,1.79769313e+308,1.40163163e+02,9.48066424e-02,1.00000000e+00,9.39279063e-01
4.00193434e-02,9.10000000e-02,2.21000000e+04,7.74922083e+13,3.17515677e-05,2.30892285e-08,1.47601676e-09,1.12179304e-06,2.26648089e-07,4.53837444e-12,5.15113362e-11,1.23406973e-07,4.17219552e-11,2.53286394e-07,1.65772103e-08,1.08908006e-10,5.97226738e+00,5.51513306e+01,8.62728464e+02,1.86042314e+00,2.52101879e+02,1.01853958e+02,1.76008097e+02,2.82027580e-03,8.34193170e+00,1.42946535e+03,8.27935135e+00,9.30540028e+01,2.56142229e+13,4.74593886e+13,1.40091928e+02,1.01872593e-01,1.00000000e+00,5.44487157e-01
4.30124366e-02,9.10000000e-02,2.21000000e+04,7.70960279e+13,3.17357013e-05,2.48105869e-08,1.58605763e-09,1.11999204e-06,2.26658872e-07,5.24202821e-12,5.53648073e-11,6.86735166e-08,2.32174350e-11,2.53285829e-07,1.65712125e-08,1.17051346e-10,5.97226819e+00,5.51513381e+01,8.62728464e+02,1.86042339e+00,2.52101913e+02,1.01853958e+02,1.76008097e+02,2.82027618e-03,8.34193284e+00,1.42946555e+03,8.27935247e+00,9.30540028e+01,1.79769313e+308,1.79769313e+308,1.40015262e+02,1.09462236e-01,1.00000000e+00,3.02981816e-01
4.62293867e-02,9.10000000e-02,2.21000000e+04,7.68450728e+13,3.17186344e-05,2.66596159e-08,1.70426011e-09,1.11805976e-06,2.26670437e-07,6.05466900e-12,5.95066183e-11,3.65826138e-08,1.23680059e-11,2.53285223e-07,1.65647719e-08,1.25803423e-10,5.97226907e+00,5.51513461e+01,8.62728464e+02,1.86042367e+00,2.52101950e+02,1.01853958e+02,1.76008097e+02,2.82027659e-03,8.34193406e+00,1.42946576e+03,8.27935368e+00,9.30540028e+01,5.12284458e+13,1.79769313e+308,1.39932824e+02,1.17613996e-01,1.00000000e+00,1.61391200e-01
4.96869363e-02,9.10000000e-02,2.21000000e+04,7.66833722e+13,3.17002871e-05,2.86456973e-08,1.83122394e-09,1.11598691e-06,2.26682840e-07,6.99315254e-12,6.39583549e-11,1.86047880e-08,6.28998596e-12,2.53284572e-07,1.65578562e-08,1.35209716e-10,5.97227000e+00,5.51513548e+01,8.62728464e+02,1.86042396e+00,2.52101990e+02,1.01853958e+02,1.76008097e+02,2.82027703e-03,8.34193537e+00,1.42946598e+03,8.27935498e+00,9.30540028e+01,5.12284458e+13,4.74593886e+13,1.39844230e+02,1.26369060e-01,1.00000000e+00,8.20740909e-02
5.34030800e-02,9.10000000e-02,2.21000000e+04,7.65732965e+13,3.16805712e-05,3.07788892e-08,1.96759212e-09,1.11376358e-06,2.26696138e-07,8.07693599e-12,6.87432201e-11,9.01373653e-09,3.04740243e-12,2.53283871e-07,1.65504309e-08,1.45319100e-10,5.97227101e+00,5.51513641e+01,8.62728464e+02,1.86042427e+00,2.52102032e+02,1.01853958e+02,1.76008097e+02,2.82027751e-03,8.34193677e+00,1.42946622e+03,8.27935637e+00,9.30540028e+01,1.79769313e+308,4.74593886e+13,1.39749056e+02,1.35771564e-01,1.00000000e+00,3.97613149e-02
5.73971584e-02,9.10000000e-02,2.21000000e+04,7.64907800e+13,3.16593897e-05,3.30699730e-08,2.11405387e-09,1.11137922e-06,2.26710394e-07,9.32847814e-12,7.38861558e-11,4.15911203e-09,1.40613031e-12,2.53283119e-07,1.65424590e-08,1.56184095e-10,5.97227209e+00,5.51513740e+01,8.62728464e+02,1.86042461e+00,2.52102078e+02,1.01853958e+02,1.76008097e+02,2.82027802e-03,8.34193828e+00,1.42946648e+03,8.27935787e+00,9.30540028e+01,5.12284458e+13,4.74593886e+13,1.39646838e+02,1.45868799e-01,1.00000000e+00,1.83454845e-02
6.16899586e-02,9.10000000e-02,2.21000000e+04,7.64212026e+13,3.16366374e-05,3.55305019e-08,2.27134778e-09,1.10882259e-06,2.26725674e-07,1.07737009e-11,7.94139733e-11,1.83771047e-09,6.21300981e-13,2.53282310e-07,1.65339010e-08,1.67861138e-10,5.97227325e+00,5.51513847e+01,8.62728464e+02,1.86042497e+00,2.52102127e+02,1.01853958e+02,1.76008097e+02,2.82027857e-03,8.34193990e+00,1.42946676e+03,8.27935948e+00,9.30540028e+01,1.79769313e+308,1.79769313e+308,1.39537075e+02,1.56711418e-01,1.00000000e+00,8.10543611e-03
6.63038223e-02,9.10000000e-02,2.21000000e+04,7.63561259e+13,3.16122004e-05,3.81728547e-08,2.44026518e-09,1.10608172e-06,2.26742048e-07,1.24425216e-11,8.53554938e-11,7.94599520e-10,2.68641590e-13,2.53281440e-07,1.65247148e-08,1.80410879e-10,5.97227449e+00,5.51513962e+01,8.62728464e+02,1.86042536e+00,2.52102179e+02,1.01853958e+02,1.76008097e+02,2.82027915e-03,8.34194163e+00,1.42946706e+03,8.27936120e+00,9.30540028e+01,5.12284458e+13,4.74593886e+13,1.39419224e+02,1.68353664e-01,1.00000000e+00,3.50442067e-03
7.12627622e-02,9.10000000e-02,2.21000000e+04,7.62909046e+13,3.15859562e-05,4.10102902e-08,2.62165370e-09,1.10314389e-06,2.26759590e-07,1.43694658e-11,9.17416990e-11,3.57650547e-10,1.20916020e-13,2.53280506e-07,1.65148550e-08,1.93898486e-10,5.97227583e+00,5.51514086e+01,8.62728464e+02,1.86042577e+00,2.52102236e+02,1.01853958e+02,1.76008097e+02,2.82027979e-03,8.34194350e+00,1.42946738e+03,8.27936306e+00,9.30540028e+01,1.79769313e+308,1.79769313e+308,1.39292703e+02,1.80853609e-01,1.00000000e+00,1.57722346e-03
7.65925870e-02,9.10000000e-02,2.21000000e+04,7.62230666e+13,3.15577732e-05,4.40570070e-08,2.81642102e-09,1.09999559e-06,2.26778380e-07,1.65943749e-11,9.86058941e-11,1.89723855e-10,6.41426489e-14,2.53279502e-07,1.65042735e-08,2.08393989e-10,5.97227726e+00,5.51514218e+01,8.62728464e+02,1.86042622e+00,2.52102296e+02,1.01853958e+02,1.76008097e+02,2.82028046e-03,8.34194551e+00,1.42946772e+03,8.27936505e+00,9.30540028e+01,1.02456892e+14,9.49187772e+13,1.39156886e+02,1.94273400e-01,1.00000000e+00,8.36604685e-04
8.23210356e-02,9.10000000e-02,2.21000000e+04,7.61512967e+13,3.15275104e-05,4.73282052e-08,3.02553885e-09,1.09662249e-06,2.26798500e-07,1.91632205e-11,1.05983882e-10,1.33137631e-10,4.50117374e-14,2.53278423e-07,1.64929186e-08,2.23972636e-10,5.97227881e+00,5.51514361e+01,8.62728464e+02,1.86042670e+00,2.52102361e+02,1.01853958e+02,1.76008097e+02,2.82028119e-03,8.34194766e+00,1.42946809e+03,8.27936718e+00,9.30540028e+01,1.02456892e+14,1.79769313e+308,1.39011106e+02,2.08679534e-01,1.00000000e+00,5.87030476e-04
8.84779215e-02,9.10000000e-02,2.21000000e+04,7.60748470e+13,3.14950165e-05,5.08401524e-08,3.25004716e-09,1.09300940e-06,2.26820039e-07,2.21290430e-11,1.13914150e-10,1.19459812e-10,4.03874820e-14,2.53277263e-07,1.64807353e-08,2.40715284e-10,5.97228046e+00,5.51514514e+01,8.62728464e+02,1.86042722e+00,2.52102431e+02,1.01853958e+02,1.76008097e+02,2.82028197e-03,8.34194998e+00,1.42946849e+03,8.27936948e+00,9.30540028e+01,1.02456892e+14,1.79769313e+308,1.38854647e+02,2.24143126e-01,1.00000000e+00,5.26672214e-04
9.50952881e-02,9.10000000e-02,2.21000000e+04,7.59932211e+13,3.14601297e-05,5.46102529e-08,3.49105858e-09,1.08914022e-06,2.26843090e-07,2.55530330e-11,1.22438074e-10,1.21283887e-10,4.10041732e-14,2.53276016e-07,1.64676649e-08,2.58708812e-10,5.97228224e+00,5.51514678e+01,8.62728464e+02,1.86042777e+00,2.52102506e+02,1.01853958e+02,1.76008097e+02,2.82028281e-03,8.34195246e+00,1.42946891e+03,8.27937195e+00,9.30540028e+01,1.79769313e+308,1.79769313e+308,1.38686745e+02,2.40740209e-01,1.00000000e+00,5.34659829e-04
1.02207575e-01,9.10000000e-02,2.21000000e+04,7.59060198e+13,3.14226768e-05,5.86571203e-08,3.74976305e-09,1.08499793e-06,2.26867750e-07,2.95057768e-11,1.31600134e-10,1.28549942e-10,4.34607119e-14,2.53274677e-07,1.64536447e-08,2.78046569e-10,5.97228415e+00,5.51514854e+01,8.62728464e+02,1.86042836e+00,2.52102587e+02,1.01853958e+02,1.76008097e+02,2.82028372e-03,8.34195513e+00,1.42946937e+03,8.27937459e+00,9.30540028e+01,1.02456892e+14,1.79769313e+308,1.38506582e+02,2.58552043e-01,1.00000000e+00,5.66629421e-04
1.09851798e-01,9.10000000e-02,2.21000000e+04,7.58128701e+13,3.13824725e-05,6.30006542e-08,4.02743273e-09,1.08056455e-06,2.26894125e-07,3.40686901e-11,1.41448148e-10,1.37909970e-10,4.66251901e-14,2.53273237e-07,1.64386080e-08,2.98828855e-10,5.97228620e+00,5.51515044e+01,8.62728464e+02,1.86042900e+00,2.52102673e+02,1.01853958e+02,1.76008097e+02,2.82028468e-03,8.34195799e+00,1.42946986e+03,8.27937743e+00,9.30540028e+01,1.02456892e+14,9.49187772e+13,1.38313288e+02,2.77665428e-01,1.00000000e+00,6.07816401e-04
1.18067742e-01,9.10000000e-02,2.21000000e+04,7.57133975e+13,3.13393186e-05,6.76621202e-08,4.32542711e-09,1.07582114e-06,2.26922321e-07,3.93356688e-11,1.52033524e-10,1.48380084e-10,5.01649705e-14,2.53271690e-07,1.64224836e-08,3.21163435e-10,5.97228840e+00,5.51515247e+01,8.62728464e+02,1.86042969e+00,2.52102766e+02,1.01853958e+02,1.76008097e+02,2.82028572e-03,8.34196106e+00,1.42947039e+03,8.27938049e+00,9.30540028e+01,1.79769313e+308,9.49187772e+13,1.38105932e+02,2.98173049e-01,1.00000000e+00,6.53880513e-04
1.26898166e-01,9.10000000e-02,2.21000000e+04,7.56072143e+13,3.12930035e-05,7.26642330e-08,4.64519833e-09,1.07074774e-06,2.26952452e-07,4.54149886e-11,1.63411527e-10,1.59731149e-10,5.40025871e-14,2.53270027e-07,1.64051960e-08,3.45166090e-10,5.97229076e+00,5.51515465e+01,8.62728464e+02,1.86043042e+00,2.52102866e+02,1.01853958e+02,1.76008097e+02,2.82028684e-03,8.34196436e+00,1.42947095e+03,8.27938376e+00,9.30540028e+01,1.02456892e+14,9.49187772e+13,1.37883522e+02,3.20173817e-01,1.00000000e+00,7.03808870e-04
1.36389027e-01,9.10000000e-02,2.21000000e+04,7.54939162e+13,3.12433007e-05,7.80312442e-08,4.98829678e-09,1.06532336e-06,2.26984638e-07,5.24314911e-11,1.75641574e-10,1.71952689e-10,5.81344975e-14,2.53268240e-07,1.63866646e-08,3.70961213e-10,5.97229330e+00,5.51515699e+01,8.62728464e+02,1.86043121e+00,2.52102973e+02,1.01853958e+02,1.76008097e+02,2.82028804e-03,8.34196790e+00,1.42947156e+03,8.27938728e+00,9.30540028e+01,1.02456892e+14,1.79769313e+308,1.37645001e+02,3.43773238e-01,1.00000000e+00,7.57552099e-04
1.46589721e-01,9.10000000e-02,2.21000000e+04,7.53730809e+13,3.11899687e-05,8.37890320e-08,5.35637684e-09,1.05952600e-06,2.27019003e-07,6.05290975e-11,1.88787545e-10,1.85093325e-10,6.25771394e-14,2.53266319e-07,1.63668041e-08,3.98682443e-10,5.97229602e+00,5.51515950e+01,8.62728464e+02,1.86043206e+00,2.52103088e+02,1.01853958e+02,1.76008097e+02,2.82028932e-03,8.34197171e+00,1.42947221e+03,8.27939105e+00,9.30540028e+01,1.02456892e+14,1.79769313e+308,1.37389242e+02,3.69083781e-01,1.00000000e+00,8.15320842e-04
1.57553336e-01,9.10000000e-02,2.21000000e+04,7.52442674e+13,3.11327495e-05,8.99651952e-08,5.75120289e-09,1.05333265e-06,2.27055675e-07,6.98736988e-11,2.02918115e-10,1.99218784e-10,6.73527348e-14,2.53264255e-07,1.63455238e-08,4.28473349e-10,5.97229894e+00,5.51516220e+01,8.62728464e+02,1.86043297e+00,2.52103211e+02,1.01853958e+02,1.76008097e+02,2.82029070e-03,8.34197579e+00,1.42947291e+03,8.27939510e+00,9.30540028e+01,1.79769313e+308,1.79769313e+308,1.37115047e+02,3.96225266e-01,1.00000000e+00,8.77400592e-04
1.69336934e-01,9.10000000e-02,2.21000000e+04,7.51070155e+13,3.10713680e-05,9.65891490e-08,6.17465547e-09,1.04671924e-06,2.27094788e-07,8.06564790e-11,2.18107123e-10,2.14402389e-10,7.24860727e-14,2.53262037e-07,1.63227275e-08,4.60488161e-10,5.97230207e+00,5.51516510e+01,8.62728464e+02,1.86043395e+00,2.52103343e+02,1.01853958e+02,1.76008097e+02,2.82029218e-03,8.34198016e+00,1.42947366e+03,8.27939944e+00,9.30540028e+01,1.02456892e+14,1.89837554e+14,1.36821141e+02,4.25325256e-01,1.00000000e+00,9.44109684e-04
1.82001840e-01,9.10000000e-02,2.21000000e+04,7.49608457e+13,3.10055307e-05,1.03692224e-07,6.62873754e-09,1.03966075e-06,2.27136481e-07,9.30977316e-11,2.34433954e-10,2.30723428e-10,7.80039590e-14,2.53259653e-07,1.62983134e-08,4.94892560e-10,5.97230544e+00,5.51516820e+01,8.62728464e+02,1.86043499e+00,2.52103485e+02,1.01853958e+02,1.76008097e+02,2.82029377e-03,8.34198486e+00,1.42947446e+03,8.27940410e+00,9.30540028e+01,2.04913783e+14,1.89837554e+14,1.36506168e+02,4.56519461e-01,1.00000000e+00,1.01579203e-03
1.95613969e-01,9.10000000e-02,2.21000000e+04,7.48052586e+13,3.09349250e-05,1.11307766e-07,7.11558097e-09,1.03213117e-06,2.27180896e-07,1.07451244e-10,2.51983961e-10,2.48267214e-10,8.39352369e-14,2.53257091e-07,1.62721740e-08,5.31864515e-10,5.97230904e+00,5.51517153e+01,8.62728464e+02,1.86043612e+00,2.52103638e+02,1.01853958e+02,1.76008097e+02,2.82029547e-03,8.34198990e+00,1.42947533e+03,8.27940910e+00,9.30540028e+01,2.04913783e+14,1.79769313e+308,1.36168690e+02,4.89952142e-01,1.00000000e+00,1.09281730e-03
2.10244165e-01,9.10000000e-02,2.21000000e+04,7.46397341e+13,3.08592180e-05,1.19471240e-07,7.63745301e-09,1.02410360e-06,2.27228177e-07,1.24009331e-10,2.70848911e-10,2.67125484e-10,9.03109211e-14,2.53254338e-07,1.62441956e-08,5.71595189e-10,5.97231291e+00,5.51517510e+01,8.62728464e+02,1.86043732e+00,2.52103801e+02,1.01853958e+02,1.76008097e+02,2.82029730e-03,8.34199530e+00,1.42947625e+03,8.27941446e+00,9.30540028e+01,1.79769313e+308,1.79769313e+308,1.35807180e+02,5.25776521e-01,1.00000000e+00,1.17558257e-03
2.25968570e-01,9.10000000e-02,2.21000000e+04,7.44637312e+13,3.07780555e-05,1.28220330e-07,8.19676286e-09,1.01555029e-06,2.27278474e-07,1.43108606e-10,2.91127472e-10,2.87396871e-10,9.71643581e-14,2.53251380e-07,1.62142584e-08,6.14289911e-10,5.97231706e+00,5.51517893e+01,8.62728464e+02,1.86043862e+00,2.52103976e+02,1.01853958e+02,1.76008097e+02,2.82029926e-03,8.34200109e+00,1.42947725e+03,8.27942022e+00,9.30540028e+01,1.79769313e+308,1.79769313e+308,1.35420020e+02,5.64155186e-01,1.00000000e+00,1.26451426e-03
2.42869022e-01,9.10000000e-02,2.21000000e+04,7.42766863e+13,3.06910609e-05,1.37595041e-07,8.79606816e-09,1.00644277e-06,2.27331938e-07,1.65136609e-10,3.12925731e-10,3.09187427e-10,1.04531402e-13,2.53248201e-07,1.61822363e-08,6.60169210e-10,5.97232151e+00,5.51518304e+01,8.62728464e+02,1.86044000e+00,2.52104164e+02,1.01853958e+02,1.76008097e+02,2.82030136e-03,8.34200731e+00,1.42947831e+03,8.27942638e+00,9.30540028e+01,1.79769313e+308,1.89837554e+14,1.35005496e+02,6.05260495e-01,1.00000000e+00,1.36007035e-03
2.61033478e-01,9.10000000e-02,2.21000000e+04,7.40780125e+13,3.05978343e-05,1.47637801e-07,9.43808139e-09,9.96751954e-07,2.27388718e-07,1.90539392e-10,3.36357753e-10,3.32611178e-10,1.12450603e-13,2.53244784e-07,1.61479970e-08,7.09469929e-10,5.97232628e+00,5.51518745e+01,8.62728464e+02,1.86044149e+00,2.52104365e+02,1.01853958e+02,1.76008097e+02,2.82030361e-03,8.34201397e+00,1.42947945e+03,8.27943299e+00,9.30540028e+01,1.79769313e+308,1.89837554e+14,1.34561796e+02,6.49274961e-01,1.00000000e+00,1.46274266e-03
2.80556476e-01,9.10000000e-02,2.21000000e+04,7.38670973e+13,3.04979511e-05,1.58393556e-07,1.01256761e-08,9.86448263e-07,2.27448966e-07,2.19830215e-10,3.61546181e-10,3.57790725e-10,1.20963412e-13,2.53241113e-07,1.61114018e-08,7.62446420e-10,5.97233139e+00,5.51519216e+01,8.62728464e+02,1.86044308e+00,2.52104581e+02,1.01853958e+02,1.76008097e+02,2.82030602e-03,8.34202111e+00,1.42948067e+03,8.27944008e+00,9.30540028e+01,1.79769313e+308,3.79675109e+14,1.34087007e+02,6.96391630e-01,1.00000000e+00,1.57305936e-03
3.01539621e-01,9.10000000e-02,2.21000000e+04,7.36433007e+13,3.03909613e-05,1.69909864e-07,1.08618928e-08,9.75501851e-07,2.27512830e-07,2.53599503e-10,3.88622882e-10,3.84857891e-10,1.30114395e-13,2.53237168e-07,1.60723055e-08,8.19371818e-10,5.97233686e+00,5.51519722e+01,8.62728464e+02,1.86044478e+00,2.52104812e+02,1.01853958e+02,1.76008097e+02,2.82030861e-03,8.34202876e+00,1.42948199e+03,8.27944767e+00,9.30540028e+01,1.79769313e+308,3.79675109e+14,1.33579110e+02,7.46814426e-01,1.00000000e+00,1.69158764e-03
3.24092119e-01,9.10000000e-02,2.21000000e+04,7.34059519e+13,3.02763884e-05,1.82236977e-07,1.16499443e-08,9.63882797e-07,2.27580456e-07,2.92526224e-10,4.17729642e-10,4.13954414e-10,1.39951471e-13,2.53232929e-07,1.60305571e-08,8.80539412e-10,5.97234273e+00,5.51520264e+01,8.62728464e+02,1.86044661e+00,2.52105060e+02,1.01853958e+02,1.76008097e+02,2.82031138e-03,8.34203695e+00,1.42948339e+03,8.27945580e+00,9.30540028e+01,1.79769313e+308,1.79769313e+308,1.33035978e+02,8.00758468e-01,1.00000000e+00,1.81893657e-03
3.48331345e-01,9.10000000e-02,2.21000000e+04,7.31543459e+13,3.01537284e-05,1.95427923e-07,1.24932209e-08,9.51561376e-07,2.27651982e-07,3.37390910e-10,4.49018908e-10,4.45232691e-10,1.50526164e-13,2.53228373e-07,1.59859995e-08,9.46264107e-10,5.97234902e+00,5.51520844e+01,8.62728464e+02,1.86044857e+00,2.52105325e+02,1.01853958e+02,1.76008097e+02,2.82031435e-03,8.34204573e+00,1.42948489e+03,8.27946452e+00,9.30540028e+01,1.79769313e+308,1.79769313e+308,1.32455374e+02,8.58450348e-01,1.00000000e+00,1.95576023e-03
3.74383451e-01,9.10000000e-02,2.21000000e+04,7.28877385e+13,3.00224489e-05,2.09538565e-07,1.33952943e-08,9.38508364e-07,2.27727540e-07,3.89090518e-10,4.82654591e-10,4.78856579e-10,1.61893872e-13,2.53223478e-07,1.59384700e-08,1.01688399e-09,5.97235575e+00,5.51521466e+01,8.62728464e+02,1.86045067e+00,2.52105609e+02,1.01853958e+02,1.76008097e+02,2.82031752e-03,8.34205513e+00,1.42948650e+03,8.27947385e+00,9.30540028e+01,4.09827566e+14,1.79769313e+308,1.31834950e+02,9.20128348e-01,1.00000000e+00,2.10276096e-03
4.02384025e-01,9.10000000e-02,2.21000000e+04,7.26053412e+13,2.98819886e-05,2.24627653e-07,1.43599205e-08,9.24695394e-07,2.27807249e-07,4.48655390e-10,5.18812925e-10,5.15002254e-10,1.74114155e-13,2.53218218e-07,1.58878010e-08,1.09276203e-09,5.97236295e+00,5.51522131e+01,8.62728464e+02,1.86045291e+00,2.52105913e+02,1.01853958e+02,1.76008097e+02,2.82032093e-03,8.34206519e+00,1.42948823e+03,8.27948383e+00,9.30540028e+01,4.09827566e+14,1.79769313e+308,1.31172246e+02,9.86042601e-01,1.00000000e+00,2.26069300e-03
4.32478794e-01,9.10000000e-02,2.21000000e+04,7.23063143e+13,2.97317562e-05,2.40756854e-07,1.53910425e-08,9.10095366e-07,2.27891217e-07,5.17268591e-10,5.57683390e-10,5.53859132e-10,1.87251054e-13,2.53212567e-07,1.58338202e-08,1.17428782e-09,5.97237066e+00,5.51522843e+01,8.62728464e+02,1.86045531e+00,2.52106239e+02,1.01853958e+02,1.76008097e+02,2.82032457e-03,8.34207596e+00,1.42949007e+03,8.27949452e+00,9.30540028e+01,1.79769313e+308,3.79675109e+14,1.30464687e+02,1.05645517e+00,1.00000000e+00,2.43036629e-03
4.64824385e-01,9.10000000e-02,2.21000000e+04,7.19897596e+13,2.95711305e-05,2.57990762e-07,1.64927901e-08,8.94682920e-07,2.27979532e-07,5.96287923e-10,5.99469701e-10,5.95630863e-10,2.01373419e-13,2.53206494e-07,1.57763522e-08,1.26187955e-09,5.97237891e+00,5.51523605e+01,8.62728464e+02,1.86045788e+00,2.52106587e+02,1.01853958e+02,1.76008097e+02,2.82032846e-03,8.34208748e+00,1.42949205e+03,8.27950595e+00,9.30540028e+01,4.09827566e+14,3.79675109e+14,1.29709585e+02,1.13164002e+00,1.00000000e+00,2.61265061e-03
4.99589141e-01,9.10000000e-02,2.21000000e+04,7.16547114e+13,2.93994595e-05,2.76396875e-07,1.76694791e-08,8.78434968e-07,2.28072261e-07,6.87270977e-10,6.44390868e-10,6.40536385e-10,2.16555269e-13,2.53199970e-07,1.57152186e-08,1.35598602e-09,5.97238773e+00,5.51524419e+01,8.62728464e+02,1.86046063e+00,2.52106959e+02,1.01853958e+02,1.76008097e+02,2.82033263e-03,8.34209980e+00,1.42949416e+03,8.27951818e+00,9.30540028e+01,1.79769313e+308,1.79769313e+308,1.28904144e+02,1.21188291e+00,1.00000000e+00,2.80848001e-03
5.36953994e-01,9.10000000e-02,2.21000000e+04,7.13001276e+13,2.92160610e-05,2.96045543e-07,1.89256076e-08,8.61331287e-07,2.28169446e-07,7.92003581e-10,6.92682339e-10,6.88811070e-10,2.32876180e-13,2.53192959e-07,1.56502404e-08,1.45708887e-09,5.97239716e+00,5.51525290e+01,8.62728464e+02,1.86046357e+00,2.52107357e+02,1.01853958e+02,1.76008097e+02,2.82033708e-03,8.34211297e+00,1.42949642e+03,8.27953125e+00,9.30540028e+01,4.09827566e+14,1.79769313e+308,1.28045457e+02,1.29748110e+00,1.00000000e+00,3.01885762e-03
5.77113407e-01,9.10000000e-02,2.21000000e+04,7.09248794e+13,2.90202222e-05,3.17009878e-07,2.02658504e-08,8.43355193e-07,2.28271098e-07,9.12532091e-10,7.44597214e-10,7.40707937e-10,2.50421694e-13,2.53185427e-07,1.55812388e-08,1.56570487e-09,5.97240723e+00,5.51526220e+01,8.62728464e+02,1.86046670e+00,2.52107782e+02,1.01853958e+02,1.76008097e+02,2.82034184e-03,8.34212704e+00,1.42949883e+03,8.27954522e+00,9.30540028e+01,1.79769313e+308,1.79769313e+308,1.27130515e+02,1.38874295e+00,1.00000000e+00,3.24486080e-03
6.20276389e-01,9.10000000e-02,2.21000000e+04,7.05277414e+13,2.88112010e-05,3.39365612e-07,2.16950498e-08,8.24494265e-07,2.28377193e-07,1.05119996e-09,8.00407551e-10,7.96498956e-10,2.69283759e-13,2.53177335e-07,1.55080376e-08,1.68238844e-09,5.97241799e+00,5.51527214e+01,8.62728464e+02,1.86047006e+00,2.52108237e+02,1.01853958e+02,1.76008097e+02,2.82034692e-03,8.34214207e+00,1.42950140e+03,8.27956014e+00,9.30540028e+01,8.19655132e+14,7.59350218e+14,1.26156210e+02,1.48598732e+00,1.00000000e+00,3.48764667e-03
6.66667581e-01,9.10000000e-02,2.21000000e+04,7.01073823e+13,2.85882265e-05,3.63190906e-07,2.32182039e-08,8.04741153e-07,2.28487665e-07,1.21068910e-09,8.60405766e-10,8.56476451e-10,2.89561206e-13,2.53168641e-07,1.54304658e-08,1.80773431e-09,5.97242948e+00,5.51528275e+01,8.62728464e+02,1.86047364e+00,2.52108722e+02,1.01853958e+02,1.76008097e+02,2.82035235e-03,8.34215812e+00,1.42950415e+03,8.27957607e+00,9.30540028e+01,8.19655132e+14,1.79769313e+308,1.25119343e+02,1.58954273e+00,1.00000000e+00,3.74845815e-03
7.16528424e-01,9.10000000e-02,2.21000000e+04,6.96623559e+13,2.83505005e-05,3.88566095e-07,2.48404494e-08,7.84094437e-07,2.28602402e-07,1.39406663e-09,9.24906119e-10,9.20954582e-10,3.11360247e-13,2.53159302e-07,1.53483602e-08,1.94238037e-09,5.97244174e+00,5.51529407e+01,8.62728464e+02,1.86047746e+00,2.52109239e+02,1.01853958e+02,1.76008097e+02,2.82035814e-03,8.34217525e+00,1.42950709e+03,8.27959306e+00,9.30540028e+01,8.19655132e+14,7.59350218e+14,1.24016634e+02,1.69974633e+00,1.00000000e+00,4.02863037e-03
7.70118418e-01,9.10000000e-02,2.21000000e+04,6.91910958e+13,2.80972001e-05,4.15573357e-07,2.65670415e-08,7.62559557e-07,2.28721239e-07,1.60483749e-09,9.94246316e-10,9.90270948e-10,3.34795020e-13,2.53149268e-07,1.52615690e-08,2.08701067e-09,5.97245482e+00,5.51530615e+01,8.62728464e+02,1.86048153e+00,2.52109791e+02,1.01853958e+02,1.76008097e+02,2.82036431e-03,8.34219351e+00,1.42951022e+03,8.27961119e+00,9.30540028e+01,8.19655132e+14,7.59350218e+14,1.22844735e+02,1.81694257e+00,1.00000000e+00,4.32959769e-03
8.27716469e-01,9.10000000e-02,2.21000000e+04,6.86919114e+13,2.78274798e-05,4.44296305e-07,2.84033269e-08,7.40149775e-07,2.28843950e-07,1.84700365e-09,1.06878920e-09,1.06478828e-09,3.59988157e-13,2.53138489e-07,1.51699560e-08,2.24235863e-09,5.97246876e+00,5.51531902e+01,8.62728464e+02,1.86048587e+00,2.52110379e+02,1.01853958e+02,1.76008097e+02,2.82037089e-03,8.34221298e+00,1.42951355e+03,8.27963051e+00,9.30540028e+01,8.19655132e+14,7.59350218e+14,1.21600242e+02,1.94148154e+00,1.00000000e+00,4.65290117e-03
8.89622345e-01,9.10000000e-02,2.21000000e+04,6.81629904e+13,2.75404752e-05,4.74819478e-07,3.03547120e-08,7.16887190e-07,2.28970244e-07,2.12513060e-09,1.14892458e-09,1.14489627e-09,3.87071405e-13,2.53126910e-07,1.50734054e-08,2.40921049e-09,5.97248360e+00,5.51533273e+01,8.62728464e+02,1.86049050e+00,2.52111006e+02,1.01853958e+02,1.76008097e+02,2.82037790e-03,8.34223372e+00,1.42951711e+03,8.27965109e+00,9.30540028e+01,1.79769313e+308,1.79769313e+308,1.20279713e+02,2.07371696e+00,1.00000000e+00,5.00019673e-03
9.56158234e-01,9.10000000e-02,2.21000000e+04,6.76024058e+13,2.72353073e-05,5.07227733e-07,3.24266236e-08,6.92803760e-07,2.29099758e-07,2.44442169e-09,1.23507114e-09,1.23101346e-09,4.16186272e-13,2.53114472e-07,1.49718272e-08,2.58840893e-09,5.97249941e+00,5.51534732e+01,8.62728464e+02,1.86049542e+00,2.52111673e+02,1.01853958e+02,1.76008097e+02,2.82038537e-03,8.34225579e+00,1.42952089e+03,8.27967300e+00,9.30540028e+01,1.79769313e+308,1.79769313e+308,1.18879686e+02,2.21400380e+00,1.00000000e+00,5.37326389e-03
1.02767042e+00,9.10000000e-02,2.21000000e+04,6.70081302e+13,2.69110877e-05,5.41605507e-07,3.46244620e-08,6.67942318e-07,2.29232050e-07,2.81080121e-09,1.32767850e-09,1.32358934e-09,4.47484721e-13,2.53101112e-07,1.48651641e-08,2.78085692e-09,5.97251622e+00,5.51536285e+01,8.62728464e+02,1.86050066e+00,2.52112383e+02,1.01853958e+02,1.76008097e+02,2.82039331e-03,8.34227928e+00,1.42952491e+03,8.27969631e+00,9.30540028e+01,1.79769313e+308,1.79769313e+308,1.17396706e+02,2.36269539e+00,1.00000000e+00,5.77401519e-03
1.10453108e+00,9.10000000e-02,2.21000000e+04,6.63780590e+13,2.65669247e-05,5.78035955e-07,3.69535457e-08,6.42357557e-07,2.29366597e-07,3.23100675e-09,1.42722942e-09,1.42310652e-09,4.81129912e-13,2.53086761e-07,1.47533989e-08,2.98752183e-09,5.97253409e+00,5.51537935e+01,8.62728464e+02,1.86050622e+00,2.52113137e+02,1.01853958e+02,1.76008097e+02,2.82040174e-03,8.34230424e+00,1.42952919e+03,8.27972109e+00,9.30540028e+01,1.79769313e+308,1.51870044e+15,1.15827348e+02,2.52014009e+00,1.00000000e+00,6.20450639e-03
1.18714025e+00,9.10000000e-02,2.21000000e+04,6.57100425e+13,2.62019312e-05,6.16599934e-07,3.94190466e-08,6.16116944e-07,2.29502786e-07,3.71269181e-09,1.53424206e-09,1.53008300e-09,5.17296978e-13,2.53071348e-07,1.46365632e-08,3.20943975e-09,5.97255307e+00,5.51539688e+01,8.62728464e+02,1.86051214e+00,2.52113939e+02,1.01853958e+02,1.76008097e+02,2.82041071e-03,8.34233075e+00,1.42953373e+03,8.27974740e+00,9.30540028e+01,1.63931026e+15,1.51870044e+15,1.14168249e+02,2.68667733e+00,1.00000000e+00,6.66694739e-03
1.27592785e+00,9.10000000e-02,2.21000000e+04,6.50019274e+13,2.58152330e-05,6.57374824e-07,4.20259147e-08,5.89301513e-07,2.29639916e-07,4.26453904e-09,1.64927249e-09,1.64507469e-09,5.56173856e-13,2.53054795e-07,1.45147477e-08,3.44772009e-09,5.97257321e+00,5.51541548e+01,8.62728464e+02,1.86051841e+00,2.52114789e+02,1.01853958e+02,1.76008097e+02,2.82042022e-03,8.34235888e+00,1.42953856e+03,8.27977532e+00,9.30540028e+01,1.63931026e+15,1.79769313e+308,1.12416140e+02,2.86263310e+00,1.00000000e+00,7.16371402e-03
1.37135597e+00,9.10000000e-02,2.21000000e+04,6.42516092e+13,2.54059789e-05,7.00433175e-07,4.47787914e-08,5.62006508e-07,2.29777192e-07,4.89638500e-09,1.77291724e-09,1.76867792e-09,5.97962163e-13,2.53037016e-07,1.43881135e-08,3.70355038e-09,5.97259457e+00,5.51543520e+01,8.62728464e+02,1.86052506e+00,2.52115690e+02,1.01853958e+02,1.76008097e+02,2.82043030e-03,8.34238871e+00,1.42954367e+03,8.27980493e+00,9.30540028e+01,1.63931026e+15,1.51870044e+15,1.10567888e+02,3.04831463e+00,1.00000000e+00,7.69736066e-03
1.47392128e+00,9.10000000e-02,2.21000000e+04,6.34570926e+13,2.49733530e-05,7.45841159e-07,4.76819107e-08,5.34341795e-07,2.29913730e-07,5.61935682e-09,1.90581604e-09,1.90153224e-09,6.42878119e-13,2.53017924e-07,1.42569052e-08,3.97820147e-09,5.97261719e+00,5.51545609e+01,8.62728464e+02,1.86053211e+00,2.52116645e+02,1.01853958e+02,1.76008097e+02,2.82044099e-03,8.34242031e+00,1.42954908e+03,8.27983628e+00,9.30540028e+01,1.79769313e+308,1.51870044e+15,1.08620538e+02,3.24400444e+00,1.00000000e+00,8.27063372e-03
1.58415757e+00,9.10000000e-02,2.21000000e+04,6.26165606e+13,2.45165876e-05,7.93656819e-07,5.07389875e-08,5.06432003e-07,2.30048558e-07,6.44602120e-09,2.04865475e-09,2.04432331e-09,6.91153531e-13,2.52997421e-07,1.41214657e-08,4.27303282e-09,5.97264112e+00,5.51547819e+01,8.62728464e+02,1.86053956e+00,2.52117655e+02,1.01853958e+02,1.76008097e+02,2.82045229e-03,8.34245374e+00,1.42955481e+03,8.27986946e+00,9.30540028e+01,1.63931026e+15,1.79769313e+308,1.06571359e+02,3.44995346e+00,1.00000000e+00,8.88648607e-03
1.70263855e+00,9.10000000e-02,2.21000000e+04,6.17284487e+13,2.40349780e-05,8.43928103e-07,5.39530913e-08,4.78416314e-07,2.30180628e-07,7.39054583e-09,2.20216837e-09,2.19778589e-09,7.43036813e-13,2.52975404e-07,1.39822531e-08,4.58949819e-09,5.97266642e+00,5.51550155e+01,8.62728464e+02,1.86054744e+00,2.52118723e+02,1.01853958e+02,1.76008097e+02,2.82046423e-03,8.34248907e+00,1.42956086e+03,8.27990453e+00,9.30540028e+01,1.63931026e+15,1.51870044e+15,1.04417901e+02,3.66637327e+00,1.00000000e+00,9.54809232e-03
1.82998087e+00,9.10000000e-02,2.21000000e+04,6.07915218e+13,2.35279002e-05,8.96690673e-07,5.73265067e-08,4.50447850e-07,2.30308821e-07,8.46887324e-09,2.36714427e-09,2.36270711e-09,7.98794081e-13,2.52951764e-07,1.38398594e-08,4.92915160e-09,5.97269312e+00,5.51552621e+01,8.62728464e+02,1.86055576e+00,2.52119850e+02,1.01853958e+02,1.76008097e+02,2.82047684e-03,8.34252636e+00,1.42956725e+03,8.27994155e+00,9.30540028e+01,1.79769313e+308,1.79769313e+308,1.02158051e+02,3.89342739e+00,1.00000000e+00,1.02588650e-02
1.96684726e+00,9.10000000e-02,2.21000000e+04,5.98049502e+13,2.29948289e-05,9.51965489e-07,6.08605786e-08,4.22692566e-07,2.30431970e-07,9.69890653e-09,2.54442555e-09,2.53992983e-09,8.58710294e-13,2.52926380e-07,1.36950313e-08,5.29365350e-09,5.97272127e+00,5.51555221e+01,8.62728464e+02,1.86056453e+00,2.52121039e+02,1.01853958e+02,1.76008097e+02,2.82049014e-03,8.34256569e+00,1.42957399e+03,8.27998058e+00,9.30540028e+01,1.79769313e+308,1.79769313e+308,9.97900981e+01,4.13122142e+00,1.00000000e+00,1.10224715e-02
2.11395005e+00,9.10000000e-02,2.21000000e+04,5.87683802e+13,2.24353583e-05,1.00975616e-06,6.45555432e-08,3.95327622e-07,2.30548876e-07,1.11007061e-08,2.73491465e-09,2.73035621e-09,9.23090456e-13,2.52899127e-07,1.35486940e-08,5.68477727e-09,5.97275092e+00,5.51557958e+01,8.62728464e+02,1.86057377e+00,2.52122290e+02,1.01853958e+02,1.76008097e+02,2.82050414e-03,8.34260710e+00,1.42958109e+03,8.28002167e+00,9.30540028e+01,1.63931026e+15,1.79769313e+308,9.73128069e+01,4.37979217e+00,1.00000000e+00,1.18428520e-02
2.27205484e+00,9.10000000e-02,2.21000000e+04,5.76819957e+13,2.18492245e-05,1.07004609e-06,6.84103445e-08,3.68539152e-07,2.30658340e-07,1.26966957e-08,2.93957708e-09,2.93495146e-09,9.92260889e-13,2.52869869e-07,1.34019766e-08,6.10441595e-09,5.97278209e+00,5.51560837e+01,8.62728464e+02,1.86058348e+00,2.52123606e+02,1.01853958e+02,1.76008097e+02,2.82051885e-03,8.34265063e+00,1.42958855e+03,8.28006488e+00,9.30540028e+01,1.79769313e+308,1.79769313e+308,9.47254911e+01,4.63909558e+00,1.00000000e+00,1.27242373e-02
2.44198446e+00,9.10000000e-02,2.21000000e+04,5.65465667e+13,2.12363299e-05,1.13279538e-06,7.24224382e-08,3.42519421e-07,2.30759196e-07,1.45118764e-08,3.15944537e-09,3.15474780e-09,1.06657057e-12,2.52838458e-07,1.32562408e-08,6.55458925e-09,5.97281481e+00,5.51563858e+01,8.62728464e+02,1.86059367e+00,2.52124987e+02,1.01853958e+02,1.76008097e+02,2.82053431e-03,8.34269634e+00,1.42959638e+03,8.28011025e+00,9.30540028e+01,1.79769313e+308,1.79769313e+308,9.20280980e+01,4.90899344e+00,1.00000000e+00,1.36711683e-02
2.62462331e+00,9.10000000e-02,2.21000000e+04,5.53634805e+13,2.05967679e-05,1.19793762e-06,7.65875841e-08,3.17463337e-07,2.30850349e-07,1.65740438e-08,3.39562328e-09,3.39084865e-09,1.14639255e-12,2.52804739e-07,1.31131118e-08,7.03745075e-09,5.97284911e+00,5.51567026e+01,8.62728464e+02,1.86060435e+00,2.52126435e+02,1.01853958e+02,1.76008097e+02,2.82055051e-03,8.34274425e+00,1.42960459e+03,8.28015780e+00,9.30540028e+01,3.27862053e+15,3.03740087e+15,8.92212984e+01,5.18923892e+00,1.00000000e+00,1.46885143e-02
2.82092194e+00,9.10000000e-02,2.21000000e+04,5.41347550e+13,1.99308504e-05,1.26537647e-06,8.08996292e-08,2.93564360e-07,2.30930828e-07,1.89140065e-08,3.64929023e-09,3.64443306e-09,1.23212545e-12,2.52768544e-07,1.29745119e-08,7.55529539e-09,5.97288500e+00,5.51570341e+01,8.62728464e+02,1.86061554e+00,2.52127950e+02,1.01853958e+02,1.76008097e+02,2.82056746e-03,8.34279439e+00,1.42961318e+03,8.28020756e+00,9.30540028e+01,1.79769313e+308,1.79769313e+308,8.63065819e+01,5.47946100e+00,1.00000000e+00,1.57814922e-02
3.03190197e+00,9.10000000e-02,2.21000000e+04,5.28630317e+13,1.92391351e-05,1.33498220e-06,8.53502856e-08,2.71009848e-07,2.30999837e-07,2.15657995e-08,3.92170605e-09,3.91676046e-09,1.32419506e-12,2.52729694e-07,1.28426968e-08,8.11056699e-09,5.97292250e+00,5.51573803e+01,8.62728464e+02,1.86062722e+00,2.52129533e+02,1.01853958e+02,1.76008097e+02,2.82058516e-03,8.34284676e+00,1.42962216e+03,8.28025954e+00,9.30540028e+01,1.79769313e+308,1.79769313e+308,8.32863579e+01,5.77914780e+00,1.00000000e+00,1.69556850e-02
3.25866144e+00,9.10000000e-02,2.21000000e+04,5.15515493e+13,1.85224529e-05,1.40658820e-06,8.99289071e-08,2.49975945e-07,2.31056817e-07,2.45668857e-08,4.21421596e-09,4.20917566e-09,1.42305603e-12,2.52687995e-07,1.27202942e-08,8.70586611e-09,5.97296159e+00,5.51577413e+01,8.62728464e+02,1.86063939e+00,2.52131183e+02,1.01853958e+02,1.76008097e+02,2.82060362e-03,8.34290136e+00,1.42963151e+03,8.28031373e+00,9.30540028e+01,1.79769313e+308,1.79769313e+308,8.01640616e+01,6.08762908e+00,1.00000000e+00,1.82170589e-02
3.50238052e+00,9.10000000e-02,2.21000000e+04,5.02041003e+13,1.77819357e-05,1.47998753e-06,9.46222698e-08,2.30622165e-07,2.31101514e-07,2.79583392e-08,4.52825603e-09,4.52311426e-09,1.52919373e-12,2.52643242e-07,1.26103442e-08,9.34395777e-09,5.97300227e+00,5.51581169e+01,8.62728464e+02,1.86065206e+00,2.52132900e+02,1.01853958e+02,1.76008097e+02,2.82062283e-03,8.34295818e+00,1.42964125e+03,8.28037012e+00,9.30540028e+01,3.27862053e+15,1.79769313e+308,7.69442629e+01,6.40405814e+00,1.00000000e+00,1.95719802e-02
3.76432763e+00,9.10000000e-02,2.21000000e+04,4.88249731e+13,1.70190418e-05,1.55492972e-06,9.94143642e-08,2.13085858e-07,2.31134051e-07,3.17849991e-08,4.86535902e-09,4.86010853e-09,1.64312619e-12,2.52595212e-07,1.25163423e-08,1.00277794e-08,5.97304450e+00,5.51585070e+01,8.62728464e+02,1.86066522e+00,2.52134683e+02,1.01853958e+02,1.76008097e+02,2.82064278e-03,8.34301717e+00,1.42965136e+03,8.28042867e+00,9.30540028e+01,3.27862053e+15,1.79769313e+308,7.36327761e+01,6.72739352e+00,1.00000000e+00,2.10272286e-02
4.04586606e+00,9.10000000e-02,2.21000000e+04,4.74188856e+13,1.62355802e-05,1.63111776e-06,1.04286207e-07,1.97476815e-07,2.31155001e-07,3.60955839e-08,5.22716068e-09,5.22179368e-09,1.76540625e-12,2.52543669e-07,1.24422825e-08,1.07604484e-08,5.97308827e+00,5.51589111e+01,8.62728464e+02,1.86067885e+00,2.52136530e+02,1.01853958e+02,1.76008097e+02,2.82066344e-03,8.34307830e+00,1.42966183e+03,8.28048934e+00,9.30540028e+01,1.79769313e+308,1.79769313e+308,7.02367682e+01,7.05638101e+00,1.00000000e+00,2.25900096e-02
4.34846109e+00,9.10000000e-02,2.21000000e+04,4.59909127e+13,1.54337300e-05,1.70820567e-06,1.09215683e-07,1.83872284e-07,2.31165466e-07,4.09427525e-08,5.61540671e-09,5.60991485e-09,1.89662391e-12,2.52488358e-07,1.23927017e-08,1.15452703e-08,5.97313350e+00,5.51593288e+01,8.62728464e+02,1.86069295e+00,2.52138440e+02,1.01853958e+02,1.76008097e+02,2.82068480e-03,8.34314148e+00,1.42967266e+03,8.28055205e+00,9.30540028e+01,3.27862053e+15,6.07480174e+15,6.67648602e+01,7.38953661e+00,1.00000000e+00,2.42679625e-02
4.67368755e+00,9.10000000e-02,2.21000000e+04,4.45464157e+13,1.46160562e-05,1.78579663e-06,1.14177423e-07,1.72312721e-07,2.31167154e-07,4.63830985e-08,6.03196037e-09,6.02633467e-09,2.03740889e-12,2.52429007e-07,1.23727233e-08,1.23857456e-08,5.97318015e+00,5.51597596e+01,8.62728464e+02,1.86070748e+00,2.52140409e+02,1.01853958e+02,1.76008097e+02,2.82070683e-03,8.34320663e+00,1.42968382e+03,8.28061671e+00,9.30540028e+01,3.27862053e+15,1.79769313e+308,6.32272187e+01,7.72513135e+00,1.00000000e+00,2.60691649e-02
5.02323807e+00,9.10000000e-02,2.21000000e+04,4.30909750e+13,1.37855183e-05,1.86344192e-06,1.19142741e-07,1.62798577e-07,2.31162457e-07,5.24770593e-08,6.47881088e-09,6.47304169e-09,2.18843350e-12,2.52365323e-07,1.23880991e-08,1.32855767e-08,5.97322812e+00,5.51602026e+01,8.62728464e+02,1.86072242e+00,2.52142434e+02,1.01853958e+02,1.76008097e+02,2.82072949e-03,8.34327365e+00,1.42969531e+03,8.28068322e+00,9.30540028e+01,6.55724106e+15,6.07480174e+15,5.96356283e+01,8.06117890e+00,1.00000000e+00,2.80021323e-02
5.39893188e+00,9.10000000e-02,2.21000000e+04,4.16303318e+13,1.29454712e-05,1.94064093e-06,1.24079630e-07,1.55288443e-07,2.31154518e-07,5.92887250e-08,6.95808280e-09,6.95215976e-09,2.35041578e-12,2.52296992e-07,1.24452485e-08,1.42486750e-08,5.97327734e+00,5.51606571e+01,8.62728464e+02,1.86073775e+00,2.52144512e+02,1.01853958e+02,1.76008097e+02,2.82075273e-03,8.34334240e+00,1.42970709e+03,8.28075146e+00,9.30540028e+01,6.55724106e+15,1.79769313e+308,5.60035396e+01,8.39542721e+00,1.00000000e+00,3.00758118e-02
5.80272427e+00,9.10000000e-02,2.21000000e+04,4.01703387e+13,1.20996560e-05,2.01684238e-06,1.28952844e-07,1.49698788e-07,2.31147305e-07,6.68855254e-08,7.47204651e-09,7.46595845e-09,2.52412303e-12,2.52223677e-07,1.25512927e-08,1.52791660e-08,5.97332770e+00,5.51611222e+01,8.62728464e+02,1.86075344e+00,2.52146637e+02,1.01853958e+02,1.76008097e+02,2.82077651e-03,8.34341273e+00,1.42971914e+03,8.28082127e+00,9.30540028e+01,1.79769313e+308,1.79769313e+308,5.23460830e+01,8.72535539e+00,1.00000000e+00,3.22995695e-02
6.23671676e+00,9.10000000e-02,2.21000000e+04,3.87169195e+13,1.12521803e-05,2.09144703e-06,1.33724065e-07,1.45905476e-07,2.31145673e-07,7.53377778e-08,8.02312989e-09,8.01686483e-09,2.71037580e-12,2.52145018e-07,1.27140830e-08,1.63813940e-08,5.97337908e+00,5.51615966e+01,8.62728464e+02,1.86076944e+00,2.52148806e+02,1.01853958e+02,1.76008097e+02,2.82080077e-03,8.34348449e+00,1.42973144e+03,8.28089249e+00,9.30540028e+01,6.55724106e+15,6.07480174e+15,4.86800386e+01,9.04817728e+00,1.00000000e+00,3.46831707e-02
6.70316806e+00,9.10000000e-02,2.21000000e+04,3.72760364e+13,1.04074842e-05,2.16381197e-06,1.38352184e-07,1.43747130e-07,2.31155421e-07,8.47180765e-08,8.61393165e-09,8.60747667e-09,2.91005237e-12,2.52060627e-07,1.29422193e-08,1.75599262e-08,5.97343134e+00,5.51620792e+01,8.62728464e+02,1.86078573e+00,2.52151012e+02,1.01853958e+02,1.76008097e+02,2.82082545e-03,8.34355750e+00,1.42974395e+03,8.28096494e+00,9.30540028e+01,6.55724106e+15,6.07480174e+15,4.50237515e+01,9.36085322e+00,1.00000000e+00,3.72367502e-02
7.20450578e+00,9.10000000e-02,2.21000000e+04,3.58536603e+13,9.57029340e-06,2.23325686e-06,1.42793695e-07,1.43030269e-07,2.31183351e-07,9.51005044e-08,9.24723620e-09,9.24057741e-09,3.12409377e-12,2.51970087e-07,1.32450590e-08,1.88195539e-08,5.97348436e+00,5.51625688e+01,8.62728464e+02,1.86080224e+00,2.52153250e+02,1.01853958e+02,1.76008097e+02,2.82085049e-03,8.34363155e+00,1.42975664e+03,8.28103844e+00,9.30540028e+01,6.55724106e+15,6.07480174e+15,4.13969837e+01,9.66011113e+00,1.00000000e+00,3.99707738e-02
7.74333914e+00,9.10000000e-02,2.21000000e+04,3.44557392e+13,8.74555559e-06,2.29907204e-06,1.47003215e-07,1.43536035e-07,2.31237317e-07,1.06559654e-07,9.92603069e-09,9.91915314e-09,3.35350954e-12,2.51872953e-07,1.36327109e-08,2.01652937e-08,5.97353798e+00,5.51630640e+01,8.62728464e+02,1.86081894e+00,2.52155514e+02,1.01853958e+02,1.76008097e+02,2.82087581e-03,8.34370644e+00,1.42976947e+03,8.28111277e+00,9.30540028e+01,1.79769313e+308,1.79769313e+308,3.78206930e+01,9.94247843e+00,1.00000000e+00,4.28959878e-02
8.32247248e+00,9.10000000e-02,2.21000000e+04,3.30881586e+13,7.93836226e-06,2.36052872e-06,1.50934137e-07,1.45028126e-07,2.31326289e-07,1.19169442e-07,1.06535243e-08,1.06464119e-08,3.59938427e-12,2.51768743e-07,1.41160145e-08,2.16023849e-08,5.97359205e+00,5.51635634e+01,8.62728464e+02,1.86083579e+00,2.52157796e+02,1.01853958e+02,1.76008097e+02,2.82090135e-03,8.34378198e+00,1.42978242e+03,8.28118774e+00,9.30540028e+01,6.55724106e+15,6.07480174e+15,3.43167320e+01,1.02043254e+01,1.00000000e+00,4.60233548e-02
8.94491986e+00,9.10000000e-02,2.21000000e+04,3.17566890e+13,7.15385433e-06,2.41689119e-06,1.54539406e-07,1.47261501e-07,2.31460408e-07,1.33001720e-07,1.14331703e-08,1.14258057e-08,3.86288504e-12,2.51656943e-07,1.47064991e-08,2.31362849e-08,5.97364644e+00,5.51640656e+01,8.62728464e+02,1.86085273e+00,2.52160092e+02,1.01853958e+02,1.76008097e+02,2.82092703e-03,8.34385794e+00,1.42979543e+03,8.28126313e+00,9.30540028e+01,1.79769313e+308,1.79769313e+308,3.09074645e+01,1.04419205e+01,1.00000000e+00,4.93639745e-02
9.61392082e+00,9.10000000e-02,2.21000000e+04,3.04669159e+13,6.39711374e-06,2.46743085e-06,1.57772423e-07,1.49991283e-07,2.31651063e-07,1.48124666e-07,1.22686914e-08,1.22610558e-08,4.14526997e-12,2.51536998e-07,1.54163230e-08,2.47726620e-08,5.97370098e+00,5.51645692e+01,8.62728464e+02,1.86086972e+00,2.52162394e+02,1.01853958e+02,1.76008097e+02,2.82095278e-03,8.34393412e+00,1.42980849e+03,8.28133874e+00,9.30540028e+01,1.31144821e+16,1.79769313e+308,2.76153006e+01,1.06514981e+01,1.00000000e+00,5.29289859e-02
1.03329571e+01,9.10000000e-02,2.21000000e+04,2.92241485e+13,5.67304279e-06,2.51144197e-06,1.60588048e-07,1.52981274e-07,2.31910976e-07,1.64600984e-07,1.31641086e-08,1.31561820e-08,4.44789804e-12,2.51408316e-07,1.62581888e-08,2.65173839e-08,5.97375554e+00,5.51650731e+01,8.62728464e+02,1.86088672e+00,2.52164697e+02,1.01853958e+02,1.76008097e+02,2.82097855e-03,8.34401033e+00,1.42982155e+03,8.28141438e+00,9.30540028e+01,6.55724106e+15,1.21496035e+16,2.44621574e+01,1.08293364e+01,1.00000000e+00,5.67294495e-02
1.11057710e+01,9.10000000e-02,2.21000000e+04,2.80333094e+13,4.98623486e-06,2.54825861e-06,1.62943684e-07,1.56011561e-07,2.32254311e-07,1.82485911e-07,1.41237753e-08,1.41155358e-08,4.77224045e-12,2.51270255e-07,1.72452341e-08,2.83765019e-08,5.97381001e+00,5.51655761e+01,8.62728464e+02,1.86090368e+00,2.52166997e+02,1.01853958e+02,1.76008097e+02,2.82100427e-03,8.34408641e+00,1.42983458e+03,8.28148989e+00,9.30540028e+01,1.79769313e+308,1.79769313e+308,2.14688581e+01,1.09718463e+01,1.00000000e+00,6.07762056e-02
1.19363845e+01,9.10000000e-02,2.21000000e+04,2.68988056e+13,4.34084089e-06,2.57727225e-06,1.64800405e-07,1.58884717e-07,2.32696798e-07,2.01825076e-07,1.51524154e-08,1.51438396e-08,5.11989377e-12,2.51122130e-07,1.83908971e-08,3.03562311e-08,5.97386427e+00,5.51660772e+01,8.62728464e+02,1.86092059e+00,2.52169287e+02,1.01853958e+02,1.76008097e+02,2.82102989e-03,8.34416221e+00,1.42984757e+03,8.28156512e+00,9.30540028e+01,1.79769313e+308,1.21496035e+16,1.86544934e+01,1.10756670e+01,1.00000000e+00,6.50797075e-02
1.28291206e+01,9.10000000e-02,2.21000000e+04,2.58243889e+13,3.74043745e-06,2.59794943e-06,1.66124082e-07,1.61430348e-07,2.33255883e-07,2.22652242e-07,1.62551695e-08,1.62462319e-08,5.49259526e-12,2.50963203e-07,1.97087561e-08,3.24629238e-08,5.97391826e+00,5.51665757e+01,8.62728464e+02,1.86093741e+00,2.52171566e+02,1.01853958e+02,1.76008097e+02,2.82105539e-03,8.34423761e+00,1.42986049e+03,8.28163995e+00,9.30540028e+01,6.55724106e+15,1.21496035e+16,1.60357690e+01,1.11377660e+01,1.00000000e+00,6.96498269e-02
1.37886254e+01,9.10000000e-02,2.21000000e+04,2.48130136e+13,3.18790321e-06,2.60984855e-06,1.66886462e-07,1.63507798e-07,2.33950896e-07,2.44986968e-07,1.74376471e-08,1.74283202e-08,5.89224071e-12,2.50792681e-07,2.12123458e-08,3.47030376e-08,5.97397192e+00,5.51670712e+01,8.62728464e+02,1.86095412e+00,2.52173831e+02,1.01853958e+02,1.76008097e+02,2.82108073e-03,8.34431256e+00,1.42987334e+03,8.28171434e+00,9.30540028e+01,1.31144821e+16,1.21496035e+16,1.36263774e+01,1.11555399e+01,1.00000000e+00,7.44956335e-02
1.48198927e+01,9.10000000e-02,2.21000000e+04,2.38667027e+13,2.68531118e-06,2.61263499e-06,1.67066131e-07,1.65007112e-07,2.34803240e-07,2.68832277e-07,1.87059888e-08,1.86962428e-08,6.32090538e-12,2.50609714e-07,2.29149518e-08,3.70830952e-08,5.97402523e+00,5.51675636e+01,8.62728464e+02,1.86097073e+00,2.52176082e+02,1.01853958e+02,1.76008097e+02,2.82110590e-03,8.34438703e+00,1.42988610e+03,8.28178825e+00,9.30540028e+01,2.09271970e+09,1.79769313e+308,1.14364315e+01,1.11269120e+01,1.00000000e+00,7.96251483e-02
1.59282897e+01,9.10000001e-02,2.21000000e+04,2.29864360e+13,2.23384455e-06,2.60609355e-06,1.66649312e-07,1.65848455e-07,2.35836589e-07,2.94172356e-07,2.00669386e-08,2.00567412e-08,6.78086848e-12,2.50413391e-07,2.48293888e-08,3.96096370e-08,5.97407817e+00,5.51680523e+01,8.62728464e+02,1.86098722e+00,2.52178316e+02,1.01853958e+02,1.76008097e+02,2.82113090e-03,8.34446096e+00,1.42989876e+03,8.28186165e+00,9.30540028e+01,1.04364412e+09,1.79769313e+308,9.47200160e+00,1.10504208e+01,1.00000000e+00,8.50450785e-02
1.71195850e+01,9.10000002e-02,2.21000000e+04,2.21720704e+13,1.83374319e-06,2.59013734e-06,1.65630436e-07,1.65980272e-07,2.37077082e-07,3.20970384e-07,2.15279291e-08,2.15172451e-08,7.27464185e-12,2.50202729e-07,2.69677663e-08,4.22891638e-08,5.97413084e+00,5.51685387e+01,8.62728464e+02,1.86100363e+00,2.52180539e+02,1.01853958e+02,1.76008097e+02,2.82115577e-03,8.34453452e+00,1.42991137e+03,8.28193469e+00,9.30540028e+01,5.80399562e+08,1.21496035e+16,7.73479736e+00,1.09252962e+01,1.00000000e+00,9.07605447e-02
1.83999787e+01,9.10000005e-02,2.21000000e+04,2.14223079e+13,1.48428761e-06,2.56481244e-06,1.64012433e-07,1.65376621e-07,2.38553531e-07,3.49166528e-07,2.30971808e-08,2.30859722e-08,7.80500377e-12,2.49976681e-07,2.93412518e-08,4.51280696e-08,5.97418324e+00,5.51690223e+01,8.62728464e+02,1.86101995e+00,2.52182750e+02,1.01853958e+02,1.76008097e+02,2.82118049e-03,8.34460767e+00,1.42992390e+03,8.28200736e+00,9.30540028e+01,2.25994066e+08,2.42992070e+16,6.22203159e+00,1.07515174e+01,1.00000000e+00,9.67748080e-02
1.97761345e+01,9.10000013e-02,2.21000000e+04,2.07347148e+13,1.18382401e-06,2.53029769e-06,1.61806722e-07,1.64033943e-07,2.40297591e-07,3.78676175e-07,2.47838188e-08,2.47720438e-08,8.37503801e-12,2.49734131e-07,3.19598375e-08,4.81325636e-08,5.97423529e+00,5.51695025e+01,8.62728464e+02,1.86103616e+00,2.52184945e+02,1.01853958e+02,1.76008097e+02,2.82120503e-03,8.34468029e+00,1.42993634e+03,8.28207963e+00,9.30540028e+01,1.05842611e+08,6.78200876e+08,4.92649138e+00,1.05298504e+01,1.00000000e+00,1.03089023e-01
2.12552146e+01,9.10000030e-02,2.20999999e+04,2.01058001e+13,9.29832957e-07,2.48689926e-06,1.59032864e-07,1.61967637e-07,2.42343902e-07,4.09388437e-07,2.65980083e-08,2.65856217e-08,8.98818004e-12,2.49473882e-07,3.48321188e-08,5.13085791e-08,5.97428694e+00,5.51699784e+01,8.62728464e+02,1.86105226e+00,2.52187121e+02,1.01853958e+02,1.76008097e+02,2.82122933e-03,8.34475225e+00,1.42994865e+03,8.28215147e+00,9.30540028e+01,4.91105895e+07,3.38220315e+08,3.83683249e+00,1.02618603e+01,1.00000000e+00,1.09702045e-01
2.28449168e+01,9.10000071e-02,2.20999998e+04,1.95311529e+13,7.19039819e-07,2.43504079e-06,1.55717913e-07,1.59208618e-07,2.44730223e-07,4.41164971e-07,2.85511128e-08,2.85380648e-08,9.64827005e-12,2.49194687e-07,3.79650987e-08,5.46616708e-08,5.97433740e+00,5.51704416e+01,8.62728464e+02,1.86106798e+00,2.52189239e+02,1.01853958e+02,1.76008097e+02,2.82125293e-03,8.34482228e+00,1.42996061e+03,8.28222197e+00,9.30540028e+01,2.18538539e+07,1.84551643e+08,2.93809163e+00,9.94989813e+00,1.00000000e+00,1.16610300e-01
2.45535146e+01,9.10000171e-02,2.20999995e+04,1.90056311e+13,5.47561976e-07,2.37524883e-06,1.51895474e-07,1.55800007e-07,2.47497480e-07,4.73839118e-07,3.06558759e-08,3.06421123e-08,1.03596147e-11,2.48895269e-07,4.13640207e-08,5.81968971e-08,5.97438475e+00,5.51708721e+01,8.62728464e+02,1.86108273e+00,2.52191210e+02,1.01853958e+02,1.76008097e+02,2.82127475e-03,8.34488731e+00,1.42997166e+03,8.28228895e+00,9.30540028e+01,9.90423120e+06,7.86998791e+07,2.21239415e+00,9.59706269e+00,1.00000000e+00,1.23807775e-01
2.63899005e+01,9.10000406e-02,2.20999988e+04,1.85235928e+13,4.11084592e-07,2.30813547e-06,1.47604560e-07,1.51794027e-07,2.50689795e-07,5.07215386e-07,3.29266319e-08,3.29120925e-08,1.11270577e-11,2.48574385e-07,4.50322447e-08,6.19186898e-08,5.97442438e+00,5.51712225e+01,8.62728464e+02,1.86109510e+00,2.52192819e+02,1.01853958e+02,1.76008097e+02,2.82129219e-03,8.34494010e+00,1.42998048e+03,8.28234704e+00,9.30540028e+01,4.48845510e+06,3.44421696e+07,1.63981383e+00,9.20713772e+00,1.00000000e+00,1.31286128e-01
2.83636319e+01,9.10000965e-02,2.20999970e+04,1.80791595e+13,3.05053254e-07,2.23437989e-06,1.42888300e-07,1.47249197e-07,2.54354550e-07,5.41069269e-07,3.53795455e-08,3.53641654e-08,1.19560607e-11,2.48231037e-07,4.89711811e-08,6.58307108e-08,5.97444459e+00,5.51713719e+01,8.62728464e+02,1.86110143e+00,2.52193518e+02,1.01853958e+02,1.76008097e+02,2.82129871e-03,8.34496220e+00,1.42998374e+03,8.28238256e+00,9.30540028e+01,2.02768575e+06,1.57831612e+07,1.19932297e+00,8.78450923e+00,1.00000000e+00,1.39034924e-01
3.04849808e+01,9.10002295e-02,2.20999929e+04,1.76664956e+13,2.24869905e-07,2.15471086e-06,1.37792628e-07,1.42227838e-07,2.58542568e-07,5.75147453e-07,3.80328879e-08,3.80165950e-08,1.28527945e-11,2.47864918e-07,5.31803051e-08,6.99357028e-08,5.97441739e+00,5.51710322e+01,8.62728464e+02,1.86109305e+00,2.52192003e+02,1.01853958e+02,1.76008097e+02,2.82127866e-03,8.34490962e+00,1.42997346e+03,8.28236268e+00,9.30540028e+01,9.17177765e+05,7.17936772e+06,8.69759695e-01,8.33406615e+00,1.00000000e+00,1.47041918e-01
3.27649880e+01,9.10005452e-02,2.20999830e+04,1.72801003e+13,1.66077860e-07,2.06989433e-06,1.32365022e-07,1.36794003e-07,2.63308839e-07,6.09168477e-07,4.09073551e-08,4.08900703e-08,1.38242435e-11,2.47477491e-07,5.76573151e-08,7.42353453e-08,5.97427620e+00,5.51695181e+01,8.62728464e+02,1.86104929e+00,2.52185173e+02,1.01853958e+02,1.76008097e+02,2.82119488e-03,8.34467776e+00,1.42993072e+03,8.28220930e+00,9.30540028e+01,4.14888997e+05,3.24682989e+06,6.30734086e-01,7.86108940e+00,1.00000000e+00,1.55293193e-01
3.52155195e+01,9.10012956e-02,2.20999598e+04,1.69151265e+13,1.24522588e-07,1.98073234e-06,1.26653389e-07,1.31011961e-07,2.68714775e-07,6.42824079e-07,4.40264482e-08,4.40080861e-08,1.48783244e-11,2.47074594e-07,6.23986019e-08,7.87301524e-08,5.97386210e+00,5.51651943e+01,8.62728464e+02,1.86092082e+00,2.52165626e+02,1.01853958e+02,1.76008097e+02,2.82095868e-03,8.34401704e+00,1.42981036e+03,8.28173584e+00,9.30540028e+01,1.87645968e+05,1.46858282e+06,4.63400599e-01,7.37113295e+00,1.00000000e+00,1.63772483e-01
3.78493291e+01,9.10030789e-02,2.20999044e+04,1.65677797e+13,9.64775915e-08,1.88808417e-06,1.20705101e-07,1.24945391e-07,2.74834346e-07,6.75781752e-07,4.74169665e-08,4.73974358e-08,1.60240281e-11,2.46672584e-07,6.74004263e-08,8.34195012e-08,5.97279744e+00,5.51541756e+01,8.62728464e+02,1.86059043e+00,2.52115774e+02,1.01853958e+02,1.76008097e+02,2.82035934e-03,8.34233442e+00,1.42950505e+03,8.28049895e+00,9.30540028e+01,8.48721150e+04,6.63817921e+05,3.51039064e-01,6.86989891e+00,1.00000000e+00,1.72458197e-01
4.06801244e+01,9.10073165e-02,2.20997729e+04,1.62359502e+13,7.87295738e-08,1.79293309e-06,1.14566107e-07,1.18657603e-07,2.81770165e-07,7.07689666e-07,5.11097471e-08,5.10889503e-08,1.72716044e-11,2.46312938e-07,7.26618474e-08,8.83020135e-08,5.97018522e+00,5.51272341e+01,8.62728464e+02,1.85977967e+00,2.51993845e+02,1.01853958e+02,1.76008097e+02,2.81889646e-03,8.33822139e+00,1.42875994e+03,8.27744512e+00,9.30540028e+01,3.83888649e+04,3.00321151e+05,2.79410610e-01,6.36310480e+00,1.00000000e+00,1.81314265e-01
4.37226382e+01,9.10173864e-02,2.20994603e+04,1.59204375e+13,6.86216850e-08,1.69654734e-06,1.08279843e-07,1.12213253e-07,2.89694396e-07,7.38186623e-07,5.51410127e-08,5.51188619e-08,1.86328571e-11,2.46096981e-07,7.81919788e-08,9.33768646e-08,5.96389715e+00,5.50624792e+01,8.62728464e+02,1.85782794e+00,2.51700746e+02,1.01853958e+02,1.76008097e+02,2.81538304e-03,8.32833680e+00,1.42697052e+03,8.27007360e+00,9.30540028e+01,1.73649915e+04,1.35839704e+05,2.36876121e-01,5.85633467e+00,1.00000000e+00,1.90265544e-01
4.69927051e+01,9.10413155e-02,2.20987176e+04,1.56276075e+13,6.40632681e-08,1.60084200e-06,1.01885173e-07,1.05682379e-07,2.98951727e-07,7.66923096e-07,5.95553004e-08,5.95317348e-08,2.01217061e-11,2.46268769e-07,8.40280084e-08,9.86474691e-08,5.94889662e+00,5.49081291e+01,8.62728464e+02,1.85317187e+00,2.51002052e+02,1.01853958e+02,1.76008097e+02,2.80701193e-03,8.30477740e+00,1.42270725e+03,8.25245946e+00,9.30540028e+01,7.98304130e+03,6.24283074e+04,2.14293019e-01,5.35485116e+00,1.00000000e+00,1.99134942e-01
5.00000000e+01,9.10869141e-02,2.20973022e+04,1.54070060e+13,6.33991561e-08,1.52156125e-06,9.63218817e-08,1.00058529e-07,3.08547417e-07,7.90003443e-07,6.37030869e-08,6.36782918e-08,2.15172975e-11,2.47154826e-07,8.93715043e-08,1.03349423e-07,5.92036180e+00,5.46147118e+01,8.62728464e+02,1.84431463e+00,2.49673731e+02,1.01853958e+02,1.76008097e+02,2.79110420e-03,8.25999397e+00,1.41460623e+03,8.21889929e+00,9.30540028e+01,4.31509713e+03,3.37318130e+04,2.05476217e-01,4.93136926e+00,1.00000000e+00,2.06380894e-01
5.05073442e+01,9.10981325e-02,2.20969541e+04,1.53753979e+13,6.35236534e-08,1.50917194e-06,9.54116973e-08,9.91476331e-08,3.10317489e-07,7.93607407e-07,6.44125860e-08,6.43876259e-08,2.17555079e-11,2.47413551e-07,9.02797084e-08,1.04131280e-07,5.91336058e+00,5.45427495e+01,8.62728464e+02,1.84214142e+00,2.49347933e+02,1.01853958e+02,1.76008097e+02,2.78720361e-03,8.24901098e+00,1.41261994e+03,8.21065622e+00,9.30540028e+01,3.87608755e+03,3.02944997e+04,2.04705360e-01,4.86331578e+00,1.00000000e+00,2.07489517e-01
5.22613065e+01,9.11477871e-02,2.20954127e+04,1.52811212e+13,6.43719619e-08,1.46888197e-06,9.23242300e-08,9.60831229e-08,3.16895327e-07,8.05473368e-07,6.68907546e-08,6.68652009e-08,2.25858468e-11,2.48646997e-07,9.34558135e-08,1.06814734e-07,5.88247521e+00,5.42254195e+01,8.62728464e+02,1.83255434e+00,2.47911186e+02,1.01853958e+02,1.76008097e+02,2.77000701e-03,8.20058139e+00,1.40386340e+03,8.17425348e+00,9.30540028e+01,2.62301788e+03,2.04852091e+04,2.03133200e-01,4.63522762e+00,1.00000000e+00,2.11000905e-01
5.42848471e+01,9.12331363e-02,2.20927636e+04,1.52076637e+13,6.60516091e-08,1.42814222e-06,8.88683930e-08,9.27171067e-08,3.25666179e-07,8.18110197e-07,6.98067505e-08,6.97806335e-08,2.35584500e-11,2.50953157e-07,9.72422419e-08,1.09885479e-07,5.82979649e+00,5.36846340e+01,8.62728464e+02,1.81620201e+00,2.45462401e+02,1.01853958e+02,1.76008097e+02,2.74071461e-03,8.11805538e+00,1.38894920e+03,8.11202002e+00,9.30540028e+01,1.76610262e+03,1.37792229e+04,2.02819984e-01,4.38529484e+00,1.00000000e+00,2.14270434e-01
5.45226131e+01,9.12456836e-02,2.20923742e+04,1.52020114e+13,6.62934234e-08,1.42382224e-06,8.84691964e-08,9.23337101e-08,3.26803674e-07,8.19527538e-07,7.01540558e-08,7.01278556e-08,2.36738764e-11,2.51304211e-07,9.76997826e-08,1.10245535e-07,5.82209635e+00,5.36056342e+01,8.62728464e+02,1.81381172e+00,2.45104641e+02,1.01853958e+02,1.76008097e+02,2.73643689e-03,8.10600037e+00,1.38677137e+03,8.10290809e+00,9.30540028e+01,1.68197313e+03,1.31207594e+04,2.02853972e-01,4.35681220e+00,1.00000000e+00,2.14587109e-01
5.67839196e+01,9.14001321e-02,2.20875802e+04,1.51877164e+13,6.90377893e-08,1.38865792e-06,8.47359640e-08,8.88192592e-08,3.39140862e-07,8.32387805e-07,7.35171226e-08,7.34905666e-08,2.47858866e-11,2.55778725e-07,1.02250303e-07,1.13677898e-07,5.72824406e+00,5.26437266e+01,8.62728464e+02,1.78467706e+00,2.40747835e+02,1.01853958e+02,1.76008097e+02,2.68437997e-03,7.95923133e+00,1.36027200e+03,7.99153572e+00,9.30540028e+01,1.06019692e+03,8.25422113e+03,2.03566710e-01,4.09463465e+00,1.00000000e+00,2.16696290e-01
5.83448739e+01,9.15540009e-02,2.20828042e+04,1.52293760e+13,7.14069964e-08,1.37182813e-06,8.22156673e-08,8.65328297e-08,3.49756772e-07,8.40710813e-07,7.59158482e-08,7.58892369e-08,2.55710644e-11,2.60429886e-07,1.05681390e-07,1.16075728e-07,5.63644202e+00,5.17045794e+01,8.62728464e+02,1.75617730e+00,2.36492878e+02,1.01853958e+02,1.76008097e+02,2.63360678e-03,7.81595970e+00,1.33443209e+03,7.88202934e+00,9.30540028e+01,7.99241674e+02,6.21066166e+03,2.04161870e-01,3.92223465e+00,1.00000000e+00,2.16977177e-01
5.90452261e+01,9.16392476e-02,2.20801582e+04,1.52654173e+13,7.26045397e-08,1.36669119e-06,8.10963840e-08,8.55438289e-08,3.55265136e-07,8.44331774e-07,7.70178084e-08,7.69911508e-08,2.59289873e-11,2.63068147e-07,1.07327255e-07,1.17166543e-07,5.58630126e+00,5.11923685e+01,8.62728464e+02,1.74061054e+00,2.34171699e+02,1.01853958e+02,1.76008097e+02,2.60593700e-03,7.73782971e+00,1.32035264e+03,7.82197728e+00,9.30540028e+01,6.99284210e+02,5.42821551e+03,2.04367196e-01,3.84696118e+00,1.00000000e+00,2.16714625e-01
6.13065327e+01,9.20036889e-02,2.20688462e+04,1.54770930e+13,7.71232513e-08,1.36289526e-06,7.75118894e-08,8.25043208e-08,3.77352865e-07,8.55720416e-07,8.07156543e-08,8.06894482e-08,2.71147180e-11,2.74749502e-07,1.13265440e-07,1.20795175e-07,5.37758561e+00,4.90659224e+01,8.62728464e+02,1.67580733e+00,2.24531231e+02,1.01853958e+02,1.76008097e+02,2.49123510e-03,7.41355252e+00,1.26200676e+03,7.57011203e+00,9.30540028e+01,4.61260944e+02,3.56458172e+03,2.04379663e-01,3.61172629e+00,1.00000000e+00,2.13830226e-01
6.27085549e+01,9.23166283e-02,2.20591327e+04,1.57025187e+13,8.05140228e-08,1.37278019e-06,7.52943649e-08,8.07253686e-08,3.95496494e-07,8.62708984e-07,8.31466780e-08,8.31209036e-08,2.78790717e-11,2.85243245e-07,1.17588675e-07,1.23169459e-07,5.20542960e+00,4.73190042e+01,8.62728464e+02,1.62234900e+00,2.16606287e+02,1.01853958e+02,1.76008097e+02,2.39721564e-03,7.14725124e+00,1.21420428e+03,7.35997183e+00,9.30540028e+01,3.64449832e+02,2.80564971e+03,2.03577083e-01,3.47102999e+00,1.00000000e+00,2.10168497e-01
6.35678392e+01,9.25501397e-02,2.20518847e+04,1.58870734e+13,8.28615049e-08,1.38469133e-06,7.39285897e-08,7.96661420e-08,4.08901863e-07,8.67040552e-07,8.47049574e-08,8.46796164e-08,2.83619083e-11,2.93336796e-07,1.20561732e-07,1.24693518e-07,5.08105585e+00,4.60610228e+01,8.62728464e+02,1.58372444e+00,2.10896436e+02,1.01853958e+02,1.76008097e+02,2.32963281e-03,6.95554090e+00,1.17985580e+03,7.20674348e+00,9.30540028e+01,3.13435387e+02,2.40604664e+03,2.02643990e-01,3.38636590e+00,1.00000000e+00,2.07090317e-01
6.58291457e+01,9.33578488e-02,2.20268139e+04,1.65985305e+13,9.02542653e-08,1.44370985e-06,7.02690922e-08,7.69371894e-08,4.55785280e-07,8.78974494e-07,8.91374200e-08,8.91133783e-08,2.97022013e-11,3.23051849e-07,1.29971013e-07,1.29067180e-07,4.67624656e+00,4.19912257e+01,8.62728464e+02,1.45798734e+00,1.92405768e+02,1.01853958e+02,1.76008097e+02,2.11172860e-03,6.33566744e+00,1.06918108e+03,6.69921779e+00,9.30540028e+01,2.14040434e+02,1.62698910e+03,1.98019263e-01,3.16752188e+00,1.00000000e+00,1.95516139e-01
6.73986005e+01,9.41284303e-02,2.20028956e+04,1.73562970e+13,9.66804353e-08,1.51609715e-06,6.76260096e-08,7.50083487e-08,5.02507115e-07,8.88124902e-07,9.26003557e-08,9.25773154e-08,3.07144846e-11,3.53952515e-07,1.38336186e-07,1.32551750e-07,4.32400064e+00,3.84822854e+01,8.62728464e+02,1.34854678e+00,1.76438797e+02,1.01853958e+02,1.76008097e+02,1.92482641e-03,5.80166863e+00,9.74342843e+02,6.24560769e+00,9.30540028e+01,1.68302624e+02,1.26747003e+03,1.92396152e-01,3.01706604e+00,1.00000000e+00,1.84230855e-01
6.80904523e+01,9.45361983e-02,2.19902388e+04,1.77834922e+13,9.99232252e-08,1.55879937e-06,6.64186592e-08,7.41141649e-08,5.28317416e-07,8.92516316e-07,9.42631581e-08,9.42404685e-08,3.11901079e-11,3.71357412e-07,1.42655244e-07,1.34252579e-07,4.14990864e+00,3.67598737e+01,8.62728464e+02,1.29444638e+00,1.68592018e+02,1.01853958e+02,1.76008097e+02,1.83343963e-03,5.53971185e+00,9.28001892e+02,6.01688723e+00,9.30540028e+01,1.50730619e+02,1.12959062e+03,1.89134831e-01,2.95049778e+00,1.00000000e+00,1.78378500e-01
7.03517588e+01,9.62338405e-02,2.19375451e+04,1.97418722e+13,1.12631293e-07,1.76145008e-06,6.22003959e-08,7.07918357e-08,6.45642897e-07,9.09177982e-07,1.00510743e-07,1.00489063e-07,3.29239511e-11,4.52273174e-07,1.60416933e-07,1.40826254e-07,3.50615745e+00,3.04647021e+01,8.62728464e+02,1.09432504e+00,1.39853900e+02,1.01853958e+02,1.76008097e+02,1.50166288e-03,4.58331063e+00,7.59933103e+02,5.14168780e+00,9.30540028e+01,1.05948516e+02,7.78113376e+02,1.74448280e-01,2.72821104e+00,1.00000000e+00,1.55641862e-01
7.24394202e+01,9.84337766e-02,2.18692606e+04,2.27050657e+13,1.27653971e-07,2.07217228e-06,5.77370510e-08,6.66890060e-08,8.26061424e-07,9.29378027e-07,1.07933490e-07,1.07911398e-07,3.49010738e-11,5.79977843e-07,1.83691263e-07,1.49020646e-07,2.83466955e+00,2.40382510e+01,8.62728464e+02,8.85443535e-01,1.10397749e+02,1.01853958e+02,1.76008097e+02,1.16718939e-03,3.60885855e+00,5.90767283e+02,4.17120361e+00,9.30540028e+01,7.97875006e+01,5.71101157e+02,1.54533267e-01,2.50849661e+00,1.00000000e+00,1.30633625e-01
7.26130653e+01,9.86506010e-02,2.18625305e+04,2.30237915e+13,1.29056348e-07,2.10540029e-06,5.73309254e-08,6.62809382e-08,8.45825111e-07,9.31352618e-07,1.08653204e-07,1.08631150e-07,3.50893951e-11,5.94125165e-07,1.86019543e-07,1.49836172e-07,2.77685144e+00,2.34924548e+01,8.62728464e+02,8.67450277e-01,1.07889180e+02,1.01853958e+02,1.76008097e+02,1.13901252e-03,3.52620044e+00,5.76528377e+02,4.08452013e+00,9.30540028e+01,7.78679823e+01,5.55965481e+02,1.52580416e-01,2.48916740e+00,1.00000000e+00,1.28432165e-01
7.48743719e+01,1.02052315e-01,2.17569436e+04,2.86852037e+13,1.49210893e-07,2.68026910e-06,5.13436031e-08,5.96345782e-08,1.21083829e-06,9.62934719e-07,1.20181289e-07,1.20156344e-07,3.80577017e-11,8.58952322e-07,2.23084273e-07,1.63331721e-07,2.02539537e+00,1.65265450e+01,8.62728464e+02,6.33460232e-01,7.57458392e+01,1.01853958e+02,1.76008097e+02,7.83263723e-04,2.47293192e+00,3.96901942e+02,2.90871247e+00,9.30540028e+01,5.66633248e+01,3.89192767e+02,1.23229414e-01,2.21356487e+00,1.00000000e+00,9.92340142e-02
7.71356784e+01,1.06795960e-01,2.16097040e+04,3.88305334e+13,1.72125491e-07,3.61402058e-06,4.34823681e-08,4.99552841e-08,1.93587639e-06,1.01016092e-06,1.38220171e-07,1.38189283e-07,4.26199453e-11,1.39585510e-06,2.72371394e-07,1.85678591e-07,1.33452947e+00,1.03799842e+01,8.62728464e+02,4.18055173e-01,4.70935577e+01,1.01853958e+02,1.76008097e+02,4.77070711e-04,1.54683585e+00,2.42464641e+02,1.75535292e+00,9.30540028e+01,4.32404109e+01,2.81884785e+02,8.89134721e-02,1.86686537e+00,1.00000000e+00,7.13833198e-02
7.78572486e+01,1.08663777e-01,2.15517283e+04,4.36032172e+13,1.80018317e-07,4.00363168e-06,4.04119855e-08,4.61276992e-08,2.31017352e-06,1.02989285e-06,1.46322103e-07,1.46288198e-07,4.46581620e-11,1.67541894e-06,2.88630566e-07,1.96046051e-07,1.14006474e+00,8.70823615e+00,8.62728464e+02,3.57355604e-01,3.92239806e+01,1.01853958e+02,1.76008097e+02,3.95538588e-04,1.29567866e+00,2.01347759e+02,1.42635404e+00,9.30540028e+01,3.97722432e+01,2.54135385e+02,7.79241540e-02,1.73304371e+00,1.00000000e+00,6.33234678e-02
7.93969849e+01,1.13342402e-01,2.14065069e+04,5.76276492e+13,1.99666877e-07,4.94585165e-06,3.27131637e-08,3.67228445e-08,3.53935145e-06,1.08146976e-06,1.70037646e-07,1.69995901e-07,5.06085874e-11,2.59382218e-06,3.16442620e-07,2.27094930e-07,7.80414300e-01,5.70631299e+00,8.62728464e+02,2.44985753e-01,2.49647727e+01,1.01853958e+02,1.76008097e+02,2.51781955e-04,8.45743826e-01,1.28815403e+02,8.36713177e-01,9.30540028e+01,3.32259828e+01,2.02171005e+02,5.64134080e-02,1.39738924e+00,1.00000000e+00,4.80302404e-02
8.16582915e+01,1.22293949e-01,2.11286569e+04,9.38258936e+13,2.53122988e-07,5.95733359e-06,1.86654358e-08,2.04400033e-08,7.59007695e-06,1.17975788e-06,2.34845225e-07,2.34784301e-07,6.67289651e-11,5.55113781e-06,3.56431980e-07,3.13859724e-07,3.99478673e-01,2.70308898e+00,8.62728464e+02,1.25735813e-01,1.05251316e+01,1.01853958e+02,1.76008097e+02,1.12988055e-04,3.97545828e-01,5.86248763e+01,3.00086410e-01,9.30540028e+01,2.62594726e+01,1.46164084e+02,3.33491991e-02,7.84884478e-01,1.00000000e+00,3.09330594e-02
8.36802827e+01,1.32973643e-01,2.07971664e+04,1.57489839e+14,3.74312531e-07,4.54943172e-06,6.39786435e-09,6.88388565e-09,1.66356670e-05,1.26515772e-06,3.64030030e-07,3.63935706e-07,9.80187530e-11,1.21937327e-05,5.03078261e-07,4.86978516e-07,1.94943675e-01,1.21325476e+00,8.62728464e+02,6.15326994e-02,3.60261487e+00,1.01853958e+02,1.76008097e+02,4.75169342e-05,1.76426535e-01,2.52985052e+01,9.58351415e-02,9.30540028e+01,2.20702081e+01,1.11207217e+02,2.25006026e-02,2.73474561e-01,1.00000000e+00,2.18768329e-02
8.39195980e+01,1.34436577e-01,2.07517580e+04,1.67541939e+14,3.96917467e-07,4.17211728e-06,5.29283454e-09,5.68321703e-09,1.81414446e-05,1.27242813e-06,3.87185882e-07,3.87085930e-07,1.03493663e-10,1.34466667e-05,5.32757954e-07,5.18479711e-07,1.77768705e-01,1.09447523e+00,8.62728464e+02,5.61318720e-02,3.09793596e+00,1.01853958e+02,1.76008097e+02,4.24737738e-05,1.58859971e-01,2.27132892e+01,8.27993877e-02,9.30540028e+01,2.16175293e+01,1.07505687e+02,2.18790442e-02,2.29977126e-01,1.00000000e+00,2.13371062e-02
8.61809045e+01,1.50761506e-01,2.02450431e+04,1.75130294e+14,6.79877357e-07,1.06837756e-06,4.71139774e-10,4.86326138e-10,1.86017667e-05,1.29644636e-06,6.66423051e-07,6.66262561e-07,1.64187677e-10,3.38046187e-05,1.03885262e-06,1.03504222e-06,6.90832551e-02,3.80451359e-01,8.62728464e+02,2.18946296e-02,5.71029893e-01,1.01853958e+02,1.76008097e+02,1.32341032e-05,5.37031015e-02,7.55123529e+00,1.92626024e-02,9.30540028e+01,1.78935619e+01,7.74127954e+01,3.65490744e-02,5.74341982e-02,1.00000000e+00,3.58171656e-02
8.84422111e+01,1.72541676e-01,1.95690013e+04,1.10037187e+14,7.66680590e-07,8.20538589e-07,1.09752979e-10,1.10646625e-10,3.68869810e-06,1.28723603e-06,7.58253308e-07,7.58087314e-07,1.67910577e-10,6.46072474e-05,2.17538939e-06,2.17661257e-06,2.37884830e-02,1.15396181e-01,8.62728464e+02,7.57732336e-03,7.41893413e-02,1.01853958e+02,1.76008097e+02,3.39192003e-06,1.53139343e-02,2.20135965e+00,4.22650231e-03,9.30540028e+01,1.54717662e+01,5.65330298e+01,2.07845850e-01,2.22446665e-01,1.00000000e+00,2.05516227e-01
8.99388283e+01,1.90737946e-01,1.90042014e+04,1.70060011e+14,8.10040682e-07,8.32549530e-07,4.75050371e-11,4.76866422e-11,4.37037941e-06,1.28043952e-06,8.05939437e-07,8.05776403e-07,1.64161642e-10,5.23832649e-05,3.02131098e-06,3.02491725e-06,1.10866455e-02,4.92270384e-02,8.62728464e+02,3.55736575e-03,1.80539221e-02,1.01853958e+02,1.76008097e+02,1.24277933e-06,6.10009893e-03,9.20441267e-01,1.57750899e-03,9.30540028e+01,1.42994655e+01,4.59007818e+01,1.85347909e-01,1.90498227e-01,1.00000000e+00,1.84372186e-01
9.07035176e+01,2.01399254e-01,1.86732816e+04,2.23206827e+14,8.50394402e-07,8.64668339e-07,3.14493791e-11,3.15284893e-11,4.49953253e-06,1.27719672e-06,8.47652700e-07,8.47488712e-07,1.64902057e-10,2.88852649e-05,3.18567281e-06,3.19015201e-06,7.38172203e-03,3.13788228e-02,8.62728464e+02,2.38704046e-03,8.84262273e-03,1.01853958e+02,1.76008097e+02,7.24923885e-07,3.72563461e-03,5.82452228e-01,9.68955726e-04,9.30540028e+01,1.37385086e+01,4.10383734e+01,1.88996167e-01,1.92168483e-01,1.00000000e+00,1.88350391e-01
9.29648241e+01,2.39346471e-01,1.74954256e+04,5.79789156e+14,1.13453882e-06,1.13851931e-06,1.04287528e-11,1.04360647e-11,3.42800313e-06,1.27054052e-06,1.13339654e-06,1.13320703e-06,1.89970190e-10,2.79865377e-08,2.15303898e-06,2.15731743e-06,2.03402804e-03,7.90252897e-03,8.62728464e+02,7.07187742e-04,1.18866957e-03,1.01853958e+02,1.76008097e+02,1.38153480e-07,8.24110851e-04,1.46353624e-01,2.49796354e-04,9.30540028e+01,1.23650977e+01,2.91194220e+01,3.30962013e-01,3.32123184e-01,1.00000000e+00,3.30573511e-01
9.52261307e+01,2.88941747e-01,1.59560216e+04,6.28783541e+14,1.80115112e-06,1.80274339e-06,3.84595448e-12,3.84674839e-12,1.54592449e-06,1.27437758e-06,1.79701615e-06,1.79676305e-06,2.53216863e-10,4.24562197e-09,2.71221597e-07,2.71922208e-07,4.54865298e-04,1.84053616e-03,8.62728464e+02,1.99863521e-04,2.03495076e-04,1.01853958e+02,1.76008097e+02,2.62951705e-08,1.86583904e-04,3.66956978e-02,6.90060741e-05,9.30540028e+01,1.15070473e+01,2.04722669e+01,1.16509644e+00,1.16612642e+00,1.00000000e+00,1.16225797e+00
9.66654578e+01,3.27994564e-01,1.47438485e+04,3.27096799e+14,2.21396289e-06,2.21489989e-06,1.70287457e-12,1.70303864e-12,1.28797405e-06,1.28487693e-06,2.19974231e-06,2.19946824e-06,2.74109123e-10,5.95357176e-09,3.03248890e-09,3.04098228e-09,1.55448566e-04,6.63288833e-04,8.62728464e+02,8.44798340e-05,7.76041051e-05,1.01853958e+02,1.76008097e+02,9.66921883e-09,7.75863987e-05,1.55661306e-02,2.66345195e-05,9.30540028e+01,1.11267471e+01,1.61138808e+01,1.71894993e+00,1.71967743e+00,1.00000000e+00,1.70769608e+00
9.74874372e+01,3.53325846e-01,1.39575826e+04,2.45390325e+14,2.37606364e-06,2.37663197e-06,9.67899740e-13,9.67945461e-13,1.29308481e-06,1.29302829e-06,2.34936218e-06,2.34908985e-06,2.72346334e-10,7.85484884e-09,2.17226838e-11,2.17851735e-11,8.28892987e-05,3.51352110e-04,8.62728464e+02,4.95970113e-05,4.76058620e-05,1.01853958e+02,1.76008097e+02,5.64704148e-09,4.87078625e-05,9.68541782e-03,1.39400450e-05,9.30540028e+01,1.09060461e+01,1.38800120e+01,1.83751569e+00,1.83795521e+00,1.00000000e+00,1.81665566e+00
9.97487437e+01,4.36414004e-01,1.13785822e+04,1.37078988e+14,2.65971768e-06,2.65972895e-06,1.66191033e-13,1.66179630e-13,1.31971286e-06,1.31967159e-06,2.55815716e-06,2.55791209e-06,2.45067736e-10,7.62968481e-08,3.35161044e-11,3.36181748e-11,1.60998965e-05,5.39068972e-05,8.62728464e+02,9.73299585e-06,1.58977357e-05,1.01853958e+02,1.76008097e+02,1.52636025e-09,1.59314947e-05,2.85927661e-03,1.87888518e-06,9.30540028e+01,5.02234637e+01,1.05860155e+01,2.01537604e+00,2.01538458e+00,1.00000000e+00,1.93823381e+00
1.02010050e+02,3.92624842e-01,9.09636497e+03,8.72972241e+13,2.64779165e-06,2.64736882e-06,5.91334473e-13,5.91283479e-13,1.34760212e-06,1.34752053e-06,2.61912968e-06,2.61885472e-06,2.74960041e-10,1.58388093e-07,1.05284935e-10,1.05595354e-10,4.93740009e-05,1.92704952e-04,8.62728464e+02,3.12312280e-05,3.65773326e-05,1.01853958e+02,1.76008097e+02,3.94524952e-09,3.75764977e-05,7.19536056e-03,7.19533082e-06,9.30540028e+01,1.86221338e+01,1.04100018e+01,1.96481708e+00,1.96450331e+00,1.00000000e+00,1.94334417e+00
1.03895180e+02,3.50177374e-01,7.66196330e+03,7.01837003e+13,2.64364026e-06,2.64242052e-06,2.13443174e-12,2.13413890e-12,1.37150493e-06,1.37124460e-06,2.63677000e-06,2.63646167e-06,3.08314376e-10,1.55861943e-07,3.23399743e-10,3.24366099e-10,1.63910619e-04,6.96874327e-04,8.62728464e+02,9.71571760e-05,9.23656965e-05,1.01853958e+02,1.76008097e+02,1.10312581e-08,9.43306296e-05,1.87924805e-02,2.77403192e-05,9.30540028e+01,1.69065855e+01,1.12570286e+01,1.92754704e+00,1.92665769e+00,1.00000000e+00,1.92231294e+00
1.04271357e+02,3.42521270e-01,7.41194803e+03,6.81426397e+13,2.64307622e-06,2.64156950e-06,2.71452693e-12,2.71409710e-12,1.37624329e-06,1.37592720e-06,2.63810997e-06,2.63779481e-06,3.15147402e-10,1.53854915e-07,3.93582444e-10,3.94763355e-10,2.07543009e-04,8.86556136e-04,8.62728464e+02,1.19861298e-04,1.11846400e-04,1.01853958e+02,1.76008097e+02,1.35706493e-08,1.13586811e-04,2.27123918e-02,3.55093382e-05,9.30540028e+01,1.70907973e+01,1.13789133e+01,1.92050071e+00,1.91940590e+00,1.00000000e+00,1.91666315e+00
1.06532663e+02,3.01431016e-01,6.11903852e+03,6.07246335e+13,2.63682681e-06,2.63196636e-06,1.02400327e-11,1.02359288e-11,1.40442293e-06,1.40362460e-06,2.63744446e-06,2.63708758e-06,3.56812028e-10,1.38917517e-07,1.07393325e-09,1.07711667e-09,8.11538916e-04,3.35656558e-03,8.62728464e+02,3.83210427e-04,3.68347712e-04,1.01853958e+02,1.76008097e+02,4.73863497e-08,3.50217886e-04,6.96773290e-02,1.30187555e-04,9.30540028e+01,1.81270614e+01,1.20231328e+01,1.87751621e+00,1.87405539e+00,1.00000000e+00,1.87770189e+00
1.08793970e+02,2.67315708e-01,5.11021485e+03,5.75551531e+13,2.62464227e-06,2.61048563e-06,3.31210017e-11,3.30869643e-11,1.43157487e-06,1.43038544e-06,2.62865815e-06,2.62825932e-06,3.98595378e-10,1.20699009e-07,2.24592873e-09,2.25221680e-09,2.79829892e-03,1.09460212e-02,8.62728464e+02,1.09235490e-03,1.30587771e-03,1.01853958e+02,1.76008097e+02,1.66025635e-07,1.09474030e-03,2.08281903e-01,3.80559838e-04,9.30540028e+01,1.92665372e+01,1.27864771e+01,1.83339504e+00,1.82350618e+00,1.00000000e+00,1.83592166e+00
1.11055276e+02,2.38681520e-01,4.31154109e+03,5.59609982e+13,2.60616535e-06,2.56711830e-06,9.77153384e-11,9.74620656e-11,1.45528957e-06,1.45587294e-06,2.61665209e-06,2.61621162e-06,4.39661575e-10,9.82330045e-08,3.74013841e-09,3.75084800e-09,8.44758661e-03,3.28390803e-02,8.62728464e+02,2.93094595e-03,4.97712518e-03,1.01853958e+02,1.76008097e+02,5.76481059e-07,3.43035765e-03,6.07993660e-01,1.03615964e-03,9.30540028e+01,2.04874229e+01,1.36412071e+01,1.79082253e+00,1.76399141e+00,1.00000000e+00,1.79772581e+00
1.11665621e+02,2.31737715e-01,4.12474674e+03,5.56358606e+13,2.59960936e-06,2.54842616e-06,1.29350700e-10,1.28918239e-10,1.46014211e-06,1.46245826e-06,2.61315088e-06,2.61269912e-06,4.50625598e-10,9.14094381e-08,4.15006233e-09,4.16244692e-09,1.11723510e-02,4.37895877e-02,8.62728464e+02,3.80038663e-03,7.22995539e-03,1.01853958e+02,1.76008097e+02,8.04175149e-07,4.66255737e-03,8.08857043e-01,1.35877899e-03,9.30540028e+01,2.08047342e+01,1.38584691e+01,1.78038106e+00,1.74532749e+00,1.00000000e+00,1.78934578e+00
1.13316583e+02,2.14411712e-01,3.67093897e+03,5.47913836e+13,2.57782702e-06,2.47641263e-06,2.69885528e-10,2.68167853e-10,1.46596240e-06,1.47939169e-06,2.60337506e-06,2.60289222e-06,4.80152357e-10,7.21339315e-08,5.17679859e-09,5.19574378e-09,2.30973428e-02,9.40222660e-02,8.62728464e+02,7.58540240e-03,2.03362416e-02,1.01853958e+02,1.76008097e+02,1.95781264e-06,1.06132465e-02,1.73662688e+00,2.86154192e-03,9.30540028e+01,2.15754727e+01,1.43469516e+01,1.75845372e+00,1.68927432e+00,1.00000000e+00,1.77555184e+00
1.15577889e+02,1.93663782e-01,3.15120749e+03,5.31599637e+13,2.52926723e-06,2.29189435e-06,6.92277356e-10,6.81953460e-10,1.42650614e-06,1.49947023e-06,2.58936713e-06,2.58883795e-06,5.20700453e-10,4.68151081e-08,6.23916049e-09,6.27921233e-09,5.94341506e-02,2.60591148e-01,8.62728464e+02,1.91047621e-02,8.85029752e-02,1.01853958e+02,1.76008097e+02,6.41937128e-06,3.19160698e-02,4.86127748e+00,8.24474748e-03,9.30540028e+01,2.26753794e+01,1.50670778e+01,1.77305037e+00,1.60664879e+00,1.00000000e+00,1.81481025e+00
1.17839196e+02,1.75785396e-01,2.72505601e+03,4.98950822e+13,2.43875412e-06,1.96401835e-06,1.60095614e-09,1.54819342e-09,1.23633237e-06,1.51354143e-06,2.57383905e-06,2.57325230e-06,5.61269743e-10,2.70110553e-08,6.81723785e-09,6.92066433e-09,1.47451883e-01,7.03247214e-01,8.62728464e+02,4.70128449e-02,4.04664687e-01,1.01853958e+02,1.76008097e+02,2.01254454e-05,9.22690905e-02,1.33573321e+01,2.49582052e-02,9.30540028e+01,2.38146537e+01,1.58302636e+01,1.97257160e+00,1.58858443e+00,1.00000000e+00,2.08135964e+00
1.20017222e+02,1.60809501e-01,2.38434424e+03,4.46633810e+13,2.28198977e-06,1.52087828e-06,3.15332061e-09,2.94560305e-09,8.53293392e-07,1.51853531e-06,2.55531301e-06,2.55464527e-06,5.98950464e-10,1.45269026e-08,6.91531717e-09,7.20117363e-09,3.45365743e-01,1.78874238e+00,8.62728464e+02,1.09693605e-01,1.78266407e+00,1.01853958e+02,1.76008097e+02,5.77373846e-05,2.46261661e-01,3.47749151e+01,7.59543502e-02,9.30540028e+01,2.50964836e+01,1.67495341e+01,2.67433193e+00,1.78236266e+00,1.00000000e+00,2.99386505e+00
1.20100503e+02,1.60277363e-01,2.37253392e+03,4.44411551e+13,2.27451658e-06,1.50266364e-06,3.22700407e-09,3.00941532e-09,8.36796796e-07,1.51852980e-06,2.55450719e-06,2.55383509e-06,6.00331068e-10,1.41676213e-08,6.91067889e-09,7.20696329e-09,3.56603783e-01,1.85272884e+00,8.62728464e+02,1.13249726e-01,1.88581680e+00,1.01853958e+02,1.76008097e+02,6.00484115e-05,2.55448616e-01,3.60544259e+01,7.93107663e-02,9.30540028e+01,2.51394189e+01,1.67788680e+01,2.71812296e+00,1.79573302e+00,1.00000000e+00,3.05191787e+00
1.22361809e+02,1.46732629e-01,2.07823195e+03,3.85097272e+13,2.00786288e-06,1.00581874e-06,5.57048852e-09,4.86114740e-09,4.28126830e-07,1.51264857e-06,2.52988615e-06,2.52905648e-06,6.35892448e-10,6.90421894e-09,6.43262375e-09,7.26772253e-09,8.45269503e-01,4.77801697e+00,8.62728464e+02,2.67659129e-01,8.46816411e+00,1.01853958e+02,1.76008097e+02,1.70986811e-04,6.80044722e-01,9.57538101e+01,2.63435242e-01,9.30540028e+01,2.60830657e+01,1.73454366e+01,4.68987864e+00,2.34934760e+00,1.00000000e+00,5.90725996e+00
1.24623116e+02,1.34834997e-01,1.83066004e+03,3.38680557e+13,1.64567897e-06,5.91952348e-07,8.29029681e-09,6.46869589e-09,1.89395146e-07,1.49673058e-06,2.50136595e-06,2.50019378e-06,6.67136702e-10,3.17000543e-09,5.22020944e-09,7.20539214e-09,1.96822061e+00,1.20825182e+01,8.62728464e+02,6.21541905e-01,3.37437185e+01,1.01853958e+02,1.76008097e+02,4.67715394e-04,1.75283284e+00,2.50425518e+02,9.03555238e-01,9.30540028e+01,2.72176917e+01,1.81036150e+01,8.68912962e+00,3.12548849e+00,1.00000000e+00,1.32009391e+01
1.26884422e+02,1.24327845e-01,1.62089969e+03,3.06139097e+13,1.24051632e-06,3.13159945e-07,1.08924309e-08,7.15324820e-09,8.44913767e-08,1.47354359e-06,2.47109464e-06,2.46911731e-06,6.94548259e-10,1.38234319e-09,3.50997622e-09,7.08305709e-09,4.50902435e+00,3.00077016e+01,8.62728464e+02,1.42001867e+00,1.12240055e+02,1.01853958e+02,1.76008097e+02,1.23904721e-03,4.40480972e+00,6.45529571e+02,3.11576159e+00,9.30540028e+01,2.83564938e+01,1.88666862e+01,1.46821648e+01,3.70641310e+00,1.00000000e+00,2.92233055e+01
1.28993450e+02,1.15596332e-01,1.45317489e+03,2.84827426e+13,8.85670293e-07,1.61039176e-07,1.28903547e-08,6.76681788e-09,4.21051555e-08,1.44804970e-06,2.44238662e-06,2.43865309e-06,7.17442445e-10,6.15542859e-10,2.09335151e-09,6.94518530e-09,9.63747184e+00,6.90569596e+01,8.62728464e+02,3.02746093e+00,2.95866430e+02,1.01853958e+02,1.76008097e+02,3.00546807e-03,1.02158634e+01,1.54221415e+03,9.49104208e+00,9.30540028e+01,2.95272129e+01,1.96901762e+01,2.10347232e+01,3.82469021e+00,1.00000000e+00,5.79181590e+01
1.29145729e+02,1.15002651e-01,1.44199937e+03,2.83554119e+13,8.62281246e-07,1.53190773e-07,1.30146001e-08,6.70666371e-09,4.01153415e-08,1.44612106e-06,2.44031016e-06,2.43639891e-06,7.19011233e-10,5.80159884e-10,2.01035581e-09,6.93478976e-09,1.01750149e+01,7.32946622e+01,8.62728464e+02,3.19574548e+00,3.15912599e+02,1.01853958e+02,1.76008097e+02,3.20142320e-03,1.08481532e+01,1.64142344e+03,1.02521454e+01,9.30540028e+01,2.96043746e+01,1.97421545e+01,2.14950494e+01,3.81875778e+00,1.00000000e+00,6.07348417e+01
1.31407035e+02,1.06688409e-01,1.28848268e+03,2.67787482e+13,5.58894321e-07,7.11616011e-08,1.45404687e-08,5.47513505e-09,1.98263283e-08,1.41672230e-06,2.40952648e-06,2.40099475e-06,7.40947665e-10,2.38771405e-10,1.09475836e-09,6.77737449e-09,2.26401804e+01,1.76281534e+02,8.62728464e+02,7.09201874e+00,8.00064492e+02,1.01853958e+02,1.76008097e+02,8.10755949e-03,2.62720415e+01,4.12020720e+03,2.98581173e+01,9.30540028e+01,3.06197764e+01,2.03761548e+01,2.81895020e+01,3.58924760e+00,1.00000000e+00,1.21101332e+02
1.33668342e+02,9.92445217e-02,1.15601270e+03,2.56370441e+13,3.42636051e-07,3.20716905e-08,1.55353173e-08,4.00461901e-09,9.90744499e-09,1.38669284e-06,2.37895060e-06,2.35955613e-06,7.59537612e-10,9.78346666e-11,6.29194731e-10,6.61839400e-09,4.97151220e+01,4.17900029e+02,8.62728464e+02,1.55335933e+01,1.91899593e+03,1.01853958e+02,1.76008097e+02,2.01803834e-02,6.26917571e+01,1.02159117e+04,7.29979664e+01,9.30540028e+01,3.17537290e+01,2.11335332e+01,3.45836945e+01,3.23713032e+00,1.00000000e+00,2.38159902e+02
1.35929648e+02,9.25532319e-02,1.04109394e+03,2.47248368e+13,2.01324827e-07,1.42409393e-08,1.61347941e-08,2.69430593e-09,4.93954646e-09,1.35672734e-06,2.34867334e-06,2.30457719e-06,7.71862126e-10,4.02416276e-11,3.89575569e-10,6.46103173e-09,1.07828898e+02,9.77459833e+02,8.62728464e+02,3.36094433e+01,4.47544157e+03,1.01853958e+02,1.76008097e+02,4.94359998e-02,1.47602886e+02,2.50371116e+04,1.52945964e+02,9.30540028e+01,3.28863385e+01,2.18896454e+01,4.07577555e+01,2.88304592e+00,1.00000000e+00,4.66556436e+02
1.38190955e+02,8.65163654e-02,9.40912594e+02,2.38565992e+13,1.14564028e-07,6.29416707e-09,1.64707973e-08,1.70469059e-09,2.45067510e-09,1.32715131e-06,2.31873664e-06,2.22129144e-06,7.71734668e-10,1.66779401e-11,2.49663320e-10,6.30654770e-09,2.31174806e+02,2.25761812e+03,8.62728464e+02,7.18892407e+01,1.02578610e+04,1.01853958e+02,1.76008097e+02,1.19236790e-01,3.43200418e+02,6.06856016e+04,2.93609754e+02,9.30540028e+01,3.40834988e+01,2.27160992e+01,4.67479465e+01,2.56834008e+00,1.00000000e+00,9.06399811e+02
1.38641020e+02,8.53856942e-02,9.22528806e+02,2.36726272e+13,1.02085209e-07,5.35056967e-09,1.65156148e-08,1.54738436e-09,2.13058667e-09,1.32132554e-06,2.31282089e-06,2.19936242e-06,7.69385214e-10,1.40112769e-11,2.28574446e-10,6.27619210e-09,2.68701946e+02,2.66298578e+03,8.62728464e+02,8.35221063e+01,1.20785919e+04,1.01853958e+02,1.76008097e+02,1.41806252e-01,4.05366954e+02,7.22842404e+04,3.32613030e+02,9.30540028e+01,3.43125145e+01,2.28707506e+01,4.79141310e+01,2.51131284e+00,1.00000000e+00,1.03228019e+03
1.40452261e+02,8.10517175e-02,8.53189220e+02,2.28452803e+13,6.35886030e-08,2.78675245e-09,1.66434781e-08,1.03200573e-09,1.21150991e-09,1.29810564e-06,2.28915916e-06,2.08588163e-06,7.48974089e-10,6.97479866e-12,1.59177256e-10,6.15540303e-09,4.90190137e+02,5.15252164e+03,8.62728464e+02,1.52104633e+02,2.31994388e+04,1.01853958e+02,1.76008097e+02,2.83159524e-01,7.88595037e+02,1.45536507e+05,5.46151481e+02,9.30540028e+01,3.51677770e+01,2.34195434e+01,5.24870681e+01,2.30023084e+00,1.00000000e+00,1.72172066e+03
1.42713568e+02,7.60887906e-02,7.76037658e+02,2.15240040e+13,3.45622755e-08,1.24043632e-09,1.67197281e-08,6.05529264e-10,5.97884087e-10,1.26964523e-06,2.25994787e-06,1.87274812e-06,6.92076582e-10,2.94412613e-12,9.89815589e-11,6.00773417e-09,1.02872054e+03,1.16286383e+04,8.62728464e+02,3.18557448e+02,5.18655855e+04,1.01853958e+02,1.76008097e+02,6.62203698e-01,1.79191257e+03,3.45526618e+05,1.01430702e+03,9.30540028e+01,3.62858233e+01,2.41592147e+01,5.78076525e+01,2.07471038e+00,1.00000000e+00,3.13229296e+03
1.44974874e+02,7.15681196e-02,7.07914711e+02,1.98358685e+13,1.84347400e-08,5.56192930e-10,1.67409899e-08,3.47617537e-10,2.95040516e-10,1.24178655e-06,2.23110384e-06,1.57539116e-06,5.96563563e-10,1.25421233e-12,5.96516373e-11,5.86354676e-09,2.13780280e+03,2.59674795e+04,8.62728464e+02,6.60736201e+02,1.14727673e+05,1.01853958e+02,1.76008097e+02,1.52559140e+00,4.02874623e+03,8.12443765e+05,1.90510037e+03,9.30540028e+01,3.74185641e+01,2.49153051e+01,6.24820625e+01,1.88514085e+00,1.00000000e+00,5.33957566e+03
1.47236181e+02,6.74386748e-02,6.47537353e+02,1.79154220e+13,9.66740582e-09,2.51451707e-10,1.67317608e-08,1.96572974e-10,1.45764239e-10,1.21452927e-06,2.20262525e-06,1.22492400e-06,4.73288861e-10,5.39065196e-13,3.48206789e-11,5.72279413e-09,4.40142198e+03,5.74065155e+04,8.62728464e+02,1.35793811e+03,2.51273334e+05,1.01853958e+02,1.76008097e+02,3.46460900e+00,8.96679187e+03,1.89270876e+06,3.63682681e+03,9.30540028e+01,3.85663986e+01,2.56877224e+01,6.63222053e+01,1.72505759e+00,1.00000000e+00,8.40346029e+03
1.49010143e+02,6.44445015e-02,6.04895792e+02,1.64190694e+13,5.76892918e-09,1.35709686e-10,1.67125264e-08,1.24776300e-10,8.39533666e-11,1.19356253e-06,2.18053791e-06,9.49994410e-07,3.71897702e-10,2.79621307e-13,2.23416732e-11,5.61473670e-09,7.70742122e+03,1.06244239e+05,8.62728464e+02,2.37480331e+03,4.61716757e+05,1.01853958e+02,1.76008097e+02,6.53082201e+00,1.66826640e+04,3.65165499e+06,6.11603548e+03,9.30540028e+01,3.94857268e+01,2.63170423e+01,6.87158767e+01,1.61648891e+00,1.00000000e+00,1.13157393e+04
1.49497487e+02,6.36565725e-02,5.93835123e+02,1.60285614e+13,4.99959405e-09,1.14658673e-10,1.67060535e-08,1.10029816e-10,7.21606302e-11,1.18786589e-06,2.17450884e-06,8.78508969e-07,3.45022088e-10,2.33678857e-13,1.97135076e-11,5.58540928e-09,8.98201170e+03,1.25701680e+05,8.62728464e+02,2.76657033e+03,5.45214091e+05,1.01853958e+02,1.76008097e+02,7.76293514e+00,1.97662944e+04,4.37036509e+06,7.06933271e+03,9.30540028e+01,3.97259714e+01,2.64759545e+01,6.92842349e+01,1.58893669e+00,1.00000000e+00,1.21743528e+04
1.51758794e+02,6.01840500e-02,5.45912795e+02,1.44086339e+13,2.56066097e-09,5.27349087e-11,1.66716605e-08,6.11771129e-11,3.58184483e-11,1.16178588e-06,2.14675068e-06,5.85760012e-07,2.33073113e-10,1.02138086e-13,1.08425295e-11,5.45131788e-09,1.81752500e+04,2.72743738e+05,8.62728464e+02,5.58961815e+03,1.17256977e+06,1.01853958e+02,1.76008097e+02,1.71784495e+01,4.31729283e+04,1.00053791e+07,1.40009457e+04,9.30540028e+01,4.08174406e+01,2.71840038e+01,7.14900028e+01,1.47228345e+00,1.00000000e+00,1.63535842e+04
1.54020101e+02,5.69881198e-02,5.03011403e+02,1.31542043e+13,1.30471875e-09,2.44592852e-11,1.66327997e-08,3.38722396e-11,1.78338072e-11,1.13627756e-06,2.11934653e-06,3.67758988e-07,1.47868636e-10,4.50007548e-14,5.80206687e-12,5.32044364e-09,3.64831349e+04,5.86672490e+05,8.62728464e+02,1.12041191e+04,2.50075039e+06,1.01853958e+02,1.76008097e+02,3.75834285e+01,9.34724498e+04,2.27188174e+07,2.82599035e+04,9.30540028e+01,4.19497947e+01,2.79396561e+01,7.31598551e+01,1.37151226e+00,1.00000000e+00,2.06214514e+04
1.56281407e+02,5.40401530e-02,4.64489963e+02,1.22438818e+13,6.63958179e-10,1.14375115e-11,1.65916982e-08,1.87098354e-11,8.90921150e-12,1.11132889e-06,2.09229204e-06,2.20337698e-07,8.93467739e-11,1.99806454e-14,3.02458016e-12,5.19271052e-09,7.26718380e+04,1.25150740e+06,8.62728464e+02,2.22886251e+04,5.29105162e+06,1.01853958e+02,1.76008097e+02,8.13761863e+01,2.00681467e+05,5.11810840e+07,5.81377538e+04,9.30540028e+01,4.30819359e+01,2.86950999e+01,7.45249093e+01,1.28378494e+00,1.00000000e+00,2.47314477e+04
1.58542714e+02,5.13151458e-02,4.29803490e+02,1.15999985e+13,3.38453846e-10,5.39059426e-12,1.65495095e-08,1.03240840e-11,4.46664361e-12,1.08692782e-06,2.06558284e-06,1.27464496e-07,5.20506673e-11,8.93833125e-15,1.53752410e-12,5.06804362e-09,1.43696526e+05,2.64863802e+06,8.62728464e+02,4.40190102e+04,1.11100165e+07,1.01853958e+02,1.76008097e+02,1.74530658e+02,4.27400139e+05,1.14427302e+08,1.21909036e+05,9.30540028e+01,4.42309635e+01,2.94690204e+01,7.57736402e+01,1.20685569e+00,1.00000000e+00,2.85369748e+04
1.60154785e+02,4.94964750e-02,4.07158307e+02,1.12570909e+13,2.09802945e-10,3.16782571e-12,1.65191087e-08,6.75691053e-12,2.73653129e-12,1.06986019e-06,2.04675043e-06,8.49052784e-08,3.48228236e-11,5.05995668e-15,9.35151029e-13,4.98100090e-09,2.32614612e+05,4.49882871e+06,8.62728464e+02,7.12007214e+04,1.87693472e+07,1.01853958e+02,1.76008097e+02,2.99063088e+02,7.29177940e+05,2.02147742e+08,2.09095427e+05,9.30540028e+01,4.50639012e+01,3.00369758e+01,7.66674755e+01,1.15760625e+00,1.00000000e+00,3.10266061e+04
1.60804020e+02,4.87911704e-02,3.98486418e+02,1.11392700e+13,1.73154366e-10,2.55994972e-12,1.65068235e-08,5.69667136e-12,2.24765891e-12,1.06306242e-06,2.03921456e-06,7.18681393e-08,2.95241092e-11,4.02774061e-15,7.62805042e-13,4.94636957e-09,2.82140657e+05,5.56296337e+06,8.62728464e+02,8.63335168e+04,2.31597822e+07,1.01853958e+02,1.76008097e+02,3.71063024e+02,9.03248559e+05,2.53958707e+08,2.60561779e+05,9.30540028e+01,4.53836816e+01,3.02482605e+01,7.70376523e+01,1.13894048e+00,1.00000000e+00,3.19746644e+04
1.63065327e+02,4.64489272e-02,3.70139351e+02,1.07953678e+13,8.90099971e-11,1.22459020e-12,1.64639401e-08,3.14558169e-12,1.13533811e-12,1.03972099e-06,2.01318286e-06,3.97770722e-08,1.64275626e-11,1.82778945e-15,3.69601394e-13,4.82761660e-09,5.50235205e+05,1.15989086e+07,8.62728464e+02,1.68198614e+05,4.79440609e+07,1.01853958e+02,1.76008097e+02,7.82524124e+02,1.89477400e+06,5.59654542e+08,5.67657626e+05,9.30540028e+01,4.64770743e+01,3.09602039e+01,7.83995504e+01,1.07861278e+00,1.00000000e+00,3.50354418e+04
1.65326633e+02,4.42712963e-02,3.44417101e+02,1.05227043e+13,4.60005502e-11,5.89905234e-13,1.64210110e-08,1.73908491e-12,5.75673133e-13,1.01689204e-06,1.98748346e-06,2.17257726e-08,9.01595511e-12,8.35103373e-16,1.74988622e-13,4.71171463e-09,1.06615774e+06,2.40155075e+07,8.62728464e+02,3.25607213e+05,9.85940475e+07,1.01853958e+02,1.76008097e+02,1.63778936e+03,3.94658566e+06,1.22494866e+09,1.26060541e+06,9.30540028e+01,4.76092259e+01,3.17155432e+01,7.99074120e+01,1.02472254e+00,1.00000000e+00,3.77397717e+04
1.67587940e+02,4.22433990e-02,3.21025727e+02,1.02925654e+13,2.39081184e-11,2.86104380e-13,1.63781132e-08,9.63144398e-13,2.93038930e-13,9.94564333e-07,1.96211213e-06,1.17571137e-08,4.90113649e-12,3.84100072e-16,8.09988653e-14,4.59859523e-09,2.05288012e+06,4.93870960e+07,8.62728464e+02,6.26427408e+05,2.01448022e+08,1.01853958e+02,1.76008097e+02,3.40313548e+03,8.16362711e+06,2.66330096e+09,2.85334294e+06,9.30540028e+01,4.87426341e+01,3.24720626e+01,8.15868337e+01,9.76335738e-01,1.00000000e+00,4.01213371e+04
1.69849246e+02,4.03517184e-02,2.99705585e+02,1.00878110e+13,1.24966311e-11,1.39667013e-13,1.63352861e-08,5.34483483e-13,1.49747149e-13,9.72726866e-07,1.93706467e-06,6.32193914e-09,2.64674986e-12,1.77799425e-16,3.66684687e-14,4.48819160e-09,3.92908128e+06,1.00903685e+08,8.62728464e+02,1.19802748e+06,4.09065198e+08,1.01853958e+02,1.76008097e+02,7.02312688e+03,1.67752085e+07,5.75357534e+09,6.58306498e+06,9.30540028e+01,4.98740121e+01,3.32267501e+01,8.34515464e+01,9.32685624e-01,1.00000000e+00,4.22174259e+04
1.72110553e+02,3.85842747e-02,2.80231716e+02,9.89857623e+12,6.56858567e-12,6.86090331e-14,1.62925494e-08,2.97265623e-13,7.68179114e-14,9.51368879e-07,1.91233695e-06,3.38492264e-09,1.42302257e-12,8.28138112e-17,1.62400010e-14,4.38043856e-09,7.47663123e+06,2.04871655e+08,8.62728464e+02,2.27815019e+06,8.25741579e+08,1.01853958e+02,1.76008097e+02,1.43995671e+04,3.42520362e+07,1.23528533e+10,1.54813850e+07,9.30540028e+01,5.10573914e+01,3.40387039e+01,8.55085169e+01,8.93138486e-01,1.00000000e+00,4.40642369e+04
1.72132947e+02,3.85673569e-02,2.80047432e+02,9.89675868e+12,6.52706357e-12,6.81298587e-14,1.62921267e-08,2.95547113e-13,7.63132734e-14,9.51159725e-07,1.91209365e-06,3.36399548e-09,1.41428196e-12,8.21920751e-17,1.61078006e-14,4.37938448e-09,7.52420559e+06,2.06307215e+08,8.62728464e+02,2.29263139e+06,8.31481126e+08,1.01853958e+02,1.76008097e+02,1.45018530e+04,3.44939477e+07,1.24462960e+10,1.56145336e+07,9.30540028e+01,5.10686229e+01,3.40462135e+01,8.55298598e+01,8.92765513e-01,1.00000000e+00,4.40813941e+04
1.74371859e+02,3.69304592e-02,2.62409052e+02,9.71930678e+12,3.47166476e-12,3.39078235e-14,1.62499133e-08,1.65732064e-13,3.95580333e-14,9.30479843e-07,1.88792489e-06,1.80759550e-09,7.62982871e-13,3.88049868e-17,7.03870724e-15,4.27527246e-09,1.41478431e+07,4.13452157e+08,8.62728464e+02,4.30821552e+06,1.65729611e+09,1.01853958e+02,1.76008097e+02,2.93386717e+04,6.95067387e+07,2.63623144e+10,3.71096282e+07,9.30540028e+01,5.21372700e+01,3.47366137e+01,8.77613085e+01,8.57166564e-01,1.00000000e+00,4.56947768e+04
1.76633166e+02,3.53807368e-02,2.46066235e+02,9.54691210e+12,1.84470943e-12,1.68562572e-14,1.62073830e-08,9.26354660e-14,2.04485134e-14,9.10049465e-07,1.86382447e-06,9.63904422e-10,4.08467469e-13,1.82897096e-17,2.98623744e-15,4.17263121e-09,2.66272813e+07,8.29518112e+08,8.62728464e+02,8.10388424e+06,3.30783411e+09,1.01853958e+02,1.76008097e+02,5.94159372e+04,1.40210149e+08,5.59325744e+10,9.06675989e+07,9.30540028e+01,5.32669362e+01,3.54896521e+01,9.02123980e+01,8.24326778e-01,1.00000000e+00,4.71381173e+04
1.78894472e+02,3.39264685e-02,2.31051676e+02,9.37967764e+12,9.85277638e-13,8.42681353e-15,1.61649608e-08,5.19137368e-14,1.06098485e-14,8.90067672e-07,1.84003171e-06,5.13722294e-10,2.18537957e-13,8.66895756e-18,1.24038404e-15,4.07245417e-09,4.98551978e+07,1.65495199e+09,8.62728464e+02,1.51657125e+07,6.56706030e+09,1.01853958e+02,1.76008097e+02,1.19631533e+05,2.81220648e+08,1.18006257e+11,2.25798493e+08,9.30540028e+01,5.43998662e+01,3.62455770e+01,9.28644398e+01,7.94244473e-01,1.00000000e+00,4.84193807e+04
1.81155779e+02,3.25602098e-02,2.17236309e+02,9.21664540e+12,5.28946349e-13,4.23625889e-15,1.61226480e-08,2.91743327e-14,5.52602190e-15,8.70524615e-07,1.81654267e-06,2.73871084e-10,1.16946568e-13,4.13196001e-18,5.04607696e-16,3.97468220e-09,9.28677779e+07,3.28343186e+09,8.62728464e+02,2.82376567e+07,1.29688326e+10,1.01853958e+02,1.76008097e+02,2.39495105e+05,5.60861129e+08,2.47580228e+11,5.73068784e+08,9.30540028e+01,5.55332947e+01,3.70021130e+01,9.57191917e+01,7.66601900e-01,1.00000000e+00,4.95602604e+04
1.83417085e+02,3.12747758e-02,2.04499793e+02,9.05726799e+12,2.85345389e-13,2.14086659e-15,1.60804452e-08,1.64400724e-14,2.88866744e-15,8.51410662e-07,1.79335348e-06,1.46106074e-10,6.26213604e-14,1.97992411e-18,2.01064212e-16,3.87925755e-09,1.72151129e+08,6.48011317e+09,8.62728464e+02,5.23249066e+07,2.54833365e+10,1.01853958e+02,1.76008097e+02,4.76857715e+05,1.11258855e+09,5.16682327e+11,1.48238496e+09,9.30540028e+01,5.66760387e+01,3.77696613e+01,9.87809758e+01,7.41126014e-01,1.00000000e+00,5.05790567e+04
1.85006970e+02,3.04160414e-02,1.96135190e+02,8.94722009e+12,1.85417742e-13,1.32905346e-15,1.60508389e-08,1.10025334e-14,1.83473610e-15,8.38223791e-07,1.77722703e-06,9.39950958e-11,4.03902171e-14,1.18403132e-18,1.04000011e-16,3.81354105e-09,2.64929979e+08,1.04190810e+10,8.62728464e+02,8.05057992e+07,4.08538424e+10,1.01853958e+02,1.76008097e+02,7.71423310e+05,1.79523689e+09,8.63990559e+11,2.92470881e+09,9.30540028e+01,5.74940694e+01,3.83251870e+01,1.01059625e+02,7.24383991e-01,1.00000000e+00,5.12308532e+04
1.85678392e+02,3.00639856e-02,1.92739767e+02,8.90122083e+12,1.54663829e-13,1.08750823e-15,1.60383523e-08,9.29008635e-15,1.51551607e-15,8.32716391e-07,1.77046032e-06,7.80362199e-11,3.35687098e-14,9.53673680e-19,7.84901197e-17,3.78612387e-09,3.17609982e+08,1.27233456e+10,8.62728464e+02,9.65050692e+07,4.98292111e+10,1.01853958e+02,1.76008097e+02,9.44445358e+05,2.19552512e+09,1.07268547e+12,3.90776606e+09,9.30540028e+01,5.78263993e+01,3.85452839e+01,1.02053572e+02,7.17582778e-01,1.00000000e+00,5.14915160e+04
1.87939698e+02,2.89221700e-02,1.81864420e+02,8.74829938e+12,8.42178318e-14,5.55194128e-16,1.59963693e-08,5.26448208e-15,7.97956752e-16,8.14432586e-07,1.74785940e-06,4.17419501e-11,1.80205309e-14,4.61688441e-19,3.00258719e-17,3.69522615e-09,5.83283916e+08,2.48571130e+10,8.62728464e+02,1.77179927e+08,9.69717315e+10,1.01853958e+02,1.76008097e+02,1.86092790e+06,4.31056998e+09,2.21576256e+12,1.04969282e+10,9.30540028e+01,5.89259994e+01,3.92646316e+01,1.05541850e+02,6.95769697e-01,1.00000000e+00,5.23110431e+04
1.90201005e+02,2.78441881e-02,1.71792101e+02,8.59836420e+12,4.60636401e-14,2.84815375e-16,1.59544962e-08,2.99166669e-15,4.21629576e-16,7.96550235e-07,1.72554699e-06,2.23670694e-11,9.69021369e-15,2.24614605e-19,1.12589207e-17,3.60651071e-09,1.06641543e+09,4.83274401e+10,8.62728464e+02,3.23861571e+08,1.87844119e+11,1.01853958e+02,1.76008097e+02,3.64848215e+06,8.42147098e+09,4.55443220e+12,2.87269764e+10,9.30540028e+01,6.00574097e+01,4.00192575e+01,1.09251444e+02,6.75510900e-01,1.00000000e+00,5.30490997e+04
1.92462312e+02,2.68253682e-02,1.62450037e+02,8.45131151e+12,2.53043670e-14,1.46800709e-16,1.59127325e-08,1.70486583e-15,2.23559043e-16,7.79060524e-07,1.70351941e-06,1.20085883e-11,5.22058714e-15,1.09802194e-19,4.13973839e-18,3.51992517e-09,1.94128604e+09,9.35170367e+10,8.62728464e+02,5.89440304e+08,3.62240022e+11,1.01853958e+02,1.76008097e+02,7.11847598e+06,1.63741827e+10,9.31668092e+12,8.00755624e+10,9.30540028e+01,6.11887959e+01,4.07738529e+01,1.13188743e+02,6.56652968e-01,1.00000000e+00,5.37155115e+04
1.94723618e+02,2.58614597e-02,1.53773233e+02,8.30705742e+12,1.39592764e-14,7.60120285e-17,1.58710781e-08,9.74275491e-16,1.18943210e-16,7.61954832e-07,1.68177303e-06,6.46084396e-12,2.81834477e-15,5.39281143e-20,1.49327217e-18,3.43541838e-09,3.51902443e+09,1.80135054e+11,8.62728464e+02,1.06833548e+09,6.95494216e+11,1.01853958e+02,1.76008097e+02,1.38233282e+07,3.16889429e+10,1.89695491e+13,2.27256345e+11,9.30540028e+01,6.23201591e+01,4.15284176e+01,1.17360851e+02,6.39061517e-01,1.00000000e+00,5.43187286e+04
1.96984925e+02,2.49485858e-02,1.45703508e+02,8.16552952e+12,7.73232038e-15,3.95340696e-17,1.58295328e-08,5.58316158e-16,6.34964712e-17,7.45224726e-07,1.66030426e-06,3.48379981e-12,1.52479168e-15,2.66072257e-20,5.28822462e-19,3.35294044e-09,6.35295009e+09,3.45438470e+11,8.62728464e+02,1.92846909e+09,1.32965409e+12,1.01853958e+02,1.76008097e+02,2.67205464e+07,6.10503292e+10,3.84479026e+13,6.56232482e+11,9.30540028e+01,6.34599610e+01,4.22919944e+01,1.21775592e+02,6.22618373e-01,1.00000000e+00,5.48660381e+04
1.98843857e+02,2.42338955e-02,1.39487778e+02,8.05118036e+12,4.77216799e-15,2.31740856e-17,1.57954614e-08,3.54006458e-16,3.79973247e-17,7.31747027e-07,1.64286102e-06,2.10043817e-12,9.21813097e-16,1.49361360e-20,2.22363410e-19,3.28662364e-09,1.02936549e+10,5.88035895e+11,8.62728464e+02,3.12449047e+09,2.25808264e+12,1.01853958e+02,1.76008097e+02,4.57805339e+07,1.04315268e+11,6.84910757e+13,1.58839767e+12,9.30540028e+01,6.44053584e+01,4.29319308e+01,1.25592210e+02,6.09887296e-01,1.00000000e+00,5.52785804e+04
1.99246231e+02,2.40832069e-02,1.38188690e+02,8.02666233e+12,4.30019727e-15,2.06511555e-17,1.57880962e-08,3.20830927e-16,3.40093891e-17,7.28861960e-07,1.63910954e-06,1.88288720e-12,8.26817524e-16,1.31860798e-20,1.84064339e-19,3.27244265e-09,1.14234414e+10,6.59567936e+11,8.62728464e+02,3.46738396e+09,2.53150548e+12,1.01853958e+02,1.76008097e+02,5.14207489e+07,1.17098958e+11,7.75812100e+13,1.92607173e+12,9.30540028e+01,6.46045970e+01,4.30640731e+01,1.26441473e+02,6.07219241e-01,1.00000000e+00,5.53637466e+04
2.01507538e+02,2.32620963e-02,1.31182023e+02,7.89039489e+12,2.40080262e-15,1.08331755e-17,1.57467680e-08,1.84868407e-16,1.82754575e-17,7.12858469e-07,1.61818539e-06,1.02008735e-12,4.49393656e-16,6.56328820e-21,6.30795913e-20,3.19387745e-09,2.04610966e+10,1.25403535e+12,8.62728464e+02,6.21035798e+09,4.80015199e+12,1.01853958e+02,1.76008097e+02,9.85232168e+07,2.23639756e+11,1.55865778e+14,5.73611715e+12,9.30540028e+01,6.57153167e+01,4.37930321e+01,1.31367580e+02,5.92771780e-01,1.00000000e+00,5.58173359e+04
2.03768844e+02,2.24822794e-02,1.24641203e+02,7.75666939e+12,1.34545226e-15,5.70632612e-18,1.57055481e-08,1.06813326e-16,9.85218605e-18,6.97206363e-07,1.59752834e-06,5.54003852e-13,2.44840533e-16,3.28072506e-21,2.13446342e-20,3.11719845e-09,3.65104416e+10,2.37449159e+12,8.62728464e+02,1.10815820e+10,9.06592732e+12,1.01853958e+02,1.76008097e+02,1.87973590e+08,4.25330282e+11,3.11818883e+14,1.72861812e+13,9.30540028e+01,6.68468240e+01,4.45477046e+01,1.36563830e+02,5.79193905e-01,1.00000000e+00,5.62315661e+04
2.06030151e+02,2.17410270e-02,1.18528084e+02,7.62543042e+12,7.56797951e-16,3.01786312e-18,1.56644360e-08,6.18798454e-17,5.32803091e-18,6.81897928e-07,1.57713499e-06,3.01622989e-13,1.33719042e-16,1.64670327e-21,7.16363738e-21,3.04236038e-09,6.49090779e+10,4.47805427e+12,8.62728464e+02,1.97015551e+10,1.70566629e+13,1.01853958e+02,1.76008097e+02,3.57159401e+08,8.05625618e+11,6.21236409e+14,5.24776975e+13,9.30540028e+01,6.79780118e+01,4.53020941e+01,1.42040833e+02,5.66412464e-01,1.00000000e+00,5.66105928e+04
2.08291457e+02,2.10358373e-02,1.12808270e+02,7.49662457e+12,4.27219798e-16,1.60229172e-18,1.56234315e-08,3.59434823e-17,2.89033429e-18,6.66925617e-07,1.55700198e-06,1.64627829e-13,7.32096342e-17,8.29882700e-22,2.40181351e-21,2.96931902e-09,1.14983102e+11,8.41218794e+12,8.62728464e+02,3.49021523e+10,3.19698026e+13,1.01853958e+02,1.76008097e+02,6.75894592e+08,1.51989639e+12,1.23269472e+15,1.59349585e+14,9.30540028e+01,6.91091878e+01,4.60564677e+01,1.47809822e+02,5.54362079e-01,1.00000000e+00,5.69580582e+04
2.10552764e+02,2.03644090e-02,1.07450635e+02,7.37020013e+12,2.42016247e-16,8.53968508e-19,1.55825344e-08,2.09326442e-17,1.57273192e-18,6.52282051e-07,1.53712598e-06,9.00816186e-14,4.01805389e-17,4.19889076e-22,8.13284364e-22,2.89803125e-09,2.02974216e+11,1.57423791e+13,8.62728464e+02,6.16161048e+10,5.97017969e+13,1.01853958e+02,1.76008097e+02,1.27406011e+09,2.85634288e+12,2.43633875e+15,4.78752101e+14,9.30540028e+01,7.02403563e+01,4.68108234e+01,1.53882708e+02,5.42984152e-01,1.00000000e+00,5.72771605e+04
2.12814070e+02,1.97246204e-02,1.02426960e+02,7.24610696e+12,1.37569671e-16,4.56836564e-19,1.55417444e-08,1.22221114e-17,8.58350680e-19,6.37960011e-07,1.51750370e-06,4.94158612e-14,2.21074923e-17,2.13270490e-22,2.82415964e-22,2.82845497e-09,3.57077673e+11,2.93503329e+13,8.62728464e+02,1.08408335e+11,1.11089419e+14,1.01853958e+02,1.76008097e+02,2.39241152e+09,5.34764750e+12,4.79668813e+15,1.40160614e+15,9.30540028e+01,7.13926571e+01,4.75886745e+01,1.60272106e+02,5.32226018e-01,1.00000000e+00,5.75707136e+04
2.13715620e+02,1.94779256e-02,1.00511408e+02,7.19727193e+12,1.09931545e-16,3.56359318e-19,1.55255118e-08,9.86939216e-18,6.74796453e-19,6.32338093e-07,1.50975061e-06,3.89230613e-14,1.74337199e-17,1.62965380e-22,1.87322976e-22,2.80118393e-09,4.46851339e+11,3.75865040e+13,8.62728464e+02,1.35670268e+11,1.42155894e+14,1.01853958e+02,1.76008097e+02,3.07241205e+09,6.85956199e+12,6.27735796e+15,2.12666720e+15,9.30540028e+01,7.18494527e+01,4.78959026e+01,1.62910674e+02,5.28098979e-01,1.00000000e+00,5.76811883e+04
2.15075377e+02,1.91145148e-02,9.77116260e+01,7.12429633e+12,7.84604739e-17,2.45279331e-19,1.55010611e-08,7.15437518e-18,4.69847567e-19,6.23952437e-07,1.49813191e-06,2.71765476e-14,1.21938373e-17,1.08734855e-22,1.02464568e-22,2.76054908e-09,6.26086687e+11,5.45223544e+13,8.62728464e+02,1.90104285e+11,2.05982561e+14,1.01853958e+02,1.76008097e+02,4.47564823e+09,9.97492945e+12,9.40813346e+15,3.92481883e+15,9.30540028e+01,7.25163262e+01,4.83348413e+01,1.66991338e+02,5.22040228e-01,1.00000000e+00,5.78412010e+04
2.17336683e+02,1.85322696e-02,9.32811918e+01,7.00472085e+12,4.48941081e-17,1.32159714e-19,1.54604843e-08,4.19835508e-18,2.57931039e-19,6.10252425e-07,1.47900742e-06,1.49834220e-14,6.74233170e-18,5.56424099e-23,3.95352626e-23,2.69427349e-09,1.09419833e+12,1.00924854e+14,8.62728464e+02,3.32293030e+11,3.80628116e+14,1.01853958e+02,1.76008097e+02,8.34246896e+09,1.85393924e+13,1.83851136e+16,1.03280476e+16,9.30540028e+01,7.36337001e+01,4.90737061e+01,1.74054694e+02,5.12383909e-01,1.00000000e+00,5.80908062e+04
2.19597990e+02,1.79762549e-02,8.91148688e+01,6.88733442e+12,2.57705858e-17,7.14596636e-20,1.54200137e-08,2.46985814e-18,1.42005287e-19,5.96853222e-07,1.46012706e-06,8.28196316e-15,3.73736725e-18,2.85779122e-23,1.63898585e-23,2.62958904e-09,1.90616770e+12,1.86164951e+14,8.62728464e+02,5.78980316e+11,7.00963812e+14,1.01853958e+02,1.76008097e+02,1.54941319e+10,3.43348193e+13,3.57965977e+16,2.52803415e+16,9.30540028e+01,7.47658346e+01,4.98289454e+01,1.81476242e+02,5.03218331e-01,1.00000000e+00,5.83215128e+04
2.21859296e+02,1.74448793e-02,8.51928796e+01,6.77209214e+12,1.48390522e-17,3.87697248e-20,1.53796491e-08,1.45651991e-18,7.84005640e-20,5.83748222e-07,1.44148771e-06,4.58917800e-15,2.07673804e-18,1.47294839e-23,7.28657970e-24,2.56645755e-09,3.31039056e+12,3.42237689e+14,8.62728464e+02,1.00570061e+12,1.28666630e+15,1.01853958e+02,1.76008097e+02,2.86767051e+10,6.33698145e+13,6.94519941e+16,5.76698363e+16,9.30540028e+01,7.58959597e+01,5.05823433e+01,1.89272263e+02,4.94508239e-01,1.00000000e+00,5.85350126e+04
2.24120603e+02,1.69367208e-02,8.14976964e+01,6.65895026e+12,8.57060468e-18,2.11042122e-20,1.53393901e-08,8.61000769e-19,4.34045087e-20,5.70930967e-07,1.42308631e-06,2.54927081e-15,1.15680061e-18,7.61821075e-24,3.43279126e-24,2.50484173e-09,5.73157439e+12,6.27065741e+14,8.62728464e+02,1.74164249e+12,2.35415293e+15,1.01853958e+02,1.76008097e+02,5.28940665e+10,1.16563994e+14,1.34282453e+17,1.24082539e+17,9.30540028e+01,7.70270401e+01,5.13366010e+01,1.97458857e+02,4.86221659e-01,1.00000000e+00,5.87328572e+04
2.26381910e+02,1.64504462e-02,7.80131571e+01,6.54786616e+12,4.96491024e-18,1.15254843e-20,1.52992365e-08,5.10173769e-19,2.40952850e-20,5.58395138e-07,1.40491982e-06,1.41960791e-15,6.45934536e-19,3.95363189e-24,1.68687818e-24,2.44470519e-09,9.89404760e+12,1.14520887e+15,8.62728464e+02,3.00720512e+12,4.29368964e+15,1.01853958e+02,1.76008097e+02,9.72372366e+10,2.13703932e+14,2.58747414e+17,2.55824877e+17,9.30540028e+01,7.81579213e+01,5.20906851e+01,2.06053186e+02,4.78329446e-01,1.00000000e+00,5.89164192e+04
2.28643216e+02,1.59848147e-02,7.47244447e+01,6.43879826e+12,2.88454527e-18,6.31439760e-21,1.52591880e-08,3.03001085e-19,1.34119172e-20,5.46134556e-07,1.38698523e-06,7.92468923e-16,3.61544846e-19,2.05866944e-24,8.52471928e-25,2.38601241e-09,1.70297408e+13,2.08484430e+15,8.62728464e+02,5.17736804e+12,7.80697217e+15,1.01853958e+02,1.76008097e+02,1.78171508e+11,3.90533525e+14,4.96919032e+17,5.12635063e+17,9.30540028e+01,7.93054858e+01,5.28633246e+01,2.15073299e+02,4.70804995e-01,1.00000000e+00,5.90869234e+04
2.29699659e+02,1.57740262e-02,7.32512569e+01,6.38852315e+12,2.24040137e-18,4.77210254e-21,1.52405140e-08,2.37725118e-19,1.02096975e-20,5.40499248e-07,1.37868514e-06,6.04030396e-16,2.75914571e-19,1.51939292e-24,6.23802266e-25,2.35907717e-09,2.19260079e+13,2.75526881e+15,8.62728464e+02,6.66677021e+12,1.03118082e+16,1.01853958e+02,1.76008097e+02,2.36173985e+11,5.17030564e+14,6.73289980e+17,7.04571716e+17,9.30540028e+01,7.98418158e+01,5.32243178e+01,2.19438565e+02,4.67408806e-01,1.00000000e+00,5.91624182e+04
2.30904523e+02,1.55386803e-02,7.16180502e+01,6.33170602e+12,1.68068431e-18,3.47026310e-21,1.52192444e-08,1.80372479e-19,7.48508096e-21,5.34143177e-07,1.36927958e-06,4.43457172e-16,2.02849598e-19,1.07547363e-24,4.38498420e-25,2.32872874e-09,2.92280103e+13,3.78359651e+15,8.62728464e+02,8.88832187e+12,1.41518621e+16,1.01853958e+02,1.76008097e+02,3.25424256e+11,7.11422265e+14,9.51201404e+17,1.00875501e+18,9.30540028e+01,8.04361541e+01,5.36168362e+01,2.24537894e+02,4.63623990e-01,1.00000000e+00,5.92454744e+04
2.33165829e+02,1.51109637e-02,6.86814593e+01,6.22654988e+12,9.81993952e-19,1.91301895e-21,1.51794053e-08,1.07616387e-19,4.18819866e-21,5.22415091e-07,1.35179996e-06,2.48749896e-16,1.14080399e-19,5.63643100e-25,2.28076962e-25,2.27282033e-09,5.00237890e+13,6.84556995e+15,8.62728464e+02,1.52168179e+13,2.55771978e+16,1.01853958e+02,1.76008097e+02,5.92515927e+11,1.29196844e+15,1.81496416e+18,1.96223227e+18,9.30540028e+01,8.15512264e+01,5.43534832e+01,2.34466899e+02,4.56764138e-01,1.00000000e+00,5.93930510e+04
2.35427136e+02,1.47006667e-02,6.59032432e+01,6.12329125e+12,5.75336351e-19,1.05773558e-21,1.51396705e-08,6.43509975e-20,2.34945323e-21,5.10944516e-07,1.33454347e-06,1.39864220e-16,6.43078407e-20,2.96329377e-25,1.19490485e-25,2.21825419e-09,8.53814612e+13,1.23484781e+16,8.62728464e+02,2.59803169e+13,4.60918770e+16,1.01853958e+02,1.76008097e+02,1.07551135e+12,2.33914799e+15,3.45221265e+18,3.78789638e+18,9.30540028e+01,8.26822507e+01,5.51076757e+01,2.44880955e+02,4.50204996e-01,1.00000000e+00,5.95305405e+04
2.37688442e+02,1.43068561e-02,6.32728685e+01,6.02189243e+12,3.37988065e-19,5.86556983e-22,1.51000397e-08,3.85644103e-20,1.32128924e-21,4.99725799e-07,1.31750728e-06,7.88264505e-17,3.63347653e-20,1.56273609e-25,6.29186157e-26,2.16499807e-09,1.45339624e+14,2.22096650e+16,8.62728464e+02,4.42389733e+13,8.28231826e+16,1.01853958e+02,1.76008097e+02,1.94635258e+12,4.22251428e+15,6.54615984e+18,7.27246244e+18,9.30540028e+01,8.38132539e+01,5.58618547e+01,2.55801724e+02,4.43927769e-01,1.00000000e+00,5.96587396e+04
2.39949749e+02,1.39286602e-02,6.07806295e+01,5.92231662e+12,1.99078527e-19,3.26207269e-22,1.50605127e-08,2.31610679e-20,7.44909751e-22,4.88753409e-07,1.30068856e-06,4.45294879e-17,2.05766880e-20,8.26631710e-26,3.32589234e-26,2.11302054e-09,2.46752169e+14,3.98309119e+16,8.62728464e+02,7.51325903e+13,1.48408530e+17,1.01853958e+02,1.76008097e+02,3.51192667e+12,7.60007130e+15,1.23754269e+19,1.39033360e+19,9.30540028e+01,8.49439829e+01,5.66157779e+01,2.67251874e+02,4.37915155e-01,1.00000000e+00,5.97783663e+04
2.42211055e+02,1.35652622e-02,5.84175564e+01,5.82452789e+12,1.17562103e-19,1.81928940e-22,1.50210891e-08,1.39397739e-20,4.20984463e-22,4.78021938e-07,1.28408454e-06,2.52127874e-17,1.16791354e-20,4.38559141e-26,1.76379334e-26,2.06229089e-09,4.17847734e+14,7.12317741e+16,8.62728464e+02,1.27273432e+14,2.65197445e+17,1.01853958e+02,1.76008097e+02,6.31848972e+12,1.36402853e+16,2.33262046e+19,2.64844284e+19,9.30540028e+01,8.60752549e+01,5.73701720e+01,2.79255206e+02,4.32151198e-01,1.00000000e+00,5.98900664e+04
2.44472362e+02,1.32159068e-02,5.61754489e+01,5.72849111e+12,6.96006663e-20,1.01745833e-22,1.49817687e-08,8.40754728e-21,2.38492225e-22,4.67526096e-07,1.26769248e-06,1.43082061e-17,6.64388471e-21,2.33354551e-26,9.38122681e-27,2.01277916e-09,7.05784311e+14,1.27034179e+17,8.62728464e+02,2.15055071e+14,4.72606798e+17,1.01853958e+02,1.76008097e+02,1.13355841e+13,2.44122047e+16,4.38385291e+19,5.02853048e+19,9.30540028e+01,8.72065484e+01,5.81246129e+01,2.91836207e+02,4.26621174e-01,1.00000000e+00,5.99944344e+04
2.46733668e+02,1.28798729e-02,5.40466057e+01,5.63417197e+12,4.13082686e-20,5.70571892e-23,1.49425513e-08,5.08137457e-21,1.35427577e-22,4.57260709e-07,1.25150967e-06,8.13811296e-18,3.78785256e-21,1.24522541e-26,5.00333595e-27,1.96445611e-09,1.18918221e+15,2.25937599e+17,8.62728464e+02,3.62484533e+14,8.39995960e+17,1.01853958e+02,1.76008097e+02,2.02799075e+13,4.35709088e+16,8.21531599e+19,9.51833949e+19,9.30540028e+01,8.84096939e+01,5.89487754e+01,3.05021102e+02,4.21311454e-01,1.00000000e+00,6.00919929e+04
2.46879164e+02,1.28587038e-02,5.39134397e+01,5.62816136e+12,3.99487696e-20,5.49789364e-23,1.49400315e-08,4.91981990e-21,1.30598411e-22,4.56607991e-07,1.25047555e-06,7.84871143e-18,3.65370613e-21,1.19605079e-26,4.80555983e-27,1.96138697e-09,1.22965135e+15,2.34438701e+17,8.62728464e+02,3.74829489e+14,8.71565727e+17,1.01853958e+02,1.76008097e+02,2.10508685e+13,4.52204382e+16,8.55308181e+19,9.91601635e+19,9.30540028e+01,8.84824405e+01,5.89973912e+01,3.05890166e+02,4.20977070e-01,1.00000000e+00,6.00980622e+04
2.48994975e+02,1.25564941e-02,5.20239842e+01,5.54153693e+12,2.45764897e-20,3.20821336e-23,1.49034365e-08,3.07737301e-21,7.70817082e-23,4.47220717e-07,1.23553345e-06,4.63902589e-18,2.16428434e-21,6.66351674e-27,2.67549533e-27,1.91729321e-09,1.99878253e+15,4.00771938e+17,8.62728464e+02,6.09502040e+14,1.48908519e+18,1.01853958e+02,1.76008097e+02,3.61826226e+13,7.75554856e+16,1.53521341e+20,1.79638960e+20,9.30540028e+01,8.94686355e+01,5.96333967e+01,3.18836859e+02,4.16209427e-01,1.00000000e+00,6.01832264e+04
2.51256281e+02,1.22451455e-02,5.01010630e+01,5.45055321e+12,1.46569804e-20,1.80865754e-23,1.48644241e-08,1.86747698e-21,4.39738048e-23,4.37401172e-07,1.21976117e-06,2.65023857e-18,1.23930071e-21,3.57572329e-27,1.43438533e-27,1.87126261e-09,3.35151286e+15,7.09032057e+17,8.62728464e+02,1.02240737e+15,2.63296274e+18,1.01853958e+02,1.76008097e+02,6.43821932e+13,1.37681008e+17,2.86093734e+20,3.38058763e+20,9.30540028e+01,9.06002880e+01,6.03877325e+01,3.33311626e+02,4.11303399e-01,1.00000000e+00,6.02685754e+04
2.53517588e+02,1.19452372e-02,4.82717698e+01,5.36118875e+12,8.76176989e-21,1.02227784e-23,1.48255138e-08,1.13551714e-21,2.51431830e-23,4.27797233e-07,1.20419023e-06,1.51735179e-18,7.11162065e-22,1.92401390e-27,7.70942781e-28,1.82633711e-09,5.60652230e+15,1.25116600e+18,8.62728464e+02,1.71101887e+15,4.64378710e+18,1.01853958e+02,1.76008097e+02,1.14257474e+14,2.43782383e+17,5.31696796e+20,6.34401204e+20,9.30540028e+01,9.17315502e+01,6.11421330e+01,3.48474968e+02,4.06582510e-01,1.00000000e+00,6.03484370e+04
2.55778894e+02,1.16562130e-02,4.65304558e+01,5.27341220e+12,5.24978726e-21,5.79267503e-24,1.47867054e-08,6.91801007e-22,1.44083253e-23,4.18404166e-07,1.18881807e-06,8.70596689e-19,4.08955983e-22,1.03803989e-27,4.15386552e-28,1.78249019e-09,9.35715218e+15,2.20224880e+18,8.62728464e+02,2.85685097e+15,8.17002028e+18,1.01853958e+02,1.76008097e+02,2.02245667e+14,4.30546112e+17,9.85503579e+20,1.18724874e+21,9.30540028e+01,9.28624653e+01,6.18962040e+01,3.64357907e+02,4.02036663e-01,1.00000000e+00,6.04231700e+04
2.58040201e+02,1.13775531e-02,4.48718966e+01,5.18719291e+12,3.15265734e-21,3.29054786e-24,1.47479985e-08,4.22285346e-22,8.27485064e-24,4.09217340e-07,1.17364214e-06,5.00571410e-19,2.35662150e-22,5.61516302e-28,2.24357514e-28,1.73969595e-09,1.55814772e+16,3.86668685e+18,8.62728464e+02,4.75926027e+15,1.43388720e+19,1.01853958e+02,1.76008097e+02,3.57082908e+14,7.58481982e+17,1.82183851e+21,2.21588003e+21,9.30540028e+01,9.39933966e+01,6.26502806e+01,3.80992658e+02,3.97656466e-01,1.00000000e+00,6.04931052e+04
2.60301508e+02,1.11087675e-02,4.32912329e+01,5.10250088e+12,1.89749104e-21,1.87377441e-24,1.47093930e-08,2.58259399e-22,4.76262447e-24,4.00232228e-07,1.15865994e-06,2.88417603e-19,1.36080870e-22,3.04532792e-28,1.21470545e-28,1.69792912e-09,2.58884270e+16,6.77253997e+18,8.62728464e+02,7.91092968e+15,2.51053163e+19,1.01853958e+02,1.76008097e+02,6.28888396e+14,1.33290214e+18,3.35921797e+21,4.12475226e+21,9.30540028e+01,9.51242603e+01,6.34043256e+01,3.98412903e+02,3.93433162e-01,1.00000000e+00,6.05585438e+04
2.62562814e+02,1.08493949e-02,4.17839449e+01,5.01930677e+12,1.14454788e-21,1.06956795e-24,1.46708886e-08,1.58241337e-22,2.74699977e-24,3.91444401e-07,1.14386899e-06,1.66522470e-19,7.87385205e-23,1.65581086e-28,6.59217286e-29,1.65716503e-09,4.29191817e+16,1.18337439e+19,8.62728464e+02,1.31210395e+16,4.38523039e+19,1.01853958e+02,1.76008097e+02,1.10487077e+15,2.33666836e+18,6.17819373e+21,7.65800864e+21,9.30540028e+01,9.62551487e+01,6.41583731e+01,4.16653794e+02,3.89358587e-01,1.00000000e+00,6.06197611e+04
2.64824121e+02,1.05990013e-02,4.03458244e+01,4.93758187e+12,6.91868537e-22,6.11961653e-25,1.46324849e-08,9.71373633e-23,1.58775760e-24,3.82849526e-07,1.12926686e-06,9.63403835e-20,4.56509389e-23,9.02557320e-29,3.58590904e-29,1.61737961e-09,7.10005669e+16,2.06285168e+19,8.62728464e+02,2.17158743e+16,7.64207903e+19,1.01853958e+02,1.76008097e+02,1.93642475e+15,4.08657319e+18,1.13343718e+22,1.41813792e+22,9.30540028e+01,9.74077200e+01,6.49361588e+01,4.35751991e+02,3.85425113e-01,1.00000000e+00,6.06770098e+04
2.65343543e+02,1.05427115e-02,4.00248475e+01,4.91901418e+12,6.16510024e-22,5.38479943e-25,1.46236778e-08,8.68596837e-23,1.40031954e-24,3.80902085e-07,1.12593916e-06,8.49848681e-20,4.02897130e-23,7.85404574e-29,3.11890795e-29,1.60837663e-09,7.96792531e+16,2.34294020e+19,8.62728464e+02,2.43728833e+16,8.67916516e+19,1.01853958e+02,1.76008097e+02,2.20205795e+15,4.64489794e+18,1.30250327e+22,1.63316498e+22,9.30540028e+01,9.76687304e+01,6.51108141e+01,4.40263817e+02,3.84540763e-01,1.00000000e+00,6.06896255e+04
2.67085427e+02,1.03571768e-02,3.89729488e+01,4.85729808e+12,4.19114673e-22,3.50951991e-25,1.45941818e-08,5.97370855e-23,9.19623789e-25,3.74443368e-07,1.11485114e-06,5.58492316e-20,2.65200049e-23,4.93183805e-29,1.95509932e-29,1.57854937e-09,1.17206725e+17,3.58761778e+19,8.62728464e+02,3.58649566e+16,1.32873782e+20,1.01853958e+02,1.76008097e+02,3.38577957e+15,7.13020936e+18,2.07426119e+22,2.61953275e+22,9.30540028e+01,9.85226248e+01,6.56728588e+01,4.55745792e+02,3.81625611e-01,1.00000000e+00,6.07305207e+04
2.69346734e+02,1.01235348e-02,3.76616599e+01,4.77842790e+12,2.54417312e-22,2.01726251e-25,1.45559789e-08,3.68029166e-23,5.33733116e-25,3.66221782e-07,1.10061943e-06,3.24405687e-20,1.54364807e-23,2.70144371e-29,1.06837448e-29,1.54065136e-09,1.93080643e+17,6.22519740e+19,8.62728464e+02,5.91101707e+16,2.30510884e+20,1.01853958e+02,1.76008097e+02,5.90612585e+15,1.24120313e+19,3.78683451e+22,4.82668988e+22,9.30540028e+01,1.28185341e+02,6.64189266e+01,4.76675148e+02,3.77953409e-01,1.00000000e+00,6.07805058e+04
2.71608040e+02,1.00000000e-02,3.64084822e+01,4.70094440e+12,1.91223265e-22,1.47030373e-25,1.45178760e-08,2.80722169e-23,3.92675528e-25,3.58180716e-07,1.08656941e-06,2.39443660e-20,1.14064060e-23,1.92055323e-29,7.60809204e-30,1.50366322e-09,2.56888502e+17,8.51863780e+19,8.62728464e+02,7.86649349e+16,3.15401134e+20,1.01853958e+02,1.76008097e+02,8.10507990e+15,1.70142111e+19,5.32654867e+22,6.82317094e+22,9.30540028e+01,3.66100360e+02,6.71744000e+01,4.86975255e+02,3.74432227e-01,1.00000000e+00,6.09774848e+04
2.73869347e+02,1.00000000e-02,3.52104065e+01,4.62482125e+12,1.84930777e-22,1.41819904e-25,1.44798729e-08,2.75515288e-23,3.82210100e-25,3.50316206e-07,1.07269874e-06,2.34477412e-20,1.11698283e-23,1.85735455e-29,7.40534941e-30,1.46756309e-09,2.65629437e+17,8.80849452e+19,8.62728464e+02,8.13416023e+16,3.26133030e+20,1.01853958e+02,1.76008097e+02,8.38086483e+15,1.75931398e+19,5.50779079e+22,7.05533740e+22,9.30540028e+01,1.79769313e+308,6.79302877e+01,4.83845867e+02,3.71052215e-01,1.00000000e+00,6.13477803e+04
2.76130653e+02,1.00000000e-02,3.40642695e+01,4.55003262e+12,1.78911079e-22,1.36844358e-25,1.44419692e-08,2.70436257e-23,3.72092771e-25,3.42624376e-07,1.05900514e-06,2.29627125e-20,1.09387746e-23,1.79689564e-29,7.20925454e-30,1.43232966e-09,2.74566888e+17,9.10486786e+19,8.62728464e+02,8.40784472e+16,3.37106203e+20,1.01853958e+02,1.76008097e+02,8.66285001e+15,1.81850840e+19,5.69310763e+22,7.29272348e+22,9.30540028e+01,1.79769313e+308,6.86825540e+01,4.80823851e+02,3.67769460e-01,1.00000000e+00,6.17123318e+04
2.78391960e+02,1.00000000e-02,3.29673404e+01,4.47655327e+12,1.73149829e-22,1.32091050e-25,1.44041648e-08,2.65481932e-23,3.62310535e-25,3.35101434e-07,1.04548634e-06,2.24890973e-20,1.07131579e-23,1.73903245e-29,7.01956894e-30,1.39794212e-09,2.83702609e+17,9.40781601e+19,8.62728464e+02,8.68760067e+16,3.48322808e+20,1.01853958e+02,1.76008097e+02,8.95109081e+15,1.87901601e+19,5.88253558e+22,7.53537577e+22,9.30540028e+01,1.79769313e+308,6.94365546e+01,4.77904484e+02,3.64579656e-01,1.00000000e+00,6.20713314e+04
2.80653266e+02,1.00000000e-02,3.19170068e+01,4.40435845e+12,1.67633307e-22,1.27547897e-25,1.43664593e-08,2.60648799e-23,3.52850342e-25,3.27743671e-07,1.03214012e-06,2.20266686e-20,1.04928702e-23,1.68362719e-29,6.83605179e-30,1.36438015e-09,2.93038772e+17,9.71741100e+19,8.62728464e+02,8.97349461e+16,3.59785510e+20,1.01853958e+02,1.76008097e+02,9.24565575e+15,1.94085118e+19,6.07611967e+22,7.78335198e+22,9.30540028e+01,1.79769313e+308,7.01905595e+01,4.75083306e+02,3.61478742e-01,1.00000000e+00,6.24249603e+04
2.82914573e+02,1.00000000e-02,3.09108206e+01,4.33342394e+12,1.62348653e-22,1.23203586e-25,1.43288526e-08,2.55933428e-23,3.43699704e-25,3.20547462e-07,1.01896428e-06,2.15751953e-20,1.02778013e-23,1.63055071e-29,6.65847187e-30,1.33162395e-09,3.02577553e+17,1.00337250e+20,8.62728464e+02,9.26559316e+16,3.71496982e+20,1.01853958e+02,1.76008097e+02,9.54661350e+15,2.00402833e+19,6.27390502e+22,8.03670989e+22,9.30540028e+01,1.79769313e+308,7.09445565e+01,4.72356105e+02,3.58462882e-01,1.00000000e+00,6.27733894e+04
2.85175879e+02,1.00000000e-02,2.99464866e+01,4.26372600e+12,1.57283814e-22,1.19047521e-25,1.42913443e-08,2.51332480e-23,3.34846677e-25,3.13509259e-07,1.00595662e-06,2.11344441e-20,1.00678402e-23,1.57968193e-29,6.48660734e-30,1.29965416e-09,3.12321128e+17,1.03568301e+20,8.62728464e+02,9.56396295e+16,3.83459894e+20,1.01853958e+02,1.76008097e+02,9.85403268e+15,2.06856187e+19,6.47593674e+22,8.29550729e+22,9.30540028e+01,9.00719925e+13,7.16556892e+01,4.69718904e+02,3.55528453e-01,1.00000000e+00,6.31167801e+04
2.85188895e+02,1.00000000e-02,2.99410476e+01,4.26332836e+12,1.57255248e-22,1.19024104e-25,1.42911286e-08,2.51306277e-23,3.34796500e-25,3.13469198e-07,1.00588224e-06,2.11319340e-20,1.00666444e-23,1.57939502e-29,6.48563308e-30,1.29947238e-09,3.12377863e+17,1.03587115e+20,8.62728464e+02,9.56570032e+16,3.83529552e+20,1.01853958e+02,1.76008097e+02,9.85582274e+15,2.06893764e+19,6.47711314e+22,8.29701423e+22,9.30540028e+01,3.36542651e+15,7.16600042e+01,4.69703977e+02,3.55511792e-01,1.00000000e+00,6.31187424e+04
2.87437186e+02,1.00000000e-02,2.90218512e+01,4.19524140e+12,1.52427479e-22,1.15069773e-25,1.42539341e-08,2.46842703e-23,3.26279838e-25,3.06625592e-07,9.93115023e-07,2.07041801e-20,9.86287480e-24,1.53090727e-29,6.32024530e-30,1.26845191e-09,3.22271671e+17,1.06867984e+20,8.62728464e+02,9.86867055e+16,3.95676915e+20,1.01853958e+02,1.76008097e+02,1.01679819e+16,2.13446620e+19,6.68225991e+22,8.55980193e+22,9.30540028e+01,2.30584301e+16,7.24529032e+01,4.67167937e+02,3.52672031e-01,1.00000000e+00,6.34552850e+04
2.89698492e+02,1.00000000e-02,2.81348923e+01,4.12794737e+12,1.47769027e-22,1.11261028e-25,1.42166219e-08,2.42460936e-23,3.17988252e-25,2.99893069e-07,9.80437352e-07,2.02841680e-20,9.66279313e-24,1.48412005e-29,6.15918146e-30,1.23799876e-09,3.32431358e+17,1.10237021e+20,8.62728464e+02,1.01797826e+17,4.08150720e+20,1.01853958e+02,1.76008097e+02,1.04885298e+16,2.20175573e+19,6.89291967e+22,8.82965163e+22,9.30540028e+01,1.79769313e+308,7.32059048e+01,4.64699641e+02,3.49890374e-01,1.00000000e+00,6.37890484e+04
2.91959799e+02,1.00000000e-02,2.72836959e+01,4.06182161e+12,1.43298405e-22,1.07612490e-25,1.41794074e-08,2.38183978e-23,3.09961294e-25,2.93308370e-07,9.67921518e-07,1.98741624e-20,9.46747829e-24,1.43921930e-29,6.00321665e-30,1.20827674e-09,3.42802548e+17,1.13676195e+20,8.62728464e+02,1.04973714e+17,4.20884202e+20,1.01853958e+02,1.76008097e+02,1.08157509e+16,2.27044608e+19,7.10796490e+22,9.10511900e+22,9.30540028e+01,1.79769313e+308,7.39604781e+01,4.62310642e+02,3.47180412e-01,1.00000000e+00,6.41182070e+04
2.94221106e+02,1.00000000e-02,2.64665202e+01,3.99684226e+12,1.39006465e-22,1.04116123e-25,1.41422902e-08,2.34009227e-23,3.02189453e-25,2.86868251e-07,9.55565457e-07,1.94739618e-20,9.27683424e-24,1.39611315e-29,5.85217252e-30,1.17926828e-09,3.53386860e+17,1.17186041e+20,8.62728464e+02,1.08214864e+17,4.33879349e+20,1.01853958e+02,1.76008097e+02,1.11496961e+16,2.34054798e+19,7.32742919e+22,9.38624708e+22,9.30540028e+01,1.79769313e+308,7.47151692e+01,4.59997739e+02,3.44539236e-01,1.00000000e+00,6.44428904e+04
2.96482412e+02,1.00000000e-02,2.56816406e+01,3.93298793e+12,1.34884150e-22,1.00764041e-25,1.41052703e-08,2.29933395e-23,2.94662640e-25,2.80569536e-07,9.43367127e-07,1.90833017e-20,9.09073503e-24,1.35471063e-29,5.70585883e-30,1.15095627e-09,3.64187032e+17,1.20767469e+20,8.62728464e+02,1.11522115e+17,4.47139524e+20,1.01853958e+02,1.76008097e+02,1.14904519e+16,2.41207956e+19,7.55136930e+22,9.67310856e+22,9.30540028e+01,1.79769313e+308,7.54684529e+01,4.57757897e+02,3.41964088e-01,1.00000000e+00,6.47632212e+04
2.98743719e+02,1.00000000e-02,2.49274914e+01,3.87023763e+12,1.30923236e-22,9.75490518e-26,1.40683472e-08,2.25953798e-23,2.87371855e-25,2.74409121e-07,9.31324516e-07,1.87019637e-20,8.90907661e-24,1.31492914e-29,5.56410584e-30,1.12332397e-09,3.75205043e+17,1.24421133e+20,8.62728464e+02,1.14896074e+17,4.60667156e+20,1.01853958e+02,1.76008097e+02,1.18380808e+16,2.48505393e+19,7.77982629e+22,9.96575604e+22,9.30540028e+01,1.79769313e+308,7.62227059e+01,4.55588234e+02,3.39452351e-01,1.00000000e+00,6.50793160e+04
3.01005025e+02,1.00000000e-02,2.42025880e+01,3.80857082e+12,1.27115925e-22,9.44643522e-26,1.40315208e-08,2.22067751e-23,2.80308370e-25,2.68383969e-07,9.19435635e-07,1.83297247e-20,8.73175264e-24,1.27669036e-29,5.42674854e-30,1.09635507e-09,3.86442991e+17,1.28147731e+20,8.62728464e+02,1.18337381e+17,4.74464821e+20,1.01853958e+02,1.76008097e+02,1.21926489e+16,2.55948498e+19,8.01284363e+22,1.02642452e+23,9.30540028e+01,1.79769313e+308,7.69773274e+01,4.53486013e+02,3.37001540e-01,1.00000000e+00,6.53912856e+04
3.03266332e+02,1.00000000e-02,2.35055280e+01,3.74796736e+12,1.23454853e-22,9.15035243e-26,1.39947908e-08,2.18272613e-23,2.73463788e-25,2.62491110e-07,9.07698523e-07,1.79663617e-20,8.55865699e-24,1.23992034e-29,5.29362780e-30,1.07003365e-09,3.97903015e+17,1.31947971e+20,8.62728464e+02,1.21846694e+17,4.88535146e+20,1.01853958e+02,1.76008097e+02,1.25542237e+16,2.63538689e+19,8.25046571e+22,1.05686330e+23,9.30540028e+01,1.79769313e+308,7.77316598e+01,4.51448632e+02,3.34609291e-01,1.00000000e+00,6.56992351e+04
3.05527638e+02,1.00000000e-02,2.28349804e+01,3.68840750e+12,1.19933028e-22,8.86604883e-26,1.39581569e-08,2.14565744e-23,2.66829961e-25,2.56727640e-07,8.96111242e-07,1.76116485e-20,8.38968187e-24,1.20454885e-29,5.16458892e-30,1.04434415e-09,4.09587410e+17,1.35822614e+20,8.62728464e+02,1.25424714e+17,5.02880948e+20,1.01853958e+02,1.76008097e+02,1.29228777e+16,2.71277485e+19,8.49274007e+22,1.08789801e+23,9.30540028e+01,1.79769313e+308,7.85022460e+01,4.49473617e+02,3.32273362e-01,1.00000000e+00,6.60032646e+04
3.06518504e+02,1.00000000e-02,2.25492063e+01,3.66263325e+12,1.18432096e-22,8.74504278e-26,1.39421348e-08,2.12968789e-23,2.63987750e-25,2.54242225e-07,8.91080612e-07,1.74589023e-20,8.31691798e-24,1.18947422e-29,5.10929849e-30,1.03328267e-09,4.14778256e+17,1.37543942e+20,8.62728464e+02,1.27014266e+17,5.09254135e+20,1.01853958e+02,1.76008097e+02,1.30866538e+16,2.74715480e+19,8.60037155e+22,1.10168533e+23,9.30540028e+01,2.30584301e+16,7.88351696e+01,4.48627242e+02,3.31266992e-01,1.00000000e+00,6.61352746e+04
3.07788945e+02,1.00000000e-02,2.21896969e+01,3.62987191e+12,1.16543894e-22,8.59295452e-26,1.39216190e-08,2.10944655e-23,2.60399178e-25,2.51090717e-07,8.84671878e-07,1.72653689e-20,8.22472425e-24,1.17051004e-29,5.03948521e-30,1.01927141e-09,4.21498342e+17,1.39772379e+20,8.62728464e+02,1.29072105e+17,5.17504885e+20,1.01853958e+02,1.76008097e+02,1.32986790e+16,2.79166320e+19,8.73971165e+22,1.11953443e+23,9.30540028e+01,9.22337204e+15,7.92476872e+01,4.47558611e+02,3.29991614e-01,1.00000000e+00,6.63034694e+04
3.10050251e+02,1.00000000e-02,2.15684988e+01,3.57234163e+12,1.13281261e-22,8.33053180e-26,1.38851766e-08,2.07406925e-23,2.54164039e-25,2.45577563e-07,8.73378545e-07,1.69273098e-20,8.06368262e-24,1.13774174e-29,4.91817570e-30,9.94800621e-10,4.33637991e+17,1.43797988e+20,8.62728464e+02,1.32789533e+17,5.32409636e+20,1.01853958e+02,1.76008097e+02,1.36816967e+16,2.87206639e+19,8.99142564e+22,1.15177834e+23,9.30540028e+01,1.79769313e+308,7.99934475e+01,4.45701371e+02,3.27762017e-01,1.00000000e+00,6.65999403e+04
3.12311558e+02,1.00000000e-02,2.09702724e+01,3.51579809e+12,1.10139278e-22,8.07827338e-26,1.38488297e-08,2.03950211e-23,2.48117454e-25,2.40185461e-07,8.62229377e-07,1.65972622e-20,7.90645746e-24,1.10618520e-29,4.80052511e-30,9.70917327e-10,4.46008536e+17,1.47900164e+20,8.62728464e+02,1.36577667e+17,5.47597874e+20,1.01853958e+02,1.76008097e+02,1.40719993e+16,2.95399884e+19,9.24792722e+22,1.18463553e+23,9.30540028e+01,1.79769313e+308,8.07473599e+01,4.43899760e+02,3.25582632e-01,1.00000000e+00,6.68927637e+04
3.14572864e+02,1.00000000e-02,2.03939659e+01,3.46022307e+12,1.07112423e-22,7.83570054e-26,1.38125779e-08,2.00572243e-23,2.42252633e-25,2.34911751e-07,8.51222535e-07,1.62750218e-20,7.75295138e-24,1.07578495e-29,4.68640365e-30,9.47607427e-10,4.58612146e+17,1.52079627e+20,8.62728464e+02,1.40437171e+17,5.63072265e+20,1.01853958e+02,1.76008097e+02,1.44696553e+16,3.03747494e+19,9.50926140e+22,1.21811176e+23,9.30540028e+01,1.79769313e+308,8.15012827e+01,4.42151741e+02,3.23451616e-01,1.00000000e+00,6.71820222e+04
3.16834171e+02,1.00000000e-02,1.98385845e+01,3.40559873e+12,1.04195470e-22,7.60236100e-26,1.37764211e-08,1.97270820e-23,2.36563060e-25,2.29753836e-07,8.40356202e-07,1.59603880e-20,7.60306891e-24,1.04648849e-29,4.57568663e-30,9.24857153e-10,4.71451000e+17,1.56337098e+20,8.62728464e+02,1.44368712e+17,5.78835480e+20,1.01853958e+02,1.76008097e+02,1.48747335e+16,3.12250909e+19,9.77547330e+22,1.25221282e+23,9.30540028e+01,1.79769313e+308,8.22552017e+01,4.40455367e+02,3.21367207e-01,1.00000000e+00,6.74677946e+04
3.19095477e+02,1.00000000e-02,1.93031870e+01,3.35190756e+12,1.01383475e-22,7.37782740e-26,1.37403588e-08,1.94043810e-23,2.31042491e-25,2.24709172e-07,8.29628583e-07,1.56531649e-20,7.45671669e-24,1.01824618e-29,4.46825436e-30,9.02653071e-10,4.84527269e+17,1.60673299e+20,8.62728464e+02,1.48372955e+17,5.94890190e+20,1.01853958e+02,1.76008097e+02,1.52873025e+16,3.20911570e+19,1.00466080e+23,1.28694447e+23,9.30540028e+01,1.79769313e+308,8.30091124e+01,4.38808785e+02,3.19327729e-01,1.00000000e+00,6.77501562e+04
3.21356784e+02,1.00000000e-02,1.87868825e+01,3.29913242e+12,9.86717600e-23,7.16169562e-26,1.37043910e-08,1.90889144e-23,2.25684934e-25,2.19775273e-07,8.19037908e-07,1.53531607e-20,7.31380336e-24,9.91011041e-30,4.36399182e-30,8.80982067e-10,4.97843134e+17,1.65088951e+20,8.62728464e+02,1.52450567e+17,6.11239069e+20,1.01853958e+02,1.76008097e+02,1.57074308e+16,3.29730919e+19,1.03227107e+23,1.32231251e+23,9.30540028e+01,1.79769313e+308,8.37630209e+01,4.37210222e+02,3.17331578e-01,1.00000000e+00,6.80291789e+04
3.23618090e+02,1.00000000e-02,1.82888277e+01,3.24725649e+12,9.60558950e-23,6.95358349e-26,1.36685173e-08,1.87804822e-23,2.20484643e-25,2.14949707e-07,8.08582429e-07,1.50601884e-20,7.17423979e-24,9.64738568e-30,4.26278864e-30,8.59831343e-10,5.11400766e+17,1.69584775e+20,8.62728464e+02,1.56602213e+17,6.27884782e+20,1.01853958e+02,1.76008097e+02,1.61351872e+16,3.38710395e+19,1.06038264e+23,1.35832270e+23,9.30540028e+01,1.79769313e+308,8.45169370e+01,4.35657985e+02,3.15377226e-01,1.00000000e+00,6.83049316e+04
3.25879397e+02,1.00000000e-02,1.78082232e+01,3.19626330e+12,9.35316821e-23,6.75312924e-26,1.36327375e-08,1.84788902e-23,2.15436103e-25,2.10230095e-07,7.98260420e-07,1.47740651e-20,7.03793889e-24,9.39386604e-30,4.16453873e-30,8.39188409e-10,5.25202340e+17,1.74161493e+20,8.62728464e+02,1.60828560e+17,6.44830002e+20,1.01853958e+02,1.76008097e+02,1.65706401e+16,3.47851438e+19,1.08900001e+23,1.39498082e+23,9.30540028e+01,1.79769313e+308,8.52708491e+01,4.34150454e+02,3.13463210e-01,1.00000000e+00,6.85774802e+04
3.28140704e+02,1.00000000e-02,1.73443114e+01,3.14613667e+12,9.10951422e-23,6.55999036e-26,1.35970514e-08,1.81839506e-23,2.10534025e-25,2.05614110e-07,7.88070178e-07,1.44946124e-20,6.90481565e-24,9.14915186e-30,4.06914017e-30,8.19041072e-10,5.39250032e+17,1.78819825e+20,8.62728464e+02,1.65130273e+17,6.62077398e+20,1.01853958e+02,1.76008097e+02,1.70138584e+16,3.57155490e+19,1.11812771e+23,1.43229265e+23,9.30540028e+01,1.79769313e+308,8.60337490e+01,4.32686082e+02,3.11588133e-01,1.00000000e+00,6.88468877e+04
3.29443379e+02,1.00000000e-02,1.70843598e+01,3.11764732e+12,8.97298339e-23,6.45192164e-26,1.35765360e-08,1.80169914e-23,2.07774557e-25,2.03001124e-07,7.82259023e-07,1.43365865e-20,6.82953669e-24,9.01202695e-30,4.01543949e-30,8.07655086e-10,5.47455135e+17,1.81540706e+20,8.62728464e+02,1.67642857e+17,6.72151414e+20,1.01853958e+02,1.76008097e+02,1.72727373e+16,3.62589885e+19,1.13514089e+23,1.45408608e+23,9.30540028e+01,1.79769313e+308,8.64757274e+01,4.31861510e+02,3.10525106e-01,1.00000000e+00,6.90006838e+04
3.30402010e+02,1.00000000e-02,1.68963738e+01,3.09686077e+12,8.87425013e-23,6.37384231e-26,1.35614587e-08,1.78954811e-23,2.05773326e-25,2.01099478e-07,7.78010019e-07,1.42216561e-20,6.77478714e-24,8.91286408e-30,3.97649501e-30,7.99377435e-10,5.53546019e+17,1.83560494e+20,8.62728464e+02,1.69508020e+17,6.79629646e+20,1.01853958e+02,1.76008097e+02,1.74649105e+16,3.66623992e+19,1.14777025e+23,1.47026398e+23,9.30540028e+01,1.15292150e+16,8.67916887e+01,4.31263387e+02,3.09750658e-01,1.00000000e+00,6.91132149e+04
3.32663317e+02,1.00000000e-02,1.64637289e+01,3.04842007e+12,8.64701797e-23,6.19437762e-26,1.35259591e-08,1.76133053e-23,2.01149131e-25,1.96683973e-07,7.68078285e-07,1.39550267e-20,6.64777257e-24,8.68464318e-30,3.88650917e-30,7.80185885e-10,5.68092474e+17,1.88384220e+20,8.62728464e+02,1.73962466e+17,6.97489411e+20,1.01853958e+02,1.76008097e+02,1.79238652e+16,3.76258384e+19,1.17793213e+23,1.50890056e+23,9.30540028e+01,1.79769313e+308,8.75325434e+01,4.29880950e+02,3.07949509e-01,1.00000000e+00,6.93765196e+04
3.34924623e+02,1.00000000e-02,1.60457294e+01,3.00079934e+12,8.42747782e-23,6.02130463e-26,1.34905525e-08,1.73372522e-23,1.96656757e-25,1.92365418e-07,7.58273334e-07,1.36945586e-20,6.52369310e-24,8.46414776e-30,3.79909215e-30,7.61455088e-10,5.82891576e+17,1.93291726e+20,8.62728464e+02,1.78494278e+17,7.15659370e+20,1.01853958e+02,1.76008097e+02,1.83907912e+16,3.86060110e+19,1.20861787e+23,1.54820820e+23,9.30540028e+01,1.79769313e+308,8.82858465e+01,4.28537414e+02,3.06183460e-01,1.00000000e+00,6.96368577e+04
3.37185930e+02,1.00000000e-02,1.56417554e+01,2.95398364e+12,8.21530414e-23,5.85434476e-26,1.34552386e-08,1.70671503e-23,1.92291640e-25,1.88141685e-07,7.48593549e-07,1.34400862e-20,6.40246980e-24,8.25105086e-30,3.71415573e-30,7.43173983e-10,5.97945706e+17,1.98283802e+20,8.62728464e+02,1.83104185e+17,7.34142445e+20,1.01853958e+02,1.76008097e+02,1.88657635e+16,3.96030744e+19,1.23983241e+23,1.58819321e+23,9.30540028e+01,1.79769313e+308,8.90403029e+01,4.27231477e+02,3.04451340e-01,1.00000000e+00,6.98942827e+04
3.39447236e+02,1.00000000e-02,1.52512396e+01,2.90795833e+12,8.01019890e-23,5.69324160e-26,1.34200171e-08,1.68028570e-23,1.88049661e-25,1.84010691e-07,7.39037332e-07,1.31914667e-20,6.28403461e-24,8.04505316e-30,3.63162019e-30,7.25331772e-10,6.13256411e+17,2.03360960e+20,8.62728464e+02,1.87792662e+17,7.52940538e+20,1.01853958e+02,1.76008097e+02,1.93488310e+16,4.06171314e+19,1.27157895e+23,1.62885971e+23,9.30540028e+01,1.79769313e+308,8.97948698e+01,4.25961890e+02,3.02752027e-01,1.00000000e+00,7.01488460e+04
3.41708543e+02,1.00000000e-02,1.48736107e+01,2.86270906e+12,7.81186205e-23,5.53773980e-26,1.33848878e-08,1.65441988e-23,1.83926467e-25,1.79970402e-07,7.29603105e-07,1.29485331e-20,6.16830803e-24,7.84585330e-30,3.55140122e-30,7.07917919e-10,6.28826495e+17,2.08524130e+20,8.62728464e+02,1.92560565e+17,7.72057089e+20,1.01853958e+02,1.76008097e+02,1.98400821e+16,4.16483675e+19,1.30386331e+23,1.67021514e+23,9.30540028e+01,1.79769313e+308,9.05481176e+01,4.24727457e+02,3.01084444e-01,1.00000000e+00,7.04005971e+04
3.43969849e+02,1.00000000e-02,1.45083464e+01,2.81822174e+12,7.62001929e-23,5.38760463e-26,1.33498505e-08,1.62910309e-23,1.79918134e-25,1.76018824e-07,7.20289312e-07,1.27111413e-20,6.05522142e-24,7.65317578e-30,3.47342280e-30,6.90922140e-10,6.44657926e+17,2.13773965e+20,8.62728464e+02,1.97408499e+17,7.91494515e+20,1.01853958e+02,1.76008097e+02,2.03395790e+16,4.26969131e+19,1.33668957e+23,1.71226473e+23,9.30540028e+01,1.79769313e+308,9.13020105e+01,4.23527029e+02,2.99447560e-01,1.00000000e+00,7.06495838e+04
3.46231156e+02,1.00000000e-02,1.41549448e+01,2.77448257e+12,7.43440706e-23,5.24261118e-26,1.33149049e-08,1.60432076e-23,1.76020830e-25,1.72154010e-07,7.11094414e-07,1.24791467e-20,5.94470587e-24,7.46675592e-30,3.39761055e-30,6.74334398e-10,6.60752873e+17,2.19111184e+20,8.62728464e+02,2.02337128e+17,8.11255480e+20,1.01853958e+02,1.76008097e+02,2.08473901e+16,4.37629119e+19,1.37006223e+23,1.75501424e+23,9.30540028e+01,1.79769313e+308,9.20559072e+01,4.22359505e+02,2.97840385e-01,1.00000000e+00,7.08958518e+04
3.48492462e+02,1.00000000e-02,1.38129283e+01,2.73147802e+12,7.25477443e-23,5.10254558e-26,1.32800508e-08,1.58005871e-23,1.72230866e-25,1.68374055e-07,7.02016895e-07,1.22524083e-20,5.83669424e-24,7.28634166e-30,3.32389291e-30,6.58144897e-10,6.77113517e+17,2.24536511e+20,8.62728464e+02,2.07347118e+17,8.31342660e+20,1.01853958e+02,1.76008097e+02,2.13635842e+16,4.48465082e+19,1.40398580e+23,1.79846946e+23,9.30540028e+01,1.79769313e+308,9.28099981e+01,4.21223826e+02,2.96261971e-01,1.00000000e+00,7.11394453e+04
3.50753769e+02,1.00000000e-02,1.34818435e+01,2.68919480e+12,7.08088332e-23,4.96720499e-26,1.32452879e-08,1.55630340e-23,1.68544716e-25,1.64677096e-07,6.93055255e-07,1.20307904e-20,5.73112189e-24,7.11169391e-30,3.25220136e-30,6.42344075e-10,6.93741954e+17,2.30050639e+20,8.62728464e+02,2.12439113e+17,8.51758629e+20,1.01853958e+02,1.76008097e+02,2.18882274e+16,4.59478410e+19,1.43846464e+23,1.84263597e+23,9.30540028e+01,1.79769313e+308,9.35645385e+01,4.20118975e+02,2.94711404e-01,1.00000000e+00,7.13804071e+04
3.53015075e+02,1.00000000e-02,1.31612588e+01,2.64761990e+12,6.91250699e-23,4.83639646e-26,1.32106160e-08,1.53304172e-23,1.64958988e-25,1.61061311e-07,6.84208015e-07,1.18141612e-20,5.62792595e-24,6.94258493e-30,3.18246999e-30,6.26922600e-10,7.10640270e+17,2.35654263e+20,8.62728464e+02,2.17613751e+17,8.72505949e+20,1.01853958e+02,1.76008097e+02,2.24213856e+16,4.70670484e+19,1.47350308e+23,1.88751929e+23,9.30540028e+01,1.79769313e+308,9.43311396e+01,4.19043975e+02,2.93187812e-01,1.00000000e+00,7.16187783e+04
3.54082833e+02,1.00000000e-02,1.30134166e+01,2.62823133e+12,6.83485787e-23,4.77615370e-26,1.31942759e-08,1.52222608e-23,1.63299853e-25,1.59381689e-07,6.80069817e-07,1.17135711e-20,5.58000774e-24,6.86459794e-30,3.15020745e-30,6.19770031e-10,7.18713677e+17,2.38331472e+20,8.62728464e+02,2.20086007e+17,8.82418273e+20,1.01853958e+02,1.76008097e+02,2.26761094e+16,4.76017655e+19,1.49024318e+23,1.90896293e+23,9.30540028e+01,1.15292150e+16,9.46901189e+01,4.18546480e+02,2.92477526e-01,1.00000000e+00,7.17304448e+04
3.55276382e+02,1.00000000e-02,1.28507578e+01,2.60674054e+12,6.74942685e-23,4.70993456e-26,1.31760348e-08,1.51026037e-23,1.61470358e-25,1.57524916e-07,6.75473716e-07,1.16023878e-20,5.52704321e-24,6.77879520e-30,3.11463418e-30,6.11871367e-10,7.27810811e+17,2.41348158e+20,8.62728464e+02,2.22871750e+17,8.93587500e+20,1.01853958e+02,1.76008097e+02,2.29631327e+16,4.82042858e+19,1.50910596e+23,1.93312567e+23,9.30540028e+01,1.79769313e+308,9.50805898e+01,4.17997886e+02,2.91690351e-01,1.00000000e+00,7.18545986e+04
3.57537688e+02,1.00000000e-02,1.25499477e+01,2.56654420e+12,6.59143646e-23,4.58764405e-26,1.31415442e-08,1.48794691e-23,1.58075675e-25,1.54066170e-07,6.66850915e-07,1.13953445e-20,5.42841375e-24,6.62011735e-30,3.04863259e-30,5.97181485e-10,7.45255736e+17,2.47133041e+20,8.62728464e+02,2.28213771e+17,9.15005933e+20,1.01853958e+02,1.76008097e+02,2.35135369e+16,4.93596962e+19,1.54527778e+23,1.97946083e+23,9.30540028e+01,1.79769313e+308,9.58265897e+01,4.16979807e+02,2.90218216e-01,1.00000000e+00,7.20879064e+04
3.59798995e+02,1.00000000e-02,1.22584529e+01,2.52701861e+12,6.43833870e-23,4.46935786e-26,1.31071439e-08,1.46608920e-23,1.54771899e-25,1.50683367e-07,6.58338188e-07,1.11929086e-20,5.33197910e-24,6.46635343e-30,2.98440605e-30,5.82844280e-10,7.62977230e+17,2.53009637e+20,8.62728464e+02,2.33640484e+17,9.36763931e+20,1.01853958e+02,1.76008097e+02,2.40726671e+16,5.05334243e+19,1.58202306e+23,2.02653058e+23,9.30540028e+01,1.79769313e+308,9.65804428e+01,4.15988867e+02,2.88770628e-01,1.00000000e+00,7.23187388e+04
3.62060302e+02,1.00000000e-02,1.19759159e+01,2.48815170e+12,6.28994566e-23,4.35491688e-26,1.30728336e-08,1.44467550e-23,1.51556107e-25,1.47374839e-07,6.49934131e-07,1.09949609e-20,5.23768252e-24,6.31731470e-30,2.92189763e-30,5.68851284e-10,7.80977467e+17,2.58978666e+20,8.62728464e+02,2.39152554e+17,9.58864161e+20,1.01853958e+02,1.76008097e+02,2.46405920e+16,5.17256140e+19,1.61934631e+23,2.07434070e+23,9.30540028e+01,1.79769313e+308,9.73342999e+01,4.15024230e+02,2.87346842e-01,1.00000000e+00,7.25471317e+04
3.64321608e+02,1.00000000e-02,1.17019951e+01,2.44993168e+12,6.14607800e-23,4.24416941e-26,1.30386131e-08,1.42369443e-23,1.48425484e-25,1.44138956e-07,6.41637357e-07,1.08013855e-20,5.14546882e-24,6.17282104e-30,2.86105248e-30,5.55194234e-10,7.99258621e+17,2.65040850e+20,8.62728464e+02,2.44750648e+17,9.81309294e+20,1.01853958e+02,1.76008097e+02,2.52173800e+16,5.29364094e+19,1.65725204e+23,2.12289696e+23,9.30540028e+01,1.79769313e+308,9.80881418e+01,4.14085091e+02,2.85946139e-01,1.00000000e+00,7.27731199e+04
3.66582915e+02,1.00000000e-02,1.14363645e+01,2.41234694e+12,6.00656449e-23,4.13697078e-26,1.30044822e-08,1.40313494e-23,1.45377319e-25,1.40974122e-07,6.33446496e-07,1.06120699e-20,5.05528431e-24,6.03270047e-30,2.80181775e-30,5.41865062e-10,8.17822873e+17,2.71196911e+20,8.62728464e+02,2.50435432e+17,1.00410201e+21,1.01853958e+02,1.76008097e+02,2.58031001e+16,5.41659549e+19,1.69574477e+23,2.17220514e+23,9.30540028e+01,1.79769313e+308,9.88419828e+01,4.13170675e+02,2.84567827e-01,1.00000000e+00,7.29967370e+04
3.68844221e+02,1.00000000e-02,1.11787129e+01,2.37538612e+12,5.87124168e-23,4.03318305e-26,1.29704407e-08,1.38298632e-23,1.42409002e-25,1.37878779e-07,6.25360195e-07,1.04269046e-20,4.96707687e-24,5.89678884e-30,2.74414255e-30,5.28855900e-10,8.36672393e+17,2.77447570e+20,8.62728464e+02,2.56207571e+17,1.02724497e+21,1.01853958e+02,1.76008097e+02,2.63978206e+16,5.54143942e+19,1.73482900e+23,2.22227103e+23,9.30540028e+01,1.79769313e+308,9.95958453e+01,4.12280235e+02,2.83211243e-01,1.00000000e+00,7.32180157e+04
3.71105528e+02,1.00000000e-02,1.09287430e+01,2.33903807e+12,5.73995343e-23,3.93267457e-26,1.29364882e-08,1.36323819e-23,1.39518020e-25,1.34851399e-07,6.17377121e-07,1.02457831e-20,4.88079584e-24,5.76492931e-30,2.68797782e-30,5.16159064e-10,8.55809353e+17,2.83793546e+20,8.62728464e+02,2.62067731e+17,1.05074084e+21,1.01853958e+02,1.76008097e+02,2.70016101e+16,5.66818713e+19,1.77450923e+23,2.27310037e+23,9.30540028e+01,1.79769313e+308,1.00349696e+02,4.11413050e+02,2.81875744e-01,1.00000000e+00,7.34369877e+04
3.73366834e+02,1.00000000e-02,1.06861705e+01,2.30329185e+12,5.61255043e-23,3.83531963e-26,1.29026247e-08,1.34388046e-23,1.36701949e-25,1.31890491e-07,6.09495956e-07,1.00686021e-20,4.79639190e-24,5.63697196e-30,2.63327626e-30,5.03767055e-10,8.75235936e+17,2.90235563e+20,8.62728464e+02,2.68016580e+17,1.07459230e+21,1.01853958e+02,1.76008097e+02,2.76145375e+16,5.79685306e+19,1.81478999e+23,2.32469898e+23,9.30540028e+01,1.79769313e+308,1.01103335e+02,4.10568428e+02,2.80560714e-01,1.00000000e+00,7.36536836e+04
3.75628141e+02,1.00000000e-02,1.04507230e+01,2.26813674e+12,5.48888956e-23,3.74099792e-26,1.28688497e-08,1.32490324e-23,1.33958442e-25,1.28994595e-07,6.01715398e-07,9.89526008e-21,4.71381676e-24,5.51277301e-30,2.57999207e-30,4.91672554e-10,8.94954393e+17,2.96774369e+20,8.62728464e+02,2.74054808e+17,1.09880212e+21,1.01853958e+02,1.76008097e+02,2.82366739e+16,5.92745213e+19,1.85567594e+23,2.37707284e+23,9.30540028e+01,1.79769313e+308,1.01857371e+02,4.09745699e+02,2.79265558e-01,1.00000000e+00,7.38681333e+04
3.77889447e+02,1.00000000e-02,1.02221435e+01,2.23356221e+12,5.36883588e-23,3.64959580e-26,1.28351632e-08,1.30629741e-23,1.31285286e-25,1.26162284e-07,5.94034163e-07,9.72566203e-21,4.63302514e-24,5.39219695e-30,2.52808199e-30,4.79868420e-10,9.14966660e+17,3.03410604e+20,8.62728464e+02,2.80183006e+17,1.12337267e+21,1.01853958e+02,1.76008097e+02,2.88680802e+16,6.05999715e+19,1.89717111e+23,2.43022707e+23,9.30540028e+01,1.79769313e+308,1.02611453e+02,4.08944218e+02,2.77989704e-01,1.00000000e+00,7.40803657e+04
3.80150754e+02,1.00000000e-02,1.00001807e+01,2.19955793e+12,5.25225743e-23,3.56100276e-26,1.28015649e-08,1.28805340e-23,1.28680277e-25,1.23392161e-07,5.86450983e-07,9.55971039e-21,4.55397056e-24,5.27511124e-30,2.47750296e-30,4.68347681e-10,9.35275146e+17,3.10145068e+20,8.62728464e+02,2.86401913e+17,1.14830691e+21,1.01853958e+02,1.76008097e+02,2.95088325e+16,6.19450409e+19,1.93928048e+23,2.48416809e+23,9.30540028e+01,1.79769313e+308,1.03380645e+02,4.08163362e+02,2.76732601e-01,1.00000000e+00,7.42904091e+04
3.80565099e+02,1.00000000e-02,9.96020861e+00,2.19338825e+12,5.23126343e-23,3.54506593e-26,1.27954181e-08,1.28474907e-23,1.28210179e-25,1.22891217e-07,5.85072027e-07,9.52969094e-21,4.53967015e-24,5.25402589e-30,2.46837637e-30,4.66266887e-10,9.39028572e+17,3.11389736e+20,8.62728464e+02,2.87551295e+17,1.15291527e+21,1.01853958e+02,1.76008097e+02,2.96272567e+16,6.21936375e+19,1.94706316e+23,2.49413750e+23,9.30540028e+01,2.71275648e+15,1.03519370e+02,4.08022471e+02,2.76504248e-01,1.00000000e+00,7.43286608e+04
3.82412060e+02,1.00000000e-02,9.78459781e+00,2.16611379e+12,5.13902978e-23,3.47511441e-26,1.27680545e-08,1.27016239e-23,1.26141332e-25,1.20682862e-07,5.78964607e-07,9.39731363e-21,4.47660942e-24,5.16139091e-30,2.42821433e-30,4.57103534e-10,9.55881954e+17,3.16978458e+20,8.62728464e+02,2.92712173e+17,1.17360742e+21,1.01853958e+02,1.76008097e+02,3.01589972e+16,6.33098688e+19,1.98200842e+23,2.53890147e+23,9.30540028e+01,2.30584301e+16,1.04122185e+02,4.07402530e+02,2.75493714e-01,1.00000000e+00,7.44982907e+04
3.84673367e+02,1.00000000e-02,9.57516718e+00,2.13321983e+12,5.02903341e-23,3.39183064e-26,1.27346319e-08,1.25261571e-23,1.23666436e-25,1.18033050e-07,5.71573799e-07,9.23838206e-21,4.40089900e-24,5.05091592e-30,2.38017665e-30,4.46129338e-10,9.76789262e+17,3.23911496e+20,8.62728464e+02,2.99114452e+17,1.19927688e+21,1.01853958e+02,1.76008097e+02,3.08186429e+16,6.46945993e+19,2.02535944e+23,2.59443301e+23,9.30540028e+01,1.79769313e+308,1.04872759e+02,4.06661142e+02,2.74272531e-01,1.00000000e+00,7.47040374e+04
3.86934673e+02,1.00000000e-02,9.37167098e+00,2.10086631e+12,4.92215390e-23,3.31105575e-26,1.27012967e-08,1.23540494e-23,1.21253644e-25,1.15441419e-07,5.64277338e-07,9.08282853e-21,4.32679778e-24,4.94357135e-30,2.33335190e-30,4.35418611e-10,9.97999236e+17,3.30944901e+20,8.62728464e+02,3.05609415e+17,1.22531794e+21,1.01853958e+02,1.76008097e+02,3.14878380e+16,6.60993760e+19,2.06933804e+23,2.65076846e+23,9.30540028e+01,1.79769313e+308,1.05626599e+02,4.05938638e+02,2.73068557e-01,1.00000000e+00,7.49076750e+04
3.89195980e+02,1.00000000e-02,9.17390043e+00,2.06904367e+12,4.81828159e-23,3.23269811e-26,1.26680488e-08,1.21852191e-23,1.18901077e-25,1.12906693e-07,5.57074021e-07,8.93056823e-21,4.25426536e-24,4.83924707e-30,2.28770337e-30,4.24965028e-10,1.01951406e+18,3.38079397e+20,8.62728464e+02,3.12197729e+17,1.25173329e+21,1.01853958e+02,1.76008097e+02,3.21666515e+16,6.75243435e+19,2.11394874e+23,2.70791361e+23,9.30540028e+01,1.79769313e+308,1.06380441e+02,4.05234478e+02,2.71881314e-01,1.00000000e+00,7.51092289e+04
3.91457286e+02,1.00000000e-02,8.98165566e+00,2.03774253e+12,4.71731151e-23,3.15667008e-26,1.26348879e-08,1.20195868e-23,1.16606927e-25,1.10427621e-07,5.49962659e-07,8.78151886e-21,4.18326254e-24,4.73783765e-30,2.24319566e-30,4.14762417e-10,1.04133590e+18,3.45315702e+20,8.62728464e+02,3.18880059e+17,1.27852559e+21,1.01853958e+02,1.76008097e+02,3.28551515e+16,6.89696452e+19,2.15919603e+23,2.76587422e+23,9.30540028e+01,1.79769313e+308,1.07134277e+02,4.04548137e+02,2.70710339e-01,1.00000000e+00,7.53087238e+04
3.93718593e+02,1.00000000e-02,8.79474490e+00,2.00695368e+12,4.61914295e-23,3.08288771e-26,1.26018138e-08,1.18570755e-23,1.14369444e-25,1.08002981e-07,5.42942076e-07,8.63560025e-21,4.11375112e-24,4.63924193e-30,2.19979453e-30,4.04804750e-10,1.06346694e+18,3.52654541e+20,8.62728464e+02,3.25657073e+17,1.30569752e+21,1.01853958e+02,1.76008097e+02,3.35534073e+16,7.04354260e+19,2.20508446e+23,2.82465610e+23,9.30540028e+01,1.79769313e+308,1.07888116e+02,4.03879112e+02,2.69555189e-01,1.00000000e+00,7.55061836e+04
3.95979899e+02,1.00000000e-02,8.61298458e+00,1.97666809e+12,4.52367947e-23,3.01127067e-26,1.25688263e-08,1.16976104e-23,1.12186943e-25,1.05631579e-07,5.36011116e-07,8.49273468e-21,4.04569408e-24,4.54336307e-30,2.15746703e-30,3.95086149e-10,1.08590935e+18,3.60096631e+20,8.62728464e+02,3.32529434e+17,1.33325173e+21,1.01853958e+02,1.76008097e+02,3.42614868e+16,7.19218290e+19,2.25161848e+23,2.88426498e+23,9.30540028e+01,1.79769313e+308,1.08641974e+02,4.03226913e+02,2.68415432e-01,1.00000000e+00,7.57016320e+04
3.98241206e+02,1.00000000e-02,8.43619843e+00,1.94687691e+12,4.43082851e-23,2.94174198e-26,1.25359252e-08,1.15411187e-23,1.10057795e-25,1.03312245e-07,5.29168633e-07,8.35284643e-21,3.97905535e-24,4.45010809e-30,2.11618124e-30,3.85600873e-10,1.10866530e+18,3.67642695e+20,8.62728464e+02,3.39497809e+17,1.36119090e+21,1.01853958e+02,1.76008097e+02,3.49794591e+16,7.34289987e+19,2.29880265e+23,2.94470667e+23,9.30540028e+01,1.79769313e+308,1.09395914e+02,4.02591068e+02,2.67290653e-01,1.00000000e+00,7.58950918e+04
4.00502513e+02,1.00000000e-02,8.26421779e+00,1.91757143e+12,4.34050149e-23,2.87422797e-26,1.25031102e-08,1.13875303e-23,1.07980431e-25,1.01043837e-07,5.22413498e-07,8.21586228e-21,3.91380004e-24,4.35938803e-30,2.07590648e-30,3.76343321e-10,1.13173693e+18,3.75293441e+20,8.62728464e+02,3.46562852e+17,1.38951766e+21,1.01853958e+02,1.76008097e+02,3.57073912e+16,7.49570763e+19,2.34664136e+23,3.00598682e+23,9.30540028e+01,1.79769313e+308,1.10150428e+02,4.01971122e+02,2.66180451e-01,1.00000000e+00,7.60865855e+04
4.02763819e+02,1.00000000e-02,8.09688192e+00,1.88874312e+12,4.25261397e-23,2.80865845e-26,1.24703811e-08,1.12367785e-23,1.05953351e-25,9.88252353e-08,5.15744597e-07,8.08171212e-21,3.84989477e-24,4.27111809e-30,2.03661338e-30,3.67308025e-10,1.15512620e+18,3.83049520e+20,8.62728464e+02,3.53725164e+17,1.41823441e+21,1.01853958e+02,1.76008097e+02,3.64453453e+16,7.65061921e+19,2.39513871e+23,3.06811067e+23,9.30540028e+01,1.79769313e+308,1.10904812e+02,4.01366632e+02,2.65084438e-01,1.00000000e+00,7.62761350e+04
4.05025126e+02,1.00000000e-02,7.93403317e+00,1.86038362e+12,4.16708316e-23,2.74496494e-26,1.24377376e-08,1.10887939e-23,1.03975063e-25,9.66553473e-08,5.09160827e-07,7.95032445e-21,3.78730547e-24,4.18521512e-30,1.99827271e-30,3.58489650e-10,1.17883557e+18,3.90911742e+20,8.62728464e+02,3.60985494e+17,1.44734416e+21,1.01853958e+02,1.76008097e+02,3.71933985e+16,7.80765080e+19,2.44429975e+23,3.13108469e+23,9.30540028e+01,1.79769313e+308,1.11658602e+02,4.00777170e+02,2.64002238e-01,1.00000000e+00,7.64637617e+04
4.07286432e+02,1.00000000e-02,7.77552233e+00,1.83248471e+12,4.08383069e-23,2.68308252e-26,1.24051796e-08,1.09435120e-23,1.02044152e-25,9.45331032e-08,5.02661103e-07,7.82163188e-21,3.72600004e-24,4.10160040e-30,1.96085678e-30,3.49882987e-10,1.20286716e+18,3.98880821e+20,8.62728464e+02,3.68344500e+17,1.47684954e+21,1.01853958e+02,1.76008097e+02,3.79516186e+16,7.96681660e+19,2.49412894e+23,3.19491460e+23,9.30540028e+01,2.30584301e+16,1.12415792e+02,4.00202324e+02,2.62933490e-01,1.00000000e+00,7.66494865e+04
4.09028005e+02,1.00000000e-02,7.65630875e+00,1.81130691e+12,4.02121778e-23,2.63661788e-26,1.23801628e-08,1.08334226e-23,1.00588457e-25,9.29304483e-08,4.97711876e-07,7.72431246e-21,3.67963987e-24,4.03871505e-30,1.93265364e-30,3.43395571e-10,1.22159657e+18,4.05091648e+20,8.62728464e+02,3.74079857e+17,1.49984502e+21,1.01853958e+02,1.76008097e+02,3.85425493e+16,8.09086498e+19,2.53296411e+23,3.24466144e+23,9.30540028e+01,1.79769313e+308,1.13008704e+02,3.99769308e+02,2.62119329e-01,1.00000000e+00,7.67912413e+04
4.09547739e+02,1.00000000e-02,7.62120582e+00,1.80503833e+12,4.00278115e-23,2.62294880e-26,1.23727068e-08,1.08008697e-23,1.00159248e-25,9.24574567e-08,4.96244352e-07,7.69556860e-21,3.66594712e-24,4.02019819e-30,1.92433874e-30,3.41482954e-10,1.22722318e+18,4.06957482e+20,8.62728464e+02,3.75802852e+17,1.50675324e+21,1.01853958e+02,1.76008097e+02,3.87200746e+16,8.12813114e+19,2.54463083e+23,3.25960621e+23,9.30540028e+01,6.14891469e+15,1.13181453e+02,3.99641692e+02,2.61877843e-01,1.00000000e+00,7.68333301e+04
4.11809045e+02,1.00000000e-02,7.47094591e+00,1.77803658e+12,3.92386221e-23,2.56450400e-26,1.23403191e-08,1.06608059e-23,9.83190297e-26,9.04273849e-08,4.89909514e-07,7.57207080e-21,3.60711633e-24,3.94093585e-30,1.88869272e-30,3.33284590e-10,1.25190579e+18,4.15142442e+20,8.62728464e+02,3.83361212e+17,1.53705792e+21,1.01853958e+02,1.76008097e+02,3.94988347e+16,8.29160873e+19,2.59580989e+23,3.32516526e+23,9.30540028e+01,1.79769313e+308,1.13920066e+02,3.99094887e+02,2.60834958e-01,1.00000000e+00,7.70153125e+04
4.14070352e+02,1.00000000e-02,7.32461015e+00,1.75147169e+12,3.84700429e-23,2.50769070e-26,1.23080161e-08,1.05232611e-23,9.65222170e-26,8.84418870e-08,4.83655544e-07,7.45107631e-21,3.54947804e-24,3.86374351e-30,1.85389365e-30,3.25283053e-10,1.27691717e+18,4.23436424e+20,8.62728464e+02,3.91020249e+17,1.56776625e+21,1.01853958e+02,1.76008097e+02,4.02879677e+16,8.45726381e+19,2.64767064e+23,3.39159754e+23,9.30540028e+01,1.79769313e+308,1.14673864e+02,3.98561534e+02,2.59804507e-01,1.00000000e+00,7.71954535e+04
4.16331658e+02,1.00000000e-02,7.18207122e+00,1.72533604e+12,3.77214052e-23,2.45245377e-26,1.22757977e-08,1.03881774e-23,9.47675736e-26,8.64999843e-08,4.77481409e-07,7.33252466e-21,3.49300345e-24,3.78855399e-30,1.81991732e-30,3.17473618e-10,1.30225950e+18,4.31840152e+20,8.62728464e+02,3.98780630e+17,1.59888091e+21,1.01853958e+02,1.76008097e+02,4.10875427e+16,8.62511085e+19,2.70021762e+23,3.45890886e+23,9.30540028e+01,1.79769313e+308,1.15427671e+02,3.98041269e+02,2.58786173e-01,1.00000000e+00,7.73737723e+04
4.18592965e+02,1.00000000e-02,7.04320684e+00,1.69962217e+12,3.69920669e-23,2.39874029e-26,1.22436636e-08,1.02554987e-23,9.30539054e-26,8.46007196e-08,4.71386091e-07,7.21635716e-21,3.43766460e-24,3.71530281e-30,1.78674033e-30,3.09851673e-10,1.32793494e+18,4.40354344e+20,8.62728464e+02,4.06643018e+17,1.63040456e+21,1.01853958e+02,1.76008097e+02,4.18976276e+16,8.79516416e+19,2.75345531e+23,3.52710496e+23,9.30540028e+01,1.79769313e+308,1.16181485e+02,3.97533739e+02,2.57779647e-01,1.00000000e+00,7.75502879e+04
4.20854271e+02,1.00000000e-02,6.90789931e+00,1.67432274e+12,3.62814098e-23,2.34649943e-26,1.22116136e-08,1.01251701e-23,9.13800560e-26,8.27431568e-08,4.65368583e-07,7.10251659e-21,3.38343424e-24,3.64392788e-30,1.75434002e-30,3.02412717e-10,1.35394569e+18,4.48979724e+20,8.62728464e+02,4.14608082e+17,1.66233989e+21,1.01853958e+02,1.76008097e+02,4.27182917e+16,8.96743823e+19,2.80738824e+23,3.59619165e+23,9.30540028e+01,1.79769313e+308,1.16935291e+02,3.97038603e+02,2.56784634e-01,1.00000000e+00,7.77250190e+04
4.23115578e+02,1.00000000e-02,6.77603552e+00,1.64943055e+12,3.55888397e-23,2.29568234e-26,1.21796475e-08,9.99713854e-24,8.97449083e-26,8.09263801e-08,4.59427892e-07,6.99094741e-21,3.33028589e-24,3.57436952e-30,1.72269451e-30,2.95152356e-10,1.38029390e+18,4.57717011e+20,8.62728464e+02,4.22676486e+17,1.69468955e+21,1.01853958e+02,1.76008097e+02,4.35496031e+16,9.14194741e+19,2.86202090e+23,3.66617467e+23,9.30540028e+01,1.79769313e+308,1.17689106e+02,3.96555531e+02,2.55800846e-01,1.00000000e+00,7.78979838e+04
4.25376884e+02,1.00000000e-02,6.64750659e+00,1.62493854e+12,3.49137849e-23,2.24624210e-26,1.21477651e-08,9.87135227e-24,8.81473809e-26,7.91494941e-08,4.53563037e-07,6.88159552e-21,3.27819381e-24,3.50657030e-30,1.69178261e-30,2.88066303e-10,1.40698175e+18,4.66566928e+20,8.62728464e+02,4.30848897e+17,1.72745621e+21,1.01853958e+02,1.76008097e+02,4.43916307e+16,9.31870612e+19,2.91735781e+23,3.73705982e+23,9.30540028e+01,1.79769313e+308,1.18442914e+02,3.96084201e+02,2.54828003e-01,1.00000000e+00,7.80692002e+04
4.27638191e+02,1.00000000e-02,6.52220776e+00,1.60083978e+12,3.42556951e-23,2.19813358e-26,1.21159662e-08,9.74776094e-24,8.65864278e-26,7.74116228e-08,4.47773050e-07,6.77440832e-21,3.22713291e-24,3.44047497e-30,1.66158384e-30,2.81150372e-10,1.43401143e+18,4.75530195e+20,8.62728464e+02,4.39125982e+17,1.76064256e+21,1.01853958e+02,1.76008097e+02,4.52444431e+16,9.49772879e+19,2.97340349e+23,3.80885288e+23,9.30540028e+01,1.79769313e+308,1.19196725e+02,3.95624302e+02,2.53865835e-01,1.00000000e+00,7.82386858e+04
4.29899497e+02,1.00000000e-02,6.40003819e+00,1.57712745e+12,3.36140407e-23,2.15131341e-26,1.20842505e-08,9.62631558e-24,8.50610370e-26,7.57119096e-08,4.42056975e-07,6.66933463e-21,3.17707883e-24,3.37603033e-30,1.63207836e-30,2.74400480e-10,1.46138510e+18,4.84607534e+20,8.62728464e+02,4.47508405e+17,1.79425126e+21,1.01853958e+02,1.76008097e+02,4.61081088e+16,9.67902979e+19,3.03016243e+23,3.88155962e+23,9.30540028e+01,1.79769313e+308,1.19950549e+02,3.95175534e+02,2.52914082e-01,1.00000000e+00,7.84064581e+04
4.32160804e+02,1.00000000e-02,6.28090085e+00,1.55379490e+12,3.29883120e-23,2.10573988e-26,1.20526178e-08,9.50696857e-24,8.35702294e-26,7.40495168e-08,4.36413870e-07,6.56632469e-21,3.12800787e-24,3.31318519e-30,1.60324698e-30,2.67812640e-10,1.48910494e+18,4.93799664e+20,8.62728464e+02,4.55996831e+17,1.82828496e+21,1.01853958e+02,1.76008097e+02,4.69826964e+16,9.86262351e+19,3.08763914e+23,3.95518579e+23,9.30540028e+01,1.79769313e+308,1.20704354e+02,3.94737602e+02,2.51972490e-01,1.00000000e+00,7.85725339e+04
4.34422111e+02,1.00000000e-02,6.16470216e+00,1.53083555e+12,3.23780176e-23,2.06137284e-26,1.20210679e-08,9.38967344e-24,8.21130561e-26,7.24236248e-08,4.30842802e-07,6.46532997e-21,3.07989689e-24,3.25189019e-30,1.57507113e-30,2.61382962e-10,1.51717313e+18,5.03107311e+20,8.62728464e+02,4.64591932e+17,1.86274637e+21,1.01853958e+02,1.76008097e+02,4.78682749e+16,1.00485245e+20,3.14583816e+23,4.02973723e+23,9.30540028e+01,1.79769313e+308,1.21458151e+02,3.94310224e+02,2.51040814e-01,1.00000000e+00,7.87369302e+04
4.36683417e+02,1.00000000e-02,6.05135213e+00,1.50824297e+12,3.17826848e-23,2.01817370e-26,1.19896006e-08,9.27438512e-24,8.06886002e-26,7.08334322e-08,4.25342851e-07,6.36630339e-21,3.03272348e-24,3.19209788e-30,1.54753282e-30,2.55107648e-10,1.54559184e+18,5.12531193e+20,8.62728464e+02,4.73294368e+17,1.89763813e+21,1.01853958e+02,1.76008097e+02,4.87649126e+16,1.02367469e+20,3.20476397e+23,4.10521967e+23,9.30540028e+01,1.79769313e+308,1.22211953e+02,3.93893124e+02,2.50118815e-01,1.00000000e+00,7.88996633e+04
4.38944724e+02,1.00000000e-02,5.94076396e+00,1.48601086e+12,3.12018578e-23,1.97610529e-26,1.19582157e-08,9.16105961e-24,7.92959724e-26,6.92781552e-08,4.19913111e-07,6.26919902e-21,2.98646576e-24,3.13376244e-30,1.52061466e-30,2.48982993e-10,1.57436325e+18,5.22072034e+20,8.62728464e+02,4.82104810e+17,1.93296294e+21,1.01853958e+02,1.76008097e+02,4.96726784e+16,1.04273054e+20,3.26442111e+23,4.18163892e+23,9.30540028e+01,1.79769313e+308,1.22976889e+02,3.93486035e+02,2.49206263e-01,1.00000000e+00,7.90607496e+04
4.39619685e+02,1.00000000e-02,5.90827814e+00,1.47944389e+12,3.10312370e-23,1.96376241e-26,1.19488638e-08,9.12760808e-24,7.88863380e-26,6.88205836e-08,4.18305899e-07,6.24058100e-21,2.97283296e-24,3.11662612e-30,1.51269773e-30,2.47183545e-10,1.58301966e+18,5.24942573e+20,8.62728464e+02,4.84755595e+17,1.94359106e+21,1.01853958e+02,1.76008097e+02,4.99457965e+16,1.04846385e+20,3.28237006e+23,4.20463106e+23,9.30540028e+01,4.61168602e+16,1.23203205e+02,3.93366427e+02,2.48935679e-01,1.00000000e+00,7.91085143e+04
4.41206030e+02,1.00000000e-02,5.83285410e+00,1.46413302e+12,3.06350977e-23,1.93513186e-26,1.19269130e-08,9.04965423e-24,7.79343131e-26,6.77570272e-08,4.14552684e-07,6.17397226e-21,2.94110248e-24,3.07683982e-30,1.49429978e-30,2.43005379e-10,1.60348953e+18,5.31730551e+20,8.62728464e+02,4.91023920e+17,1.96872344e+21,1.01853958e+02,1.76008097e+02,5.05916404e+16,1.06202143e+20,3.32481405e+23,4.25900072e+23,9.30540028e+01,1.53722867e+16,1.23724055e+02,3.93088698e+02,2.48302934e-01,1.00000000e+00,7.92202050e+04
4.43467337e+02,1.00000000e-02,5.72754190e+00,1.44260335e+12,3.00819808e-23,1.89521895e-26,1.18956922e-08,8.94012722e-24,7.66027883e-26,6.62692983e-08,4.09260686e-07,6.08057960e-21,2.89661290e-24,3.02128746e-30,1.46857186e-30,2.37171277e-10,1.63297286e+18,5.41507471e+20,8.62728464e+02,5.00052367e+17,2.00492232e+21,1.01853958e+02,1.76008097e+02,5.15218680e+16,1.08154879e+20,3.38594734e+23,4.33731088e+23,9.30540028e+01,1.79769313e+308,1.24473378e+02,3.92700860e+02,2.47408612e-01,1.00000000e+00,7.93780453e+04
4.45728643e+02,1.00000000e-02,5.62474972e+00,1.42141590e+12,2.95420996e-23,1.85633343e-26,1.18645531e-08,8.83243815e-24,7.53005917e-26,6.48142351e-08,4.04036244e-07,5.98897879e-21,2.85297692e-24,2.96706442e-30,1.44341509e-30,2.31477240e-10,1.66281540e+18,5.51403509e+20,8.62728464e+02,5.09190814e+17,2.04156223e+21,1.01853958e+02,1.76008097e+02,5.24634290e+16,1.10131408e+20,3.44782546e+23,4.41657515e+23,9.30540028e+01,1.79769313e+308,1.25227185e+02,3.92322277e+02,2.46523086e-01,1.00000000e+00,7.95342859e+04
4.47989950e+02,1.00000000e-02,5.52440257e+00,1.40056480e+12,2.90150601e-23,1.81844331e-26,1.18334955e-08,8.72654739e-24,7.40269403e-26,6.33911206e-08,3.98878494e-07,5.89912857e-21,2.81017486e-24,2.91413114e-30,1.41881415e-30,2.25919907e-10,1.69301936e+18,5.61419392e+20,8.62728464e+02,5.18439931e+17,2.07864587e+21,1.01853958e+02,1.76008097e+02,5.34163928e+16,1.12131872e+20,3.51045295e+23,4.49679934e+23,9.30540028e+01,1.79769313e+308,1.25981066e+02,3.91952713e+02,2.45646153e-01,1.00000000e+00,7.96889423e+04
4.50251256e+02,1.00000000e-02,5.42642836e+00,1.38004429e+12,2.85004836e-23,1.78151789e-26,1.18025192e-08,8.62241679e-24,7.27810791e-26,6.19992531e-08,3.93786586e-07,5.81098907e-21,2.76818774e-24,2.86244959e-30,1.39475425e-30,2.20495994e-10,1.72358683e+18,5.71555823e+20,8.62728464e+02,5.27800367e+17,2.11617583e+21,1.01853958e+02,1.76008097e+02,5.43808262e+16,1.14156414e+20,3.57383420e+23,4.57798908e+23,9.30540028e+01,1.79769313e+308,1.26735552e+02,3.91591935e+02,2.44777615e-01,1.00000000e+00,7.98420295e+04
4.52512563e+02,1.00000000e-02,5.33075812e+00,1.35984872e+12,2.79980080e-23,1.74552775e-26,1.17716240e-08,8.52001003e-24,7.15622837e-26,6.06379466e-08,3.88759679e-07,5.72452201e-21,2.72699733e-24,2.81198339e-30,1.37122118e-30,2.15202300e-10,1.75451976e+18,5.81813442e+20,8.62728464e+02,5.37272714e+17,2.15415450e+21,1.01853958e+02,1.76008097e+02,5.53567900e+16,1.16205161e+20,3.63797322e+23,4.66014950e+23,9.30540028e+01,1.79769313e+308,1.27489930e+02,3.91239721e+02,2.43917279e-01,1.00000000e+00,7.99935624e+04
4.54773869e+02,1.00000000e-02,5.23732358e+00,1.33997256e+12,2.75072745e-23,1.71044398e-26,1.17408097e-08,8.41928906e-24,7.03698295e-26,5.93065300e-08,3.83796944e-07,5.63968835e-21,2.68658502e-24,2.76269652e-30,1.34820077e-30,2.10035697e-10,1.78582063e+18,5.92193070e+20,8.62728464e+02,5.46857730e+17,2.19258490e+21,1.01853958e+02,1.76008097e+02,5.63443624e+16,1.18278276e+20,3.70287514e+23,4.74328718e+23,9.30540028e+01,1.79769313e+308,1.28243716e+02,3.90895853e+02,2.43064959e-01,1.00000000e+00,8.01435557e+04
4.57035176e+02,1.00000000e-02,5.14605988e+00,1.32041036e+12,2.70279428e-23,1.67623903e-26,1.17100760e-08,8.32021845e-24,6.92030278e-26,5.80043472e-08,3.78897560e-07,5.55645116e-21,2.64693322e-24,2.71455478e-30,1.32567953e-30,2.04993135e-10,1.81749157e+18,6.02695421e+20,8.62728464e+02,5.56556074e+17,2.23146967e+21,1.01853958e+02,1.76008097e+02,5.73436113e+16,1.20375903e+20,3.76854442e+23,4.82740783e+23,9.30540028e+01,1.79769313e+308,1.28996905e+02,3.90560120e+02,2.42220476e-01,1.00000000e+00,8.02920239e+04
4.59296482e+02,1.00000000e-02,5.05690345e+00,1.30115677e+12,2.65596787e-23,1.64288605e-26,1.16794228e-08,8.22276206e-24,6.80611977e-26,5.67307561e-08,3.74060720e-07,5.47477341e-21,2.60802429e-24,2.66752462e-30,1.30364413e-30,2.00071635e-10,1.84953511e+18,6.13321325e+20,8.62728464e+02,5.66368512e+17,2.27081191e+21,1.01853958e+02,1.76008097e+02,5.83546157e+16,1.22498207e+20,3.83498626e+23,4.91251811e+23,9.30540028e+01,1.79769313e+308,1.29751272e+02,3.90232315e+02,2.41383652e-01,1.00000000e+00,8.04389813e+04
4.61557789e+02,1.00000000e-02,4.96979635e+00,1.28220655e+12,2.61021781e-23,1.61036024e-26,1.16488498e-08,8.12689032e-24,6.69437258e-26,5.54851290e-08,3.69285625e-07,5.39462280e-21,2.56984285e-24,2.62157548e-30,1.28208255e-30,1.95268291e-10,1.88195246e+18,6.24071191e+20,8.62728464e+02,5.76295422e+17,2.31061310e+21,1.01853958e+02,1.76008097e+02,5.93774144e+16,1.24645269e+20,3.90220321e+23,4.99862128e+23,9.30540028e+01,1.79769313e+308,1.30505725e+02,3.89912240e+02,2.40554319e-01,1.00000000e+00,8.05844421e+04
4.63819095e+02,1.00000000e-02,4.88467755e+00,1.26355455e+12,2.56551203e-23,1.57863604e-26,1.16183569e-08,8.03256613e-24,6.58499489e-26,5.42668520e-08,3.64571487e-07,5.31596235e-21,2.53237128e-24,2.57667518e-30,1.26098181e-30,1.90580266e-10,1.91474675e+18,6.34946052e+20,8.62728464e+02,5.86337758e+17,2.35087709e+21,1.01853958e+02,1.76008097e+02,6.04121059e+16,1.26817297e+20,3.97020173e+23,5.08572563e+23,9.30540028e+01,1.79769313e+308,1.31258185e+02,3.89599700e+02,2.39732310e-01,1.00000000e+00,8.07284203e+04
4.66080402e+02,1.00000000e-02,4.80149061e+00,1.24519572e+12,2.52182090e-23,1.54768959e-26,1.15879438e-08,7.93975738e-24,6.47792572e-26,5.30753244e-08,3.59917527e-07,5.23875874e-21,2.49559371e-24,2.53279393e-30,1.24032998e-30,1.86004792e-10,1.94792019e+18,6.45946641e+20,8.62728464e+02,5.96496196e+17,2.39160659e+21,1.01853958e+02,1.76008097e+02,6.14587597e+16,1.29014436e+20,4.03898640e+23,5.17383701e+23,9.30540028e+01,1.79769313e+308,1.32012654e+02,3.89294507e+02,2.38917465e-01,1.00000000e+00,8.08709296e+04
4.68341709e+02,1.00000000e-02,4.72018359e+00,1.22712508e+12,2.47911713e-23,1.51749873e-26,1.15576103e-08,7.84843714e-24,6.37310948e-26,5.19099590e-08,3.55322977e-07,5.16298240e-21,2.45949604e-24,2.48990435e-30,1.22011617e-30,1.81539167e-10,1.98147388e+18,6.57073325e+20,8.62728464e+02,6.06771077e+17,2.43280295e+21,1.01853958e+02,1.76008097e+02,6.25174110e+16,1.31236760e+20,4.10855953e+23,5.26295838e+23,9.30540028e+01,1.79769313e+308,1.32767175e+02,3.88996477e+02,2.38109628e-01,1.00000000e+00,8.10119836e+04
4.70603015e+02,1.00000000e-02,4.64070114e+00,1.20933776e+12,2.43737165e-23,1.48804036e-26,1.15273561e-08,7.75857050e-24,6.27048519e-26,5.07701814e-08,3.50787080e-07,5.08859881e-21,2.42406184e-24,2.44797723e-30,1.20032845e-30,1.77180752e-10,2.01541108e+18,6.68327185e+20,8.62728464e+02,6.17163398e+17,2.47447018e+21,1.01853958e+02,1.76008097e+02,6.35881624e+16,1.33484486e+20,4.17892786e+23,5.35309839e+23,9.30540028e+01,1.79769313e+308,1.33521453e+02,3.88705432e+02,2.37308648e-01,1.00000000e+00,8.11515959e+04
4.72499352e+02,1.00000000e-02,4.57541611e+00,1.19463620e+12,2.40308290e-23,1.46388546e-26,1.15020460e-08,7.68430661e-24,6.18607310e-26,4.98336771e-08,3.47027936e-07,5.02727149e-21,2.39484727e-24,2.41353928e-30,1.18405489e-30,1.73606548e-10,2.04416828e+18,6.77863314e+20,8.62728464e+02,6.25969489e+17,2.50977754e+21,1.01853958e+02,1.76008097e+02,6.44954798e+16,1.35389129e+20,4.23855553e+23,5.42947990e+23,9.30540028e+01,2.88230376e+15,1.34165922e+02,3.88466618e+02,2.36642122e-01,1.00000000e+00,8.12675734e+04
4.72864322e+02,1.00000000e-02,4.56299245e+00,1.19182898e+12,2.39655779e-23,1.45929309e-26,1.14971812e-08,7.67012796e-24,6.16999742e-26,4.96554295e-08,3.46309086e-07,5.01557732e-21,2.38927651e-24,2.40698577e-30,1.18095597e-30,1.72926975e-10,2.04973394e+18,6.79708933e+20,8.62728464e+02,6.27673816e+17,2.51661091e+21,1.01853958e+02,1.76008097e+02,6.46710817e+16,1.35757753e+20,4.25009585e+23,5.44426275e+23,9.30540028e+01,3.84307168e+15,1.34287791e+02,3.88421198e+02,2.36514377e-01,1.00000000e+00,8.12897798e+04
4.75125628e+02,1.00000000e-02,4.48701055e+00,1.17459404e+12,2.35665086e-23,1.43123693e-26,1.14670853e-08,7.58308434e-24,6.07159520e-26,4.85651541e-08,3.41888256e-07,4.94389042e-21,2.35512693e-24,2.36690520e-30,1.16198875e-30,1.68775323e-10,2.08444361e+18,6.91218951e+20,8.62728464e+02,6.38302685e+17,2.55922656e+21,1.01853958e+02,1.76008097e+02,6.57662054e+16,1.38056641e+20,4.32206590e+23,5.53645451e+23,9.30540028e+01,1.79769313e+308,1.35028489e+02,3.88143607e+02,2.35726672e-01,1.00000000e+00,8.14265485e+04
4.77386935e+02,1.00000000e-02,4.41270555e+00,1.15762832e+12,2.31762467e-23,1.40385114e-26,1.14370682e-08,7.49740753e-24,5.97522305e-26,4.74988177e-08,3.37523860e-07,4.87350635e-21,2.32159799e-24,2.32770920e-30,1.14341595e-30,1.64723345e-10,2.11954330e+18,7.02858301e+20,8.62728464e+02,6.49050985e+17,2.60232106e+21,1.01853958e+02,1.76008097e+02,6.68736343e+16,1.40381359e+20,4.39484462e+23,5.62968218e+23,9.30540028e+01,1.79769313e+308,1.35779960e+02,3.87872494e+02,2.34945395e-01,1.00000000e+00,8.15619151e+04
4.79648241e+02,1.00000000e-02,4.34003039e+00,1.14092730e+12,2.27945449e-23,1.37711607e-26,1.14071296e-08,7.41306819e-24,5.88082871e-26,4.64558947e-08,3.33215179e-07,4.80439549e-21,2.28867557e-24,2.28937294e-30,1.12522735e-30,1.60768647e-10,2.15503571e+18,7.14627882e+20,8.62728464e+02,6.59919545e+17,2.64589773e+21,1.01853958e+02,1.76008097e+02,6.79934541e+16,1.42732089e+20,4.46843766e+23,5.72395295e+23,9.30540028e+01,1.79769313e+308,1.36535320e+02,3.87607700e+02,2.34170410e-01,1.00000000e+00,8.16958923e+04
4.81909548e+02,1.00000000e-02,4.26894584e+00,1.12448652e+12,2.24211973e-23,1.35101474e-26,1.13772694e-08,7.33004849e-24,5.78836998e-26,4.54358709e-08,3.28961500e-07,4.73653593e-21,2.25634923e-24,2.25187572e-30,1.10741466e-30,1.56908894e-10,2.19092039e+18,7.26527542e+20,8.62728464e+02,6.70908227e+17,2.68995602e+21,1.01853958e+02,1.76008097e+02,6.91256503e+16,1.45108799e+20,4.54284406e+23,5.81926563e+23,9.30540028e+01,1.79769313e+308,1.37290897e+02,3.87349070e+02,2.33401587e-01,1.00000000e+00,8.18284930e+04
4.84170854e+02,1.00000000e-02,4.19940352e+00,1.10830162e+12,2.20559497e-23,1.32552742e-26,1.13474874e-08,7.24831312e-24,5.69779175e-26,4.44382436e-08,3.24762122e-07,4.66989472e-21,2.22460328e-24,2.21519204e-30,1.08996713e-30,1.53141806e-10,2.22720213e+18,7.38558873e+20,8.62728464e+02,6.82018499e+17,2.73450182e+21,1.01853958e+02,1.76008097e+02,7.02703744e+16,1.47511808e+20,4.61807378e+23,5.91563295e+23,9.30540028e+01,1.79769313e+308,1.38042963e+02,3.87096453e+02,2.32638797e-01,1.00000000e+00,8.19597299e+04
4.86432161e+02,1.00000000e-02,4.13136348e+00,1.09236831e+12,2.16985924e-23,1.30063723e-26,1.13177833e-08,7.16783947e-24,5.60904981e-26,4.34625211e-08,3.20616351e-07,4.60444742e-21,2.19342607e-24,2.17930081e-30,1.07287612e-30,1.49465159e-10,2.26388226e+18,7.50722309e+20,8.62728464e+02,6.93250763e+17,2.77953674e+21,1.01853958e+02,1.76008097e+02,7.14276677e+16,1.49941201e+20,4.69412952e+23,6.01305838e+23,9.30540028e+01,1.79769313e+308,1.38796734e+02,3.86849700e+02,2.31881918e-01,1.00000000e+00,8.20896154e+04
4.88693467e+02,1.00000000e-02,4.06478538e+00,1.07668238e+12,2.13489134e-23,1.27632730e-26,1.12881570e-08,7.08860254e-24,5.52209897e-26,4.25082223e-08,3.16523503e-07,4.54016827e-21,2.16280534e-24,2.14418075e-30,1.05613278e-30,1.45876782e-10,2.30096293e+18,7.63018571e+20,8.62728464e+02,7.04605685e+17,2.82506344e+21,1.01853958e+02,1.76008097e+02,7.25975987e+16,1.52397125e+20,4.77101581e+23,6.11154772e+23,9.30540028e+01,1.79769313e+308,1.39550520e+02,3.86608669e+02,2.31130827e-01,1.00000000e+00,8.22181619e+04
4.90954774e+02,1.00000000e-02,3.99963017e+00,1.06123968e+12,2.10067076e-23,1.25258135e-26,1.12586082e-08,7.01057797e-24,5.43689533e-26,4.15748768e-08,3.12482903e-07,4.47703221e-21,2.13272914e-24,2.10981128e-30,1.03972853e-30,1.42374554e-10,2.33844633e+18,7.75448378e+20,8.62728464e+02,7.16083928e+17,2.87108459e+21,1.01853958e+02,1.76008097e+02,7.37802359e+16,1.54879721e+20,4.84873712e+23,6.21110671e+23,9.30540028e+01,1.79769313e+308,1.40304297e+02,3.86373221e+02,2.30385409e-01,1.00000000e+00,8.23453817e+04
4.93216080e+02,1.00000000e-02,3.93586003e+00,1.04603617e+12,2.06717765e-23,1.22938361e-26,1.12291368e-08,6.93374190e-24,5.35339621e-26,4.06620247e-08,3.08493883e-07,4.41501474e-21,2.10318580e-24,2.07617243e-30,1.02365503e-30,1.38956409e-10,2.37633463e+18,7.88012455e+20,8.62728464e+02,7.27686163e+17,2.91760288e+21,1.01853958e+02,1.76008097e+02,7.49756483e+16,1.57389134e+20,4.92729800e+23,6.31174117e+23,9.30540028e+01,1.79769313e+308,1.41058087e+02,3.86143220e+02,2.29645549e-01,1.00000000e+00,8.24712869e+04
4.95477387e+02,1.00000000e-02,3.87343838e+00,1.03106784e+12,2.03439279e-23,1.20671883e-26,1.11997426e-08,6.85807117e-24,5.27156021e-26,3.97692159e-08,3.04555785e-07,4.35409204e-21,2.07416398e-24,2.04324491e-30,1.00790418e-30,1.35620327e-10,2.41462999e+18,8.00711518e+20,8.62728464e+02,7.39413048e+17,2.96462095e+21,1.01853958e+02,1.76008097e+02,7.61839039e+16,1.59925509e+20,5.00670292e+23,6.41345681e+23,9.30540028e+01,1.79769313e+308,1.41811871e+02,3.85918534e+02,2.28911136e-01,1.00000000e+00,8.25958895e+04
4.97738693e+02,1.00000000e-02,3.81232973e+00,1.01633078e+12,2.00229753e-23,1.18457227e-26,1.11704252e-08,6.78354301e-24,5.19134702e-26,3.88960103e-08,3.00667960e-07,4.29424080e-21,2.04565257e-24,2.01101000e-30,9.92468111e-31,1.32364337e-10,2.45333461e+18,8.13546295e+20,8.62728464e+02,7.51265259e+17,3.01214149e+21,1.01853958e+02,1.76008097e+02,7.74050720e+16,1.62488989e+20,5.08695644e+23,6.51625949e+23,9.30540028e+01,1.79769313e+308,1.42565662e+02,3.85699034e+02,2.28182062e-01,1.00000000e+00,8.27192015e+04
5.00000000e+02,1.00000000e-02,3.75249978e+00,1.00182115e+12,1.97087387e-23,1.16292966e-26,1.11411847e-08,6.71013537e-24,5.11271758e-26,3.80419776e-08,2.96829764e-07,4.23543837e-21,2.01764079e-24,1.97944960e-30,9.77339192e-31,1.29186519e-10,2.49245064e+18,8.26517498e+20,8.62728464e+02,7.63243451e+17,3.06016715e+21,1.01853958e+02,1.76008097e+02,7.86392205e+16,1.65079717e+20,5.16806300e+23,6.62015490e+23,9.30540028e+01,1.84467441e+17,1.43302721e+02,3.85484595e+02,2.27458224e-01,1.00000000e+00,8.28412347e+04
5.07838128e+02,1.00000000e-02,3.55465021e+00,9.53235590e+11,1.86696006e-23,1.09165135e-26,1.10404223e-08,6.46423629e-24,4.85203477e-26,3.52242813e-08,2.83901124e-07,4.03953684e-21,1.92431895e-24,1.87508364e-30,9.27198792e-31,1.18750566e-10,2.63117886e+18,8.72520936e+20,8.62728464e+02,8.05725097e+17,3.23049411e+21,1.01853958e+02,1.76008097e+02,8.30162295e+16,1.74267950e+20,5.45571410e+23,6.98862851e+23,9.30540028e+01,8.68082074e+16,1.45324987e+02,3.84778787e+02,2.24988361e-01,1.00000000e+00,8.32544907e+04
5.45819931e+02,1.00000000e-02,2.76953134e+00,7.51254639e+11,1.45460287e-23,8.13904526e-27,1.05649095e-08,5.43317146e-24,3.80729511e-26,2.42600535e-08,2.28795879e-07,3.23834799e-21,1.54265566e-24,1.46093219e-30,7.26536175e-31,7.89532362e-11,3.37707696e+18,1.11986699e+21,8.62728464e+02,1.03413557e+18,4.14628872e+21,1.01853958e+02,1.76008097e+02,1.06550034e+17,2.23670191e+20,7.00232381e+23,8.96979551e+23,9.30540028e+01,3.68934881e+17,1.55042873e+02,3.82056769e+02,2.13775004e-01,1.00000000e+00,8.50563955e+04
5.86642438e+02,1.00000000e-02,2.16351804e+00,5.84514711e+11,1.13631484e-23,6.06425973e-27,1.00766430e-08,4.56252096e-24,2.98957713e-26,1.62490850e-08,1.81434527e-07,2.59086721e-21,1.23421448e-24,1.14125921e-30,5.69831860e-31,5.09150616e-11,4.32301478e+18,1.43354789e+21,8.62728464e+02,1.32380263e+18,5.30768699e+21,1.01853958e+02,1.76008097e+02,1.36395284e+17,2.86321441e+20,8.96371321e+23,1.14822845e+24,9.30540028e+01,1.79769313e+308,1.68421517e+02,3.80092162e+02,2.02846739e-01,1.00000000e+00,8.66633337e+04
6.30518108e+02,1.00000000e-02,1.69417546e+00,4.48786544e+11,8.89808486e-24,4.51324388e-27,9.57698957e-09,3.82773767e-24,2.34957939e-26,1.05620375e-08,1.41402827e-07,2.06926923e-21,9.85740233e-25,8.93680252e-31,4.47430139e-31,3.17740901e-11,5.52063271e+18,1.83068802e+21,8.62728464e+02,1.69053970e+18,6.77809165e+21,1.01853958e+02,1.76008097e+02,1.74181284e+17,3.65641940e+20,1.14469579e+24,1.46632567e+24,9.30540028e+01,1.79769313e+308,1.82802633e+02,3.78709691e+02,1.92087311e-01,1.00000000e+00,8.80697726e+04
6.77675290e+02,1.00000000e-02,1.32957662e+00,3.39915971e+11,6.98315246e-24,3.35355183e-27,9.06755617e-09,3.20800941e-24,1.84854900e-26,6.64774685e-09,1.08168104e-07,1.65030341e-21,7.86156987e-25,7.01353780e-31,3.51769055e-31,1.91418869e-11,7.03451035e+18,2.33270252e+21,8.62728464e+02,2.15412248e+18,8.63679191e+21,1.01853958e+02,1.76008097e+02,2.21945583e+17,4.65908919e+20,1.45859630e+24,1.86842409e+24,9.30540028e+01,1.79769313e+308,1.98263055e+02,3.77763990e+02,1.81415360e-01,1.00000000e+00,8.92756104e+04
7.28359412e+02,1.00000000e-02,1.04554339e+00,2.53929443e+11,5.49136379e-24,2.48667773e-27,8.55019551e-09,2.68563184e-24,1.45606614e-26,4.04168764e-09,8.11031514e-08,1.31463238e-21,6.26252981e-25,5.51525800e-31,2.76936590e-31,1.11028816e-11,8.94551157e+18,2.96640653e+21,8.62728464e+02,2.73931328e+18,1.09830703e+22,1.01853958e+02,1.76008097e+02,2.82239514e+17,5.92478142e+20,1.85483984e+24,2.37600181e+24,9.30540028e+01,7.37869763e+17,2.14875483e+02,3.77136975e+02,1.70780548e-01,1.00000000e+00,9.02865838e+04
7.82834259e+02,1.00000000e-02,8.23698736e-01,1.87116575e+11,4.32619962e-24,1.83917645e-27,8.02700620e-09,2.24560408e-24,1.14833945e-26,2.36748792e-09,5.95144942e-08,1.04629847e-21,4.98426441e-25,4.34502394e-31,2.18327653e-31,6.18293806e-12,1.13547831e+19,3.76534113e+21,8.62728464e+02,3.47708544e+18,1.39411123e+22,1.01853958e+02,1.76008097e+02,3.58254353e+17,7.52048749e+20,2.35439906e+24,3.01592423e+24,9.30540028e+01,7.37869763e+17,2.32726331e+02,3.76735261e+02,1.60159651e-01,1.00000000e+00,9.11140404e+04
8.41383343e+02,1.00000000e-02,6.50018940e-01,1.36089336e+11,3.41400511e-24,1.35614962e-27,7.50032695e-09,1.87523518e-24,9.06804780e-27,1.33241859e-09,4.26731510e-08,8.32212165e-22,3.96441894e-25,3.42886025e-31,1.72362795e-31,3.29563508e-12,1.43886892e+19,4.77140978e+21,8.62728464e+02,4.40613451e+18,1.76660646e+22,1.01853958e+02,1.76008097e+02,4.53977014e+17,9.52990083e+20,2.98347542e+24,3.82175476e+24,9.30540028e+01,3.68934881e+17,2.51911786e+02,3.76487330e+02,1.49552544e-01,1.00000000e+00,9.17741264e+04
9.04311381e+02,1.00000000e-02,5.13753486e-01,9.78194002e+10,2.69831680e-24,9.96457138e-28,6.97272346e-09,1.56377327e-24,7.16988360e-27,7.18326971e-10,2.98456979e-08,6.61683671e-22,3.15207034e-25,2.71005781e-31,1.36261027e-31,1.67589261e-12,1.82050745e+19,6.03695511e+21,8.62728464e+02,5.57479601e+18,2.23517249e+22,1.01853958e+02,1.76008097e+02,5.74387651e+17,1.20575650e+21,3.77479780e+24,4.83541825e+24,9.30540028e+01,7.37869763e+17,2.72531686e+02,3.76340391e+02,1.38978147e-01,1.00000000e+00,9.22865291e+04
9.71945880e+02,1.00000000e-02,4.06630715e-01,6.96563597e+10,2.13569060e-24,7.29217449e-28,6.44696737e-09,1.30210918e-24,5.67614787e-27,3.69773556e-10,2.03233701e-08,5.26025459e-22,2.50583371e-25,2.14498349e-31,1.07862418e-31,8.10191495e-13,2.30010182e+19,7.62733018e+21,8.62728464e+02,7.04341993e+18,2.82400619e+22,1.01853958e+02,1.76008097e+02,7.25704297e+17,1.52340091e+21,4.76923030e+24,6.10926053e+24,9.30540028e+01,7.37869763e+17,2.94693364e+02,3.76257040e+02,1.28470481e-01,1.00000000e+00,9.26729661e+04
1.04463884e+03,1.00000000e-02,3.22264634e-01,4.93299190e+10,1.69258623e-24,5.31222104e-28,5.92600604e-09,1.08252469e-24,4.49902311e-27,1.81125954e-10,1.34470834e-08,4.18209564e-22,1.99222985e-25,1.69995107e-31,8.54888662e-32,3.70954447e-13,2.90224849e+19,9.62409895e+21,8.62728464e+02,8.88732607e+18,3.56330647e+22,1.01853958e+02,1.76008097e+02,9.15687377e+17,1.92221404e+21,6.01777335e+24,7.70861186e+24,9.30540028e+01,7.37869763e+17,3.18512142e+02,3.76211944e+02,1.18074989e-01,1.00000000e+00,9.29556380e+04
1.12276859e+03,1.00000000e-02,2.55709603e-01,3.49390941e+10,1.34302839e-24,3.85017336e-28,5.41292297e-09,8.98479281e-25,3.57009180e-27,8.41092057e-11,8.62671276e-09,3.32574898e-22,1.58429098e-25,1.34887222e-31,6.78354752e-32,1.60206155e-13,3.65763364e+19,1.21290194e+22,8.62728464e+02,1.12004823e+19,4.49074905e+22,1.01853958e+02,1.76008097e+02,1.15401868e+18,2.42251990e+21,7.58405435e+24,9.71497726e+24,9.30540028e+01,1.79769313e+308,3.44111982e+02,3.76188756e+02,1.07845220e-01,1.00000000e+00,9.31558393e+04
1.20674176e+03,1.00000000e-02,2.03124461e-01,2.49309302e+10,1.06684268e-24,2.77474880e-28,4.91088820e-09,7.44429956e-25,2.83600897e-27,3.68799015e-11,5.35357585e-09,2.64579420e-22,1.26038012e-25,1.07148476e-31,5.38862421e-32,6.49777486e-14,4.60452692e+19,1.52689967e+22,8.62728464e+02,1.41000787e+19,5.65332040e+22,1.01853958e+02,1.76008097e+02,1.45277263e+18,3.04966522e+21,9.54742487e+24,1.22300041e+25,9.30540028e+01,1.79769313e+308,3.71626177e+02,3.76177469e+02,9.78399160e-02,1.00000000e+00,9.32928714e+04
1.29699538e+03,1.00000000e-02,1.61517886e-01,1.80709442e+10,8.48318184e-25,1.98723264e-28,4.42309931e-09,6.15678666e-25,2.25513205e-27,1.52039621e-11,3.20586895e-09,2.10591751e-22,1.00319842e-25,8.52009416e-32,4.28488102e-32,2.46341998e-14,5.79064073e+19,1.92022494e+22,8.62728464e+02,1.77322213e+19,7.10960060e+22,1.01853958e+02,1.76008097e+02,1.82700298e+18,3.83525082e+21,1.20068160e+25,1.53804204e+25,9.30540028e+01,1.79769313e+308,4.01197859e+02,3.76172289e+02,8.81204557e-02,1.00000000e+00,9.33833347e+04
1.39399917e+03,1.00000000e-02,1.28554671e-01,1.34071870e+10,6.75190023e-25,1.41346345e-28,3.95271335e-09,5.08243649e-25,1.79490635e-27,5.86599632e-12,1.84753099e-09,1.67717498e-22,7.98957831e-26,6.78127934e-32,3.41041308e-32,8.68577093e-15,7.27544196e+19,2.41259746e+22,8.62728464e+02,2.22790107e+19,8.93260158e+22,1.01853958e+02,1.76008097e+02,2.29547208e+18,4.81866275e+21,1.50855314e+25,1.93241752e+25,9.30540028e+01,1.47573953e+18,4.32980955e+02,3.76170058e+02,7.87485904e-02,1.00000000e+00,9.34408073e+04
1.49825799e+03,1.00000000e-02,1.02407670e-01,1.02300952e+10,5.37861726e-25,9.97805016e-29,3.50277142e-09,4.18750597e-25,1.42984004e-27,2.10762062e-12,1.02173015e-09,1.33655529e-22,6.36696428e-26,5.40202089e-32,2.71676435e-32,2.83281746e-15,9.13302730e+19,3.02858831e+22,8.62728464e+02,2.79673473e+19,1.12132973e+23,1.01853958e+02,1.76008097e+02,2.88155816e+18,6.04897663e+21,1.89372097e+25,2.42580753e+25,9.30540028e+01,1.47573953e+18,4.67140872e+02,3.76169159e+02,6.97843805e-02,1.00000000e+00,9.34758613e+04
1.61031445e+03,1.00000000e-02,8.16442586e-02,8.03037938e+09,4.28808914e-25,6.98602313e-29,3.07611785e-09,3.44340664e-25,1.13993741e-27,7.01447712e-13,5.40555574e-10,1.06579968e-22,5.07716254e-26,4.30674763e-32,2.16593418e-32,8.49643910e-16,1.14556990e+20,3.79880568e+22,8.62728464e+02,3.50798811e+19,1.40650142e+23,1.01853958e+02,1.76008097e+02,3.61438346e+18,7.58732597e+21,2.37532383e+25,3.04272832e+25,9.30540028e+01,1.47573953e+18,5.03855380e+02,3.76168823e+02,6.12842694e-02,1.00000000e+00,9.34963329e+04
1.73075174e+03,1.00000000e-02,6.51389706e-02,6.45745250e+09,3.42120459e-25,4.84749703e-29,2.67531708e-09,2.82592694e-25,9.09486762e-28,2.15012329e-13,2.72687412e-10,8.50440581e-23,4.05125386e-26,3.43609106e-32,1.72806683e-32,2.32884802e-16,1.43584100e+20,4.76136896e+22,8.62728464e+02,4.39686237e+19,1.76288886e+23,1.01853958e+02,1.76008097e+02,4.53021678e+18,9.50984638e+21,2.97719708e+25,3.81371237e+25,9.30540028e+01,1.79769313e+308,5.43315592e+02,3.76168707e+02,5.32992588e-02,1.00000000e+00,9.35077470e+04
1.86019667e+03,1.00000000e-02,5.20060549e-02,5.28078110e+09,2.73144252e-25,3.33095255e-29,2.30257156e-09,2.31457351e-25,7.26121747e-28,6.03286888e-14,1.30696439e-10,6.79024064e-23,3.23467497e-26,2.74332767e-32,1.37966474e-32,5.79436346e-17,1.79842914e+20,5.96374159e+22,8.62728464e+02,5.50718736e+19,2.20806531e+23,1.01853958e+02,1.76008097e+02,5.67421732e+18,1.19113362e+22,3.72901873e+25,4.77677644e+25,9.30540028e+01,1.47573953e+18,5.85726849e+02,3.76168670e+02,4.58731963e-02,1.00000000e+00,9.35138035e+04
1.99932294e+03,1.00000000e-02,4.15472560e-02,4.35610622e+09,2.18212940e-25,2.26475488e-29,1.95964525e-09,1.89201322e-25,5.80093356e-28,1.53923259e-14,5.92889866e-11,5.42485041e-23,2.58424241e-26,2.19162436e-32,1.10220405e-32,1.29923103e-17,2.25115240e+20,7.46500980e+22,8.62728464e+02,6.89352598e+19,2.76390734e+23,1.01853958e+02,1.76008097e+02,7.10260283e+18,1.49098079e+22,4.66773433e+25,5.97924682e+25,9.30540028e+01,1.79769313e+308,6.31309838e+02,3.76168659e+02,3.90412139e-02,1.00000000e+00,9.35168512e+04
2.14885463e+03,1.00000000e-02,3.32112822e-02,3.59775046e+09,1.74431051e-25,1.52226680e-29,1.64779710e-09,1.54360022e-25,4.63704374e-28,3.54582170e-15,2.53518259e-11,4.33648449e-23,2.06577625e-26,1.75190042e-32,8.81059626e-33,2.60497451e-18,2.81618771e+20,9.33871420e+22,8.62728464e+02,8.62378894e+19,3.45764325e+23,1.01853958e+02,1.76008097e+02,8.88534371e+18,1.86521436e+22,5.83932748e+25,7.48002731e+25,9.30540028e+01,2.95147905e+18,6.80301856e+02,3.76168657e+02,3.28283899e-02,1.00000000e+00,9.35183003e+04
2.30956996e+03,1.00000000e-02,2.65622503e-02,2.95737466e+09,1.39509255e-25,1.01057014e-29,1.36772945e-09,1.25697404e-25,3.70868898e-28,7.31886435e-16,1.01730026e-11,3.46832694e-23,1.65221101e-26,1.40116293e-32,7.04667954e-33,4.63153786e-19,3.52113258e+20,1.16763704e+23,8.62728464e+02,1.07824859e+20,4.32315653e+23,1.01853958e+02,1.76008097e+02,1.11095127e+19,2.33211267e+22,7.30102122e+25,9.35241915e+25,9.30540028e+01,2.95147905e+18,7.32957835e+02,3.76168656e+02,2.72487163e-02,1.00000000e+00,9.35189485e+04
2.48230538e+03,1.00000000e-02,2.12550711e-02,2.40877459e+09,1.11635087e-25,6.61926474e-30,1.11955592e-09,1.02171809e-25,2.96768712e-28,1.34250791e-16,3.81267374e-12,2.77535785e-23,1.32210051e-26,1.12120838e-32,5.63874193e-33,7.23679090e-20,4.40032425e+20,1.45918436e+23,8.62728464e+02,1.34747650e+20,5.40260559e+23,1.01853958e+02,1.76008097e+02,1.38834472e+19,2.91441794e+22,9.12401338e+25,1.16876249e+26,9.30540028e+01,2.95147905e+18,7.89551822e+02,3.76168656e+02,2.23044562e-02,1.00000000e+00,9.35192202e+04
2.66795989e+03,1.00000000e-02,1.70162022e-02,1.93776934e+09,8.93718592e-26,4.27318796e-30,9.02792536e-10,8.29068929e-26,2.37584546e-28,2.16921741e-17,1.32779932e-12,2.22187467e-23,1.05843707e-26,8.97607372e-33,4.51421557e-33,9.84170052e-21,5.49647940e+20,1.82267858e+23,8.62728464e+02,1.68314343e+20,6.74843684e+23,1.01853958e+02,1.76008097e+02,1.73419224e+19,3.64042221e+22,1.13968764e+26,1.45991036e+26,9.30540028e+01,1.47573953e+18,8.50378318e+02,3.76168656e+02,1.79859677e-02,1.00000000e+00,9.35193264e+04
2.86749971e+03,1.00000000e-02,1.36285685e-02,1.53598825e+09,7.15794568e-26,2.71576351e-30,7.16374810e-10,6.71668474e-26,1.90285543e-28,3.05831059e-18,4.27339688e-13,1.77953831e-23,8.47720771e-27,7.18909159e-33,3.61551277e-33,1.15288741e-21,6.86273136e+20,2.27573917e+23,8.62728464e+02,2.10151996e+20,8.42588606e+23,1.01853958e+02,1.76008097e+02,2.16525790e+19,4.54531671e+22,1.42297815e+26,1.82279817e+26,9.30540028e+01,1.79769313e+308,9.15753928e+02,3.76168656e+02,1.42720433e-02,1.00000000e+00,9.35193648e+04
3.08196334e+03,1.00000000e-02,1.09197243e-02,1.19738364e+09,5.73521664e-26,1.69704411e-30,5.58701785e-10,5.43352491e-26,1.52463969e-28,3.72415492e-19,1.26354350e-13,1.42583355e-23,6.79226018e-27,5.76017192e-33,2.89688550e-33,1.15041346e-22,8.56516177e+20,2.84027935e+23,8.62728464e+02,2.62284176e+20,1.05160866e+24,1.01853958e+02,1.76008097e+02,2.70239111e+19,5.67286855e+22,1.77597482e+26,2.27497776e+26,9.30540028e+01,1.79769313e+308,9.86018890e+02,3.76168656e+02,1.11307879e-02,1.00000000e+00,9.35193777e+04
3.31246696e+03,1.00000000e-02,8.75254311e-03,9.16487717e+08,4.59697788e-26,1.04131229e-30,4.27705993e-10,4.38969814e-26,1.22205235e-28,3.87416926e-20,3.41058224e-14,1.14285580e-23,5.44423569e-27,4.61698042e-33,2.32195563e-33,9.66177999e-24,1.06859462e+21,3.54354922e+23,8.62728464e+02,3.27227281e+20,1.31199315e+24,1.01853958e+02,1.76008097e+02,3.37151904e+19,7.07750417e+22,2.21571662e+26,2.83827563e+26,9.30540028e+01,1.79769313e+308,1.06153884e+03,3.76168656e+02,8.52101215e-03,1.00000000e+00,9.35193816e+04
3.56021022e+03,1.00000000e-02,7.01788573e-03,6.87692295e+08,3.68590764e-26,6.26527193e-31,3.20946196e-10,3.54227704e-26,9.79855068e-29,3.40264886e-21,8.34694874e-15,9.16354411e-24,4.36524836e-27,3.70194589e-33,1.86176967e-33,6.74209938e-25,1.33272624e+21,4.41943179e+23,8.62728464e+02,4.08110219e+20,1.63628720e+24,1.01853958e+02,1.76008097e+02,4.20487977e+19,8.82689783e+22,2.76339000e+26,3.53983105e+26,9.30540028e+01,2.95147905e+18,1.14270683e+03,3.76168656e+02,6.39408024e-03,1.00000000e+00,9.35193827e+04
3.82648248e+03,1.00000000e-02,5.62881473e-03,5.05076648e+08,2.95634497e-26,3.69071115e-31,2.35717433e-10,2.85559446e-26,7.85909439e-29,2.49146147e-22,1.83868845e-15,7.34977659e-24,3.50122177e-27,2.96920873e-33,1.49326406e-33,3.85532776e-26,1.66161455e+21,5.51005296e+23,8.62728464e+02,5.08823086e+20,2.04008785e+24,1.01853958e+02,1.76008097e+02,5.24255410e+19,1.10051873e+23,3.44533551e+26,4.41338558e+26,9.30540028e+01,1.79769313e+308,1.22994530e+03,3.76168656e+02,4.69610233e-03,1.00000000e+00,9.35193830e+04
4.11266955e+03,1.00000000e-02,4.51602386e-03,3.62500026e+08,2.37188912e-26,2.12512146e-31,1.69171083e-10,2.30010907e-26,6.30538745e-29,1.50030500e-23,3.61701171e-16,5.89675944e-24,2.80904628e-27,2.38220977e-33,1.19805260e-33,1.77986508e-27,2.07105205e+21,6.86778198e+23,8.62728464e+02,6.34201894e+20,2.54278474e+24,1.01853958e+02,1.76008097e+02,6.53436888e+19,1.37169692e+23,4.29429867e+26,5.50088542e+26,9.30540028e+01,1.79769313e+308,1.32370823e+03,3.76168656e+02,3.37032653e-03,1.00000000e+00,9.35193831e+04
4.42026088e+03,1.00000000e-02,3.62422243e-03,2.53802132e+08,1.90350052e-26,1.19399352e-31,1.18436544e-10,1.85143394e-26,5.06023160e-29,7.32218101e-25,6.30053608e-17,4.73229738e-24,2.25433010e-27,1.91178310e-33,9.61467263e-34,6.52875303e-29,2.58066955e+21,8.55771627e+23,8.62728464e+02,7.90258031e+20,3.16848008e+24,1.01853958e+02,1.76008097e+02,8.14226122e+19,1.70922623e+23,5.35098373e+26,6.85447162e+26,9.30540028e+01,1.79769313e+308,1.42448361e+03,3.76168656e+02,2.35956299e-03,1.00000000e+00,9.35193831e+04
4.75085733e+03,1.00000000e-02,2.90927134e-03,1.73028180e+08,1.52799658e-26,6.53356567e-32,8.07355175e-11,1.48950510e-26,4.06199868e-29,2.85109958e-26,9.63032534e-18,3.79875611e-24,1.80961795e-27,1.53464526e-33,7.71798420e-34,1.87180312e-30,3.21486702e+21,1.06607682e+24,8.62728464e+02,9.84463308e+20,3.94713151e+24,1.01853958e+02,1.76008097e+02,1.01432154e+20,2.12926720e+23,6.66598369e+26,8.53895252e+26,9.30540028e+01,1.79769313e+308,1.53279592e+03,3.76168656e+02,1.60846080e-03,1.00000000e+00,9.35193831e+04
5.10617947e+03,1.00000000e-02,2.33591174e-03,1.14634431e+08,1.22685881e-26,3.47499786e-32,5.34806544e-11,1.19787097e-26,3.26145942e-29,8.70920166e-28,1.27907138e-18,3.05009673e-24,1.45297819e-27,1.23219716e-33,6.19692281e-34,4.23785953e-32,4.00396998e+21,1.32774997e+24,8.62728464e+02,1.22610407e+21,4.91597195e+24,1.01853958e+02,1.76008097e+02,1.26329113e+20,2.65190501e+23,8.30217810e+26,1.06348752e+27,9.30540028e+01,5.90295810e+18,1.64920882e+03,3.76168656e+02,1.06547328e-03,1.00000000e+00,9.35193831e+04
5.48807657e+03,1.00000000e-02,1.87596223e-03,7.36502852e+07,9.85285850e-27,1.79257173e-32,3.43519229e-11,9.63086763e-27,2.61926621e-29,2.05140343e-29,1.46074959e-19,2.44952160e-24,1.16688151e-27,9.89573060e-34,4.97672619e-34,1.72232067e-33,4.98566566e+21,1.65328847e+24,8.62728464e+02,1.52672097e+21,6.12127280e+24,1.01853958e+02,1.76008097e+02,1.57302558e+20,3.30210062e+23,1.03377109e+27,1.32423401e+27,9.30540028e+01,5.90295810e+18,1.77432819e+03,3.76168656e+02,6.84379358e-04,1.00000000e+00,9.35193831e+04
5.89853619e+03,1.00000000e-02,1.50688595e-03,4.57848709e+07,7.91440992e-27,8.94764818e-33,2.13465215e-11,7.74199677e-27,2.10395252e-29,3.75082763e-31,1.41833772e-20,1.96760342e-24,9.37309570e-28,7.94884738e-34,3.99760649e-34,8.43813764e-34,6.20678722e+21,2.05822260e+24,8.62728464e+02,1.90065537e+21,7.62053461e+24,1.01853958e+02,1.76008097e+02,1.95830120e+20,4.11087251e+23,1.28696901e+27,1.64857398e+27,9.30540028e+01,5.90295810e+18,1.90880514e+03,3.76168656e+02,4.25278046e-04,1.00000000e+00,9.35193831e+04
6.33969457e+03,1.00000000e-02,1.21065108e-03,2.74747205e+07,6.35853621e-27,4.31091913e-33,1.28011646e-11,6.22313362e-27,1.69034185e-29,9.97066901e-33,1.15673389e-21,1.58079727e-24,7.53046266e-28,6.38620369e-34,3.21172720e-34,6.68940467e-34,7.72552938e+21,2.56185022e+24,8.62728464e+02,2.36572778e+21,9.48520740e+24,1.01853958e+02,1.76008097e+02,2.43747900e+20,5.11676415e+23,1.60187817e+27,2.05196446e+27,9.30540028e+01,5.90295810e+18,2.05333958e+03,3.76168656e+02,2.55032385e-04,1.00000000e+00,9.35193831e+04
6.81384769e+03,1.00000000e-02,9.72823488e-04,1.58762946e+07,5.10942706e-27,1.99939010e-33,7.38859889e-12,5.00220986e-27,1.35828091e-29,2.43773637e-33,7.82039673e-23,1.27025593e-24,6.05113322e-28,5.13165938e-34,2.58079617e-34,5.35659950e-34,9.61420092e+21,3.18814951e+24,8.62728464e+02,2.94408073e+21,1.18040700e+25,1.01853958e+02,1.76008097e+02,3.03337307e+20,6.36766701e+23,1.99349168e+27,2.55361122e+27,9.30540028e+01,1.79769313e+308,2.20868364e+03,3.76168656e+02,1.47200044e-04,1.00000000e+00,9.35193831e+04
7.32346328e+03,1.00000000e-02,7.81844011e-04,8.81289000e+06,4.10637180e-27,8.90111588e-34,4.09282280e-12,4.02097910e-27,1.09163051e-29,1.06110306e-33,4.32201004e-24,1.02088612e-24,4.86320728e-28,4.12423959e-34,2.07414814e-34,4.29161697e-34,1.19626426e+22,3.96691243e+24,8.62728464e+02,3.66322546e+21,1.46874267e+25,1.01853958e+02,1.76008097e+02,3.77432907e+20,7.92308434e+23,2.48043791e+27,3.17737675e+27,9.30540028e+01,2.95147905e+18,2.37564588e+03,3.76168656e+02,8.15396402e-05,1.00000000e+00,9.35193831e+04
7.87119360e+03,1.00000000e-02,6.28452050e-04,4.68916177e+06,3.30073230e-27,3.79202304e-34,2.16918914e-12,3.23245716e-27,8.77460748e-30,4.50277686e-34,1.92327635e-25,8.20595878e-25,3.90908230e-28,3.31509456e-34,1.66721575e-34,3.43970420e-34,1.48824727e+22,4.93515253e+24,8.62728464e+02,4.55734194e+21,1.82723194e+25,1.01853958e+02,1.76008097e+02,4.69556361e+20,9.85694300e+23,3.08586077e+27,3.95290775e+27,9.30540028e+01,5.90295810e+18,2.55509515e+03,3.76168656e+02,4.32158709e-05,1.00000000e+00,9.35193831e+04
8.45988932e+03,1.00000000e-02,5.05225736e-04,2.38816948e+06,2.65352767e-27,1.54076412e-34,1.09635018e-12,2.59880313e-27,7.05409031e-30,1.82341473e-34,6.78915282e-27,6.59694174e-25,3.14259295e-28,2.66507379e-34,1.34030958e-34,2.75789274e-34,1.85123596e+22,6.13885341e+24,8.62728464e+02,5.66889349e+21,2.27290016e+25,1.01853958e+02,1.76008097e+02,5.84082790e+20,1.22610857e+24,3.83851295e+27,4.91703570e+27,9.30540028e+01,1.18059162e+19,2.74796533e+03,3.76168656e+02,2.18421377e-05,1.00000000e+00,9.35193831e+04
9.09261427e+03,1.00000000e-02,4.06214783e-04,1.16487616e+06,2.13350605e-27,5.94969284e-35,5.26547338e-13,2.08957581e-27,5.67167419e-30,7.01932767e-35,1.92228400e-28,5.30411471e-25,2.52672740e-28,2.14278944e-34,1.07764416e-34,2.21195950e-34,2.30245694e+22,7.63513998e+24,8.62728464e+02,7.05063184e+21,2.82689775e+25,1.01853958e+02,1.76008097e+02,7.26447362e+20,1.52496076e+24,4.77411362e+27,6.11551594e+27,9.30540028e+01,1.79769313e+308,2.95526025e+03,3.76168656e+02,1.04901880e-05,1.00000000e+00,9.35193831e+04
9.77266146e+03,1.00000000e-02,3.26647167e-04,5.47119812e+05,1.71560400e-27,2.17512306e-35,2.39388640e-13,1.68030688e-27,4.56073088e-30,2.55880493e-35,8.73694960e-30,4.26516738e-25,2.03180284e-28,1.72306900e-34,8.66559830e-35,1.77463208e-34,2.86330984e+22,9.49497514e+24,8.62728464e+02,8.76808733e+21,3.51549860e+25,1.01853958e+02,1.76008097e+02,9.03401858e+20,1.89642424e+24,5.93703459e+27,7.60518759e+27,9.30540028e+01,1.79769313e+308,3.17805870e+03,3.76168656e+02,4.76924229e-06,1.00000000e+00,9.35193831e+04
1.05035702e+04,1.00000000e-02,2.62694653e-04,2.51535495e+05,1.37971501e-27,7.49754775e-36,1.02604547e-13,1.35133934e-27,3.66780960e-30,8.79675561e-36,3.92868361e-30,3.43011291e-25,1.63400695e-28,1.38571847e-34,6.96900682e-35,1.42418432e-34,3.56037718e+22,1.18065088e+25,8.62728464e+02,1.09026615e+22,4.37134005e+25,1.01853958e+02,1.76008097e+02,1.12333332e+21,2.35810511e+24,7.38239438e+27,9.45665606e+27,9.30540028e+01,1.18059162e+19,3.41752010e+03,3.76168656e+02,2.04414857e-06,1.00000000e+00,9.35193831e+04
1.12891444e+04,1.00000000e-02,2.11285289e-04,1.17631167e+05,1.10970467e-27,2.42594865e-36,4.12772680e-14,1.08688603e-27,2.95001898e-30,2.83935004e-36,3.09906658e-30,2.75883955e-25,1.31423166e-28,1.11453326e-34,5.60517165e-35,1.14323403e-34,4.42667851e+22,1.46792365e+25,8.62728464e+02,1.35554676e+22,5.43496267e+25,1.01853958e+02,1.76008097e+02,1.39665974e+21,2.93187286e+24,9.17865857e+27,1.17576240e+28,9.30540028e+01,1.79769313e+308,3.67489087e+03,3.76168656e+02,8.22350185e-07,1.00000000e+00,9.35193831e+04
1.21334726e+04,1.00000000e-02,1.69953362e-04,5.99505093e+04,8.92622674e-28,7.33345942e-37,1.55123550e-14,8.74269168e-28,2.37293209e-30,8.56363792e-37,2.48337224e-30,2.21915145e-25,1.05713980e-28,8.96506686e-35,4.50868004e-35,9.17926665e-35,5.50322770e+22,1.82491638e+25,8.62728464e+02,1.68520991e+22,6.75672223e+25,1.01853958e+02,1.76008097e+02,1.73632139e+21,3.64489174e+24,1.14108689e+28,1.46170276e+28,9.30540028e+01,1.79769313e+308,3.95151042e+03,3.76168656e+02,3.09046325e-07,1.00000000e+00,9.35193831e+04
1.30409491e+04,1.00000000e-02,1.36719267e-04,3.58923992e+04,7.18071810e-28,2.06057408e-37,5.41822595e-15,7.03307717e-28,1.90890921e-30,2.40117670e-37,1.99117512e-30,1.78520011e-25,8.50417892e-29,7.21196310e-35,3.62701523e-35,7.37189865e-35,6.84096738e+22,2.26852205e+25,8.62728464e+02,2.09485535e+22,8.39916480e+25,1.01853958e+02,1.76008097e+02,2.15839116e+21,4.53090202e+24,1.41846542e+28,1.81701748e+28,9.30540028e+01,1.18059162e+19,4.24881804e+03,3.76168656e+02,1.07945107e-07,1.00000000e+00,9.35193831e+04
1.40162969e+04,1.00000000e-02,1.09993335e-04,2.56642706e+04,5.77702872e-28,5.35226243e-38,1.74932148e-15,5.65824990e-28,1.53575494e-30,6.22481762e-38,1.59706367e-30,1.43622855e-25,6.84177893e-29,5.80216593e-35,2.91800498e-35,5.92161707e-35,8.50317018e+22,2.81972242e+25,8.62728464e+02,2.60385857e+22,1.04399749e+26,1.01853958e+02,1.76008097e+02,2.68283216e+21,5.63181035e+24,1.76312094e+28,2.25851228e+28,9.30540028e+01,1.18059162e+19,4.56836139e+03,3.76168656e+02,3.48510188e-08,1.00000000e+00,9.35193831e+04
1.50645920e+04,1.00000000e-02,8.84987463e-05,2.07402931e+04,4.64809798e-28,1.27761198e-38,5.18991752e-16,4.55253091e-28,1.23564202e-30,1.48321552e-38,1.28135455e-30,1.15556479e-25,5.50477769e-29,4.66832294e-35,2.34777663e-35,4.75756753e-35,1.05684214e+23,3.50457702e+25,8.62728464e+02,3.23628413e+22,1.29756376e+26,1.01853958e+02,1.76008097e+02,3.33443885e+21,6.99966530e+24,2.19134802e+28,2.80706008e+28,9.30540028e+01,1.79769313e+308,4.91180315e+03,3.76168656e+02,1.03396611e-08,1.00000000e+00,9.35193831e+04
1.61912903e+04,1.00000000e-02,7.12097651e-05,1.77360352e+04,3.74005259e-28,2.78499954e-39,1.40599629e-16,3.66315544e-28,9.94248864e-31,3.22776365e-39,1.02834349e-30,9.29815404e-26,4.42937265e-29,3.75632644e-35,1.88911854e-35,3.82300371e-35,1.31343229e+23,4.35545142e+25,8.62728464e+02,4.02201985e+22,1.61259857e+26,1.01853958e+02,1.76008097e+02,4.14400549e+21,8.69911034e+24,2.72338425e+28,3.48858471e+28,9.30540028e+01,1.79769313e+308,5.28093093e+03,3.76168656e+02,2.80110909e-09,1.00000000e+00,9.35193831e+04
1.74022558e+04,1.00000000e-02,5.73022220e-05,1.54237310e+04,3.00960582e-28,5.50631167e-40,3.45452172e-17,2.94772701e-28,8.00068208e-31,6.37184949e-40,8.25511376e-31,7.48218852e-26,3.56429901e-29,3.02270133e-35,1.52016637e-35,3.07255548e-35,1.63220904e+23,5.41254182e+25,8.62728464e+02,4.99818468e+22,2.00398452e+26,1.01853958e+02,1.76008097e+02,5.14977687e+21,1.08104290e+25,3.38436357e+28,4.33528211e+28,9.30540028e+01,1.79769313e+308,5.67766604e+03,3.76168656e+02,6.88230281e-10,1.00000000e+00,9.35193831e+04
1.87037907e+04,1.00000000e-02,4.61137831e-05,1.34022388e+04,2.42197083e-28,9.80235851e-41,7.64184861e-18,2.37217405e-28,6.43852376e-31,1.13268876e-40,6.62845025e-31,6.02126770e-26,2.86835843e-29,2.43250939e-35,1.22334911e-35,2.46978615e-35,2.02822667e+23,6.72576943e+25,8.62728464e+02,6.21087816e+22,2.49020484e+26,1.01853958e+02,1.76008097e+02,6.39925067e+21,1.34333286e+25,4.20550082e+28,5.38713767e+28,9.30540028e+01,2.36118324e+19,6.10407232e+03,3.76168656e+02,1.52245435e-10,1.00000000e+00,9.35193831e+04
2.01026689e+04,1.00000000e-02,3.71120979e-05,1.15575953e+04,1.94918770e-28,1.55891921e-41,1.51010347e-18,1.90911154e-28,5.18168557e-31,1.79897541e-41,5.32351034e-31,4.84588038e-26,2.30843777e-29,1.95766907e-35,9.84544075e-36,1.98555178e-35,2.52018102e+23,8.35713123e+25,8.62728464e+02,7.71735106e+22,3.09421380e+26,1.01853958e+02,1.76008097e+02,7.95141407e+21,1.66916353e+25,5.22556157e+28,6.69380908e+28,9.30540028e+01,2.36118324e+19,6.56236969e+03,3.76168656e+02,3.00851758e-11,1.00000000e+00,9.35193831e+04
2.16061709e+04,1.00000000e-02,2.98692226e-05,9.86486222e+03,1.56878011e-28,2.19620547e-42,2.64330726e-19,1.53652531e-28,4.17041688e-31,2.53126463e-42,4.27635846e-31,3.90014814e-26,1.85791819e-29,1.57560624e-35,7.92398377e-36,1.59646667e-35,3.13129022e+23,1.03836205e+26,8.62728464e+02,9.58870246e+22,3.84451806e+26,1.01853958e+02,1.76008097e+02,9.87952252e+21,2.07391271e+25,6.49268832e+28,8.31696563e+28,9.30540028e+01,1.79769313e+308,7.05494288e+03,3.76168656e+02,5.26615331e-12,1.00000000e+00,9.35193831e+04
2.32221215e+04,1.00000000e-02,2.40411004e-05,8.32250735e+03,1.26267766e-28,2.71605206e-43,4.06146156e-20,1.23671646e-28,3.35667963e-31,3.12681836e-43,3.43583192e-31,3.13914608e-26,1.49539874e-29,1.26817187e-35,6.37784558e-36,1.28377658e-35,3.89038784e+23,1.29008518e+26,8.62728464e+02,1.19132271e+23,4.77651870e+26,1.01853958e+02,1.76008097e+02,1.22745487e+22,2.57667741e+25,8.06666705e+28,1.03331916e+29,9.30540028e+01,1.18059162e+19,7.58447691e+03,3.76168656e+02,8.09148431e-13,1.00000000e+00,9.35193831e+04
2.49589310e+04,1.00000000e-02,1.93512626e-05,6.93287089e+03,1.01635976e-28,2.92003262e-44,5.42471589e-21,9.95462957e-29,2.70187253e-31,3.35804215e-44,2.76100517e-31,2.52677452e-26,1.20368257e-29,1.02078218e-35,5.13368200e-36,1.03245295e-35,4.83323527e+23,1.60274128e+26,8.62728464e+02,1.48004342e+23,5.93412266e+26,1.01853958e+02,1.76008097e+02,1.52493232e+22,3.20114309e+25,1.00216486e+29,1.28374723e+29,9.30540028e+01,1.79769313e+308,8.15376862e+03,3.76168656e+02,1.08074403e-13,1.00000000e+00,9.35193831e+04
2.68256384e+04,1.00000000e-02,1.55770296e-05,5.69693809e+03,8.18130909e-29,2.70065878e-45,6.23280689e-22,8.01309780e-29,2.17490452e-31,3.10271161e-45,2.21910457e-31,2.03395729e-26,9.68918641e-30,8.21690789e-36,4.13241855e-36,8.30433182e-36,6.00430295e+23,1.99107712e+26,8.62728464e+02,1.83865022e+23,7.37192961e+26,1.01853958e+02,1.76008097e+02,1.89441546e+22,3.97676335e+25,1.24498417e+29,1.59479249e+29,9.30540028e+01,2.36118324e+19,8.76544569e+03,3.76168656e+02,1.24173671e-14,1.00000000e+00,9.35193831e+04
2.88319591e+04,1.00000000e-02,1.25394262e-05,4.61310040e+03,6.58591042e-29,2.12464606e-46,6.09126548e-23,6.45050123e-29,1.75078660e-31,2.43864825e-46,1.78381411e-31,1.63732483e-26,7.79974367e-30,6.61456727e-36,3.32657501e-36,6.67988558e-36,7.45881057e+23,2.47340403e+26,8.62728464e+02,2.28405259e+23,9.15773687e+26,1.01853958e+02,1.76008097e+02,2.35332664e+22,4.94011124e+25,1.54657438e+29,1.98112174e+29,9.30540028e+01,2.36118324e+19,9.42278703e+03,3.76168656e+02,1.21353799e-15,1.00000000e+00,9.35193831e+04
3.09883348e+04,1.00000000e-02,1.00945535e-05,3.67696838e+03,5.30182355e-29,1.40497252e-47,5.00356236e-24,5.19281574e-29,1.40942725e-31,1.61124824e-47,1.43410155e-31,1.31808767e-26,6.27898985e-30,5.32489303e-36,2.67797656e-36,5.37367473e-36,9.26531368e+23,3.07245558e+26,8.62728464e+02,2.83724375e+23,1.13757152e+27,1.01853958e+02,1.76008097e+02,2.92329579e+22,6.13659240e+25,1.92115038e+29,2.46094389e+29,9.30540028e+01,2.36118324e+19,1.01292908e+04,3.76168656e+02,9.96839333e-17,1.00000000e+00,9.35193831e+04
3.33059884e+04,1.00000000e-02,8.12665546e-06,2.88150740e+03,4.26825151e-29,7.69541296e-49,3.40422834e-25,4.18049440e-29,1.13466432e-31,8.81756230e-49,1.15314156e-31,1.06113107e-26,5.05492264e-30,4.28682368e-36,2.15591436e-36,4.32345600e-36,1.15089418e+24,3.81646145e+26,8.62728464e+02,3.52429225e+23,1.41303844e+27,1.01853958e+02,1.76008097e+02,3.63118209e+22,7.62258972e+25,2.38636366e+29,3.05687006e+29,9.30540028e+01,2.36118324e+19,1.08886343e+04,3.76168656e+02,6.78210536e-18,1.00000000e+00,9.35193831e+04
3.57969820e+04,1.00000000e-02,6.54260624e-06,2.21733549e+03,3.43628312e-29,3.40450247e-50,1.87068847e-26,3.36563164e-29,9.13495336e-32,3.89366812e-50,9.27285928e-32,8.54295202e-27,4.06961617e-30,3.45123520e-36,1.73568313e-36,3.47854480e-36,1.42954048e+24,4.74047591e+26,8.62728464e+02,4.37756878e+23,1.75515324e+27,1.01853958e+02,1.76008097e+02,4.51033803e+22,9.46811684e+25,2.96413303e+29,3.79697767e+29,9.30540028e+01,1.79769313e+308,1.17047687e+04,3.76168656e+02,3.72689639e-19,1.00000000e+00,9.35193831e+04
3.84742799e+04,1.00000000e-02,5.26748034e-06,1.67314014e+03,2.76656628e-29,1.26878681e-51,8.65933083e-28,2.70968446e-29,7.35459011e-32,1.44620893e-51,7.45764070e-32,6.87796730e-27,3.27646543e-30,2.77860426e-36,1.39740593e-36,2.79899632e-36,1.77559666e+24,5.88802716e+26,8.62728464e+02,5.43726924e+23,2.18003217e+27,1.01853958e+02,1.76008097e+02,5.60217862e+22,1.17601123e+26,3.68167587e+29,4.71613147e+29,9.30540028e+01,4.72236648e+19,1.25819418e+04,3.76168656e+02,1.72516318e-20,1.00000000e+00,9.35193831e+04
4.13518160e+04,1.00000000e-02,4.24099088e-06,1.23619301e+03,2.22743733e-29,6.31534133e-53,5.35338022e-29,2.18164025e-29,5.92137941e-32,6.86142571e-53,5.99844440e-32,5.53763749e-27,2.63797093e-30,2.23712944e-36,1.12508930e-36,2.25238659e-36,2.20536208e+24,7.31316528e+26,8.62728464e+02,6.75330592e+23,2.70768716e+27,1.01853958e+02,1.76008097e+02,6.95812997e+22,1.46065300e+26,4.57278872e+29,5.85762396e+29,9.30540028e+01,1.79769313e+308,1.35247186e+04,3.76168656e+02,1.06653212e-21,1.00000000e+00,9.35193831e+04
4.44445663e+04,1.00000000e-02,3.41462616e-06,8.92913170e+02,1.79341715e-29,1.88960522e-53,1.98942017e-29,1.75654371e-29,4.76758795e-32,1.92639905e-53,4.82523375e-32,4.45861884e-27,2.12395754e-30,1.80122073e-36,9.05863624e-37,1.81263532e-36,2.73907597e+24,9.08300524e+26,8.62728464e+02,8.38765578e+23,3.36296743e+27,1.01853958e+02,1.76008097e+02,8.64204876e+22,1.81414180e+26,5.67943733e+29,7.27521217e+29,9.30540028e+01,4.72236648e+19,1.45380054e+04,3.76168656e+02,3.96344071e-22,1.00000000e+00,9.35193831e+04
4.77686271e+04,1.00000000e-02,2.74934722e-06,6.29456802e+02,1.44400184e-29,1.17036419e-53,1.53034742e-29,1.41431253e-29,3.83870857e-32,1.18590271e-53,3.88181961e-32,3.58993657e-27,1.71014234e-30,1.45028503e-36,7.29372272e-37,1.45882322e-36,3.40186950e+24,1.12808841e+27,8.62728464e+02,1.04172760e+24,4.17672838e+27,1.01853958e+02,1.76008097e+02,1.07332262e+23,2.25312248e+26,7.05373083e+29,9.03564656e+29,9.30540028e+01,1.79769313e+308,1.56270759e+04,3.76168656e+02,3.04884877e-22,1.00000000e+00,9.35193831e+04
5.13412982e+04,1.00000000e-02,2.21373627e-06,4.32280939e+02,1.16269026e-29,7.54784119e-54,1.22573186e-29,1.13878484e-29,3.09087492e-32,7.63989778e-54,3.12314138e-32,2.89056716e-27,1.37698290e-30,1.16774940e-36,5.87280442e-37,1.17414318e-36,4.22494793e+24,1.40102810e+27,8.62728464e+02,1.29377240e+24,5.18728302e+27,1.01853958e+02,1.76008097e+02,1.33301180e+23,2.79826288e+26,8.76037292e+29,1.12218109e+30,9.30540028e+01,1.79769313e+308,1.67975982e+04,3.76168656e+02,2.44197562e-22,1.00000000e+00,9.35193831e+04
5.51811736e+04,1.00000000e-02,1.78250736e-06,2.88642541e+02,9.36201836e-30,4.87478413e-54,9.83156503e-30,9.16953117e-30,2.48878215e-32,4.92996476e-54,2.51291699e-32,2.32749371e-27,1.10875094e-30,9.40275470e-37,4.72880048e-37,9.45057796e-37,5.24705853e+24,1.73996854e+27,8.62728464e+02,1.60676525e+24,6.44220428e+27,1.01853958e+02,1.76008097e+02,1.65549755e+23,3.47522605e+26,1.08797056e+30,1.39366211e+30,9.30540028e+01,1.79769313e+308,1.80556633e+04,3.76168656e+02,1.95870262e-22,1.00000000e+00,9.35193831e+04
5.93082377e+04,1.00000000e-02,1.43530863e-06,1.86997500e+02,7.53847420e-30,3.14948997e-54,7.88848370e-30,7.38347988e-30,2.00401445e-32,3.18258519e-54,2.02206255e-32,1.87414195e-27,8.92787218e-31,7.57127588e-37,3.80771956e-37,7.60703952e-37,6.51631311e+24,2.16086398e+27,8.62728464e+02,1.99543904e+24,8.00056259e+27,1.01853958e+02,1.76008097e+02,2.05595961e+23,4.31587736e+26,1.35114879e+30,1.73078662e+30,9.30540028e+01,4.72236648e+19,1.94078188e+04,3.76168656e+02,1.57159045e-22,1.00000000e+00,9.35193831e+04
6.37439697e+04,1.00000000e-02,1.15575872e-06,1.17276576e+02,6.07023264e-30,2.03543638e-54,6.33124256e-30,5.94542601e-30,1.61369975e-32,2.05528613e-54,1.62719443e-32,1.50912205e-27,7.18902256e-31,6.09664565e-37,3.06610369e-37,6.12336120e-37,8.09245068e+24,2.68352439e+27,8.62728464e+02,2.47808719e+24,9.93570399e+27,1.01853958e+02,1.76008097e+02,2.55324620e+23,5.35978307e+26,1.67795881e+30,2.14942179e+30,9.30540028e+01,4.72236648e+19,2.08611026e+04,3.76168656e+02,1.26134765e-22,1.00000000e+00,9.35193831e+04
6.85114553e+04,1.00000000e-02,9.30671503e-07,7.10284362e+01,4.88803798e-30,1.31582435e-54,5.08276584e-30,4.78753778e-30,1.29942724e-32,1.32774921e-54,1.30952911e-32,1.21521634e-27,5.78894046e-31,4.90930698e-37,2.46897148e-37,4.92932841e-37,1.00496474e+25,3.33254722e+27,8.62728464e+02,3.07742407e+24,1.23387001e+28,1.01853958e+02,1.76008097e+02,3.17076065e+23,6.65607147e+26,2.08378093e+30,2.66926942e+30,9.30540028e+01,3.14824432e+19,2.24230767e+04,3.76168656e+02,1.01261872e-22,1.00000000e+00,9.35193831e+04
7.36355066e+04,1.00000000e-02,7.49432440e-07,4.14348065e+01,3.93614097e-30,8.50843412e-55,4.08146196e-30,3.85521219e-30,1.04637665e-32,8.58009051e-55,1.05393902e-32,9.78564985e-28,4.66160161e-31,3.95326804e-37,1.98816373e-37,3.96826831e-37,1.24800048e+25,4.13847408e+27,8.62728464e+02,3.82165320e+24,1.53226308e+28,1.01853958e+02,1.76008097e+02,3.93756184e+23,8.26574312e+26,2.58771228e+30,3.31479243e+30,9.30540028e+01,9.44473297e+19,2.41018711e+04,3.76168656e+02,8.13133028e-23,1.00000000e+00,9.35193831e+04
7.91427918e+04,1.00000000e-02,6.03496714e-07,2.32162577e+01,3.16966282e-30,5.50305225e-55,3.27813872e-30,3.10449316e-30,8.42617472e-33,5.54609110e-55,8.48273564e-33,7.88010661e-28,3.75385572e-31,3.18345477e-37,1.60101193e-37,3.19467298e-37,1.54978814e+25,5.13922720e+27,8.62728464e+02,4.74579367e+24,1.90279024e+28,1.01853958e+02,1.76008097e+02,4.88973097e+23,1.02645398e+27,3.21346493e+30,4.11636538e+30,9.30540028e+01,9.44473297e+19,2.59062219e+04,3.76168656e+02,6.53090214e-23,1.00000000e+00,9.35193831e+04
8.50619731e+04,1.00000000e-02,4.85985411e-07,1.24567219e+01,2.55247436e-30,3.56002366e-55,2.63346926e-30,2.49999437e-30,6.78545200e-33,3.58588283e-55,6.82776384e-33,6.34571285e-28,3.02291474e-31,2.56358077e-37,1.28926707e-37,2.57197109e-37,1.92452701e+25,6.38189266e+27,8.62728464e+02,5.89332688e+24,2.36288504e+28,1.01853958e+02,1.76008097e+02,6.07206823e+23,1.27465062e+27,3.99048096e+30,5.11170279e+30,9.30540028e+01,1.79769313e+308,2.78455203e+04,3.76168656e+02,5.24655345e-23,1.00000000e+00,9.35193831e+04
9.14238569e+04,1.00000000e-02,3.91360541e-07,6.37958983e+00,2.05548916e-30,2.30351658e-55,2.11598657e-30,2.01322741e-30,5.46427548e-33,2.31907926e-55,5.49597541e-33,5.11015672e-28,2.43433141e-31,2.06443308e-37,1.03823746e-37,2.07072961e-37,2.38984759e+25,7.92493469e+27,8.62728464e+02,7.31824132e+24,2.93419376e+28,1.01853958e+02,1.76008097e+02,7.54019955e+23,1.58284124e+27,4.95531696e+30,6.34763273e+30,9.30540028e+01,9.44473297e+19,2.99298584e+04,3.76168656e+02,4.21559379e-23,1.00000000e+00,9.35193831e+04
9.82615534e+04,1.00000000e-02,3.15163512e-07,3.10775549e+00,1.65528998e-30,1.49076864e-55,1.70048543e-30,1.62125650e-30,4.40039317e-33,1.50013158e-55,4.42412956e-33,4.11522055e-28,1.96037248e-31,1.66249254e-37,8.36094928e-38,1.66721114e-37,2.96764064e+25,9.84094480e+27,8.62728464e+02,9.08757128e+24,3.64359328e+28,1.01853958e+02,1.76008097e+02,9.36319231e+23,1.96552450e+27,6.15336310e+30,7.88229882e+30,9.30540028e+01,1.79769313e+308,3.21700843e+04,3.76168656e+02,3.38780781e-23,1.00000000e+00,9.35193831e+04
1.05610649e+05,1.00000000e-02,2.53804641e-07,1.43463303e+00,1.33302322e-30,9.64947784e-56,1.36679334e-30,1.30561568e-30,3.54368500e-33,9.70582247e-56,3.56145648e-33,3.31403235e-28,1.57870951e-31,1.33882352e-37,6.73316437e-38,1.34236030e-37,3.68508646e+25,1.22200552e+28,8.62728464e+02,1.12845489e+25,4.52445492e+28,1.01853958e+02,1.76008097e+02,1.16268030e+24,2.44070243e+27,7.64097740e+30,9.78789422e+30,9.30540028e+01,1.79769313e+308,3.45778555e+04,3.76168656e+02,2.72300666e-23,1.00000000e+00,9.35193831e+04
1.13509392e+05,1.00000000e-02,2.04393731e-07,6.25069850e-01,1.07350909e-30,6.24693802e-56,1.09874833e-30,1.05143727e-30,2.85379729e-33,6.28084801e-56,2.86710471e-33,2.66885362e-28,1.27136496e-31,1.07818018e-37,5.42234602e-38,1.08082980e-37,4.57593315e+25,1.51741774e+28,8.62728464e+02,1.40125183e+25,5.61821369e+28,1.01853958e+02,1.76008097e+02,1.44375102e+24,3.03072703e+27,9.48813607e+30,1.21540566e+31,9.30540028e+01,9.44473297e+19,3.71657031e+04,3.76168656e+02,2.18899150e-23,1.00000000e+00,9.35193831e+04
1.21998892e+05,1.00000000e-02,1.64603729e-07,2.55937996e-01,8.64525533e-31,4.04478145e-56,8.83393078e-31,8.46750510e-31,2.29823915e-33,4.06520069e-56,2.30820974e-33,2.14929908e-28,1.02386415e-31,8.68287287e-38,4.36676003e-38,8.70273826e-38,5.68208299e+25,1.88422629e+28,8.62728464e+02,1.73997935e+25,6.97631619e+28,1.01853958e+02,1.76008097e+02,1.79275196e+24,3.76335098e+27,1.17817230e+31,1.50920821e+31,9.30540028e+01,1.79769313e+308,3.99470985e+04,3.76168656e+02,1.75994802e-23,1.00000000e+00,9.35193831e+04
1.31123331e+05,1.00000000e-02,1.32560933e-07,9.80277911e-02,6.96231561e-31,2.61928032e-56,7.10337969e-31,6.81916736e-31,1.85084948e-33,2.63157568e-56,1.85831790e-33,1.73090302e-28,8.24552319e-32,6.99261029e-38,3.51669909e-38,7.00749756e-38,7.05556327e+25,2.33968385e+28,8.62728464e+02,2.16056935e+25,8.66264014e+28,1.01853958e+02,1.76008097e+02,2.22609823e+24,4.67303293e+27,1.46296159e+31,1.87401592e+31,9.30540028e+01,9.44473297e+19,4.29365118e+04,3.76168656e+02,1.41517738e-23,1.00000000e+00,9.35193831e+04
1.40930197e+05,1.00000000e-02,1.06756653e-07,3.49484326e-02,5.60703293e-31,1.69638339e-56,5.71251903e-31,5.49174988e-31,1.49056357e-33,1.70378960e-56,1.49615961e-33,1.39396585e-28,6.64045163e-32,5.63143045e-38,2.83213929e-38,5.64259166e-38,8.76097196e+25,2.90521165e+28,8.62728464e+02,2.68280317e+25,1.07564973e+29,1.01853958e+02,1.76008097e+02,2.76417111e+24,5.80255735e+27,1.81657580e+31,2.32698656e+31,9.30540028e+01,1.79769313e+308,4.61495037e+04,3.76168656e+02,1.13808188e-23,1.00000000e+00,9.35193831e+04
1.51470530e+05,1.00000000e-02,8.59760745e-08,1.15378165e-02,4.51560316e-31,1.09879580e-56,4.59449707e-31,4.42276038e-31,1.20041983e-33,1.10325769e-56,1.20461336e-33,1.12262522e-28,5.34786307e-32,4.53525161e-38,2.28085286e-38,4.54361906e-38,1.08785154e+26,3.60740676e+28,8.62728464e+02,3.33124174e+25,1.33563630e+29,1.01853958e+02,1.76008097e+02,3.43227647e+24,7.20504637e+27,2.25564558e+31,2.88942359e+31,9.30540028e+01,1.88894659e+20,4.96027935e+04,3.76168656e+02,9.15342923e-24,1.00000000e+00,9.35193831e+04
1.62799187e+05,1.00000000e-02,6.92409948e-08,3.50948224e-03,3.63664957e-31,7.11788437e-57,3.69561082e-31,3.56187847e-31,9.66760393e-34,7.14480919e-57,9.69919000e-34,9.04108355e-29,4.30691168e-32,3.65247349e-38,1.83688918e-38,3.65876939e-38,1.35077789e+26,4.47929256e+28,8.62728464e+02,4.13638032e+25,1.65845055e+29,1.01853958e+02,1.76008097e+02,4.26183446e+24,8.94645730e+27,2.80081985e+31,3.58777771e+31,9.30540028e+01,1.79769313e+308,5.33143558e+04,3.76168656e+02,7.36261479e-24,1.00000000e+00,9.35193831e+04
1.74975127e+05,1.00000000e-02,5.57637282e-08,9.80222089e-04,2.92880163e-31,4.61149093e-57,2.97295378e-31,2.86858418e-31,7.78587365e-34,4.62763480e-57,7.80934410e-34,7.28130101e-29,3.46860198e-32,2.94154553e-38,1.47935178e-38,2.94620540e-38,1.67724088e+26,5.56187118e+28,8.62728464e+02,5.13608214e+25,2.05927346e+29,1.01853958e+02,1.76008097e+02,5.29185668e+24,1.11086834e+28,3.47773650e+31,4.45489041e+31,9.30540028e+01,1.79769313e+308,5.73035063e+04,3.76168656e+02,5.92289464e-24,1.00000000e+00,9.35193831e+04
1.88061721e+05,1.00000000e-02,4.49099844e-08,2.52780821e-04,2.35874537e-31,2.98789187e-57,2.39177638e-31,2.31024853e-31,6.27044633e-34,2.99758136e-57,6.28799916e-34,5.86408272e-29,2.79348003e-32,2.36900882e-38,1.19141362e-38,2.37245880e-38,2.08259268e+26,6.90605166e+28,8.62728464e+02,6.37735889e+25,2.55695403e+29,1.01853958e+02,1.76008097e+02,6.57078067e+24,1.37934050e+28,4.31822801e+31,5.53153828e+31,9.30540028e+01,1.88894659e+20,6.15910025e+04,3.76168656e+02,4.76503858e-24,1.00000000e+00,9.35193831e+04
2.02127075e+05,1.00000000e-02,3.61689940e-08,6.30568097e-05,1.89965434e-31,1.93610473e-57,1.92438080e-31,1.86059662e-31,5.05000700e-34,1.94196914e-57,5.06322012e-34,4.72273539e-29,2.24977505e-32,1.90792019e-38,9.59524542e-39,1.91053455e-38,2.58589456e+26,8.57504283e+28,8.62728464e+02,7.91858043e+25,3.17489521e+29,1.01853958e+02,1.76008097e+02,8.15874662e+24,1.71268685e+28,5.36181771e+31,6.86834967e+31,9.30540028e+01,1.88894659e+20,6.61991616e+04,3.76168656e+02,3.83386543e-24,1.00000000e+00,9.35193831e+04
2.17244394e+05,1.00000000e-02,2.91294436e-08,1.85082872e-05,1.52992572e-31,1.25466538e-57,1.54843980e-31,1.49846977e-31,4.06712705e-34,1.25820716e-57,4.07702882e-34,3.80355213e-29,1.81190263e-32,1.53658278e-38,7.72772834e-39,1.53855231e-38,3.21081330e+26,1.06473257e+29,8.62728464e+02,9.83221968e+25,3.94215445e+29,1.01853958e+02,1.76008097e+02,1.01304255e+25,2.12658234e+28,6.65757835e+31,8.52818549e+31,9.30540028e+01,1.79769313e+308,7.11519614e+04,3.76168656e+02,3.08489350e-24,1.00000000e+00,9.35193831e+04
2.33492355e+05,1.00000000e-02,2.34601092e-08,9.16277259e-06,1.23216306e-31,8.13116706e-58,1.24600979e-31,1.20682925e-31,3.27556016e-34,8.15252459e-58,3.28297088e-34,3.06328365e-29,1.45926006e-32,1.23752449e-38,6.22371485e-39,1.23900443e-38,3.98673356e+26,1.32203422e+29,8.62728464e+02,1.22082590e+26,4.89480951e+29,1.01853958e+02,1.76008097e+02,1.25785287e+25,2.64048900e+28,8.26643862e+31,1.05890938e+32,9.30540028e+01,1.88894659e+20,7.64751850e+04,3.76168656e+02,2.48237452e-24,1.00000000e+00,9.35193831e+04
2.50955519e+05,1.00000000e-02,1.88942560e-08,7.42564183e-06,9.92357030e-32,5.26977274e-58,1.00267617e-31,9.71953735e-32,2.63806411e-34,5.28234124e-58,2.64347199e-34,2.46710128e-29,1.17525596e-32,9.96675009e-39,5.01244306e-39,9.97724075e-39,4.95013960e+26,1.64150773e+29,8.62728464e+02,1.51584211e+26,6.07765481e+29,1.01853958e+02,1.76008097e+02,1.56181677e+25,3.27857103e+28,1.02640481e+32,1.31479799e+32,9.30540028e+01,1.79769313e+308,8.21965292e+04,3.76168656e+02,1.99759085e-24,1.00000000e+00,9.35193831e+04
2.69724774e+05,1.00000000e-02,1.52170806e-08,7.14203731e-06,7.99225804e-32,3.41583155e-58,8.06981733e-32,7.82793373e-32,2.12464753e-34,3.42358973e-58,2.12879663e-34,1.98695726e-29,9.46529183e-33,8.02703424e-39,4.03692796e-39,8.03535002e-39,6.14633036e+26,2.03817460e+29,8.62728464e+02,1.88214215e+26,7.54630724e+29,1.01853958e+02,1.76008097e+02,1.93922648e+25,4.07083079e+28,1.27443336e+32,1.63251614e+32,9.30540028e+01,1.79769313e+308,8.83457720e+04,3.76168656e+02,1.60771681e-24,1.00000000e+00,9.35193831e+04
2.89897803e+05,1.00000000e-02,1.22555990e-08,7.10152376e-06,6.43683976e-32,2.21419811e-58,6.49502061e-32,6.30449552e-32,1.71115792e-34,2.21889128e-58,1.71428641e-34,1.60026433e-29,7.62319815e-33,6.46484796e-39,3.25127871e-39,6.47110334e-39,7.63154904e+26,2.53068555e+29,8.62728464e+02,2.33694892e+26,9.36982075e+29,1.01853958e+02,1.76008097e+02,2.40782729e+25,5.05451920e+28,1.58239147e+32,2.02700250e+32,9.30540028e+01,1.79769313e+308,9.49549170e+04,3.76168656e+02,1.29397648e-24,1.00000000e+00,9.35193831e+04
3.11579597e+05,1.00000000e-02,9.87050266e-09,7.09627757e-06,5.18414840e-32,1.43535398e-58,5.22779259e-32,5.07756005e-32,1.37814470e-34,1.43824213e-58,1.38053675e-34,1.28883242e-29,6.13962628e-33,5.20670585e-39,2.61853828e-39,5.21158676e-39,9.47562733e+26,3.14219735e+29,8.62728464e+02,2.90164643e+26,1.16339329e+30,1.01853958e+02,1.76008097e+02,2.98965177e+25,6.27588711e+28,1.96475863e+32,2.51680494e+32,9.30540028e+01,1.79769313e+308,1.02058357e+05,3.76168656e+02,1.04151181e-24,1.00000000e+00,9.35193831e+04
3.34882997e+05,1.00000000e-02,7.94960245e-09,7.09538908e-06,4.17526040e-32,9.30824018e-59,4.20940556e-32,4.08941522e-32,1.10994373e-34,9.33270159e-59,1.11204026e-34,1.03801253e-29,4.94479256e-33,4.19342794e-39,2.10894410e-39,4.19818070e-39,1.17652682e+27,3.90146142e+29,8.62728464e+02,3.60278505e+26,1.44450954e+30,1.01853958e+02,1.76008097e+02,3.71205553e+25,7.79235952e+28,2.43951259e+32,3.12495247e+32,9.30540028e+01,1.79769313e+308,1.09693064e+05,3.76168656e+02,8.38622711e-25,1.00000000e+00,9.35193831e+04
3.59929286e+05,1.00000000e-02,6.40254830e-09,4.78904117e-05,3.36272242e-32,6.02912730e-59,3.38532362e-32,3.29358337e-32,8.93940089e-35,6.02028922e-59,8.94736494e-35,8.36007256e-30,3.98249767e-33,3.37735441e-39,1.69852726e-39,3.37801402e-39,1.46081217e+27,4.84417545e+29,8.62728464e+02,4.47332960e+26,1.79354782e+30,1.01853958e+02,1.76008097e+02,4.60900322e+25,9.67523515e+28,3.02897446e+32,3.88003786e+32,9.30540028e+01,1.79769313e+308,1.17898770e+05,3.76168656e+02,6.74444225e-25,1.00000000e+00,9.35193831e+04
3.86848815e+05,1.00000000e-02,5.15657717e-09,7.09461730e-06,2.70831813e-32,3.91100364e-59,2.72662429e-32,2.65263393e-32,7.19974429e-35,3.91717917e-59,7.20971017e-35,6.73315644e-30,3.20748171e-33,2.72010266e-39,1.36798451e-39,2.72211538e-39,1.81378464e+27,6.01466171e+29,8.62728464e+02,5.55420929e+26,2.22691840e+30,1.01853958e+02,1.76008097e+02,5.72266540e+25,1.20130386e+29,3.76085815e+32,4.81756192e+32,9.30540028e+01,1.79769313e+308,1.26718176e+05,3.76168656e+02,5.43214243e-25,1.00000000e+00,9.35193831e+04
4.15781688e+05,1.00000000e-02,4.15308957e-09,7.09423662e-06,2.18127014e-32,2.51933786e-59,2.18078934e-32,2.13642227e-32,5.79864936e-35,2.44348793e-59,5.76908427e-35,5.42286111e-30,2.58329477e-33,2.19076136e-39,1.10177003e-39,2.17830783e-39,2.25203919e+27,7.46795049e+29,8.62728464e+02,6.89624154e+26,2.76499612e+30,1.01853958e+02,1.76008097e+02,7.10540075e+25,1.49156813e+29,4.66957308e+32,5.98160222e+32,9.30540028e+01,3.77789319e+20,1.36197188e+05,3.76168656e+02,4.34469771e-25,1.00000000e+00,9.35193831e+04
4.46878483e+05,1.00000000e-02,3.34489206e-09,7.09383570e-06,1.75679167e-32,1.62965072e-59,1.75150357e-32,1.72067127e-32,4.67022343e-35,1.54849087e-59,4.63664147e-35,4.36756414e-30,2.08058170e-33,1.76443588e-39,8.87363918e-40,1.75086313e-39,2.79618006e+27,9.27236715e+29,8.62728464e+02,8.56252109e+26,3.43307836e+30,1.01853958e+02,1.76008097e+02,8.82221764e+25,1.85196291e+29,5.79784188e+32,7.42688533e+32,9.30540028e+01,3.77789319e+20,1.46385135e+05,3.76168656e+02,3.48944916e-25,1.00000000e+00,9.35193831e+04
4.80301044e+05,1.00000000e-02,2.69397692e-09,7.09341142e-06,1.41492046e-32,1.06637871e-59,1.42303701e-32,1.38582907e-32,3.76139914e-35,1.06768760e-59,3.76546606e-35,3.51763727e-30,1.67570103e-33,1.42107711e-39,7.14683125e-40,1.42181112e-39,3.47178939e+27,1.15127443e+30,8.62728464e+02,1.06313861e+27,4.26257422e+30,1.01853958e+02,1.76008097e+02,1.09538302e+26,2.29943174e+29,7.19870878e+32,9.22135956e+32,9.30540028e+01,3.77789319e+20,1.57335035e+05,3.76168656e+02,2.83505862e-25,1.00000000e+00,9.35193831e+04
5.16223318e+05,1.00000000e-02,2.16973408e-09,7.09296075e-06,1.13957960e-32,6.81801045e-60,1.12966521e-32,1.11614935e-32,3.02943795e-35,6.42017967e-60,2.99339117e-35,2.83311168e-30,1.34961276e-33,1.14453818e-39,5.75607134e-40,1.13054568e-39,4.31062984e+27,1.42944094e+30,8.62728464e+02,1.32001009e+27,5.29248108e+30,1.01853958e+02,1.76008097e+02,1.36004527e+26,2.85501163e+29,8.93803321e+32,1.14493891e+33,9.30540028e+01,3.77789319e+20,1.69103874e+05,3.76168656e+02,2.25058594e-25,1.00000000e+00,9.35193831e+04
5.54832259e+05,1.00000000e-02,1.74751116e-09,7.09248069e-06,9.17821261e-33,4.21005664e-60,8.66097093e-33,8.98950454e-33,2.43991956e-35,2.73999513e-60,2.30069165e-35,2.28179772e-30,1.08698268e-33,9.21814917e-40,4.63595931e-40,8.69329999e-40,5.35213776e+27,1.77481369e+30,8.62728464e+02,1.63894283e+27,6.57121787e+30,1.01853958e+02,1.76008097e+02,1.68865106e+26,3.54482202e+29,1.10975859e+33,1.42157203e+33,9.30540028e+01,1.79769313e+308,1.81752905e+05,3.76168656e+02,1.72548993e-25,1.00000000e+00,9.35193831e+04
5.96328809e+05,1.00000000e-02,1.40745382e-09,7.09196821e-06,7.39217619e-33,2.63650580e-60,6.73431113e-33,7.24018982e-33,1.96512285e-35,8.25380118e-61,1.79215321e-35,1.83777076e-30,8.75461034e-34,7.42434129e-40,3.73382373e-40,6.77376229e-40,6.64527698e+27,2.20362948e+30,8.62728464e+02,2.03493063e+27,8.15890113e+30,1.01853958e+02,1.76008097e+02,2.09664895e+26,4.40129257e+29,1.37788928e+33,1.76504049e+33,9.30540028e+01,7.55578637e+20,1.95347958e+05,3.76168656e+02,1.34164936e-25,1.00000000e+00,9.35193831e+04
6.40928933e+05,1.00000000e-02,1.13357180e-09,7.09142023e-06,5.95370331e-33,1.80057155e-60,5.71031348e-33,5.83129256e-33,1.58272180e-35,1.12506919e-60,1.51816619e-35,1.48015166e-30,7.05101599e-34,5.97960927e-40,3.00724416e-40,5.73643956e-40,8.25084082e+27,2.73604789e+30,8.62728464e+02,2.52658975e+27,1.01301714e+31,1.01853958e+02,1.76008097e+02,2.60321982e+26,5.46468785e+29,1.71080079e+33,2.19149152e+33,9.30540028e+01,7.55578637e+20,2.09959775e+05,3.76168656e+02,1.13764248e-25,1.00000000e+00,9.35193831e+04
6.88864753e+05,1.00000000e-02,9.12986891e-10,7.09083354e-06,4.79515552e-33,1.17868484e-60,4.64121576e-33,4.69656503e-33,1.27473553e-35,4.80619544e-61,1.23329793e-35,1.19212481e-30,5.67893906e-34,4.81602037e-40,2.42205610e-40,4.65921095e-40,1.02443097e+28,3.39709886e+30,8.62728464e+02,3.13703396e+27,1.25777015e+31,1.01853958e+02,1.76008097e+02,3.23217847e+26,6.78499998e+29,2.12414389e+33,2.72097333e+33,9.30540028e+01,7.55578637e+20,2.25664414e+05,3.76168656e+02,9.24650496e-26,1.00000000e+00,9.35193831e+04
7.40385749e+05,1.00000000e-02,7.35327198e-10,7.09020483e-06,3.86205794e-33,7.39971673e-61,3.61770430e-33,3.78265234e-33,1.02668255e-35,0.00000000e+00,9.61340691e-36,9.60147185e-31,4.57386452e-34,3.87886266e-40,1.95074403e-40,3.63180811e-40,1.27193996e+28,4.21785939e+30,8.62728464e+02,3.89496117e+27,1.56165536e+31,1.01853958e+02,1.76008097e+02,4.01309320e+26,8.42429881e+29,2.63735047e+33,3.37837766e+33,9.30540028e+01,1.79769313e+308,2.42543601e+05,3.76168656e+02,7.20740480e-26,1.00000000e+00,9.35193831e+04
7.95760059e+05,1.00000000e-02,5.92239334e-10,7.08953061e-06,3.11053723e-33,5.04115582e-61,3.06007079e-33,3.04658322e-33,8.26899631e-36,0.00000000e+00,8.11580180e-36,7.73311434e-31,3.68383283e-34,3.12407191e-40,1.57114731e-40,3.06532515e-40,1.57924676e+28,5.23691446e+30,8.62728464e+02,4.83600247e+27,1.93895878e+31,1.01853958e+02,1.76008097e+02,4.98267576e+26,1.04596498e+30,3.27454699e+33,4.19460991e+33,9.30540028e+01,1.79769313e+308,2.60685176e+05,3.76168656e+02,6.09645431e-26,1.00000000e+00,9.35193831e+04
8.55275879e+05,1.00000000e-02,4.76995575e-10,7.08880721e-06,2.50525827e-33,3.44439365e-61,2.59595422e-33,2.45374907e-33,6.65993361e-36,0.00000000e+00,6.87236865e-36,6.22832883e-31,2.96699638e-34,2.51615924e-40,1.26541800e-40,2.59512057e-40,1.96079817e+28,6.50217087e+30,8.62728464e+02,6.00439718e+27,2.40741784e+31,1.01853958e+02,1.76008097e+02,6.18650724e+26,1.29867369e+30,4.06568872e+33,5.20804199e+33,9.30540028e+01,1.79769313e+308,2.80188757e+05,3.76168656e+02,5.17181378e-26,1.00000000e+00,9.35193831e+04
9.19242955e+05,1.00000000e-02,3.84181668e-10,7.08803073e-06,2.01778456e-33,2.26215076e-61,2.11681794e-33,1.97629802e-33,5.36404223e-36,0.00000000e+00,5.60322683e-36,5.01641921e-31,2.38967756e-34,2.02656441e-40,1.01919268e-40,2.11584435e-40,2.43450462e+28,8.07302113e+30,8.62728464e+02,7.45499101e+27,2.98902252e+31,1.01853958e+02,1.76008097e+02,7.68109678e+26,1.61241843e+30,5.04791271e+33,6.46624549e+33,9.30540028e+01,7.55578637e+20,3.01156570e+05,3.76168656e+02,4.21725009e-26,1.00000000e+00,9.35193831e+04
9.87994204e+05,1.00000000e-02,3.09428287e-10,7.08719702e-06,1.62516765e-33,1.26165476e-61,1.46581486e-33,1.59175349e-33,4.32031649e-36,0.00000000e+00,3.88904226e-36,4.04033333e-31,1.92469837e-34,1.63223913e-40,8.20879991e-41,1.46897137e-40,3.02264560e+28,1.00233458e+31,8.62728464e+02,9.25600861e+27,3.71112696e+31,1.01853958e+02,1.76008097e+02,9.53673825e+26,2.00195532e+30,6.26741514e+33,8.02839652e+33,9.30540028e+01,1.79769313e+308,3.23683350e+05,3.76168656e+02,2.92028319e-26,1.00000000e+00,9.35193831e+04
1.06188744e+06,1.00000000e-02,2.49220501e-10,7.08630168e-06,1.30894657e-33,2.24413043e-62,3.23715079e-34,1.28203406e-33,3.47968007e-36,0.00000000e+00,8.91612741e-37,3.25417533e-31,1.55019536e-34,1.31464211e-40,6.61155207e-41,3.38301753e-41,3.75286962e+28,1.24448298e+31,8.62728464e+02,1.14921159e+28,4.60767734e+31,1.01853958e+02,1.76008097e+02,1.18406654e+27,2.48559649e+30,7.78152487e+33,9.96793188e+33,9.30540028e+01,1.79769313e+308,3.47893382e+05,3.76168656e+02,6.44924356e-27,1.00000000e+00,9.35193831e+04
1.14130723e+06,1.00000000e-02,2.00727953e-10,7.08534000e-06,1.05425583e-33,0.00000000e+00,0.00000000e+00,1.03257987e-33,2.80261476e-36,0.00000000e+00,0.00000000e+00,2.62098804e-31,1.24856317e-34,1.05884314e-40,5.32509687e-41,0.00000000e+00,4.65950076e+28,1.54512946e+31,8.62728464e+02,1.42684207e+28,5.72081587e+31,1.01853958e+02,1.76008097e+02,1.47011741e+27,3.08607543e+30,9.66141238e+33,1.23760191e+34,9.30540028e+01,1.51115727e+21,3.73914060e+05,3.76168656e+02,0.00000000e+00,1.00000000e+00,9.35193831e+04
1.22666693e+06,1.00000000e-02,1.61671047e-10,7.08430693e-06,8.49122614e-34,0.00000000e+00,0.00000000e+00,8.31664282e-34,2.25729231e-36,0.00000000e+00,0.00000000e+00,2.11100584e-31,1.00562235e-34,8.52817346e-41,4.28895914e-41,0.00000000e+00,5.78515488e+28,1.91840579e+31,8.62728464e+02,1.77154223e+28,7.10286521e+31,1.01853958e+02,1.76008097e+02,1.82527213e+27,3.83161744e+30,1.19954411e+34,1.53658495e+34,9.30540028e+01,1.51115727e+21,4.01880838e+05,3.76168656e+02,0.00000000e+00,1.00000000e+00,9.35193831e+04
1.31841077e+06,1.00000000e-02,1.30213777e-10,7.08319709e-06,6.83903916e-34,0.00000000e+00,0.00000000e+00,6.69842552e-34,1.81807789e-36,0.00000000e+00,0.00000000e+00,1.70025523e-31,8.09952595e-35,6.86879743e-41,3.45443156e-41,0.00000000e+00,7.18274266e+28,2.38185760e+31,8.62728464e+02,2.19951449e+28,8.81878775e+31,1.01853958e+02,1.76008097e+02,2.26622455e+27,4.75726624e+30,1.48933207e+34,1.90779582e+34,9.30540028e+01,1.51115727e+21,4.31939250e+05,3.76168656e+02,0.00000000e+00,1.00000000e+00,9.35193831e+04
1.41701625e+06,1.00000000e-02,1.04877388e-10,7.08200469e-06,5.50833086e-34,0.00000000e+00,0.00000000e+00,5.39507717e-34,1.46432479e-36,0.00000000e+00,0.00000000e+00,1.36942751e-31,6.52355802e-35,5.53229891e-41,2.78228440e-41,0.00000000e+00,8.91795710e+28,2.95726923e+31,8.62728464e+02,2.73087549e+28,1.09492397e+32,1.01853958e+02,1.76008097e+02,2.81370144e+27,5.90653157e+30,1.84912645e+34,2.36868311e+34,9.30540028e+01,1.79769313e+308,4.64245714e+05,3.76168656e+02,0.00000000e+00,1.00000000e+00,9.35193831e+04
1.52299654e+06,1.00000000e-02,8.44708820e-11,7.08072354e-06,4.43654800e-34,0.00000000e+00,0.00000000e+00,4.34533063e-34,1.17940395e-36,0.00000000e+00,0.00000000e+00,1.10297130e-31,5.25423745e-35,4.45585246e-41,2.24092172e-41,0.00000000e+00,1.10723604e+29,3.67168740e+31,8.62728464e+02,3.39060137e+28,1.35943609e+32,1.01853958e+02,1.76008097e+02,3.49343644e+27,7.33343359e+30,2.29583909e+34,2.94091043e+34,9.30540028e+01,1.79769313e+308,4.98968409e+05,3.76168656e+02,0.00000000e+00,1.00000000e+00,9.35193831e+04
1.63690322e+06,1.00000000e-02,6.80350010e-11,7.07934699e-06,3.57330882e-34,0.00000000e+00,0.00000000e+00,3.49984003e-34,9.49922000e-37,0.00000000e+00,0.00000000e+00,8.88361194e-32,4.23189674e-35,3.58885713e-41,1.80489546e-41,0.00000000e+00,1.37472188e+29,4.55869285e+31,8.62728464e+02,4.20970213e+28,1.68784837e+32,1.01853958e+02,1.76008097e+02,4.33738007e+27,9.10504291e+30,2.85046740e+34,3.65137494e+34,9.30540028e+01,1.51115727e+21,5.36287973e+05,3.76168656e+02,0.00000000e+00,1.00000000e+00,9.35193831e+04
1.75932911e+06,1.00000000e-02,5.47971468e-11,7.07786793e-06,2.87803520e-34,0.00000000e+00,0.00000000e+00,2.81886154e-34,7.65091710e-37,0.00000000e+00,0.00000000e+00,7.15509048e-32,3.40847892e-35,2.89055821e-41,1.45370942e-41,0.00000000e+00,1.70682618e+29,5.65997850e+31,8.62728464e+02,5.22667885e+28,2.09559753e+32,1.01853958e+02,1.76008097e+02,5.38520114e+27,1.13046324e+31,3.53908121e+34,4.53347140e+34,9.30540028e+01,1.51115727e+21,5.76398675e+05,3.76168656e+02,0.00000000e+00,1.00000000e+00,9.35193831e+04
1.89091138e+06,1.00000000e-02,4.41350535e-11,7.07627869e-06,2.31804473e-34,0.00000000e+00,0.00000000e+00,2.27038472e-34,6.16224850e-37,0.00000000e+00,1.03873545e-35,5.76289678e-32,2.74527796e-35,2.32813109e-41,1.17085554e-41,0.00000000e+00,2.11915920e+29,7.02730932e+31,8.62728464e+02,6.48933367e+28,2.60184947e+32,1.01853958e+02,1.76008097e+02,6.68615158e+27,1.40355920e+31,4.39404821e+34,5.62866199e+34,9.30540028e+01,1.79769313e+308,6.19509250e+05,3.76168656e+02,0.00000000e+00,1.00000000e+00,9.35193831e+04
2.03233484e+06,1.00000000e-02,3.55475370e-11,7.07457108e-06,1.86701441e-34,0.00000000e+00,0.00000000e+00,1.82862778e-34,4.96323758e-37,0.00000000e+00,0.00000000e+00,4.64158917e-32,2.21111933e-35,1.87513823e-41,9.43037954e-42,0.00000000e+00,2.63110226e+29,8.72495535e+31,8.62728464e+02,8.05701640e+28,3.23040006e+32,1.01853958e+02,1.76008097e+02,8.30138127e+27,1.74262876e+31,5.45555528e+34,6.98842506e+34,9.30540028e+01,1.79769313e+308,6.65844078e+05,3.76168656e+02,0.00000000e+00,1.00000000e+00,9.35193831e+04
2.18433553e+06,1.00000000e-02,2.86309329e-11,7.07273629e-06,1.50374313e-34,0.00000000e+00,0.00000000e+00,1.47282551e-34,3.99752372e-37,0.00000000e+00,0.00000000e+00,3.73845952e-32,1.78089439e-35,1.51028627e-41,7.59547882e-42,0.00000000e+00,3.26671873e+29,1.08327128e+32,8.62728464e+02,1.00034145e+29,4.01079371e+32,1.01853958e+02,1.76008097e+02,1.03068125e+28,2.16360957e+31,6.77349751e+34,8.67667493e+34,9.30540028e+01,1.51115727e+21,7.15644275e+05,3.76168656e+02,0.00000000e+00,1.00000000e+00,9.35193831e+04
2.34770452e+06,1.00000000e-02,2.30601216e-11,7.07076488e-06,1.21115506e-34,7.24725555e-62,1.12982344e-32,1.18625319e-34,3.21971288e-37,0.00000000e+00,0.00000000e+00,3.01105562e-32,1.43438013e-35,1.21642509e-41,6.11760245e-42,0.00000000e+00,4.05588514e+29,1.34496547e+32,8.62728464e+02,1.24200164e+29,4.97971205e+32,1.01853958e+02,1.76008097e+02,1.27967086e+28,2.68628940e+31,8.40982349e+34,1.07727662e+35,9.30540028e+01,3.02231455e+21,7.69169005e+05,3.76168656e+02,2.25090119e-25,1.00000000e+00,9.35193831e+04
2.52329207e+06,1.00000000e-02,1.85732447e-11,7.06864666e-06,9.75496994e-35,7.18622879e-62,1.39095109e-32,9.55440350e-35,2.59324369e-37,0.00000000e+00,0.00000000e+00,2.42518550e-32,1.15528849e-35,9.79741611e-42,4.92728221e-42,0.00000000e+00,5.03569551e+29,1.66987879e+32,8.62728464e+02,1.54204122e+29,6.18269816e+32,1.01853958e+02,1.76008097e+02,1.58881048e+28,3.33523633e+31,1.04414472e+35,1.33752235e+35,9.30540028e+01,1.51115727e+21,8.26696850e+05,3.76168656e+02,2.77113516e-25,1.00000000e+00,9.35193831e+04
2.71201202e+06,1.00000000e-02,1.49593957e-11,7.06637073e-06,7.85691774e-35,0.00000000e+00,0.00000000e+00,7.69537607e-35,2.08866890e-37,0.00000000e+00,0.00000000e+00,1.95331027e-32,9.30500727e-36,7.89110504e-42,3.96856692e-42,0.00000000e+00,6.25220474e+29,2.07328343e+32,8.62728464e+02,1.91456322e+29,7.67629708e+32,1.01853958e+02,1.76008097e+02,1.97263087e+28,4.14095339e+31,1.29638627e+35,1.66063725e+35,9.30540028e+01,1.79769313e+308,8.88527214e+05,3.76168656e+02,0.00000000e+00,1.00000000e+00,9.35193831e+04
2.91484655e+06,1.00000000e-02,1.20487054e-11,7.06392546e-06,6.32817588e-35,0.00000000e+00,0.00000000e+00,6.19806582e-35,1.68227091e-37,0.00000000e+00,0.00000000e+00,1.57324938e-32,7.49450669e-36,6.35571126e-42,3.19639206e-42,0.00000000e+00,7.76259372e+29,2.57414106e+32,8.62728464e+02,2.37707770e+29,9.53071404e+32,1.01853958e+02,1.76008097e+02,2.44917315e+28,5.14131256e+31,1.60956341e+35,2.06180905e+35,9.30540028e+01,1.79769313e+308,9.54981851e+05,3.76168656e+02,0.00000000e+00,1.00000000e+00,9.35193831e+04
3.13285131e+06,1.00000000e-02,9.70435734e-12,7.06129827e-06,5.09688618e-35,0.00000000e+00,0.00000000e+00,4.99209198e-35,1.35494707e-37,0.00000000e+00,0.00000000e+00,1.26713814e-32,6.03628097e-36,5.11906394e-42,2.57446171e-42,0.00000000e+00,9.63785663e+29,3.19599394e+32,8.62728464e+02,2.95132463e+29,1.18331139e+33,1.01853958e+02,1.76008097e+02,3.04083668e+28,6.38333464e+31,1.99839666e+35,2.55989438e+35,9.30540028e+01,1.79769313e+308,1.02640665e+06,3.76168656e+02,0.00000000e+00,1.00000000e+00,9.35193831e+04
3.36716090e+06,1.00000000e-02,7.81615596e-12,7.05847569e-06,4.10517213e-35,0.00000000e+00,0.00000000e+00,4.02076800e-35,1.09131159e-37,0.00000000e+00,0.00000000e+00,1.02058787e-32,4.86178650e-36,4.12303470e-42,2.07354218e-42,0.00000000e+00,1.19661385e+30,3.96807170e+32,8.62728464e+02,3.66429598e+29,1.46917188e+33,1.01853958e+02,1.76008097e+02,3.77543205e+28,7.92539973e+31,2.48116278e+35,3.17830528e+35,9.30540028e+01,1.79769313e+308,1.10317325e+06,3.76168656e+02,0.00000000e+00,1.00000000e+00,9.35193831e+04
3.61899477e+06,1.00000000e-02,6.29534715e-12,7.05544329e-06,3.30641863e-35,0.00000000e+00,0.00000000e+00,3.23843722e-35,8.78972392e-38,0.00000000e+00,0.00000000e+00,8.22009558e-33,3.91581666e-36,3.32080564e-42,1.67008794e-42,0.00000000e+00,1.48568780e+30,4.92666513e+32,8.62728464e+02,4.54950429e+29,1.82408949e+33,1.01853958e+02,1.76008097e+02,4.68748824e+28,9.83999117e+31,3.08055375e+35,3.94610960e+35,9.30540028e+01,1.79769313e+308,1.18568123e+06,3.76168656e+02,0.00000000e+00,1.00000000e+00,9.35193831e+04
3.88966360e+06,1.00000000e-02,5.07044617e-12,7.05218556e-06,2.66308073e-35,0.00000000e+00,0.00000000e+00,2.60832662e-35,7.07948599e-38,0.00000000e+00,0.00000000e+00,6.62069162e-33,3.15390671e-36,2.67466842e-42,1.34513488e-42,0.00000000e+00,1.84459516e+30,6.11683198e+32,8.62728464e+02,5.64855792e+29,2.26474677e+33,1.01853958e+02,1.76008097e+02,5.81987557e+28,1.22171025e+32,3.82474335e+35,4.89939721e+35,9.30540028e+01,1.79769313e+308,1.27435999e+06,3.76168656e+02,0.00000000e+00,1.00000000e+00,9.35193831e+04
4.18057606e+06,1.00000000e-02,4.08387726e-12,7.04868586e-06,2.14491870e-35,0.00000000e+00,0.00000000e+00,2.10081824e-35,5.70201337e-38,0.00000000e+00,0.00000000e+00,5.33248773e-33,2.54024349e-36,2.15425175e-42,1.08340875e-42,0.00000000e+00,2.29020607e+30,7.59451504e+32,8.62728464e+02,7.01311695e+29,2.81185644e+33,1.01853958e+02,1.76008097e+02,7.22582092e+28,1.51684677e+32,4.74871159e+35,6.08297660e+35,9.30540028e+01,1.79769313e+308,1.36967102e+06,3.76168656e+02,0.00000000e+00,1.00000000e+00,9.35193831e+04
4.49324620e+06,1.00000000e-02,3.28926750e-12,7.04492636e-06,1.72757674e-35,0.00000000e+00,0.00000000e+00,1.69205701e-35,4.59255900e-38,0.00000000e+00,0.00000000e+00,4.29493284e-33,2.04598224e-36,1.73509384e-42,8.72607318e-43,0.00000000e+00,2.84346606e+30,9.42917148e+32,8.62728464e+02,8.70732127e+29,3.49113490e+33,1.01853958e+02,1.76008097e+02,8.97140953e+28,1.88328132e+32,5.89588876e+35,7.55248086e+35,9.30540028e+01,1.79769313e+308,1.47211036e+06,3.76168656e+02,0.00000000e+00,1.00000000e+00,9.35193831e+04
4.82930130e+06,1.00000000e-02,2.64926683e-12,7.04088792e-06,1.39143799e-35,0.00000000e+00,0.00000000e+00,1.36282942e-35,3.69897378e-38,0.00000000e+00,0.00000000e+00,3.45925745e-33,1.64789057e-36,1.39749247e-42,7.02822019e-43,0.00000000e+00,3.53038070e+30,1.17070379e+33,8.62728464e+02,1.08108057e+30,4.33451113e+33,1.01853958e+02,1.76008097e+02,1.11386914e+29,2.33823787e+32,7.32019707e+35,9.37698291e+35,9.30540028e+01,1.79769313e+308,1.58221109e+06,3.76168656e+02,0.00000000e+00,1.00000000e+00,9.35193831e+04
5.19049036e+06,1.00000000e-02,2.13379257e-12,7.03655004e-06,1.12070254e-35,0.00000000e+00,0.00000000e+00,1.09766040e-35,2.97925550e-38,0.00000000e+00,0.00000000e+00,2.78618136e-33,1.32725651e-36,1.12557898e-42,5.66072238e-43,0.00000000e+00,4.38323790e+30,1.45351838e+33,8.62728464e+02,1.34224428e+30,5.38162740e+33,1.01853958e+02,1.76008097e+02,1.38295381e+29,2.90310132e+32,9.08858505e+35,1.16422421e+36,9.30540028e+01,1.79769313e+308,1.70054627e+06,3.76168656e+02,0.00000000e+00,1.00000000e+00,9.35193831e+04
5.57869317e+06,1.00000000e-02,1.71861534e-12,7.03189070e-06,9.02644705e-36,0.00000000e+00,0.00000000e+00,8.84085935e-36,2.39957448e-38,0.00000000e+00,0.00000000e+00,2.24406725e-33,1.06900897e-36,9.06572324e-43,4.55930180e-43,0.00000000e+00,5.44212557e+30,1.80465440e+33,8.62728464e+02,1.66649908e+30,6.68170260e+33,1.01853958e+02,1.76008097e+02,1.71704308e+29,3.60442264e+32,1.12841744e+36,1.44547353e+36,9.30540028e+01,1.79769313e+308,1.82773174e+06,3.76168656e+02,0.00000000e+00,1.00000000e+00,9.35193831e+04
5.99593011e+06,1.00000000e-02,1.38422006e-12,7.02688633e-06,7.27014871e-36,0.00000000e+00,0.00000000e+00,7.12067128e-36,1.93268328e-38,0.00000000e+00,0.00000000e+00,1.80743348e-33,8.61009227e-37,7.30178284e-43,3.67218706e-43,0.00000000e+00,6.75681616e+30,2.24061680e+33,8.62728464e+02,2.06908639e+30,8.29584608e+33,1.01853958e+02,1.76008097e+02,2.13184064e+29,4.47516707e+32,1.40101678e+36,1.79466622e+36,9.30540028e+01,1.79769313e+308,1.96442931e+06,3.76168656e+02,0.00000000e+00,1.00000000e+00,9.35193831e+04
6.44437269e+06,1.00000000e-02,1.11488884e-12,7.02151164e-06,5.85557735e-36,0.00000000e+00,0.00000000e+00,5.73518412e-36,1.55663617e-38,0.00000000e+00,0.00000000e+00,1.45575654e-33,6.93480467e-37,5.88105635e-43,2.95768027e-43,0.00000000e+00,8.38910587e+30,2.78189774e+33,8.62728464e+02,2.56892956e+30,1.02999296e+34,1.01853958e+02,1.76008097e+02,2.64684377e+29,5.55626340e+32,1.73946986e+36,2.22821585e+36,9.30540028e+01,1.79769313e+308,2.11135056e+06,3.76168656e+02,0.00000000e+00,1.00000000e+00,9.35193831e+04
6.92635481e+06,1.00000000e-02,8.97962002e-13,7.01573957e-06,4.71624236e-36,0.00000000e+00,0.00000000e+00,4.61927436e-36,1.25375740e-38,0.00000000e+00,0.00000000e+00,1.17250619e-33,5.58548161e-37,4.73676384e-43,2.38219669e-43,0.00000000e+00,1.04157197e+31,3.45393983e+33,8.62728464e+02,3.18952347e+30,1.27881542e+34,1.01853958e+02,1.76008097e+02,3.28625996e+29,6.89852802e+32,2.15968551e+36,2.76650123e+36,9.30540028e+01,6.04462910e+21,2.26926001e+06,3.76168656e+02,0.00000000e+00,1.00000000e+00,9.35193831e+04
7.44438494e+06,1.00000000e-02,7.23243121e-13,7.00954109e-06,3.79859041e-36,0.00000000e+00,0.00000000e+00,3.72048973e-36,1.00981045e-38,0.00000000e+00,0.00000000e+00,9.44368506e-34,4.49869943e-37,3.81511897e-43,1.91868628e-43,0.00000000e+00,1.29319176e+31,4.28833215e+33,8.62728464e+02,3.96003889e+30,1.58774778e+34,1.01853958e+02,1.76008097e+02,4.08014468e+29,8.56505351e+32,2.68141579e+36,3.43482421e+36,9.30540028e+01,1.79769313e+308,2.43897949e+06,3.76168656e+02,0.00000000e+00,1.00000000e+00,9.35193831e+04
8.00115914e+06,1.00000000e-02,5.82519703e-13,7.00288512e-06,3.05948815e-36,0.00000000e+00,0.00000000e+00,2.99658373e-36,8.13328835e-39,0.00000000e+00,0.00000000e+00,7.60620109e-34,3.62337502e-37,3.07280070e-43,1.54536217e-43,0.00000000e+00,1.60559728e+31,5.32429498e+33,8.62728464e+02,4.91669358e+30,1.97131127e+34,1.01853958e+02,1.76008097e+02,5.06581419e+29,1.06341743e+33,3.32918444e+36,4.26459907e+36,9.30540028e+01,1.79769313e+308,2.62139226e+06,3.76168656e+02,0.00000000e+00,1.00000000e+00,9.35193831e+04
8.59957513e+06,1.00000000e-02,4.69177175e-13,6.99573839e-06,2.46419477e-36,0.00000000e+00,0.00000000e+00,2.41352985e-36,6.55077113e-39,0.00000000e+00,0.00000000e+00,6.12624075e-34,2.91836456e-37,2.47491706e-43,1.24467662e-43,0.00000000e+00,1.99347304e+31,6.61052347e+33,8.62728464e+02,6.10445486e+30,2.44753521e+34,1.01853958e+02,1.76008097e+02,6.28959961e+29,1.32031488e+33,4.13343963e+36,5.29482914e+36,9.30540028e+01,6.04462910e+21,2.81744766e+06,3.76168656e+02,0.00000000e+00,1.00000000e+00,9.35193831e+04
9.24274735e+06,1.00000000e-02,3.77887983e-13,6.98806529e-06,1.98472910e-36,0.00000000e+00,0.00000000e+00,1.94392220e-36,5.27616819e-39,0.00000000e+00,0.00000000e+00,4.93423994e-34,2.35052972e-37,1.99336512e-43,1.00249621e-43,0.00000000e+00,2.47505105e+31,8.20747648e+33,8.62728464e+02,7.57915312e+30,3.03880438e+34,1.01853958e+02,1.76008097e+02,7.80902466e+29,1.63927310e+33,5.13198518e+36,6.57394015e+36,9.30540028e+01,1.79769313e+308,3.02816604e+06,3.76168656e+02,0.00000000e+00,1.00000000e+00,9.35193831e+04
9.93402316e+06,1.00000000e-02,3.04361157e-13,6.97982768e-06,1.59855426e-36,0.00000000e+00,0.00000000e+00,1.56568728e-36,4.24956793e-39,0.00000000e+00,0.00000000e+00,3.97416971e-34,1.89317993e-37,1.60550994e-43,8.07437439e-44,0.00000000e+00,3.07296785e+31,1.01902186e+34,8.62728464e+02,9.41010646e+30,3.77291133e+34,1.01853958e+02,1.76008097e+02,9.69550980e+29,2.03528469e+33,6.37175765e+36,8.16205658e+36,9.30540028e+01,1.79769313e+308,3.25464393e+06,3.76168656e+02,0.00000000e+00,1.00000000e+00,9.35193831e+04
1.06770003e+07,1.00000000e-02,2.45140636e-13,6.97098481e-06,1.28751846e-36,0.00000000e+00,0.00000000e+00,1.26104651e-36,3.42271595e-39,0.00000000e+00,0.00000000e+00,3.20090284e-34,1.52481787e-37,1.29312075e-43,6.50331762e-44,0.00000000e+00,3.81532848e+31,1.26519486e+34,8.62728464e+02,1.16833787e+31,4.68436273e+34,1.01853958e+02,1.76008097e+02,1.20377292e+30,2.52696417e+33,7.91103247e+36,1.01338278e+37,9.30540028e+01,1.20892582e+22,3.49806015e+06,3.76168656e+02,0.00000000e+00,1.00000000e+00,9.35193831e+04
1.14755456e+07,1.00000000e-02,1.97442812e-13,6.96149306e-06,1.03700173e-36,0.00000000e+00,0.00000000e+00,1.01568053e-36,2.75674679e-39,0.00000000e+00,0.00000000e+00,2.57809259e-34,1.22812902e-37,1.04151397e-43,5.23794561e-44,0.00000000e+00,4.73702759e+31,1.57083801e+34,8.62728464e+02,1.45058250e+31,5.81600133e+34,1.01853958e+02,1.76008097e+02,1.49457787e+30,3.13742292e+33,9.82216323e+36,1.25819368e+37,9.30540028e+01,1.79769313e+308,3.75968152e+06,3.76168656e+02,0.00000000e+00,1.00000000e+00,9.35193831e+04
1.23338149e+07,1.00000000e-02,1.59025687e-13,6.95130582e-06,8.35228752e-37,0.00000000e+00,0.00000000e+00,8.18056084e-37,2.22035712e-39,0.00000000e+00,0.00000000e+00,2.07646428e-34,9.89167747e-38,8.38863029e-44,4.21878058e-44,0.00000000e+00,5.88138976e+31,1.95031808e+34,8.62728464e+02,1.80101148e+31,7.22101994e+34,1.01853958e+02,1.76008097e+02,1.85563517e+30,3.89535562e+33,1.21949829e+37,1.56214573e+37,9.30540028e+01,1.79769313e+308,4.04086933e+06,3.76168656e+02,0.00000000e+00,1.00000000e+00,9.35193831e+04
1.32562753e+07,1.00000000e-02,1.28083490e-13,6.94037328e-06,6.72715306e-37,0.00000000e+00,0.00000000e+00,6.58883985e-37,1.78833429e-39,0.00000000e+00,0.00000000e+00,1.67243919e-34,7.96701839e-38,6.75642448e-44,3.39791735e-44,0.00000000e+00,7.30220613e+31,2.42147268e+34,8.62728464e+02,2.23609685e+31,8.96546194e+34,1.01853958e+02,1.76008097e+02,2.30391643e+30,4.83638916e+33,1.51410266e+37,1.93952630e+37,9.30540028e+01,1.79769313e+308,4.34308701e+06,3.76168656e+02,0.00000000e+00,1.00000000e+00,9.35193831e+04
1.42477275e+07,1.00000000e-02,1.03161811e-13,6.92864226e-06,5.41822595e-37,0.00000000e+00,0.00000000e+00,5.30682485e-37,1.44037146e-39,0.00000000e+00,0.00000000e+00,1.34702650e-34,6.41684609e-38,5.44180192e-44,2.73677197e-44,0.00000000e+00,9.06626242e+31,3.00644852e+34,8.62728464e+02,2.77628985e+31,1.11313251e+35,1.01853958e+02,1.76008097e+02,2.86049320e+30,6.00475699e+33,1.87987736e+37,2.40807423e+37,9.30540028e+01,1.20892582e+22,4.66790790e+06,3.76168656e+02,0.00000000e+00,1.00000000e+00,9.35193831e+04
1.53133316e+07,1.00000000e-02,8.30892205e-14,6.91605597e-06,4.36398089e-37,0.00000000e+00,0.00000000e+00,4.27425554e-37,1.16011284e-39,0.00000000e+00,0.00000000e+00,1.08493037e-34,5.16829567e-38,4.38296960e-44,2.20426773e-44,0.00000000e+00,1.12564788e+32,3.73274260e+34,8.62728464e+02,3.44698249e+31,1.38204168e+35,1.01853958e+02,1.76008097e+02,3.55152757e+30,7.45537869e+33,2.33401579e+37,2.98981380e+37,9.30540028e+01,1.79769313e+308,5.01702201e+06,3.76168656e+02,0.00000000e+00,1.00000000e+00,9.35193831e+04
1.64586335e+07,1.00000000e-02,6.69222192e-14,6.90255383e-06,3.51486371e-37,0.00000000e+00,0.00000000e+00,3.44259658e-37,9.34385058e-40,0.00000000e+00,0.00000000e+00,8.73831141e-35,4.16267975e-38,3.53015771e-44,1.77537456e-44,0.00000000e+00,1.39758074e+32,4.63449474e+34,8.62728464e+02,4.27970100e+31,1.71591389e+35,1.01853958e+02,1.76008097e+02,4.40950197e+30,9.25644144e+33,2.89786494e+37,3.71208996e+37,9.30540028e+01,1.79769313e+308,5.39224621e+06,3.76168656e+02,0.00000000e+00,1.00000000e+00,9.35193831e+04
1.76895938e+07,1.00000000e-02,5.39008857e-14,6.88807123e-06,2.83096211e-37,0.00000000e+00,0.00000000e+00,2.77275629e-37,7.52577884e-40,0.00000000e+00,0.00000000e+00,7.03806195e-35,3.35272990e-38,2.84328029e-44,1.42993257e-44,0.00000000e+00,1.73520720e+32,5.75409233e+34,8.62728464e+02,5.31358780e+31,2.13044302e+35,1.01853958e+02,1.76008097e+02,5.47474599e+30,1.14926053e+34,3.59792887e+37,4.60885373e+37,9.30540028e+01,1.79769313e+308,5.79553340e+06,3.76168656e+02,0.00000000e+00,1.00000000e+00,9.35193831e+04
1.90126191e+07,1.00000000e-02,4.34131589e-14,6.87253935e-06,2.28012966e-37,0.00000000e+00,0.00000000e+00,2.23324919e-37,6.06145573e-40,0.00000000e+00,0.00000000e+00,5.66863601e-35,2.70037485e-38,2.29005104e-44,1.15170445e-44,0.00000000e+00,2.15439759e+32,7.14416276e+34,8.62728464e+02,6.59724138e+31,2.64511426e+35,1.01853958e+02,1.76008097e+02,6.79733208e+30,1.42689825e+34,4.46711453e+37,5.72225805e+37,9.30540028e+01,2.41785164e+22,6.22898239e+06,3.76168656e+02,0.00000000e+00,1.00000000e+00,9.35193831e+04
2.04345950e+07,1.00000000e-02,3.49660669e-14,6.85588486e-06,1.83647466e-37,0.00000000e+00,0.00000000e+00,1.79871594e-37,4.88205126e-40,0.00000000e+00,0.00000000e+00,4.56566422e-35,2.17495087e-38,1.84446559e-44,9.27612179e-45,0.00000000e+00,2.67485631e+32,8.87004745e+34,8.62728464e+02,8.19100097e+31,3.28412017e+35,1.01853958e+02,1.76008097e+02,8.43942952e+30,1.77160790e+34,5.54627871e+37,7.10463943e+37,9.30540028e+01,2.41785164e+22,6.69484874e+06,3.76168656e+02,0.00000000e+00,1.00000000e+00,9.35193831e+04
2.19629221e+07,1.00000000e-02,2.81625576e-14,6.83802977e-06,1.47914329e-37,0.00000000e+00,0.00000000e+00,1.44873146e-37,3.93212797e-40,0.00000000e+00,0.00000000e+00,3.67730182e-35,1.75176062e-38,1.48557939e-44,7.47122388e-45,0.00000000e+00,3.32104797e+32,1.10128731e+35,8.62728464e+02,1.01697826e+32,4.07749776e+35,1.01853958e+02,1.76008097e+02,1.04782265e+31,2.19959285e+34,6.88614846e+37,8.82097789e+37,9.30540028e+01,1.79769313e+308,7.19555740e+06,3.76168656e+02,0.00000000e+00,1.00000000e+00,9.35193831e+04
2.36055545e+07,1.00000000e-02,2.26828341e-14,6.81889111e-06,1.19133931e-37,0.00000000e+00,0.00000000e+00,1.16684485e-37,3.16703503e-40,0.00000000e+00,0.00000000e+00,2.96179162e-35,1.41091218e-38,1.19652311e-44,6.01751212e-45,0.00000000e+00,4.12334739e+32,1.36733651e+35,8.62728464e+02,1.26266007e+32,5.06254048e+35,1.01853958e+02,1.76008097e+02,1.30095585e+31,2.73097092e+34,8.54970556e+37,1.09519515e+38,9.30540028e+01,1.79769313e+308,7.73371401e+06,3.76168656e+02,0.00000000e+00,1.00000000e+00,9.35193831e+04
2.53710414e+07,1.00000000e-02,1.82693226e-14,6.79838078e-06,9.59534512e-38,0.00000000e+00,0.00000000e+00,9.39806063e-38,2.55080932e-40,0.00000000e+00,0.00000000e+00,2.38550114e-35,1.13638400e-38,9.63709673e-45,4.84665495e-45,0.00000000e+00,5.11946758e+32,1.69765831e+35,8.62728464e+02,1.56769408e+32,6.28555137e+35,1.01853958e+02,1.76008097e+02,1.61524138e+31,3.39072016e+34,1.06151474e+38,1.35977290e+38,9.30540028e+01,2.41785164e+22,8.31211912e+06,3.76168656e+02,0.00000000e+00,1.00000000e+00,9.35193831e+04
2.72685711e+07,1.00000000e-02,1.47145669e-14,6.77640523e-06,7.72832968e-38,0.00000000e+00,0.00000000e+00,7.56943184e-38,2.05448528e-40,0.00000000e+00,0.00000000e+00,1.92134196e-35,9.15271946e-39,7.76195746e-45,3.90361647e-45,0.00000000e+00,6.35623224e+32,2.10777982e+35,8.62728464e+02,1.94641874e+32,7.80401940e+35,1.01853958e+02,1.76008097e+02,2.00545255e+31,4.20985277e+34,1.31795624e+38,1.68826782e+38,9.30540028e+01,1.79769313e+308,8.93378336e+06,3.76168656e+02,0.00000000e+00,1.00000000e+00,9.35193831e+04
2.93080192e+07,1.00000000e-02,1.18514757e-14,6.75286530e-06,6.22458763e-38,0.00000000e+00,0.00000000e+00,6.09660738e-38,1.65473320e-40,0.00000000e+00,0.00000000e+00,1.54749628e-35,7.37182634e-39,6.25167227e-45,3.14406913e-45,0.00000000e+00,7.89177713e+32,2.61697936e+35,8.62728464e+02,2.41663651e+32,9.68932214e+35,1.01853958e+02,1.76008097e+02,2.48993177e+31,5.22687318e+34,1.63634941e+38,2.09612123e+38,9.30540028e+01,1.79769313e+308,9.60194132e+06,3.76168656e+02,0.00000000e+00,1.00000000e+00,9.35193831e+04
3.15000000e+07,1.00000000e-02,9.54546910e-15,6.72765597e-06,5.01343550e-38,0.00000000e+00,0.00000000e+00,4.91035707e-38,1.33276269e-40,0.00000000e+00,0.00000000e+00,1.24639145e-35,5.93744969e-39,5.03525013e-45,2.53231037e-45,0.00000000e+00,9.79828270e+32,3.24919257e+35,8.62728464e+02,3.00045064e+32,1.20300809e+36,1.01853958e+02,1.76008097e+02,3.09145265e+31,6.48958786e+34,2.03166079e+38,2.60250487e+38,9.30540028e+01,1.79769313e+308,9.07347158e+06,3.76168656e+02,0.00000000e+00,1.00000000e+00,9.35193831e+04
