time,t9,rho,R15_14,Y_h1,X_h1,Y_he4,X_he4,Y_c12,X_c12,Y_c13,X_c13,Y_n13,X_n13,Y_n14,X_n14,Y_n15,X_n15,Y_o14,X_o14,Y_o15,X_o15,Y_o16,X_o16,Y_o17,X_o17,Y_o18,X_o18,Y_f17,X_f17,Y_f18,X_f18,Y_ne20,X_ne20
0.00000000e+00,9.12800000e-02,2.21100000e+04,3.67647059e-03,7.10659000e-01,7.10659000e-01,6.89164185e-02,2.75665674e-01,1.89364005e-04,2.27236806e-03,2.12553388e-06,2.76319405e-05,0.00000000e+00,0.00000000e+00,5.69186503e-05,7.96861104e-04,2.09259744e-07,3.13889615e-06,0.00000000e+00,0.00000000e+00,0.00000000e+00,0.00000000e+00,3.60914937e-04,5.77463899e-03,1.37474866e-07,2.33707273e-06,7.23551928e-07,1.30239347e-05,0.00000000e+00,0.00000000e+00,0.00000000e+00,0.00000000e+00,7.15314281e-05,1.43062856e-03
1.00000000e-05,9.12800012e-02,2.21099998e+04,3.68900556e-03,7.10658997e-01,7.10658997e-01,6.89164207e-02,2.75665683e-01,1.89364447e-04,2.27237336e-03,2.12552214e-06,2.76317879e-05,3.25814899e-10,4.23559369e-09,5.69186599e-05,7.96861238e-04,2.09970926e-07,3.14956389e-06,3.04552381e-17,4.26373334e-16,2.32711614e-12,3.49067422e-11,3.60914935e-04,5.77463895e-03,1.37474695e-07,2.33706982e-06,7.22063978e-07,1.29971516e-05,2.60883292e-12,4.43501596e-11,1.27034836e-15,2.28662705e-14,7.15314281e-05,1.43062856e-03
1.05973035e-05,9.12800013e-02,2.21099998e+04,3.68975114e-03,7.10658997e-01,7.10658997e-01,6.89164209e-02,2.75665683e-01,1.89364473e-04,2.27237368e-03,2.12552144e-06,2.76317787e-05,3.45275961e-10,4.48858750e-09,5.69186604e-05,7.96861246e-04,2.10013226e-07,3.15019839e-06,3.42020996e-17,4.78829395e-16,2.46611563e-12,3.69917345e-11,3.60914935e-04,5.77463895e-03,1.37474685e-07,2.33706964e-06,7.21975199e-07,1.29955536e-05,2.76465943e-12,4.69992104e-11,1.34622648e-15,2.42320767e-14,7.15314281e-05,1.43062856e-03
1.12302842e-05,9.12800013e-02,2.21099998e+04,3.69054087e-03,7.10658997e-01,7.10658997e-01,6.89164210e-02,2.75665684e-01,1.89364502e-04,2.27237402e-03,2.12552070e-06,2.76317691e-05,3.65899443e-10,4.75669276e-09,5.69186610e-05,7.96861254e-04,2.10058031e-07,3.15087047e-06,3.84099320e-17,5.37739047e-16,2.61341761e-12,3.92012642e-11,3.60914934e-04,5.77463895e-03,1.37474674e-07,2.33706946e-06,7.21881129e-07,1.29938603e-05,2.92979352e-12,4.98064899e-11,1.42663680e-15,2.56794624e-14,7.15314281e-05,1.43062856e-03
1.19010731e-05,9.12800014e-02,2.21099998e+04,3.69137734e-03,7.10658997e-01,7.10658997e-01,6.89164212e-02,2.75665685e-01,1.89364531e-04,2.27237438e-03,2.12551991e-06,2.76317588e-05,3.87754775e-10,5.04081208e-09,5.69186617e-05,7.96861263e-04,2.10105488e-07,3.15158232e-06,4.31354476e-17,6.03896267e-16,2.76951799e-12,4.15427699e-11,3.60914934e-04,5.77463895e-03,1.37474663e-07,2.33706926e-06,7.21781454e-07,1.29920662e-05,3.10479113e-12,5.27814492e-11,1.51185002e-15,2.72133003e-14,7.15314281e-05,1.43062856e-03
1.26119284e-05,9.12800015e-02,2.21099998e+04,3.69226328e-03,7.10658997e-01,7.10658997e-01,6.89164213e-02,2.75665685e-01,1.89364563e-04,2.27237475e-03,2.12551908e-06,2.76317480e-05,4.10915538e-10,5.34190199e-09,5.69186624e-05,7.96861273e-04,2.10155752e-07,3.15233628e-06,4.84423364e-17,6.78192710e-16,2.93494231e-12,4.40241346e-11,3.60914934e-04,5.77463895e-03,1.37474650e-07,2.33706906e-06,7.21675840e-07,1.29901651e-05,3.29024140e-12,5.59341038e-11,1.60215302e-15,2.88387543e-14,7.15314281e-05,1.43062856e-03
1.33652433e-05,9.12800016e-02,2.21099998e+04,3.69320159e-03,7.10658997e-01,7.10658997e-01,6.89164215e-02,2.75665686e-01,1.89364596e-04,2.27237516e-03,2.12551819e-06,2.76317365e-05,4.35459705e-10,5.66097617e-09,5.69186631e-05,7.96861283e-04,2.10208987e-07,3.15313480e-06,5.44021240e-17,7.61629735e-16,3.11024748e-12,4.66537121e-11,3.60914934e-04,5.77463894e-03,1.37474638e-07,2.33706884e-06,7.21563934e-07,1.29881508e-05,3.48676869e-12,5.92750677e-11,1.69784980e-15,3.05612965e-14,7.15314281e-05,1.43062856e-03
1.41635540e-05,9.12800017e-02,2.21099998e+04,3.69419534e-03,7.10658996e-01,7.10658996e-01,6.89164217e-02,2.75665687e-01,1.89364632e-04,2.27237558e-03,2.12551725e-06,2.76317243e-05,4.61469909e-10,5.99910882e-09,5.69186638e-05,7.96861294e-04,2.10265367e-07,3.15398050e-06,6.10951354e-17,8.55331895e-16,3.29602369e-12,4.94403553e-11,3.60914934e-04,5.77463894e-03,1.37474624e-07,2.33706861e-06,7.21445364e-07,1.29860166e-05,3.69503462e-12,6.28155885e-11,1.79926255e-15,3.23867259e-14,7.15314281e-05,1.43062856e-03
1.50095481e-05,9.12800018e-02,2.21099998e+04,3.69524775e-03,7.10658996e-01,7.10658996e-01,6.89164219e-02,2.75665687e-01,1.89364669e-04,2.27237603e-03,2.12551626e-06,2.76317114e-05,4.89033717e-10,6.35743832e-09,5.69186647e-05,7.96861305e-04,2.10325075e-07,3.15487612e-06,6.86115781e-17,9.60562094e-16,3.49289639e-12,5.23934458e-11,3.60914934e-04,5.77463894e-03,1.37474609e-07,2.33706836e-06,7.21319732e-07,1.29837552e-05,3.91574035e-12,6.65675859e-11,1.90673266e-15,3.43211879e-14,7.15314281e-05,1.43062856e-03
1.59060737e-05,9.12800019e-02,2.21099998e+04,3.69636226e-03,7.10658996e-01,7.10658996e-01,6.89164221e-02,2.75665688e-01,1.89364709e-04,2.27237651e-03,2.12551521e-06,2.76316977e-05,5.18243926e-10,6.73717104e-09,5.69186655e-05,7.96861317e-04,2.10388305e-07,3.15582458e-06,7.70527579e-17,1.07873861e-15,3.70152836e-12,5.55229254e-11,3.60914933e-04,5.77463893e-03,1.37474594e-07,2.33706810e-06,7.21186621e-07,1.29813592e-05,4.14962891e-12,7.05436914e-11,2.02062194e-15,3.63711949e-14,7.15314281e-05,1.43062856e-03
1.68561491e-05,9.12800020e-02,2.21099997e+04,3.69754247e-03,7.10658996e-01,7.10658996e-01,6.89164223e-02,2.75665689e-01,1.89364752e-04,2.27237702e-03,2.12551409e-06,2.76316832e-05,5.49198878e-10,7.13958541e-09,5.69186664e-05,7.96861330e-04,2.10455264e-07,3.15682895e-06,8.65324438e-17,1.21145421e-15,3.92262200e-12,5.88393301e-11,3.60914933e-04,5.77463893e-03,1.37474578e-07,2.33706782e-06,7.21045585e-07,1.29788205e-05,4.39748771e-12,7.47572911e-11,2.14131380e-15,3.85436484e-14,7.15314281e-05,1.43062856e-03
1.78629729e-05,9.12800021e-02,2.21099997e+04,3.69879220e-03,7.10658995e-01,7.10658995e-01,6.89164225e-02,2.75665690e-01,1.89364796e-04,2.27237756e-03,2.12551291e-06,2.76316679e-05,5.82002787e-10,7.56603623e-09,5.69186674e-05,7.96861343e-04,2.10526166e-07,3.15789249e-06,9.71784017e-17,1.36049762e-15,4.15692165e-12,6.23538248e-11,3.60914933e-04,5.77463893e-03,1.37474561e-07,2.33706753e-06,7.20896155e-07,1.29761308e-05,4.66015122e-12,7.92225707e-11,2.26921455e-15,4.08458619e-14,7.15314281e-05,1.43062856e-03
1.89299346e-05,9.12800022e-02,2.21099997e+04,3.70011548e-03,7.10658995e-01,7.10658995e-01,6.89164227e-02,2.75665691e-01,1.89364844e-04,2.27237813e-03,2.12551166e-06,2.76316516e-05,6.16766094e-10,8.01795922e-09,5.69186684e-05,7.96861358e-04,2.10601241e-07,3.15901862e-06,1.09134117e-16,1.52787763e-15,4.40521611e-12,6.60782417e-11,3.60914933e-04,5.77463892e-03,1.37474542e-07,2.33706722e-06,7.20737834e-07,1.29732810e-05,4.93850370e-12,8.39545629e-11,2.40475478e-15,4.32855860e-14,7.15314281e-05,1.43062856e-03
2.00606262e-05,9.12800024e-02,2.21099997e+04,3.70151658e-03,7.10658995e-01,7.10658995e-01,6.89164230e-02,2.75665692e-01,1.89364894e-04,2.27237873e-03,2.12551033e-06,2.76316343e-05,6.53605834e-10,8.49687585e-09,5.69186695e-05,7.96861373e-04,2.10680731e-07,3.16021096e-06,1.22560726e-16,1.71585016e-15,4.66834129e-12,7.00251194e-11,3.60914932e-04,5.77463892e-03,1.37474523e-07,2.33706689e-06,7.20570094e-07,1.29702617e-05,5.23348228e-12,8.89691988e-11,2.54839078e-15,4.58710340e-14,7.15314281e-05,1.43062856e-03
2.12588545e-05,9.12800025e-02,2.21099997e+04,3.70300000e-03,7.10658994e-01,7.10658994e-01,6.89164233e-02,2.75665693e-01,1.89364948e-04,2.27237937e-03,2.12550893e-06,2.76316160e-05,6.92646036e-10,9.00439846e-09,5.69186706e-05,7.96861389e-04,2.10764890e-07,3.16147335e-06,1.37639192e-16,1.92694869e-15,4.94718304e-12,7.42077456e-11,3.60914932e-04,5.77463891e-03,1.37474502e-07,2.33706654e-06,7.20392377e-07,1.29670628e-05,5.54608004e-12,9.42833606e-11,2.70060610e-15,4.86109099e-14,7.15314281e-05,1.43062856e-03
2.25286534e-05,9.12800027e-02,2.21099997e+04,3.70457047e-03,7.10658994e-01,7.10658994e-01,6.89164236e-02,2.75665694e-01,1.89365004e-04,2.27238005e-03,2.12550744e-06,2.76315967e-05,7.34018134e-10,9.54223574e-09,5.69186719e-05,7.96861406e-04,2.10853988e-07,3.16280982e-06,1.54572740e-16,2.16401837e-15,5.24268011e-12,7.86402017e-11,3.60914932e-04,5.77463891e-03,1.37474481e-07,2.33706617e-06,7.20204094e-07,1.29636737e-05,5.87734937e-12,9.99149393e-11,2.86191319e-15,5.15144373e-14,7.15314281e-05,1.43062856e-03
2.38742979e-05,9.12800028e-02,2.21099996e+04,3.70623302e-03,7.10658994e-01,7.10658994e-01,6.89164239e-02,2.75665695e-01,1.89365065e-04,2.27238077e-03,2.12550586e-06,2.76315761e-05,7.77861415e-10,1.01121984e-08,5.69186731e-05,7.96861424e-04,2.10948310e-07,3.16422465e-06,1.73589600e-16,2.43025439e-15,5.55582734e-12,8.33374101e-11,3.60914931e-04,5.77463890e-03,1.37474458e-07,2.33706578e-06,7.20004617e-07,1.29600831e-05,6.22840553e-12,1.05882894e-10,3.03285506e-15,5.45913911e-14,7.15314281e-05,1.43062856e-03
2.53003181e-05,9.12800030e-02,2.21099996e+04,3.70799292e-03,7.10658993e-01,7.10658993e-01,6.89164242e-02,2.75665697e-01,1.89365128e-04,2.27238154e-03,2.12550418e-06,2.76315544e-05,8.24323486e-10,1.07162053e-08,5.69186745e-05,7.96861443e-04,2.11048155e-07,3.16572232e-06,1.94946077e-16,2.72924507e-15,5.88767897e-12,8.83151846e-11,3.60914931e-04,5.77463890e-03,1.37474433e-07,2.33706537e-06,7.19793286e-07,1.29562792e-05,6.60043041e-12,1.12207317e-10,3.21400721e-15,5.78521298e-14,7.15314281e-05,1.43062856e-03
2.68115151e-05,9.12800032e-02,2.21099996e+04,3.70985577e-03,7.10658993e-01,7.10658993e-01,6.89164245e-02,2.75665698e-01,1.89365196e-04,2.27238235e-03,2.12550241e-06,2.76315313e-05,8.73560769e-10,1.13562900e-08,5.69186760e-05,7.96861463e-04,2.11153839e-07,3.16730758e-06,2.18930012e-16,3.06502016e-15,6.23935224e-12,9.35902835e-11,3.60914931e-04,5.77463889e-03,1.37474407e-07,2.33706493e-06,7.19569400e-07,1.29522492e-05,6.99467647e-12,1.18909500e-10,3.40597947e-15,6.13076305e-14,7.15314281e-05,1.43062856e-03
2.84129764e-05,9.12800034e-02,2.21099996e+04,3.71182743e-03,7.10658993e-01,7.10658993e-01,6.89164249e-02,2.75665700e-01,1.89365268e-04,2.27238321e-03,2.12550053e-06,2.76315069e-05,9.25739031e-10,1.20346074e-08,5.69186775e-05,7.96861485e-04,2.11265696e-07,3.16898545e-06,2.45864657e-16,3.44210520e-15,6.61203108e-12,9.91804662e-11,3.60914930e-04,5.77463889e-03,1.37474380e-07,2.33706446e-06,7.19332217e-07,1.29479799e-05,7.41247098e-12,1.26012007e-10,3.60941812e-15,6.49695262e-14,7.15314281e-05,1.43062856e-03
3.01100935e-05,9.12800036e-02,2.21099995e+04,3.71391412e-03,7.10658992e-01,7.10658992e-01,6.89164253e-02,2.75665701e-01,1.89365344e-04,2.27238413e-03,2.12549854e-06,2.76314810e-05,9.81033939e-10,1.27534412e-08,5.69186791e-05,7.96861508e-04,2.11384079e-07,3.17076118e-06,2.76113036e-16,3.86558251e-15,7.00697018e-12,1.05104553e-10,3.60914930e-04,5.77463888e-03,1.37474351e-07,2.33706397e-06,7.19080953e-07,1.29434571e-05,7.85522051e-12,1.33538749e-10,3.82500802e-15,6.88501443e-14,7.15314281e-05,1.43062856e-03
3.19085800e-05,9.12800038e-02,2.21099995e+04,3.71612235e-03,7.10658992e-01,7.10658992e-01,6.89164257e-02,2.75665703e-01,1.89365424e-04,2.27238509e-03,2.12549642e-06,2.76314535e-05,1.03963166e-09,1.35152115e-08,5.69186808e-05,7.96861532e-04,2.11509357e-07,3.17264035e-06,3.10082833e-16,4.34115966e-15,7.42549915e-12,1.11382487e-10,3.60914930e-04,5.77463887e-03,1.37474320e-07,2.33706344e-06,7.18814776e-07,1.29386660e-05,8.32441563e-12,1.41515066e-10,4.05347494e-15,7.29625489e-14,7.15314281e-05,1.43062856e-03
3.38144908e-05,9.12800040e-02,2.21099995e+04,3.71845903e-03,7.10658991e-01,7.10658991e-01,6.89164261e-02,2.75665704e-01,1.89365510e-04,2.27238612e-03,2.12549419e-06,2.76314244e-05,1.10172946e-09,1.43224830e-08,5.69186827e-05,7.96861557e-04,2.11641921e-07,3.17462881e-06,3.48231888e-16,4.87524643e-15,7.86902702e-12,1.18035405e-10,3.60914929e-04,5.77463887e-03,1.37474288e-07,2.33706289e-06,7.18532807e-07,1.29335905e-05,8.82163594e-12,1.49967811e-10,4.29558801e-15,7.73205841e-14,7.15314281e-05,1.43062856e-03
3.58342423e-05,9.12800043e-02,2.21099995e+04,3.72093140e-03,7.10658991e-01,7.10658991e-01,6.89164265e-02,2.75665706e-01,1.89365601e-04,2.27238721e-03,2.12549182e-06,2.76313936e-05,1.16753642e-09,1.51779735e-08,5.69186846e-05,7.96861585e-04,2.11782182e-07,3.17673272e-06,3.91074372e-16,5.47504120e-15,8.33904699e-12,1.25085705e-10,3.60914929e-04,5.77463886e-03,1.37474253e-07,2.33706230e-06,7.18234118e-07,1.29282141e-05,9.34855539e-12,1.58925442e-10,4.55216228e-15,8.19389210e-14,7.15314281e-05,1.43062856e-03
3.79746342e-05,9.12800045e-02,2.21099994e+04,3.72354708e-03,7.10658990e-01,7.10658990e-01,6.89164270e-02,2.75665708e-01,1.89365697e-04,2.27238837e-03,2.12548930e-06,2.76313610e-05,1.23727408e-09,1.60845631e-08,5.69186867e-05,7.96861613e-04,2.11930572e-07,3.17895859e-06,4.39187711e-16,6.14862795e-15,8.83714144e-12,1.32557122e-10,3.60914928e-04,5.77463885e-03,1.37474216e-07,2.33706168e-06,7.17917723e-07,1.29225190e-05,9.90694794e-12,1.68418115e-10,4.82406148e-15,8.68331066e-14,7.15314281e-05,1.43062856e-03
4.02428726e-05,9.12800048e-02,2.21099994e+04,3.72631412e-03,7.10658990e-01,7.10658990e-01,6.89164275e-02,2.75665710e-01,1.89365800e-04,2.27238959e-03,2.12548664e-06,2.76313263e-05,1.31117724e-09,1.70453042e-08,5.69186888e-05,7.96861644e-04,2.12087549e-07,3.18131323e-06,4.93220373e-16,6.90508522e-15,9.36498729e-12,1.40474809e-10,3.60914928e-04,5.77463884e-03,1.37474178e-07,2.33706102e-06,7.17582582e-07,1.29164865e-05,1.04986935e-11,1.78477789e-10,5.11220094e-15,9.20196170e-14,7.15314281e-05,1.43062856e-03
4.26465936e-05,9.12800051e-02,2.21099994e+04,3.72924094e-03,7.10658989e-01,7.10658989e-01,6.89164281e-02,2.75665712e-01,1.89365908e-04,2.27239090e-03,2.12548382e-06,2.76312897e-05,1.38949470e-09,1.80634312e-08,5.69186911e-05,7.96861676e-04,2.12253589e-07,3.18380384e-06,5.53900605e-16,7.75460847e-15,9.92436158e-12,1.48865424e-10,3.60914927e-04,5.77463883e-03,1.37474136e-07,2.33706032e-06,7.17227593e-07,1.29100967e-05,1.11257842e-11,1.89138331e-10,5.41755066e-15,9.75159118e-14,7.15314281e-05,1.43062856e-03
4.51938897e-05,9.12800054e-02,2.21099993e+04,3.73233644e-03,7.10658988e-01,7.10658988e-01,6.89164287e-02,2.75665715e-01,1.89366023e-04,2.27239228e-03,2.12548083e-06,2.76312508e-05,1.47249014e-09,1.91423719e-08,5.69186936e-05,7.96861710e-04,2.12429197e-07,3.18643796e-06,6.22046252e-16,8.70864752e-15,1.05171475e-11,1.57757213e-10,3.60914926e-04,5.77463882e-03,1.37474093e-07,2.33705958e-06,7.16851592e-07,1.29033287e-05,1.17903312e-11,2.00435631e-10,5.74113854e-15,1.03340494e-13,7.15314281e-05,1.43062856e-03
4.78933367e-05,9.12800057e-02,2.21099993e+04,3.73560994e-03,7.10658988e-01,7.10658988e-01,6.89164293e-02,2.75665717e-01,1.89366145e-04,2.27239374e-03,2.12547766e-06,2.76312096e-05,1.56044298e-09,2.02857588e-08,5.69186962e-05,7.96861746e-04,2.12614902e-07,3.18922353e-06,6.98575774e-16,9.78006083e-15,1.11453408e-11,1.67180113e-10,3.60914926e-04,5.77463881e-03,1.37474047e-07,2.33705879e-06,7.16453348e-07,1.28961603e-05,1.24945719e-11,2.12407723e-10,6.08405391e-15,1.09512970e-13,7.15314281e-05,1.43062856e-03
5.07540226e-05,9.12800060e-02,2.21099992e+04,3.73907123e-03,7.10658987e-01,7.10658987e-01,6.89164299e-02,2.75665720e-01,1.89366275e-04,2.27239530e-03,2.12547430e-06,2.76311659e-05,1.65364933e-09,2.14974413e-08,5.69186989e-05,7.96861785e-04,2.12811258e-07,3.19216888e-06,7.84520632e-16,1.09832888e-14,1.18110564e-11,1.77165846e-10,3.60914925e-04,5.77463880e-03,1.37473998e-07,2.33705796e-06,7.16031558e-07,1.28885680e-05,1.32408772e-11,2.25094912e-10,6.44745114e-15,1.16054121e-13,7.15314281e-05,1.43062856e-03
5.37855783e-05,9.12800064e-02,2.21099992e+04,3.74273059e-03,7.10658986e-01,7.10658986e-01,6.89164306e-02,2.75665722e-01,1.89366413e-04,2.27239695e-03,2.12547074e-06,2.76311197e-05,1.75242300e-09,2.27814990e-08,5.69187018e-05,7.96861825e-04,2.13018850e-07,3.19528275e-06,8.81039185e-16,1.23345486e-14,1.25165354e-11,1.87748031e-10,3.60914924e-04,5.77463879e-03,1.37473946e-07,2.33705708e-06,7.15584846e-07,1.28805272e-05,1.40317595e-11,2.38539912e-10,6.83255355e-15,1.22985964e-13,7.15314281e-05,1.43062856e-03
5.69982099e-05,9.12800068e-02,2.21099991e+04,3.74659879e-03,7.10658985e-01,7.10658985e-01,6.89164313e-02,2.75665725e-01,1.89366559e-04,2.27239871e-03,2.12546697e-06,2.76310707e-05,1.85709653e-09,2.41422549e-08,5.69187049e-05,7.96861868e-04,2.13238287e-07,3.19857430e-06,9.89432305e-16,1.38520523e-14,1.32641530e-11,1.98962296e-10,3.60914924e-04,5.77463878e-03,1.37473891e-07,2.33705614e-06,7.15111755e-07,1.28720116e-05,1.48698815e-11,2.52787986e-10,7.24065750e-15,1.30331835e-13,7.15314281e-05,1.43062856e-03
6.04027332e-05,9.12800072e-02,2.21099991e+04,3.75068713e-03,7.10658984e-01,7.10658984e-01,6.89164321e-02,2.75665728e-01,1.89366714e-04,2.27240057e-03,2.12546298e-06,2.76310187e-05,1.96802233e-09,2.55842903e-08,5.69187081e-05,7.96861914e-04,2.13470210e-07,3.20205315e-06,1.11116091e-15,1.55562527e-14,1.40564262e-11,2.10846393e-10,3.60914923e-04,5.77463877e-03,1.37473833e-07,2.33705515e-06,7.14610747e-07,1.28629935e-05,1.57580649e-11,2.67887103e-10,7.67313679e-15,1.38116462e-13,7.15314281e-05,1.43062856e-03
6.40106098e-05,9.12800076e-02,2.21099990e+04,3.75500745e-03,7.10658983e-01,7.10658983e-01,6.89164329e-02,2.75665732e-01,1.89366879e-04,2.27240255e-03,2.12545874e-06,2.76309636e-05,2.08557387e-09,2.71124603e-08,5.69187116e-05,7.96861962e-04,2.13715290e-07,3.20572935e-06,1.24786565e-15,1.74701191e-14,1.48960221e-11,2.23440332e-10,3.60914922e-04,5.77463875e-03,1.37473771e-07,2.33705410e-06,7.14080198e-07,1.28534436e-05,1.66992997e-11,2.83888096e-10,8.13144728e-15,1.46366051e-13,7.15314282e-05,1.43062856e-03
6.78339861e-05,9.12800080e-02,2.21099990e+04,3.75957210e-03,7.10658982e-01,7.10658982e-01,6.89164337e-02,2.75665735e-01,1.89367054e-04,2.27240464e-03,2.12545425e-06,2.76309053e-05,2.21014691e-09,2.87319098e-08,5.69187153e-05,7.96862014e-04,2.13974228e-07,3.20961342e-06,1.40138903e-15,1.96194464e-14,1.57857675e-11,2.36786513e-10,3.60914921e-04,5.77463874e-03,1.37473705e-07,2.33705299e-06,7.13518388e-07,1.28433310e-05,1.76967549e-11,3.00844833e-10,8.61713174e-15,1.55108371e-13,7.15314282e-05,1.43062856e-03
7.18857341e-05,9.12800085e-02,2.21099989e+04,3.76439403e-03,7.10658981e-01,7.10658981e-01,6.89164347e-02,2.75665739e-01,1.89367239e-04,2.27240687e-03,2.12544950e-06,2.76308435e-05,2.34216086e-09,3.04480912e-08,5.69187192e-05,7.96862068e-04,2.14247758e-07,3.21371637e-06,1.57380023e-15,2.20332033e-14,1.67286578e-11,2.50929867e-10,3.60914920e-04,5.77463872e-03,1.37473636e-07,2.33705181e-06,7.12923503e-07,1.28326231e-05,1.87537884e-11,3.18814403e-10,9.13182511e-15,1.64372852e-13,7.15314282e-05,1.43062856e-03
7.61794944e-05,9.12800090e-02,2.21099989e+04,3.76948675e-03,7.10658980e-01,7.10658980e-01,6.89164356e-02,2.75665742e-01,1.89367437e-04,2.27240924e-03,2.12544446e-06,2.76307780e-05,2.48206019e-09,3.22667824e-08,5.69187233e-05,7.96862126e-04,2.14536645e-07,3.21804968e-06,1.76742301e-15,2.47439222e-14,1.77278674e-11,2.65918011e-10,3.60914919e-04,5.77463871e-03,1.37473563e-07,2.33705056e-06,7.12293627e-07,1.28212853e-05,1.98739590e-11,3.37857302e-10,9.67725995e-15,1.74190679e-13,7.15314282e-05,1.43062856e-03
8.07297226e-05,9.12800096e-02,2.21099988e+04,3.77486435e-03,7.10658979e-01,7.10658979e-01,6.89164366e-02,2.75665747e-01,1.89367646e-04,2.27241176e-03,2.12543912e-06,2.76307085e-05,2.63031591e-09,3.41941068e-08,5.69187276e-05,7.96862187e-04,2.14841689e-07,3.22262533e-06,1.98486702e-15,2.77881383e-14,1.87867602e-11,2.81801403e-10,3.60914918e-04,5.77463869e-03,1.37473485e-07,2.33704924e-06,7.11626736e-07,1.28092812e-05,2.10610377e-11,3.58037640e-10,1.02552723e-14,1.84594901e-13,7.15314282e-05,1.43062856e-03
8.55517374e-05,9.12800102e-02,2.21099987e+04,3.78054152e-03,7.10658978e-01,7.10658978e-01,6.89164377e-02,2.75665751e-01,1.89367869e-04,2.27241443e-03,2.12543346e-06,2.76306349e-05,2.78742716e-09,3.62365531e-08,5.69187322e-05,7.96862251e-04,2.15163721e-07,3.22745582e-06,2.22906296e-15,3.12068815e-14,1.99089012e-11,2.98633518e-10,3.60914917e-04,5.77463867e-03,1.37473402e-07,2.33704784e-06,7.10920692e-07,1.27965725e-05,2.23190210e-11,3.79423358e-10,1.08678078e-14,1.95620541e-13,7.15314282e-05,1.43062856e-03
9.06617729e-05,9.12800108e-02,2.21099986e+04,3.78653354e-03,7.10658977e-01,7.10658977e-01,6.89164389e-02,2.75665755e-01,1.89368106e-04,2.27241727e-03,2.12542746e-06,2.76305570e-05,2.95392293e-09,3.84009981e-08,5.69187371e-05,7.96862320e-04,2.15503609e-07,3.23255414e-06,2.50330211e-15,3.50462296e-14,2.10980682e-11,3.16471024e-10,3.60914916e-04,5.77463865e-03,1.37473315e-07,2.33704635e-06,7.10173241e-07,1.27831183e-05,2.36521442e-11,4.02086452e-10,1.15169284e-14,2.07304711e-13,7.15314282e-05,1.43062856e-03
9.60770327e-05,9.12800114e-02,2.21099986e+04,3.79285632e-03,7.10658975e-01,7.10658975e-01,6.89164401e-02,2.75665760e-01,1.89368357e-04,2.27242028e-03,2.12542110e-06,2.76304743e-05,3.13036376e-09,4.06947289e-08,5.69187423e-05,7.96862393e-04,2.15862253e-07,3.23793380e-06,2.81128068e-15,3.93579295e-14,2.23582648e-11,3.35373972e-10,3.60914914e-04,5.77463863e-03,1.37473222e-07,2.33704478e-06,7.09382001e-07,1.27688760e-05,2.50648953e-11,4.26103220e-10,1.22048190e-14,2.19686742e-13,7.15314282e-05,1.43062856e-03
1.01815748e-04,9.12800121e-02,2.21099985e+04,3.79952634e-03,7.10658974e-01,7.10658974e-01,6.89164414e-02,2.75665766e-01,1.89368624e-04,2.27242349e-03,2.12541437e-06,2.76303868e-05,3.31734372e-09,4.31254683e-08,5.69187478e-05,7.96862470e-04,2.16240588e-07,3.24360881e-06,3.15714960e-15,4.42000943e-14,2.36937335e-11,3.55406003e-10,3.60914913e-04,5.77463861e-03,1.37473124e-07,2.33704311e-06,7.08544463e-07,1.27538003e-05,2.65620306e-11,4.51554520e-10,1.29337952e-14,2.32808314e-13,7.15314282e-05,1.43062856e-03
1.07897238e-04,9.12800128e-02,2.21099984e+04,3.80656069e-03,7.10658972e-01,7.10658972e-01,6.89164427e-02,2.75665771e-01,1.89368908e-04,2.27242690e-03,2.12540723e-06,2.76302940e-05,3.51549233e-09,4.57014003e-08,5.69187537e-05,7.96862551e-04,2.16639581e-07,3.24959372e-06,3.54557051e-15,4.96379872e-14,2.51089704e-11,3.76634557e-10,3.60914912e-04,5.77463859e-03,1.37473020e-07,2.33704134e-06,7.07657977e-07,1.27378436e-05,2.81485903e-11,4.78526035e-10,1.37063107e-14,2.46713592e-13,7.15314282e-05,1.43062856e-03
1.14341979e-04,9.12800136e-02,2.21099983e+04,3.81397706e-03,7.10658970e-01,7.10658970e-01,6.89164442e-02,2.75665777e-01,1.89369210e-04,2.27243052e-03,2.12539966e-06,2.76301956e-05,3.72547675e-09,4.84311977e-08,5.69187598e-05,7.96862638e-04,2.17060235e-07,3.25590353e-06,3.98177858e-15,5.57449001e-14,2.66087402e-11,3.99131103e-10,3.60914910e-04,5.77463856e-03,1.37472910e-07,2.33703946e-06,7.06719751e-07,1.27209555e-05,2.98299158e-11,5.07108568e-10,1.45249657e-14,2.61449383e-13,7.15314282e-05,1.43062856e-03
1.21171665e-04,9.12800144e-02,2.21099982e+04,3.82179370e-03,7.10658969e-01,7.10658969e-01,6.89164457e-02,2.75665783e-01,1.89369531e-04,2.27243438e-03,2.12539165e-06,2.76300914e-05,3.94800396e-09,5.13240514e-08,5.69187664e-05,7.96862729e-04,2.17503585e-07,3.26255377e-06,4.47165305e-15,6.26031427e-14,2.81980920e-11,4.22971380e-10,3.60914909e-04,5.77463854e-03,1.37472793e-07,2.33703747e-06,7.05726842e-07,1.27030832e-05,3.16116675e-11,5.37398347e-10,1.53925159e-14,2.77065287e-13,7.15314282e-05,1.43062856e-03
1.28409292e-04,9.12800152e-02,2.21099981e+04,3.83002943e-03,7.10658967e-01,7.10658967e-01,6.89164473e-02,2.75665789e-01,1.89369873e-04,2.27243847e-03,2.12538315e-06,2.76299809e-05,4.18382320e-09,5.43897015e-08,5.69187733e-05,7.96862826e-04,2.17970695e-07,3.26956042e-06,5.02179649e-15,7.03051508e-14,2.98823767e-11,4.48235650e-10,3.60914907e-04,5.77463851e-03,1.37472669e-07,2.33703537e-06,7.04676149e-07,1.26841707e-05,3.34998438e-11,5.69497345e-10,1.63118814e-14,2.93613865e-13,7.15314282e-05,1.43062856e-03
1.36079224e-04,9.12800161e-02,2.21099979e+04,3.83870359e-03,7.10658965e-01,7.10658965e-01,6.89164491e-02,2.75665796e-01,1.89370236e-04,2.27244283e-03,2.12537415e-06,2.76298639e-05,4.43372845e-09,5.76384698e-08,5.69187807e-05,7.96862929e-04,2.18462660e-07,3.27693990e-06,5.63962379e-15,7.89547330e-14,3.16672645e-11,4.75008968e-10,3.60914905e-04,5.77463848e-03,1.37472538e-07,2.33703314e-06,7.03564404e-07,1.26641593e-05,3.55008017e-11,6.03513629e-10,1.72861566e-14,3.11150818e-13,7.15314282e-05,1.43062856e-03
1.44207284e-04,9.12800171e-02,2.21099978e+04,3.84783599e-03,7.10658963e-01,7.10658963e-01,6.89164509e-02,2.75665804e-01,1.89370622e-04,2.27244747e-03,2.12536461e-06,2.76297399e-05,4.69856114e-09,6.10812948e-08,5.69187884e-05,7.96863038e-04,2.18980604e-07,3.28470906e-06,6.33346209e-15,8.86684693e-14,3.35587648e-11,5.03381471e-10,3.60914903e-04,5.77463845e-03,1.37472398e-07,2.33703077e-06,7.02388169e-07,1.26429870e-05,3.76212775e-11,6.39561718e-10,1.83186207e-14,3.29735173e-13,7.15314282e-05,1.43062856e-03
1.52820837e-04,9.12800181e-02,2.21099977e+04,3.85744692e-03,7.10658960e-01,7.10658960e-01,6.89164528e-02,2.75665811e-01,1.89371033e-04,2.27245240e-03,2.12535450e-06,2.76296084e-05,4.97921295e-09,6.47297684e-08,5.69187967e-05,7.96863154e-04,2.19525674e-07,3.29288511e-06,7.11266306e-15,9.95772829e-14,3.55632454e-11,5.33448681e-10,3.60914901e-04,5.77463842e-03,1.37472251e-07,2.33702827e-06,7.01143822e-07,1.26205888e-05,3.98684102e-11,6.77762973e-10,1.94127489e-14,3.49429480e-13,7.15314282e-05,1.43062856e-03
1.61948879e-04,9.12800192e-02,2.21099976e+04,3.86755702e-03,7.10658958e-01,7.10658958e-01,6.89164549e-02,2.75665819e-01,1.89371471e-04,2.27245765e-03,2.12534378e-06,2.76294692e-05,5.27662884e-09,6.85961750e-08,5.69188054e-05,7.96863276e-04,2.20099038e-07,3.30148558e-06,7.98772888e-15,1.11828204e-13,3.76874548e-11,5.65311822e-10,3.60914899e-04,5.77463839e-03,1.37472095e-07,2.33702561e-06,6.99827556e-07,1.25968960e-05,4.22497649e-11,7.18246003e-10,2.05722237e-14,3.70300026e-13,7.15314282e-05,1.43062856e-03
1.71622143e-04,9.12800204e-02,2.21099974e+04,3.87818728e-03,7.10658956e-01,7.10658956e-01,6.89164570e-02,2.75665828e-01,1.89371937e-04,2.27246324e-03,2.12533243e-06,2.76293216e-05,5.59181022e-09,7.26935328e-08,5.69188147e-05,7.96863406e-04,2.20701884e-07,3.31052827e-06,8.97045385e-15,1.25586354e-13,3.99385445e-11,5.99078167e-10,3.60914897e-04,5.77463835e-03,1.37471929e-07,2.33702280e-06,6.98435365e-07,1.25718366e-05,4.47733588e-11,7.61147100e-10,2.18009474e-14,3.92417053e-13,7.15314282e-05,1.43062856e-03
1.81873194e-04,9.12800216e-02,2.21099973e+04,3.88935888e-03,7.10658953e-01,7.10658953e-01,6.89164593e-02,2.75665837e-01,1.89372433e-04,2.27246919e-03,2.12532040e-06,2.76291651e-05,5.92581831e-09,7.70356380e-08,5.69188245e-05,7.96863543e-04,2.21335412e-07,3.32003118e-06,1.00740833e-14,1.41037167e-13,4.23240931e-11,6.34861397e-10,3.60914894e-04,5.77463831e-03,1.37471754e-07,2.33701982e-06,6.96963040e-07,1.25453347e-05,4.74476880e-11,8.06610696e-10,2.31030556e-14,4.15855000e-13,7.15314282e-05,1.43062856e-03
1.92736544e-04,9.12800229e-02,2.21099971e+04,3.90109319e-03,7.10658950e-01,7.10658950e-01,6.89164618e-02,2.75665847e-01,1.89372961e-04,2.27247553e-03,2.12530764e-06,2.76289994e-05,6.27977774e-09,8.16371107e-08,5.69188349e-05,7.96863689e-04,2.22000827e-07,3.33001241e-06,1.13134923e-14,1.58388892e-13,4.48521321e-11,6.72781982e-10,3.60914892e-04,5.77463827e-03,1.37471568e-07,2.33701666e-06,6.95406160e-07,1.25173109e-05,5.02817559e-11,8.54789850e-10,2.44829305e-14,4.40692749e-13,7.15314282e-05,1.43062856e-03
2.04248766e-04,9.12800242e-02,2.21099969e+04,3.91341154e-03,7.10658947e-01,7.10658947e-01,6.89164643e-02,2.75665857e-01,1.89373523e-04,2.27248228e-03,2.12529413e-06,2.76288237e-05,6.65488035e-09,8.65134445e-08,5.69188460e-05,7.96863843e-04,2.22699338e-07,3.34049006e-06,1.27053858e-14,1.77875401e-13,4.75311725e-11,7.12967587e-10,3.60914889e-04,5.77463823e-03,1.37471371e-07,2.33701331e-06,6.93760081e-07,1.24876815e-05,5.32851037e-11,9.05846763e-10,2.59452161e-14,4.67013890e-13,7.15314283e-05,1.43062857e-03
2.16448617e-04,9.12800257e-02,2.21099967e+04,3.92633519e-03,7.10658944e-01,7.10658944e-01,6.89164671e-02,2.75665868e-01,1.89374123e-04,2.27248947e-03,2.12527981e-06,2.76286376e-05,7.05238914e-09,9.16810589e-08,5.69188577e-05,7.96864007e-04,2.23432143e-07,3.35148215e-06,1.42685241e-14,1.99759337e-13,5.03702337e-11,7.55553505e-10,3.60914886e-04,5.77463818e-03,1.37471162e-07,2.33700976e-06,6.92019934e-07,1.24563588e-05,5.64678427e-11,9.59953326e-10,2.74948337e-14,4.94907007e-13,7.15314283e-05,1.43062857e-03
2.29377170e-04,9.12800272e-02,2.21099965e+04,3.93988509e-03,7.10658941e-01,7.10658941e-01,6.89164700e-02,2.75665880e-01,1.89374762e-04,2.27249714e-03,2.12526464e-06,2.76284403e-05,7.47364261e-09,9.71573540e-08,5.69188700e-05,7.96864181e-04,2.24200429e-07,3.36300643e-06,1.60239757e-14,2.24335660e-13,5.33788739e-11,8.00683109e-10,3.60914883e-04,5.77463813e-03,1.37470941e-07,2.33700600e-06,6.90180610e-07,1.24232510e-05,5.98406879e-11,1.01729169e-09,2.91369983e-14,5.24465970e-13,7.15314283e-05,1.43062857e-03
2.43077949e-04,9.12800288e-02,2.21099963e+04,3.95408176e-03,7.10658937e-01,7.10658937e-01,6.89164730e-02,2.75665892e-01,1.89375442e-04,2.27250531e-03,2.12524856e-06,2.76282312e-05,7.92005921e-09,1.02960770e-07,5.69188832e-05,7.96864364e-04,2.25005351e-07,3.37508026e-06,1.79954012e-14,2.51935617e-13,5.65672224e-11,8.48508336e-10,3.60914880e-04,5.77463808e-03,1.37470707e-07,2.33700201e-06,6.88236757e-07,1.23882616e-05,6.34149944e-11,1.07805491e-09,3.08772363e-14,5.55790253e-13,7.15314283e-05,1.43062857e-03
2.57597081e-04,9.12800306e-02,2.21099961e+04,3.96894503e-03,7.10658933e-01,7.10658933e-01,6.89164763e-02,2.75665905e-01,1.89376168e-04,2.27251402e-03,2.12523152e-06,2.76280097e-05,8.39314213e-09,1.09110848e-07,5.69188971e-05,7.96864559e-04,2.25848028e-07,3.38772042e-06,2.02093722e-14,2.82931211e-13,5.99460132e-11,8.99190197e-10,3.60914877e-04,5.77463803e-03,1.37470458e-07,2.33699779e-06,6.86182771e-07,1.23512899e-05,6.72027957e-11,1.14244753e-09,3.27214038e-14,5.88985269e-13,7.15314283e-05,1.43062857e-03
2.72983446e-04,9.12800324e-02,2.21099959e+04,3.98449384e-03,7.10658930e-01,7.10658930e-01,6.89164797e-02,2.75665919e-01,1.89376942e-04,2.27252331e-03,2.12521346e-06,2.76277749e-05,8.89448438e-09,1.15628297e-07,5.69189118e-05,7.96864765e-04,2.26729527e-07,3.40094291e-06,2.26957294e-14,3.17740212e-13,6.35266216e-11,9.52899324e-10,3.60914873e-04,5.77463797e-03,1.37470195e-07,2.33699331e-06,6.84012789e-07,1.23122302e-05,7.12168439e-11,1.21068635e-09,3.46757068e-14,6.24162723e-13,7.15314283e-05,1.43062857e-03
2.89288844e-04,9.12800343e-02,2.21099956e+04,4.00074594e-03,7.10658925e-01,7.10658925e-01,6.89164834e-02,2.75665933e-01,1.89377768e-04,2.27253322e-03,2.12519432e-06,2.76275262e-05,9.42577416e-09,1.22535064e-07,5.69189274e-05,7.96864984e-04,2.27650847e-07,3.41476271e-06,2.54879851e-14,3.56831791e-13,6.73211025e-11,1.00981654e-09,3.60914869e-04,5.77463791e-03,1.37469916e-07,2.33698857e-06,6.81720681e-07,1.22709723e-05,7.54706527e-11,1.28300110e-09,3.67467216e-14,6.61440989e-13,7.15314283e-05,1.43062857e-03
3.06568169e-04,9.12800364e-02,2.21099954e+04,4.01771761e-03,7.10658921e-01,7.10658921e-01,6.89164872e-02,2.75665949e-01,1.89378649e-04,2.27254379e-03,2.12517404e-06,2.76272625e-05,9.98880052e-09,1.29854407e-07,5.69189440e-05,7.96865216e-04,2.28612901e-07,3.42919352e-06,2.86237745e-14,4.00732843e-13,7.13422308e-11,1.07013346e-09,3.60914865e-04,5.77463785e-03,1.37469620e-07,2.33698354e-06,6.79300046e-07,1.22274008e-05,7.99785432e-11,1.35963524e-09,3.89414171e-14,7.00945507e-13,7.15314283e-05,1.43062857e-03
3.24879594e-04,9.12800385e-02,2.21099951e+04,4.03542329e-03,7.10658916e-01,7.10658916e-01,6.89164913e-02,2.75665965e-01,1.89379589e-04,2.27255507e-03,2.12515255e-06,2.76269831e-05,1.05854594e-08,1.37610973e-07,5.69189615e-05,7.96865461e-04,2.29616499e-07,3.44424749e-06,3.21453635e-14,4.50035089e-13,7.56035443e-11,1.13405316e-09,3.60914861e-04,5.77463778e-03,1.37469307e-07,2.33697821e-06,6.76744205e-07,1.21813957e-05,8.47556919e-11,1.44084676e-09,4.12671779e-14,7.42809202e-13,7.15314283e-05,1.43062857e-03
3.44284767e-04,9.12800409e-02,2.21099948e+04,4.05387520e-03,7.10658911e-01,7.10658911e-01,6.89164956e-02,2.75665983e-01,1.89380593e-04,2.27256711e-03,2.12512977e-06,2.76266870e-05,1.12177601e-08,1.45830882e-07,5.69189801e-05,7.96865722e-04,2.30662322e-07,3.45993484e-06,3.61002181e-14,5.05403053e-13,8.01193896e-11,1.20179084e-09,3.60914857e-04,5.77463771e-03,1.37468975e-07,2.33697257e-06,6.74046195e-07,1.21328315e-05,8.98181816e-11,1.52690909e-09,4.37318297e-14,7.87172935e-13,7.15314284e-05,1.43062857e-03
3.64849017e-04,9.12800433e-02,2.21099945e+04,4.07308291e-03,7.10658906e-01,7.10658906e-01,6.89165002e-02,2.75666001e-01,1.89381664e-04,2.27257997e-03,2.12510564e-06,2.76263733e-05,1.18878319e-08,1.54541815e-07,5.69189998e-05,7.96865997e-04,2.31750900e-07,3.47626351e-06,4.05416441e-14,5.67583018e-13,8.49049703e-11,1.27357456e-09,3.60914852e-04,5.77463763e-03,1.37468623e-07,2.33696659e-06,6.71198770e-07,1.20815779e-05,9.51830558e-11,1.61811195e-09,4.63436652e-14,8.34185973e-13,7.15314284e-05,1.43062857e-03
3.86641578e-04,9.12800459e-02,2.21099942e+04,4.09305285e-03,7.10658900e-01,7.10658900e-01,6.89165051e-02,2.75666020e-01,1.89382809e-04,2.27259371e-03,2.12508006e-06,2.76260408e-05,1.25979314e-08,1.63773108e-07,5.69190207e-05,7.96866290e-04,2.32882583e-07,3.49323875e-06,4.55295061e-14,6.37413086e-13,8.99763981e-11,1.34964597e-09,3.60914847e-04,5.77463755e-03,1.37468250e-07,2.33696025e-06,6.68194392e-07,1.20274991e-05,1.00868376e-10,1.71476240e-09,4.91114717e-14,8.84006491e-13,7.15314284e-05,1.43062857e-03
4.09735816e-04,9.12800486e-02,2.21099938e+04,4.11378776e-03,7.10658894e-01,7.10658894e-01,6.89165102e-02,2.75666041e-01,1.89384032e-04,2.27260838e-03,2.12505296e-06,2.76256885e-05,1.33504499e-08,1.73555849e-07,5.69190428e-05,7.96866599e-04,2.34057511e-07,3.51086267e-06,5.11310340e-14,7.15834477e-13,9.53507469e-11,1.43026120e-09,3.60914841e-04,5.77463746e-03,1.37467855e-07,2.33695353e-06,6.65025236e-07,1.19704542e-05,1.06893283e-10,1.81718581e-09,5.20445614e-14,9.36802105e-13,7.15314284e-05,1.43062857e-03
4.34209482e-04,9.12800515e-02,2.21099935e+04,4.13528612e-03,7.10658888e-01,7.10658888e-01,6.89165156e-02,2.75666063e-01,1.89385338e-04,2.27262405e-03,2.12502424e-06,2.76253151e-05,1.41479218e-08,1.83922983e-07,5.69190663e-05,7.96866928e-04,2.35275579e-07,3.52913369e-06,5.74217296e-14,8.03904215e-13,1.01046111e-10,1.51569166e-09,3.60914836e-04,5.77463737e-03,1.37467436e-07,2.33694641e-06,6.61683186e-07,1.19102973e-05,1.13278060e-10,1.92572702e-09,5.51528017e-14,9.92750431e-13,7.15314284e-05,1.43062857e-03
4.60144967e-04,9.12800546e-02,2.21099931e+04,4.15754147e-03,7.10658882e-01,7.10658882e-01,6.89165214e-02,2.75666086e-01,1.89386734e-04,2.27264081e-03,2.12499380e-06,2.76249194e-05,1.49930328e-08,1.94909427e-07,5.69190911e-05,7.96867275e-04,2.36536400e-07,3.54804600e-06,6.44863841e-14,9.02809377e-13,1.07081665e-10,1.60622497e-09,3.60914830e-04,5.77463728e-03,1.37466992e-07,2.33693887e-06,6.58159841e-07,1.18468771e-05,1.20044203e-10,2.04075145e-09,5.84466492e-14,1.05203969e-12,7.15314284e-05,1.43062857e-03
4.87629589e-04,9.12800579e-02,2.21099927e+04,4.18054167e-03,7.10658875e-01,7.10658875e-01,6.89165275e-02,2.75666110e-01,1.89388226e-04,2.27265872e-03,2.12496154e-06,2.76245001e-05,1.58886292e-08,2.06552180e-07,5.69191174e-05,7.96867644e-04,2.37839265e-07,3.56758897e-06,7.24202213e-14,1.01388310e-12,1.13477728e-10,1.70216592e-09,3.60914823e-04,5.77463717e-03,1.37466522e-07,2.33693087e-06,6.54446516e-07,1.17800373e-05,1.27214490e-10,2.16264633e-09,6.19371841e-14,1.11486931e-12,7.15314285e-05,1.43062857e-03
5.16755877e-04,9.12800613e-02,2.21099922e+04,4.20426815e-03,7.10658867e-01,7.10658867e-01,6.89165339e-02,2.75666136e-01,1.89389822e-04,2.27267787e-03,2.12492736e-06,2.76240557e-05,1.68377275e-08,2.18890457e-07,5.69191453e-05,7.96868034e-04,2.39183094e-07,3.58774641e-06,8.13301813e-14,1.13862254e-12,1.20255836e-10,1.80383753e-09,3.60914817e-04,5.77463707e-03,1.37466023e-07,2.33692240e-06,6.50534253e-07,1.17096166e-05,1.34813061e-10,2.29182204e-09,6.56361479e-14,1.18145066e-12,7.15314285e-05,1.43062857e-03
5.47621888e-04,9.12800650e-02,2.21099917e+04,4.22869503e-03,7.10658859e-01,7.10658859e-01,6.89165407e-02,2.75666163e-01,1.89391529e-04,2.27269834e-03,2.12489114e-06,2.76235848e-05,1.78435242e-08,2.31965815e-07,5.69191749e-05,7.96868448e-04,2.40566393e-07,3.60849590e-06,9.13363618e-14,1.27870907e-12,1.27438807e-10,1.91158211e-09,3.60914809e-04,5.77463695e-03,1.37465495e-07,2.33691342e-06,6.46413829e-07,1.16354489e-05,1.42865499e-10,2.42871348e-09,6.95559825e-14,1.25200769e-12,7.15314285e-05,1.43062857e-03
5.80331537e-04,9.12800689e-02,2.21099913e+04,4.25378817e-03,7.10658851e-01,7.10658851e-01,6.89165480e-02,2.75666192e-01,1.89393354e-04,2.27272024e-03,2.12485276e-06,2.76230858e-05,1.89094072e-08,2.45822293e-07,5.69192062e-05,7.96868887e-04,2.41987195e-07,3.62980793e-06,1.02573638e-13,1.43603093e-12,1.35050826e-10,2.02576239e-09,3.60914802e-04,5.77463683e-03,1.37464936e-07,2.33690391e-06,6.42075766e-07,1.15573638e-05,1.51398912e-10,2.57378150e-09,7.37098720e-14,1.32677770e-12,7.15314285e-05,1.43062857e-03
6.14994945e-04,9.12800730e-02,2.21099907e+04,4.27950418e-03,7.10658842e-01,7.10658842e-01,6.89165556e-02,2.75666222e-01,1.89395306e-04,2.27274367e-03,2.12481208e-06,2.76225570e-05,2.00389667e-08,2.60506567e-07,5.69192394e-05,7.96869352e-04,2.43443006e-07,3.65164509e-06,1.15193479e-13,1.61270870e-12,1.43117520e-10,2.14676279e-09,3.60914794e-04,5.77463670e-03,1.37464343e-07,2.33689382e-06,6.37510356e-07,1.14751864e-05,1.60442030e-10,2.72751450e-09,7.81117869e-14,1.40601216e-12,7.15314285e-05,1.43062857e-03
6.51728810e-04,9.12800773e-02,2.21099902e+04,4.30578934e-03,7.10658833e-01,7.10658833e-01,6.89165637e-02,2.75666255e-01,1.89397395e-04,2.27276874e-03,2.12476897e-06,2.76219967e-05,2.12360076e-08,2.76068099e-07,5.69192746e-05,7.96869844e-04,2.44930740e-07,3.67396111e-06,1.29365991e-13,1.81112388e-12,1.51666047e-10,2.27499071e-09,3.60914785e-04,5.77463657e-03,1.37463714e-07,2.33688314e-06,6.32707671e-07,1.13887381e-05,1.70025297e-10,2.89043005e-09,8.27765312e-14,1.48997756e-12,7.15314286e-05,1.43062857e-03
6.90656803e-04,9.12800820e-02,2.21099896e+04,4.33257843e-03,7.10658823e-01,7.10658823e-01,6.89165722e-02,2.75666289e-01,1.89399630e-04,2.27279556e-03,2.12472330e-06,2.76214028e-05,2.25045623e-08,2.92559309e-07,5.69193119e-05,7.96870366e-04,2.46446658e-07,3.69669987e-06,1.45282213e-13,2.03395099e-12,1.60725190e-10,2.41087785e-09,3.60914776e-04,5.77463642e-03,1.37463048e-07,2.33687181e-06,6.27657598e-07,1.12978368e-05,1.80180977e-10,3.06307661e-09,8.77197915e-14,1.57895625e-12,7.15314286e-05,1.43062857e-03
7.31909978e-04,9.12800868e-02,2.21099890e+04,4.35979350e-03,7.10658813e-01,7.10658813e-01,6.89165812e-02,2.75666325e-01,1.89402022e-04,2.27282426e-03,2.12467489e-06,2.76207736e-05,2.38489041e-08,3.10035754e-07,5.69193514e-05,7.96870919e-04,2.47986293e-07,3.71979440e-06,1.63156688e-13,2.28419363e-12,1.70325448e-10,2.55488172e-09,3.60914767e-04,5.77463627e-03,1.37462342e-07,2.33685982e-06,6.22349862e-07,1.12022975e-05,1.90943260e-10,3.24603543e-09,9.29581901e-14,1.67324742e-12,7.15314286e-05,1.43062857e-03
7.75627219e-04,9.12800920e-02,2.21099883e+04,4.38734258e-03,7.10658802e-01,7.10658802e-01,6.89165908e-02,2.75666363e-01,1.89404581e-04,2.27285497e-03,2.12462359e-06,2.76201067e-05,2.52735621e-08,3.28556308e-07,5.69193932e-05,7.96871505e-04,2.49544380e-07,3.74316569e-06,1.83230357e-13,2.56522499e-12,1.80499143e-10,2.70748715e-09,3.60914757e-04,5.77463611e-03,1.37461594e-07,2.33684710e-06,6.16774066e-07,1.11019332e-05,2.02348380e-10,3.43992246e-09,9.85093404e-14,1.77316813e-12,7.15314287e-05,1.43062857e-03
8.21955707e-04,9.12800975e-02,2.21099876e+04,4.41511836e-03,7.10658790e-01,7.10658790e-01,6.89166009e-02,2.75666403e-01,1.89407319e-04,2.27288783e-03,2.12456923e-06,2.76194000e-05,2.67833360e-08,3.48183368e-07,5.69194376e-05,7.96872127e-04,2.51114774e-07,3.76672161e-06,2.05773808e-13,2.88083331e-12,1.91280529e-10,2.86920793e-09,3.60914746e-04,5.77463594e-03,1.37460801e-07,2.33683362e-06,6.10919730e-07,1.09965551e-05,2.14434733e-10,3.64539046e-09,1.04391906e-13,1.87905431e-12,7.15314287e-05,1.43062857e-03
8.71051412e-04,9.12801034e-02,2.21099869e+04,4.44299671e-03,7.10658778e-01,7.10658778e-01,6.89166115e-02,2.75666446e-01,1.89410250e-04,2.27292300e-03,2.12451163e-06,2.76186512e-05,2.83833125e-08,3.68983063e-07,5.69194846e-05,7.96872785e-04,2.52690378e-07,3.79035567e-06,2.31090926e-13,3.23527296e-12,2.02705903e-10,3.04058855e-09,3.60914735e-04,5.77463576e-03,1.37459961e-07,2.33681934e-06,6.04776342e-07,1.08859742e-05,2.27243010e-10,3.86313117e-09,1.10625663e-13,1.99126194e-12,7.15314287e-05,1.43062857e-03
9.23079621e-04,9.12801095e-02,2.21099861e+04,4.47083538e-03,7.10658765e-01,7.10658765e-01,6.89166228e-02,2.75666491e-01,1.89413386e-04,2.27296063e-03,2.12445059e-06,2.76178576e-05,3.00788827e-08,3.91025474e-07,5.69195345e-05,7.96873482e-04,2.54263056e-07,3.81394584e-06,2.59522986e-13,3.63332181e-12,2.14813735e-10,3.22220602e-09,3.60914723e-04,5.77463557e-03,1.37459071e-07,2.33680421e-06,5.98333410e-07,1.07700014e-05,2.40816331e-10,4.09387763e-09,1.17231567e-13,2.11016821e-12,7.15314288e-05,1.43062858e-03
9.78215493e-04,9.12801161e-02,2.21099853e+04,4.49847235e-03,7.10658751e-01,7.10658751e-01,6.89166347e-02,2.75666539e-01,1.89416740e-04,2.27300088e-03,2.12438590e-06,2.76170167e-05,3.18757598e-08,4.14384877e-07,5.69195872e-05,7.96874221e-04,2.55823546e-07,3.83735319e-06,2.91453259e-13,4.08034563e-12,2.27644788e-10,3.41467182e-09,3.60914710e-04,5.77463537e-03,1.37458128e-07,2.33678817e-06,5.91580527e-07,1.06484495e-05,2.55200394e-10,4.33840670e-09,1.24231822e-13,2.23617279e-12,7.15314288e-05,1.43062858e-03
1.03664465e-03,9.12801230e-02,2.21099844e+04,4.52572456e-03,7.10658736e-01,7.10658736e-01,6.89166472e-02,2.75666589e-01,1.89420328e-04,2.27304393e-03,2.12431735e-06,2.76161255e-05,3.37799990e-08,4.39139987e-07,5.69196432e-05,7.96875005e-04,2.57361386e-07,3.86042079e-06,3.27312176e-13,4.58237047e-12,2.41242263e-10,3.61863394e-09,3.60914697e-04,5.77463515e-03,1.37457128e-07,2.33677118e-06,5.84507444e-07,1.05211340e-05,2.70443624e-10,4.59754161e-09,1.31649955e-13,2.36969918e-12,7.15314288e-05,1.43062858e-03
1.09856380e-03,9.12801304e-02,2.21099834e+04,4.55238621e-03,7.10658721e-01,7.10658721e-01,6.89166604e-02,2.75666642e-01,1.89424165e-04,2.27308998e-03,2.12424471e-06,2.76151812e-05,3.57980177e-08,4.65374230e-07,5.69197025e-05,7.96875835e-04,2.58864818e-07,3.88297228e-06,3.67583135e-13,5.14616390e-12,2.55651941e-10,3.83477912e-09,3.60914683e-04,5.77463493e-03,1.37456069e-07,2.33675317e-06,5.77104149e-07,1.03878747e-05,2.86597340e-10,4.87215478e-09,1.39510895e-13,2.51119611e-12,7.15314289e-05,1.43062858e-03
1.16418141e-03,9.12801381e-02,2.21099825e+04,4.57822785e-03,7.10658705e-01,7.10658705e-01,6.89166744e-02,2.75666698e-01,1.89428266e-04,2.27313919e-03,2.12416773e-06,2.76141805e-05,3.79366170e-08,4.93176021e-07,5.69197653e-05,7.96876714e-04,2.60320734e-07,3.90481102e-06,4.12809019e-13,5.77932627e-12,2.70922338e-10,4.06383507e-09,3.60914668e-04,5.77463469e-03,1.37454946e-07,2.33673409e-06,5.69360954e-07,1.02484972e-05,3.03715926e-10,5.16317075e-09,1.47841058e-13,2.66113904e-12,7.15314289e-05,1.43062858e-03
1.23371837e-03,9.12801464e-02,2.21099814e+04,4.60299490e-03,7.10658688e-01,7.10658688e-01,6.89166891e-02,2.75666757e-01,1.89432649e-04,2.27319179e-03,2.12408616e-06,2.76131201e-05,4.02030051e-08,5.22639067e-07,5.69198319e-05,7.96877646e-04,2.61714593e-07,3.92571889e-06,4.63599514e-13,6.49039320e-12,2.87104868e-10,4.30657302e-09,3.60914652e-04,5.77463443e-03,1.37453757e-07,2.33671386e-06,5.61268600e-07,1.01028348e-05,3.21857015e-10,5.47156925e-09,1.56668430e-13,2.82003175e-12,7.15314290e-05,1.43062858e-03
1.30740881e-03,9.12801551e-02,2.21099803e+04,4.62640632e-03,7.10658670e-01,7.10658670e-01,6.89167046e-02,2.75666819e-01,1.89437330e-04,2.27324796e-03,2.12399972e-06,2.76119963e-05,4.26048215e-08,5.53862679e-07,5.69199024e-05,7.96878634e-04,2.63030345e-07,3.94545517e-06,5.20639334e-13,7.28895068e-12,3.04254016e-10,4.56381024e-09,3.60914635e-04,5.77463416e-03,1.37452496e-07,2.33669243e-06,5.52818365e-07,9.95073058e-06,3.41081680e-10,5.79838856e-09,1.66022669e-13,2.98840803e-12,7.15314290e-05,1.43062858e-03
1.38550080e-03,9.12801644e-02,2.21099791e+04,4.64815386e-03,7.10658651e-01,7.10658651e-01,6.89167210e-02,2.75666884e-01,1.89442327e-04,2.27330792e-03,2.12390812e-06,2.76108055e-05,4.51501626e-08,5.86952113e-07,5.69199772e-05,7.96879680e-04,2.64250387e-07,3.96375581e-06,5.84697455e-13,8.18576437e-12,3.22427522e-10,4.83641283e-09,3.60914617e-04,5.77463388e-03,1.37451160e-07,2.33666972e-06,5.44002187e-07,9.79203937e-06,3.61454646e-10,6.14472898e-09,1.75935193e-13,3.16683348e-12,7.15314291e-05,1.43062858e-03
1.46825725e-03,9.12801742e-02,2.21099779e+04,4.66790119e-03,7.10658631e-01,7.10658631e-01,6.89167382e-02,2.75666953e-01,1.89447657e-04,2.27337189e-03,2.12381105e-06,2.76095437e-05,4.78476095e-08,6.22018924e-07,5.69200564e-05,7.96880790e-04,2.65355515e-07,3.98033273e-06,6.56637483e-13,9.19292476e-12,3.41686576e-10,5.12529864e-09,3.60914598e-04,5.77463357e-03,1.37449745e-07,2.33664566e-06,5.34812798e-07,9.62663036e-06,3.83044501e-10,6.51175651e-09,1.86439296e-13,3.35590732e-12,7.15314292e-05,1.43062858e-03
1.55595678e-03,9.12801846e-02,2.21099766e+04,4.68528378e-03,7.10658610e-01,7.10658610e-01,6.89167563e-02,2.75667025e-01,1.89453340e-04,2.27344007e-03,2.12370819e-06,2.76082065e-05,5.07062571e-08,6.59181342e-07,5.69201403e-05,7.96881965e-04,2.66324918e-07,3.99487377e-06,7.37429304e-13,1.03240103e-11,3.62096023e-10,5.43144034e-09,3.60914578e-04,5.77463326e-03,1.37448244e-07,2.33662015e-06,5.25243862e-07,9.45438952e-06,4.05923930e-10,6.90070681e-09,1.97570250e-13,3.55626451e-12,7.15314292e-05,1.43062858e-03
1.64889462e-03,9.12801957e-02,2.21099752e+04,4.69990885e-03,7.10658588e-01,7.10658588e-01,6.89167753e-02,2.75667101e-01,1.89459391e-04,2.27351270e-03,2.12359920e-06,2.76067895e-05,5.37357442e-08,6.98564675e-07,5.69202293e-05,7.96883210e-04,2.67136169e-07,4.00704253e-06,8.28162165e-13,1.15942703e-11,3.83724580e-10,5.75586870e-09,3.60914557e-04,5.77463292e-03,1.37446655e-07,2.33659313e-06,5.15290139e-07,9.27522250e-06,4.30169961e-10,7.31288934e-09,2.09365430e-13,3.76857774e-12,7.15314293e-05,1.43062859e-03
1.74738368e-03,9.12802073e-02,2.21099737e+04,4.71135583e-03,7.10658564e-01,7.10658564e-01,6.89167952e-02,2.75667181e-01,1.89465831e-04,2.27358997e-03,2.12348369e-06,2.76052880e-05,5.69462870e-08,7.40301731e-07,5.69203236e-05,7.96884530e-04,2.67765258e-07,4.01647886e-06,9.30059365e-13,1.30208311e-11,4.06645072e-10,6.09967608e-09,3.60914535e-04,5.77463256e-03,1.37444970e-07,2.33656449e-06,5.04947645e-07,9.08905761e-06,4.55864223e-10,7.74969179e-09,2.21864431e-13,3.99355976e-12,7.15314294e-05,1.43062859e-03
1.85175553e-03,9.12802197e-02,2.21099721e+04,4.71917751e-03,7.10658540e-01,7.10658540e-01,6.89168162e-02,2.75667265e-01,1.89472675e-04,2.27367210e-03,2.12336130e-06,2.76036969e-05,6.03487131e-08,7.84533270e-07,5.69204234e-05,7.96885928e-04,2.68186652e-07,4.02279978e-06,1.04449476e-12,1.46229266e-11,4.30934673e-10,6.46402010e-09,3.60914511e-04,5.77463218e-03,1.37443185e-07,2.33653414e-06,4.94213831e-07,8.89584896e-06,4.83093220e-10,8.21258473e-09,2.35109206e-13,4.23196571e-12,7.15314294e-05,1.43062859e-03
1.96236154e-03,9.12802328e-02,2.21099704e+04,4.72290151e-03,7.10658514e-01,7.10658514e-01,6.89168382e-02,2.75667353e-01,1.89479940e-04,2.27375928e-03,2.12323160e-06,2.76020109e-05,6.39544984e-08,8.31408480e-07,5.69205293e-05,7.96887410e-04,2.68373384e-07,4.02560076e-06,1.17301128e-12,1.64221579e-11,4.56675168e-10,6.85012752e-09,3.60914486e-04,5.77463177e-03,1.37441293e-07,2.33650198e-06,4.83087775e-07,8.69557995e-06,5.11948622e-10,8.70312657e-09,2.49144203e-13,4.48459565e-12,7.15314295e-05,1.43062859e-03
2.07957409e-03,9.12802468e-02,2.21099687e+04,4.72203303e-03,7.10658487e-01,7.10658487e-01,6.89168612e-02,2.75667445e-01,1.89487641e-04,2.27385169e-03,2.12309417e-06,2.76002242e-05,6.77758059e-08,8.81085477e-07,5.69206414e-05,7.96888980e-04,2.68297202e-07,4.02445803e-06,1.31734176e-12,1.84427847e-11,4.83953228e-10,7.25929841e-09,3.60914459e-04,5.77463135e-03,1.37439288e-07,2.33646790e-06,4.71570371e-07,8.48826669e-06,5.42527576e-10,9.22296879e-09,2.64016511e-13,4.75229720e-12,7.15314296e-05,1.43062859e-03
2.20378778e-03,9.12802615e-02,2.21099668e+04,4.71605801e-03,7.10658459e-01,7.10658459e-01,6.89168853e-02,2.75667541e-01,1.89495792e-04,2.27394950e-03,2.12294854e-06,2.75983310e-05,7.18255269e-08,9.33731850e-07,5.69207603e-05,7.96890644e-04,2.67928754e-07,4.01893131e-06,1.47943233e-12,2.07120527e-11,5.12860700e-10,7.69291050e-09,3.60914431e-04,5.77463090e-03,1.37437164e-07,2.33643178e-06,4.59664538e-07,8.27396168e-06,5.74933032e-10,9.77386155e-09,2.79776021e-13,5.03596838e-12,7.15314297e-05,1.43062859e-03
2.33542081e-03,9.12802771e-02,2.21099648e+04,4.70444738e-03,7.10658429e-01,7.10658429e-01,6.89169104e-02,2.75667642e-01,1.89504404e-04,2.27405285e-03,2.12279422e-06,2.75963248e-05,7.61173245e-08,9.89525219e-07,5.69208862e-05,7.96892407e-04,2.67237827e-07,4.00856740e-06,1.66146863e-12,2.32605608e-11,5.43494922e-10,8.15242383e-09,3.60914401e-04,5.77463042e-03,1.37434912e-07,2.33639351e-06,4.47375423e-07,8.05275761e-06,6.09274090e-10,1.03576595e-08,2.96475587e-13,5.33656057e-12,7.15314298e-05,1.43062860e-03
2.47491632e-03,9.12802937e-02,2.21099627e+04,4.68666234e-03,7.10658398e-01,7.10658398e-01,6.89169367e-02,2.75667747e-01,1.89513486e-04,2.27416183e-03,2.12263069e-06,2.75941990e-05,8.06656801e-08,1.04865384e-06,5.69210197e-05,7.96894275e-04,2.66193649e-07,3.99290473e-06,1.86590532e-12,2.61226745e-11,5.75959043e-10,8.63938565e-09,3.60914369e-04,5.77462991e-03,1.37432527e-07,2.33635295e-06,4.34710620e-07,7.82479116e-06,6.45666363e-10,1.09763282e-08,3.14171203e-13,5.65508165e-12,7.15314299e-05,1.43062860e-03
2.62274395e-03,9.12803112e-02,2.21099605e+04,4.66216072e-03,7.10658366e-01,7.10658366e-01,6.89169641e-02,2.75667856e-01,1.89523044e-04,2.27427652e-03,2.12245741e-06,2.75919464e-05,8.54859419e-08,1.11131725e-06,5.69211610e-05,7.96896255e-04,2.64765249e-07,3.97147873e-06,2.09549921e-12,2.93369889e-11,6.10362379e-10,9.15543568e-09,3.60914336e-04,5.77462937e-03,1.37429999e-07,2.33630998e-06,4.21680375e-07,7.59024675e-06,6.84232375e-10,1.16319504e-08,3.32922189e-13,5.99259939e-12,7.15314300e-05,1.43062860e-03
2.77940137e-03,9.12803298e-02,2.21099581e+04,4.63040459e-03,7.10658332e-01,7.10658332e-01,6.89169926e-02,2.75667970e-01,1.89533078e-04,2.27439693e-03,2.12227380e-06,2.75895594e-05,9.05943775e-08,1.17772691e-06,5.69213109e-05,7.96898352e-04,2.62921889e-07,3.94382834e-06,2.35334643e-12,3.29468501e-11,6.46820773e-10,9.70231159e-09,3.60914300e-04,5.77462880e-03,1.37427320e-07,2.33626443e-06,4.08297797e-07,7.34936035e-06,7.25101964e-10,1.23267334e-08,3.52791385e-13,6.35024494e-12,7.15314301e-05,1.43062860e-03
2.94541600e-03,9.12803495e-02,2.21099556e+04,4.59086891e-03,7.10658297e-01,7.10658297e-01,6.89170222e-02,2.75668089e-01,1.89543586e-04,2.27452303e-03,2.12207924e-06,2.75870301e-05,9.60082281e-08,1.24810696e-06,5.69214696e-05,7.96900575e-04,2.60633560e-07,3.90950340e-06,2.64292425e-12,3.70009395e-11,6.85456991e-10,1.02818549e-08,3.60914262e-04,5.77462819e-03,1.37424481e-07,2.33621617e-06,3.94579057e-07,7.10242302e-06,7.68412727e-10,1.30630164e-08,3.73845365e-13,6.72921656e-12,7.15314302e-05,1.43062860e-03
3.12134673e-03,9.12803704e-02,2.21099530e+04,4.54305179e-03,7.10658261e-01,7.10658261e-01,6.89170530e-02,2.75668212e-01,1.89554558e-04,2.27465469e-03,2.12187308e-06,2.75843500e-05,1.01745767e-07,1.32269497e-06,5.69216379e-05,7.96902930e-04,2.57871561e-07,3.86807342e-06,2.96813796e-12,4.15539314e-11,7.26401135e-10,1.08960170e-08,3.60914222e-04,5.77462755e-03,1.37421473e-07,2.33616503e-06,3.80543566e-07,6.84978419e-06,8.14310478e-10,1.38432781e-08,3.96154646e-13,7.13078363e-12,7.15314303e-05,1.43062861e-03
3.30778588e-03,9.12803925e-02,2.21099502e+04,4.48648515e-03,7.10658223e-01,7.10658223e-01,6.89170848e-02,2.75668339e-01,1.89565979e-04,2.27479175e-03,2.12165462e-06,2.75815101e-05,1.07826362e-07,1.40174270e-06,5.69218161e-05,7.96905426e-04,2.54609107e-07,3.81913660e-06,3.33337356e-12,4.66672299e-11,7.69791079e-10,1.15468662e-08,3.60914179e-04,5.77462686e-03,1.37418285e-07,2.33611084e-06,3.66214158e-07,6.59185485e-06,8.62949741e-10,1.46701456e-08,4.19793932e-13,7.55629077e-12,7.15314305e-05,1.43062861e-03
3.50536110e-03,9.12804159e-02,2.21099472e+04,4.42074698e-03,7.10658183e-01,7.10658183e-01,6.89171177e-02,2.75668471e-01,1.89577828e-04,2.27493393e-03,2.12142315e-06,2.75785009e-05,1.14270538e-07,1.48551699e-06,5.69220050e-05,7.96908070e-04,2.50822025e-07,3.76233038e-06,3.74355701e-12,5.24097982e-11,8.15772935e-10,1.22365940e-08,3.60914134e-04,5.77462614e-03,1.37414907e-07,2.33605342e-06,3.51617229e-07,6.32911013e-06,9.14494270e-10,1.55464026e-08,4.44842351e-13,8.00716233e-12,7.15314306e-05,1.43062861e-03
3.71473756e-03,9.12804408e-02,2.21099440e+04,4.34547440e-03,7.10658142e-01,7.10658142e-01,6.89171516e-02,2.75668606e-01,1.89590072e-04,2.27508086e-03,2.12117787e-06,2.75753123e-05,1.21100050e-07,1.57430065e-06,5.69222051e-05,7.96910872e-04,2.46489502e-07,3.69734253e-06,4.20422065e-12,5.88590891e-11,8.64501545e-10,1.29675232e-08,3.60914085e-04,5.77462537e-03,1.37411327e-07,2.33599256e-06,3.36782852e-07,6.06209133e-06,9.69117602e-10,1.64749992e-08,4.71383723e-13,8.48490702e-12,7.15314308e-05,1.43062862e-03
3.93662014e-03,9.12804671e-02,2.21099407e+04,4.26037956e-03,7.10658100e-01,7.10658100e-01,6.89171864e-02,2.75668746e-01,1.89602672e-04,2.27523206e-03,2.12091798e-06,2.75719337e-05,1.28337952e-07,1.66839338e-06,5.69224172e-05,7.96913840e-04,2.41594982e-07,3.62392473e-06,4.72157785e-12,6.61020899e-11,9.16141003e-10,1.37421151e-08,3.60914034e-04,5.77462455e-03,1.37407534e-07,2.33592808e-06,3.21744794e-07,5.79140629e-06,1.02700364e-09,1.74590618e-08,4.99506829e-13,8.99112291e-12,7.15314309e-05,1.43062862e-03
4.17175586e-03,9.12804950e-02,2.21099371e+04,4.16526119e-03,7.10658056e-01,7.10658056e-01,6.89172222e-02,2.75668889e-01,1.89615577e-04,2.27538693e-03,2.12064260e-06,2.75683538e-05,1.36008680e-07,1.76811284e-06,5.69226419e-05,7.96916986e-04,2.36126828e-07,3.54190242e-06,5.30260690e-12,7.42364966e-11,9.70865210e-10,1.45629781e-08,3.60913980e-04,5.77462368e-03,1.37403515e-07,2.33585975e-06,3.06540622e-07,5.51773119e-06,1.08834726e-09,1.85019035e-08,5.29305704e-13,9.52750266e-12,7.15314311e-05,1.43062862e-03
4.42093631e-03,9.12805246e-02,2.21099334e+04,4.06002039e-03,7.10658011e-01,7.10658011e-01,6.89172588e-02,2.75669035e-01,1.89628727e-04,2.27554473e-03,2.12035081e-06,2.75645606e-05,1.44138125e-07,1.87379563e-06,5.69228799e-05,7.96920319e-04,2.30079219e-07,3.45118828e-06,5.95514516e-12,8.33720322e-11,1.02885846e-09,1.54328768e-08,3.60913922e-04,5.77462275e-03,1.37399256e-07,2.33578734e-06,2.91211621e-07,5.24180917e-06,1.15335501e-09,1.96070351e-08,5.60879947e-13,1.00958390e-11,7.15314313e-05,1.43062863e-03
4.68500040e-03,9.12805559e-02,2.21099294e+04,3.94467655e-03,7.10657965e-01,7.10657965e-01,6.89172962e-02,2.75669185e-01,1.89642049e-04,2.27570459e-03,2.12004164e-06,2.75605413e-05,1.52753729e-07,1.98579848e-06,5.69231322e-05,7.96923850e-04,2.23453055e-07,3.35179583e-06,6.68799480e-12,9.36319272e-11,1.09031604e-09,1.63547406e-08,3.60913861e-04,5.77462177e-03,1.37394742e-07,2.33571062e-06,2.75802667e-07,4.96444801e-06,1.22224574e-09,2.07781775e-08,5.94335045e-13,1.06980308e-11,7.15314315e-05,1.43062863e-03
4.96483713e-03,9.12805891e-02,2.21099252e+04,3.81937747e-03,7.10657918e-01,7.10657918e-01,6.89173342e-02,2.75669337e-01,1.89655457e-04,2.27586548e-03,2.11971405e-06,2.75562827e-05,1.61884570e-07,2.10449940e-06,5.69233994e-05,7.96927592e-04,2.16256533e-07,3.24384800e-06,7.51104161e-12,1.05154583e-10,1.15544494e-09,1.73316742e-08,3.60913795e-04,5.77462073e-03,1.37389960e-07,2.33562932e-06,2.60362131e-07,4.68651837e-06,1.29525138e-09,2.20192735e-08,6.29782718e-13,1.13360889e-11,7.15314317e-05,1.43062863e-03
5.26138860e-03,9.12806243e-02,2.21099207e+04,3.68441356e-03,7.10657869e-01,7.10657869e-01,6.89173727e-02,2.75669491e-01,1.89668853e-04,2.27602623e-03,2.11936696e-06,2.75517704e-05,1.71561460e-07,2.23029898e-06,5.69236826e-05,7.96931556e-04,2.08505955e-07,3.12758932e-06,8.43538834e-12,1.18095437e-10,1.22446450e-09,1.83669676e-08,3.60913726e-04,5.77461961e-03,1.37384892e-07,2.33554316e-06,2.44941583e-07,4.40894849e-06,1.37261775e-09,2.33345017e-08,6.67341282e-13,1.20121431e-11,7.15314319e-05,1.43062864e-03
5.57565321e-03,9.12806616e-02,2.21099160e+04,3.54022698e-03,7.10657820e-01,7.10657820e-01,6.89174116e-02,2.75669646e-01,1.89682125e-04,2.27618550e-03,2.11899919e-06,2.75469895e-05,1.81817051e-07,2.36362167e-06,5.69239826e-05,7.96935756e-04,2.00226245e-07,3.00339368e-06,9.47350454e-12,1.32629064e-10,1.29760717e-09,1.94641076e-08,3.60913652e-04,5.77461843e-03,1.37379522e-07,2.33545187e-06,2.29595474e-07,4.13271853e-06,1.45460529e-09,2.47282900e-08,7.07136032e-13,1.27284486e-11,7.15314321e-05,1.43062864e-03
5.90868894e-03,9.12807011e-02,2.21099110e+04,3.38742097e-03,7.10657770e-01,7.10657770e-01,6.89174507e-02,2.75669803e-01,1.89695147e-04,2.27634177e-03,2.11860953e-06,2.75419239e-05,1.92685938e-07,2.50491719e-06,5.69243005e-05,7.96940207e-04,1.91451486e-07,2.87177228e-06,1.06393948e-11,1.48951527e-10,1.37511929e-09,2.06267893e-08,3.60913573e-04,5.77461717e-03,1.37373832e-07,2.33535514e-06,2.14380631e-07,3.85885135e-06,1.54149006e-09,2.62053311e-08,7.49299653e-13,1.34873938e-11,7.15314323e-05,1.43062865e-03
6.26161702e-03,9.12807430e-02,2.21099057e+04,3.22676118e-03,7.10657719e-01,7.10657719e-01,6.89174900e-02,2.75669960e-01,1.89707783e-04,2.27649340e-03,2.11819668e-06,2.75365568e-05,2.04204774e-07,2.65466207e-06,5.69246373e-05,7.96944922e-04,1.82224987e-07,2.73337480e-06,1.19487875e-11,1.67283025e-10,1.45726192e-09,2.18589288e-08,3.60913489e-04,5.77461583e-03,1.37367802e-07,2.33525264e-06,1.99355808e-07,3.58840455e-06,1.63356458e-09,2.77705978e-08,7.93972646e-13,1.42915076e-11,7.15314326e-05,1.43062865e-03
6.63562562e-03,9.12807874e-02,2.21099000e+04,3.05917553e-03,7.10657667e-01,7.10657667e-01,6.89175291e-02,2.75670116e-01,1.89719880e-04,2.27663856e-03,2.11775926e-06,2.75308704e-05,2.16412396e-07,2.81336115e-06,5.69249941e-05,7.96949917e-04,1.72599278e-07,2.58898917e-06,1.34193472e-11,1.87870861e-10,1.54431173e-09,2.31646760e-08,3.60913400e-04,5.77461440e-03,1.37361413e-07,2.33514402e-06,1.84581069e-07,3.32245924e-06,1.73113883e-09,2.94293601e-08,8.41303781e-13,1.51434681e-11,7.15314329e-05,1.43062866e-03
7.03197389e-03,9.12808344e-02,2.21098940e+04,2.88575242e-03,7.10657615e-01,7.10657615e-01,6.89175680e-02,2.75670272e-01,1.89731276e-04,2.27677531e-03,2.11729581e-06,2.75248456e-05,2.29349945e-07,2.98154929e-06,5.69253721e-05,7.96955209e-04,1.62636012e-07,2.43954018e-06,1.50709129e-11,2.10992780e-10,1.63656193e-09,2.45484290e-08,3.60913305e-04,5.77461288e-03,1.37354643e-07,2.33502893e-06,1.70116960e-07,3.06210529e-06,1.83454133e-09,3.11872027e-08,8.91450580e-13,1.60461104e-11,7.15314331e-05,1.43062866e-03
7.45199617e-03,9.12808842e-02,2.21098877e+04,2.70772659e-03,7.10657563e-01,7.10657563e-01,6.89176064e-02,2.75670425e-01,1.89741797e-04,2.27690156e-03,2.11680480e-06,2.75184624e-05,2.43061006e-07,3.15979308e-06,5.69257726e-05,7.96960816e-04,1.52405151e-07,2.28607726e-06,1.69257649e-11,2.36960708e-10,1.73432324e-09,2.60148486e-08,3.60913204e-04,5.77461126e-03,1.37347470e-07,2.33490698e-06,1.56023817e-07,2.80842871e-06,1.94412023e-09,3.30500439e-08,9.44579818e-13,1.70024367e-11,7.15314334e-05,1.43062867e-03
7.89710654e-03,9.12809371e-02,2.21098810e+04,2.52646374e-03,7.10657510e-01,7.10657510e-01,6.89176441e-02,2.75670576e-01,1.89751260e-04,2.27701512e-03,2.11628459e-06,2.75116996e-05,2.57591749e-07,3.34869274e-06,5.69261969e-05,7.96966756e-04,1.41984095e-07,2.12976143e-06,1.90089261e-11,2.66124965e-10,1.83792496e-09,2.75688744e-08,3.60913096e-04,5.77460953e-03,1.37339868e-07,2.33477776e-06,1.42360848e-07,2.56249527e-06,2.06024444e-09,3.50241555e-08,1.00086806e-12,1.80156251e-11,7.15314338e-05,1.43062868e-03
8.36880350e-03,9.12809930e-02,2.21098739e+04,2.34344204e-03,7.10657458e-01,7.10657458e-01,6.89176810e-02,2.75670724e-01,1.89759477e-04,2.27711372e-03,2.11573345e-06,2.75045348e-05,2.72991080e-07,3.54888404e-06,5.69266464e-05,7.96973049e-04,1.31456630e-07,1.97184946e-06,2.13484986e-11,2.98878980e-10,1.94771608e-09,2.92157412e-08,3.60912981e-04,5.77460769e-03,1.37331814e-07,2.33464084e-06,1.29185123e-07,2.32533221e-06,2.18330496e-09,3.71161842e-08,1.06050222e-12,1.90890400e-11,7.15314341e-05,1.43062868e-03
8.86867510e-03,9.12810523e-02,2.21098664e+04,2.16022314e-03,7.10657405e-01,7.10657405e-01,6.89177169e-02,2.75670867e-01,1.89766253e-04,2.27719503e-03,2.11514955e-06,2.74969442e-05,2.89310801e-07,3.76104041e-06,5.69271225e-05,7.96979716e-04,1.20911273e-07,1.81366909e-06,2.39760426e-11,3.35664597e-10,2.06406644e-09,3.09609966e-08,3.60912858e-04,5.77460573e-03,1.37323280e-07,2.33449577e-06,1.16550640e-07,2.09791153e-06,2.31371609e-09,3.93331735e-08,1.12368017e-12,2.02262431e-11,7.15314345e-05,1.43062869e-03
9.39840419e-03,9.12811152e-02,2.21098584e+04,1.97842011e-03,7.10657353e-01,7.10657353e-01,6.89177515e-02,2.75671006e-01,1.89771392e-04,2.27725671e-03,2.11453096e-06,2.74889025e-05,3.06605776e-07,3.98587509e-06,5.69276270e-05,7.96986778e-04,1.10439447e-07,1.65659171e-06,2.69270018e-11,3.76978025e-10,2.18736801e-09,3.28105201e-08,3.60912728e-04,5.77460364e-03,1.37314238e-07,2.33434205e-06,1.04507276e-07,1.88113096e-06,2.45191692e-09,4.16825876e-08,1.19061135e-12,2.14310044e-11,7.15314348e-05,1.43062870e-03
9.95977420e-03,9.12811818e-02,2.21098499e+04,1.79966105e-03,7.10657301e-01,7.10657301e-01,6.89177847e-02,2.75671139e-01,1.89774700e-04,2.27729640e-03,2.11387562e-06,2.74803831e-05,3.24934116e-07,4.22414350e-06,5.69281614e-05,7.96994260e-04,1.00133413e-07,1.50200119e-06,3.02411803e-11,4.23376524e-10,2.31803616e-09,3.47705424e-08,3.60912589e-04,5.77460142e-03,1.37304657e-07,2.33417917e-06,9.30997700e-08,1.67579586e-06,2.59837275e-09,4.41723368e-08,1.26151744e-12,2.27073139e-11,7.15314352e-05,1.43062870e-03
1.05546750e-02,9.12812524e-02,2.21098410e+04,1.62554990e-03,7.10657250e-01,7.10657250e-01,6.89178163e-02,2.75671265e-01,1.89775986e-04,2.27731183e-03,2.11318137e-06,2.74713579e-05,3.44357359e-07,4.47664567e-06,5.69287275e-05,7.97002185e-04,9.00840314e-08,1.35126047e-06,3.39632791e-11,4.75485908e-10,2.45651112e-09,3.68476668e-08,3.60912441e-04,5.77459905e-03,1.37294505e-07,2.33400659e-06,8.23666791e-08,1.48260022e-06,2.75357669e-09,4.68108038e-08,1.33663304e-12,2.40593947e-11,7.15314357e-05,1.43062871e-03
1.11851095e-02,9.12813272e-02,2.21098315e+04,1.45762402e-03,7.10657199e-01,7.10657199e-01,6.89178461e-02,2.75671385e-01,1.89775066e-04,2.27730079e-03,2.11244592e-06,2.74617969e-05,3.64940679e-07,4.74422883e-06,5.69293271e-05,7.97010580e-04,8.03783510e-08,1.20567526e-06,3.81434978e-11,5.34008969e-10,2.60325944e-09,3.90488916e-08,3.60912283e-04,5.77459653e-03,1.37283749e-07,2.33382373e-06,7.23396344e-08,1.30211342e-06,2.91805129e-09,4.96068720e-08,1.41620643e-12,2.54917158e-11,7.15314361e-05,1.43062872e-03
1.18532001e-02,9.12814065e-02,2.21098214e+04,1.29731336e-03,7.10657149e-01,7.10657149e-01,6.89178741e-02,2.75671497e-01,1.89771767e-04,2.27726120e-03,2.11166682e-06,2.74516686e-05,3.86753093e-07,5.02779021e-06,5.69299623e-05,7.97019473e-04,7.10972807e-08,1.06645921e-06,4.28382099e-11,5.99734938e-10,2.75877556e-09,4.13816334e-08,3.60912115e-04,5.77459384e-03,1.37272352e-07,2.33362999e-06,6.30424352e-08,1.13476383e-06,3.09235034e-09,5.25699557e-08,1.50050035e-12,2.70090063e-11,7.15314366e-05,1.43062873e-03
1.25611959e-02,9.12814905e-02,2.21098107e+04,1.14590036e-03,7.10657100e-01,7.10657100e-01,6.89179002e-02,2.75671601e-01,1.89765927e-04,2.27719112e-03,2.11084151e-06,2.74409396e-05,4.09867687e-07,5.32827993e-06,5.69306352e-05,7.97028892e-04,6.23133072e-08,9.34699608e-07,4.81107216e-11,6.73550102e-10,2.92358349e-09,4.38537523e-08,3.60911936e-04,5.77459098e-03,1.37260277e-07,2.33342471e-06,5.44904451e-08,9.80828012e-07,3.27706067e-09,5.57100314e-08,1.58979277e-12,2.86162698e-11,7.15314371e-05,1.43062874e-03
1.33114806e-02,9.12815795e-02,2.21097994e+04,1.00448413e-03,7.10657051e-01,7.10657051e-01,6.89179242e-02,2.75671697e-01,1.89757401e-04,2.27708881e-03,2.10996727e-06,2.74295745e-05,4.34361853e-07,5.64670410e-06,5.69313478e-05,7.97038870e-04,5.40884512e-08,8.11326769e-07,5.40321234e-11,7.56449728e-10,3.09823856e-09,4.64735784e-08,3.60911746e-04,5.77458794e-03,1.37247483e-07,2.33320722e-06,4.66901162e-08,8.40422092e-07,3.47280422e-09,5.90376717e-08,1.68437778e-12,3.03188001e-11,7.15314377e-05,1.43062875e-03
1.41065800e-02,9.12816739e-02,2.21097874e+04,8.73949646e-04,7.10657003e-01,7.10657003e-01,6.89179461e-02,2.75671784e-01,1.89746059e-04,2.27695271e-03,2.10904123e-06,2.74175359e-05,4.60317546e-07,5.98412810e-06,5.69321027e-05,7.97049437e-04,4.64725147e-08,6.97087720e-07,6.06822461e-11,8.49551446e-10,3.28332934e-09,4.92499401e-08,3.60911544e-04,5.77458470e-03,1.37233929e-07,2.33297678e-06,3.96388220e-08,7.13498796e-07,3.68024004e-09,6.25640807e-08,1.78456652e-12,3.21221974e-11,7.15314382e-05,1.43062876e-03
1.49491710e-02,9.12817738e-02,2.21097748e+04,7.54946158e-04,7.10656955e-01,7.10656955e-01,6.89179660e-02,2.75671864e-01,1.89731791e-04,2.27678149e-03,2.10806033e-06,2.74047842e-05,4.87821544e-07,6.34168008e-06,5.69329022e-05,7.97060630e-04,3.95018476e-08,5.92527714e-07,6.81507339e-11,9.54110275e-10,3.47947958e-09,5.21921938e-08,3.60911329e-04,5.77458126e-03,1.37219567e-07,2.33273264e-06,3.33248474e-08,5.99847253e-07,3.90006657e-09,6.63011318e-08,1.89068807e-12,3.40323853e-11,7.15314388e-05,1.43062878e-03
1.58420903e-02,9.12818798e-02,2.21097613e+04,6.47872739e-04,7.10656908e-01,7.10656908e-01,6.89179837e-02,2.75671935e-01,1.89714502e-04,2.27657402e-03,2.10702135e-06,2.73912776e-05,5.16965739e-07,6.72055461e-06,5.69337489e-05,7.97072485e-04,3.31985231e-08,4.97977846e-07,7.65382495e-11,1.07153549e-09,3.68735036e-09,5.53102554e-08,3.60911100e-04,5.77457760e-03,1.37204352e-07,2.33247398e-06,2.77276726e-08,4.99098106e-07,4.13302399e-09,7.02614078e-08,2.00309049e-12,3.60556289e-11,7.15314395e-05,1.43062879e-03
1.67883439e-02,9.12819921e-02,2.21097470e+04,5.52874402e-04,7.10656861e-01,7.10656861e-01,6.89179995e-02,2.75671998e-01,1.89694115e-04,2.27632938e-03,2.10592090e-06,2.73769717e-05,5.47847433e-07,7.12201663e-06,5.69346457e-05,7.97085039e-04,2.75701134e-08,4.13551701e-07,8.59578279e-11,1.20340959e-09,3.90764228e-09,5.86146342e-08,3.60910857e-04,5.77457371e-03,1.37188232e-07,2.33219994e-06,2.28184992e-08,4.10732986e-07,4.37989666e-09,7.44582432e-08,2.12214187e-12,3.81985536e-11,7.15314401e-05,1.43062880e-03
1.77911176e-02,9.12821111e-02,2.21097319e+04,4.69849486e-04,7.10656814e-01,7.10656814e-01,6.89180133e-02,2.75672053e-01,1.89670571e-04,2.27604686e-03,2.10475537e-06,2.73618199e-05,5.80569655e-07,7.54740552e-06,5.69355954e-05,7.97098335e-04,2.26101077e-08,3.39151615e-07,9.65363895e-11,1.35150945e-09,4.14109788e-09,6.21164681e-08,3.60910599e-04,5.77456958e-03,1.37171153e-07,2.33190960e-06,1.85611297e-08,3.34100335e-07,4.64151584e-09,7.89057692e-08,2.24823138e-12,4.04681649e-11,7.15314409e-05,1.43062882e-03
1.88537874e-02,9.12822372e-02,2.21097159e+04,3.98465197e-04,7.10656767e-01,7.10656767e-01,6.89180252e-02,2.75672101e-01,1.89643823e-04,2.27572587e-03,2.10352096e-06,2.73457724e-05,6.15241502e-07,7.99813953e-06,5.69366011e-05,7.97112416e-04,1.82987931e-08,2.74481896e-07,1.08416453e-10,1.51783034e-09,4.38850410e-09,6.58275614e-08,3.60910324e-04,5.77456519e-03,1.37153060e-07,2.33160202e-06,1.49129230e-08,2.68432614e-07,4.91876242e-09,8.36189611e-08,2.38177053e-12,4.28718695e-11,7.15314416e-05,1.43062883e-03
1.99799308e-02,9.12823708e-02,2.21096989e+04,3.38184073e-04,7.10656719e-01,7.10656719e-01,6.89180355e-02,2.75672142e-01,1.89613832e-04,2.27536598e-03,2.10221363e-06,2.73287772e-05,6.51978491e-07,8.47572039e-06,5.69376661e-05,7.97127326e-04,1.46047580e-08,2.19071371e-07,1.21758043e-10,1.70461260e-09,4.65069498e-09,6.97604247e-08,3.60910033e-04,5.77456053e-03,1.37133892e-07,2.33127616e-06,1.18261057e-08,2.12869903e-07,5.21256993e-09,8.86136888e-08,2.52319425e-12,4.54174966e-11,7.15314424e-05,1.43062885e-03
2.11733391e-02,9.12825124e-02,2.21096810e+04,2.88297539e-04,7.10656671e-01,7.10656671e-01,6.89180441e-02,2.75672177e-01,1.89580570e-04,2.27496684e-03,2.10082913e-06,2.73107787e-05,6.90902937e-07,8.98173818e-06,5.69387939e-05,7.97143115e-04,1.14867991e-08,1.72301986e-07,1.36740841e-10,1.91437177e-09,4.92855448e-09,7.39283173e-08,3.60909724e-04,5.77455558e-03,1.37113585e-07,2.33093095e-06,9.24916163e-09,1.66484909e-07,5.52392767e-09,9.39067704e-08,2.67296229e-12,4.81133213e-11,7.15314433e-05,1.43062887e-03
2.24380301e-02,9.12826625e-02,2.21096619e+04,2.47963797e-04,7.10656622e-01,7.10656622e-01,6.89180514e-02,2.75672206e-01,1.89544008e-04,2.27452810e-03,2.09936297e-06,2.72917187e-05,7.32144350e-07,9.51787655e-06,5.69399880e-05,7.97159832e-04,8.89607424e-09,1.33441114e-07,1.53566593e-10,2.14993231e-09,5.22301946e-09,7.83452919e-08,3.60909396e-04,5.77455033e-03,1.37092073e-07,2.33056525e-06,7.12827511e-09,1.28308952e-07,5.85388406e-09,9.95160290e-08,2.83156045e-12,5.09680882e-11,7.15314442e-05,1.43062888e-03
2.37782616e-02,9.12828215e-02,2.21096417e+04,2.16250402e-04,7.10656572e-01,7.10656572e-01,6.89180575e-02,2.75672230e-01,1.89504118e-04,2.27404942e-03,2.09781040e-06,2.72715352e-05,7.75839856e-07,1.00859181e-05,5.69412524e-05,7.97177533e-04,6.77852317e-09,1.01677848e-07,1.72461822e-10,2.41446551e-09,5.53508285e-09,8.30262427e-08,3.60909048e-04,5.77454477e-03,1.37069285e-07,2.33017784e-06,5.40886815e-09,9.73596266e-08,6.20355013e-09,1.05460352e-07,2.99950203e-12,5.39910366e-11,7.15314452e-05,1.43062890e-03
2.51985456e-02,9.12829900e-02,2.21096203e+04,1.92176764e-04,7.10656520e-01,7.10656520e-01,6.89180624e-02,2.75672250e-01,1.89460865e-04,2.27353038e-03,2.09616639e-06,2.72501631e-05,8.22134638e-07,1.06877503e-05,5.69425910e-05,7.97196274e-04,5.07728308e-09,7.61592463e-08,1.93680859e-10,2.71153203e-09,5.86579701e-09,8.79869551e-08,3.60908679e-04,5.77453886e-03,1.37045144e-07,2.32976745e-06,4.03705526e-09,7.26669947e-08,6.57410330e-09,1.11759756e-07,3.17732926e-12,5.71919267e-11,7.15314462e-05,1.43062892e-03
2.67036636e-02,9.12831686e-02,2.21095976e+04,1.74754051e-04,7.10656466e-01,7.10656466e-01,6.89180665e-02,2.75672266e-01,1.89414203e-04,2.27297044e-03,2.09442565e-06,2.72275334e-05,8.71182406e-07,1.13253713e-05,5.69440082e-05,7.97216115e-04,3.73495681e-09,5.60243521e-08,2.17509260e-10,3.04512964e-09,6.21627733e-09,9.32441599e-08,3.60908287e-04,5.77453259e-03,1.37019572e-07,2.32933273e-06,2.96094667e-09,5.32970401e-08,6.96679135e-09,1.18435453e-07,3.36561483e-12,6.05810669e-11,7.15314473e-05,1.43062895e-03
2.82986829e-02,9.12833579e-02,2.21095736e+04,1.63021925e-04,7.10656411e-01,7.10656411e-01,6.89180697e-02,2.75672279e-01,1.89364074e-04,2.27236889e-03,2.09258257e-06,2.72035734e-05,9.23145887e-07,1.20008965e-05,5.69455085e-05,7.97237118e-04,2.69570024e-09,4.04355035e-08,2.44267628e-10,3.41974679e-09,6.58770597e-09,9.88155896e-08,3.60907872e-04,5.77452595e-03,1.36992485e-07,2.32887224e-06,2.13181831e-09,3.83727296e-08,7.38293660e-09,1.25509922e-07,3.56496347e-12,6.41693425e-11,7.15314484e-05,1.43062897e-03
2.99889732e-02,9.12835584e-02,2.21095481e+04,1.56078715e-04,7.10656352e-01,7.10656352e-01,6.89180724e-02,2.75672290e-01,1.89310403e-04,2.27172483e-03,2.09063123e-06,2.71782060e-05,9.78197346e-07,1.27165655e-05,5.69470966e-05,7.97259352e-04,1.90693655e-09,2.86040483e-08,2.74315912e-10,3.84042277e-09,6.98133590e-09,1.04720039e-07,3.60907432e-04,5.77451891e-03,1.36963792e-07,2.32838447e-06,1.50501956e-09,2.70903520e-08,7.82394038e-09,1.33006987e-07,3.77601361e-12,6.79682450e-11,7.15314496e-05,1.43062899e-03
3.17802252e-02,9.12837710e-02,2.21095211e+04,1.53104758e-04,7.10656291e-01,7.10656291e-01,6.89180746e-02,2.75672298e-01,1.89253093e-04,2.27103711e-03,2.08856541e-06,2.71513503e-05,1.03651913e-06,1.34747487e-05,5.69487776e-05,7.97282886e-04,1.32068086e-09,1.98102130e-08,3.08058229e-10,4.31281521e-09,7.39849513e-09,1.10977427e-07,3.60906965e-04,5.77451144e-03,1.36933401e-07,2.32786782e-06,1.04063050e-09,1.87313490e-08,8.29128775e-09,1.40951892e-07,3.99943909e-12,7.19899035e-11,7.15314509e-05,1.43062902e-03
3.36784693e-02,9.12839962e-02,2.21094925e+04,1.53378030e-04,7.10656227e-01,7.10656227e-01,6.89180764e-02,2.75672306e-01,1.89192028e-04,2.27030434e-03,2.08637851e-06,2.71229206e-05,1.09830426e-06,1.42779553e-05,5.69505568e-05,7.97307795e-04,8.94426021e-10,1.34163903e-08,3.45948273e-10,4.84327582e-09,7.84059123e-09,1.17608868e-07,3.60906471e-04,5.77450353e-03,1.36901211e-07,2.32732059e-06,7.03838236e-10,1.26690882e-08,8.78655249e-09,1.49371392e-07,4.23595094e-12,7.62471169e-11,7.15314523e-05,1.43062905e-03
3.56900962e-02,9.12842349e-02,2.21094622e+04,1.56282346e-04,7.10656159e-01,7.10656159e-01,6.89180779e-02,2.75672312e-01,1.89127070e-04,2.26952484e-03,2.08406358e-06,2.70928266e-05,1.16375699e-06,1.51288409e-05,5.69524398e-05,7.97334157e-04,5.91605502e-10,8.87408253e-09,3.88495386e-10,5.43893541e-09,8.30911610e-09,1.24636742e-07,3.60905946e-04,5.77449514e-03,1.36867117e-07,2.32674098e-06,4.65048290e-10,8.37086923e-09,9.31140244e-09,1.58293841e-07,4.48629927e-12,8.07533869e-11,7.15314537e-05,1.43062907e-03
3.78218782e-02,9.12844879e-02,2.21094301e+04,1.61308766e-04,7.10656087e-01,7.10656087e-01,6.89180792e-02,2.75672317e-01,1.89058057e-04,2.26869669e-03,2.08161329e-06,2.70609728e-05,1.23309352e-06,1.60302158e-05,5.69544325e-05,7.97362055e-04,3.81668528e-10,5.72502792e-09,4.36271378e-10,6.10779929e-09,8.80565106e-09,1.32084766e-07,3.60905391e-04,5.77448625e-03,1.36831007e-07,2.32612712e-06,2.99754137e-10,5.39557446e-09,9.86760509e-09,1.67749286e-07,4.75127515e-12,8.55229527e-11,7.15314552e-05,1.43062910e-03
4.00809924e-02,9.12847559e-02,2.21093961e+04,1.68051268e-04,7.10656012e-01,7.10656012e-01,6.89180804e-02,2.75672322e-01,1.88984804e-04,2.26781765e-03,2.07901992e-06,2.70272589e-05,1.30654261e-06,1.69850539e-05,5.69565411e-05,7.97391575e-04,2.39829079e-10,3.59743618e-09,4.89918168e-10,6.85885435e-09,9.33187220e-09,1.39978083e-07,3.60904802e-04,5.77447683e-03,1.36792764e-07,2.32547699e-06,1.88204610e-10,3.38768298e-09,1.04570335e-08,1.77769570e-07,5.03171261e-12,9.05708270e-11,7.15314569e-05,1.43062914e-03
4.24750442e-02,9.12850400e-02,2.21093600e+04,1.76198170e-04,7.10655932e-01,7.10655932e-01,6.89180816e-02,2.75672326e-01,1.88907103e-04,2.26688523e-03,2.07627530e-06,2.69915789e-05,1.38434629e-06,1.79965018e-05,5.69587721e-05,7.97422809e-04,1.46572271e-10,2.19858407e-09,5.50156366e-10,7.70218912e-09,9.88955609e-09,1.48343341e-07,3.60904178e-04,5.77446684e-03,1.36752263e-07,2.32478847e-06,1.14924236e-10,2.06863625e-09,1.10816728e-08,1.88388438e-07,5.32849071e-12,9.59128327e-11,7.15314586e-05,1.43062917e-03
4.50120936e-02,9.12853410e-02,2.21093218e+04,1.85520677e-04,7.10655847e-01,7.10655847e-01,6.89180827e-02,2.75672331e-01,1.88824723e-04,2.26589667e-03,2.07337085e-06,2.69538211e-05,1.46676064e-06,1.90678884e-05,5.69611325e-05,7.97455854e-04,8.69966134e-11,1.30494920e-09,6.17794899e-10,8.64912859e-09,1.04805858e-08,1.57208788e-07,3.60903516e-04,5.77445626e-03,1.36709373e-07,2.32405934e-06,6.81374170e-11,1.22647351e-09,1.17436266e-08,1.99641652e-07,5.64253562e-12,1.01565641e-10,7.15314604e-05,1.43062921e-03
4.77006819e-02,9.12856601e-02,2.21092813e+04,1.95860069e-04,7.10655758e-01,7.10655758e-01,6.89180838e-02,2.75672335e-01,1.88737412e-04,2.26484894e-03,2.07029754e-06,2.69138680e-05,1.55405656e-06,2.02027352e-05,5.69636294e-05,7.97490812e-04,5.00787626e-11,7.51181439e-10,6.93741814e-10,9.71238540e-09,1.11069575e-08,1.66604362e-07,3.60902815e-04,5.77444505e-03,1.36663954e-07,2.32328722e-06,3.91549356e-11,7.04788841e-10,1.24451242e-08,2.11567112e-07,5.97482282e-12,1.07546811e-10,7.15314623e-05,1.43062925e-03
5.05498605e-02,9.12859981e-02,2.21092383e+04,2.07114711e-04,7.10655663e-01,7.10655663e-01,6.89180849e-02,2.75672339e-01,1.88644897e-04,2.26373876e-03,2.06704582e-06,2.68715956e-05,1.64652055e-06,2.14047672e-05,5.69662705e-05,7.97527788e-04,2.79271978e-11,4.18907967e-10,7.79016391e-10,1.09062295e-08,1.17707868e-08,1.76561803e-07,3.60902072e-04,5.77443316e-03,1.36615859e-07,2.32246961e-06,2.17671382e-11,3.91808487e-10,1.31885283e-08,2.24204982e-07,6.32637931e-12,1.13874828e-10,7.15314644e-05,1.43062929e-03
5.35692215e-02,9.12863564e-02,2.21091928e+04,2.19227886e-04,7.10655563e-01,7.10655563e-01,6.89180860e-02,2.75672344e-01,1.88546883e-04,2.26256260e-03,2.06360566e-06,2.68268736e-05,1.74445565e-06,2.26779235e-05,5.69690639e-05,7.97566895e-04,1.50826073e-11,2.26239110e-10,8.74762740e-10,1.22466784e-08,1.24743166e-08,1.87114749e-07,3.60901285e-04,5.77442056e-03,1.36564934e-07,2.32160388e-06,1.16834009e-11,2.10301216e-10,1.39763427e-08,2.37597826e-07,6.69828589e-12,1.20569146e-10,7.15314665e-05,1.43062933e-03
5.67689301e-02,9.12867361e-02,2.21091446e+04,2.32177083e-04,7.10655456e-01,7.10655456e-01,6.89180872e-02,2.75672349e-01,1.88443055e-04,2.26131666e-03,2.05996653e-06,2.67795649e-05,1.84818230e-06,2.40263699e-05,5.69720179e-05,7.97608251e-04,7.90075224e-12,1.18511284e-10,9.82265046e-10,1.37517106e-08,1.32199242e-08,1.98298863e-07,3.60900451e-04,5.77440721e-03,1.36511014e-07,2.32068724e-06,6.04195753e-12,1.08755236e-10,1.48112207e-08,2.51790753e-07,7.09167947e-12,1.27650230e-10,7.15314688e-05,1.43062938e-03
6.01597583e-02,9.12871384e-02,2.21090935e+04,2.45965108e-04,7.10655344e-01,7.10655344e-01,6.89180885e-02,2.75672354e-01,1.88333077e-04,2.25999693e-03,2.05611731e-06,2.67295251e-05,1.95803929e-06,2.54545107e-05,5.69751414e-05,7.97651980e-04,4.03841311e-12,6.05761967e-11,1.10296467e-09,1.54415054e-08,1.40101297e-08,2.10151945e-07,3.60899567e-04,5.77439306e-03,1.36453926e-07,2.31971675e-06,3.00371735e-12,5.40669122e-11,1.56959745e-08,2.66831567e-07,7.50775540e-12,1.35139597e-10,7.15314713e-05,1.43062943e-03
6.37531220e-02,9.12875648e-02,2.21090394e+04,2.60613098e-04,7.10655225e-01,7.10655225e-01,6.89180898e-02,2.75672359e-01,1.88216592e-04,2.25859910e-03,2.05204635e-06,2.66766026e-05,2.07438479e-06,2.69670023e-05,5.69784437e-05,7.97698211e-04,2.04699448e-12,3.07049173e-11,1.23847934e-09,1.73387107e-08,1.48476045e-08,2.22714067e-07,3.60898629e-04,5.77437807e-03,1.36393488e-07,2.31868930e-06,1.43214808e-12,2.57786654e-11,1.66335841e-08,2.82770930e-07,7.94776989e-12,1.43059858e-10,7.15314739e-05,1.43062948e-03
6.75611185e-02,9.12880167e-02,2.21089820e+04,2.76155309e-04,7.10655098e-01,7.10655098e-01,6.89180912e-02,2.75672365e-01,1.88093220e-04,2.25711863e-03,2.04774138e-06,2.66206379e-05,2.19759740e-06,2.85687662e-05,5.69819344e-05,7.97747082e-04,1.06723454e-12,1.60085181e-11,1.39062465e-09,1.94687451e-08,1.57351805e-08,2.36027708e-07,3.60897636e-04,5.77436218e-03,1.36329506e-07,2.31760161e-06,6.53247753e-13,1.17584596e-11,1.76272078e-08,2.99662532e-07,8.41304232e-12,1.51434762e-10,7.15314766e-05,1.43062953e-03
7.15965680e-02,9.12884955e-02,2.21089212e+04,2.92635457e-04,7.10654964e-01,7.10654964e-01,6.89180927e-02,2.75672371e-01,1.87962559e-04,2.25555071e-03,2.04318953e-06,2.65614638e-05,2.32807721e-06,3.02650038e-05,5.69856239e-05,7.97798734e-04,6.11158535e-13,9.16737802e-12,1.56143818e-09,2.18601346e-08,1.66758599e-08,2.50137898e-07,3.60896584e-04,5.77434534e-03,1.36261778e-07,2.31645022e-06,2.84300528e-13,5.11740950e-12,1.86801925e-08,3.17563272e-07,8.90495771e-12,1.60289239e-10,7.15314795e-05,1.43062959e-03
7.58730563e-02,9.12890029e-02,2.21088568e+04,3.10104289e-04,7.10654823e-01,7.10654823e-01,6.89180943e-02,2.75672377e-01,1.87824187e-04,2.25389024e-03,2.03837729e-06,2.64989047e-05,2.46624701e-06,3.20612111e-05,5.69895228e-05,7.97853319e-04,4.14084004e-13,6.21126007e-12,1.75320659e-09,2.45448923e-08,1.76728250e-08,2.65092376e-07,3.60895468e-04,5.77432749e-03,1.36190088e-07,2.31523149e-06,1.17725260e-13,2.11905468e-12,1.97960854e-08,3.36533451e-07,9.42496898e-12,1.69649442e-10,7.15314826e-05,1.43062965e-03
8.04049808e-02,9.12895407e-02,2.21087885e+04,3.28618099e-04,7.10654673e-01,7.10654673e-01,6.89180960e-02,2.75672384e-01,1.87677652e-04,2.25213183e-03,2.03329049e-06,2.64327763e-05,2.61255344e-06,3.39631948e-05,5.69936422e-05,7.97910991e-04,3.39237817e-13,5.08856725e-12,1.96849588e-09,2.75589423e-08,1.87294500e-08,2.80941750e-07,3.60894286e-04,5.77430858e-03,1.36114210e-07,2.31394157e-06,4.62456355e-14,8.32421438e-13,2.09786455e-08,3.56636973e-07,9.97459935e-12,1.79542788e-10,7.15314858e-05,1.43062972e-03
8.52075987e-02,9.12901106e-02,2.21087161e+04,3.48237894e-04,7.10654514e-01,7.10654514e-01,6.89180978e-02,2.75672391e-01,1.87522481e-04,2.25026977e-03,2.02791428e-06,2.63628857e-05,2.76746829e-06,3.59770878e-05,5.69979939e-05,7.97971915e-04,3.19477626e-13,4.79216438e-12,2.21018543e-09,3.09425960e-08,1.98493116e-08,2.97739673e-07,3.60893033e-04,5.77428853e-03,1.36033905e-07,2.31257639e-06,1.71808608e-14,3.09255495e-13,2.22318567e-08,3.77941564e-07,1.05554446e-11,1.89998002e-10,7.15314893e-05,1.43062979e-03
9.02970787e-02,9.12907145e-02,2.21086394e+04,3.69029015e-04,7.10654346e-01,7.10654346e-01,6.89180996e-02,2.75672399e-01,1.87358172e-04,2.24829806e-03,2.02223312e-06,2.62890305e-05,2.93148979e-06,3.81093673e-05,5.70025902e-05,7.98036262e-04,3.23591620e-13,4.85387430e-12,2.48150611e-09,3.47410855e-08,2.10362019e-08,3.15543028e-07,3.60891706e-04,5.77426729e-03,1.35948923e-07,2.31113169e-06,6.01809029e-15,1.08325625e-13,2.35599411e-08,4.00518999e-07,1.11691751e-11,2.01045152e-10,7.15314929e-05,1.43062986e-03
9.56905551e-02,9.12913545e-02,2.21085582e+04,3.91061031e-04,7.10654167e-01,7.10654167e-01,6.89181016e-02,2.75672406e-01,1.87184195e-04,2.24621034e-03,2.01623071e-06,2.62109992e-05,3.10514399e-06,4.03668719e-05,5.70074437e-05,7.98104211e-04,3.37895317e-13,5.06842975e-12,2.78608301e-09,3.90051621e-08,2.22941413e-08,3.34412120e-07,3.60890298e-04,5.77424477e-03,1.35858998e-07,2.30960297e-06,1.98242908e-15,3.56837234e-14,2.49673732e-08,4.24445344e-07,1.18175382e-11,2.12715688e-10,7.15314968e-05,1.43062994e-03
1.01406186e-01,9.12920327e-02,2.21084720e+04,4.14407803e-04,7.10653979e-01,7.10653979e-01,6.89181037e-02,2.75672415e-01,1.86999990e-04,2.24399988e-03,2.00989005e-06,2.61285706e-05,3.28898618e-06,4.27568203e-05,5.70125677e-05,7.98175948e-04,3.56763996e-13,5.35145994e-12,3.12798327e-09,4.37917658e-08,2.36273924e-08,3.54410886e-07,3.60888807e-04,5.77422091e-03,1.35763851e-07,2.30798547e-06,6.14067595e-16,1.10532167e-14,2.64588949e-08,4.49801213e-07,1.25023598e-11,2.25042477e-10,7.15315009e-05,1.43063002e-03
1.07463213e-01,9.12927514e-02,2.21083808e+04,4.39147654e-04,7.10653779e-01,7.10653779e-01,6.89181060e-02,2.75672424e-01,1.86804967e-04,2.24165960e-03,2.00319334e-06,2.60415134e-05,3.48360237e-06,4.52868308e-05,5.70179762e-05,7.98251667e-04,3.78056587e-13,5.67084880e-12,3.51176978e-09,4.91647769e-08,2.50404746e-08,3.75607119e-07,3.60887227e-04,5.77419563e-03,1.35663189e-07,2.30627421e-06,1.80708239e-16,3.25274830e-15,2.80395318e-08,4.76672040e-07,1.32255463e-11,2.38059834e-10,7.15315053e-05,1.43063011e-03
1.13882029e-01,9.12935130e-02,2.21082841e+04,4.65363587e-04,7.10653567e-01,7.10653567e-01,6.89181083e-02,2.75672433e-01,1.86598502e-04,2.23918202e-03,1.99612204e-06,2.59495865e-05,3.68961084e-06,4.79649410e-05,5.70236835e-05,7.98331569e-04,4.01043642e-13,6.01565463e-12,3.94256126e-09,5.51958576e-08,2.65381796e-08,3.98072694e-07,3.60885551e-04,5.77416882e-03,1.35556702e-07,2.30446394e-06,5.31831765e-17,9.57297178e-16,2.97146100e-08,5.05148370e-07,1.39890861e-11,2.51803550e-10,7.15315099e-05,1.43063020e-03
1.20684243e-01,9.12943202e-02,2.21081816e+04,4.93143552e-04,7.10653343e-01,7.10653343e-01,6.89181108e-02,2.75672443e-01,1.86379936e-04,2.23655923e-03,1.98865679e-06,2.58525383e-05,3.90766375e-06,5.07996288e-05,5.70297046e-05,7.98415864e-04,4.25531308e-13,6.38296962e-12,4.42609957e-09,6.19653940e-08,2.81255882e-08,4.21883823e-07,3.60883776e-04,5.77414042e-03,1.35444067e-07,2.30254913e-06,1.86346225e-17,3.35423205e-16,3.14897741e-08,5.35326160e-07,1.47950506e-11,2.66310911e-10,7.15315148e-05,1.43063030e-03
1.27892755e-01,9.12951755e-02,2.21080730e+04,5.22580722e-04,7.10653106e-01,7.10653106e-01,6.89181135e-02,2.75672454e-01,1.86148576e-04,2.23378291e-03,1.98077744e-06,2.57501067e-05,4.13844875e-06,5.37998338e-05,5.70360550e-05,7.98504769e-04,4.51516747e-13,6.77275121e-12,4.96882520e-09,6.95635529e-08,2.98080879e-08,4.47121318e-07,3.60881895e-04,5.77411031e-03,1.35324940e-07,2.30052399e-06,1.02538063e-17,1.84568513e-16,3.33710065e-08,5.67307110e-07,1.56455954e-11,2.81620718e-10,7.15315200e-05,1.43063040e-03
1.35531835e-01,9.12960819e-02,2.21079578e+04,5.53773808e-04,7.10652855e-01,7.10652855e-01,6.89181163e-02,2.75672465e-01,1.85903688e-04,2.23084425e-03,1.97246304e-06,2.56420195e-05,4.38269074e-06,5.69749796e-05,5.70427507e-05,7.98598510e-04,4.79062571e-13,7.18593857e-12,5.57796168e-09,7.80914635e-08,3.15913912e-08,4.73870868e-07,3.60879901e-04,5.77407841e-03,1.35198965e-07,2.29838240e-06,8.67072578e-18,1.56073064e-16,3.53646470e-08,6.01199000e-07,1.65429609e-11,2.97773296e-10,7.15315255e-05,1.43063051e-03
1.43627199e-01,9.12970425e-02,2.21078359e+04,5.86827378e-04,7.10652589e-01,7.10652589e-01,6.89181193e-02,2.75672477e-01,1.85644500e-04,2.22773400e-03,1.96369180e-06,2.55279933e-05,4.64115356e-06,6.03349963e-05,5.70498086e-05,7.98697320e-04,5.08254725e-13,7.62382087e-12,6.26161012e-09,8.76625417e-08,3.34815558e-08,5.02223337e-07,3.60877787e-04,5.77404459e-03,1.35065763e-07,2.29611797e-06,8.72151877e-18,1.56987338e-16,3.74774151e-08,6.37116058e-07,1.74894719e-11,3.14810493e-10,7.15315313e-05,1.43063063e-03
1.52206102e-01,9.12980605e-02,2.21077066e+04,6.21852202e-04,7.10652308e-01,7.10652308e-01,6.89181225e-02,2.75672490e-01,1.85370198e-04,2.22444237e-03,1.95444114e-06,2.54077348e-05,4.91464190e-06,6.38903446e-05,5.70572455e-05,7.98801438e-04,5.39189641e-13,8.08784462e-12,7.02885550e-09,9.84039770e-08,3.54850055e-08,5.32275083e-07,3.60875547e-04,5.77400876e-03,1.34924940e-07,2.29372398e-06,9.14698165e-18,1.64645670e-16,3.97164321e-08,6.75179345e-07,1.84875375e-11,3.32775674e-10,7.15315375e-05,1.43063075e-03
1.61297427e-01,9.12991392e-02,2.21075696e+04,6.58965622e-04,7.10652010e-01,7.10652010e-01,6.89181258e-02,2.75672503e-01,1.85079924e-04,2.22095908e-03,1.94468766e-06,2.52809396e-05,5.20400305e-06,6.76520396e-05,5.70650794e-05,7.98911111e-04,5.71970838e-13,8.57956257e-12,7.88988394e-09,1.10458375e-07,3.76085527e-08,5.64128290e-07,3.60873173e-04,5.77397077e-03,1.34776081e-07,2.29119338e-06,9.66828280e-18,1.74029090e-16,4.20892452e-08,7.15517169e-07,1.95396501e-11,3.51713702e-10,7.15315440e-05,1.43063088e-03
1.70931779e-01,9.13002824e-02,2.21074245e+04,6.98291928e-04,7.10651695e-01,7.10651695e-01,6.89181294e-02,2.75672517e-01,1.84772773e-04,2.21727328e-03,1.93440718e-06,2.51472934e-05,5.51012888e-06,7.16316755e-05,5.70733282e-05,7.99026594e-04,6.06708294e-13,9.10062440e-12,8.85611706e-09,1.23985639e-07,3.98594218e-08,5.97891327e-07,3.60870657e-04,5.77393051e-03,1.34618753e-07,2.28851880e-06,1.02303318e-17,1.84145972e-16,4.46038535e-08,7.58265510e-07,2.06483836e-11,3.71670904e-10,7.15315510e-05,1.43063102e-03
1.81141595e-01,9.13014939e-02,2.21072706e+04,7.39962774e-04,7.10651362e-01,7.10651362e-01,6.89181331e-02,2.75672533e-01,1.84447794e-04,2.21337353e-03,1.92357474e-06,2.50064716e-05,5.83395774e-06,7.58414506e-05,5.70820106e-05,7.99148148e-04,6.43518585e-13,9.65277877e-12,9.94035924e-09,1.39165029e-07,4.22452749e-08,6.33679123e-07,3.60867990e-04,5.77388785e-03,1.34452501e-07,2.28569251e-06,1.08242184e-17,1.94835931e-16,4.72687346e-08,8.03568489e-07,2.18163903e-11,3.92695026e-10,7.15315583e-05,1.43063117e-03
1.91961246e-01,9.13027777e-02,2.21071076e+04,7.84117603e-04,7.10651009e-01,7.10651009e-01,6.89181371e-02,2.75672549e-01,1.84103985e-04,2.20924782e-03,1.91216460e-06,2.48581398e-05,6.17647643e-06,8.02941936e-05,5.70911456e-05,7.99276038e-04,6.82525225e-13,1.02378784e-11,1.11569639e-08,1.56197494e-07,4.47742381e-08,6.71613571e-07,3.60865164e-04,5.77384262e-03,1.34276848e-07,2.28270642e-06,1.14496295e-17,2.06093331e-16,5.00928736e-08,8.51578851e-07,2.30463985e-11,4.14835172e-10,7.15315661e-05,1.43063132e-03
2.03427159e-01,9.13041383e-02,2.21069348e+04,8.30904103e-04,7.10650636e-01,7.10650636e-01,6.89181414e-02,2.75672566e-01,1.83740291e-04,2.20488350e-03,1.90015035e-06,2.47019545e-05,6.53872218e-06,8.50033883e-05,5.71007526e-05,7.99410536e-04,7.23859065e-13,1.08578860e-11,1.25220191e-08,1.75308267e-07,4.74549303e-08,7.11823955e-07,3.60862168e-04,5.77379469e-03,1.34091299e-07,2.27955209e-06,1.21077017e-17,2.17938630e-16,5.30857932e-08,9.02458485e-07,2.43412068e-11,4.38141722e-10,7.15315744e-05,1.43063149e-03
2.15577935e-01,9.13055801e-02,2.21067517e+04,8.80478689e-04,7.10650241e-01,7.10650241e-01,6.89181459e-02,2.75672584e-01,1.83355604e-04,2.20026725e-03,1.88750488e-06,2.45375635e-05,6.92178468e-06,8.99832009e-05,5.71108512e-05,7.99551917e-04,7.67658719e-13,1.15148808e-11,1.40535550e-08,1.96749771e-07,5.02964936e-08,7.54447404e-07,3.60858993e-04,5.77374389e-03,1.33895335e-07,2.27622069e-06,1.27998041e-17,2.30396473e-16,5.62575865e-08,9.56378971e-07,2.57036793e-11,4.62666227e-10,7.15315832e-05,1.43063166e-03
2.28454482e-01,9.13071080e-02,2.21065577e+04,9.33007006e-04,7.10649823e-01,7.10649823e-01,6.89181507e-02,2.75672603e-01,1.82948758e-04,2.19538510e-03,1.87420049e-06,2.43646064e-05,7.32680807e-06,9.52485049e-05,5.71214614e-05,7.99700460e-04,8.14071021e-13,1.22110653e-11,1.57717762e-08,2.20804866e-07,5.33086248e-08,7.99629372e-07,3.60855628e-04,5.77369004e-03,1.33688414e-07,2.27270303e-06,1.35273574e-17,2.43492434e-16,5.96189507e-08,1.01352216e-06,2.71367384e-11,4.88461291e-10,7.15315924e-05,1.43063185e-03
2.42100149e-01,9.13087271e-02,2.21063521e+04,9.88664468e-04,7.10649381e-01,7.10649381e-01,6.89181557e-02,2.75672623e-01,1.82518529e-04,2.19022234e-03,1.86020892e-06,2.41827160e-05,7.75499291e-06,1.00814908e-04,5.71326032e-05,7.99856445e-04,8.63251509e-13,1.29487726e-11,1.76993217e-08,2.47790503e-07,5.65016102e-08,8.47524153e-07,3.60852060e-04,5.77363297e-03,1.33469972e-07,2.26898953e-06,1.42918018e-17,2.57252432e-16,6.31812235e-08,1.07408080e-06,2.86433560e-11,5.15580409e-10,7.15316023e-05,1.43063205e-03
2.56560876e-01,9.13104430e-02,2.21061342e+04,1.04763682e-03,7.10648913e-01,7.10648913e-01,6.89181611e-02,2.75672645e-01,1.82063629e-04,2.18476355e-03,1.84550146e-06,2.39915190e-05,8.20759819e-06,1.06698777e-04,5.71442967e-05,8.00020153e-04,9.15364933e-13,1.37304740e-11,1.98615490e-08,2.78061686e-07,5.98863614e-08,8.98295421e-07,3.60848280e-04,5.77357247e-03,1.33239424e-07,2.26507022e-06,1.50945895e-17,2.71702611e-16,6.69564218e-08,1.13825917e-06,3.02265447e-11,5.44077804e-10,7.15316127e-05,1.43063225e-03
2.71885348e-01,9.13122614e-02,2.21059033e+04,1.11012073e-03,7.10648419e-01,7.10648419e-01,6.89181669e-02,2.75672668e-01,1.81582711e-04,2.17899253e-03,1.83004904e-06,2.37906375e-05,8.68594323e-06,1.12917262e-04,5.71565618e-05,8.00191865e-04,9.70585789e-13,1.45587868e-11,2.22868668e-08,3.12016135e-07,6.34744544e-08,9.52116815e-07,3.60844272e-04,5.77350835e-03,1.32996161e-07,2.26093474e-06,1.59371779e-17,2.86869202e-16,7.09572822e-08,1.20627380e-06,3.18893441e-11,5.74008193e-10,7.15316238e-05,1.43063248e-03
2.88125156e-01,9.13141884e-02,2.21056586e+04,1.17632441e-03,7.10647896e-01,7.10647896e-01,6.89181730e-02,2.75672692e-01,1.81074358e-04,2.17289230e-03,1.81382234e-06,2.35796904e-05,9.19140950e-06,1.19488324e-04,5.71694184e-05,8.00371857e-04,1.02909889e-12,1.54364834e-11,2.50070888e-08,3.50099243e-07,6.72781698e-08,1.00917255e-06,3.60840024e-04,5.77344039e-03,1.32739550e-07,2.25657235e-06,1.68210208e-17,3.02778374e-16,7.51973043e-08,1.27835417e-06,3.36348086e-11,6.05426555e-10,7.15316356e-05,1.43063271e-03
3.05334974e-01,9.13162304e-02,2.21053993e+04,1.24646831e-03,7.10647344e-01,7.10647344e-01,6.89181795e-02,2.75672718e-01,1.80537088e-04,2.16644506e-03,1.79679195e-06,2.33582954e-05,9.72544246e-06,1.26430752e-04,5.71828859e-05,8.00560403e-04,1.09109998e-12,1.63664997e-11,2.80578387e-08,3.92809742e-07,7.13105373e-08,1.06965806e-06,3.60835522e-04,5.77336835e-03,1.32468938e-07,2.25197194e-06,1.77475596e-17,3.19456074e-16,7.96907969e-08,1.35474355e-06,3.54659910e-11,6.38387838e-10,7.15316480e-05,1.43063296e-03
3.23572739e-01,9.13183945e-02,2.21051245e+04,1.32078576e-03,7.10646760e-01,7.10646760e-01,6.89181864e-02,2.75672746e-01,1.79969347e-04,2.15963217e-03,1.77892850e-06,2.31260704e-05,1.02895532e-05,1.33764191e-04,5.71969832e-05,8.00757765e-04,1.15679633e-12,1.73519450e-11,3.14789993e-08,4.40705991e-07,7.55853812e-08,1.13378072e-06,3.60830749e-04,5.77329199e-03,1.32183648e-07,2.24712201e-06,1.87182130e-17,3.36927835e-16,8.44529261e-08,1.43569974e-06,3.73859240e-11,6.72946632e-10,7.15316612e-05,1.43063322e-03
3.42899854e-01,9.13206878e-02,2.21048333e+04,1.39952373e-03,7.10646142e-01,7.10646142e-01,6.89181937e-02,2.75672775e-01,1.79369509e-04,2.15243411e-03,1.76020283e-06,2.28826368e-05,1.08853197e-05,1.41509157e-04,5.72117286e-05,8.00964200e-04,1.22640745e-12,1.83961117e-11,3.53152135e-08,4.94412989e-07,8.01173701e-08,1.20176055e-06,3.60825690e-04,5.77321104e-03,1.31882983e-07,2.24201071e-06,1.97343649e-17,3.55218568e-16,8.94997672e-08,1.52149604e-06,3.93975997e-11,7.09156794e-10,7.15316752e-05,1.43063350e-03
3.63381383e-01,9.13231181e-02,2.21045247e+04,1.48294360e-03,7.10645490e-01,7.10645490e-01,6.89182016e-02,2.75672806e-01,1.78735875e-04,2.14483050e-03,1.74058625e-06,2.26276213e-05,1.15143888e-05,1.49687055e-04,5.72271393e-05,8.01179950e-04,1.30016575e-12,1.95024862e-11,3.96164420e-08,5.54630188e-07,8.49220688e-08,1.27383103e-06,3.60820327e-04,5.77312524e-03,1.31566225e-07,2.23662582e-06,2.07973512e-17,3.74352321e-16,9.48483594e-08,1.61242211e-06,4.15039458e-11,7.47071025e-10,7.15316900e-05,1.43063380e-03
3.85086282e-01,9.13256936e-02,2.21041976e+04,1.57132194e-03,7.10644801e-01,7.10644801e-01,6.89182100e-02,2.75672840e-01,1.78066669e-04,2.13680003e-03,1.72005070e-06,2.23606591e-05,1.21784765e-05,1.58320194e-04,5.72432313e-05,8.01405238e-04,1.37831731e-12,2.06747597e-11,4.44385857e-08,6.22140199e-07,9.00159943e-08,1.35023992e-06,3.60814643e-04,5.77303429e-03,1.31232638e-07,2.23095484e-06,2.19084451e-17,3.94352012e-16,1.00516764e-07,1.70878499e-06,4.37077993e-11,7.86740388e-10,7.15317058e-05,1.43063412e-03
4.08087621e-01,9.13284229e-02,2.21038511e+04,1.66495138e-03,7.10644072e-01,7.10644072e-01,6.89182189e-02,2.75672875e-01,1.77360038e-04,2.12832046e-03,1.69856905e-06,2.20813976e-05,1.28793693e-05,1.67431800e-04,5.72600192e-05,8.01640269e-04,1.46112267e-12,2.19168401e-11,4.98441775e-08,6.97818485e-07,9.54166749e-08,1.43125012e-06,3.60808617e-04,5.77293787e-03,1.30881467e-07,2.22498494e-06,2.30688405e-17,4.15239129e-16,1.06524125e-07,1.81091013e-06,4.60118766e-11,8.28213779e-10,7.15317225e-05,1.43063445e-03
4.32462839e-01,9.13313152e-02,2.21034838e+04,1.76414145e-03,7.10643303e-01,7.10643303e-01,6.89182284e-02,2.75672914e-01,1.76614050e-04,2.11936860e-03,1.67611537e-06,2.17894998e-05,1.36189245e-05,1.77046019e-04,5.72775161e-05,8.01885226e-04,1.54885762e-12,2.32328643e-11,5.59031530e-08,7.82644142e-07,1.01142713e-07,1.51714069e-06,3.60802229e-04,5.77283566e-03,1.30511945e-07,2.21870306e-06,2.42796336e-17,4.37033404e-16,1.12890737e-07,1.91914252e-06,4.84187405e-11,8.71537329e-10,7.15317402e-05,1.43063480e-03
4.58293997e-01,9.13343803e-02,2.21030946e+04,1.86921955e-03,7.10642491e-01,7.10642491e-01,6.89182386e-02,2.75672954e-01,1.75826694e-04,2.10992033e-03,1.65266526e-06,2.14846484e-05,1.43990707e-05,1.87187920e-04,5.72957327e-05,8.02140258e-04,1.64181408e-12,2.46272112e-11,6.26937068e-08,8.77711895e-07,1.07213850e-07,1.60820776e-06,3.60795457e-04,5.77272731e-03,1.30123288e-07,2.21209590e-06,2.55418028e-17,4.59752450e-16,1.19638109e-07,2.03384786e-06,5.09307638e-11,9.16753749e-10,7.15317589e-05,1.43063518e-03
4.85668060e-01,9.13376284e-02,2.21026821e+04,1.98053187e-03,7.10641634e-01,7.10641634e-01,6.89182495e-02,2.75672998e-01,1.74995878e-04,2.09995053e-03,1.62819621e-06,2.11665508e-05,1.52218071e-05,1.97883492e-04,5.73146774e-05,8.02405484e-04,1.74030100e-12,2.61045151e-11,7.03032450e-08,9.84245430e-07,1.13651043e-07,1.70476564e-06,3.60788278e-04,5.77261245e-03,1.29714706e-07,2.20515000e-06,2.68561867e-17,4.83411360e-16,1.26789046e-07,2.15541379e-06,5.35500890e-11,9.63901602e-10,7.15317788e-05,1.43063558e-03
5.14677185e-01,9.13410706e-02,2.21022450e+04,2.09844439e-03,7.10640729e-01,7.10640729e-01,6.89182611e-02,2.75673044e-01,1.74119427e-04,2.08943313e-03,1.60268797e-06,2.08349436e-05,1.60892026e-05,2.09159634e-04,5.73343558e-05,8.02680981e-04,1.84464536e-12,2.76696804e-11,7.88294423e-08,1.10361219e-06,1.20476532e-07,1.80714798e-06,3.60780668e-04,5.77249068e-03,1.29285402e-07,2.19785183e-06,2.82234600e-17,5.08022280e-16,1.34367720e-07,2.28425124e-06,5.62785843e-11,1.01301452e-09,7.15318000e-05,1.43063600e-03
5.45419035e-01,9.13447183e-02,2.21017818e+04,2.22334391e-03,7.10639775e-01,7.10639775e-01,6.89182736e-02,2.75673094e-01,1.73195090e-04,2.07834107e-03,1.57612296e-06,2.04895984e-05,1.70033952e-05,2.21044138e-04,5.73547703e-05,8.02966784e-04,1.95519310e-12,2.93278965e-11,8.83814161e-08,1.23733983e-06,1.27713926e-07,1.91570890e-06,3.60772599e-04,5.77236159e-03,1.28834577e-07,2.19018781e-06,2.96441077e-17,5.33593938e-16,1.42399755e-07,2.42079583e-06,5.91177961e-11,1.06412033e-09,7.15318223e-05,1.43063645e-03
5.77997107e-01,9.13485840e-02,2.21012909e+04,2.35563915e-03,7.10638768e-01,7.10638768e-01,6.89182870e-02,2.75673148e-01,1.72220530e-04,2.06664636e-03,1.54848676e-06,2.01303279e-05,1.79665891e-05,2.33565658e-04,5.73759196e-05,8.03262874e-04,2.07231022e-12,3.10846533e-11,9.90810280e-08,1.38713439e-06,1.35388289e-07,2.03082433e-06,3.60764045e-04,5.77222472e-03,1.28361436e-07,2.18214441e-06,3.11183968e-17,5.60131143e-16,1.50912315e-07,2.56550936e-06,6.20688971e-11,1.11724015e-09,7.15318461e-05,1.43063692e-03
6.12521078e-01,9.13526805e-02,2.21007707e+04,2.49576178e-03,7.10637705e-01,7.10637705e-01,6.89183013e-02,2.75673205e-01,1.71193336e-04,2.05432003e-03,1.51976861e-06,1.97569920e-05,1.89810523e-05,2.46753679e-04,5.73977982e-05,8.03569174e-04,2.19638386e-12,3.29457579e-11,1.11064326e-07,1.55490057e-06,1.43526225e-07,2.15289337e-06,3.60754976e-04,5.77207961e-03,1.27865195e-07,2.17370831e-06,3.26463472e-17,5.87634250e-16,1.59934200e-07,2.71888140e-06,6.51326311e-11,1.17238736e-09,7.15318713e-05,1.43063743e-03
6.49107179e-01,9.13570218e-02,2.21002195e+04,2.64416761e-03,7.10636585e-01,7.10636585e-01,6.89183167e-02,2.75673267e-01,1.70111017e-04,2.04133221e-03,1.48996190e-06,1.93695047e-05,2.00491128e-05,2.60638467e-04,5.74203960e-05,8.03885544e-04,2.32782347e-12,3.49173521e-11,1.24483143e-07,1.74276400e-06,1.52155978e-07,2.28233967e-06,3.60745360e-04,5.77192576e-03,1.27345085e-07,2.16486644e-06,3.42276995e-17,6.16098590e-16,1.69495938e-07,2.88143094e-06,6.83092544e-11,1.22956658e-09,7.15318980e-05,1.43063796e-03
6.87878580e-01,9.13616223e-02,2.20996353e+04,2.80133771e-03,7.10635405e-01,7.10635405e-01,6.89183332e-02,2.75673333e-01,1.68971010e-04,2.02765212e-03,1.45906475e-06,1.89678418e-05,2.11731543e-05,2.75251006e-04,5.74436978e-05,8.04211769e-04,2.46706199e-12,3.70059298e-11,1.39506861e-07,1.95309606e-06,1.61307535e-07,2.41961303e-06,3.60735165e-04,5.77176264e-03,1.26800363e-07,2.15560616e-06,3.58618822e-17,6.45513880e-16,1.79629897e-07,3.05370824e-06,7.15984733e-11,1.28877252e-09,7.15319264e-05,1.43063853e-03
7.28965811e-01,9.13664976e-02,2.20990162e+04,2.96777955e-03,7.10634162e-01,7.10634162e-01,6.89183509e-02,2.75673404e-01,1.67770679e-04,2.01324815e-03,1.42708063e-06,1.85520482e-05,2.23556098e-05,2.90622927e-04,5.74676824e-05,8.04547554e-04,2.61455710e-12,3.92183565e-11,1.56324366e-07,2.18854112e-06,1.71012734e-07,2.56519102e-06,3.60724355e-04,5.77158968e-03,1.26230320e-07,2.14591545e-06,3.75479776e-17,6.75863597e-16,1.90370392e-07,3.23629666e-06,7.49993794e-11,1.34998883e-09,7.15319565e-05,1.43063913e-03
7.72507197e-01,9.13716642e-02,2.20983601e+04,3.14402820e-03,7.10632852e-01,7.10632852e-01,6.89183700e-02,2.75673480e-01,1.66507325e-04,1.99808790e-03,1.39401894e-06,1.81222463e-05,2.35989550e-05,3.06786416e-04,5.74923227e-05,8.04892517e-04,2.77079256e-12,4.15618884e-11,1.75146201e-07,2.45204682e-06,1.81305377e-07,2.71958066e-06,3.60712893e-04,5.77140629e-03,1.25634295e-07,2.13578301e-06,3.92846860e-17,7.07124347e-16,2.01753806e-07,3.42981470e-06,7.85103823e-11,1.41318688e-09,7.15319884e-05,1.43063977e-03
8.18649325e-01,9.13771393e-02,2.20976649e+04,3.33064746e-03,7.10631472e-01,7.10631472e-01,6.89183905e-02,2.75673562e-01,1.65178187e-04,1.98213824e-03,1.35989569e-06,1.76786440e-05,2.49057001e-05,3.23774101e-04,5.75175843e-05,8.05246180e-04,2.93627953e-12,4.40441929e-11,1.96206945e-07,2.74689724e-06,1.92221356e-07,2.88332034e-06,3.60700739e-04,5.77121182e-03,1.25011681e-07,2.12519857e-06,4.10702901e-17,7.39265221e-16,2.13818714e-07,3.63491814e-06,8.21291406e-11,1.47832453e-09,7.15320223e-05,1.43064045e-03
8.67547538e-01,9.13829415e-02,2.20969281e+04,3.52823103e-03,7.10630021e-01,7.10630021e-01,6.89184125e-02,2.75673650e-01,1.63780451e-04,1.96536541e-03,1.32473414e-06,1.72215438e-05,2.62783793e-05,3.41618931e-04,5.75434255e-05,8.05607957e-04,3.11155799e-12,4.66733699e-11,2.19767828e-07,3.07674959e-06,2.03798780e-07,3.05698169e-06,3.60687850e-04,5.77100560e-03,1.24361944e-07,2.11415304e-06,4.29026192e-17,7.72247146e-16,2.26606017e-07,3.85230230e-06,8.58524935e-11,1.54534488e-09,7.15320582e-05,1.43064116e-03
9.19366460e-01,9.13890902e-02,2.20961473e+04,3.73740358e-03,7.10628494e-01,7.10628494e-01,6.89184362e-02,2.75673745e-01,1.62311261e-04,1.94773513e-03,1.28856547e-06,1.67513511e-05,2.77195395e-05,3.60354014e-04,5.75697967e-05,8.05977154e-04,3.29719823e-12,4.94579734e-11,2.46119609e-07,3.44567452e-06,2.16078116e-07,3.24117173e-06,3.60674182e-04,5.77078692e-03,1.23684639e-07,2.10263886e-06,4.47790144e-17,8.06022260e-16,2.40159085e-07,4.08270444e-06,8.96763915e-11,1.61417505e-09,7.15320964e-05,1.43064193e-03
9.74280543e-01,9.13956062e-02,2.20953198e+04,3.95882183e-03,7.10626888e-01,7.10626888e-01,6.89184617e-02,2.75673847e-01,1.60767724e-04,1.92921268e-03,1.25142947e-06,1.62685832e-05,2.92317265e-05,3.80012444e-04,5.75966395e-05,8.06352953e-04,3.49380230e-12,5.24070345e-11,2.75585776e-07,3.85820087e-06,2.29102335e-07,3.43653502e-06,3.60659688e-04,5.77055500e-03,1.22979427e-07,2.09065025e-06,4.66962935e-17,8.40533283e-16,2.54523903e-07,4.32690635e-06,9.35958284e-11,1.68472491e-09,7.15321369e-05,1.43064274e-03
1.03247466e+00,9.14025114e-02,2.20944430e+04,4.19317544e-03,7.10625199e-01,7.10625199e-01,6.89184891e-02,2.75673956e-01,1.59146925e-04,1.90976310e-03,1.21337513e-06,1.57738767e-05,3.08174703e-05,4.00627114e-04,5.76238865e-05,8.06734411e-04,3.70200562e-12,5.55300843e-11,3.08525862e-07,4.31936206e-06,2.42917067e-07,3.64375600e-06,3.60644315e-04,5.77030904e-03,1.22246093e-07,2.07818358e-06,4.86507260e-17,8.75713069e-16,2.69749237e-07,4.58573703e-06,9.76047900e-11,1.75688622e-09,7.15321799e-05,1.43064360e-03
1.09414474e+00,9.14098290e-02,2.20935138e+04,4.44118793e-03,7.10623426e-01,7.10623426e-01,6.89185186e-02,2.75674074e-01,1.57445943e-04,1.88935132e-03,1.17446136e-06,1.52679976e-05,3.24792657e-05,4.22230455e-04,5.76514608e-05,8.07120451e-04,3.92247856e-12,5.88371783e-11,3.45339466e-07,4.83475252e-06,2.57570767e-07,3.86356150e-06,3.60628011e-04,5.77004818e-03,1.21484575e-07,2.06523777e-06,5.06379980e-17,9.11483963e-16,2.85886801e-07,4.86007561e-06,1.01696182e-10,1.83053127e-09,7.15322256e-05,1.43064451e-03
1.15949839e+00,9.14175838e-02,2.20925290e+04,4.70361732e-03,7.10621563e-01,7.10621563e-01,6.89185503e-02,2.75674201e-01,1.55661863e-04,1.86794235e-03,1.13475747e-06,1.47518470e-05,3.42195528e-05,4.44854186e-04,5.76792754e-05,8.07509855e-04,4.15592807e-12,6.23389211e-11,3.86470249e-07,5.41058348e-06,2.73114891e-07,4.09672337e-06,3.60610719e-04,5.76977150e-03,1.20694984e-07,2.05181473e-06,5.26531961e-17,9.47757529e-16,3.02991436e-07,5.15085441e-06,1.05861795e-10,1.90551231e-09,7.15322740e-05,1.43064548e-03
1.22875564e+00,9.14258017e-02,2.20914855e+04,4.98125663e-03,7.10619609e-01,7.10619609e-01,6.89185843e-02,2.75674337e-01,1.53791794e-04,1.84550152e-03,1.09434375e-06,1.42264688e-05,3.60406935e-05,4.68529015e-04,5.77072332e-05,8.07901265e-04,4.40309940e-12,6.60464909e-11,4.32410494e-07,6.05374691e-06,2.89604082e-07,4.34406123e-06,3.60592377e-04,5.76947803e-03,1.19877637e-07,2.03791983e-06,5.46907911e-17,9.84434240e-16,3.21121306e-07,5.45906220e-06,1.10092267e-10,1.98166081e-09,7.15323255e-05,1.43064651e-03
1.30214965e+00,9.14345105e-02,2.20903796e+04,5.27493410e-03,7.10617558e-01,7.10617558e-01,6.89186208e-02,2.75674483e-01,1.51832893e-04,1.82199471e-03,1.05331190e-06,1.36930546e-05,3.79449458e-05,4.93284295e-04,5.77352267e-05,8.08293174e-04,4.66477775e-12,6.99716662e-11,4.83706031e-07,6.77188444e-06,3.07096369e-07,4.60644553e-06,3.60572920e-04,5.76916672e-03,1.19033087e-07,2.02356248e-06,5.67446320e-17,1.02140338e-15,3.40338099e-07,5.78574769e-06,1.14377066e-10,2.05878719e-09,7.15323802e-05,1.43064760e-03
1.37992751e+00,9.14437395e-02,2.20892077e+04,5.58551317e-03,7.10615409e-01,7.10615409e-01,6.89186599e-02,2.75674640e-01,1.49782386e-04,1.79738864e-03,1.01176526e-06,1.31529484e-05,3.99344344e-05,5.19147647e-04,5.77631380e-05,8.08683932e-04,4.94179006e-12,7.41268509e-11,5.40961582e-07,7.57346215e-06,3.25653374e-07,4.88480061e-06,3.60552280e-04,5.76883648e-03,1.18162160e-07,2.00875672e-06,5.88079502e-17,1.05854310e-15,3.60707246e-07,6.13202318e-06,1.18704487e-10,2.13668077e-09,7.15324382e-05,1.43064876e-03
1.46235107e+00,9.14535197e-02,2.20879658e+04,5.91389198e-03,7.10613157e-01,7.10613157e-01,6.89187019e-02,2.75674808e-01,1.47637596e-04,1.77165116e-03,9.69819111e-07,1.26076484e-05,4.20111181e-05,5.46144535e-04,5.77908389e-05,8.09071745e-04,5.23500675e-12,7.85251013e-11,6.04846551e-07,8.46785171e-06,3.45340541e-07,5.18010812e-06,3.60530383e-04,5.76848613e-03,1.17265996e-07,1.99352193e-06,6.08733766e-17,1.09572078e-15,3.82298149e-07,6.49906854e-06,1.23061680e-10,2.21511024e-09,7.15324999e-05,1.43065000e-03
1.54969782e+00,9.14638841e-02,2.20866496e+04,6.26100248e-03,7.10610799e-01,7.10610799e-01,6.89187467e-02,2.75674987e-01,1.45395970e-04,1.74475164e-03,9.27600585e-07,1.20588076e-05,4.41767536e-05,5.74297797e-04,5.78181917e-05,8.09454683e-04,5.54534349e-12,8.31801524e-11,6.76101278e-07,9.46541789e-06,3.66227368e-07,5.49341052e-06,3.60507152e-04,5.76811443e-03,1.16346091e-07,1.97788355e-06,6.29329745e-17,1.13279354e-15,4.05184433e-07,6.88813536e-06,1.27434700e-10,2.29382460e-09,7.15325654e-05,1.43065131e-03
1.64226181e+00,9.14748675e-02,2.20852549e+04,6.62780899e-03,7.10608332e-01,7.10608332e-01,6.89187947e-02,2.75675179e-01,1.43055112e-04,1.71666134e-03,8.85248545e-07,1.15082311e-05,4.64328559e-05,6.03627127e-04,5.78450491e-05,8.09830687e-04,5.87376297e-12,8.81064445e-11,7.55543777e-07,1.05776129e-05,3.88387662e-07,5.82581494e-06,3.60482503e-04,5.76772005e-03,1.15404349e-07,1.96187394e-06,6.49782888e-17,1.16960920e-15,4.29444201e-07,7.30055141e-06,1.31808595e-10,2.37255471e-09,7.15326350e-05,1.43065270e-03
1.74035469e+00,9.14865070e-02,2.20837769e+04,7.01530607e-03,7.10605753e-01,7.10605753e-01,6.89188458e-02,2.75675383e-01,1.40612819e-04,1.68735383e-03,8.42913157e-07,1.09578710e-05,4.87806543e-05,6.34148505e-04,5.78712558e-05,8.10197582e-04,6.22127667e-12,9.33191500e-11,8.44076968e-07,1.18170775e-05,4.11899809e-07,6.17849714e-06,3.60456348e-04,5.76730156e-03,1.14443134e-07,1.94553328e-06,6.70004167e-17,1.20600750e-15,4.55160315e-07,7.73772535e-06,1.36167529e-10,2.45101553e-09,7.15327090e-05,1.43065418e-03
1.84430669e+00,9.14988418e-02,2.20822106e+04,7.42451562e-03,7.10603058e-01,7.10603058e-01,6.89189003e-02,2.75675601e-01,1.38067124e-04,1.65680548e-03,8.00755229e-07,1.04098180e-05,5.12210442e-05,6.65873575e-04,5.78966498e-05,8.10553097e-04,6.58894662e-12,9.88341992e-11,9.42696404e-07,1.31977497e-05,4.36847056e-07,6.55270585e-06,3.60428592e-04,5.76685748e-03,1.13465330e-07,1.92891061e-06,6.89901001e-17,1.24182180e-15,4.82420695e-07,8.20115181e-06,1.40494956e-10,2.52890921e-09,7.15327877e-05,1.43065575e-03
1.95446778e+00,9.15119133e-02,2.20805507e+04,7.85648318e-03,7.10600245e-01,7.10600245e-01,6.89189582e-02,2.75675833e-01,1.35416330e-04,1.62499596e-03,7.58945271e-07,9.86628852e-06,5.37545358e-05,6.98808965e-04,5.79210636e-05,8.10894890e-04,6.97788713e-12,1.04668307e-10,1.05249852e-06,1.47349792e-05,4.63317821e-07,6.94976731e-06,3.60399136e-04,5.76638618e-03,1.12474404e-07,1.91206488e-06,7.09378443e-17,1.27688120e-15,5.11318631e-07,8.69241673e-06,1.44773835e-10,2.60592904e-09,7.15328713e-05,1.43065743e-03
2.07120884e+00,9.15257655e-02,2.20787917e+04,8.31227307e-03,7.10597311e-01,7.10597311e-01,6.89190196e-02,2.75676078e-01,1.32659066e-04,1.59190879e-03,7.17662231e-07,9.32960900e-06,5.63811970e-05,7.32955561e-04,5.79443265e-05,8.11220571e-04,7.38926651e-12,1.10838998e-10,1.17468934e-06,1.64456508e-05,4.91406014e-07,7.37109021e-06,3.60367873e-04,5.76588596e-03,1.11474482e-07,1.89506620e-06,7.28340635e-17,1.31101314e-15,5.41953124e-07,9.21320311e-06,1.48986914e-10,2.68176445e-09,7.15329602e-05,1.43065920e-03
2.19492287e+00,9.15404452e-02,2.20769276e+04,8.79296244e-03,7.10594254e-01,7.10594254e-01,6.89190847e-02,2.75676339e-01,1.29794331e-04,1.55753197e-03,6.77091916e-07,8.80219491e-06,5.91005936e-05,7.68307717e-04,5.79662674e-05,8.11527744e-04,7.82430865e-12,1.17364630e-10,1.31059374e-06,1.83483123e-05,5.21211389e-07,7.81817084e-06,3.60334688e-04,5.76535500e-03,1.10470421e-07,1.87799715e-06,7.46692562e-17,1.34404661e-15,5.74429243e-07,9.76529712e-06,1.53117061e-10,2.75610710e-09,7.15330547e-05,1.43066109e-03
2.32602639e+00,9.15560017e-02,2.20749522e+04,9.29963407e-03,7.10591071e-01,7.10591071e-01,6.89191534e-02,2.75676614e-01,1.26821549e-04,1.52185859e-03,6.37425063e-07,8.28652582e-06,6.19117241e-05,8.04852414e-04,5.79867172e-05,8.11814041e-04,8.28429468e-12,1.24264420e-10,1.46166508e-06,2.04633111e-05,5.52839917e-07,8.29259876e-06,3.60299460e-04,5.76479135e-03,1.09467892e-07,1.86095417e-06,7.64342118e-17,1.37581581e-15,6.08858505e-07,1.03505946e-05,1.57147675e-10,2.82865815e-09,7.15331553e-05,1.43066311e-03
2.46496077e+00,9.15724874e-02,2.20728587e+04,9.83336755e-03,7.10587760e-01,7.10587760e-01,6.89192259e-02,2.75676904e-01,1.23740627e-04,1.48488753e-03,5.98855002e-07,7.78511502e-06,6.48129528e-05,8.42568386e-04,5.80055130e-05,8.12077182e-04,8.77056445e-12,1.31558467e-10,1.62949522e-06,2.28129330e-05,5.86404184e-07,8.79606276e-06,3.60262059e-04,5.76419295e-03,1.08473476e-07,1.84404908e-06,7.81202516e-17,1.40616453e-15,6.45359292e-07,1.09711080e-05,1.61063162e-10,2.89913692e-09,7.15332623e-05,1.43066525e-03
2.61219375e+00,9.15899577e-02,2.20706403e+04,1.03952291e-02,7.10584320e-01,7.10584320e-01,6.89193022e-02,2.75677209e-01,1.20552013e-04,1.44662416e-03,5.61575104e-07,7.30047635e-06,6.78019355e-05,8.81425161e-04,5.80225014e-05,8.12315020e-04,9.28451799e-12,1.39267770e-10,1.81582506e-06,2.54215508e-05,6.22023826e-07,9.33035738e-06,3.60222348e-04,5.76355756e-03,1.07494752e-07,1.82741079e-06,7.97194950e-17,1.43495091e-15,6.84057280e-07,1.16289738e-05,1.64849478e-10,2.96729060e-09,7.15333762e-05,1.43066752e-03
2.76822100e+00,9.16084716e-02,2.20682893e+04,1.09862593e-02,7.10580749e-01,7.10580749e-01,6.89193823e-02,2.75677529e-01,1.17256759e-04,1.40708111e-03,5.25775741e-07,6.83508463e-06,7.08755465e-05,9.21382104e-04,5.80375435e-05,8.12525609e-04,9.82761683e-12,1.47414252e-10,2.02255513e-06,2.83157719e-05,6.59825990e-07,9.89738985e-06,3.60180178e-04,5.76288284e-03,1.06540410e-07,1.81118696e-06,8.12251662e-17,1.46205299e-15,7.25085908e-07,1.23264604e-05,1.68494758e-10,3.03290565e-09,7.15334975e-05,1.43066995e-03
2.93356782e+00,9.16280913e-02,2.20657979e+04,1.16074598e-02,7.10577048e-01,7.10577048e-01,6.89194663e-02,2.75677865e-01,1.13856586e-04,1.36627903e-03,4.91641029e-07,6.39133338e-06,7.40298004e-05,9.62387405e-04,5.80505197e-05,8.12707275e-04,1.04013853e-11,1.56020780e-10,2.25175647e-06,3.15245906e-05,6.99945845e-07,1.04991877e-05,3.60135392e-04,5.76216627e-03,1.05620350e-07,1.79554595e-06,8.26319228e-17,1.48737461e-15,7.68586878e-07,1.30659769e-05,1.71990014e-10,3.09582025e-09,7.15336266e-05,1.43067253e-03
3.10879087e+00,9.16488830e-02,2.20631577e+04,1.22597772e-02,7.10573214e-01,7.10573214e-01,6.89195540e-02,2.75678216e-01,1.10353949e-04,1.32424739e-03,4.59345305e-07,5.97148897e-06,7.72597732e-05,1.00437705e-03,5.80613351e-05,8.12858692e-04,1.10074117e-11,1.65111175e-10,2.50568145e-06,3.50795402e-05,7.42527119e-07,1.11379068e-05,3.60087821e-04,5.76140514e-03,1.04745807e-07,1.78067871e-06,8.39362124e-17,1.51085182e-15,8.14710685e-07,1.38500816e-05,1.75329896e-10,3.15593814e-09,7.15337641e-05,1.43067528e-03
3.29448004e+00,9.16709165e-02,2.20603598e+04,1.29440858e-02,7.10569249e-01,7.10569249e-01,6.89196455e-02,2.75678582e-01,1.06752104e-04,1.28102525e-03,4.29049437e-07,5.57764268e-06,8.05595227e-05,1.04727380e-03,5.80699258e-05,8.12978961e-04,1.16473491e-11,1.74710237e-10,2.78677450e-06,3.90148430e-05,7.87722704e-07,1.18158406e-05,3.60037286e-04,5.76059657e-03,1.03929466e-07,1.76680092e-06,8.51366457e-17,1.53245962e-15,8.63617192e-07,1.46814923e-05,1.78513528e-10,3.21324350e-09,7.15339106e-05,1.43067821e-03
3.49126050e+00,9.16942660e-02,2.20573948e+04,1.36611689e-02,7.10565154e-01,7.10565154e-01,6.89197407e-02,2.75678963e-01,1.03055173e-04,1.23666207e-03,4.00896970e-07,5.21166061e-06,8.39220098e-05,1.09098613e-03,5.80762645e-05,8.13067703e-04,1.23229168e-11,1.84843752e-10,3.09768253e-06,4.33675554e-05,8.35695299e-07,1.25354295e-05,3.59983594e-04,5.75973750e-03,1.03185592e-07,1.75415507e-06,8.62343853e-17,1.55221893e-15,9.15476235e-07,1.55630960e-05,1.81545388e-10,3.26781698e-09,7.15340667e-05,1.43068133e-03
3.69979473e+00,9.17190103e-02,2.20542527e+04,1.44116976e-02,7.10560929e-01,7.10560929e-01,6.89198396e-02,2.75679359e-01,9.92682050e-05,1.19121846e-03,3.75010326e-07,4.87513424e-06,8.73390218e-05,1.13540728e-03,5.80803677e-05,8.13125148e-04,1.30359004e-11,1.95538507e-10,3.44126468e-06,4.81777056e-05,8.86618124e-07,1.32992719e-05,3.59926538e-04,5.75882461e-03,1.02530160e-07,1.74301272e-06,8.72335342e-17,1.57020362e-15,9.70468286e-07,1.64979609e-05,1.84436238e-10,3.31985228e-09,7.15342332e-05,1.43068466e-03
3.92078477e+00,9.17452325e-02,2.20509229e+04,1.51962095e-02,7.10556578e-01,7.10556578e-01,6.89199422e-02,2.75679769e-01,9.53972416e-05,1.14476690e-03,3.51487152e-07,4.56933297e-06,9.08011005e-05,1.18041431e-03,5.80823023e-05,8.13152233e-04,1.37881533e-11,2.06822300e-10,3.82060132e-06,5.34884184e-05,9.40675707e-07,1.41101356e-05,3.59865899e-04,5.75785439e-03,1.01980986e-07,1.73367676e-06,8.81415136e-17,1.58654724e-15,1.02878515e-06,1.74893475e-05,1.87204066e-10,3.36967318e-09,7.15344107e-05,1.43068821e-03
4.15497463e+00,9.17730210e-02,2.20473942e+04,1.60150867e-02,7.10552102e-01,7.10552102e-01,6.89200482e-02,2.75680193e-01,9.14493661e-05,1.09739239e-03,3.30396900e-07,4.29515970e-06,9.42974750e-05,1.22586717e-03,5.80821922e-05,8.13150691e-04,1.45815968e-11,2.18723952e-10,4.23900178e-06,5.93460249e-05,9.98064742e-07,1.49709711e-05,3.59801441e-04,5.75682305e-03,1.01557864e-07,1.72648368e-06,8.89694187e-17,1.60144954e-15,1.09063071e-06,1.85407221e-05,1.89875032e-10,3.41775058e-09,7.15346001e-05,1.43069200e-03
4.40315274e+00,9.18024694e-02,2.20436547e+04,1.68685327e-02,7.10547504e-01,7.10547504e-01,6.89201577e-02,2.75680631e-01,8.74327509e-05,1.04919301e-03,3.11777813e-07,4.05311157e-06,9.78160067e-05,1.27160809e-03,5.80802254e-05,8.13123156e-04,1.54182205e-11,2.31273308e-10,4.70001048e-06,6.58001467e-05,1.05899505e-06,1.58849257e-05,3.59732910e-04,5.75572655e-03,1.01282696e-07,1.72180584e-06,8.97323364e-17,1.61518206e-15,1.15622177e-06,1.96557702e-05,1.92484399e-10,3.46471918e-09,7.15348022e-05,1.43069604e-03
4.66615461e+00,9.18336766e-02,2.20396919e+04,1.77565521e-02,7.10542791e-01,7.10542791e-01,6.89202706e-02,2.75681082e-01,8.33566974e-05,1.00028037e-03,2.95634623e-07,3.84325010e-06,1.01343139e-04,1.31746081e-03,5.80766606e-05,8.13073248e-04,1.63000834e-11,2.44501251e-10,5.20741151e-06,7.29037611e-05,1.12369063e-06,1.68553594e-05,3.59660034e-04,5.75456055e-03,1.01179628e-07,1.72005368e-06,9.04495998e-17,1.62809280e-15,1.22578890e-06,2.08384112e-05,1.95077380e-10,3.51139284e-09,7.15350181e-05,1.43070036e-03
4.94486567e+00,9.18667480e-02,2.20354923e+04,1.86789304e-02,7.10537965e-01,7.10537965e-01,6.89203867e-02,2.75681547e-01,7.92316563e-05,9.50779875e-04,2.81936704e-07,3.66517715e-06,1.04863872e-04,1.36323034e-03,5.80718337e-05,8.13005671e-04,1.72293137e-11,2.58439705e-10,5.76523002e-06,8.07132202e-05,1.19239084e-06,1.78858626e-05,3.59582524e-04,5.75332039e-03,1.01275167e-07,1.72167784e-06,9.11449818e-17,1.64060967e-15,1.29957735e-06,2.20928149e-05,1.97709946e-10,3.55877904e-09,7.15352486e-05,1.43070497e-03
5.24022425e+00,9.19017946e-02,2.20310420e+04,1.96352182e-02,7.10533033e-01,7.10533033e-01,6.89205060e-02,2.75682024e-01,7.50692377e-05,9.00830853e-04,2.70617362e-07,3.51802571e-06,1.08361743e-04,1.40870265e-03,5.80661638e-05,8.12926294e-04,1.82081092e-11,2.73121637e-10,6.37773131e-06,8.92882384e-05,1.26535174e-06,1.89802760e-05,3.59500067e-04,5.75200107e-03,1.01598299e-07,1.72717108e-06,9.18467818e-17,1.65324207e-15,1.37784813e-06,2.34234183e-05,2.00449469e-10,3.60809045e-09,7.15354950e-05,1.43070990e-03
5.55322469e+00,9.19389346e-02,2.20263258e+04,2.06247196e-02,7.10528002e-01,7.10528002e-01,6.89206284e-02,2.75682514e-01,7.08822016e-05,8.50586419e-04,2.61573989e-07,3.40046185e-06,1.11818837e-04,1.45364489e-03,5.80601594e-05,8.12842231e-04,1.92387379e-11,2.88581069e-10,7.04941614e-06,9.86918259e-05,1.34284750e-06,2.01427125e-05,3.59412326e-04,5.75059721e-03,1.02180587e-07,1.73706998e-06,9.25878064e-17,1.66658052e-15,1.46087906e-06,2.48349441e-05,2.03375227e-10,3.66075409e-09,7.15357584e-05,1.43071517e-03
5.88492077e+00,9.19782930e-02,2.20213279e+04,2.16464864e-02,7.10522877e-01,7.10522877e-01,6.89207537e-02,2.75683015e-01,6.66844252e-05,8.00213102e-04,2.54669278e-07,3.31070061e-06,1.15215823e-04,1.49780570e-03,5.80544228e-05,8.12761919e-04,2.03235384e-11,3.04853075e-10,7.78501186e-06,1.08990166e-04,1.42517211e-06,2.13775816e-05,3.59318940e-04,5.74910305e-03,1.03056256e-07,1.75195635e-06,9.34052242e-17,1.68129403e-15,1.54896594e-06,2.63324210e-05,2.06578723e-10,3.71841702e-09,7.15360403e-05,1.43072081e-03
6.23642917e+00,9.20200023e-02,2.20160315e+04,2.26993207e-02,7.10517668e-01,7.10517668e-01,6.89208820e-02,2.75683528e-01,6.24908469e-05,7.49890163e-04,2.49733595e-07,3.24653674e-06,1.18532009e-04,1.54091612e-03,5.80496559e-05,8.12695182e-04,2.14649198e-11,3.21973797e-10,8.58945895e-06,1.20252425e-04,1.51264117e-06,2.26896176e-05,3.59219523e-04,5.74751236e-03,1.04262247e-07,1.77245820e-06,9.43402738e-17,1.69812493e-15,1.64242386e-06,2.79212056e-05,2.10163774e-10,3.78294793e-09,7.15363419e-05,1.43072684e-03
6.60893329e+00,9.20642029e-02,2.20104187e+04,2.37817857e-02,7.10512383e-01,7.10512383e-01,6.89210131e-02,2.75684052e-01,5.83173817e-05,6.99808581e-04,2.46568423e-07,3.20538950e-06,1.21745443e-04,1.58269076e-03,5.80466639e-05,8.12653294e-04,2.26653630e-11,3.39980445e-10,9.46789203e-06,1.32550488e-04,1.60559404e-06,2.40839105e-05,3.59113654e-04,5.74581846e-03,1.05838247e-07,1.79925019e-06,9.54378226e-17,1.71788081e-15,1.74158855e-06,2.96070054e-05,2.14246354e-10,3.85643436e-09,7.15366650e-05,1.43073330e-03
7.00368721e+00,9.21110436e-02,2.20044707e+04,2.48922279e-02,7.10507030e-01,7.10507030e-01,6.89211470e-02,2.75684588e-01,5.41808056e-05,6.50169667e-04,2.44950858e-07,3.18436115e-06,1.24833039e-04,1.62282950e-03,5.80463600e-05,8.12649040e-04,2.39274207e-11,3.58911311e-10,1.04256149e-05,1.45958608e-04,1.70439608e-06,2.55659412e-05,3.59000884e-04,5.74401414e-03,1.07826681e-07,1.83305357e-06,9.67457630e-17,1.74142373e-15,1.84681793e-06,3.13959047e-05,2.18954168e-10,3.94117503e-09,7.15370111e-05,1.43074022e-03
7.42201992e+00,9.21606822e-02,2.19981673e+04,2.60288105e-02,7.10501618e-01,7.10501618e-01,6.89212835e-02,2.75685134e-01,5.00986064e-05,6.01183277e-04,2.44638965e-07,3.18030654e-06,1.27770749e-04,1.66101974e-03,5.80497695e-05,8.12696773e-04,2.52537189e-11,3.78805783e-10,1.14680686e-05,1.60552961e-04,1.80944138e-06,2.71416207e-05,3.58880727e-04,5.74209163e-03,1.10272660e-07,1.87463522e-06,9.83142539e-17,1.76965657e-15,1.95849368e-06,3.32943926e-05,2.24425951e-10,4.03966713e-09,7.15373824e-05,1.43074765e-03
7.86533979e+00,9.22132856e-02,2.19914875e+04,2.71895593e-02,7.10496157e-01,7.10496157e-01,6.89214227e-02,2.75685691e-01,4.60888012e-05,5.53065614e-04,2.45377903e-07,3.18991274e-06,1.30533774e-04,1.69693906e-03,5.80580339e-05,8.12812475e-04,2.66469577e-11,3.99704366e-10,1.26007930e-05,1.76411102e-04,1.92115572e-06,2.88173358e-05,3.58752657e-04,5.74004252e-03,1.13223880e-07,1.92480597e-06,1.00194803e-16,1.80350646e-15,2.07702309e-06,3.53093925e-05,2.30810469e-10,4.15458844e-09,7.15377807e-05,1.43075561e-03
8.33513932e+00,9.22690311e-02,2.19844087e+04,2.83724212e-02,7.10490656e-01,7.10490656e-01,6.89215645e-02,2.75686258e-01,4.21697165e-05,5.06036598e-04,2.46906437e-07,3.20978367e-06,1.33096815e-04,1.73025860e-03,5.80724163e-05,8.13013828e-04,2.81099136e-11,4.21648704e-10,1.38293796e-05,1.93611314e-04,2.03999993e-06,3.05999989e-05,3.58616109e-04,5.73785775e-03,1.16730464e-07,1.98441789e-06,1.02439217e-16,1.84390590e-15,2.20284094e-06,3.74482961e-05,2.38265264e-10,4.28877476e-09,7.15382084e-05,1.43076417e-03
8.83300014e+00,9.23281063e-02,2.19769071e+04,2.95753354e-02,7.10485123e-01,7.10485123e-01,6.89217090e-02,2.75686836e-01,3.83597300e-05,4.60316760e-04,2.48963654e-07,3.23652751e-06,1.35434373e-04,1.76064686e-03,5.80943063e-05,8.13320288e-04,2.96454412e-11,4.44681618e-10,1.51594163e-05,2.12231829e-04,2.16647377e-06,3.24971065e-05,3.58470469e-04,5.73552751e-03,1.20844727e-07,2.05436036e-06,1.05098417e-16,1.89177150e-15,2.33641167e-06,3.97189984e-05,2.46955128e-10,4.44519231e-09,7.15386680e-05,1.43077336e-03
9.36059836e+00,9.23907100e-02,2.19689575e+04,3.07963154e-02,7.10479569e-01,7.10479569e-01,6.89218560e-02,2.75687424e-01,3.46769827e-05,4.16123792e-04,2.51295596e-07,3.26684275e-06,1.37521087e-04,1.78777413e-03,5.81252273e-05,8.13753182e-04,3.12564767e-11,4.68847151e-10,1.65964245e-05,2.32349943e-04,2.30112030e-06,3.45168045e-05,3.58315074e-04,5.73304119e-03,1.25620883e-07,2.13555501e-06,1.08221167e-16,1.94798100e-15,2.47823164e-06,4.21299379e-05,2.57050350e-10,4.62690630e-09,7.15391623e-05,1.43078325e-03
9.91971021e+00,9.24570531e-02,2.19605329e+04,3.20335415e-02,7.10473999e-01,7.10473999e-01,6.89220058e-02,2.75688023e-01,3.11390645e-05,3.73668774e-04,2.53661381e-07,3.29759795e-06,1.39332100e-04,1.81131730e-03,5.81668448e-05,8.14335828e-04,3.29460421e-11,4.94190631e-10,1.81457869e-05,2.54041016e-04,2.44453091e-06,3.66679636e-05,3.58149204e-04,5.73038727e-03,1.31114668e-07,2.22894936e-06,1.11852738e-16,2.01334929e-15,2.62883175e-06,4.46901397e-05,2.68724802e-10,4.83704644e-09,7.15396943e-05,1.43079389e-03
1.05122180e+01,9.25273589e-02,2.19516052e+04,3.32854605e-02,7.10468422e-01,7.10468422e-01,6.89221582e-02,2.75688633e-01,2.77626560e-05,3.33151872e-04,2.55838671e-07,3.32590273e-06,1.40843483e-04,1.83096527e-03,5.82209757e-05,8.15093660e-04,3.47172500e-11,5.20758750e-10,1.98126660e-05,2.77377324e-04,2.59735098e-06,3.89602648e-05,3.57972080e-04,5.72755327e-03,1.37382858e-07,2.33550859e-06,1.16033518e-16,2.08860332e-15,2.78878017e-06,4.74092630e-05,2.82153811e-10,5.07876860e-09,7.15402674e-05,1.43080535e-03
1.11401165e+01,9.26018641e-02,2.19421442e+04,3.45508916e-02,7.10462842e-01,7.10462842e-01,6.89223135e-02,2.75689254e-01,2.45631836e-05,2.94758203e-04,2.57628179e-07,3.34916632e-06,1.42032648e-04,1.84642443e-03,5.82896006e-05,8.16054408e-04,3.65733117e-11,5.48599676e-10,2.16019167e-05,3.02426834e-04,2.76028658e-06,4.14042986e-05,3.57782853e-04,5.72452565e-03,1.44482729e-07,2.45620639e-06,1.20797647e-16,2.17435765e-15,2.95868549e-06,5.02976534e-05,2.97512018e-10,5.35521632e-09,7.15408854e-05,1.43081771e-03
1.18055196e+01,9.26808195e-02,2.19321182e+04,3.58291336e-02,7.10457263e-01,7.10457263e-01,6.89224719e-02,2.75689887e-01,2.15544271e-05,2.58653125e-04,2.58857085e-07,3.36514211e-06,1.42878820e-04,1.85742466e-03,5.83748768e-05,8.17248275e-04,3.85175453e-11,5.77763179e-10,2.35179879e-05,3.29251831e-04,2.93411187e-06,4.40116781e-05,3.57580604e-04,5.72128966e-03,1.52471379e-07,2.59201344e-06,1.26171657e-16,2.27108982e-15,3.13920006e-06,5.33664010e-05,3.14971060e-10,5.66947908e-09,7.15415524e-05,1.43083105e-03
1.25106675e+01,9.27644910e-02,2.19214932e+04,3.71200740e-02,7.10451686e-01,7.10451686e-01,6.89226334e-02,2.75690534e-01,1.87481765e-05,2.24978118e-04,2.59381273e-07,3.37195655e-06,1.43363456e-04,1.86372493e-03,5.84791545e-05,8.18708163e-04,4.05533881e-11,6.08300822e-10,2.55648205e-05,3.57907487e-04,3.11967802e-06,4.67951703e-05,3.57364329e-04,5.71782926e-03,1.61405008e-07,2.74388514e-06,1.32173214e-16,2.37911785e-15,3.33102378e-06,5.66274042e-05,3.34697357e-10,6.02455243e-09,7.15422730e-05,1.43084546e-03
1.32579341e+01,9.28531602e-02,2.19102336e+04,3.84242942e-02,7.10446112e-01,7.10446112e-01,6.89227985e-02,2.75691194e-01,1.61538717e-05,1.93846461e-04,2.59086381e-07,3.36812295e-06,1.43470697e-04,1.86511906e-03,5.86049934e-05,8.20469908e-04,4.26844116e-11,6.40266174e-10,2.77457370e-05,3.88440318e-04,3.31792319e-06,4.97688478e-05,3.57132935e-04,5.71412696e-03,1.71338065e-07,2.91274711e-06,1.38809931e-16,2.49857875e-15,3.53490829e-06,6.00934410e-05,3.56849811e-10,6.42329660e-09,7.15430525e-05,1.43086105e-03
1.40498351e+01,9.29471256e-02,2.18983015e+04,3.97431717e-02,7.10440536e-01,7.10440536e-01,6.89229674e-02,2.75691869e-01,1.37782955e-05,1.65339546e-04,2.57887784e-07,3.35254119e-06,1.43187762e-04,1.86144090e-03,5.87551812e-05,8.22572537e-04,4.49143396e-11,6.73715094e-10,3.00633273e-05,4.20886582e-04,3.52988432e-06,5.29482648e-05,3.56885230e-04,5.71016369e-03,1.82322331e-07,3.09947963e-06,1.46078321e-16,2.62940978e-15,3.75166160e-06,6.37782473e-05,3.81577584e-10,6.86839652e-09,7.15438964e-05,1.43087793e-03
1.48890368e+01,9.30467036e-02,2.18856567e+04,4.10789778e-02,7.10434953e-01,7.10434953e-01,6.89231405e-02,2.75692562e-01,1.16253147e-05,1.39503777e-04,2.55729623e-07,3.32448509e-06,1.42505301e-04,1.85256891e-03,5.89327525e-05,8.25058535e-04,4.72470725e-11,7.08706088e-10,3.25193303e-05,4.55270624e-04,3.75671083e-06,5.63506624e-05,3.56619912e-04,5.70591859e-03,1.94405926e-07,3.30490075e-06,1.53962906e-16,2.77133230e-15,3.98215325e-06,6.76966053e-05,4.09017940e-10,7.36232292e-09,7.15448114e-05,1.43089623e-03
1.57783642e+01,9.31522294e-02,2.18722566e+04,4.24349661e-02,7.10429354e-01,7.10429354e-01,6.89233185e-02,2.75693274e-01,9.69569519e-06,1.16348342e-04,2.52583072e-07,3.28357993e-06,1.41417674e-04,1.83842976e-03,5.91410068e-05,8.27974095e-04,4.96867136e-11,7.45300704e-10,3.51145170e-05,4.91603239e-04,3.99968027e-06,5.99952041e-05,3.56335554e-04,5.70136887e-03,2.07632269e-07,3.52974857e-06,1.62435507e-16,2.92383912e-15,4.22732004e-06,7.18644407e-05,4.39294160e-10,7.90729488e-09,7.15458045e-05,1.43091609e-03
1.67208115e+01,9.32640583e-02,2.18580561e+04,4.38154665e-02,7.10423726e-01,7.10423726e-01,6.89235020e-02,2.75694008e-01,7.98699730e-06,9.58439675e-05,2.48444057e-07,3.22977274e-06,1.39923153e-04,1.81900099e-03,5.93835277e-05,8.31369388e-04,5.22376070e-11,7.83564105e-10,3.78485642e-05,5.29879899e-04,4.26021722e-06,6.39032584e-05,3.56030595e-04,5.69648952e-03,2.22038990e-07,3.77466283e-06,1.71454743e-16,3.08618537e-15,4.48817255e-06,7.62989334e-05,4.72513567e-10,8.50524420e-09,7.15468838e-05,1.43093768e-03
1.77195514e+01,9.33825668e-02,2.18430074e+04,4.52259679e-02,7.10418056e-01,7.10418056e-01,6.89236916e-02,2.75694766e-01,6.49359251e-06,7.79231102e-05,2.43330580e-07,3.16329754e-06,1.38023998e-04,1.79431197e-03,5.96641981e-05,8.35298774e-04,5.49043773e-11,8.23565660e-10,4.07199372e-05,5.70079121e-04,4.53991478e-06,6.80987218e-05,3.55703321e-04,5.69125314e-03,2.37656866e-07,4.04016672e-06,1.80965782e-16,3.25738408e-15,4.76580235e-06,8.10186400e-05,5.08765729e-10,9.15778312e-09,7.15480585e-05,1.43096117e-03
1.87779465e+01,9.35081539e-02,2.18270598e+04,4.66732096e-02,7.10412325e-01,7.10412325e-01,6.89238883e-02,2.75695553e-01,5.20675903e-06,6.24811084e-05,2.37279907e-07,3.08463879e-06,1.35726459e-04,1.76444396e-03,5.99872116e-05,8.39820962e-04,5.76919788e-11,8.65379682e-10,4.37257675e-05,6.12160745e-04,4.84055992e-06,7.26083988e-05,3.55351849e-04,5.68562959e-03,2.54508741e-07,4.32664860e-06,1.90900327e-16,3.43620589e-15,5.06139009e-06,8.60436316e-05,5.48120764e-10,9.86617375e-09,7.15493389e-05,1.43098678e-03
1.98995599e+01,9.36412423e-02,2.18101597e+04,4.81652785e-02,7.10406512e-01,7.10406512e-01,6.89240933e-02,2.75696373e-01,4.11494315e-06,4.93793178e-05,2.30345598e-07,2.99449278e-06,1.33040615e-04,1.72952799e-03,6.03570810e-05,8.44999134e-04,6.06057544e-11,9.09086317e-10,4.68617315e-05,6.56064241e-04,5.16416336e-06,7.74624504e-05,3.54974108e-04,5.67958572e-03,2.72608560e-07,4.63434552e-06,2.01176952e-16,3.62118514e-15,5.37621473e-06,9.13956504e-05,5.90628019e-10,1.06313043e-08,7.15507364e-05,1.43101473e-03
2.10881677e+01,9.37822801e-02,2.17922501e+04,4.97117207e-02,7.10400597e-01,7.10400597e-01,6.89243076e-02,2.75697230e-01,3.20410231e-06,3.84492277e-05,2.22594636e-07,2.89373026e-06,1.29980131e-04,1.68974170e-03,6.07786386e-05,8.50900940e-04,6.36515020e-11,9.54772530e-10,5.01219293e-05,7.01707010e-04,5.51299441e-06,8.26949161e-05,3.54567813e-04,5.67308500e-03,2.91960467e-07,4.96332793e-06,2.11701727e-16,3.81063108e-15,5.71166380e-06,9.70982846e-05,6.36314980e-10,1.14536696e-08,7.15522643e-05,1.43104529e-03
2.23477714e+01,9.39317422e-02,2.17732708e+04,5.13236737e-02,7.10394552e-01,7.10394552e-01,6.89245328e-02,2.75698131e-01,2.45816816e-06,2.94980179e-05,2.14104612e-07,2.78335995e-06,1.26561905e-04,1.64530477e-03,6.12570275e-05,8.57598385e-04,6.68355488e-11,1.00253323e-09,5.34987604e-05,7.48982646e-04,5.88962178e-06,8.83443267e-05,3.54130444e-04,5.66608710e-03,3.12558056e-07,5.31348695e-06,2.22369215e-16,4.00264587e-15,6.06924513e-06,1.03177167e-04,6.85186638e-10,1.23333595e-08,7.15539375e-05,1.43107875e-03
2.36826116e+01,9.40901317e-02,2.17531579e+04,5.30140320e-02,7.10388354e-01,7.10388354e-01,6.89247705e-02,2.75699082e-01,1.85960413e-06,2.23152496e-05,2.04961055e-07,2.66449371e-06,1.22805631e-04,1.59647320e-03,6.17976823e-05,8.65167553e-04,7.01648383e-11,1.05247257e-09,5.69827935e-05,7.97759110e-04,6.29696179e-06,9.44544268e-05,3.53659215e-04,5.65854743e-03,3.34383793e-07,5.68452449e-06,2.33063844e-16,4.19514919e-15,6.45060009e-06,1.09660202e-04,7.37225355e-10,1.32700564e-08,7.15557729e-05,1.43111546e-03
2.50971824e+01,9.42579819e-02,2.17318436e+04,5.47976504e-02,7.10381976e-01,7.10381976e-01,6.89250228e-02,2.75700091e-01,1.39002119e-06,1.66802543e-05,1.95254938e-07,2.53831420e-06,1.18733317e-04,1.54353313e-03,6.24062948e-05,8.73688127e-04,7.36470211e-11,1.10470532e-09,6.05626301e-05,8.47876821e-04,6.73833451e-06,1.01075018e-04,3.53151038e-04,5.65041661e-03,3.57408647e-07,6.07594700e-06,2.43661640e-16,4.38590953e-15,6.85751860e-06,1.16577816e-04,7.92391332e-10,1.42630440e-08,7.15577899e-05,1.43115580e-03
2.65962460e+01,9.44358578e-02,2.17092562e+04,5.66916012e-02,7.10375390e-01,7.10375390e-01,6.89252919e-02,2.75701168e-01,1.03082708e-06,1.23699249e-05,1.85080408e-07,2.40604530e-06,1.14368799e-04,1.48679438e-03,6.30887613e-05,8.83242658e-04,7.72905544e-11,1.15935832e-09,6.42247562e-05,8.99146587e-04,7.21752987e-06,1.08262948e-04,3.52602492e-04,5.64163987e-03,3.81591935e-07,6.48706290e-06,2.54032331e-16,4.57258195e-15,7.29195623e-06,1.23963256e-04,8.50623741e-10,1.53112273e-08,7.15600106e-05,1.43120021e-03
2.81848492e+01,9.46243583e-02,2.16853196e+04,5.87154969e-02,7.10368570e-01,7.10368570e-01,6.89255805e-02,2.75702322e-01,7.63858276e-07,9.16629931e-06,1.74532818e-07,2.26892664e-06,1.09737285e-04,1.42658470e-03,6.38511084e-05,8.93915518e-04,8.11048043e-11,1.21657206e-09,6.79533805e-05,9.51347327e-04,7.73888496e-06,1.16083274e-04,3.52009771e-04,5.63215633e-03,4.06881397e-07,6.91698375e-06,2.64041739e-16,4.75275131e-15,7.75605366e-06,1.31852912e-04,9.11842528e-10,1.64131655e-08,7.15624604e-05,1.43124921e-03
2.98683402e+01,9.48241180e-02,2.16599533e+04,6.08918916e-02,7.10361492e-01,7.10361492e-01,6.89258915e-02,2.75703566e-01,5.71962722e-07,6.86355266e-06,1.63707092e-07,2.12819219e-06,1.04864998e-04,1.36324497e-03,6.46993909e-05,9.05791473e-04,8.51001454e-11,1.27650218e-09,7.17302584e-05,1.00422362e-03,8.30737432e-06,1.24610615e-04,3.51368642e-04,5.62189827e-03,4.33213476e-07,7.36462910e-06,2.73554445e-16,4.92398000e-15,8.25215881e-06,1.40286700e-04,9.75950897e-10,1.75671161e-08,7.15651685e-05,1.43130337e-03
3.16523867e+01,9.50358094e-02,2.16330718e+04,6.32467828e-02,7.10354131e-01,7.10354131e-01,6.89262284e-02,2.75704914e-01,4.39490055e-07,5.27388066e-06,1.52696476e-07,1.98505419e-06,9.97789330e-05,1.29712613e-03,6.56395573e-05,9.18953802e-04,8.92880575e-11,1.33932086e-09,7.55345002e-05,1.05748300e-03,8.92871566e-06,1.33930735e-04,3.50674384e-04,5.61079014e-03,4.60513772e-07,7.82873412e-06,2.82436589e-16,5.08385861e-15,8.78285225e-06,1.49308488e-04,1.04283839e-09,1.87710910e-08,7.15681684e-05,1.43136337e-03
3.35429949e+01,9.52601452e-02,2.16045847e+04,6.58102274e-02,7.10346464e-01,7.10346464e-01,6.89265954e-02,2.75706382e-01,3.52656802e-07,4.23188163e-06,1.41591707e-07,1.84069219e-06,9.45067801e-05,1.22858814e-03,6.66772763e-05,9.33481868e-04,9.36812018e-11,1.40521803e-09,7.93423716e-05,1.11079320e-03,9.60949255e-06,1.44142388e-04,3.49921722e-04,5.59874756e-03,4.88697611e-07,8.30785938e-06,2.90558754e-16,5.23005757e-15,9.35097599e-06,1.58966592e-04,1.11238446e-09,2.00229203e-08,7.15714989e-05,1.43142998e-03
3.55465299e+01,9.54978807e-02,2.15743961e+04,6.86170985e-02,7.10338471e-01,7.10338471e-01,6.89269970e-02,2.75707988e-01,2.99766625e-07,3.59719950e-06,1.30480562e-07,1.69624730e-06,8.90770215e-05,1.15800128e-03,6.78177179e-05,9.49448050e-04,9.82934703e-11,1.47440205e-09,8.31270953e-05,1.16377933e-03,1.03572968e-05,1.55359452e-04,3.49104758e-04,5.58567613e-03,5.17670658e-07,8.80040118e-06,2.97798773e-16,5.36037791e-15,9.95966660e-06,1.69314332e-04,1.18446235e-09,2.13203223e-08,7.15752050e-05,1.43150410e-03
3.76697367e+01,9.57498162e-02,2.15424043e+04,7.17080150e-02,7.10330131e-01,7.10330131e-01,6.89274386e-02,2.75709754e-01,2.71279775e-07,3.25535730e-06,1.19447755e-07,1.55282081e-06,8.35192042e-05,1.08574965e-03,6.90652812e-05,9.66913937e-04,1.03139997e-10,1.54709995e-09,8.68586644e-05,1.21602130e-03,1.11808935e-05,1.67713402e-04,3.48216875e-04,5.57147000e-03,5.47329451e-07,9.30460067e-06,3.04044390e-16,5.47279901e-15,1.06123930e-05,1.80410680e-04,1.25894307e-09,2.26609753e-08,7.15793388e-05,1.43158678e-03
3.99197634e+01,9.60167999e-02,2.15085016e+04,7.51304676e-02,7.10321428e-01,7.10321428e-01,6.89279265e-02,2.75711706e-01,2.59740572e-07,3.11688686e-06,1.08575052e-07,1.41147568e-06,7.78643549e-05,1.01223661e-03,7.04232621e-05,9.85925670e-04,1.08237099e-10,1.62355649e-09,9.05036990e-05,1.26705179e-03,1.20904096e-05,1.81356144e-04,3.47250645e-04,5.55601032e-03,5.77561790e-07,9.81855043e-06,3.09195646e-16,5.56552163e-15,1.13129993e-05,1.92320989e-04,1.33569929e-09,2.40425872e-08,7.15839610e-05,1.43167922e-03
4.23041850e+01,9.62997307e-02,2.14725739e+04,7.89401966e-02,7.10312342e-01,7.10312342e-01,6.89284678e-02,2.75713871e-01,2.59587320e-07,3.11504784e-06,9.79414883e-08,1.27323935e-06,7.21454987e-05,9.37891483e-04,7.18934532e-05,1.00650834e-03,1.13602142e-10,1.70403213e-09,9.40253668e-05,1.31635514e-03,1.30975507e-05,1.96463260e-04,3.46197711e-04,5.53916337e-03,6.08246823e-07,1.03401960e-05,3.13166928e-16,5.63700470e-15,1.20657549e-05,2.05117833e-04,1.41460886e-09,2.54629594e-08,7.15891426e-05,1.43178285e-03
4.48310289e+01,9.65995610e-02,2.14345002e+04,8.32028557e-02,7.10302856e-01,7.10302856e-01,6.89290709e-02,2.75716284e-01,2.66879529e-07,3.20255435e-06,8.76235114e-08,1.13910565e-06,6.63982033e-05,8.63176643e-04,7.34756689e-05,1.02865937e-03,1.19253275e-10,1.78879913e-09,9.73834190e-05,1.36336787e-03,1.42158448e-05,2.13237672e-04,3.45048655e-04,5.52077848e-03,6.39254790e-07,1.08673314e-05,3.15888617e-16,5.68599510e-15,1.28754096e-05,2.18881964e-04,1.49555791e-09,2.69200424e-08,7.15949663e-05,1.43189933e-03
4.75088021e+01,9.69173002e-02,2.13941524e+04,8.79960469e-02,7.10292949e-01,7.10292949e-01,6.89297456e-02,2.75718982e-01,2.78983094e-07,3.34779712e-06,7.76949267e-08,1.01003405e-06,6.06610810e-05,7.88594053e-04,7.51671919e-05,1.05234069e-03,1.25209036e-10,1.87813554e-09,1.00534372e-04,1.40748120e-03,1.54609178e-05,2.31913767e-04,3.43792844e-04,5.50068550e-03,6.70446283e-07,1.13975868e-05,3.17308323e-16,5.71154982e-15,1.37472587e-05,2.33703397e-04,1.57844335e-09,2.84119803e-08,7.16015297e-05,1.43203059e-03
5.03465196e+01,9.72540181e-02,2.13513945e+04,9.34117745e-02,7.10282600e-01,7.10282600e-01,6.89305031e-02,2.75722012e-01,2.94252221e-07,3.53102665e-06,6.82264935e-08,8.86944416e-07,5.49761434e-05,7.14689864e-04,7.69621373e-05,1.07746992e-03,1.31487740e-10,1.97231609e-09,1.03431906e-04,1.44804668e-03,1.68507962e-05,2.52761943e-04,3.42418254e-04,5.47869206e-03,7.01671048e-07,1.19284078e-05,3.17391711e-16,5.71305079e-15,1.46872149e-05,2.49682654e-04,1.66317474e-09,2.99371453e-08,7.16089471e-05,1.43217894e-03
5.19470243e+01,9.74439309e-02,2.13272786e+04,9.66293278e-02,7.10276824e-01,7.10276824e-01,6.89309506e-02,2.75723802e-01,3.03449470e-07,3.64139364e-06,6.33336665e-08,8.23337665e-07,5.19470338e-05,6.75311439e-04,7.79700790e-05,1.09158111e-03,1.35014911e-10,2.02522366e-09,1.04872731e-04,1.46821823e-03,1.76678428e-05,2.65017642e-04,3.41622721e-04,5.46596353e-03,7.18471885e-07,1.22140221e-05,3.16875519e-16,5.70375935e-15,1.52248307e-05,2.58822122e-04,1.70962069e-09,3.07731724e-08,7.16133494e-05,1.43226699e-03
5.33537351e+01,9.76108484e-02,2.13060827e+04,9.95594329e-02,7.10271780e-01,7.10271780e-01,6.89313565e-02,2.75725426e-01,3.11740084e-07,3.74088101e-06,5.92851045e-08,7.70706358e-07,4.93889338e-05,6.42056139e-04,7.88507383e-05,1.10391034e-03,1.38106650e-10,2.07159976e-09,1.06027536e-04,1.48438551e-03,1.84062381e-05,2.76093571e-04,3.40911266e-04,5.45458025e-03,7.32766286e-07,1.24570269e-05,3.16122945e-16,5.69021300e-15,1.57018914e-05,2.66932154e-04,1.74967575e-09,3.14941635e-08,7.16173536e-05,1.43234707e-03
5.42963872e+01,9.77227016e-02,2.12918792e+04,1.01578188e-01,7.10268416e-01,7.10268416e-01,6.89316353e-02,2.75726541e-01,3.17373232e-07,3.80847878e-06,5.66988765e-08,7.37085395e-07,4.77287350e-05,6.20473555e-04,7.94372435e-05,1.11212141e-03,1.40174010e-10,2.10261016e-09,1.06744313e-04,1.49442038e-03,1.89118449e-05,2.83677674e-04,3.40428034e-04,5.44684854e-03,7.42101686e-07,1.26157287e-05,3.15474143e-16,5.67853458e-15,1.60239844e-05,2.72407735e-04,1.77612723e-09,3.19702902e-08,7.16201091e-05,1.43240218e-03
5.65405725e+01,9.79889922e-02,2.12580645e+04,1.06569419e-01,7.10260454e-01,7.10260454e-01,6.89323215e-02,2.75729286e-01,3.30958838e-07,3.97150605e-06,5.09325124e-08,6.62122661e-07,4.39483424e-05,5.71328451e-04,8.08185604e-05,1.13145985e-03,1.45080853e-10,2.17621280e-09,1.08271611e-04,1.51580255e-03,2.01510846e-05,3.02266269e-04,3.39256428e-04,5.42810285e-03,7.63554515e-07,1.29804268e-05,3.13504808e-16,5.64308655e-15,1.67986941e-05,2.85577800e-04,1.83788534e-09,3.30819360e-08,7.16269089e-05,1.43253818e-03
5.66457502e+01,9.80014723e-02,2.12564797e+04,1.06809905e-01,7.10260083e-01,7.10260083e-01,6.89323544e-02,2.75729418e-01,3.31600242e-07,3.97920290e-06,5.06753078e-08,6.58779002e-07,4.37770497e-05,5.69101646e-04,8.08827020e-05,1.13235783e-03,1.45310285e-10,2.17965427e-09,1.08337132e-04,1.51671984e-03,2.02104071e-05,3.03156106e-04,3.39200781e-04,5.42721249e-03,7.64533609e-07,1.29970714e-05,3.13398819e-16,5.64117874e-15,1.68352780e-05,2.86199726e-04,1.84073882e-09,3.31332987e-08,7.16272361e-05,1.43254472e-03
5.89951131e+01,9.82802431e-02,2.12210802e+04,1.12340374e-01,7.10251813e-01,7.10251813e-01,6.89331094e-02,2.75732437e-01,3.46006219e-07,4.15207463e-06,4.52198390e-08,5.87857907e-07,4.00858748e-05,5.21116373e-04,8.22989908e-05,1.15218587e-03,1.50421769e-10,2.25632653e-09,1.09663721e-04,1.53529210e-03,2.15650124e-05,3.23475186e-04,3.37940373e-04,5.40704597e-03,7.85800598e-07,1.33586102e-05,3.10742341e-16,5.59336213e-15,1.76589848e-05,3.00202741e-04,1.90355734e-09,3.42640321e-08,7.16347453e-05,1.43269491e-03
5.99177609e+01,9.83897227e-02,2.12071781e+04,1.14597492e-01,7.10248580e-01,7.10248580e-01,6.89334159e-02,2.75733664e-01,3.51697165e-07,4.22036598e-06,4.32236322e-08,5.61907218e-07,3.87060333e-05,5.03178433e-04,8.28456658e-05,1.15983932e-03,1.52421787e-10,2.28632681e-09,1.10114716e-04,1.54160603e-03,2.21126234e-05,3.31689351e-04,3.37436187e-04,5.39897900e-03,7.93841082e-07,1.34952984e-05,3.09558534e-16,5.57205361e-15,1.79859255e-05,3.05760734e-04,1.92775889e-09,3.46996600e-08,7.16378023e-05,1.43275605e-03
6.13444760e+01,9.85590138e-02,2.11856808e+04,1.18185544e-01,7.10243594e-01,7.10243594e-01,6.89339016e-02,2.75735606e-01,3.60525197e-07,4.32630237e-06,4.02910998e-08,5.23784297e-07,3.66483282e-05,4.76428266e-04,8.36790355e-05,1.17150650e-03,1.55505599e-10,2.33258399e-09,1.10737078e-04,1.55031910e-03,2.29770186e-05,3.44655279e-04,3.36646224e-04,5.38633958e-03,8.05934765e-07,1.37008910e-05,3.07587578e-16,5.53657640e-15,1.84953681e-05,3.14421257e-04,1.96468151e-09,3.53642673e-08,7.16426524e-05,1.43285305e-03
6.34966699e+01,9.88143889e-02,2.11532522e+04,1.23830021e-01,7.10236099e-01,7.10236099e-01,6.89346612e-02,2.75738645e-01,3.73892792e-07,4.48671350e-06,3.62045028e-08,4.70658537e-07,3.37154203e-05,4.38300464e-04,8.49057549e-05,1.18868057e-03,1.60135396e-10,2.40203093e-09,1.11509526e-04,1.56113336e-03,2.43219483e-05,3.64829224e-04,3.35430575e-04,5.36688920e-03,8.23411425e-07,1.39979942e-05,3.04323388e-16,5.47782098e-15,1.92728998e-05,3.27639297e-04,2.01926982e-09,3.63468568e-08,7.16502586e-05,1.43300517e-03
6.36938389e+01,9.88377846e-02,2.11502813e+04,1.24361437e-01,7.10235413e-01,7.10235413e-01,6.89347324e-02,2.75738930e-01,3.75119918e-07,4.50143901e-06,3.58495362e-08,4.66043971e-07,3.34568376e-05,4.34938889e-04,8.50161671e-05,1.19022634e-03,1.60558119e-10,2.40837179e-09,1.11570594e-04,1.56198831e-03,2.44476516e-05,3.66714774e-04,3.35317750e-04,5.36508400e-03,8.24967083e-07,1.40244404e-05,3.04008349e-16,5.47215028e-15,1.93446810e-05,3.28859577e-04,2.02420616e-09,3.64357109e-08,7.16509732e-05,1.43301946e-03
6.60432018e+01,9.91165553e-02,2.11148819e+04,1.30884155e-01,7.10227258e-01,7.10227258e-01,6.89356034e-02,2.75742414e-01,3.89766444e-07,4.67719733e-06,3.18574389e-08,4.14146705e-07,3.05032175e-05,3.96541827e-04,8.63041371e-05,1.20825792e-03,1.65574967e-10,2.48362450e-09,1.12177982e-04,1.57049174e-03,2.59779989e-05,3.89669984e-04,3.33954374e-04,5.34326998e-03,8.42927249e-07,1.43297632e-05,3.00070280e-16,5.40126504e-15,2.02071655e-05,3.43521813e-04,2.08222190e-09,3.74799942e-08,7.16597238e-05,1.43319448e-03
6.72893485e+01,9.92644206e-02,2.10961053e+04,1.34490233e-01,7.10222937e-01,7.10222937e-01,6.89360822e-02,2.75744329e-01,3.97549873e-07,4.77059847e-06,2.99100361e-08,3.88830469e-07,2.90301414e-05,3.77391838e-04,8.69653381e-05,1.21751473e-03,1.68219841e-10,2.52329762e-09,1.12413144e-04,1.57378402e-03,2.68142902e-05,4.02214354e-04,3.33216850e-04,5.33146960e-03,8.52028257e-07,1.44844804e-05,2.97856023e-16,5.36140841e-15,2.06700691e-05,3.51391175e-04,2.11241184e-09,3.80234132e-08,7.16645454e-05,1.43329091e-03
6.83925647e+01,9.93953261e-02,2.10794824e+04,1.37769870e-01,7.10219114e-01,7.10219114e-01,6.89365159e-02,2.75746064e-01,4.04446385e-07,4.85335662e-06,2.82789552e-08,3.67626417e-07,2.77787433e-05,3.61123663e-04,8.75371290e-05,1.22551981e-03,1.70551176e-10,2.55826764e-09,1.12573208e-04,1.57602491e-03,2.75690045e-05,4.13535068e-04,3.32555521e-04,5.32088834e-03,8.59843623e-07,1.46173416e-05,2.95831619e-16,5.32496915e-15,2.10830520e-05,3.58411884e-04,2.13881508e-09,3.84986714e-08,7.16689208e-05,1.43337842e-03
7.07419276e+01,9.96740968e-02,2.10440829e+04,1.45034803e-01,7.10210968e-01,7.10210968e-01,6.89374713e-02,2.75749885e-01,4.19143097e-07,5.02971717e-06,2.50800839e-08,3.26041091e-07,2.52742225e-05,3.28564893e-04,8.87097691e-05,1.24193677e-03,1.75481260e-10,2.63221890e-09,1.12770416e-04,1.57878582e-03,2.92214635e-05,4.38321953e-04,3.31120625e-04,5.29793000e-03,8.75743262e-07,1.48876355e-05,2.91343996e-16,5.24419193e-15,2.19725588e-05,3.73533500e-04,2.19406783e-09,3.94932209e-08,7.16785809e-05,1.43357162e-03
7.13085651e+01,9.97413329e-02,2.10355450e+04,1.46845594e-01,7.10209002e-01,7.10209002e-01,6.89377083e-02,2.75750833e-01,4.22688426e-07,5.07226111e-06,2.43617406e-08,3.16702628e-07,2.47020207e-05,3.21126269e-04,8.89830019e-05,1.24576203e-03,1.76662777e-10,2.64994166e-09,1.12789933e-04,1.57905906e-03,2.96292897e-05,4.44439345e-04,3.30769088e-04,5.29230541e-03,8.79428786e-07,1.49502894e-05,2.90229600e-16,5.22413279e-15,2.21891588e-05,3.77215700e-04,2.20720229e-09,3.97296412e-08,7.16809820e-05,1.43361964e-03
7.30912905e+01,9.99528675e-02,2.10086835e+04,1.52695200e-01,7.10202807e-01,7.10202807e-01,6.89384709e-02,2.75753884e-01,4.33839946e-07,5.20607936e-06,2.22286640e-08,2.88972632e-07,2.29800670e-05,2.98740871e-04,8.98171343e-05,1.25743988e-03,1.80359297e-10,2.70538946e-09,1.12783852e-04,1.57897393e-03,3.09360177e-05,4.64040265e-04,3.29649126e-04,5.27438601e-03,8.90651976e-07,1.51410836e-05,2.86653114e-16,5.15975604e-15,2.28758912e-05,3.88890151e-04,2.24805824e-09,4.04650483e-08,7.16887212e-05,1.43377442e-03
7.54406534e+01,1.00603813e-01,2.09212982e+04,1.60858551e-01,7.10194544e-01,7.10194544e-01,6.89395209e-02,2.75758084e-01,4.45748228e-07,5.34897874e-06,1.93863769e-08,2.52022900e-07,2.08686649e-05,2.71292644e-04,9.08400444e-05,1.27176062e-03,1.78212474e-10,2.67318711e-09,1.12648244e-04,1.57707542e-03,3.27326531e-05,4.90989797e-04,3.28126319e-04,5.25002110e-03,9.00216442e-07,1.53036795e-05,2.65382539e-16,4.77688570e-15,2.38073134e-05,4.04724327e-04,2.28507340e-09,4.11313212e-08,7.16995465e-05,1.43399093e-03
7.55678509e+01,1.00661578e-01,2.09134212e+04,1.61330126e-01,7.10194081e-01,7.10194081e-01,6.89395800e-02,2.75758320e-01,4.45920586e-07,5.35104704e-06,1.92000040e-08,2.49600051e-07,2.07565799e-05,2.69835538e-04,9.08904799e-05,1.27246672e-03,1.77695574e-10,2.66543361e-09,1.12640101e-04,1.57696142e-03,3.28354367e-05,4.92531550e-04,3.28040102e-04,5.24864163e-03,8.99935340e-07,1.52989008e-05,2.63175794e-16,4.73716430e-15,2.38608212e-05,4.05633960e-04,2.28479177e-09,4.11262519e-08,7.17001833e-05,1.43400367e-03
7.77900163e+01,1.01670739e-01,2.07758083e+04,1.70204914e-01,7.10185683e-01,7.10185683e-01,6.89406505e-02,2.75762602e-01,4.42565958e-07,5.31079150e-06,1.59823437e-08,2.07770467e-07,1.88179083e-05,2.44632808e-04,9.16619403e-05,1.28326716e-03,1.69354153e-10,2.54031229e-09,1.12501474e-04,1.57502064e-03,3.47494470e-05,5.21241705e-04,3.26451568e-04,5.22322509e-03,8.82059587e-07,1.49950130e-05,2.26161014e-16,4.07089826e-15,2.48653501e-05,4.22710952e-04,2.26315945e-09,4.07368702e-08,7.17124593e-05,1.43424919e-03
8.00815453e+01,1.02711401e-01,2.06338998e+04,1.80717224e-01,7.10176374e-01,7.10176374e-01,6.89418277e-02,2.75767311e-01,4.32920585e-07,5.19504701e-06,1.30740193e-08,1.69962250e-07,1.68683789e-05,2.19288926e-04,9.22197124e-05,1.29107597e-03,1.61973895e-10,2.42960843e-09,1.12350302e-04,1.57290423e-03,3.69691632e-05,5.54537449e-04,3.24641204e-04,5.19425926e-03,8.46999345e-07,1.43989889e-05,1.92733352e-16,3.46920034e-15,2.60461563e-05,4.42784656e-04,2.22572219e-09,4.00629995e-08,7.17276468e-05,1.43455294e-03
8.01393793e+01,1.02737666e-01,2.06303183e+04,1.81001750e-01,7.10176131e-01,7.10176131e-01,6.89418583e-02,2.75767433e-01,4.32651399e-07,5.19181679e-06,1.30066504e-08,1.69086455e-07,1.68200036e-05,2.18660046e-04,9.22304277e-05,1.29122599e-03,1.61801952e-10,2.42702927e-09,1.12346178e-04,1.57284650e-03,3.70285618e-05,5.55428427e-04,3.24593129e-04,5.19349007e-03,8.45990325e-07,1.43818355e-05,1.91957244e-16,3.45523039e-15,2.60779504e-05,4.43325157e-04,2.22469617e-09,4.00445310e-08,7.17280667e-05,1.43456133e-03
8.24887422e+01,1.03804592e-01,2.04848284e+04,1.93420572e-01,7.10165872e-01,7.10165872e-01,6.89431419e-02,2.75772568e-01,4.21837819e-07,5.06205383e-06,1.05034601e-08,1.36544981e-07,1.48979223e-05,1.93672990e-04,9.25169632e-05,1.29523749e-03,1.55346760e-10,2.33020140e-09,1.12157485e-04,1.57020478e-03,3.95880934e-05,5.93821401e-04,3.22535624e-04,5.16056999e-03,8.02615503e-07,1.36444636e-05,1.63211111e-16,2.93780000e-15,2.74563526e-05,4.66757994e-04,2.18337362e-09,3.93007252e-08,7.17468005e-05,1.43493601e-03
8.48381051e+01,1.04871518e-01,2.03393384e+04,2.07647886e-01,7.10154889e-01,7.10154889e-01,6.89445037e-02,2.75778015e-01,4.12299375e-07,4.94759250e-06,8.41857448e-09,1.09441468e-07,1.30774368e-05,1.70006679e-04,9.24980445e-05,1.29497262e-03,1.49807216e-10,2.24710824e-09,1.11912107e-04,1.56676949e-03,4.24451860e-05,6.36677790e-04,3.20263046e-04,5.12420873e-03,7.58116307e-07,1.28879772e-05,1.39589664e-16,2.51261395e-15,2.90121174e-05,4.93205995e-04,2.14847474e-09,3.86725454e-08,7.17691351e-05,1.43538270e-03
8.48648443e+01,1.04883661e-01,2.03376825e+04,2.07820991e-01,7.10154760e-01,7.10154760e-01,6.89445197e-02,2.75778079e-01,4.12201049e-07,4.94641259e-06,8.39704823e-09,1.09161627e-07,1.30574000e-05,1.69746200e-04,9.24959928e-05,1.29494390e-03,1.49748809e-10,2.24623214e-09,1.11908906e-04,1.56672469e-03,4.24794790e-05,6.37192186e-04,3.20235879e-04,5.12377406e-03,7.57617546e-07,1.28794983e-05,1.39347877e-16,2.50826178e-15,2.90308904e-05,4.93525137e-04,2.14813955e-09,3.86665118e-08,7.17694120e-05,1.43538824e-03
8.71874680e+01,1.05938444e-01,2.01938485e+04,2.23887298e-01,7.10143167e-01,7.10143167e-01,6.89459499e-02,2.75783799e-01,4.04568318e-07,4.85481982e-06,6.70008757e-09,8.71011385e-08,1.13833499e-05,1.47983549e-04,9.21542763e-05,1.29015987e-03,1.45025739e-10,2.17538609e-09,1.11590022e-04,1.56226031e-03,4.56156156e-05,6.84234233e-04,3.17758836e-04,5.08414138e-03,7.15592433e-07,1.21650714e-05,1.20414201e-16,2.16745561e-15,3.07570365e-05,5.22869620e-04,2.12559943e-09,3.82607897e-08,7.17955858e-05,1.43591172e-03
8.95368309e+01,1.07005371e-01,2.00483585e+04,2.42361089e-01,7.10130697e-01,7.10130697e-01,6.89474891e-02,2.75789957e-01,3.98550317e-07,4.78260381e-06,5.30024411e-09,6.89031735e-08,9.83690931e-06,1.27879821e-04,9.14698020e-05,1.28057723e-03,1.40865119e-10,2.11297678e-09,1.11175937e-04,1.55646312e-03,4.91133011e-05,7.36699516e-04,3.15005992e-04,5.04009588e-03,6.76235508e-07,1.14960036e-05,1.04899574e-16,1.88819233e-15,3.27030218e-05,5.55951370e-04,2.11725078e-09,3.81105140e-08,7.18267036e-05,1.43653407e-03
8.99338515e+01,1.07185671e-01,2.00237721e+04,2.45720662e-01,7.10128515e-01,7.10128515e-01,6.89477592e-02,2.75791037e-01,3.97683309e-07,4.77219971e-06,5.09193767e-09,6.61951897e-08,9.59138826e-06,1.24688047e-04,9.13195357e-05,1.27847350e-03,1.40214550e-10,2.10321826e-09,1.11096106e-04,1.55534548e-03,4.97375651e-05,7.46063477e-04,3.14514995e-04,5.03223992e-03,6.69918397e-07,1.13886128e-05,1.02585571e-16,1.84654028e-15,3.30525867e-05,5.61893974e-04,2.11733938e-09,3.81121088e-08,7.18324642e-05,1.43664928e-03
9.18861938e+01,1.08072297e-01,1.99028686e+04,2.63311004e-01,7.10117476e-01,7.10117476e-01,6.89491318e-02,2.75796527e-01,3.93965059e-07,4.72758070e-06,4.17459649e-09,5.42697544e-08,8.45406147e-06,1.09902799e-04,9.04321200e-05,1.26604968e-03,1.37205612e-10,2.05808417e-09,1.10660449e-04,1.54924629e-03,5.29497490e-05,7.94246235e-04,3.11987191e-04,4.99179505e-03,6.40215147e-07,1.08836575e-05,9.23158314e-17,1.66168496e-15,3.48619714e-05,5.92653513e-04,2.12410681e-09,3.82339225e-08,7.18630674e-05,1.43726135e-03
9.42355567e+01,1.09729004e-01,1.96884703e+04,2.87177336e-01,7.10103419e-01,7.10103419e-01,6.89508959e-02,2.75803583e-01,3.87080215e-07,4.64496258e-06,3.20996769e-09,4.17295799e-08,7.23688662e-06,9.40795261e-05,8.90070512e-05,1.24609872e-03,1.26806488e-10,1.90209731e-09,1.10051737e-04,1.54072431e-03,5.71650455e-05,8.57475683e-04,3.08663472e-04,4.93861555e-03,6.01023310e-07,1.02173963e-05,7.52818895e-17,1.35507401e-15,3.72669743e-05,6.33538563e-04,2.11203968e-09,3.80167142e-08,7.19057576e-05,1.43811515e-03
9.53056322e+01,1.11413043e-01,1.94822229e+04,3.00548607e-01,7.10096067e-01,7.10096067e-01,6.89517854e-02,2.75807142e-01,3.65160402e-07,4.38192482e-06,2.61153028e-09,3.39498936e-08,6.67908872e-06,8.68281533e-05,8.80166197e-05,1.23223268e-03,1.12928162e-10,1.69392243e-09,1.09822124e-04,1.53750974e-03,5.94600460e-05,8.91900690e-04,3.06874335e-04,4.90998935e-03,5.46560643e-07,9.29153093e-06,5.84477863e-17,1.05206015e-15,3.86148552e-05,6.56452538e-04,1.99363681e-09,3.58854626e-08,7.19314567e-05,1.43862913e-03
9.65849196e+01,1.13426330e-01,1.92356517e+04,3.20022093e-01,7.10086074e-01,7.10086074e-01,6.89529230e-02,2.75811692e-01,3.31211554e-07,3.97453865e-06,1.99751127e-09,2.59676465e-08,5.97081756e-06,7.76206283e-05,8.63428728e-05,1.20880022e-03,9.93502314e-11,1.49025347e-09,1.09620455e-04,1.53468638e-03,6.27124950e-05,9.40687426e-04,3.04365005e-04,4.86984007e-03,4.62014626e-07,7.85424865e-06,4.35698750e-17,7.84257749e-16,4.05725089e-05,6.89732651e-04,1.86121089e-09,3.35017960e-08,7.19713659e-05,1.43942732e-03
9.89342825e+01,1.17123655e-01,1.87828332e+04,3.68302088e-01,7.10064298e-01,7.10064298e-01,6.89551893e-02,2.75820757e-01,2.77486990e-07,3.32984388e-06,1.17327041e-09,1.52525153e-08,4.61511612e-06,5.99965096e-05,8.16039430e-05,1.14245520e-03,8.07883430e-11,1.21182515e-09,1.09375189e-04,1.53125265e-03,7.03379324e-05,1.05506899e-03,2.98520344e-04,4.77632550e-03,3.26282827e-07,5.54680806e-06,2.75855812e-17,4.96540461e-16,4.53157098e-05,7.70367066e-04,1.74119693e-09,3.13415448e-08,7.20781257e-05,1.44156251e-03
1.00998271e+02,1.25669605e-01,1.78500826e+04,4.44715623e-01,7.10037033e-01,7.10037033e-01,6.89575777e-02,2.75830311e-01,1.90522174e-07,2.28626609e-06,4.73167803e-10,6.15118144e-09,3.24089182e-06,4.21315937e-05,7.32737731e-05,1.02583282e-03,4.64358513e-11,6.96537770e-10,1.09490891e-04,1.53287248e-03,8.12782553e-05,1.21917383e-03,2.90429383e-04,4.64687013e-03,1.55310806e-07,2.64028371e-06,9.61222361e-18,1.73020025e-16,5.22992198e-05,8.89086737e-04,1.36141306e-09,2.45054351e-08,7.22678112e-05,1.44535622e-03
1.01283645e+02,1.27043824e-01,1.77016670e+04,4.62354402e-01,7.10031783e-01,7.10031783e-01,6.89579549e-02,2.75831820e-01,1.77285033e-07,2.12742040e-06,4.00885636e-10,5.21151326e-09,3.00550010e-06,3.90715013e-05,7.12928310e-05,9.98099634e-04,4.29523002e-11,6.44284503e-10,1.09565227e-04,1.53391317e-03,8.36204763e-05,1.25430714e-03,2.88772586e-04,4.62036137e-03,1.35186978e-07,2.29817863e-06,8.40529533e-18,1.51295316e-16,5.37850767e-05,9.14346304e-04,1.34009995e-09,2.41217992e-08,7.23135237e-05,1.44627047e-03
1.03633008e+02,2.87967699e-01,7.26697374e+03,1.43114052e+00,7.09507609e-01,7.09507609e-01,6.89672379e-02,2.75868952e-01,9.42929333e-10,1.13151520e-08,2.02712354e-15,2.63526061e-14,3.86611718e-09,5.02595234e-08,1.91365012e-09,2.67911017e-08,5.42028599e-14,8.13042898e-13,1.11758297e-04,1.56461615e-03,1.59944565e-04,2.39916848e-03,2.25094740e-05,3.60151584e-04,4.73587711e-10,8.05099109e-09,1.60103821e-20,2.88186877e-19,2.83441355e-04,4.81850303e-03,4.65714231e-10,8.38285616e-09,6.46036726e-05,1.29207345e-03
1.05982371e+02,4.06035454e-01,7.86403993e+02,3.19299200e+00,7.08412700e-01,7.08412700e-01,6.91739396e-02,2.76695758e-01,8.76048250e-10,1.05125790e-08,1.02252642e-15,1.32928435e-14,3.27116465e-09,4.25251405e-08,3.83991014e-10,5.37587419e-09,7.38966145e-14,1.10844922e-12,1.12737191e-04,1.57832067e-03,3.59970175e-04,5.39955263e-03,2.66156019e-10,4.25849631e-09,1.54713535e-15,2.63013010e-14,6.11979829e-20,1.10156369e-18,2.46876640e-09,4.19690288e-08,6.79087231e-10,1.22235702e-08,1.79398353e-08,3.58796706e-07
1.07030934e+02,3.85455052e-01,5.27274911e+02,3.57699060e+00,7.08230240e-01,7.08230240e-01,6.92262257e-02,2.76904903e-01,2.32563917e-09,2.79076701e-08,6.78110860e-15,8.81544118e-14,9.22369370e-09,1.19908018e-07,7.93987514e-10,1.11158252e-08,1.80637349e-13,2.70956024e-12,1.13858949e-04,1.59402528e-03,4.07275229e-04,6.10912843e-03,3.31504267e-10,5.30406827e-09,3.73392625e-15,6.34767463e-14,1.65886337e-19,2.98595407e-18,2.30077125e-09,3.91131113e-08,1.03271133e-09,1.85888039e-08,3.87918096e-08,7.75836192e-07
1.08331734e+02,3.56584557e-01,3.43451022e+02,3.83181410e+00,7.08071101e-01,7.08071101e-01,6.92684147e-02,2.77073659e-01,7.80344778e-09,9.36413734e-08,7.06595546e-14,9.18574210e-13,3.25531102e-08,4.23190432e-07,2.06542515e-09,2.89159521e-08,5.40025744e-13,8.10038617e-12,1.15518308e-04,1.61725631e-03,4.42652594e-04,6.63978892e-03,5.82319055e-10,9.31710489e-09,1.72569926e-14,2.93368874e-13,6.03607450e-19,1.08649341e-17,3.10253646e-09,5.27431199e-08,1.87853041e-09,3.38135474e-08,1.18499183e-07,2.36998365e-06
1.10681097e+02,3.11364548e-01,1.86159753e+02,3.97056043e+00,7.07921342e-01,7.07921342e-01,6.93096961e-02,2.77238784e-01,5.26538308e-08,6.31845970e-07,2.38475700e-12,3.10018409e-11,2.09254911e-07,2.72031385e-06,1.07772893e-08,1.50882050e-07,3.17688561e-12,4.76532841e-11,1.18729686e-04,1.66221561e-03,4.71466184e-04,7.07199276e-03,1.63246355e-09,2.61194167e-08,1.71292459e-13,2.91197181e-12,4.75188498e-18,8.55339296e-17,4.83891351e-09,8.22615296e-08,4.87686002e-09,8.77834804e-08,5.79509524e-07,1.15901905e-05
1.13030460e+02,2.75283201e-01,1.14573868e+02,3.94906118e+00,7.07855041e-01,7.07855041e-01,6.93301159e-02,2.77320463e-01,2.51129392e-07,3.01355271e-06,3.68059436e-11,4.78477267e-10,8.33455482e-07,1.08349213e-05,5.13631626e-08,7.19084276e-07,1.54986341e-11,2.32479512e-10,1.21495895e-04,1.70094253e-03,4.79997544e-04,7.19996316e-03,3.64825150e-09,5.83720240e-08,8.86404447e-13,1.50688756e-11,2.85823619e-17,5.14482514e-16,6.04698569e-09,1.02798757e-07,1.07000591e-08,1.92601065e-07,1.49541126e-06,2.99082252e-05
1.13423929e+02,2.70029807e-01,1.06629715e+02,3.94080377e+00,7.07847345e-01,7.07847345e-01,6.93325581e-02,2.77330232e-01,3.15318111e-07,3.78381734e-06,5.45306218e-11,7.08898083e-10,1.00754704e-06,1.30981115e-05,6.59724141e-08,9.23613797e-07,1.98810017e-11,2.98215026e-10,1.21860594e-04,1.70604831e-03,4.80488651e-04,7.20732977e-03,4.07116949e-09,6.51387118e-08,1.11861878e-12,1.90165193e-11,3.76258089e-17,6.77264560e-16,6.18593501e-09,1.05160895e-07,1.19877803e-08,2.15780046e-07,1.68249345e-06,3.36498689e-05
1.15379823e+02,2.46455140e-01,7.65762723e+01,3.89990026e+00,7.07816382e-01,7.07816382e-01,6.93425679e-02,2.77370272e-01,8.62376557e-07,1.03485187e-05,3.08270142e-10,4.00751185e-09,2.23308974e-06,2.90301666e-05,2.16680642e-07,3.03352899e-06,6.53589909e-11,9.80384864e-10,1.23074158e-04,1.72303822e-03,4.80821910e-04,7.21232865e-03,6.43189788e-09,1.02910366e-07,3.21382407e-12,5.46350092e-11,1.36737988e-16,2.46128379e-15,6.65040747e-09,1.13056927e-07,1.98517955e-08,3.57332319e-07,2.69733171e-06,5.39466343e-05
1.17729186e+02,2.23644623e-01,5.48004216e+01,3.86120665e+00,7.07789204e-01,7.07789204e-01,6.93520203e-02,2.77408081e-01,2.19383858e-06,2.63260630e-05,1.53676409e-09,1.99779332e-08,4.33472627e-06,5.63514415e-05,7.26655089e-07,1.01731712e-05,2.34893691e-10,3.52340537e-09,1.23192838e-04,1.72469973e-03,4.78478537e-04,7.17717805e-03,9.58738642e-09,1.53398183e-07,9.47063087e-12,1.61000725e-10,4.97916797e-16,8.96250234e-15,6.86447850e-09,1.16696135e-07,3.00111314e-08,5.40200365e-07,3.97157936e-06,7.94315872e-05
1.20078549e+02,2.05556796e-01,4.13687516e+01,3.82800040e+00,7.07769062e-01,7.07769062e-01,6.93601649e-02,2.77440660e-01,4.42892671e-06,5.31471205e-05,5.10428530e-09,6.63557089e-08,6.68094911e-06,8.68523384e-05,1.83028365e-06,2.56239711e-05,7.20588355e-10,1.08088253e-08,1.22125388e-04,1.70975544e-03,4.74501642e-04,7.11752463e-03,1.28252487e-08,2.05203979e-07,2.38998581e-11,4.06297588e-10,1.38642782e-15,2.49557008e-14,6.88115544e-09,1.16979642e-07,3.71697744e-08,6.69055939e-07,5.09701398e-06,1.01940280e-04
1.20198781e+02,2.04738300e-01,4.08308830e+01,3.82622589e+00,7.07768181e-01,7.07768181e-01,6.93605584e-02,2.77442233e-01,4.56785561e-06,5.48142674e-05,5.37942601e-09,6.99325381e-08,6.79891538e-06,8.83859000e-05,1.90450012e-06,2.66630016e-05,7.59903144e-10,1.13985472e-08,1.22047392e-04,1.70866349e-03,4.74267180e-04,7.11400769e-03,1.29897837e-08,2.07836539e-07,2.49578970e-11,4.24284249e-10,1.45083741e-15,2.61150733e-14,6.87893127e-09,1.16941832e-07,3.73906145e-08,6.73031062e-07,5.14715262e-06,1.02943052e-04
1.22427912e+02,1.90828624e-01,3.24225846e+01,3.79024008e+00,7.07753978e-01,7.07753978e-01,6.93675337e-02,2.77470135e-01,7.54895406e-06,9.05874487e-05,1.25883081e-08,1.63648006e-07,8.84771657e-06,1.15020315e-04,3.55918167e-06,4.98285434e-05,1.94448816e-09,2.91673224e-08,1.20319074e-04,1.68446703e-03,4.69526383e-04,7.04289575e-03,1.59758595e-08,2.55613752e-07,5.24937453e-11,8.92393670e-10,3.13847878e-15,5.64926180e-14,6.80511371e-09,1.15686933e-07,3.94609743e-08,7.10297538e-07,5.91804349e-06,1.18360870e-04
1.24777275e+02,1.78835548e-01,2.63109968e+01,3.74628769e+00,7.07742406e-01,7.07742406e-01,6.93743631e-02,2.77497452e-01,1.14256281e-05,1.37107537e-04,2.50920079e-08,3.26196102e-07,1.06294294e-05,1.38182583e-04,5.73984387e-06,8.03578142e-05,4.61841733e-09,6.92762599e-08,1.18110420e-04,1.65354588e-03,4.63974100e-04,6.95961149e-03,1.89245298e-08,3.02792477e-07,1.00928028e-10,1.71577647e-09,6.03953093e-15,1.08711557e-13,6.68549114e-09,1.13653349e-07,3.78517578e-08,6.81331640e-07,6.42354392e-06,1.28470878e-04
1.27126637e+02,1.68143167e-01,2.16572670e+01,3.69870341e+00,7.07733066e-01,7.07733066e-01,6.93808263e-02,2.77523305e-01,1.58865627e-05,1.90638753e-04,4.30698723e-08,5.59908340e-07,1.19897019e-05,1.55866125e-04,8.16088502e-06,1.14252390e-04,1.04668601e-08,1.57002901e-07,1.15708685e-04,1.61992159e-03,4.58146335e-04,6.87219503e-03,2.15626121e-08,3.45001794e-07,1.73471986e-10,2.94902376e-09,1.11839763e-14,2.01311574e-13,6.54575702e-09,1.11277869e-07,3.50360382e-08,6.30648688e-07,6.69985809e-06,1.33997162e-04
1.27378296e+02,1.67095972e-01,2.12383886e+01,3.69349937e+00,7.07732159e-01,7.07732159e-01,6.93815023e-02,2.77526009e-01,1.63927330e-05,1.96712795e-04,4.53167224e-08,5.89117391e-07,1.21114865e-05,1.57449324e-04,8.42791346e-06,1.17990788e-04,1.13681497e-08,1.70522246e-07,1.15445213e-04,1.61623299e-03,4.57513948e-04,6.86270922e-03,2.18250849e-08,3.49201358e-07,1.82702398e-10,3.10594077e-09,1.19140793e-14,2.14453428e-13,6.53012200e-09,1.11012074e-07,3.47270859e-08,6.25087546e-07,6.71979883e-06,1.34395977e-04
1.29476000e+02,1.58718924e-01,1.80469389e+01,3.64988959e+00,7.07725111e-01,7.07725111e-01,6.93870437e-02,2.77548175e-01,2.07777858e-05,2.49333430e-04,6.63001022e-08,8.61901328e-07,1.29679749e-05,1.68583674e-04,1.06786129e-05,1.49500581e-04,2.24762688e-08,3.37144033e-07,1.13227173e-04,1.58518042e-03,4.52219961e-04,6.78329942e-03,2.38625268e-08,3.81800429e-07,2.69773201e-10,4.58614443e-09,2.04202591e-14,3.67564664e-13,6.39712125e-09,1.08751061e-07,3.23300409e-08,5.81940735e-07,6.83780205e-06,1.36756041e-04
1.31825363e+02,1.50066512e-01,1.51362991e+01,3.60123822e+00,7.07718026e-01,7.07718026e-01,6.93930857e-02,2.77572343e-01,2.59658760e-05,3.11590512e-04,9.41949286e-08,1.22453407e-06,1.36303287e-05,1.77194273e-04,1.32114067e-05,1.84959693e-04,4.71055637e-08,7.06583455e-07,1.10728152e-04,1.55019412e-03,4.46288769e-04,6.69433153e-03,2.58553884e-08,4.13686214e-07,3.86422467e-10,6.56918193e-09,3.83958610e-14,6.91125499e-13,6.24539872e-09,1.06171778e-07,3.03603965e-08,5.46487136e-07,6.90159259e-06,1.38031852e-04
1.34174726e+02,1.42157835e-01,1.28029254e+01,3.55340503e+00,7.07711492e-01,7.07711492e-01,6.93989854e-02,2.77595942e-01,3.13198437e-05,3.75838124e-04,1.25762511e-07,1.63491264e-06,1.40618981e-05,1.82804675e-04,1.57173582e-05,2.20043015e-04,9.57967169e-08,1.43695075e-06,1.08247032e-04,1.51545844e-03,4.40399890e-04,6.60599835e-03,2.76405600e-08,4.42248960e-07,5.16623568e-10,8.78260065e-09,7.38726295e-14,1.32970733e-12,6.09385533e-09,1.03595541e-07,2.90353124e-08,5.22635623e-07,6.93020392e-06,1.38604078e-04
1.34986647e+02,1.39526929e-01,1.20827943e+01,3.53712913e+00,7.07709330e-01,7.07709330e-01,6.94009915e-02,2.77603966e-01,3.31890471e-05,3.98268565e-04,1.37363866e-07,1.78573026e-06,1.41695735e-05,1.84204455e-04,1.65735699e-05,2.32029979e-04,1.22267464e-07,1.83401196e-06,1.07397276e-04,1.50356187e-03,4.38378625e-04,6.57567938e-03,2.82248584e-08,4.51597734e-07,5.63682827e-10,9.58260805e-09,9.35976727e-14,1.68475811e-12,6.04185192e-09,1.02711483e-07,2.87061090e-08,5.16709962e-07,6.93570252e-06,1.38714050e-04
1.36524089e+02,1.34671956e-01,1.08229891e+01,3.50673829e+00,7.07705354e-01,7.07705354e-01,6.94047393e-02,2.77618957e-01,3.67326006e-05,4.40791207e-04,1.60125386e-07,2.08163002e-06,1.43272554e-05,1.86254320e-04,1.81789502e-05,2.54505303e-04,1.93959893e-07,2.90939839e-06,1.05801541e-04,1.48122157e-03,4.34573174e-04,6.51859761e-03,2.92998357e-08,4.68797371e-07,6.54573835e-10,1.11277552e-08,1.48753634e-13,2.67756542e-12,5.94413358e-09,1.01050271e-07,2.82276973e-08,5.08098552e-07,6.94251905e-06,1.38850381e-04
1.38873452e+02,1.27636154e-01,9.16696712e+00,3.46160606e+00,7.07699553e-01,7.07699553e-01,6.94103118e-02,2.77641247e-01,4.20978500e-05,5.05174200e-04,1.96492437e-07,2.55440168e-06,1.44776275e-05,1.88209158e-04,2.05893965e-05,2.88251550e-04,3.88018837e-07,5.82028255e-06,1.03400675e-04,1.44760945e-03,4.28816764e-04,6.43225146e-03,3.08856005e-08,4.94169608e-07,7.95676847e-10,1.35265064e-08,3.09369698e-13,5.56865457e-12,5.79708640e-09,9.85504687e-08,2.77697333e-08,4.99855199e-07,6.94759382e-06,1.38951876e-04
1.41222815e+02,1.21082726e-01,7.79055350e+00,3.41856620e+00,7.07694096e-01,7.07694096e-01,6.94156334e-02,2.77662534e-01,4.72950341e-05,5.67540410e-04,2.34176382e-07,3.04429296e-06,1.45540606e-05,1.89202788e-04,2.29466618e-05,3.21253265e-04,7.53218213e-07,1.12982732e-05,1.01048859e-04,1.41468402e-03,4.23133676e-04,6.34700515e-03,3.24144534e-08,5.18631254e-07,9.36740464e-10,1.59245879e-08,6.48175061e-13,1.16671511e-11,5.65315395e-09,9.61036172e-08,2.75159671e-08,4.95287407e-07,6.94965191e-06,1.38993038e-04
1.43049447e+02,1.16198835e-01,6.87378789e+00,3.38718329e+00,7.07690146e-01,7.07690146e-01,6.94195172e-02,2.77678069e-01,5.11185929e-05,6.13423114e-04,2.64068840e-07,3.43289492e-06,1.45800794e-05,1.89541032e-04,2.47426787e-05,3.46397502e-04,1.23777149e-06,1.85665723e-05,9.92553246e-05,1.38957454e-03,4.18766193e-04,6.28149290e-03,3.35510190e-08,5.36816305e-07,1.04524369e-09,1.77691427e-08,1.15302574e-12,2.07544634e-11,5.54352182e-09,9.42398710e-08,2.74019510e-08,4.93235118e-07,6.95034541e-06,1.39006908e-04
1.43572178e+02,1.14881756e-01,6.63407961e+00,3.37861355e+00,7.07689071e-01,7.07689071e-01,6.94205782e-02,2.77682313e-01,5.21664830e-05,6.25997796e-04,2.72690626e-07,3.54497814e-06,1.45836427e-05,1.89587356e-04,2.52507796e-05,3.53510914e-04,1.41852226e-06,2.12778339e-05,9.87477427e-05,1.38246840e-03,4.17524565e-04,6.26286848e-03,3.38654569e-08,5.41847311e-07,1.07602680e-09,1.82924555e-08,1.35327710e-12,2.43589877e-11,5.51252066e-09,9.37128513e-08,2.73782053e-08,4.92807696e-07,6.95046660e-06,1.39009332e-04
1.45921541e+02,1.09123337e-01,5.66486457e+00,3.34291762e+00,7.07684604e-01,7.07684604e-01,6.94249988e-02,2.77699995e-01,5.65445960e-05,6.78535152e-04,3.11692403e-07,4.05200124e-06,1.45844699e-05,1.89598108e-04,2.75025384e-05,3.85035537e-04,2.53311715e-06,3.79967573e-05,9.64976103e-05,1.35096654e-03,4.11989165e-04,6.17983748e-03,3.51971131e-08,5.63153809e-07,1.21266364e-09,2.06152818e-08,2.70118483e-12,4.86213269e-11,5.37524348e-09,9.13791391e-08,2.73033956e-08,4.91461120e-07,6.95078230e-06,1.39015646e-04
1.48270904e+02,1.03732624e-01,4.86399517e+00,3.31263142e+00,7.07680825e-01,7.07680825e-01,6.94287508e-02,2.77715003e-01,6.02721714e-05,7.23266057e-04,3.50952352e-07,4.56238057e-06,1.45682180e-05,1.89386835e-04,2.97029899e-05,4.15841858e-04,4.24287452e-06,6.36431178e-05,9.42980391e-05,1.32017255e-03,4.06526830e-04,6.09790245e-03,3.63592779e-08,5.81748446e-07,1.34627134e-09,2.28866128e-08,5.00711874e-12,9.01281374e-11,5.24131205e-09,8.91023048e-08,2.72615210e-08,4.90707378e-07,6.95090324e-06,1.39018065e-04
1.50620267e+02,9.88443605e-02,4.19875336e+00,3.28825639e+00,7.07677789e-01,7.07677789e-01,6.94317711e-02,2.77727084e-01,6.32784796e-05,7.59341756e-04,3.90324870e-07,5.07422332e-06,1.45420653e-05,1.89046849e-04,3.18532618e-05,4.45945665e-04,6.61200719e-06,9.91801078e-05,9.21482485e-05,1.29007548e-03,4.01136751e-04,6.01705127e-03,3.73211484e-08,5.97138374e-07,1.47672319e-09,2.51042943e-08,8.43504704e-12,1.51830847e-10,5.11068071e-09,8.68815721e-08,2.72365804e-08,4.90258448e-07,6.95094937e-06,1.39018987e-04
1.51593841e+02,9.69231798e-02,3.95641355e+00,3.27985182e+00,7.07676743e-01,7.07676743e-01,6.94328125e-02,2.77731250e-01,6.43160951e-05,7.71793141e-04,4.06651251e-07,5.28646626e-06,1.45294134e-05,1.88882374e-04,3.27298958e-05,4.58218541e-04,7.78293105e-06,1.16743966e-04,9.12717448e-05,1.27780443e-03,3.98924076e-04,5.98386113e-03,3.76593538e-08,6.02549661e-07,1.52985266e-09,2.60074951e-08,1.01762587e-11,1.83172657e-10,5.05749979e-09,8.59774964e-08,2.72290729e-08,4.90123312e-07,6.95095881e-06,1.39019176e-04
1.52969629e+02,9.43066778e-02,3.64062254e+00,3.26961077e+00,7.07675469e-01,7.07675469e-01,6.94340817e-02,2.77736327e-01,6.55810596e-05,7.86972715e-04,4.29720973e-07,5.58637265e-06,1.45102859e-05,1.88633716e-04,3.39544893e-05,4.75362850e-04,9.61949965e-06,1.44292495e-04,9.00472894e-05,1.26066205e-03,3.95818051e-04,5.93727077e-03,3.80769216e-08,6.09230746e-07,1.60400828e-09,2.72681407e-08,1.29312156e-11,2.32761880e-10,4.98328643e-09,8.47158692e-08,2.72202861e-08,4.89965150e-07,6.95096710e-06,1.39019342e-04
1.55318992e+02,9.01002440e-02,3.17359526e+00,3.25608923e+00,7.07673788e-01,7.07673788e-01,6.94357574e-02,2.77743030e-01,6.72521839e-05,8.07026206e-04,4.69088873e-07,6.09815535e-06,1.44752892e-05,1.88178760e-04,3.60077911e-05,5.04109075e-04,1.31915243e-05,1.97872864e-04,8.79941390e-05,1.23191795e-03,3.90569825e-04,5.85854737e-03,3.86393332e-08,6.18229331e-07,1.72816631e-09,2.93788273e-08,1.82946315e-11,3.29303368e-10,4.85905800e-09,8.26039859e-08,2.72085155e-08,4.89753280e-07,6.95097384e-06,1.39019477e-04
1.57668355e+02,8.61817760e-02,2.77581936e+00,3.24670820e+00,7.07672622e-01,7.07672622e-01,6.94369200e-02,2.77747680e-01,6.84121809e-05,8.20946171e-04,5.08397297e-07,6.60916486e-06,1.44384859e-05,1.87700317e-04,3.80142627e-05,5.32199678e-04,1.72072057e-05,2.58108086e-04,8.59877538e-05,1.20382855e-03,3.85391158e-04,5.78086738e-03,3.90392115e-08,6.24627383e-07,1.84925607e-09,3.14373532e-08,2.42554209e-11,4.36597576e-10,4.73792141e-09,8.05446640e-08,2.71991157e-08,4.89584083e-07,6.95097638e-06,1.39019528e-04
1.60017718e+02,8.25200982e-02,2.43429888e+00,3.24041549e+00,7.07671840e-01,7.07671840e-01,6.94376999e-02,2.77750800e-01,6.91905675e-05,8.30286810e-04,5.47627452e-07,7.11915688e-06,1.44006948e-05,1.87209032e-04,3.99749750e-05,5.59649650e-04,2.15370735e-05,3.23056102e-04,8.40270914e-05,1.17637928e-03,3.80281143e-04,5.70421714e-03,3.93136588e-08,6.29018541e-07,1.96734380e-09,3.34448446e-08,3.05777369e-11,5.50399265e-10,4.61980215e-09,7.85366365e-08,2.71909614e-08,4.89437305e-07,6.95097733e-06,1.39019547e-04
1.60648595e+02,8.15792560e-02,2.35235456e+00,3.23913085e+00,7.07671681e-01,7.07671681e-01,6.94378591e-02,2.77751436e-01,6.93495002e-05,8.32194002e-04,5.58147078e-07,7.25591201e-06,1.43904442e-05,1.87075774e-04,4.04938286e-05,5.66913600e-04,2.27384276e-05,3.41076415e-04,8.35082472e-05,1.16911546e-03,3.78920521e-04,5.68380781e-03,3.93704990e-08,6.29927984e-07,1.99855156e-09,3.39753766e-08,3.23145299e-11,5.81661539e-10,4.58858783e-09,7.80059931e-08,2.71889006e-08,4.89400211e-07,6.95097746e-06,1.39019549e-04
1.62367081e+02,7.90896605e-02,2.14298134e+00,3.23631198e+00,7.07671331e-01,7.07671331e-01,6.94382085e-02,2.77752834e-01,6.96982773e-05,8.36379328e-04,5.86768242e-07,7.62798715e-06,1.43623821e-05,1.86710967e-04,4.18909737e-05,5.86473632e-04,2.60705935e-05,3.91058902e-04,8.21111218e-05,1.14955570e-03,3.75238874e-04,5.62858311e-03,3.94964643e-08,6.31943429e-07,2.08249843e-09,3.54024733e-08,3.70999095e-11,6.67798370e-10,4.50462630e-09,7.65786470e-08,2.71834687e-08,4.89302437e-07,6.95097768e-06,1.39019554e-04
1.64716444e+02,7.58857539e-02,1.89217090e+00,3.23369192e+00,7.07671005e-01,7.07671005e-01,6.94385332e-02,2.77754133e-01,7.00225016e-05,8.40270019e-04,6.25813082e-07,8.13557006e-06,1.43238154e-05,1.86209600e-04,4.37632802e-05,6.12685922e-04,3.07211720e-05,4.60817581e-04,8.02388324e-05,1.12334365e-03,3.70263457e-04,5.55395186e-03,3.96154678e-08,6.33847485e-07,2.19478939e-09,3.73114196e-08,4.37240980e-11,7.87033764e-10,4.39232116e-09,7.46694597e-08,2.71763301e-08,4.89173942e-07,6.95097781e-06,1.39019556e-04
1.67065807e+02,7.28756030e-02,1.67451269e+00,3.23204108e+00,7.07670800e-01,7.07670800e-01,6.94387378e-02,2.77754951e-01,7.02268119e-05,8.42721743e-04,6.64758094e-07,8.64185522e-06,1.42851481e-05,1.85706925e-04,4.55928918e-05,6.38300486e-04,3.54259464e-05,5.31389196e-04,7.84092310e-05,1.09772923e-03,3.65354009e-04,5.48031013e-03,3.96917639e-08,6.35068223e-07,2.30428561e-09,3.91728554e-08,5.03968085e-11,9.07142554e-10,4.28281553e-09,7.28078640e-08,2.71693823e-08,4.89048881e-07,6.95097786e-06,1.39019557e-04
1.69415170e+02,7.00380820e-02,1.48626739e+00,3.23101403e+00,7.07670673e-01,7.07670673e-01,6.94388651e-02,2.77755460e-01,7.03539329e-05,8.44247195e-04,7.03601078e-07,9.14681401e-06,1.42464669e-05,1.85204070e-04,4.73807831e-05,6.63330963e-04,4.01429634e-05,6.02144451e-04,7.66213458e-05,1.07269884e-03,3.60509655e-04,5.40764482e-03,3.97399734e-08,6.35839575e-07,2.41105518e-09,4.09879380e-08,5.70912744e-11,1.02764294e-09,4.17603980e-09,7.09926766e-08,2.71625392e-08,4.88925705e-07,6.95097788e-06,1.39019558e-04
1.70244192e+02,6.90757403e-02,1.42587554e+00,3.23075443e+00,7.07670641e-01,7.07670641e-01,6.94388973e-02,2.77755589e-01,7.03860664e-05,8.44632797e-04,7.17283043e-07,9.32467956e-06,1.42328243e-05,1.85026716e-04,4.80018989e-05,6.72026585e-04,4.18048340e-05,6.27072509e-04,7.60002315e-05,1.06400324e-03,3.58815598e-04,5.38223396e-03,3.97522813e-08,6.36036501e-07,2.44809280e-09,4.16175777e-08,5.94560725e-11,1.07020930e-09,4.13900055e-09,7.03630094e-08,2.71601399e-08,4.88882519e-07,6.95097788e-06,1.39019558e-04
1.71764533e+02,6.73593863e-02,1.32184426e+00,3.23038059e+00,7.07670594e-01,7.07670594e-01,6.94389436e-02,2.77755774e-01,7.04323403e-05,8.45188083e-04,7.42340802e-07,9.65043043e-06,1.42078219e-05,1.84701685e-04,4.91279058e-05,6.87790681e-04,4.48445496e-05,6.72668244e-04,7.48742267e-05,1.04823917e-03,3.55729533e-04,5.33594299e-03,3.97701168e-08,6.36321869e-07,2.51516497e-09,4.27578045e-08,6.37945891e-11,1.14830260e-09,4.07192600e-09,6.92227421e-08,2.71557543e-08,4.88803578e-07,6.95097788e-06,1.39019558e-04
1.74113896e+02,6.48161729e-02,1.17703912e+00,3.22999311e+00,7.07670546e-01,7.07670546e-01,6.94389916e-02,2.77755967e-01,7.04803055e-05,8.45763666e-04,7.80976633e-07,1.01526962e-05,1.41692416e-05,1.84200141e-04,5.08351899e-05,7.11692659e-04,4.95132492e-05,7.42698738e-04,7.31669448e-05,1.02433723e-03,3.51012792e-04,5.26519187e-03,3.97887787e-08,6.36620459e-07,2.61668058e-09,4.44835699e-08,7.05008334e-11,1.26901500e-09,3.97040784e-09,6.74969332e-08,2.71490026e-08,4.88682048e-07,6.95097789e-06,1.39019558e-04
1.76463259e+02,6.24153320e-02,1.05076660e+00,3.22975736e+00,7.07670517e-01,7.07670517e-01,6.94390209e-02,2.77756083e-01,7.05094886e-05,8.46113863e-04,8.19508289e-07,1.06536078e-05,1.41307426e-05,1.83699654e-04,5.25035441e-05,7.35049618e-04,5.41382212e-05,8.12073318e-04,7.14985920e-05,1.00098029e-03,3.46358591e-04,5.19537887e-03,3.98002516e-08,6.36804025e-07,2.71566619e-09,4.61663252e-08,7.72073716e-11,1.38973269e-09,3.87142061e-09,6.58141504e-08,2.71422703e-08,4.88560866e-07,6.95097789e-06,1.39019558e-04
1.78812621e+02,6.01337662e-02,9.39306490e-01,3.22961464e+00,7.07670499e-01,7.07670499e-01,6.94390385e-02,2.77756154e-01,7.05271564e-05,8.46325876e-04,8.57935710e-07,1.11531642e-05,1.40923345e-05,1.83200348e-04,5.41338562e-05,7.57873987e-04,5.87130155e-05,8.80695232e-04,6.98682807e-05,9.78155930e-04,3.41766102e-04,5.12649153e-03,3.98072603e-08,6.36916164e-07,2.81218454e-09,4.78071372e-08,8.39130704e-11,1.51043527e-09,3.77490125e-09,6.41733212e-08,2.71355497e-08,4.88439895e-07,6.95097789e-06,1.39019558e-04
1.80412938e+02,5.86408552e-02,8.70704665e-01,3.22955149e+00,7.07670491e-01,7.07670491e-01,6.94390464e-02,2.77756185e-01,7.05349748e-05,8.46419697e-04,8.84051686e-07,1.14926719e-05,1.40662269e-05,1.82860950e-04,5.52230392e-05,7.73122549e-04,6.17985375e-05,9.26978063e-04,6.87790981e-05,9.62907373e-04,3.38672750e-04,5.08009124e-03,3.98103830e-08,6.36966129e-07,2.87654872e-09,4.89013283e-08,8.84800565e-11,1.59264102e-09,3.71053661e-09,6.30791224e-08,2.71309763e-08,4.88357573e-07,6.95097789e-06,1.39019558e-04
1.81161984e+02,5.79602142e-02,8.40611157e-01,3.22952863e+00,7.07670488e-01,7.07670488e-01,6.94390492e-02,2.77756197e-01,7.05378044e-05,8.46453653e-04,8.96258968e-07,1.16513666e-05,1.40540226e-05,1.82702294e-04,5.57269937e-05,7.80177912e-04,6.32339471e-05,9.48509206e-04,6.82751438e-05,9.55852013e-04,3.37234506e-04,5.05851759e-03,3.98115174e-08,6.36984278e-07,2.90629695e-09,4.94070481e-08,9.06174531e-11,1.63111416e-09,3.68078822e-09,6.25733997e-08,2.71288366e-08,4.88319059e-07,6.95097789e-06,1.39019558e-04
1.83511347e+02,5.58886639e-02,7.52944418e-01,3.22947700e+00,7.07670482e-01,7.07670482e-01,6.94390556e-02,2.77756222e-01,7.05441967e-05,8.46530361e-04,9.34478216e-07,1.21482168e-05,1.40158101e-05,1.82205531e-04,5.72838043e-05,8.01973261e-04,6.76990550e-05,1.01548582e-03,6.67183334e-05,9.34056668e-04,3.32762996e-04,4.99144494e-03,3.98140904e-08,6.37025447e-07,2.99806324e-09,5.09670751e-08,9.73203222e-11,1.75176580e-09,3.58902154e-09,6.10133663e-08,2.71221285e-08,4.88198313e-07,6.95097789e-06,1.39019558e-04
1.85860710e+02,5.39036029e-02,6.75264678e-01,3.22944613e+00,7.07670478e-01,7.07670478e-01,6.94390594e-02,2.77756238e-01,7.05480181e-05,8.46576217e-04,9.72593657e-07,1.26437175e-05,1.39776986e-05,1.81710082e-04,5.88051165e-05,8.23271631e-04,7.21074485e-05,1.08161173e-03,6.51970214e-05,9.12758300e-04,3.28350776e-04,4.92526164e-03,3.98156377e-08,6.37050204e-07,3.08754184e-09,5.24882112e-08,1.04021596e-10,1.87238873e-09,3.49954272e-09,5.94922263e-08,2.71154240e-08,4.88077633e-07,6.95097789e-06,1.39019558e-04
1.88210073e+02,5.20301700e-02,6.06857335e-01,3.22942773e+00,7.07670476e-01,7.07670476e-01,6.94390617e-02,2.77756247e-01,7.05502960e-05,8.46603552e-04,1.01060552e-06,1.31378718e-05,1.39396891e-05,1.81215959e-04,6.02917396e-05,8.44084355e-04,7.64588846e-05,1.14688327e-03,6.37103984e-05,8.91945578e-04,3.23997058e-04,4.85995587e-03,3.98165649e-08,6.37065038e-07,3.17478970e-09,5.39714249e-08,1.10721242e-10,1.99298235e-09,3.41229472e-09,5.80090103e-08,2.71087225e-08,4.87957004e-07,6.95097789e-06,1.39019558e-04
1.90559436e+02,5.02326850e-02,5.45977385e-01,3.22941678e+00,7.07670474e-01,7.07670474e-01,6.94390631e-02,2.77756252e-01,7.05516508e-05,8.46619809e-04,1.04851407e-06,1.36306829e-05,1.39017820e-05,1.80723166e-04,6.17444648e-05,8.64422507e-04,8.07535178e-05,1.21130277e-03,6.22576734e-05,8.71607427e-04,3.19701068e-04,4.79551602e-03,3.98171189e-08,6.37073902e-07,3.25986242e-09,5.54176612e-08,1.17419244e-10,2.11354639e-09,3.32722192e-09,5.65627727e-08,2.71020233e-08,4.87836419e-07,6.95097789e-06,1.39019558e-04
1.91189067e+02,4.97692928e-02,5.31004022e-01,3.22941470e+00,7.07670474e-01,7.07670474e-01,6.94390633e-02,2.77756253e-01,7.05519091e-05,8.46622909e-04,1.05865606e-06,1.37625287e-05,1.38916403e-05,1.80591324e-04,6.21281360e-05,8.69793904e-04,8.18948771e-05,1.22842316e-03,6.18740021e-05,8.66236029e-04,3.18559450e-04,4.77839175e-03,3.98172248e-08,6.37075597e-07,3.28229938e-09,5.57990894e-08,1.19214033e-10,2.14585260e-09,3.30478495e-09,5.61813442e-08,2.71002282e-08,4.87804108e-07,6.95097789e-06,1.39019558e-04
1.92908799e+02,4.85206181e-02,4.91689284e-01,3.22941029e+00,7.07670474e-01,7.07670474e-01,6.94390639e-02,2.77756255e-01,7.05524548e-05,8.46629458e-04,1.08631955e-06,1.41221541e-05,1.38639773e-05,1.80231706e-04,6.31640648e-05,8.84296907e-04,8.49917405e-05,1.27487611e-03,6.08380733e-05,8.51733027e-04,3.15462040e-04,4.73193061e-03,3.98174491e-08,6.37079186e-07,3.34281421e-09,5.68278415e-08,1.24115598e-10,2.23408076e-09,3.24427009e-09,5.51525916e-08,2.70953262e-08,4.87715871e-07,6.95097789e-06,1.39019558e-04
1.95258162e+02,4.68767647e-02,4.43278796e-01,3.22940645e+00,7.07670473e-01,7.07670473e-01,6.94390643e-02,2.77756257e-01,7.05529306e-05,8.46635167e-04,1.12402224e-06,1.46122891e-05,1.38262752e-05,1.79741577e-04,6.45512951e-05,9.03718132e-04,8.91740852e-05,1.33761128e-03,5.94508431e-05,8.32311803e-04,3.11279219e-04,4.66918829e-03,3.98176452e-08,6.37082324e-07,3.42369792e-09,5.82028646e-08,1.30810300e-10,2.35458541e-09,3.16338636e-09,5.37775681e-08,2.70886310e-08,4.87595358e-07,6.95097789e-06,1.39019558e-04
1.97607525e+02,4.53093295e-02,4.00046385e-01,3.22940418e+00,7.07670473e-01,7.07670473e-01,6.94390646e-02,2.77756259e-01,7.05532114e-05,8.46638536e-04,1.16162240e-06,1.51010913e-05,1.37886753e-05,1.79252779e-04,6.59068938e-05,9.22696513e-04,9.33011637e-05,1.39951746e-03,5.80952444e-05,8.13333422e-04,3.07151859e-04,4.60727789e-03,3.98177614e-08,6.37084182e-07,3.50256510e-09,5.95436068e-08,1.37503351e-10,2.47506031e-09,3.08451916e-09,5.24368257e-08,2.70819376e-08,4.87474877e-07,6.95097789e-06,1.39019558e-04
1.99956888e+02,4.38120075e-02,3.61382667e-01,3.22940284e+00,7.07670473e-01,7.07670473e-01,6.94390648e-02,2.77756259e-01,7.05533772e-05,8.46640526e-04,1.19912033e-06,1.55885643e-05,1.37511775e-05,1.78765308e-04,6.72315820e-05,9.41242149e-04,9.73736313e-05,1.46060447e-03,5.67705562e-05,7.94787786e-04,3.03079226e-04,4.54618839e-03,3.98178302e-08,6.37085283e-07,3.57946604e-09,6.08509227e-08,1.44194748e-10,2.59550546e-09,3.00761821e-09,5.11295096e-08,2.70752460e-08,4.87354429e-07,6.95097789e-06,1.39019558e-04
2.02306251e+02,4.23772525e-02,3.26790832e-01,3.22940205e+00,7.07670473e-01,7.07670473e-01,6.94390649e-02,2.77756260e-01,7.05534747e-05,8.46641697e-04,1.23651628e-06,1.60747116e-05,1.37137817e-05,1.78279162e-04,6.85260648e-05,9.59364907e-04,1.01392167e-04,1.52088250e-03,5.54760735e-05,7.76665028e-04,2.99060593e-04,4.48590889e-03,3.98178709e-08,6.37085934e-07,3.65444974e-09,6.21256456e-08,1.50884492e-10,2.71592086e-09,2.93263451e-09,4.98547866e-08,2.70685562e-08,4.87234011e-07,6.95097789e-06,1.39019558e-04
2.02608857e+02,4.21981746e-02,3.22629526e-01,3.22940198e+00,7.07670473e-01,7.07670473e-01,6.94390649e-02,2.77756260e-01,7.05534840e-05,8.46641808e-04,1.24132562e-06,1.61372331e-05,1.37089723e-05,1.78216641e-04,6.86906388e-05,9.61668944e-04,1.01905884e-04,1.52858826e-03,5.53114994e-05,7.74360991e-04,2.98546866e-04,4.47820299e-03,3.98178747e-08,6.37085995e-07,3.66397103e-09,6.22875074e-08,1.51746036e-10,2.73142866e-09,2.92311322e-09,4.96929248e-08,2.70676946e-08,4.87218503e-07,6.95097789e-06,1.39019558e-04
2.04655613e+02,4.10093786e-02,2.95849475e-01,3.22940159e+00,7.07670473e-01,7.07670473e-01,6.94390649e-02,2.77756260e-01,7.05535322e-05,8.46642387e-04,1.27381054e-06,1.65595370e-05,1.36764875e-05,1.77794337e-04,6.97910307e-05,9.77074430e-04,1.05357458e-04,1.58036187e-03,5.42111075e-05,7.58955506e-04,2.95095244e-04,4.42642866e-03,3.98178949e-08,6.37086318e-07,3.72756401e-09,6.33685881e-08,1.57572584e-10,2.83630652e-09,2.85952024e-09,4.86118440e-08,2.70618680e-08,4.87113624e-07,6.95097789e-06,1.39019558e-04
2.07004976e+02,3.96950327e-02,2.68122033e-01,3.22940131e+00,7.07670473e-01,7.07670473e-01,6.94390650e-02,2.77756260e-01,7.05535660e-05,8.46642793e-04,1.31100338e-06,1.70430439e-05,1.36392947e-05,1.77310831e-04,7.10271528e-05,9.94380140e-04,1.09270195e-04,1.63905292e-03,5.29749854e-05,7.41649795e-04,2.91182473e-04,4.36773710e-03,3.98179090e-08,6.37086545e-07,3.79885544e-09,6.45805426e-08,1.64259024e-10,2.95666243e-09,2.78822880e-09,4.73998896e-08,2.70551815e-08,4.86993268e-07,6.95097789e-06,1.39019558e-04
2.09354339e+02,3.84364698e-02,2.43270854e-01,3.22940115e+00,7.07670473e-01,7.07670473e-01,6.94390650e-02,2.77756260e-01,7.05535859e-05,8.46643031e-04,1.34809507e-06,1.75252359e-05,1.36022030e-05,1.76828639e-04,7.22350889e-05,1.01129124e-03,1.13131065e-04,1.69696597e-03,5.17670493e-05,7.24738690e-04,2.87321583e-04,4.30982375e-03,3.98179174e-08,6.37086678e-07,3.86836950e-09,6.57622814e-08,1.70943811e-10,3.07698861e-09,2.71871475e-09,4.62181507e-08,2.70484967e-08,4.86872941e-07,6.95097789e-06,1.39019558e-04
2.11703702e+02,3.72345549e-02,2.20888394e-01,3.22940106e+00,7.07670473e-01,7.07670473e-01,6.94390650e-02,2.77756260e-01,7.05535976e-05,8.46643171e-04,1.38508590e-06,1.80061167e-05,1.35652122e-05,1.76347759e-04,7.34154816e-05,1.02781674e-03,1.16940750e-04,1.75411125e-03,5.05866566e-05,7.08213192e-04,2.83511886e-04,4.25267829e-03,3.98179223e-08,6.37086757e-07,3.93615048e-09,6.69145581e-08,1.77626947e-10,3.19728505e-09,2.65093377e-09,4.50658740e-08,2.70418136e-08,4.86752644e-07,6.95097789e-06,1.39019558e-04
2.14053065e+02,3.60818091e-02,2.00782591e-01,3.22940100e+00,7.07670473e-01,7.07670473e-01,6.94390650e-02,2.77756260e-01,7.05536044e-05,8.46643253e-04,1.42197613e-06,1.84856897e-05,1.35283220e-05,1.75868186e-04,7.45689590e-05,1.04396543e-03,1.20699926e-04,1.81049889e-03,4.94331792e-05,6.92064509e-04,2.79752703e-04,4.19629055e-03,3.98179252e-08,6.37086803e-07,4.00224159e-09,6.80381070e-08,1.84308432e-10,3.31755178e-09,2.58484265e-09,4.39423251e-08,2.70351321e-08,4.86632377e-07,6.95097789e-06,1.39019558e-04
2.14710756e+02,3.57690304e-02,1.95587285e-01,3.22940099e+00,7.07670473e-01,7.07670473e-01,6.94390650e-02,2.77756260e-01,7.05536058e-05,8.46643269e-04,1.43228536e-06,1.86197096e-05,1.35180127e-05,1.75734166e-04,7.48871304e-05,1.04841983e-03,1.21743328e-04,1.82614993e-03,4.91150079e-05,6.87610110e-04,2.78709300e-04,4.18063949e-03,3.98179258e-08,6.37086813e-07,4.02044644e-09,6.83475894e-08,1.86178580e-10,3.35121445e-09,2.56663781e-09,4.36328427e-08,2.70332619e-08,4.86598714e-07,6.95097789e-06,1.39019558e-04
2.16402428e+02,3.49768398e-02,1.82691008e-01,3.22940097e+00,7.07670473e-01,7.07670473e-01,6.94390650e-02,2.77756260e-01,7.05536085e-05,8.46643302e-04,1.45876604e-06,1.89639585e-05,1.34915321e-05,1.75389917e-04,7.56961348e-05,1.05974589e-03,1.24409261e-04,1.86613891e-03,4.83060034e-05,6.76284048e-04,2.76043365e-04,4.14065047e-03,3.98179269e-08,6.37086831e-07,4.06668497e-09,6.91336445e-08,1.90988266e-10,3.43778879e-09,2.52039927e-09,4.28467876e-08,2.70284522e-08,4.86512140e-07,6.95097789e-06,1.39019558e-04
2.18751791e+02,3.39182762e-02,1.66356745e-01,3.22940095e+00,7.07670473e-01,7.07670473e-01,6.94390650e-02,2.77756260e-01,7.05536108e-05,8.46643330e-04,1.49545590e-06,1.94409267e-05,1.34548422e-05,1.74912949e-04,7.67976087e-05,1.07516652e-03,1.28069414e-04,1.92104121e-03,4.72045295e-05,6.60863413e-04,2.72383209e-04,4.08574814e-03,3.98179279e-08,6.37086847e-07,4.12952170e-09,7.02018688e-08,1.97666449e-10,3.55799609e-09,2.45756255e-09,4.17785633e-08,2.70217740e-08,4.86391933e-07,6.95097789e-06,1.39019558e-04
2.21101154e+02,3.29038732e-02,1.51688363e-01,3.22940094e+00,7.07670473e-01,7.07670473e-01,6.94390650e-02,2.77756260e-01,7.05536122e-05,8.46643347e-04,1.53204598e-06,1.99165977e-05,1.34182521e-05,1.74437278e-04,7.78739668e-05,1.09023554e-03,1.31681036e-04,1.97521555e-03,4.61281714e-05,6.45794400e-04,2.68771585e-04,4.03157378e-03,3.98179285e-08,6.37086856e-07,4.19079182e-09,7.12434610e-08,2.04342983e-10,3.67817369e-09,2.39629242e-09,4.07369711e-08,2.70150975e-08,4.86271755e-07,6.95097789e-06,1.39019558e-04
2.23450517e+02,3.19249558e-02,1.38335845e-01,3.22940093e+00,7.07670473e-01,7.07670473e-01,6.94390650e-02,2.77756260e-01,7.05536130e-05,8.46643357e-04,1.56853656e-06,2.03909752e-05,1.33817616e-05,1.73962900e-04,7.89257818e-05,1.10496095e-03,1.35244772e-04,2.02867158e-03,4.50763564e-05,6.31068990e-04,2.65207849e-04,3.97811774e-03,3.98179289e-08,6.37086862e-07,4.25053441e-09,7.22590849e-08,2.11017867e-10,3.79832160e-09,2.33654983e-09,3.97213472e-08,2.70084226e-08,4.86151607e-07,6.95097789e-06,1.39019558e-04
2.25799880e+02,3.09932389e-02,1.26485855e-01,3.22940093e+00,7.07670473e-01,7.07670473e-01,6.94390650e-02,2.77756260e-01,7.05536135e-05,8.46643362e-04,1.60492790e-06,2.08640627e-05,1.33453702e-05,1.73489813e-04,7.99536133e-05,1.11935059e-03,1.38761255e-04,2.08141882e-03,4.40485250e-05,6.16679349e-04,2.61691366e-04,3.92537049e-03,3.98179291e-08,6.37086865e-07,4.30878754e-09,7.32493881e-08,2.17691101e-10,3.91843982e-09,2.27829671e-09,3.87310440e-08,2.70017494e-08,4.86031489e-07,6.95097789e-06,1.39019558e-04
2.27535505e+02,3.03289745e-02,1.18504797e-01,3.22940093e+00,7.07670473e-01,7.07670473e-01,6.94390650e-02,2.77756260e-01,7.05536137e-05,8.46643365e-04,1.63174895e-06,2.12127364e-05,1.33185492e-05,1.73141139e-04,8.06978559e-05,1.12976998e-03,1.41329126e-04,2.11993689e-03,4.33042824e-05,6.06259953e-04,2.59123494e-04,3.88685241e-03,3.98179292e-08,6.37086867e-07,4.35088805e-09,7.39650969e-08,2.22619990e-10,4.00715983e-09,2.23619619e-09,3.80153353e-08,2.69968205e-08,4.85942769e-07,6.95097789e-06,1.39019558e-04
2.28149243e+02,3.00954157e-02,1.15725447e-01,3.22940093e+00,7.07670473e-01,7.07670473e-01,6.94390650e-02,2.77756260e-01,7.05536138e-05,8.46643366e-04,1.64122028e-06,2.13358636e-05,1.33090778e-05,1.73018012e-04,8.09580081e-05,1.13341211e-03,1.42231111e-04,2.13346667e-03,4.30441301e-05,6.02617821e-04,2.58221509e-04,3.87332263e-03,3.98179292e-08,6.37086867e-07,4.36558834e-09,7.42150018e-08,2.24362687e-10,4.03852836e-09,2.22149590e-09,3.77654303e-08,2.69950778e-08,4.85911400e-07,6.95097789e-06,1.39019558e-04
2.30498605e+02,2.92371993e-02,1.05943492e-01,3.22940093e+00,7.07670473e-01,7.07670473e-01,6.94390650e-02,2.77756260e-01,7.05536140e-05,8.46643368e-04,1.67741396e-06,2.18063814e-05,1.32728842e-05,1.72547494e-04,8.19395008e-05,1.14715301e-03,1.45654960e-04,2.18482441e-03,4.20626375e-05,5.88876925e-04,2.54797660e-04,3.82196489e-03,3.98179293e-08,6.37086868e-07,4.42097303e-09,7.51565415e-08,2.31032624e-10,4.15858724e-09,2.16611121e-09,3.68238906e-08,2.69884079e-08,4.85791341e-07,6.95097789e-06,1.39019558e-04
2.32847968e+02,2.84125828e-02,9.70592842e-02,3.22940092e+00,7.07670473e-01,7.07670473e-01,6.94390650e-02,2.77756260e-01,7.05536141e-05,8.46643369e-04,1.71350921e-06,2.22756197e-05,1.32367889e-05,1.72078256e-04,8.28986134e-05,1.16058059e-03,1.49033411e-04,2.23550117e-03,4.11035248e-05,5.75449348e-04,2.51419209e-04,3.77128813e-03,3.98179293e-08,6.37086869e-07,4.47497691e-09,7.60746074e-08,2.37700914e-10,4.27861644e-09,2.11210734e-09,3.59058247e-08,2.69817396e-08,4.85671312e-07,6.95097789e-06,1.39019558e-04
2.35197331e+02,2.76186652e-02,8.89949189e-02,3.22940092e+00,7.07670473e-01,7.07670473e-01,6.94390650e-02,2.77756260e-01,7.05536141e-05,8.46643370e-04,1.74950630e-06,2.27435819e-05,1.32007918e-05,1.71610294e-04,8.38358563e-05,1.17370199e-03,1.52367066e-04,2.28550599e-03,4.01662819e-05,5.62327947e-04,2.48085554e-04,3.72128330e-03,3.98179293e-08,6.37086869e-07,4.52763440e-09,7.69697848e-08,2.44367555e-10,4.39861599e-09,2.05944984e-09,3.50106473e-08,2.69750729e-08,4.85551313e-07,6.95097789e-06,1.39019558e-04
2.37546694e+02,2.68545156e-02,8.16636546e-02,3.22940092e+00,7.07670473e-01,7.07670473e-01,6.94390650e-02,2.77756260e-01,7.05536142e-05,8.46643370e-04,1.78540550e-06,2.32102715e-05,1.31648926e-05,1.71143604e-04,8.47517282e-05,1.18652420e-03,1.55656519e-04,2.33484779e-03,3.92504100e-05,5.49505740e-04,2.44796101e-04,3.67194151e-03,3.98179294e-08,6.37086870e-07,4.57897908e-09,7.78426443e-08,2.51032550e-10,4.51858590e-09,2.00810517e-09,3.41377878e-08,2.69684079e-08,4.85431343e-07,6.95097789e-06,1.39019558e-04
2.39896057e+02,2.61177807e-02,7.49818551e-02,3.22940092e+00,7.07670473e-01,7.07670473e-01,6.94390650e-02,2.77756260e-01,7.05536142e-05,8.46643370e-04,1.82120707e-06,2.36756920e-05,1.31290910e-05,1.70678184e-04,8.56467164e-05,1.19905403e-03,1.58902356e-04,2.38353534e-03,3.83554218e-05,5.36975905e-04,2.41550264e-04,3.62325396e-03,3.98179294e-08,6.37086870e-07,4.62904367e-09,7.86937423e-08,2.57695897e-10,4.63852615e-09,1.95804058e-09,3.32866898e-08,2.69617446e-08,4.85311402e-07,6.95097789e-06,1.39019558e-04
2.41126282e+02,2.57432922e-02,7.18009052e-02,3.22940092e+00,7.07670473e-01,7.07670473e-01,6.94390650e-02,2.77756260e-01,7.05536142e-05,8.46643370e-04,1.83991542e-06,2.39189004e-05,1.31103827e-05,1.70434975e-04,8.61071989e-05,1.20550078e-03,1.60584807e-04,2.40877210e-03,3.78949394e-05,5.30529151e-04,2.39867813e-04,3.59801720e-03,3.98179294e-08,6.37086870e-07,4.65475966e-09,7.91309142e-08,2.61184448e-10,4.70132006e-09,1.93232458e-09,3.28495179e-08,2.69582560e-08,4.85248609e-07,6.95097789e-06,1.39019558e-04
2.42245420e+02,2.54026189e-02,6.89071864e-02,3.22940092e+00,7.07670473e-01,7.07670473e-01,6.94390650e-02,2.77756260e-01,7.05536142e-05,8.46643370e-04,1.85691129e-06,2.41398467e-05,1.30933868e-05,1.70214029e-04,8.65212971e-05,1.21129816e-03,1.62105155e-04,2.43157733e-03,3.74808411e-05,5.24731776e-04,2.38347465e-04,3.57521197e-03,3.98179294e-08,6.37086870e-07,4.67786008e-09,7.95236214e-08,2.64357599e-10,4.75843678e-09,1.90922416e-09,3.24568107e-08,2.69550829e-08,4.85191492e-07,6.95097789e-06,1.39019558e-04
2.44594783e+02,2.47289443e-02,6.34625877e-02,3.22940092e+00,7.07670473e-01,7.07670473e-01,6.94390650e-02,2.77756260e-01,7.05536142e-05,8.46643370e-04,1.89251840e-06,2.46027392e-05,1.30577797e-05,1.69751136e-04,8.73759356e-05,1.22326310e-03,1.65265487e-04,2.47898231e-03,3.66262027e-05,5.12766837e-04,2.35187132e-04,3.52780699e-03,3.98179294e-08,6.37086870e-07,4.72545944e-09,8.03328105e-08,2.71017654e-10,4.87831778e-09,1.86162480e-09,3.16476216e-08,2.69484228e-08,4.85071611e-07,6.95097789e-06,1.39019558e-04
2.46944146e+02,2.40754838e-02,5.84793219e-02,3.22940092e+00,7.07670473e-01,7.07670473e-01,6.94390650e-02,2.77756260e-01,7.05536142e-05,8.46643370e-04,1.92802868e-06,2.50643729e-05,1.30222694e-05,1.69289503e-04,8.82110866e-05,1.23495521e-03,1.68383915e-04,2.52575873e-03,3.57910517e-05,5.01074723e-04,2.32068704e-04,3.48103056e-03,3.98179294e-08,6.37086870e-07,4.77187209e-09,8.11218255e-08,2.77676064e-10,4.99816915e-09,1.81521215e-09,3.08586066e-08,2.69417644e-08,4.84951759e-07,6.95097789e-06,1.39019558e-04
2.49293509e+02,2.34458472e-02,5.39173453e-02,3.22940092e+00,7.07670473e-01,7.07670473e-01,6.94390650e-02,2.77756260e-01,7.05536142e-05,8.46643371e-04,1.96344240e-06,2.55247511e-05,1.29868557e-05,1.68829124e-04,8.90271944e-05,1.24638072e-03,1.71460995e-04,2.57191493e-03,3.49749438e-05,4.89649213e-04,2.28991624e-04,3.43487437e-03,3.98179294e-08,6.37086870e-07,4.81712761e-09,8.18911694e-08,2.84332829e-10,5.11799092e-09,1.76995663e-09,3.00892627e-08,2.69351076e-08,4.84831938e-07,6.95097789e-06,1.39019558e-04
2.51642872e+02,2.28384243e-02,4.97344022e-02,3.22940092e+00,7.07670473e-01,7.07670473e-01,6.94390650e-02,2.77756260e-01,7.05536142e-05,8.46643371e-04,1.99875980e-06,2.59838774e-05,1.29515383e-05,1.68369998e-04,8.98246934e-05,1.25754571e-03,1.74497275e-04,2.61745913e-03,3.41774448e-05,4.78484228e-04,2.25955345e-04,3.38933017e-03,3.98179294e-08,6.37086870e-07,4.86125486e-09,8.26413326e-08,2.90987949e-10,5.23778307e-09,1.72582938e-09,2.93390995e-08,2.69284525e-08,4.84712145e-07,6.95097789e-06,1.39019558e-04
2.53992235e+02,2.22495662e-02,4.58905632e-02,3.22940092e+00,7.07670473e-01,7.07670473e-01,6.94390650e-02,2.77756260e-01,7.05536142e-05,8.46643371e-04,2.03398116e-06,2.64417551e-05,1.29163170e-05,1.67912120e-04,9.06040078e-05,1.26845611e-03,1.77493296e-04,2.66239944e-03,3.33981304e-05,4.67573826e-04,2.22959324e-04,3.34438986e-03,3.98179294e-08,6.37086870e-07,4.90428196e-09,8.33727933e-08,2.97641424e-10,5.35754563e-09,1.68280229e-09,2.86076389e-08,2.69217991e-08,4.84592383e-07,6.95097789e-06,1.39019558e-04
2.55528840e+02,2.18835776e-02,4.36327746e-02,3.22940092e+00,7.07670473e-01,7.07670473e-01,6.94390650e-02,2.77756260e-01,7.05536142e-05,8.46643371e-04,2.05696593e-06,2.67405571e-05,1.28933322e-05,1.67613318e-04,9.11040822e-05,1.27545715e-03,1.79431327e-04,2.69146991e-03,3.28980560e-05,4.60572784e-04,2.21021292e-04,3.31531938e-03,3.98179294e-08,6.37086870e-07,4.93184197e-09,8.38413135e-08,3.01992252e-10,5.43586054e-09,1.65524227e-09,2.81391186e-08,2.69174482e-08,4.84514068e-07,6.95097789e-06,1.39019558e-04
2.56341597e+02,2.16899950e-02,4.24385604e-02,3.22940092e+00,7.07670473e-01,7.07670473e-01,6.94390650e-02,2.77756260e-01,7.05536142e-05,8.46643371e-04,2.06910674e-06,2.68983876e-05,1.28811914e-05,1.67455488e-04,9.13655523e-05,1.27911773e-03,1.80449591e-04,2.70674387e-03,3.26365860e-05,4.56912204e-04,2.20003028e-04,3.30004543e-03,3.98179294e-08,6.37086870e-07,4.94623634e-09,8.40860177e-08,3.04293256e-10,5.47727860e-09,1.64084791e-09,2.78944144e-08,2.69151472e-08,4.84472650e-07,6.95097789e-06,1.39019558e-04
2.58690960e+02,2.11490411e-02,3.92804249e-02,3.22940092e+00,7.07670473e-01,7.07670473e-01,6.94390650e-02,2.77756260e-01,7.05536142e-05,8.46643371e-04,2.10413680e-06,2.73537783e-05,1.28461613e-05,1.67000097e-04,9.21097320e-05,1.28953625e-03,1.83366688e-04,2.75050032e-03,3.18924063e-05,4.46493688e-04,2.17085932e-04,3.25628897e-03,3.98179294e-08,6.37086870e-07,4.98714474e-09,8.47814606e-08,3.10943444e-10,5.59698199e-09,1.59993950e-09,2.71989716e-08,2.69084970e-08,4.84352947e-07,6.95097789e-06,1.39019558e-04
2.61040323e+02,2.06244122e-02,3.63669248e-02,3.22940092e+00,7.07670473e-01,7.07670473e-01,6.94390650e-02,2.77756260e-01,7.05536142e-05,8.46643371e-04,2.13907159e-06,2.78079306e-05,1.28112265e-05,1.66545945e-04,9.28369429e-05,1.29971720e-03,1.86245106e-04,2.79367659e-03,3.11651953e-05,4.36312735e-04,2.14207513e-04,3.21311270e-03,3.98179294e-08,6.37086870e-07,5.02703324e-09,8.54595651e-08,3.17591989e-10,5.71665580e-09,1.56005100e-09,2.65208670e-08,2.69018485e-08,4.84233273e-07,6.95097789e-06,1.39019558e-04
2.63389686e+02,2.01171357e-02,3.36776423e-02,3.22940092e+00,7.07670473e-01,7.07670473e-01,6.94390650e-02,2.77756260e-01,7.05536142e-05,8.46643371e-04,2.17391137e-06,2.82608479e-05,1.27763867e-05,1.66093028e-04,9.35475720e-05,1.30966601e-03,1.89085358e-04,2.83628038e-03,3.04545663e-05,4.26363928e-04,2.11367261e-04,3.17050892e-03,3.98179294e-08,6.37086870e-07,5.06592728e-09,8.61207637e-08,3.24238891e-10,5.83630004e-09,1.52115696e-09,2.58596684e-08,2.68952016e-08,4.84113629e-07,6.95097789e-06,1.39019558e-04
2.65739049e+02,1.96334073e-02,3.12212091e-02,3.22940092e+00,7.07670473e-01,7.07670473e-01,6.94390650e-02,2.77756260e-01,7.05536142e-05,8.46643371e-04,2.20865642e-06,2.87125334e-05,1.27416417e-05,1.65641342e-04,9.42419973e-05,1.31938796e-03,1.91887951e-04,2.87831926e-03,2.97601410e-05,4.16641974e-04,2.08564669e-04,3.12847004e-03,3.98179294e-08,6.37086870e-07,5.10385164e-09,8.67654778e-08,3.30884151e-10,5.95591472e-09,1.48323261e-09,2.52149543e-08,2.68885563e-08,4.83994014e-07,6.95097789e-06,1.39019558e-04
2.68088412e+02,1.91690945e-02,2.90015126e-02,3.22940092e+00,7.07670473e-01,7.07670473e-01,6.94390650e-02,2.77756260e-01,7.05536142e-05,8.46643371e-04,2.24330697e-06,2.91629906e-05,1.27069911e-05,1.65190885e-04,9.49205882e-05,1.32888824e-03,1.94653382e-04,2.91980073e-03,2.90815500e-05,4.07141700e-04,2.05799237e-04,3.08698856e-03,3.98179294e-08,6.37086870e-07,5.14083049e-09,8.73941183e-08,3.37527769e-10,6.07549984e-09,1.44625375e-09,2.45863138e-08,2.68819127e-08,4.83874429e-07,6.95097789e-06,1.39019558e-04
2.70437775e+02,1.87189069e-02,2.69371357e-02,3.22940092e+00,7.07670473e-01,7.07670473e-01,6.94390650e-02,2.77756260e-01,7.05536142e-05,8.46643371e-04,2.27786329e-06,2.96122228e-05,1.26724348e-05,1.64741653e-04,9.55837060e-05,1.33817188e-03,1.97382146e-04,2.96073219e-03,2.84184322e-05,3.97858051e-04,2.03070474e-04,3.04605710e-03,3.98179294e-08,6.37086870e-07,5.17688742e-09,8.80070861e-08,3.44169745e-10,6.19505542e-09,1.41019683e-09,2.39733460e-08,2.68752707e-08,4.83754873e-07,6.95097789e-06,1.39019558e-04
2.70791668e+02,1.86525532e-02,2.66418617e-02,3.22940092e+00,7.07670473e-01,7.07670473e-01,6.94390650e-02,2.77756260e-01,7.05536142e-05,8.46643371e-04,2.28306048e-06,2.96797862e-05,1.26672376e-05,1.64674089e-04,9.56822748e-05,1.33955185e-03,1.97790042e-04,2.96685063e-03,2.83198634e-05,3.96478088e-04,2.02662578e-04,3.03993867e-03,3.98179294e-08,6.37086870e-07,5.18224033e-09,8.80980857e-08,3.45170107e-10,6.21306192e-09,1.40484391e-09,2.38823464e-08,2.68742704e-08,4.83736867e-07,6.95097789e-06,1.39019558e-04
2.72787138e+02,1.82809557e-02,2.50184640e-02,3.22940092e+00,7.07670473e-01,7.07670473e-01,6.94390650e-02,2.77756260e-01,7.05536142e-05,8.46643371e-04,2.31232564e-06,3.00602333e-05,1.26379725e-05,1.64293642e-04,9.62317033e-05,1.34724385e-03,2.00074728e-04,3.00112093e-03,2.77704349e-05,3.88786088e-04,2.00377891e-04,3.00566837e-03,3.98179294e-08,6.37086870e-07,5.21204540e-09,8.86047718e-08,3.50810081e-10,6.31458145e-09,1.37503884e-09,2.33756604e-08,2.68686304e-08,4.83635347e-07,6.95097789e-06,1.39019558e-04
2.75136501e+02,1.78542070e-02,2.32825369e-02,3.22940092e+00,7.07670473e-01,7.07670473e-01,6.94390650e-02,2.77756260e-01,7.05536142e-05,8.46643371e-04,2.34669427e-06,3.05070255e-05,1.26036038e-05,1.63846850e-04,9.68649251e-05,1.35610895e-03,2.02731609e-04,3.04097413e-03,2.71372132e-05,3.79920984e-04,1.97721011e-04,2.96581516e-03,3.98179294e-08,6.37086870e-07,5.24632685e-09,8.91875564e-08,3.57448776e-10,6.43407796e-09,1.34075740e-09,2.27928757e-08,2.68619917e-08,4.83515851e-07,6.95097789e-06,1.39019558e-04
2.77485864e+02,1.74497634e-02,2.16933647e-02,3.22940092e+00,7.07670473e-01,7.07670473e-01,6.94390650e-02,2.77756260e-01,7.05536142e-05,8.46643371e-04,2.38096943e-06,3.09526026e-05,1.25693287e-05,1.63401273e-04,9.74837080e-05,1.36477191e-03,2.05353261e-04,3.08029891e-03,2.65184302e-05,3.71258023e-04,1.95099359e-04,2.92649039e-03,3.98179294e-08,6.37086870e-07,5.27975362e-09,8.97558115e-08,3.64085830e-10,6.55354494e-09,1.30733063e-09,2.22246206e-08,2.68553546e-08,4.83396384e-07,6.95097789e-06,1.39019558e-04
2.79835227e+02,1.70588338e-02,2.02057240e-02,3.22940092e+00,7.07670473e-01,7.07670473e-01,6.94390650e-02,2.77756260e-01,7.05536142e-05,8.46643371e-04,2.41515138e-06,3.13969680e-05,1.25351467e-05,1.62956908e-04,9.80883815e-05,1.37323734e-03,2.07940151e-04,3.11910227e-03,2.59137567e-05,3.62792594e-04,1.92512469e-04,2.88768703e-03,3.98179294e-08,6.37086870e-07,5.31234701e-09,9.03098992e-08,3.70721245e-10,6.67298240e-09,1.27473723e-09,2.16705329e-08,2.68487192e-08,4.83276946e-07,6.95097789e-06,1.39019558e-04
2.82184589e+02,1.66799991e-02,1.88166635e-02,3.22940092e+00,7.07670473e-01,7.07670473e-01,6.94390650e-02,2.77756260e-01,7.05536142e-05,8.46643371e-04,2.44924038e-06,3.18401249e-05,1.25010577e-05,1.62513751e-04,9.86792672e-05,1.38150974e-03,2.10492741e-04,3.15739111e-03,2.53228710e-05,3.54520194e-04,1.89959879e-04,2.84939818e-03,3.98179294e-08,6.37086870e-07,5.34412782e-09,9.08501729e-08,3.77355020e-10,6.79239035e-09,1.24295643e-09,2.11302592e-08,2.68420855e-08,4.83157538e-07,6.95097789e-06,1.39019558e-04
2.84533952e+02,1.63136131e-02,1.75830780e-02,3.22940092e+00,7.07670473e-01,7.07670473e-01,6.94390650e-02,2.77756260e-01,7.05536142e-05,8.46643371e-04,2.48323667e-06,3.22820767e-05,1.24670614e-05,1.62071799e-04,9.92566795e-05,1.38959351e-03,2.13011485e-04,3.19517228e-03,2.47454587e-05,3.46436422e-04,1.87441134e-04,2.81161702e-03,3.98179294e-08,6.37086870e-07,5.37511628e-09,9.13769768e-08,3.83987156e-10,6.91176880e-09,1.21196796e-09,2.06034553e-08,2.68354533e-08,4.83038160e-07,6.95097789e-06,1.39019558e-04
2.86883315e+02,1.59577455e-02,1.64210738e-02,3.22940092e+00,7.07670473e-01,7.07670473e-01,6.94390650e-02,2.77756260e-01,7.05536142e-05,8.46643371e-04,2.51714051e-06,3.27228266e-05,1.24331576e-05,1.61631049e-04,9.98209257e-05,1.39749296e-03,2.15496833e-04,3.23245249e-03,2.41812125e-05,3.38536975e-04,1.84955787e-04,2.77433681e-03,3.98179294e-08,6.37086870e-07,5.40533217e-09,9.18906469e-08,3.90617653e-10,7.03111775e-09,1.18175207e-09,2.00897852e-08,2.68288228e-08,4.82918811e-07,6.95097789e-06,1.39019558e-04
2.86966150e+02,1.59455221e-02,1.63822466e-02,3.22940092e+00,7.07670473e-01,7.07670473e-01,6.94390650e-02,2.77756260e-01,7.05536142e-05,8.46643371e-04,2.51833421e-06,3.27383447e-05,1.24319639e-05,1.61615531e-04,9.98405834e-05,1.39776817e-03,2.15583857e-04,3.23375786e-03,2.41615548e-05,3.38261767e-04,1.84868762e-04,2.77303143e-03,3.98179294e-08,6.37086870e-07,5.40638367e-09,9.19085224e-08,3.90851402e-10,7.03532524e-09,1.18070057e-09,2.00719098e-08,2.68285891e-08,4.82914603e-07,6.95097789e-06,1.39019558e-04
2.89232678e+02,1.56120968e-02,1.53266558e-02,3.22940092e+00,7.07670473e-01,7.07670473e-01,6.94390650e-02,2.77756260e-01,7.05536142e-05,8.46643371e-04,2.55095215e-06,3.31623779e-05,1.23993460e-05,1.61191498e-04,1.00372306e-04,1.40521228e-03,2.17949226e-04,3.26923839e-03,2.36298323e-05,3.30817652e-04,1.82503394e-04,2.73755091e-03,3.98179294e-08,6.37086870e-07,5.43479474e-09,9.23915105e-08,3.97246512e-10,7.15043722e-09,1.15228951e-09,1.95889216e-08,2.68221940e-08,4.82799491e-07,6.95097789e-06,1.39019558e-04
2.91582041e+02,1.52843420e-02,1.43500804e-02,3.22940092e+00,7.07670473e-01,7.07670473e-01,6.94390650e-02,2.77756260e-01,7.05536142e-05,8.46643371e-04,2.58467184e-06,3.36007339e-05,1.23656263e-05,1.60753142e-04,1.00911114e-04,1.41275559e-03,2.20369102e-04,3.30553653e-03,2.30910247e-05,3.23274345e-04,1.80083518e-04,2.70125276e-03,3.98179294e-08,6.37086870e-07,5.46352276e-09,9.28798870e-08,4.03873733e-10,7.26972720e-09,1.12356148e-09,1.91005451e-08,2.68155667e-08,4.82680201e-07,6.95097789e-06,1.39019558e-04
2.93931404e+02,1.49632507e-02,1.34339394e-02,3.22940092e+00,7.07670473e-01,7.07670473e-01,6.94390650e-02,2.77756260e-01,7.05536142e-05,8.46643371e-04,2.61829983e-06,3.40378977e-05,1.23319983e-05,1.60315978e-04,1.01437635e-04,1.42012689e-03,2.22756892e-04,3.34135338e-03,2.25645029e-05,3.15903041e-04,1.77695727e-04,2.66543591e-03,3.98179294e-08,6.37086870e-07,5.49153457e-09,9.33560876e-08,4.10499317e-10,7.38898771e-09,1.09554968e-09,1.86243445e-08,2.68089412e-08,4.82560941e-07,6.95097789e-06,1.39019558e-04
2.96280767e+02,1.46481273e-02,1.25690277e-02,3.22940092e+00,7.07670473e-01,7.07670473e-01,6.94390650e-02,2.77756260e-01,7.05536142e-05,8.46643371e-04,2.65183636e-06,3.44738727e-05,1.22984617e-05,1.59880003e-04,1.01952151e-04,1.42733012e-03,2.25113022e-04,3.37669533e-03,2.20499869e-05,3.08699817e-04,1.75339598e-04,2.63009397e-03,3.98179294e-08,6.37086870e-07,5.51884800e-09,9.38204160e-08,4.17123264e-10,7.50821875e-09,1.06823624e-09,1.81600162e-08,2.68023172e-08,4.82441710e-07,6.95097789e-06,1.39019558e-04
2.98630130e+02,1.43504338e-02,1.17924361e-02,3.22940092e+00,7.07670473e-01,7.07670473e-01,6.94390650e-02,2.77756260e-01,7.05536142e-05,8.46643371e-04,2.68528170e-06,3.49086621e-05,1.22650164e-05,1.59445213e-04,1.02454935e-04,1.43436909e-03,2.27437911e-04,3.41156866e-03,2.15472029e-05,3.01660841e-04,1.73014709e-04,2.59522063e-03,3.98179294e-08,6.37086870e-07,5.54548047e-09,9.42731680e-08,4.23745574e-10,7.62742033e-09,1.04160377e-09,1.77072641e-08,2.67956949e-08,4.82322508e-07,6.95097789e-06,1.39019558e-04
3.00979493e+02,1.40583534e-02,1.10600482e-02,3.22940092e+00,7.07670473e-01,7.07670473e-01,6.94390650e-02,2.77756260e-01,7.05536142e-05,8.46643371e-04,2.71863609e-06,3.53422691e-05,1.22316620e-05,1.59011606e-04,1.02946255e-04,1.44124757e-03,2.29731973e-04,3.44597960e-03,2.10558834e-05,2.94782368e-04,1.70720647e-04,2.56080970e-03,3.98179294e-08,6.37086870e-07,5.57144896e-09,9.47146324e-08,4.30366248e-10,7.74659246e-09,1.01563528e-09,1.72657997e-08,2.67890742e-08,4.82203336e-07,6.95097789e-06,1.39019558e-04
3.03328856e+02,1.37720070e-02,1.03728168e-02,3.22940092e+00,7.07670473e-01,7.07670473e-01,6.94390650e-02,2.77756260e-01,7.05536142e-05,8.46643371e-04,2.75189976e-06,3.57746969e-05,1.21983984e-05,1.58579179e-04,1.03426371e-04,1.44796920e-03,2.31995618e-04,3.47993427e-03,2.05757670e-05,2.88060738e-04,1.68457002e-04,2.52685503e-03,3.98179294e-08,6.37086870e-07,5.59677003e-09,9.51450905e-08,4.36985286e-10,7.86573514e-09,9.90314212e-10,1.68353416e-08,2.67824552e-08,4.82084193e-07,6.95097789e-06,1.39019558e-04
3.04106739e+02,1.36816138e-02,1.01639840e-02,3.22940092e+00,7.07670473e-01,7.07670473e-01,6.94390650e-02,2.77756260e-01,7.05536142e-05,8.46643371e-04,2.76289355e-06,3.59176162e-05,1.21874046e-05,1.58436259e-04,1.03582915e-04,1.45016081e-03,2.32738486e-04,3.49107728e-03,2.04192234e-05,2.85869127e-04,1.67714134e-04,2.51571201e-03,3.98179294e-08,6.37086870e-07,5.60501404e-09,9.52852387e-08,4.39176515e-10,7.90517727e-09,9.82070202e-10,1.66951934e-08,2.67802640e-08,4.82044751e-07,6.95097789e-06,1.39019558e-04
3.05678219e+02,1.35016990e-02,9.75352727e-03,3.22940092e+00,7.07670473e-01,7.07670473e-01,6.94390650e-02,2.77756260e-01,7.05536142e-05,8.46643371e-04,2.78507298e-06,3.62059487e-05,1.21652251e-05,1.58147927e-04,1.03895540e-04,1.45453756e-03,2.34229248e-04,3.51343872e-03,2.01065982e-05,2.81492374e-04,1.66223372e-04,2.49335058e-03,3.98179294e-08,6.37086870e-07,5.62145981e-09,9.55648168e-08,4.43602688e-10,7.98484839e-09,9.65624433e-10,1.64156154e-08,2.67758378e-08,4.81965080e-07,6.95097789e-06,1.39019558e-04
3.08027582e+02,1.32382189e-02,9.16207366e-03,3.22940092e+00,7.07670473e-01,7.07670473e-01,6.94390650e-02,2.77756260e-01,7.05536142e-05,8.46643371e-04,2.81815598e-06,3.66360278e-05,1.21321421e-05,1.57717848e-04,1.04354011e-04,1.46095615e-03,2.36433262e-04,3.54649892e-03,1.96481273e-05,2.75073783e-04,1.64019358e-04,2.46029037e-03,3.98179294e-08,6.37086870e-07,5.64553404e-09,9.59740787e-08,4.50218456e-10,8.10393220e-09,9.41550201e-10,1.60063534e-08,2.67692220e-08,4.81845996e-07,6.95097789e-06,1.39019558e-04
3.10376944e+02,1.29861743e-02,8.61679665e-03,3.22940092e+00,7.07670473e-01,7.07670473e-01,6.94390650e-02,2.77756260e-01,7.05536142e-05,8.46643371e-04,2.85114902e-06,3.70649373e-05,1.20991491e-05,1.57288938e-04,1.04802028e-04,1.46722839e-03,2.38608051e-04,3.57912077e-03,1.92001106e-05,2.68801548e-04,1.61844568e-04,2.42766852e-03,3.98179294e-08,6.37086870e-07,5.66900807e-09,9.63731372e-08,4.56832589e-10,8.22298659e-09,9.18076170e-10,1.56072949e-08,2.67626079e-08,4.81726942e-07,6.95097789e-06,1.39019558e-04
3.12726307e+02,1.27372015e-02,8.11356783e-03,3.22940092e+00,7.07670473e-01,7.07670473e-01,6.94390650e-02,2.77756260e-01,7.05536142e-05,8.46643371e-04,2.88405233e-06,3.74926803e-05,1.20662458e-05,1.56861195e-04,1.05239829e-04,1.47335760e-03,2.40754005e-04,3.61131007e-03,1.87623095e-05,2.62672333e-04,1.59698615e-04,2.39547922e-03,3.98179294e-08,6.37086870e-07,5.69189687e-09,9.67622467e-08,4.63445087e-10,8.34201157e-09,8.95187376e-10,1.52181854e-08,2.67559954e-08,4.81607917e-07,6.95097789e-06,1.39019558e-04
3.15075670e+02,1.24902443e-02,7.63081443e-03,3.22940092e+00,7.07670473e-01,7.07670473e-01,6.94390650e-02,2.77756260e-01,7.05536142e-05,8.46643371e-04,2.91686616e-06,3.79192601e-05,1.20334320e-05,1.56434615e-04,1.05667647e-04,1.47934706e-03,2.42871505e-04,3.64307257e-03,1.83344911e-05,2.56682876e-04,1.57581115e-04,2.36371673e-03,3.98179294e-08,6.37086870e-07,5.71421501e-09,9.71416553e-08,4.70055952e-10,8.46100714e-09,8.72869228e-10,1.48387769e-08,2.67493845e-08,4.81488921e-07,6.95097789e-06,1.39019558e-04
3.17425033e+02,1.22588529e-02,7.19947701e-03,3.22940092e+00,7.07670473e-01,7.07670473e-01,6.94390650e-02,2.77756260e-01,7.05536142e-05,8.46643371e-04,2.94959076e-06,3.83446799e-05,1.20007074e-05,1.56009196e-04,1.06085710e-04,1.48519994e-03,2.44960928e-04,3.67441391e-03,1.79164279e-05,2.50829991e-04,1.55491692e-04,2.33237538e-03,3.98179294e-08,6.37086870e-07,5.73597674e-09,9.75116046e-08,4.76665184e-10,8.57997331e-09,8.51107500e-10,1.44688275e-08,2.67427753e-08,4.81369955e-07,6.95097789e-06,1.39019558e-04
3.19774396e+02,1.20330992e-02,6.78524131e-03,3.22940092e+00,7.07670473e-01,7.07670473e-01,6.94390650e-02,2.77756260e-01,7.05536142e-05,8.46643371e-04,2.98222636e-06,3.87689427e-05,1.19680718e-05,1.55584933e-04,1.06494241e-04,1.49091937e-03,2.47022646e-04,3.70533969e-03,1.75078974e-05,2.45110563e-04,1.53429974e-04,2.30144960e-03,3.98179294e-08,6.37086870e-07,5.75719592e-09,9.78723307e-08,4.83272782e-10,8.69891008e-09,8.29888319e-10,1.41081014e-08,2.67361677e-08,4.81251018e-07,6.95097789e-06,1.39019558e-04
3.22123759e+02,1.18175130e-02,6.40184743e-03,3.22940092e+00,7.07670473e-01,7.07670473e-01,6.94390650e-02,2.77756260e-01,7.05536142e-05,8.46643371e-04,3.01477321e-06,3.91920518e-05,1.19355249e-05,1.55161824e-04,1.06893456e-04,1.49650839e-03,2.49057028e-04,3.73585542e-03,1.71086821e-05,2.39521550e-04,1.51395592e-04,2.27093388e-03,3.98179294e-08,6.37086870e-07,5.77788608e-09,9.82240634e-08,4.89878748e-10,8.81781746e-09,8.09198158e-10,1.37563687e-08,2.67295617e-08,4.81132111e-07,6.95097789e-06,1.39019558e-04
3.22271142e+02,1.18039886e-02,6.37779587e-03,3.22940092e+00,7.07670473e-01,7.07670473e-01,6.94390650e-02,2.77756260e-01,7.05536142e-05,8.46643371e-04,3.01681203e-06,3.92185564e-05,1.19334861e-05,1.55135319e-04,1.06918195e-04,1.49685472e-03,2.49183748e-04,3.73775622e-03,1.70839437e-05,2.39175211e-04,1.51268872e-04,2.26903307e-03,3.98179294e-08,6.37086870e-07,5.77916672e-09,9.82458342e-08,4.90293107e-10,8.82527593e-09,8.07917527e-10,1.37345980e-08,2.67291474e-08,4.81124653e-07,6.95097789e-06,1.39019558e-04
3.24473122e+02,1.16044369e-02,6.04599984e-03,3.22940092e+00,7.07670473e-01,7.07670473e-01,6.94390650e-02,2.77756260e-01,7.05536142e-05,8.46643371e-04,3.04723155e-06,3.96140102e-05,1.19030666e-05,1.54739865e-04,1.07283568e-04,1.50196996e-03,2.51064435e-04,3.76596652e-03,1.67185698e-05,2.34059977e-04,1.49388185e-04,2.24082278e-03,3.98179294e-08,6.37086870e-07,5.79806041e-09,9.85670270e-08,4.96483082e-10,8.93669547e-09,7.89023830e-10,1.34134051e-08,2.67229574e-08,4.81013233e-07,6.95097789e-06,1.39019558e-04
3.26822485e+02,1.13927699e-02,5.70561648e-03,3.22940092e+00,7.07670473e-01,7.07670473e-01,6.94390650e-02,2.77756260e-01,7.05536142e-05,8.46643371e-04,3.07960162e-06,4.00348211e-05,1.18706965e-05,1.54319054e-04,1.07664785e-04,1.50730700e-03,2.53045225e-04,3.79567837e-03,1.63373528e-05,2.28722940e-04,1.47407395e-04,2.21111093e-03,3.98179294e-08,6.37086870e-07,5.81773177e-09,9.89014401e-08,5.03085784e-10,9.05554410e-09,7.69352473e-10,1.30789920e-08,2.67163547e-08,4.80894384e-07,6.95097789e-06,1.39019558e-04
3.29171848e+02,1.11946040e-02,5.39939123e-03,3.22940092e+00,7.07670473e-01,7.07670473e-01,6.94390650e-02,2.77756260e-01,7.05536142e-05,8.46643371e-04,3.11188366e-06,4.04544876e-05,1.18384145e-05,1.53899388e-04,1.08037310e-04,1.51252234e-03,2.54999751e-04,3.82499626e-03,1.59648284e-05,2.23507597e-04,1.45452869e-04,2.18179303e-03,3.98179294e-08,6.37086870e-07,5.83691269e-09,9.92275158e-08,5.09686854e-10,9.17436337e-09,7.50171548e-10,1.27529163e-08,2.67097536e-08,4.80775565e-07,6.95097789e-06,1.39019558e-04
3.31521211e+02,1.09990895e-02,5.10098725e-03,3.22940092e+00,7.07670473e-01,7.07670473e-01,6.94390650e-02,2.77756260e-01,7.05536142e-05,8.46643371e-04,3.14407791e-06,4.08730129e-05,1.18062202e-05,1.53480863e-04,1.08401340e-04,1.51761876e-03,2.56928361e-04,3.85392542e-03,1.56007982e-05,2.18411175e-04,1.43524259e-04,2.15286388e-03,3.98179294e-08,6.37086870e-07,5.85561542e-09,9.95454621e-08,5.16286293e-10,9.29315328e-09,7.31468827e-10,1.24349701e-08,2.67031542e-08,4.80656775e-07,6.95097789e-06,1.39019558e-04
3.33870574e+02,1.08117265e-02,4.83206628e-03,3.22940092e+00,7.07670473e-01,7.07670473e-01,6.94390650e-02,2.77756260e-01,7.05536142e-05,8.46643371e-04,3.17618461e-06,4.12904000e-05,1.17741135e-05,1.53063476e-04,1.08757070e-04,1.52259897e-03,2.58831399e-04,3.88247099e-03,1.52450687e-05,2.13430961e-04,1.41621220e-04,2.12431831e-03,3.98179294e-08,6.37086870e-07,5.87385185e-09,9.98554815e-08,5.22884102e-10,9.41191384e-09,7.13232389e-10,1.21249506e-08,2.66965564e-08,4.80538015e-07,6.95097789e-06,1.39019558e-04
3.36219936e+02,1.06270193e-02,4.57219856e-03,3.22940092e+00,7.07670473e-01,7.07670473e-01,6.94390650e-02,2.77756260e-01,7.05536142e-05,8.46643371e-04,3.20820400e-06,4.17066520e-05,1.17420941e-05,1.52647223e-04,1.09104688e-04,1.52746563e-03,2.60709204e-04,3.91063807e-03,1.48974505e-05,2.08564307e-04,1.39743415e-04,2.09615123e-03,3.98179294e-08,6.37086870e-07,5.89163363e-09,1.00157772e-07,5.29480281e-10,9.53064506e-09,6.95450608e-10,1.18226603e-08,2.66899602e-08,4.80419284e-07,6.95097789e-06,1.39019558e-04
3.38569299e+02,1.04486001e-02,4.33376558e-03,3.22940092e+00,7.07670473e-01,7.07670473e-01,6.94390650e-02,2.77756260e-01,7.05536142e-05,8.46643371e-04,3.24013631e-06,4.21217720e-05,1.17101618e-05,1.52232103e-04,1.09444380e-04,1.53222131e-03,2.62562111e-04,3.93843167e-03,1.45577587e-05,2.03808622e-04,1.37890509e-04,2.06835763e-03,3.98179294e-08,6.37086870e-07,5.90897209e-09,1.00452526e-07,5.36074830e-10,9.64934694e-09,6.78112149e-10,1.15279065e-08,2.66833656e-08,4.80300582e-07,6.95097789e-06,1.39019558e-04
3.40918662e+02,1.02740786e-02,4.10733545e-03,3.22940092e+00,7.07670473e-01,7.07670473e-01,6.94390650e-02,2.77756260e-01,7.05536142e-05,8.46643371e-04,3.27198178e-06,4.25357632e-05,1.16783163e-05,1.51818112e-04,1.09776326e-04,1.53686856e-03,2.64390449e-04,3.96585674e-03,1.42258125e-05,1.99161376e-04,1.36062170e-04,2.04093255e-03,3.98179294e-08,6.37086870e-07,5.92587828e-09,1.00739931e-07,5.42667750e-10,9.76801949e-09,6.61205960e-10,1.12405013e-08,2.66767727e-08,4.80181909e-07,6.95097789e-06,1.39019558e-04
3.41520511e+02,1.02306039e-02,4.05312793e-03,3.22940092e+00,7.07670473e-01,7.07670473e-01,6.94390650e-02,2.77756260e-01,7.05536142e-05,8.46643371e-04,3.28012587e-06,4.26416363e-05,1.16701722e-05,1.51712239e-04,1.09860137e-04,1.53804192e-03,2.64854911e-04,3.97282367e-03,1.41420009e-05,1.97988012e-04,1.35597708e-04,2.03396562e-03,3.98179294e-08,6.37086870e-07,5.93014099e-09,1.00812397e-07,5.44356432e-10,9.79841577e-09,6.56943251e-10,1.11680353e-08,2.66750840e-08,4.80151513e-07,6.95097789e-06,1.39019558e-04
3.43268025e+02,1.01043718e-02,3.89573237e-03,3.22940092e+00,7.07670473e-01,7.07670473e-01,6.94390650e-02,2.77756260e-01,7.05536142e-05,8.46643371e-04,3.30374065e-06,4.29486285e-05,1.16465575e-05,1.51405247e-04,1.10100703e-04,1.54140984e-03,2.66194545e-04,3.99291818e-03,1.39014354e-05,1.94620096e-04,1.34258074e-04,2.01387112e-03,3.98179294e-08,6.37086870e-07,5.94236298e-09,1.01020171e-07,5.49259040e-10,9.88666272e-09,6.44721263e-10,1.09602615e-08,2.66701814e-08,4.80063266e-07,6.95097789e-06,1.39019558e-04
3.45617388e+02,1.00212352e-02,3.69752980e-03,3.22940092e+00,7.07670473e-01,7.07670473e-01,6.94390650e-02,2.77756260e-01,7.05536142e-05,8.46643371e-04,3.33541315e-06,4.33603710e-05,1.16148850e-05,1.50993505e-04,1.10417683e-04,1.54584757e-03,2.67974720e-04,4.01962080e-03,1.35844548e-05,1.90182367e-04,1.32477900e-04,1.98716850e-03,3.98179294e-08,6.37086870e-07,5.95843669e-09,1.01293424e-07,5.55848702e-10,1.00052766e-08,6.28647551e-10,1.06870084e-08,2.66635918e-08,4.79944652e-07,6.95097789e-06,1.39019558e-04
3.47966751e+02,1.00056328e-02,3.50978111e-03,3.22940092e+00,7.07670473e-01,7.07670473e-01,6.94390650e-02,2.77756260e-01,7.05536142e-05,8.46643371e-04,3.36699952e-06,4.37709938e-05,1.15832986e-05,1.50582882e-04,1.10727436e-04,1.55018411e-03,2.69731291e-04,4.04596936e-03,1.32747019e-05,1.85845827e-04,1.30721329e-04,1.96081994e-03,3.98179294e-08,6.37086870e-07,5.97410967e-09,1.01559864e-07,5.62436736e-10,1.01238612e-08,6.12974576e-10,1.04205678e-08,2.66570037e-08,4.79826067e-07,6.95097789e-06,1.39019558e-04
3.50316114e+02,1.00000000e-02,3.33545695e-03,3.22940092e+00,7.07670473e-01,7.07670473e-01,6.94390650e-02,2.77756260e-01,7.05536142e-05,8.46643371e-04,3.39849999e-06,4.41804999e-05,1.15517981e-05,1.50173376e-04,1.11030126e-04,1.55442177e-03,2.71464570e-04,4.07196855e-03,1.29720121e-05,1.81608169e-04,1.28988049e-04,1.93482074e-03,3.98179294e-08,6.37086870e-07,5.98939189e-09,1.01819662e-07,5.69023142e-10,1.02424166e-08,5.97692349e-10,1.01607699e-08,2.66504173e-08,4.79707512e-07,6.95097789e-06,1.39019558e-04
3.52665477e+02,1.00000000e-02,3.16871757e-03,3.22940092e+00,7.07670473e-01,7.07670473e-01,6.94390650e-02,2.77756260e-01,7.05536142e-05,8.46643371e-04,3.42991480e-06,4.45888923e-05,1.15203833e-05,1.49764983e-04,1.11325914e-04,1.55856280e-03,2.73174868e-04,4.09762302e-03,1.26762241e-05,1.77467138e-04,1.27277752e-04,1.90916628e-03,3.98179294e-08,6.37086870e-07,6.00429312e-09,1.02072983e-07,5.75607921e-10,1.03609426e-08,5.82791126e-10,9.90744915e-09,2.66438326e-08,4.79588986e-07,6.95097789e-06,1.39019558e-04
3.55014840e+02,1.00000000e-02,3.01471689e-03,3.22940092e+00,7.07670473e-01,7.07670473e-01,6.94390650e-02,2.77756260e-01,7.05536142e-05,8.46643371e-04,3.46124417e-06,4.49961742e-05,1.14890539e-05,1.49357701e-04,1.11614957e-04,1.56260940e-03,2.74862488e-04,4.12293732e-03,1.23871807e-05,1.73420530e-04,1.25590132e-04,1.88385198e-03,3.98179294e-08,6.37086870e-07,6.01882283e-09,1.02319988e-07,5.82191072e-10,1.04794393e-08,5.68261410e-10,9.66044397e-09,2.66372494e-08,4.79470489e-07,6.95097789e-06,1.39019558e-04
3.57364203e+02,1.00000000e-02,2.86677071e-03,3.22940092e+00,7.07670473e-01,7.07670473e-01,6.94390650e-02,2.77756260e-01,7.05536142e-05,8.46643371e-04,3.49248834e-06,4.54023485e-05,1.14578098e-05,1.48951527e-04,1.11897410e-04,1.56656374e-03,2.76527731e-04,4.14791597e-03,1.21047281e-05,1.69466194e-04,1.23924889e-04,1.85887333e-03,3.98179294e-08,6.37086870e-07,6.03299030e-09,1.02560835e-07,5.88772598e-10,1.05979068e-08,5.54093938e-10,9.41959695e-09,2.66306679e-08,4.79352022e-07,6.95097789e-06,1.39019558e-04
3.59713566e+02,1.00000000e-02,2.73011513e-03,3.22940092e+00,7.07670473e-01,7.07670473e-01,6.94390650e-02,2.77756260e-01,7.05536142e-05,8.46643371e-04,3.52364755e-06,4.58074181e-05,1.14266506e-05,1.48546457e-04,1.12173422e-04,1.57042791e-03,2.78170895e-04,4.17256342e-03,1.18287160e-05,1.65602024e-04,1.22281725e-04,1.83422588e-03,3.98179294e-08,6.37086870e-07,6.04680456e-09,1.02795678e-07,5.95352497e-10,1.07163449e-08,5.40279679e-10,9.18475455e-09,2.66240880e-08,4.79233584e-07,6.95097789e-06,1.39019558e-04
3.61919652e+02,1.00000000e-02,2.60684931e-03,3.22940092e+00,7.07670473e-01,7.07670473e-01,6.94390650e-02,2.77756260e-01,7.05536142e-05,8.46643371e-04,3.55282936e-06,4.61867817e-05,1.13974688e-05,1.48167094e-04,1.12426869e-04,1.57397617e-03,2.79694009e-04,4.19541014e-03,1.15752688e-05,1.62053763e-04,1.20758610e-04,1.81137916e-03,3.98179294e-08,6.37086870e-07,6.05946266e-09,1.03010865e-07,6.01529640e-10,1.08275335e-08,5.27621585e-10,8.96956695e-09,2.66179108e-08,4.79122395e-07,6.95097789e-06,1.39019558e-04
3.62062928e+02,1.00000000e-02,2.59884371e-03,3.22940092e+00,7.07670473e-01,7.07670473e-01,6.94390650e-02,2.77756260e-01,7.05536142e-05,8.46643371e-04,3.55472202e-06,4.62113863e-05,1.13955761e-05,1.48142489e-04,1.12443141e-04,1.57420397e-03,2.79792271e-04,4.19688406e-03,1.15589975e-05,1.61825966e-04,1.20660349e-04,1.80990524e-03,3.98179294e-08,6.37086870e-07,6.06027442e-09,1.03024665e-07,6.01930770e-10,1.08347539e-08,5.26809827e-10,8.95576706e-09,2.66175097e-08,4.79115175e-07,6.95097789e-06,1.39019558e-04
3.64412291e+02,1.00000000e-02,2.47718973e-03,3.22940092e+00,7.07670473e-01,7.07670473e-01,6.94390650e-02,2.77756260e-01,7.05536142e-05,8.46643371e-04,3.58571198e-06,4.66142558e-05,1.13645861e-05,1.47739620e-04,1.12706709e-04,1.57789393e-03,2.81392148e-04,4.22088222e-03,1.12954292e-05,1.58136009e-04,1.19060471e-04,1.78590707e-03,3.98179294e-08,6.37086870e-07,6.07340845e-09,1.03247944e-07,6.08507418e-10,1.09531335e-08,5.13675795e-10,8.73248851e-09,2.66109331e-08,4.78996795e-07,6.95097789e-06,1.39019558e-04
3.66761654e+02,1.00000000e-02,2.36105110e-03,3.22940092e+00,7.07670473e-01,7.07670473e-01,6.94390650e-02,2.77756260e-01,7.05536142e-05,8.46643371e-04,3.61661767e-06,4.70160297e-05,1.13336804e-05,1.47337846e-04,1.12964268e-04,1.58149975e-03,2.82970813e-04,4.24456219e-03,1.10378707e-05,1.54530190e-04,1.17481807e-04,1.76222711e-03,3.98179294e-08,6.37086870e-07,6.08621503e-09,1.03465656e-07,6.15082441e-10,1.10714839e-08,5.00869211e-10,8.51477659e-09,2.66043580e-08,4.78878445e-07,6.95097789e-06,1.39019558e-04
3.69111017e+02,1.00000000e-02,2.25218912e-03,3.22940092e+00,7.07670473e-01,7.07670473e-01,6.94390650e-02,2.77756260e-01,7.05536142e-05,8.46643371e-04,3.64743931e-06,4.74167111e-05,1.13028588e-05,1.46937164e-04,1.13215953e-04,1.58502334e-03,2.84528545e-04,4.26792817e-03,1.07861851e-05,1.51006591e-04,1.15924075e-04,1.73886112e-03,3.98179294e-08,6.37086870e-07,6.09870233e-09,1.03677940e-07,6.21655839e-10,1.11898051e-08,4.88381911e-10,8.30249249e-09,2.65977846e-08,4.78760123e-07,6.95097789e-06,1.39019558e-04
3.71460380e+02,1.00000000e-02,2.14923714e-03,3.22940092e+00,7.07670473e-01,7.07670473e-01,6.94390650e-02,2.77756260e-01,7.05536142e-05,8.46643371e-04,3.67817713e-06,4.78163027e-05,1.12721210e-05,1.46537573e-04,1.13461900e-04,1.58846660e-03,2.86065623e-04,4.29098434e-03,1.05402384e-05,1.47563337e-04,1.14386997e-04,1.71580496e-03,3.98179294e-08,6.37086870e-07,6.11087831e-09,1.03884931e-07,6.28227613e-10,1.13080970e-08,4.76205936e-10,8.09550091e-09,2.65912129e-08,4.78641832e-07,6.95097789e-06,1.39019558e-04
3.73809743e+02,1.00000000e-02,2.05109805e-03,3.22940092e+00,7.07670473e-01,7.07670473e-01,6.94390650e-02,2.77756260e-01,7.05536142e-05,8.46643371e-04,3.70883136e-06,4.82148077e-05,1.12414667e-05,1.46139068e-04,1.13702238e-04,1.59183134e-03,2.87582320e-04,4.31373479e-03,1.02998998e-05,1.44198597e-04,1.12870300e-04,1.69305450e-03,3.98179294e-08,6.37086870e-07,6.12275072e-09,1.04086762e-07,6.34797764e-10,1.14263597e-08,4.64333522e-10,7.89366988e-09,2.65846427e-08,4.78523569e-07,6.95097789e-06,1.39019558e-04
3.76159106e+02,1.00000000e-02,1.95948082e-03,3.22940092e+00,7.07670473e-01,7.07670473e-01,6.94390650e-02,2.77756260e-01,7.05536142e-05,8.46643371e-04,3.73940223e-06,4.86122290e-05,1.12108959e-05,1.45741646e-04,1.13937097e-04,1.59511936e-03,2.89078906e-04,4.33618359e-03,1.00650414e-05,1.40910579e-04,1.11373713e-04,1.67060570e-03,3.98179294e-08,6.37086870e-07,6.13432714e-09,1.04283561e-07,6.41366291e-10,1.15445932e-08,4.52757103e-10,7.69687076e-09,2.65780742e-08,4.78405335e-07,6.95097789e-06,1.39019558e-04
3.78508469e+02,1.00000000e-02,1.87062328e-03,3.22940092e+00,7.07670473e-01,7.07670473e-01,6.94390650e-02,2.77756260e-01,7.05536142e-05,8.46643371e-04,3.76988996e-06,4.90085695e-05,1.11804082e-05,1.45345306e-04,1.14166600e-04,1.59833240e-03,2.90555649e-04,4.35833474e-03,9.83553821e-06,1.37697535e-04,1.09896970e-04,1.64845456e-03,3.98179294e-08,6.37086870e-07,6.14561494e-09,1.04475454e-07,6.47933195e-10,1.16627975e-08,4.41469299e-10,7.50497808e-09,2.65715073e-08,4.78287131e-07,6.95097789e-06,1.39019558e-04
3.80857832e+02,1.00000000e-02,1.78993406e-03,3.22940092e+00,7.07670473e-01,7.07670473e-01,6.94390650e-02,2.77756260e-01,7.05536142e-05,8.46643371e-04,3.80029478e-06,4.94038322e-05,1.11500033e-05,1.44950043e-04,1.14390870e-04,1.60147218e-03,2.92012811e-04,4.38019217e-03,9.61126819e-06,1.34557755e-04,1.08439808e-04,1.62659712e-03,3.98179294e-08,6.37086870e-07,6.15662133e-09,1.04662563e-07,6.54498477e-10,1.17809726e-08,4.30462914e-10,7.31786953e-09,2.65649420e-08,4.78168956e-07,6.95097789e-06,1.39019558e-04
3.83207195e+02,1.00000000e-02,1.70954402e-03,3.22940092e+00,7.07670473e-01,7.07670473e-01,6.94390650e-02,2.77756260e-01,7.05536142e-05,8.46643371e-04,3.83061692e-06,4.97980199e-05,1.11196812e-05,1.44555856e-04,1.14610026e-04,1.60454037e-03,2.93450653e-04,4.40175979e-03,9.39211197e-06,1.31489568e-04,1.07001967e-04,1.60502951e-03,3.98179294e-08,6.37086870e-07,6.16735331e-09,1.04845006e-07,6.61062136e-10,1.18991184e-08,4.19730932e-10,7.13542584e-09,2.65583783e-08,4.78050810e-07,6.95097789e-06,1.39019558e-04
3.83537241e+02,1.00000000e-02,1.69943945e-03,3.22940092e+00,7.07670473e-01,7.07670473e-01,6.94390650e-02,2.77756260e-01,7.05536142e-05,8.46643371e-04,3.83487007e-06,4.98533108e-05,1.11154280e-05,1.44500565e-04,1.14640411e-04,1.60496576e-03,2.93651112e-04,4.40476669e-03,9.36172712e-06,1.31064180e-04,1.06801507e-04,1.60202261e-03,3.98179294e-08,6.37086870e-07,6.16883939e-09,1.04870270e-07,6.61984091e-10,1.19157136e-08,4.18244856e-10,7.11016254e-09,2.65574564e-08,4.78034215e-07,6.95097789e-06,1.39019558e-04
3.85556558e+02,1.00000000e-02,1.63761684e-03,3.22940092e+00,7.07670473e-01,7.07670473e-01,6.94390650e-02,2.77756260e-01,7.05536142e-05,8.46643371e-04,3.86085659e-06,5.01911357e-05,1.10894415e-05,1.44162740e-04,1.14824185e-04,1.60753859e-03,2.94869429e-04,4.42304143e-03,9.17795297e-06,1.28491342e-04,1.05583191e-04,1.58374786e-03,3.98179294e-08,6.37086870e-07,6.17781773e-09,1.05022901e-07,6.67624174e-10,1.20172351e-08,4.09266513e-10,6.95753072e-09,2.65518163e-08,4.77932693e-07,6.95097789e-06,1.39019558e-04
3.87905920e+02,1.00000000e-02,1.56568965e-03,3.22940092e+00,7.07670473e-01,7.07670473e-01,6.94390650e-02,2.77756260e-01,7.05536142e-05,8.46643371e-04,3.89101403e-06,5.05831824e-05,1.10592841e-05,1.43770693e-04,1.15033461e-04,1.61046845e-03,2.96269393e-04,4.44404090e-03,8.96867722e-06,1.25561481e-04,1.04183226e-04,1.56274840e-03,3.98179294e-08,6.37086870e-07,6.18802126e-09,1.05196361e-07,6.74184590e-10,1.21353226e-08,3.99062984e-10,6.78407073e-09,2.65452559e-08,4.77814606e-07,6.95097789e-06,1.39019558e-04
3.90255283e+02,1.00000000e-02,1.50024568e-03,3.22940092e+00,7.07670473e-01,7.07670473e-01,6.94390650e-02,2.77756260e-01,7.05536142e-05,8.46643371e-04,3.92108946e-06,5.09741630e-05,1.10292087e-05,1.43379713e-04,1.15237965e-04,1.61333151e-03,2.97650795e-04,4.46476193e-03,8.76417336e-06,1.22698427e-04,1.02801825e-04,1.54202737e-03,3.98179294e-08,6.37086870e-07,6.19797040e-09,1.05365497e-07,6.80743385e-10,1.22533809e-08,3.89113842e-10,6.61493531e-09,2.65386971e-08,4.77696548e-07,6.95097789e-06,1.39019558e-04
3.92604646e+02,1.00000000e-02,1.43676058e-03,3.22940092e+00,7.07670473e-01,7.07670473e-01,6.94390650e-02,2.77756260e-01,7.05536142e-05,8.46643371e-04,3.95108310e-06,5.13640803e-05,1.09992150e-05,1.42989795e-04,1.15437806e-04,1.61612928e-03,2.99013880e-04,4.48520820e-03,8.56433261e-06,1.19900656e-04,1.01438739e-04,1.52158109e-03,3.98179294e-08,6.37086870e-07,6.20767150e-09,1.05530415e-07,6.87300560e-10,1.23714101e-08,3.79412744e-10,6.45001665e-09,2.65321399e-08,4.77578518e-07,6.95097789e-06,1.39019558e-04
3.94954009e+02,1.00000000e-02,1.37657013e-03,3.22940092e+00,7.07670473e-01,7.07670473e-01,6.94390650e-02,2.77756260e-01,7.05536142e-05,8.46643371e-04,3.98099517e-06,5.17529372e-05,1.09693029e-05,1.42600938e-04,1.15633090e-04,1.61886325e-03,3.00358892e-04,4.50538338e-03,8.36904864e-06,1.17166681e-04,1.00093728e-04,1.50140592e-03,3.98179294e-08,6.37086870e-07,6.21713073e-09,1.05691222e-07,6.93856115e-10,1.24894101e-08,3.69953508e-10,6.28920964e-09,2.65255844e-08,4.77460518e-07,6.95097789e-06,1.39019558e-04
3.97303372e+02,1.00000000e-02,1.32036667e-03,3.22940092e+00,7.07670473e-01,7.07670473e-01,6.94390650e-02,2.77756260e-01,7.05536142e-05,8.46643371e-04,4.01082589e-06,5.21407366e-05,1.09394722e-05,1.42213139e-04,1.15823921e-04,1.62153489e-03,3.01686069e-04,4.52529104e-03,8.17821753e-06,1.14495045e-04,9.87665503e-05,1.48149825e-03,3.98179294e-08,6.37086870e-07,6.22635414e-09,1.05848020e-07,7.00410050e-10,1.26073809e-08,3.60730102e-10,6.13241173e-09,2.65190304e-08,4.77342548e-07,6.95097789e-06,1.39019558e-04
3.99652735e+02,1.00000000e-02,1.26469516e-03,3.22940092e+00,7.07670473e-01,7.07670473e-01,6.94390650e-02,2.77756260e-01,7.05536142e-05,8.46643371e-04,4.04057549e-06,5.25274814e-05,1.09097226e-05,1.41826394e-04,1.16010400e-04,1.62414561e-03,3.02995650e-04,4.54493474e-03,7.99173774e-06,1.11884328e-04,9.74569701e-05,1.46185455e-03,3.98179294e-08,6.37086870e-07,6.23534760e-09,1.06000909e-07,7.06962366e-10,1.27253226e-08,3.51736647e-10,5.97952299e-09,2.65124781e-08,4.77224606e-07,6.95097789e-06,1.39019558e-04
4.02002098e+02,1.00000000e-02,1.21467297e-03,3.22940092e+00,7.07670473e-01,7.07670473e-01,6.94390650e-02,2.77756260e-01,7.05536142e-05,8.46643371e-04,4.07024419e-06,5.29131745e-05,1.08800539e-05,1.41440701e-04,1.16192628e-04,1.62669679e-03,3.04287865e-04,4.56431798e-03,7.80951007e-06,1.09333141e-04,9.61647542e-05,1.44247131e-03,3.98179294e-08,6.37086870e-07,6.24411683e-09,1.06149986e-07,7.13513062e-10,1.28432351e-08,3.42967410e-10,5.83044597e-09,2.65059274e-08,4.77106693e-07,6.95097789e-06,1.39019558e-04
4.04351461e+02,1.00000000e-02,1.16465078e-03,3.22940092e+00,7.07670473e-01,7.07670473e-01,6.94390650e-02,2.77756260e-01,7.05536142e-05,8.46643371e-04,4.09983221e-06,5.32978187e-05,1.08504659e-05,1.41056057e-04,1.16370701e-04,1.62918981e-03,3.05562947e-04,4.58344421e-03,7.63143756e-06,1.06840126e-04,9.48896723e-05,1.42334508e-03,3.98179294e-08,6.37086870e-07,6.25266744e-09,1.06295347e-07,7.20062141e-10,1.29611185e-08,3.34416801e-10,5.68508562e-09,2.64993783e-08,4.76988810e-07,6.95097789e-06,1.39019558e-04
4.06446056e+02,1.00000000e-02,1.12337643e-03,3.22940092e+00,7.07670473e-01,7.07670473e-01,6.94390650e-02,2.77756260e-01,7.05536142e-05,8.46643371e-04,4.12614381e-06,5.36398695e-05,1.08241543e-05,1.40714006e-04,1.16526036e-04,1.63136451e-03,3.06685495e-04,4.60028243e-03,7.47610209e-06,1.04665429e-04,9.37671246e-05,1.40650687e-03,3.98179294e-08,6.37086870e-07,6.26011089e-09,1.06421885e-07,7.25899665e-10,1.30661940e-08,3.26973348e-10,5.55854692e-09,2.64935408e-08,4.76883735e-07,6.95097789e-06,1.39019558e-04
4.06700824e+02,1.00000000e-02,1.11859703e-03,3.22940092e+00,7.07670473e-01,7.07670473e-01,6.94390650e-02,2.77756260e-01,7.05536142e-05,8.46643371e-04,4.12933976e-06,5.36814168e-05,1.08209584e-05,1.40672459e-04,1.16544713e-04,1.63162598e-03,3.06821123e-04,4.60231684e-03,7.45742546e-06,1.04403956e-04,9.36314970e-05,1.40447246e-03,3.98179294e-08,6.37086870e-07,6.26100487e-09,1.06437083e-07,7.26609601e-10,1.30789728e-08,3.26079370e-10,5.54334929e-09,2.64928309e-08,4.76870956e-07,6.95097789e-06,1.39019558e-04
4.09050187e+02,1.00000000e-02,1.07452334e-03,3.22940092e+00,7.07670473e-01,7.07670473e-01,6.94390650e-02,2.77756260e-01,7.05536142e-05,8.46643371e-04,4.15876706e-06,5.40639718e-05,1.07915311e-05,1.40289904e-04,1.16714757e-04,1.63400660e-03,3.08062615e-04,4.62093923e-03,7.28738118e-06,1.02023337e-04,9.23900044e-05,1.38585007e-03,3.98179294e-08,6.37086870e-07,6.26913444e-09,1.06575286e-07,7.33155443e-10,1.31967980e-08,3.17949801e-10,5.40514661e-09,2.64862850e-08,4.76753131e-07,6.95097789e-06,1.39019558e-04
4.11399550e+02,1.00000000e-02,1.03145188e-03,3.22940092e+00,7.07670473e-01,7.07670473e-01,6.94390650e-02,2.77756260e-01,7.05536142e-05,8.46643371e-04,4.18811434e-06,5.44454865e-05,1.07621838e-05,1.39908389e-04,1.16880924e-04,1.63633294e-03,3.09287646e-04,4.63931470e-03,7.12121428e-06,9.96969999e-05,9.11649732e-05,1.36747460e-03,3.98179294e-08,6.37086870e-07,6.27706133e-09,1.06710043e-07,7.39699668e-10,1.33145940e-08,3.10022914e-10,5.27038953e-09,2.64797408e-08,4.76635335e-07,6.95097789e-06,1.39019558e-04
4.13748912e+02,1.00000000e-02,9.92544292e-04,3.22940092e+00,7.07670473e-01,7.07670473e-01,6.94390650e-02,2.77756260e-01,7.05536142e-05,8.46643371e-04,4.21738181e-06,5.48259636e-05,1.07329163e-05,1.39527912e-04,1.17043302e-04,1.63860623e-03,3.10496435e-04,4.65744652e-03,6.95883628e-06,9.74237079e-05,8.99561850e-05,1.34934277e-03,3.98179294e-08,6.37086870e-07,6.28479059e-09,1.06841440e-07,7.46242276e-10,1.34323610e-08,3.02293652e-10,5.13899208e-09,2.64731982e-08,4.76517568e-07,6.95097789e-06,1.39019558e-04
4.16098275e+02,1.00000000e-02,9.53636707e-04,3.22940092e+00,7.07670473e-01,7.07670473e-01,6.94390650e-02,2.77756260e-01,7.05536142e-05,8.46643371e-04,4.24656969e-06,5.52054060e-05,1.07037284e-05,1.39148469e-04,1.17201977e-04,1.64082768e-03,3.11689195e-04,4.67533793e-03,6.80016083e-06,9.52022516e-05,8.87634246e-05,1.33145137e-03,3.98179294e-08,6.37086870e-07,6.29232715e-09,1.06969562e-07,7.52783267e-10,1.35500988e-08,2.94757090e-10,5.01087054e-09,2.64666572e-08,4.76399830e-07,6.95097789e-06,1.39019558e-04
4.18447638e+02,1.00000000e-02,9.17645672e-04,3.22940092e+00,7.07670473e-01,7.07670473e-01,6.94390650e-02,2.77756260e-01,7.05536142e-05,8.46643371e-04,4.27567819e-06,5.55838165e-05,1.06746199e-05,1.38770059e-04,1.17357035e-04,1.64299849e-03,3.12866140e-04,4.69299210e-03,6.64510352e-06,9.30314493e-05,8.75864795e-05,1.31379719e-03,3.98179294e-08,6.37086870e-07,6.29967582e-09,1.07094489e-07,7.59322642e-10,1.36678076e-08,2.87408426e-10,4.88594325e-09,2.64601178e-08,4.76282121e-07,6.95097789e-06,1.39019558e-04
4.20797001e+02,1.00000000e-02,8.83124330e-04,3.22940092e+00,7.07670473e-01,7.07670473e-01,6.94390650e-02,2.77756260e-01,7.05536142e-05,8.46643371e-04,4.30470754e-06,5.59611980e-05,1.06455906e-05,1.38392678e-04,1.17508556e-04,1.64511979e-03,3.14027480e-04,4.71041220e-03,6.49358181e-06,9.09101453e-05,8.64251397e-05,1.29637710e-03,3.98179294e-08,6.37086870e-07,6.30684127e-09,1.07216302e-07,7.65860402e-10,1.37854872e-08,2.80242972e-10,4.76413052e-09,2.64535801e-08,4.76164441e-07,6.95097789e-06,1.39019558e-04
4.23146364e+02,1.00000000e-02,8.48914676e-04,3.22940092e+00,7.07670473e-01,7.07670473e-01,6.94390650e-02,2.77756260e-01,7.05536142e-05,8.46643371e-04,4.33365793e-06,5.63375532e-05,1.06166402e-05,1.38016322e-04,1.17656623e-04,1.64719272e-03,3.15173421e-04,4.72760132e-03,6.34551510e-06,8.88372114e-05,8.52791987e-05,1.27918798e-03,3.98179294e-08,6.37086870e-07,6.31382808e-09,1.07335077e-07,7.72396546e-10,1.39031378e-08,2.73256162e-10,4.64535476e-09,2.64470439e-08,4.76046791e-07,6.95097789e-06,1.39019558e-04
4.25495727e+02,1.00000000e-02,8.18382905e-04,3.22940092e+00,7.07670473e-01,7.07670473e-01,6.94390650e-02,2.77756260e-01,7.05536142e-05,8.46643371e-04,4.36252960e-06,5.67128848e-05,1.05877685e-05,1.37640991e-04,1.17801314e-04,1.64921839e-03,3.16304168e-04,4.74456251e-03,6.20082462e-06,8.68115446e-05,8.41484521e-05,1.26222678e-03,3.98179294e-08,6.37086870e-07,6.32064070e-09,1.07450892e-07,7.78931075e-10,1.40207594e-08,2.66443543e-10,4.52954022e-09,2.64405094e-08,4.75929169e-07,6.95097789e-06,1.39019558e-04
4.27845090e+02,1.00000000e-02,7.87851135e-04,3.22940092e+00,7.07670473e-01,7.07670473e-01,6.94390650e-02,2.77756260e-01,7.05536142e-05,8.46643371e-04,4.39132276e-06,5.70871958e-05,1.05589754e-05,1.37266680e-04,1.17942705e-04,1.65119787e-03,3.17419921e-04,4.76129882e-03,6.05943335e-06,8.48320669e-05,8.30326984e-05,1.24549048e-03,3.98179294e-08,6.37086870e-07,6.32728347e-09,1.07563819e-07,7.85463990e-10,1.41383518e-08,2.59800769e-10,4.41661308e-09,2.64339765e-08,4.75811577e-07,6.95097789e-06,1.39019558e-04
4.30194453e+02,1.00000000e-02,7.58830466e-04,3.22940092e+00,7.07670473e-01,7.07670473e-01,6.94390650e-02,2.77756260e-01,7.05536142e-05,8.46643371e-04,4.42003761e-06,5.74604889e-05,1.05302605e-05,1.36893387e-04,1.18080872e-04,1.65313221e-03,3.18520881e-04,4.77781321e-03,5.92126610e-06,8.28977254e-05,8.19317389e-05,1.22897608e-03,3.98179294e-08,6.37086870e-07,6.33376063e-09,1.07673931e-07,7.91995291e-10,1.42559152e-08,2.53323609e-10,4.30650136e-09,2.64274452e-08,4.75694013e-07,6.95097789e-06,1.39019558e-04
4.30723223e+02,1.00000000e-02,7.52746514e-04,3.22940092e+00,7.07670473e-01,7.07670473e-01,6.94390650e-02,2.77756260e-01,7.05536142e-05,8.46643371e-04,4.42648967e-06,5.75443657e-05,1.05238084e-05,1.36809510e-04,1.18111532e-04,1.65356145e-03,3.18766654e-04,4.78149981e-03,5.89060578e-06,8.24684809e-05,8.16859659e-05,1.22528949e-03,3.98179294e-08,6.37086870e-07,6.33519604e-09,1.07698333e-07,7.93465065e-10,1.42823712e-08,2.51888206e-10,4.28209950e-09,2.64259754e-08,4.75667557e-07,6.95097789e-06,1.39019558e-04
4.32543816e+02,1.00000000e-02,7.31799030e-04,3.22940092e+00,7.07670473e-01,7.07670473e-01,6.94390650e-02,2.77756260e-01,7.05536142e-05,8.46643371e-04,4.44867437e-06,5.78327668e-05,1.05016237e-05,1.36521109e-04,1.18215889e-04,1.65502244e-03,3.19607242e-04,4.79410863e-03,5.78624934e-06,8.10074907e-05,8.08453774e-05,1.21268066e-03,3.98179294e-08,6.37086870e-07,6.34007631e-09,1.07781297e-07,7.98524977e-10,1.43734496e-08,2.47007933e-10,4.19913486e-09,2.64209155e-08,4.75576479e-07,6.95097789e-06,1.39019558e-04
4.34893179e+02,1.00000000e-02,7.04767594e-04,3.22940092e+00,7.07670473e-01,7.07670473e-01,6.94390650e-02,2.77756260e-01,7.05536142e-05,8.46643371e-04,4.47723325e-06,5.82040323e-05,1.04730649e-05,1.36149843e-04,1.18347827e-04,1.65686958e-03,3.20679199e-04,4.81018799e-03,5.65431125e-06,7.91603575e-05,7.97734204e-05,1.19660131e-03,3.98179294e-08,6.37086870e-07,6.34623453e-09,1.07885987e-07,8.05053051e-10,1.44909549e-08,2.40849715e-10,4.09444516e-09,2.64143874e-08,4.75458974e-07,6.95097789e-06,1.39019558e-04
4.37242542e+02,1.00000000e-02,6.80012071e-04,3.22940092e+00,7.07670473e-01,7.07670473e-01,6.94390650e-02,2.77756260e-01,7.05536142e-05,8.46643371e-04,4.50571447e-06,5.85742881e-05,1.04445836e-05,1.35779587e-04,1.18476757e-04,1.65867459e-03,3.21736943e-04,4.82605414e-03,5.52538160e-06,7.73553424e-05,7.87156768e-05,1.18073515e-03,3.98179294e-08,6.37086870e-07,6.35223921e-09,1.07988067e-07,8.11579511e-10,1.46084312e-08,2.34845029e-10,3.99236550e-09,2.64078610e-08,4.75341497e-07,6.95097789e-06,1.39019558e-04
4.39591904e+02,1.00000000e-02,6.56125274e-04,3.22940092e+00,7.07670473e-01,7.07670473e-01,6.94390650e-02,2.77756260e-01,7.05536142e-05,8.46643371e-04,4.53411824e-06,5.89435371e-05,1.04161799e-05,1.35410338e-04,1.18602746e-04,1.66043845e-03,3.22780661e-04,4.84170992e-03,5.39939179e-06,7.55914850e-05,7.76719582e-05,1.16507937e-03,3.98179294e-08,6.37086870e-07,6.35809420e-09,1.08087601e-07,8.18104359e-10,1.47258785e-08,2.28990046e-10,3.89283079e-09,2.64013361e-08,4.75224050e-07,6.95097789e-06,1.39019558e-04
4.41941267e+02,1.00000000e-02,6.32238476e-04,3.22940092e+00,7.07670473e-01,7.07670473e-01,6.94390650e-02,2.77756260e-01,7.05536142e-05,8.46643371e-04,4.56244476e-06,5.93117819e-05,1.03878534e-05,1.35042094e-04,1.18725863e-04,1.66216209e-03,3.23810541e-04,4.85715812e-03,5.27627481e-06,7.38678473e-05,7.66420786e-05,1.14963118e-03,3.98179294e-08,6.37086870e-07,6.36380321e-09,1.08184655e-07,8.24627595e-10,1.48432967e-08,2.23281036e-10,3.79577762e-09,2.63948129e-08,4.75106632e-07,6.95097789e-06,1.39019558e-04
4.44290630e+02,1.00000000e-02,6.10991233e-04,3.22940092e+00,7.07670473e-01,7.07670473e-01,6.94390650e-02,2.77756260e-01,7.05536142e-05,8.46643371e-04,4.59069425e-06,5.96790252e-05,1.03596039e-05,1.34674850e-04,1.18846173e-04,1.66384642e-03,3.24826765e-04,4.87240148e-03,5.15596515e-06,7.21835120e-05,7.56258546e-05,1.13438782e-03,3.98179294e-08,6.37086870e-07,6.36936988e-09,1.08279288e-07,8.31149219e-10,1.49606859e-08,2.17714359e-10,3.70114411e-09,2.63882913e-08,4.74989243e-07,6.95097789e-06,1.39019558e-04
4.46639993e+02,1.00000000e-02,5.89876091e-04,3.22940092e+00,7.07670473e-01,7.07670473e-01,6.94390650e-02,2.77756260e-01,7.05536142e-05,8.46643371e-04,4.61886691e-06,6.00452699e-05,1.03314312e-05,1.34308606e-04,1.18963739e-04,1.66549235e-03,3.25829515e-04,4.88744272e-03,5.03839878e-06,7.05375830e-05,7.46231050e-05,1.11934657e-03,3.98179294e-08,6.37086870e-07,6.37479778e-09,1.08371562e-07,8.37669231e-10,1.50780462e-08,2.12286466e-10,3.60886993e-09,2.63817712e-08,4.74871882e-07,6.95097789e-06,1.39019558e-04
4.48989356e+02,1.00000000e-02,5.69040334e-04,3.22940092e+00,7.07670473e-01,7.07670473e-01,6.94390650e-02,2.77756260e-01,7.05536142e-05,8.46643371e-04,4.64696296e-06,6.04105185e-05,1.03033352e-05,1.33943357e-04,1.19078625e-04,1.66710075e-03,3.26818968e-04,4.90228453e-03,4.92351317e-06,6.89291844e-05,7.36336512e-05,1.10450477e-03,3.98179294e-08,6.37086870e-07,6.38009035e-09,1.08461536e-07,8.44187633e-10,1.51953774e-08,2.06993898e-10,3.51889626e-09,2.63752528e-08,4.74754551e-07,6.95097789e-06,1.39019558e-04
4.51338719e+02,1.00000000e-02,5.50343864e-04,3.22940092e+00,7.07670473e-01,7.07670473e-01,6.94390650e-02,2.77756260e-01,7.05536142e-05,8.46643371e-04,4.67498261e-06,6.07747739e-05,1.02753155e-05,1.33579102e-04,1.19190891e-04,1.66867247e-03,3.27795303e-04,4.91692954e-03,4.81124718e-06,6.73574605e-05,7.26573169e-05,1.08985975e-03,3.98179294e-08,6.37086870e-07,6.38525096e-09,1.08549266e-07,8.50704424e-10,1.53126796e-08,2.01833279e-10,3.43116575e-09,2.63687361e-08,4.74637249e-07,6.95097789e-06,1.39019558e-04
4.53688082e+02,1.00000000e-02,5.31647394e-04,3.22940092e+00,7.07670473e-01,7.07670473e-01,6.94390650e-02,2.77756260e-01,7.05536142e-05,8.46643371e-04,4.70292605e-06,6.11380387e-05,1.02473721e-05,1.33215837e-04,1.19300597e-04,1.67020836e-03,3.28758691e-04,4.93138037e-03,4.70154108e-06,6.58215751e-05,7.16939282e-05,1.07540892e-03,3.98179294e-08,6.37086870e-07,6.39028292e-09,1.08634810e-07,8.57219605e-10,1.54299529e-08,1.96801322e-10,3.34562247e-09,2.63622209e-08,4.74519976e-07,6.95097789e-06,1.39019558e-04
4.56037445e+02,1.00000000e-02,5.13419757e-04,3.22940092e+00,7.07670473e-01,7.07670473e-01,6.94390650e-02,2.77756260e-01,7.05536142e-05,8.46643371e-04,4.73079351e-06,6.15003156e-05,1.02195046e-05,1.32853560e-04,1.19407802e-04,1.67170922e-03,3.29709306e-04,4.94563959e-03,4.59433650e-06,6.43207110e-05,7.07433135e-05,1.06114970e-03,3.98179294e-08,6.37086870e-07,6.39518943e-09,1.08718220e-07,8.63733176e-10,1.55471972e-08,1.91894817e-10,3.26221189e-09,2.63557073e-08,4.74402731e-07,6.95097789e-06,1.39019558e-04
4.56450473e+02,1.00000000e-02,5.10523056e-04,3.22940092e+00,7.07670473e-01,7.07670473e-01,6.94390650e-02,2.77756260e-01,7.05536142e-05,8.46643371e-04,4.73568489e-06,6.15639035e-05,1.02146132e-05,1.32789972e-04,1.19426395e-04,1.67196952e-03,3.29875121e-04,4.94812681e-03,4.57574371e-06,6.40604119e-05,7.05774987e-05,1.05866248e-03,3.98179294e-08,6.37086870e-07,6.39603928e-09,1.08732668e-07,8.64878125e-10,1.55678062e-08,1.91044962e-10,3.24776436e-09,2.63545624e-08,4.74382122e-07,6.95097789e-06,1.39019558e-04
4.58386808e+02,1.00000000e-02,4.96942922e-04,3.22940092e+00,7.07670473e-01,7.07670473e-01,6.94390650e-02,2.77756260e-01,7.05536142e-05,8.46643371e-04,4.75858517e-06,6.18616073e-05,1.01917129e-05,1.32492268e-04,1.19512562e-04,1.67317587e-03,3.30647317e-04,4.95970975e-03,4.48957639e-06,6.28540695e-05,6.98053032e-05,1.04707955e-03,3.98179294e-08,6.37086870e-07,6.39997361e-09,1.08799551e-07,8.70245138e-10,1.56644125e-08,1.87110637e-10,3.18088084e-09,2.63491953e-08,4.74285516e-07,6.95097789e-06,1.39019558e-04
4.60736171e+02,1.00000000e-02,4.80466087e-04,3.22940092e+00,7.07670473e-01,7.07670473e-01,6.94390650e-02,2.77756260e-01,7.05536142e-05,8.46643371e-04,4.78630126e-06,6.22219164e-05,1.01639968e-05,1.32131959e-04,1.19614933e-04,1.67460906e-03,3.31572889e-04,4.97359334e-03,4.38720503e-06,6.14208704e-05,6.88797303e-05,1.03319595e-03,3.98179294e-08,6.37086870e-07,6.40463851e-09,1.08878855e-07,8.76755491e-10,1.57815988e-08,1.82445734e-10,3.10157748e-09,2.63426850e-08,4.74168330e-07,6.95097789e-06,1.39019558e-04
4.63085534e+02,1.00000000e-02,4.64432097e-04,3.22940092e+00,7.07670473e-01,7.07670473e-01,6.94390650e-02,2.77756260e-01,7.05536142e-05,8.46643371e-04,4.81394198e-06,6.25812458e-05,1.01363561e-05,1.31772630e-04,1.19714970e-04,1.67600958e-03,3.32486190e-04,4.98729285e-03,4.28716794e-06,6.00203512e-05,6.79664299e-05,1.01949645e-03,3.98179294e-08,6.37086870e-07,6.40918711e-09,1.08956181e-07,8.83264235e-10,1.58987562e-08,1.77897132e-10,3.02425125e-09,2.63361762e-08,4.74051172e-07,6.95097789e-06,1.39019558e-04
4.65434896e+02,1.00000000e-02,4.49821065e-04,3.22940092e+00,7.07670473e-01,7.07670473e-01,6.94390650e-02,2.77756260e-01,7.05536142e-05,8.46643371e-04,4.84150753e-06,6.29395979e-05,1.01087906e-05,1.31414278e-04,1.19812726e-04,1.67737817e-03,3.33387380e-04,5.00081071e-03,4.18941190e-06,5.86517666e-05,6.70652393e-05,1.00597859e-03,3.98179294e-08,6.37086870e-07,6.41362231e-09,1.09031579e-07,8.89771371e-10,1.60158847e-08,1.73461933e-10,2.94885286e-09,2.63296691e-08,4.73934044e-07,6.95097789e-06,1.39019558e-04
4.67784259e+02,1.00000000e-02,4.35210032e-04,3.22940092e+00,7.07670473e-01,7.07670473e-01,6.94390650e-02,2.77756260e-01,7.05536142e-05,8.46643371e-04,4.86899812e-06,6.32969755e-05,1.00813000e-05,1.31056900e-04,1.19908253e-04,1.67871555e-03,3.34276622e-04,5.01414933e-03,4.09388490e-06,5.73143885e-05,6.61759979e-05,9.92639969e-04,3.98179294e-08,6.37086870e-07,6.41794693e-09,1.09105098e-07,8.96276900e-10,1.61329842e-08,1.69137308e-10,2.87533424e-09,2.63231636e-08,4.73816944e-07,6.95097789e-06,1.39019558e-04
4.70133622e+02,1.00000000e-02,4.20929711e-04,3.22940092e+00,7.07670473e-01,7.07670473e-01,6.94390650e-02,2.77756260e-01,7.05536142e-05,8.46643371e-04,4.89641394e-06,6.36533812e-05,1.00538842e-05,1.30700494e-04,1.20001602e-04,1.68002243e-03,3.35154072e-04,5.02731109e-03,4.00053610e-06,5.60075053e-05,6.52985473e-05,9.79478210e-04,3.98179294e-08,6.37086870e-07,6.42216374e-09,1.09176784e-07,9.02780821e-10,1.62500548e-08,1.64920503e-10,2.80364854e-09,2.63166597e-08,4.73699874e-07,6.95097789e-06,1.39019558e-04
4.72482985e+02,1.00000000e-02,4.08043791e-04,3.22940092e+00,7.07670473e-01,7.07670473e-01,6.94390650e-02,2.77756260e-01,7.05536142e-05,8.46643371e-04,4.92375521e-06,6.40088177e-05,1.00265429e-05,1.30345058e-04,1.20092822e-04,1.68129951e-03,3.36019889e-04,5.04029833e-03,3.90931584e-06,5.47304217e-05,6.44327311e-05,9.66490967e-04,3.98179294e-08,6.37086870e-07,6.42627542e-09,1.09246682e-07,9.09283134e-10,1.63670964e-08,1.60808827e-10,2.73375006e-09,2.63101573e-08,4.73582832e-07,6.95097789e-06,1.39019558e-04
4.74832348e+02,1.00000000e-02,3.95157871e-04,3.22940092e+00,7.07670473e-01,7.07670473e-01,6.94390650e-02,2.77756260e-01,7.05536142e-05,8.46643371e-04,4.95102212e-06,6.43632876e-05,9.99927599e-06,1.29990588e-04,1.20181963e-04,1.68254748e-03,3.36874225e-04,5.05311337e-03,3.82017559e-06,5.34824582e-05,6.35783951e-05,9.53675926e-04,3.98179294e-08,6.37086870e-07,6.43028458e-09,1.09314838e-07,9.15783842e-10,1.64841092e-08,1.56799661e-10,2.66559423e-09,2.63036566e-08,4.73465819e-07,6.95097789e-06,1.39019558e-04
4.77181711e+02,1.00000000e-02,3.82379758e-04,3.22940092e+00,7.07670473e-01,7.07670473e-01,6.94390650e-02,2.77756260e-01,7.05536142e-05,8.46643371e-04,4.97821489e-06,6.47167935e-05,9.97208323e-06,1.29637082e-04,1.20269070e-04,1.68376698e-03,3.37717233e-04,5.06575849e-03,3.73306791e-06,5.22629507e-05,6.27353870e-05,9.41030805e-04,3.98179294e-08,6.37086870e-07,6.43419380e-09,1.09381295e-07,9.22282943e-10,1.66010930e-08,1.52890448e-10,2.59913761e-09,2.62971575e-08,4.73348836e-07,6.95097789e-06,1.39019558e-04
4.79531074e+02,1.00000000e-02,3.70990736e-04,3.22940092e+00,7.07670473e-01,7.07670473e-01,6.94390650e-02,2.77756260e-01,7.05536142e-05,8.46643371e-04,5.00533370e-06,6.50693381e-05,9.94496441e-06,1.29284537e-04,1.20354192e-04,1.68495868e-03,3.38549063e-04,5.07823595e-03,3.64794646e-06,5.10712505e-05,6.19035566e-05,9.28553349e-04,3.98179294e-08,6.37086870e-07,6.43800555e-09,1.09446094e-07,9.28780438e-10,1.67180479e-08,1.49078697e-10,2.53433784e-09,2.62906600e-08,4.73231881e-07,6.95097789e-06,1.39019558e-04
4.81880437e+02,1.00000000e-02,3.59601714e-04,3.22940092e+00,7.07670473e-01,7.07670473e-01,6.94390650e-02,2.77756260e-01,7.05536142e-05,8.46643371e-04,5.03237876e-06,6.54209239e-05,9.91791935e-06,1.28932952e-04,1.20437372e-04,1.68612321e-03,3.39369864e-04,5.09054796e-03,3.56476595e-06,4.99067234e-05,6.10827558e-05,9.16241336e-04,3.98179294e-08,6.37086870e-07,6.44172227e-09,1.09509279e-07,9.35276328e-10,1.68349739e-08,1.45361977e-10,2.47115361e-09,2.62841641e-08,4.73114955e-07,6.95097789e-06,1.39019558e-04
4.83714421e+02,1.00000000e-02,3.50711096e-04,3.22940092e+00,7.07670473e-01,7.07670473e-01,6.94390650e-02,2.77756260e-01,7.05536142e-05,8.46643371e-04,5.05343984e-06,6.56947179e-05,9.89685827e-06,1.28659158e-04,1.20500985e-04,1.68701379e-03,3.40003035e-04,5.10004552e-03,3.50115313e-06,4.90161438e-05,6.04495848e-05,9.06743773e-04,3.98179294e-08,6.37086870e-07,6.44455913e-09,1.09557505e-07,9.40346103e-10,1.69262299e-08,1.42525112e-10,2.42292690e-09,2.62790944e-08,4.73023699e-07,6.95097789e-06,1.39019558e-04
4.84229800e+02,1.00000000e-02,3.48212693e-04,3.22940092e+00,7.07670473e-01,7.07670473e-01,6.94390650e-02,2.77756260e-01,7.05536142e-05,8.46643371e-04,5.05935028e-06,6.57715537e-05,9.89094783e-06,1.28582322e-04,1.20518656e-04,1.68726119e-03,3.40179782e-04,5.10269672e-03,3.48348213e-06,4.87687498e-05,6.02728382e-05,9.04092573e-04,3.98179294e-08,6.37086870e-07,6.44534632e-09,1.09570887e-07,9.41770613e-10,1.69518710e-08,1.41737920e-10,2.40954464e-09,2.62776699e-08,4.72998058e-07,6.95097789e-06,1.39019558e-04
4.86579163e+02,1.00000000e-02,3.37999806e-04,3.22940092e+00,7.07670473e-01,7.07670473e-01,6.94390650e-02,2.77756260e-01,7.05536142e-05,8.46643371e-04,5.08624845e-06,6.61212298e-05,9.86404967e-06,1.28232646e-04,1.20598086e-04,1.68837321e-03,3.40978960e-04,5.11468440e-03,3.40405174e-06,4.76567244e-05,5.94736596e-05,8.92104894e-04,3.98179294e-08,6.37086870e-07,6.44888003e-09,1.09630960e-07,9.48263293e-10,1.70687393e-08,1.38204215e-10,2.34947166e-09,2.62711772e-08,4.72881189e-07,6.95097789e-06,1.39019558e-04
4.88928526e+02,1.00000000e-02,3.27953466e-04,3.22940092e+00,7.07670473e-01,7.07670473e-01,6.94390650e-02,2.77756260e-01,7.05536142e-05,8.46643371e-04,5.11307347e-06,6.64699551e-05,9.83722465e-06,1.27883920e-04,1.20675706e-04,1.68945988e-03,3.41767542e-04,5.12651313e-03,3.32643252e-06,4.65700553e-05,5.86850776e-05,8.80276164e-04,3.98179294e-08,6.37086870e-07,6.45232563e-09,1.09689536e-07,9.54754370e-10,1.71855787e-08,1.34758610e-10,2.29089637e-09,2.62646861e-08,4.72764350e-07,6.95097789e-06,1.39019558e-04
4.91277888e+02,1.00000000e-02,3.17907125e-04,3.22940092e+00,7.07670473e-01,7.07670473e-01,6.94390650e-02,2.77756260e-01,7.05536142e-05,8.46643371e-04,5.13982554e-06,6.68177320e-05,9.81047258e-06,1.27536144e-04,1.20751555e-04,1.69052177e-03,3.42545668e-04,5.13818502e-03,3.25058318e-06,4.55081645e-05,5.79069517e-05,8.68604275e-04,3.98179294e-08,6.37086870e-07,6.45568533e-09,1.09746651e-07,9.61243842e-10,1.73023892e-08,1.31398909e-10,2.23378145e-09,2.62581966e-08,4.72647539e-07,6.95097789e-06,1.39019558e-04
4.93627251e+02,1.00000000e-02,3.08562307e-04,3.22940092e+00,7.07670473e-01,7.07670473e-01,6.94390650e-02,2.77756260e-01,7.05536142e-05,8.46643371e-04,5.16650485e-06,6.71645631e-05,9.78379326e-06,1.27189312e-04,1.20825675e-04,1.69155945e-03,3.43313476e-04,5.14970215e-03,3.17646335e-06,4.44704869e-05,5.71391432e-05,8.57087148e-04,3.98179294e-08,6.37086870e-07,6.45896127e-09,1.09802342e-07,9.67731711e-10,1.74191708e-08,1.28122968e-10,2.17809046e-09,2.62517088e-08,4.72530758e-07,6.95097789e-06,1.39019558e-04
4.95976614e+02,1.00000000e-02,2.99682960e-04,3.22940092e+00,7.07670473e-01,7.07670473e-01,6.94390650e-02,2.77756260e-01,7.05536142e-05,8.46643371e-04,5.19311162e-06,6.75104510e-05,9.75718650e-06,1.26843424e-04,1.20898105e-04,1.69257346e-03,3.44071104e-04,5.16106656e-03,3.10403361e-06,4.34564705e-05,5.63815154e-05,8.45722731e-04,3.98179294e-08,6.37086870e-07,6.46215554e-09,1.09856644e-07,9.74217977e-10,1.75359236e-08,1.24928702e-10,2.12378793e-09,2.62452225e-08,4.72414005e-07,6.95097789e-06,1.39019558e-04
4.98325977e+02,1.00000000e-02,2.90803613e-04,3.22940092e+00,7.07670473e-01,7.07670473e-01,6.94390650e-02,2.77756260e-01,7.05536142e-05,8.46643371e-04,5.21964602e-06,6.78553983e-05,9.73065209e-06,1.26498477e-04,1.20968883e-04,1.69356436e-03,3.44818686e-04,5.17228030e-03,3.03325540e-06,4.24655757e-05,5.56339332e-05,8.34508998e-04,3.98179294e-08,6.37086870e-07,6.46527017e-09,1.09909593e-07,9.80702640e-10,1.76526475e-08,1.21814072e-10,2.07083922e-09,2.62387378e-08,4.72297281e-07,6.95097789e-06,1.39019558e-04
5.00675340e+02,1.00000000e-02,2.82176773e-04,3.22940092e+00,7.07670473e-01,7.07670473e-01,6.94390650e-02,2.77756260e-01,7.05536142e-05,8.46643371e-04,5.24610827e-06,6.81994075e-05,9.70418984e-06,1.26154468e-04,1.21038047e-04,1.69453266e-03,3.45556356e-04,5.18334534e-03,2.96409109e-06,4.14972752e-05,5.48962635e-05,8.23443953e-04,3.98179294e-08,6.37086870e-07,6.46830715e-09,1.09961222e-07,9.87185701e-10,1.77693426e-08,1.18777094e-10,2.01921059e-09,2.62322548e-08,4.72180586e-07,6.95097789e-06,1.39019558e-04
5.03024703e+02,1.00000000e-02,2.74327929e-04,3.22940092e+00,7.07670473e-01,7.07670473e-01,6.94390650e-02,2.77756260e-01,7.05536142e-05,8.46643371e-04,5.27249856e-06,6.85424812e-05,9.67779956e-06,1.25811394e-04,1.21105634e-04,1.69547888e-03,3.46284245e-04,5.19426367e-03,2.89650386e-06,4.05510540e-05,5.41683748e-05,8.12525622e-04,3.98179294e-08,6.37086870e-07,6.47126841e-09,1.10011563e-07,9.93667160e-10,1.78860089e-08,1.15815831e-10,1.96886913e-09,2.62257733e-08,4.72063920e-07,6.95097789e-06,1.39019558e-04
5.05374066e+02,1.00000000e-02,2.66479084e-04,3.22940092e+00,7.07670473e-01,7.07670473e-01,6.94390650e-02,2.77756260e-01,7.05536142e-05,8.46643371e-04,5.29881707e-06,6.88846219e-05,9.65148104e-06,1.25469254e-04,1.21171680e-04,1.69640353e-03,3.47002482e-04,5.20503723e-03,2.83045775e-06,3.96264085e-05,5.34501374e-05,8.01752061e-04,3.98179294e-08,6.37086870e-07,6.47415585e-09,1.10060649e-07,1.00014702e-09,1.80026463e-08,1.12928397e-10,1.91978275e-09,2.62192935e-08,4.71947282e-07,6.95097789e-06,1.39019558e-04
5.07723429e+02,1.00000000e-02,2.58630240e-04,3.22940092e+00,7.07670473e-01,7.07670473e-01,6.94390650e-02,2.77756260e-01,7.05536142e-05,8.46643371e-04,5.32506402e-06,6.92258322e-05,9.62523410e-06,1.25128043e-04,1.21236221e-04,1.69730709e-03,3.47711196e-04,5.21566794e-03,2.76591763e-06,3.87228468e-05,5.27414234e-05,7.91121351e-04,3.98179294e-08,6.37086870e-07,6.47697129e-09,1.10108512e-07,1.00662527e-09,1.81192549e-08,1.10112950e-10,1.87192015e-09,2.62128152e-08,4.71830674e-07,6.95097789e-06,1.39019558e-04
5.10072792e+02,1.00000000e-02,2.51530081e-04,3.22940092e+00,7.07670473e-01,7.07670473e-01,6.94390650e-02,2.77756260e-01,7.05536142e-05,8.46643371e-04,5.35123958e-06,6.95661146e-05,9.59905853e-06,1.24787761e-04,1.21299289e-04,1.69819005e-03,3.48410513e-04,5.22615770e-03,2.70284915e-06,3.78398881e-05,5.20421065e-05,7.80631597e-04,3.98179294e-08,6.37086870e-07,6.47971655e-09,1.10155181e-07,1.01310193e-09,1.82358348e-08,1.07367695e-10,1.82525082e-09,2.62063385e-08,4.71714094e-07,6.95097789e-06,1.39019558e-04
5.12422155e+02,1.00000000e-02,2.44611239e-04,3.22940092e+00,7.07670473e-01,7.07670473e-01,6.94390650e-02,2.77756260e-01,7.05536142e-05,8.46643371e-04,5.37734397e-06,6.99054716e-05,9.57295415e-06,1.24448404e-04,1.21360919e-04,1.69905287e-03,3.49100558e-04,5.23650836e-03,2.64121876e-06,3.69770626e-05,5.13520620e-05,7.70280931e-04,3.98179294e-08,6.37086870e-07,6.48239336e-09,1.10200687e-07,1.01957699e-09,1.83523858e-08,1.04690884e-10,1.77974502e-09,2.61998635e-08,4.71597543e-07,6.95097789e-06,1.39019558e-04
5.12606855e+02,1.00000000e-02,2.44067300e-04,3.22940092e+00,7.07670473e-01,7.07670473e-01,6.94390650e-02,2.77756260e-01,7.05536142e-05,8.46643371e-04,5.37939320e-06,6.99321116e-05,9.57090491e-06,1.24421764e-04,1.21365705e-04,1.69911987e-03,3.49154417e-04,5.23731626e-03,2.63643357e-06,3.69100700e-05,5.12982023e-05,7.69473035e-04,3.98179294e-08,6.37086870e-07,6.48260095e-09,1.10204216e-07,1.02008597e-09,1.83615474e-08,1.04483292e-10,1.77621597e-09,2.61993545e-08,4.71588381e-07,6.95097789e-06,1.39019558e-04
5.14771518e+02,1.00000000e-02,2.37692397e-04,3.22940092e+00,7.07670473e-01,7.07670473e-01,6.94390650e-02,2.77756260e-01,7.05536142e-05,8.46643371e-04,5.40337736e-06,7.02439056e-05,9.54692076e-06,1.24109970e-04,1.21421145e-04,1.69989602e-03,3.49781452e-04,5.24672179e-03,2.58099367e-06,3.61339114e-05,5.06711672e-05,7.60067508e-04,3.98179294e-08,6.37086870e-07,6.48500343e-09,1.10245058e-07,1.02605044e-09,1.84689080e-08,1.02080809e-10,1.73537375e-09,2.61933900e-08,4.71481021e-07,6.95097789e-06,1.39019558e-04
5.17120880e+02,1.00000000e-02,2.30998288e-04,3.22940092e+00,7.07670473e-01,7.07670473e-01,6.94390650e-02,2.77756260e-01,7.05536142e-05,8.46643371e-04,5.42933995e-06,7.05814194e-05,9.52095816e-06,1.23772456e-04,1.21479996e-04,1.70071995e-03,3.50453319e-04,5.25679979e-03,2.52214183e-06,3.53099857e-05,4.99993005e-05,7.49989508e-04,3.98179294e-08,6.37086870e-07,6.48754844e-09,1.10288323e-07,1.03252230e-09,1.85854014e-08,9.95358056e-11,1.69210869e-09,2.61869182e-08,4.71364527e-07,6.95097789e-06,1.39019558e-04
5.19470243e+02,1.00000000e-02,2.24886579e-04,3.22940092e+00,7.07670473e-01,7.07670473e-01,6.94390650e-02,2.77756260e-01,7.05536142e-05,8.46643371e-04,5.45523194e-06,7.09180153e-05,9.49506617e-06,1.23435860e-04,1.21537506e-04,1.70152509e-03,3.51116277e-04,5.26674416e-03,2.46463193e-06,3.45048471e-05,4.93363424e-05,7.40045135e-04,3.98179294e-08,6.37086870e-07,6.49002999e-09,1.10330510e-07,1.03899256e-09,1.87018660e-08,9.70542527e-11,1.64992230e-09,2.61804479e-08,4.71248063e-07,6.95097789e-06,1.39019558e-04
5.43225043e+02,1.00000000e-02,1.71405314e-04,3.22940092e+00,7.07670473e-01,7.07670473e-01,6.94390650e-02,2.77756260e-01,7.05536142e-05,8.46643371e-04,5.71310735e-06,7.42703955e-05,9.23719077e-06,1.20083480e-04,1.22050209e-04,1.70870292e-03,3.57345131e-04,5.36017697e-03,1.95192948e-06,2.73270127e-05,4.31074887e-05,6.46612330e-04,3.98179294e-08,6.37086870e-07,6.51189634e-09,1.10702238e-07,1.10432467e-09,1.98778441e-08,7.51879071e-11,1.27819442e-09,2.61151158e-08,4.70072084e-07,6.95097789e-06,1.39019558e-04
5.75672067e+02,1.00000000e-02,1.21996782e-04,3.22940092e+00,7.07670473e-01,7.07670473e-01,6.94390650e-02,2.77756260e-01,7.05536142e-05,8.46643371e-04,6.05406417e-06,7.87028343e-05,8.89623394e-06,1.15651041e-04,1.22582710e-04,1.71615794e-03,3.64602492e-04,5.46903738e-03,1.41942830e-06,1.98719962e-05,3.58501277e-05,5.37751916e-04,3.98179294e-08,6.37086870e-07,6.53403078e-09,1.11078523e-07,1.19329940e-09,2.14793892e-08,5.30534648e-11,9.01908902e-10,2.60261411e-08,4.68470539e-07,6.95097789e-06,1.39019558e-04
6.10057163e+02,1.00000000e-02,8.75660272e-05,3.22940092e+00,7.07670473e-01,7.07670473e-01,6.94390650e-02,2.77756260e-01,7.05536142e-05,8.46643371e-04,6.40166147e-06,8.32215991e-05,8.54863665e-06,1.11132276e-04,1.22989396e-04,1.72185154e-03,3.70964536e-04,5.56446803e-03,1.01274254e-06,1.41783955e-05,2.94880841e-05,4.42321262e-04,3.98179294e-08,6.37086870e-07,6.55042071e-09,1.11357152e-07,1.28725780e-09,2.31706404e-08,3.66635299e-11,6.23280008e-10,2.59321827e-08,4.66779288e-07,6.95097789e-06,1.39019558e-04
6.46496093e+02,1.00000000e-02,6.34631643e-05,3.22940092e+00,7.07670473e-01,7.07670473e-01,6.94390650e-02,2.77756260e-01,7.05536142e-05,8.46643371e-04,6.75520998e-06,8.78177297e-05,8.19508814e-06,1.06536146e-04,1.23293985e-04,1.72611579e-03,3.76478943e-04,5.64718415e-03,7.08153354e-07,9.91414696e-06,2.39736762e-05,3.59605143e-04,3.98179294e-08,6.37086870e-07,6.56230036e-09,1.11559106e-07,1.38645820e-09,2.49562476e-08,2.47838805e-11,4.21325968e-10,2.58329823e-08,4.64993681e-07,6.95097789e-06,1.39019558e-04
6.85111534e+02,1.00000000e-02,4.65073184e-05,3.22940092e+00,7.07670473e-01,7.07670473e-01,6.94390650e-02,2.77756260e-01,7.05536142e-05,8.46643371e-04,7.11393140e-06,9.24811081e-05,7.83636672e-06,1.01872767e-04,1.23517436e-04,1.72924410e-03,3.81201666e-04,5.71802499e-03,4.84702402e-07,6.78583363e-06,1.92509534e-05,2.88764301e-04,3.98179294e-08,6.37086870e-07,6.57071810e-09,1.11702208e-07,1.49116975e-09,2.68410554e-08,1.63661413e-11,2.78224401e-10,2.57282707e-08,4.63108873e-07,6.95097789e-06,1.39019558e-04
7.26033488e+02,1.00000000e-02,3.43691608e-05,3.22940092e+00,7.07670473e-01,7.07670473e-01,6.94390650e-02,2.77756260e-01,7.05536142e-05,8.46643371e-04,7.47695738e-06,9.72004460e-05,7.47334073e-06,9.71534295e-05,1.23677807e-04,1.73148930e-03,3.85195288e-04,5.77792931e-03,3.24330877e-07,4.54063228e-06,1.52573321e-05,2.28859982e-04,3.98179294e-08,6.37086870e-07,6.57654138e-09,1.11801203e-07,1.60167257e-09,2.88301062e-08,1.05428615e-11,1.79228645e-10,2.56177679e-08,4.61119822e-07,6.95097789e-06,1.39019558e-04
7.69399725e+02,1.00000000e-02,2.56000791e-05,3.22940092e+00,7.07670473e-01,7.07670473e-01,6.94390650e-02,2.77756260e-01,7.05536142e-05,8.46643371e-04,7.84332992e-06,1.01963289e-04,7.10696820e-06,9.23905866e-05,1.23790263e-04,1.73306369e-03,3.88527197e-04,5.82790796e-03,2.11874781e-07,2.96624693e-06,1.19254223e-05,1.78881335e-04,3.98179294e-08,6.37086870e-07,6.58046874e-09,1.11867969e-07,1.71825782e-09,3.09286408e-08,6.61550414e-12,1.12463570e-10,2.55011827e-08,4.59021288e-07,6.95097789e-06,1.39019558e-04
8.15356242e+02,1.00000000e-02,1.92189573e-05,3.22940092e+00,7.07670473e-01,7.07670473e-01,6.94390650e-02,2.77756260e-01,7.05536142e-05,8.46643371e-04,8.21200308e-06,1.06756040e-04,6.73829503e-06,8.75978354e-05,1.23867203e-04,1.73414084e-03,3.91267655e-04,5.86901482e-03,1.34935290e-07,1.88909406e-06,9.18496481e-06,1.37774472e-04,3.98179294e-08,6.37086870e-07,6.58304706e-09,1.11911800e-07,1.84122776e-09,3.31420996e-08,4.03718104e-12,6.86320777e-11,2.53782127e-08,4.56807829e-07,6.95097789e-06,1.39019558e-04
8.64057759e+02,1.00000000e-02,1.45492492e-05,3.22940092e+00,7.07670473e-01,7.07670473e-01,6.94390650e-02,2.77756260e-01,7.05536142e-05,8.46643371e-04,8.58184655e-06,1.11564005e-04,6.36845156e-06,8.27898703e-05,1.23918488e-04,1.73485883e-03,3.93487830e-04,5.90231745e-03,8.36502887e-08,1.17110404e-06,6.96478999e-06,1.04471850e-04,3.98179294e-08,6.37086870e-07,6.58469213e-09,1.11939766e-07,1.97089562e-09,3.54761212e-08,2.39211613e-12,4.06659742e-11,2.52485449e-08,4.54473807e-07,6.95097789e-06,1.39019558e-04
9.15668234e+02,1.00000000e-02,1.10920693e-05,3.22940092e+00,7.07670473e-01,7.07670473e-01,6.94390650e-02,2.77756260e-01,7.05536142e-05,8.46643371e-04,8.95165095e-06,1.16371462e-04,5.99864716e-06,7.79824131e-05,1.23951741e-04,1.73532438e-03,3.95257916e-04,5.92886874e-03,5.03971267e-08,7.05559773e-07,5.19470368e-06,7.79205552e-05,3.98179294e-08,6.37086870e-07,6.58571049e-09,1.11957078e-07,2.10758561e-09,3.79365409e-08,1.37375640e-12,2.33538588e-11,2.51118549e-08,4.52013388e-07,6.95097789e-06,1.39019558e-04
9.70361422e+02,1.00000000e-02,8.49950002e-06,3.22940092e+00,7.07670473e-01,7.07670473e-01,6.94390650e-02,2.77756260e-01,7.05536142e-05,8.46643371e-04,9.32013523e-06,1.21161758e-04,5.63016289e-06,7.31921175e-05,1.23972680e-04,1.73561753e-03,3.96645408e-04,5.94968112e-03,2.94577630e-08,4.12408682e-07,3.80721183e-06,5.71081775e-05,3.98179294e-08,6.37086870e-07,6.58632102e-09,1.11967457e-07,2.25163258e-09,4.05293865e-08,7.63220120e-13,1.29747420e-11,2.49678079e-08,4.49420542e-07,6.95097789e-06,1.39019558e-04
1.02832145e+03,1.00000000e-02,6.55581400e-06,3.22940092e+00,7.07670473e-01,7.07670473e-01,6.94390650e-02,2.77756260e-01,7.05536142e-05,8.46643371e-04,9.68595626e-06,1.25917431e-04,5.26434185e-06,6.84364441e-05,1.23985463e-04,1.73579649e-03,3.97713617e-04,5.96570425e-03,1.66749447e-08,2.33449226e-07,2.73900281e-06,4.10850422e-05,3.98179294e-08,6.37086870e-07,6.58667485e-09,1.11973472e-07,2.40338185e-09,4.32608734e-08,4.09395754e-13,6.95972782e-12,2.48160586e-08,4.46689055e-07,6.95097789e-06,1.39019558e-04
1.08974346e+03,1.00000000e-02,5.08757991e-06,3.22940092e+00,7.07670473e-01,7.07670473e-01,6.94390650e-02,2.77756260e-01,7.05536142e-05,8.46643371e-04,1.00477207e-05,1.30620369e-04,4.90257744e-06,6.37335067e-05,1.23993015e-04,1.73590220e-03,3.98520493e-04,5.97780739e-03,9.12362833e-09,1.27730797e-07,1.93212672e-06,2.89819007e-05,3.98179294e-08,6.37086870e-07,6.58687266e-09,1.11976835e-07,2.56318870e-09,4.61373966e-08,2.11582359e-13,3.59690010e-12,2.46562518e-08,4.43812532e-07,6.95097789e-06,1.39019558e-04
1.15483422e+03,1.00000000e-02,3.96466890e-06,3.22940092e+00,7.07670473e-01,7.07670473e-01,6.94390650e-02,2.77756260e-01,7.05536142e-05,8.46643371e-04,1.04039991e-05,1.35251988e-04,4.54629906e-06,5.91018878e-05,1.23997323e-04,1.73596252e-03,3.99117789e-04,5.98676683e-03,4.81534680e-09,6.74148552e-08,1.33483070e-06,2.00224605e-05,3.98179294e-08,6.37086870e-07,6.58697912e-09,1.11978645e-07,2.73141788e-09,4.91655218e-08,1.05121858e-13,1.78707158e-12,2.44880226e-08,4.40784407e-07,6.95097789e-06,1.39019558e-04
1.22381287e+03,1.00000000e-02,3.10748256e-06,3.22940092e+00,7.07670473e-01,7.07670473e-01,6.94390650e-02,2.77756260e-01,7.05536142e-05,8.46643371e-04,1.07533424e-05,1.39793451e-04,4.19695574e-06,5.45604246e-05,1.23999692e-04,1.73599569e-03,3.99550584e-04,5.99325877e-03,2.44630075e-09,3.42482105e-08,9.02035250e-07,1.35305288e-05,3.98179294e-08,6.37086870e-07,6.58703415e-09,1.11979581e-07,2.90844289e-09,5.23519721e-08,5.00911620e-14,8.51549754e-13,2.43109976e-08,4.37597956e-07,6.95097789e-06,1.39019558e-04
1.29691165e+03,1.00000000e-02,2.44597087e-06,3.22940092e+00,7.07670473e-01,7.07670473e-01,6.94390650e-02,2.77756260e-01,7.05536142e-05,8.46643371e-04,1.10943008e-05,1.44225910e-04,3.85599731e-06,5.01279650e-05,1.24000945e-04,1.73601323e-03,3.99857157e-04,5.99785735e-03,1.19350557e-09,1.67090779e-08,5.95462708e-07,8.93194061e-06,3.98179294e-08,6.37086870e-07,6.58706141e-09,1.11980044e-07,3.09464522e-09,5.57036139e-08,2.28349558e-14,3.88194248e-13,2.41247953e-08,4.34246315e-07,6.95097789e-06,1.39019558e-04
1.37437664e+03,1.00000000e-02,1.93090557e-06,3.22940092e+00,7.07670473e-01,7.07670473e-01,6.94390650e-02,2.77756260e-01,7.05536142e-05,8.46643371e-04,1.14254442e-05,1.48530775e-04,3.52485387e-06,4.58231004e-05,1.24001580e-04,1.73602213e-03,4.00069167e-04,6.00103750e-03,5.57855718e-10,7.80998005e-09,3.83452979e-07,5.75179468e-06,3.98179294e-08,6.37086870e-07,6.58707431e-09,1.11980263e-07,3.29041323e-09,5.92274382e-08,9.93256616e-15,1.68853625e-13,2.39290272e-08,4.30722490e-07,6.95097789e-06,1.39019558e-04
1.45646864e+03,1.00000000e-02,1.53386426e-06,3.22940092e+00,7.07670473e-01,7.07670473e-01,6.94390650e-02,2.77756260e-01,7.05536142e-05,8.46643371e-04,1.17453848e-05,1.52690002e-04,3.20491335e-06,4.16638736e-05,1.24001889e-04,1.73602645e-03,4.00212099e-04,6.00318148e-03,2.49166872e-10,3.48833621e-09,2.40520819e-07,3.60781229e-06,3.98179294e-08,6.37086870e-07,6.58708013e-09,1.11980362e-07,3.49614103e-09,6.29305386e-08,4.11081565e-15,6.98838660e-14,2.37232994e-08,4.27019390e-07,6.95097789e-06,1.39019558e-04
1.54346403e+03,1.00000000e-02,1.22178569e-06,3.22940092e+00,7.07670473e-01,7.07670473e-01,6.94390650e-02,2.77756260e-01,7.05536142e-05,8.46643371e-04,1.20528003e-05,1.56686404e-04,2.89749783e-06,3.76674718e-05,1.24002032e-04,1.73602845e-03,4.00305898e-04,6.00458847e-03,1.06059925e-10,1.48483895e-09,1.46721676e-07,2.20082514e-06,3.98179294e-08,6.37086870e-07,6.58708263e-09,1.11980405e-07,3.71222701e-09,6.68200862e-08,1.61402421e-15,2.74384116e-14,2.35072135e-08,4.23129842e-07,6.95097789e-06,1.39019558e-04
1.63565568e+03,1.00000000e-02,9.75229935e-07,3.22940092e+00,7.07670473e-01,7.07670473e-01,6.94390650e-02,2.77756260e-01,7.05536142e-05,8.46643371e-04,1.23464589e-05,1.60503965e-04,2.60383923e-06,3.38499100e-05,1.24002095e-04,1.73602933e-03,4.00365721e-04,6.00548581e-03,4.28998581e-11,6.00598014e-10,8.68988947e-08,1.30348342e-06,3.98179294e-08,6.37086870e-07,6.58708364e-09,1.11980422e-07,3.93907217e-09,7.09032990e-08,5.99294424e-16,1.01880052e-14,2.32803683e-08,4.19046630e-07,6.95097789e-06,1.39019558e-04
1.73335398e+03,1.00000000e-02,7.81845598e-07,3.22940092e+00,7.07670473e-01,7.07670473e-01,6.94390650e-02,2.77756260e-01,7.05536142e-05,8.46643371e-04,1.26252433e-05,1.64128163e-04,2.32505477e-06,3.02257121e-05,1.24002122e-04,1.73602971e-03,4.00402737e-04,6.00604106e-03,1.64391935e-11,2.30148709e-10,4.98823299e-08,7.48234949e-07,3.98179294e-08,6.37086870e-07,6.58708403e-09,1.11980429e-07,4.17707823e-09,7.51874082e-08,2.09734587e-16,3.56548798e-15,2.30423622e-08,4.14762520e-07,6.95097789e-06,1.39019558e-04
1.83688782e+03,1.00000000e-02,6.29031370e-07,3.22940092e+00,7.07670473e-01,7.07670473e-01,6.94390650e-02,2.77756260e-01,7.05536142e-05,8.46643371e-04,1.28881749e-05,1.67546273e-04,2.06212323e-06,2.68076020e-05,1.24002132e-04,1.73602985e-03,4.00424920e-04,6.00637379e-03,5.94871538e-12,8.32820154e-11,2.77000272e-08,4.15500407e-07,3.98179294e-08,6.37086870e-07,6.58708417e-09,1.11980431e-07,4.42664543e-09,7.96796178e-08,6.89389948e-17,1.17196291e-15,2.27927950e-08,4.10270311e-07,6.95097789e-06,1.39019558e-04
1.94660578e+03,1.00000000e-02,5.07175106e-07,3.22940092e+00,7.07670473e-01,7.07670473e-01,6.94390650e-02,2.77756260e-01,7.05536142e-05,8.46643371e-04,1.31344355e-05,1.70747662e-04,1.81586258e-06,2.36062135e-05,1.24002136e-04,1.73602991e-03,4.00437769e-04,6.00656653e-03,2.02580465e-12,2.83612651e-11,1.48509613e-08,2.22764420e-07,3.98179294e-08,6.37086870e-07,6.58708422e-09,1.11980432e-07,4.68816999e-09,8.43870599e-08,2.12030301e-17,3.60451512e-16,2.25312705e-08,4.05562869e-07,6.95097789e-06,1.39019558e-04
2.06287723e+03,1.00000000e-02,4.09939112e-07,3.22940092e+00,7.07670473e-01,7.07670473e-01,6.94390650e-02,2.77756260e-01,7.05536142e-05,8.46643371e-04,1.33633880e-05,1.73724043e-04,1.58691015e-06,2.06298320e-05,1.24002138e-04,1.73602993e-03,4.00444949e-04,6.00667423e-03,6.46886728e-13,9.05641419e-12,7.67111259e-09,1.15066689e-07,3.98179294e-08,6.37086870e-07,6.58708424e-09,1.11980432e-07,4.96204132e-09,8.93167438e-08,6.07777401e-18,1.03322158e-16,2.22573992e-08,4.00633185e-07,6.95097789e-06,1.39019558e-04
2.18609362e+03,1.00000000e-02,3.31997082e-07,3.22940092e+00,7.07670473e-01,7.07670473e-01,6.94390650e-02,2.77756260e-01,7.05536142e-05,8.46643371e-04,1.35745921e-05,1.76469697e-04,1.37570604e-06,1.78841785e-05,1.24002138e-04,1.73602993e-03,4.00448811e-04,6.00673216e-03,1.92950839e-13,2.70131175e-12,3.80912977e-09,5.71369466e-08,3.98179294e-08,6.37086870e-07,6.58708424e-09,1.11980432e-07,5.24863881e-09,9.44754986e-08,1.61688308e-18,2.74870124e-17,2.19708017e-08,3.95474430e-07,6.95097789e-06,1.39019558e-04
2.31666976e+03,1.00000000e-02,2.69524811e-07,3.22940092e+00,7.07670473e-01,7.07670473e-01,6.94390650e-02,2.77756260e-01,7.05536142e-05,8.46643371e-04,1.37678174e-05,1.78981626e-04,1.18248072e-06,1.53722494e-05,1.24002138e-04,1.73602993e-03,4.00450806e-04,6.00676209e-03,5.35407179e-14,7.49570051e-13,1.81398304e-09,2.72097456e-08,3.98179294e-08,6.37086870e-07,6.58708424e-09,1.11980432e-07,5.54832831e-09,9.98699096e-08,3.97433356e-19,6.75636705e-18,2.16711122e-08,3.90080019e-07,6.95097789e-06,1.39019558e-04
2.45504527e+03,1.00000000e-02,2.19165093e-07,3.22940092e+00,7.07670473e-01,7.07670473e-01,6.94390650e-02,2.77756260e-01,7.05536142e-05,8.46643371e-04,1.39430503e-05,1.81259654e-04,1.00724780e-06,1.30942214e-05,1.24002138e-04,1.73602994e-03,4.00451793e-04,6.00677690e-03,1.37614959e-14,1.92660942e-13,8.26410792e-10,1.23961619e-08,3.98179294e-08,6.37086870e-07,6.58708424e-09,1.11980432e-07,5.86145817e-09,1.05506247e-07,8.98356594e-20,1.52720621e-18,2.13579823e-08,3.84443682e-07,6.95097789e-06,1.39019558e-04
2.60168599e+03,1.00000000e-02,1.78680428e-07,3.22940092e+00,7.07670473e-01,7.07670473e-01,6.94390650e-02,2.77756260e-01,7.05536142e-05,8.46643371e-04,1.41004958e-05,1.83306446e-04,8.49802303e-07,1.10474299e-05,1.24002138e-04,1.73602994e-03,4.00452260e-04,6.00678391e-03,3.26140891e-15,4.56597248e-14,3.59223366e-10,5.38835049e-09,3.98179294e-08,6.37086870e-07,6.58708424e-09,1.11980432e-07,6.18835489e-09,1.11390388e-07,1.85805544e-20,3.15869426e-19,2.10310856e-08,3.78559541e-07,6.95097789e-06,1.39019558e-04
2.75708561e+03,1.00000000e-02,1.45902906e-07,3.22940092e+00,7.07670473e-01,7.07670473e-01,6.94390650e-02,2.77756260e-01,7.05536142e-05,8.46643371e-04,1.42405728e-05,1.85127447e-04,7.09725287e-07,9.22642872e-06,1.24002138e-04,1.73602994e-03,4.00452471e-04,6.00678707e-03,7.09247058e-16,9.92945882e-15,1.48566484e-10,2.22849727e-09,3.98179294e-08,6.37086870e-07,6.58708424e-09,1.11980432e-07,6.52931839e-09,1.17527731e-07,3.49775367e-21,5.94618124e-20,2.06901221e-08,3.72422198e-07,6.95097789e-06,1.39019558e-04
2.92176731e+03,1.00000000e-02,1.19352975e-07,3.22940092e+00,7.07670473e-01,7.07670473e-01,6.94390650e-02,2.77756260e-01,7.05536142e-05,8.46643371e-04,1.43639033e-05,1.86730743e-04,5.86394773e-07,7.62313204e-06,1.24002138e-04,1.73602994e-03,4.00452561e-04,6.00678842e-03,1.40803071e-16,1.97124299e-15,5.82872929e-11,8.74309393e-10,3.98179294e-08,6.37086870e-07,6.58708424e-09,1.11980432e-07,6.88461676e-09,1.23923102e-07,5.95935603e-22,1.01309052e-20,2.03348237e-08,3.66026827e-07,6.95097789e-06,1.39019558e-04
3.09628551e+03,1.00000000e-02,9.77955169e-08,3.22940092e+00,7.07670473e-01,7.07670473e-01,6.94390650e-02,2.77756260e-01,7.05536142e-05,8.46643371e-04,1.44712951e-05,1.88126836e-04,4.79003012e-07,6.22703916e-06,1.24002138e-04,1.73602994e-03,4.00452598e-04,6.00678897e-03,2.53796302e-17,3.55314823e-16,2.16249796e-11,3.24374694e-10,3.98179294e-08,6.37086870e-07,6.58708424e-09,1.11980432e-07,7.25448067e-09,1.30580652e-07,9.13486000e-23,1.55292620e-21,1.99649598e-08,3.59369277e-07,6.95097789e-06,1.39019558e-04
3.28122773e+03,1.00000000e-02,8.02627429e-08,3.22940092e+00,7.07670473e-01,7.07670473e-01,6.94390650e-02,2.77756260e-01,7.05536142e-05,8.46643371e-04,1.45637185e-05,1.89328340e-04,3.86579640e-07,5.02553532e-06,1.24002138e-04,1.73602994e-03,4.00452612e-04,6.00678918e-03,4.12962541e-18,5.78147557e-17,7.56164920e-12,1.13424738e-10,3.98179294e-08,6.37086870e-07,6.58708424e-09,1.11980432e-07,7.63909727e-09,1.37503751e-07,1.25185151e-23,2.12814757e-22,1.95803432e-08,3.52446178e-07,6.95097789e-06,1.39019558e-04
3.47721663e+03,1.00000000e-02,6.59709609e-08,3.22940092e+00,7.07670473e-01,7.07670473e-01,6.94390650e-02,2.77756260e-01,7.05536142e-05,8.46643371e-04,1.46422782e-05,1.90349616e-04,3.08019958e-07,4.00425946e-06,1.24002138e-04,1.73602994e-03,4.00452617e-04,6.00678926e-03,6.02885981e-19,8.44040373e-18,2.48324762e-12,3.72487142e-11,3.98179294e-08,6.37086870e-07,6.58708424e-09,1.11980432e-07,8.03860371e-09,1.44694867e-07,1.52352434e-24,2.58999139e-23,1.91808368e-08,3.45255062e-07,6.95097789e-06,1.39019558e-04
3.68491201e+03,1.00000000e-02,5.43035972e-08,3.22940092e+00,7.07670473e-01,7.07670473e-01,6.94390650e-02,2.77756260e-01,7.05536142e-05,8.46643371e-04,1.47081809e-05,1.91206351e-04,2.42117253e-07,3.14752428e-06,1.24002138e-04,1.73602994e-03,4.00452619e-04,6.00678928e-03,7.84596002e-20,1.09843440e-18,7.63024030e-13,1.14453604e-11,3.98179294e-08,6.37086870e-07,6.58708424e-09,1.11980432e-07,8.45308028e-09,1.52155445e-07,1.63498291e-25,2.77947095e-24,1.87663602e-08,3.37794483e-07,6.95097789e-06,1.39019558e-04
3.90501310e+03,1.00000000e-02,4.47482845e-08,3.22940092e+00,7.07670473e-01,7.07670473e-01,6.94390650e-02,2.77756260e-01,7.05536142e-05,8.46643371e-04,1.47627004e-05,1.91915105e-04,1.87597747e-07,2.43877070e-06,1.24002138e-04,1.73602994e-03,4.00452619e-04,6.00678929e-03,9.03999174e-21,1.26559884e-19,2.18497239e-13,3.27745859e-12,3.98179294e-08,6.37086870e-07,6.58708424e-09,1.11980432e-07,8.88254311e-09,1.59885776e-07,1.53564730e-26,2.61060042e-25,1.83368974e-08,3.30064153e-07,6.95097789e-06,1.39019558e-04
4.13826092e+03,1.00000000e-02,3.69213177e-08,3.22940092e+00,7.07670473e-01,7.07670473e-01,6.94390650e-02,2.77756260e-01,7.05536142e-05,8.46643371e-04,1.48071415e-05,1.92492839e-04,1.43156637e-07,1.86103628e-06,1.24002138e-04,1.73602994e-03,4.00452620e-04,6.00678929e-03,9.15450121e-22,1.28163017e-20,5.80650242e-14,8.70975363e-13,3.98179294e-08,6.37086870e-07,6.58708424e-09,1.11980432e-07,9.32693659e-09,1.67884859e-07,1.25231621e-27,2.12893755e-26,1.78925039e-08,3.22065070e-07,6.95097789e-06,1.39019558e-04
4.38544070e+03,1.00000000e-02,3.04959631e-08,3.22940092e+00,7.07670473e-01,7.07670473e-01,6.94390650e-02,2.77756260e-01,7.05536142e-05,8.46643371e-04,1.48428047e-05,1.92956460e-04,1.07493462e-07,1.39741500e-06,1.24002138e-04,1.73602994e-03,4.00452620e-04,6.00678930e-03,8.08518998e-23,1.13192660e-21,1.42562821e-14,2.13844232e-13,3.98179294e-08,6.37086870e-07,6.58708424e-09,1.11980432e-07,9.78612556e-09,1.76150260e-07,8.79230526e-29,1.49469189e-27,1.74333149e-08,3.13799668e-07,6.95097789e-06,1.39019558e-04
4.64738463e+03,1.00000000e-02,2.52113572e-08,3.22940092e+00,7.07670473e-01,7.07670473e-01,6.94390650e-02,2.77756260e-01,7.05536142e-05,8.46643371e-04,1.48709530e-05,1.93322389e-04,7.93451522e-08,1.03148698e-06,1.24002138e-04,1.73602994e-03,4.00452620e-04,6.00678930e-03,6.17723015e-24,8.64812221e-23,3.21860635e-15,4.82790952e-14,3.98179294e-08,6.37086870e-07,6.58708424e-09,1.11980432e-07,1.02598873e-08,1.84677971e-07,5.26728651e-30,8.95438707e-29,1.69595532e-08,3.05271957e-07,6.95097789e-06,1.39019558e-04
4.92497455e+03,1.00000000e-02,2.08619663e-08,3.22940092e+00,7.07670473e-01,7.07670473e-01,6.94390650e-02,2.77756260e-01,7.05536142e-05,8.46643371e-04,1.48927829e-05,1.93606178e-04,5.75151959e-08,7.47697546e-07,1.24002138e-04,1.73602994e-03,4.00452620e-04,6.00678930e-03,4.04751916e-25,5.66652683e-24,6.64849943e-16,9.97274914e-15,3.98179294e-08,6.37086870e-07,6.58708424e-09,1.11980432e-07,1.07479033e-08,1.93462260e-07,2.66720911e-31,4.53425549e-30,1.64715371e-08,2.96487668e-07,6.95097789e-06,1.39019558e-04
5.21914503e+03,1.00000000e-02,1.72743651e-08,3.22940092e+00,7.07670473e-01,7.07670473e-01,6.94390650e-02,2.77756260e-01,7.05536142e-05,8.46643371e-04,1.49094005e-05,1.93822206e-04,4.08976374e-08,5.31669286e-07,1.24002138e-04,1.73602994e-03,4.00452620e-04,6.00678930e-03,2.25365039e-26,3.15511055e-25,1.24987744e-16,1.87481616e-15,3.98179294e-08,6.37086870e-07,6.58708424e-09,1.11980432e-07,1.12497516e-08,2.02495529e-07,1.13017383e-32,1.92129551e-31,1.59696889e-08,2.87454400e-07,6.95097789e-06,1.39019558e-04
5.53088640e+03,1.00000000e-02,1.43135890e-08,3.22940092e+00,7.07670473e-01,7.07670473e-01,6.94390650e-02,2.77756260e-01,7.05536142e-05,8.46643371e-04,1.49218031e-05,1.93983440e-04,2.84950033e-08,3.70435043e-07,1.24002138e-04,1.73602994e-03,4.00452620e-04,6.00678930e-03,1.05598464e-27,1.47837849e-26,2.12645218e-17,3.18967826e-16,3.98179294e-08,6.37086870e-07,6.58708424e-09,1.11980432e-07,1.17648983e-08,2.11768169e-07,3.96502127e-34,6.74053615e-33,1.54545422e-08,2.78181759e-07,6.95097789e-06,1.39019558e-04
5.86124820e+03,1.00000000e-02,1.18655525e-08,3.22940092e+00,7.07670473e-01,7.07670473e-01,6.94390650e-02,2.77756260e-01,7.05536142e-05,8.46643371e-04,1.49308684e-05,1.94101290e-04,1.94296841e-08,2.52585894e-07,1.24002138e-04,1.73602994e-03,4.00452620e-04,6.00678930e-03,4.12119089e-29,5.76966725e-28,3.25460086e-18,4.88190129e-17,3.98179294e-08,6.37086870e-07,6.58708424e-09,1.11980432e-07,1.22926906e-08,2.21268432e-07,1.14095943e-35,1.93963103e-34,1.49267498e-08,2.68681497e-07,6.95097789e-06,1.39019558e-04
6.21134263e+03,1.00000000e-02,9.84234486e-09,3.22940092e+00,7.07670473e-01,7.07670473e-01,6.94390650e-02,2.77756260e-01,7.05536142e-05,8.46643371e-04,1.49373493e-05,1.94185541e-04,1.29487974e-08,1.68334366e-07,1.24002138e-04,1.73602994e-03,4.00452620e-04,6.00678930e-03,1.32513266e-30,1.85518573e-29,4.45297411e-19,6.67946117e-18,3.98179294e-08,6.37086870e-07,6.58708424e-09,1.11980432e-07,1.28323498e-08,2.30982297e-07,2.84201978e-37,4.83143362e-36,1.43870906e-08,2.58967632e-07,6.95097789e-06,1.39019558e-04
6.58234832e+03,1.00000000e-02,8.18098329e-09,3.22940092e+00,7.07670473e-01,7.07670473e-01,6.94390650e-02,2.77756260e-01,7.05536142e-05,8.46643371e-04,1.49418751e-05,1.94244377e-04,8.42299377e-09,1.09498919e-07,1.24002138e-04,1.73602994e-03,4.00452620e-04,6.00678930e-03,3.47031473e-32,4.85844063e-31,5.41008944e-20,8.11513417e-19,3.98179294e-08,6.37086870e-07,6.58708424e-09,1.11980432e-07,1.33829649e-08,2.40893368e-07,2.12226512e-38,3.60785071e-37,1.38364756e-08,2.49056561e-07,6.95097789e-06,1.39019558e-04
6.97551432e+03,1.00000000e-02,6.80402103e-09,3.22940092e+00,7.07670473e-01,7.07670473e-01,6.94390650e-02,2.77756260e-01,7.05536142e-05,8.46643371e-04,1.49449580e-05,1.94284454e-04,5.34008412e-09,6.94210936e-08,1.24002138e-04,1.73602994e-03,4.00452620e-04,6.00678930e-03,7.32837300e-34,1.02597222e-32,5.79544367e-21,8.69316551e-20,3.98179294e-08,6.37086870e-07,6.58708424e-09,1.11980432e-07,1.39434876e-08,2.50982776e-07,1.35940410e-38,2.31098697e-37,1.32759529e-08,2.38967152e-07,6.95097789e-06,1.39019558e-04
7.39216425e+03,1.00000000e-02,5.66136902e-09,3.22940092e+00,7.07670473e-01,7.07670473e-01,6.94390650e-02,2.77756260e-01,7.05536142e-05,8.46643371e-04,1.49470035e-05,1.94311045e-04,3.29464012e-09,4.28303216e-08,1.24002138e-04,1.73602994e-03,4.00452620e-04,6.00678930e-03,1.29356214e-35,1.81098699e-34,5.43193690e-22,8.14790535e-21,3.98179294e-08,6.37086870e-07,6.58708424e-09,1.11980432e-07,1.45127286e-08,2.61229116e-07,1.12175915e-38,1.90699056e-37,1.27067118e-08,2.28720813e-07,6.95097789e-06,1.39019558e-04
7.83370084e+03,1.00000000e-02,4.71133557e-09,3.22940092e+00,7.07670473e-01,7.07670473e-01,6.94390650e-02,2.77756260e-01,7.05536142e-05,8.46643371e-04,1.49483232e-05,1.94328202e-04,1.97487694e-09,2.56734003e-08,1.24002138e-04,1.73602994e-03,4.00452620e-04,6.00678930e-03,5.30535045e-37,7.42749063e-36,4.42611795e-23,6.63917692e-22,3.98179294e-08,6.37086870e-07,6.58708424e-09,1.11980432e-07,1.50893556e-08,2.71608401e-07,9.30804454e-39,1.58236757e-37,1.21300849e-08,2.18341527e-07,6.95097789e-06,1.39019558e-04
8.30161056e+03,1.00000000e-02,3.92211867e-09,3.22940092e+00,7.07670473e-01,7.07670473e-01,6.94390650e-02,2.77756260e-01,7.05536142e-05,8.46643371e-04,1.49491500e-05,1.94338950e-04,1.14814295e-09,1.49258584e-08,1.24002138e-04,1.73602994e-03,4.00452620e-04,6.00678930e-03,1.76347250e-37,2.46886150e-36,3.10691455e-24,4.66037182e-23,3.98179294e-08,6.37086870e-07,6.58708424e-09,1.11980432e-07,1.56718925e-08,2.82094065e-07,7.73152843e-39,1.31435983e-37,1.15475480e-08,2.07855864e-07,6.95097789e-06,1.39019558e-04
8.79746869e+03,1.00000000e-02,3.26546441e-09,3.22940092e+00,7.07670473e-01,7.07670473e-01,6.94390650e-02,2.77756260e-01,7.05536142e-05,8.46643371e-04,1.49496519e-05,1.94345475e-04,6.46223519e-10,8.40090574e-09,1.24002138e-04,1.73602994e-03,4.00452620e-04,6.00678930e-03,8.16602143e-38,1.14324300e-36,1.86092616e-25,2.79138924e-24,3.98179294e-08,6.37086870e-07,6.58708424e-09,1.11980432e-07,1.62587218e-08,2.92656992e-07,6.42769903e-39,1.09270884e-37,1.09607187e-08,1.97292936e-07,6.95097789e-06,1.39019558e-04
9.32294461e+03,1.00000000e-02,2.72130715e-09,3.22940092e+00,7.07670473e-01,7.07670473e-01,6.94390650e-02,2.77756260e-01,7.05536142e-05,8.46643371e-04,1.49499467e-05,1.94349307e-04,3.51447150e-10,4.56881295e-09,1.24002138e-04,1.73602994e-03,4.00452620e-04,6.00678930e-03,3.69256852e-38,5.16959593e-37,9.40353199e-27,1.41052980e-25,3.98179294e-08,6.37086870e-07,6.58708424e-09,1.11980432e-07,1.68480890e-08,3.03265603e-07,5.34783796e-39,9.09132454e-38,1.03713514e-08,1.86684326e-07,6.95097789e-06,1.39019558e-04
9.87980738e+03,1.00000000e-02,2.27108540e-09,3.22940092e+00,7.07670473e-01,7.07670473e-01,6.94390650e-02,2.77756260e-01,7.05536142e-05,8.46643371e-04,1.49501138e-05,1.94351480e-04,1.84305067e-10,2.39596587e-09,1.24002138e-04,1.73602994e-03,4.00452620e-04,6.00678930e-03,1.61117713e-38,2.25564798e-37,3.97358124e-28,5.96037186e-27,3.98179294e-08,6.37086870e-07,6.58708424e-09,1.11980432e-07,1.74381102e-08,3.13885984e-07,4.45199227e-39,7.56838686e-38,9.78133024e-09,1.76063944e-07,6.95097789e-06,1.39019558e-04
1.04699318e+04,1.00000000e-02,1.89558641e-09,3.22940092e+00,7.07670473e-01,7.07670473e-01,6.94390650e-02,2.77756260e-01,7.05536142e-05,8.46643371e-04,1.49502051e-05,1.94352667e-04,9.29973565e-11,1.20896563e-09,1.24002138e-04,1.73602994e-03,4.00452620e-04,6.00678930e-03,6.76632654e-39,9.47285716e-38,1.39044391e-29,2.08566586e-28,3.98179294e-08,6.37086870e-07,6.58708424e-09,1.11980432e-07,1.80267824e-08,3.24482083e-07,3.70718105e-39,6.30220778e-38,9.19265807e-09,1.65467845e-07,6.95097789e-06,1.39019558e-04
1.10953045e+04,1.00000000e-02,1.58201360e-09,3.22940092e+00,7.07670473e-01,7.07670473e-01,6.94390650e-02,2.77756260e-01,7.05536142e-05,8.46643371e-04,1.49502531e-05,1.94353290e-04,4.50463902e-11,5.85603073e-10,1.24002138e-04,1.73602994e-03,4.00452620e-04,6.00678930e-03,2.72957245e-39,3.82140143e-38,4.01033158e-31,6.01549737e-30,3.98179294e-08,6.37086870e-07,6.58708424e-09,1.11980432e-07,1.86119976e-08,3.35015956e-07,3.08860850e-39,5.25063446e-38,8.60744291e-09,1.54933972e-07,6.95097789e-06,1.39019558e-04
1.17580310e+04,1.00000000e-02,1.32057490e-09,3.22940092e+00,7.07670473e-01,7.07670473e-01,6.94390650e-02,2.77756260e-01,7.05536142e-05,8.46643371e-04,1.49502772e-05,1.94353604e-04,2.08951618e-11,2.71637103e-10,1.24002138e-04,1.73602994e-03,4.00452620e-04,6.00678930e-03,1.05495595e-39,1.47693833e-38,1.18376119e-32,1.77564178e-31,3.98179294e-08,6.37086870e-07,6.58708424e-09,1.11980432e-07,1.91915603e-08,3.45448086e-07,2.57439167e-39,4.37646584e-38,8.02788015e-09,1.44501843e-07,6.95097789e-06,1.39019558e-04
1.24603423e+04,1.00000000e-02,1.10185568e-09,3.22940092e+00,7.07670473e-01,7.07670473e-01,6.94390650e-02,2.77756260e-01,7.05536142e-05,8.46643371e-04,1.49502889e-05,1.94353755e-04,9.25773088e-12,1.20350501e-10,1.24002138e-04,1.73602994e-03,4.00452620e-04,6.00678930e-03,3.89709566e-40,5.45593392e-39,2.35426420e-33,3.53139629e-32,3.98179294e-08,6.37086870e-07,6.58708424e-09,1.11980432e-07,1.97632091e-08,3.55737764e-07,2.14723580e-39,3.65030086e-38,7.45623138e-09,1.34212165e-07,6.95097789e-06,1.39019558e-04
1.32046030e+04,1.00000000e-02,9.21538033e-10,3.22940092e+00,7.07670473e-01,7.07670473e-01,6.94390650e-02,2.77756260e-01,7.05536142e-05,8.46643371e-04,1.49502942e-05,1.94353825e-04,3.90702694e-12,5.07913502e-11,1.24002138e-04,1.73602994e-03,4.00452620e-04,6.00678930e-03,1.37224125e-40,1.92113776e-39,1.82258649e-33,2.73387974e-32,3.98179294e-08,6.37086870e-07,6.58708424e-09,1.11980432e-07,2.03246411e-08,3.65843540e-07,1.79231452e-39,3.04693469e-38,6.89479937e-09,1.24106389e-07,6.95097789e-06,1.39019558e-04
1.39933186e+04,1.00000000e-02,7.70647098e-10,3.22940092e+00,7.07670473e-01,7.07670473e-01,6.94390650e-02,2.77756260e-01,7.05536142e-05,8.46643371e-04,1.49502965e-05,1.94353855e-04,1.56606526e-12,2.03588484e-11,1.24002138e-04,1.73602994e-03,4.00452620e-04,6.00678930e-03,4.59023530e-41,6.42632942e-40,1.51742239e-33,2.27613358e-32,3.98179294e-08,6.37086870e-07,6.58708424e-09,1.11980432e-07,2.08735409e-08,3.75723736e-07,1.49627682e-39,2.54367059e-38,6.34589956e-09,1.14226192e-07,6.95097789e-06,1.39019558e-04
1.48291444e+04,1.00000000e-02,6.44356892e-10,3.22940092e+00,7.07670473e-01,7.07670473e-01,6.94390650e-02,2.77756260e-01,7.05536142e-05,8.46643371e-04,1.49502975e-05,1.94353868e-04,5.94371459e-13,7.72682897e-12,1.24002138e-04,1.73602994e-03,4.00452620e-04,6.00678930e-03,1.45400534e-41,2.03560747e-40,1.26538577e-33,1.89807865e-32,3.98179294e-08,6.37086870e-07,6.58708424e-09,1.11980432e-07,2.14076124e-08,3.85337022e-07,1.24917819e-39,2.12360292e-38,5.81182812e-09,1.04612906e-07,6.95097789e-06,1.39019558e-04
1.57148945e+04,1.00000000e-02,5.38681398e-10,3.22940092e+00,7.07670473e-01,7.07670473e-01,6.94390650e-02,2.77756260e-01,7.05536142e-05,8.46643371e-04,1.49502979e-05,1.94353873e-04,2.12899451e-13,2.76769286e-12,1.24002138e-04,1.73602994e-03,4.00452620e-04,6.00678930e-03,4.34832458e-42,6.08765441e-41,1.05577180e-33,1.58365769e-32,3.98179294e-08,6.37086870e-07,6.58708424e-09,1.11980432e-07,2.19246132e-08,3.94643037e-07,1.04317138e-39,1.77339135e-38,5.29482730e-09,9.53068915e-08,6.95097789e-06,1.39019558e-04
1.66535507e+04,1.00000000e-02,4.50163500e-10,3.22940092e+00,7.07670473e-01,7.07670473e-01,6.94390650e-02,2.77756260e-01,7.05536142e-05,8.46643371e-04,1.49502980e-05,1.94353875e-04,7.17229791e-14,9.32398729e-13,1.24002138e-04,1.73602994e-03,4.00452620e-04,6.00678930e-03,1.22400283e-42,1.71360396e-41,8.81508294e-34,1.32226244e-32,3.98179294e-08,6.37086870e-07,6.58708424e-09,1.11980432e-07,2.24223922e-08,4.03603060e-07,8.71827484e-40,1.48210672e-38,4.79704828e-09,8.63468691e-08,6.95097789e-06,1.39019558e-04
1.76482731e+04,1.00000000e-02,3.77181225e-10,3.22940092e+00,7.07670473e-01,7.07670473e-01,6.94390650e-02,2.77756260e-01,7.05536142e-05,8.46643371e-04,1.49502981e-05,1.94353875e-04,2.26421862e-14,2.94348421e-13,1.24002138e-04,1.73602994e-03,4.00452620e-04,6.00678930e-03,3.23136394e-43,4.52390952e-42,7.36512670e-34,1.10476901e-32,3.98179294e-08,6.37086870e-07,6.58708424e-09,1.11980432e-07,2.28989278e-08,4.12180701e-07,7.29331933e-40,1.23986429e-38,4.32051263e-09,7.77692273e-08,6.95097789e-06,1.39019558e-04
1.87024107e+04,1.00000000e-02,3.15912532e-10,3.22940092e+00,7.07670473e-01,7.07670473e-01,6.94390650e-02,2.77756260e-01,7.05536142e-05,8.46643371e-04,1.49502981e-05,1.94353875e-04,6.67220366e-15,8.67386476e-14,1.24002138e-04,1.73602994e-03,4.00452620e-04,6.00678930e-03,7.96228184e-44,1.11471946e-42,6.15422760e-34,9.23134140e-33,3.98179294e-08,6.37086870e-07,6.58708424e-09,1.11980432e-07,2.33523673e-08,4.20342611e-07,6.10031633e-40,1.03705378e-38,3.86707319e-09,6.96073174e-08,6.95097789e-06,1.39019558e-04
1.98195123e+04,1.00000000e-02,2.64462856e-10,3.22940092e+00,7.07670473e-01,7.07670473e-01,6.94390650e-02,2.77756260e-01,7.05536142e-05,8.46643371e-04,1.49502981e-05,1.94353875e-04,1.82778269e-15,2.37611749e-14,1.24002138e-04,1.73602994e-03,4.00452620e-04,6.00678930e-03,1.82374121e-44,2.55323769e-43,5.14247054e-34,7.71370582e-33,3.98179294e-08,6.37086870e-07,6.58708424e-09,1.11980432e-07,2.37810649e-08,4.28059168e-07,5.10157256e-40,8.67267335e-39,3.43837559e-09,6.18907607e-08,6.95097789e-06,1.39019558e-04
2.10033388e+04,1.00000000e-02,2.21347407e-10,3.22940092e+00,7.07670473e-01,7.07670473e-01,6.94390650e-02,2.77756260e-01,7.05536142e-05,8.46643371e-04,1.49502981e-05,1.94353875e-04,4.63436593e-16,6.02467572e-15,1.24002138e-04,1.73602994e-03,4.00452620e-04,6.00678930e-03,3.86616002e-45,5.41262403e-44,4.29794149e-34,6.44691224e-33,3.98179294e-08,6.37086870e-07,6.58708424e-09,1.11980432e-07,2.41836188e-08,4.35305139e-07,4.26593180e-40,7.25208406e-39,3.03582166e-09,5.46447899e-08,6.95097789e-06,1.39019558e-04
2.22578757e+04,1.00000000e-02,1.85325812e-10,3.22940092e+00,7.07670473e-01,7.07670473e-01,6.94390650e-02,2.77756260e-01,7.05536142e-05,8.46643371e-04,1.49502981e-05,1.94353875e-04,1.08258331e-16,1.40735830e-15,1.24002138e-04,1.73602994e-03,4.00452620e-04,6.00678930e-03,7.56068043e-46,1.05849526e-44,3.59597955e-34,5.39396932e-33,3.98179294e-08,6.37086870e-07,6.58708424e-09,1.11980432e-07,2.45589044e-08,4.42060279e-07,3.57193895e-40,6.07229622e-39,2.66053608e-09,4.78896494e-08,6.95097789e-06,1.39019558e-04
2.35873464e+04,1.00000000e-02,1.55382842e-10,3.22940092e+00,7.07670473e-01,7.07670473e-01,6.94390650e-02,2.77756260e-01,7.05536142e-05,8.46643371e-04,1.49502981e-05,1.94353875e-04,2.31852008e-17,3.01407610e-16,1.24002138e-04,1.73602994e-03,4.00452620e-04,6.00678930e-03,1.35595164e-46,1.89833229e-45,3.00946453e-34,4.51419679e-33,3.98179294e-08,6.37086870e-07,6.58708424e-09,1.11980432e-07,2.49061026e-08,4.48309846e-07,2.99185937e-40,5.08616092e-39,2.31333792e-09,4.16400825e-08,6.95097789e-06,1.39019558e-04
2.49962270e+04,1.00000000e-02,1.30077021e-10,3.22940092e+00,7.07670473e-01,7.07670473e-01,6.94390650e-02,2.77756260e-01,7.05536142e-05,8.46643371e-04,1.49502981e-05,1.94353875e-04,4.52882629e-18,5.88747417e-17,1.24002138e-04,1.73602994e-03,4.00452620e-04,6.00678930e-03,2.21540172e-47,3.10156241e-46,2.51608483e-34,3.77412725e-33,3.98179294e-08,6.37086870e-07,6.58708424e-09,1.11980432e-07,2.52247222e-08,4.54044999e-07,2.50288454e-40,4.25490371e-39,1.99471830e-09,3.59049294e-08,6.95097789e-06,1.39019558e-04
2.64892605e+04,1.00000000e-02,1.08990726e-10,3.22940092e+00,7.07670473e-01,7.07670473e-01,6.94390650e-02,2.77756260e-01,7.05536142e-05,8.46643371e-04,1.49502981e-05,1.94353875e-04,8.02416644e-19,1.04314164e-17,1.24002138e-04,1.73602994e-03,4.00452620e-04,6.00678930e-03,3.28558877e-48,4.59982428e-47,2.10495145e-34,3.15742717e-33,3.98179294e-08,6.37086870e-07,6.58708424e-09,1.11980432e-07,2.55146148e-08,4.59263067e-07,2.09534563e-40,3.56208757e-39,1.70482565e-09,3.06868617e-08,6.95097789e-06,1.39019558e-04
2.80714734e+04,1.00000000e-02,9.13565759e-11,3.22940092e+00,7.07670473e-01,7.07670473e-01,6.94390650e-02,2.77756260e-01,7.05536142e-05,8.46643371e-04,1.49502981e-05,1.94353875e-04,1.28208934e-19,1.66671614e-18,1.24002138e-04,1.73602994e-03,4.00452620e-04,6.00678930e-03,4.39617335e-49,6.15464269e-48,1.76206244e-34,2.64309366e-33,3.98179294e-08,6.37086870e-07,6.58708424e-09,1.11980432e-07,2.57759808e-08,4.63967654e-07,1.75501787e-40,2.98353038e-39,1.44345970e-09,2.59822746e-08,6.95097789e-06,1.39019558e-04
2.97481924e+04,1.00000000e-02,7.65706453e-11,3.22940092e+00,7.07670473e-01,7.07670473e-01,6.94390650e-02,2.77756260e-01,7.05536142e-05,8.46643371e-04,1.49502981e-05,1.94353875e-04,1.83601713e-20,2.38682227e-19,1.24002138e-04,1.73602994e-03,4.00452620e-04,6.00678930e-03,5.27356716e-50,7.38299402e-49,1.47544032e-34,2.21316048e-33,3.98179294e-08,6.37086870e-07,6.58708424e-09,1.11980432e-07,2.60093654e-08,4.68168577e-07,1.47032326e-40,2.49954954e-39,1.21007511e-09,2.17813520e-08,6.95097789e-06,1.39019558e-04
3.15250624e+04,1.00000000e-02,6.42047667e-11,3.22940092e+00,7.07670473e-01,7.07670473e-01,6.94390650e-02,2.77756260e-01,7.05536142e-05,8.46643371e-04,1.49502981e-05,1.94353875e-04,2.34061603e-21,3.04280084e-20,1.24002138e-04,1.73602994e-03,4.00452620e-04,6.00678930e-03,5.63263731e-51,7.88569223e-50,1.23566608e-34,1.85349912e-33,3.98179294e-08,6.37086870e-07,6.58708424e-09,1.11980432e-07,2.62156453e-08,4.71881616e-07,1.23204782e-40,2.09448129e-39,1.00379517e-09,1.80683130e-08,6.95097789e-06,1.39019558e-04
3.34080656e+04,1.00000000e-02,5.38331756e-11,3.22940092e+00,7.07670473e-01,7.07670473e-01,6.94390650e-02,2.77756260e-01,7.05536142e-05,8.46643371e-04,1.49502981e-05,1.94353875e-04,2.63878837e-22,3.43042488e-21,1.24002138e-04,1.73602994e-03,4.00452620e-04,6.00678930e-03,5.32086832e-52,7.44921565e-51,1.03503486e-34,1.55255229e-33,3.98179294e-08,6.37086870e-07,6.58708424e-09,1.11980432e-07,2.63960047e-08,4.75128085e-07,1.03247774e-40,1.75521215e-39,8.23435757e-10,1.48218436e-08,6.95097789e-06,1.39019558e-04
3.54035411e+04,1.00000000e-02,4.51428526e-11,3.22940092e+00,7.07670473e-01,7.07670473e-01,6.94390650e-02,2.77756260e-01,7.05536142e-05,8.46643371e-04,1.49502981e-05,1.94353875e-04,2.61160156e-23,3.39508203e-22,1.24002138e-04,1.73602994e-03,4.00452620e-04,6.00678930e-03,4.41393519e-53,6.17950927e-52,8.67284709e-35,1.30092706e-33,3.98179294e-08,6.37086870e-07,6.58708424e-09,1.11980432e-07,2.65519015e-08,4.77934227e-07,8.65498694e-41,1.47134778e-39,6.67538959e-10,1.20157013e-08,6.95097789e-06,1.39019558e-04
3.75182072e+04,1.00000000e-02,3.78855346e-11,3.22940092e+00,7.07670473e-01,7.07670473e-01,6.94390650e-02,2.77756260e-01,7.05536142e-05,8.46643371e-04,1.49502981e-05,1.94353875e-04,2.25063579e-24,2.92582653e-23,1.24002138e-04,1.73602994e-03,4.00452620e-04,6.00678930e-03,3.18988071e-54,4.46583300e-53,7.27024191e-35,1.09053629e-33,3.98179294e-08,6.37086870e-07,6.58708424e-09,1.11980432e-07,2.66850251e-08,4.80330453e-07,7.25912160e-41,1.23405067e-39,5.34415335e-10,9.61947603e-09,6.95097789e-06,1.39019558e-04
3.97591829e+04,1.00000000e-02,3.17977955e-11,3.22940092e+00,7.07670473e-01,7.07670473e-01,6.94390650e-02,2.77756260e-01,7.05536142e-05,8.46643371e-04,1.49502981e-05,1.94353875e-04,1.67669431e-25,2.17970260e-24,1.24002138e-04,1.73602994e-03,4.00452620e-04,6.00678930e-03,1.99423286e-55,2.79192601e-54,6.09553423e-35,9.14330134e-34,3.98179294e-08,6.37086870e-07,6.58708424e-09,1.11980432e-07,2.67972471e-08,4.82350448e-07,6.08962965e-41,1.03523704e-39,4.22193351e-10,7.59948032e-09,6.95097789e-06,1.39019558e-04
4.21340130e+04,1.00000000e-02,2.66824134e-11,3.22940092e+00,7.07670473e-01,7.07670473e-01,6.94390650e-02,2.77756260e-01,7.05536142e-05,8.46643371e-04,1.49502981e-05,1.94353875e-04,1.06971345e-26,1.39062748e-25,1.24002138e-04,1.73602994e-03,4.00452620e-04,6.00678930e-03,1.06502217e-56,1.49103104e-55,5.11175785e-35,7.66763678e-34,3.98179294e-08,6.37086870e-07,6.58708424e-09,1.11980432e-07,2.68905666e-08,4.84030198e-07,5.10831297e-41,8.68413206e-40,3.28873908e-10,5.91973034e-09,6.95097789e-06,1.39019558e-04
4.46506925e+04,1.00000000e-02,2.24015022e-11,3.22940092e+00,7.07670473e-01,7.07670473e-01,6.94390650e-02,2.77756260e-01,7.05536142e-05,8.46643371e-04,1.49502981e-05,1.94353875e-04,5.79217669e-28,7.52982970e-27,1.24002138e-04,1.73602994e-03,4.00452620e-04,6.00678930e-03,4.84700871e-58,6.78581219e-57,4.28910555e-35,6.43365832e-34,3.98179294e-08,6.37086870e-07,6.58708424e-09,1.11980432e-07,2.69670530e-08,4.85406954e-07,4.28728641e-41,7.28838690e-40,2.52387463e-10,4.54297433e-09,6.95097789e-06,1.39019558e-04
4.73176941e+04,1.00000000e-02,1.87771991e-11,3.22940092e+00,7.07670473e-01,7.07670473e-01,6.94390650e-02,2.77756260e-01,7.05536142e-05,8.46643371e-04,1.49502981e-05,1.94353875e-04,2.64380353e-29,3.43694459e-28,1.24002138e-04,1.73602994e-03,4.00452620e-04,6.00678930e-03,1.85283710e-59,2.59397194e-58,3.59382373e-35,5.39073560e-34,3.98179294e-08,6.37086870e-07,6.58708424e-09,1.11980432e-07,2.70287893e-08,4.86518208e-07,3.59287264e-41,6.10788349e-40,1.90651156e-10,3.43172080e-09,6.95097789e-06,1.39019558e-04
5.01439967e+04,1.00000000e-02,1.57660069e-11,3.22940092e+00,7.07670473e-01,7.07670473e-01,6.94390650e-02,2.77756260e-01,7.05536142e-05,8.46643371e-04,1.49502981e-05,1.94353875e-04,1.10308542e-30,1.43401104e-29,1.24002138e-04,1.73602994e-03,4.00452620e-04,6.00678930e-03,6.41934269e-61,8.98707976e-60,3.01615332e-35,4.52422998e-34,3.98179294e-08,6.37086870e-07,6.58708424e-09,1.11980432e-07,2.70778173e-08,4.87400712e-07,3.01616239e-41,5.12747606e-40,1.41623152e-10,2.54921674e-09,6.95097789e-06,1.39019558e-04
5.31391154e+04,1.00000000e-02,1.32426537e-11,3.22940092e+00,7.07670473e-01,7.07670473e-01,6.94390650e-02,2.77756260e-01,7.05536142e-05,8.46643371e-04,1.49502981e-05,1.94353875e-04,1.21256424e-31,1.57633352e-30,1.24002138e-04,1.73602994e-03,4.00452620e-04,6.00678930e-03,5.48539203e-62,7.67954885e-61,2.53129468e-35,3.79694201e-34,3.98179294e-08,6.37086870e-07,6.58708424e-09,1.11980432e-07,2.71160888e-08,4.88089598e-07,2.53219274e-41,4.30472765e-40,1.03351688e-10,1.86033039e-09,6.95097789e-06,1.39019558e-04
5.63131335e+04,1.00000000e-02,1.11117046e-11,3.22940092e+00,7.07670473e-01,7.07670473e-01,6.94390650e-02,2.77756260e-01,7.05536142e-05,8.46643371e-04,1.49502981e-05,1.94353875e-04,7.63476149e-32,9.92518994e-31,1.24002138e-04,1.73602994e-03,4.00452620e-04,6.00678930e-03,2.80870419e-62,3.93218586e-61,2.12303743e-35,3.18455614e-34,3.98179294e-08,6.37086870e-07,6.58708424e-09,1.11980432e-07,2.71454239e-08,4.88617631e-07,2.12439274e-41,3.61146765e-40,7.40165405e-11,1.33229773e-09,6.95097789e-06,1.39019558e-04
5.96767369e+04,1.00000000e-02,9.33544185e-12,3.22940092e+00,7.07670473e-01,7.07670473e-01,6.94390650e-02,2.77756260e-01,7.05536142e-05,8.46643371e-04,1.49502981e-05,1.94353875e-04,6.33040439e-32,8.22952570e-31,1.24002138e-04,1.73602994e-03,4.00452620e-04,6.00678930e-03,1.95242655e-62,2.73339717e-61,1.78232521e-35,2.67348781e-34,3.98179294e-08,6.37086870e-07,6.58708424e-09,1.11980432e-07,2.71674792e-08,4.89014626e-07,1.78402528e-41,3.03284298e-40,5.19612701e-11,9.35302861e-10,6.95097789e-06,1.39019558e-04
6.32412495e+04,1.00000000e-02,7.83485426e-12,3.22940092e+00,7.07670473e-01,7.07670473e-01,6.94390650e-02,2.77756260e-01,7.05536142e-05,8.46643371e-04,1.49502981e-05,1.94353875e-04,5.29791348e-32,6.88728752e-31,1.24002138e-04,1.73602994e-03,4.00452620e-04,6.00678930e-03,1.37047199e-62,1.91866079e-61,1.49505127e-35,2.24257690e-34,3.98179294e-08,6.37086870e-07,6.58708424e-09,1.11980432e-07,2.71837253e-08,4.89307055e-07,1.49682899e-41,2.54460928e-40,3.57152112e-11,6.42873801e-10,6.95097789e-06,1.39019558e-04
6.70186717e+04,1.00000000e-02,6.57845989e-12,3.22940092e+00,7.07670473e-01,7.07670473e-01,6.94390650e-02,2.77756260e-01,7.05536142e-05,8.46643371e-04,1.49502981e-05,1.94353875e-04,4.43748785e-32,5.76873421e-31,1.24002138e-04,1.73602994e-03,4.00452620e-04,6.00678930e-03,9.63218373e-63,1.34850572e-61,1.25466455e-35,1.88199683e-34,3.98179294e-08,6.37086870e-07,6.58708424e-09,1.11980432e-07,2.71954355e-08,4.89517839e-07,1.25638699e-41,2.13585788e-40,2.40049608e-11,4.32089294e-10,6.95097789e-06,1.39019558e-04
7.10217207e+04,1.00000000e-02,5.52346387e-12,3.22940092e+00,7.07670473e-01,7.07670473e-01,6.94390650e-02,2.77756260e-01,7.05536142e-05,8.46643371e-04,1.49502981e-05,1.94353875e-04,3.71660156e-32,4.83158203e-31,1.24002138e-04,1.73602994e-03,4.00452620e-04,6.00678930e-03,6.76846346e-63,9.47584885e-62,1.05261415e-35,1.57892123e-34,3.98179294e-08,6.37086870e-07,6.58708424e-09,1.11980432e-07,2.72036846e-08,4.89666323e-07,1.05441542e-41,1.79250622e-40,1.57558623e-11,2.83605522e-10,6.95097789e-06,1.39019558e-04
7.52638731e+04,1.00000000e-02,4.63946143e-12,3.22940092e+00,7.07670473e-01,7.07670473e-01,6.94390650e-02,2.77756260e-01,7.05536142e-05,8.46643371e-04,1.49502981e-05,1.94353875e-04,3.11367553e-32,4.04777818e-31,1.24002138e-04,1.73602994e-03,4.00452620e-04,6.00678930e-03,4.76162643e-63,6.66627700e-62,8.84006900e-36,1.32601035e-34,3.98179294e-08,6.37086870e-07,6.58708424e-09,1.11980432e-07,2.72093558e-08,4.89768405e-07,8.85724457e-42,1.50573158e-40,1.00846558e-11,1.81523805e-10,6.95097789e-06,1.39019558e-04
7.97594109e+04,1.00000000e-02,3.89564955e-12,3.22940092e+00,7.07670473e-01,7.07670473e-01,6.94390650e-02,2.77756260e-01,7.05536142e-05,8.46643371e-04,1.49502981e-05,1.94353875e-04,2.60916185e-32,3.39191041e-31,1.24002138e-04,1.73602994e-03,4.00452620e-04,6.00678930e-03,3.34821519e-63,4.68750127e-62,7.41862571e-36,1.11279386e-34,3.98179294e-08,6.37086870e-07,6.58708424e-09,1.11980432e-07,2.72131555e-08,4.89836799e-07,7.43435484e-42,1.26384032e-40,6.28500152e-12,1.13130027e-10,6.95097789e-06,1.39019558e-04
8.45234687e+04,1.00000000e-02,3.27015999e-12,3.22940092e+00,7.07670473e-01,7.07670473e-01,6.94390650e-02,2.77756260e-01,7.05536142e-05,8.46643371e-04,1.49502981e-05,1.94353875e-04,2.18620980e-32,2.84207274e-31,1.24002138e-04,1.73602994e-03,4.00452620e-04,6.00678930e-03,2.35397804e-63,3.29556925e-62,6.22500727e-36,9.33751091e-35,3.98179294e-08,6.37086870e-07,6.58708424e-09,1.11980432e-07,2.72156326e-08,4.89881387e-07,6.23921905e-42,1.06066724e-40,3.80788427e-12,6.85419169e-11,6.95097789e-06,1.39019558e-04
8.95720854e+04,1.00000000e-02,2.74589262e-12,3.22940092e+00,7.07670473e-01,7.07670473e-01,6.94390650e-02,2.77756260e-01,7.05536142e-05,8.46643371e-04,1.49502981e-05,1.94353875e-04,1.83245865e-32,2.38219624e-31,1.24002138e-04,1.73602994e-03,4.00452620e-04,6.00678930e-03,1.65602105e-63,2.31842947e-62,5.22523360e-36,7.83785040e-35,3.98179294e-08,6.37086870e-07,6.58708424e-09,1.11980432e-07,2.72172014e-08,4.89909626e-07,5.23775216e-42,8.90417867e-41,2.23904872e-12,4.03028770e-11,6.95097789e-06,1.39019558e-04
9.49222577e+04,1.00000000e-02,2.30596173e-12,3.22940092e+00,7.07670473e-01,7.07670473e-01,6.94390650e-02,2.77756260e-01,7.05536142e-05,8.46643371e-04,1.49502981e-05,1.94353875e-04,1.53624032e-32,1.99711242e-31,1.24002138e-04,1.73602994e-03,4.00452620e-04,6.00678930e-03,1.16554622e-63,1.63176471e-62,4.38684622e-36,6.58026933e-35,3.98179294e-08,6.37086870e-07,6.58708424e-09,1.11980432e-07,2.72181650e-08,4.89926970e-07,4.39829045e-42,7.47709377e-41,1.27546377e-12,2.29583479e-11,6.95097789e-06,1.39019558e-04
1.00591998e+05,1.00000000e-02,1.93640832e-12,3.22940092e+00,7.07670473e-01,7.07670473e-01,6.94390650e-02,2.77756260e-01,7.05536142e-05,8.46643371e-04,1.49502981e-05,1.94353875e-04,1.28798611e-32,1.67438194e-31,1.24002138e-04,1.73602994e-03,4.00452620e-04,6.00678930e-03,8.20285944e-64,1.14840032e-62,3.68297082e-36,5.52445623e-35,3.98179294e-08,6.37086870e-07,6.58708424e-09,1.11980432e-07,2.72187379e-08,4.89937283e-07,3.69277188e-42,6.27771220e-41,7.02546802e-13,1.26458424e-11,6.95097789e-06,1.39019558e-04
1.06600393e+05,1.00000000e-02,1.62619813e-12,3.22940092e+00,7.07670473e-01,7.07670473e-01,6.94390650e-02,2.77756260e-01,7.05536142e-05,8.46643371e-04,1.49502981e-05,1.94353875e-04,1.08010164e-32,1.40413213e-31,1.24002138e-04,1.73602994e-03,4.00452620e-04,6.00678930e-03,5.77587120e-64,8.08621968e-63,3.09231291e-36,4.63846937e-35,3.98179294e-08,6.37086870e-07,6.58708424e-09,1.11980432e-07,2.72190670e-08,4.89943207e-07,3.10126062e-42,5.27214306e-41,3.73432868e-13,6.72179162e-12,6.95097789e-06,1.39019558e-04
1.12967672e+05,1.00000000e-02,1.36600000e-12,3.22940092e+00,7.07670473e-01,7.07670473e-01,6.94390650e-02,2.77756260e-01,7.05536142e-05,8.46643371e-04,1.49502981e-05,1.94353875e-04,9.05745833e-33,1.17746958e-31,1.24002138e-04,1.73602994e-03,4.00452620e-04,6.00678930e-03,4.06591101e-64,5.69227541e-63,2.59597878e-36,3.89396818e-35,3.98179294e-08,6.37086870e-07,6.58708424e-09,1.11980432e-07,2.72192493e-08,4.89946488e-07,2.60385775e-42,4.42655817e-41,1.91141998e-13,3.44055596e-12,6.95097789e-06,1.39019558e-04
