# Literature-constrained synthetic nova thermodynamic trajectory
# Model label: S1 (Iliadis et al. 2002)
# Published anchors: ONe WD, M_WD=1.35 Msun, 50% mixing, T_peak=0.418 GK
# IMPORTANT: This is NOT the unpublished original S1 hydrodynamic time series.
# The temporal and density shapes are analytic assumptions documented in the
# accompanying README and generator script.
# Columns:
#   1 time_s
#   2 temperature_T9_GK
#   3 density_g_cm3
# 
0.00000000e+00 7.00000000e-02 2.20000000e+04
5.00000000e-01 7.00000339e-02 2.19999963e+04
1.00000000e+00 7.00000706e-02 2.19999924e+04
1.50000000e+00 7.00001104e-02 2.19999881e+04
2.00000000e+00 7.00001535e-02 2.19999835e+04
2.50000000e+00 7.00002002e-02 2.19999784e+04
3.00000000e+00 7.00002508e-02 2.19999730e+04
3.50000000e+00 7.00003055e-02 2.19999671e+04
4.00000000e+00 7.00003649e-02 2.19999607e+04
4.50000000e+00 7.00004292e-02 2.19999537e+04
5.00000000e+00 7.00004988e-02 2.19999462e+04
5.50000000e+00 7.00005743e-02 2.19999381e+04
6.00000000e+00 7.00006560e-02 2.19999293e+04
6.50000000e+00 7.00007445e-02 2.19999198e+04
7.00000000e+00 7.00008404e-02 2.19999094e+04
7.50000000e+00 7.00009443e-02 2.19998982e+04
8.00000000e+00 7.00010569e-02 2.19998861e+04
8.50000000e+00 7.00011788e-02 2.19998730e+04
9.00000000e+00 7.00013109e-02 2.19998587e+04
9.50000000e+00 7.00014540e-02 2.19998433e+04
1.00000000e+01 7.00016090e-02 2.19998266e+04
1.05000000e+01 7.00017769e-02 2.19998085e+04
1.10000000e+01 7.00019588e-02 2.19997889e+04
1.15000000e+01 7.00021558e-02 2.19997677e+04
1.20000000e+01 7.00023693e-02 2.19997447e+04
1.25000000e+01 7.00026005e-02 2.19997197e+04
1.30000000e+01 7.00028510e-02 2.19996927e+04
1.35000000e+01 7.00031223e-02 2.19996635e+04
1.40000000e+01 7.00034163e-02 2.19996318e+04
1.45000000e+01 7.00037347e-02 2.19995975e+04
1.50000000e+01 7.00040796e-02 2.19995603e+04
1.55000000e+01 7.00044533e-02 2.19995201e+04
1.60000000e+01 7.00048581e-02 2.19994764e+04
1.65000000e+01 7.00052966e-02 2.19994292e+04
1.70000000e+01 7.00057717e-02 2.19993780e+04
1.75000000e+01 7.00062863e-02 2.19993225e+04
1.80000000e+01 7.00068437e-02 2.19992625e+04
1.85000000e+01 7.00074476e-02 2.19991974e+04
1.90000000e+01 7.00081018e-02 2.19991269e+04
1.95000000e+01 7.00088104e-02 2.19990505e+04
2.00000000e+01 7.00095781e-02 2.19989678e+04
2.05000000e+01 7.00104097e-02 2.19988782e+04
2.10000000e+01 7.00113106e-02 2.19987811e+04
2.15000000e+01 7.00122865e-02 2.19986759e+04
2.20000000e+01 7.00133436e-02 2.19985620e+04
2.25000000e+01 7.00144889e-02 2.19984386e+04
2.30000000e+01 7.00157294e-02 2.19983049e+04
2.35000000e+01 7.00170733e-02 2.19981601e+04
2.40000000e+01 7.00185291e-02 2.19980032e+04
2.45000000e+01 7.00201062e-02 2.19978332e+04
2.50000000e+01 7.00218146e-02 2.19976491e+04
2.55000000e+01 7.00236652e-02 2.19974497e+04
2.60000000e+01 7.00256700e-02 2.19972337e+04
2.65000000e+01 7.00278417e-02 2.19969997e+04
2.70000000e+01 7.00301943e-02 2.19967462e+04
2.75000000e+01 7.00327428e-02 2.19964715e+04
2.80000000e+01 7.00355035e-02 2.19961741e+04
2.85000000e+01 7.00384941e-02 2.19958518e+04
2.90000000e+01 7.00417337e-02 2.19955028e+04
2.95000000e+01 7.00452430e-02 2.19951246e+04
3.00000000e+01 7.00490446e-02 2.19947150e+04
3.05000000e+01 7.00531627e-02 2.19942713e+04
3.10000000e+01 7.00576237e-02 2.19937907e+04
3.15000000e+01 7.00624561e-02 2.19932700e+04
3.20000000e+01 7.00676909e-02 2.19927061e+04
3.25000000e+01 7.00733615e-02 2.19920952e+04
3.30000000e+01 7.00795042e-02 2.19914334e+04
3.35000000e+01 7.00861582e-02 2.19907166e+04
3.40000000e+01 7.00933662e-02 2.19899401e+04
3.45000000e+01 7.01011743e-02 2.19890990e+04
3.50000000e+01 7.01096323e-02 2.19881879e+04
3.55000000e+01 7.01187943e-02 2.19872011e+04
3.60000000e+01 7.01287189e-02 2.19861322e+04
3.65000000e+01 7.01394695e-02 2.19849743e+04
3.70000000e+01 7.01511148e-02 2.19837202e+04
3.75000000e+01 7.01637292e-02 2.19823617e+04
3.80000000e+01 7.01773933e-02 2.19808904e+04
3.85000000e+01 7.01921944e-02 2.19792967e+04
3.90000000e+01 7.02082269e-02 2.19775705e+04
3.95000000e+01 7.02255932e-02 2.19757009e+04
4.00000000e+01 7.02444042e-02 2.19736760e+04
4.05000000e+01 7.02647797e-02 2.19714828e+04
4.10000000e+01 7.02868499e-02 2.19691075e+04
4.15000000e+01 7.03107553e-02 2.19665349e+04
4.20000000e+01 7.03366485e-02 2.19637488e+04
4.25000000e+01 7.03646942e-02 2.19607315e+04
4.30000000e+01 7.03950712e-02 2.19574638e+04
4.35000000e+01 7.04279728e-02 2.19539251e+04
4.40000000e+01 7.04636083e-02 2.19500930e+04
4.45000000e+01 7.05022043e-02 2.19459432e+04
4.50000000e+01 7.05440061e-02 2.19414497e+04
4.55000000e+01 7.05892793e-02 2.19365841e+04
4.60000000e+01 7.06383110e-02 2.19313157e+04
4.65000000e+01 7.06914124e-02 2.19256115e+04
4.70000000e+01 7.07489199e-02 2.19194357e+04
4.75000000e+01 7.08111976e-02 2.19127495e+04
4.80000000e+01 7.08786394e-02 2.19055113e+04
4.85000000e+01 7.09516716e-02 2.18976757e+04
4.90000000e+01 7.10307551e-02 2.18891940e+04
4.95000000e+01 7.11163885e-02 2.18800136e+04
5.00000000e+01 7.12091109e-02 2.18700775e+04
5.05000000e+01 7.13095054e-02 2.18593244e+04
5.10000000e+01 7.14182022e-02 2.18476880e+04
5.15000000e+01 7.15358826e-02 2.18350969e+04
5.20000000e+01 7.16632828e-02 2.18214739e+04
5.25000000e+01 7.18011983e-02 2.18067362e+04
5.30000000e+01 7.19504885e-02 2.17907941e+04
5.35000000e+01 7.21120814e-02 2.17735514e+04
5.40000000e+01 7.22869792e-02 2.17549045e+04
5.45000000e+01 7.24762635e-02 2.17347416e+04
5.50000000e+01 7.26811017e-02 2.17129431e+04
5.55000000e+01 7.29027528e-02 2.16893799e+04
5.60000000e+01 7.31425748e-02 2.16639138e+04
5.65000000e+01 7.34020314e-02 2.16363964e+04
5.70000000e+01 7.36826999e-02 2.16066688e+04
5.75000000e+01 7.39862790e-02 2.15745604e+04
5.80000000e+01 7.43145974e-02 2.15398892e+04
5.85000000e+01 7.46696227e-02 2.15024604e+04
5.90000000e+01 7.50534707e-02 2.14620661e+04
5.95000000e+01 7.54684150e-02 2.14184847e+04
6.00000000e+01 7.59168974e-02 2.13714804e+04
6.00500000e+01 7.59636895e-02 2.13665821e+04
6.01000000e+01 7.60108458e-02 2.13616469e+04
6.01500000e+01 7.60583690e-02 2.13566745e+04
6.02000000e+01 7.61062618e-02 2.13516645e+04
6.02500000e+01 7.61545270e-02 2.13466168e+04
6.03000000e+01 7.62031675e-02 2.13415310e+04
6.03500000e+01 7.62521860e-02 2.13364070e+04
6.04000000e+01 7.63015854e-02 2.13312443e+04
6.04500000e+01 7.63513685e-02 2.13260429e+04
6.05000000e+01 7.64015383e-02 2.13208023e+04
6.05500000e+01 7.64520976e-02 2.13155223e+04
6.06000000e+01 7.65030493e-02 2.13102027e+04
6.06500000e+01 7.65543964e-02 2.13048431e+04
6.07000000e+01 7.66061418e-02 2.12994433e+04
6.07500000e+01 7.66582885e-02 2.12940030e+04
6.08000000e+01 7.67108395e-02 2.12885220e+04
6.08500000e+01 7.67637979e-02 2.12829999e+04
6.09000000e+01 7.68171666e-02 2.12774365e+04
6.09500000e+01 7.68709487e-02 2.12718314e+04
6.10000000e+01 7.69251473e-02 2.12661844e+04
6.10500000e+01 7.69797656e-02 2.12604952e+04
6.11000000e+01 7.70348065e-02 2.12547635e+04
6.11500000e+01 7.70902734e-02 2.12489891e+04
6.12000000e+01 7.71461693e-02 2.12431715e+04
6.12500000e+01 7.72024974e-02 2.12373106e+04
6.13000000e+01 7.72592610e-02 2.12314060e+04
6.13500000e+01 7.73164632e-02 2.12254575e+04
6.14000000e+01 7.73741074e-02 2.12194646e+04
6.14500000e+01 7.74321967e-02 2.12134272e+04
6.15000000e+01 7.74907346e-02 2.12073449e+04
6.15500000e+01 7.75497242e-02 2.12012175e+04
6.16000000e+01 7.76091691e-02 2.11950445e+04
6.16500000e+01 7.76690724e-02 2.11888258e+04
6.17000000e+01 7.77294377e-02 2.11825609e+04
6.17500000e+01 7.77902682e-02 2.11762497e+04
6.18000000e+01 7.78515676e-02 2.11698917e+04
6.18500000e+01 7.79133391e-02 2.11634866e+04
6.19000000e+01 7.79755863e-02 2.11570342e+04
6.19500000e+01 7.80383127e-02 2.11505341e+04
6.20000000e+01 7.81015218e-02 2.11439860e+04
6.20500000e+01 7.81652171e-02 2.11373896e+04
6.21000000e+01 7.82294023e-02 2.11307446e+04
6.21500000e+01 7.82940809e-02 2.11240505e+04
6.22000000e+01 7.83592565e-02 2.11173072e+04
6.22500000e+01 7.84249328e-02 2.11105143e+04
6.23000000e+01 7.84911134e-02 2.11036714e+04
6.23500000e+01 7.85578021e-02 2.10967782e+04
6.24000000e+01 7.86250026e-02 2.10898344e+04
6.24500000e+01 7.86927185e-02 2.10828396e+04
6.25000000e+01 7.87609536e-02 2.10757936e+04
6.25500000e+01 7.88297118e-02 2.10686959e+04
6.26000000e+01 7.88989968e-02 2.10615462e+04
6.26500000e+01 7.89688126e-02 2.10543443e+04
6.27000000e+01 7.90391628e-02 2.10470897e+04
6.27500000e+01 7.91100515e-02 2.10397821e+04
6.28000000e+01 7.91814825e-02 2.10324212e+04
6.28500000e+01 7.92534598e-02 2.10250065e+04
6.29000000e+01 7.93259873e-02 2.10175379e+04
6.29500000e+01 7.93990691e-02 2.10100148e+04
6.30000000e+01 7.94727091e-02 2.10024370e+04
6.30500000e+01 7.95469113e-02 2.09948041e+04
6.31000000e+01 7.96216799e-02 2.09871158e+04
6.31500000e+01 7.96970189e-02 2.09793717e+04
6.32000000e+01 7.97729324e-02 2.09715714e+04
6.32500000e+01 7.98494246e-02 2.09637145e+04
6.33000000e+01 7.99264996e-02 2.09558008e+04
6.33500000e+01 8.00041617e-02 2.09478298e+04
6.34000000e+01 8.00824150e-02 2.09398012e+04
6.34500000e+01 8.01612638e-02 2.09317146e+04
6.35000000e+01 8.02407124e-02 2.09235697e+04
6.35500000e+01 8.03207651e-02 2.09153661e+04
6.36000000e+01 8.04014261e-02 2.09071033e+04
6.36500000e+01 8.04826999e-02 2.08987811e+04
6.37000000e+01 8.05645907e-02 2.08903990e+04
6.37500000e+01 8.06471032e-02 2.08819568e+04
6.38000000e+01 8.07302415e-02 2.08734539e+04
6.38500000e+01 8.08140103e-02 2.08648901e+04
6.39000000e+01 8.08984140e-02 2.08562649e+04
6.39500000e+01 8.09834571e-02 2.08475780e+04
6.40000000e+01 8.10691441e-02 2.08388289e+04
6.40500000e+01 8.11554797e-02 2.08300174e+04
6.41000000e+01 8.12424684e-02 2.08211429e+04
6.41500000e+01 8.13301148e-02 2.08122052e+04
6.42000000e+01 8.14184236e-02 2.08032038e+04
6.42500000e+01 8.15073996e-02 2.07941384e+04
6.43000000e+01 8.15970472e-02 2.07850085e+04
6.43500000e+01 8.16873715e-02 2.07758138e+04
6.44000000e+01 8.17783769e-02 2.07665538e+04
6.44500000e+01 8.18700685e-02 2.07572282e+04
6.45000000e+01 8.19624510e-02 2.07478365e+04
6.45500000e+01 8.20555292e-02 2.07383785e+04
6.46000000e+01 8.21493080e-02 2.07288536e+04
6.46500000e+01 8.22437923e-02 2.07192614e+04
6.47000000e+01 8.23389872e-02 2.07096016e+04
6.47500000e+01 8.24348974e-02 2.06998738e+04
6.48000000e+01 8.25315280e-02 2.06900775e+04
6.48500000e+01 8.26288841e-02 2.06802124e+04
6.49000000e+01 8.27269707e-02 2.06702780e+04
6.49500000e+01 8.28257928e-02 2.06602740e+04
6.50000000e+01 8.29253556e-02 2.06501998e+04
6.50500000e+01 8.30256642e-02 2.06400552e+04
6.51000000e+01 8.31267238e-02 2.06298396e+04
6.51500000e+01 8.32285395e-02 2.06195527e+04
6.52000000e+01 8.33311166e-02 2.06091941e+04
6.52500000e+01 8.34344604e-02 2.05987634e+04
6.53000000e+01 8.35385761e-02 2.05882600e+04
6.53500000e+01 8.36434690e-02 2.05776837e+04
6.54000000e+01 8.37491445e-02 2.05670339e+04
6.54500000e+01 8.38556080e-02 2.05563104e+04
6.55000000e+01 8.39628648e-02 2.05455125e+04
6.55500000e+01 8.40709204e-02 2.05346400e+04
6.56000000e+01 8.41797802e-02 2.05236924e+04
6.56500000e+01 8.42894498e-02 2.05126692e+04
6.57000000e+01 8.43999346e-02 2.05015701e+04
6.57500000e+01 8.45112402e-02 2.04903946e+04
6.58000000e+01 8.46233722e-02 2.04791423e+04
6.58500000e+01 8.47363362e-02 2.04678127e+04
6.59000000e+01 8.48501378e-02 2.04564055e+04
6.59500000e+01 8.49647827e-02 2.04449202e+04
6.60000000e+01 8.50802766e-02 2.04333564e+04
6.60500000e+01 8.51966252e-02 2.04217135e+04
6.61000000e+01 8.53138343e-02 2.04099913e+04
6.61500000e+01 8.54319097e-02 2.03981893e+04
6.62000000e+01 8.55508572e-02 2.03863069e+04
6.62500000e+01 8.56706826e-02 2.03743439e+04
6.63000000e+01 8.57913918e-02 2.03622998e+04
6.63500000e+01 8.59129907e-02 2.03501740e+04
6.64000000e+01 8.60354853e-02 2.03379663e+04
6.64500000e+01 8.61588816e-02 2.03256761e+04
6.65000000e+01 8.62831855e-02 2.03133030e+04
6.65500000e+01 8.64084030e-02 2.03008465e+04
6.66000000e+01 8.65345403e-02 2.02883063e+04
6.66500000e+01 8.66616033e-02 2.02756819e+04
6.67000000e+01 8.67895984e-02 2.02629729e+04
6.67500000e+01 8.69185314e-02 2.02501787e+04
6.68000000e+01 8.70484088e-02 2.02372990e+04
6.68500000e+01 8.71792366e-02 2.02243334e+04
6.69000000e+01 8.73110211e-02 2.02112813e+04
6.69500000e+01 8.74437687e-02 2.01981424e+04
6.70000000e+01 8.75774854e-02 2.01849162e+04
6.70500000e+01 8.77121778e-02 2.01716022e+04
6.71000000e+01 8.78478522e-02 2.01582000e+04
6.71500000e+01 8.79845149e-02 2.01447092e+04
6.72000000e+01 8.81221724e-02 2.01311294e+04
6.72500000e+01 8.82608311e-02 2.01174600e+04
6.73000000e+01 8.84004975e-02 2.01037007e+04
6.73500000e+01 8.85411780e-02 2.00898509e+04
6.74000000e+01 8.86828794e-02 2.00759103e+04
6.74500000e+01 8.88256080e-02 2.00618785e+04
6.75000000e+01 8.89693706e-02 2.00477549e+04
6.75500000e+01 8.91141736e-02 2.00335391e+04
6.76000000e+01 8.92600239e-02 2.00192307e+04
6.76500000e+01 8.94069280e-02 2.00048293e+04
6.77000000e+01 8.95548927e-02 1.99903343e+04
6.77500000e+01 8.97039247e-02 1.99757454e+04
6.78000000e+01 8.98540307e-02 1.99610622e+04
6.78500000e+01 9.00052177e-02 1.99462841e+04
6.79000000e+01 9.01574924e-02 1.99314108e+04
6.79500000e+01 9.03108616e-02 1.99164417e+04
6.80000000e+01 9.04653323e-02 1.99013765e+04
6.80500000e+01 9.06209113e-02 1.98862148e+04
6.81000000e+01 9.07776056e-02 1.98709560e+04
6.81500000e+01 9.09354222e-02 1.98555998e+04
6.82000000e+01 9.10943681e-02 1.98401456e+04
6.82500000e+01 9.12544502e-02 1.98245932e+04
6.83000000e+01 9.14156757e-02 1.98089420e+04
6.83500000e+01 9.15780515e-02 1.97931916e+04
6.84000000e+01 9.17415849e-02 1.97773416e+04
6.84500000e+01 9.19062830e-02 1.97613916e+04
6.85000000e+01 9.20721528e-02 1.97453410e+04
6.85500000e+01 9.22392017e-02 1.97291896e+04
6.86000000e+01 9.24074367e-02 1.97129368e+04
6.86500000e+01 9.25768652e-02 1.96965823e+04
6.87000000e+01 9.27474944e-02 1.96801255e+04
6.87500000e+01 9.29193316e-02 1.96635662e+04
6.88000000e+01 9.30923842e-02 1.96469038e+04
6.88500000e+01 9.32666593e-02 1.96301380e+04
6.89000000e+01 9.34421646e-02 1.96132682e+04
6.89500000e+01 9.36189072e-02 1.95962942e+04
6.90000000e+01 9.37968947e-02 1.95792155e+04
6.90500000e+01 9.39761344e-02 1.95620317e+04
6.91000000e+01 9.41566339e-02 1.95447423e+04
6.91500000e+01 9.43384006e-02 1.95273470e+04
6.92000000e+01 9.45214421e-02 1.95098454e+04
6.92500000e+01 9.47057659e-02 1.94922370e+04
6.93000000e+01 9.48913795e-02 1.94745214e+04
6.93500000e+01 9.50782906e-02 1.94566983e+04
6.94000000e+01 9.52665067e-02 1.94387672e+04
6.94500000e+01 9.54560354e-02 1.94207278e+04
6.95000000e+01 9.56468845e-02 1.94025796e+04
6.95500000e+01 9.58390616e-02 1.93843222e+04
6.96000000e+01 9.60325744e-02 1.93659553e+04
6.96500000e+01 9.62274306e-02 1.93474785e+04
6.97000000e+01 9.64236379e-02 1.93288914e+04
6.97500000e+01 9.66212041e-02 1.93101936e+04
6.98000000e+01 9.68201371e-02 1.92913847e+04
6.98500000e+01 9.70204445e-02 1.92724644e+04
6.99000000e+01 9.72221342e-02 1.92534323e+04
6.99500000e+01 9.74252140e-02 1.92342880e+04
7.00000000e+01 9.76296918e-02 1.92150311e+04
7.00500000e+01 9.78355755e-02 1.91956613e+04
7.01000000e+01 9.80428730e-02 1.91761782e+04
7.01500000e+01 9.82515921e-02 1.91565815e+04
7.02000000e+01 9.84617408e-02 1.91368708e+04
7.02500000e+01 9.86733271e-02 1.91170458e+04
7.03000000e+01 9.88863588e-02 1.90971060e+04
7.03500000e+01 9.91008441e-02 1.90770512e+04
7.04000000e+01 9.93167908e-02 1.90568811e+04
7.04500000e+01 9.95342069e-02 1.90365952e+04
7.05000000e+01 9.97531006e-02 1.90161933e+04
7.05500000e+01 9.99734798e-02 1.89956751e+04
7.06000000e+01 1.00195353e-01 1.89750401e+04
7.06500000e+01 1.00418727e-01 1.89542881e+04
7.07000000e+01 1.00643611e-01 1.89334188e+04
7.07500000e+01 1.00870013e-01 1.89124319e+04
7.08000000e+01 1.01097941e-01 1.88913269e+04
7.08500000e+01 1.01327403e-01 1.88701038e+04
7.09000000e+01 1.01558407e-01 1.88487621e+04
7.09500000e+01 1.01790961e-01 1.88273015e+04
7.10000000e+01 1.02025074e-01 1.88057218e+04
7.10500000e+01 1.02260754e-01 1.87840227e+04
7.11000000e+01 1.02498008e-01 1.87622039e+04
7.11500000e+01 1.02736845e-01 1.87402652e+04
7.12000000e+01 1.02977273e-01 1.87182062e+04
7.12500000e+01 1.03219300e-01 1.86960266e+04
7.13000000e+01 1.03462935e-01 1.86737264e+04
7.13500000e+01 1.03708185e-01 1.86513051e+04
7.14000000e+01 1.03955059e-01 1.86287625e+04
7.14500000e+01 1.04203565e-01 1.86060984e+04
7.15000000e+01 1.04453712e-01 1.85833126e+04
7.15500000e+01 1.04705507e-01 1.85604048e+04
7.16000000e+01 1.04958958e-01 1.85373748e+04
7.16500000e+01 1.05214075e-01 1.85142224e+04
7.17000000e+01 1.05470864e-01 1.84909474e+04
7.17500000e+01 1.05729335e-01 1.84675495e+04
7.18000000e+01 1.05989495e-01 1.84440285e+04
7.18500000e+01 1.06251353e-01 1.84203844e+04
7.19000000e+01 1.06514917e-01 1.83966168e+04
7.19500000e+01 1.06780195e-01 1.83727256e+04
7.20000000e+01 1.07047196e-01 1.83487106e+04
7.20500000e+01 1.07315927e-01 1.83245716e+04
7.21000000e+01 1.07586397e-01 1.83003085e+04
7.21500000e+01 1.07858613e-01 1.82759212e+04
7.22000000e+01 1.08132585e-01 1.82514094e+04
7.22500000e+01 1.08408320e-01 1.82267731e+04
7.23000000e+01 1.08685827e-01 1.82020120e+04
7.23500000e+01 1.08965113e-01 1.81771261e+04
7.24000000e+01 1.09246187e-01 1.81521153e+04
7.24500000e+01 1.09529057e-01 1.81269794e+04
7.25000000e+01 1.09813731e-01 1.81017184e+04
7.25500000e+01 1.10100217e-01 1.80763321e+04
7.26000000e+01 1.10388524e-01 1.80508204e+04
7.26500000e+01 1.10678658e-01 1.80251833e+04
7.27000000e+01 1.10970630e-01 1.79994207e+04
7.27500000e+01 1.11264445e-01 1.79735325e+04
7.28000000e+01 1.11560113e-01 1.79475186e+04
7.28500000e+01 1.11857642e-01 1.79213791e+04
7.29000000e+01 1.12157040e-01 1.78951138e+04
7.29500000e+01 1.12458314e-01 1.78687228e+04
7.30000000e+01 1.12761472e-01 1.78422059e+04
7.30500000e+01 1.13066523e-01 1.78155633e+04
7.31000000e+01 1.13373474e-01 1.77887948e+04
7.31500000e+01 1.13682334e-01 1.77619005e+04
7.32000000e+01 1.13993109e-01 1.77348804e+04
7.32500000e+01 1.14305809e-01 1.77077345e+04
7.33000000e+01 1.14620441e-01 1.76804629e+04
7.33500000e+01 1.14937012e-01 1.76530655e+04
7.34000000e+01 1.15255531e-01 1.76255424e+04
7.34500000e+01 1.15576004e-01 1.75978937e+04
7.35000000e+01 1.15898441e-01 1.75701194e+04
7.35500000e+01 1.16222848e-01 1.75422196e+04
7.36000000e+01 1.16549233e-01 1.75141944e+04
7.36500000e+01 1.16877604e-01 1.74860438e+04
7.37000000e+01 1.17207969e-01 1.74577681e+04
7.37500000e+01 1.17540334e-01 1.74293672e+04
7.38000000e+01 1.17874708e-01 1.74008413e+04
7.38500000e+01 1.18211097e-01 1.73721906e+04
7.39000000e+01 1.18549510e-01 1.73434151e+04
7.39500000e+01 1.18889953e-01 1.73145151e+04
7.40000000e+01 1.19232435e-01 1.72854906e+04
7.40500000e+01 1.19576961e-01 1.72563419e+04
7.41000000e+01 1.19923541e-01 1.72270692e+04
7.41500000e+01 1.20272179e-01 1.71976725e+04
7.42000000e+01 1.20622885e-01 1.71681522e+04
7.42500000e+01 1.20975665e-01 1.71385085e+04
7.43000000e+01 1.21330526e-01 1.71087415e+04
7.43500000e+01 1.21687475e-01 1.70788515e+04
7.44000000e+01 1.22046519e-01 1.70488388e+04
7.44500000e+01 1.22407666e-01 1.70187036e+04
7.45000000e+01 1.22770920e-01 1.69884461e+04
7.45500000e+01 1.23136291e-01 1.69580667e+04
7.46000000e+01 1.23503784e-01 1.69275656e+04
7.46500000e+01 1.23873406e-01 1.68969431e+04
7.47000000e+01 1.24245163e-01 1.68661996e+04
7.47500000e+01 1.24619063e-01 1.68353353e+04
7.48000000e+01 1.24995112e-01 1.68043507e+04
7.48500000e+01 1.25373316e-01 1.67732460e+04
7.49000000e+01 1.25753681e-01 1.67420215e+04
7.49500000e+01 1.26136214e-01 1.67106778e+04
7.50000000e+01 1.26520921e-01 1.66792151e+04
7.50500000e+01 1.26907809e-01 1.66476338e+04
7.51000000e+01 1.27296883e-01 1.66159343e+04
7.51500000e+01 1.27688149e-01 1.65841171e+04
7.52000000e+01 1.28081613e-01 1.65521826e+04
7.52500000e+01 1.28477282e-01 1.65201312e+04
7.53000000e+01 1.28875161e-01 1.64879633e+04
7.53500000e+01 1.29275256e-01 1.64556795e+04
7.54000000e+01 1.29677572e-01 1.64232801e+04
7.54500000e+01 1.30082115e-01 1.63907657e+04
7.55000000e+01 1.30488891e-01 1.63581368e+04
7.55500000e+01 1.30897904e-01 1.63253939e+04
7.56000000e+01 1.31309161e-01 1.62925375e+04
7.56500000e+01 1.31722666e-01 1.62595681e+04
7.57000000e+01 1.32138425e-01 1.62264863e+04
7.57500000e+01 1.32556442e-01 1.61932926e+04
7.58000000e+01 1.32976723e-01 1.61599877e+04
7.58500000e+01 1.33399273e-01 1.61265720e+04
7.59000000e+01 1.33824095e-01 1.60930462e+04
7.59500000e+01 1.34251196e-01 1.60594109e+04
7.60000000e+01 1.34680579e-01 1.60256667e+04
7.60500000e+01 1.35112250e-01 1.59918143e+04
7.61000000e+01 1.35546212e-01 1.59578542e+04
7.61500000e+01 1.35982469e-01 1.59237871e+04
7.62000000e+01 1.36421027e-01 1.58896138e+04
7.62500000e+01 1.36861889e-01 1.58553348e+04
7.63000000e+01 1.37305059e-01 1.58209509e+04
7.63500000e+01 1.37750540e-01 1.57864628e+04
7.64000000e+01 1.38198338e-01 1.57518711e+04
7.64500000e+01 1.38648454e-01 1.57171767e+04
7.65000000e+01 1.39100894e-01 1.56823803e+04
7.65500000e+01 1.39555660e-01 1.56474825e+04
7.66000000e+01 1.40012755e-01 1.56124843e+04
7.66500000e+01 1.40472184e-01 1.55773863e+04
7.67000000e+01 1.40933948e-01 1.55421894e+04
7.67500000e+01 1.41398052e-01 1.55068943e+04
7.68000000e+01 1.41864497e-01 1.54715018e+04
7.68500000e+01 1.42333287e-01 1.54360129e+04
7.69000000e+01 1.42804423e-01 1.54004283e+04
7.69500000e+01 1.43277910e-01 1.53647489e+04
7.70000000e+01 1.43753748e-01 1.53289755e+04
7.70500000e+01 1.44231941e-01 1.52931091e+04
7.71000000e+01 1.44712490e-01 1.52571504e+04
7.71500000e+01 1.45195397e-01 1.52211005e+04
7.72000000e+01 1.45680664e-01 1.51849602e+04
7.72500000e+01 1.46168293e-01 1.51487304e+04
7.73000000e+01 1.46658285e-01 1.51124121e+04
7.73500000e+01 1.47150643e-01 1.50760063e+04
7.74000000e+01 1.47645366e-01 1.50395138e+04
7.74500000e+01 1.48142456e-01 1.50029357e+04
7.75000000e+01 1.48641915e-01 1.49662729e+04
7.75500000e+01 1.49143743e-01 1.49295264e+04
7.76000000e+01 1.49647940e-01 1.48926972e+04
7.76500000e+01 1.50154508e-01 1.48557865e+04
7.77000000e+01 1.50663447e-01 1.48187950e+04
7.77500000e+01 1.51174757e-01 1.47817240e+04
7.78000000e+01 1.51688439e-01 1.47445745e+04
7.78500000e+01 1.52204491e-01 1.47073475e+04
7.79000000e+01 1.52722915e-01 1.46700440e+04
7.79500000e+01 1.53243709e-01 1.46326653e+04
7.80000000e+01 1.53766874e-01 1.45952123e+04
7.80500000e+01 1.54292408e-01 1.45576862e+04
7.81000000e+01 1.54820311e-01 1.45200881e+04
7.81500000e+01 1.55350582e-01 1.44824191e+04
7.82000000e+01 1.55883219e-01 1.44446803e+04
7.82500000e+01 1.56418223e-01 1.44068730e+04
7.83000000e+01 1.56955590e-01 1.43689982e+04
7.83500000e+01 1.57495319e-01 1.43310571e+04
7.84000000e+01 1.58037410e-01 1.42930509e+04
7.84500000e+01 1.58581859e-01 1.42549808e+04
7.85000000e+01 1.59128664e-01 1.42168480e+04
7.85500000e+01 1.59677824e-01 1.41786536e+04
7.86000000e+01 1.60229336e-01 1.41403990e+04
7.86500000e+01 1.60783197e-01 1.41020852e+04
7.87000000e+01 1.61339405e-01 1.40637137e+04
7.87500000e+01 1.61897956e-01 1.40252855e+04
7.88000000e+01 1.62458848e-01 1.39868019e+04
7.88500000e+01 1.63022076e-01 1.39482643e+04
7.89000000e+01 1.63587638e-01 1.39096738e+04
7.89500000e+01 1.64155530e-01 1.38710318e+04
7.90000000e+01 1.64725748e-01 1.38323396e+04
7.90500000e+01 1.65298288e-01 1.37935983e+04
7.91000000e+01 1.65873146e-01 1.37548094e+04
7.91500000e+01 1.66450317e-01 1.37159742e+04
7.92000000e+01 1.67029796e-01 1.36770939e+04
7.92500000e+01 1.67611580e-01 1.36381698e+04
7.93000000e+01 1.68195663e-01 1.35992034e+04
7.93500000e+01 1.68782040e-01 1.35601960e+04
7.94000000e+01 1.69370705e-01 1.35211489e+04
7.94500000e+01 1.69961653e-01 1.34820634e+04
7.95000000e+01 1.70554878e-01 1.34429409e+04
7.95500000e+01 1.71150375e-01 1.34037828e+04
7.96000000e+01 1.71748137e-01 1.33645905e+04
7.96500000e+01 1.72348159e-01 1.33253653e+04
7.97000000e+01 1.72950432e-01 1.32861086e+04
7.97500000e+01 1.73554952e-01 1.32468219e+04
7.98000000e+01 1.74161711e-01 1.32075064e+04
7.98500000e+01 1.74770701e-01 1.31681636e+04
7.99000000e+01 1.75381916e-01 1.31287950e+04
7.99500000e+01 1.75995349e-01 1.30894019e+04
8.00000000e+01 1.76610991e-01 1.30499857e+04
8.00500000e+01 1.77228835e-01 1.30105480e+04
8.01000000e+01 1.77848872e-01 1.29710900e+04
8.01500000e+01 1.78471095e-01 1.29316132e+04
8.02000000e+01 1.79095495e-01 1.28921191e+04
8.02500000e+01 1.79722063e-01 1.28526090e+04
8.03000000e+01 1.80350791e-01 1.28130845e+04
8.03500000e+01 1.80981669e-01 1.27735470e+04
8.04000000e+01 1.81614689e-01 1.27339980e+04
8.04500000e+01 1.82249840e-01 1.26944388e+04
8.05000000e+01 1.82887113e-01 1.26548709e+04
8.05500000e+01 1.83526499e-01 1.26152958e+04
8.06000000e+01 1.84167987e-01 1.25757150e+04
8.06500000e+01 1.84811567e-01 1.25361299e+04
8.07000000e+01 1.85457229e-01 1.24965420e+04
8.07500000e+01 1.86104961e-01 1.24569527e+04
8.08000000e+01 1.86754754e-01 1.24173635e+04
8.08500000e+01 1.87406596e-01 1.23777759e+04
8.09000000e+01 1.88060476e-01 1.23381913e+04
8.09500000e+01 1.88716381e-01 1.22986112e+04
8.10000000e+01 1.89374302e-01 1.22590371e+04
8.10500000e+01 1.90034225e-01 1.22194705e+04
8.11000000e+01 1.90696140e-01 1.21799128e+04
8.11500000e+01 1.91360032e-01 1.21403655e+04
8.12000000e+01 1.92025891e-01 1.21008300e+04
8.12500000e+01 1.92693704e-01 1.20613079e+04
8.13000000e+01 1.93363456e-01 1.20218006e+04
8.13500000e+01 1.94035137e-01 1.19823095e+04
8.14000000e+01 1.94708731e-01 1.19428362e+04
8.14500000e+01 1.95384227e-01 1.19033820e+04
8.15000000e+01 1.96061610e-01 1.18639486e+04
8.15500000e+01 1.96740865e-01 1.18245372e+04
8.16000000e+01 1.97421981e-01 1.17851494e+04
8.16500000e+01 1.98104941e-01 1.17457867e+04
8.17000000e+01 1.98789732e-01 1.17064505e+04
8.17500000e+01 1.99476338e-01 1.16671422e+04
8.18000000e+01 2.00164746e-01 1.16278633e+04
8.18500000e+01 2.00854940e-01 1.15886153e+04
8.19000000e+01 2.01546905e-01 1.15493995e+04
8.19500000e+01 2.02240626e-01 1.15102174e+04
8.20000000e+01 2.02936086e-01 1.14710705e+04
8.20500000e+01 2.03633270e-01 1.14319602e+04
8.21000000e+01 2.04332163e-01 1.13928880e+04
8.21500000e+01 2.05032748e-01 1.13538551e+04
8.22000000e+01 2.05735008e-01 1.13148631e+04
8.22500000e+01 2.06438927e-01 1.12759133e+04
8.23000000e+01 2.07144489e-01 1.12370073e+04
8.23500000e+01 2.07851676e-01 1.11981463e+04
8.24000000e+01 2.08560472e-01 1.11593317e+04
8.24500000e+01 2.09270858e-01 1.11205651e+04
8.25000000e+01 2.09982819e-01 1.10818476e+04
8.25500000e+01 2.10696335e-01 1.10431808e+04
8.26000000e+01 2.11411390e-01 1.10045660e+04
8.26500000e+01 2.12127965e-01 1.09660045e+04
8.27000000e+01 2.12846042e-01 1.09274978e+04
8.27500000e+01 2.13565604e-01 1.08890471e+04
8.28000000e+01 2.14286630e-01 1.08506538e+04
8.28500000e+01 2.15009103e-01 1.08123193e+04
8.29000000e+01 2.15733004e-01 1.07740448e+04
8.29500000e+01 2.16458314e-01 1.07358317e+04
8.30000000e+01 2.17185013e-01 1.06976813e+04
8.30500000e+01 2.17913083e-01 1.06595950e+04
8.31000000e+01 2.18642504e-01 1.06215740e+04
8.31500000e+01 2.19373255e-01 1.05836195e+04
8.32000000e+01 2.20105319e-01 1.05457329e+04
8.32500000e+01 2.20838674e-01 1.05079155e+04
8.33000000e+01 2.21573300e-01 1.04701685e+04
8.33500000e+01 2.22309177e-01 1.04324931e+04
8.34000000e+01 2.23046285e-01 1.03948906e+04
8.34500000e+01 2.23784603e-01 1.03573623e+04
8.35000000e+01 2.24524111e-01 1.03199093e+04
8.35500000e+01 2.25264787e-01 1.02825329e+04
8.36000000e+01 2.26006611e-01 1.02452343e+04
8.36500000e+01 2.26749561e-01 1.02080146e+04
8.37000000e+01 2.27493617e-01 1.01708751e+04
8.37500000e+01 2.28238756e-01 1.01338169e+04
8.38000000e+01 2.28984958e-01 1.00968411e+04
8.38500000e+01 2.29732200e-01 1.00599490e+04
8.39000000e+01 2.30480461e-01 1.00231417e+04
8.39500000e+01 2.31229719e-01 9.98642029e+03
8.40000000e+01 2.31979952e-01 9.94978588e+03
8.40500000e+01 2.32731138e-01 9.91323959e+03
8.41000000e+01 2.33483255e-01 9.87678251e+03
8.41500000e+01 2.34236279e-01 9.84041573e+03
8.42000000e+01 2.34990190e-01 9.80414032e+03
8.42500000e+01 2.35744963e-01 9.76795734e+03
8.43000000e+01 2.36500576e-01 9.73186784e+03
8.43500000e+01 2.37257007e-01 9.69587284e+03
8.44000000e+01 2.38014233e-01 9.65997337e+03
8.44500000e+01 2.38772230e-01 9.62417045e+03
8.45000000e+01 2.39530976e-01 9.58846507e+03
8.45500000e+01 2.40290447e-01 9.55285822e+03
8.46000000e+01 2.41050620e-01 9.51735086e+03
8.46500000e+01 2.41811472e-01 9.48194396e+03
8.47000000e+01 2.42572978e-01 9.44663847e+03
8.47500000e+01 2.43335116e-01 9.41143532e+03
8.48000000e+01 2.44097863e-01 9.37633543e+03
8.48500000e+01 2.44861193e-01 9.34133971e+03
8.49000000e+01 2.45625084e-01 9.30644906e+03
8.49500000e+01 2.46389511e-01 9.27166436e+03
8.50000000e+01 2.47154451e-01 9.23698648e+03
8.50500000e+01 2.47919880e-01 9.20241626e+03
8.51000000e+01 2.48685773e-01 9.16795456e+03
8.51500000e+01 2.49452107e-01 9.13360221e+03
8.52000000e+01 2.50218857e-01 9.09936002e+03
8.52500000e+01 2.50985999e-01 9.06522878e+03
8.53000000e+01 2.51753510e-01 9.03120930e+03
8.53500000e+01 2.52521363e-01 8.99730234e+03
8.54000000e+01 2.53289536e-01 8.96350866e+03
8.54500000e+01 2.54058004e-01 8.92982902e+03
8.55000000e+01 2.54826742e-01 8.89626414e+03
8.55500000e+01 2.55595726e-01 8.86281475e+03
8.56000000e+01 2.56364932e-01 8.82948155e+03
8.56500000e+01 2.57134334e-01 8.79626523e+03
8.57000000e+01 2.57903909e-01 8.76316648e+03
8.57500000e+01 2.58673631e-01 8.73018595e+03
8.58000000e+01 2.59443477e-01 8.69732430e+03
8.58500000e+01 2.60213421e-01 8.66458216e+03
8.59000000e+01 2.60983439e-01 8.63196015e+03
8.59500000e+01 2.61753506e-01 8.59945890e+03
8.60000000e+01 2.62523598e-01 8.56707898e+03
8.60500000e+01 2.63293690e-01 8.53482098e+03
8.61000000e+01 2.64063757e-01 8.50268548e+03
8.61500000e+01 2.64833775e-01 8.47067301e+03
8.62000000e+01 2.65603719e-01 8.43878413e+03
8.62500000e+01 2.66373565e-01 8.40701935e+03
8.63000000e+01 2.67143287e-01 8.37537920e+03
8.63500000e+01 2.67912862e-01 8.34386416e+03
8.64000000e+01 2.68682264e-01 8.31247473e+03
8.64500000e+01 2.69451470e-01 8.28121136e+03
8.65000000e+01 2.70220454e-01 8.25007453e+03
8.65500000e+01 2.70989192e-01 8.21906467e+03
8.66000000e+01 2.71757659e-01 8.18818222e+03
8.66500000e+01 2.72525832e-01 8.15742758e+03
8.67000000e+01 2.73293686e-01 8.12680116e+03
8.67500000e+01 2.74061196e-01 8.09630336e+03
8.68000000e+01 2.74828339e-01 8.06593454e+03
8.68500000e+01 2.75595089e-01 8.03569507e+03
8.69000000e+01 2.76361423e-01 8.00558529e+03
8.69500000e+01 2.77127316e-01 7.97560555e+03
8.70000000e+01 2.77892745e-01 7.94575617e+03
8.70500000e+01 2.78657685e-01 7.91603744e+03
8.71000000e+01 2.79422112e-01 7.88644968e+03
8.71500000e+01 2.80186003e-01 7.85699316e+03
8.72000000e+01 2.80949333e-01 7.82766815e+03
8.72500000e+01 2.81712079e-01 7.79847491e+03
8.73000000e+01 2.82474218e-01 7.76941369e+03
8.73500000e+01 2.83235724e-01 7.74048471e+03
8.74000000e+01 2.83996576e-01 7.71168819e+03
8.74500000e+01 2.84756749e-01 7.68302434e+03
8.75000000e+01 2.85516220e-01 7.65449336e+03
8.75500000e+01 2.86274965e-01 7.62609542e+03
8.76000000e+01 2.87032963e-01 7.59783070e+03
8.76500000e+01 2.87790188e-01 7.56969934e+03
8.77000000e+01 2.88546619e-01 7.54170150e+03
8.77500000e+01 2.89302233e-01 7.51383730e+03
8.78000000e+01 2.90057006e-01 7.48610687e+03
8.78500000e+01 2.90810916e-01 7.45851031e+03
8.79000000e+01 2.91563941e-01 7.43104773e+03
8.79500000e+01 2.92316057e-01 7.40371920e+03
8.80000000e+01 2.93067243e-01 7.37652480e+03
8.80500000e+01 2.93817476e-01 7.34946458e+03
8.81000000e+01 2.94566735e-01 7.32253861e+03
8.81500000e+01 2.95314996e-01 7.29574692e+03
8.82000000e+01 2.96062238e-01 7.26908953e+03
8.82500000e+01 2.96808440e-01 7.24256647e+03
8.83000000e+01 2.97553579e-01 7.21617773e+03
8.83500000e+01 2.98297635e-01 7.18992332e+03
8.84000000e+01 2.99040585e-01 7.16380322e+03
8.84500000e+01 2.99782409e-01 7.13781739e+03
8.85000000e+01 3.00523085e-01 7.11196581e+03
8.85500000e+01 3.01262593e-01 7.08624842e+03
8.86000000e+01 3.02000911e-01 7.06066517e+03
8.86500000e+01 3.02738019e-01 7.03521599e+03
8.87000000e+01 3.03473896e-01 7.00990079e+03
8.87500000e+01 3.04208522e-01 6.98471950e+03
8.88000000e+01 3.04941877e-01 6.95967201e+03
8.88500000e+01 3.05673940e-01 6.93475821e+03
8.89000000e+01 3.06404692e-01 6.90997799e+03
8.89500000e+01 3.07134113e-01 6.88533122e+03
8.90000000e+01 3.07862183e-01 6.86081776e+03
8.90500000e+01 3.08588882e-01 6.83643747e+03
8.91000000e+01 3.09314192e-01 6.81219019e+03
8.91500000e+01 3.10038093e-01 6.78807576e+03
8.92000000e+01 3.10760566e-01 6.76409400e+03
8.92500000e+01 3.11481592e-01 6.74024474e+03
8.93000000e+01 3.12201153e-01 6.71652777e+03
8.93500000e+01 3.12919231e-01 6.69294291e+03
8.94000000e+01 3.13635806e-01 6.66948995e+03
8.94500000e+01 3.14350860e-01 6.64616866e+03
8.95000000e+01 3.15064377e-01 6.62297883e+03
8.95500000e+01 3.15776337e-01 6.59992022e+03
8.96000000e+01 3.16486724e-01 6.57699260e+03
8.96500000e+01 3.17195520e-01 6.55419571e+03
8.97000000e+01 3.17902707e-01 6.53152930e+03
8.97500000e+01 3.18608269e-01 6.50899311e+03
8.98000000e+01 3.19312188e-01 6.48658686e+03
8.98500000e+01 3.20014448e-01 6.46431028e+03
8.99000000e+01 3.20715033e-01 6.44216309e+03
8.99500000e+01 3.21413925e-01 6.42014499e+03
9.00000000e+01 3.22111110e-01 6.39825568e+03
9.00500000e+01 3.22806570e-01 6.37649485e+03
9.01000000e+01 3.23500291e-01 6.35486220e+03
9.01500000e+01 3.24192256e-01 6.33335741e+03
9.02000000e+01 3.24882450e-01 6.31198014e+03
9.02500000e+01 3.25570857e-01 6.29073007e+03
9.03000000e+01 3.26257464e-01 6.26960686e+03
9.03500000e+01 3.26942255e-01 6.24861016e+03
9.04000000e+01 3.27625215e-01 6.22773963e+03
9.04500000e+01 3.28306330e-01 6.20699491e+03
9.05000000e+01 3.28985586e-01 6.18637563e+03
9.05500000e+01 3.29662969e-01 6.16588143e+03
9.06000000e+01 3.30338464e-01 6.14551194e+03
9.06500000e+01 3.31012059e-01 6.12526678e+03
9.07000000e+01 3.31683739e-01 6.10514556e+03
9.07500000e+01 3.32353492e-01 6.08514789e+03
9.08000000e+01 3.33021304e-01 6.06527338e+03
9.08500000e+01 3.33687163e-01 6.04552164e+03
9.09000000e+01 3.34351056e-01 6.02589226e+03
9.09500000e+01 3.35012970e-01 6.00638482e+03
9.10000000e+01 3.35672894e-01 5.98699893e+03
9.10500000e+01 3.36330814e-01 5.96773415e+03
9.11000000e+01 3.36986720e-01 5.94859007e+03
9.11500000e+01 3.37640600e-01 5.92956627e+03
9.12000000e+01 3.38292442e-01 5.91066230e+03
9.12500000e+01 3.38942234e-01 5.89187775e+03
9.13000000e+01 3.39589967e-01 5.87321216e+03
9.13500000e+01 3.40235629e-01 5.85466510e+03
9.14000000e+01 3.40879209e-01 5.83623613e+03
9.14500000e+01 3.41520697e-01 5.81792478e+03
9.15000000e+01 3.42160083e-01 5.79973062e+03
9.15500000e+01 3.42797356e-01 5.78165318e+03
9.16000000e+01 3.43432507e-01 5.76369201e+03
9.16500000e+01 3.44065527e-01 5.74584664e+03
9.17000000e+01 3.44696405e-01 5.72811660e+03
9.17500000e+01 3.45325133e-01 5.71050143e+03
9.18000000e+01 3.45951701e-01 5.69300066e+03
9.18500000e+01 3.46576101e-01 5.67561380e+03
9.19000000e+01 3.47198324e-01 5.65834039e+03
9.19500000e+01 3.47818361e-01 5.64117995e+03
9.20000000e+01 3.48436205e-01 5.62413198e+03
9.20500000e+01 3.49051847e-01 5.60719602e+03
9.21000000e+01 3.49665279e-01 5.59037156e+03
9.21500000e+01 3.50276495e-01 5.57365812e+03
9.22000000e+01 3.50885485e-01 5.55705521e+03
9.22500000e+01 3.51492244e-01 5.54056234e+03
9.23000000e+01 3.52096763e-01 5.52417900e+03
9.23500000e+01 3.52699037e-01 5.50790471e+03
9.24000000e+01 3.53299058e-01 5.49173896e+03
9.24500000e+01 3.53896821e-01 5.47568125e+03
9.25000000e+01 3.54492317e-01 5.45973108e+03
9.25500000e+01 3.55085543e-01 5.44388794e+03
9.26000000e+01 3.55676491e-01 5.42815134e+03
9.26500000e+01 3.56265156e-01 5.41252075e+03
9.27000000e+01 3.56851533e-01 5.39699568e+03
9.27500000e+01 3.57435616e-01 5.38157561e+03
9.28000000e+01 3.58017399e-01 5.36626004e+03
9.28500000e+01 3.58596879e-01 5.35104845e+03
9.29000000e+01 3.59174050e-01 5.33594032e+03
9.29500000e+01 3.59748908e-01 5.32093515e+03
9.30000000e+01 3.60321448e-01 5.30603243e+03
9.30500000e+01 3.60891666e-01 5.29123162e+03
9.31000000e+01 3.61459558e-01 5.27653222e+03
9.31500000e+01 3.62025120e-01 5.26193372e+03
9.32000000e+01 3.62588348e-01 5.24743559e+03
9.32500000e+01 3.63149240e-01 5.23303732e+03
9.33000000e+01 3.63707791e-01 5.21873838e+03
9.33500000e+01 3.64263998e-01 5.20453826e+03
9.34000000e+01 3.64817860e-01 5.19043645e+03
9.34500000e+01 3.65369371e-01 5.17643241e+03
9.35000000e+01 3.65918531e-01 5.16252564e+03
9.35500000e+01 3.66465337e-01 5.14871561e+03
9.36000000e+01 3.67009786e-01 5.13500180e+03
9.36500000e+01 3.67551876e-01 5.12138370e+03
9.37000000e+01 3.68091606e-01 5.10786077e+03
9.37500000e+01 3.68628973e-01 5.09443252e+03
9.38000000e+01 3.69163976e-01 5.08109840e+03
9.38500000e+01 3.69696614e-01 5.06785791e+03
9.39000000e+01 3.70226885e-01 5.05471053e+03
9.39500000e+01 3.70754788e-01 5.04165574e+03
9.40000000e+01 3.71280322e-01 5.02869302e+03
9.40500000e+01 3.71803487e-01 5.01582185e+03
9.41000000e+01 3.72324281e-01 5.00304171e+03
9.41500000e+01 3.72842705e-01 4.99035210e+03
9.42000000e+01 3.73358757e-01 4.97775248e+03
9.42500000e+01 3.73872439e-01 4.96524236e+03
9.43000000e+01 3.74383749e-01 4.95282120e+03
9.43500000e+01 3.74892687e-01 4.94048851e+03
9.44000000e+01 3.75399255e-01 4.92824376e+03
9.44500000e+01 3.75903453e-01 4.91608644e+03
9.45000000e+01 3.76405281e-01 4.90401604e+03
9.45500000e+01 3.76904740e-01 4.89203206e+03
9.46000000e+01 3.77401830e-01 4.88013398e+03
9.46500000e+01 3.77896553e-01 4.86832128e+03
9.47000000e+01 3.78388910e-01 4.85659348e+03
9.47500000e+01 3.78878903e-01 4.84495005e+03
9.48000000e+01 3.79366532e-01 4.83339049e+03
9.48500000e+01 3.79851799e-01 4.82191430e+03
9.49000000e+01 3.80334706e-01 4.81052098e+03
9.49500000e+01 3.80815255e-01 4.79921001e+03
9.50000000e+01 3.81293448e-01 4.78798091e+03
9.50500000e+01 3.81769286e-01 4.77683317e+03
9.51000000e+01 3.82242772e-01 4.76576630e+03
9.51500000e+01 3.82713909e-01 4.75477979e+03
9.52000000e+01 3.83182699e-01 4.74387315e+03
9.52500000e+01 3.83649144e-01 4.73304589e+03
9.53000000e+01 3.84113247e-01 4.72229752e+03
9.53500000e+01 3.84575012e-01 4.71162754e+03
9.54000000e+01 3.85034440e-01 4.70103546e+03
9.54500000e+01 3.85491536e-01 4.69052079e+03
9.55000000e+01 3.85946302e-01 4.68008306e+03
9.55500000e+01 3.86398742e-01 4.66972176e+03
9.56000000e+01 3.86848858e-01 4.65943643e+03
9.56500000e+01 3.87296656e-01 4.64922657e+03
9.57000000e+01 3.87742137e-01 4.63909172e+03
9.57500000e+01 3.88185307e-01 4.62903137e+03
9.58000000e+01 3.88626169e-01 4.61904508e+03
9.58500000e+01 3.89064726e-01 4.60913234e+03
9.59000000e+01 3.89500984e-01 4.59929270e+03
9.59500000e+01 3.89934946e-01 4.58952568e+03
9.60000000e+01 3.90366616e-01 4.57983081e+03
9.60500000e+01 3.90796000e-01 4.57020762e+03
9.61000000e+01 3.91223101e-01 4.56065565e+03
9.61500000e+01 3.91647923e-01 4.55117443e+03
9.62000000e+01 3.92070473e-01 4.54176350e+03
9.62500000e+01 3.92490754e-01 4.53242239e+03
9.63000000e+01 3.92908771e-01 4.52315066e+03
9.63500000e+01 3.93324530e-01 4.51394783e+03
9.64000000e+01 3.93738035e-01 4.50481346e+03
9.64500000e+01 3.94149292e-01 4.49574709e+03
9.65000000e+01 3.94558305e-01 4.48674828e+03
9.65500000e+01 3.94965081e-01 4.47781656e+03
9.66000000e+01 3.95369624e-01 4.46895150e+03
9.66500000e+01 3.95771940e-01 4.46015264e+03
9.67000000e+01 3.96172035e-01 4.45141955e+03
9.67500000e+01 3.96569914e-01 4.44275179e+03
9.68000000e+01 3.96965582e-01 4.43414890e+03
9.68500000e+01 3.97359047e-01 4.42561046e+03
9.69000000e+01 3.97750313e-01 4.41713603e+03
9.69500000e+01 3.98139387e-01 4.40872518e+03
9.70000000e+01 3.98526275e-01 4.40037748e+03
9.70500000e+01 3.98910982e-01 4.39209248e+03
9.71000000e+01 3.99293515e-01 4.38386978e+03
9.71500000e+01 3.99673880e-01 4.37570894e+03
9.72000000e+01 4.00052084e-01 4.36760954e+03
9.72500000e+01 4.00428133e-01 4.35957115e+03
9.73000000e+01 4.00802032e-01 4.35159337e+03
9.73500000e+01 4.01173790e-01 4.34367576e+03
9.74000000e+01 4.01543412e-01 4.33581793e+03
9.74500000e+01 4.01910905e-01 4.32801944e+03
9.75000000e+01 4.02276275e-01 4.32027991e+03
9.75500000e+01 4.02639530e-01 4.31259890e+03
9.76000000e+01 4.03000676e-01 4.30497603e+03
9.76500000e+01 4.03359721e-01 4.29741087e+03
9.77000000e+01 4.03716670e-01 4.28990304e+03
9.77500000e+01 4.04071531e-01 4.28245213e+03
9.78000000e+01 4.04424310e-01 4.27505775e+03
9.78500000e+01 4.04775016e-01 4.26771949e+03
9.79000000e+01 4.05123655e-01 4.26043697e+03
9.79500000e+01 4.05470235e-01 4.25320978e+03
9.80000000e+01 4.05814761e-01 4.24603755e+03
9.80500000e+01 4.06157243e-01 4.23891989e+03
9.81000000e+01 4.06497686e-01 4.23185640e+03
9.81500000e+01 4.06836099e-01 4.22484672e+03
9.82000000e+01 4.07172488e-01 4.21789044e+03
9.82500000e+01 4.07506862e-01 4.21098721e+03
9.83000000e+01 4.07839227e-01 4.20413663e+03
9.83500000e+01 4.08169592e-01 4.19733834e+03
9.84000000e+01 4.08497963e-01 4.19059197e+03
9.84500000e+01 4.08824348e-01 4.18389714e+03
9.85000000e+01 4.09148755e-01 4.17725348e+03
9.85500000e+01 4.09471192e-01 4.17066063e+03
9.86000000e+01 4.09791665e-01 4.16411822e+03
9.86500000e+01 4.10110184e-01 4.15762590e+03
9.87000000e+01 4.10426755e-01 4.15118330e+03
9.87500000e+01 4.10741387e-01 4.14479007e+03
9.88000000e+01 4.11054086e-01 4.13844585e+03
9.88500000e+01 4.11364862e-01 4.13215028e+03
9.89000000e+01 4.11673722e-01 4.12590302e+03
9.89500000e+01 4.11980673e-01 4.11970371e+03
9.90000000e+01 4.12285724e-01 4.11355202e+03
9.90500000e+01 4.12588882e-01 4.10744759e+03
9.91000000e+01 4.12890156e-01 4.10139008e+03
9.91500000e+01 4.13189554e-01 4.09537915e+03
9.92000000e+01 4.13487082e-01 4.08941446e+03
9.92500000e+01 4.13782751e-01 4.08349568e+03
9.93000000e+01 4.14076566e-01 4.07762247e+03
9.93500000e+01 4.14368537e-01 4.07179450e+03
9.94000000e+01 4.14658672e-01 4.06601144e+03
9.94500000e+01 4.14946979e-01 4.06027295e+03
9.95000000e+01 4.15233465e-01 4.05457872e+03
9.95500000e+01 4.15518139e-01 4.04892842e+03
9.96000000e+01 4.15801009e-01 4.04332172e+03
9.96500000e+01 4.16082083e-01 4.03775831e+03
9.97000000e+01 4.16361369e-01 4.03223787e+03
9.97500000e+01 4.16638876e-01 4.02676008e+03
9.98000000e+01 4.16914611e-01 4.02132463e+03
9.98500000e+01 4.17188582e-01 4.01593121e+03
9.99000000e+01 4.17460799e-01 4.01057950e+03
9.99500000e+01 4.17731269e-01 4.00526920e+03
1.00000000e+02 4.18000000e-01 4.00000000e+03
1.00000000e+02 4.18000000e-01 4.00000000e+03
1.00050000e+02 4.17827473e-01 3.99123473e+03
1.00100000e+02 4.17589780e-01 3.98365894e+03
1.00150000e+02 4.17319252e-01 3.97648359e+03
1.00200000e+02 4.17025003e-01 3.96956047e+03
1.00250000e+02 4.16711829e-01 3.96282178e+03
1.00300000e+02 4.16382760e-01 3.95622857e+03
1.00350000e+02 4.16039915e-01 3.94975556e+03
1.00400000e+02 4.15684872e-01 3.94338507e+03
1.00450000e+02 4.15318857e-01 3.93710401e+03
1.00500000e+02 4.14942859e-01 3.93090234e+03
1.00550000e+02 4.14557690e-01 3.92477211e+03
1.00600000e+02 4.14164035e-01 3.91870686e+03
1.00650000e+02 4.13762480e-01 3.91270127e+03
1.00700000e+02 4.13353532e-01 3.90675085e+03
1.00750000e+02 4.12937636e-01 3.90085176e+03
1.00800000e+02 4.12515185e-01 3.89500073e+03
1.00850000e+02 4.12086531e-01 3.88919486e+03
1.00900000e+02 4.11651990e-01 3.88343165e+03
1.00950000e+02 4.11211848e-01 3.87770885e+03
1.01000000e+02 4.10766367e-01 3.87202448e+03
1.01050000e+02 4.10315783e-01 3.86637674e+03
1.01100000e+02 4.09860318e-01 3.86076401e+03
1.01150000e+02 4.09400173e-01 3.85518485e+03
1.01200000e+02 4.08935536e-01 3.84963791e+03
1.01250000e+02 4.08466582e-01 3.84412197e+03
1.01300000e+02 4.07993472e-01 3.83863591e+03
1.01350000e+02 4.07516361e-01 3.83317870e+03
1.01400000e+02 4.07035391e-01 3.82774939e+03
1.01450000e+02 4.06550696e-01 3.82234708e+03
1.01500000e+02 4.06062403e-01 3.81697096e+03
1.01550000e+02 4.05570632e-01 3.81162026e+03
1.01600000e+02 4.05075497e-01 3.80629426e+03
1.01650000e+02 4.04577105e-01 3.80099229e+03
1.01700000e+02 4.04075558e-01 3.79571371e+03
1.01750000e+02 4.03570954e-01 3.79045794e+03
1.01800000e+02 4.03063386e-01 3.78522441e+03
1.01850000e+02 4.02552941e-01 3.78001260e+03
1.01900000e+02 4.02039705e-01 3.77482200e+03
1.01950000e+02 4.01523759e-01 3.76965214e+03
1.02000000e+02 4.01005180e-01 3.76450258e+03
1.02050000e+02 4.00484042e-01 3.75937289e+03
1.02100000e+02 3.99960418e-01 3.75426265e+03
1.02150000e+02 3.99434377e-01 3.74917150e+03
1.02200000e+02 3.98905983e-01 3.74409905e+03
1.02250000e+02 3.98375302e-01 3.73904495e+03
1.02300000e+02 3.97842394e-01 3.73400888e+03
1.02350000e+02 3.97307319e-01 3.72899050e+03
1.02400000e+02 3.96770134e-01 3.72398952e+03
1.02450000e+02 3.96230894e-01 3.71900562e+03
1.02500000e+02 3.95689654e-01 3.71403854e+03
1.02550000e+02 3.95146465e-01 3.70908800e+03
1.02600000e+02 3.94601378e-01 3.70415374e+03
1.02650000e+02 3.94054440e-01 3.69923550e+03
1.02700000e+02 3.93505699e-01 3.69433305e+03
1.02750000e+02 3.92955202e-01 3.68944614e+03
1.02800000e+02 3.92402991e-01 3.68457456e+03
1.02850000e+02 3.91849112e-01 3.67971809e+03
1.02900000e+02 3.91293606e-01 3.67487651e+03
1.02950000e+02 3.90736513e-01 3.67004963e+03
1.03000000e+02 3.90177874e-01 3.66523725e+03
1.03050000e+02 3.89617726e-01 3.66043917e+03
1.03100000e+02 3.89056109e-01 3.65565522e+03
1.03150000e+02 3.88493059e-01 3.65088522e+03
1.03200000e+02 3.87928611e-01 3.64612900e+03
1.03250000e+02 3.87362800e-01 3.64138638e+03
1.03300000e+02 3.86795661e-01 3.63665721e+03
1.03350000e+02 3.86227227e-01 3.63194132e+03
1.03400000e+02 3.85657530e-01 3.62723857e+03
1.03450000e+02 3.85086602e-01 3.62254881e+03
1.03500000e+02 3.84514474e-01 3.61787189e+03
1.03550000e+02 3.83941176e-01 3.61320767e+03
1.03600000e+02 3.83366739e-01 3.60855602e+03
1.03650000e+02 3.82791190e-01 3.60391680e+03
1.03700000e+02 3.82214559e-01 3.59928988e+03
1.03750000e+02 3.81636872e-01 3.59467514e+03
1.03800000e+02 3.81058158e-01 3.59007246e+03
1.03850000e+02 3.80478443e-01 3.58548170e+03
1.03900000e+02 3.79897752e-01 3.58090277e+03
1.03950000e+02 3.79316112e-01 3.57633554e+03
1.04000000e+02 3.78733547e-01 3.57177990e+03
1.04050000e+02 3.78150082e-01 3.56723574e+03
1.04100000e+02 3.77565741e-01 3.56270296e+03
1.04150000e+02 3.76980548e-01 3.55818146e+03
1.04200000e+02 3.76394525e-01 3.55367112e+03
1.04250000e+02 3.75807695e-01 3.54917187e+03
1.04300000e+02 3.75220081e-01 3.54468358e+03
1.04350000e+02 3.74631704e-01 3.54020618e+03
1.04400000e+02 3.74042585e-01 3.53573957e+03
1.04450000e+02 3.73452747e-01 3.53128366e+03
1.04500000e+02 3.72862209e-01 3.52683836e+03
1.04550000e+02 3.72270992e-01 3.52240358e+03
1.04600000e+02 3.71679116e-01 3.51797924e+03
1.04650000e+02 3.71086600e-01 3.51356525e+03
1.04700000e+02 3.70493464e-01 3.50916154e+03
1.04750000e+02 3.69899726e-01 3.50476802e+03
1.04800000e+02 3.69305406e-01 3.50038461e+03
1.04850000e+02 3.68710521e-01 3.49601124e+03
1.04900000e+02 3.68115089e-01 3.49164784e+03
1.04950000e+02 3.67519129e-01 3.48729432e+03
1.05000000e+02 3.66922658e-01 3.48295061e+03
1.05050000e+02 3.66325692e-01 3.47861666e+03
1.05100000e+02 3.65728249e-01 3.47429237e+03
1.05150000e+02 3.65130345e-01 3.46997769e+03
1.05200000e+02 3.64531997e-01 3.46567255e+03
1.05250000e+02 3.63933221e-01 3.46137688e+03
1.05300000e+02 3.63334032e-01 3.45709061e+03
1.05350000e+02 3.62734446e-01 3.45281369e+03
1.05400000e+02 3.62134479e-01 3.44854604e+03
1.05450000e+02 3.61534145e-01 3.44428762e+03
1.05500000e+02 3.60933460e-01 3.44003835e+03
1.05550000e+02 3.60332438e-01 3.43579817e+03
1.05600000e+02 3.59731093e-01 3.43156704e+03
1.05650000e+02 3.59129441e-01 3.42734488e+03
1.05700000e+02 3.58527494e-01 3.42313165e+03
1.05750000e+02 3.57925267e-01 3.41892728e+03
1.05800000e+02 3.57322774e-01 3.41473172e+03
1.05850000e+02 3.56720027e-01 3.41054493e+03
1.05900000e+02 3.56117040e-01 3.40636683e+03
1.05950000e+02 3.55513826e-01 3.40219739e+03
1.06000000e+02 3.54910399e-01 3.39803654e+03
1.06050000e+02 3.54306770e-01 3.39388425e+03
1.06100000e+02 3.53702952e-01 3.38974045e+03
1.06150000e+02 3.53098958e-01 3.38560510e+03
1.06200000e+02 3.52494800e-01 3.38147815e+03
1.06250000e+02 3.51890489e-01 3.37735955e+03
1.06300000e+02 3.51286038e-01 3.37324926e+03
1.06350000e+02 3.50681459e-01 3.36914722e+03
1.06400000e+02 3.50076762e-01 3.36505340e+03
1.06450000e+02 3.49471960e-01 3.36096774e+03
1.06500000e+02 3.48867063e-01 3.35689020e+03
1.06550000e+02 3.48262082e-01 3.35282074e+03
1.06600000e+02 3.47657029e-01 3.34875931e+03
1.06650000e+02 3.47051915e-01 3.34470587e+03
1.06700000e+02 3.46446749e-01 3.34066037e+03
1.06750000e+02 3.45841543e-01 3.33662279e+03
1.06800000e+02 3.45236307e-01 3.33259306e+03
1.06850000e+02 3.44631050e-01 3.32857117e+03
1.06900000e+02 3.44025785e-01 3.32455705e+03
1.06950000e+02 3.43420519e-01 3.32055068e+03
1.07000000e+02 3.42815263e-01 3.31655201e+03
1.07050000e+02 3.42210028e-01 3.31256100e+03
1.07100000e+02 3.41604822e-01 3.30857763e+03
1.07150000e+02 3.40999655e-01 3.30460184e+03
1.07200000e+02 3.40394536e-01 3.30063361e+03
1.07250000e+02 3.39789475e-01 3.29667289e+03
1.07300000e+02 3.39184481e-01 3.29271964e+03
1.07350000e+02 3.38579562e-01 3.28877384e+03
1.07400000e+02 3.37974729e-01 3.28483545e+03
1.07450000e+02 3.37369989e-01 3.28090443e+03
1.07500000e+02 3.36765351e-01 3.27698075e+03
1.07550000e+02 3.36160825e-01 3.27306437e+03
1.07600000e+02 3.35556417e-01 3.26915525e+03
1.07650000e+02 3.34952138e-01 3.26525338e+03
1.07700000e+02 3.34347995e-01 3.26135870e+03
1.07750000e+02 3.33743996e-01 3.25747120e+03
1.07800000e+02 3.33140150e-01 3.25359083e+03
1.07850000e+02 3.32536464e-01 3.24971756e+03
1.07900000e+02 3.31932947e-01 3.24585137e+03
1.07950000e+02 3.31329606e-01 3.24199222e+03
1.08000000e+02 3.30726449e-01 3.23814008e+03
1.08050000e+02 3.30123484e-01 3.23429492e+03
1.08100000e+02 3.29520718e-01 3.23045671e+03
1.08150000e+02 3.28918158e-01 3.22662541e+03
1.08200000e+02 3.28315813e-01 3.22280101e+03
1.08250000e+02 3.27713689e-01 3.21898347e+03
1.08300000e+02 3.27111793e-01 3.21517276e+03
1.08350000e+02 3.26510133e-01 3.21136885e+03
1.08400000e+02 3.25908716e-01 3.20757171e+03
1.08450000e+02 3.25307549e-01 3.20378132e+03
1.08500000e+02 3.24706638e-01 3.19999765e+03
1.08550000e+02 3.24105991e-01 3.19622066e+03
1.08600000e+02 3.23505613e-01 3.19245034e+03
1.08650000e+02 3.22905513e-01 3.18868666e+03
1.08700000e+02 3.22305696e-01 3.18492958e+03
1.08750000e+02 3.21706168e-01 3.18117908e+03
1.08800000e+02 3.21106937e-01 3.17743514e+03
1.08850000e+02 3.20508009e-01 3.17369773e+03
1.08900000e+02 3.19909389e-01 3.16996682e+03
1.08950000e+02 3.19311085e-01 3.16624239e+03
1.09000000e+02 3.18713102e-01 3.16252441e+03
1.09050000e+02 3.18115446e-01 3.15881286e+03
1.09100000e+02 3.17518124e-01 3.15510771e+03
1.09150000e+02 3.16921141e-01 3.15140894e+03
1.09200000e+02 3.16324503e-01 3.14771652e+03
1.09250000e+02 3.15728217e-01 3.14403043e+03
1.09300000e+02 3.15132286e-01 3.14035064e+03
1.09350000e+02 3.14536719e-01 3.13667714e+03
1.09400000e+02 3.13941519e-01 3.13300990e+03
1.09450000e+02 3.13346693e-01 3.12934888e+03
1.09500000e+02 3.12752246e-01 3.12569408e+03
1.09550000e+02 3.12158184e-01 3.12204547e+03
1.09600000e+02 3.11564511e-01 3.11840303e+03
1.09650000e+02 3.10971234e-01 3.11476672e+03
1.09700000e+02 3.10378357e-01 3.11113654e+03
1.09750000e+02 3.09785886e-01 3.10751245e+03
1.09800000e+02 3.09193825e-01 3.10389445e+03
1.09850000e+02 3.08602181e-01 3.10028249e+03
1.09900000e+02 3.08010957e-01 3.09667657e+03
1.09950000e+02 3.07420159e-01 3.09307666e+03
1.10000000e+02 3.06829792e-01 3.08948274e+03
1.10050000e+02 3.06239860e-01 3.08589479e+03
1.10100000e+02 3.05650369e-01 3.08231279e+03
1.10150000e+02 3.05061323e-01 3.07873672e+03
1.10200000e+02 3.04472727e-01 3.07516655e+03
1.10250000e+02 3.03884586e-01 3.07160227e+03
1.10300000e+02 3.03296904e-01 3.06804386e+03
1.10350000e+02 3.02709685e-01 3.06449129e+03
1.10400000e+02 3.02122935e-01 3.06094455e+03
1.10450000e+02 3.01536657e-01 3.05740362e+03
1.10500000e+02 3.00950856e-01 3.05386847e+03
1.10550000e+02 3.00365537e-01 3.05033909e+03
1.10600000e+02 2.99780703e-01 3.04681546e+03
1.10650000e+02 2.99196359e-01 3.04329756e+03
1.10700000e+02 2.98612510e-01 3.03978537e+03
1.10750000e+02 2.98029159e-01 3.03627887e+03
1.10800000e+02 2.97446310e-01 3.03277804e+03
1.10850000e+02 2.96863967e-01 3.02928287e+03
1.10900000e+02 2.96282136e-01 3.02579333e+03
1.10950000e+02 2.95700818e-01 3.02230941e+03
1.11000000e+02 2.95120020e-01 3.01883108e+03
1.11050000e+02 2.94539743e-01 3.01535834e+03
1.11100000e+02 2.93959993e-01 3.01189117e+03
1.11150000e+02 2.93380772e-01 3.00842954e+03
1.11200000e+02 2.92802086e-01 3.00497343e+03
1.11250000e+02 2.92223937e-01 3.00152284e+03
1.11300000e+02 2.91646329e-01 2.99807774e+03
1.11350000e+02 2.91069266e-01 2.99463811e+03
1.11400000e+02 2.90492751e-01 2.99120395e+03
1.11450000e+02 2.89916788e-01 2.98777522e+03
1.11500000e+02 2.89341381e-01 2.98435192e+03
1.11550000e+02 2.88766533e-01 2.98093403e+03
1.11600000e+02 2.88192247e-01 2.97752153e+03
1.11650000e+02 2.87618527e-01 2.97411440e+03
1.11700000e+02 2.87045376e-01 2.97071263e+03
1.11750000e+02 2.86472798e-01 2.96731620e+03
1.11800000e+02 2.85900795e-01 2.96392510e+03
1.11850000e+02 2.85329372e-01 2.96053931e+03
1.11900000e+02 2.84758531e-01 2.95715881e+03
1.11950000e+02 2.84188275e-01 2.95378359e+03
1.12000000e+02 2.83618608e-01 2.95041363e+03
1.12050000e+02 2.83049533e-01 2.94704892e+03
1.12100000e+02 2.82481052e-01 2.94368944e+03
1.12150000e+02 2.81913169e-01 2.94033517e+03
1.12200000e+02 2.81345887e-01 2.93698611e+03
1.12250000e+02 2.80779209e-01 2.93364222e+03
1.12300000e+02 2.80213137e-01 2.93030351e+03
1.12350000e+02 2.79647675e-01 2.92696995e+03
1.12400000e+02 2.79082826e-01 2.92364153e+03
1.12450000e+02 2.78518592e-01 2.92031824e+03
1.12500000e+02 2.77954976e-01 2.91700006e+03
1.12550000e+02 2.77391981e-01 2.91368697e+03
1.12600000e+02 2.76829610e-01 2.91037896e+03
1.12650000e+02 2.76267865e-01 2.90707601e+03
1.12700000e+02 2.75706749e-01 2.90377812e+03
1.12750000e+02 2.75146264e-01 2.90048527e+03
1.12800000e+02 2.74586414e-01 2.89719743e+03
1.12850000e+02 2.74027201e-01 2.89391461e+03
1.12900000e+02 2.73468627e-01 2.89063678e+03
1.12950000e+02 2.72910695e-01 2.88736394e+03
1.13000000e+02 2.72353407e-01 2.88409606e+03
1.13050000e+02 2.71796767e-01 2.88083313e+03
1.13100000e+02 2.71240775e-01 2.87757514e+03
1.13150000e+02 2.70685435e-01 2.87432208e+03
1.13200000e+02 2.70130750e-01 2.87107393e+03
1.13250000e+02 2.69576721e-01 2.86783067e+03
1.13300000e+02 2.69023350e-01 2.86459231e+03
1.13350000e+02 2.68470641e-01 2.86135881e+03
1.13400000e+02 2.67918594e-01 2.85813018e+03
1.13450000e+02 2.67367214e-01 2.85490639e+03
1.13500000e+02 2.66816501e-01 2.85168743e+03
1.13550000e+02 2.66266458e-01 2.84847329e+03
1.13600000e+02 2.65717087e-01 2.84526396e+03
1.13650000e+02 2.65168390e-01 2.84205942e+03
1.13700000e+02 2.64620369e-01 2.83885966e+03
1.13750000e+02 2.64073027e-01 2.83566467e+03
1.13800000e+02 2.63526365e-01 2.83247444e+03
1.13850000e+02 2.62980385e-01 2.82928895e+03
1.13900000e+02 2.62435090e-01 2.82610818e+03
1.13950000e+02 2.61890482e-01 2.82293214e+03
1.14000000e+02 2.61346561e-01 2.81976080e+03
1.14050000e+02 2.60803331e-01 2.81659416e+03
1.14100000e+02 2.60260793e-01 2.81343220e+03
1.14150000e+02 2.59718949e-01 2.81027490e+03
1.14200000e+02 2.59177801e-01 2.80712226e+03
1.14250000e+02 2.58637350e-01 2.80397427e+03
1.14300000e+02 2.58097599e-01 2.80083091e+03
1.14350000e+02 2.57558549e-01 2.79769217e+03
1.14400000e+02 2.57020202e-01 2.79455804e+03
1.14450000e+02 2.56482560e-01 2.79142851e+03
1.14500000e+02 2.55945624e-01 2.78830356e+03
1.14550000e+02 2.55409397e-01 2.78518319e+03
1.14600000e+02 2.54873879e-01 2.78206738e+03
1.14650000e+02 2.54339072e-01 2.77895612e+03
1.14700000e+02 2.53804979e-01 2.77584939e+03
1.14750000e+02 2.53271600e-01 2.77274720e+03
1.14800000e+02 2.52738937e-01 2.76964952e+03
1.14850000e+02 2.52206992e-01 2.76655635e+03
1.14900000e+02 2.51675766e-01 2.76346768e+03
1.14950000e+02 2.51145261e-01 2.76038348e+03
1.15000000e+02 2.50615478e-01 2.75730376e+03
1.15050000e+02 2.50086419e-01 2.75422850e+03
1.15100000e+02 2.49558085e-01 2.75115768e+03
1.15150000e+02 2.49030477e-01 2.74809131e+03
1.15200000e+02 2.48503598e-01 2.74502936e+03
1.15250000e+02 2.47977448e-01 2.74197184e+03
1.15300000e+02 2.47452028e-01 2.73891871e+03
1.15350000e+02 2.46927341e-01 2.73586999e+03
1.15400000e+02 2.46403386e-01 2.73282564e+03
1.15450000e+02 2.45880167e-01 2.72978568e+03
1.15500000e+02 2.45357683e-01 2.72675007e+03
1.15550000e+02 2.44835937e-01 2.72371882e+03
1.15600000e+02 2.44314929e-01 2.72069191e+03
1.15650000e+02 2.43794661e-01 2.71766934e+03
1.15700000e+02 2.43275133e-01 2.71465108e+03
1.15750000e+02 2.42756348e-01 2.71163714e+03
1.15800000e+02 2.42238306e-01 2.70862750e+03
1.15850000e+02 2.41721008e-01 2.70562215e+03
1.15900000e+02 2.41204456e-01 2.70262108e+03
1.15950000e+02 2.40688650e-01 2.69962428e+03
1.16000000e+02 2.40173592e-01 2.69663174e+03
1.16050000e+02 2.39659283e-01 2.69364345e+03
1.16100000e+02 2.39145723e-01 2.69065940e+03
1.16150000e+02 2.38632915e-01 2.68767959e+03
1.16200000e+02 2.38120858e-01 2.68470399e+03
1.16250000e+02 2.37609554e-01 2.68173261e+03
1.16300000e+02 2.37099005e-01 2.67876543e+03
1.16350000e+02 2.36589210e-01 2.67580244e+03
1.16400000e+02 2.36080170e-01 2.67284363e+03
1.16450000e+02 2.35571888e-01 2.66988899e+03
1.16500000e+02 2.35064363e-01 2.66693852e+03
1.16550000e+02 2.34557597e-01 2.66399219e+03
1.16600000e+02 2.34051590e-01 2.66105002e+03
1.16650000e+02 2.33546344e-01 2.65811197e+03
1.16700000e+02 2.33041858e-01 2.65517805e+03
1.16750000e+02 2.32538135e-01 2.65224825e+03
1.16800000e+02 2.32035175e-01 2.64932255e+03
1.16850000e+02 2.31532978e-01 2.64640095e+03
1.16900000e+02 2.31031545e-01 2.64348343e+03
1.16950000e+02 2.30530878e-01 2.64057000e+03
1.17000000e+02 2.30030977e-01 2.63766063e+03
1.17050000e+02 2.29531843e-01 2.63475532e+03
1.17100000e+02 2.29033476e-01 2.63185406e+03
1.17150000e+02 2.28535877e-01 2.62895685e+03
1.17200000e+02 2.28039047e-01 2.62606367e+03
1.17250000e+02 2.27542987e-01 2.62317451e+03
1.17300000e+02 2.27047696e-01 2.62028936e+03
1.17350000e+02 2.26553177e-01 2.61740822e+03
1.17400000e+02 2.26059429e-01 2.61453108e+03
1.17450000e+02 2.25566454e-01 2.61165792e+03
1.17500000e+02 2.25074251e-01 2.60878875e+03
1.17550000e+02 2.24582821e-01 2.60592354e+03
1.17600000e+02 2.24092166e-01 2.60306230e+03
1.17650000e+02 2.23602285e-01 2.60020501e+03
1.17700000e+02 2.23113178e-01 2.59735166e+03
1.17750000e+02 2.22624848e-01 2.59450225e+03
1.17800000e+02 2.22137294e-01 2.59165677e+03
1.17850000e+02 2.21650516e-01 2.58881520e+03
1.17900000e+02 2.21164516e-01 2.58597755e+03
1.17950000e+02 2.20679293e-01 2.58314379e+03
1.18000000e+02 2.20194848e-01 2.58031393e+03
1.18050000e+02 2.19711182e-01 2.57748796e+03
1.18100000e+02 2.19228295e-01 2.57466586e+03
1.18150000e+02 2.18746187e-01 2.57184763e+03
1.18200000e+02 2.18264859e-01 2.56903326e+03
1.18250000e+02 2.17784312e-01 2.56622274e+03
1.18300000e+02 2.17304545e-01 2.56341606e+03
1.18350000e+02 2.16825559e-01 2.56061322e+03
1.18400000e+02 2.16347355e-01 2.55781421e+03
1.18450000e+02 2.15869932e-01 2.55501901e+03
1.18500000e+02 2.15393292e-01 2.55222763e+03
1.18550000e+02 2.14917434e-01 2.54944005e+03
1.18600000e+02 2.14442359e-01 2.54665626e+03
1.18650000e+02 2.13968067e-01 2.54387626e+03
1.18700000e+02 2.13494559e-01 2.54110004e+03
1.18750000e+02 2.13021834e-01 2.53832759e+03
1.18800000e+02 2.12549893e-01 2.53555890e+03
1.18850000e+02 2.12078737e-01 2.53279397e+03
1.18900000e+02 2.11608365e-01 2.53003278e+03
1.18950000e+02 2.11138778e-01 2.52727533e+03
1.19000000e+02 2.10669976e-01 2.52452162e+03
1.19050000e+02 2.10201959e-01 2.52177163e+03
1.19100000e+02 2.09734727e-01 2.51902535e+03
1.19150000e+02 2.09268281e-01 2.51628279e+03
1.19200000e+02 2.08802621e-01 2.51354392e+03
1.19250000e+02 2.08337747e-01 2.51080875e+03
1.19300000e+02 2.07873659e-01 2.50807726e+03
1.19350000e+02 2.07410357e-01 2.50534945e+03
1.19400000e+02 2.06947842e-01 2.50262532e+03
1.19450000e+02 2.06486113e-01 2.49990484e+03
1.19500000e+02 2.06025171e-01 2.49718802e+03
1.19550000e+02 2.05565016e-01 2.49447485e+03
1.19600000e+02 2.05105647e-01 2.49176532e+03
1.19650000e+02 2.04647066e-01 2.48905942e+03
1.19700000e+02 2.04189272e-01 2.48635714e+03
1.19750000e+02 2.03732265e-01 2.48365849e+03
1.19800000e+02 2.03276045e-01 2.48096345e+03
1.19850000e+02 2.02820612e-01 2.47827201e+03
1.19900000e+02 2.02365967e-01 2.47558416e+03
1.19950000e+02 2.01912109e-01 2.47289991e+03
1.20000000e+02 2.01459038e-01 2.47021924e+03
1.20050000e+02 2.01006755e-01 2.46754214e+03
1.20100000e+02 2.00555259e-01 2.46486861e+03
1.20150000e+02 2.00104551e-01 2.46219864e+03
1.20200000e+02 1.99654630e-01 2.45953223e+03
1.20250000e+02 1.99205496e-01 2.45686936e+03
1.20300000e+02 1.98757149e-01 2.45421003e+03
1.20350000e+02 1.98309590e-01 2.45155423e+03
1.20400000e+02 1.97862818e-01 2.44890196e+03
1.20450000e+02 1.97416832e-01 2.44625321e+03
1.20500000e+02 1.96971634e-01 2.44360797e+03
1.20550000e+02 1.96527223e-01 2.44096623e+03
1.20600000e+02 1.96083599e-01 2.43832799e+03
1.20650000e+02 1.95640762e-01 2.43569324e+03
1.20700000e+02 1.95198711e-01 2.43306198e+03
1.20750000e+02 1.94757447e-01 2.43043419e+03
1.20800000e+02 1.94316969e-01 2.42780987e+03
1.20850000e+02 1.93877278e-01 2.42518902e+03
1.20900000e+02 1.93438372e-01 2.42257162e+03
1.20950000e+02 1.93000253e-01 2.41995767e+03
1.21000000e+02 1.92562920e-01 2.41734717e+03
1.21050000e+02 1.92126372e-01 2.41474010e+03
1.21100000e+02 1.91690609e-01 2.41213646e+03
1.21150000e+02 1.91255632e-01 2.40953624e+03
1.21200000e+02 1.90821441e-01 2.40693945e+03
1.21250000e+02 1.90388034e-01 2.40434606e+03
1.21300000e+02 1.89955412e-01 2.40175607e+03
1.21350000e+02 1.89523574e-01 2.39916948e+03
1.21400000e+02 1.89092520e-01 2.39658629e+03
1.21450000e+02 1.88662251e-01 2.39400647e+03
1.21500000e+02 1.88232765e-01 2.39143004e+03
1.21550000e+02 1.87804063e-01 2.38885697e+03
1.21600000e+02 1.87376145e-01 2.38628727e+03
1.21650000e+02 1.86949009e-01 2.38372093e+03
1.21700000e+02 1.86522656e-01 2.38115793e+03
1.21750000e+02 1.86097086e-01 2.37859829e+03
1.21800000e+02 1.85672298e-01 2.37604198e+03
1.21850000e+02 1.85248292e-01 2.37348901e+03
1.21900000e+02 1.84825067e-01 2.37093936e+03
1.21950000e+02 1.84402624e-01 2.36839303e+03
1.22000000e+02 1.83980962e-01 2.36585001e+03
1.22050000e+02 1.83560080e-01 2.36331031e+03
1.22100000e+02 1.83139979e-01 2.36077390e+03
1.22150000e+02 1.82720658e-01 2.35824079e+03
1.22200000e+02 1.82302116e-01 2.35571097e+03
1.22250000e+02 1.81884354e-01 2.35318443e+03
1.22300000e+02 1.81467371e-01 2.35066116e+03
1.22350000e+02 1.81051167e-01 2.34814117e+03
1.22400000e+02 1.80635741e-01 2.34562444e+03
1.22450000e+02 1.80221092e-01 2.34311097e+03
1.22500000e+02 1.79807222e-01 2.34060076e+03
1.22550000e+02 1.79394128e-01 2.33809378e+03
1.22600000e+02 1.78981811e-01 2.33559005e+03
1.22650000e+02 1.78570270e-01 2.33308956e+03
1.22700000e+02 1.78159506e-01 2.33059229e+03
1.22750000e+02 1.77749516e-01 2.32809824e+03
1.22800000e+02 1.77340302e-01 2.32560741e+03
1.22850000e+02 1.76931863e-01 2.32311979e+03
1.22900000e+02 1.76524198e-01 2.32063537e+03
1.22950000e+02 1.76117306e-01 2.31815415e+03
1.23000000e+02 1.75711188e-01 2.31567613e+03
1.23050000e+02 1.75305843e-01 2.31320129e+03
1.23100000e+02 1.74901270e-01 2.31072963e+03
1.23150000e+02 1.74497469e-01 2.30826115e+03
1.23200000e+02 1.74094440e-01 2.30579583e+03
1.23250000e+02 1.73692182e-01 2.30333368e+03
1.23300000e+02 1.73290694e-01 2.30087469e+03
1.23350000e+02 1.72889977e-01 2.29841885e+03
1.23400000e+02 1.72490029e-01 2.29596615e+03
1.23450000e+02 1.72090850e-01 2.29351660e+03
1.23500000e+02 1.71692439e-01 2.29107018e+03
1.23550000e+02 1.71294797e-01 2.28862689e+03
1.23600000e+02 1.70897922e-01 2.28618672e+03
1.23650000e+02 1.70501815e-01 2.28374968e+03
1.23700000e+02 1.70106473e-01 2.28131574e+03
1.23750000e+02 1.69711898e-01 2.27888491e+03
1.23800000e+02 1.69318089e-01 2.27645718e+03
1.23850000e+02 1.68925044e-01 2.27403255e+03
1.23900000e+02 1.68532763e-01 2.27161100e+03
1.23950000e+02 1.68141247e-01 2.26919255e+03
1.24000000e+02 1.67750493e-01 2.26677716e+03
1.24050000e+02 1.67360503e-01 2.26436486e+03
1.24100000e+02 1.66971274e-01 2.26195562e+03
1.24150000e+02 1.66582807e-01 2.25954944e+03
1.24200000e+02 1.66195101e-01 2.25714632e+03
1.24250000e+02 1.65808156e-01 2.25474625e+03
1.24300000e+02 1.65421970e-01 2.25234923e+03
1.24350000e+02 1.65036544e-01 2.24995525e+03
1.24400000e+02 1.64651876e-01 2.24756430e+03
1.24450000e+02 1.64267966e-01 2.24517639e+03
1.24500000e+02 1.63884814e-01 2.24279150e+03
1.24550000e+02 1.63502418e-01 2.24040962e+03
1.24600000e+02 1.63120779e-01 2.23803076e+03
1.24650000e+02 1.62739895e-01 2.23565491e+03
1.24700000e+02 1.62359766e-01 2.23328207e+03
1.24750000e+02 1.61980392e-01 2.23091222e+03
1.24800000e+02 1.61601771e-01 2.22854536e+03
1.24850000e+02 1.61223903e-01 2.22618149e+03
1.24900000e+02 1.60846788e-01 2.22382061e+03
1.24950000e+02 1.60470424e-01 2.22146270e+03
1.25000000e+02 1.60094812e-01 2.21910776e+03
1.25050000e+02 1.59719950e-01 2.21675579e+03
1.25100000e+02 1.59345838e-01 2.21440678e+03
1.25150000e+02 1.58972475e-01 2.21206072e+03
1.25200000e+02 1.58599861e-01 2.20971762e+03
1.25250000e+02 1.58227994e-01 2.20737747e+03
1.25300000e+02 1.57856874e-01 2.20504025e+03
1.25350000e+02 1.57486501e-01 2.20270597e+03
1.25400000e+02 1.57116874e-01 2.20037462e+03
1.25450000e+02 1.56747992e-01 2.19804620e+03
1.25500000e+02 1.56379854e-01 2.19572070e+03
1.25550000e+02 1.56012460e-01 2.19339811e+03
1.25600000e+02 1.55645809e-01 2.19107843e+03
1.25650000e+02 1.55279900e-01 2.18876166e+03
1.25700000e+02 1.54914733e-01 2.18644779e+03
1.25750000e+02 1.54550307e-01 2.18413682e+03
1.25800000e+02 1.54186621e-01 2.18182873e+03
1.25850000e+02 1.53823674e-01 2.17952353e+03
1.25900000e+02 1.53461466e-01 2.17722122e+03
1.25950000e+02 1.53099996e-01 2.17492177e+03
1.26000000e+02 1.52739263e-01 2.17262520e+03
1.26050000e+02 1.52379267e-01 2.17033150e+03
1.26100000e+02 1.52020007e-01 2.16804065e+03
1.26150000e+02 1.51661481e-01 2.16575266e+03
1.26200000e+02 1.51303690e-01 2.16346753e+03
1.26250000e+02 1.50946633e-01 2.16118524e+03
1.26300000e+02 1.50590308e-01 2.15890579e+03
1.26350000e+02 1.50234716e-01 2.15662918e+03
1.26400000e+02 1.49879854e-01 2.15435540e+03
1.26450000e+02 1.49525724e-01 2.15208444e+03
1.26500000e+02 1.49172323e-01 2.14981631e+03
1.26550000e+02 1.48819651e-01 2.14755100e+03
1.26600000e+02 1.48467707e-01 2.14528850e+03
1.26650000e+02 1.48116491e-01 2.14302881e+03
1.26700000e+02 1.47766001e-01 2.14077192e+03
1.26750000e+02 1.47416238e-01 2.13851783e+03
1.26800000e+02 1.47067199e-01 2.13626654e+03
1.26850000e+02 1.46718885e-01 2.13401803e+03
1.26900000e+02 1.46371295e-01 2.13177231e+03
1.26950000e+02 1.46024427e-01 2.12952937e+03
1.27000000e+02 1.45678281e-01 2.12728920e+03
1.27050000e+02 1.45332857e-01 2.12505181e+03
1.27100000e+02 1.44988152e-01 2.12281718e+03
1.27150000e+02 1.44644168e-01 2.12058531e+03
1.27200000e+02 1.44300902e-01 2.11835620e+03
1.27250000e+02 1.43958354e-01 2.11612984e+03
1.27300000e+02 1.43616523e-01 2.11390623e+03
1.27350000e+02 1.43275408e-01 2.11168536e+03
1.27400000e+02 1.42935009e-01 2.10946723e+03
1.27450000e+02 1.42595325e-01 2.10725184e+03
1.27500000e+02 1.42256354e-01 2.10503917e+03
1.27550000e+02 1.41918097e-01 2.10282923e+03
1.27600000e+02 1.41580551e-01 2.10062201e+03
1.27650000e+02 1.41243718e-01 2.09841750e+03
1.27700000e+02 1.40907594e-01 2.09621571e+03
1.27750000e+02 1.40572181e-01 2.09401663e+03
1.27800000e+02 1.40237476e-01 2.09182024e+03
1.27850000e+02 1.39903479e-01 2.08962656e+03
1.27900000e+02 1.39570189e-01 2.08743557e+03
1.27950000e+02 1.39237606e-01 2.08524726e+03
1.28000000e+02 1.38905728e-01 2.08306165e+03
1.28050000e+02 1.38574555e-01 2.08087871e+03
1.28100000e+02 1.38244086e-01 2.07869845e+03
1.28150000e+02 1.37914319e-01 2.07652086e+03
1.28200000e+02 1.37585255e-01 2.07434594e+03
1.28250000e+02 1.37256892e-01 2.07217368e+03
1.28300000e+02 1.36929229e-01 2.07000408e+03
1.28350000e+02 1.36602265e-01 2.06783713e+03
1.28400000e+02 1.36276000e-01 2.06567284e+03
1.28450000e+02 1.35950433e-01 2.06351119e+03
1.28500000e+02 1.35625563e-01 2.06135218e+03
1.28550000e+02 1.35301389e-01 2.05919581e+03
1.28600000e+02 1.34977910e-01 2.05704207e+03
1.28650000e+02 1.34655125e-01 2.05489096e+03
1.28700000e+02 1.34333033e-01 2.05274247e+03
1.28750000e+02 1.34011634e-01 2.05059661e+03
1.28800000e+02 1.33690927e-01 2.04845336e+03
1.28850000e+02 1.33370910e-01 2.04631272e+03
1.28900000e+02 1.33051583e-01 2.04417468e+03
1.28950000e+02 1.32732945e-01 2.04203926e+03
1.29000000e+02 1.32414995e-01 2.03990643e+03
1.29050000e+02 1.32097732e-01 2.03777619e+03
1.29100000e+02 1.31781155e-01 2.03564855e+03
1.29150000e+02 1.31465264e-01 2.03352349e+03
1.29200000e+02 1.31150057e-01 2.03140102e+03
1.29250000e+02 1.30835534e-01 2.02928112e+03
1.29300000e+02 1.30521693e-01 2.02716380e+03
1.29350000e+02 1.30208534e-01 2.02504904e+03
1.29400000e+02 1.29896056e-01 2.02293686e+03
1.29450000e+02 1.29584258e-01 2.02082723e+03
1.29500000e+02 1.29273139e-01 2.01872016e+03
1.29550000e+02 1.28962697e-01 2.01661565e+03
1.29600000e+02 1.28652933e-01 2.01451368e+03
1.29650000e+02 1.28343846e-01 2.01241426e+03
1.29700000e+02 1.28035433e-01 2.01031738e+03
1.29750000e+02 1.27727695e-01 2.00822304e+03
1.29800000e+02 1.27420631e-01 2.00613124e+03
1.29850000e+02 1.27114239e-01 2.00404196e+03
1.29900000e+02 1.26808519e-01 2.00195520e+03
1.29950000e+02 1.26503469e-01 1.99987097e+03
1.30000000e+02 1.26199089e-01 1.99778926e+03
1.30050000e+02 1.25895378e-01 1.99571006e+03
1.30100000e+02 1.25592336e-01 1.99363337e+03
1.30150000e+02 1.25289960e-01 1.99155918e+03
1.30200000e+02 1.24988250e-01 1.98948749e+03
1.30250000e+02 1.24687205e-01 1.98741831e+03
1.30300000e+02 1.24386825e-01 1.98535161e+03
1.30350000e+02 1.24087108e-01 1.98328741e+03
1.30400000e+02 1.23788053e-01 1.98122569e+03
1.30450000e+02 1.23489659e-01 1.97916645e+03
1.30500000e+02 1.23191926e-01 1.97710969e+03
1.30550000e+02 1.22894853e-01 1.97505541e+03
1.30600000e+02 1.22598438e-01 1.97300359e+03
1.30650000e+02 1.22302681e-01 1.97095424e+03
1.30700000e+02 1.22007580e-01 1.96890736e+03
1.30750000e+02 1.21713135e-01 1.96686293e+03
1.30800000e+02 1.21419345e-01 1.96482096e+03
1.30850000e+02 1.21126209e-01 1.96278143e+03
1.30900000e+02 1.20833726e-01 1.96074436e+03
1.30950000e+02 1.20541895e-01 1.95870973e+03
1.31000000e+02 1.20250714e-01 1.95667753e+03
1.31050000e+02 1.19960184e-01 1.95464778e+03
1.31100000e+02 1.19670303e-01 1.95262045e+03
1.31150000e+02 1.19381069e-01 1.95059556e+03
1.31200000e+02 1.19092483e-01 1.94857308e+03
1.31250000e+02 1.18804544e-01 1.94655303e+03
1.31300000e+02 1.18517249e-01 1.94453540e+03
1.31350000e+02 1.18230599e-01 1.94252018e+03
1.31400000e+02 1.17944592e-01 1.94050736e+03
1.31450000e+02 1.17659227e-01 1.93849696e+03
1.31500000e+02 1.17374504e-01 1.93648895e+03
1.31550000e+02 1.17090422e-01 1.93448334e+03
1.31600000e+02 1.16806978e-01 1.93248013e+03
1.31650000e+02 1.16524174e-01 1.93047931e+03
1.31700000e+02 1.16242006e-01 1.92848088e+03
1.31750000e+02 1.15960476e-01 1.92648483e+03
1.31800000e+02 1.15679581e-01 1.92449115e+03
1.31850000e+02 1.15399320e-01 1.92249986e+03
1.31900000e+02 1.15119694e-01 1.92051094e+03
1.31950000e+02 1.14840700e-01 1.91852438e+03
1.32000000e+02 1.14562338e-01 1.91654020e+03
1.32050000e+02 1.14284606e-01 1.91455837e+03
1.32100000e+02 1.14007504e-01 1.91257890e+03
1.32150000e+02 1.13731031e-01 1.91060179e+03
1.32200000e+02 1.13455186e-01 1.90862702e+03
1.32250000e+02 1.13179968e-01 1.90665461e+03
1.32300000e+02 1.12905376e-01 1.90468454e+03
1.32350000e+02 1.12631408e-01 1.90271680e+03
1.32400000e+02 1.12358065e-01 1.90075141e+03
1.32450000e+02 1.12085344e-01 1.89878834e+03
1.32500000e+02 1.11813246e-01 1.89682761e+03
1.32550000e+02 1.11541768e-01 1.89486920e+03
1.32600000e+02 1.11270911e-01 1.89291312e+03
1.32650000e+02 1.11000672e-01 1.89095935e+03
1.32700000e+02 1.10731052e-01 1.88900790e+03
1.32750000e+02 1.10462048e-01 1.88705876e+03
1.32800000e+02 1.10193661e-01 1.88511193e+03
1.32850000e+02 1.09925889e-01 1.88316740e+03
1.32900000e+02 1.09658731e-01 1.88122518e+03
1.32950000e+02 1.09392186e-01 1.87928525e+03
1.33000000e+02 1.09126253e-01 1.87734762e+03
1.33050000e+02 1.08860932e-01 1.87541228e+03
1.33100000e+02 1.08596220e-01 1.87347922e+03
1.33150000e+02 1.08332118e-01 1.87154845e+03
1.33200000e+02 1.08068624e-01 1.86961996e+03
1.33250000e+02 1.07805737e-01 1.86769375e+03
1.33300000e+02 1.07543457e-01 1.86576981e+03
1.33350000e+02 1.07281782e-01 1.86384814e+03
1.33400000e+02 1.07020711e-01 1.86192874e+03
1.33450000e+02 1.06760243e-01 1.86001160e+03
1.33500000e+02 1.06500378e-01 1.85809672e+03
1.33550000e+02 1.06241114e-01 1.85618410e+03
1.33600000e+02 1.05982450e-01 1.85427373e+03
1.33650000e+02 1.05724386e-01 1.85236561e+03
1.33700000e+02 1.05466920e-01 1.85045974e+03
1.33750000e+02 1.05210052e-01 1.84855611e+03
1.33800000e+02 1.04953779e-01 1.84665472e+03
1.33850000e+02 1.04698103e-01 1.84475557e+03
1.33900000e+02 1.04443020e-01 1.84285865e+03
1.33950000e+02 1.04188531e-01 1.84096396e+03
1.34000000e+02 1.03934635e-01 1.83907150e+03
1.34050000e+02 1.03681329e-01 1.83718126e+03
1.34100000e+02 1.03428615e-01 1.83529324e+03
1.34150000e+02 1.03176489e-01 1.83340744e+03
1.34200000e+02 1.02924953e-01 1.83152385e+03
1.34250000e+02 1.02674003e-01 1.82964247e+03
1.34300000e+02 1.02423640e-01 1.82776330e+03
1.34350000e+02 1.02173863e-01 1.82588633e+03
1.34400000e+02 1.01924670e-01 1.82401156e+03
1.34450000e+02 1.01676060e-01 1.82213899e+03
1.34500000e+02 1.01428033e-01 1.82026861e+03
1.34550000e+02 1.01180588e-01 1.81840042e+03
1.34600000e+02 1.00933723e-01 1.81653442e+03
1.34650000e+02 1.00687438e-01 1.81467061e+03
1.34700000e+02 1.00441731e-01 1.81280897e+03
1.34750000e+02 1.00196602e-01 1.81094952e+03
1.34800000e+02 9.99520489e-02 1.80909223e+03
1.34850000e+02 9.97080717e-02 1.80723712e+03
1.34900000e+02 9.94646691e-02 1.80538418e+03
1.34950000e+02 9.92218401e-02 1.80353340e+03
1.35000000e+02 9.89795836e-02 1.80168478e+03
1.35050000e+02 9.87378988e-02 1.79983832e+03
1.35100000e+02 9.84967845e-02 1.79799402e+03
1.35150000e+02 9.82562399e-02 1.79615187e+03
1.35200000e+02 9.80162639e-02 1.79431187e+03
1.35250000e+02 9.77768555e-02 1.79247401e+03
1.35300000e+02 9.75380138e-02 1.79063830e+03
1.35350000e+02 9.72997377e-02 1.78880472e+03
1.35400000e+02 9.70620262e-02 1.78697328e+03
1.35450000e+02 9.68248784e-02 1.78514398e+03
1.35500000e+02 9.65882933e-02 1.78331681e+03
1.35550000e+02 9.63522699e-02 1.78149176e+03
1.35600000e+02 9.61168071e-02 1.77966884e+03
1.35650000e+02 9.58819041e-02 1.77784803e+03
1.35700000e+02 9.56475597e-02 1.77602935e+03
1.35750000e+02 9.54137731e-02 1.77421278e+03
1.35800000e+02 9.51805432e-02 1.77239832e+03
1.35850000e+02 9.49478691e-02 1.77058597e+03
1.35900000e+02 9.47157497e-02 1.76877573e+03
1.35950000e+02 9.44841841e-02 1.76696759e+03
1.36000000e+02 9.42531712e-02 1.76516155e+03
1.36050000e+02 9.40227101e-02 1.76335760e+03
1.36100000e+02 9.37927998e-02 1.76155575e+03
1.36150000e+02 9.35634393e-02 1.75975599e+03
1.36200000e+02 9.33346277e-02 1.75795832e+03
1.36250000e+02 9.31063638e-02 1.75616273e+03
1.36300000e+02 9.28786468e-02 1.75436922e+03
1.36350000e+02 9.26514757e-02 1.75257779e+03
1.36400000e+02 9.24248494e-02 1.75078843e+03
1.36450000e+02 9.21987670e-02 1.74900115e+03
1.36500000e+02 9.19732275e-02 1.74721594e+03
1.36550000e+02 9.17482299e-02 1.74543279e+03
1.36600000e+02 9.15237732e-02 1.74365171e+03
1.36650000e+02 9.12998564e-02 1.74187268e+03
1.36700000e+02 9.10764786e-02 1.74009572e+03
1.36750000e+02 9.08536388e-02 1.73832081e+03
1.36800000e+02 9.06313360e-02 1.73654795e+03
1.36850000e+02 9.04095691e-02 1.73477714e+03
1.36900000e+02 9.01883373e-02 1.73300837e+03
1.36950000e+02 8.99676395e-02 1.73124165e+03
1.37000000e+02 8.97474747e-02 1.72947697e+03
1.37050000e+02 8.95278421e-02 1.72771432e+03
1.37100000e+02 8.93087405e-02 1.72595371e+03
1.37150000e+02 8.90901690e-02 1.72419513e+03
1.37200000e+02 8.88721266e-02 1.72243857e+03
1.37250000e+02 8.86546123e-02 1.72068405e+03
1.37300000e+02 8.84376253e-02 1.71893154e+03
1.37350000e+02 8.82211644e-02 1.71718105e+03
1.37400000e+02 8.80052287e-02 1.71543258e+03
1.37450000e+02 8.77898172e-02 1.71368613e+03
1.37500000e+02 8.75749290e-02 1.71194168e+03
1.37550000e+02 8.73605630e-02 1.71019925e+03
1.37600000e+02 8.71467184e-02 1.70845882e+03
1.37650000e+02 8.69333940e-02 1.70672039e+03
1.37700000e+02 8.67205890e-02 1.70498396e+03
1.37750000e+02 8.65083023e-02 1.70324952e+03
1.37800000e+02 8.62965331e-02 1.70151708e+03
1.37850000e+02 8.60852802e-02 1.69978663e+03
1.37900000e+02 8.58745428e-02 1.69805817e+03
1.37950000e+02 8.56643198e-02 1.69633170e+03
1.38000000e+02 8.54546103e-02 1.69460721e+03
1.38050000e+02 8.52454134e-02 1.69288469e+03
1.38100000e+02 8.50367280e-02 1.69116416e+03
1.38150000e+02 8.48285532e-02 1.68944559e+03
1.38200000e+02 8.46208879e-02 1.68772900e+03
1.38250000e+02 8.44137313e-02 1.68601438e+03
1.38300000e+02 8.42070824e-02 1.68430172e+03
1.38350000e+02 8.40009402e-02 1.68259103e+03
1.38400000e+02 8.37953037e-02 1.68088230e+03
1.38450000e+02 8.35901719e-02 1.67917552e+03
1.38500000e+02 8.33855440e-02 1.67747070e+03
1.38550000e+02 8.31814188e-02 1.67576783e+03
1.38600000e+02 8.29777956e-02 1.67406691e+03
1.38650000e+02 8.27746732e-02 1.67236793e+03
1.38700000e+02 8.25720507e-02 1.67067090e+03
1.38750000e+02 8.23699273e-02 1.66897581e+03
1.38800000e+02 8.21683018e-02 1.66728266e+03
1.38850000e+02 8.19671733e-02 1.66559145e+03
1.38900000e+02 8.17665410e-02 1.66390216e+03
1.38950000e+02 8.15664038e-02 1.66221481e+03
1.39000000e+02 8.13667607e-02 1.66052939e+03
1.39050000e+02 8.11676108e-02 1.65884589e+03
1.39100000e+02 8.09689531e-02 1.65716431e+03
1.39150000e+02 8.07707868e-02 1.65548465e+03
1.39200000e+02 8.05731107e-02 1.65380691e+03
1.39250000e+02 8.03759241e-02 1.65213108e+03
1.39300000e+02 8.01792258e-02 1.65045716e+03
1.39350000e+02 7.99830150e-02 1.64878515e+03
1.39400000e+02 7.97872907e-02 1.64711505e+03
1.39450000e+02 7.95920519e-02 1.64544685e+03
1.39500000e+02 7.93972977e-02 1.64378055e+03
1.39550000e+02 7.92030272e-02 1.64211615e+03
1.39600000e+02 7.90092393e-02 1.64045364e+03
1.39650000e+02 7.88159332e-02 1.63879303e+03
1.39700000e+02 7.86231079e-02 1.63713431e+03
1.39750000e+02 7.84307624e-02 1.63547747e+03
1.39800000e+02 7.82388958e-02 1.63382252e+03
1.39850000e+02 7.80475072e-02 1.63216945e+03
1.39900000e+02 7.78565955e-02 1.63051826e+03
1.39950000e+02 7.76661599e-02 1.62886895e+03
1.40000000e+02 7.74761994e-02 1.62722152e+03
1.40250000e+02 7.65334903e-02 1.61901236e+03
1.40500000e+02 7.56025175e-02 1.61084967e+03
1.40750000e+02 7.46831636e-02 1.60273314e+03
1.41000000e+02 7.37753120e-02 1.59466244e+03
1.41250000e+02 7.28788465e-02 1.58663727e+03
1.41500000e+02 7.19936516e-02 1.57865731e+03
1.41750000e+02 7.11196122e-02 1.57072225e+03
1.42000000e+02 7.02566140e-02 1.56283179e+03
1.42250000e+02 6.94045431e-02 1.55498564e+03
1.42500000e+02 6.85632863e-02 1.54718347e+03
1.42750000e+02 6.77327312e-02 1.53942501e+03
1.43000000e+02 6.69127658e-02 1.53170996e+03
1.43250000e+02 6.61032789e-02 1.52403802e+03
1.43500000e+02 6.53041598e-02 1.51640891e+03
1.43750000e+02 6.45152986e-02 1.50882234e+03
1.44000000e+02 6.37365860e-02 1.50127803e+03
1.44250000e+02 6.29679136e-02 1.49377569e+03
1.44500000e+02 6.22091734e-02 1.48631506e+03
1.44750000e+02 6.14602582e-02 1.47889584e+03
1.45000000e+02 6.07210616e-02 1.47151776e+03
1.45250000e+02 5.99914778e-02 1.46418057e+03
1.45500000e+02 5.92714019e-02 1.45688398e+03
1.45750000e+02 5.85607294e-02 1.44962773e+03
1.46000000e+02 5.78593568e-02 1.44241156e+03
1.46250000e+02 5.71671813e-02 1.43523520e+03
1.46500000e+02 5.64841007e-02 1.42809839e+03
1.46750000e+02 5.58100138e-02 1.42100088e+03
1.47000000e+02 5.51448198e-02 1.41394240e+03
1.47250000e+02 5.44884191e-02 1.40692272e+03
1.47500000e+02 5.38407123e-02 1.39994157e+03
1.47750000e+02 5.32016013e-02 1.39299871e+03
1.48000000e+02 5.25709885e-02 1.38609389e+03
1.48250000e+02 5.19487770e-02 1.37922686e+03
1.48500000e+02 5.13348707e-02 1.37239738e+03
1.48750000e+02 5.07291745e-02 1.36560521e+03
1.49000000e+02 5.01315938e-02 1.35885012e+03
1.49250000e+02 4.95420348e-02 1.35213186e+03
1.49500000e+02 4.89604047e-02 1.34545020e+03
1.49750000e+02 4.83866112e-02 1.33880491e+03
1.50000000e+02 4.78205628e-02 1.33219575e+03
1.50250000e+02 4.72621690e-02 1.32562250e+03
1.50500000e+02 4.67113399e-02 1.31908492e+03
1.50750000e+02 4.61679864e-02 1.31258280e+03
1.51000000e+02 4.56320201e-02 1.30611591e+03
1.51250000e+02 4.51033536e-02 1.29968403e+03
1.51500000e+02 4.45819000e-02 1.29328693e+03
1.51750000e+02 4.40675733e-02 1.28692440e+03
1.52000000e+02 4.35602883e-02 1.28059623e+03
1.52250000e+02 4.30599607e-02 1.27430219e+03
1.52500000e+02 4.25665065e-02 1.26804207e+03
1.52750000e+02 4.20798430e-02 1.26181567e+03
1.53000000e+02 4.15998880e-02 1.25562277e+03
1.53250000e+02 4.11265601e-02 1.24946316e+03
1.53500000e+02 4.06597786e-02 1.24333663e+03
1.53750000e+02 4.01994637e-02 1.23724299e+03
1.54000000e+02 3.97455363e-02 1.23118203e+03
1.54250000e+02 3.92979180e-02 1.22515354e+03
1.54500000e+02 3.88565311e-02 1.21915733e+03
1.54750000e+02 3.84212990e-02 1.21319320e+03
1.55000000e+02 3.79921453e-02 1.20726094e+03
1.55250000e+02 3.75689948e-02 1.20136037e+03
1.55500000e+02 3.71517729e-02 1.19549129e+03
1.55750000e+02 3.67404056e-02 1.18965350e+03
1.56000000e+02 3.63348198e-02 1.18384682e+03
1.56250000e+02 3.59349431e-02 1.17807105e+03
1.56500000e+02 3.55407038e-02 1.17232601e+03
1.56750000e+02 3.51520309e-02 1.16661151e+03
1.57000000e+02 3.47688543e-02 1.16092737e+03
1.57250000e+02 3.43911043e-02 1.15527339e+03
1.57500000e+02 3.40187122e-02 1.14964940e+03
1.57750000e+02 3.36516098e-02 1.14405522e+03
1.58000000e+02 3.32897298e-02 1.13849066e+03
1.58250000e+02 3.29330055e-02 1.13295554e+03
1.58500000e+02 3.25813709e-02 1.12744970e+03
1.58750000e+02 3.22347606e-02 1.12197294e+03
1.59000000e+02 3.18931102e-02 1.11652511e+03
1.59250000e+02 3.15563556e-02 1.11110601e+03
1.59500000e+02 3.12244337e-02 1.10571549e+03
1.59750000e+02 3.08972819e-02 1.10035337e+03
1.60000000e+02 3.05748382e-02 1.09501948e+03
1.60250000e+02 3.02570416e-02 1.08971365e+03
1.60500000e+02 2.99438313e-02 1.08443571e+03
1.60750000e+02 2.96351476e-02 1.07918550e+03
1.61000000e+02 2.93309313e-02 1.07396286e+03
1.61250000e+02 2.90311236e-02 1.06876761e+03
1.61500000e+02 2.87356668e-02 1.06359960e+03
1.61750000e+02 2.84445034e-02 1.05845867e+03
1.62000000e+02 2.81575770e-02 1.05334465e+03
1.62250000e+02 2.78748313e-02 1.04825739e+03
1.62500000e+02 2.75962111e-02 1.04319672e+03
1.62750000e+02 2.73216616e-02 1.03816249e+03
1.63000000e+02 2.70511285e-02 1.03315455e+03
1.63250000e+02 2.67845585e-02 1.02817274e+03
1.63500000e+02 2.65218985e-02 1.02321691e+03
1.63750000e+02 2.62630963e-02 1.01828690e+03
1.64000000e+02 2.60081001e-02 1.01338256e+03
1.64250000e+02 2.57568588e-02 1.00850374e+03
1.64500000e+02 2.55093218e-02 1.00365030e+03
1.64750000e+02 2.52654393e-02 9.98822079e+02
1.65000000e+02 2.50251618e-02 9.94018938e+02
1.65250000e+02 2.47884406e-02 9.89240728e+02
1.65500000e+02 2.45552274e-02 9.84487303e+02
1.65750000e+02 2.43254745e-02 9.79758521e+02
1.66000000e+02 2.40991350e-02 9.75054237e+02
1.66250000e+02 2.38761622e-02 9.70374309e+02
1.66500000e+02 2.36565101e-02 9.65718596e+02
1.66750000e+02 2.34401334e-02 9.61086958e+02
1.67000000e+02 2.32269871e-02 9.56479255e+02
1.67250000e+02 2.30170269e-02 9.51895350e+02
1.67500000e+02 2.28102089e-02 9.47335104e+02
1.67750000e+02 2.26064898e-02 9.42798381e+02
1.68000000e+02 2.24058270e-02 9.38285047e+02
1.68250000e+02 2.22081780e-02 9.33794966e+02
1.68500000e+02 2.20135012e-02 9.29328004e+02
1.68750000e+02 2.18217553e-02 9.24884029e+02
1.69000000e+02 2.16328997e-02 9.20462908e+02
1.69250000e+02 2.14468939e-02 9.16064512e+02
1.69500000e+02 2.12636985e-02 9.11688710e+02
1.69750000e+02 2.10832740e-02 9.07335372e+02
1.70000000e+02 2.09055817e-02 9.03004370e+02
1.70250000e+02 2.07305833e-02 8.98695577e+02
1.70500000e+02 2.05582410e-02 8.94408866e+02
1.70750000e+02 2.03885176e-02 8.90144111e+02
1.71000000e+02 2.02213760e-02 8.85901188e+02
1.71250000e+02 2.00567799e-02 8.81679972e+02
1.71500000e+02 1.98946934e-02 8.77480339e+02
1.71750000e+02 1.97350809e-02 8.73302168e+02
1.72000000e+02 1.95779074e-02 8.69145337e+02
1.72250000e+02 1.94231383e-02 8.65009725e+02
1.72500000e+02 1.92707394e-02 8.60895212e+02
1.72750000e+02 1.91206769e-02 8.56801678e+02
1.73000000e+02 1.89729176e-02 8.52729005e+02
1.73250000e+02 1.88274286e-02 8.48677076e+02
1.73500000e+02 1.86841774e-02 8.44645773e+02
1.73750000e+02 1.85431319e-02 8.40634981e+02
1.74000000e+02 1.84042606e-02 8.36644583e+02
1.74250000e+02 1.82675322e-02 8.32674466e+02
1.74500000e+02 1.81329159e-02 8.28724515e+02
1.74750000e+02 1.80003813e-02 8.24794617e+02
1.75000000e+02 1.78698983e-02 8.20884660e+02
1.75250000e+02 1.77414372e-02 8.16994532e+02
1.75500000e+02 1.76149690e-02 8.13124122e+02
1.75750000e+02 1.74904646e-02 8.09273321e+02
1.76000000e+02 1.73678956e-02 8.05442017e+02
1.76250000e+02 1.72472338e-02 8.01630103e+02
1.76500000e+02 1.71284516e-02 7.97837470e+02
1.76750000e+02 1.70115215e-02 7.94064011e+02
1.77000000e+02 1.68964165e-02 7.90309620e+02
1.77250000e+02 1.67831100e-02 7.86574190e+02
1.77500000e+02 1.66715756e-02 7.82857615e+02
1.77750000e+02 1.65617874e-02 7.79159791e+02
1.78000000e+02 1.64537198e-02 7.75480615e+02
1.78250000e+02 1.63473475e-02 7.71819982e+02
1.78500000e+02 1.62426455e-02 7.68177791e+02
1.78750000e+02 1.61395893e-02 7.64553938e+02
1.79000000e+02 1.60381546e-02 7.60948322e+02
1.79250000e+02 1.59383174e-02 7.57360844e+02
1.79500000e+02 1.58400542e-02 7.53791402e+02
1.79750000e+02 1.57433416e-02 7.50239897e+02
1.80000000e+02 1.56481566e-02 7.46706231e+02
1.80250000e+02 1.55544766e-02 7.43190304e+02
1.80500000e+02 1.54622791e-02 7.39692020e+02
1.80750000e+02 1.53715422e-02 7.36211282e+02
1.81000000e+02 1.52822441e-02 7.32747992e+02
1.81250000e+02 1.51943633e-02 7.29302056e+02
1.81500000e+02 1.51078786e-02 7.25873378e+02
1.81750000e+02 1.50227691e-02 7.22461863e+02
1.82000000e+02 1.49390143e-02 7.19067418e+02
1.82250000e+02 1.48565939e-02 7.15689948e+02
1.82500000e+02 1.47754877e-02 7.12329362e+02
1.82750000e+02 1.46956762e-02 7.08985567e+02
1.83000000e+02 1.46171396e-02 7.05658472e+02
1.83250000e+02 1.45398590e-02 7.02347984e+02
1.83500000e+02 1.44638153e-02 6.99054014e+02
1.83750000e+02 1.43889898e-02 6.95776472e+02
1.84000000e+02 1.43153641e-02 6.92515268e+02
1.84250000e+02 1.42429201e-02 6.89270313e+02
1.84500000e+02 1.41716398e-02 6.86041520e+02
1.84750000e+02 1.41015056e-02 6.82828799e+02
1.85000000e+02 1.40325000e-02 6.79632065e+02
1.85250000e+02 1.39646060e-02 6.76451230e+02
1.85500000e+02 1.38978065e-02 6.73286208e+02
1.85750000e+02 1.38320849e-02 6.70136914e+02
1.86000000e+02 1.37674248e-02 6.67003262e+02
1.86250000e+02 1.37038098e-02 6.63885168e+02
1.86500000e+02 1.36412241e-02 6.60782548e+02
1.86750000e+02 1.35796518e-02 6.57695318e+02
1.87000000e+02 1.35190775e-02 6.54623395e+02
1.87250000e+02 1.34594857e-02 6.51566696e+02
1.87500000e+02 1.34008615e-02 6.48525141e+02
1.87750000e+02 1.33431898e-02 6.45498646e+02
1.88000000e+02 1.32864561e-02 6.42487131e+02
1.88250000e+02 1.32306459e-02 6.39490515e+02
1.88500000e+02 1.31757449e-02 6.36508719e+02
1.88750000e+02 1.31217391e-02 6.33541663e+02
1.89000000e+02 1.30686147e-02 6.30589267e+02
1.89250000e+02 1.30163579e-02 6.27651453e+02
1.89500000e+02 1.29649553e-02 6.24728143e+02
1.89750000e+02 1.29143937e-02 6.21819259e+02
1.90000000e+02 1.28646600e-02 6.18924724e+02
1.90250000e+02 1.28157413e-02 6.16044462e+02
1.90500000e+02 1.27676250e-02 6.13178395e+02
1.90750000e+02 1.27202985e-02 6.10326449e+02
1.91000000e+02 1.26737495e-02 6.07488547e+02
1.91250000e+02 1.26279659e-02 6.04664615e+02
1.91500000e+02 1.25829357e-02 6.01854578e+02
1.91750000e+02 1.25386471e-02 5.99058363e+02
1.92000000e+02 1.24950885e-02 5.96275895e+02
1.92250000e+02 1.24522485e-02 5.93507102e+02
1.92500000e+02 1.24101157e-02 5.90751911e+02
1.92750000e+02 1.23686791e-02 5.88010249e+02
1.93000000e+02 1.23279276e-02 5.85282045e+02
1.93250000e+02 1.22878506e-02 5.82567228e+02
1.93500000e+02 1.22484373e-02 5.79865726e+02
1.93750000e+02 1.22096774e-02 5.77177468e+02
1.94000000e+02 1.21715604e-02 5.74502385e+02
1.94250000e+02 1.21340763e-02 5.71840407e+02
1.94500000e+02 1.20972149e-02 5.69191464e+02
1.94750000e+02 1.20609665e-02 5.66555488e+02
1.95000000e+02 1.20253213e-02 5.63932410e+02
1.95250000e+02 1.19902698e-02 5.61322161e+02
1.95500000e+02 1.19558025e-02 5.58724675e+02
1.95750000e+02 1.19219100e-02 5.56139884e+02
1.96000000e+02 1.18885834e-02 5.53567721e+02
1.96250000e+02 1.18558135e-02 5.51008119e+02
1.96500000e+02 1.18235915e-02 5.48461013e+02
1.96750000e+02 1.17919086e-02 5.45926336e+02
1.97000000e+02 1.17607563e-02 5.43404023e+02
1.97250000e+02 1.17301259e-02 5.40894009e+02
1.97500000e+02 1.17000093e-02 5.38396231e+02
1.97750000e+02 1.16703980e-02 5.35910622e+02
1.98000000e+02 1.16412841e-02 5.33437120e+02
1.98250000e+02 1.16126596e-02 5.30975661e+02
1.98500000e+02 1.15845165e-02 5.28526182e+02
1.98750000e+02 1.15568472e-02 5.26088620e+02
1.99000000e+02 1.15296439e-02 5.23662913e+02
1.99250000e+02 1.15028993e-02 5.21248998e+02
1.99500000e+02 1.14766059e-02 5.18846815e+02
1.99750000e+02 1.14507564e-02 5.16456302e+02
2.00000000e+02 1.14253436e-02 5.14077397e+02
2.00250000e+02 1.14003605e-02 5.11710041e+02
2.00500000e+02 1.13758002e-02 5.09354172e+02
2.00750000e+02 1.13516557e-02 5.07009732e+02
2.01000000e+02 1.13279204e-02 5.04676661e+02
2.01250000e+02 1.13045875e-02 5.02354899e+02
2.01500000e+02 1.12816506e-02 5.00044387e+02
2.01750000e+02 1.12591032e-02 4.97745067e+02
2.02000000e+02 1.12369390e-02 4.95456881e+02
2.02250000e+02 1.12151517e-02 4.93179771e+02
2.02500000e+02 1.11937352e-02 4.90913680e+02
2.02750000e+02 1.11726834e-02 4.88658549e+02
2.03000000e+02 1.11519905e-02 4.86414323e+02
2.03250000e+02 1.11316504e-02 4.84180945e+02
2.03500000e+02 1.11116575e-02 4.81958359e+02
2.03750000e+02 1.10920060e-02 4.79746508e+02
2.04000000e+02 1.10726904e-02 4.77545337e+02
2.04250000e+02 1.10537052e-02 4.75354791e+02
2.04500000e+02 1.10350448e-02 4.73174814e+02
2.04750000e+02 1.10167041e-02 4.71005354e+02
2.05000000e+02 1.09986777e-02 4.68846353e+02
2.05250000e+02 1.09809605e-02 4.66697760e+02
2.05500000e+02 1.09635474e-02 4.64559520e+02
2.05750000e+02 1.09464333e-02 4.62431580e+02
2.06000000e+02 1.09296133e-02 4.60313887e+02
2.06250000e+02 1.09130826e-02 4.58206387e+02
2.06500000e+02 1.08968364e-02 4.56109029e+02
2.06750000e+02 1.08808699e-02 4.54021760e+02
2.07000000e+02 1.08651786e-02 4.51944529e+02
2.07250000e+02 1.08497579e-02 4.49877283e+02
2.07500000e+02 1.08346033e-02 4.47819971e+02
2.07750000e+02 1.08197104e-02 4.45772543e+02
2.08000000e+02 1.08050749e-02 4.43734947e+02
2.08250000e+02 1.07906924e-02 4.41707133e+02
2.08500000e+02 1.07765587e-02 4.39689051e+02
2.08750000e+02 1.07626698e-02 4.37680652e+02
2.09000000e+02 1.07490215e-02 4.35681884e+02
2.09250000e+02 1.07356098e-02 4.33692700e+02
2.09500000e+02 1.07224308e-02 4.31713050e+02
2.09750000e+02 1.07094806e-02 4.29742884e+02
2.10000000e+02 1.06967554e-02 4.27782156e+02
2.10250000e+02 1.06842513e-02 4.25830816e+02
2.10500000e+02 1.06719648e-02 4.23888817e+02
2.10750000e+02 1.06598921e-02 4.21956110e+02
2.11000000e+02 1.06480297e-02 4.20032649e+02
2.11250000e+02 1.06363740e-02 4.18118386e+02
2.11500000e+02 1.06249216e-02 4.16213274e+02
2.11750000e+02 1.06136690e-02 4.14317267e+02
2.12000000e+02 1.06026130e-02 4.12430318e+02
2.12250000e+02 1.05917501e-02 4.10552381e+02
2.12500000e+02 1.05810771e-02 4.08683410e+02
2.12750000e+02 1.05705909e-02 4.06823360e+02
2.13000000e+02 1.05602883e-02 4.04972186e+02
2.13250000e+02 1.05501661e-02 4.03129841e+02
2.13500000e+02 1.05402214e-02 4.01296282e+02
2.13750000e+02 1.05304511e-02 3.99471463e+02
2.14000000e+02 1.05208523e-02 3.97655341e+02
2.14250000e+02 1.05114220e-02 3.95847871e+02
2.14500000e+02 1.05021575e-02 3.94049009e+02
2.14750000e+02 1.04930559e-02 3.92258712e+02
2.15000000e+02 1.04841144e-02 3.90476936e+02
2.15250000e+02 1.04753303e-02 3.88703638e+02
2.15500000e+02 1.04667010e-02 3.86938776e+02
2.15750000e+02 1.04582238e-02 3.85182306e+02
2.16000000e+02 1.04498961e-02 3.83434186e+02
2.16250000e+02 1.04417154e-02 3.81694373e+02
2.16500000e+02 1.04336792e-02 3.79962827e+02
2.16750000e+02 1.04257850e-02 3.78239505e+02
2.17000000e+02 1.04180304e-02 3.76524365e+02
2.17250000e+02 1.04104130e-02 3.74817367e+02
2.17500000e+02 1.04029304e-02 3.73118469e+02
2.17750000e+02 1.03955804e-02 3.71427631e+02
2.18000000e+02 1.03883607e-02 3.69744811e+02
2.18250000e+02 1.03812690e-02 3.68069969e+02
2.18500000e+02 1.03743031e-02 3.66403066e+02
2.18750000e+02 1.03674610e-02 3.64744061e+02
2.19000000e+02 1.03607404e-02 3.63092915e+02
2.19250000e+02 1.03541393e-02 3.61449587e+02
2.19500000e+02 1.03476556e-02 3.59814040e+02
2.19750000e+02 1.03412873e-02 3.58186233e+02
2.20000000e+02 1.03350325e-02 3.56566127e+02
2.20250000e+02 1.03288891e-02 3.54953685e+02
2.20500000e+02 1.03228553e-02 3.53348867e+02
2.20750000e+02 1.03169291e-02 3.51751636e+02
2.21000000e+02 1.03111087e-02 3.50161953e+02
2.21250000e+02 1.03053923e-02 3.48579780e+02
2.21500000e+02 1.02997780e-02 3.47005081e+02
2.21750000e+02 1.02942641e-02 3.45437817e+02
2.22000000e+02 1.02888489e-02 3.43877951e+02
2.22250000e+02 1.02835307e-02 3.42325446e+02
2.22500000e+02 1.02783077e-02 3.40780266e+02
2.22750000e+02 1.02731784e-02 3.39242373e+02
2.23000000e+02 1.02681411e-02 3.37711732e+02
2.23250000e+02 1.02631941e-02 3.36188306e+02
2.23500000e+02 1.02583360e-02 3.34672059e+02
2.23750000e+02 1.02535651e-02 3.33162955e+02
2.24000000e+02 1.02488801e-02 3.31660959e+02
2.24250000e+02 1.02442792e-02 3.30166035e+02
2.24500000e+02 1.02397612e-02 3.28678148e+02
2.24750000e+02 1.02353246e-02 3.27197263e+02
2.25000000e+02 1.02309679e-02 3.25723345e+02
2.25250000e+02 1.02266897e-02 3.24256359e+02
2.25500000e+02 1.02224887e-02 3.22796271e+02
2.25750000e+02 1.02183635e-02 3.21343047e+02
2.26000000e+02 1.02143128e-02 3.19896651e+02
2.26250000e+02 1.02103353e-02 3.18457051e+02
2.26500000e+02 1.02064296e-02 3.17024213e+02
2.26750000e+02 1.02025947e-02 3.15598103e+02
2.27000000e+02 1.01988291e-02 3.14178687e+02
2.27250000e+02 1.01951318e-02 3.12765933e+02
2.27500000e+02 1.01915014e-02 3.11359807e+02
2.27750000e+02 1.01879368e-02 3.09960277e+02
2.28000000e+02 1.01844369e-02 3.08567309e+02
2.28250000e+02 1.01810005e-02 3.07180872e+02
2.28500000e+02 1.01776265e-02 3.05800932e+02
2.28750000e+02 1.01743138e-02 3.04427458e+02
2.29000000e+02 1.01710613e-02 3.03060418e+02
2.29250000e+02 1.01678680e-02 3.01699780e+02
2.29500000e+02 1.01647327e-02 3.00345512e+02
2.29750000e+02 1.01616546e-02 2.98997582e+02
2.30000000e+02 1.01586326e-02 2.97655960e+02
2.30250000e+02 1.01556656e-02 2.96320614e+02
2.30500000e+02 1.01527527e-02 2.94991513e+02
2.30750000e+02 1.01498930e-02 2.93668627e+02
2.31000000e+02 1.01470855e-02 2.92351924e+02
2.31250000e+02 1.01443293e-02 2.91041375e+02
2.31500000e+02 1.01416234e-02 2.89736948e+02
2.31750000e+02 1.01389670e-02 2.88438614e+02
2.32000000e+02 1.01363592e-02 2.87146343e+02
2.32250000e+02 1.01337992e-02 2.85860104e+02
2.32500000e+02 1.01312861e-02 2.84579869e+02
2.32750000e+02 1.01288190e-02 2.83305607e+02
2.33000000e+02 1.01263971e-02 2.82037289e+02
2.33250000e+02 1.01240196e-02 2.80774885e+02
2.33500000e+02 1.01216858e-02 2.79518368e+02
2.33750000e+02 1.01193949e-02 2.78267708e+02
2.34000000e+02 1.01171460e-02 2.77022875e+02
2.34250000e+02 1.01149385e-02 2.75783842e+02
2.34500000e+02 1.01127716e-02 2.74550580e+02
2.34750000e+02 1.01106445e-02 2.73323061e+02
2.35000000e+02 1.01085566e-02 2.72101256e+02
2.35250000e+02 1.01065072e-02 2.70885137e+02
2.35500000e+02 1.01044955e-02 2.69674677e+02
2.35750000e+02 1.01025210e-02 2.68469848e+02
2.36000000e+02 1.01005828e-02 2.67270622e+02
2.36250000e+02 1.00986805e-02 2.66076972e+02
2.36500000e+02 1.00968132e-02 2.64888870e+02
2.36750000e+02 1.00949805e-02 2.63706289e+02
2.37000000e+02 1.00931817e-02 2.62529203e+02
2.37250000e+02 1.00914161e-02 2.61357584e+02
2.37500000e+02 1.00896832e-02 2.60191406e+02
2.37750000e+02 1.00879823e-02 2.59030642e+02
2.38000000e+02 1.00863130e-02 2.57875266e+02
2.38250000e+02 1.00846746e-02 2.56725251e+02
2.38500000e+02 1.00830666e-02 2.55580571e+02
2.38750000e+02 1.00814885e-02 2.54441200e+02
2.39000000e+02 1.00799396e-02 2.53307112e+02
2.39250000e+02 1.00784195e-02 2.52178282e+02
2.39500000e+02 1.00769276e-02 2.51054684e+02
2.39750000e+02 1.00754635e-02 2.49936291e+02
2.40000000e+02 1.00740266e-02 2.48823080e+02
2.40250000e+02 1.00726164e-02 2.47715025e+02
2.40500000e+02 1.00712325e-02 2.46612099e+02
2.40750000e+02 1.00698743e-02 2.45514280e+02
2.41000000e+02 1.00685415e-02 2.44421541e+02
2.41250000e+02 1.00672335e-02 2.43333858e+02
2.41500000e+02 1.00659499e-02 2.42251207e+02
2.41750000e+02 1.00646903e-02 2.41173563e+02
2.42000000e+02 1.00634542e-02 2.40100901e+02
2.42250000e+02 1.00622412e-02 2.39033198e+02
2.42500000e+02 1.00610508e-02 2.37970429e+02
2.42750000e+02 1.00598827e-02 2.36912570e+02
2.43000000e+02 1.00587365e-02 2.35859598e+02
2.43250000e+02 1.00576117e-02 2.34811489e+02
2.43500000e+02 1.00565080e-02 2.33768219e+02
2.43750000e+02 1.00554249e-02 2.32729765e+02
2.44000000e+02 1.00543622e-02 2.31696103e+02
2.44250000e+02 1.00533194e-02 2.30667211e+02
2.44500000e+02 1.00522961e-02 2.29643065e+02
2.44750000e+02 1.00512921e-02 2.28623641e+02
2.45000000e+02 1.00503069e-02 2.27608918e+02
2.45250000e+02 1.00493402e-02 2.26598873e+02
2.45500000e+02 1.00483917e-02 2.25593482e+02
2.45750000e+02 1.00474610e-02 2.24592724e+02
2.46000000e+02 1.00465479e-02 2.23596576e+02
2.46250000e+02 1.00456519e-02 2.22605016e+02
2.46500000e+02 1.00447728e-02 2.21618021e+02
2.46750000e+02 1.00439103e-02 2.20635569e+02
2.47000000e+02 1.00430640e-02 2.19657639e+02
2.47250000e+02 1.00422337e-02 2.18684209e+02
2.47500000e+02 1.00414191e-02 2.17715257e+02
2.47750000e+02 1.00406198e-02 2.16750761e+02
2.48000000e+02 1.00398356e-02 2.15790700e+02
2.48250000e+02 1.00390663e-02 2.14835052e+02
2.48500000e+02 1.00383115e-02 2.13883797e+02
2.48750000e+02 1.00375709e-02 2.12936913e+02
2.49000000e+02 1.00368444e-02 2.11994379e+02
2.49250000e+02 1.00361316e-02 2.11056174e+02
2.49500000e+02 1.00354324e-02 2.10122277e+02
2.49750000e+02 1.00347463e-02 2.09192668e+02
2.50000000e+02 1.00340733e-02 2.08267325e+02
2.50250000e+02 1.00334131e-02 2.07346229e+02
2.50500000e+02 1.00327654e-02 2.06429359e+02
2.50750000e+02 1.00321299e-02 2.05516694e+02
2.51000000e+02 1.00315066e-02 2.04608215e+02
2.51250000e+02 1.00308950e-02 2.03703901e+02
2.51500000e+02 1.00302951e-02 2.02803733e+02
2.51750000e+02 1.00297067e-02 2.01907689e+02
2.52000000e+02 1.00291294e-02 2.01015752e+02
2.52250000e+02 1.00285631e-02 2.00127900e+02
2.52500000e+02 1.00280075e-02 1.99244115e+02
2.52750000e+02 1.00274626e-02 1.98364376e+02
2.53000000e+02 1.00269280e-02 1.97488665e+02
2.53250000e+02 1.00264037e-02 1.96616962e+02
2.53500000e+02 1.00258893e-02 1.95749248e+02
2.53750000e+02 1.00253848e-02 1.94885503e+02
2.54000000e+02 1.00248899e-02 1.94025710e+02
2.54250000e+02 1.00244044e-02 1.93169848e+02
2.54500000e+02 1.00239283e-02 1.92317899e+02
2.54750000e+02 1.00234612e-02 1.91469845e+02
2.55000000e+02 1.00230031e-02 1.90625666e+02
2.55250000e+02 1.00225537e-02 1.89785345e+02
2.55500000e+02 1.00221129e-02 1.88948862e+02
2.55750000e+02 1.00216806e-02 1.88116200e+02
2.56000000e+02 1.00212565e-02 1.87287340e+02
2.56250000e+02 1.00208406e-02 1.86462263e+02
2.56500000e+02 1.00204327e-02 1.85640953e+02
2.56750000e+02 1.00200326e-02 1.84823391e+02
2.57000000e+02 1.00196402e-02 1.84009559e+02
2.57250000e+02 1.00192553e-02 1.83199439e+02
2.57500000e+02 1.00188778e-02 1.82393013e+02
2.57750000e+02 1.00185075e-02 1.81590265e+02
2.58000000e+02 1.00181444e-02 1.80791176e+02
2.58250000e+02 1.00177883e-02 1.79995729e+02
2.58500000e+02 1.00174390e-02 1.79203906e+02
2.58750000e+02 1.00170964e-02 1.78415691e+02
2.59000000e+02 1.00167605e-02 1.77631066e+02
2.59250000e+02 1.00164310e-02 1.76850015e+02
2.59500000e+02 1.00161078e-02 1.76072519e+02
2.59750000e+02 1.00157909e-02 1.75298563e+02
2.60000000e+02 1.00154801e-02 1.74528129e+02
2.60250000e+02 1.00151753e-02 1.73761200e+02
2.60500000e+02 1.00148764e-02 1.72997761e+02
2.60750000e+02 1.00145833e-02 1.72237794e+02
2.61000000e+02 1.00142958e-02 1.71481283e+02
2.61250000e+02 1.00140139e-02 1.70728211e+02
2.61500000e+02 1.00137375e-02 1.69978562e+02
2.61750000e+02 1.00134664e-02 1.69232321e+02
2.62000000e+02 1.00132005e-02 1.68489470e+02
2.62250000e+02 1.00129398e-02 1.67749994e+02
2.62500000e+02 1.00126841e-02 1.67013876e+02
2.62750000e+02 1.00124334e-02 1.66281101e+02
2.63000000e+02 1.00121876e-02 1.65551653e+02
2.63250000e+02 1.00119465e-02 1.64825516e+02
2.63500000e+02 1.00117101e-02 1.64102674e+02
2.63750000e+02 1.00114783e-02 1.63383113e+02
2.64000000e+02 1.00112510e-02 1.62666815e+02
2.64250000e+02 1.00110282e-02 1.61953767e+02
2.64500000e+02 1.00108096e-02 1.61243951e+02
2.64750000e+02 1.00105953e-02 1.60537354e+02
2.65000000e+02 1.00103852e-02 1.59833960e+02
2.65250000e+02 1.00101791e-02 1.59133754e+02
2.65500000e+02 1.00099771e-02 1.58436720e+02
2.65750000e+02 1.00097790e-02 1.57742845e+02
2.66000000e+02 1.00095848e-02 1.57052112e+02
2.66250000e+02 1.00093944e-02 1.56364506e+02
2.66500000e+02 1.00092076e-02 1.55680015e+02
2.66750000e+02 1.00090245e-02 1.54998621e+02
2.67000000e+02 1.00088450e-02 1.54320312e+02
2.67250000e+02 1.00086690e-02 1.53645071e+02
2.67500000e+02 1.00084965e-02 1.52972886e+02
2.67750000e+02 1.00083273e-02 1.52303741e+02
2.68000000e+02 1.00081614e-02 1.51637622e+02
2.68250000e+02 1.00079987e-02 1.50974515e+02
2.68500000e+02 1.00078393e-02 1.50314405e+02
2.68750000e+02 1.00076829e-02 1.49657279e+02
2.69000000e+02 1.00075297e-02 1.49003123e+02
2.69250000e+02 1.00073794e-02 1.48351922e+02
2.69500000e+02 1.00072321e-02 1.47703662e+02
2.69750000e+02 1.00070876e-02 1.47058330e+02
2.70000000e+02 1.00069460e-02 1.46415913e+02
2.70250000e+02 1.00068072e-02 1.45776395e+02
2.70500000e+02 1.00066711e-02 1.45139764e+02
2.70750000e+02 1.00065377e-02 1.44506006e+02
2.71000000e+02 1.00064068e-02 1.43875107e+02
2.71250000e+02 1.00062786e-02 1.43247055e+02
2.71500000e+02 1.00061529e-02 1.42621835e+02
2.71750000e+02 1.00060296e-02 1.41999435e+02
2.72000000e+02 1.00059088e-02 1.41379840e+02
2.72250000e+02 1.00057904e-02 1.40763039e+02
2.72500000e+02 1.00056743e-02 1.40149018e+02
2.72750000e+02 1.00055605e-02 1.39537763e+02
2.73000000e+02 1.00054489e-02 1.38929262e+02
2.73250000e+02 1.00053395e-02 1.38323502e+02
2.73500000e+02 1.00052323e-02 1.37720471e+02
2.73750000e+02 1.00051272e-02 1.37120154e+02
2.74000000e+02 1.00050242e-02 1.36522540e+02
2.74250000e+02 1.00049232e-02 1.35927616e+02
2.74500000e+02 1.00048242e-02 1.35335369e+02
2.74750000e+02 1.00047271e-02 1.34745787e+02
2.75000000e+02 1.00046320e-02 1.34158858e+02
2.75250000e+02 1.00045387e-02 1.33574568e+02
2.75500000e+02 1.00044473e-02 1.32992905e+02
2.75750000e+02 1.00043578e-02 1.32413858e+02
2.76000000e+02 1.00042699e-02 1.31837414e+02
2.76250000e+02 1.00041839e-02 1.31263561e+02
2.76500000e+02 1.00040995e-02 1.30692286e+02
2.76750000e+02 1.00040168e-02 1.30123578e+02
2.77000000e+02 1.00039357e-02 1.29557425e+02
2.77250000e+02 1.00038563e-02 1.28993814e+02
2.77500000e+02 1.00037784e-02 1.28432734e+02
2.77750000e+02 1.00037021e-02 1.27874173e+02
2.78000000e+02 1.00036273e-02 1.27318120e+02
2.78250000e+02 1.00035539e-02 1.26764562e+02
2.78500000e+02 1.00034821e-02 1.26213488e+02
2.78750000e+02 1.00034116e-02 1.25664886e+02
2.79000000e+02 1.00033426e-02 1.25118745e+02
2.79250000e+02 1.00032749e-02 1.24575053e+02
2.79500000e+02 1.00032086e-02 1.24033799e+02
2.79750000e+02 1.00031436e-02 1.23494972e+02
2.80000000e+02 1.00030799e-02 1.22958560e+02
2.80250000e+02 1.00030175e-02 1.22424552e+02
2.80500000e+02 1.00029563e-02 1.21892936e+02
2.80750000e+02 1.00028963e-02 1.21363703e+02
2.81000000e+02 1.00028375e-02 1.20836840e+02
2.81250000e+02 1.00027799e-02 1.20312336e+02
2.81500000e+02 1.00027235e-02 1.19790181e+02
2.81750000e+02 1.00026682e-02 1.19270363e+02
2.82000000e+02 1.00026140e-02 1.18752872e+02
2.82250000e+02 1.00025608e-02 1.18237698e+02
2.82500000e+02 1.00025088e-02 1.17724828e+02
2.82750000e+02 1.00024577e-02 1.17214252e+02
2.83000000e+02 1.00024077e-02 1.16705961e+02
2.83250000e+02 1.00023587e-02 1.16199943e+02
2.83500000e+02 1.00023107e-02 1.15696187e+02
2.83750000e+02 1.00022636e-02 1.15194683e+02
2.84000000e+02 1.00022175e-02 1.14695421e+02
2.84250000e+02 1.00021723e-02 1.14198390e+02
2.84500000e+02 1.00021280e-02 1.13703580e+02
2.84750000e+02 1.00020846e-02 1.13210981e+02
2.85000000e+02 1.00020421e-02 1.12720582e+02
2.85250000e+02 1.00020004e-02 1.12232373e+02
2.85500000e+02 1.00019596e-02 1.11746343e+02
2.85750000e+02 1.00019195e-02 1.11262484e+02
2.86000000e+02 1.00018803e-02 1.10780785e+02
2.86250000e+02 1.00018419e-02 1.10301235e+02
2.86500000e+02 1.00018043e-02 1.09823826e+02
2.86750000e+02 1.00017674e-02 1.09348546e+02
2.87000000e+02 1.00017312e-02 1.08875386e+02
2.87250000e+02 1.00016958e-02 1.08404336e+02
2.87500000e+02 1.00016611e-02 1.07935387e+02
2.87750000e+02 1.00016270e-02 1.07468529e+02
2.88000000e+02 1.00015937e-02 1.07003752e+02
2.88250000e+02 1.00015611e-02 1.06541046e+02
2.88500000e+02 1.00015291e-02 1.06080402e+02
2.88750000e+02 1.00014977e-02 1.05621810e+02
2.89000000e+02 1.00014670e-02 1.05165262e+02
2.89250000e+02 1.00014369e-02 1.04710746e+02
2.89500000e+02 1.00014074e-02 1.04258255e+02
2.89750000e+02 1.00013785e-02 1.03807779e+02
2.90000000e+02 1.00013502e-02 1.03359307e+02
2.90250000e+02 1.00013225e-02 1.02912832e+02
2.90500000e+02 1.00012953e-02 1.02468344e+02
2.90750000e+02 1.00012687e-02 1.02025834e+02
2.91000000e+02 1.00012426e-02 1.01585292e+02
2.91250000e+02 1.00012170e-02 1.01146709e+02
2.91500000e+02 1.00011920e-02 1.00710078e+02
2.91750000e+02 1.00011674e-02 1.00275387e+02
2.92000000e+02 1.00011434e-02 9.98426294e+01
2.92250000e+02 1.00011198e-02 9.94117952e+01
2.92500000e+02 1.00010968e-02 9.89828758e+01
2.92750000e+02 1.00010742e-02 9.85558623e+01
2.93000000e+02 1.00010520e-02 9.81307459e+01
2.93250000e+02 1.00010303e-02 9.77075180e+01
2.93500000e+02 1.00010091e-02 9.72861699e+01
2.93750000e+02 1.00009882e-02 9.68666928e+01
2.94000000e+02 1.00009678e-02 9.64490782e+01
2.94250000e+02 1.00009479e-02 9.60333174e+01
2.94500000e+02 1.00009283e-02 9.56194021e+01
2.94750000e+02 1.00009091e-02 9.52073236e+01
2.95000000e+02 1.00008903e-02 9.47970736e+01
2.95250000e+02 1.00008719e-02 9.43886436e+01
2.95500000e+02 1.00008539e-02 9.39820252e+01
2.95750000e+02 1.00008362e-02 9.35772102e+01
2.96000000e+02 1.00008189e-02 9.31741903e+01
2.96250000e+02 1.00008019e-02 9.27729571e+01
2.96500000e+02 1.00007853e-02 9.23735026e+01
2.96750000e+02 1.00007691e-02 9.19758184e+01
2.97000000e+02 1.00007531e-02 9.15798966e+01
2.97250000e+02 1.00007375e-02 9.11857290e+01
2.97500000e+02 1.00007222e-02 9.07933075e+01
2.97750000e+02 1.00007072e-02 9.04026242e+01
2.98000000e+02 1.00006926e-02 9.00136711e+01
2.98250000e+02 1.00006782e-02 8.96264402e+01
2.98500000e+02 1.00006641e-02 8.92409237e+01
2.98750000e+02 1.00006503e-02 8.88571137e+01
2.99000000e+02 1.00006368e-02 8.84750023e+01
2.99250000e+02 1.00006236e-02 8.80945818e+01
2.99500000e+02 1.00006106e-02 8.77158444e+01
2.99750000e+02 1.00005979e-02 8.73387825e+01
3.00000000e+02 1.00005855e-02 8.69633883e+01
3.02678978e+02 1.00004672e-02 8.30433795e+01
3.05381879e+02 1.00003718e-02 7.92723098e+01
3.08108916e+02 1.00002950e-02 7.56457745e+01
3.10860306e+02 1.00002335e-02 7.21594506e+01
3.13636265e+02 1.00001842e-02 6.88090964e+01
3.16437014e+02 1.00001449e-02 6.55905515e+01
3.19262773e+02 1.00001137e-02 6.24997375e+01
3.22113766e+02 1.00000889e-02 5.95326570e+01
3.24990218e+02 1.00000694e-02 5.66853942e+01
3.27892357e+02 1.00000539e-02 5.39541147e+01
3.30820411e+02 1.00000418e-02 5.13350647e+01
3.33774613e+02 1.00000323e-02 4.88245716e+01
3.36755196e+02 1.00000249e-02 4.64190430e+01
3.39762395e+02 1.00000191e-02 4.41149670e+01
3.42796448e+02 1.00000146e-02 4.19089112e+01
3.45857594e+02 1.00000112e-02 3.97975228e+01
3.48946077e+02 1.00000085e-02 3.77775276e+01
3.52062140e+02 1.00000064e-02 3.58457302e+01
3.55206029e+02 1.00000049e-02 3.39990127e+01
3.58377992e+02 1.00000037e-02 3.22343346e+01
3.61578281e+02 1.00000027e-02 3.05487320e+01
3.64807148e+02 1.00000020e-02 2.89393168e+01
3.68064849e+02 1.00000015e-02 2.74032763e+01
3.71351641e+02 1.00000011e-02 2.59378723e+01
3.74667784e+02 1.00000008e-02 2.45404399e+01
3.78013539e+02 1.00000006e-02 2.32083876e+01
3.81389172e+02 1.00000005e-02 2.19391955e+01
3.84794949e+02 1.00000003e-02 2.07304150e+01
3.88231140e+02 1.00000002e-02 1.95796677e+01
3.91698015e+02 1.00000002e-02 1.84846443e+01
3.95195849e+02 1.00000001e-02 1.74431039e+01
3.98724919e+02 1.00000001e-02 1.64528730e+01
4.02285503e+02 1.00000001e-02 1.55118442e+01
4.05877883e+02 1.00000000e-02 1.46179754e+01
4.09502342e+02 1.00000000e-02 1.37692884e+01
4.13159168e+02 1.00000000e-02 1.29638685e+01
4.16848648e+02 1.00000000e-02 1.21998626e+01
4.20571076e+02 1.00000000e-02 1.14754785e+01
4.24326744e+02 1.00000000e-02 1.07889838e+01
4.28115951e+02 1.00000000e-02 1.01387044e+01
4.31938995e+02 1.00000000e-02 9.52302386e+00
4.35796178e+02 1.00000000e-02 8.94038164e+00
4.39687805e+02 1.00000000e-02 8.38927239e+00
4.43614185e+02 1.00000000e-02 7.86824448e+00
4.47575627e+02 1.00000000e-02 7.37589894e+00
4.51572444e+02 1.00000000e-02 6.91088816e+00
4.55604952e+02 1.00000000e-02 6.47191475e+00
4.59673471e+02 1.00000000e-02 6.05773029e+00
4.63778321e+02 1.00000000e-02 5.66713416e+00
4.67919827e+02 1.00000000e-02 5.29897228e+00
4.72098316e+02 1.00000000e-02 4.95213594e+00
4.76314119e+02 1.00000000e-02 4.62556060e+00
4.80567569e+02 1.00000000e-02 4.31822466e+00
4.84859002e+02 1.00000000e-02 4.02914830e+00
4.89188757e+02 1.00000000e-02 3.75739228e+00
4.93557176e+02 1.00000000e-02 3.50205678e+00
4.97964605e+02 1.00000000e-02 3.26228019e+00
5.02411392e+02 1.00000000e-02 3.03723802e+00
5.06897889e+02 1.00000000e-02 2.82614170e+00
5.11424450e+02 1.00000000e-02 2.62823749e+00
5.15991432e+02 1.00000000e-02 2.44280534e+00
5.20599197e+02 1.00000000e-02 2.26915777e+00
5.25248110e+02 1.00000000e-02 2.10663884e+00
5.29938536e+02 1.00000000e-02 1.95462301e+00
5.34670848e+02 1.00000000e-02 1.81251415e+00
5.39445419e+02 1.00000000e-02 1.67974446e+00
5.44262627e+02 1.00000000e-02 1.55577346e+00
5.49122852e+02 1.00000000e-02 1.44008699e+00
5.54026478e+02 1.00000000e-02 1.33219627e+00
5.58973894e+02 1.00000000e-02 1.23163687e+00
5.63965489e+02 1.00000000e-02 1.13796783e+00
5.69001659e+02 1.00000000e-02 1.05077070e+00
5.74082802e+02 1.00000000e-02 9.69648668e-01
5.79209319e+02 1.00000000e-02 8.94225688e-01
5.84381615e+02 1.00000000e-02 8.24145596e-01
5.89600100e+02 1.00000000e-02 7.59071302e-01
5.94865185e+02 1.00000000e-02 6.98683967e-01
6.00177287e+02 1.00000000e-02 6.42682223e-01
6.05536825e+02 1.00000000e-02 5.90781396e-01
6.10944224e+02 1.00000000e-02 5.42712770e-01
6.16399911e+02 1.00000000e-02 4.98222861e-01
6.21904317e+02 1.00000000e-02 4.57072716e-01
6.27457876e+02 1.00000000e-02 4.19037236e-01
6.33061029e+02 1.00000000e-02 3.83904520e-01
6.38714217e+02 1.00000000e-02 3.51475230e-01
6.44417887e+02 1.00000000e-02 3.21561977e-01
6.50172491e+02 1.00000000e-02 2.93988734e-01
6.55978484e+02 1.00000000e-02 2.68590257e-01
6.61836323e+02 1.00000000e-02 2.45211546e-01
6.67746472e+02 1.00000000e-02 2.23707307e-01
6.73709399e+02 1.00000000e-02 2.03941448e-01
6.79725574e+02 1.00000000e-02 1.85786591e-01
6.85795473e+02 1.00000000e-02 1.69123599e-01
6.91919575e+02 1.00000000e-02 1.53841129e-01
6.98098366e+02 1.00000000e-02 1.39835200e-01
7.04332333e+02 1.00000000e-02 1.27008777e-01
7.10621968e+02 1.00000000e-02 1.15271383e-01
7.16967770e+02 1.00000000e-02 1.04538713e-01
7.23370239e+02 1.00000000e-02 9.47322798e-02
7.29829882e+02 1.00000000e-02 8.57790670e-02
7.36347208e+02 1.00000000e-02 7.76112021e-02
7.42922734e+02 1.00000000e-02 7.01656442e-02
7.49556979e+02 1.00000000e-02 6.33838870e-02
7.56250468e+02 1.00000000e-02 5.72116763e-02
7.63003728e+02 1.00000000e-02 5.15987422e-02
7.69817295e+02 1.00000000e-02 4.64985444e-02
7.76691707e+02 1.00000000e-02 4.18680315e-02
7.83627506e+02 1.00000000e-02 3.76674123e-02
7.90625242e+02 1.00000000e-02 3.38599398e-02
7.97685466e+02 1.00000000e-02 3.04117073e-02
8.04808739e+02 1.00000000e-02 2.72914553e-02
8.11995621e+02 1.00000000e-02 2.44703896e-02
8.19246682e+02 1.00000000e-02 2.19220100e-02
8.26562494e+02 1.00000000e-02 1.96219485e-02
8.33943636e+02 1.00000000e-02 1.75478178e-02
8.41390691e+02 1.00000000e-02 1.56790684e-02
8.48904247e+02 1.00000000e-02 1.39968546e-02
8.56484899e+02 1.00000000e-02 1.24839086e-02
8.64133246e+02 1.00000000e-02 1.11244231e-02
8.71849892e+02 1.00000000e-02 9.90394082e-03
8.79635447e+02 1.00000000e-02 8.80925119e-03
8.87490526e+02 1.00000000e-02 7.82829438e-03
8.95415751e+02 1.00000000e-02 6.95007119e-03
9.03411747e+02 1.00000000e-02 6.16455927e-03
9.11479147e+02 1.00000000e-02 5.46263505e-03
9.19618589e+02 1.00000000e-02 4.83600108e-03
9.27830714e+02 1.00000000e-02 4.27711852e-03
9.36116174e+02 1.00000000e-02 3.77914447e-03
9.44475622e+02 1.00000000e-02 3.33587378e-03
9.52909719e+02 1.00000000e-02 2.94168521e-03
9.61419133e+02 1.00000000e-02 2.59149152e-03
9.70004534e+02 1.00000000e-02 2.28069341e-03
9.78666603e+02 1.00000000e-02 2.00513687e-03
9.87406023e+02 1.00000000e-02 1.76107395e-03
9.96223486e+02 1.00000000e-02 1.54512652e-03
1.00511969e+03 1.00000000e-02 1.35425290e-03
1.01409533e+03 1.00000000e-02 1.18571728e-03
1.02315113e+03 1.00000000e-02 1.03706149e-03
1.03228779e+03 1.00000000e-02 9.06079194e-04
1.04150605e+03 1.00000000e-02 7.90792211e-04
1.05080662e+03 1.00000000e-02 6.89428817e-04
1.06019024e+03 1.00000000e-02 6.00403929e-04
1.06965766e+03 1.00000000e-02 5.22300994e-04
1.07920963e+03 1.00000000e-02 4.53855468e-04
1.08884689e+03 1.00000000e-02 3.93939758e-04
1.09857021e+03 1.00000000e-02 3.41549517e-04
1.10838036e+03 1.00000000e-02 2.95791181e-04
1.11827812e+03 1.00000000e-02 2.55870659e-04
1.12826426e+03 1.00000000e-02 2.21083065e-04
1.13833957e+03 1.00000000e-02 1.90803423e-04
1.14850486e+03 1.00000000e-02 1.64478250e-04
1.15876092e+03 1.00000000e-02 1.41617959e-04
1.16910857e+03 1.00000000e-02 1.21789991e-04
1.17954863e+03 1.00000000e-02 1.04612629e-04
1.19008191e+03 1.00000000e-02 8.97494286e-05
1.20070925e+03 1.00000000e-02 7.69042074e-05
1.21143150e+03 1.00000000e-02 6.58165450e-05
1.22224949e+03 1.00000000e-02 5.62577471e-05
1.23316409e+03 1.00000000e-02 4.80272300e-05
1.24417615e+03 1.00000000e-02 4.09492851e-05
1.25528655e+03 1.00000000e-02 3.48701884e-05
1.26649617e+03 1.00000000e-02 2.96556202e-05
1.27780589e+03 1.00000000e-02 2.51883668e-05
1.28921660e+03 1.00000000e-02 2.13662734e-05
1.30072921e+03 1.00000000e-02 1.81004255e-05
1.31234462e+03 1.00000000e-02 1.53135345e-05
1.32406376e+03 1.00000000e-02 1.29385062e-05
1.33588755e+03 1.00000000e-02 1.09171737e-05
1.34781693e+03 1.00000000e-02 9.19917753e-06
1.35985284e+03 1.00000000e-02 7.74097651e-06
1.37199622e+03 1.00000000e-02 6.50497609e-06
1.38424804e+03 1.00000000e-02 5.45876077e-06
1.39660928e+03 1.00000000e-02 4.57441939e-06
1.40908089e+03 1.00000000e-02 3.82795282e-06
1.42166388e+03 1.00000000e-02 3.19875468e-06
1.43435924e+03 1.00000000e-02 2.66915684e-06
1.44716796e+03 1.00000000e-02 2.22403212e-06
1.46009106e+03 1.00000000e-02 1.85044755e-06
1.47312957e+03 1.00000000e-02 1.53736217e-06
1.48628450e+03 1.00000000e-02 1.27536403e-06
1.49955691e+03 1.00000000e-02 1.05644171e-06
1.51294785e+03 1.00000000e-02 8.73786062e-07
1.52645836e+03 1.00000000e-02 7.21618474e-07
1.54008952e+03 1.00000000e-02 5.95042303e-07
1.55384240e+03 1.00000000e-02 4.89914599e-07
1.56771810e+03 1.00000000e-02 4.02735477e-07
1.58171771e+03 1.00000000e-02 3.30552883e-07
1.59584233e+03 1.00000000e-02 2.70880726e-07
1.61009308e+03 1.00000000e-02 2.21628626e-07
1.62447110e+03 1.00000000e-02 1.81041713e-07
1.63897750e+03 1.00000000e-02 1.47649133e-07
1.65361345e+03 1.00000000e-02 1.20220069e-07
1.66838010e+03 1.00000000e-02 9.77262390e-08
1.68327861e+03 1.00000000e-02 7.93099745e-08
1.69831016e+03 1.00000000e-02 6.42570933e-08
1.71347594e+03 1.00000000e-02 5.19738830e-08
1.72877716e+03 1.00000000e-02 4.19676073e-08
1.74421501e+03 1.00000000e-02 3.38300234e-08
1.75979072e+03 1.00000000e-02 2.72234694e-08
1.77550552e+03 1.00000000e-02 2.18691408e-08
1.79136065e+03 1.00000000e-02 1.75372298e-08
1.80735737e+03 1.00000000e-02 1.40386445e-08
1.82349694e+03 1.00000000e-02 1.12180695e-08
1.83978063e+03 1.00000000e-02 8.94815780e-09
1.85620974e+03 1.00000000e-02 7.12468139e-09
1.87278555e+03 1.00000000e-02 5.66248762e-09
1.88950939e+03 1.00000000e-02 4.49213431e-09
1.90638257e+03 1.00000000e-02 3.55709484e-09
1.92340642e+03 1.00000000e-02 2.81144082e-09
1.94058230e+03 1.00000000e-02 2.21792435e-09
1.95791155e+03 1.00000000e-02 1.74639401e-09
1.97539556e+03 1.00000000e-02 1.37248891e-09
1.99303570e+03 1.00000000e-02 1.07656412e-09
2.01083336e+03 1.00000000e-02 8.42808055e-10
2.02878995e+03 1.00000000e-02 6.58519145e-10
2.04690689e+03 1.00000000e-02 5.13513961e-10
2.06518562e+03 1.00000000e-02 3.99644044e-10
2.08362758e+03 1.00000000e-02 3.10402162e-10
2.10223422e+03 1.00000000e-02 2.40602113e-10
2.12100701e+03 1.00000000e-02 1.86118865e-10
2.13994745e+03 1.00000000e-02 1.43678077e-10
2.15905702e+03 1.00000000e-02 1.10685978e-10
2.17833724e+03 1.00000000e-02 8.50921463e-11
2.19778963e+03 1.00000000e-02 6.52790518e-11
2.21741573e+03 1.00000000e-02 4.99733369e-11
2.23721709e+03 1.00000000e-02 3.81746987e-11
2.25719527e+03 1.00000000e-02 2.90990082e-11
2.27735185e+03 1.00000000e-02 2.21329113e-11
2.29768844e+03 1.00000000e-02 1.67976724e-11
2.31820663e+03 1.00000000e-02 1.27204433e-11
2.33890804e+03 1.00000000e-02 9.61147986e-12
2.35979431e+03 1.00000000e-02 7.24611781e-12
2.38086710e+03 1.00000000e-02 5.45054356e-12
2.40212807e+03 1.00000000e-02 4.09058713e-12
2.42357890e+03 1.00000000e-02 3.06291498e-12
2.44522128e+03 1.00000000e-02 2.28812468e-12
2.46705692e+03 1.00000000e-02 1.70534323e-12
2.48908756e+03 1.00000000e-02 1.26801138e-12
2.51131492e+03 1.00000000e-02 1.00000000e-12
2.53374078e+03 1.00000000e-02 1.00000000e-12
2.55636690e+03 1.00000000e-02 1.00000000e-12
2.57919506e+03 1.00000000e-02 1.00000000e-12
2.60222709e+03 1.00000000e-02 1.00000000e-12
2.62546478e+03 1.00000000e-02 1.00000000e-12
2.64890999e+03 1.00000000e-02 1.00000000e-12
2.67256456e+03 1.00000000e-02 1.00000000e-12
2.69643036e+03 1.00000000e-02 1.00000000e-12
2.72050928e+03 1.00000000e-02 1.00000000e-12
2.74480323e+03 1.00000000e-02 1.00000000e-12
2.76931412e+03 1.00000000e-02 1.00000000e-12
2.79404389e+03 1.00000000e-02 1.00000000e-12
2.81899449e+03 1.00000000e-02 1.00000000e-12
2.84416791e+03 1.00000000e-02 1.00000000e-12
2.86956612e+03 1.00000000e-02 1.00000000e-12
2.89519113e+03 1.00000000e-02 1.00000000e-12
2.92104497e+03 1.00000000e-02 1.00000000e-12
2.94712969e+03 1.00000000e-02 1.00000000e-12
2.97344734e+03 1.00000000e-02 1.00000000e-12
3.00000000e+03 1.00000000e-02 1.00000000e-12
