# Reference nova thermodynamic trajectory
# Reconstructed from the description in the proposal; see
# src/thermodynamics.py for the parameterisation.
# time[s]  T9  rho[g/cm^3]
0.00000000e+00 9.10000000e-02 2.21000000e+04
1.00000000e-05 9.10000000e-02 2.21000000e+04
1.00722417e-05 9.10000000e-02 2.21000000e+04
1.01450054e-05 9.10000000e-02 2.21000000e+04
1.02182947e-05 9.10000000e-02 2.21000000e+04
1.02921134e-05 9.10000000e-02 2.21000000e+04
1.03664654e-05 9.10000000e-02 2.21000000e+04
1.04413546e-05 9.10000000e-02 2.21000000e+04
1.05167847e-05 9.10000000e-02 2.21000000e+04
1.05927598e-05 9.10000000e-02 2.21000000e+04
1.06692838e-05 9.10000000e-02 2.21000000e+04
1.07463605e-05 9.10000000e-02 2.21000000e+04
1.08239941e-05 9.10000000e-02 2.21000000e+04
1.09021885e-05 9.10000000e-02 2.21000000e+04
1.09809479e-05 9.10000000e-02 2.21000000e+04
1.10602761e-05 9.10000000e-02 2.21000000e+04
1.11401775e-05 9.10000000e-02 2.21000000e+04
1.12206561e-05 9.10000000e-02 2.21000000e+04
1.13017161e-05 9.10000000e-02 2.21000000e+04
1.13833616e-05 9.10000000e-02 2.21000000e+04
1.14655970e-05 9.10000000e-02 2.21000000e+04
1.15484265e-05 9.10000000e-02 2.21000000e+04
1.16318543e-05 9.10000000e-02 2.21000000e+04
1.17158849e-05 9.10000000e-02 2.21000000e+04
1.18005225e-05 9.10000000e-02 2.21000000e+04
1.18857715e-05 9.10000000e-02 2.21000000e+04
1.19716364e-05 9.10000000e-02 2.21000000e+04
1.20581216e-05 9.10000000e-02 2.21000000e+04
1.21452316e-05 9.10000000e-02 2.21000000e+04
1.22329708e-05 9.10000000e-02 2.21000000e+04
1.23213439e-05 9.10000000e-02 2.21000000e+04
1.24103555e-05 9.10000000e-02 2.21000000e+04
1.25000100e-05 9.10000000e-02 2.21000000e+04
1.25903123e-05 9.10000000e-02 2.21000000e+04
1.26812669e-05 9.10000000e-02 2.21000000e+04
1.27728786e-05 9.10000000e-02 2.21000000e+04
1.28651521e-05 9.10000000e-02 2.21000000e+04
1.29580922e-05 9.10000000e-02 2.21000000e+04
1.30517037e-05 9.10000000e-02 2.21000000e+04
1.31459915e-05 9.10000000e-02 2.21000000e+04
1.32409604e-05 9.10000000e-02 2.21000000e+04
1.33366154e-05 9.10000000e-02 2.21000000e+04
1.34329615e-05 9.10000000e-02 2.21000000e+04
1.35300035e-05 9.10000000e-02 2.21000000e+04
1.36277466e-05 9.10000000e-02 2.21000000e+04
1.37261958e-05 9.10000000e-02 2.21000000e+04
1.38253563e-05 9.10000000e-02 2.21000000e+04
1.39252331e-05 9.10000000e-02 2.21000000e+04
1.40258314e-05 9.10000000e-02 2.21000000e+04
1.41271564e-05 9.10000000e-02 2.21000000e+04
1.42292135e-05 9.10000000e-02 2.21000000e+04
1.43320078e-05 9.10000000e-02 2.21000000e+04
1.44355447e-05 9.10000000e-02 2.21000000e+04
1.45398296e-05 9.10000000e-02 2.21000000e+04
1.46448679e-05 9.10000000e-02 2.21000000e+04
1.47506649e-05 9.10000000e-02 2.21000000e+04
1.48572263e-05 9.10000000e-02 2.21000000e+04
1.49645575e-05 9.10000000e-02 2.21000000e+04
1.50726641e-05 9.10000000e-02 2.21000000e+04
1.51815516e-05 9.10000000e-02 2.21000000e+04
1.52912258e-05 9.10000000e-02 2.21000000e+04
1.54016923e-05 9.10000000e-02 2.21000000e+04
1.55129568e-05 9.10000000e-02 2.21000000e+04
1.56250251e-05 9.10000000e-02 2.21000000e+04
1.57379030e-05 9.10000000e-02 2.21000000e+04
1.58515964e-05 9.10000000e-02 2.21000000e+04
1.59661111e-05 9.10000000e-02 2.21000000e+04
1.60814530e-05 9.10000000e-02 2.21000000e+04
1.61976283e-05 9.10000000e-02 2.21000000e+04
1.63146427e-05 9.10000000e-02 2.21000000e+04
1.64325026e-05 9.10000000e-02 2.21000000e+04
1.65512138e-05 9.10000000e-02 2.21000000e+04
1.66707827e-05 9.10000000e-02 2.21000000e+04
1.67912153e-05 9.10000000e-02 2.21000000e+04
1.69125180e-05 9.10000000e-02 2.21000000e+04
1.70346970e-05 9.10000000e-02 2.21000000e+04
1.71577586e-05 9.10000000e-02 2.21000000e+04
1.72817092e-05 9.10000000e-02 2.21000000e+04
1.74065553e-05 9.10000000e-02 2.21000000e+04
1.75323033e-05 9.10000000e-02 2.21000000e+04
1.76589597e-05 9.10000000e-02 2.21000000e+04
1.77865311e-05 9.10000000e-02 2.21000000e+04
1.79150241e-05 9.10000000e-02 2.21000000e+04
1.80444454e-05 9.10000000e-02 2.21000000e+04
1.81748016e-05 9.10000000e-02 2.21000000e+04
1.83060995e-05 9.10000000e-02 2.21000000e+04
1.84383460e-05 9.10000000e-02 2.21000000e+04
1.85715478e-05 9.10000000e-02 2.21000000e+04
1.87057119e-05 9.10000000e-02 2.21000000e+04
1.88408452e-05 9.10000000e-02 2.21000000e+04
1.89769548e-05 9.10000000e-02 2.21000000e+04
1.91140476e-05 9.10000000e-02 2.21000000e+04
1.92521308e-05 9.10000000e-02 2.21000000e+04
1.93912116e-05 9.10000000e-02 2.21000000e+04
1.95312971e-05 9.10000000e-02 2.21000000e+04
1.96723946e-05 9.10000000e-02 2.21000000e+04
1.98145114e-05 9.10000000e-02 2.21000000e+04
1.99576549e-05 9.10000000e-02 2.21000000e+04
2.01018324e-05 9.10000000e-02 2.21000000e+04
2.02470516e-05 9.10000000e-02 2.21000000e+04
2.03933198e-05 9.10000000e-02 2.21000000e+04
2.05406447e-05 9.10000000e-02 2.21000000e+04
2.06890339e-05 9.10000000e-02 2.21000000e+04
2.08384951e-05 9.10000000e-02 2.21000000e+04
2.09890360e-05 9.10000000e-02 2.21000000e+04
2.11406645e-05 9.10000000e-02 2.21000000e+04
2.12933883e-05 9.10000000e-02 2.21000000e+04
2.14472155e-05 9.10000000e-02 2.21000000e+04
2.16021539e-05 9.10000000e-02 2.21000000e+04
2.17582116e-05 9.10000000e-02 2.21000000e+04
2.19153967e-05 9.10000000e-02 2.21000000e+04
2.20737174e-05 9.10000000e-02 2.21000000e+04
2.22331818e-05 9.10000000e-02 2.21000000e+04
2.23937982e-05 9.10000000e-02 2.21000000e+04
2.25555749e-05 9.10000000e-02 2.21000000e+04
2.27185203e-05 9.10000000e-02 2.21000000e+04
2.28826428e-05 9.10000000e-02 2.21000000e+04
2.30479510e-05 9.10000000e-02 2.21000000e+04
2.32144534e-05 9.10000000e-02 2.21000000e+04
2.33821587e-05 9.10000000e-02 2.21000000e+04
2.35510755e-05 9.10000000e-02 2.21000000e+04
2.37212126e-05 9.10000000e-02 2.21000000e+04
2.38925787e-05 9.10000000e-02 2.21000000e+04
2.40651829e-05 9.10000000e-02 2.21000000e+04
2.42390340e-05 9.10000000e-02 2.21000000e+04
2.44141410e-05 9.10000000e-02 2.21000000e+04
2.45905130e-05 9.10000000e-02 2.21000000e+04
2.47681591e-05 9.10000000e-02 2.21000000e+04
2.49470886e-05 9.10000000e-02 2.21000000e+04
2.51273108e-05 9.10000000e-02 2.21000000e+04
2.53088348e-05 9.10000000e-02 2.21000000e+04
2.54916703e-05 9.10000000e-02 2.21000000e+04
2.56758265e-05 9.10000000e-02 2.21000000e+04
2.58613132e-05 9.10000000e-02 2.21000000e+04
2.60481398e-05 9.10000000e-02 2.21000000e+04
2.62363161e-05 9.10000000e-02 2.21000000e+04
2.64258518e-05 9.10000000e-02 2.21000000e+04
2.66167568e-05 9.10000000e-02 2.21000000e+04
2.68090409e-05 9.10000000e-02 2.21000000e+04
2.70027141e-05 9.10000000e-02 2.21000000e+04
2.71977864e-05 9.10000000e-02 2.21000000e+04
2.73942679e-05 9.10000000e-02 2.21000000e+04
2.75921689e-05 9.10000000e-02 2.21000000e+04
2.77914995e-05 9.10000000e-02 2.21000000e+04
2.79922702e-05 9.10000000e-02 2.21000000e+04
2.81944912e-05 9.10000000e-02 2.21000000e+04
2.83981731e-05 9.10000000e-02 2.21000000e+04
2.86033265e-05 9.10000000e-02 2.21000000e+04
2.88099619e-05 9.10000000e-02 2.21000000e+04
2.90180901e-05 9.10000000e-02 2.21000000e+04
2.92277218e-05 9.10000000e-02 2.21000000e+04
2.94388680e-05 9.10000000e-02 2.21000000e+04
2.96515395e-05 9.10000000e-02 2.21000000e+04
2.98657474e-05 9.10000000e-02 2.21000000e+04
3.00815028e-05 9.10000000e-02 2.21000000e+04
3.02988168e-05 9.10000000e-02 2.21000000e+04
3.05177007e-05 9.10000000e-02 2.21000000e+04
3.07381659e-05 9.10000000e-02 2.21000000e+04
3.09602238e-05 9.10000000e-02 2.21000000e+04
3.11838858e-05 9.10000000e-02 2.21000000e+04
3.14091637e-05 9.10000000e-02 2.21000000e+04
3.16360690e-05 9.10000000e-02 2.21000000e+04
3.18646134e-05 9.10000000e-02 2.21000000e+04
3.20948090e-05 9.10000000e-02 2.21000000e+04
3.23266674e-05 9.10000000e-02 2.21000000e+04
3.25602009e-05 9.10000000e-02 2.21000000e+04
3.27954215e-05 9.10000000e-02 2.21000000e+04
3.30323413e-05 9.10000000e-02 2.21000000e+04
3.32709727e-05 9.10000000e-02 2.21000000e+04
3.35113280e-05 9.10000000e-02 2.21000000e+04
3.37534197e-05 9.10000000e-02 2.21000000e+04
3.39972603e-05 9.10000000e-02 2.21000000e+04
3.42428624e-05 9.10000000e-02 2.21000000e+04
3.44902388e-05 9.10000000e-02 2.21000000e+04
3.47394023e-05 9.10000000e-02 2.21000000e+04
3.49903658e-05 9.10000000e-02 2.21000000e+04
3.52431423e-05 9.10000000e-02 2.21000000e+04
3.54977450e-05 9.10000000e-02 2.21000000e+04
3.57541869e-05 9.10000000e-02 2.21000000e+04
3.60124813e-05 9.10000000e-02 2.21000000e+04
3.62726418e-05 9.10000000e-02 2.21000000e+04
3.65346817e-05 9.10000000e-02 2.21000000e+04
3.67986146e-05 9.10000000e-02 2.21000000e+04
3.70644542e-05 9.10000000e-02 2.21000000e+04
3.73322143e-05 9.10000000e-02 2.21000000e+04
3.76019087e-05 9.10000000e-02 2.21000000e+04
3.78735514e-05 9.10000000e-02 2.21000000e+04
3.81471566e-05 9.10000000e-02 2.21000000e+04
3.84227383e-05 9.10000000e-02 2.21000000e+04
3.87003108e-05 9.10000000e-02 2.21000000e+04
3.89798886e-05 9.10000000e-02 2.21000000e+04
3.92614861e-05 9.10000000e-02 2.21000000e+04
3.95451180e-05 9.10000000e-02 2.21000000e+04
3.98307988e-05 9.10000000e-02 2.21000000e+04
4.01185434e-05 9.10000000e-02 2.21000000e+04
4.04083668e-05 9.10000000e-02 2.21000000e+04
4.07002839e-05 9.10000000e-02 2.21000000e+04
4.09943098e-05 9.10000000e-02 2.21000000e+04
4.12904599e-05 9.10000000e-02 2.21000000e+04
4.15887493e-05 9.10000000e-02 2.21000000e+04
4.18891937e-05 9.10000000e-02 2.21000000e+04
4.21918085e-05 9.10000000e-02 2.21000000e+04
4.24966095e-05 9.10000000e-02 2.21000000e+04
4.28036124e-05 9.10000000e-02 2.21000000e+04
4.31128332e-05 9.10000000e-02 2.21000000e+04
4.34242878e-05 9.10000000e-02 2.21000000e+04
4.37379925e-05 9.10000000e-02 2.21000000e+04
4.40539633e-05 9.10000000e-02 2.21000000e+04
4.43722168e-05 9.10000000e-02 2.21000000e+04
4.46927695e-05 9.10000000e-02 2.21000000e+04
4.50156378e-05 9.10000000e-02 2.21000000e+04
4.53408387e-05 9.10000000e-02 2.21000000e+04
4.56683888e-05 9.10000000e-02 2.21000000e+04
4.59983052e-05 9.10000000e-02 2.21000000e+04
4.63306050e-05 9.10000000e-02 2.21000000e+04
4.66653053e-05 9.10000000e-02 2.21000000e+04
4.70024236e-05 9.10000000e-02 2.21000000e+04
4.73419773e-05 9.10000000e-02 2.21000000e+04
4.76839840e-05 9.10000000e-02 2.21000000e+04
4.80284614e-05 9.10000000e-02 2.21000000e+04
4.83754274e-05 9.10000000e-02 2.21000000e+04
4.87248999e-05 9.10000000e-02 2.21000000e+04
4.90768971e-05 9.10000000e-02 2.21000000e+04
4.94314372e-05 9.10000000e-02 2.21000000e+04
4.97885385e-05 9.10000000e-02 2.21000000e+04
5.01482196e-05 9.10000000e-02 2.21000000e+04
5.05104991e-05 9.10000000e-02 2.21000000e+04
5.08753957e-05 9.10000000e-02 2.21000000e+04
5.12429284e-05 9.10000000e-02 2.21000000e+04
5.16131163e-05 9.10000000e-02 2.21000000e+04
5.19859784e-05 9.10000000e-02 2.21000000e+04
5.23615342e-05 9.10000000e-02 2.21000000e+04
5.27398031e-05 9.10000000e-02 2.21000000e+04
5.31208046e-05 9.10000000e-02 2.21000000e+04
5.35045585e-05 9.10000000e-02 2.21000000e+04
5.38910848e-05 9.10000000e-02 2.21000000e+04
5.42804034e-05 9.10000000e-02 2.21000000e+04
5.46725345e-05 9.10000000e-02 2.21000000e+04
5.50674984e-05 9.10000000e-02 2.21000000e+04
5.54653156e-05 9.10000000e-02 2.21000000e+04
5.58660067e-05 9.10000000e-02 2.21000000e+04
5.62695925e-05 9.10000000e-02 2.21000000e+04
5.66760939e-05 9.10000000e-02 2.21000000e+04
5.70855318e-05 9.10000000e-02 2.21000000e+04
5.74979277e-05 9.10000000e-02 2.21000000e+04
5.79133027e-05 9.10000000e-02 2.21000000e+04
5.83316785e-05 9.10000000e-02 2.21000000e+04
5.87530767e-05 9.10000000e-02 2.21000000e+04
5.91775192e-05 9.10000000e-02 2.21000000e+04
5.96050279e-05 9.10000000e-02 2.21000000e+04
6.00356250e-05 9.10000000e-02 2.21000000e+04
6.04693329e-05 9.10000000e-02 2.21000000e+04
6.09061739e-05 9.10000000e-02 2.21000000e+04
6.13461707e-05 9.10000000e-02 2.21000000e+04
6.17893461e-05 9.10000000e-02 2.21000000e+04
6.22357231e-05 9.10000000e-02 2.21000000e+04
6.26853248e-05 9.10000000e-02 2.21000000e+04
6.31381746e-05 9.10000000e-02 2.21000000e+04
6.35942957e-05 9.10000000e-02 2.21000000e+04
6.40537120e-05 9.10000000e-02 2.21000000e+04
6.45164472e-05 9.10000000e-02 2.21000000e+04
6.49825253e-05 9.10000000e-02 2.21000000e+04
6.54519704e-05 9.10000000e-02 2.21000000e+04
6.59248068e-05 9.10000000e-02 2.21000000e+04
6.64010591e-05 9.10000000e-02 2.21000000e+04
6.68807519e-05 9.10000000e-02 2.21000000e+04
6.73639101e-05 9.10000000e-02 2.21000000e+04
6.78505588e-05 9.10000000e-02 2.21000000e+04
6.83407230e-05 9.10000000e-02 2.21000000e+04
6.88344283e-05 9.10000000e-02 2.21000000e+04
6.93317002e-05 9.10000000e-02 2.21000000e+04
6.98325645e-05 9.10000000e-02 2.21000000e+04
7.03370472e-05 9.10000000e-02 2.21000000e+04
7.08451742e-05 9.10000000e-02 2.21000000e+04
7.13569721e-05 9.10000000e-02 2.21000000e+04
7.18724673e-05 9.10000000e-02 2.21000000e+04
7.23916866e-05 9.10000000e-02 2.21000000e+04
7.29146567e-05 9.10000000e-02 2.21000000e+04
7.34414049e-05 9.10000000e-02 2.21000000e+04
7.39719584e-05 9.10000000e-02 2.21000000e+04
7.45063448e-05 9.10000000e-02 2.21000000e+04
7.50445916e-05 9.10000000e-02 2.21000000e+04
7.55867268e-05 9.10000000e-02 2.21000000e+04
7.61327785e-05 9.10000000e-02 2.21000000e+04
7.66827750e-05 9.10000000e-02 2.21000000e+04
7.72367447e-05 9.10000000e-02 2.21000000e+04
7.77947164e-05 9.10000000e-02 2.21000000e+04
7.83567190e-05 9.10000000e-02 2.21000000e+04
7.89227816e-05 9.10000000e-02 2.21000000e+04
7.94929335e-05 9.10000000e-02 2.21000000e+04
8.00672044e-05 9.10000000e-02 2.21000000e+04
8.06456238e-05 9.10000000e-02 2.21000000e+04
8.12282218e-05 9.10000000e-02 2.21000000e+04
8.18150287e-05 9.10000000e-02 2.21000000e+04
8.24060747e-05 9.10000000e-02 2.21000000e+04
8.30013906e-05 9.10000000e-02 2.21000000e+04
8.36010071e-05 9.10000000e-02 2.21000000e+04
8.42049553e-05 9.10000000e-02 2.21000000e+04
8.48132666e-05 9.10000000e-02 2.21000000e+04
8.54259724e-05 9.10000000e-02 2.21000000e+04
8.60431046e-05 9.10000000e-02 2.21000000e+04
8.66646949e-05 9.10000000e-02 2.21000000e+04
8.72907758e-05 9.10000000e-02 2.21000000e+04
8.79213796e-05 9.10000000e-02 2.21000000e+04
8.85565390e-05 9.10000000e-02 2.21000000e+04
8.91962868e-05 9.10000000e-02 2.21000000e+04
8.98406564e-05 9.10000000e-02 2.21000000e+04
9.04896809e-05 9.10000000e-02 2.21000000e+04
9.11433942e-05 9.10000000e-02 2.21000000e+04
9.18018299e-05 9.10000000e-02 2.21000000e+04
9.24650224e-05 9.10000000e-02 2.21000000e+04
9.31330058e-05 9.10000000e-02 2.21000000e+04
9.38058149e-05 9.10000000e-02 2.21000000e+04
9.44834844e-05 9.10000000e-02 2.21000000e+04
9.51660496e-05 9.10000000e-02 2.21000000e+04
9.58535457e-05 9.10000000e-02 2.21000000e+04
9.65460085e-05 9.10000000e-02 2.21000000e+04
9.72434737e-05 9.10000000e-02 2.21000000e+04
9.79459775e-05 9.10000000e-02 2.21000000e+04
9.86535563e-05 9.10000000e-02 2.21000000e+04
9.93662468e-05 9.10000000e-02 2.21000000e+04
1.00084086e-04 9.10000000e-02 2.21000000e+04
1.00807111e-04 9.10000000e-02 2.21000000e+04
1.01535359e-04 9.10000000e-02 2.21000000e+04
1.02268868e-04 9.10000000e-02 2.21000000e+04
1.03007676e-04 9.10000000e-02 2.21000000e+04
1.03751822e-04 9.10000000e-02 2.21000000e+04
1.04501343e-04 9.10000000e-02 2.21000000e+04
1.05256279e-04 9.10000000e-02 2.21000000e+04
1.06016668e-04 9.10000000e-02 2.21000000e+04
1.06782551e-04 9.10000000e-02 2.21000000e+04
1.07553967e-04 9.10000000e-02 2.21000000e+04
1.08330956e-04 9.10000000e-02 2.21000000e+04
1.09113557e-04 9.10000000e-02 2.21000000e+04
1.09901813e-04 9.10000000e-02 2.21000000e+04
1.10695763e-04 9.10000000e-02 2.21000000e+04
1.11495448e-04 9.10000000e-02 2.21000000e+04
1.12300911e-04 9.10000000e-02 2.21000000e+04
1.13112192e-04 9.10000000e-02 2.21000000e+04
1.13929334e-04 9.10000000e-02 2.21000000e+04
1.14752380e-04 9.10000000e-02 2.21000000e+04
1.15581371e-04 9.10000000e-02 2.21000000e+04
1.16416351e-04 9.10000000e-02 2.21000000e+04
1.17257363e-04 9.10000000e-02 2.21000000e+04
1.18104450e-04 9.10000000e-02 2.21000000e+04
1.18957658e-04 9.10000000e-02 2.21000000e+04
1.19817028e-04 9.10000000e-02 2.21000000e+04
1.20682608e-04 9.10000000e-02 2.21000000e+04
1.21554440e-04 9.10000000e-02 2.21000000e+04
1.22432570e-04 9.10000000e-02 2.21000000e+04
1.23317044e-04 9.10000000e-02 2.21000000e+04
1.24207908e-04 9.10000000e-02 2.21000000e+04
1.25105208e-04 9.10000000e-02 2.21000000e+04
1.26008990e-04 9.10000000e-02 2.21000000e+04
1.26919301e-04 9.10000000e-02 2.21000000e+04
1.27836188e-04 9.10000000e-02 2.21000000e+04
1.28759699e-04 9.10000000e-02 2.21000000e+04
1.29689881e-04 9.10000000e-02 2.21000000e+04
1.30626783e-04 9.10000000e-02 2.21000000e+04
1.31570454e-04 9.10000000e-02 2.21000000e+04
1.32520942e-04 9.10000000e-02 2.21000000e+04
1.33478296e-04 9.10000000e-02 2.21000000e+04
1.34442567e-04 9.10000000e-02 2.21000000e+04
1.35413803e-04 9.10000000e-02 2.21000000e+04
1.36392056e-04 9.10000000e-02 2.21000000e+04
1.37377376e-04 9.10000000e-02 2.21000000e+04
1.38369814e-04 9.10000000e-02 2.21000000e+04
1.39369422e-04 9.10000000e-02 2.21000000e+04
1.40376251e-04 9.10000000e-02 2.21000000e+04
1.41390354e-04 9.10000000e-02 2.21000000e+04
1.42411782e-04 9.10000000e-02 2.21000000e+04
1.43440590e-04 9.10000000e-02 2.21000000e+04
1.44476830e-04 9.10000000e-02 2.21000000e+04
1.45520555e-04 9.10000000e-02 2.21000000e+04
1.46571821e-04 9.10000000e-02 2.21000000e+04
1.47630682e-04 9.10000000e-02 2.21000000e+04
1.48697191e-04 9.10000000e-02 2.21000000e+04
1.49771406e-04 9.10000000e-02 2.21000000e+04
1.50853381e-04 9.10000000e-02 2.21000000e+04
1.51943172e-04 9.10000000e-02 2.21000000e+04
1.53040836e-04 9.10000000e-02 2.21000000e+04
1.54146429e-04 9.10000000e-02 2.21000000e+04
1.55260010e-04 9.10000000e-02 2.21000000e+04
1.56381635e-04 9.10000000e-02 2.21000000e+04
1.57511364e-04 9.10000000e-02 2.21000000e+04
1.58649253e-04 9.10000000e-02 2.21000000e+04
1.59795363e-04 9.10000000e-02 2.21000000e+04
1.60949753e-04 9.10000000e-02 2.21000000e+04
1.62112482e-04 9.10000000e-02 2.21000000e+04
1.63283611e-04 9.10000000e-02 2.21000000e+04
1.64463200e-04 9.10000000e-02 2.21000000e+04
1.65651311e-04 9.10000000e-02 2.21000000e+04
1.66848005e-04 9.10000000e-02 2.21000000e+04
1.68053344e-04 9.10000000e-02 2.21000000e+04
1.69267390e-04 9.10000000e-02 2.21000000e+04
1.70490207e-04 9.10000000e-02 2.21000000e+04
1.71721858e-04 9.10000000e-02 2.21000000e+04
1.72962407e-04 9.10000000e-02 2.21000000e+04
1.74211918e-04 9.10000000e-02 2.21000000e+04
1.75470455e-04 9.10000000e-02 2.21000000e+04
1.76738084e-04 9.10000000e-02 2.21000000e+04
1.78014871e-04 9.10000000e-02 2.21000000e+04
1.79300881e-04 9.10000000e-02 2.21000000e+04
1.80596182e-04 9.10000000e-02 2.21000000e+04
1.81900840e-04 9.10000000e-02 2.21000000e+04
1.83214924e-04 9.10000000e-02 2.21000000e+04
1.84538500e-04 9.10000000e-02 2.21000000e+04
1.85871639e-04 9.10000000e-02 2.21000000e+04
1.87214408e-04 9.10000000e-02 2.21000000e+04
1.88566877e-04 9.10000000e-02 2.21000000e+04
1.89929117e-04 9.10000000e-02 2.21000000e+04
1.91301198e-04 9.10000000e-02 2.21000000e+04
1.92683192e-04 9.10000000e-02 2.21000000e+04
1.94075169e-04 9.10000000e-02 2.21000000e+04
1.95477201e-04 9.10000000e-02 2.21000000e+04
1.96889363e-04 9.10000000e-02 2.21000000e+04
1.98311726e-04 9.10000000e-02 2.21000000e+04
1.99744364e-04 9.10000000e-02 2.21000000e+04
2.01187352e-04 9.10000000e-02 2.21000000e+04
2.02640765e-04 9.10000000e-02 2.21000000e+04
2.04104677e-04 9.10000000e-02 2.21000000e+04
2.05579165e-04 9.10000000e-02 2.21000000e+04
2.07064305e-04 9.10000000e-02 2.21000000e+04
2.08560173e-04 9.10000000e-02 2.21000000e+04
2.10066848e-04 9.10000000e-02 2.21000000e+04
2.11584408e-04 9.10000000e-02 2.21000000e+04
2.13112931e-04 9.10000000e-02 2.21000000e+04
2.14652496e-04 9.10000000e-02 2.21000000e+04
2.16203183e-04 9.10000000e-02 2.21000000e+04
2.17765072e-04 9.10000000e-02 2.21000000e+04
2.19338245e-04 9.10000000e-02 2.21000000e+04
2.20922783e-04 9.10000000e-02 2.21000000e+04
2.22518767e-04 9.10000000e-02 2.21000000e+04
2.24126282e-04 9.10000000e-02 2.21000000e+04
2.25745409e-04 9.10000000e-02 2.21000000e+04
2.27376233e-04 9.10000000e-02 2.21000000e+04
2.29018839e-04 9.10000000e-02 2.21000000e+04
2.30673311e-04 9.10000000e-02 2.21000000e+04
2.32339735e-04 9.10000000e-02 2.21000000e+04
2.34018198e-04 9.10000000e-02 2.21000000e+04
2.35708786e-04 9.10000000e-02 2.21000000e+04
2.37411587e-04 9.10000000e-02 2.21000000e+04
2.39126690e-04 9.10000000e-02 2.21000000e+04
2.40854183e-04 9.10000000e-02 2.21000000e+04
2.42594156e-04 9.10000000e-02 2.21000000e+04
2.44346698e-04 9.10000000e-02 2.21000000e+04
2.46111901e-04 9.10000000e-02 2.21000000e+04
2.47889857e-04 9.10000000e-02 2.21000000e+04
2.49680656e-04 9.10000000e-02 2.21000000e+04
2.51484393e-04 9.10000000e-02 2.21000000e+04
2.53301160e-04 9.10000000e-02 2.21000000e+04
2.55131052e-04 9.10000000e-02 2.21000000e+04
2.56974163e-04 9.10000000e-02 2.21000000e+04
2.58830589e-04 9.10000000e-02 2.21000000e+04
2.60700426e-04 9.10000000e-02 2.21000000e+04
2.62583771e-04 9.10000000e-02 2.21000000e+04
2.64480722e-04 9.10000000e-02 2.21000000e+04
2.66391377e-04 9.10000000e-02 2.21000000e+04
2.68315835e-04 9.10000000e-02 2.21000000e+04
2.70254195e-04 9.10000000e-02 2.21000000e+04
2.72206559e-04 9.10000000e-02 2.21000000e+04
2.74173026e-04 9.10000000e-02 2.21000000e+04
2.76153700e-04 9.10000000e-02 2.21000000e+04
2.78148683e-04 9.10000000e-02 2.21000000e+04
2.80158077e-04 9.10000000e-02 2.21000000e+04
2.82181988e-04 9.10000000e-02 2.21000000e+04
2.84220520e-04 9.10000000e-02 2.21000000e+04
2.86273779e-04 9.10000000e-02 2.21000000e+04
2.88341870e-04 9.10000000e-02 2.21000000e+04
2.90424902e-04 9.10000000e-02 2.21000000e+04
2.92522982e-04 9.10000000e-02 2.21000000e+04
2.94636219e-04 9.10000000e-02 2.21000000e+04
2.96764723e-04 9.10000000e-02 2.21000000e+04
2.98908603e-04 9.10000000e-02 2.21000000e+04
3.01067971e-04 9.10000000e-02 2.21000000e+04
3.03242938e-04 9.10000000e-02 2.21000000e+04
3.05433618e-04 9.10000000e-02 2.21000000e+04
3.07640124e-04 9.10000000e-02 2.21000000e+04
3.09862570e-04 9.10000000e-02 2.21000000e+04
3.12101071e-04 9.10000000e-02 2.21000000e+04
3.14355743e-04 9.10000000e-02 2.21000000e+04
3.16626704e-04 9.10000000e-02 2.21000000e+04
3.18914071e-04 9.10000000e-02 2.21000000e+04
3.21217961e-04 9.10000000e-02 2.21000000e+04
3.23538496e-04 9.10000000e-02 2.21000000e+04
3.25875795e-04 9.10000000e-02 2.21000000e+04
3.28229978e-04 9.10000000e-02 2.21000000e+04
3.30601169e-04 9.10000000e-02 2.21000000e+04
3.32989489e-04 9.10000000e-02 2.21000000e+04
3.35395063e-04 9.10000000e-02 2.21000000e+04
3.37818016e-04 9.10000000e-02 2.21000000e+04
3.40258472e-04 9.10000000e-02 2.21000000e+04
3.42716558e-04 9.10000000e-02 2.21000000e+04
3.45192403e-04 9.10000000e-02 2.21000000e+04
3.47686133e-04 9.10000000e-02 2.21000000e+04
3.50197878e-04 9.10000000e-02 2.21000000e+04
3.52727769e-04 9.10000000e-02 2.21000000e+04
3.55275935e-04 9.10000000e-02 2.21000000e+04
3.57842511e-04 9.10000000e-02 2.21000000e+04
3.60427627e-04 9.10000000e-02 2.21000000e+04
3.63031419e-04 9.10000000e-02 2.21000000e+04
3.65654022e-04 9.10000000e-02 2.21000000e+04
3.68295570e-04 9.10000000e-02 2.21000000e+04
3.70956201e-04 9.10000000e-02 2.21000000e+04
3.73636054e-04 9.10000000e-02 2.21000000e+04
3.76335266e-04 9.10000000e-02 2.21000000e+04
3.79053977e-04 9.10000000e-02 2.21000000e+04
3.81792329e-04 9.10000000e-02 2.21000000e+04
3.84550464e-04 9.10000000e-02 2.21000000e+04
3.87328523e-04 9.10000000e-02 2.21000000e+04
3.90126652e-04 9.10000000e-02 2.21000000e+04
3.92944995e-04 9.10000000e-02 2.21000000e+04
3.95783698e-04 9.10000000e-02 2.21000000e+04
3.98642909e-04 9.10000000e-02 2.21000000e+04
4.01522774e-04 9.10000000e-02 2.21000000e+04
4.04423445e-04 9.10000000e-02 2.21000000e+04
4.07345070e-04 9.10000000e-02 2.21000000e+04
4.10287802e-04 9.10000000e-02 2.21000000e+04
4.13251793e-04 9.10000000e-02 2.21000000e+04
4.16237196e-04 9.10000000e-02 2.21000000e+04
4.19244166e-04 9.10000000e-02 2.21000000e+04
4.22272859e-04 9.10000000e-02 2.21000000e+04
4.25323432e-04 9.10000000e-02 2.21000000e+04
4.28396042e-04 9.10000000e-02 2.21000000e+04
4.31490850e-04 9.10000000e-02 2.21000000e+04
4.34608015e-04 9.10000000e-02 2.21000000e+04
4.37747699e-04 9.10000000e-02 2.21000000e+04
4.40910065e-04 9.10000000e-02 2.21000000e+04
4.44095276e-04 9.10000000e-02 2.21000000e+04
4.47303498e-04 9.10000000e-02 2.21000000e+04
4.50534896e-04 9.10000000e-02 2.21000000e+04
4.53789639e-04 9.10000000e-02 2.21000000e+04
4.57067894e-04 9.10000000e-02 2.21000000e+04
4.60369833e-04 9.10000000e-02 2.21000000e+04
4.63695624e-04 9.10000000e-02 2.21000000e+04
4.67045442e-04 9.10000000e-02 2.21000000e+04
4.70419460e-04 9.10000000e-02 2.21000000e+04
4.73817852e-04 9.10000000e-02 2.21000000e+04
4.77240795e-04 9.10000000e-02 2.21000000e+04
4.80688466e-04 9.10000000e-02 2.21000000e+04
4.84161043e-04 9.10000000e-02 2.21000000e+04
4.87658707e-04 9.10000000e-02 2.21000000e+04
4.91181638e-04 9.10000000e-02 2.21000000e+04
4.94730020e-04 9.10000000e-02 2.21000000e+04
4.98304036e-04 9.10000000e-02 2.21000000e+04
5.01903871e-04 9.10000000e-02 2.21000000e+04
5.05529712e-04 9.10000000e-02 2.21000000e+04
5.09181747e-04 9.10000000e-02 2.21000000e+04
5.12860165e-04 9.10000000e-02 2.21000000e+04
5.16565156e-04 9.10000000e-02 2.21000000e+04
5.20296913e-04 9.10000000e-02 2.21000000e+04
5.24055629e-04 9.10000000e-02 2.21000000e+04
5.27841498e-04 9.10000000e-02 2.21000000e+04
5.31654717e-04 9.10000000e-02 2.21000000e+04
5.35495483e-04 9.10000000e-02 2.21000000e+04
5.39363996e-04 9.10000000e-02 2.21000000e+04
5.43260455e-04 9.10000000e-02 2.21000000e+04
5.47185064e-04 9.10000000e-02 2.21000000e+04
5.51138024e-04 9.10000000e-02 2.21000000e+04
5.55119541e-04 9.10000000e-02 2.21000000e+04
5.59129822e-04 9.10000000e-02 2.21000000e+04
5.63169073e-04 9.10000000e-02 2.21000000e+04
5.67237504e-04 9.10000000e-02 2.21000000e+04
5.71335327e-04 9.10000000e-02 2.21000000e+04
5.75462753e-04 9.10000000e-02 2.21000000e+04
5.79619996e-04 9.10000000e-02 2.21000000e+04
5.83807272e-04 9.10000000e-02 2.21000000e+04
5.88024798e-04 9.10000000e-02 2.21000000e+04
5.92272791e-04 9.10000000e-02 2.21000000e+04
5.96551473e-04 9.10000000e-02 2.21000000e+04
6.00861065e-04 9.10000000e-02 2.21000000e+04
6.05201790e-04 9.10000000e-02 2.21000000e+04
6.09573873e-04 9.10000000e-02 2.21000000e+04
6.13977541e-04 9.10000000e-02 2.21000000e+04
6.18413022e-04 9.10000000e-02 2.21000000e+04
6.22880546e-04 9.10000000e-02 2.21000000e+04
6.27380343e-04 9.10000000e-02 2.21000000e+04
6.31912648e-04 9.10000000e-02 2.21000000e+04
6.36477695e-04 9.10000000e-02 2.21000000e+04
6.41075721e-04 9.10000000e-02 2.21000000e+04
6.45706964e-04 9.10000000e-02 2.21000000e+04
6.50371664e-04 9.10000000e-02 2.21000000e+04
6.55070062e-04 9.10000000e-02 2.21000000e+04
6.59802402e-04 9.10000000e-02 2.21000000e+04
6.64568930e-04 9.10000000e-02 2.21000000e+04
6.69369892e-04 9.10000000e-02 2.21000000e+04
6.74205537e-04 9.10000000e-02 2.21000000e+04
6.79076115e-04 9.10000000e-02 2.21000000e+04
6.83981879e-04 9.10000000e-02 2.21000000e+04
6.88923084e-04 9.10000000e-02 2.21000000e+04
6.93899984e-04 9.10000000e-02 2.21000000e+04
6.98912838e-04 9.10000000e-02 2.21000000e+04
7.03961907e-04 9.10000000e-02 2.21000000e+04
7.09047450e-04 9.10000000e-02 2.21000000e+04
7.14169733e-04 9.10000000e-02 2.21000000e+04
7.19329019e-04 9.10000000e-02 2.21000000e+04
7.24525578e-04 9.10000000e-02 2.21000000e+04
7.29759677e-04 9.10000000e-02 2.21000000e+04
7.35031588e-04 9.10000000e-02 2.21000000e+04
7.40341584e-04 9.10000000e-02 2.21000000e+04
7.45689941e-04 9.10000000e-02 2.21000000e+04
7.51076935e-04 9.10000000e-02 2.21000000e+04
7.56502846e-04 9.10000000e-02 2.21000000e+04
7.61967954e-04 9.10000000e-02 2.21000000e+04
7.67472543e-04 9.10000000e-02 2.21000000e+04
7.73016899e-04 9.10000000e-02 2.21000000e+04
7.78601308e-04 9.10000000e-02 2.21000000e+04
7.84226059e-04 9.10000000e-02 2.21000000e+04
7.89891445e-04 9.10000000e-02 2.21000000e+04
7.95597759e-04 9.10000000e-02 2.21000000e+04
8.01345296e-04 9.10000000e-02 2.21000000e+04
8.07134354e-04 9.10000000e-02 2.21000000e+04
8.12965233e-04 9.10000000e-02 2.21000000e+04
8.18838236e-04 9.10000000e-02 2.21000000e+04
8.24753666e-04 9.10000000e-02 2.21000000e+04
8.30711830e-04 9.10000000e-02 2.21000000e+04
8.36713037e-04 9.10000000e-02 2.21000000e+04
8.42757598e-04 9.10000000e-02 2.21000000e+04
8.48845826e-04 9.10000000e-02 2.21000000e+04
8.54978036e-04 9.10000000e-02 2.21000000e+04
8.61154546e-04 9.10000000e-02 2.21000000e+04
8.67375677e-04 9.10000000e-02 2.21000000e+04
8.73641750e-04 9.10000000e-02 2.21000000e+04
8.79953090e-04 9.10000000e-02 2.21000000e+04
8.86310025e-04 9.10000000e-02 2.21000000e+04
8.92712883e-04 9.10000000e-02 2.21000000e+04
8.99161997e-04 9.10000000e-02 2.21000000e+04
9.05657700e-04 9.10000000e-02 2.21000000e+04
9.12200329e-04 9.10000000e-02 2.21000000e+04
9.18790223e-04 9.10000000e-02 2.21000000e+04
9.25427724e-04 9.10000000e-02 2.21000000e+04
9.32113175e-04 9.10000000e-02 2.21000000e+04
9.38846923e-04 9.10000000e-02 2.21000000e+04
9.45629317e-04 9.10000000e-02 2.21000000e+04
9.52460708e-04 9.10000000e-02 2.21000000e+04
9.59341450e-04 9.10000000e-02 2.21000000e+04
9.66271900e-04 9.10000000e-02 2.21000000e+04
9.73252417e-04 9.10000000e-02 2.21000000e+04
9.80283362e-04 9.10000000e-02 2.21000000e+04
9.87365100e-04 9.10000000e-02 2.21000000e+04
9.94497997e-04 9.10000000e-02 2.21000000e+04
1.00168242e-03 9.10000000e-02 2.21000000e+04
1.00891875e-03 9.10000000e-02 2.21000000e+04
1.01620736e-03 9.10000000e-02 2.21000000e+04
1.02354862e-03 9.10000000e-02 2.21000000e+04
1.03094291e-03 9.10000000e-02 2.21000000e+04
1.03839062e-03 9.10000000e-02 2.21000000e+04
1.04589214e-03 9.10000000e-02 2.21000000e+04
1.05344784e-03 9.10000000e-02 2.21000000e+04
1.06105813e-03 9.10000000e-02 2.21000000e+04
1.06872340e-03 9.10000000e-02 2.21000000e+04
1.07644405e-03 9.10000000e-02 2.21000000e+04
1.08422047e-03 9.10000000e-02 2.21000000e+04
1.09205307e-03 9.10000000e-02 2.21000000e+04
1.09994225e-03 9.10000000e-02 2.21000000e+04
1.10788842e-03 9.10000000e-02 2.21000000e+04
1.11589200e-03 9.10000000e-02 2.21000000e+04
1.12395340e-03 9.10000000e-02 2.21000000e+04
1.13207303e-03 9.10000000e-02 2.21000000e+04
1.14025133e-03 9.10000000e-02 2.21000000e+04
1.14848870e-03 9.10000000e-02 2.21000000e+04
1.15678558e-03 9.10000000e-02 2.21000000e+04
1.16514240e-03 9.10000000e-02 2.21000000e+04
1.17355960e-03 9.10000000e-02 2.21000000e+04
1.18203760e-03 9.10000000e-02 2.21000000e+04
1.19057684e-03 9.10000000e-02 2.21000000e+04
1.19917778e-03 9.10000000e-02 2.21000000e+04
1.20784085e-03 9.10000000e-02 2.21000000e+04
1.21656650e-03 9.10000000e-02 2.21000000e+04
1.22535519e-03 9.10000000e-02 2.21000000e+04
1.23420737e-03 9.10000000e-02 2.21000000e+04
1.24312350e-03 9.10000000e-02 2.21000000e+04
1.25210404e-03 9.10000000e-02 2.21000000e+04
1.26114945e-03 9.10000000e-02 2.21000000e+04
1.27026022e-03 9.10000000e-02 2.21000000e+04
1.27943680e-03 9.10000000e-02 2.21000000e+04
1.28867967e-03 9.10000000e-02 2.21000000e+04
1.29798932e-03 9.10000000e-02 2.21000000e+04
1.30736622e-03 9.10000000e-02 2.21000000e+04
1.31681086e-03 9.10000000e-02 2.21000000e+04
1.32632373e-03 9.10000000e-02 2.21000000e+04
1.33590533e-03 9.10000000e-02 2.21000000e+04
1.34555614e-03 9.10000000e-02 2.21000000e+04
1.35527667e-03 9.10000000e-02 2.21000000e+04
1.36506743e-03 9.10000000e-02 2.21000000e+04
1.37492891e-03 9.10000000e-02 2.21000000e+04
1.38486164e-03 9.10000000e-02 2.21000000e+04
1.39486612e-03 9.10000000e-02 2.21000000e+04
1.40494288e-03 9.10000000e-02 2.21000000e+04
1.41509243e-03 9.10000000e-02 2.21000000e+04
1.42531530e-03 9.10000000e-02 2.21000000e+04
1.43561203e-03 9.10000000e-02 2.21000000e+04
1.44598314e-03 9.10000000e-02 2.21000000e+04
1.45642918e-03 9.10000000e-02 2.21000000e+04
1.46695067e-03 9.10000000e-02 2.21000000e+04
1.47754818e-03 9.10000000e-02 2.21000000e+04
1.48822225e-03 9.10000000e-02 2.21000000e+04
1.49897342e-03 9.10000000e-02 2.21000000e+04
1.50980227e-03 9.10000000e-02 2.21000000e+04
1.52070934e-03 9.10000000e-02 2.21000000e+04
1.53169521e-03 9.10000000e-02 2.21000000e+04
1.54276045e-03 9.10000000e-02 2.21000000e+04
1.55390562e-03 9.10000000e-02 2.21000000e+04
1.56513130e-03 9.10000000e-02 2.21000000e+04
1.57643808e-03 9.10000000e-02 2.21000000e+04
1.58782655e-03 9.10000000e-02 2.21000000e+04
1.59929728e-03 9.10000000e-02 2.21000000e+04
1.61085089e-03 9.10000000e-02 2.21000000e+04
1.62248795e-03 9.10000000e-02 2.21000000e+04
1.63420909e-03 9.10000000e-02 2.21000000e+04
1.64601490e-03 9.10000000e-02 2.21000000e+04
1.65790600e-03 9.10000000e-02 2.21000000e+04
1.66988300e-03 9.10000000e-02 2.21000000e+04
1.68194653e-03 9.10000000e-02 2.21000000e+04
1.69409720e-03 9.10000000e-02 2.21000000e+04
1.70633566e-03 9.10000000e-02 2.21000000e+04
1.71866252e-03 9.10000000e-02 2.21000000e+04
1.73107844e-03 9.10000000e-02 2.21000000e+04
1.74358405e-03 9.10000000e-02 2.21000000e+04
1.75618001e-03 9.10000000e-02 2.21000000e+04
1.76886696e-03 9.10000000e-02 2.21000000e+04
1.78164556e-03 9.10000000e-02 2.21000000e+04
1.79451648e-03 9.10000000e-02 2.21000000e+04
1.80748038e-03 9.10000000e-02 2.21000000e+04
1.82053793e-03 9.10000000e-02 2.21000000e+04
1.83368982e-03 9.10000000e-02 2.21000000e+04
1.84693671e-03 9.10000000e-02 2.21000000e+04
1.86027930e-03 9.10000000e-02 2.21000000e+04
1.87371829e-03 9.10000000e-02 2.21000000e+04
1.88725435e-03 9.10000000e-02 2.21000000e+04
1.90088821e-03 9.10000000e-02 2.21000000e+04
1.91462056e-03 9.10000000e-02 2.21000000e+04
1.92845211e-03 9.10000000e-02 2.21000000e+04
1.94238358e-03 9.10000000e-02 2.21000000e+04
1.95641570e-03 9.10000000e-02 2.21000000e+04
1.97054919e-03 9.10000000e-02 2.21000000e+04
1.98478478e-03 9.10000000e-02 2.21000000e+04
1.99912321e-03 9.10000000e-02 2.21000000e+04
2.01356523e-03 9.10000000e-02 2.21000000e+04
2.02811157e-03 9.10000000e-02 2.21000000e+04
2.04276300e-03 9.10000000e-02 2.21000000e+04
2.05752028e-03 9.10000000e-02 2.21000000e+04
2.07238417e-03 9.10000000e-02 2.21000000e+04
2.08735543e-03 9.10000000e-02 2.21000000e+04
2.10243485e-03 9.10000000e-02 2.21000000e+04
2.11762321e-03 9.10000000e-02 2.21000000e+04
2.13292128e-03 9.10000000e-02 2.21000000e+04
2.14832988e-03 9.10000000e-02 2.21000000e+04
2.16384979e-03 9.10000000e-02 2.21000000e+04
2.17948182e-03 9.10000000e-02 2.21000000e+04
2.19522677e-03 9.10000000e-02 2.21000000e+04
2.21108547e-03 9.10000000e-02 2.21000000e+04
2.22705874e-03 9.10000000e-02 2.21000000e+04
2.24314740e-03 9.10000000e-02 2.21000000e+04
2.25935229e-03 9.10000000e-02 2.21000000e+04
2.27567425e-03 9.10000000e-02 2.21000000e+04
2.29211411e-03 9.10000000e-02 2.21000000e+04
2.30867274e-03 9.10000000e-02 2.21000000e+04
2.32535100e-03 9.10000000e-02 2.21000000e+04
2.34214974e-03 9.10000000e-02 2.21000000e+04
2.35906984e-03 9.10000000e-02 2.21000000e+04
2.37611217e-03 9.10000000e-02 2.21000000e+04
2.39327762e-03 9.10000000e-02 2.21000000e+04
2.41056707e-03 9.10000000e-02 2.21000000e+04
2.42798143e-03 9.10000000e-02 2.21000000e+04
2.44552159e-03 9.10000000e-02 2.21000000e+04
2.46318847e-03 9.10000000e-02 2.21000000e+04
2.48098297e-03 9.10000000e-02 2.21000000e+04
2.49890602e-03 9.10000000e-02 2.21000000e+04
2.51695855e-03 9.10000000e-02 2.21000000e+04
2.53514150e-03 9.10000000e-02 2.21000000e+04
2.55345581e-03 9.10000000e-02 2.21000000e+04
2.57190242e-03 9.10000000e-02 2.21000000e+04
2.59048229e-03 9.10000000e-02 2.21000000e+04
2.60919638e-03 9.10000000e-02 2.21000000e+04
2.62804567e-03 9.10000000e-02 2.21000000e+04
2.64703113e-03 9.10000000e-02 2.21000000e+04
2.66615375e-03 9.10000000e-02 2.21000000e+04
2.68541451e-03 9.10000000e-02 2.21000000e+04
2.70481441e-03 9.10000000e-02 2.21000000e+04
2.72435446e-03 9.10000000e-02 2.21000000e+04
2.74403567e-03 9.10000000e-02 2.21000000e+04
2.76385906e-03 9.10000000e-02 2.21000000e+04
2.78382566e-03 9.10000000e-02 2.21000000e+04
2.80393651e-03 9.10000000e-02 2.21000000e+04
2.82419263e-03 9.10000000e-02 2.21000000e+04
2.84459509e-03 9.10000000e-02 2.21000000e+04
2.86514494e-03 9.10000000e-02 2.21000000e+04
2.88584325e-03 9.10000000e-02 2.21000000e+04
2.90669108e-03 9.10000000e-02 2.21000000e+04
2.92768953e-03 9.10000000e-02 2.21000000e+04
2.94883967e-03 9.10000000e-02 2.21000000e+04
2.97014260e-03 9.10000000e-02 2.21000000e+04
2.99159943e-03 9.10000000e-02 2.21000000e+04
3.01321126e-03 9.10000000e-02 2.21000000e+04
3.03497923e-03 9.10000000e-02 2.21000000e+04
3.05690445e-03 9.10000000e-02 2.21000000e+04
3.07898806e-03 9.10000000e-02 2.21000000e+04
3.10123120e-03 9.10000000e-02 2.21000000e+04
3.12363504e-03 9.10000000e-02 2.21000000e+04
3.14620072e-03 9.10000000e-02 2.21000000e+04
3.16892942e-03 9.10000000e-02 2.21000000e+04
3.19182232e-03 9.10000000e-02 2.21000000e+04
3.21488060e-03 9.10000000e-02 2.21000000e+04
3.23810546e-03 9.10000000e-02 2.21000000e+04
3.26149810e-03 9.10000000e-02 2.21000000e+04
3.28505973e-03 9.10000000e-02 2.21000000e+04
3.30879158e-03 9.10000000e-02 2.21000000e+04
3.33269486e-03 9.10000000e-02 2.21000000e+04
3.35677083e-03 9.10000000e-02 2.21000000e+04
3.38102073e-03 9.10000000e-02 2.21000000e+04
3.40544581e-03 9.10000000e-02 2.21000000e+04
3.43004735e-03 9.10000000e-02 2.21000000e+04
3.45482661e-03 9.10000000e-02 2.21000000e+04
3.47978488e-03 9.10000000e-02 2.21000000e+04
3.50492345e-03 9.10000000e-02 2.21000000e+04
3.53024363e-03 9.10000000e-02 2.21000000e+04
3.55574672e-03 9.10000000e-02 2.21000000e+04
3.58143406e-03 9.10000000e-02 2.21000000e+04
3.60730696e-03 9.10000000e-02 2.21000000e+04
3.63336678e-03 9.10000000e-02 2.21000000e+04
3.65961485e-03 9.10000000e-02 2.21000000e+04
3.68605255e-03 9.10000000e-02 2.21000000e+04
3.71268123e-03 9.10000000e-02 2.21000000e+04
3.73950229e-03 9.10000000e-02 2.21000000e+04
3.76651711e-03 9.10000000e-02 2.21000000e+04
3.79372708e-03 9.10000000e-02 2.21000000e+04
3.82113363e-03 9.10000000e-02 2.21000000e+04
3.84873816e-03 9.10000000e-02 2.21000000e+04
3.87654212e-03 9.10000000e-02 2.21000000e+04
3.90454693e-03 9.10000000e-02 2.21000000e+04
3.93275406e-03 9.10000000e-02 2.21000000e+04
3.96116496e-03 9.10000000e-02 2.21000000e+04
3.98978111e-03 9.10000000e-02 2.21000000e+04
4.01860398e-03 9.10000000e-02 2.21000000e+04
4.04763508e-03 9.10000000e-02 2.21000000e+04
4.07687590e-03 9.10000000e-02 2.21000000e+04
4.10632796e-03 9.10000000e-02 2.21000000e+04
4.13599279e-03 9.10000000e-02 2.21000000e+04
4.16587193e-03 9.10000000e-02 2.21000000e+04
4.19596691e-03 9.10000000e-02 2.21000000e+04
4.22627931e-03 9.10000000e-02 2.21000000e+04
4.25681069e-03 9.10000000e-02 2.21000000e+04
4.28756263e-03 9.10000000e-02 2.21000000e+04
4.31853673e-03 9.10000000e-02 2.21000000e+04
4.34973459e-03 9.10000000e-02 2.21000000e+04
4.38115783e-03 9.10000000e-02 2.21000000e+04
4.41280808e-03 9.10000000e-02 2.21000000e+04
4.44468697e-03 9.10000000e-02 2.21000000e+04
4.47679617e-03 9.10000000e-02 2.21000000e+04
4.50913732e-03 9.10000000e-02 2.21000000e+04
4.54171212e-03 9.10000000e-02 2.21000000e+04
4.57452224e-03 9.10000000e-02 2.21000000e+04
4.60756938e-03 9.10000000e-02 2.21000000e+04
4.64085527e-03 9.10000000e-02 2.21000000e+04
4.67438162e-03 9.10000000e-02 2.21000000e+04
4.70815016e-03 9.10000000e-02 2.21000000e+04
4.74216266e-03 9.10000000e-02 2.21000000e+04
4.77642087e-03 9.10000000e-02 2.21000000e+04
4.81092657e-03 9.10000000e-02 2.21000000e+04
4.84568154e-03 9.10000000e-02 2.21000000e+04
4.88068759e-03 9.10000000e-02 2.21000000e+04
4.91594653e-03 9.10000000e-02 2.21000000e+04
4.95146018e-03 9.10000000e-02 2.21000000e+04
4.98723039e-03 9.10000000e-02 2.21000000e+04
5.02325902e-03 9.10000000e-02 2.21000000e+04
5.05954791e-03 9.10000000e-02 2.21000000e+04
5.09609897e-03 9.10000000e-02 2.21000000e+04
5.13291408e-03 9.10000000e-02 2.21000000e+04
5.16999514e-03 9.10000000e-02 2.21000000e+04
5.20734409e-03 9.10000000e-02 2.21000000e+04
5.24496285e-03 9.10000000e-02 2.21000000e+04
5.28285338e-03 9.10000000e-02 2.21000000e+04
5.32101763e-03 9.10000000e-02 2.21000000e+04
5.35945759e-03 9.10000000e-02 2.21000000e+04
5.39817525e-03 9.10000000e-02 2.21000000e+04
5.43717261e-03 9.10000000e-02 2.21000000e+04
5.47645169e-03 9.10000000e-02 2.21000000e+04
5.51601453e-03 9.10000000e-02 2.21000000e+04
5.55586318e-03 9.10000000e-02 2.21000000e+04
5.59599971e-03 9.10000000e-02 2.21000000e+04
5.63642618e-03 9.10000000e-02 2.21000000e+04
5.67714471e-03 9.10000000e-02 2.21000000e+04
5.71815739e-03 9.10000000e-02 2.21000000e+04
5.75946636e-03 9.10000000e-02 2.21000000e+04
5.80107375e-03 9.10000000e-02 2.21000000e+04
5.84298172e-03 9.10000000e-02 2.21000000e+04
5.88519243e-03 9.10000000e-02 2.21000000e+04
5.92770809e-03 9.10000000e-02 2.21000000e+04
5.97053089e-03 9.10000000e-02 2.21000000e+04
6.01366304e-03 9.10000000e-02 2.21000000e+04
6.05710679e-03 9.10000000e-02 2.21000000e+04
6.10086439e-03 9.10000000e-02 2.21000000e+04
6.14493810e-03 9.10000000e-02 2.21000000e+04
6.18933020e-03 9.10000000e-02 2.21000000e+04
6.23404300e-03 9.10000000e-02 2.21000000e+04
6.27907882e-03 9.10000000e-02 2.21000000e+04
6.32443998e-03 9.10000000e-02 2.21000000e+04
6.37012883e-03 9.10000000e-02 2.21000000e+04
6.41614775e-03 9.10000000e-02 2.21000000e+04
6.46249912e-03 9.10000000e-02 2.21000000e+04
6.50918534e-03 9.10000000e-02 2.21000000e+04
6.55620883e-03 9.10000000e-02 2.21000000e+04
6.60357203e-03 9.10000000e-02 2.21000000e+04
6.65127739e-03 9.10000000e-02 2.21000000e+04
6.69932737e-03 9.10000000e-02 2.21000000e+04
6.74772448e-03 9.10000000e-02 2.21000000e+04
6.79647122e-03 9.10000000e-02 2.21000000e+04
6.84557011e-03 9.10000000e-02 2.21000000e+04
6.89502370e-03 9.10000000e-02 2.21000000e+04
6.94483456e-03 9.10000000e-02 2.21000000e+04
6.99500525e-03 9.10000000e-02 2.21000000e+04
7.04553839e-03 9.10000000e-02 2.21000000e+04
7.09643659e-03 9.10000000e-02 2.21000000e+04
7.14770248e-03 9.10000000e-02 2.21000000e+04
7.19933873e-03 9.10000000e-02 2.21000000e+04
7.25134801e-03 9.10000000e-02 2.21000000e+04
7.30373301e-03 9.10000000e-02 2.21000000e+04
7.35649645e-03 9.10000000e-02 2.21000000e+04
7.40964107e-03 9.10000000e-02 2.21000000e+04
7.46316961e-03 9.10000000e-02 2.21000000e+04
7.51708484e-03 9.10000000e-02 2.21000000e+04
7.57138958e-03 9.10000000e-02 2.21000000e+04
7.62608661e-03 9.10000000e-02 2.21000000e+04
7.68117879e-03 9.10000000e-02 2.21000000e+04
7.73666897e-03 9.10000000e-02 2.21000000e+04
7.79256001e-03 9.10000000e-02 2.21000000e+04
7.84885483e-03 9.10000000e-02 2.21000000e+04
7.90555632e-03 9.10000000e-02 2.21000000e+04
7.96266744e-03 9.10000000e-02 2.21000000e+04
8.02019114e-03 9.10000000e-02 2.21000000e+04
8.07813040e-03 9.10000000e-02 2.21000000e+04
8.13648822e-03 9.10000000e-02 2.21000000e+04
8.19526763e-03 9.10000000e-02 2.21000000e+04
8.25447167e-03 9.10000000e-02 2.21000000e+04
8.31410341e-03 9.10000000e-02 2.21000000e+04
8.37416594e-03 9.10000000e-02 2.21000000e+04
8.43466238e-03 9.10000000e-02 2.21000000e+04
8.49559585e-03 9.10000000e-02 2.21000000e+04
8.55696952e-03 9.10000000e-02 2.21000000e+04
8.61878656e-03 9.10000000e-02 2.21000000e+04
8.68105017e-03 9.10000000e-02 2.21000000e+04
8.74376359e-03 9.10000000e-02 2.21000000e+04
8.80693007e-03 9.10000000e-02 2.21000000e+04
8.87055286e-03 9.10000000e-02 2.21000000e+04
8.93463528e-03 9.10000000e-02 2.21000000e+04
8.99918065e-03 9.10000000e-02 2.21000000e+04
9.06419230e-03 9.10000000e-02 2.21000000e+04
9.12967360e-03 9.10000000e-02 2.21000000e+04
9.19562796e-03 9.10000000e-02 2.21000000e+04
9.26205878e-03 9.10000000e-02 2.21000000e+04
9.32896950e-03 9.10000000e-02 2.21000000e+04
9.39636361e-03 9.10000000e-02 2.21000000e+04
9.46424457e-03 9.10000000e-02 2.21000000e+04
9.53261593e-03 9.10000000e-02 2.21000000e+04
9.60148121e-03 9.10000000e-02 2.21000000e+04
9.67084398e-03 9.10000000e-02 2.21000000e+04
9.74070784e-03 9.10000000e-02 2.21000000e+04
9.81107642e-03 9.10000000e-02 2.21000000e+04
9.88195334e-03 9.10000000e-02 2.21000000e+04
9.95334230e-03 9.10000000e-02 2.21000000e+04
1.00252470e-02 9.10000000e-02 2.21000000e+04
1.00976711e-02 9.10000000e-02 2.21000000e+04
1.01706184e-02 9.10000000e-02 2.21000000e+04
1.02440928e-02 9.10000000e-02 2.21000000e+04
1.03180979e-02 9.10000000e-02 2.21000000e+04
1.03926376e-02 9.10000000e-02 2.21000000e+04
1.04677158e-02 9.10000000e-02 2.21000000e+04
1.05433364e-02 9.10000000e-02 2.21000000e+04
1.06195033e-02 9.10000000e-02 2.21000000e+04
1.06962205e-02 9.10000000e-02 2.21000000e+04
1.07734919e-02 9.10000000e-02 2.21000000e+04
1.08513214e-02 9.10000000e-02 2.21000000e+04
1.09297133e-02 9.10000000e-02 2.21000000e+04
1.10086714e-02 9.10000000e-02 2.21000000e+04
1.10882000e-02 9.10000000e-02 2.21000000e+04
1.11683031e-02 9.10000000e-02 2.21000000e+04
1.12489848e-02 9.10000000e-02 2.21000000e+04
1.13302495e-02 9.10000000e-02 2.21000000e+04
1.14121012e-02 9.10000000e-02 2.21000000e+04
1.14945442e-02 9.10000000e-02 2.21000000e+04
1.15775828e-02 9.10000000e-02 2.21000000e+04
1.16612212e-02 9.10000000e-02 2.21000000e+04
1.17454639e-02 9.10000000e-02 2.21000000e+04
1.18303152e-02 9.10000000e-02 2.21000000e+04
1.19157795e-02 9.10000000e-02 2.21000000e+04
1.20018612e-02 9.10000000e-02 2.21000000e+04
1.20885647e-02 9.10000000e-02 2.21000000e+04
1.21758946e-02 9.10000000e-02 2.21000000e+04
1.22638554e-02 9.10000000e-02 2.21000000e+04
1.23524516e-02 9.10000000e-02 2.21000000e+04
1.24416879e-02 9.10000000e-02 2.21000000e+04
1.25315688e-02 9.10000000e-02 2.21000000e+04
1.26220990e-02 9.10000000e-02 2.21000000e+04
1.27132833e-02 9.10000000e-02 2.21000000e+04
1.28051262e-02 9.10000000e-02 2.21000000e+04
1.28976327e-02 9.10000000e-02 2.21000000e+04
1.29908075e-02 9.10000000e-02 2.21000000e+04
1.30846553e-02 9.10000000e-02 2.21000000e+04
1.31791811e-02 9.10000000e-02 2.21000000e+04
1.32743898e-02 9.10000000e-02 2.21000000e+04
1.33702864e-02 9.10000000e-02 2.21000000e+04
1.34668756e-02 9.10000000e-02 2.21000000e+04
1.35641627e-02 9.10000000e-02 2.21000000e+04
1.36621526e-02 9.10000000e-02 2.21000000e+04
1.37608503e-02 9.10000000e-02 2.21000000e+04
1.38602611e-02 9.10000000e-02 2.21000000e+04
1.39603901e-02 9.10000000e-02 2.21000000e+04
1.40612424e-02 9.10000000e-02 2.21000000e+04
1.41628232e-02 9.10000000e-02 2.21000000e+04
1.42651379e-02 9.10000000e-02 2.21000000e+04
1.43681918e-02 9.10000000e-02 2.21000000e+04
1.44719901e-02 9.10000000e-02 2.21000000e+04
1.45765383e-02 9.10000000e-02 2.21000000e+04
1.46818417e-02 9.10000000e-02 2.21000000e+04
1.47879059e-02 9.10000000e-02 2.21000000e+04
1.48947363e-02 9.10000000e-02 2.21000000e+04
1.50023385e-02 9.10000000e-02 2.21000000e+04
1.51107180e-02 9.10000000e-02 2.21000000e+04
1.52198805e-02 9.10000000e-02 2.21000000e+04
1.53298315e-02 9.10000000e-02 2.21000000e+04
1.54405769e-02 9.10000000e-02 2.21000000e+04
1.55521223e-02 9.10000000e-02 2.21000000e+04
1.56644736e-02 9.10000000e-02 2.21000000e+04
1.57776365e-02 9.10000000e-02 2.21000000e+04
1.58916169e-02 9.10000000e-02 2.21000000e+04
1.60064207e-02 9.10000000e-02 2.21000000e+04
1.61220538e-02 9.10000000e-02 2.21000000e+04
1.62385224e-02 9.10000000e-02 2.21000000e+04
1.63558323e-02 9.10000000e-02 2.21000000e+04
1.64739897e-02 9.10000000e-02 2.21000000e+04
1.65930006e-02 9.10000000e-02 2.21000000e+04
1.67128714e-02 9.10000000e-02 2.21000000e+04
1.68336081e-02 9.10000000e-02 2.21000000e+04
1.69552170e-02 9.10000000e-02 2.21000000e+04
1.70777044e-02 9.10000000e-02 2.21000000e+04
1.72010767e-02 9.10000000e-02 2.21000000e+04
1.73253403e-02 9.10000000e-02 2.21000000e+04
1.74505016e-02 9.10000000e-02 2.21000000e+04
1.75765671e-02 9.10000000e-02 2.21000000e+04
1.77035433e-02 9.10000000e-02 2.21000000e+04
1.78314367e-02 9.10000000e-02 2.21000000e+04
1.79602541e-02 9.10000000e-02 2.21000000e+04
1.80900022e-02 9.10000000e-02 2.21000000e+04
1.82206875e-02 9.10000000e-02 2.21000000e+04
1.83523169e-02 9.10000000e-02 2.21000000e+04
1.84848972e-02 9.10000000e-02 2.21000000e+04
1.86184354e-02 9.10000000e-02 2.21000000e+04
1.87529382e-02 9.10000000e-02 2.21000000e+04
1.88884127e-02 9.10000000e-02 2.21000000e+04
1.90248659e-02 9.10000000e-02 2.21000000e+04
1.91623048e-02 9.10000000e-02 2.21000000e+04
1.93007366e-02 9.10000000e-02 2.21000000e+04
1.94401685e-02 9.10000000e-02 2.21000000e+04
1.95806077e-02 9.10000000e-02 2.21000000e+04
1.97220614e-02 9.10000000e-02 2.21000000e+04
1.98645370e-02 9.10000000e-02 2.21000000e+04
2.00080419e-02 9.10000000e-02 2.21000000e+04
2.01525835e-02 9.10000000e-02 2.21000000e+04
2.02981693e-02 9.10000000e-02 2.21000000e+04
2.04448068e-02 9.10000000e-02 2.21000000e+04
2.05925036e-02 9.10000000e-02 2.21000000e+04
2.07412675e-02 9.10000000e-02 2.21000000e+04
2.08911060e-02 9.10000000e-02 2.21000000e+04
2.10420270e-02 9.10000000e-02 2.21000000e+04
2.11940383e-02 9.10000000e-02 2.21000000e+04
2.13471477e-02 9.10000000e-02 2.21000000e+04
2.15013632e-02 9.10000000e-02 2.21000000e+04
2.16566928e-02 9.10000000e-02 2.21000000e+04
2.18131445e-02 9.10000000e-02 2.21000000e+04
2.19707265e-02 9.10000000e-02 2.21000000e+04
2.21294469e-02 9.10000000e-02 2.21000000e+04
2.22893138e-02 9.10000000e-02 2.21000000e+04
2.24503357e-02 9.10000000e-02 2.21000000e+04
2.26125209e-02 9.10000000e-02 2.21000000e+04
2.27758777e-02 9.10000000e-02 2.21000000e+04
2.29404146e-02 9.10000000e-02 2.21000000e+04
2.31061401e-02 9.10000000e-02 2.21000000e+04
2.32730629e-02 9.10000000e-02 2.21000000e+04
2.34411916e-02 9.10000000e-02 2.21000000e+04
2.36105348e-02 9.10000000e-02 2.21000000e+04
2.37811014e-02 9.10000000e-02 2.21000000e+04
2.39529003e-02 9.10000000e-02 2.21000000e+04
2.41259402e-02 9.10000000e-02 2.21000000e+04
2.43002302e-02 9.10000000e-02 2.21000000e+04
2.44757793e-02 9.10000000e-02 2.21000000e+04
2.46525966e-02 9.10000000e-02 2.21000000e+04
2.48306912e-02 9.10000000e-02 2.21000000e+04
2.50100725e-02 9.10000000e-02 2.21000000e+04
2.51907496e-02 9.10000000e-02 2.21000000e+04
2.53727320e-02 9.10000000e-02 2.21000000e+04
2.55560290e-02 9.10000000e-02 2.21000000e+04
2.57406502e-02 9.10000000e-02 2.21000000e+04
2.59266052e-02 9.10000000e-02 2.21000000e+04
2.61139035e-02 9.10000000e-02 2.21000000e+04
2.63025549e-02 9.10000000e-02 2.21000000e+04
2.64925691e-02 9.10000000e-02 2.21000000e+04
2.66839561e-02 9.10000000e-02 2.21000000e+04
2.68767256e-02 9.10000000e-02 2.21000000e+04
2.70708878e-02 9.10000000e-02 2.21000000e+04
2.72664526e-02 9.10000000e-02 2.21000000e+04
2.74634302e-02 9.10000000e-02 2.21000000e+04
2.76618308e-02 9.10000000e-02 2.21000000e+04
2.78616647e-02 9.10000000e-02 2.21000000e+04
2.80629422e-02 9.10000000e-02 2.21000000e+04
2.82656738e-02 9.10000000e-02 2.21000000e+04
2.84698699e-02 9.10000000e-02 2.21000000e+04
2.86755412e-02 9.10000000e-02 2.21000000e+04
2.88826984e-02 9.10000000e-02 2.21000000e+04
2.90913520e-02 9.10000000e-02 2.21000000e+04
2.93015130e-02 9.10000000e-02 2.21000000e+04
2.95131922e-02 9.10000000e-02 2.21000000e+04
2.97264007e-02 9.10000000e-02 2.21000000e+04
2.99411494e-02 9.10000000e-02 2.21000000e+04
3.01574495e-02 9.10000000e-02 2.21000000e+04
3.03753121e-02 9.10000000e-02 2.21000000e+04
3.05947487e-02 9.10000000e-02 2.21000000e+04
3.08157705e-02 9.10000000e-02 2.21000000e+04
3.10383890e-02 9.10000000e-02 2.21000000e+04
3.12626157e-02 9.10000000e-02 2.21000000e+04
3.14884623e-02 9.10000000e-02 2.21000000e+04
3.17159405e-02 9.10000000e-02 2.21000000e+04
3.19450619e-02 9.10000000e-02 2.21000000e+04
3.21758386e-02 9.10000000e-02 2.21000000e+04
3.24082825e-02 9.10000000e-02 2.21000000e+04
3.26424056e-02 9.10000000e-02 2.21000000e+04
3.28782200e-02 9.10000000e-02 2.21000000e+04
3.31157380e-02 9.10000000e-02 2.21000000e+04
3.33549719e-02 9.10000000e-02 2.21000000e+04
3.35959340e-02 9.10000000e-02 2.21000000e+04
3.38386369e-02 9.10000000e-02 2.21000000e+04
3.40830931e-02 9.10000000e-02 2.21000000e+04
3.43293153e-02 9.10000000e-02 2.21000000e+04
3.45773163e-02 9.10000000e-02 2.21000000e+04
3.48271088e-02 9.10000000e-02 2.21000000e+04
3.50787059e-02 9.10000000e-02 2.21000000e+04
3.53321206e-02 9.10000000e-02 2.21000000e+04
3.55873660e-02 9.10000000e-02 2.21000000e+04
3.58444554e-02 9.10000000e-02 2.21000000e+04
3.61034020e-02 9.10000000e-02 2.21000000e+04
3.63642192e-02 9.10000000e-02 2.21000000e+04
3.66269207e-02 9.10000000e-02 2.21000000e+04
3.68915199e-02 9.10000000e-02 2.21000000e+04
3.71580307e-02 9.10000000e-02 2.21000000e+04
3.74264668e-02 9.10000000e-02 2.21000000e+04
3.76968421e-02 9.10000000e-02 2.21000000e+04
3.79691707e-02 9.10000000e-02 2.21000000e+04
3.82434666e-02 9.10000000e-02 2.21000000e+04
3.85197441e-02 9.10000000e-02 2.21000000e+04
3.87980174e-02 9.10000000e-02 2.21000000e+04
3.90783011e-02 9.10000000e-02 2.21000000e+04
3.93606095e-02 9.10000000e-02 2.21000000e+04
3.96449574e-02 9.10000000e-02 2.21000000e+04
3.99313595e-02 9.10000000e-02 2.21000000e+04
4.02198306e-02 9.10000000e-02 2.21000000e+04
4.05103857e-02 9.10000000e-02 2.21000000e+04
4.08030398e-02 9.10000000e-02 2.21000000e+04
4.10978080e-02 9.10000000e-02 2.21000000e+04
4.13947058e-02 9.10000000e-02 2.21000000e+04
4.16937483e-02 9.10000000e-02 2.21000000e+04
4.19949513e-02 9.10000000e-02 2.21000000e+04
4.22983301e-02 9.10000000e-02 2.21000000e+04
4.26039006e-02 9.10000000e-02 2.21000000e+04
4.29116786e-02 9.10000000e-02 2.21000000e+04
4.32216801e-02 9.10000000e-02 2.21000000e+04
4.35339210e-02 9.10000000e-02 2.21000000e+04
4.38484177e-02 9.10000000e-02 2.21000000e+04
4.41651863e-02 9.10000000e-02 2.21000000e+04
4.44842433e-02 9.10000000e-02 2.21000000e+04
4.48056052e-02 9.10000000e-02 2.21000000e+04
4.51292887e-02 9.10000000e-02 2.21000000e+04
4.54553106e-02 9.10000000e-02 2.21000000e+04
4.57836876e-02 9.10000000e-02 2.21000000e+04
4.61144370e-02 9.10000000e-02 2.21000000e+04
4.64475757e-02 9.10000000e-02 2.21000000e+04
4.67831211e-02 9.10000000e-02 2.21000000e+04
4.71210905e-02 9.10000000e-02 2.21000000e+04
4.74615015e-02 9.10000000e-02 2.21000000e+04
4.78043717e-02 9.10000000e-02 2.21000000e+04
4.81497188e-02 9.10000000e-02 2.21000000e+04
4.84975607e-02 9.10000000e-02 2.21000000e+04
4.88479156e-02 9.10000000e-02 2.21000000e+04
4.92008014e-02 9.10000000e-02 2.21000000e+04
4.95562366e-02 9.10000000e-02 2.21000000e+04
4.99142395e-02 9.10000000e-02 2.21000000e+04
5.02748287e-02 9.10000000e-02 2.21000000e+04
5.06380228e-02 9.10000000e-02 2.21000000e+04
5.10038407e-02 9.10000000e-02 2.21000000e+04
5.13723013e-02 9.10000000e-02 2.21000000e+04
5.17434238e-02 9.10000000e-02 2.21000000e+04
5.21172273e-02 9.10000000e-02 2.21000000e+04
5.24937312e-02 9.10000000e-02 2.21000000e+04
5.28729551e-02 9.10000000e-02 2.21000000e+04
5.32549186e-02 9.10000000e-02 2.21000000e+04
5.36396414e-02 9.10000000e-02 2.21000000e+04
5.40271435e-02 9.10000000e-02 2.21000000e+04
5.44174450e-02 9.10000000e-02 2.21000000e+04
5.48105661e-02 9.10000000e-02 2.21000000e+04
5.52065272e-02 9.10000000e-02 2.21000000e+04
5.56053488e-02 9.10000000e-02 2.21000000e+04
5.60070515e-02 9.10000000e-02 2.21000000e+04
5.64116562e-02 9.10000000e-02 2.21000000e+04
5.68191839e-02 9.10000000e-02 2.21000000e+04
5.72296555e-02 9.10000000e-02 2.21000000e+04
5.76430926e-02 9.10000000e-02 2.21000000e+04
5.80595163e-02 9.10000000e-02 2.21000000e+04
5.84789484e-02 9.10000000e-02 2.21000000e+04
5.89014105e-02 9.10000000e-02 2.21000000e+04
5.93269246e-02 9.10000000e-02 2.21000000e+04
5.97555126e-02 9.10000000e-02 2.21000000e+04
6.01871968e-02 9.10000000e-02 2.21000000e+04
6.06219996e-02 9.10000000e-02 2.21000000e+04
6.10599435e-02 9.10000000e-02 2.21000000e+04
6.15010512e-02 9.10000000e-02 2.21000000e+04
6.19453455e-02 9.10000000e-02 2.21000000e+04
6.23928495e-02 9.10000000e-02 2.21000000e+04
6.28435863e-02 9.10000000e-02 2.21000000e+04
6.32975794e-02 9.10000000e-02 2.21000000e+04
6.37548521e-02 9.10000000e-02 2.21000000e+04
6.42154283e-02 9.10000000e-02 2.21000000e+04
6.46793317e-02 9.10000000e-02 2.21000000e+04
6.51465865e-02 9.10000000e-02 2.21000000e+04
6.56172168e-02 9.10000000e-02 2.21000000e+04
6.60912470e-02 9.10000000e-02 2.21000000e+04
6.65687017e-02 9.10000000e-02 2.21000000e+04
6.70496056e-02 9.10000000e-02 2.21000000e+04
6.75339836e-02 9.10000000e-02 2.21000000e+04
6.80218609e-02 9.10000000e-02 2.21000000e+04
6.85132627e-02 9.10000000e-02 2.21000000e+04
6.90082144e-02 9.10000000e-02 2.21000000e+04
6.95067418e-02 9.10000000e-02 2.21000000e+04
7.00088706e-02 9.10000000e-02 2.21000000e+04
7.05146269e-02 9.10000000e-02 2.21000000e+04
7.10240369e-02 9.10000000e-02 2.21000000e+04
7.15371269e-02 9.10000000e-02 2.21000000e+04
7.20539236e-02 9.10000000e-02 2.21000000e+04
7.25744537e-02 9.10000000e-02 2.21000000e+04
7.30987442e-02 9.10000000e-02 2.21000000e+04
7.36268223e-02 9.10000000e-02 2.21000000e+04
7.41587153e-02 9.10000000e-02 2.21000000e+04
7.46944508e-02 9.10000000e-02 2.21000000e+04
7.52340565e-02 9.10000000e-02 2.21000000e+04
7.57775604e-02 9.10000000e-02 2.21000000e+04
7.63249907e-02 9.10000000e-02 2.21000000e+04
7.68763758e-02 9.10000000e-02 2.21000000e+04
7.74317441e-02 9.10000000e-02 2.21000000e+04
7.79911246e-02 9.10000000e-02 2.21000000e+04
7.85545460e-02 9.10000000e-02 2.21000000e+04
7.91220378e-02 9.10000000e-02 2.21000000e+04
7.96936292e-02 9.10000000e-02 2.21000000e+04
8.02693498e-02 9.10000000e-02 2.21000000e+04
8.08492296e-02 9.10000000e-02 2.21000000e+04
8.14332985e-02 9.10000000e-02 2.21000000e+04
8.20215869e-02 9.10000000e-02 2.21000000e+04
8.26141251e-02 9.10000000e-02 2.21000000e+04
8.32109440e-02 9.10000000e-02 2.21000000e+04
8.38120743e-02 9.10000000e-02 2.21000000e+04
8.44175474e-02 9.10000000e-02 2.21000000e+04
8.50273945e-02 9.10000000e-02 2.21000000e+04
8.56416472e-02 9.10000000e-02 2.21000000e+04
8.62603374e-02 9.10000000e-02 2.21000000e+04
8.68834971e-02 9.10000000e-02 2.21000000e+04
8.75111586e-02 9.10000000e-02 2.21000000e+04
8.81433545e-02 9.10000000e-02 2.21000000e+04
8.87801174e-02 9.10000000e-02 2.21000000e+04
8.94214805e-02 9.10000000e-02 2.21000000e+04
9.00674769e-02 9.10000000e-02 2.21000000e+04
9.07181400e-02 9.10000000e-02 2.21000000e+04
9.13735037e-02 9.10000000e-02 2.21000000e+04
9.20336018e-02 9.10000000e-02 2.21000000e+04
9.26984686e-02 9.10000000e-02 2.21000000e+04
9.33681385e-02 9.10000000e-02 2.21000000e+04
9.40426462e-02 9.10000000e-02 2.21000000e+04
9.47220267e-02 9.10000000e-02 2.21000000e+04
9.54063151e-02 9.10000000e-02 2.21000000e+04
9.60955470e-02 9.10000000e-02 2.21000000e+04
9.67897579e-02 9.10000000e-02 2.21000000e+04
9.74889840e-02 9.10000000e-02 2.21000000e+04
9.81932614e-02 9.10000000e-02 2.21000000e+04
9.89026267e-02 9.10000000e-02 2.21000000e+04
9.96171165e-02 9.10000000e-02 2.21000000e+04
1.00336768e-01 9.10000000e-02 2.21000000e+04
1.01061618e-01 9.10000000e-02 2.21000000e+04
1.01791705e-01 9.10000000e-02 2.21000000e+04
1.02527066e-01 9.10000000e-02 2.21000000e+04
1.03267739e-01 9.10000000e-02 2.21000000e+04
1.04013764e-01 9.10000000e-02 2.21000000e+04
1.04765177e-01 9.10000000e-02 2.21000000e+04
1.05522019e-01 9.10000000e-02 2.21000000e+04
1.06284328e-01 9.10000000e-02 2.21000000e+04
1.07052145e-01 9.10000000e-02 2.21000000e+04
1.07825508e-01 9.10000000e-02 2.21000000e+04
1.08604459e-01 9.10000000e-02 2.21000000e+04
1.09389036e-01 9.10000000e-02 2.21000000e+04
1.10179282e-01 9.10000000e-02 2.21000000e+04
1.10975236e-01 9.10000000e-02 2.21000000e+04
1.11776940e-01 9.10000000e-02 2.21000000e+04
1.12584437e-01 9.10000000e-02 2.21000000e+04
1.13397766e-01 9.10000000e-02 2.21000000e+04
1.14216971e-01 9.10000000e-02 2.21000000e+04
1.15042095e-01 9.10000000e-02 2.21000000e+04
1.15873179e-01 9.10000000e-02 2.21000000e+04
1.16710267e-01 9.10000000e-02 2.21000000e+04
1.17553402e-01 9.10000000e-02 2.21000000e+04
1.18402628e-01 9.10000000e-02 2.21000000e+04
1.19257990e-01 9.10000000e-02 2.21000000e+04
1.20119530e-01 9.10000000e-02 2.21000000e+04
1.20987295e-01 9.10000000e-02 2.21000000e+04
1.21861328e-01 9.10000000e-02 2.21000000e+04
1.22741675e-01 9.10000000e-02 2.21000000e+04
1.23628383e-01 9.10000000e-02 2.21000000e+04
1.24521496e-01 9.10000000e-02 2.21000000e+04
1.25421061e-01 9.10000000e-02 2.21000000e+04
1.26327124e-01 9.10000000e-02 2.21000000e+04
1.27239733e-01 9.10000000e-02 2.21000000e+04
1.28158935e-01 9.10000000e-02 2.21000000e+04
1.29084778e-01 9.10000000e-02 2.21000000e+04
1.30017309e-01 9.10000000e-02 2.21000000e+04
1.30956577e-01 9.10000000e-02 2.21000000e+04
1.31902630e-01 9.10000000e-02 2.21000000e+04
1.32855517e-01 9.10000000e-02 2.21000000e+04
1.33815289e-01 9.10000000e-02 2.21000000e+04
1.34781994e-01 9.10000000e-02 2.21000000e+04
1.35755682e-01 9.10000000e-02 2.21000000e+04
1.36736405e-01 9.10000000e-02 2.21000000e+04
1.37724213e-01 9.10000000e-02 2.21000000e+04
1.38719156e-01 9.10000000e-02 2.21000000e+04
1.39721288e-01 9.10000000e-02 2.21000000e+04
1.40730659e-01 9.10000000e-02 2.21000000e+04
1.41747322e-01 9.10000000e-02 2.21000000e+04
1.42771329e-01 9.10000000e-02 2.21000000e+04
1.43802734e-01 9.10000000e-02 2.21000000e+04
1.44841590e-01 9.10000000e-02 2.21000000e+04
1.45887951e-01 9.10000000e-02 2.21000000e+04
1.46941871e-01 9.10000000e-02 2.21000000e+04
1.48003405e-01 9.10000000e-02 2.21000000e+04
1.49072607e-01 9.10000000e-02 2.21000000e+04
1.50149533e-01 9.10000000e-02 2.21000000e+04
1.51234240e-01 9.10000000e-02 2.21000000e+04
1.52326782e-01 9.10000000e-02 2.21000000e+04
1.53427218e-01 9.10000000e-02 2.21000000e+04
1.54535603e-01 9.10000000e-02 2.21000000e+04
1.55651995e-01 9.10000000e-02 2.21000000e+04
1.56776452e-01 9.10000000e-02 2.21000000e+04
1.57909032e-01 9.10000000e-02 2.21000000e+04
1.59049795e-01 9.10000000e-02 2.21000000e+04
1.60198798e-01 9.10000000e-02 2.21000000e+04
1.61356102e-01 9.10000000e-02 2.21000000e+04
1.62521767e-01 9.10000000e-02 2.21000000e+04
1.63695852e-01 9.10000000e-02 2.21000000e+04
1.64878420e-01 9.10000000e-02 2.21000000e+04
1.66069530e-01 9.10000000e-02 2.21000000e+04
1.67269245e-01 9.10000000e-02 2.21000000e+04
1.68477628e-01 9.10000000e-02 2.21000000e+04
1.69694739e-01 9.10000000e-02 2.21000000e+04
1.70920644e-01 9.10000000e-02 2.21000000e+04
1.72155404e-01 9.10000000e-02 2.21000000e+04
1.73399085e-01 9.10000000e-02 2.21000000e+04
1.74651750e-01 9.10000000e-02 2.21000000e+04
1.75913465e-01 9.10000000e-02 2.21000000e+04
1.77184294e-01 9.10000000e-02 2.21000000e+04
1.78464305e-01 9.10000000e-02 2.21000000e+04
1.79753562e-01 9.10000000e-02 2.21000000e+04
1.81052133e-01 9.10000000e-02 2.21000000e+04
1.82360085e-01 9.10000000e-02 2.21000000e+04
1.83677486e-01 9.10000000e-02 2.21000000e+04
1.85004404e-01 9.10000000e-02 2.21000000e+04
1.86340908e-01 9.10000000e-02 2.21000000e+04
1.87687068e-01 9.10000000e-02 2.21000000e+04
1.89042952e-01 9.10000000e-02 2.21000000e+04
1.90408631e-01 9.10000000e-02 2.21000000e+04
1.91784176e-01 9.10000000e-02 2.21000000e+04
1.93169658e-01 9.10000000e-02 2.21000000e+04
1.94565150e-01 9.10000000e-02 2.21000000e+04
1.95970722e-01 9.10000000e-02 2.21000000e+04
1.97386449e-01 9.10000000e-02 2.21000000e+04
1.98812403e-01 9.10000000e-02 2.21000000e+04
2.00248658e-01 9.10000000e-02 2.21000000e+04
2.01695290e-01 9.10000000e-02 2.21000000e+04
2.03152372e-01 9.10000000e-02 2.21000000e+04
2.04619980e-01 9.10000000e-02 2.21000000e+04
2.06098190e-01 9.10000000e-02 2.21000000e+04
2.07587079e-01 9.10000000e-02 2.21000000e+04
2.09086725e-01 9.10000000e-02 2.21000000e+04
2.10597204e-01 9.10000000e-02 2.21000000e+04
2.12118595e-01 9.10000000e-02 2.21000000e+04
2.13650976e-01 9.10000000e-02 2.21000000e+04
2.15194428e-01 9.10000000e-02 2.21000000e+04
2.16749030e-01 9.10000000e-02 2.21000000e+04
2.18314863e-01 9.10000000e-02 2.21000000e+04
2.19892008e-01 9.10000000e-02 2.21000000e+04
2.21480546e-01 9.10000000e-02 2.21000000e+04
2.23080560e-01 9.10000000e-02 2.21000000e+04
2.24692133e-01 9.10000000e-02 2.21000000e+04
2.26315348e-01 9.10000000e-02 2.21000000e+04
2.27950289e-01 9.10000000e-02 2.21000000e+04
2.29597042e-01 9.10000000e-02 2.21000000e+04
2.31255691e-01 9.10000000e-02 2.21000000e+04
2.32926323e-01 9.10000000e-02 2.21000000e+04
2.34609023e-01 9.10000000e-02 2.21000000e+04
2.36303879e-01 9.10000000e-02 2.21000000e+04
2.38010980e-01 9.10000000e-02 2.21000000e+04
2.39730413e-01 9.10000000e-02 2.21000000e+04
2.41462267e-01 9.10000000e-02 2.21000000e+04
2.43206633e-01 9.10000000e-02 2.21000000e+04
2.44963600e-01 9.10000000e-02 2.21000000e+04
2.46733259e-01 9.10000000e-02 2.21000000e+04
2.48515703e-01 9.10000000e-02 2.21000000e+04
2.50311024e-01 9.10000000e-02 2.21000000e+04
2.52119315e-01 9.10000000e-02 2.21000000e+04
2.53940669e-01 9.10000000e-02 2.21000000e+04
2.55775180e-01 9.10000000e-02 2.21000000e+04
2.57622945e-01 9.10000000e-02 2.21000000e+04
2.59484058e-01 9.10000000e-02 2.21000000e+04
2.61358616e-01 9.10000000e-02 2.21000000e+04
2.63246716e-01 9.10000000e-02 2.21000000e+04
2.65148456e-01 9.10000000e-02 2.21000000e+04
2.67063935e-01 9.10000000e-02 2.21000000e+04
2.68993251e-01 9.10000000e-02 2.21000000e+04
2.70936506e-01 9.10000000e-02 2.21000000e+04
2.72893798e-01 9.10000000e-02 2.21000000e+04
2.74865230e-01 9.10000000e-02 2.21000000e+04
2.76850905e-01 9.10000000e-02 2.21000000e+04
2.78850924e-01 9.10000000e-02 2.21000000e+04
2.80865392e-01 9.10000000e-02 2.21000000e+04
2.82894412e-01 9.10000000e-02 2.21000000e+04
2.84938091e-01 9.10000000e-02 2.21000000e+04
2.86996533e-01 9.10000000e-02 2.21000000e+04
2.89069846e-01 9.10000000e-02 2.21000000e+04
2.91158137e-01 9.10000000e-02 2.21000000e+04
2.93261514e-01 9.10000000e-02 2.21000000e+04
2.95380087e-01 9.10000000e-02 2.21000000e+04
2.97513964e-01 9.10000000e-02 2.21000000e+04
2.99663257e-01 9.10000000e-02 2.21000000e+04
3.01828076e-01 9.10000000e-02 2.21000000e+04
3.04008535e-01 9.10000000e-02 2.21000000e+04
3.06204746e-01 9.10000000e-02 2.21000000e+04
3.08416822e-01 9.10000000e-02 2.21000000e+04
3.10644879e-01 9.10000000e-02 2.21000000e+04
3.12889032e-01 9.10000000e-02 2.21000000e+04
3.15149397e-01 9.10000000e-02 2.21000000e+04
3.17426091e-01 9.10000000e-02 2.21000000e+04
3.19719232e-01 9.10000000e-02 2.21000000e+04
3.22028940e-01 9.10000000e-02 2.21000000e+04
3.24355333e-01 9.10000000e-02 2.21000000e+04
3.26698532e-01 9.10000000e-02 2.21000000e+04
3.29058660e-01 9.10000000e-02 2.21000000e+04
3.31435837e-01 9.10000000e-02 2.21000000e+04
3.33830187e-01 9.10000000e-02 2.21000000e+04
3.36241834e-01 9.10000000e-02 2.21000000e+04
3.38670904e-01 9.10000000e-02 2.21000000e+04
3.41117522e-01 9.10000000e-02 2.21000000e+04
3.43581814e-01 9.10000000e-02 2.21000000e+04
3.46063909e-01 9.10000000e-02 2.21000000e+04
3.48563935e-01 9.10000000e-02 2.21000000e+04
3.51082022e-01 9.10000000e-02 2.21000000e+04
3.53618299e-01 9.10000000e-02 2.21000000e+04
3.56172900e-01 9.10000000e-02 2.21000000e+04
3.58745955e-01 9.10000000e-02 2.21000000e+04
3.61337598e-01 9.10000000e-02 2.21000000e+04
3.63947964e-01 9.10000000e-02 2.21000000e+04
3.66577188e-01 9.10000000e-02 2.21000000e+04
3.69225405e-01 9.10000000e-02 2.21000000e+04
3.71892754e-01 9.10000000e-02 2.21000000e+04
3.74579372e-01 9.10000000e-02 2.21000000e+04
3.77285398e-01 9.10000000e-02 2.21000000e+04
3.80010974e-01 9.10000000e-02 2.21000000e+04
3.82756240e-01 9.10000000e-02 2.21000000e+04
3.85521337e-01 9.10000000e-02 2.21000000e+04
3.88306411e-01 9.10000000e-02 2.21000000e+04
3.91111604e-01 9.10000000e-02 2.21000000e+04
3.93937062e-01 9.10000000e-02 2.21000000e+04
3.96782932e-01 9.10000000e-02 2.21000000e+04
3.99649361e-01 9.10000000e-02 2.21000000e+04
4.02536498e-01 9.10000000e-02 2.21000000e+04
4.05444492e-01 9.10000000e-02 2.21000000e+04
4.08373494e-01 9.10000000e-02 2.21000000e+04
4.11323655e-01 9.10000000e-02 2.21000000e+04
4.14295129e-01 9.10000000e-02 2.21000000e+04
4.17288069e-01 9.10000000e-02 2.21000000e+04
4.20302631e-01 9.10000000e-02 2.21000000e+04
4.23338970e-01 9.10000000e-02 2.21000000e+04
4.26397245e-01 9.10000000e-02 2.21000000e+04
4.29477613e-01 9.10000000e-02 2.21000000e+04
4.32580234e-01 9.10000000e-02 2.21000000e+04
4.35705269e-01 9.10000000e-02 2.21000000e+04
4.38852880e-01 9.10000000e-02 2.21000000e+04
4.42023229e-01 9.10000000e-02 2.21000000e+04
4.45216482e-01 9.10000000e-02 2.21000000e+04
4.48432804e-01 9.10000000e-02 2.21000000e+04
4.51672361e-01 9.10000000e-02 2.21000000e+04
4.54935320e-01 9.10000000e-02 2.21000000e+04
4.58221853e-01 9.10000000e-02 2.21000000e+04
4.61532127e-01 9.10000000e-02 2.21000000e+04
4.64866316e-01 9.10000000e-02 2.21000000e+04
4.68224591e-01 9.10000000e-02 2.21000000e+04
4.71607127e-01 9.10000000e-02 2.21000000e+04
4.75014099e-01 9.10000000e-02 2.21000000e+04
4.78445684e-01 9.10000000e-02 2.21000000e+04
4.81902059e-01 9.10000000e-02 2.21000000e+04
4.85383403e-01 9.10000000e-02 2.21000000e+04
4.88889898e-01 9.10000000e-02 2.21000000e+04
4.92421724e-01 9.10000000e-02 2.21000000e+04
4.95979064e-01 9.10000000e-02 2.21000000e+04
4.99562103e-01 9.10000000e-02 2.21000000e+04
5.03171027e-01 9.10000000e-02 2.21000000e+04
5.06806022e-01 9.10000000e-02 2.21000000e+04
5.10467277e-01 9.10000000e-02 2.21000000e+04
5.14154982e-01 9.10000000e-02 2.21000000e+04
5.17869327e-01 9.10000000e-02 2.21000000e+04
5.21610505e-01 9.10000000e-02 2.21000000e+04
5.25378711e-01 9.10000000e-02 2.21000000e+04
5.29174138e-01 9.10000000e-02 2.21000000e+04
5.32996984e-01 9.10000000e-02 2.21000000e+04
5.36847447e-01 9.10000000e-02 2.21000000e+04
5.40725727e-01 9.10000000e-02 2.21000000e+04
5.44632024e-01 9.10000000e-02 2.21000000e+04
5.48566541e-01 9.10000000e-02 2.21000000e+04
5.52529481e-01 9.10000000e-02 2.21000000e+04
5.56521050e-01 9.10000000e-02 2.21000000e+04
5.60541455e-01 9.10000000e-02 2.21000000e+04
5.64590904e-01 9.10000000e-02 2.21000000e+04
5.68669608e-01 9.10000000e-02 2.21000000e+04
5.72777776e-01 9.10000000e-02 2.21000000e+04
5.76915622e-01 9.10000000e-02 2.21000000e+04
5.81083362e-01 9.10000000e-02 2.21000000e+04
5.85281209e-01 9.10000000e-02 2.21000000e+04
5.89509383e-01 9.10000000e-02 2.21000000e+04
5.93768101e-01 9.10000000e-02 2.21000000e+04
5.98057585e-01 9.10000000e-02 2.21000000e+04
6.02378058e-01 9.10000000e-02 2.21000000e+04
6.06729742e-01 9.10000000e-02 2.21000000e+04
6.11112863e-01 9.10000000e-02 2.21000000e+04
6.15527649e-01 9.10000000e-02 2.21000000e+04
6.19974328e-01 9.10000000e-02 2.21000000e+04
6.24453131e-01 9.10000000e-02 2.21000000e+04
6.28964289e-01 9.10000000e-02 2.21000000e+04
6.33508037e-01 9.10000000e-02 2.21000000e+04
6.38084609e-01 9.10000000e-02 2.21000000e+04
6.42694244e-01 9.10000000e-02 2.21000000e+04
6.47337179e-01 9.10000000e-02 2.21000000e+04
6.52013656e-01 9.10000000e-02 2.21000000e+04
6.56723916e-01 9.10000000e-02 2.21000000e+04
6.61468204e-01 9.10000000e-02 2.21000000e+04
6.66246766e-01 9.10000000e-02 2.21000000e+04
6.71059848e-01 9.10000000e-02 2.21000000e+04
6.75907702e-01 9.10000000e-02 2.21000000e+04
6.80790577e-01 9.10000000e-02 2.21000000e+04
6.85708727e-01 9.10000000e-02 2.21000000e+04
6.90662406e-01 9.10000000e-02 2.21000000e+04
6.95651872e-01 9.10000000e-02 2.21000000e+04
7.00677382e-01 9.10000000e-02 2.21000000e+04
7.05739198e-01 9.10000000e-02 2.21000000e+04
7.10837581e-01 9.10000000e-02 2.21000000e+04
7.15972795e-01 9.10000000e-02 2.21000000e+04
7.21145108e-01 9.10000000e-02 2.21000000e+04
7.26354786e-01 9.10000000e-02 2.21000000e+04
7.31602099e-01 9.10000000e-02 2.21000000e+04
7.36887320e-01 9.10000000e-02 2.21000000e+04
7.42210723e-01 9.10000000e-02 2.21000000e+04
7.47572582e-01 9.10000000e-02 2.21000000e+04
7.52973177e-01 9.10000000e-02 2.21000000e+04
7.58412787e-01 9.10000000e-02 2.21000000e+04
7.63891693e-01 9.10000000e-02 2.21000000e+04
7.69410180e-01 9.10000000e-02 2.21000000e+04
7.74968533e-01 9.10000000e-02 2.21000000e+04
7.80567041e-01 9.10000000e-02 2.21000000e+04
7.86205993e-01 9.10000000e-02 2.21000000e+04
7.91885682e-01 9.10000000e-02 2.21000000e+04
7.97606402e-01 9.10000000e-02 2.21000000e+04
8.03368450e-01 9.10000000e-02 2.21000000e+04
8.09172124e-01 9.10000000e-02 2.21000000e+04
8.15017724e-01 9.10000000e-02 2.21000000e+04
8.20905554e-01 9.10000000e-02 2.21000000e+04
8.26835919e-01 9.10000000e-02 2.21000000e+04
8.32809126e-01 9.10000000e-02 2.21000000e+04
8.38825484e-01 9.10000000e-02 2.21000000e+04
8.44885306e-01 9.10000000e-02 2.21000000e+04
8.50988905e-01 9.10000000e-02 2.21000000e+04
8.57136597e-01 9.10000000e-02 2.21000000e+04
8.63328701e-01 9.10000000e-02 2.21000000e+04
8.69565538e-01 9.10000000e-02 2.21000000e+04
8.75847431e-01 9.10000000e-02 2.21000000e+04
8.82174706e-01 9.10000000e-02 2.21000000e+04
8.88547690e-01 9.10000000e-02 2.21000000e+04
8.94966713e-01 9.10000000e-02 2.21000000e+04
9.01432109e-01 9.10000000e-02 2.21000000e+04
9.07944211e-01 9.10000000e-02 2.21000000e+04
9.14503359e-01 9.10000000e-02 2.21000000e+04
9.21109890e-01 9.10000000e-02 2.21000000e+04
9.27764149e-01 9.10000000e-02 2.21000000e+04
9.34466479e-01 9.10000000e-02 2.21000000e+04
9.41217228e-01 9.10000000e-02 2.21000000e+04
9.48016745e-01 9.10000000e-02 2.21000000e+04
9.54865383e-01 9.10000000e-02 2.21000000e+04
9.61763497e-01 9.10000000e-02 2.21000000e+04
9.68711444e-01 9.10000000e-02 2.21000000e+04
9.75709585e-01 9.10000000e-02 2.21000000e+04
9.82758281e-01 9.10000000e-02 2.21000000e+04
9.89857898e-01 9.10000000e-02 2.21000000e+04
9.97008804e-01 9.10000000e-02 2.21000000e+04
1.00421137e+00 9.10000000e-02 2.21000000e+04
1.01146597e+00 9.10000000e-02 2.21000000e+04
1.01877297e+00 9.10000000e-02 2.21000000e+04
1.02613277e+00 9.10000000e-02 2.21000000e+04
1.03354573e+00 9.10000000e-02 2.21000000e+04
1.04101224e+00 9.10000000e-02 2.21000000e+04
1.04853270e+00 9.10000000e-02 2.21000000e+04
1.05610748e+00 9.10000000e-02 2.21000000e+04
1.06373699e+00 9.10000000e-02 2.21000000e+04
1.07142161e+00 9.10000000e-02 2.21000000e+04
1.07916174e+00 9.10000000e-02 2.21000000e+04
1.08695780e+00 9.10000000e-02 2.21000000e+04
1.09481017e+00 9.10000000e-02 2.21000000e+04
1.10271927e+00 9.10000000e-02 2.21000000e+04
1.11068550e+00 9.10000000e-02 2.21000000e+04
1.11870929e+00 9.10000000e-02 2.21000000e+04
1.12679104e+00 9.10000000e-02 2.21000000e+04
1.13493118e+00 9.10000000e-02 2.21000000e+04
1.14313012e+00 9.10000000e-02 2.21000000e+04
1.15138829e+00 9.10000000e-02 2.21000000e+04
1.15970612e+00 9.10000000e-02 2.21000000e+04
1.16808404e+00 9.10000000e-02 2.21000000e+04
1.17652248e+00 9.10000000e-02 2.21000000e+04
1.18502188e+00 9.10000000e-02 2.21000000e+04
1.19358269e+00 9.10000000e-02 2.21000000e+04
1.20220534e+00 9.10000000e-02 2.21000000e+04
1.21089028e+00 9.10000000e-02 2.21000000e+04
1.21963796e+00 9.10000000e-02 2.21000000e+04
1.22844884e+00 9.10000000e-02 2.21000000e+04
1.23732337e+00 9.10000000e-02 2.21000000e+04
1.24626201e+00 9.10000000e-02 2.21000000e+04
1.25526522e+00 9.10000000e-02 2.21000000e+04
1.26433348e+00 9.10000000e-02 2.21000000e+04
1.27346724e+00 9.10000000e-02 2.21000000e+04
1.28266699e+00 9.10000000e-02 2.21000000e+04
1.29193320e+00 9.10000000e-02 2.21000000e+04
1.30126635e+00 9.10000000e-02 2.21000000e+04
1.31066693e+00 9.10000000e-02 2.21000000e+04
1.32013541e+00 9.10000000e-02 2.21000000e+04
1.32967230e+00 9.10000000e-02 2.21000000e+04
1.33927809e+00 9.10000000e-02 2.21000000e+04
1.34895326e+00 9.10000000e-02 2.21000000e+04
1.35869834e+00 9.10000000e-02 2.21000000e+04
1.36851381e+00 9.10000000e-02 2.21000000e+04
1.37840019e+00 9.10000000e-02 2.21000000e+04
1.38835800e+00 9.10000000e-02 2.21000000e+04
1.39838774e+00 9.10000000e-02 2.21000000e+04
1.40848993e+00 9.10000000e-02 2.21000000e+04
1.41866511e+00 9.10000000e-02 2.21000000e+04
1.42891379e+00 9.10000000e-02 2.21000000e+04
1.43923652e+00 9.10000000e-02 2.21000000e+04
1.44963381e+00 9.10000000e-02 2.21000000e+04
1.46010622e+00 9.10000000e-02 2.21000000e+04
1.47065428e+00 9.10000000e-02 2.21000000e+04
1.48127854e+00 9.10000000e-02 2.21000000e+04
1.49197956e+00 9.10000000e-02 2.21000000e+04
1.50275788e+00 9.10000000e-02 2.21000000e+04
1.51361406e+00 9.10000000e-02 2.21000000e+04
1.52454868e+00 9.10000000e-02 2.21000000e+04
1.53556228e+00 9.10000000e-02 2.21000000e+04
1.54665545e+00 9.10000000e-02 2.21000000e+04
1.55782876e+00 9.10000000e-02 2.21000000e+04
1.56908279e+00 9.10000000e-02 2.21000000e+04
1.58041811e+00 9.10000000e-02 2.21000000e+04
1.59183533e+00 9.10000000e-02 2.21000000e+04
1.60333503e+00 9.10000000e-02 2.21000000e+04
1.61491780e+00 9.10000000e-02 2.21000000e+04
1.62658425e+00 9.10000000e-02 2.21000000e+04
1.63833497e+00 9.10000000e-02 2.21000000e+04
1.65017059e+00 9.10000000e-02 2.21000000e+04
1.66209171e+00 9.10000000e-02 2.21000000e+04
1.67409895e+00 9.10000000e-02 2.21000000e+04
1.68619293e+00 9.10000000e-02 2.21000000e+04
1.69837429e+00 9.10000000e-02 2.21000000e+04
1.71064364e+00 9.10000000e-02 2.21000000e+04
1.72300163e+00 9.10000000e-02 2.21000000e+04
1.73544889e+00 9.10000000e-02 2.21000000e+04
1.74798608e+00 9.10000000e-02 2.21000000e+04
1.76061383e+00 9.10000000e-02 2.21000000e+04
1.77333281e+00 9.10000000e-02 2.21000000e+04
1.78614368e+00 9.10000000e-02 2.21000000e+04
1.79904709e+00 9.10000000e-02 2.21000000e+04
1.81204372e+00 9.10000000e-02 2.21000000e+04
1.82513424e+00 9.10000000e-02 2.21000000e+04
1.83831933e+00 9.10000000e-02 2.21000000e+04
1.85159967e+00 9.10000000e-02 2.21000000e+04
1.86497595e+00 9.10000000e-02 2.21000000e+04
1.87844886e+00 9.10000000e-02 2.21000000e+04
1.89201910e+00 9.10000000e-02 2.21000000e+04
1.90568738e+00 9.10000000e-02 2.21000000e+04
1.91945439e+00 9.10000000e-02 2.21000000e+04
1.93332087e+00 9.10000000e-02 2.21000000e+04
1.94728751e+00 9.10000000e-02 2.21000000e+04
1.96135506e+00 9.10000000e-02 2.21000000e+04
1.97552423e+00 9.10000000e-02 2.21000000e+04
1.98979576e+00 9.10000000e-02 2.21000000e+04
2.00417039e+00 9.10000000e-02 2.21000000e+04
2.01864887e+00 9.10000000e-02 2.21000000e+04
2.03323194e+00 9.10000000e-02 2.21000000e+04
2.04792036e+00 9.10000000e-02 2.21000000e+04
2.06271490e+00 9.10000000e-02 2.21000000e+04
2.07761631e+00 9.10000000e-02 2.21000000e+04
2.09262537e+00 9.10000000e-02 2.21000000e+04
2.10774286e+00 9.10000000e-02 2.21000000e+04
2.12296956e+00 9.10000000e-02 2.21000000e+04
2.13830627e+00 9.10000000e-02 2.21000000e+04
2.15375376e+00 9.10000000e-02 2.21000000e+04
2.16931286e+00 9.10000000e-02 2.21000000e+04
2.18498435e+00 9.10000000e-02 2.21000000e+04
2.20076906e+00 9.10000000e-02 2.21000000e+04
2.21666780e+00 9.10000000e-02 2.21000000e+04
2.23268139e+00 9.10000000e-02 2.21000000e+04
2.24881067e+00 9.10000000e-02 2.21000000e+04
2.26505647e+00 9.10000000e-02 2.21000000e+04
2.28141963e+00 9.10000000e-02 2.21000000e+04
2.29790101e+00 9.10000000e-02 2.21000000e+04
2.31450145e+00 9.10000000e-02 2.21000000e+04
2.33122181e+00 9.10000000e-02 2.21000000e+04
2.34806296e+00 9.10000000e-02 2.21000000e+04
2.36502578e+00 9.10000000e-02 2.21000000e+04
2.38211113e+00 9.10000000e-02 2.21000000e+04
2.39931992e+00 9.10000000e-02 2.21000000e+04
2.41665303e+00 9.10000000e-02 2.21000000e+04
2.43411135e+00 9.10000000e-02 2.21000000e+04
2.45169579e+00 9.10000000e-02 2.21000000e+04
2.46940727e+00 9.10000000e-02 2.21000000e+04
2.48724670e+00 9.10000000e-02 2.21000000e+04
2.50521500e+00 9.10000000e-02 2.21000000e+04
2.52331311e+00 9.10000000e-02 2.21000000e+04
2.54154197e+00 9.10000000e-02 2.21000000e+04
2.55990251e+00 9.10000000e-02 2.21000000e+04
2.57839569e+00 9.10000000e-02 2.21000000e+04
2.59702247e+00 9.10000000e-02 2.21000000e+04
2.61578382e+00 9.10000000e-02 2.21000000e+04
2.63468069e+00 9.10000000e-02 2.21000000e+04
2.65371409e+00 9.10000000e-02 2.21000000e+04
2.67288498e+00 9.10000000e-02 2.21000000e+04
2.69219437e+00 9.10000000e-02 2.21000000e+04
2.71164325e+00 9.10000000e-02 2.21000000e+04
2.73123263e+00 9.10000000e-02 2.21000000e+04
2.75096353e+00 9.10000000e-02 2.21000000e+04
2.77083697e+00 9.10000000e-02 2.21000000e+04
2.79085398e+00 9.10000000e-02 2.21000000e+04
2.81101560e+00 9.10000000e-02 2.21000000e+04
2.83132286e+00 9.10000000e-02 2.21000000e+04
2.85177683e+00 9.10000000e-02 2.21000000e+04
2.87237857e+00 9.10000000e-02 2.21000000e+04
2.89312913e+00 9.10000000e-02 2.21000000e+04
2.91402960e+00 9.10000000e-02 2.21000000e+04
2.93508106e+00 9.10000000e-02 2.21000000e+04
2.95628460e+00 9.10000000e-02 2.21000000e+04
2.97764131e+00 9.10000000e-02 2.21000000e+04
2.99915231e+00 9.10000000e-02 2.21000000e+04
3.02081871e+00 9.10000000e-02 2.21000000e+04
3.04264163e+00 9.10000000e-02 2.21000000e+04
3.06462220e+00 9.10000000e-02 2.21000000e+04
3.08676157e+00 9.10000000e-02 2.21000000e+04
3.10906087e+00 9.10000000e-02 2.21000000e+04
3.13152127e+00 9.10000000e-02 2.21000000e+04
3.15414393e+00 9.10000000e-02 2.21000000e+04
3.17693001e+00 9.10000000e-02 2.21000000e+04
3.19988071e+00 9.10000000e-02 2.21000000e+04
3.22299721e+00 9.10000000e-02 2.21000000e+04
3.24628070e+00 9.10000000e-02 2.21000000e+04
3.26973240e+00 9.10000000e-02 2.21000000e+04
3.29335351e+00 9.10000000e-02 2.21000000e+04
3.31714527e+00 9.10000000e-02 2.21000000e+04
3.34110891e+00 9.10000000e-02 2.21000000e+04
3.36524566e+00 9.10000000e-02 2.21000000e+04
3.38955678e+00 9.10000000e-02 2.21000000e+04
3.41404353e+00 9.10000000e-02 2.21000000e+04
3.43870718e+00 9.10000000e-02 2.21000000e+04
3.46354900e+00 9.10000000e-02 2.21000000e+04
3.48857028e+00 9.10000000e-02 2.21000000e+04
3.51377232e+00 9.10000000e-02 2.21000000e+04
3.53915642e+00 9.10000000e-02 2.21000000e+04
3.56472391e+00 9.10000000e-02 2.21000000e+04
3.59047609e+00 9.10000000e-02 2.21000000e+04
3.61641432e+00 9.10000000e-02 2.21000000e+04
3.64253993e+00 9.10000000e-02 2.21000000e+04
3.66885427e+00 9.10000000e-02 2.21000000e+04
3.69535871e+00 9.10000000e-02 2.21000000e+04
3.72205463e+00 9.10000000e-02 2.21000000e+04
3.74894340e+00 9.10000000e-02 2.21000000e+04
3.77602642e+00 9.10000000e-02 2.21000000e+04
3.80330509e+00 9.10000000e-02 2.21000000e+04
3.83078083e+00 9.10000000e-02 2.21000000e+04
3.85845506e+00 9.10000000e-02 2.21000000e+04
3.88632921e+00 9.10000000e-02 2.21000000e+04
3.91440473e+00 9.10000000e-02 2.21000000e+04
3.94268308e+00 9.10000000e-02 2.21000000e+04
3.97116571e+00 9.10000000e-02 2.21000000e+04
3.99985410e+00 9.10000000e-02 2.21000000e+04
4.02874974e+00 9.10000000e-02 2.21000000e+04
4.05785413e+00 9.10000000e-02 2.21000000e+04
4.08716878e+00 9.10000000e-02 2.21000000e+04
4.11669520e+00 9.10000000e-02 2.21000000e+04
4.14643492e+00 9.10000000e-02 2.21000000e+04
4.17638949e+00 9.10000000e-02 2.21000000e+04
4.20656046e+00 9.10000000e-02 2.21000000e+04
4.23694938e+00 9.10000000e-02 2.21000000e+04
4.26755785e+00 9.10000000e-02 2.21000000e+04
4.29838743e+00 9.10000000e-02 2.21000000e+04
4.32943973e+00 9.10000000e-02 2.21000000e+04
4.36071635e+00 9.10000000e-02 2.21000000e+04
4.39221893e+00 9.10000000e-02 2.21000000e+04
4.42394909e+00 9.10000000e-02 2.21000000e+04
4.45590846e+00 9.10000000e-02 2.21000000e+04
4.48809872e+00 9.10000000e-02 2.21000000e+04
4.52052153e+00 9.10000000e-02 2.21000000e+04
4.55317857e+00 9.10000000e-02 2.21000000e+04
4.58607152e+00 9.10000000e-02 2.21000000e+04
4.61920210e+00 9.10000000e-02 2.21000000e+04
4.65257203e+00 9.10000000e-02 2.21000000e+04
4.68618302e+00 9.10000000e-02 2.21000000e+04
4.72003682e+00 9.10000000e-02 2.21000000e+04
4.75413519e+00 9.10000000e-02 2.21000000e+04
4.78847989e+00 9.10000000e-02 2.21000000e+04
4.82307270e+00 9.10000000e-02 2.21000000e+04
4.85791542e+00 9.10000000e-02 2.21000000e+04
4.89300985e+00 9.10000000e-02 2.21000000e+04
4.92835781e+00 9.10000000e-02 2.21000000e+04
4.96396112e+00 9.10000000e-02 2.21000000e+04
4.99982164e+00 9.10000000e-02 2.21000000e+04
5.03594123e+00 9.10000000e-02 2.21000000e+04
5.07232174e+00 9.10000000e-02 2.21000000e+04
5.10896508e+00 9.10000000e-02 2.21000000e+04
5.14587313e+00 9.10000000e-02 2.21000000e+04
5.18304782e+00 9.10000000e-02 2.21000000e+04
5.22049106e+00 9.10000000e-02 2.21000000e+04
5.25820480e+00 9.10000000e-02 2.21000000e+04
5.29619099e+00 9.10000000e-02 2.21000000e+04
5.33445159e+00 9.10000000e-02 2.21000000e+04
5.37298860e+00 9.10000000e-02 2.21000000e+04
5.41180401e+00 9.10000000e-02 2.21000000e+04
5.45089982e+00 9.10000000e-02 2.21000000e+04
5.49027807e+00 9.10000000e-02 2.21000000e+04
5.52994080e+00 9.10000000e-02 2.21000000e+04
5.56989006e+00 9.10000000e-02 2.21000000e+04
5.61012791e+00 9.10000000e-02 2.21000000e+04
5.65065646e+00 9.10000000e-02 2.21000000e+04
5.69147778e+00 9.10000000e-02 2.21000000e+04
5.73259401e+00 9.10000000e-02 2.21000000e+04
5.77400727e+00 9.10000000e-02 2.21000000e+04
5.81571970e+00 9.10000000e-02 2.21000000e+04
5.85773348e+00 9.10000000e-02 2.21000000e+04
5.90005077e+00 9.10000000e-02 2.21000000e+04
5.94267376e+00 9.10000000e-02 2.21000000e+04
5.98560467e+00 9.10000000e-02 2.21000000e+04
6.02884572e+00 9.10000000e-02 2.21000000e+04
6.07239916e+00 9.10000000e-02 2.21000000e+04
6.11626723e+00 9.10000000e-02 2.21000000e+04
6.16045221e+00 9.10000000e-02 2.21000000e+04
6.20495639e+00 9.10000000e-02 2.21000000e+04
6.24978208e+00 9.10000000e-02 2.21000000e+04
6.29493159e+00 9.10000000e-02 2.21000000e+04
6.34040727e+00 9.10000000e-02 2.21000000e+04
6.38621148e+00 9.10000000e-02 2.21000000e+04
6.43234659e+00 9.10000000e-02 2.21000000e+04
6.47881498e+00 9.10000000e-02 2.21000000e+04
6.52561907e+00 9.10000000e-02 2.21000000e+04
6.57276128e+00 9.10000000e-02 2.21000000e+04
6.62024405e+00 9.10000000e-02 2.21000000e+04
6.66806985e+00 9.10000000e-02 2.21000000e+04
6.71624115e+00 9.10000000e-02 2.21000000e+04
6.76476045e+00 9.10000000e-02 2.21000000e+04
6.81363025e+00 9.10000000e-02 2.21000000e+04
6.86285311e+00 9.10000000e-02 2.21000000e+04
6.91243155e+00 9.10000000e-02 2.21000000e+04
6.96236817e+00 9.10000000e-02 2.21000000e+04
7.01266553e+00 9.10000000e-02 2.21000000e+04
7.06332625e+00 9.10000000e-02 2.21000000e+04
7.11435295e+00 9.10000000e-02 2.21000000e+04
7.16574827e+00 9.10000000e-02 2.21000000e+04
7.21751489e+00 9.10000000e-02 2.21000000e+04
7.26965547e+00 9.10000000e-02 2.21000000e+04
7.32217273e+00 9.10000000e-02 2.21000000e+04
7.37506938e+00 9.10000000e-02 2.21000000e+04
7.42834817e+00 9.10000000e-02 2.21000000e+04
7.48201185e+00 9.10000000e-02 2.21000000e+04
7.53606321e+00 9.10000000e-02 2.21000000e+04
7.59050505e+00 9.10000000e-02 2.21000000e+04
7.64534018e+00 9.10000000e-02 2.21000000e+04
7.70057145e+00 9.10000000e-02 2.21000000e+04
7.75620172e+00 9.10000000e-02 2.21000000e+04
7.81223387e+00 9.10000000e-02 2.21000000e+04
7.86867081e+00 9.10000000e-02 2.21000000e+04
7.92551546e+00 9.10000000e-02 2.21000000e+04
7.98277077e+00 9.10000000e-02 2.21000000e+04
8.04043969e+00 9.10000000e-02 2.21000000e+04
8.09852523e+00 9.10000000e-02 2.21000000e+04
8.15703039e+00 9.10000000e-02 2.21000000e+04
8.21595820e+00 9.10000000e-02 2.21000000e+04
8.27531171e+00 9.10000000e-02 2.21000000e+04
8.33509401e+00 9.10000000e-02 2.21000000e+04
8.39530818e+00 9.10000000e-02 2.21000000e+04
8.45595735e+00 9.10000000e-02 2.21000000e+04
8.51704466e+00 9.10000000e-02 2.21000000e+04
8.57857328e+00 9.10000000e-02 2.21000000e+04
8.64054639e+00 9.10000000e-02 2.21000000e+04
8.70296720e+00 9.10000000e-02 2.21000000e+04
8.76583895e+00 9.10000000e-02 2.21000000e+04
8.82916490e+00 9.10000000e-02 2.21000000e+04
8.89294833e+00 9.10000000e-02 2.21000000e+04
8.95719254e+00 9.10000000e-02 2.21000000e+04
9.02190086e+00 9.10000000e-02 2.21000000e+04
9.08707664e+00 9.10000000e-02 2.21000000e+04
9.15272327e+00 9.10000000e-02 2.21000000e+04
9.21884414e+00 9.10000000e-02 2.21000000e+04
9.28544267e+00 9.10000000e-02 2.21000000e+04
9.35252233e+00 9.10000000e-02 2.21000000e+04
9.42008658e+00 9.10000000e-02 2.21000000e+04
9.48813893e+00 9.10000000e-02 2.21000000e+04
9.55668290e+00 9.10000000e-02 2.21000000e+04
9.62572204e+00 9.10000000e-02 2.21000000e+04
9.69525994e+00 9.10000000e-02 2.21000000e+04
9.76530019e+00 9.10000000e-02 2.21000000e+04
9.83584642e+00 9.10000000e-02 2.21000000e+04
9.90690229e+00 9.10000000e-02 2.21000000e+04
9.97847148e+00 9.10000000e-02 2.21000000e+04
1.00505577e+01 9.10000000e-02 2.21000000e+04
1.01231647e+01 9.10000000e-02 2.21000000e+04
1.01962962e+01 9.10000000e-02 2.21000000e+04
1.02699560e+01 9.10000000e-02 2.21000000e+04
1.03441480e+01 9.10000000e-02 2.21000000e+04
1.04188759e+01 9.10000000e-02 2.21000000e+04
1.04941437e+01 9.10000000e-02 2.21000000e+04
1.05699552e+01 9.10000000e-02 2.21000000e+04
1.06463144e+01 9.10000000e-02 2.21000000e+04
1.07232252e+01 9.10000000e-02 2.21000000e+04
1.08006917e+01 9.10000000e-02 2.21000000e+04
1.08787177e+01 9.10000000e-02 2.21000000e+04
1.09573075e+01 9.10000000e-02 2.21000000e+04
1.10364650e+01 9.10000000e-02 2.21000000e+04
1.11161943e+01 9.10000000e-02 2.21000000e+04
1.11964997e+01 9.10000000e-02 2.21000000e+04
1.12773851e+01 9.10000000e-02 2.21000000e+04
1.13588549e+01 9.10000000e-02 2.21000000e+04
1.14409133e+01 9.10000000e-02 2.21000000e+04
1.15235644e+01 9.10000000e-02 2.21000000e+04
1.16068127e+01 9.10000000e-02 2.21000000e+04
1.16906623e+01 9.10000000e-02 2.21000000e+04
1.17751177e+01 9.10000000e-02 2.21000000e+04
1.18601832e+01 9.10000000e-02 2.21000000e+04
1.19458632e+01 9.10000000e-02 2.21000000e+04
1.20321622e+01 9.10000000e-02 2.21000000e+04
1.21190847e+01 9.10000000e-02 2.21000000e+04
1.22066350e+01 9.10000000e-02 2.21000000e+04
1.22948179e+01 9.10000000e-02 2.21000000e+04
1.23836378e+01 9.10000000e-02 2.21000000e+04
1.24730994e+01 9.10000000e-02 2.21000000e+04
1.25632072e+01 9.10000000e-02 2.21000000e+04
1.26539660e+01 9.10000000e-02 2.21000000e+04
1.27453805e+01 9.10000000e-02 2.21000000e+04
1.28374553e+01 9.10000000e-02 2.21000000e+04
1.29301953e+01 9.10000000e-02 2.21000000e+04
1.30236053e+01 9.10000000e-02 2.21000000e+04
1.31176901e+01 9.10000000e-02 2.21000000e+04
1.32124546e+01 9.10000000e-02 2.21000000e+04
1.33079037e+01 9.10000000e-02 2.21000000e+04
1.34040423e+01 9.10000000e-02 2.21000000e+04
1.35008754e+01 9.10000000e-02 2.21000000e+04
1.35984081e+01 9.10000000e-02 2.21000000e+04
1.36966454e+01 9.10000000e-02 2.21000000e+04
1.37955923e+01 9.10000000e-02 2.21000000e+04
1.38952541e+01 9.10000000e-02 2.21000000e+04
1.39956358e+01 9.10000000e-02 2.21000000e+04
1.40967427e+01 9.10000000e-02 2.21000000e+04
1.41985801e+01 9.10000000e-02 2.21000000e+04
1.43011531e+01 9.10000000e-02 2.21000000e+04
1.44044671e+01 9.10000000e-02 2.21000000e+04
1.45085275e+01 9.10000000e-02 2.21000000e+04
1.46133396e+01 9.10000000e-02 2.21000000e+04
1.47189089e+01 9.10000000e-02 2.21000000e+04
1.48252409e+01 9.10000000e-02 2.21000000e+04
1.49323410e+01 9.10000000e-02 2.21000000e+04
1.50402149e+01 9.10000000e-02 2.21000000e+04
1.51488680e+01 9.10000001e-02 2.21000000e+04
1.52583061e+01 9.10000001e-02 2.21000000e+04
1.53685347e+01 9.10000001e-02 2.21000000e+04
1.54795597e+01 9.10000001e-02 2.21000000e+04
1.55913867e+01 9.10000001e-02 2.21000000e+04
1.57040216e+01 9.10000001e-02 2.21000000e+04
1.58174702e+01 9.10000001e-02 2.21000000e+04
1.59317384e+01 9.10000001e-02 2.21000000e+04
1.60468320e+01 9.10000001e-02 2.21000000e+04
1.61627572e+01 9.10000001e-02 2.21000000e+04
1.62795197e+01 9.10000001e-02 2.21000000e+04
1.63971258e+01 9.10000001e-02 2.21000000e+04
1.65155815e+01 9.10000001e-02 2.21000000e+04
1.66348930e+01 9.10000002e-02 2.21000000e+04
1.67550663e+01 9.10000002e-02 2.21000000e+04
1.68761078e+01 9.10000002e-02 2.21000000e+04
1.69980238e+01 9.10000002e-02 2.21000000e+04
1.71208205e+01 9.10000002e-02 2.21000000e+04
1.72445043e+01 9.10000002e-02 2.21000000e+04
1.73690816e+01 9.10000003e-02 2.21000000e+04
1.74945588e+01 9.10000003e-02 2.21000000e+04
1.76209426e+01 9.10000003e-02 2.21000000e+04
1.77482393e+01 9.10000003e-02 2.21000000e+04
1.78764557e+01 9.10000004e-02 2.21000000e+04
1.80055984e+01 9.10000004e-02 2.21000000e+04
1.81356739e+01 9.10000005e-02 2.21000000e+04
1.82666892e+01 9.10000005e-02 2.21000000e+04
1.83986510e+01 9.10000005e-02 2.21000000e+04
1.85315660e+01 9.10000006e-02 2.21000000e+04
1.86654413e+01 9.10000006e-02 2.21000000e+04
1.88002837e+01 9.10000007e-02 2.21000000e+04
1.89361002e+01 9.10000008e-02 2.21000000e+04
1.90728979e+01 9.10000008e-02 2.21000000e+04
1.92106838e+01 9.10000009e-02 2.21000000e+04
1.93494652e+01 9.10000010e-02 2.21000000e+04
1.94892491e+01 9.10000011e-02 2.21000000e+04
1.96300428e+01 9.10000012e-02 2.21000000e+04
1.97718537e+01 9.10000013e-02 2.21000000e+04
1.99146890e+01 9.10000014e-02 2.21000000e+04
2.00585562e+01 9.10000015e-02 2.21000000e+04
2.02034627e+01 9.10000016e-02 2.20999999e+04
2.03494160e+01 9.10000018e-02 2.20999999e+04
2.04964237e+01 9.10000020e-02 2.20999999e+04
2.06444935e+01 9.10000021e-02 2.20999999e+04
2.07936329e+01 9.10000023e-02 2.20999999e+04
2.09438497e+01 9.10000025e-02 2.20999999e+04
2.10951518e+01 9.10000028e-02 2.20999999e+04
2.12475468e+01 9.10000030e-02 2.20999999e+04
2.14010428e+01 9.10000033e-02 2.20999999e+04
2.15556477e+01 9.10000036e-02 2.20999999e+04
2.17113694e+01 9.10000039e-02 2.20999999e+04
2.18682161e+01 9.10000043e-02 2.20999999e+04
2.20261959e+01 9.10000046e-02 2.20999999e+04
2.21853170e+01 9.10000051e-02 2.20999998e+04
2.23455876e+01 9.10000055e-02 2.20999998e+04
2.25070160e+01 9.10000060e-02 2.20999998e+04
2.26696106e+01 9.10000066e-02 2.20999998e+04
2.28333799e+01 9.10000071e-02 2.20999998e+04
2.29983322e+01 9.10000078e-02 2.20999998e+04
2.31644761e+01 9.10000085e-02 2.20999997e+04
2.33318204e+01 9.10000093e-02 2.20999997e+04
2.35003735e+01 9.10000101e-02 2.20999997e+04
2.36701443e+01 9.10000110e-02 2.20999997e+04
2.38411415e+01 9.10000120e-02 2.20999996e+04
2.40133741e+01 9.10000131e-02 2.20999996e+04
2.41868509e+01 9.10000143e-02 2.20999996e+04
2.43615809e+01 9.10000156e-02 2.20999995e+04
2.45375732e+01 9.10000170e-02 2.20999995e+04
2.47148369e+01 9.10000185e-02 2.20999994e+04
2.48933812e+01 9.10000202e-02 2.20999994e+04
2.50732154e+01 9.10000220e-02 2.20999993e+04
2.52543486e+01 9.10000240e-02 2.20999993e+04
2.54367905e+01 9.10000261e-02 2.20999992e+04
2.56205503e+01 9.10000285e-02 2.20999991e+04
2.58056376e+01 9.10000310e-02 2.20999990e+04
2.59920620e+01 9.10000338e-02 2.20999989e+04
2.61798332e+01 9.10000369e-02 2.20999989e+04
2.63689609e+01 9.10000402e-02 2.20999988e+04
2.65594548e+01 9.10000439e-02 2.20999986e+04
2.67513250e+01 9.10000478e-02 2.20999985e+04
2.69445812e+01 9.10000521e-02 2.20999984e+04
2.71392336e+01 9.10000568e-02 2.20999982e+04
2.73352921e+01 9.10000620e-02 2.20999981e+04
2.75327670e+01 9.10000676e-02 2.20999979e+04
2.77316685e+01 9.10000736e-02 2.20999977e+04
2.79320070e+01 9.10000803e-02 2.20999975e+04
2.81337926e+01 9.10000875e-02 2.20999973e+04
2.83370361e+01 9.10000954e-02 2.20999970e+04
2.85417478e+01 9.10001040e-02 2.20999968e+04
2.87479383e+01 9.10001134e-02 2.20999965e+04
2.89556184e+01 9.10001237e-02 2.20999962e+04
2.91647989e+01 9.10001348e-02 2.20999958e+04
2.93754905e+01 9.10001470e-02 2.20999954e+04
2.95877041e+01 9.10001602e-02 2.20999950e+04
2.98014509e+01 9.10001747e-02 2.20999946e+04
3.00167417e+01 9.10001905e-02 2.20999941e+04
3.02335879e+01 9.10002076e-02 2.20999936e+04
3.04520006e+01 9.10002264e-02 2.20999930e+04
3.06719912e+01 9.10002468e-02 2.20999923e+04
3.08935710e+01 9.10002691e-02 2.20999916e+04
3.11167515e+01 9.10002933e-02 2.20999909e+04
3.13415444e+01 9.10003198e-02 2.20999901e+04
3.15679612e+01 9.10003487e-02 2.20999892e+04
3.17960136e+01 9.10003801e-02 2.20999882e+04
3.20257136e+01 9.10004144e-02 2.20999871e+04
3.22570729e+01 9.10004518e-02 2.20999860e+04
3.24901036e+01 9.10004926e-02 2.20999847e+04
3.27248178e+01 9.10005370e-02 2.20999833e+04
3.29612276e+01 9.10005855e-02 2.20999818e+04
3.31993452e+01 9.10006383e-02 2.20999802e+04
3.34391831e+01 9.10006959e-02 2.20999784e+04
3.36807536e+01 9.10007586e-02 2.20999765e+04
3.39240692e+01 9.10008271e-02 2.20999743e+04
3.41691426e+01 9.10009017e-02 2.20999720e+04
3.44159865e+01 9.10009830e-02 2.20999695e+04
3.46646135e+01 9.10010717e-02 2.20999667e+04
3.49150368e+01 9.10011684e-02 2.20999637e+04
3.51672691e+01 9.10012738e-02 2.20999605e+04
3.54213235e+01 9.10013888e-02 2.20999569e+04
3.56772134e+01 9.10015141e-02 2.20999530e+04
3.59349518e+01 9.10016506e-02 2.20999488e+04
3.61945521e+01 9.10017996e-02 2.20999441e+04
3.64560279e+01 9.10019619e-02 2.20999391e+04
3.67193926e+01 9.10021389e-02 2.20999336e+04
3.69846599e+01 9.10023319e-02 2.20999276e+04
3.72518435e+01 9.10025423e-02 2.20999211e+04
3.75209573e+01 9.10027716e-02 2.20999140e+04
3.77920153e+01 9.10030217e-02 2.20999062e+04
3.80650314e+01 9.10032943e-02 2.20998977e+04
3.83400198e+01 9.10035915e-02 2.20998885e+04
3.86169948e+01 9.10039155e-02 2.20998785e+04
3.88959707e+01 9.10042688e-02 2.20998675e+04
3.91769620e+01 9.10046539e-02 2.20998555e+04
3.94599832e+01 9.10050738e-02 2.20998425e+04
3.97450490e+01 9.10055315e-02 2.20998283e+04
4.00321741e+01 9.10060306e-02 2.20998128e+04
4.03213735e+01 9.10065747e-02 2.20997959e+04
4.06126622e+01 9.10071678e-02 2.20997775e+04
4.09060551e+01 9.10078145e-02 2.20997574e+04
4.12015676e+01 9.10085195e-02 2.20997356e+04
4.14992149e+01 9.10092881e-02 2.20997117e+04
4.17990125e+01 9.10101261e-02 2.20996857e+04
4.21009758e+01 9.10110397e-02 2.20996573e+04
4.24051206e+01 9.10120357e-02 2.20996264e+04
4.27114626e+01 9.10131215e-02 2.20995927e+04
4.30200176e+01 9.10143053e-02 2.20995560e+04
4.33308017e+01 9.10155959e-02 2.20995159e+04
4.36438310e+01 9.10170030e-02 2.20994722e+04
4.39591217e+01 9.10185369e-02 2.20994246e+04
4.42766900e+01 9.10202093e-02 2.20993727e+04
4.45965525e+01 9.10220326e-02 2.20993161e+04
4.49187258e+01 9.10240203e-02 2.20992544e+04
4.52432265e+01 9.10261874e-02 2.20991872e+04
4.55700715e+01 9.10285500e-02 2.20991138e+04
4.58992776e+01 9.10311258e-02 2.20990339e+04
4.62308620e+01 9.10339339e-02 2.20989467e+04
4.65648418e+01 9.10369954e-02 2.20988517e+04
4.69012343e+01 9.10403331e-02 2.20987481e+04
4.72400570e+01 9.10439719e-02 2.20986351e+04
4.75813274e+01 9.10479390e-02 2.20985120e+04
4.79250632e+01 9.10522640e-02 2.20983778e+04
4.82712823e+01 9.10569792e-02 2.20982314e+04
4.86200024e+01 9.10621198e-02 2.20980718e+04
4.89712418e+01 9.10677241e-02 2.20978979e+04
4.93250186e+01 9.10738341e-02 2.20977082e+04
4.96813511e+01 9.10804953e-02 2.20975015e+04
5.00000000e+01 9.10869141e-02 2.20973022e+04
5.00402579e+01 9.10877575e-02 2.20972761e+04
5.02251126e+01 9.10917278e-02 2.20971528e+04
5.04017574e+01 9.10956749e-02 2.20970303e+04
5.04502251e+01 9.10967848e-02 2.20969959e+04
5.06753377e+01 9.11020963e-02 2.20968310e+04
5.07658685e+01 9.11043066e-02 2.20967624e+04
5.09004502e+01 9.11076737e-02 2.20966579e+04
5.11255628e+01 9.11135291e-02 2.20964761e+04
5.11326100e+01 9.11137170e-02 2.20964703e+04
5.13506753e+01 9.11196751e-02 2.20962854e+04
5.15020009e+01 9.11239765e-02 2.20961519e+04
5.15757879e+01 9.11261248e-02 2.20960852e+04
5.18009005e+01 9.11328917e-02 2.20958751e+04
5.18740603e+01 9.11351615e-02 2.20958047e+04
5.20260130e+01 9.11399898e-02 2.20956548e+04
5.22488076e+01 9.11473556e-02 2.20954262e+04
5.22511256e+01 9.11474341e-02 2.20954237e+04
5.24762381e+01 9.11552395e-02 2.20951815e+04
5.26262620e+01 9.11606498e-02 2.20950135e+04
5.27013507e+01 9.11634222e-02 2.20949275e+04
5.29264632e+01 9.11719984e-02 2.20946613e+04
5.30064433e+01 9.11751435e-02 2.20945637e+04
5.31515758e+01 9.11809855e-02 2.20943823e+04
5.33766883e+01 9.11904011e-02 2.20940901e+04
5.33893711e+01 9.11909447e-02 2.20940732e+04
5.36018009e+01 9.12002639e-02 2.20937839e+04
5.37750653e+01 9.12081715e-02 2.20935385e+04
5.38269135e+01 9.12105929e-02 2.20934633e+04
5.40520260e+01 9.12214082e-02 2.20931276e+04
5.41635457e+01 9.12269525e-02 2.20929555e+04
5.42771386e+01 9.12327305e-02 2.20927762e+04
5.45022511e+01 9.12445813e-02 2.20924084e+04
5.45548326e+01 9.12474279e-02 2.20923200e+04
5.47273637e+01 9.12569830e-02 2.20920234e+04
5.49489462e+01 9.12697506e-02 2.20916271e+04
5.49524762e+01 9.12699586e-02 2.20916207e+04
5.51775888e+01 9.12835324e-02 2.20911993e+04
5.53459070e+01 9.12940872e-02 2.20908717e+04
5.54027014e+01 9.12977291e-02 2.20907587e+04
5.56278139e+01 9.13125748e-02 2.20902979e+04
5.57457355e+01 9.13206194e-02 2.20900482e+04
5.58529265e+01 9.13280962e-02 2.20898161e+04
5.60780390e+01 9.13443212e-02 2.20893125e+04
5.61484524e+01 9.13495453e-02 2.20891503e+04
5.63031516e+01 9.13612788e-02 2.20887862e+04
5.65282641e+01 9.13789988e-02 2.20882361e+04
5.65540786e+01 9.13810809e-02 2.20881715e+04
5.67533767e+01 9.13975122e-02 2.20876615e+04
5.69626351e+01 9.14154616e-02 2.20871044e+04
5.69784892e+01 9.14168513e-02 2.20870612e+04
5.72036018e+01 9.14370494e-02 2.20864343e+04
5.73741431e+01 9.14529440e-02 2.20859409e+04
5.74287144e+01 9.14581410e-02 2.20857796e+04
5.76538269e+01 9.14801619e-02 2.20850961e+04
5.77886239e+01 9.14938081e-02 2.20846725e+04
5.78789395e+01 9.15031492e-02 2.20843826e+04
5.81040520e+01 9.15271413e-02 2.20836379e+04
5.82060990e+01 9.15383589e-02 2.20832897e+04
5.83291646e+01 9.15521780e-02 2.20828608e+04
5.85542771e+01 9.15783004e-02 2.20820499e+04
5.86265900e+01 9.15869291e-02 2.20817821e+04
5.87793897e+01 9.16055512e-02 2.20812041e+04
5.90045023e+01 9.16339745e-02 2.20803219e+04
5.90501187e+01 9.16398811e-02 2.20801385e+04
5.92296148e+01 9.16636161e-02 2.20794018e+04
5.94547274e+01 9.16945231e-02 2.20784425e+04
5.94767071e+01 9.16976105e-02 2.20783466e+04
5.96798399e+01 9.17267446e-02 2.20774423e+04
5.99049525e+01 9.17603311e-02 2.20763998e+04
5.99063772e+01 9.17605481e-02 2.20763931e+04
6.01300650e+01 9.17953350e-02 2.20753133e+04
6.03391513e+01 9.18291639e-02 2.20742633e+04
6.03551776e+01 9.18318105e-02 2.20741812e+04
6.05802901e+01 9.18698136e-02 2.20730016e+04
6.07750519e+01 9.19039701e-02 2.20719414e+04
6.08054027e+01 9.19094023e-02 2.20717728e+04
6.10305153e+01 9.19506364e-02 2.20704929e+04
6.12141014e+01 9.19855252e-02 2.20694100e+04
6.12556278e+01 9.19935779e-02 2.20691600e+04
6.14807404e+01 9.20382909e-02 2.20677721e+04
6.16563228e+01 9.20744382e-02 2.20666502e+04
6.17058529e+01 9.20848416e-02 2.20663272e+04
6.19309655e+01 9.21332982e-02 2.20648232e+04
6.21017388e+01 9.21713728e-02 2.20636414e+04
6.21560780e+01 9.21837316e-02 2.20632578e+04
6.23811906e+01 9.22362147e-02 2.20616287e+04
6.25503726e+01 9.22770527e-02 2.20603611e+04
6.26063032e+01 9.22908231e-02 2.20599337e+04
6.28314157e+01 9.23476346e-02 2.20581703e+04
6.30022474e+01 9.23922669e-02 2.20567850e+04
6.30565283e+01 9.24067297e-02 2.20563361e+04
6.32816408e+01 9.24681917e-02 2.20544283e+04
6.34573866e+01 9.25178756e-02 2.20528862e+04
6.35067534e+01 9.25321064e-02 2.20524444e+04
6.37318659e+01 9.25985624e-02 2.20503817e+04
6.39158138e+01 9.26548166e-02 2.20486356e+04
6.39569785e+01 9.26676513e-02 2.20482372e+04
6.41820910e+01 9.27394676e-02 2.20460081e+04
6.43775528e+01 9.28041123e-02 2.20440016e+04
6.44072036e+01 9.28141088e-02 2.20436913e+04
6.46323162e+01 9.28916755e-02 2.20412837e+04
6.48426275e+01 9.29668772e-02 2.20389495e+04
6.48574287e+01 9.29722716e-02 2.20387820e+04
6.50825413e+01 9.30560043e-02 2.20361830e+04
6.53076538e+01 9.31429843e-02 2.20334832e+04
6.53110619e+01 9.31443266e-02 2.20334415e+04
6.55327664e+01 9.32333255e-02 2.20306791e+04
6.57578789e+01 9.33271456e-02 2.20277670e+04
6.57828804e+01 9.33377853e-02 2.20274367e+04
6.59829915e+01 9.34245660e-02 2.20247431e+04
6.62081041e+01 9.35257119e-02 2.20216036e+04
6.62581074e+01 9.35486976e-02 2.20208901e+04
6.64332166e+01 9.36307124e-02 2.20183445e+04
6.66583292e+01 9.37397004e-02 2.20149615e+04
6.67367675e+01 9.37786382e-02 2.20137529e+04
6.68834417e+01 9.38528133e-02 2.20114506e+04
6.71085543e+01 9.39701925e-02 2.20078072e+04
6.72188856e+01 9.40293238e-02 2.20059718e+04
6.73336668e+01 9.40919836e-02 2.20040269e+04
6.75587794e+01 9.42183371e-02 2.20001050e+04
6.77044865e+01 9.43026259e-02 2.19974887e+04
6.77838919e+01 9.43494077e-02 2.19960366e+04
6.80090045e+01 9.44853549e-02 2.19918169e+04
6.81935955e+01 9.46005850e-02 2.19882403e+04
6.82341171e+01 9.46263433e-02 2.19874407e+04
6.84592296e+01 9.47725421e-02 2.19829028e+04
6.86843422e+01 9.49241257e-02 2.19781978e+04
6.86862380e+01 9.49254257e-02 2.19781574e+04
6.89094547e+01 9.50812741e-02 2.19733200e+04
6.91345673e+01 9.52441721e-02 2.19682638e+04
6.91824393e+01 9.52795731e-02 2.19671649e+04
6.93596798e+01 9.54130104e-02 2.19630231e+04
6.95847924e+01 9.55879854e-02 2.19575920e+04
6.96822253e+01 9.56656713e-02 2.19551807e+04
6.98099050e+01 9.57692991e-02 2.19519642e+04
7.00350175e+01 9.59571595e-02 2.19461331e+04
7.01856219e+01 9.60866028e-02 2.19421153e+04
7.02601301e+01 9.61517810e-02 2.19400922e+04
7.04852426e+01 9.63533839e-02 2.19338346e+04
7.06926550e+01 9.65455103e-02 2.19278711e+04
7.07103552e+01 9.65621952e-02 2.19273532e+04
7.09354677e+01 9.67784484e-02 2.19206409e+04
7.11605803e+01 9.70023839e-02 2.19136900e+04
7.12033511e+01 9.70458199e-02 2.19123418e+04
7.13856928e+01 9.72342490e-02 2.19064931e+04
7.16108054e+01 9.74742982e-02 2.18990421e+04
7.17177365e+01 9.75912668e-02 2.18954115e+04
7.18359180e+01 9.77227931e-02 2.18913290e+04
7.20610305e+01 9.79800032e-02 2.18833454e+04
7.22358380e+01 9.81859233e-02 2.18769538e+04
7.22861431e+01 9.82462053e-02 2.18750827e+04
7.25112556e+01 9.85216844e-02 2.18665320e+04
7.27363682e+01 9.88067334e-02 2.18576843e+04
7.27576822e+01 9.88342291e-02 2.18568308e+04
7.29614807e+01 9.91016536e-02 2.18485301e+04
7.31865933e+01 9.94067548e-02 2.18390600e+04
7.32832964e+01 9.95410243e-02 2.18348924e+04
7.34117059e+01 9.97223556e-02 2.18292640e+04
7.36368184e+01 1.00048783e-01 2.18191319e+04
7.38127077e+01 1.00311586e-01 2.18109747e+04
7.38619310e+01 1.00386375e-01 2.18086533e+04
7.40870435e+01 1.00735476e-01 2.17978174e+04
7.43121561e+01 1.01096442e-01 2.17866133e+04
7.43459436e+01 1.01151666e-01 2.17848991e+04
7.45372686e+01 1.01469639e-01 2.17750295e+04
7.47623812e+01 1.01855442e-01 2.17630544e+04
7.48830317e+01 1.02067538e-01 2.17564711e+04
7.49874937e+01 1.02254237e-01 2.17506761e+04
7.52126063e+01 1.02666421e-01 2.17378821e+04
7.54239997e+01 1.03066039e-01 2.17254783e+04
7.54377189e+01 1.03092402e-01 2.17246600e+04
7.56628314e+01 1.03532597e-01 2.17109966e+04
7.58879440e+01 1.03987437e-01 2.16968787e+04
7.59688759e+01 1.04154623e-01 2.16916894e+04
7.61130565e+01 1.04457362e-01 2.16822925e+04
7.63381691e+01 1.04942828e-01 2.16672240e+04
7.65176883e+01 1.05341418e-01 2.16548521e+04
7.65632816e+01 1.05444299e-01 2.16516587e+04
7.67883942e+01 1.05962254e-01 2.16355817e+04
7.70135068e+01 1.06497184e-01 2.16189779e+04
7.70704654e+01 1.06635284e-01 2.16146913e+04
7.72386193e+01 1.07049593e-01 2.16018315e+04
7.74637319e+01 1.07619999e-01 2.15841264e+04
7.76272359e+01 1.08045881e-01 2.15709073e+04
7.76888444e+01 1.08208933e-01 2.15658463e+04
7.79139570e+01 1.08816941e-01 2.15469742e+04
7.81390695e+01 1.09444582e-01 2.15274926e+04
7.81880286e+01 1.09583741e-01 2.15231732e+04
7.83641821e+01 1.10092432e-01 2.15073838e+04
7.85892946e+01 1.10761081e-01 2.14866294e+04
7.87528725e+01 1.11260345e-01 2.14711325e+04
7.88144072e+01 1.11451132e-01 2.14652106e+04
7.90395198e+01 1.12163209e-01 2.14431083e+04
7.92646323e+01 1.12897947e-01 2.14203025e+04
7.93217970e+01 1.13088210e-01 2.14143968e+04
7.94897449e+01 1.13656000e-01 2.13967730e+04
7.97148574e+01 1.14438040e-01 2.13724991e+04
7.98948315e+01 1.15080983e-01 2.13525425e+04
7.99399700e+01 1.15244753e-01 2.13474592e+04
8.01650825e+01 1.16076847e-01 2.13216316e+04
8.03901951e+01 1.16935044e-01 2.12949937e+04
8.04720057e+01 1.17253542e-01 2.12851078e+04
8.06153077e+01 1.17820087e-01 2.12675226e+04
8.08404202e+01 1.18732738e-01 2.12391945e+04
8.10533495e+01 1.19622107e-01 2.12115891e+04
8.10655328e+01 1.19673776e-01 2.12099853e+04
8.12906453e+01 1.20644003e-01 2.11798701e+04
8.15157579e+01 1.21644239e-01 2.11488235e+04
8.16388930e+01 1.22204360e-01 2.11314377e+04
8.17408704e+01 1.22675326e-01 2.11168192e+04
8.19659830e+01 1.23738126e-01 2.10838306e+04
8.21910955e+01 1.24833524e-01 2.10498302e+04
8.22286666e+01 1.25019582e-01 2.10440551e+04
8.24162081e+01 1.25962425e-01 2.10147899e+04
8.26413207e+01 1.27125759e-01 2.09786808e+04
8.28227008e+01 1.28088790e-01 2.09487890e+04
8.28664332e+01 1.28324479e-01 2.09414733e+04
8.30915458e+01 1.29559559e-01 2.09031373e+04
8.33166583e+01 1.30832000e-01 2.08636416e+04
8.34210264e+01 1.31434898e-01 2.08449280e+04
8.35417709e+01 1.32142826e-01 2.08229544e+04
8.37668834e+01 1.33493088e-01 2.07810432e+04
8.39919960e+01 1.34883860e-01 2.07378746e+04
8.40236745e+01 1.35082888e-01 2.07316969e+04
8.42171086e+01 1.36316245e-01 2.06934143e+04
8.44422211e+01 1.37791372e-01 2.06476274e+04
8.46306762e+01 1.39059996e-01 2.06082501e+04
8.46673337e+01 1.39310396e-01 2.06004779e+04
8.48924462e+01 1.40874502e-01 2.05519291e+04
8.51175588e+01 1.42484904e-01 2.05019433e+04
8.52420629e+01 1.43395913e-01 2.04736662e+04
8.53426713e+01 1.44142844e-01 2.04504820e+04
8.55677839e+01 1.45849593e-01 2.03975056e+04
8.57928964e+01 1.47606455e-01 2.03429738e+04
8.58578664e+01 1.48123013e-01 2.03269402e+04
8.60180090e+01 1.49414765e-01 2.02868451e+04
8.62431216e+01 1.51275886e-01 2.02290771e+04
8.64682341e+01 1.53191220e-01 2.01696265e+04
8.64781186e+01 1.53276585e-01 2.01669768e+04
8.66933467e+01 1.55162196e-01 2.01084487e+04
8.69184592e+01 1.57190281e-01 2.00454983e+04
8.71028516e+01 1.58895108e-01 1.99925816e+04
8.71435718e+01 1.59276976e-01 1.99807287e+04
8.73686843e+01 1.61423815e-01 1.99140923e+04
8.75937969e+01 1.63632371e-01 1.98455402e+04
8.77320978e+01 1.65020526e-01 1.98024528e+04
8.78189095e+01 1.65904252e-01 1.97750225e+04
8.80440220e+01 1.68241106e-01 1.97024882e+04
8.82691346e+01 1.70644616e-01 1.96278848e+04
8.83658898e+01 1.71698573e-01 1.95951707e+04
8.84942471e+01 1.73116506e-01 1.95511590e+04
8.87193597e+01 1.75658542e-01 1.94722559e+04
8.89444722e+01 1.78272526e-01 1.93911196e+04
8.90042604e+01 1.78979106e-01 1.93691879e+04
8.91695848e+01 1.80960307e-01 1.93076927e+04
8.93946973e+01 1.83723774e-01 1.92219166e+04
8.96198099e+01 1.86564858e-01 1.91337312e+04
8.96472427e+01 1.86916480e-01 1.91228171e+04
8.98449225e+01 1.89485537e-01 1.90430753e+04
9.00700350e+01 1.92487832e-01 1.89498861e+04
9.02948700e+01 1.95569955e-01 1.88542191e+04
9.02951476e+01 1.95573813e-01 1.88540993e+04
9.05202601e+01 1.98745594e-01 1.87556494e+04
9.07453727e+01 2.02005337e-01 1.86544692e+04
9.09471759e+01 2.05004137e-01 1.85613884e+04
9.09704852e+01 2.05355257e-01 1.85504899e+04
9.11955978e+01 2.08797614e-01 1.84436415e+04
9.14207104e+01 2.12334721e-01 1.83338521e+04
9.16041941e+01 2.15289460e-01 1.82421390e+04
9.16458229e+01 2.15968944e-01 1.82210482e+04
9.18709355e+01 2.19702701e-01 1.81051549e+04
9.20960480e+01 2.23538463e-01 1.79860955e+04
9.22659588e+01 2.26502712e-01 1.78940872e+04
9.23211606e+01 2.27478758e-01 1.78637913e+04
9.25462731e+01 2.31526170e-01 1.77381624e+04
9.27713857e+01 2.35683338e-01 1.76091267e+04
9.29325042e+01 2.38727612e-01 1.75146345e+04
9.29964982e+01 2.39952963e-01 1.74766005e+04
9.32216108e+01 2.44337802e-01 1.73404980e+04
9.34467234e+01 2.48840676e-01 1.72007318e+04
9.36038648e+01 2.52055428e-01 1.71009481e+04
9.36718359e+01 2.53464465e-01 1.70572125e+04
9.38969485e+01 2.58212115e-01 1.69098487e+04
9.41220610e+01 2.63086634e-01 1.67585469e+04
9.42800754e+01 2.66585664e-01 1.66499394e+04
9.43471736e+01 2.68091097e-01 1.66032117e+04
9.45722861e+01 2.73228646e-01 1.64437457e+04
9.47973987e+01 2.78502490e-01 1.62800491e+04
9.49611711e+01 2.82426801e-01 1.61582411e+04
9.50225113e+01 2.83915909e-01 1.61120202e+04
9.52476238e+01 2.89472252e-01 1.59395551e+04
9.54727364e+01 2.95174942e-01 1.57625475e+04
9.56471872e+01 2.99697108e-01 1.56221825e+04
9.56978489e+01 3.01027474e-01 1.55808888e+04
9.59229615e+01 3.07033420e-01 1.53944683e+04
9.61480740e+01 3.13196426e-01 1.52031727e+04
9.63381591e+01 3.18525522e-01 1.50377612e+04
9.63731866e+01 3.19520218e-01 1.50068865e+04
9.65982991e+01 3.26008599e-01 1.48054915e+04
9.68234117e+01 3.32665456e-01 1.45988672e+04
9.70341228e+01 3.39052614e-01 1.44006141e+04
9.70485243e+01 3.39494756e-01 1.43868903e+04
9.72736368e+01 3.46500549e-01 1.41694352e+04
9.74987494e+01 3.53686974e-01 1.39463734e+04
9.77238619e+01 3.61058254e-01 1.37175739e+04
9.77351142e+01 3.61431637e-01 1.37059843e+04
9.79489745e+01 3.68618701e-01 1.34829027e+04
9.81740870e+01 3.76372719e-01 1.32422232e+04
9.83991996e+01 3.84324803e-01 1.29953959e+04
9.84411697e+01 3.85829669e-01 1.29486858e+04
9.86243122e+01 3.92479541e-01 1.27422783e+04
9.88494247e+01 4.00841618e-01 1.24827251e+04
9.90745373e+01 4.09415815e-01 1.22165878e+04
9.91523259e+01 4.12428864e-01 1.21230648e+04
9.92996498e+01 4.18207012e-01 1.19437149e+04
9.95247624e+01 4.27220191e-01 1.16639519e+04
9.97498749e+01 4.36460436e-01 1.13771410e+04
9.98686196e+01 4.41427808e-01 1.12229571e+04
9.99749875e+01 4.45932934e-01 1.10831210e+04
1.00200100e+02 4.41096152e-01 1.08318066e+04
1.00425213e+02 4.34593062e-01 1.05931513e+04
1.00590088e+02 4.29920924e-01 1.04227871e+04
1.00650325e+02 4.28232733e-01 1.03614559e+04
1.00875438e+02 4.22011014e-01 1.01364684e+04
1.01100550e+02 4.15923909e-01 9.91794790e+03
1.01316768e+02 4.10200472e-01 9.71393576e+03
1.01325663e+02 4.09967561e-01 9.70566360e+03
1.01550775e+02 4.04138252e-01 9.49939467e+03
1.01775888e+02 3.98432395e-01 9.29892952e+03
1.02001001e+02 3.92846528e-01 9.10406547e+03
1.02048698e+02 3.91678060e-01 9.06347748e+03
1.02226113e+02 3.87377311e-01 8.91460825e+03
1.02451226e+02 3.82021517e-01 8.73037163e+03
1.02676338e+02 3.76776033e-01 8.55117701e+03
1.02785916e+02 3.74261706e-01 8.46572357e+03
1.02901451e+02 3.71637848e-01 8.37685309e+03
1.03126563e+02 3.66604058e-01 8.20723550e+03
1.03351676e+02 3.61671852e-01 8.04216648e+03
1.03528459e+02 3.57867979e-01 7.91562578e+03
1.03576788e+02 3.56838516e-01 7.88149458e+03
1.03801901e+02 3.52101425e-01 7.72507435e+03
1.04027014e+02 3.47458040e-01 7.57276608e+03
1.04252126e+02 3.42905906e-01 7.42443554e+03
1.04276367e+02 3.42421061e-01 7.40869464e+03
1.04477239e+02 3.38442647e-01 7.27995372e+03
1.04702351e+02 3.34065965e-01 7.13919659e+03
1.04927464e+02 3.29773635e-01 7.00204490e+03
1.05029678e+02 3.27851937e-01 6.94092937e+03
1.05152576e+02 3.25563504e-01 6.86838394e+03
1.05377689e+02 3.21433485e-01 6.73810336e+03
1.05602801e+02 3.17381559e-01 6.61109697e+03
1.05788430e+02 3.14097684e-01 6.50875755e+03
1.05827914e+02 3.13405770e-01 6.48726254e+03
1.06053027e+02 3.09504221e-01 6.36650168e+03
1.06278139e+02 3.05675077e-01 6.24871962e+03
1.06503252e+02 3.01916556e-01 6.13382506e+03
1.06552664e+02 3.01100833e-01 6.10898318e+03
1.06728364e+02 2.98226932e-01 6.02173007e+03
1.06953477e+02 2.94604532e-01 5.91234989e+03
1.07178589e+02 2.91047732e-01 5.80560283e+03
1.07322419e+02 2.88808824e-01 5.73874172e+03
1.07403702e+02 2.87554958e-01 5.70141012e+03
1.07628814e+02 2.84124682e-01 5.59969583e+03
1.07853927e+02 2.80755422e-01 5.50038669e+03
1.08079040e+02 2.77445740e-01 5.40341203e+03
1.08097735e+02 2.77173506e-01 5.39546111e+03
1.08304152e+02 2.74194240e-01 5.30870366e+03
1.08529265e+02 2.70999564e-01 5.21619576e+03
1.08754377e+02 2.67860397e-01 5.12582478e+03
1.08878652e+02 2.66150713e-01 5.07682794e+03
1.08979490e+02 2.64775461e-01 5.03752939e+03
1.09204602e+02 2.61743513e-01 4.95125033e+03
1.09429715e+02 2.58763347e-01 4.86693037e+03
1.09654827e+02 2.55833790e-01 4.78451422e+03
1.09665210e+02 2.55699870e-01 4.78075794e+03
1.09879940e+02 2.52953703e-01 4.70394846e+03
1.10105053e+02 2.50121977e-01 4.62518143e+03
1.10330165e+02 2.47337538e-01 4.54816323e+03
1.10457451e+02 2.45783655e-01 4.50537030e+03
1.10555278e+02 2.44599337e-01 4.47284559e+03
1.10780390e+02 2.41906356e-01 4.39918182e+03
1.11005503e+02 2.39257605e-01 4.32712678e+03
1.11230615e+02 2.36652121e-01 4.25663679e+03
1.11255415e+02 2.36367692e-01 4.24896511e+03
1.11455728e+02 2.34088966e-01 4.18766959e+03
1.11680840e+02 2.31567229e-01 4.12018428e+03
1.11905953e+02 2.29086021e-01 4.05414127e+03
1.12059143e+02 2.27420278e-01 4.01000369e+03
1.12131066e+02 2.26644480e-01 3.98950224e+03
1.12356178e+02 2.24241764e-01 3.92623007e+03
1.12581291e+02 2.21877054e-01 3.86428883e+03
1.12806403e+02 2.19549553e-01 3.80364370e+03
1.12868678e+02 2.18912140e-01 3.78709120e+03
1.13031516e+02 2.17258484e-01 3.74426096e+03
1.13256628e+02 2.15003091e-01 3.68610793e+03
1.13481741e+02 2.12782636e-01 3.62915295e+03
1.13684061e+02 2.10816218e-01 3.57896146e+03
1.13706853e+02 2.10596403e-01 3.57336531e+03
1.13931966e+02 2.08443691e-01 3.51871527e+03
1.14157079e+02 2.06323819e-01 3.46517398e+03
1.14382191e+02 2.04236122e-01 3.41271346e+03
1.14505335e+02 2.03107467e-01 3.38446345e+03
1.14607304e+02 2.02179951e-01 3.36130657e+03
1.14832416e+02 2.00154677e-01 3.31092700e+03
1.15057529e+02 1.98159681e-01 3.26154922e+03
1.15282641e+02 1.96194365e-01 3.21314843e+03
1.15332541e+02 1.95762680e-01 3.20254948e+03
1.15507754e+02 1.94258142e-01 3.16570061e+03
1.15732866e+02 1.92350441e-01 3.11918241e+03
1.15957979e+02 1.90470704e-01 3.07357118e+03
1.16165724e+02 1.88760335e-01 3.03226464e+03
1.16183092e+02 1.88618388e-01 3.02884492e+03
1.16408204e+02 1.86792961e-01 2.98498226e+03
1.16633317e+02 1.84993907e-01 2.94196247e+03
1.16858429e+02 1.83220718e-01 2.89976540e+03
1.17004925e+02 1.82080444e-01 2.87273754e+03
1.17083542e+02 1.81472902e-01 2.85837147e+03
1.17308654e+02 1.79749977e-01 2.81776167e+03
1.17533767e+02 1.78051472e-01 2.77791752e+03
1.17758879e+02 1.76376929e-01 2.73882105e+03
1.17850189e+02 1.75704433e-01 2.72317198e+03
1.17983992e+02 1.74725898e-01 2.70045481e+03
1.18209105e+02 1.73097941e-01 2.66280184e+03
1.18434217e+02 1.71492631e-01 2.62584562e+03
1.18659330e+02 1.69909550e-01 2.58957013e+03
1.18701559e+02 1.69615017e-01 2.58283964e+03
1.18884442e+02 1.68348288e-01 2.55395976e+03
1.19109555e+02 1.66808447e-01 2.51899933e+03
1.19334667e+02 1.65289636e-01 2.48467408e+03
1.19559080e+02 1.63796101e-01 2.45107349e+03
1.19559780e+02 1.63791475e-01 2.45096966e+03
1.19784892e+02 1.62313591e-01 2.41787209e+03
1.20010005e+02 1.60855619e-01 2.38536778e+03
1.20235118e+02 1.59417204e-01 2.35344348e+03
1.20422796e+02 1.58232682e-01 2.32726200e+03
1.20460230e+02 1.57997996e-01 2.32208633e+03
1.20685343e+02 1.56597657e-01 2.29128378e+03
1.20910455e+02 1.55215852e-01 2.26102363e+03
1.21135568e+02 1.53852256e-01 2.23129398e+03
1.21292751e+02 1.52910761e-01 2.21084383e+03
1.21360680e+02 1.52506550e-01 2.20208328e+03
1.21585793e+02 1.51178423e-01 2.17338023e+03
1.21810905e+02 1.49867571e-01 2.14517386e+03
1.22036018e+02 1.48573694e-01 2.11745347e+03
1.22168991e+02 1.47817264e-01 2.10130325e+03
1.22261131e+02 1.47296501e-01 2.09020865e+03
1.22486243e+02 1.46035707e-01 2.06342923e+03
1.22711356e+02 1.44791031e-01 2.03710533e+03
1.22936468e+02 1.43562200e-01 2.01122729e+03
1.23051561e+02 1.42939974e-01 1.99816588e+03
1.23161581e+02 1.42348947e-01 1.98578572e+03
1.23386693e+02 1.41151009e-01 1.96077145e+03
1.23611806e+02 1.39968130e-01 1.93617555e+03
1.23836918e+02 1.38800057e-01 1.91198932e+03
1.23940507e+02 1.38267460e-01 1.90099498e+03
1.24062031e+02 1.37646546e-01 1.88820425e+03
1.24287144e+02 1.36507355e-01 1.86481206e+03
1.24512256e+02 1.35382247e-01 1.84180468e+03
1.24737369e+02 1.34270993e-01 1.81917422e+03
1.24835875e+02 1.33789022e-01 1.80938803e+03
1.24962481e+02 1.33173364e-01 1.79691300e+03
1.25187594e+02 1.32089141e-01 1.77501352e+03
1.25412706e+02 1.31018104e-01 1.75346846e+03
1.25637819e+02 1.29960041e-01 1.73227067e+03
1.25737711e+02 1.29494635e-01 1.72297373e+03
1.25862931e+02 1.28914743e-01 1.71141320e+03
1.26088044e+02 1.27882007e-01 1.69088923e+03
1.26313157e+02 1.26861630e-01 1.67069213e+03
1.26538269e+02 1.25853418e-01 1.65081542e+03
1.26646062e+02 1.25374896e-01 1.64140923e+03
1.26763382e+02 1.24857177e-01 1.63125276e+03
1.26988494e+02 1.23872718e-01 1.61199799e+03
1.27213607e+02 1.22899857e-01 1.59304506e+03
1.27438719e+02 1.21938412e-01 1.57438809e+03
1.27560975e+02 1.21420983e-01 1.56437768e+03
1.27663832e+02 1.20988205e-01 1.55602133e+03
1.27888944e+02 1.20049062e-01 1.53793914e+03
1.28114057e+02 1.19120811e-01 1.52013604e+03
1.28339170e+02 1.18203285e-01 1.50260667e+03
1.28482498e+02 1.17624612e-01 1.49158600e+03
1.28564282e+02 1.17296319e-01 1.48534579e+03
1.28789395e+02 1.16399752e-01 1.46834827e+03
1.29014507e+02 1.15513425e-01 1.45160911e+03
1.29239620e+02 1.14637183e-01 1.43512343e+03
1.29410678e+02 1.13977996e-01 1.42276285e+03
1.29464732e+02 1.13770874e-01 1.41888643e+03
1.29689845e+02 1.12914348e-01 1.40289346e+03
1.29914957e+02 1.12067458e-01 1.38713994e+03
1.30140070e+02 1.11230061e-01 1.37162140e+03
1.30345563e+02 1.10473812e-01 1.35765682e+03
1.30365183e+02 1.10402014e-01 1.35633349e+03
1.30590295e+02 1.09583179e-01 1.34127194e+03
1.30815408e+02 1.08773421e-01 1.32643256e+03
1.31040520e+02 1.07972605e-01 1.31181128e+03
1.31265633e+02 1.07180600e-01 1.29740411e+03
1.31287202e+02 1.07105171e-01 1.29603476e+03
1.31490745e+02 1.06397278e-01 1.28320715e+03
1.31715858e+02 1.05622512e-01 1.26921656e+03
1.31940970e+02 1.04856177e-01 1.25542862e+03
1.32166083e+02 1.04098153e-01 1.24183967e+03
1.32235644e+02 1.03865581e-01 1.23768030e+03
1.32391196e+02 1.03348319e-01 1.22844613e+03
1.32616308e+02 1.02606557e-01 1.21524451e+03
1.32841421e+02 1.01872753e-01 1.20223137e+03
1.33066533e+02 1.01146792e-01 1.18940337e+03
1.33190937e+02 1.00748929e-01 1.18239245e+03
1.33291646e+02 1.00428564e-01 1.17675723e+03
1.33516758e+02 9.97179592e-02 1.16428973e+03
1.33741871e+02 9.90148695e-02 1.15199773e+03
1.33966983e+02 9.83191897e-02 1.13987815e+03
1.34153132e+02 9.77494463e-02 1.12998441e+03
1.34192096e+02 9.76308159e-02 1.12792798e+03
1.34417209e+02 9.69496464e-02 1.11614428e+03
1.34642321e+02 9.62755808e-02 1.10452415e+03
1.34867434e+02 9.56085208e-02 1.09306476e+03
1.35092546e+02 9.49483696e-02 1.08176334e+03
1.35122278e+02 9.48616930e-02 1.08028240e+03
1.35317659e+02 9.42950321e-02 1.07061719e+03
1.35542771e+02 9.36484148e-02 1.05962364e+03
1.35767884e+02 9.30084260e-02 1.04878009e+03
1.35992996e+02 9.23749754e-02 1.03808400e+03
1.36098424e+02 9.20805316e-02 1.03312464e+03
1.36218109e+02 9.17479741e-02 1.02753286e+03
1.36443222e+02 9.11273349e-02 1.01712422e+03
1.36668334e+02 9.05129720e-02 1.00685570e+03
1.36893447e+02 8.99048012e-02 9.96724930e+02
1.37081623e+02 8.94011093e-02 9.88360441e+02
1.37118559e+02 8.93027394e-02 9.86729620e+02
1.37343672e+02 8.87067051e-02 9.76867511e+02
1.37568784e+02 8.81166182e-02 9.67136391e+02
1.37793897e+02 8.75323997e-02 9.57534092e+02
1.38019010e+02 8.69539721e-02 9.48058490e+02
1.38071925e+02 8.68188386e-02 9.45849310e+02
1.38244122e+02 8.63812592e-02 9.38707503e+02
1.38469235e+02 8.58141858e-02 9.29479087e+02
1.38694347e+02 8.52526782e-02 9.20371242e+02
1.38919460e+02 8.46966638e-02 9.11382005e+02
1.39069380e+02 8.43293811e-02 9.05460194e+02
1.39144572e+02 8.41460712e-02 9.02509451e+02
1.39369685e+02 8.36008301e-02 8.93751694e+02
1.39594797e+02 8.30608714e-02 8.85106882e+02
1.39819910e+02 8.25261270e-02 8.76573201e+02
1.40045023e+02 8.19965300e-02 8.68148871e+02
1.40074042e+02 8.19286307e-02 8.67070755e+02
1.40270135e+02 8.14720147e-02 8.59832145e+02
1.40495248e+02 8.09525161e-02 8.51621312e+02
1.40720360e+02 8.04379705e-02 8.43514690e+02
1.40945473e+02 7.99283152e-02 8.35510633e+02
1.41085961e+02 7.96127001e-02 8.30566716e+02
1.41170585e+02 7.94234884e-02 8.27607523e+02
1.41395698e+02 7.89234292e-02 8.19803774e+02
1.41620810e+02 7.84280778e-02 8.12097829e+02
1.41845923e+02 7.79373753e-02 8.04488161e+02
1.42071036e+02 7.74512638e-02 7.96973271e+02
1.42105191e+02 7.73779061e-02 7.95841263e+02
1.42296148e+02 7.69696860e-02 7.89551687e+02
1.42521261e+02 7.64925859e-02 7.82221967e+02
1.42746373e+02 7.60199081e-02 7.74982692e+02
1.42971486e+02 7.55515981e-02 7.67832474e+02
1.43131783e+02 7.52207578e-02 7.62794495e+02
1.43196598e+02 7.50876022e-02 7.60769945e+02
1.43421711e+02 7.46278676e-02 7.53793767e+02
1.43646823e+02 7.41723423e-02 7.46902623e+02
1.43871936e+02 7.37209751e-02 7.40095221e+02
1.44097049e+02 7.32737155e-02 7.33370294e+02
1.44165792e+02 7.31379446e-02 7.31332915e+02
1.44322161e+02 7.28305138e-02 7.26726596e+02
1.44547274e+02 7.23913212e-02 7.20162905e+02
1.44772386e+02 7.19560892e-02 7.13678019e+02
1.44997499e+02 7.15247706e-02 7.07270760e+02
1.45207271e+02 7.11263252e-02 7.01368973e+02
1.45222611e+02 7.10973185e-02 7.00939970e+02
1.45447724e+02 7.06736869e-02 6.94684510e+02
1.45672836e+02 7.02538302e-02 6.88503265e+02
1.45897949e+02 6.98377040e-02 6.82395136e+02
1.46123062e+02 6.94252639e-02 6.76359046e+02
1.46256274e+02 6.91829175e-02 6.72820635e+02
1.46348174e+02 6.90164668e-02 6.70393935e+02
1.46573287e+02 6.86112697e-02 6.64498765e+02
1.46798399e+02 6.82096306e-02 6.58672512e+02
1.47023512e+02 6.78115078e-02 6.52914172e+02
1.47248624e+02 6.74168606e-02 6.47222759e+02
1.47312855e+02 6.73048894e-02 6.45610991e+02
1.47473737e+02 6.70256484e-02 6.41597303e+02
1.47698849e+02 6.66378317e-02 6.36036851e+02
1.47923962e+02 6.62533711e-02 6.30540468e+02
1.48149075e+02 6.58722282e-02 6.25107233e+02
1.48374187e+02 6.54943647e-02 6.19736242e+02
1.48377068e+02 6.54895495e-02 6.19667897e+02
1.48599300e+02 6.51197433e-02 6.14426606e+02
1.48824412e+02 6.47483269e-02 6.09177451e+02
1.49049525e+02 6.43800791e-02 6.03987919e+02
1.49274637e+02 6.40149639e-02 5.98857166e+02
1.49448970e+02 6.37343393e-02 5.94923639e+02
1.49499750e+02 6.36529459e-02 5.93784361e+02
1.49724862e+02 6.32939902e-02 5.88768690e+02
1.49949975e+02 6.29380623e-02 5.83809349e+02
1.50175088e+02 6.25851283e-02 5.78905551e+02
1.50400200e+02 6.22351547e-02 5.74056519e+02
1.50528616e+02 6.20368256e-02 5.71314627e+02
1.50625313e+02 6.18881084e-02 5.69261492e+02
1.50850425e+02 6.15439570e-02 5.64519720e+02
1.51075538e+02 6.12026683e-02 5.59830465e+02
1.51300650e+02 6.08642106e-02 5.55193002e+02
1.51525763e+02 6.05285527e-02 5.50606619e+02
1.51616061e+02 6.03946927e-02 5.48781114e+02
1.51750875e+02 6.01956639e-02 5.46070614e+02
1.51975988e+02 5.98655137e-02 5.41584297e+02
1.52201101e+02 5.95380722e-02 5.37146989e+02
1.52426213e+02 5.92133098e-02 5.32758024e+02
1.52651326e+02 5.88911975e-02 5.28416744e+02
1.52711361e+02 5.88057366e-02 5.27266931e+02
1.52876438e+02 5.85717063e-02 5.24122505e+02
1.53101551e+02 5.82548081e-02 5.19874669e+02
1.53326663e+02 5.79404747e-02 5.15672613e+02
1.53551776e+02 5.76286787e-02 5.11515722e+02
1.53776888e+02 5.73193927e-02 5.07403389e+02
1.53814575e+02 5.72678580e-02 5.06719249e+02
1.54002001e+02 5.70125898e-02 5.03335020e+02
1.54227114e+02 5.67082437e-02 4.99310029e+02
1.54452226e+02 5.64063281e-02 4.95327838e+02
1.54677339e+02 5.61068171e-02 4.91387882e+02
1.54902451e+02 5.58096854e-02 4.87489600e+02
1.54925758e+02 5.57790569e-02 4.87088351e+02
1.55127564e+02 5.55149078e-02 4.83632445e+02
1.55352676e+02 5.52224595e-02 4.79815874e+02
1.55577789e+02 5.49323160e-02 4.76039355e+02
1.55802901e+02 5.46444532e-02 4.72302365e+02
1.56028014e+02 5.43588472e-02 4.68604388e+02
1.56044969e+02 5.43374269e-02 4.68327431e+02
1.56253127e+02 5.40754745e-02 4.64944915e+02
1.56478239e+02 5.37943119e-02 4.61323447e+02
1.56703352e+02 5.35153364e-02 4.57739492e+02
1.56928464e+02 5.32385255e-02 4.54192566e+02
1.57153577e+02 5.29638567e-02 4.50682190e+02
1.57172265e+02 5.29411502e-02 4.50392398e+02
1.57378689e+02 5.26913081e-02 4.47207897e+02
1.57603802e+02 5.24208578e-02 4.43769223e+02
1.57828914e+02 5.21524845e-02 4.40365713e+02
1.58054027e+02 5.18861668e-02 4.36996919e+02
1.58279140e+02 5.16218839e-02 4.33662398e+02
1.58307705e+02 5.15884926e-02 4.33241699e+02
1.58504252e+02 5.13596150e-02 4.30361718e+02
1.58729365e+02 5.10993398e-02 4.27094449e+02
1.58954477e+02 5.08410380e-02 4.23860169e+02
1.59179590e+02 5.05846899e-02 4.20658463e+02
1.59404702e+02 5.03302757e-02 4.17488923e+02
1.59451347e+02 5.02777994e-02 4.16836158e+02
1.59629815e+02 5.00777760e-02 4.14351145e+02
1.59854927e+02 4.98271717e-02 4.11244733e+02
1.60080040e+02 4.95784439e-02 4.08169295e+02
1.60305153e+02 4.93315738e-02 4.05124446e+02
1.60530265e+02 4.90865431e-02 4.02109807e+02
1.60603252e+02 4.90074905e-02 4.01138818e+02
1.60755378e+02 4.88433334e-02 3.99125005e+02
1.60980490e+02 4.86019268e-02 3.96169670e+02
1.61205603e+02 4.83623055e-02 3.93243441e+02
1.61430715e+02 4.81244520e-02 3.90345960e+02
1.61655828e+02 4.78883489e-02 3.87476875e+02
1.61763477e+02 4.77760572e-02 3.86114803e+02
1.61880940e+02 4.76539790e-02 3.84635838e+02
1.62106053e+02 4.74213254e-02 3.81822508e+02
1.62331166e+02 4.71903715e-02 3.79036548e+02
1.62556278e+02 4.69611007e-02 3.76277625e+02
1.62781391e+02 4.67334967e-02 3.73545414e+02
1.62932085e+02 4.65820578e-02 3.71731187e+02
1.63006503e+02 4.65075433e-02 3.70839590e+02
1.63231616e+02 4.62832247e-02 3.68159837e+02
1.63456728e+02 4.60605252e-02 3.65505841e+02
1.63681841e+02 4.58394291e-02 3.62877293e+02
1.63906953e+02 4.56199211e-02 3.60273889e+02
1.64109135e+02 4.54241146e-02 3.57956868e+02
1.64132066e+02 4.54019861e-02 3.57695330e+02
1.64357179e+02 4.51856090e-02 3.55141319e+02
1.64582291e+02 4.49707750e-02 3.52611565e+02
1.64807404e+02 4.47574696e-02 3.50105781e+02
1.65032516e+02 4.45456782e-02 3.47623683e+02
1.65257629e+02 4.43353865e-02 3.45164993e+02
1.65294688e+02 4.43009102e-02 3.44762457e+02
1.65482741e+02 4.41265805e-02 3.42729434e+02
1.65707854e+02 4.39192461e-02 3.40316737e+02
1.65932966e+02 4.37133695e-02 3.37926632e+02
1.66158079e+02 4.35089372e-02 3.35558857e+02
1.66383192e+02 4.33059356e-02 3.33213150e+02
1.66488805e+02 4.32111846e-02 3.32120171e+02
1.66608304e+02 4.31043515e-02 3.30889256e+02
1.66833417e+02 4.29041716e-02 3.28586922e+02
1.67058529e+02 4.27053829e-02 3.26305898e+02
1.67283642e+02 4.25079726e-02 3.24045938e+02
1.67508754e+02 4.23119280e-02 3.21806800e+02
1.67691550e+02 4.21537325e-02 3.20003734e+02
1.67733867e+02 4.21172365e-02 3.19588244e+02
1.67958979e+02 4.19238857e-02 3.17390034e+02
1.68184092e+02 4.17318633e-02 3.15211938e+02
1.68409205e+02 4.15411571e-02 3.13053726e+02
1.68634317e+02 4.13517552e-02 3.10915172e+02
1.68859430e+02 4.11636456e-02 3.08796052e+02
1.68902983e+02 4.11274000e-02 3.08388288e+02
1.69084542e+02 4.09768168e-02 3.06696147e+02
1.69309655e+02 4.07912569e-02 3.04615238e+02
1.69534767e+02 4.06069547e-02 3.02553112e+02
1.69759880e+02 4.04238987e-02 3.00509557e+02
1.69984992e+02 4.02420778e-02 2.98484365e+02
1.70123167e+02 4.01310824e-02 2.97250302e+02
1.70210105e+02 4.00614808e-02 2.96477329e+02
1.70435218e+02 3.98820968e-02 2.94488248e+02
1.70660330e+02 3.97039149e-02 2.92516919e+02
1.70885443e+02 3.95269245e-02 2.90563146e+02
1.71110555e+02 3.93511149e-02 2.88626735e+02
1.71335668e+02 3.91764757e-02 2.86707491e+02
1.71352167e+02 3.91637219e-02 2.86567497e+02
1.71560780e+02 3.90029965e-02 2.84805226e+02
1.71785893e+02 3.88306670e-02 2.82919752e+02
1.72011006e+02 3.86594771e-02 2.81050885e+02
1.72236118e+02 3.84894168e-02 2.79198442e+02
1.72461231e+02 3.83204762e-02 2.77362242e+02
1.72590045e+02 3.82243048e-02 2.76318770e+02
1.72686343e+02 3.81526454e-02 2.75542109e+02
1.72911456e+02 3.79859148e-02 2.73737866e+02
1.73136568e+02 3.78202747e-02 2.71949342e+02
1.73361681e+02 3.76557157e-02 2.70176364e+02
1.73586793e+02 3.74922284e-02 2.68418765e+02
1.73811906e+02 3.73298035e-02 2.66676378e+02
1.73836865e+02 3.73118597e-02 2.66484122e+02
1.74037019e+02 3.71684317e-02 2.64949039e+02
1.74262131e+02 3.70081042e-02 2.63236586e+02
1.74487244e+02 3.68488117e-02 2.61538859e+02
1.74712356e+02 3.66905455e-02 2.59855699e+02
1.74937469e+02 3.65332967e-02 2.58186952e+02
1.75092693e+02 3.64254555e-02 2.57044597e+02
1.75162581e+02 3.63770567e-02 2.56532462e+02
1.75387694e+02 3.62218168e-02 2.54892079e+02
1.75612806e+02 3.60675686e-02 2.53265651e+02
1.75837919e+02 3.59143035e-02 2.51653031e+02
1.76063032e+02 3.57620133e-02 2.50054074e+02
1.76288144e+02 3.56106897e-02 2.48468633e+02
1.76357593e+02 3.55641990e-02 2.47982218e+02
1.76513257e+02 3.54603245e-02 2.46896567e+02
1.76738369e+02 3.53109097e-02 2.45337736e+02
1.76963482e+02 3.51624373e-02 2.43791999e+02
1.77188594e+02 3.50148993e-02 2.42259221e+02
1.77413707e+02 3.48682880e-02 2.40739264e+02
1.77631631e+02 3.47272336e-02 2.39279932e+02
1.77638819e+02 3.47225955e-02 2.39231997e+02
1.77863932e+02 3.45778143e-02 2.37737285e+02
1.78089045e+02 3.44339367e-02 2.36255000e+02
1.78314157e+02 3.42909553e-02 2.34785012e+02
1.78539270e+02 3.41488626e-02 2.33327194e+02
1.78764382e+02 3.40076512e-02 2.31881420e+02
1.78914873e+02 3.39137375e-02 2.30921556e+02
1.78989495e+02 3.38673140e-02 2.30447565e+02
1.79214607e+02 3.37278436e-02 2.29025509e+02
1.79439720e+02 3.35892330e-02 2.27615128e+02
1.79664832e+02 3.34514751e-02 2.26216305e+02
1.79889945e+02 3.33145630e-02 2.24828920e+02
1.80115058e+02 3.31784897e-02 2.23452857e+02
1.80207385e+02 3.31229215e-02 2.22891726e+02
1.80340170e+02 3.30432483e-02 2.22088001e+02
1.80565283e+02 3.29088322e-02 2.20734238e+02
1.80790395e+02 3.27752346e-02 2.19391455e+02
1.81015508e+02 3.26424489e-02 2.18059541e+02
1.81240620e+02 3.25104685e-02 2.16738387e+02
1.81465733e+02 3.23792870e-02 2.15427884e+02
1.81509235e+02 3.23540283e-02 2.15175854e+02
1.81690845e+02 3.22488978e-02 2.14127924e+02
1.81915958e+02 3.21192947e-02 2.12838403e+02
1.82141071e+02 3.19904712e-02 2.11559216e+02
1.82366183e+02 3.18624212e-02 2.10290259e+02
1.82591296e+02 3.17351386e-02 2.09031430e+02
1.82816408e+02 3.16086171e-02 2.07782629e+02
1.82820489e+02 3.16063304e-02 2.07760082e+02
1.83041521e+02 3.14828507e-02 2.06543755e+02
1.83266633e+02 3.13578334e-02 2.05314710e+02
1.83491746e+02 3.12335593e-02 2.04095398e+02
1.83716858e+02 3.11100226e-02 2.02885721e+02
1.83941971e+02 3.09872173e-02 2.01685585e+02
1.84141216e+02 3.08791289e-02 2.00631239e+02
1.84167084e+02 3.08651377e-02 2.00494896e+02
1.84392196e+02 3.07437781e-02 1.99313561e+02
1.84617309e+02 3.06231329e-02 1.98141489e+02
1.84842421e+02 3.05031965e-02 1.96978589e+02
1.85067534e+02 3.03839633e-02 1.95824771e+02
1.85292646e+02 3.02654278e-02 1.94679947e+02
1.85471484e+02 3.01717524e-02 1.93776807e+02
1.85517759e+02 3.01475846e-02 1.93544029e+02
1.85742871e+02 3.00304284e-02 1.92416932e+02
1.85967984e+02 2.99139537e-02 1.91298568e+02
1.86193097e+02 2.97981554e-02 1.90188855e+02
1.86418209e+02 2.96830282e-02 1.89087709e+02
1.86643322e+02 2.95685669e-02 1.87995047e+02
1.86811363e+02 2.94835552e-02 1.87184882e+02
1.86868434e+02 2.94547663e-02 1.86910787e+02
1.87093547e+02 2.93416215e-02 1.85834849e+02
1.87318659e+02 2.92291274e-02 1.84767153e+02
1.87543772e+02 2.91172789e-02 1.83707621e+02
1.87768884e+02 2.90060713e-02 1.82656175e+02
1.87993997e+02 2.88954995e-02 1.81612737e+02
1.88160921e+02 2.88139170e-02 1.80844141e+02
1.88219110e+02 2.87855588e-02 1.80577232e+02
1.88444222e+02 2.86762444e-02 1.79549584e+02
1.88669335e+02 2.85675514e-02 1.78529718e+02
1.88894447e+02 2.84594753e-02 1.77517563e+02
1.89119560e+02 2.83520113e-02 1.76513043e+02
1.89344672e+02 2.82451548e-02 1.75516089e+02
1.89520228e+02 2.81622408e-02 1.74743811e+02
1.89569785e+02 2.81389013e-02 1.74526628e+02
1.89794897e+02 2.80332463e-02 1.73544591e+02
1.90020010e+02 2.79281852e-02 1.72569907e+02
1.90245123e+02 2.78237136e-02 1.71602509e+02
1.90470235e+02 2.77198271e-02 1.70642328e+02
1.90695348e+02 2.76165213e-02 1.69689298e+02
1.90889355e+02 2.75279525e-02 1.68873638e+02
1.90920460e+02 2.75137920e-02 1.68743350e+02
1.91145573e+02 2.74116348e-02 1.67804421e+02
1.91370685e+02 2.73100455e-02 1.66872445e+02
1.91595798e+02 2.72090199e-02 1.65947358e+02
1.91820910e+02 2.71085539e-02 1.65029095e+02
1.92046023e+02 2.70086432e-02 1.64117596e+02
1.92268373e+02 2.69104999e-02 1.63223859e+02
1.92271136e+02 2.69092839e-02 1.63212796e+02
1.92496248e+02 2.68104719e-02 1.62314636e+02
1.92721361e+02 2.67122031e-02 1.61423053e+02
1.92946473e+02 2.66144737e-02 1.60537988e+02
1.93171586e+02 2.65172795e-02 1.59659382e+02
1.93396698e+02 2.64206169e-02 1.58787175e+02
1.93621811e+02 2.63244818e-02 1.57921310e+02
1.93657353e+02 2.63093512e-02 1.57785177e+02
1.93846923e+02 2.62288704e-02 1.57061729e+02
1.94072036e+02 2.61337790e-02 1.56208375e+02
1.94297149e+02 2.60392038e-02 1.55361192e+02
1.94522261e+02 2.59451411e-02 1.54520124e+02
1.94747374e+02 2.58515871e-02 1.53685116e+02
1.94972486e+02 2.57585382e-02 1.52856113e+02
1.95056368e+02 2.57239947e-02 1.52548735e+02
1.95197599e+02 2.56659908e-02 1.52033062e+02
1.95422711e+02 2.55739412e-02 1.51215910e+02
1.95647824e+02 2.54823860e-02 1.50404603e+02
1.95872936e+02 2.53913215e-02 1.49599090e+02
1.96098049e+02 2.53007443e-02 1.48799318e+02
1.96323162e+02 2.52106510e-02 1.48005237e+02
1.96465489e+02 2.51539375e-02 1.47506093e+02
1.96548274e+02 2.51210379e-02 1.47216796e+02
1.96773387e+02 2.50319019e-02 1.46433946e+02
1.96998499e+02 2.49432394e-02 1.45656636e+02
1.97223612e+02 2.48550471e-02 1.44884818e+02
1.97448724e+02 2.47673218e-02 1.44118444e+02
1.97673837e+02 2.46800601e-02 1.43357465e+02
1.97884790e+02 2.45987049e-02 1.42649206e+02
1.97898949e+02 2.45932587e-02 1.42601834e+02
1.98124062e+02 2.45069144e-02 1.41851504e+02
1.98349175e+02 2.44210241e-02 1.41106429e+02
1.98574287e+02 2.43355845e-02 1.40366563e+02
1.98799400e+02 2.42505925e-02 1.39631861e+02
1.99024512e+02 2.41660450e-02 1.38902277e+02
1.99249625e+02 2.40819389e-02 1.38177767e+02
1.99314344e+02 2.40578398e-02 1.37970404e+02
1.99474737e+02 2.39982711e-02 1.37458287e+02
1.99699850e+02 2.39150386e-02 1.36743793e+02
1.99924962e+02 2.38322383e-02 1.36034242e+02
2.00150075e+02 2.37498673e-02 1.35329592e+02
2.00375188e+02 2.36679226e-02 1.34629801e+02
2.00600300e+02 2.35864013e-02 1.33934826e+02
2.00754226e+02 2.35309015e-02 1.33462373e+02
2.00825413e+02 2.35053004e-02 1.33244626e+02
2.01050525e+02 2.34246171e-02 1.32559160e+02
2.01275638e+02 2.33443485e-02 1.31878388e+02
2.01500750e+02 2.32644918e-02 1.31202270e+02
2.01725863e+02 2.31850442e-02 1.30530766e+02
2.01950975e+02 2.31060028e-02 1.29863836e+02
2.02176088e+02 2.30273650e-02 1.29201442e+02
2.02204509e+02 2.30174652e-02 1.29118133e+02
2.02401201e+02 2.29491279e-02 1.28543545e+02
2.02626313e+02 2.28712888e-02 1.27890107e+02
2.02851426e+02 2.27938452e-02 1.27241091e+02
2.03076538e+02 2.27167941e-02 1.26596459e+02
2.03301651e+02 2.26401332e-02 1.25956174e+02
2.03526763e+02 2.25638596e-02 1.25320199e+02
2.03665270e+02 2.25171216e-02 1.24931025e+02
2.03751876e+02 2.24879708e-02 1.24688499e+02
2.03976988e+02 2.24124642e-02 1.24061037e+02
2.04202101e+02 2.23373373e-02 1.23437778e+02
2.04427214e+02 2.22625875e-02 1.22818688e+02
2.04652326e+02 2.21882123e-02 1.22203730e+02
2.04877439e+02 2.21142091e-02 1.21592871e+02
2.05102551e+02 2.20405756e-02 1.20986076e+02
2.05136583e+02 2.20294758e-02 1.20894694e+02
2.05327664e+02 2.19673092e-02 1.20383312e+02
2.05552776e+02 2.18944076e-02 1.19784546e+02
2.05777889e+02 2.18218682e-02 1.19189744e+02
2.06003002e+02 2.17496888e-02 1.18598873e+02
2.06228114e+02 2.16778668e-02 1.18011902e+02
2.06453227e+02 2.16064001e-02 1.17428797e+02
2.06618526e+02 2.15541471e-02 1.17003070e+02
2.06678339e+02 2.15352861e-02 1.16849528e+02
2.06903452e+02 2.14645227e-02 1.16274063e+02
2.07128564e+02 2.13941075e-02 1.15702370e+02
2.07353677e+02 2.13240383e-02 1.15134419e+02
2.07578789e+02 2.12543127e-02 1.14570179e+02
2.07803902e+02 2.11849285e-02 1.14009620e+02
2.08029015e+02 2.11158835e-02 1.13452712e+02
2.08111174e+02 2.10907682e-02 1.13250360e+02
2.08254127e+02 2.10471756e-02 1.12899425e+02
2.08479240e+02 2.09788024e-02 1.12349730e+02
2.08704352e+02 2.09107619e-02 1.11803597e+02
2.08929465e+02 2.08430518e-02 1.11260999e+02
2.09154577e+02 2.07756701e-02 1.10721906e+02
2.09379690e+02 2.07086146e-02 1.10186290e+02
2.09604802e+02 2.06418832e-02 1.09654123e+02
2.09614605e+02 2.06389845e-02 1.09631027e+02
2.09829915e+02 2.05754738e-02 1.09125378e+02
2.10055028e+02 2.05093845e-02 1.08600027e+02
2.10280140e+02 2.04436130e-02 1.08078042e+02
2.10505253e+02 2.03781574e-02 1.07559398e+02
2.10730365e+02 2.03130157e-02 1.07044066e+02
2.10955478e+02 2.02481858e-02 1.06532022e+02
2.11128898e+02 2.01984541e-02 1.06139782e+02
2.11180590e+02 2.01836658e-02 1.06023238e+02
2.11405703e+02 2.01194536e-02 1.05517688e+02
2.11630815e+02 2.00555475e-02 1.05015348e+02
2.11855928e+02 1.99919453e-02 1.04516191e+02
2.12081041e+02 1.99286452e-02 1.04020193e+02
2.12306153e+02 1.98656452e-02 1.03527328e+02
2.12531266e+02 1.98029435e-02 1.03037572e+02
2.12654130e+02 1.97688467e-02 1.02771571e+02
2.12756378e+02 1.97405383e-02 1.02550901e+02
2.12981491e+02 1.96784275e-02 1.02067289e+02
2.13206603e+02 1.96166094e-02 1.01586714e+02
2.13431716e+02 1.95550822e-02 1.01109150e+02
2.13656828e+02 1.94938439e-02 1.00634576e+02
2.13881941e+02 1.94328929e-02 1.00162967e+02
2.14107054e+02 1.93722273e-02 9.96942996e+01
2.14190380e+02 1.93498435e-02 9.95215610e+01
2.14332166e+02 1.93118453e-02 9.92285520e+01
2.14557279e+02 1.92517452e-02 9.87657010e+01
2.14782391e+02 1.91919252e-02 9.83057242e+01
2.15007504e+02 1.91323836e-02 9.78485993e+01
2.15232616e+02 1.90731186e-02 9.73943041e+01
2.15457729e+02 1.90141286e-02 9.69428169e+01
2.15682841e+02 1.89554119e-02 9.64941160e+01
2.15737729e+02 1.89411366e-02 9.63851325e+01
2.15907954e+02 1.88969667e-02 9.60481799e+01
2.16133067e+02 1.88387914e-02 9.56049874e+01
2.16358179e+02 1.87808843e-02 9.51645174e+01
2.16583292e+02 1.87232438e-02 9.47267490e+01
2.16808404e+02 1.86658683e-02 9.42916615e+01
2.17033517e+02 1.86087561e-02 9.38592345e+01
2.17258629e+02 1.85519056e-02 9.34294476e+01
2.17296256e+02 1.85424286e-02 9.33578664e+01
2.17483742e+02 1.84953152e-02 9.30022807e+01
2.17708854e+02 1.84389834e-02 9.25777139e+01
2.17933967e+02 1.83829085e-02 9.21557275e+01
2.18159080e+02 1.83270891e-02 9.17363018e+01
2.18384192e+02 1.82715235e-02 9.13194176e+01
2.18609305e+02 1.82162102e-02 9.09050554e+01
2.18834417e+02 1.81611477e-02 9.04931964e+01
2.18866042e+02 1.81534323e-02 9.04355360e+01
2.19059530e+02 1.81063345e-02 9.00838216e+01
2.19284642e+02 1.80517691e-02 8.96769123e+01
2.19509755e+02 1.79974499e-02 8.92724500e+01
2.19734867e+02 1.79433756e-02 8.88704164e+01
2.19959980e+02 1.78895446e-02 8.84707931e+01
2.20185093e+02 1.78359555e-02 8.80735623e+01
2.20410205e+02 1.77826068e-02 8.76787060e+01
2.20447169e+02 1.77738698e-02 8.76140965e+01
2.20635318e+02 1.77294971e-02 8.72862065e+01
2.20860430e+02 1.76766250e-02 8.68960462e+01
2.21085543e+02 1.76239891e-02 8.65082078e+01
2.21310655e+02 1.75715879e-02 8.61226740e+01
2.21535768e+02 1.75194200e-02 8.57394277e+01
2.21760880e+02 1.74674841e-02 8.53584519e+01
2.21985993e+02 1.74157789e-02 8.49797299e+01
2.22039717e+02 1.74034731e-02 8.48896772e+01
2.22211106e+02 1.73643029e-02 8.46032450e+01
2.22436218e+02 1.73130547e-02 8.42289808e+01
2.22661331e+02 1.72620331e-02 8.38569209e+01
2.22886443e+02 1.72112367e-02 8.34870490e+01
2.23111556e+02 1.71606642e-02 8.31193492e+01
2.23336668e+02 1.71103143e-02 8.27538054e+01
2.23561781e+02 1.70601856e-02 8.23904020e+01
2.23643771e+02 1.70419826e-02 8.22585726e+01
2.23786893e+02 1.70102769e-02 8.20291233e+01
2.24012006e+02 1.69605869e-02 8.16699537e+01
2.24237119e+02 1.69111144e-02 8.13128780e+01
2.24462231e+02 1.68618579e-02 8.09578808e+01
2.24687344e+02 1.68128164e-02 8.06049471e+01
2.24912456e+02 1.67639884e-02 8.02540618e+01
2.25137569e+02 1.67153729e-02 7.99052103e+01
2.25259413e+02 1.66891476e-02 7.97172350e+01
2.25362681e+02 1.66669686e-02 7.95583776e+01
2.25587794e+02 1.66187742e-02 7.92135494e+01
2.25812906e+02 1.65707885e-02 7.88707110e+01
2.26038019e+02 1.65230104e-02 7.85298482e+01
2.26263132e+02 1.64754386e-02 7.81909468e+01
2.26488244e+02 1.64280720e-02 7.78539926e+01
2.26713357e+02 1.63809093e-02 7.75189717e+01
2.26886726e+02 1.63447256e-02 7.72622665e+01
2.26938469e+02 1.63339495e-02 7.71858703e+01
2.27163582e+02 1.62871913e-02 7.68546747e+01
2.27388694e+02 1.62406336e-02 7.65253711e+01
2.27613807e+02 1.61942752e-02 7.61979462e+01
2.27838919e+02 1.61481150e-02 7.58723865e+01
2.28064032e+02 1.61021519e-02 7.55486788e+01
2.28289145e+02 1.60563848e-02 7.52268100e+01
2.28514257e+02 1.60108126e-02 7.49067670e+01
2.28525795e+02 1.60084820e-02 7.48904124e+01
2.28739370e+02 1.59654340e-02 7.45885368e+01
2.28964482e+02 1.59202482e-02 7.42721067e+01
2.29189595e+02 1.58752538e-02 7.39574639e+01
2.29414707e+02 1.58304500e-02 7.36445959e+01
2.29639820e+02 1.57858356e-02 7.33334901e+01
2.29864932e+02 1.57414094e-02 7.30241342e+01
2.30090045e+02 1.56971706e-02 7.27165159e+01
2.30176705e+02 1.56801900e-02 7.25985545e+01
2.30315158e+02 1.56531180e-02 7.24106229e+01
2.30540270e+02 1.56092506e-02 7.21064433e+01
2.30765383e+02 1.55655674e-02 7.18039649e+01
2.30990495e+02 1.55220672e-02 7.15031761e+01
2.31215608e+02 1.54787492e-02 7.12040649e+01
2.31440720e+02 1.54356122e-02 7.09066197e+01
2.31665833e+02 1.53926553e-02 7.06108289e+01
2.31839542e+02 1.53596299e-02 7.03837045e+01
2.31890945e+02 1.53498775e-02 7.03166811e+01
2.32116058e+02 1.53072778e-02 7.00241647e+01
2.32341171e+02 1.52648551e-02 6.97332686e+01
2.32566283e+02 1.52226086e-02 6.94439816e+01
2.32791396e+02 1.51805372e-02 6.91562925e+01
2.33016508e+02 1.51386399e-02 6.88701902e+01
2.33241621e+02 1.50969159e-02 6.85856640e+01
2.33466733e+02 1.50553642e-02 6.83027029e+01
2.33514391e+02 1.50465894e-02 6.82429980e+01
2.33691846e+02 1.50139837e-02 6.80212962e+01
2.33916958e+02 1.49727736e-02 6.77414333e+01
2.34142071e+02 1.49317330e-02 6.74631035e+01
2.34367184e+02 1.48908608e-02 6.71862964e+01
2.34592296e+02 1.48501563e-02 6.69110015e+01
2.34817409e+02 1.48096184e-02 6.66372087e+01
2.35042521e+02 1.47692463e-02 6.63649075e+01
2.35201340e+02 1.47408627e-02 6.61736891e+01
2.35267634e+02 1.47290391e-02 6.60940880e+01
2.35492746e+02 1.46889958e-02 6.58247400e+01
2.35717859e+02 1.46491156e-02 6.55568536e+01
2.35942971e+02 1.46093976e-02 6.52904188e+01
2.36168084e+02 1.45698408e-02 6.50254258e+01
2.36393197e+02 1.45304446e-02 6.47618650e+01
2.36618309e+02 1.44912079e-02 6.44997265e+01
2.36843422e+02 1.44521299e-02 6.42390010e+01
2.36900475e+02 1.44422509e-02 6.41731447e+01
2.37068534e+02 1.44132098e-02 6.39796787e+01
2.37293647e+02 1.43744467e-02 6.37217504e+01
2.37518759e+02 1.43358397e-02 6.34652066e+01
2.37743872e+02 1.42973881e-02 6.32100381e+01
2.37968984e+02 1.42590910e-02 6.29562357e+01
2.38194097e+02 1.42209475e-02 6.27037902e+01
2.38419210e+02 1.41829569e-02 6.24526926e+01
2.38611886e+02 1.41505611e-02 6.22388395e+01
2.38644322e+02 1.41451183e-02 6.22029340e+01
2.38869435e+02 1.41074310e-02 6.19545053e+01
2.39094547e+02 1.40698940e-02 6.17073978e+01
2.39319660e+02 1.40325067e-02 6.14616026e+01
2.39544772e+02 1.39952682e-02 6.12171112e+01
2.39769885e+02 1.39581777e-02 6.09739147e+01
2.39994997e+02 1.39212345e-02 6.07320048e+01
2.40220110e+02 1.38844378e-02 6.04913729e+01
2.40335660e+02 1.38656068e-02 6.03683510e+01
2.40445223e+02 1.38477867e-02 6.02520105e+01
2.40670335e+02 1.38112806e-02 6.00139094e+01
2.40895448e+02 1.37749187e-02 5.97770611e+01
2.41120560e+02 1.37387002e-02 5.95414575e+01
2.41345673e+02 1.37026243e-02 5.93070905e+01
2.41570785e+02 1.36666903e-02 5.90739518e+01
2.41795898e+02 1.36308975e-02 5.88420335e+01
2.42021011e+02 1.35952452e-02 5.86113276e+01
2.42071886e+02 1.35872071e-02 5.85593549e+01
2.42246123e+02 1.35597325e-02 5.83818262e+01
2.42471236e+02 1.35243588e-02 5.81535214e+01
2.42696348e+02 1.34891233e-02 5.79264055e+01
2.42921461e+02 1.34540253e-02 5.77004707e+01
2.43146573e+02 1.34190642e-02 5.74757093e+01
2.43371686e+02 1.33842392e-02 5.72521138e+01
2.43596798e+02 1.33495495e-02 5.70296765e+01
2.43820656e+02 1.33151868e-02 5.68096208e+01
2.43821911e+02 1.33149945e-02 5.68083901e+01
2.44047024e+02 1.32805736e-02 5.65882470e+01
2.44272136e+02 1.32462859e-02 5.63692399e+01
2.44497249e+02 1.32121308e-02 5.61513615e+01
2.44722361e+02 1.31781077e-02 5.59346045e+01
2.44947474e+02 1.31442158e-02 5.57189618e+01
2.45172586e+02 1.31104545e-02 5.55044260e+01
2.45397699e+02 1.30768231e-02 5.52909903e+01
2.45582059e+02 1.30493764e-02 5.51170078e+01
2.45622811e+02 1.30433210e-02 5.50786474e+01
2.45847924e+02 1.30099474e-02 5.48673905e+01
2.46073037e+02 1.29767018e-02 5.46572126e+01
2.46298149e+02 1.29435834e-02 5.44481068e+01
2.46523262e+02 1.29105917e-02 5.42400664e+01
2.46748374e+02 1.28777259e-02 5.40330844e+01
2.46973487e+02 1.28449855e-02 5.38271542e+01
2.47198599e+02 1.28123697e-02 5.36222692e+01
2.47356186e+02 1.27896114e-02 5.34794606e+01
2.47423712e+02 1.27798781e-02 5.34184226e+01
2.47648824e+02 1.27475099e-02 5.32156080e+01
2.47873937e+02 1.27152645e-02 5.30138188e+01
2.48099050e+02 1.26831412e-02 5.28130485e+01
2.48324162e+02 1.26511396e-02 5.26132908e+01
2.48549275e+02 1.26192589e-02 5.24145391e+01
2.48774387e+02 1.25874986e-02 5.22167873e+01
2.48999500e+02 1.25558581e-02 5.20200291e+01
2.49143130e+02 1.25357324e-02 5.18950058e+01
2.49224612e+02 1.25243367e-02 5.18242581e+01
2.49449725e+02 1.24929338e-02 5.16294682e+01
2.49674837e+02 1.24616489e-02 5.14356533e+01
2.49899950e+02 1.24304814e-02 5.12428073e+01
2.50125063e+02 1.23994306e-02 5.10509242e+01
2.50350175e+02 1.23684961e-02 5.08599978e+01
2.50575288e+02 1.23376772e-02 5.06700224e+01
2.50800400e+02 1.23069733e-02 5.04809919e+01
2.50942984e+02 1.22875850e-02 5.03617484e+01
2.51025513e+02 1.22763839e-02 5.02929005e+01
2.51250625e+02 1.22459084e-02 5.01057424e+01
2.51475738e+02 1.22155462e-02 4.99195118e+01
2.51700850e+02 1.21852968e-02 4.97342030e+01
2.51925963e+02 1.21551597e-02 4.95498102e+01
2.52151076e+02 1.21251342e-02 4.93663278e+01
2.52376188e+02 1.20952198e-02 4.91837502e+01
2.52601301e+02 1.20654160e-02 4.90020718e+01
2.52755840e+02 1.20450195e-02 4.88778678e+01
2.52826413e+02 1.20357222e-02 4.88212871e+01
2.53051526e+02 1.20061379e-02 4.86413906e+01
2.53276638e+02 1.19766625e-02 4.84623769e+01
2.53501751e+02 1.19472956e-02 4.82842406e+01
2.53726863e+02 1.19180365e-02 4.81069762e+01
2.53951976e+02 1.18888848e-02 4.79305784e+01
2.54177089e+02 1.18598399e-02 4.77550421e+01
2.54402201e+02 1.18309013e-02 4.75803618e+01
2.54581792e+02 1.18078905e-02 4.74416154e+01
2.54627314e+02 1.18020685e-02 4.74065325e+01
2.54852426e+02 1.17733410e-02 4.72335488e+01
2.55077539e+02 1.17447182e-02 4.70614058e+01
2.55302651e+02 1.17161997e-02 4.68900982e+01
2.55527764e+02 1.16877850e-02 4.67196211e+01
2.55752876e+02 1.16594734e-02 4.65499693e+01
2.55977989e+02 1.16312647e-02 4.63811380e+01
2.56203102e+02 1.16031581e-02 4.62131221e+01
2.56420935e+02 1.15760573e-02 4.60513106e+01
2.56428214e+02 1.15751534e-02 4.60459168e+01
2.56653327e+02 1.15472499e-02 4.58795171e+01
2.56878439e+02 1.15194471e-02 4.57139183e+01
2.57103552e+02 1.14917447e-02 4.55491154e+01
2.57328664e+02 1.14641421e-02 4.53851037e+01
2.57553777e+02 1.14366388e-02 4.52218786e+01
2.57778889e+02 1.14092343e-02 4.50594352e+01
2.58004002e+02 1.13819283e-02 4.48977689e+01
2.58229115e+02 1.13547201e-02 4.47368750e+01
2.58273365e+02 1.13493833e-02 4.47053387e+01
2.58454227e+02 1.13276094e-02 4.45767490e+01
2.58679340e+02 1.13005957e-02 4.44173863e+01
2.58904452e+02 1.12736785e-02 4.42587823e+01
2.59129565e+02 1.12468573e-02 4.41009325e+01
2.59354677e+02 1.12201318e-02 4.39438325e+01
2.59579790e+02 1.11935014e-02 4.37874777e+01
2.59804902e+02 1.11669657e-02 4.36318639e+01
2.60030015e+02 1.11405242e-02 4.34769865e+01
2.60139177e+02 1.11277360e-02 4.34021472e+01
2.60255128e+02 1.11141766e-02 4.33228413e+01
2.60480240e+02 1.10879223e-02 4.31694239e+01
2.60705353e+02 1.10617609e-02 4.30167300e+01
2.60930465e+02 1.10356920e-02 4.28647554e+01
2.61155578e+02 1.10097151e-02 4.27134958e+01
2.61380690e+02 1.09838299e-02 4.25629471e+01
2.61605803e+02 1.09580359e-02 4.24131051e+01
2.61830915e+02 1.09323325e-02 4.22639656e+01
2.62018467e+02 1.09109869e-02 4.21402439e+01
2.62056028e+02 1.09067196e-02 4.21155245e+01
2.62281141e+02 1.08811965e-02 4.19677778e+01
2.62506253e+02 1.08557629e-02 4.18207213e+01
2.62731366e+02 1.08304184e-02 4.16743511e+01
2.62956478e+02 1.08051625e-02 4.15286631e+01
2.63181591e+02 1.07799949e-02 4.13836534e+01
2.63406703e+02 1.07549151e-02 4.12393181e+01
2.63631816e+02 1.07299228e-02 4.10956531e+01
2.63856928e+02 1.07050174e-02 4.09526548e+01
2.63911334e+02 1.06990112e-02 4.09181940e+01
2.64082041e+02 1.06801987e-02 4.08103191e+01
2.64307154e+02 1.06554661e-02 4.06686422e+01
2.64532266e+02 1.06308194e-02 4.05276204e+01
2.64757379e+02 1.06062581e-02 4.03872498e+01
2.64982491e+02 1.05817818e-02 4.02475267e+01
2.65207604e+02 1.05573902e-02 4.01084474e+01
2.65432716e+02 1.05330827e-02 3.99700082e+01
2.65657829e+02 1.05088592e-02 3.98322053e+01
2.65817876e+02 1.04916879e-02 3.97346174e+01
2.65882941e+02 1.04847191e-02 3.96950352e+01
2.66108054e+02 1.04606621e-02 3.95584942e+01
2.66333167e+02 1.04366877e-02 3.94225787e+01
2.66558279e+02 1.04127958e-02 3.92872851e+01
2.66783392e+02 1.03889857e-02 3.91526099e+01
2.67008504e+02 1.03652573e-02 3.90185495e+01
2.67233617e+02 1.03416100e-02 3.88851005e+01
2.67458729e+02 1.03180435e-02 3.87522594e+01
2.67683842e+02 1.02945576e-02 3.86200226e+01
2.67738191e+02 1.02888994e-02 3.85881870e+01
2.67908954e+02 1.02711517e-02 3.84883868e+01
2.68134067e+02 1.02478256e-02 3.83573486e+01
2.68359180e+02 1.02245788e-02 3.82269045e+01
2.68584292e+02 1.02014110e-02 3.80970513e+01
2.68809405e+02 1.01783219e-02 3.79677855e+01
2.69034517e+02 1.01553111e-02 3.78391039e+01
2.69259630e+02 1.01323783e-02 3.77110031e+01
2.69484742e+02 1.01095230e-02 3.75834799e+01
2.69672378e+02 1.00905317e-02 3.74776259e+01
2.69709855e+02 1.00867450e-02 3.74565310e+01
2.69934967e+02 1.00640438e-02 3.73301533e+01
2.70160080e+02 1.00414193e-02 3.72043434e+01
2.70385193e+02 1.00188709e-02 3.70790982e+01
2.70610305e+02 1.00000000e-02 3.69544146e+01
2.70835418e+02 1.00000000e-02 3.68302893e+01
2.71060530e+02 1.00000000e-02 3.67067194e+01
2.71285643e+02 1.00000000e-02 3.65837016e+01
2.71510755e+02 1.00000000e-02 3.64612328e+01
2.71620538e+02 1.00000000e-02 3.64017056e+01
2.71735868e+02 1.00000000e-02 3.63393102e+01
2.71960980e+02 1.00000000e-02 3.62179305e+01
2.72186093e+02 1.00000000e-02 3.60970908e+01
2.72411206e+02 1.00000000e-02 3.59767880e+01
2.72636318e+02 1.00000000e-02 3.58570193e+01
2.72861431e+02 1.00000000e-02 3.57377816e+01
2.73086543e+02 1.00000000e-02 3.56190719e+01
2.73311656e+02 1.00000000e-02 3.55008875e+01
2.73536768e+02 1.00000000e-02 3.53832253e+01
2.73582772e+02 1.00000000e-02 3.53592439e+01
2.73761881e+02 1.00000000e-02 3.52660825e+01
2.73986993e+02 1.00000000e-02 3.51494562e+01
2.74212106e+02 1.00000000e-02 3.50333437e+01
2.74437219e+02 1.00000000e-02 3.49177419e+01
2.74662331e+02 1.00000000e-02 3.48026483e+01
2.74887444e+02 1.00000000e-02 3.46880599e+01
2.75112556e+02 1.00000000e-02 3.45739740e+01
2.75337669e+02 1.00000000e-02 3.44603878e+01
2.75559182e+02 1.00000000e-02 3.43491029e+01
2.75562781e+02 1.00000000e-02 3.43472986e+01
2.75787894e+02 1.00000000e-02 3.42347038e+01
2.76013007e+02 1.00000000e-02 3.41226005e+01
2.76238119e+02 1.00000000e-02 3.40109862e+01
2.76463232e+02 1.00000000e-02 3.38998581e+01
2.76688344e+02 1.00000000e-02 3.37892136e+01
2.76913457e+02 1.00000000e-02 3.36790501e+01
2.77138569e+02 1.00000000e-02 3.35693649e+01
2.77363682e+02 1.00000000e-02 3.34601556e+01
2.77549870e+02 1.00000000e-02 3.33701875e+01
2.77588794e+02 1.00000000e-02 3.33514194e+01
2.77813907e+02 1.00000000e-02 3.32431539e+01
2.78039020e+02 1.00000000e-02 3.31353565e+01
2.78264132e+02 1.00000000e-02 3.30280246e+01
2.78489245e+02 1.00000000e-02 3.29211558e+01
2.78714357e+02 1.00000000e-02 3.28147476e+01
2.78939470e+02 1.00000000e-02 3.27087975e+01
2.79164582e+02 1.00000000e-02 3.26033029e+01
2.79389695e+02 1.00000000e-02 3.24982616e+01
2.79554938e+02 1.00000000e-02 3.24214432e+01
2.79614807e+02 1.00000000e-02 3.23936710e+01
2.79839920e+02 1.00000000e-02 3.22895287e+01
2.80065033e+02 1.00000000e-02 3.21858324e+01
2.80290145e+02 1.00000000e-02 3.20825796e+01
2.80515258e+02 1.00000000e-02 3.19797680e+01
2.80740370e+02 1.00000000e-02 3.18773952e+01
2.80965483e+02 1.00000000e-02 3.17754589e+01
2.81190595e+02 1.00000000e-02 3.16739567e+01
2.81415708e+02 1.00000000e-02 3.15728864e+01
2.81574492e+02 1.00000000e-02 3.15018546e+01
2.81640820e+02 1.00000000e-02 3.14722457e+01
2.81865933e+02 1.00000000e-02 3.13720322e+01
2.82091046e+02 1.00000000e-02 3.12722438e+01
2.82316158e+02 1.00000000e-02 3.11728781e+01
2.82541271e+02 1.00000000e-02 3.10739330e+01
2.82766383e+02 1.00000000e-02 3.09754061e+01
2.82991496e+02 1.00000000e-02 3.08772953e+01
2.83216608e+02 1.00000000e-02 3.07795985e+01
2.83441721e+02 1.00000000e-02 3.06823134e+01
2.83608635e+02 1.00000000e-02 3.06104439e+01
2.83666833e+02 1.00000000e-02 3.05854378e+01
2.83891946e+02 1.00000000e-02 3.04889696e+01
2.84117059e+02 1.00000000e-02 3.03929067e+01
2.84342171e+02 1.00000000e-02 3.02972469e+01
2.84567284e+02 1.00000000e-02 3.02019881e+01
2.84792396e+02 1.00000000e-02 3.01071283e+01
2.85017509e+02 1.00000000e-02 3.00126653e+01
2.85242621e+02 1.00000000e-02 2.99185971e+01
2.85467734e+02 1.00000000e-02 2.98249215e+01
2.85657473e+02 1.00000000e-02 2.97462692e+01
2.85692846e+02 1.00000000e-02 2.97316367e+01
2.85917959e+02 1.00000000e-02 2.96387404e+01
2.86143072e+02 1.00000000e-02 2.95462308e+01
2.86368184e+02 1.00000000e-02 2.94541057e+01
2.86593297e+02 1.00000000e-02 2.93623633e+01
2.86818409e+02 1.00000000e-02 2.92710014e+01
2.87043522e+02 1.00000000e-02 2.91800182e+01
2.87268634e+02 1.00000000e-02 2.90894117e+01
2.87493747e+02 1.00000000e-02 2.89991799e+01
2.87718859e+02 1.00000000e-02 2.89093210e+01
2.87721113e+02 1.00000000e-02 2.89084234e+01
2.87943972e+02 1.00000000e-02 2.88198328e+01
2.88169085e+02 1.00000000e-02 2.87307137e+01
2.88394197e+02 1.00000000e-02 2.86419616e+01
2.88619310e+02 1.00000000e-02 2.85535747e+01
2.88844422e+02 1.00000000e-02 2.84655511e+01
2.89069535e+02 1.00000000e-02 2.83778889e+01
2.89294647e+02 1.00000000e-02 2.82905863e+01
2.89519760e+02 1.00000000e-02 2.82036415e+01
2.89744872e+02 1.00000000e-02 2.81170525e+01
2.89799660e+02 1.00000000e-02 2.80960322e+01
2.89969985e+02 1.00000000e-02 2.80308177e+01
2.90195098e+02 1.00000000e-02 2.79449351e+01
2.90420210e+02 1.00000000e-02 2.78594030e+01
2.90645323e+02 1.00000000e-02 2.77742196e+01
2.90870435e+02 1.00000000e-02 2.76893832e+01
2.91095548e+02 1.00000000e-02 2.76048919e+01
2.91320660e+02 1.00000000e-02 2.75207440e+01
2.91545773e+02 1.00000000e-02 2.74369378e+01
2.91770885e+02 1.00000000e-02 2.73534715e+01
2.91893223e+02 1.00000000e-02 2.73082534e+01
2.91995998e+02 1.00000000e-02 2.72703434e+01
2.92221111e+02 1.00000000e-02 2.71875518e+01
2.92446223e+02 1.00000000e-02 2.71050950e+01
2.92671336e+02 1.00000000e-02 2.70229713e+01
2.92896448e+02 1.00000000e-02 2.69411790e+01
2.93121561e+02 1.00000000e-02 2.68597165e+01
2.93346673e+02 1.00000000e-02 2.67785821e+01
2.93571786e+02 1.00000000e-02 2.66977741e+01
2.93796898e+02 1.00000000e-02 2.66172910e+01
2.94001911e+02 1.00000000e-02 2.65442752e+01
2.94022011e+02 1.00000000e-02 2.65371310e+01
2.94247124e+02 1.00000000e-02 2.64572925e+01
2.94472236e+02 1.00000000e-02 2.63777740e+01
2.94697349e+02 1.00000000e-02 2.62985739e+01
2.94922461e+02 1.00000000e-02 2.62196905e+01
2.95147574e+02 1.00000000e-02 2.61411223e+01
2.95372686e+02 1.00000000e-02 2.60628676e+01
2.95597799e+02 1.00000000e-02 2.59849250e+01
2.95822911e+02 1.00000000e-02 2.59072929e+01
2.96048024e+02 1.00000000e-02 2.58299697e+01
2.96125832e+02 1.00000000e-02 2.58033152e+01
2.96273137e+02 1.00000000e-02 2.57529539e+01
2.96498249e+02 1.00000000e-02 2.56762440e+01
2.96723362e+02 1.00000000e-02 2.55998385e+01
2.96948474e+02 1.00000000e-02 2.55237358e+01
2.97173587e+02 1.00000000e-02 2.54479344e+01
2.97398699e+02 1.00000000e-02 2.53724329e+01
2.97623812e+02 1.00000000e-02 2.52972298e+01
2.97848924e+02 1.00000000e-02 2.52223236e+01
2.98074037e+02 1.00000000e-02 2.51477128e+01
2.98265097e+02 1.00000000e-02 2.50846192e+01
2.98299150e+02 1.00000000e-02 2.50733961e+01
2.98524262e+02 1.00000000e-02 2.49993718e+01
2.98749375e+02 1.00000000e-02 2.49256387e+01
2.98974487e+02 1.00000000e-02 2.48521952e+01
2.99199600e+02 1.00000000e-02 2.47790400e+01
2.99424712e+02 1.00000000e-02 2.47061717e+01
2.99649825e+02 1.00000000e-02 2.46335887e+01
2.99874937e+02 1.00000000e-02 2.45612898e+01
3.00100050e+02 1.00000000e-02 2.44892736e+01
3.00325163e+02 1.00000000e-02 2.44175386e+01
3.00419816e+02 1.00000000e-02 2.43874598e+01
3.00550275e+02 1.00000000e-02 2.43460835e+01
3.00775388e+02 1.00000000e-02 2.42749070e+01
3.01000500e+02 1.00000000e-02 2.42040076e+01
3.01225613e+02 1.00000000e-02 2.41333841e+01
3.01450725e+02 1.00000000e-02 2.40630350e+01
3.01675838e+02 1.00000000e-02 2.39929592e+01
3.01900950e+02 1.00000000e-02 2.39231551e+01
3.02126063e+02 1.00000000e-02 2.38536216e+01
3.02351176e+02 1.00000000e-02 2.37843573e+01
3.02576288e+02 1.00000000e-02 2.37153608e+01
3.02590101e+02 1.00000000e-02 2.37111360e+01
3.02801401e+02 1.00000000e-02 2.36466310e+01
3.03026513e+02 1.00000000e-02 2.35781666e+01
3.03251626e+02 1.00000000e-02 2.35099661e+01
3.03476738e+02 1.00000000e-02 2.34420285e+01
3.03701851e+02 1.00000000e-02 2.33743523e+01
3.03926963e+02 1.00000000e-02 2.33069364e+01
3.04152076e+02 1.00000000e-02 2.32397796e+01
3.04377189e+02 1.00000000e-02 2.31728804e+01
3.04602301e+02 1.00000000e-02 2.31062378e+01
3.04776065e+02 1.00000000e-02 2.30549714e+01
3.04827414e+02 1.00000000e-02 2.30398505e+01
3.05052526e+02 1.00000000e-02 2.29737173e+01
3.05277639e+02 1.00000000e-02 2.29078369e+01
3.05502751e+02 1.00000000e-02 2.28422082e+01
3.05727864e+02 1.00000000e-02 2.27768300e+01
3.05952976e+02 1.00000000e-02 2.27117010e+01
3.06178089e+02 1.00000000e-02 2.26468200e+01
3.06403202e+02 1.00000000e-02 2.25821860e+01
3.06628314e+02 1.00000000e-02 2.25177977e+01
3.06853427e+02 1.00000000e-02 2.24536540e+01
3.06977820e+02 1.00000000e-02 2.24183137e+01
3.07078539e+02 1.00000000e-02 2.23897536e+01
3.07303652e+02 1.00000000e-02 2.23260955e+01
3.07528764e+02 1.00000000e-02 2.22626784e+01
3.07753877e+02 1.00000000e-02 2.21995014e+01
3.07978989e+02 1.00000000e-02 2.21365631e+01
3.08204102e+02 1.00000000e-02 2.20738625e+01
3.08429215e+02 1.00000000e-02 2.20113986e+01
3.08654327e+02 1.00000000e-02 2.19491700e+01
3.08879440e+02 1.00000000e-02 2.18871758e+01
3.09104552e+02 1.00000000e-02 2.18254149e+01
3.09195481e+02 1.00000000e-02 2.18005339e+01
3.09329665e+02 1.00000000e-02 2.17638861e+01
3.09554777e+02 1.00000000e-02 2.17025884e+01
3.09779890e+02 1.00000000e-02 2.16415206e+01
3.10005003e+02 1.00000000e-02 2.15806818e+01
3.10230115e+02 1.00000000e-02 2.15200707e+01
3.10455228e+02 1.00000000e-02 2.14596865e+01
3.10680340e+02 1.00000000e-02 2.13995279e+01
3.10905453e+02 1.00000000e-02 2.13395940e+01
3.11130565e+02 1.00000000e-02 2.12798837e+01
3.11355678e+02 1.00000000e-02 2.12203959e+01
3.11429163e+02 1.00000000e-02 2.12010248e+01
3.11580790e+02 1.00000000e-02 2.11611297e+01
3.11805903e+02 1.00000000e-02 2.11020839e+01
3.12031016e+02 1.00000000e-02 2.10432577e+01
3.12256128e+02 1.00000000e-02 2.09846499e+01
3.12481241e+02 1.00000000e-02 2.09262595e+01
3.12706353e+02 1.00000000e-02 2.08680855e+01
3.12931466e+02 1.00000000e-02 2.08101270e+01
3.13156578e+02 1.00000000e-02 2.07523829e+01
3.13381691e+02 1.00000000e-02 2.06948523e+01
3.13606803e+02 1.00000000e-02 2.06375341e+01
3.13678982e+02 1.00000000e-02 2.06192008e+01
3.13831916e+02 1.00000000e-02 2.05804273e+01
3.14057029e+02 1.00000000e-02 2.05235311e+01
3.14282141e+02 1.00000000e-02 2.04668444e+01
3.14507254e+02 1.00000000e-02 2.04103663e+01
3.14732366e+02 1.00000000e-02 2.03540958e+01
3.14957479e+02 1.00000000e-02 2.02980320e+01
3.15182591e+02 1.00000000e-02 2.02421738e+01
3.15407704e+02 1.00000000e-02 2.01865205e+01
3.15632816e+02 1.00000000e-02 2.01310709e+01
3.15857929e+02 1.00000000e-02 2.00758243e+01
3.15945054e+02 1.00000000e-02 2.00544966e+01
3.16083042e+02 1.00000000e-02 2.00207796e+01
3.16308154e+02 1.00000000e-02 1.99659360e+01
3.16533267e+02 1.00000000e-02 1.99112925e+01
3.16758379e+02 1.00000000e-02 1.98568482e+01
3.16983492e+02 1.00000000e-02 1.98026022e+01
3.17208604e+02 1.00000000e-02 1.97485537e+01
3.17433717e+02 1.00000000e-02 1.96947016e+01
3.17658829e+02 1.00000000e-02 1.96410452e+01
3.17883942e+02 1.00000000e-02 1.95875835e+01
3.18109055e+02 1.00000000e-02 1.95343156e+01
3.18227496e+02 1.00000000e-02 1.95063667e+01
3.18334167e+02 1.00000000e-02 1.94812408e+01
3.18559280e+02 1.00000000e-02 1.94283580e+01
3.18784392e+02 1.00000000e-02 1.93756665e+01
3.19009505e+02 1.00000000e-02 1.93231653e+01
3.19234617e+02 1.00000000e-02 1.92708536e+01
3.19459730e+02 1.00000000e-02 1.92187306e+01
3.19684842e+02 1.00000000e-02 1.91667954e+01
3.19909955e+02 1.00000000e-02 1.91150471e+01
3.20135068e+02 1.00000000e-02 1.90634850e+01
3.20360180e+02 1.00000000e-02 1.90121082e+01
3.20526427e+02 1.00000000e-02 1.89742846e+01
3.20585293e+02 1.00000000e-02 1.89609158e+01
3.20810405e+02 1.00000000e-02 1.89099070e+01
3.21035518e+02 1.00000000e-02 1.88590810e+01
3.21260630e+02 1.00000000e-02 1.88084370e+01
3.21485743e+02 1.00000000e-02 1.87579742e+01
3.21710855e+02 1.00000000e-02 1.87076918e+01
3.21935968e+02 1.00000000e-02 1.86575888e+01
3.22161081e+02 1.00000000e-02 1.86076647e+01
3.22386193e+02 1.00000000e-02 1.85579185e+01
3.22611306e+02 1.00000000e-02 1.85083495e+01
3.22836418e+02 1.00000000e-02 1.84589568e+01
3.22841965e+02 1.00000000e-02 1.84577419e+01
3.23061531e+02 1.00000000e-02 1.84097398e+01
3.23286643e+02 1.00000000e-02 1.83606975e+01
3.23511756e+02 1.00000000e-02 1.83118293e+01
3.23736868e+02 1.00000000e-02 1.82631344e+01
3.23961981e+02 1.00000000e-02 1.82146120e+01
3.24187094e+02 1.00000000e-02 1.81662613e+01
3.24412206e+02 1.00000000e-02 1.81180816e+01
3.24637319e+02 1.00000000e-02 1.80700721e+01
3.24862431e+02 1.00000000e-02 1.80222320e+01
3.25087544e+02 1.00000000e-02 1.79745607e+01
3.25174232e+02 1.00000000e-02 1.79562479e+01
3.25312656e+02 1.00000000e-02 1.79270574e+01
3.25537769e+02 1.00000000e-02 1.78797214e+01
3.25762881e+02 1.00000000e-02 1.78325518e+01
3.25987994e+02 1.00000000e-02 1.77855480e+01
3.26213107e+02 1.00000000e-02 1.77387093e+01
3.26438219e+02 1.00000000e-02 1.76920348e+01
3.26663332e+02 1.00000000e-02 1.76455240e+01
3.26888444e+02 1.00000000e-02 1.75991761e+01
3.27113557e+02 1.00000000e-02 1.75529903e+01
3.27338669e+02 1.00000000e-02 1.75069660e+01
3.27523347e+02 1.00000000e-02 1.74693287e+01
3.27563782e+02 1.00000000e-02 1.74611025e+01
3.27788894e+02 1.00000000e-02 1.74153991e+01
3.28014007e+02 1.00000000e-02 1.73698549e+01
3.28239120e+02 1.00000000e-02 1.73244695e+01
3.28464232e+02 1.00000000e-02 1.72792421e+01
3.28689345e+02 1.00000000e-02 1.72341719e+01
3.28914457e+02 1.00000000e-02 1.71892583e+01
3.29139570e+02 1.00000000e-02 1.71445007e+01
3.29364682e+02 1.00000000e-02 1.70998983e+01
3.29589795e+02 1.00000000e-02 1.70554505e+01
3.29814907e+02 1.00000000e-02 1.70111567e+01
3.29889433e+02 1.00000000e-02 1.69965265e+01
3.30040020e+02 1.00000000e-02 1.69670160e+01
3.30265133e+02 1.00000000e-02 1.69230280e+01
3.30490245e+02 1.00000000e-02 1.68791918e+01
3.30715358e+02 1.00000000e-02 1.68355070e+01
3.30940470e+02 1.00000000e-02 1.67919727e+01
3.31165583e+02 1.00000000e-02 1.67485884e+01
3.31390695e+02 1.00000000e-02 1.67053535e+01
3.31615808e+02 1.00000000e-02 1.66622672e+01
3.31840920e+02 1.00000000e-02 1.66193290e+01
3.32066033e+02 1.00000000e-02 1.65765382e+01
3.32272612e+02 1.00000000e-02 1.65373995e+01
3.32291146e+02 1.00000000e-02 1.65338941e+01
3.32516258e+02 1.00000000e-02 1.64913962e+01
3.32741371e+02 1.00000000e-02 1.64490439e+01
3.32966483e+02 1.00000000e-02 1.64068364e+01
3.33191596e+02 1.00000000e-02 1.63647732e+01
3.33416708e+02 1.00000000e-02 1.63228536e+01
3.33641821e+02 1.00000000e-02 1.62810772e+01
3.33866933e+02 1.00000000e-02 1.62394431e+01
3.34092046e+02 1.00000000e-02 1.61979509e+01
3.34317159e+02 1.00000000e-02 1.61565999e+01
3.34542271e+02 1.00000000e-02 1.61153896e+01
3.34673007e+02 1.00000000e-02 1.60915206e+01
3.34767384e+02 1.00000000e-02 1.60743193e+01
3.34992496e+02 1.00000000e-02 1.60333884e+01
3.35217609e+02 1.00000000e-02 1.59925964e+01
3.35442721e+02 1.00000000e-02 1.59519426e+01
3.35667834e+02 1.00000000e-02 1.59114265e+01
3.35892946e+02 1.00000000e-02 1.58710475e+01
3.36118059e+02 1.00000000e-02 1.58308050e+01
3.36343172e+02 1.00000000e-02 1.57906985e+01
3.36568284e+02 1.00000000e-02 1.57507273e+01
3.36793397e+02 1.00000000e-02 1.57108909e+01
3.37018509e+02 1.00000000e-02 1.56711887e+01
3.37090743e+02 1.00000000e-02 1.56584775e+01
3.37243622e+02 1.00000000e-02 1.56316202e+01
3.37468734e+02 1.00000000e-02 1.55921848e+01
3.37693847e+02 1.00000000e-02 1.55528820e+01
3.37918959e+02 1.00000000e-02 1.55137111e+01
3.38144072e+02 1.00000000e-02 1.54746716e+01
3.38369185e+02 1.00000000e-02 1.54357630e+01
3.38594297e+02 1.00000000e-02 1.53969848e+01
3.38819410e+02 1.00000000e-02 1.53583363e+01
3.39044522e+02 1.00000000e-02 1.53198171e+01
3.39269635e+02 1.00000000e-02 1.52814265e+01
3.39494747e+02 1.00000000e-02 1.52431642e+01
3.39525946e+02 1.00000000e-02 1.52378715e+01
3.39719860e+02 1.00000000e-02 1.52050295e+01
3.39944972e+02 1.00000000e-02 1.51670218e+01
3.40170085e+02 1.00000000e-02 1.51291408e+01
3.40395198e+02 1.00000000e-02 1.50913858e+01
3.40620310e+02 1.00000000e-02 1.50537563e+01
3.40845423e+02 1.00000000e-02 1.50162518e+01
3.41070535e+02 1.00000000e-02 1.49788717e+01
3.41295648e+02 1.00000000e-02 1.49416157e+01
3.41520760e+02 1.00000000e-02 1.49044831e+01
3.41745873e+02 1.00000000e-02 1.48674734e+01
3.41970985e+02 1.00000000e-02 1.48305862e+01
3.41978740e+02 1.00000000e-02 1.48293177e+01
3.42196098e+02 1.00000000e-02 1.47938209e+01
3.42421211e+02 1.00000000e-02 1.47571770e+01
3.42646323e+02 1.00000000e-02 1.47206540e+01
3.42871436e+02 1.00000000e-02 1.46842515e+01
3.43096548e+02 1.00000000e-02 1.46479689e+01
3.43321661e+02 1.00000000e-02 1.46118057e+01
3.43546773e+02 1.00000000e-02 1.45757615e+01
3.43771886e+02 1.00000000e-02 1.45398357e+01
3.43996998e+02 1.00000000e-02 1.45040279e+01
3.44222111e+02 1.00000000e-02 1.44683376e+01
3.44447224e+02 1.00000000e-02 1.44327642e+01
3.44449254e+02 1.00000000e-02 1.44324439e+01
3.44672336e+02 1.00000000e-02 1.43973074e+01
3.44897449e+02 1.00000000e-02 1.43619667e+01
3.45122561e+02 1.00000000e-02 1.43267415e+01
3.45347674e+02 1.00000000e-02 1.42916314e+01
3.45572786e+02 1.00000000e-02 1.42566359e+01
3.45797899e+02 1.00000000e-02 1.42217547e+01
3.46023012e+02 1.00000000e-02 1.41869871e+01
3.46248124e+02 1.00000000e-02 1.41523327e+01
3.46473237e+02 1.00000000e-02 1.41177911e+01
3.46698349e+02 1.00000000e-02 1.40833618e+01
3.46923462e+02 1.00000000e-02 1.40490444e+01
3.46937616e+02 1.00000000e-02 1.40468904e+01
3.47148574e+02 1.00000000e-02 1.40148384e+01
3.47373687e+02 1.00000000e-02 1.39807434e+01
3.47598799e+02 1.00000000e-02 1.39467589e+01
3.47823912e+02 1.00000000e-02 1.39128844e+01
3.48049025e+02 1.00000000e-02 1.38791195e+01
3.48274137e+02 1.00000000e-02 1.38454638e+01
3.48499250e+02 1.00000000e-02 1.38119168e+01
3.48724362e+02 1.00000000e-02 1.37784781e+01
3.48949475e+02 1.00000000e-02 1.37451473e+01
3.49174587e+02 1.00000000e-02 1.37119239e+01
3.49399700e+02 1.00000000e-02 1.36788075e+01
3.49443954e+02 1.00000000e-02 1.36723098e+01
3.49624812e+02 1.00000000e-02 1.36457976e+01
3.49849925e+02 1.00000000e-02 1.36128938e+01
3.50075038e+02 1.00000000e-02 1.35800958e+01
3.50300150e+02 1.00000000e-02 1.35474030e+01
3.50525263e+02 1.00000000e-02 1.35148151e+01
3.50750375e+02 1.00000000e-02 1.34823317e+01
3.50975488e+02 1.00000000e-02 1.34499522e+01
3.51200600e+02 1.00000000e-02 1.34176763e+01
3.51425713e+02 1.00000000e-02 1.33855037e+01
3.51650825e+02 1.00000000e-02 1.33534338e+01
3.51875938e+02 1.00000000e-02 1.33214663e+01
3.51968398e+02 1.00000000e-02 1.33083659e+01
3.52101051e+02 1.00000000e-02 1.32896007e+01
3.52326163e+02 1.00000000e-02 1.32578367e+01
3.52551276e+02 1.00000000e-02 1.32261738e+01
3.52776388e+02 1.00000000e-02 1.31946117e+01
3.53001501e+02 1.00000000e-02 1.31631499e+01
3.53226613e+02 1.00000000e-02 1.31317880e+01
3.53451726e+02 1.00000000e-02 1.31005258e+01
3.53676838e+02 1.00000000e-02 1.30693626e+01
3.53901951e+02 1.00000000e-02 1.30382982e+01
3.54127064e+02 1.00000000e-02 1.30073322e+01
3.54352176e+02 1.00000000e-02 1.29764642e+01
3.54511079e+02 1.00000000e-02 1.29547339e+01
3.54577289e+02 1.00000000e-02 1.29456938e+01
3.54802401e+02 1.00000000e-02 1.29150206e+01
3.55027514e+02 1.00000000e-02 1.28844442e+01
3.55252626e+02 1.00000000e-02 1.28539642e+01
3.55477739e+02 1.00000000e-02 1.28235804e+01
3.55702851e+02 1.00000000e-02 1.27932922e+01
3.55927964e+02 1.00000000e-02 1.27630993e+01
3.56153077e+02 1.00000000e-02 1.27330013e+01
3.56378189e+02 1.00000000e-02 1.27029979e+01
3.56603302e+02 1.00000000e-02 1.26730887e+01
3.56828414e+02 1.00000000e-02 1.26432733e+01
3.57053527e+02 1.00000000e-02 1.26135514e+01
3.57072129e+02 1.00000000e-02 1.26110995e+01
3.57278639e+02 1.00000000e-02 1.25839226e+01
3.57503752e+02 1.00000000e-02 1.25543864e+01
3.57728864e+02 1.00000000e-02 1.25249427e+01
3.57953977e+02 1.00000000e-02 1.24955909e+01
3.58179090e+02 1.00000000e-02 1.24663308e+01
3.58404202e+02 1.00000000e-02 1.24371620e+01
3.58629315e+02 1.00000000e-02 1.24080841e+01
3.58854427e+02 1.00000000e-02 1.23790968e+01
3.59079540e+02 1.00000000e-02 1.23501996e+01
3.59304652e+02 1.00000000e-02 1.23213924e+01
3.59529765e+02 1.00000000e-02 1.22926747e+01
3.59651680e+02 1.00000000e-02 1.22771592e+01
3.59754877e+02 1.00000000e-02 1.22640462e+01
3.59979990e+02 1.00000000e-02 1.22355065e+01
3.60205103e+02 1.00000000e-02 1.22070552e+01
3.60430215e+02 1.00000000e-02 1.21786922e+01
3.60655328e+02 1.00000000e-02 1.21504169e+01
3.60880440e+02 1.00000000e-02 1.21222290e+01
3.61105553e+02 1.00000000e-02 1.20941284e+01
3.61330665e+02 1.00000000e-02 1.20661144e+01
3.61555778e+02 1.00000000e-02 1.20381870e+01
3.61780890e+02 1.00000000e-02 1.20103456e+01
3.62006003e+02 1.00000000e-02 1.19825901e+01
3.62231116e+02 1.00000000e-02 1.19549200e+01
3.62249866e+02 1.00000000e-02 1.19526191e+01
3.62456228e+02 1.00000000e-02 1.19273350e+01
3.62681341e+02 1.00000000e-02 1.18998349e+01
3.62906453e+02 1.00000000e-02 1.18724192e+01
3.63131566e+02 1.00000000e-02 1.18450876e+01
3.63356678e+02 1.00000000e-02 1.18178399e+01
3.63581791e+02 1.00000000e-02 1.17906757e+01
3.63806903e+02 1.00000000e-02 1.17635947e+01
3.64032016e+02 1.00000000e-02 1.17365966e+01
3.64257129e+02 1.00000000e-02 1.17096810e+01
3.64482241e+02 1.00000000e-02 1.16828477e+01
3.64707354e+02 1.00000000e-02 1.16560962e+01
3.64866823e+02 1.00000000e-02 1.16371950e+01
3.64932466e+02 1.00000000e-02 1.16294264e+01
3.65157579e+02 1.00000000e-02 1.16028379e+01
3.65382691e+02 1.00000000e-02 1.15763304e+01
3.65607804e+02 1.00000000e-02 1.15499035e+01
3.65832916e+02 1.00000000e-02 1.15235571e+01
3.66058029e+02 1.00000000e-02 1.14972907e+01
3.66283142e+02 1.00000000e-02 1.14711041e+01
3.66508254e+02 1.00000000e-02 1.14449969e+01
3.66733367e+02 1.00000000e-02 1.14189689e+01
3.66958479e+02 1.00000000e-02 1.13930198e+01
3.67183592e+02 1.00000000e-02 1.13671492e+01
3.67408704e+02 1.00000000e-02 1.13413569e+01
3.67502684e+02 1.00000000e-02 1.13306122e+01
3.67633817e+02 1.00000000e-02 1.13156426e+01
3.67858929e+02 1.00000000e-02 1.12900059e+01
3.68084042e+02 1.00000000e-02 1.12644466e+01
3.68309155e+02 1.00000000e-02 1.12389645e+01
3.68534267e+02 1.00000000e-02 1.12135591e+01
3.68759380e+02 1.00000000e-02 1.11882302e+01
3.68984492e+02 1.00000000e-02 1.11629776e+01
3.69209605e+02 1.00000000e-02 1.11378009e+01
3.69434717e+02 1.00000000e-02 1.11126999e+01
3.69659830e+02 1.00000000e-02 1.10876742e+01
3.69884942e+02 1.00000000e-02 1.10627236e+01
3.70110055e+02 1.00000000e-02 1.10378478e+01
3.70157588e+02 1.00000000e-02 1.10326049e+01
3.70335168e+02 1.00000000e-02 1.10130466e+01
3.70560280e+02 1.00000000e-02 1.09883196e+01
3.70785393e+02 1.00000000e-02 1.09636665e+01
3.71010505e+02 1.00000000e-02 1.09390872e+01
3.71235618e+02 1.00000000e-02 1.09145813e+01
3.71460730e+02 1.00000000e-02 1.08901485e+01
3.71685843e+02 1.00000000e-02 1.08657886e+01
3.71910955e+02 1.00000000e-02 1.08415013e+01
3.72136068e+02 1.00000000e-02 1.08172863e+01
3.72361181e+02 1.00000000e-02 1.07931433e+01
3.72586293e+02 1.00000000e-02 1.07690722e+01
3.72811406e+02 1.00000000e-02 1.07450726e+01
3.72831670e+02 1.00000000e-02 1.07429156e+01
3.73036518e+02 1.00000000e-02 1.07211443e+01
3.73261631e+02 1.00000000e-02 1.06972869e+01
3.73486743e+02 1.00000000e-02 1.06735003e+01
3.73711856e+02 1.00000000e-02 1.06497841e+01
3.73936968e+02 1.00000000e-02 1.06261382e+01
3.74162081e+02 1.00000000e-02 1.06025622e+01
3.74387194e+02 1.00000000e-02 1.05790559e+01
3.74612306e+02 1.00000000e-02 1.05556191e+01
3.74837419e+02 1.00000000e-02 1.05322514e+01
3.75062531e+02 1.00000000e-02 1.05089526e+01
3.75287644e+02 1.00000000e-02 1.04857225e+01
3.75512756e+02 1.00000000e-02 1.04625608e+01
3.75525071e+02 1.00000000e-02 1.04612957e+01
3.75737869e+02 1.00000000e-02 1.04394673e+01
3.75962981e+02 1.00000000e-02 1.04164417e+01
3.76188094e+02 1.00000000e-02 1.03934838e+01
3.76413207e+02 1.00000000e-02 1.03705933e+01
3.76638319e+02 1.00000000e-02 1.03477700e+01
3.76863432e+02 1.00000000e-02 1.03250135e+01
3.77088544e+02 1.00000000e-02 1.03023238e+01
3.77313657e+02 1.00000000e-02 1.02797005e+01
3.77538769e+02 1.00000000e-02 1.02571434e+01
3.77763882e+02 1.00000000e-02 1.02346522e+01
3.77988994e+02 1.00000000e-02 1.02122267e+01
3.78214107e+02 1.00000000e-02 1.01898667e+01
3.78237930e+02 1.00000000e-02 1.01875043e+01
3.78439220e+02 1.00000000e-02 1.01675720e+01
3.78664332e+02 1.00000000e-02 1.01453422e+01
3.78889445e+02 1.00000000e-02 1.01231772e+01
3.79114557e+02 1.00000000e-02 1.01010767e+01
3.79339670e+02 1.00000000e-02 1.00790405e+01
3.79564782e+02 1.00000000e-02 1.00570683e+01
3.79789895e+02 1.00000000e-02 1.00351600e+01
3.80015008e+02 1.00000000e-02 1.00133152e+01
3.80240120e+02 1.00000000e-02 9.99153382e+00
3.80465233e+02 1.00000000e-02 9.96981555e+00
3.80690345e+02 1.00000000e-02 9.94816018e+00
3.80915458e+02 1.00000000e-02 9.92656748e+00
3.80970387e+02 1.00000000e-02 9.92130819e+00
3.81140570e+02 1.00000000e-02 9.90503722e+00
3.81365683e+02 1.00000000e-02 9.88356919e+00
3.81590795e+02 1.00000000e-02 9.86216315e+00
3.81815908e+02 1.00000000e-02 9.84081888e+00
3.82041021e+02 1.00000000e-02 9.81953615e+00
3.82266133e+02 1.00000000e-02 9.79831476e+00
3.82491246e+02 1.00000000e-02 9.77715447e+00
3.82716358e+02 1.00000000e-02 9.75605507e+00
3.82941471e+02 1.00000000e-02 9.73501633e+00
3.83166583e+02 1.00000000e-02 9.71403804e+00
3.83391696e+02 1.00000000e-02 9.69311999e+00
3.83616808e+02 1.00000000e-02 9.67226195e+00
3.83722583e+02 1.00000000e-02 9.66248193e+00
3.83841921e+02 1.00000000e-02 9.65146371e+00
3.84067034e+02 1.00000000e-02 9.63072506e+00
3.84292146e+02 1.00000000e-02 9.61004579e+00
3.84517259e+02 1.00000000e-02 9.58942567e+00
3.84742371e+02 1.00000000e-02 9.56886451e+00
3.84967484e+02 1.00000000e-02 9.54836208e+00
3.85192596e+02 1.00000000e-02 9.52791819e+00
3.85417709e+02 1.00000000e-02 9.50753261e+00
3.85642821e+02 1.00000000e-02 9.48720515e+00
3.85867934e+02 1.00000000e-02 9.46693560e+00
3.86093047e+02 1.00000000e-02 9.44672375e+00
3.86318159e+02 1.00000000e-02 9.42656939e+00
3.86494662e+02 1.00000000e-02 9.41080713e+00
3.86543272e+02 1.00000000e-02 9.40647232e+00
3.86768384e+02 1.00000000e-02 9.38643235e+00
3.86993497e+02 1.00000000e-02 9.36644925e+00
3.87218609e+02 1.00000000e-02 9.34652284e+00
3.87443722e+02 1.00000000e-02 9.32665291e+00
3.87668834e+02 1.00000000e-02 9.30683927e+00
3.87893947e+02 1.00000000e-02 9.28708171e+00
3.88119060e+02 1.00000000e-02 9.26738003e+00
3.88344172e+02 1.00000000e-02 9.24773404e+00
3.88569285e+02 1.00000000e-02 9.22814354e+00
3.88794397e+02 1.00000000e-02 9.20860834e+00
3.89019510e+02 1.00000000e-02 9.18912824e+00
3.89244622e+02 1.00000000e-02 9.16970304e+00
3.89286767e+02 1.00000000e-02 9.16607242e+00
3.89469735e+02 1.00000000e-02 9.15033256e+00
3.89694847e+02 1.00000000e-02 9.13101659e+00
3.89919960e+02 1.00000000e-02 9.11175496e+00
3.90145073e+02 1.00000000e-02 9.09254746e+00
3.90370185e+02 1.00000000e-02 9.07339391e+00
3.90595298e+02 1.00000000e-02 9.05429412e+00
3.90820410e+02 1.00000000e-02 9.03524790e+00
3.91045523e+02 1.00000000e-02 9.01625506e+00
3.91270635e+02 1.00000000e-02 8.99731542e+00
3.91495748e+02 1.00000000e-02 8.97842879e+00
3.91720860e+02 1.00000000e-02 8.95959498e+00
3.91945973e+02 1.00000000e-02 8.94081381e+00
3.92099042e+02 1.00000000e-02 8.92807317e+00
3.92171086e+02 1.00000000e-02 8.92208509e+00
3.92396198e+02 1.00000000e-02 8.90340865e+00
3.92621311e+02 1.00000000e-02 8.88478430e+00
3.92846423e+02 1.00000000e-02 8.86621186e+00
3.93071536e+02 1.00000000e-02 8.84769114e+00
3.93296648e+02 1.00000000e-02 8.82922197e+00
3.93521761e+02 1.00000000e-02 8.81080418e+00
3.93746873e+02 1.00000000e-02 8.79243757e+00
3.93971986e+02 1.00000000e-02 8.77412198e+00
3.94197099e+02 1.00000000e-02 8.75585722e+00
3.94422211e+02 1.00000000e-02 8.73764312e+00
3.94647324e+02 1.00000000e-02 8.71947951e+00
3.94872436e+02 1.00000000e-02 8.70136620e+00
3.94931634e+02 1.00000000e-02 8.69661126e+00
3.95097549e+02 1.00000000e-02 8.68330303e+00
3.95322661e+02 1.00000000e-02 8.66528982e+00
3.95547774e+02 1.00000000e-02 8.64732640e+00
3.95772886e+02 1.00000000e-02 8.62941260e+00
3.95997999e+02 1.00000000e-02 8.61154825e+00
3.96223112e+02 1.00000000e-02 8.59373317e+00
3.96448224e+02 1.00000000e-02 8.57596719e+00
3.96673337e+02 1.00000000e-02 8.55825016e+00
3.96898449e+02 1.00000000e-02 8.54058189e+00
3.97123562e+02 1.00000000e-02 8.52296222e+00
3.97348674e+02 1.00000000e-02 8.50539099e+00
3.97573787e+02 1.00000000e-02 8.48786802e+00
3.97784689e+02 1.00000000e-02 8.47149484e+00
3.97798899e+02 1.00000000e-02 8.47039316e+00
3.98024012e+02 1.00000000e-02 8.45296623e+00
3.98249125e+02 1.00000000e-02 8.43558707e+00
3.98474237e+02 1.00000000e-02 8.41825553e+00
3.98699350e+02 1.00000000e-02 8.40097143e+00
3.98924462e+02 1.00000000e-02 8.38373461e+00
3.99149575e+02 1.00000000e-02 8.36654492e+00
3.99374687e+02 1.00000000e-02 8.34940219e+00
3.99599800e+02 1.00000000e-02 8.33230625e+00
3.99824912e+02 1.00000000e-02 8.31525696e+00
4.00050025e+02 1.00000000e-02 8.29825416e+00
4.00275138e+02 1.00000000e-02 8.28129767e+00
4.00500250e+02 1.00000000e-02 8.26438736e+00
4.00658355e+02 1.00000000e-02 8.25253812e+00
4.00725363e+02 1.00000000e-02 8.24752305e+00
4.00950475e+02 1.00000000e-02 8.23070460e+00
4.01175588e+02 1.00000000e-02 8.21393184e+00
4.01400700e+02 1.00000000e-02 8.19720463e+00
4.01625813e+02 1.00000000e-02 8.18052280e+00
4.01850925e+02 1.00000000e-02 8.16388621e+00
4.02076038e+02 1.00000000e-02 8.14729470e+00
4.02301151e+02 1.00000000e-02 8.13074812e+00
4.02526263e+02 1.00000000e-02 8.11424631e+00
4.02751376e+02 1.00000000e-02 8.09778913e+00
4.02976488e+02 1.00000000e-02 8.08137642e+00
4.03201601e+02 1.00000000e-02 8.06500804e+00
4.03426713e+02 1.00000000e-02 8.04868383e+00
4.03552781e+02 1.00000000e-02 8.03956118e+00
4.03651826e+02 1.00000000e-02 8.03240365e+00
4.03876938e+02 1.00000000e-02 8.01616734e+00
4.04102051e+02 1.00000000e-02 7.99997476e+00
4.04327164e+02 1.00000000e-02 7.98382577e+00
4.04552276e+02 1.00000000e-02 7.96772021e+00
4.04777389e+02 1.00000000e-02 7.95165794e+00
4.05002501e+02 1.00000000e-02 7.93563882e+00
4.05227614e+02 1.00000000e-02 7.91966270e+00
4.05452726e+02 1.00000000e-02 7.90372943e+00
4.05677839e+02 1.00000000e-02 7.88783887e+00
4.05902951e+02 1.00000000e-02 7.87199089e+00
4.06128064e+02 1.00000000e-02 7.85618533e+00
4.06353177e+02 1.00000000e-02 7.84042205e+00
4.06468117e+02 1.00000000e-02 7.83238975e+00
4.06578289e+02 1.00000000e-02 7.82470092e+00
4.06803402e+02 1.00000000e-02 7.80902179e+00
4.07028514e+02 1.00000000e-02 7.79338452e+00
4.07253627e+02 1.00000000e-02 7.77778898e+00
4.07478739e+02 1.00000000e-02 7.76223502e+00
4.07703852e+02 1.00000000e-02 7.74672250e+00
4.07928964e+02 1.00000000e-02 7.73125129e+00
4.08154077e+02 1.00000000e-02 7.71582126e+00
4.08379190e+02 1.00000000e-02 7.70043225e+00
4.08604302e+02 1.00000000e-02 7.68508414e+00
4.08829415e+02 1.00000000e-02 7.66977680e+00
4.09054527e+02 1.00000000e-02 7.65451008e+00
4.09279640e+02 1.00000000e-02 7.63928385e+00
4.09404513e+02 1.00000000e-02 7.63085503e+00
4.09504752e+02 1.00000000e-02 7.62409797e+00
4.09729865e+02 1.00000000e-02 7.60895232e+00
4.09954977e+02 1.00000000e-02 7.59384676e+00
4.10180090e+02 1.00000000e-02 7.57878116e+00
4.10405203e+02 1.00000000e-02 7.56375538e+00
4.10630315e+02 1.00000000e-02 7.54876930e+00
4.10855428e+02 1.00000000e-02 7.53382278e+00
4.11080540e+02 1.00000000e-02 7.51891570e+00
4.11305653e+02 1.00000000e-02 7.50404791e+00
4.11530765e+02 1.00000000e-02 7.48921930e+00
4.11755878e+02 1.00000000e-02 7.47442974e+00
4.11980990e+02 1.00000000e-02 7.45967909e+00
4.12206103e+02 1.00000000e-02 7.44496722e+00
4.12362123e+02 1.00000000e-02 7.43479350e+00
4.12431216e+02 1.00000000e-02 7.43029402e+00
4.12656328e+02 1.00000000e-02 7.41565936e+00
4.12881441e+02 1.00000000e-02 7.40106309e+00
4.13106553e+02 1.00000000e-02 7.38650512e+00
4.13331666e+02 1.00000000e-02 7.37198529e+00
4.13556778e+02 1.00000000e-02 7.35750350e+00
4.13781891e+02 1.00000000e-02 7.34305961e+00
4.14007004e+02 1.00000000e-02 7.32865351e+00
4.14232116e+02 1.00000000e-02 7.31428507e+00
4.14457229e+02 1.00000000e-02 7.29995416e+00
4.14682341e+02 1.00000000e-02 7.28566067e+00
4.14907454e+02 1.00000000e-02 7.27140446e+00
4.15132566e+02 1.00000000e-02 7.25718543e+00
4.15341099e+02 1.00000000e-02 7.24404673e+00
4.15357679e+02 1.00000000e-02 7.24300345e+00
4.15582791e+02 1.00000000e-02 7.22885839e+00
4.15807904e+02 1.00000000e-02 7.21475015e+00
4.16033017e+02 1.00000000e-02 7.20067859e+00
4.16258129e+02 1.00000000e-02 7.18664360e+00
4.16483242e+02 1.00000000e-02 7.17264506e+00
4.16708354e+02 1.00000000e-02 7.15868286e+00
4.16933467e+02 1.00000000e-02 7.14475687e+00
4.17158579e+02 1.00000000e-02 7.13086698e+00
4.17383692e+02 1.00000000e-02 7.11701307e+00
4.17608804e+02 1.00000000e-02 7.10319502e+00
4.17833917e+02 1.00000000e-02 7.08941272e+00
4.18059030e+02 1.00000000e-02 7.07566605e+00
4.18284142e+02 1.00000000e-02 7.06195490e+00
4.18341595e+02 1.00000000e-02 7.05846123e+00
4.18509255e+02 1.00000000e-02 7.04827916e+00
4.18734367e+02 1.00000000e-02 7.03463870e+00
4.18959480e+02 1.00000000e-02 7.02103341e+00
4.19184592e+02 1.00000000e-02 7.00746319e+00
4.19409705e+02 1.00000000e-02 6.99392792e+00
4.19634817e+02 1.00000000e-02 6.98042748e+00
4.19859930e+02 1.00000000e-02 6.96696177e+00
4.20085043e+02 1.00000000e-02 6.95353067e+00
4.20310155e+02 1.00000000e-02 6.94013408e+00
4.20535268e+02 1.00000000e-02 6.92677187e+00
4.20760380e+02 1.00000000e-02 6.91344394e+00
4.20985493e+02 1.00000000e-02 6.90015019e+00
4.21210605e+02 1.00000000e-02 6.88689049e+00
4.21363768e+02 1.00000000e-02 6.87788826e+00
4.21435718e+02 1.00000000e-02 6.87366475e+00
4.21660830e+02 1.00000000e-02 6.86047285e+00
4.21885943e+02 1.00000000e-02 6.84731469e+00
4.22111056e+02 1.00000000e-02 6.83419016e+00
4.22336168e+02 1.00000000e-02 6.82109914e+00
4.22561281e+02 1.00000000e-02 6.80804154e+00
4.22786393e+02 1.00000000e-02 6.79501725e+00
4.23011506e+02 1.00000000e-02 6.78202615e+00
4.23236618e+02 1.00000000e-02 6.76906816e+00
4.23461731e+02 1.00000000e-02 6.75614315e+00
4.23686843e+02 1.00000000e-02 6.74325102e+00
4.23911956e+02 1.00000000e-02 6.73039168e+00
4.24137069e+02 1.00000000e-02 6.71756501e+00
4.24362181e+02 1.00000000e-02 6.70477092e+00
4.24407773e+02 1.00000000e-02 6.70218369e+00
4.24587294e+02 1.00000000e-02 6.69200929e+00
4.24812406e+02 1.00000000e-02 6.67928003e+00
4.25037519e+02 1.00000000e-02 6.66658304e+00
4.25262631e+02 1.00000000e-02 6.65391820e+00
4.25487744e+02 1.00000000e-02 6.64128543e+00
4.25712856e+02 1.00000000e-02 6.62868461e+00
4.25937969e+02 1.00000000e-02 6.61611565e+00
4.26163082e+02 1.00000000e-02 6.60357845e+00
4.26388194e+02 1.00000000e-02 6.59107290e+00
4.26613307e+02 1.00000000e-02 6.57859891e+00
4.26838419e+02 1.00000000e-02 6.56615638e+00
4.27063532e+02 1.00000000e-02 6.55374521e+00
4.27288644e+02 1.00000000e-02 6.54136529e+00
4.27473769e+02 1.00000000e-02 6.53120785e+00
4.27513757e+02 1.00000000e-02 6.52901654e+00
4.27738869e+02 1.00000000e-02 6.51669885e+00
4.27963982e+02 1.00000000e-02 6.50441212e+00
4.28189095e+02 1.00000000e-02 6.49215627e+00
4.28414207e+02 1.00000000e-02 6.47993118e+00
4.28639320e+02 1.00000000e-02 6.46773677e+00
4.28864432e+02 1.00000000e-02 6.45557294e+00
4.29089545e+02 1.00000000e-02 6.44343959e+00
4.29314657e+02 1.00000000e-02 6.43133662e+00
4.29539770e+02 1.00000000e-02 6.41926395e+00
4.29764882e+02 1.00000000e-02 6.40722148e+00
4.29989995e+02 1.00000000e-02 6.39520911e+00
4.30215108e+02 1.00000000e-02 6.38322675e+00
4.30440220e+02 1.00000000e-02 6.37127431e+00
4.30561914e+02 1.00000000e-02 6.36482535e+00
4.30665333e+02 1.00000000e-02 6.35935169e+00
4.30890445e+02 1.00000000e-02 6.34745879e+00
4.31115558e+02 1.00000000e-02 6.33559554e+00
4.31340670e+02 1.00000000e-02 6.32376182e+00
4.31565783e+02 1.00000000e-02 6.31195757e+00
4.31790895e+02 1.00000000e-02 6.30018267e+00
4.32016008e+02 1.00000000e-02 6.28843704e+00
4.32241121e+02 1.00000000e-02 6.27672059e+00
4.32466233e+02 1.00000000e-02 6.26503323e+00
4.32691346e+02 1.00000000e-02 6.25337487e+00
4.32916458e+02 1.00000000e-02 6.24174541e+00
4.33141571e+02 1.00000000e-02 6.23014477e+00
4.33366683e+02 1.00000000e-02 6.21857287e+00
4.33591796e+02 1.00000000e-02 6.20702960e+00
4.33672368e+02 1.00000000e-02 6.20290498e+00
4.33816908e+02 1.00000000e-02 6.19551489e+00
4.34042021e+02 1.00000000e-02 6.18402864e+00
4.34267134e+02 1.00000000e-02 6.17257076e+00
4.34492246e+02 1.00000000e-02 6.16114118e+00
4.34717359e+02 1.00000000e-02 6.14973979e+00
4.34942471e+02 1.00000000e-02 6.13836652e+00
4.35167584e+02 1.00000000e-02 6.12702128e+00
4.35392696e+02 1.00000000e-02 6.11570397e+00
4.35617809e+02 1.00000000e-02 6.10441453e+00
4.35842921e+02 1.00000000e-02 6.09315285e+00
4.36068034e+02 1.00000000e-02 6.08191886e+00
4.36293147e+02 1.00000000e-02 6.07071246e+00
4.36518259e+02 1.00000000e-02 6.05953358e+00
4.36743372e+02 1.00000000e-02 6.04838214e+00
4.36805293e+02 1.00000000e-02 6.04531953e+00
4.36968484e+02 1.00000000e-02 6.03725803e+00
4.37193597e+02 1.00000000e-02 6.02616119e+00
4.37418709e+02 1.00000000e-02 6.01509153e+00
4.37643822e+02 1.00000000e-02 6.00404897e+00
4.37868934e+02 1.00000000e-02 5.99303341e+00
4.38094047e+02 1.00000000e-02 5.98204479e+00
4.38319160e+02 1.00000000e-02 5.97108302e+00
4.38544272e+02 1.00000000e-02 5.96014801e+00
4.38769385e+02 1.00000000e-02 5.94923968e+00
4.38994497e+02 1.00000000e-02 5.93835796e+00
4.39219610e+02 1.00000000e-02 5.92750276e+00
4.39444722e+02 1.00000000e-02 5.91667401e+00
4.39669835e+02 1.00000000e-02 5.90587161e+00
4.39894947e+02 1.00000000e-02 5.89509550e+00
4.39960851e+02 1.00000000e-02 5.89194568e+00
4.40120060e+02 1.00000000e-02 5.88434558e+00
4.40345173e+02 1.00000000e-02 5.87362179e+00
4.40570285e+02 1.00000000e-02 5.86292404e+00
4.40795398e+02 1.00000000e-02 5.85225225e+00
4.41020510e+02 1.00000000e-02 5.84160634e+00
4.41245623e+02 1.00000000e-02 5.83098624e+00
4.41470735e+02 1.00000000e-02 5.82039187e+00
4.41695848e+02 1.00000000e-02 5.80982315e+00
4.41920960e+02 1.00000000e-02 5.79928000e+00
4.42146073e+02 1.00000000e-02 5.78876235e+00
4.42371186e+02 1.00000000e-02 5.77827011e+00
4.42596298e+02 1.00000000e-02 5.76780322e+00
4.42821411e+02 1.00000000e-02 5.75736159e+00
4.43046523e+02 1.00000000e-02 5.74694515e+00
4.43139204e+02 1.00000000e-02 5.74266389e+00
4.43271636e+02 1.00000000e-02 5.73655382e+00
4.43496748e+02 1.00000000e-02 5.72618752e+00
4.43721861e+02 1.00000000e-02 5.71584619e+00
4.43946973e+02 1.00000000e-02 5.70552975e+00
4.44172086e+02 1.00000000e-02 5.69523812e+00
4.44397199e+02 1.00000000e-02 5.68497122e+00
4.44622311e+02 1.00000000e-02 5.67472899e+00
4.44847424e+02 1.00000000e-02 5.66451135e+00
4.45072536e+02 1.00000000e-02 5.65431822e+00
4.45297649e+02 1.00000000e-02 5.64414953e+00
4.45522761e+02 1.00000000e-02 5.63400522e+00
4.45747874e+02 1.00000000e-02 5.62388519e+00
4.45972986e+02 1.00000000e-02 5.61378939e+00
4.46198099e+02 1.00000000e-02 5.60371774e+00
4.46340519e+02 1.00000000e-02 5.59735823e+00
4.46423212e+02 1.00000000e-02 5.59367017e+00
4.46648324e+02 1.00000000e-02 5.58364661e+00
4.46873437e+02 1.00000000e-02 5.57364698e+00
4.47098549e+02 1.00000000e-02 5.56367121e+00
4.47323662e+02 1.00000000e-02 5.55371924e+00
4.47548774e+02 1.00000000e-02 5.54379098e+00
4.47773887e+02 1.00000000e-02 5.53388638e+00
4.47998999e+02 1.00000000e-02 5.52400536e+00
4.48224112e+02 1.00000000e-02 5.51414785e+00
4.48449225e+02 1.00000000e-02 5.50431377e+00
4.48674337e+02 1.00000000e-02 5.49450307e+00
4.48899450e+02 1.00000000e-02 5.48471567e+00
4.49124562e+02 1.00000000e-02 5.47495150e+00
4.49349675e+02 1.00000000e-02 5.46521050e+00
4.49564961e+02 1.00000000e-02 5.45591630e+00
4.49574787e+02 1.00000000e-02 5.45549259e+00
4.49799900e+02 1.00000000e-02 5.44579770e+00
4.50025013e+02 1.00000000e-02 5.43612577e+00
4.50250125e+02 1.00000000e-02 5.42647674e+00
4.50475238e+02 1.00000000e-02 5.41685052e+00
4.50700350e+02 1.00000000e-02 5.40724706e+00
4.50925463e+02 1.00000000e-02 5.39766629e+00
4.51150575e+02 1.00000000e-02 5.38810814e+00
4.51375688e+02 1.00000000e-02 5.37857254e+00
4.51600800e+02 1.00000000e-02 5.36905943e+00
4.51825913e+02 1.00000000e-02 5.35956874e+00
4.52051026e+02 1.00000000e-02 5.35010041e+00
4.52276138e+02 1.00000000e-02 5.34065437e+00
4.52501251e+02 1.00000000e-02 5.33123055e+00
4.52726363e+02 1.00000000e-02 5.32182889e+00
4.52812697e+02 1.00000000e-02 5.31822909e+00
4.52951476e+02 1.00000000e-02 5.31244932e+00
4.53176588e+02 1.00000000e-02 5.30309178e+00
4.53401701e+02 1.00000000e-02 5.29375620e+00
4.53626813e+02 1.00000000e-02 5.28444253e+00
4.53851926e+02 1.00000000e-02 5.27515069e+00
4.54077039e+02 1.00000000e-02 5.26588062e+00
4.54302151e+02 1.00000000e-02 5.25663226e+00
4.54527264e+02 1.00000000e-02 5.24740554e+00
4.54752376e+02 1.00000000e-02 5.23820041e+00
4.54977489e+02 1.00000000e-02 5.22901679e+00
4.55202601e+02 1.00000000e-02 5.21985463e+00
4.55427714e+02 1.00000000e-02 5.21071386e+00
4.55652826e+02 1.00000000e-02 5.20159442e+00
4.55877939e+02 1.00000000e-02 5.19249625e+00
4.56083895e+02 1.00000000e-02 5.18419090e+00
4.56103052e+02 1.00000000e-02 5.18341928e+00
4.56328164e+02 1.00000000e-02 5.17436346e+00
4.56553277e+02 1.00000000e-02 5.16532872e+00
4.56778389e+02 1.00000000e-02 5.15631501e+00
4.57003502e+02 1.00000000e-02 5.14732225e+00
4.57228614e+02 1.00000000e-02 5.13835039e+00
4.57453727e+02 1.00000000e-02 5.12939937e+00
4.57678839e+02 1.00000000e-02 5.12046913e+00
4.57903952e+02 1.00000000e-02 5.11155961e+00
4.58129065e+02 1.00000000e-02 5.10267074e+00
4.58354177e+02 1.00000000e-02 5.09380247e+00
4.58579290e+02 1.00000000e-02 5.08495474e+00
4.58804402e+02 1.00000000e-02 5.07612750e+00
4.59029515e+02 1.00000000e-02 5.06732067e+00
4.59254627e+02 1.00000000e-02 5.05853420e+00
4.59378724e+02 1.00000000e-02 5.05369920e+00
4.59479740e+02 1.00000000e-02 5.04976803e+00
4.59704852e+02 1.00000000e-02 5.04102210e+00
4.59929965e+02 1.00000000e-02 5.03229637e+00
4.60155078e+02 1.00000000e-02 5.02359075e+00
4.60380190e+02 1.00000000e-02 5.01490521e+00
4.60605303e+02 1.00000000e-02 5.00623968e+00
4.60830415e+02 1.00000000e-02 4.99759410e+00
4.61055528e+02 1.00000000e-02 4.98896842e+00
4.61280640e+02 1.00000000e-02 4.98036257e+00
4.61505753e+02 1.00000000e-02 4.97177651e+00
4.61730865e+02 1.00000000e-02 4.96321017e+00
4.61955978e+02 1.00000000e-02 4.95466350e+00
4.62181091e+02 1.00000000e-02 4.94613644e+00
4.62406203e+02 1.00000000e-02 4.93762894e+00
4.62631316e+02 1.00000000e-02 4.92914094e+00
4.62697356e+02 1.00000000e-02 4.92665454e+00
4.62856428e+02 1.00000000e-02 4.92067238e+00
4.63081541e+02 1.00000000e-02 4.91222321e+00
4.63306653e+02 1.00000000e-02 4.90379338e+00
4.63531766e+02 1.00000000e-02 4.89538282e+00
4.63756878e+02 1.00000000e-02 4.88699148e+00
4.63981991e+02 1.00000000e-02 4.87861931e+00
4.64207104e+02 1.00000000e-02 4.87026625e+00
4.64432216e+02 1.00000000e-02 4.86193225e+00
4.64657329e+02 1.00000000e-02 4.85361726e+00
4.64882441e+02 1.00000000e-02 4.84532122e+00
4.65107554e+02 1.00000000e-02 4.83704407e+00
4.65332666e+02 1.00000000e-02 4.82878576e+00
4.65557779e+02 1.00000000e-02 4.82054624e+00
4.65782891e+02 1.00000000e-02 4.81232546e+00
4.66008004e+02 1.00000000e-02 4.80412336e+00
4.66039963e+02 1.00000000e-02 4.80296044e+00
4.66233117e+02 1.00000000e-02 4.79593989e+00
4.66458229e+02 1.00000000e-02 4.78777499e+00
4.66683342e+02 1.00000000e-02 4.77962862e+00
4.66908454e+02 1.00000000e-02 4.77150072e+00
4.67133567e+02 1.00000000e-02 4.76339123e+00
4.67358679e+02 1.00000000e-02 4.75530012e+00
4.67583792e+02 1.00000000e-02 4.74722732e+00
4.67808904e+02 1.00000000e-02 4.73917278e+00
4.68034017e+02 1.00000000e-02 4.73113645e+00
4.68259130e+02 1.00000000e-02 4.72311828e+00
4.68484242e+02 1.00000000e-02 4.71511822e+00
4.68709355e+02 1.00000000e-02 4.70713621e+00
4.68934467e+02 1.00000000e-02 4.69917222e+00
4.69159580e+02 1.00000000e-02 4.69122618e+00
4.69384692e+02 1.00000000e-02 4.68329804e+00
4.69406716e+02 1.00000000e-02 4.68252334e+00
4.69609805e+02 1.00000000e-02 4.67538776e+00
4.69834917e+02 1.00000000e-02 4.66749528e+00
4.70060030e+02 1.00000000e-02 4.65962056e+00
4.70285143e+02 1.00000000e-02 4.65176354e+00
4.70510255e+02 1.00000000e-02 4.64392417e+00
4.70735368e+02 1.00000000e-02 4.63610241e+00
4.70960480e+02 1.00000000e-02 4.62829821e+00
4.71185593e+02 1.00000000e-02 4.62051151e+00
4.71410705e+02 1.00000000e-02 4.61274228e+00
4.71635818e+02 1.00000000e-02 4.60499044e+00
4.71860930e+02 1.00000000e-02 4.59725597e+00
4.72086043e+02 1.00000000e-02 4.58953881e+00
4.72311156e+02 1.00000000e-02 4.58183892e+00
4.72536268e+02 1.00000000e-02 4.57415623e+00
4.72761381e+02 1.00000000e-02 4.56649072e+00
4.72797792e+02 1.00000000e-02 4.56525244e+00
4.72986493e+02 1.00000000e-02 4.55884232e+00
4.73211606e+02 1.00000000e-02 4.55121099e+00
4.73436718e+02 1.00000000e-02 4.54359669e+00
4.73661831e+02 1.00000000e-02 4.53599936e+00
4.73886943e+02 1.00000000e-02 4.52841896e+00
4.74112056e+02 1.00000000e-02 4.52085545e+00
4.74337169e+02 1.00000000e-02 4.51330876e+00
4.74562281e+02 1.00000000e-02 4.50577887e+00
4.74787394e+02 1.00000000e-02 4.49826571e+00
4.75012506e+02 1.00000000e-02 4.49076925e+00
4.75237619e+02 1.00000000e-02 4.48328944e+00
4.75462731e+02 1.00000000e-02 4.47582623e+00
4.75687844e+02 1.00000000e-02 4.46837958e+00
4.75912956e+02 1.00000000e-02 4.46094943e+00
4.76138069e+02 1.00000000e-02 4.45353575e+00
4.76213366e+02 1.00000000e-02 4.45105964e+00
4.76363182e+02 1.00000000e-02 4.44613849e+00
4.76588294e+02 1.00000000e-02 4.43875760e+00
4.76813407e+02 1.00000000e-02 4.43139304e+00
4.77038519e+02 1.00000000e-02 4.42404477e+00
4.77263632e+02 1.00000000e-02 4.41671273e+00
4.77488744e+02 1.00000000e-02 4.40939688e+00
4.77713857e+02 1.00000000e-02 4.40209718e+00
4.77938969e+02 1.00000000e-02 4.39481359e+00
4.78164082e+02 1.00000000e-02 4.38754606e+00
4.78389195e+02 1.00000000e-02 4.38029454e+00
4.78614307e+02 1.00000000e-02 4.37305899e+00
4.78839420e+02 1.00000000e-02 4.36583937e+00
4.79064532e+02 1.00000000e-02 4.35863563e+00
4.79289645e+02 1.00000000e-02 4.35144773e+00
4.79514757e+02 1.00000000e-02 4.34427563e+00
4.79653615e+02 1.00000000e-02 4.33985949e+00
4.79739870e+02 1.00000000e-02 4.33711928e+00
4.79964982e+02 1.00000000e-02 4.32997864e+00
4.80190095e+02 1.00000000e-02 4.32285367e+00
4.80415208e+02 1.00000000e-02 4.31574432e+00
4.80640320e+02 1.00000000e-02 4.30865055e+00
4.80865433e+02 1.00000000e-02 4.30157232e+00
4.81090545e+02 1.00000000e-02 4.29450959e+00
4.81315658e+02 1.00000000e-02 4.28746231e+00
4.81540770e+02 1.00000000e-02 4.28043044e+00
4.81765883e+02 1.00000000e-02 4.27341394e+00
4.81990995e+02 1.00000000e-02 4.26641276e+00
4.82216108e+02 1.00000000e-02 4.25942687e+00
4.82441221e+02 1.00000000e-02 4.25245623e+00
4.82666333e+02 1.00000000e-02 4.24550078e+00
4.82891446e+02 1.00000000e-02 4.23856050e+00
4.83116558e+02 1.00000000e-02 4.23163533e+00
4.83118716e+02 1.00000000e-02 4.23156903e+00
4.83341671e+02 1.00000000e-02 4.22472525e+00
4.83566783e+02 1.00000000e-02 4.21783020e+00
4.83791896e+02 1.00000000e-02 4.21095015e+00
4.84017009e+02 1.00000000e-02 4.20408505e+00
4.84242121e+02 1.00000000e-02 4.19723486e+00
4.84467234e+02 1.00000000e-02 4.19039956e+00
4.84692346e+02 1.00000000e-02 4.18357908e+00
4.84917459e+02 1.00000000e-02 4.17677340e+00
4.85142571e+02 1.00000000e-02 4.16998247e+00
4.85367684e+02 1.00000000e-02 4.16320626e+00
4.85592796e+02 1.00000000e-02 4.15644472e+00
4.85817909e+02 1.00000000e-02 4.14969781e+00
4.86043022e+02 1.00000000e-02 4.14296550e+00
4.86268134e+02 1.00000000e-02 4.13624774e+00
4.86493247e+02 1.00000000e-02 4.12954450e+00
4.86608850e+02 1.00000000e-02 4.12610779e+00
4.86718359e+02 1.00000000e-02 4.12285574e+00
4.86943472e+02 1.00000000e-02 4.11618141e+00
4.87168584e+02 1.00000000e-02 4.10952149e+00
4.87393697e+02 1.00000000e-02 4.10287592e+00
4.87618809e+02 1.00000000e-02 4.09624467e+00
4.87843922e+02 1.00000000e-02 4.08962771e+00
4.88069035e+02 1.00000000e-02 4.08302499e+00
4.88294147e+02 1.00000000e-02 4.07643647e+00
4.88519260e+02 1.00000000e-02 4.06986213e+00
4.88744372e+02 1.00000000e-02 4.06330191e+00
4.88969485e+02 1.00000000e-02 4.05675578e+00
4.89194597e+02 1.00000000e-02 4.05022371e+00
4.89419710e+02 1.00000000e-02 4.04370566e+00
4.89644822e+02 1.00000000e-02 4.03720158e+00
4.89869935e+02 1.00000000e-02 4.03071145e+00
4.90095048e+02 1.00000000e-02 4.02423521e+00
4.90124197e+02 1.00000000e-02 4.02339764e+00
4.90320160e+02 1.00000000e-02 4.01777285e+00
4.90545273e+02 1.00000000e-02 4.01132431e+00
4.90770385e+02 1.00000000e-02 4.00488957e+00
4.90995498e+02 1.00000000e-02 3.99846858e+00
4.91220610e+02 1.00000000e-02 3.99206131e+00
4.91445723e+02 1.00000000e-02 3.98566773e+00
4.91670835e+02 1.00000000e-02 3.97928779e+00
4.91895948e+02 1.00000000e-02 3.97292146e+00
4.92121061e+02 1.00000000e-02 3.96656870e+00
4.92346173e+02 1.00000000e-02 3.96022948e+00
4.92571286e+02 1.00000000e-02 3.95390376e+00
4.92796398e+02 1.00000000e-02 3.94759150e+00
4.93021511e+02 1.00000000e-02 3.94129268e+00
4.93246623e+02 1.00000000e-02 3.93500724e+00
4.93471736e+02 1.00000000e-02 3.92873517e+00
4.93664940e+02 1.00000000e-02 3.92336277e+00
4.93696848e+02 1.00000000e-02 3.92247642e+00
4.93921961e+02 1.00000000e-02 3.91623095e+00
4.94147074e+02 1.00000000e-02 3.90999874e+00
4.94372186e+02 1.00000000e-02 3.90377975e+00
4.94597299e+02 1.00000000e-02 3.89757393e+00
4.94822411e+02 1.00000000e-02 3.89138126e+00
4.95047524e+02 1.00000000e-02 3.88520171e+00
4.95272636e+02 1.00000000e-02 3.87903523e+00
4.95497749e+02 1.00000000e-02 3.87288179e+00
4.95722861e+02 1.00000000e-02 3.86674137e+00
4.95947974e+02 1.00000000e-02 3.86061391e+00
4.96173087e+02 1.00000000e-02 3.85449940e+00
4.96398199e+02 1.00000000e-02 3.84839779e+00
4.96623312e+02 1.00000000e-02 3.84230906e+00
4.96848424e+02 1.00000000e-02 3.83623316e+00
4.97073537e+02 1.00000000e-02 3.83017006e+00
4.97231261e+02 1.00000000e-02 3.82592959e+00
4.97298649e+02 1.00000000e-02 3.82411974e+00
4.97523762e+02 1.00000000e-02 3.81808215e+00
4.97748874e+02 1.00000000e-02 3.81205726e+00
4.97973987e+02 1.00000000e-02 3.80604505e+00
4.98199100e+02 1.00000000e-02 3.80004547e+00
4.98424212e+02 1.00000000e-02 3.79405849e+00
4.98649325e+02 1.00000000e-02 3.78808409e+00
4.98874437e+02 1.00000000e-02 3.78212222e+00
4.99099550e+02 1.00000000e-02 3.77617285e+00
4.99324662e+02 1.00000000e-02 3.77023596e+00
4.99549775e+02 1.00000000e-02 3.76431150e+00
4.99774887e+02 1.00000000e-02 3.75839945e+00
5.00000000e+02 1.00000000e-02 3.75249978e+00
5.00823346e+02 1.00000000e-02 3.73102666e+00
5.04441382e+02 1.00000000e-02 3.63858466e+00
5.08085554e+02 1.00000000e-02 3.54853624e+00
5.11756053e+02 1.00000000e-02 3.46081605e+00
5.15453068e+02 1.00000000e-02 3.37536063e+00
5.19176790e+02 1.00000000e-02 3.29210834e+00
5.22927414e+02 1.00000000e-02 3.21099936e+00
5.26705133e+02 1.00000000e-02 3.13197556e+00
5.30510143e+02 1.00000000e-02 3.05498050e+00
5.34342640e+02 1.00000000e-02 2.97995937e+00
5.38202825e+02 1.00000000e-02 2.90685891e+00
5.42090896e+02 1.00000000e-02 2.83562741e+00
5.46007055e+02 1.00000000e-02 2.76621463e+00
5.49951505e+02 1.00000000e-02 2.69857174e+00
5.53924451e+02 1.00000000e-02 2.63265133e+00
5.57926098e+02 1.00000000e-02 2.56840732e+00
5.61956653e+02 1.00000000e-02 2.50579494e+00
5.66016326e+02 1.00000000e-02 2.44477068e+00
5.70105326e+02 1.00000000e-02 2.38529228e+00
5.74223867e+02 1.00000000e-02 2.32731863e+00
5.78372160e+02 1.00000000e-02 2.27080982e+00
5.82550421e+02 1.00000000e-02 2.21572704e+00
5.86758867e+02 1.00000000e-02 2.16203256e+00
5.90997715e+02 1.00000000e-02 2.10968971e+00
5.95267186e+02 1.00000000e-02 2.05866286e+00
5.99567500e+02 1.00000000e-02 2.00891735e+00
6.03898880e+02 1.00000000e-02 1.96041949e+00
6.08261551e+02 1.00000000e-02 1.91313654e+00
6.12655738e+02 1.00000000e-02 1.86703665e+00
6.17081670e+02 1.00000000e-02 1.82208885e+00
6.21539576e+02 1.00000000e-02 1.77826303e+00
6.26029686e+02 1.00000000e-02 1.73552992e+00
6.30552234e+02 1.00000000e-02 1.69386104e+00
6.35107453e+02 1.00000000e-02 1.65322870e+00
6.39695580e+02 1.00000000e-02 1.61360597e+00
6.44316852e+02 1.00000000e-02 1.57496665e+00
6.48971510e+02 1.00000000e-02 1.53728526e+00
6.53659793e+02 1.00000000e-02 1.50053701e+00
6.58381945e+02 1.00000000e-02 1.46469780e+00
6.63138211e+02 1.00000000e-02 1.42974417e+00
6.67928837e+02 1.00000000e-02 1.39565329e+00
6.72754072e+02 1.00000000e-02 1.36240298e+00
6.77614164e+02 1.00000000e-02 1.32997162e+00
6.82509367e+02 1.00000000e-02 1.29833821e+00
6.87439934e+02 1.00000000e-02 1.26748229e+00
6.92406120e+02 1.00000000e-02 1.23738395e+00
6.97408182e+02 1.00000000e-02 1.20802385e+00
7.02446381e+02 1.00000000e-02 1.17938312e+00
7.07520976e+02 1.00000000e-02 1.15144343e+00
7.12632231e+02 1.00000000e-02 1.12418693e+00
7.17780410e+02 1.00000000e-02 1.09759624e+00
7.22965781e+02 1.00000000e-02 1.07165446e+00
7.28188612e+02 1.00000000e-02 1.04634512e+00
7.33449173e+02 1.00000000e-02 1.02165219e+00
7.38747738e+02 1.00000000e-02 9.97560086e-01
7.44084580e+02 1.00000000e-02 9.74053618e-01
7.49459977e+02 1.00000000e-02 9.51118002e-01
7.54874207e+02 1.00000000e-02 9.28738846e-01
7.60327550e+02 1.00000000e-02 9.06902138e-01
7.65820288e+02 1.00000000e-02 8.85594233e-01
7.71352708e+02 1.00000000e-02 8.64801847e-01
7.76925094e+02 1.00000000e-02 8.44512043e-01
7.82537736e+02 1.00000000e-02 8.24712226e-01
7.88190925e+02 1.00000000e-02 8.05390128e-01
7.93884954e+02 1.00000000e-02 7.86533804e-01
7.99620117e+02 1.00000000e-02 7.68131618e-01
8.05396713e+02 1.00000000e-02 7.50172241e-01
8.11215039e+02 1.00000000e-02 7.32644638e-01
8.17075398e+02 1.00000000e-02 7.15538058e-01
8.22978093e+02 1.00000000e-02 6.98842034e-01
8.28923430e+02 1.00000000e-02 6.82546367e-01
8.34911717e+02 1.00000000e-02 6.66641124e-01
8.40943265e+02 1.00000000e-02 6.51116627e-01
8.47018386e+02 1.00000000e-02 6.35963450e-01
8.53137394e+02 1.00000000e-02 6.21172408e-01
8.59300608e+02 1.00000000e-02 6.06734556e-01
8.65508345e+02 1.00000000e-02 5.92641176e-01
8.71760928e+02 1.00000000e-02 5.78883775e-01
8.78058681e+02 1.00000000e-02 5.65454079e-01
8.84401930e+02 1.00000000e-02 5.52344023e-01
8.90791004e+02 1.00000000e-02 5.39545753e-01
8.97226233e+02 1.00000000e-02 5.27051613e-01
9.03707952e+02 1.00000000e-02 5.14854141e-01
9.10236496e+02 1.00000000e-02 5.02946069e-01
9.16812203e+02 1.00000000e-02 4.91320311e-01
9.23435414e+02 1.00000000e-02 4.79969964e-01
9.30106473e+02 1.00000000e-02 4.68888298e-01
9.36825724e+02 1.00000000e-02 4.58068755e-01
9.43593516e+02 1.00000000e-02 4.47504942e-01
9.50410201e+02 1.00000000e-02 4.37190630e-01
9.57276130e+02 1.00000000e-02 4.27119745e-01
9.64191659e+02 1.00000000e-02 4.17286369e-01
9.71157148e+02 1.00000000e-02 4.07684732e-01
9.78172956e+02 1.00000000e-02 3.98309208e-01
9.85239448e+02 1.00000000e-02 3.89154315e-01
9.92356990e+02 1.00000000e-02 3.80214707e-01
9.99525950e+02 1.00000000e-02 3.71485175e-01
1.00674670e+03 1.00000000e-02 3.62960636e-01
1.01401961e+03 1.00000000e-02 3.54636139e-01
1.02134507e+03 1.00000000e-02 3.46506854e-01
1.02872344e+03 1.00000000e-02 3.38568073e-01
1.03615512e+03 1.00000000e-02 3.30815205e-01
1.04364049e+03 1.00000000e-02 3.23243775e-01
1.05117993e+03 1.00000000e-02 3.15849416e-01
1.05877383e+03 1.00000000e-02 3.08627874e-01
1.06642260e+03 1.00000000e-02 3.01574999e-01
1.07412662e+03 1.00000000e-02 2.94686742e-01
1.08188630e+03 1.00000000e-02 2.87959157e-01
1.08970204e+03 1.00000000e-02 2.81388395e-01
1.09757423e+03 1.00000000e-02 2.74970704e-01
1.10550330e+03 1.00000000e-02 2.68702421e-01
1.11348965e+03 1.00000000e-02 2.62579977e-01
1.12153369e+03 1.00000000e-02 2.56599889e-01
1.12963585e+03 1.00000000e-02 2.50758761e-01
1.13779653e+03 1.00000000e-02 2.45053281e-01
1.14601617e+03 1.00000000e-02 2.39480217e-01
1.15429520e+03 1.00000000e-02 2.34036418e-01
1.16263403e+03 1.00000000e-02 2.28718809e-01
1.17103310e+03 1.00000000e-02 2.23524391e-01
1.17949284e+03 1.00000000e-02 2.18450240e-01
1.18801371e+03 1.00000000e-02 2.13493501e-01
1.19659612e+03 1.00000000e-02 2.08651391e-01
1.20524054e+03 1.00000000e-02 2.03921194e-01
1.21394741e+03 1.00000000e-02 1.99300259e-01
1.22271718e+03 1.00000000e-02 1.94786003e-01
1.23155030e+03 1.00000000e-02 1.90375904e-01
1.24044723e+03 1.00000000e-02 1.86067500e-01
1.24940844e+03 1.00000000e-02 1.81858392e-01
1.25843439e+03 1.00000000e-02 1.77746237e-01
1.26752554e+03 1.00000000e-02 1.73728750e-01
1.27668236e+03 1.00000000e-02 1.69803700e-01
1.28590534e+03 1.00000000e-02 1.65968913e-01
1.29519494e+03 1.00000000e-02 1.62222264e-01
1.30455165e+03 1.00000000e-02 1.58561682e-01
1.31397596e+03 1.00000000e-02 1.54985146e-01
1.32346835e+03 1.00000000e-02 1.51490682e-01
1.33302932e+03 1.00000000e-02 1.48076365e-01
1.34265936e+03 1.00000000e-02 1.44740316e-01
1.35235896e+03 1.00000000e-02 1.41480703e-01
1.36212864e+03 1.00000000e-02 1.38295734e-01
1.37196889e+03 1.00000000e-02 1.35183665e-01
1.38188024e+03 1.00000000e-02 1.32142790e-01
1.39186318e+03 1.00000000e-02 1.29171447e-01
1.40191824e+03 1.00000000e-02 1.26268011e-01
1.41204594e+03 1.00000000e-02 1.23430898e-01
1.42224681e+03 1.00000000e-02 1.20658562e-01
1.43252137e+03 1.00000000e-02 1.17949492e-01
1.44287015e+03 1.00000000e-02 1.15302215e-01
1.45329370e+03 1.00000000e-02 1.12715293e-01
1.46379255e+03 1.00000000e-02 1.10187322e-01
1.47436724e+03 1.00000000e-02 1.07716931e-01
1.48501832e+03 1.00000000e-02 1.05302783e-01
1.49574636e+03 1.00000000e-02 1.02943571e-01
1.50655189e+03 1.00000000e-02 1.00638021e-01
1.51743548e+03 1.00000000e-02 9.83848886e-02
1.52839770e+03 1.00000000e-02 9.61829581e-02
1.53943911e+03 1.00000000e-02 9.40310436e-02
1.55056029e+03 1.00000000e-02 9.19279874e-02
1.56176181e+03 1.00000000e-02 8.98726590e-02
1.57304425e+03 1.00000000e-02 8.78639546e-02
1.58440819e+03 1.00000000e-02 8.59007967e-02
1.59585423e+03 1.00000000e-02 8.39821332e-02
1.60738296e+03 1.00000000e-02 8.21069370e-02
1.61899498e+03 1.00000000e-02 8.02742051e-02
1.63069088e+03 1.00000000e-02 7.84829584e-02
1.64247127e+03 1.00000000e-02 7.67322407e-02
1.65433677e+03 1.00000000e-02 7.50211185e-02
1.66628799e+03 1.00000000e-02 7.33486802e-02
1.67832555e+03 1.00000000e-02 7.17140356e-02
1.69045006e+03 1.00000000e-02 7.01163156e-02
1.70266217e+03 1.00000000e-02 6.85546715e-02
1.71496250e+03 1.00000000e-02 6.70282746e-02
1.72735168e+03 1.00000000e-02 6.55363154e-02
1.73983037e+03 1.00000000e-02 6.40780036e-02
1.75239921e+03 1.00000000e-02 6.26525676e-02
1.76505885e+03 1.00000000e-02 6.12592535e-02
1.77780994e+03 1.00000000e-02 5.98973254e-02
1.79065315e+03 1.00000000e-02 5.85660643e-02
1.80358914e+03 1.00000000e-02 5.72647683e-02
1.81661858e+03 1.00000000e-02 5.59927519e-02
1.82974215e+03 1.00000000e-02 5.47493453e-02
1.84296053e+03 1.00000000e-02 5.35338947e-02
1.85627440e+03 1.00000000e-02 5.23457614e-02
1.86968445e+03 1.00000000e-02 5.11843216e-02
1.88319137e+03 1.00000000e-02 5.00489660e-02
1.89679588e+03 1.00000000e-02 4.89390995e-02
1.91049866e+03 1.00000000e-02 4.78541410e-02
1.92430044e+03 1.00000000e-02 4.67935227e-02
1.93820192e+03 1.00000000e-02 4.57566901e-02
1.95220383e+03 1.00000000e-02 4.47431016e-02
1.96630689e+03 1.00000000e-02 4.37522281e-02
1.98051183e+03 1.00000000e-02 4.27835530e-02
1.99481939e+03 1.00000000e-02 4.18365713e-02
2.00923032e+03 1.00000000e-02 4.09107900e-02
2.02374535e+03 1.00000000e-02 4.00057274e-02
2.03836524e+03 1.00000000e-02 3.91209131e-02
2.05309074e+03 1.00000000e-02 3.82558874e-02
2.06792263e+03 1.00000000e-02 3.74102013e-02
2.08286166e+03 1.00000000e-02 3.65834162e-02
2.09790862e+03 1.00000000e-02 3.57751036e-02
2.11306427e+03 1.00000000e-02 3.49848449e-02
2.12832942e+03 1.00000000e-02 3.42122312e-02
2.14370484e+03 1.00000000e-02 3.34568629e-02
2.15919134e+03 1.00000000e-02 3.27183498e-02
2.17478971e+03 1.00000000e-02 3.19963106e-02
2.19050077e+03 1.00000000e-02 3.12903727e-02
2.20632533e+03 1.00000000e-02 3.06001722e-02
2.22226421e+03 1.00000000e-02 2.99253535e-02
2.23831824e+03 1.00000000e-02 2.92655691e-02
2.25448824e+03 1.00000000e-02 2.86204798e-02
2.27077505e+03 1.00000000e-02 2.79897538e-02
2.28717953e+03 1.00000000e-02 2.73730671e-02
2.30370251e+03 1.00000000e-02 2.67701031e-02
2.32034486e+03 1.00000000e-02 2.61805525e-02
2.33710744e+03 1.00000000e-02 2.56041131e-02
2.35399111e+03 1.00000000e-02 2.50404896e-02
2.37099675e+03 1.00000000e-02 2.44893933e-02
2.38812525e+03 1.00000000e-02 2.39505424e-02
2.40537748e+03 1.00000000e-02 2.34236613e-02
2.42275434e+03 1.00000000e-02 2.29084808e-02
2.44025674e+03 1.00000000e-02 2.24047380e-02
2.45788558e+03 1.00000000e-02 2.19121757e-02
2.47564178e+03 1.00000000e-02 2.14305427e-02
2.49352625e+03 1.00000000e-02 2.09595937e-02
2.51153991e+03 1.00000000e-02 2.04990888e-02
2.52968372e+03 1.00000000e-02 2.00487936e-02
2.54795859e+03 1.00000000e-02 1.96084790e-02
2.56636549e+03 1.00000000e-02 1.91779213e-02
2.58490536e+03 1.00000000e-02 1.87569017e-02
2.60357917e+03 1.00000000e-02 1.83452064e-02
2.62238788e+03 1.00000000e-02 1.79426267e-02
2.64133247e+03 1.00000000e-02 1.75489583e-02
2.66041391e+03 1.00000000e-02 1.71640018e-02
2.67963321e+03 1.00000000e-02 1.67875621e-02
2.69899134e+03 1.00000000e-02 1.64194488e-02
2.71848933e+03 1.00000000e-02 1.60594756e-02
2.73812817e+03 1.00000000e-02 1.57074606e-02
2.75790888e+03 1.00000000e-02 1.53632258e-02
2.77783250e+03 1.00000000e-02 1.50265975e-02
2.79790004e+03 1.00000000e-02 1.46974057e-02
2.81811256e+03 1.00000000e-02 1.43754845e-02
2.83847110e+03 1.00000000e-02 1.40606714e-02
2.85897671e+03 1.00000000e-02 1.37528080e-02
2.87963045e+03 1.00000000e-02 1.34517391e-02
2.90043341e+03 1.00000000e-02 1.31573133e-02
2.92138664e+03 1.00000000e-02 1.28693825e-02
2.94249125e+03 1.00000000e-02 1.25878019e-02
2.96374832e+03 1.00000000e-02 1.23124300e-02
2.98515895e+03 1.00000000e-02 1.20431285e-02
3.00672426e+03 1.00000000e-02 1.17797623e-02
3.02844536e+03 1.00000000e-02 1.15221993e-02
3.05032338e+03 1.00000000e-02 1.12703103e-02
3.07235945e+03 1.00000000e-02 1.10239690e-02
3.09455471e+03 1.00000000e-02 1.07830522e-02
3.11691031e+03 1.00000000e-02 1.05474392e-02
3.13942742e+03 1.00000000e-02 1.03170121e-02
3.16210719e+03 1.00000000e-02 1.00916556e-02
3.18495080e+03 1.00000000e-02 9.87125720e-03
3.20795944e+03 1.00000000e-02 9.65570669e-03
3.23113430e+03 1.00000000e-02 9.44489646e-03
3.25447658e+03 1.00000000e-02 9.23872130e-03
3.27798748e+03 1.00000000e-02 9.03707834e-03
3.30166824e+03 1.00000000e-02 8.83986706e-03
3.32552006e+03 1.00000000e-02 8.64698915e-03
3.34954420e+03 1.00000000e-02 8.45834854e-03
3.37374189e+03 1.00000000e-02 8.27385131e-03
3.39811439e+03 1.00000000e-02 8.09340564e-03
3.42266296e+03 1.00000000e-02 7.91692175e-03
3.44738887e+03 1.00000000e-02 7.74431192e-03
3.47229341e+03 1.00000000e-02 7.57549035e-03
3.49737787e+03 1.00000000e-02 7.41037318e-03
3.52264353e+03 1.00000000e-02 7.24887842e-03
3.54809172e+03 1.00000000e-02 7.09092593e-03
3.57372376e+03 1.00000000e-02 6.93643735e-03
3.59954096e+03 1.00000000e-02 6.78533608e-03
3.62554467e+03 1.00000000e-02 6.63754722e-03
3.65173624e+03 1.00000000e-02 6.49299755e-03
3.67811702e+03 1.00000000e-02 6.35161550e-03
3.70468838e+03 1.00000000e-02 6.21333108e-03
3.73145169e+03 1.00000000e-02 6.07807586e-03
3.75840835e+03 1.00000000e-02 5.94578297e-03
3.78555975e+03 1.00000000e-02 5.81638699e-03
3.81290729e+03 1.00000000e-02 5.68982399e-03
3.84045240e+03 1.00000000e-02 5.56603145e-03
3.86819650e+03 1.00000000e-02 5.44494825e-03
3.89614102e+03 1.00000000e-02 5.32651462e-03
3.92428742e+03 1.00000000e-02 5.21067215e-03
3.95263716e+03 1.00000000e-02 5.09736370e-03
3.98119170e+03 1.00000000e-02 4.98653342e-03
4.00995252e+03 1.00000000e-02 4.87812671e-03
4.03892112e+03 1.00000000e-02 4.77209015e-03
4.06809899e+03 1.00000000e-02 4.66837156e-03
4.09748765e+03 1.00000000e-02 4.56691987e-03
4.12708861e+03 1.00000000e-02 4.46768518e-03
4.15690342e+03 1.00000000e-02 4.37061869e-03
4.18693361e+03 1.00000000e-02 4.27567268e-03
4.21718075e+03 1.00000000e-02 4.18280049e-03
4.24764640e+03 1.00000000e-02 4.09195650e-03
4.27833214e+03 1.00000000e-02 4.00309610e-03
4.30923956e+03 1.00000000e-02 3.91617568e-03
4.34037025e+03 1.00000000e-02 3.83115258e-03
4.37172585e+03 1.00000000e-02 3.74798510e-03
4.40330795e+03 1.00000000e-02 3.66663247e-03
4.43511822e+03 1.00000000e-02 3.58705480e-03
4.46715829e+03 1.00000000e-02 3.50921312e-03
4.49942982e+03 1.00000000e-02 3.43306928e-03
4.53193448e+03 1.00000000e-02 3.35858602e-03
4.56467397e+03 1.00000000e-02 3.28572686e-03
4.59764997e+03 1.00000000e-02 3.21445618e-03
4.63086419e+03 1.00000000e-02 3.14473910e-03
4.66431836e+03 1.00000000e-02 3.07654154e-03
4.69801421e+03 1.00000000e-02 3.00983016e-03
4.73195349e+03 1.00000000e-02 2.94457238e-03
4.76613794e+03 1.00000000e-02 2.88073631e-03
4.80056935e+03 1.00000000e-02 2.81829078e-03
4.83524950e+03 1.00000000e-02 2.75720532e-03
4.87018019e+03 1.00000000e-02 2.69745011e-03
4.90536322e+03 1.00000000e-02 2.63899601e-03
4.94080042e+03 1.00000000e-02 2.58181451e-03
4.97649362e+03 1.00000000e-02 2.52587774e-03
5.01244468e+03 1.00000000e-02 2.47115844e-03
5.04865545e+03 1.00000000e-02 2.41762994e-03
5.08512782e+03 1.00000000e-02 2.36526618e-03
5.12186367e+03 1.00000000e-02 2.31404167e-03
5.15886491e+03 1.00000000e-02 2.26393147e-03
5.19613345e+03 1.00000000e-02 2.21491120e-03
5.23367122e+03 1.00000000e-02 2.16695701e-03
5.27148017e+03 1.00000000e-02 2.12004559e-03
5.30956227e+03 1.00000000e-02 2.07415413e-03
5.34791947e+03 1.00000000e-02 2.02926032e-03
5.38655377e+03 1.00000000e-02 1.98534236e-03
5.42546718e+03 1.00000000e-02 1.94237892e-03
5.46466170e+03 1.00000000e-02 1.90034913e-03
5.50413937e+03 1.00000000e-02 1.85923260e-03
5.54390223e+03 1.00000000e-02 1.81900936e-03
5.58395234e+03 1.00000000e-02 1.77965991e-03
5.62429179e+03 1.00000000e-02 1.74116516e-03
5.66492265e+03 1.00000000e-02 1.70350644e-03
5.70584704e+03 1.00000000e-02 1.66666551e-03
5.74706708e+03 1.00000000e-02 1.63062451e-03
5.78858489e+03 1.00000000e-02 1.59536597e-03
5.83040264e+03 1.00000000e-02 1.56087283e-03
5.87252248e+03 1.00000000e-02 1.52712837e-03
5.91494661e+03 1.00000000e-02 1.49411628e-03
5.95767722e+03 1.00000000e-02 1.46182056e-03
6.00071651e+03 1.00000000e-02 1.43022560e-03
6.04406674e+03 1.00000000e-02 1.39931611e-03
6.08773013e+03 1.00000000e-02 1.36907714e-03
6.13170895e+03 1.00000000e-02 1.33949409e-03
6.17600549e+03 1.00000000e-02 1.31055265e-03
6.22062203e+03 1.00000000e-02 1.28223883e-03
6.26556089e+03 1.00000000e-02 1.25453896e-03
6.31082439e+03 1.00000000e-02 1.22743967e-03
6.35641489e+03 1.00000000e-02 1.20092787e-03
6.40233473e+03 1.00000000e-02 1.17499076e-03
6.44858632e+03 1.00000000e-02 1.14961582e-03
6.49517203e+03 1.00000000e-02 1.12479082e-03
6.54209428e+03 1.00000000e-02 1.10050377e-03
6.58935551e+03 1.00000000e-02 1.07674298e-03
6.63695817e+03 1.00000000e-02 1.05349698e-03
6.68490471e+03 1.00000000e-02 1.03075456e-03
6.73319763e+03 1.00000000e-02 1.00850478e-03
6.78183942e+03 1.00000000e-02 9.86736901e-04
6.83083261e+03 1.00000000e-02 9.65440452e-04
6.88017974e+03 1.00000000e-02 9.44605174e-04
6.92988335e+03 1.00000000e-02 9.24221036e-04
6.97994604e+03 1.00000000e-02 9.04278227e-04
7.03037039e+03 1.00000000e-02 8.84767151e-04
7.08115901e+03 1.00000000e-02 8.65678421e-04
7.13231454e+03 1.00000000e-02 8.47002856e-04
7.18383962e+03 1.00000000e-02 8.28731473e-04
7.23573693e+03 1.00000000e-02 8.10855490e-04
7.28800915e+03 1.00000000e-02 7.93366314e-04
7.34065900e+03 1.00000000e-02 7.76255540e-04
7.39368920e+03 1.00000000e-02 7.59514947e-04
7.44710250e+03 1.00000000e-02 7.43136493e-04
7.50090167e+03 1.00000000e-02 7.27112312e-04
7.55508949e+03 1.00000000e-02 7.11434711e-04
7.60966877e+03 1.00000000e-02 6.96096164e-04
7.66464235e+03 1.00000000e-02 6.81089307e-04
7.72001306e+03 1.00000000e-02 6.66406942e-04
7.77578378e+03 1.00000000e-02 6.52042022e-04
7.83195740e+03 1.00000000e-02 6.37987659e-04
7.88853683e+03 1.00000000e-02 6.24237111e-04
7.94552499e+03 1.00000000e-02 6.10783787e-04
8.00292485e+03 1.00000000e-02 5.97621237e-04
8.06073937e+03 1.00000000e-02 5.84743152e-04
8.11897156e+03 1.00000000e-02 5.72143362e-04
8.17762443e+03 1.00000000e-02 5.59815830e-04
8.23670101e+03 1.00000000e-02 5.47754651e-04
8.29620437e+03 1.00000000e-02 5.35954050e-04
8.35613760e+03 1.00000000e-02 5.24408375e-04
8.41650380e+03 1.00000000e-02 5.13112100e-04
8.47730609e+03 1.00000000e-02 5.02059818e-04
8.53854762e+03 1.00000000e-02 4.91246240e-04
8.60023158e+03 1.00000000e-02 4.80666192e-04
8.66236115e+03 1.00000000e-02 4.70314614e-04
8.72493956e+03 1.00000000e-02 4.60186553e-04
8.78797004e+03 1.00000000e-02 4.50277167e-04
8.85145587e+03 1.00000000e-02 4.40581718e-04
8.91540033e+03 1.00000000e-02 4.31095572e-04
8.97980674e+03 1.00000000e-02 4.21814195e-04
9.04467843e+03 1.00000000e-02 4.12733151e-04
9.11001876e+03 1.00000000e-02 4.03848102e-04
9.17583113e+03 1.00000000e-02 3.95154805e-04
9.24211893e+03 1.00000000e-02 3.86649106e-04
9.30888561e+03 1.00000000e-02 3.78326944e-04
9.37613462e+03 1.00000000e-02 3.70184346e-04
9.44386945e+03 1.00000000e-02 3.62217425e-04
9.51209361e+03 1.00000000e-02 3.54422379e-04
9.58081063e+03 1.00000000e-02 3.46795488e-04
9.65002408e+03 1.00000000e-02 3.39333112e-04
9.71973754e+03 1.00000000e-02 3.32031692e-04
9.78995462e+03 1.00000000e-02 3.24887746e-04
9.86067895e+03 1.00000000e-02 3.17897866e-04
9.93191422e+03 1.00000000e-02 3.11058720e-04
1.00036641e+04 1.00000000e-02 3.04367047e-04
1.00759323e+04 1.00000000e-02 2.97819658e-04
1.01487226e+04 1.00000000e-02 2.91413432e-04
1.02220387e+04 1.00000000e-02 2.85145316e-04
1.02958845e+04 1.00000000e-02 2.79012325e-04
1.03702638e+04 1.00000000e-02 2.73011537e-04
1.04451804e+04 1.00000000e-02 2.67140093e-04
1.05206382e+04 1.00000000e-02 2.61395197e-04
1.05966411e+04 1.00000000e-02 2.55774115e-04
1.06731931e+04 1.00000000e-02 2.50274170e-04
1.07502981e+04 1.00000000e-02 2.44892744e-04
1.08279601e+04 1.00000000e-02 2.39627275e-04
1.09061832e+04 1.00000000e-02 2.34475259e-04
1.09849714e+04 1.00000000e-02 2.29434244e-04
1.10643287e+04 1.00000000e-02 2.24501831e-04
1.11442594e+04 1.00000000e-02 2.19675675e-04
1.12247674e+04 1.00000000e-02 2.14953480e-04
1.13058571e+04 1.00000000e-02 2.10333001e-04
1.13875326e+04 1.00000000e-02 2.05812041e-04
1.14697981e+04 1.00000000e-02 2.01388450e-04
1.15526579e+04 1.00000000e-02 1.97060127e-04
1.16361164e+04 1.00000000e-02 1.92825014e-04
1.17201777e+04 1.00000000e-02 1.88681098e-04
1.18048463e+04 1.00000000e-02 1.84626410e-04
1.18901266e+04 1.00000000e-02 1.80659025e-04
1.19760229e+04 1.00000000e-02 1.76777057e-04
1.20625398e+04 1.00000000e-02 1.72978664e-04
1.21496817e+04 1.00000000e-02 1.69262040e-04
1.22374531e+04 1.00000000e-02 1.65625422e-04
1.23258586e+04 1.00000000e-02 1.62067084e-04
1.24149027e+04 1.00000000e-02 1.58585335e-04
1.25045902e+04 1.00000000e-02 1.55178523e-04
1.25949255e+04 1.00000000e-02 1.51845032e-04
1.26859134e+04 1.00000000e-02 1.48583279e-04
1.27775587e+04 1.00000000e-02 1.45391718e-04
1.28698660e+04 1.00000000e-02 1.42268834e-04
1.29628402e+04 1.00000000e-02 1.39213145e-04
1.30564860e+04 1.00000000e-02 1.36223203e-04
1.31508083e+04 1.00000000e-02 1.33297590e-04
1.32458120e+04 1.00000000e-02 1.30434918e-04
1.33415021e+04 1.00000000e-02 1.27633830e-04
1.34378834e+04 1.00000000e-02 1.24892998e-04
1.35349611e+04 1.00000000e-02 1.22211124e-04
1.36327400e+04 1.00000000e-02 1.19586935e-04
1.37312253e+04 1.00000000e-02 1.17019189e-04
1.38304220e+04 1.00000000e-02 1.14506669e-04
1.39303354e+04 1.00000000e-02 1.12048184e-04
1.40309706e+04 1.00000000e-02 1.09642570e-04
1.41323328e+04 1.00000000e-02 1.07288687e-04
1.42344272e+04 1.00000000e-02 1.04985421e-04
1.43372592e+04 1.00000000e-02 1.02731680e-04
1.44408340e+04 1.00000000e-02 1.00526398e-04
1.45451571e+04 1.00000000e-02 9.83685299e-05
1.46502339e+04 1.00000000e-02 9.62570549e-05
1.47560697e+04 1.00000000e-02 9.41909732e-05
1.48626702e+04 1.00000000e-02 9.21693069e-05
1.49700407e+04 1.00000000e-02 9.01910993e-05
1.50781869e+04 1.00000000e-02 8.82554142e-05
1.51871143e+04 1.00000000e-02 8.63613358e-05
1.52968287e+04 1.00000000e-02 8.45079679e-05
1.54073356e+04 1.00000000e-02 8.26944338e-05
1.55186409e+04 1.00000000e-02 8.09198757e-05
1.56307503e+04 1.00000000e-02 7.91834542e-05
1.57436695e+04 1.00000000e-02 7.74843483e-05
1.58574046e+04 1.00000000e-02 7.58217543e-05
1.59719612e+04 1.00000000e-02 7.41948862e-05
1.60873454e+04 1.00000000e-02 7.26029749e-05
1.62035632e+04 1.00000000e-02 7.10452678e-05
1.63206206e+04 1.00000000e-02 6.95210287e-05
1.64385236e+04 1.00000000e-02 6.80295370e-05
1.65572784e+04 1.00000000e-02 6.65700880e-05
1.66768910e+04 1.00000000e-02 6.51419919e-05
1.67973678e+04 1.00000000e-02 6.37445741e-05
1.69187149e+04 1.00000000e-02 6.23771742e-05
1.70409387e+04 1.00000000e-02 6.10391463e-05
1.71640454e+04 1.00000000e-02 5.97298584e-05
1.72880414e+04 1.00000000e-02 5.84486921e-05
1.74129333e+04 1.00000000e-02 5.71950422e-05
1.75387273e+04 1.00000000e-02 5.59683167e-05
1.76654301e+04 1.00000000e-02 5.47679364e-05
1.77930483e+04 1.00000000e-02 5.35933346e-05
1.79215884e+04 1.00000000e-02 5.24439567e-05
1.80510570e+04 1.00000000e-02 5.13192600e-05
1.81814610e+04 1.00000000e-02 5.02187137e-05
1.83128071e+04 1.00000000e-02 4.91417984e-05
1.84451020e+04 1.00000000e-02 4.80880058e-05
1.85783526e+04 1.00000000e-02 4.70568386e-05
1.87125659e+04 1.00000000e-02 4.60478103e-05
1.88477487e+04 1.00000000e-02 4.50604447e-05
1.89839081e+04 1.00000000e-02 4.40942760e-05
1.91210512e+04 1.00000000e-02 4.31488484e-05
1.92591850e+04 1.00000000e-02 4.22237160e-05
1.93983167e+04 1.00000000e-02 4.13184424e-05
1.95384535e+04 1.00000000e-02 4.04326007e-05
1.96796027e+04 1.00000000e-02 3.95657730e-05
1.98217716e+04 1.00000000e-02 3.87175507e-05
1.99649676e+04 1.00000000e-02 3.78875338e-05
2.01091980e+04 1.00000000e-02 3.70753309e-05
2.02544703e+04 1.00000000e-02 3.62805591e-05
2.04007921e+04 1.00000000e-02 3.55028438e-05
2.05481710e+04 1.00000000e-02 3.47418184e-05
2.06966146e+04 1.00000000e-02 3.39971241e-05
2.08461305e+04 1.00000000e-02 3.32684101e-05
2.09967266e+04 1.00000000e-02 3.25553328e-05
2.11484106e+04 1.00000000e-02 3.18575563e-05
2.13011904e+04 1.00000000e-02 3.11747518e-05
2.14550740e+04 1.00000000e-02 3.05065976e-05
2.16100691e+04 1.00000000e-02 2.98527788e-05
2.17661841e+04 1.00000000e-02 2.92129875e-05
2.19234268e+04 1.00000000e-02 2.85869223e-05
2.20818054e+04 1.00000000e-02 2.79742883e-05
2.22413282e+04 1.00000000e-02 2.73747970e-05
2.24020035e+04 1.00000000e-02 2.67881661e-05
2.25638394e+04 1.00000000e-02 2.62141192e-05
2.27268446e+04 1.00000000e-02 2.56523861e-05
2.28910272e+04 1.00000000e-02 2.51027022e-05
2.30563960e+04 1.00000000e-02 2.45648088e-05
2.32229594e+04 1.00000000e-02 2.40384527e-05
2.33907261e+04 1.00000000e-02 2.35233860e-05
2.35597048e+04 1.00000000e-02 2.30193663e-05
2.37299042e+04 1.00000000e-02 2.25261564e-05
2.39013332e+04 1.00000000e-02 2.20435240e-05
2.40740006e+04 1.00000000e-02 2.15712422e-05
2.42479154e+04 1.00000000e-02 2.11090886e-05
2.44230866e+04 1.00000000e-02 2.06568457e-05
2.45995232e+04 1.00000000e-02 2.02143008e-05
2.47772344e+04 1.00000000e-02 1.97812456e-05
2.49562295e+04 1.00000000e-02 1.93574763e-05
2.51365176e+04 1.00000000e-02 1.89427937e-05
2.53181082e+04 1.00000000e-02 1.85370027e-05
2.55010107e+04 1.00000000e-02 1.81399123e-05
2.56852344e+04 1.00000000e-02 1.77513358e-05
2.58707890e+04 1.00000000e-02 1.73710904e-05
2.60576841e+04 1.00000000e-02 1.69989973e-05
2.62459294e+04 1.00000000e-02 1.66348815e-05
2.64355345e+04 1.00000000e-02 1.62785718e-05
2.66265094e+04 1.00000000e-02 1.59299007e-05
2.68188640e+04 1.00000000e-02 1.55887041e-05
2.70126081e+04 1.00000000e-02 1.52548218e-05
2.72077519e+04 1.00000000e-02 1.49280966e-05
2.74043055e+04 1.00000000e-02 1.46083751e-05
2.76022790e+04 1.00000000e-02 1.42955069e-05
2.78016826e+04 1.00000000e-02 1.39893449e-05
2.80025268e+04 1.00000000e-02 1.36897453e-05
2.82048220e+04 1.00000000e-02 1.33965672e-05
2.84085785e+04 1.00000000e-02 1.31096729e-05
2.86138070e+04 1.00000000e-02 1.28289275e-05
2.88205182e+04 1.00000000e-02 1.25541991e-05
2.90287226e+04 1.00000000e-02 1.22853586e-05
2.92384312e+04 1.00000000e-02 1.20222797e-05
2.94496547e+04 1.00000000e-02 1.17648388e-05
2.96624041e+04 1.00000000e-02 1.15129149e-05
2.98766905e+04 1.00000000e-02 1.12663896e-05
3.00925249e+04 1.00000000e-02 1.10251473e-05
3.03099186e+04 1.00000000e-02 1.07890744e-05
3.05288827e+04 1.00000000e-02 1.05580603e-05
3.07494287e+04 1.00000000e-02 1.03319962e-05
3.09715679e+04 1.00000000e-02 1.01107761e-05
3.11953119e+04 1.00000000e-02 9.89429613e-06
3.14206723e+04 1.00000000e-02 9.68245454e-06
3.16476607e+04 1.00000000e-02 9.47515187e-06
3.18762889e+04 1.00000000e-02 9.27229078e-06
3.21065688e+04 1.00000000e-02 9.07377601e-06
3.23385123e+04 1.00000000e-02 8.87951437e-06
3.25721313e+04 1.00000000e-02 8.68941463e-06
3.28074381e+04 1.00000000e-02 8.50338755e-06
3.30444447e+04 1.00000000e-02 8.32134580e-06
3.32831635e+04 1.00000000e-02 8.14320392e-06
3.35236069e+04 1.00000000e-02 7.96887828e-06
3.37657873e+04 1.00000000e-02 7.79828706e-06
3.40097172e+04 1.00000000e-02 7.63135019e-06
3.42554094e+04 1.00000000e-02 7.46798931e-06
3.45028764e+04 1.00000000e-02 7.30812776e-06
3.47521312e+04 1.00000000e-02 7.15169050e-06
3.50031867e+04 1.00000000e-02 6.99860413e-06
3.52560558e+04 1.00000000e-02 6.84879681e-06
3.55107517e+04 1.00000000e-02 6.70219823e-06
3.57672875e+04 1.00000000e-02 6.55873962e-06
3.60256767e+04 1.00000000e-02 6.41835366e-06
3.62859324e+04 1.00000000e-02 6.28097448e-06
3.65480683e+04 1.00000000e-02 6.14653763e-06
3.68120980e+04 1.00000000e-02 6.01498004e-06
3.70780350e+04 1.00000000e-02 5.88623999e-06
3.73458932e+04 1.00000000e-02 5.76025710e-06
3.76156864e+04 1.00000000e-02 5.63697225e-06
3.78874287e+04 1.00000000e-02 5.51632764e-06
3.81611341e+04 1.00000000e-02 5.39826666e-06
3.84368167e+04 1.00000000e-02 5.28273395e-06
3.87144910e+04 1.00000000e-02 5.16967531e-06
3.89941712e+04 1.00000000e-02 5.05903773e-06
3.92758719e+04 1.00000000e-02 4.95076932e-06
3.95596077e+04 1.00000000e-02 4.84481931e-06
3.98453932e+04 1.00000000e-02 4.74113802e-06
4.01332433e+04 1.00000000e-02 4.63967682e-06
4.04231728e+04 1.00000000e-02 4.54038814e-06
4.07151968e+04 1.00000000e-02 4.44322543e-06
4.10093305e+04 1.00000000e-02 4.34814314e-06
4.13055891e+04 1.00000000e-02 4.25509668e-06
4.16039879e+04 1.00000000e-02 4.16404244e-06
4.19045423e+04 1.00000000e-02 4.07493772e-06
4.22072680e+04 1.00000000e-02 3.98774076e-06
4.25121807e+04 1.00000000e-02 3.90241068e-06
4.28192961e+04 1.00000000e-02 3.81890748e-06
4.31286302e+04 1.00000000e-02 3.73719203e-06
4.34401989e+04 1.00000000e-02 3.65722601e-06
4.37540185e+04 1.00000000e-02 3.57897196e-06
4.40701051e+04 1.00000000e-02 3.50239319e-06
4.43884753e+04 1.00000000e-02 3.42745381e-06
4.47091453e+04 1.00000000e-02 3.35411871e-06
4.50321320e+04 1.00000000e-02 3.28235351e-06
4.53574520e+04 1.00000000e-02 3.21212459e-06
4.56851221e+04 1.00000000e-02 3.14339904e-06
4.60151594e+04 1.00000000e-02 3.07614465e-06
4.63475809e+04 1.00000000e-02 3.01032992e-06
4.66824040e+04 1.00000000e-02 2.94592399e-06
4.70196458e+04 1.00000000e-02 2.88289671e-06
4.73593239e+04 1.00000000e-02 2.82121853e-06
4.77014559e+04 1.00000000e-02 2.76086056e-06
4.80460595e+04 1.00000000e-02 2.70179453e-06
4.83931527e+04 1.00000000e-02 2.64399276e-06
4.87427532e+04 1.00000000e-02 2.58742817e-06
4.90948794e+04 1.00000000e-02 2.53207427e-06
4.94495493e+04 1.00000000e-02 2.47790514e-06
4.98067815e+04 1.00000000e-02 2.42489538e-06
5.01665944e+04 1.00000000e-02 2.37302019e-06
5.05290066e+04 1.00000000e-02 2.32225525e-06
5.08940370e+04 1.00000000e-02 2.27257679e-06
5.12617044e+04 1.00000000e-02 2.22396155e-06
5.16320278e+04 1.00000000e-02 2.17638676e-06
5.20050266e+04 1.00000000e-02 2.12983013e-06
5.23807200e+04 1.00000000e-02 2.08426986e-06
5.27591274e+04 1.00000000e-02 2.03968463e-06
5.31402686e+04 1.00000000e-02 1.99605354e-06
5.35241631e+04 1.00000000e-02 1.95335617e-06
5.39108310e+04 1.00000000e-02 1.91157252e-06
5.43002923e+04 1.00000000e-02 1.87068303e-06
5.46925671e+04 1.00000000e-02 1.83066856e-06
5.50876757e+04 1.00000000e-02 1.79151037e-06
5.54856387e+04 1.00000000e-02 1.75319012e-06
5.58864766e+04 1.00000000e-02 1.71568987e-06
5.62902102e+04 1.00000000e-02 1.67899207e-06
5.66968605e+04 1.00000000e-02 1.64307954e-06
5.71064485e+04 1.00000000e-02 1.60793547e-06
5.75189955e+04 1.00000000e-02 1.57354339e-06
5.79345227e+04 1.00000000e-02 1.53988722e-06
5.83530518e+04 1.00000000e-02 1.50695120e-06
5.87746044e+04 1.00000000e-02 1.47471991e-06
5.91992024e+04 1.00000000e-02 1.44317826e-06
5.96268678e+04 1.00000000e-02 1.41231150e-06
6.00576227e+04 1.00000000e-02 1.38210516e-06
6.04914894e+04 1.00000000e-02 1.35254512e-06
6.09284905e+04 1.00000000e-02 1.32361754e-06
6.13686485e+04 1.00000000e-02 1.29530888e-06
6.18119863e+04 1.00000000e-02 1.26760589e-06
6.22585269e+04 1.00000000e-02 1.24049562e-06
6.27082934e+04 1.00000000e-02 1.21396536e-06
6.31613090e+04 1.00000000e-02 1.18800270e-06
6.36175973e+04 1.00000000e-02 1.16259550e-06
6.40771819e+04 1.00000000e-02 1.13773187e-06
6.45400867e+04 1.00000000e-02 1.11340016e-06
6.50063355e+04 1.00000000e-02 1.08958900e-06
6.54759526e+04 1.00000000e-02 1.06628725e-06
6.59489623e+04 1.00000000e-02 1.04348400e-06
6.64253891e+04 1.00000000e-02 1.02116858e-06
6.69052577e+04 1.00000000e-02 9.99330544e-07
6.73885929e+04 1.00000000e-02 9.77959686e-07
6.78754199e+04 1.00000000e-02 9.57046002e-07
6.83657637e+04 1.00000000e-02 9.36579708e-07
6.88596499e+04 1.00000000e-02 9.16551229e-07
6.93571041e+04 1.00000000e-02 8.96951195e-07
6.98581519e+04 1.00000000e-02 8.77770437e-07
7.03628193e+04 1.00000000e-02 8.58999981e-07
7.08711326e+04 1.00000000e-02 8.40631048e-07
7.13831180e+04 1.00000000e-02 8.22655045e-07
7.18988021e+04 1.00000000e-02 8.05063562e-07
7.24182116e+04 1.00000000e-02 7.87848372e-07
7.29413734e+04 1.00000000e-02 7.71001420e-07
7.34683146e+04 1.00000000e-02 7.54514829e-07
7.39990625e+04 1.00000000e-02 7.38380885e-07
7.45336446e+04 1.00000000e-02 7.22592043e-07
7.50720887e+04 1.00000000e-02 7.07140919e-07
7.56144225e+04 1.00000000e-02 6.92020285e-07
7.61606743e+04 1.00000000e-02 6.77223069e-07
7.67108723e+04 1.00000000e-02 6.62742352e-07
7.72650450e+04 1.00000000e-02 6.48571361e-07
7.78232212e+04 1.00000000e-02 6.34703469e-07
7.83854297e+04 1.00000000e-02 6.21132190e-07
7.89516997e+04 1.00000000e-02 6.07851177e-07
7.95220605e+04 1.00000000e-02 5.94854221e-07
8.00965418e+04 1.00000000e-02 5.82135243e-07
8.06751732e+04 1.00000000e-02 5.69688295e-07
8.12579847e+04 1.00000000e-02 5.57507558e-07
8.18450065e+04 1.00000000e-02 5.45587335e-07
8.24362691e+04 1.00000000e-02 5.33922052e-07
8.30318031e+04 1.00000000e-02 5.22506256e-07
8.36316393e+04 1.00000000e-02 5.11334609e-07
8.42358089e+04 1.00000000e-02 5.00401886e-07
8.48443430e+04 1.00000000e-02 4.89702976e-07
8.54572734e+04 1.00000000e-02 4.79232878e-07
8.60746316e+04 1.00000000e-02 4.68986696e-07
8.66964497e+04 1.00000000e-02 4.58959638e-07
8.73227600e+04 1.00000000e-02 4.49147019e-07
8.79535949e+04 1.00000000e-02 4.39544249e-07
8.85889870e+04 1.00000000e-02 4.30146840e-07
8.92289692e+04 1.00000000e-02 4.20950399e-07
8.98735749e+04 1.00000000e-02 4.11950625e-07
9.05228372e+04 1.00000000e-02 4.03143313e-07
9.11767900e+04 1.00000000e-02 3.94524344e-07
9.18354670e+04 1.00000000e-02 3.86089690e-07
9.24989025e+04 1.00000000e-02 3.77835408e-07
9.31671307e+04 1.00000000e-02 3.69757639e-07
9.38401863e+04 1.00000000e-02 3.61852607e-07
9.45181041e+04 1.00000000e-02 3.54116618e-07
9.52009194e+04 1.00000000e-02 3.46546056e-07
9.58886674e+04 1.00000000e-02 3.39137381e-07
9.65813839e+04 1.00000000e-02 3.31887131e-07
9.72791046e+04 1.00000000e-02 3.24791918e-07
9.79818658e+04 1.00000000e-02 3.17848424e-07
9.86897039e+04 1.00000000e-02 3.11053405e-07
9.94026555e+04 1.00000000e-02 3.04403684e-07
1.00120758e+05 1.00000000e-02 2.97896154e-07
1.00844047e+05 1.00000000e-02 2.91527774e-07
1.01572562e+05 1.00000000e-02 2.85295567e-07
1.02306340e+05 1.00000000e-02 2.79196620e-07
1.03045419e+05 1.00000000e-02 2.73228084e-07
1.03789837e+05 1.00000000e-02 2.67387168e-07
1.04539633e+05 1.00000000e-02 2.61671144e-07
1.05294846e+05 1.00000000e-02 2.56077340e-07
1.06055514e+05 1.00000000e-02 2.50603142e-07
1.06821678e+05 1.00000000e-02 2.45245991e-07
1.07593376e+05 1.00000000e-02 2.40003385e-07
1.08370649e+05 1.00000000e-02 2.34872874e-07
1.09153538e+05 1.00000000e-02 2.29852060e-07
1.09942082e+05 1.00000000e-02 2.24938596e-07
1.10736323e+05 1.00000000e-02 2.20130188e-07
1.11536301e+05 1.00000000e-02 2.15424589e-07
1.12342059e+05 1.00000000e-02 2.10819598e-07
1.13153637e+05 1.00000000e-02 2.06313066e-07
1.13971079e+05 1.00000000e-02 2.01902886e-07
1.14794426e+05 1.00000000e-02 1.97586997e-07
1.15623721e+05 1.00000000e-02 1.93363384e-07
1.16459007e+05 1.00000000e-02 1.89230072e-07
1.17300327e+05 1.00000000e-02 1.85185131e-07
1.18147725e+05 1.00000000e-02 1.81226670e-07
1.19001245e+05 1.00000000e-02 1.77352840e-07
1.19860931e+05 1.00000000e-02 1.73561832e-07
1.20726827e+05 1.00000000e-02 1.69851874e-07
1.21598978e+05 1.00000000e-02 1.66221233e-07
1.22477431e+05 1.00000000e-02 1.62668213e-07
1.23362229e+05 1.00000000e-02 1.59191153e-07
1.24253419e+05 1.00000000e-02 1.55788430e-07
1.25151048e+05 1.00000000e-02 1.52458454e-07
1.26055161e+05 1.00000000e-02 1.49199669e-07
1.26965805e+05 1.00000000e-02 1.46010553e-07
1.27883028e+05 1.00000000e-02 1.42889616e-07
1.28806877e+05 1.00000000e-02 1.39835400e-07
1.29737401e+05 1.00000000e-02 1.36846478e-07
1.30674646e+05 1.00000000e-02 1.33921455e-07
1.31618663e+05 1.00000000e-02 1.31058963e-07
1.32569499e+05 1.00000000e-02 1.28257666e-07
1.33527204e+05 1.00000000e-02 1.25516255e-07
1.34491828e+05 1.00000000e-02 1.22833450e-07
1.35463420e+05 1.00000000e-02 1.20207998e-07
1.36442032e+05 1.00000000e-02 1.17638671e-07
1.37427713e+05 1.00000000e-02 1.15124270e-07
1.38420515e+05 1.00000000e-02 1.12663621e-07
1.39420488e+05 1.00000000e-02 1.10255574e-07
1.40427686e+05 1.00000000e-02 1.07899005e-07
1.41442161e+05 1.00000000e-02 1.05592812e-07
1.42463963e+05 1.00000000e-02 1.03335919e-07
1.43493148e+05 1.00000000e-02 1.01127272e-07
1.44529767e+05 1.00000000e-02 9.89658385e-08
1.45573876e+05 1.00000000e-02 9.68506096e-08
1.46625527e+05 1.00000000e-02 9.47805972e-08
1.47684775e+05 1.00000000e-02 9.27548346e-08
1.48751676e+05 1.00000000e-02 9.07723757e-08
1.49826284e+05 1.00000000e-02 8.88322946e-08
1.50908655e+05 1.00000000e-02 8.69336852e-08
1.51998845e+05 1.00000000e-02 8.50756609e-08
1.53096911e+05 1.00000000e-02 8.32573539e-08
1.54202910e+05 1.00000000e-02 8.14779150e-08
1.55316899e+05 1.00000000e-02 7.97365133e-08
1.56438935e+05 1.00000000e-02 7.80323355e-08
1.57569077e+05 1.00000000e-02 7.63645857e-08
1.58707384e+05 1.00000000e-02 7.47324852e-08
1.59853914e+05 1.00000000e-02 7.31352717e-08
1.61008726e+05 1.00000000e-02 7.15721994e-08
1.62171881e+05 1.00000000e-02 7.00425383e-08
1.63343439e+05 1.00000000e-02 6.85455742e-08
1.64523461e+05 1.00000000e-02 6.70806080e-08
1.65712007e+05 1.00000000e-02 6.56469557e-08
1.66909139e+05 1.00000000e-02 6.42439477e-08
1.68114920e+05 1.00000000e-02 6.28709289e-08
1.69329412e+05 1.00000000e-02 6.15272581e-08
1.70552677e+05 1.00000000e-02 6.02123081e-08
1.71784779e+05 1.00000000e-02 5.89254647e-08
1.73025782e+05 1.00000000e-02 5.76661271e-08
1.74275751e+05 1.00000000e-02 5.64337072e-08
1.75534749e+05 1.00000000e-02 5.52276296e-08
1.76802843e+05 1.00000000e-02 5.40473311e-08
1.78080097e+05 1.00000000e-02 5.28922607e-08
1.79366579e+05 1.00000000e-02 5.17618790e-08
1.80662354e+05 1.00000000e-02 5.06556582e-08
1.81967491e+05 1.00000000e-02 4.95730818e-08
1.83282056e+05 1.00000000e-02 4.85136443e-08
1.84606117e+05 1.00000000e-02 4.74768512e-08
1.85939744e+05 1.00000000e-02 4.64622183e-08
1.87283005e+05 1.00000000e-02 4.54692718e-08
1.88635970e+05 1.00000000e-02 4.44975483e-08
1.89998709e+05 1.00000000e-02 4.35465940e-08
1.91371293e+05 1.00000000e-02 4.26159649e-08
1.92753793e+05 1.00000000e-02 4.17052265e-08
1.94146280e+05 1.00000000e-02 4.08139537e-08
1.95548826e+05 1.00000000e-02 3.99417303e-08
1.96961505e+05 1.00000000e-02 3.90881491e-08
1.98384389e+05 1.00000000e-02 3.82528116e-08
1.99817553e+05 1.00000000e-02 3.74353279e-08
2.01261070e+05 1.00000000e-02 3.66353162e-08
2.02715015e+05 1.00000000e-02 3.58524031e-08
2.04179463e+05 1.00000000e-02 3.50862231e-08
2.05654491e+05 1.00000000e-02 3.43364185e-08
2.07140175e+05 1.00000000e-02 3.36026393e-08
2.08636592e+05 1.00000000e-02 3.28845428e-08
2.10143819e+05 1.00000000e-02 3.21817940e-08
2.11661935e+05 1.00000000e-02 3.14940646e-08
2.13191017e+05 1.00000000e-02 3.08210337e-08
2.14731146e+05 1.00000000e-02 3.01623871e-08
2.16282402e+05 1.00000000e-02 2.95178173e-08
2.17844863e+05 1.00000000e-02 2.88870233e-08
2.19418613e+05 1.00000000e-02 2.82697109e-08
2.21003731e+05 1.00000000e-02 2.76655916e-08
2.22600300e+05 1.00000000e-02 2.70743837e-08
2.24208404e+05 1.00000000e-02 2.64958110e-08
2.25828124e+05 1.00000000e-02 2.59296036e-08
2.27459546e+05 1.00000000e-02 2.53754970e-08
2.29102754e+05 1.00000000e-02 2.48332327e-08
2.30757832e+05 1.00000000e-02 2.43025576e-08
2.32424867e+05 1.00000000e-02 2.37832238e-08
2.34103944e+05 1.00000000e-02 2.32749891e-08
2.35795152e+05 1.00000000e-02 2.27776161e-08
2.37498577e+05 1.00000000e-02 2.22908727e-08
2.39214308e+05 1.00000000e-02 2.18145317e-08
2.40942434e+05 1.00000000e-02 2.13483708e-08
2.42683045e+05 1.00000000e-02 2.08921723e-08
2.44436229e+05 1.00000000e-02 2.04457234e-08
2.46202079e+05 1.00000000e-02 2.00088156e-08
2.47980686e+05 1.00000000e-02 1.95812450e-08
2.49772142e+05 1.00000000e-02 1.91628121e-08
2.51576539e+05 1.00000000e-02 1.87533215e-08
2.53393972e+05 1.00000000e-02 1.83525821e-08
2.55224534e+05 1.00000000e-02 1.79604069e-08
2.57068321e+05 1.00000000e-02 1.75766128e-08
2.58925427e+05 1.00000000e-02 1.72010207e-08
2.60795949e+05 1.00000000e-02 1.68334553e-08
2.62679985e+05 1.00000000e-02 1.64737450e-08
2.64577631e+05 1.00000000e-02 1.61217219e-08
2.66488986e+05 1.00000000e-02 1.57772218e-08
2.68414149e+05 1.00000000e-02 1.54400838e-08
2.70353219e+05 1.00000000e-02 1.51101506e-08
2.72306298e+05 1.00000000e-02 1.47872682e-08
2.74273486e+05 1.00000000e-02 1.44712860e-08
2.76254886e+05 1.00000000e-02 1.41620564e-08
2.78250599e+05 1.00000000e-02 1.38594351e-08
2.80260730e+05 1.00000000e-02 1.35632808e-08
2.82285382e+05 1.00000000e-02 1.32734555e-08
2.84324661e+05 1.00000000e-02 1.29898237e-08
2.86378672e+05 1.00000000e-02 1.27122532e-08
2.88447522e+05 1.00000000e-02 1.24406143e-08
2.90531317e+05 1.00000000e-02 1.21747804e-08
2.92630166e+05 1.00000000e-02 1.19146273e-08
2.94744177e+05 1.00000000e-02 1.16600337e-08
2.96873460e+05 1.00000000e-02 1.14108806e-08
2.99018126e+05 1.00000000e-02 1.11670520e-08
3.01178285e+05 1.00000000e-02 1.09284338e-08
3.03354049e+05 1.00000000e-02 1.06949149e-08
3.05545532e+05 1.00000000e-02 1.04663861e-08
3.07752846e+05 1.00000000e-02 1.02427410e-08
3.09976106e+05 1.00000000e-02 1.00238750e-08
3.12215428e+05 1.00000000e-02 9.80968605e-09
3.14470926e+05 1.00000000e-02 9.60007422e-09
3.16742719e+05 1.00000000e-02 9.39494167e-09
3.19030924e+05 1.00000000e-02 9.19419267e-09
3.21335659e+05 1.00000000e-02 8.99773353e-09
3.23657044e+05 1.00000000e-02 8.80547258e-09
3.25995199e+05 1.00000000e-02 8.61732010e-09
3.28350245e+05 1.00000000e-02 8.43318828e-09
3.30722304e+05 1.00000000e-02 8.25299119e-09
3.33111500e+05 1.00000000e-02 8.07664476e-09
3.35517955e+05 1.00000000e-02 7.90406667e-09
3.37941796e+05 1.00000000e-02 7.73517641e-09
3.40383146e+05 1.00000000e-02 7.56989516e-09
3.42842133e+05 1.00000000e-02 7.40814579e-09
3.45318885e+05 1.00000000e-02 7.24985282e-09
3.47813528e+05 1.00000000e-02 7.09494239e-09
3.50326194e+05 1.00000000e-02 6.94334220e-09
3.52857011e+05 1.00000000e-02 6.79498152e-09
3.55406112e+05 1.00000000e-02 6.64979112e-09
3.57973628e+05 1.00000000e-02 6.50770325e-09
3.60559692e+05 1.00000000e-02 6.36865160e-09
3.63164438e+05 1.00000000e-02 6.23257128e-09
3.65788001e+05 1.00000000e-02 6.09939881e-09
3.68430517e+05 1.00000000e-02 5.96907203e-09
3.71092123e+05 1.00000000e-02 5.84153014e-09
3.73772958e+05 1.00000000e-02 5.71671362e-09
3.76473159e+05 1.00000000e-02 5.59456423e-09
3.79192866e+05 1.00000000e-02 5.47502497e-09
3.81932222e+05 1.00000000e-02 5.35804007e-09
3.84691367e+05 1.00000000e-02 5.24355493e-09
3.87470444e+05 1.00000000e-02 5.13151614e-09
3.90269598e+05 1.00000000e-02 5.02187141e-09
3.93088974e+05 1.00000000e-02 4.91456960e-09
3.95928717e+05 1.00000000e-02 4.80956062e-09
3.98788975e+05 1.00000000e-02 4.70679549e-09
4.01669896e+05 1.00000000e-02 4.60622625e-09
4.04571630e+05 1.00000000e-02 4.50780598e-09
4.07494326e+05 1.00000000e-02 4.41148875e-09
4.10438136e+05 1.00000000e-02 4.31722962e-09
4.13403212e+05 1.00000000e-02 4.22498462e-09
4.16389709e+05 1.00000000e-02 4.13471069e-09
4.19397781e+05 1.00000000e-02 4.04636573e-09
4.22427584e+05 1.00000000e-02 3.95990851e-09
4.25479274e+05 1.00000000e-02 3.87529868e-09
4.28553011e+05 1.00000000e-02 3.79249678e-09
4.31648953e+05 1.00000000e-02 3.71146417e-09
4.34767260e+05 1.00000000e-02 3.63216304e-09
4.37908094e+05 1.00000000e-02 3.55455638e-09
4.41071619e+05 1.00000000e-02 3.47860800e-09
4.44257997e+05 1.00000000e-02 3.40428245e-09
4.47467394e+05 1.00000000e-02 3.33154506e-09
4.50699977e+05 1.00000000e-02 3.26036188e-09
4.53955912e+05 1.00000000e-02 3.19069971e-09
4.57235369e+05 1.00000000e-02 3.12252605e-09
4.60538517e+05 1.00000000e-02 3.05580908e-09
4.63865527e+05 1.00000000e-02 2.99051768e-09
4.67216573e+05 1.00000000e-02 2.92662139e-09
4.70591827e+05 1.00000000e-02 2.86409039e-09
4.73991464e+05 1.00000000e-02 2.80289551e-09
4.77415661e+05 1.00000000e-02 2.74300819e-09
4.80864595e+05 1.00000000e-02 2.68440051e-09
4.84338445e+05 1.00000000e-02 2.62704511e-09
4.87837390e+05 1.00000000e-02 2.57091523e-09
4.91361612e+05 1.00000000e-02 2.51598469e-09
4.94911294e+05 1.00000000e-02 2.46222785e-09
4.98486620e+05 1.00000000e-02 2.40961965e-09
5.02087774e+05 1.00000000e-02 2.35813553e-09
5.05714944e+05 1.00000000e-02 2.30775147e-09
5.09368316e+05 1.00000000e-02 2.25844397e-09
5.13048082e+05 1.00000000e-02 2.21019002e-09
5.16754431e+05 1.00000000e-02 2.16296712e-09
5.20487555e+05 1.00000000e-02 2.11675322e-09
5.24247648e+05 1.00000000e-02 2.07152677e-09
5.28034904e+05 1.00000000e-02 2.02726667e-09
5.31849520e+05 1.00000000e-02 1.98395226e-09
5.35691694e+05 1.00000000e-02 1.94156335e-09
5.39561624e+05 1.00000000e-02 1.90008016e-09
5.43459511e+05 1.00000000e-02 1.85948332e-09
5.47385558e+05 1.00000000e-02 1.81975391e-09
5.51339966e+05 1.00000000e-02 1.78087339e-09
5.55322942e+05 1.00000000e-02 1.74282362e-09
5.59334692e+05 1.00000000e-02 1.70558684e-09
5.63375424e+05 1.00000000e-02 1.66914569e-09
5.67445346e+05 1.00000000e-02 1.63348316e-09
5.71544670e+05 1.00000000e-02 1.59858262e-09
5.75673608e+05 1.00000000e-02 1.56442778e-09
5.79832375e+05 1.00000000e-02 1.53100271e-09
5.84021185e+05 1.00000000e-02 1.49829183e-09
5.88240256e+05 1.00000000e-02 1.46627985e-09
5.92489806e+05 1.00000000e-02 1.43495187e-09
5.96770056e+05 1.00000000e-02 1.40429325e-09
6.01081227e+05 1.00000000e-02 1.37428969e-09
6.05423542e+05 1.00000000e-02 1.34492720e-09
6.09797227e+05 1.00000000e-02 1.31619209e-09
6.14202509e+05 1.00000000e-02 1.28807094e-09
6.18639615e+05 1.00000000e-02 1.26055063e-09
6.23108775e+05 1.00000000e-02 1.23361833e-09
6.27610222e+05 1.00000000e-02 1.20726147e-09
6.32144187e+05 1.00000000e-02 1.18146777e-09
6.36710907e+05 1.00000000e-02 1.15622517e-09
6.41310618e+05 1.00000000e-02 1.13152192e-09
6.45943558e+05 1.00000000e-02 1.10734648e-09
6.50609966e+05 1.00000000e-02 1.08368757e-09
6.55310086e+05 1.00000000e-02 1.06053417e-09
6.60044161e+05 1.00000000e-02 1.03787546e-09
6.64812435e+05 1.00000000e-02 1.01570089e-09
6.69615156e+05 1.00000000e-02 9.94000095e-10
6.74452572e+05 1.00000000e-02 9.72762963e-10
6.79324935e+05 1.00000000e-02 9.51979584e-10
6.84232497e+05 1.00000000e-02 9.31640264e-10
6.89175512e+05 1.00000000e-02 9.11735513e-10
6.94154236e+05 1.00000000e-02 8.92256047e-10
6.99168927e+05 1.00000000e-02 8.73192779e-10
7.04219845e+05 1.00000000e-02 8.54536815e-10
7.09307252e+05 1.00000000e-02 8.36279453e-10
7.14431411e+05 1.00000000e-02 8.18412176e-10
7.19592589e+05 1.00000000e-02 8.00926649e-10
7.24791051e+05 1.00000000e-02 7.83814716e-10
7.30027068e+05 1.00000000e-02 7.67068393e-10
7.35300911e+05 1.00000000e-02 7.50679870e-10
7.40612853e+05 1.00000000e-02 7.34641500e-10
7.45963169e+05 1.00000000e-02 7.18945803e-10
7.51352137e+05 1.00000000e-02 7.03585456e-10
7.56780036e+05 1.00000000e-02 6.88553295e-10
7.62247147e+05 1.00000000e-02 6.73842307e-10
7.67753753e+05 1.00000000e-02 6.59445629e-10
7.73300140e+05 1.00000000e-02 6.45356546e-10
7.78886595e+05 1.00000000e-02 6.31568486e-10
7.84513408e+05 1.00000000e-02 6.18075017e-10
7.90180869e+05 1.00000000e-02 6.04869845e-10
7.95889274e+05 1.00000000e-02 5.91946809e-10
8.01638916e+05 1.00000000e-02 5.79299881e-10
8.07430096e+05 1.00000000e-02 5.66923163e-10
8.13263111e+05 1.00000000e-02 5.54810880e-10
8.19138266e+05 1.00000000e-02 5.42957382e-10
8.25055864e+05 1.00000000e-02 5.31357141e-10
8.31016211e+05 1.00000000e-02 5.20004745e-10
8.37019617e+05 1.00000000e-02 5.08894899e-10
8.43066393e+05 1.00000000e-02 4.98022419e-10
8.49156851e+05 1.00000000e-02 4.87382235e-10
8.55291308e+05 1.00000000e-02 4.76969384e-10
8.61470082e+05 1.00000000e-02 4.66779007e-10
8.67693492e+05 1.00000000e-02 4.56806352e-10
8.73961861e+05 1.00000000e-02 4.47046767e-10
8.80275514e+05 1.00000000e-02 4.37495699e-10
8.86634778e+05 1.00000000e-02 4.28148693e-10
8.93039982e+05 1.00000000e-02 4.19001389e-10
8.99491458e+05 1.00000000e-02 4.10049520e-10
9.05989542e+05 1.00000000e-02 4.01288911e-10
9.12534568e+05 1.00000000e-02 3.92715474e-10
9.19126877e+05 1.00000000e-02 3.84325212e-10
9.25766810e+05 1.00000000e-02 3.76114210e-10
9.32454710e+05 1.00000000e-02 3.68078637e-10
9.39190926e+05 1.00000000e-02 3.60214747e-10
9.45975805e+05 1.00000000e-02 3.52518871e-10
9.52809699e+05 1.00000000e-02 3.44987418e-10
9.59692962e+05 1.00000000e-02 3.37616877e-10
9.66625952e+05 1.00000000e-02 3.30403808e-10
9.73609026e+05 1.00000000e-02 3.23344848e-10
9.80642547e+05 1.00000000e-02 3.16436703e-10
9.87726880e+05 1.00000000e-02 3.09676152e-10
9.94862391e+05 1.00000000e-02 3.03060041e-10
1.00204945e+06 1.00000000e-02 2.96585284e-10
1.00928843e+06 1.00000000e-02 2.90248860e-10
1.01657971e+06 1.00000000e-02 2.84047815e-10
1.02392366e+06 1.00000000e-02 2.77979255e-10
1.03132066e+06 1.00000000e-02 2.72040351e-10
1.03877110e+06 1.00000000e-02 2.66228331e-10
1.04627536e+06 1.00000000e-02 2.60540485e-10
1.05383384e+06 1.00000000e-02 2.54974160e-10
1.06144692e+06 1.00000000e-02 2.49526760e-10
1.06911499e+06 1.00000000e-02 2.44195743e-10
1.07683847e+06 1.00000000e-02 2.38978623e-10
1.08461774e+06 1.00000000e-02 2.33872967e-10
1.09245320e+06 1.00000000e-02 2.28876393e-10
1.10034528e+06 1.00000000e-02 2.23986570e-10
1.10829436e+06 1.00000000e-02 2.19201218e-10
1.11630087e+06 1.00000000e-02 2.14518104e-10
1.12436523e+06 1.00000000e-02 2.09935045e-10
1.13248784e+06 1.00000000e-02 2.05449902e-10
1.14066913e+06 1.00000000e-02 2.01060583e-10
1.14890952e+06 1.00000000e-02 1.96765042e-10
1.15720944e+06 1.00000000e-02 1.92561274e-10
1.16556932e+06 1.00000000e-02 1.88447319e-10
1.17398960e+06 1.00000000e-02 1.84421258e-10
1.18247071e+06 1.00000000e-02 1.80481213e-10
1.19101308e+06 1.00000000e-02 1.76625346e-10
1.19961717e+06 1.00000000e-02 1.72851859e-10
1.20828341e+06 1.00000000e-02 1.69158991e-10
1.21701226e+06 1.00000000e-02 1.65545021e-10
1.22580417e+06 1.00000000e-02 1.62008262e-10
1.23465959e+06 1.00000000e-02 1.58547065e-10
1.24357899e+06 1.00000000e-02 1.55159816e-10
1.25256282e+06 1.00000000e-02 1.51844934e-10
1.26161155e+06 1.00000000e-02 1.48600874e-10
1.27072565e+06 1.00000000e-02 1.45426122e-10
1.27990560e+06 1.00000000e-02 1.42319197e-10
1.28915186e+06 1.00000000e-02 1.39278651e-10
1.29846492e+06 1.00000000e-02 1.36303065e-10
1.30784525e+06 1.00000000e-02 1.33391052e-10
1.31729336e+06 1.00000000e-02 1.30541252e-10
1.32680971e+06 1.00000000e-02 1.27752338e-10
1.33639482e+06 1.00000000e-02 1.25023007e-10
1.34604917e+06 1.00000000e-02 1.22351988e-10
1.35577326e+06 1.00000000e-02 1.19738033e-10
1.36556760e+06 1.00000000e-02 1.17179925e-10
1.37543270e+06 1.00000000e-02 1.14676470e-10
1.38536907e+06 1.00000000e-02 1.12226500e-10
1.39537721e+06 1.00000000e-02 1.09828872e-10
1.40545766e+06 1.00000000e-02 1.07482469e-10
1.41561093e+06 1.00000000e-02 1.05186195e-10
1.42583755e+06 1.00000000e-02 1.02938980e-10
1.43613805e+06 1.00000000e-02 1.00739776e-10
1.44651296e+06 1.00000000e-02 9.85875563e-11
1.45696283e+06 1.00000000e-02 9.64813180e-11
1.46748818e+06 1.00000000e-02 9.44200783e-11
1.47808957e+06 1.00000000e-02 9.24028760e-11
1.48876755e+06 1.00000000e-02 9.04287700e-11
1.49952266e+06 1.00000000e-02 8.84968398e-11
1.51035548e+06 1.00000000e-02 8.66061841e-11
1.52126655e+06 1.00000000e-02 8.47559212e-11
1.53225644e+06 1.00000000e-02 8.29451881e-11
1.54332573e+06 1.00000000e-02 8.11731403e-11
1.55447498e+06 1.00000000e-02 7.94389512e-11
1.56570478e+06 1.00000000e-02 7.77418119e-11
1.57701571e+06 1.00000000e-02 7.60809310e-11
1.58840834e+06 1.00000000e-02 7.44555338e-11
1.59988328e+06 1.00000000e-02 7.28648622e-11
1.61144112e+06 1.00000000e-02 7.13081742e-11
1.62308245e+06 1.00000000e-02 6.97847438e-11
1.63480788e+06 1.00000000e-02 6.82938606e-11
1.64661802e+06 1.00000000e-02 6.68348290e-11
1.65851347e+06 1.00000000e-02 6.54069686e-11
1.67049486e+06 1.00000000e-02 6.40096136e-11
1.68256281e+06 1.00000000e-02 6.26421120e-11
1.69471794e+06 1.00000000e-02 6.13038261e-11
1.70696087e+06 1.00000000e-02 5.99941317e-11
1.71929226e+06 1.00000000e-02 5.87124181e-11
1.73171272e+06 1.00000000e-02 5.74580873e-11
1.74422292e+06 1.00000000e-02 5.62305543e-11
1.75682349e+06 1.00000000e-02 5.50292467e-11
1.76951509e+06 1.00000000e-02 5.38536041e-11
1.78229837e+06 1.00000000e-02 5.27030782e-11
1.79517401e+06 1.00000000e-02 5.15771323e-11
1.80814266e+06 1.00000000e-02 5.04752415e-11
1.82120500e+06 1.00000000e-02 4.93968917e-11
1.83436170e+06 1.00000000e-02 4.83415799e-11
1.84761345e+06 1.00000000e-02 4.73088141e-11
1.86096093e+06 1.00000000e-02 4.62981124e-11
1.87440484e+06 1.00000000e-02 4.53090036e-11
1.88794586e+06 1.00000000e-02 4.43410263e-11
1.90158471e+06 1.00000000e-02 4.33937290e-11
1.91532209e+06 1.00000000e-02 4.24666698e-11
1.92915871e+06 1.00000000e-02 4.15594166e-11
1.94309529e+06 1.00000000e-02 4.06715460e-11
1.95713255e+06 1.00000000e-02 3.98026440e-11
1.97127122e+06 1.00000000e-02 3.89523053e-11
1.98551202e+06 1.00000000e-02 3.81201334e-11
1.99985571e+06 1.00000000e-02 3.73057401e-11
2.01430302e+06 1.00000000e-02 3.65087456e-11
2.02885469e+06 1.00000000e-02 3.57287781e-11
2.04351149e+06 1.00000000e-02 3.49654740e-11
2.05827418e+06 1.00000000e-02 3.42184771e-11
2.07314351e+06 1.00000000e-02 3.34874391e-11
2.08812026e+06 1.00000000e-02 3.27720191e-11
2.10320520e+06 1.00000000e-02 3.20718834e-11
2.11839912e+06 1.00000000e-02 3.13867054e-11
2.13370281e+06 1.00000000e-02 3.07161656e-11
2.14911705e+06 1.00000000e-02 3.00599512e-11
2.16464265e+06 1.00000000e-02 2.94177562e-11
2.18028040e+06 1.00000000e-02 2.87892811e-11
2.19603113e+06 1.00000000e-02 2.81742328e-11
2.21189564e+06 1.00000000e-02 2.75723243e-11
2.22787476e+06 1.00000000e-02 2.69832751e-11
2.24396931e+06 1.00000000e-02 2.64068103e-11
2.26018014e+06 1.00000000e-02 2.58426610e-11
2.27650807e+06 1.00000000e-02 2.52905643e-11
2.29295397e+06 1.00000000e-02 2.47502625e-11
2.30951867e+06 1.00000000e-02 2.42215038e-11
2.32620303e+06 1.00000000e-02 2.37040414e-11
2.34300793e+06 1.00000000e-02 2.31976341e-11
2.35993422e+06 1.00000000e-02 2.27020457e-11
2.37698280e+06 1.00000000e-02 2.22170449e-11
2.39415454e+06 1.00000000e-02 2.17424058e-11
2.41145033e+06 1.00000000e-02 2.12779067e-11
2.42887107e+06 1.00000000e-02 2.08233312e-11
2.44641765e+06 1.00000000e-02 2.03784673e-11
2.46409100e+06 1.00000000e-02 1.99431073e-11
2.48189203e+06 1.00000000e-02 1.95170484e-11
2.49982165e+06 1.00000000e-02 1.91000917e-11
2.51788079e+06 1.00000000e-02 1.86920429e-11
2.53607040e+06 1.00000000e-02 1.82927116e-11
2.55439142e+06 1.00000000e-02 1.79019116e-11
2.57284479e+06 1.00000000e-02 1.75194605e-11
2.59143147e+06 1.00000000e-02 1.71451802e-11
2.61015242e+06 1.00000000e-02 1.67788958e-11
2.62900862e+06 1.00000000e-02 1.64204368e-11
2.64800103e+06 1.00000000e-02 1.60696358e-11
2.66713065e+06 1.00000000e-02 1.57263293e-11
2.68639847e+06 1.00000000e-02 1.53903571e-11
2.70580548e+06 1.00000000e-02 1.50615626e-11
2.72535269e+06 1.00000000e-02 1.47397925e-11
2.74504111e+06 1.00000000e-02 1.44248965e-11
2.76487177e+06 1.00000000e-02 1.41167280e-11
2.78484569e+06 1.00000000e-02 1.38151431e-11
2.80496390e+06 1.00000000e-02 1.35200012e-11
2.82522744e+06 1.00000000e-02 1.32311647e-11
2.84563738e+06 1.00000000e-02 1.29484988e-11
2.86619476e+06 1.00000000e-02 1.26718718e-11
2.88690065e+06 1.00000000e-02 1.24011545e-11
2.90775612e+06 1.00000000e-02 1.21362208e-11
2.92876226e+06 1.00000000e-02 1.18769471e-11
2.94992015e+06 1.00000000e-02 1.16232125e-11
2.97123089e+06 1.00000000e-02 1.13748986e-11
2.99269558e+06 1.00000000e-02 1.11318896e-11
3.01431533e+06 1.00000000e-02 1.08940722e-11
3.03609127e+06 1.00000000e-02 1.06613355e-11
3.05802453e+06 1.00000000e-02 1.04335710e-11
3.08011623e+06 1.00000000e-02 1.02106723e-11
3.10236752e+06 1.00000000e-02 9.99253558e-12
3.12477957e+06 1.00000000e-02 9.77905909e-12
3.14735352e+06 1.00000000e-02 9.57014326e-12
3.17009055e+06 1.00000000e-02 9.36569065e-12
3.19299184e+06 1.00000000e-02 9.16560592e-12
3.21605857e+06 1.00000000e-02 8.96979574e-12
3.23929194e+06 1.00000000e-02 8.77816880e-12
3.26269315e+06 1.00000000e-02 8.59063573e-12
3.28626341e+06 1.00000000e-02 8.40710906e-12
3.31000395e+06 1.00000000e-02 8.22750320e-12
3.33391599e+06 1.00000000e-02 8.05173440e-12
3.35800079e+06 1.00000000e-02 7.87972066e-12
3.38225957e+06 1.00000000e-02 7.71138178e-12
3.40669360e+06 1.00000000e-02 7.54663924e-12
3.43130415e+06 1.00000000e-02 7.38541621e-12
3.45609249e+06 1.00000000e-02 7.22763750e-12
3.48105990e+06 1.00000000e-02 7.07322953e-12
3.50620769e+06 1.00000000e-02 6.92212028e-12
3.53153714e+06 1.00000000e-02 6.77423928e-12
3.55704958e+06 1.00000000e-02 6.62951756e-12
3.58274633e+06 1.00000000e-02 6.48788763e-12
3.60862871e+06 1.00000000e-02 6.34928343e-12
3.63469808e+06 1.00000000e-02 6.21364033e-12
3.66095577e+06 1.00000000e-02 6.08089506e-12
3.68740315e+06 1.00000000e-02 5.95098572e-12
3.71404160e+06 1.00000000e-02 5.82385171e-12
3.74087248e+06 1.00000000e-02 5.69943376e-12
3.76789719e+06 1.00000000e-02 5.57767382e-12
3.79511714e+06 1.00000000e-02 5.45851512e-12
3.82253373e+06 1.00000000e-02 5.34190208e-12
3.85014838e+06 1.00000000e-02 5.22778032e-12
3.87796252e+06 1.00000000e-02 5.11609662e-12
3.90597760e+06 1.00000000e-02 5.00679889e-12
3.93419506e+06 1.00000000e-02 4.89983615e-12
3.96261637e+06 1.00000000e-02 4.79515852e-12
3.99124300e+06 1.00000000e-02 4.69271719e-12
4.02007644e+06 1.00000000e-02 4.59246437e-12
4.04911817e+06 1.00000000e-02 4.49435332e-12
4.07836971e+06 1.00000000e-02 4.39833827e-12
4.10783256e+06 1.00000000e-02 4.30437445e-12
4.13750826e+06 1.00000000e-02 4.21241803e-12
4.16739834e+06 1.00000000e-02 4.12242614e-12
4.19750435e+06 1.00000000e-02 4.03435679e-12
4.22782786e+06 1.00000000e-02 3.94816893e-12
4.25837042e+06 1.00000000e-02 3.86382234e-12
4.28913363e+06 1.00000000e-02 3.78127770e-12
4.32011908e+06 1.00000000e-02 3.70049651e-12
4.35132838e+06 1.00000000e-02 3.62144109e-12
4.38276313e+06 1.00000000e-02 3.54407458e-12
4.41442498e+06 1.00000000e-02 3.46836090e-12
4.44631555e+06 1.00000000e-02 3.39426473e-12
4.47843651e+06 1.00000000e-02 3.32175152e-12
4.51078952e+06 1.00000000e-02 3.25078744e-12
4.54337625e+06 1.00000000e-02 3.18133942e-12
4.57619839e+06 1.00000000e-02 3.11337505e-12
4.60925764e+06 1.00000000e-02 3.04686264e-12
4.64255572e+06 1.00000000e-02 2.98177117e-12
4.67609436e+06 1.00000000e-02 2.91807029e-12
4.70987528e+06 1.00000000e-02 2.85573028e-12
4.74390024e+06 1.00000000e-02 2.79472207e-12
4.77817100e+06 1.00000000e-02 2.73501722e-12
4.81268934e+06 1.00000000e-02 2.67658787e-12
4.84745705e+06 1.00000000e-02 2.61940679e-12
4.88247592e+06 1.00000000e-02 2.56344729e-12
4.91774778e+06 1.00000000e-02 2.50868328e-12
4.95327445e+06 1.00000000e-02 2.45508922e-12
4.98905776e+06 1.00000000e-02 2.40264012e-12
5.02509959e+06 1.00000000e-02 2.35131152e-12
5.06140178e+06 1.00000000e-02 2.30107948e-12
5.09796623e+06 1.00000000e-02 2.25192057e-12
5.13479483e+06 1.00000000e-02 2.20381187e-12
5.17188948e+06 1.00000000e-02 2.15673094e-12
5.20925211e+06 1.00000000e-02 2.11065582e-12
5.24688466e+06 1.00000000e-02 2.06556503e-12
5.28478907e+06 1.00000000e-02 2.02143754e-12
5.32296731e+06 1.00000000e-02 1.97825276e-12
5.36142135e+06 1.00000000e-02 1.93599056e-12
5.40015319e+06 1.00000000e-02 1.89463123e-12
5.43916484e+06 1.00000000e-02 1.85415547e-12
5.47845832e+06 1.00000000e-02 1.81454442e-12
5.51803565e+06 1.00000000e-02 1.77577960e-12
5.55789891e+06 1.00000000e-02 1.73784294e-12
5.59805014e+06 1.00000000e-02 1.70071673e-12
5.63849143e+06 1.00000000e-02 1.66438366e-12
5.67922487e+06 1.00000000e-02 1.62882680e-12
5.72025258e+06 1.00000000e-02 1.59402955e-12
5.76157668e+06 1.00000000e-02 1.55997570e-12
5.80319932e+06 1.00000000e-02 1.52664935e-12
5.84512264e+06 1.00000000e-02 1.49403497e-12
5.88734883e+06 1.00000000e-02 1.46211734e-12
5.92988006e+06 1.00000000e-02 1.43088158e-12
5.97271855e+06 1.00000000e-02 1.40031313e-12
6.01586651e+06 1.00000000e-02 1.37039773e-12
6.05932618e+06 1.00000000e-02 1.34112142e-12
6.10309981e+06 1.00000000e-02 1.31247056e-12
6.14718966e+06 1.00000000e-02 1.28443177e-12
6.19159803e+06 1.00000000e-02 1.25699199e-12
6.23632722e+06 1.00000000e-02 1.23013842e-12
6.28137953e+06 1.00000000e-02 1.20385854e-12
6.32675731e+06 1.00000000e-02 1.17814008e-12
6.37246291e+06 1.00000000e-02 1.15297106e-12
6.41849869e+06 1.00000000e-02 1.12833973e-12
6.46486705e+06 1.00000000e-02 1.10423461e-12
6.51157037e+06 1.00000000e-02 1.08064446e-12
6.55861109e+06 1.00000000e-02 1.05755828e-12
6.60599164e+06 1.00000000e-02 1.03496530e-12
6.65371448e+06 1.00000000e-02 1.01285498e-12
6.70178207e+06 1.00000000e-02 9.91217011e-13
6.75019691e+06 1.00000000e-02 9.70041304e-13
6.79896151e+06 1.00000000e-02 9.49317983e-13
6.84807840e+06 1.00000000e-02 9.29037383e-13
6.89755011e+06 1.00000000e-02 9.09190045e-13
6.94737921e+06 1.00000000e-02 8.89766714e-13
6.99756829e+06 1.00000000e-02 8.70758332e-13
7.04811995e+06 1.00000000e-02 8.52156033e-13
7.09903679e+06 1.00000000e-02 8.33951143e-13
7.15032147e+06 1.00000000e-02 8.16135171e-13
7.20197664e+06 1.00000000e-02 7.98699808e-13
7.25400498e+06 1.00000000e-02 7.81636925e-13
7.30640917e+06 1.00000000e-02 7.64938562e-13
7.35919195e+06 1.00000000e-02 7.48596933e-13
7.41235603e+06 1.00000000e-02 7.32604416e-13
7.46590418e+06 1.00000000e-02 7.16953554e-13
7.51983918e+06 1.00000000e-02 7.01637047e-13
7.57416381e+06 1.00000000e-02 6.86647753e-13
7.62888089e+06 1.00000000e-02 6.71978680e-13
7.68399325e+06 1.00000000e-02 6.57622989e-13
7.73950376e+06 1.00000000e-02 6.43573984e-13
7.79541528e+06 1.00000000e-02 6.29825112e-13
7.85173072e+06 1.00000000e-02 6.16369963e-13
7.90845300e+06 1.00000000e-02 6.03202262e-13
7.96558504e+06 1.00000000e-02 5.90315867e-13
8.02312981e+06 1.00000000e-02 5.77704768e-13
8.08109030e+06 1.00000000e-02 5.65363086e-13
8.13946951e+06 1.00000000e-02 5.53285063e-13
8.19827045e+06 1.00000000e-02 5.41465067e-13
8.25749619e+06 1.00000000e-02 5.29897586e-13
8.31714978e+06 1.00000000e-02 5.18577225e-13
8.37723432e+06 1.00000000e-02 5.07498706e-13
8.43775292e+06 1.00000000e-02 4.96656860e-13
8.49870872e+06 1.00000000e-02 4.86046633e-13
8.56010487e+06 1.00000000e-02 4.75663076e-13
8.62194456e+06 1.00000000e-02 4.65501346e-13
8.68423100e+06 1.00000000e-02 4.55556705e-13
8.74696739e+06 1.00000000e-02 4.45824515e-13
8.81015701e+06 1.00000000e-02 4.36300237e-13
8.87380312e+06 1.00000000e-02 4.26979430e-13
8.93790902e+06 1.00000000e-02 4.17857746e-13
9.00247804e+06 1.00000000e-02 4.08930931e-13
9.06751351e+06 1.00000000e-02 4.00194824e-13
9.13301881e+06 1.00000000e-02 3.91645348e-13
9.19899733e+06 1.00000000e-02 3.83278518e-13
9.26545249e+06 1.00000000e-02 3.75090432e-13
9.33238773e+06 1.00000000e-02 3.67077270e-13
9.39980653e+06 1.00000000e-02 3.59235296e-13
9.46771237e+06 1.00000000e-02 3.51560852e-13
9.53610877e+06 1.00000000e-02 3.44050361e-13
9.60499928e+06 1.00000000e-02 3.36700318e-13
9.67438747e+06 1.00000000e-02 3.29507297e-13
9.74427694e+06 1.00000000e-02 3.22467943e-13
9.81467129e+06 1.00000000e-02 3.15578972e-13
9.88557419e+06 1.00000000e-02 3.08837173e-13
9.95698930e+06 1.00000000e-02 3.02239402e-13
1.00289203e+07 1.00000000e-02 2.95782580e-13
1.01013710e+07 1.00000000e-02 2.89463698e-13
1.01743451e+07 1.00000000e-02 2.83279807e-13
1.02478463e+07 1.00000000e-02 2.77228026e-13
1.03218785e+07 1.00000000e-02 2.71305530e-13
1.03964456e+07 1.00000000e-02 2.65509559e-13
1.04715513e+07 1.00000000e-02 2.59837408e-13
1.05471996e+07 1.00000000e-02 2.54286434e-13
1.06233944e+07 1.00000000e-02 2.48854046e-13
1.07001397e+07 1.00000000e-02 2.43537713e-13
1.07774394e+07 1.00000000e-02 2.38334954e-13
1.08552975e+07 1.00000000e-02 2.33243343e-13
1.09337180e+07 1.00000000e-02 2.28260506e-13
1.10127051e+07 1.00000000e-02 2.23384118e-13
1.10922628e+07 1.00000000e-02 2.18611906e-13
1.11723953e+07 1.00000000e-02 2.13941645e-13
1.12531066e+07 1.00000000e-02 2.09371155e-13
1.13344010e+07 1.00000000e-02 2.04898307e-13
1.14162827e+07 1.00000000e-02 2.00521013e-13
1.14987559e+07 1.00000000e-02 1.96237232e-13
1.15818249e+07 1.00000000e-02 1.92044967e-13
1.16654940e+07 1.00000000e-02 1.87942263e-13
1.17497676e+07 1.00000000e-02 1.83927206e-13
1.18346500e+07 1.00000000e-02 1.79997924e-13
1.19201455e+07 1.00000000e-02 1.76152584e-13
1.20062588e+07 1.00000000e-02 1.72389394e-13
1.20929941e+07 1.00000000e-02 1.68706597e-13
1.21803560e+07 1.00000000e-02 1.65102477e-13
1.22683490e+07 1.00000000e-02 1.61575353e-13
1.23569777e+07 1.00000000e-02 1.58123580e-13
1.24462466e+07 1.00000000e-02 1.54745548e-13
1.25361605e+07 1.00000000e-02 1.51439682e-13
1.26267239e+07 1.00000000e-02 1.48204440e-13
1.27179415e+07 1.00000000e-02 1.45038313e-13
1.28098182e+07 1.00000000e-02 1.41939825e-13
1.29023585e+07 1.00000000e-02 1.38907531e-13
1.29955674e+07 1.00000000e-02 1.35940017e-13
1.30894497e+07 1.00000000e-02 1.33035899e-13
1.31840101e+07 1.00000000e-02 1.30193822e-13
1.32792537e+07 1.00000000e-02 1.27412461e-13
1.33751854e+07 1.00000000e-02 1.24690519e-13
1.34718100e+07 1.00000000e-02 1.22026727e-13
1.35691327e+07 1.00000000e-02 1.19419842e-13
1.36671585e+07 1.00000000e-02 1.16868648e-13
1.37658925e+07 1.00000000e-02 1.14371957e-13
1.38653397e+07 1.00000000e-02 1.11928602e-13
1.39655053e+07 1.00000000e-02 1.09537446e-13
1.40663945e+07 1.00000000e-02 1.07197373e-13
1.41680126e+07 1.00000000e-02 1.04907291e-13
1.42703648e+07 1.00000000e-02 1.02666133e-13
1.43734564e+07 1.00000000e-02 1.00472854e-13
1.44772928e+07 1.00000000e-02 9.83264297e-14
1.45818793e+07 1.00000000e-02 9.62258604e-14
1.46872213e+07 1.00000000e-02 9.41701660e-14
1.47933243e+07 1.00000000e-02 9.21583879e-14
1.49001939e+07 1.00000000e-02 9.01895880e-14
1.50078355e+07 1.00000000e-02 8.82628480e-14
1.51162547e+07 1.00000000e-02 8.63772695e-14
1.52254572e+07 1.00000000e-02 8.45319730e-14
1.53354485e+07 1.00000000e-02 8.27260981e-14
1.54462345e+07 1.00000000e-02 8.09588025e-14
1.55578208e+07 1.00000000e-02 7.92292621e-14
1.56702132e+07 1.00000000e-02 7.75366703e-14
1.57834175e+07 1.00000000e-02 7.58802378e-14
1.58974397e+07 1.00000000e-02 7.42591920e-14
1.60122856e+07 1.00000000e-02 7.26727771e-14
1.61279611e+07 1.00000000e-02 7.11202531e-14
1.62444723e+07 1.00000000e-02 6.96008960e-14
1.63618252e+07 1.00000000e-02 6.81139974e-14
1.64800259e+07 1.00000000e-02 6.66588637e-14
1.65990805e+07 1.00000000e-02 6.52348164e-14
1.67189951e+07 1.00000000e-02 6.38411914e-14
1.68397761e+07 1.00000000e-02 6.24773387e-14
1.69614295e+07 1.00000000e-02 6.11426223e-14
1.70839619e+07 1.00000000e-02 5.98364197e-14
1.72073794e+07 1.00000000e-02 5.85581219e-14
1.73316885e+07 1.00000000e-02 5.73071327e-14
1.74568956e+07 1.00000000e-02 5.60828686e-14
1.75830073e+07 1.00000000e-02 5.48847588e-14
1.77100300e+07 1.00000000e-02 5.37122445e-14
1.78379704e+07 1.00000000e-02 5.25647789e-14
1.79668350e+07 1.00000000e-02 5.14418268e-14
1.80966305e+07 1.00000000e-02 5.03428646e-14
1.82273637e+07 1.00000000e-02 4.92673798e-14
1.83590414e+07 1.00000000e-02 4.82148709e-14
1.84916703e+07 1.00000000e-02 4.71848469e-14
1.86252573e+07 1.00000000e-02 4.61768276e-14
1.87598094e+07 1.00000000e-02 4.51903428e-14
1.88953336e+07 1.00000000e-02 4.42249325e-14
1.90318368e+07 1.00000000e-02 4.32801465e-14
1.91693261e+07 1.00000000e-02 4.23555441e-14
1.93078086e+07 1.00000000e-02 4.14506943e-14
1.94472916e+07 1.00000000e-02 4.05651749e-14
1.95877822e+07 1.00000000e-02 3.96985731e-14
1.97292878e+07 1.00000000e-02 3.88504847e-14
1.98718156e+07 1.00000000e-02 3.80205142e-14
2.00153731e+07 1.00000000e-02 3.72082746e-14
2.01599676e+07 1.00000000e-02 3.64133870e-14
2.03056067e+07 1.00000000e-02 3.56354807e-14
2.04522980e+07 1.00000000e-02 3.48741931e-14
2.06000489e+07 1.00000000e-02 3.41291690e-14
2.07488673e+07 1.00000000e-02 3.34000610e-14
2.08987607e+07 1.00000000e-02 3.26865291e-14
2.10497370e+07 1.00000000e-02 3.19882405e-14
2.12018040e+07 1.00000000e-02 3.13048696e-14
2.13549695e+07 1.00000000e-02 3.06360977e-14
2.15092415e+07 1.00000000e-02 2.99816130e-14
2.16646280e+07 1.00000000e-02 2.93411101e-14
2.18211371e+07 1.00000000e-02 2.87142904e-14
2.19787768e+07 1.00000000e-02 2.81008616e-14
2.21375553e+07 1.00000000e-02 2.75005377e-14
2.22974809e+07 1.00000000e-02 2.69130385e-14
2.24585617e+07 1.00000000e-02 2.63380903e-14
2.26208063e+07 1.00000000e-02 2.57754247e-14
2.27842230e+07 1.00000000e-02 2.52247795e-14
2.29488202e+07 1.00000000e-02 2.46858979e-14
2.31146064e+07 1.00000000e-02 2.41585285e-14
2.32815904e+07 1.00000000e-02 2.36424254e-14
2.34497807e+07 1.00000000e-02 2.31373479e-14
2.36191860e+07 1.00000000e-02 2.26430605e-14
2.37898151e+07 1.00000000e-02 2.21593327e-14
2.39616768e+07 1.00000000e-02 2.16859388e-14
2.41347802e+07 1.00000000e-02 2.12226581e-14
2.43091340e+07 1.00000000e-02 2.07692746e-14
2.44847475e+07 1.00000000e-02 2.03255769e-14
2.46616295e+07 1.00000000e-02 1.98913579e-14
2.48397895e+07 1.00000000e-02 1.94664152e-14
2.50192364e+07 1.00000000e-02 1.90505507e-14
2.51999798e+07 1.00000000e-02 1.86435704e-14
2.53820288e+07 1.00000000e-02 1.82452844e-14
2.55653930e+07 1.00000000e-02 1.78555071e-14
2.57500819e+07 1.00000000e-02 1.74740568e-14
2.59361049e+07 1.00000000e-02 1.71007554e-14
2.61234719e+07 1.00000000e-02 1.67354289e-14
2.63121924e+07 1.00000000e-02 1.63779070e-14
2.65022763e+07 1.00000000e-02 1.60280229e-14
2.66937333e+07 1.00000000e-02 1.56856134e-14
2.68865735e+07 1.00000000e-02 1.53505189e-14
2.70808068e+07 1.00000000e-02 1.50225830e-14
2.72764433e+07 1.00000000e-02 1.47016530e-14
2.74734931e+07 1.00000000e-02 1.43875790e-14
2.76719664e+07 1.00000000e-02 1.40802146e-14
2.78718735e+07 1.00000000e-02 1.37794166e-14
2.80732247e+07 1.00000000e-02 1.34850445e-14
2.82760306e+07 1.00000000e-02 1.31969611e-14
2.84803016e+07 1.00000000e-02 1.29150322e-14
2.86860483e+07 1.00000000e-02 1.26391261e-14
2.88932813e+07 1.00000000e-02 1.23691143e-14
2.91020114e+07 1.00000000e-02 1.21048708e-14
2.93122494e+07 1.00000000e-02 1.18462724e-14
2.95240062e+07 1.00000000e-02 1.15931984e-14
2.97372927e+07 1.00000000e-02 1.13455309e-14
2.99521201e+07 1.00000000e-02 1.11031544e-14
3.01684995e+07 1.00000000e-02 1.08659559e-14
3.03864420e+07 1.00000000e-02 1.06338246e-14
3.06059589e+07 1.00000000e-02 1.04066524e-14
3.08270617e+07 1.00000000e-02 1.01843333e-14
3.10497618e+07 1.00000000e-02 9.96676371e-15
3.12740707e+07 1.00000000e-02 9.75384206e-15
3.15000000e+07 1.00000000e-02 9.54546910e-15
